context,PC,gene_symbol,signed_attribution,absolute_attribution,rank
T-cell PolyA→Ribo,PC1,ACSL6,-0.0001495200623639105,0.0001495200623639105,392
T-cell PolyA→Ribo,PC1,AGO3,-0.0001695535110440937,0.0001695535110440937,202
T-cell PolyA→Ribo,PC1,AGPS,-0.0001549452990746605,0.0001549452990746605,324
T-cell PolyA→Ribo,PC1,AHR,-0.00017346802883875623,0.00017346802883875623,169
T-cell PolyA→Ribo,PC1,AKR1E2,-0.00018069134967204812,0.00018069134967204812,132
T-cell PolyA→Ribo,PC1,AKT3,-0.0001802586498970332,0.0001802586498970332,136
T-cell PolyA→Ribo,PC1,ALDH6A1,-0.0001709941792522407,0.0001709941792522407,190
T-cell PolyA→Ribo,PC1,ALG11,-0.0001483851603576483,0.0001483851603576483,414
T-cell PolyA→Ribo,PC1,ANKAR,-0.00015880211048545478,0.00015880211048545478,292
T-cell PolyA→Ribo,PC1,AP3B1,-0.0001537316108431928,0.0001537316108431928,336
T-cell PolyA→Ribo,PC1,APC,-0.00015408013412616925,0.00015408013412616925,333
T-cell PolyA→Ribo,PC1,APLF,-0.000220459531692343,0.000220459531692343,39
T-cell PolyA→Ribo,PC1,APPL1,-0.00014954894426604825,0.00014954894426604825,390
T-cell PolyA→Ribo,PC1,ARFGEF1,-0.00015418310679331346,0.00015418310679331346,332
T-cell PolyA→Ribo,PC1,ARHGAP15,-0.0001632825542883785,0.0001632825542883785,252
T-cell PolyA→Ribo,PC1,ARHGAP5,-0.0002069978807542619,0.0002069978807542619,56
T-cell PolyA→Ribo,PC1,ARL5A,-0.0001971007158073889,0.0001971007158073889,77
T-cell PolyA→Ribo,PC1,ARMH2,-0.00016401754670939948,0.00016401754670939948,246
T-cell PolyA→Ribo,PC1,ARMT1,-0.0001451904443972993,0.0001451904443972993,482
T-cell PolyA→Ribo,PC1,ARRDC3,-0.000166080258095067,0.000166080258095067,228
T-cell PolyA→Ribo,PC1,ARRDC5,-0.00016980071451208766,0.00016980071451208766,199
T-cell PolyA→Ribo,PC1,ASB3,-0.00017005436806322288,0.00017005436806322288,196
T-cell PolyA→Ribo,PC1,ASCC3,-0.00016881608684340697,0.00016881608684340697,206
T-cell PolyA→Ribo,PC1,ATAD2B,-0.00021163382417444134,0.00021163382417444134,49
T-cell PolyA→Ribo,PC1,ATG10,0.00022095854514623246,0.00022095854514623246,38
T-cell PolyA→Ribo,PC1,ATL3,-0.00023244008782512742,0.00023244008782512742,27
T-cell PolyA→Ribo,PC1,ATN1,0.00020162852764722138,0.00020162852764722138,69
T-cell PolyA→Ribo,PC1,ATP6V1A,-0.00016715319459072872,0.00016715319459072872,218
T-cell PolyA→Ribo,PC1,ATP6V1D,-0.00014974025099532358,0.00014974025099532358,388
T-cell PolyA→Ribo,PC1,ATP9B,-0.00019531720374428072,0.00019531720374428072,81
T-cell PolyA→Ribo,PC1,ATPSCKMT,-0.00015328093548681363,0.00015328093548681363,340
T-cell PolyA→Ribo,PC1,ATR,-0.00014456753103674866,0.00014456753103674866,498
T-cell PolyA→Ribo,PC1,B3GALT4,-0.0001962278437797894,0.0001962278437797894,79
T-cell PolyA→Ribo,PC1,B3GALT6,-0.0001460482525072533,0.0001460482525072533,457
T-cell PolyA→Ribo,PC1,BACH1,-0.00018389739703814797,0.00018389739703814797,117
T-cell PolyA→Ribo,PC1,BAG4,-0.00020551060814957874,0.00020551060814957874,59
T-cell PolyA→Ribo,PC1,BAZ2B,-0.00018448223086901406,0.00018448223086901406,114
T-cell PolyA→Ribo,PC1,BBS10,-0.0001450776944937559,0.0001450776944937559,484
T-cell PolyA→Ribo,PC1,BBS9,-0.00016482437856615124,0.00016482437856615124,235
T-cell PolyA→Ribo,PC1,BCAS3,-0.00016899161232347337,0.00016899161232347337,204
T-cell PolyA→Ribo,PC1,BCL10,-0.0001481534622824229,0.0001481534622824229,417
T-cell PolyA→Ribo,PC1,BCL2L12,0.0001772020716922298,0.0001772020716922298,150
T-cell PolyA→Ribo,PC1,BEST1,0.000324992012364546,0.000324992012364546,7
T-cell PolyA→Ribo,PC1,BIRC2,-0.0001615859615623369,0.0001615859615623369,270
T-cell PolyA→Ribo,PC1,BIRC6,-0.00016661251012277395,0.00016661251012277395,223
T-cell PolyA→Ribo,PC1,BRWD1,-0.00018641025545841703,0.00018641025545841703,107
T-cell PolyA→Ribo,PC1,BTBD9,-0.00014866253906847238,0.00014866253906847238,407
T-cell PolyA→Ribo,PC1,BTLA,-0.0001459753882841233,0.0001459753882841233,460
T-cell PolyA→Ribo,PC1,BZW1,-0.00016429283751745704,0.00016429283751745704,243
T-cell PolyA→Ribo,PC1,CAPZA2,-0.00017323814112855577,0.00017323814112855577,171
T-cell PolyA→Ribo,PC1,CARMIL1,-0.00016336308691244247,0.00016336308691244247,251
T-cell PolyA→Ribo,PC1,CARNMT1,-0.00015970425010669866,0.00015970425010669866,289
T-cell PolyA→Ribo,PC1,CCDC141,-0.0002751179382063862,0.0002751179382063862,14
T-cell PolyA→Ribo,PC1,CCDC17,-0.00016029010033727993,0.00016029010033727993,284
T-cell PolyA→Ribo,PC1,CCDC39,0.00014450200338277257,0.00014450200338277257,500
T-cell PolyA→Ribo,PC1,CCDC43,-0.00014788078557868804,0.00014788078557868804,419
T-cell PolyA→Ribo,PC1,CCDC91,-0.00020480829454720548,0.00020480829454720548,62
T-cell PolyA→Ribo,PC1,CCND2,-0.00017770203436352232,0.00017770203436352232,146
T-cell PolyA→Ribo,PC1,CCNH,-0.00018639597204892657,0.00018639597204892657,108
T-cell PolyA→Ribo,PC1,CDC42,-0.0001748809016884978,0.0001748809016884978,159
T-cell PolyA→Ribo,PC1,CDKAL1,-0.00022672798680462903,0.00022672798680462903,32
T-cell PolyA→Ribo,PC1,CEP350,-0.00015870092444395176,0.00015870092444395176,293
T-cell PolyA→Ribo,PC1,CEP44,-0.00014727430891092657,0.00014727430891092657,430
T-cell PolyA→Ribo,PC1,CEP70,-0.0002340465927540209,0.0002340465927540209,25
T-cell PolyA→Ribo,PC1,CEP83,-0.00015758856384328587,0.00015758856384328587,301
T-cell PolyA→Ribo,PC1,CHORDC1,-0.00015075766961953298,0.00015075766961953298,372
T-cell PolyA→Ribo,PC1,CLIP4,-0.00015433544927930874,0.00015433544927930874,331
T-cell PolyA→Ribo,PC1,CLNS1A,-0.00017148177886254588,0.00017148177886254588,187
T-cell PolyA→Ribo,PC1,CMTR2,-0.0001458814103460597,0.0001458814103460597,465
T-cell PolyA→Ribo,PC1,CNIH4,-0.00014851163218145935,0.00014851163218145935,411
T-cell PolyA→Ribo,PC1,CNKSR2,-0.0001824383586227427,0.0001824383586227427,125
T-cell PolyA→Ribo,PC1,COMMD10,-0.00014792879817903225,0.00014792879817903225,418
T-cell PolyA→Ribo,PC1,COP1,-0.0001999616645997204,0.0001999616645997204,72
T-cell PolyA→Ribo,PC1,COX19,-0.00014991085343218658,0.00014991085343218658,387
T-cell PolyA→Ribo,PC1,CPD,-0.00015008743471526178,0.00015008743471526178,383
T-cell PolyA→Ribo,PC1,CPSF2,-0.00016640400442551542,0.00016640400442551542,226
T-cell PolyA→Ribo,PC1,CPSF3,-0.00014564404427723268,0.00014564404427723268,471
T-cell PolyA→Ribo,PC1,CREBL2,-0.00014839654769120358,0.00014839654769120358,413
T-cell PolyA→Ribo,PC1,CRK,-0.00020669071471478116,0.00020669071471478116,57
T-cell PolyA→Ribo,PC1,CSNK1A1,-0.0001494642170611817,0.0001494642170611817,393
T-cell PolyA→Ribo,PC1,CSNK1G3,-0.00029898645977131076,0.00029898645977131076,9
T-cell PolyA→Ribo,PC1,CWF19L2,-0.0002091855739063905,0.0002091855739063905,51
T-cell PolyA→Ribo,PC1,CXCR5,0.00029073760962614514,0.00029073760962614514,10
T-cell PolyA→Ribo,PC1,CYP20A1,-0.00015843504143939462,0.00015843504143939462,298
T-cell PolyA→Ribo,PC1,CYSLTR1,-0.00015217494255658946,0.00015217494255658946,356
T-cell PolyA→Ribo,PC1,DCP2,-0.0001597922392278761,0.0001597922392278761,288
T-cell PolyA→Ribo,PC1,DDX10,-0.00014996383659651532,0.00014996383659651532,385
T-cell PolyA→Ribo,PC1,DDX60,-0.00017231469174779058,0.00017231469174779058,182
T-cell PolyA→Ribo,PC1,DENND4A,-0.00020510084578128252,0.00020510084578128252,60
T-cell PolyA→Ribo,PC1,DIABLO,-0.0001534999256883436,0.0001534999256883436,338
T-cell PolyA→Ribo,PC1,DIPK2A,-0.00017292018050188643,0.00017292018050188643,175
T-cell PolyA→Ribo,PC1,DISC1,-0.00015240079471689027,0.00015240079471689027,352
T-cell PolyA→Ribo,PC1,DMXL1,-0.00014481057159399218,0.00014481057159399218,490
T-cell PolyA→Ribo,PC1,DNAJC21,-0.00014503140010375598,0.00014503140010375598,486
T-cell PolyA→Ribo,PC1,DNAJC3,-0.0001998414931926943,0.0001998414931926943,74
T-cell PolyA→Ribo,PC1,DPYD,-0.00021564377583168783,0.00021564377583168783,42
T-cell PolyA→Ribo,PC1,DPYSL2,-0.00021221485016396102,0.00021221485016396102,45
T-cell PolyA→Ribo,PC1,DSC1,-0.00015342130090058293,0.00015342130090058293,339
T-cell PolyA→Ribo,PC1,DTD2,-0.00016069447475053786,0.00016069447475053786,278
T-cell PolyA→Ribo,PC1,DUSP11,-0.00016245651218259322,0.00016245651218259322,260
T-cell PolyA→Ribo,PC1,DYRK1A,-0.0001474656258088514,0.0001474656258088514,428
T-cell PolyA→Ribo,PC1,EEF1AKMT2,-0.0001679483483287717,0.0001679483483287717,213
T-cell PolyA→Ribo,PC1,EIF2S1,-0.000149961991155892,0.000149961991155892,386
T-cell PolyA→Ribo,PC1,EIF4E,-0.00018125169267911698,0.00018125169267911698,131
T-cell PolyA→Ribo,PC1,ELP4,-0.0001458787278527315,0.0001458787278527315,466
T-cell PolyA→Ribo,PC1,EPPK1,-0.00016001475125925708,0.00016001475125925708,285
T-cell PolyA→Ribo,PC1,ERGIC2,-0.0002328589785730905,0.0002328589785730905,26
T-cell PolyA→Ribo,PC1,ESCO1,-0.00017538745653902685,0.00017538745653902685,156
T-cell PolyA→Ribo,PC1,ESF1,-0.00014517287568279608,0.00014517287568279608,483
T-cell PolyA→Ribo,PC1,ETNK1,-0.00019104856303534318,0.00019104856303534318,92
T-cell PolyA→Ribo,PC1,EVI2A,-0.00014541429698100464,0.00014541429698100464,480
T-cell PolyA→Ribo,PC1,EXOC4,-0.00016706108871207876,0.00016706108871207876,220
T-cell PolyA→Ribo,PC1,EXOC6,-0.00014943963503378423,0.00014943963503378423,394
T-cell PolyA→Ribo,PC1,EXOSC6,-0.00016189812920861318,0.00016189812920861318,264
T-cell PolyA→Ribo,PC1,FAM13B,-0.0001687630322641498,0.0001687630322641498,207
T-cell PolyA→Ribo,PC1,FAM204A,-0.0001550167450800044,0.0001550167450800044,321
T-cell PolyA→Ribo,PC1,FAM98B,-0.00016710740902569265,0.00016710740902569265,219
T-cell PolyA→Ribo,PC1,FANCA,0.0002210498227843353,0.0002210498227843353,37
T-cell PolyA→Ribo,PC1,FBXL4,-0.00015998547926720366,0.00015998547926720366,286
T-cell PolyA→Ribo,PC1,FBXO21,-0.00014574106611316826,0.00014574106611316826,469
T-cell PolyA→Ribo,PC1,FBXO3,-0.00014507584730313772,0.00014507584730313772,485
T-cell PolyA→Ribo,PC1,FBXO8,-0.00016446878905709597,0.00016446878905709597,239
T-cell PolyA→Ribo,PC1,FBXW7,-0.0002118989541170173,0.0002118989541170173,48
T-cell PolyA→Ribo,PC1,FDX1,-0.0001569389354576058,0.0001569389354576058,307
T-cell PolyA→Ribo,PC1,FEZ2,-0.00017238095808461384,0.00017238095808461384,180
T-cell PolyA→Ribo,PC1,FNIP1,-0.00017099187138736992,0.00017099187138736992,191
T-cell PolyA→Ribo,PC1,FOCAD,-0.0001804053596755639,0.0001804053596755639,134
T-cell PolyA→Ribo,PC1,FOXN2,-0.00019165511903487993,0.00019165511903487993,89
T-cell PolyA→Ribo,PC1,FOXP1,-0.00017927906369348033,0.00017927906369348033,140
T-cell PolyA→Ribo,PC1,FSBP,-0.00014471593746629924,0.00014471593746629924,494
T-cell PolyA→Ribo,PC1,GALK2,-0.00017613951445505168,0.00017613951445505168,155
T-cell PolyA→Ribo,PC1,GAN,-0.00016369310232358458,0.00016369310232358458,248
T-cell PolyA→Ribo,PC1,GCNT4,-0.0001730014938992447,0.0001730014938992447,174
T-cell PolyA→Ribo,PC1,GDAP2,-0.00020754106905847378,0.00020754106905847378,54
T-cell PolyA→Ribo,PC1,GFM1,-0.00014854421999272195,0.00014854421999272195,410
T-cell PolyA→Ribo,PC1,GIN1,-0.00019963791997358824,0.00019963791997358824,75
T-cell PolyA→Ribo,PC1,GNAI3,-0.0001779867012000163,0.0001779867012000163,145
T-cell PolyA→Ribo,PC1,GNL3L,-0.0001727435932140543,0.0001727435932140543,176
T-cell PolyA→Ribo,PC1,GOLGA4,-0.00017319072019842275,0.00017319072019842275,172
T-cell PolyA→Ribo,PC1,GPATCH2,-0.00016528135373898196,0.00016528135373898196,232
T-cell PolyA→Ribo,PC1,GPR171,-0.00016224590123247088,0.00016224590123247088,261
T-cell PolyA→Ribo,PC1,GPX2,-0.00014477819239004126,0.00014477819239004126,492
T-cell PolyA→Ribo,PC1,GSTZ1,-0.00021264370257132085,0.00021264370257132085,44
T-cell PolyA→Ribo,PC1,GTF2F2,-0.00019378805012114738,0.00019378805012114738,83
T-cell PolyA→Ribo,PC1,H1-2,-0.0006055676708394864,0.0006055676708394864,2
T-cell PolyA→Ribo,PC1,H1-3,-0.0005479095476649704,0.0005479095476649704,4
T-cell PolyA→Ribo,PC1,H1-4,-0.0006096639229857491,0.0006096639229857491,1
T-cell PolyA→Ribo,PC1,H1-5,-0.00020764928547284913,0.00020764928547284913,53
T-cell PolyA→Ribo,PC1,H2AC20,-0.0005755391410368212,0.0005755391410368212,3
T-cell PolyA→Ribo,PC1,H2AC21,-0.00043226569810787374,0.00043226569810787374,6
T-cell PolyA→Ribo,PC1,H2BC18,-0.0004998722810373926,0.0004998722810373926,5
T-cell PolyA→Ribo,PC1,H3C1,-0.00031205150058146076,0.00031205150058146076,8
T-cell PolyA→Ribo,PC1,HAT1,-0.00014674771684376522,0.00014674771684376522,445
T-cell PolyA→Ribo,PC1,HBS1L,-0.00015679645603693384,0.00015679645603693384,309
T-cell PolyA→Ribo,PC1,HELB,-0.00017034038675275222,0.00017034038675275222,194
T-cell PolyA→Ribo,PC1,HELLS,-0.00014697381347276485,0.00014697381347276485,435
T-cell PolyA→Ribo,PC1,HERC4,-0.0001474812686441377,0.0001474812686441377,427
T-cell PolyA→Ribo,PC1,HLTF,-0.00014689882199873458,0.00014689882199873458,439
T-cell PolyA→Ribo,PC1,HSD17B1,0.00018243464228662393,0.00018243464228662393,126
T-cell PolyA→Ribo,PC1,HSPA13,-0.00015092030460721502,0.00015092030460721502,370
T-cell PolyA→Ribo,PC1,IBTK,-0.00014544018099620605,0.00014544018099620605,478
T-cell PolyA→Ribo,PC1,IL24,0.00028863193079388367,0.00028863193079388367,11
T-cell PolyA→Ribo,PC1,IMMP2L,-0.00016519108375251452,0.00016519108375251452,234
T-cell PolyA→Ribo,PC1,INIP,-0.0001752926326019069,0.0001752926326019069,157
T-cell PolyA→Ribo,PC1,INTS6,-0.00015242474203177152,0.00015242474203177152,351
T-cell PolyA→Ribo,PC1,ITFG1,-0.00015180287387937707,0.00015180287387937707,361
T-cell PolyA→Ribo,PC1,ITPR1,-0.0001652618759624283,0.0001652618759624283,233
T-cell PolyA→Ribo,PC1,ITPR2,-0.00018483643462630464,0.00018483643462630464,111
T-cell PolyA→Ribo,PC1,JMJD4,-0.00016253274131816677,0.00016253274131816677,258
T-cell PolyA→Ribo,PC1,JSRP1,0.00018790300581405438,0.00018790300581405438,101
T-cell PolyA→Ribo,PC1,KDELR3,-0.00018982722544457048,0.00018982722544457048,95
T-cell PolyA→Ribo,PC1,KIF20B,-0.0001668838223758817,0.0001668838223758817,221
T-cell PolyA→Ribo,PC1,KIFAP3,-0.00017662549450907895,0.00017662549450907895,152
T-cell PolyA→Ribo,PC1,KLHL11,-0.00016443282725965723,0.00016443282725965723,241
T-cell PolyA→Ribo,PC1,KLHL15,-0.00016062863394468633,0.00016062863394468633,281
T-cell PolyA→Ribo,PC1,KLHL28,-0.00016678443211128302,0.00016678443211128302,222
T-cell PolyA→Ribo,PC1,KLRG1,-0.00015191837405727196,0.00015191837405727196,359
T-cell PolyA→Ribo,PC1,KNOP1,-0.00015030303402593492,0.00015030303402593492,381
T-cell PolyA→Ribo,PC1,LAMTOR3,-0.000169631273327559,0.000169631273327559,200
T-cell PolyA→Ribo,PC1,LARP4,-0.00014781455638157118,0.00014781455638157118,421
T-cell PolyA→Ribo,PC1,LCLAT1,-0.00016588270537523187,0.00016588270537523187,230
T-cell PolyA→Ribo,PC1,LCOR,-0.0001477615996928396,0.0001477615996928396,423
T-cell PolyA→Ribo,PC1,LENG9,0.00018160559182657128,0.00018160559182657128,129
T-cell PolyA→Ribo,PC1,LEO1,-0.00014905618461764263,0.00014905618461764263,399
T-cell PolyA→Ribo,PC1,LIMK2,0.00016628674847528913,0.00016628674847528913,227
T-cell PolyA→Ribo,PC1,LIN54,-0.00017981100235078321,0.00017981100235078321,137
T-cell PolyA→Ribo,PC1,LIN7C,-0.0002217348621523658,0.0002217348621523658,36
T-cell PolyA→Ribo,PC1,LMBR1,-0.00014557016107469856,0.00014557016107469856,473
T-cell PolyA→Ribo,PC1,LNPEP,-0.00018404920694839515,0.00018404920694839515,115
T-cell PolyA→Ribo,PC1,LNPK,-0.00015114030422338465,0.00015114030422338465,368
T-cell PolyA→Ribo,PC1,LPAR6,-0.00020390006919293008,0.00020390006919293008,64
T-cell PolyA→Ribo,PC1,LRBA,-0.0002146997021109634,0.0002146997021109634,43
T-cell PolyA→Ribo,PC1,LRIF1,-0.00014458750413824168,0.00014458750413824168,497
T-cell PolyA→Ribo,PC1,LRRC40,-0.00014695225237509535,0.00014695225237509535,437
T-cell PolyA→Ribo,PC1,LRRC75A,0.00024437377419571176,0.00024437377419571176,22
T-cell PolyA→Ribo,PC1,LRRN3,-0.00020300792457668765,0.00020300792457668765,65
T-cell PolyA→Ribo,PC1,LSM6,-0.00017843285608722646,0.00017843285608722646,143
T-cell PolyA→Ribo,PC1,LXN,-0.00015292061224139657,0.00015292061224139657,348
T-cell PolyA→Ribo,PC1,LZIC,-0.00015437116028457347,0.00015437116028457347,329
T-cell PolyA→Ribo,PC1,MAGT1,-0.00015435062486836895,0.00015435062486836895,330
T-cell PolyA→Ribo,PC1,MAIP1,-0.000162068148482422,0.000162068148482422,263
T-cell PolyA→Ribo,PC1,MAK16,-0.00014760677515317027,0.00014760677515317027,426
T-cell PolyA→Ribo,PC1,MALSU1,-0.00014664106666954115,0.00014664106666954115,448
T-cell PolyA→Ribo,PC1,MAN1A2,-0.0001828456894167832,0.0001828456894167832,124
T-cell PolyA→Ribo,PC1,MAPK6,-0.00015260624943352278,0.00015260624943352278,349
T-cell PolyA→Ribo,PC1,MARCHF7,-0.00016169411499551177,0.00016169411499551177,266
T-cell PolyA→Ribo,PC1,MASTL,-0.0001532739127702558,0.0001532739127702558,341
T-cell PolyA→Ribo,PC1,MBD5,-0.00016299419024390227,0.00016299419024390227,255
T-cell PolyA→Ribo,PC1,MBD6,0.0001966400412672337,0.0001966400412672337,78
T-cell PolyA→Ribo,PC1,MCM9,-0.00015074688584146525,0.00015074688584146525,373
T-cell PolyA→Ribo,PC1,MDM2,-0.00016048055605057286,0.00016048055605057286,283
T-cell PolyA→Ribo,PC1,MED13,-0.00015966933616598316,0.00015966933616598316,290
T-cell PolyA→Ribo,PC1,MED19,-0.0001610724247121033,0.0001610724247121033,274
T-cell PolyA→Ribo,PC1,MED31,-0.0001473771670502539,0.0001473771670502539,429
T-cell PolyA→Ribo,PC1,MED7,-0.00014462927918302743,0.00014462927918302743,496
T-cell PolyA→Ribo,PC1,METTL25,-0.00023159524930832783,0.00023159524930832783,29
T-cell PolyA→Ribo,PC1,MGA,-0.0001631309255977534,0.0001631309255977534,254
T-cell PolyA→Ribo,PC1,MGAT2,-0.00016317829010552284,0.00016317829010552284,253
T-cell PolyA→Ribo,PC1,MIB1,-0.00014919733640963377,0.00014919733640963377,397
T-cell PolyA→Ribo,PC1,MIGA1,-0.0001586132151821655,0.0001586132151821655,295
T-cell PolyA→Ribo,PC1,MINDY3,-0.00020062421035702544,0.00020062421035702544,71
T-cell PolyA→Ribo,PC1,MLH3,-0.00019532222677991185,0.00019532222677991185,80
T-cell PolyA→Ribo,PC1,MLYCD,-0.00014671792666532811,0.00014671792666532811,446
T-cell PolyA→Ribo,PC1,MNAT1,-0.00015326290446748592,0.00015326290446748592,342
T-cell PolyA→Ribo,PC1,MPP7,-0.00015865398401733813,0.00015865398401733813,294
T-cell PolyA→Ribo,PC1,MRPL27,-0.00016809305388088477,0.00016809305388088477,212
T-cell PolyA→Ribo,PC1,MRPL30,-0.0001580295074764587,0.0001580295074764587,300
T-cell PolyA→Ribo,PC1,MRPL42,-0.00014771108515991294,0.00014771108515991294,424
T-cell PolyA→Ribo,PC1,MRPL50,-0.00017214481050646974,0.00017214481050646974,183
T-cell PolyA→Ribo,PC1,MRPS28,-0.00014556903791117755,0.00014556903791117755,474
T-cell PolyA→Ribo,PC1,MSH3,-0.00019291335037716954,0.00019291335037716954,84
T-cell PolyA→Ribo,PC1,MT-ND1,0.00014581238022118447,0.00014581238022118447,467
T-cell PolyA→Ribo,PC1,MT-ND2,0.00014542680167160455,0.00014542680167160455,479
T-cell PolyA→Ribo,PC1,MT-ND6,0.00021566218277526642,0.00021566218277526642,41
T-cell PolyA→Ribo,PC1,MTHFD2L,-0.00015073281929445386,0.00015073281929445386,374
T-cell PolyA→Ribo,PC1,MTREX,-0.00016211864683456626,0.00016211864683456626,262
T-cell PolyA→Ribo,PC1,MYO9A,-0.00016856028937695965,0.00016856028937695965,210
T-cell PolyA→Ribo,PC1,N4BP2,-0.00014682475065307427,0.00014682475065307427,442
T-cell PolyA→Ribo,PC1,NAA15,-0.00014568007231637611,0.00014568007231637611,470
T-cell PolyA→Ribo,PC1,NBAS,-0.00020614402088988272,0.00020614402088988272,58
T-cell PolyA→Ribo,PC1,NBN,-0.00014625820088483385,0.00014625820088483385,454
T-cell PolyA→Ribo,PC1,NCOR2,0.00017044540785402372,0.00017044540785402372,192
T-cell PolyA→Ribo,PC1,NDC1,-0.00014856664738335557,0.00014856664738335557,409
T-cell PolyA→Ribo,PC1,NDEL1,-0.00016870230674342185,0.00016870230674342185,209
T-cell PolyA→Ribo,PC1,NDUFS1,-0.00014525322969535855,0.00014525322969535855,481
T-cell PolyA→Ribo,PC1,NEDD1,-0.00015145081753520313,0.00015145081753520313,363
T-cell PolyA→Ribo,PC1,NEIL1,0.00017971830676736866,0.00017971830676736866,138
T-cell PolyA→Ribo,PC1,NET1,-0.0001639938725813314,0.0001639938725813314,247
T-cell PolyA→Ribo,PC1,NF2,-0.0001675942609824486,0.0001675942609824486,216
T-cell PolyA→Ribo,PC1,NKX6-2,-0.00014590242250212378,0.00014590242250212378,462
T-cell PolyA→Ribo,PC1,NOC3L,-0.0001530208452154459,0.0001530208452154459,346
T-cell PolyA→Ribo,PC1,NODAL,-0.00015494092590184673,0.00015494092590184673,325
T-cell PolyA→Ribo,PC1,NPAT,-0.0001488815998126844,0.0001488815998126844,403
T-cell PolyA→Ribo,PC1,NRIP1,-0.0001911756447580164,0.0001911756447580164,91
T-cell PolyA→Ribo,PC1,NSMCE2,-0.00015066426702821357,0.00015066426702821357,375
T-cell PolyA→Ribo,PC1,NUP35,-0.0001733523797312866,0.0001733523797312866,170
T-cell PolyA→Ribo,PC1,OMA1,-0.00025039387581227623,0.00025039387581227623,21
T-cell PolyA→Ribo,PC1,OSTM1,-0.00014696065113936006,0.00014696065113936006,436
T-cell PolyA→Ribo,PC1,OTULINL,-0.0001478523140355657,0.0001478523140355657,420
T-cell PolyA→Ribo,PC1,PAFAH1B2,-0.00020710785244562453,0.00020710785244562453,55
T-cell PolyA→Ribo,PC1,PAQR8,-0.0001614688229257769,0.0001614688229257769,271
T-cell PolyA→Ribo,PC1,PARD6B,-0.000180491081347622,0.000180491081347622,133
T-cell PolyA→Ribo,PC1,PATJ,-0.0001642260194312092,0.0001642260194312092,244
T-cell PolyA→Ribo,PC1,PCM1,-0.0001478005686737438,0.0001478005686737438,422
T-cell PolyA→Ribo,PC1,PCMTD1,-0.00019240867012609752,0.00019240867012609752,86
T-cell PolyA→Ribo,PC1,PDE12,-0.00014895265829971427,0.00014895265829971427,400
T-cell PolyA→Ribo,PC1,PDE4D,-0.00014879760221438997,0.00014879760221438997,405
T-cell PolyA→Ribo,PC1,PDHX,-0.00016164860438202492,0.00016164860438202492,269
T-cell PolyA→Ribo,PC1,PEX13,-0.00016470305923252347,0.00016470305923252347,237
T-cell PolyA→Ribo,PC1,PGAM2,0.00015860044442624971,0.00015860044442624971,296
T-cell PolyA→Ribo,PC1,PGGT1B,-0.00017134224683407532,0.00017134224683407532,189
T-cell PolyA→Ribo,PC1,PHACTR2,-0.0002119401997568698,0.0002119401997568698,47
T-cell PolyA→Ribo,PC1,PHF14,-0.00022332287916989094,0.00022332287916989094,34
T-cell PolyA→Ribo,PC1,PI4K2B,-0.00015551746513453414,0.00015551746513453414,316
T-cell PolyA→Ribo,PC1,PIAS2,-0.00014888279914818017,0.00014888279914818017,402
T-cell PolyA→Ribo,PC1,PIBF1,-0.0001818474486782368,0.0001818474486782368,128
T-cell PolyA→Ribo,PC1,PIGN,-0.00017478997881963218,0.00017478997881963218,160
T-cell PolyA→Ribo,PC1,PIK3CG,-0.00019146005520145426,0.00019146005520145426,90
T-cell PolyA→Ribo,PC1,PLAC8,-0.00017242842319094894,0.00017242842319094894,179
T-cell PolyA→Ribo,PC1,PLAC9,-0.0001529471006067442,0.0001529471006067442,347
T-cell PolyA→Ribo,PC1,PLCG2,-0.00016886177543082014,0.00016886177543082014,205
T-cell PolyA→Ribo,PC1,PLEKHA3,-0.00018361525149838859,0.00018361525149838859,121
T-cell PolyA→Ribo,PC1,PLPBP,-0.00016433111669593951,0.00016433111669593951,242
T-cell PolyA→Ribo,PC1,PNPLA8,-0.00017522899745832035,0.00017522899745832035,158
T-cell PolyA→Ribo,PC1,PNPO,-0.00016364416911817233,0.00016364416911817233,249
T-cell PolyA→Ribo,PC1,PPDPF,0.00014670099402494795,0.00014670099402494795,447
T-cell PolyA→Ribo,PC1,PPIP5K2,-0.00014629864954504205,0.00014629864954504205,453
T-cell PolyA→Ribo,PC1,PPM1A,-0.00016128563868565737,0.00016128563868565737,272
T-cell PolyA→Ribo,PC1,PPM1B,-0.00014964844165973195,0.00014964844165973195,389
T-cell PolyA→Ribo,PC1,PRCP,-0.0001467604599048111,0.0001467604599048111,444
T-cell PolyA→Ribo,PC1,PRIM2,-0.00015045027229675944,0.00015045027229675944,379
T-cell PolyA→Ribo,PC1,PRR14L,-0.00018365862186043154,0.00018365862186043154,120
T-cell PolyA→Ribo,PC1,PTER,-0.00014589962521293197,0.00014589962521293197,464
T-cell PolyA→Ribo,PC1,PTPN4,-0.0001687044495812392,0.0001687044495812392,208
T-cell PolyA→Ribo,PC1,PTS,-0.00018718193047173004,0.00018718193047173004,104
T-cell PolyA→Ribo,PC1,PURA,-0.0001505424006036782,0.0001505424006036782,377
T-cell PolyA→Ribo,PC1,PUS7L,-0.0001482853529827398,0.0001482853529827398,416
T-cell PolyA→Ribo,PC1,RAB11FIP1,-0.00014556797993613106,0.00014556797993613106,475
T-cell PolyA→Ribo,PC1,RAB18,-0.00017262683182733992,0.00017262683182733992,178
T-cell PolyA→Ribo,PC1,RAB21,-0.00017200319243051708,0.00017200319243051708,185
T-cell PolyA→Ribo,PC1,RAB22A,-0.0001546469613487897,0.0001546469613487897,328
T-cell PolyA→Ribo,PC1,RAB33B,-0.00016078610621586385,0.00016078610621586385,276
T-cell PolyA→Ribo,PC1,RABGAP1L,-0.00015139755028172137,0.00015139755028172137,364
T-cell PolyA→Ribo,PC1,RAD51B,-0.00016445030955495118,0.00016445030955495118,240
T-cell PolyA→Ribo,PC1,RANBP2,-0.00017380905502466595,0.00017380905502466595,164
T-cell PolyA→Ribo,PC1,RAP2B,-0.00020771979461994112,0.00020771979461994112,52
T-cell PolyA→Ribo,PC1,RB1CC1,-0.00014887019436764907,0.00014887019436764907,404
T-cell PolyA→Ribo,PC1,RBL1,-0.0001677288410770385,0.0001677288410770385,215
T-cell PolyA→Ribo,PC1,RBM14,-0.00014482004120536563,0.00014482004120536563,489
T-cell PolyA→Ribo,PC1,RBM15,-0.00018942562508291724,0.00018942562508291724,96
T-cell PolyA→Ribo,PC1,RBM27,-0.00016778160385344493,0.00016778160385344493,214
T-cell PolyA→Ribo,PC1,RC3H1,-0.00020196792415979,0.00020196792415979,68
T-cell PolyA→Ribo,PC1,RCL1,-0.0001486303272063368,0.0001486303272063368,408
T-cell PolyA→Ribo,PC1,RELL1,-0.0002603646114414708,0.0002603646114414708,18
T-cell PolyA→Ribo,PC1,REST,-0.000176276668399501,0.000176276668399501,154
T-cell PolyA→Ribo,PC1,REV3L,-0.0001548816922710328,0.0001548816922710328,326
T-cell PolyA→Ribo,PC1,RHBDD1,-0.0001457450447892879,0.0001457450447892879,468
T-cell PolyA→Ribo,PC1,RIF1,-0.0001775130122791608,0.0001775130122791608,149
T-cell PolyA→Ribo,PC1,RLF,-0.00014717218107288275,0.00014717218107288275,433
T-cell PolyA→Ribo,PC1,RLIM,-0.00015063253461549493,0.00015063253461549493,376
T-cell PolyA→Ribo,PC1,RMND5A,-0.00014838080061749644,0.00014838080061749644,415
T-cell PolyA→Ribo,PC1,RNF13,-0.00015512273881504698,0.00015512273881504698,320
T-cell PolyA→Ribo,PC1,RNF168,-0.00014550520223180315,0.00014550520223180315,476
T-cell PolyA→Ribo,PC1,RNF2,-0.00014591797389340764,0.00014591797389340764,461
T-cell PolyA→Ribo,PC1,RNGTT,-0.00016731790840823914,0.00016731790840823914,217
T-cell PolyA→Ribo,PC1,RO60,-0.00026577340064544425,0.00026577340064544425,16
T-cell PolyA→Ribo,PC1,RPS6KC1,-0.00015049788531703334,0.00015049788531703334,378
T-cell PolyA→Ribo,PC1,RSBN1L,-0.00017004034376341974,0.00017004034376341974,197
T-cell PolyA→Ribo,PC1,RSRC1,-0.00021039727966488543,0.00021039727966488543,50
T-cell PolyA→Ribo,PC1,RTTN,-0.00017644002654678908,0.00017644002654678908,153
T-cell PolyA→Ribo,PC1,SACS,-0.0001872683463648302,0.0001872683463648302,102
T-cell PolyA→Ribo,PC1,SAR1B,-0.00014723278968853536,0.00014723278968853536,431
T-cell PolyA→Ribo,PC1,SBNO1,-0.00014712573176790898,0.00014712573176790898,434
T-cell PolyA→Ribo,PC1,SBSPON,-0.0001455026515672109,0.0001455026515672109,477
T-cell PolyA→Ribo,PC1,SCAMP1,-0.00015223255311679068,0.00015223255311679068,354
T-cell PolyA→Ribo,PC1,SCAPER,-0.0001795283795266722,0.0001795283795266722,139
T-cell PolyA→Ribo,PC1,SCFD1,-0.00015856757547865792,0.00015856757547865792,297
T-cell PolyA→Ribo,PC1,SCFD2,-0.00016593029757625653,0.00016593029757625653,229
T-cell PolyA→Ribo,PC1,SCLT1,-0.0002518321652364003,0.0002518321652364003,20
T-cell PolyA→Ribo,PC1,SEC62,-0.00016276069413333265,0.00016276069413333265,256
T-cell PolyA→Ribo,PC1,SENP5,-0.000173760552129333,0.000173760552129333,165
T-cell PolyA→Ribo,PC1,SERGEF,-0.0001448396492636706,0.0001448396492636706,487
T-cell PolyA→Ribo,PC1,SETD3,-0.00018154211275471884,0.00018154211275471884,130
T-cell PolyA→Ribo,PC1,SETX,-0.0001508259811713369,0.0001508259811713369,371
T-cell PolyA→Ribo,PC1,SFT2D2,-0.0001647859757829693,0.0001647859757829693,236
T-cell PolyA→Ribo,PC1,SGK3,-0.00014890722893814726,0.00014890722893814726,401
T-cell PolyA→Ribo,PC1,SGPP1,-0.00015400261414975504,0.00015400261414975504,334
T-cell PolyA→Ribo,PC1,SH3D19,0.0002779335261246508,0.0002779335261246508,12
T-cell PolyA→Ribo,PC1,SHOC2,-0.0001513117491638437,0.0001513117491638437,365
T-cell PolyA→Ribo,PC1,SHPRH,-0.00015514458753100718,0.00015514458753100718,319
T-cell PolyA→Ribo,PC1,SKA2,-0.00017043169084941426,0.00017043169084941426,193
T-cell PolyA→Ribo,PC1,SKIL,-0.0001735162044928117,0.0001735162044928117,168
T-cell PolyA→Ribo,PC1,SLAIN1,-0.00014719232823337682,0.00014719232823337682,432
T-cell PolyA→Ribo,PC1,SLC12A2,-0.00018469094512767753,0.00018469094512767753,112
T-cell PolyA→Ribo,PC1,SLC16A7,-0.00014687384648887284,0.00014687384648887284,440
T-cell PolyA→Ribo,PC1,SLC24A5,-0.0001646364932592992,0.0001646364932592992,238
T-cell PolyA→Ribo,PC1,SLC25A35,0.00016251122810893292,0.00016251122810893292,259
T-cell PolyA→Ribo,PC1,SLC30A7,-0.0001828568570118083,0.0001828568570118083,123
T-cell PolyA→Ribo,PC1,SLC35F5,-0.00017311259884933257,0.00017311259884933257,173
T-cell PolyA→Ribo,PC1,SLC35F6,-0.00016261247022657458,0.00016261247022657458,257
T-cell PolyA→Ribo,PC1,SLC39A10,-0.0001744235830031884,0.0001744235830031884,163
T-cell PolyA→Ribo,PC1,SLC39A9,-0.00015308929948878587,0.00015308929948878587,345
T-cell PolyA→Ribo,PC1,SLC4A7,-0.0001494002782729724,0.0001494002782729724,395
T-cell PolyA→Ribo,PC1,SLC5A10,0.00014621751290811949,0.00014621751290811949,456
T-cell PolyA→Ribo,PC1,SLC5A2,0.0002624862300677144,0.0002624862300677144,17
T-cell PolyA→Ribo,PC1,SLC5A3,-0.00017265221791813547,0.00017265221791813547,177
T-cell PolyA→Ribo,PC1,SLF1,-0.0001607068832002691,0.0001607068832002691,277
T-cell PolyA→Ribo,PC1,SLK,-0.00015198097881626385,0.00015198097881626385,358
T-cell PolyA→Ribo,PC1,SMAD2,-0.00018828286933258773,0.00018828286933258773,98
T-cell PolyA→Ribo,PC1,SMARCA5,-0.00015997414783912984,0.00015997414783912984,287
T-cell PolyA→Ribo,PC1,SMU1,-0.00018325575313302996,0.00018325575313302996,122
T-cell PolyA→Ribo,PC1,SNIP1,-0.000151682937025594,0.000151682937025594,362
T-cell PolyA→Ribo,PC1,SNRPD1,-0.00015683148330169103,0.00015683148330169103,308
T-cell PolyA→Ribo,PC1,SNX13,-0.00016985190853936453,0.00016985190853936453,198
T-cell PolyA→Ribo,PC1,SNX14,-0.0001606765828554058,0.0001606765828554058,280
T-cell PolyA→Ribo,PC1,SNX18,-0.00015540668513472242,0.00015540668513472242,317
T-cell PolyA→Ribo,PC1,SNX22,0.000217293505475593,0.000217293505475593,40
T-cell PolyA→Ribo,PC1,SOD2,-0.0001612422618774804,0.0001612422618774804,273
T-cell PolyA→Ribo,PC1,SORBS3,0.00015213516268054134,0.00015213516268054134,357
T-cell PolyA→Ribo,PC1,SP2,0.00015958940163546387,0.00015958940163546387,291
T-cell PolyA→Ribo,PC1,SP4,-0.00020295266996499362,0.00020295266996499362,66
T-cell PolyA→Ribo,PC1,SPAST,-0.00016543125943849167,0.00016543125943849167,231
T-cell PolyA→Ribo,PC1,SPN,-0.0001532053558449428,0.0001532053558449428,343
T-cell PolyA→Ribo,PC1,SRBD1,-0.00016170638831874355,0.00016170638831874355,265
T-cell PolyA→Ribo,PC1,SREK1IP1,-0.0001464073553283748,0.0001464073553283748,451
T-cell PolyA→Ribo,PC1,SRFBP1,-0.00019037554683807044,0.00019037554683807044,94
T-cell PolyA→Ribo,PC1,SRPK3,-0.00015108070042638185,0.00015108070042638185,369
T-cell PolyA→Ribo,PC1,SRPRB,-0.00015320148206852396,0.00015320148206852396,344
T-cell PolyA→Ribo,PC1,SSBP2,-0.00017371962099700953,0.00017371962099700953,166
T-cell PolyA→Ribo,PC1,SSR1,-0.00014468102985758222,0.00014468102985758222,495
T-cell PolyA→Ribo,PC1,SSR3,-0.00016926274047551694,0.00016926274047551694,203
T-cell PolyA→Ribo,PC1,ST8SIA4,-0.00015257503376364572,0.00015257503376364572,350
T-cell PolyA→Ribo,PC1,STAG1,-0.0001565228295001514,0.0001565228295001514,311
T-cell PolyA→Ribo,PC1,STARD5,0.0002321077968644768,0.0002321077968644768,28
T-cell PolyA→Ribo,PC1,STRN3,-0.0001985552693579306,0.0001985552693579306,76
T-cell PolyA→Ribo,PC1,STXBP5,-0.00016851348432373259,0.00016851348432373259,211
T-cell PolyA→Ribo,PC1,SUDS3,-0.00014598203229932067,0.00014598203229932067,458
T-cell PolyA→Ribo,PC1,SUGT1,-0.00018036793379161835,0.00018036793379161835,135
T-cell PolyA→Ribo,PC1,SUMF1,-0.000166447838939695,0.000166447838939695,225
T-cell PolyA→Ribo,PC1,SYAP1,-0.0001606927531680895,0.0001606927531680895,279
T-cell PolyA→Ribo,PC1,SYNE2,-0.00019400601463030192,0.00019400601463030192,82
T-cell PolyA→Ribo,PC1,TACR2,-0.00015360249632811605,0.00015360249632811605,337
T-cell PolyA→Ribo,PC1,TANGO6,-0.00014597584768022813,0.00014597584768022813,459
T-cell PolyA→Ribo,PC1,TBC1D19,-0.00014630340640853296,0.00014630340640853296,452
T-cell PolyA→Ribo,PC1,TBC1D31,-0.00016167915746893716,0.00016167915746893716,267
T-cell PolyA→Ribo,PC1,TBC1D32,-0.0001504461822869705,0.0001504461822869705,380
T-cell PolyA→Ribo,PC1,TBCEL,-0.00014590132061709945,0.00014590132061709945,463
T-cell PolyA→Ribo,PC1,TBCK,-0.00017474140623156104,0.00017474140623156104,161
T-cell PolyA→Ribo,PC1,TBL1XR1,-0.00016962966005678708,0.00016962966005678708,201
T-cell PolyA→Ribo,PC1,TCP11L2,-0.000178546316669207,0.000178546316669207,142
T-cell PolyA→Ribo,PC1,TDRD3,-0.0001872549531400984,0.0001872549531400984,103
T-cell PolyA→Ribo,PC1,TEFM,-0.0001548666461959188,0.0001548666461959188,327
T-cell PolyA→Ribo,PC1,TGFBR1,-0.00016339957205079432,0.00016339957205079432,250
T-cell PolyA→Ribo,PC1,TIPARP,-0.00015824712305846167,0.00015824712305846167,299
T-cell PolyA→Ribo,PC1,TLDC2,0.00023064803248036423,0.00023064803248036423,30
T-cell PolyA→Ribo,PC1,TMED7,-0.00015619249126315574,0.00015619249126315574,314
T-cell PolyA→Ribo,PC1,TMEM106B,-0.0001501622366197522,0.0001501622366197522,382
T-cell PolyA→Ribo,PC1,TMEM107,-0.0001999404114716212,0.0001999404114716212,73
T-cell PolyA→Ribo,PC1,TMEM135,-0.0001491819685937215,0.0001491819685937215,398
T-cell PolyA→Ribo,PC1,TMEM154,-0.0001881251183010574,0.0001881251183010574,99
T-cell PolyA→Ribo,PC1,TMEM168,-0.00014849374078311066,0.00014849374078311066,412
T-cell PolyA→Ribo,PC1,TMEM170A,-0.00015554536127418975,0.00015554536127418975,315
T-cell PolyA→Ribo,PC1,TMEM208,-0.00015221025651585246,0.00015221025651585246,355
T-cell PolyA→Ribo,PC1,TMEM220,0.00016647041468902544,0.00016647041468902544,224
T-cell PolyA→Ribo,PC1,TMEM262,0.00025421434596398316,0.00025421434596398316,19
T-cell PolyA→Ribo,PC1,TMEM33,-0.00018452252430226567,0.00018452252430226567,113
T-cell PolyA→Ribo,PC1,TMF1,-0.000144538418019815,0.000144538418019815,499
T-cell PolyA→Ribo,PC1,TMOD3,-0.00018618759218254477,0.00018618759218254477,109
T-cell PolyA→Ribo,PC1,TMX1,-0.00018367984111322886,0.00018367984111322886,119
T-cell PolyA→Ribo,PC1,TNPO1,-0.00014623373895749522,0.00014623373895749522,455
T-cell PolyA→Ribo,PC1,TNRC6B,-0.0001836852049858017,0.0001836852049858017,118
T-cell PolyA→Ribo,PC1,TOGARAM1,-0.0001775649795224516,0.0001775649795224516,148
T-cell PolyA→Ribo,PC1,TOR1AIP2,-0.0002243176574884059,0.0002243176574884059,33
T-cell PolyA→Ribo,PC1,TPGS1,-0.00015500180082668168,0.00015500180082668168,322
T-cell PolyA→Ribo,PC1,TPK1,-0.00018394566000120915,0.00018394566000120915,116
T-cell PolyA→Ribo,PC1,TPP1,0.0001562383591552524,0.0001562383591552524,312
T-cell PolyA→Ribo,PC1,TRIM23,-0.00015728915616029004,0.00015728915616029004,304
T-cell PolyA→Ribo,PC1,TRIP11,-0.00015231579223606,0.00015231579223606,353
T-cell PolyA→Ribo,PC1,TRMT1L,-0.00014564266263088747,0.00014564266263088747,472
T-cell PolyA→Ribo,PC1,TRPS1,-0.0001790339444838931,0.0001790339444838931,141
T-cell PolyA→Ribo,PC1,TSPO2,-0.00018708518143119177,0.00018708518143119177,105
T-cell PolyA→Ribo,PC1,TSSK3,0.00019199344261097695,0.00019199344261097695,88
T-cell PolyA→Ribo,PC1,TTN,-0.0002726580036861149,0.0002726580036861149,15
T-cell PolyA→Ribo,PC1,TULP4,-0.00020461842320872718,0.00020461842320872718,63
T-cell PolyA→Ribo,PC1,TXNDC15,-0.00017803779329256941,0.00017803779329256941,144
T-cell PolyA→Ribo,PC1,TXNDC16,-0.00014472720853880567,0.00014472720853880567,493
T-cell PolyA→Ribo,PC1,TXNDC9,-0.0001512966732107358,0.0001512966732107358,366
T-cell PolyA→Ribo,PC1,UBA6,-0.00015117193435652384,0.00015117193435652384,367
T-cell PolyA→Ribo,PC1,UBE2W,-0.0001468067692344423,0.0001468067692344423,443
T-cell PolyA→Ribo,PC1,UBE3A,-0.00017759448890739338,0.00017759448890739338,147
T-cell PolyA→Ribo,PC1,UBR3,-0.00014954234096467938,0.00014954234096467938,391
T-cell PolyA→Ribo,PC1,UGCG,-0.0001448357871919099,0.0001448357871919099,488
T-cell PolyA→Ribo,PC1,ULK4,-0.0001868145264650624,0.0001868145264650624,106
T-cell PolyA→Ribo,PC1,URB2,-0.00014920048725628252,0.00014920048725628252,396
T-cell PolyA→Ribo,PC1,USP3,-0.00014685601982809945,0.00014685601982809945,441
T-cell PolyA→Ribo,PC1,USP37,-0.00015738982894104595,0.00015738982894104595,303
T-cell PolyA→Ribo,PC1,USP38,-0.00016080201719534526,0.00016080201719534526,275
T-cell PolyA→Ribo,PC1,USP9X,-0.000157086423231451,0.000157086423231451,305
T-cell PolyA→Ribo,PC1,UTRN,-0.0002012721886240328,0.0002012721886240328,70
T-cell PolyA→Ribo,PC1,VMA21,-0.00024286494298016124,0.00024286494298016124,23
T-cell PolyA→Ribo,PC1,VMP1,-0.00021209374654296008,0.00021209374654296008,46
T-cell PolyA→Ribo,PC1,VPS41,-0.00017183261350613846,0.00017183261350613846,186
T-cell PolyA→Ribo,PC1,VPS8,-0.00014690150017655283,0.00014690150017655283,438
T-cell PolyA→Ribo,PC1,VRK1,-0.00016417392755709427,0.00016417392755709427,245
T-cell PolyA→Ribo,PC1,WASL,-0.00020235415927444907,0.00020235415927444907,67
T-cell PolyA→Ribo,PC1,WDR36,-0.00015002418165712683,0.00015002418165712683,384
T-cell PolyA→Ribo,PC1,WDR5B,-0.00015184239597348226,0.00015184239597348226,360
T-cell PolyA→Ribo,PC1,WDR7,-0.00019226206378195572,0.00019226206378195572,87
T-cell PolyA→Ribo,PC1,WDR74,-0.00023679907944559598,0.00023679907944559598,24
T-cell PolyA→Ribo,PC1,WDR89,-0.00015385669850846983,0.00015385669850846983,335
T-cell PolyA→Ribo,PC1,XIAP,-0.00015756957705625029,0.00015756957705625029,302
T-cell PolyA→Ribo,PC1,YAF2,-0.00023035668854588237,0.00023035668854588237,31
T-cell PolyA→Ribo,PC1,YIPF4,-0.00017452731281035434,0.00017452731281035434,162
T-cell PolyA→Ribo,PC1,ZBTB10,-0.00022224971373395678,0.00022224971373395678,35
T-cell PolyA→Ribo,PC1,ZBTB20,-0.00018873731289395623,0.00018873731289395623,97
T-cell PolyA→Ribo,PC1,ZBTB41,-0.00015707298621867865,0.00015707298621867865,306
T-cell PolyA→Ribo,PC1,ZBTB6,-0.00017200945557275095,0.00017200945557275095,184
T-cell PolyA→Ribo,PC1,ZC3H6,-0.00015514694463354908,0.00015514694463354908,318
T-cell PolyA→Ribo,PC1,ZCCHC7,-0.00018799861814061813,0.00018799861814061813,100
T-cell PolyA→Ribo,PC1,ZDHHC2,-0.00017682242635394294,0.00017682242635394294,151
T-cell PolyA→Ribo,PC1,ZFP1,-0.0001448105180143569,0.0001448105180143569,491
T-cell PolyA→Ribo,PC1,ZFP30,-0.00015672306265443573,0.00015672306265443573,310
T-cell PolyA→Ribo,PC1,ZFX,-0.0001735230733997744,0.0001735230733997744,167
T-cell PolyA→Ribo,PC1,ZHX1,-0.00017147272075482568,0.00017147272075482568,188
T-cell PolyA→Ribo,PC1,ZMPSTE24,-0.00014762028315676266,0.00014762028315676266,425
T-cell PolyA→Ribo,PC1,ZMYM1,-0.00018526891660197836,0.00018526891660197836,110
T-cell PolyA→Ribo,PC1,ZNF148,-0.00016166707321176718,0.00016166707321176718,268
T-cell PolyA→Ribo,PC1,ZNF189,-0.000155001153278851,0.000155001153278851,323
T-cell PolyA→Ribo,PC1,ZNF260,-0.00014647914115818473,0.00014647914115818473,449
T-cell PolyA→Ribo,PC1,ZNF329,-0.0001605930765529618,0.0001605930765529618,282
T-cell PolyA→Ribo,PC1,ZNF407,-0.00019074348586154604,0.00019074348586154604,93
T-cell PolyA→Ribo,PC1,ZNF426,-0.00018204035927907766,0.00018204035927907766,127
T-cell PolyA→Ribo,PC1,ZNF451,-0.00019266190941196783,0.00019266190941196783,85
T-cell PolyA→Ribo,PC1,ZNF518B,-0.00020505829067432664,0.00020505829067432664,61
T-cell PolyA→Ribo,PC1,ZNF638,-0.00014876178925560344,0.00014876178925560344,406
T-cell PolyA→Ribo,PC1,ZNF644,-0.0002764418748529966,0.0002764418748529966,13
T-cell PolyA→Ribo,PC1,ZNF652,-0.0001723692233284827,0.0001723692233284827,181
T-cell PolyA→Ribo,PC1,ZNF879,-0.0001562036867317519,0.0001562036867317519,313
T-cell PolyA→Ribo,PC1,ZRANB1,-0.00014642954282889084,0.00014642954282889084,450
T-cell PolyA→Ribo,PC1,ZYG11B,-0.00017030372835091068,0.00017030372835091068,195
T-cell PolyA→Ribo,PC2,AANAT,0.0001325402813147234,0.0001325402813147234,106
T-cell PolyA→Ribo,PC2,AASDHPPT,-9.721304079979302e-05,9.721304079979302e-05,499
T-cell PolyA→Ribo,PC2,ABCB9,0.0001029141373370848,0.0001029141373370848,382
T-cell PolyA→Ribo,PC2,ACP4,0.00013752015596700016,0.00013752015596700016,84
T-cell PolyA→Ribo,PC2,ACP7,0.00010845137604260234,0.00010845137604260234,294
T-cell PolyA→Ribo,PC2,ACSL4,-9.961853959539658e-05,9.961853959539658e-05,455
T-cell PolyA→Ribo,PC2,ACTL7A,0.00010933727279763184,0.00010933727279763184,280
T-cell PolyA→Ribo,PC2,ADAMTS7,0.00011201220433669277,0.00011201220433669277,249
T-cell PolyA→Ribo,PC2,ADCY4,0.00012581355337944433,0.00012581355337944433,135
T-cell PolyA→Ribo,PC2,ADGRL1,0.00012181224990866946,0.00012181224990866946,164
T-cell PolyA→Ribo,PC2,AEBP1,0.00013321499868298629,0.00013321499868298629,101
T-cell PolyA→Ribo,PC2,AGER,0.0001114116207621833,0.0001114116207621833,254
T-cell PolyA→Ribo,PC2,AGPS,-0.00010009257478273262,0.00010009257478273262,444
T-cell PolyA→Ribo,PC2,AGT,0.00011917591214976636,0.00011917591214976636,185
T-cell PolyA→Ribo,PC2,AHDC1,0.0001299069738967705,0.0001299069738967705,121
T-cell PolyA→Ribo,PC2,AK1,0.00010583618348380089,0.00010583618348380089,324
T-cell PolyA→Ribo,PC2,ALDH6A1,-9.974797312792117e-05,9.974797312792117e-05,452
T-cell PolyA→Ribo,PC2,ALX3,-9.789815246946258e-05,9.789815246946258e-05,490
T-cell PolyA→Ribo,PC2,AMH,0.00011704133406148574,0.00011704133406148574,201
T-cell PolyA→Ribo,PC2,AMIGO3,0.00011172361622743101,0.00011172361622743101,251
T-cell PolyA→Ribo,PC2,AMT,0.00015727443707656824,0.00015727443707656824,46
T-cell PolyA→Ribo,PC2,ANGPTL2,0.00010177784575084296,0.00010177784575084296,404
T-cell PolyA→Ribo,PC2,ANGPTL6,0.00010355954601708921,0.00010355954601708921,363
T-cell PolyA→Ribo,PC2,ANGPTL7,0.00012088115590981469,0.00012088115590981469,172
T-cell PolyA→Ribo,PC2,ANKS1B,-0.00012088562179970146,0.00012088562179970146,171
T-cell PolyA→Ribo,PC2,ANO7,0.00010199458918851656,0.00010199458918851656,399
T-cell PolyA→Ribo,PC2,ANO8,0.00011093044268148028,0.00011093044268148028,260
T-cell PolyA→Ribo,PC2,AP3B1,-9.895840845304637e-05,9.895840845304637e-05,464
T-cell PolyA→Ribo,PC2,APOA2,0.00010816605731243486,0.00010816605731243486,296
T-cell PolyA→Ribo,PC2,APOM,0.00010314854857028059,0.00010314854857028059,374
T-cell PolyA→Ribo,PC2,ARHGAP33,0.00016959249037908175,0.00016959249037908175,37
T-cell PolyA→Ribo,PC2,ARHGAP5,-0.0001317821971317325,0.0001317821971317325,112
T-cell PolyA→Ribo,PC2,ARHGEF39,-0.00010159047048958986,0.00010159047048958986,409
T-cell PolyA→Ribo,PC2,ARR3,0.00012144778742335607,0.00012144778742335607,166
T-cell PolyA→Ribo,PC2,ARSA,9.793135768281815e-05,9.793135768281815e-05,487
T-cell PolyA→Ribo,PC2,ASCL5,-0.0001234551740814403,0.0001234551740814403,151
T-cell PolyA→Ribo,PC2,ASIC3,0.00015881055823086434,0.00015881055823086434,43
T-cell PolyA→Ribo,PC2,ASIC4,0.00013820379859165495,0.00013820379859165495,81
T-cell PolyA→Ribo,PC2,ATAD2B,-0.00011863695305658615,0.00011863695305658615,187
T-cell PolyA→Ribo,PC2,ATAT1,0.00013397593712534902,0.00013397593712534902,99
T-cell PolyA→Ribo,PC2,ATF7,0.0001130971037630542,0.0001130971037630542,235
T-cell PolyA→Ribo,PC2,ATG10,0.00013391428881702575,0.00013391428881702575,100
T-cell PolyA→Ribo,PC2,ATL3,-0.00013764689867746112,0.00013764689867746112,83
T-cell PolyA→Ribo,PC2,ATN1,0.00020027210936316467,0.00020027210936316467,10
T-cell PolyA→Ribo,PC2,ATP6V0C,0.00011033783851740499,0.00011033783851740499,267
T-cell PolyA→Ribo,PC2,ATP6V1A,-9.842977607020967e-05,9.842977607020967e-05,476
T-cell PolyA→Ribo,PC2,ATR,-9.806386612466491e-05,9.806386612466491e-05,485
T-cell PolyA→Ribo,PC2,ATXN2L,0.0001304558511028548,0.0001304558511028548,120
T-cell PolyA→Ribo,PC2,AUNIP,-0.0001296529131341091,0.0001296529131341091,122
T-cell PolyA→Ribo,PC2,AVIL,0.0001223293582933393,0.0001223293582933393,159
T-cell PolyA→Ribo,PC2,B3GNT4,0.00010329093012817639,0.00010329093012817639,370
T-cell PolyA→Ribo,PC2,BACH1,-0.00010344283253378038,0.00010344283253378038,364
T-cell PolyA→Ribo,PC2,BAG4,-0.00010215410907861621,0.00010215410907861621,396
T-cell PolyA→Ribo,PC2,BAIAP2L1,0.00010116655802881742,0.00010116655802881742,421
T-cell PolyA→Ribo,PC2,BAIAP2L2,0.00012744486338881912,0.00012744486338881912,130
T-cell PolyA→Ribo,PC2,BARHL1,0.00015510509342106833,0.00015510509342106833,48
T-cell PolyA→Ribo,PC2,BCL3,0.00011472091436029385,0.00011472091436029385,220
T-cell PolyA→Ribo,PC2,BCL9L,0.0001477607697045385,0.0001477607697045385,57
T-cell PolyA→Ribo,PC2,BEST1,0.00011669641198619629,0.00011669641198619629,203
T-cell PolyA→Ribo,PC2,BICRA,0.0001914356700125098,0.0001914356700125098,19
T-cell PolyA→Ribo,PC2,BLOC1S5,-0.00010009518480220844,0.00010009518480220844,443
T-cell PolyA→Ribo,PC2,BRD4,0.00012667120008792292,0.00012667120008792292,132
T-cell PolyA→Ribo,PC2,BRICD5,0.00011010074507669523,0.00011010074507669523,272
T-cell PolyA→Ribo,PC2,BZW1,-9.96888111297328e-05,9.96888111297328e-05,453
T-cell PolyA→Ribo,PC2,C1QTNF4,0.00010274874077788668,0.00010274874077788668,384
T-cell PolyA→Ribo,PC2,C1QTNF6,0.00012393139653056254,0.00012393139653056254,148
T-cell PolyA→Ribo,PC2,C2,0.00010917372187587417,0.00010917372187587417,282
T-cell PolyA→Ribo,PC2,CACNG1,0.00010472675032021847,0.00010472675032021847,342
T-cell PolyA→Ribo,PC2,CALML4,0.00013167996857030978,0.00013167996857030978,114
T-cell PolyA→Ribo,PC2,CAMTA2,0.00012805819425594676,0.00012805819425594676,126
T-cell PolyA→Ribo,PC2,CAPZA2,-0.00011045276165919269,0.00011045276165919269,266
T-cell PolyA→Ribo,PC2,CARNMT1,-0.00010039864416815503,0.00010039864416815503,438
T-cell PolyA→Ribo,PC2,CCDC141,-0.0001329978969605003,0.0001329978969605003,102
T-cell PolyA→Ribo,PC2,CCDC73,-0.00017580790421628824,0.00017580790421628824,30
T-cell PolyA→Ribo,PC2,CCDC78,0.00010108081435700842,0.00010108081435700842,424
T-cell PolyA→Ribo,PC2,CCDC85C,0.00015489495378879213,0.00015489495378879213,49
T-cell PolyA→Ribo,PC2,CCDC89,0.0001319191616988784,0.0001319191616988784,110
T-cell PolyA→Ribo,PC2,CCDC91,-0.00010263588369026834,0.00010263588369026834,388
T-cell PolyA→Ribo,PC2,CCER2,0.00012268437661836732,0.00012268437661836732,158
T-cell PolyA→Ribo,PC2,CD302,0.00012547838159303456,0.00012547838159303456,138
T-cell PolyA→Ribo,PC2,CDH15,0.00010103187965700933,0.00010103187965700933,426
T-cell PolyA→Ribo,PC2,CDHR2,9.89685906702939e-05,9.89685906702939e-05,463
T-cell PolyA→Ribo,PC2,CDHR5,0.0001112885051924845,0.0001112885051924845,256
T-cell PolyA→Ribo,PC2,CEACAM19,0.0001034193130610631,0.0001034193130610631,365
T-cell PolyA→Ribo,PC2,CERKL,0.00012100318210576976,0.00012100318210576976,170
T-cell PolyA→Ribo,PC2,CFAP100,0.00012468474926646892,0.00012468474926646892,142
T-cell PolyA→Ribo,PC2,CFB,0.00010717592740903094,0.00010717592740903094,306
T-cell PolyA→Ribo,PC2,CHADL,0.00010870192516936542,0.00010870192516936542,288
T-cell PolyA→Ribo,PC2,CHERP,0.0001138095428504379,0.0001138095428504379,227
T-cell PolyA→Ribo,PC2,CHGA,0.0001084852722139631,0.0001084852722139631,293
T-cell PolyA→Ribo,PC2,CHRNB2,0.00010414183335994705,0.00010414183335994705,354
T-cell PolyA→Ribo,PC2,CHRNG,0.00010118222930512007,0.00010118222930512007,419
T-cell PolyA→Ribo,PC2,CKMT2,0.00013918251383373157,0.00013918251383373157,79
T-cell PolyA→Ribo,PC2,CLDND2,0.00011381482914658366,0.00011381482914658366,226
T-cell PolyA→Ribo,PC2,CLEC3A,0.00010713791087076582,0.00010713791087076582,308
T-cell PolyA→Ribo,PC2,CLMP,9.837379292613303e-05,9.837379292613303e-05,478
T-cell PolyA→Ribo,PC2,CMTR2,-0.00010306007844164671,0.00010306007844164671,377
T-cell PolyA→Ribo,PC2,CNIH2,0.00010596483821154411,0.00010596483821154411,320
T-cell PolyA→Ribo,PC2,CNOT3,0.00012777299360588654,0.00012777299360588654,129
T-cell PolyA→Ribo,PC2,CNTNAP1,0.00011122296320918678,0.00011122296320918678,257
T-cell PolyA→Ribo,PC2,COX7A1,0.0001864196054221966,0.0001864196054221966,23
T-cell PolyA→Ribo,PC2,CPLX2,0.00011648753825200625,0.00011648753825200625,205
T-cell PolyA→Ribo,PC2,CPSF2,-0.00013148698761716285,0.00013148698761716285,115
T-cell PolyA→Ribo,PC2,CRK,-0.00010493879079275579,0.00010493879079275579,337
T-cell PolyA→Ribo,PC2,CSNK1G3,-0.00014069770493716519,0.00014069770493716519,74
T-cell PolyA→Ribo,PC2,CSPG5,9.942982985791412e-05,9.942982985791412e-05,457
T-cell PolyA→Ribo,PC2,CTCFL,0.0001078621471002836,0.0001078621471002836,301
T-cell PolyA→Ribo,PC2,CTDNEP1,0.00012123857126618176,0.00012123857126618176,168
T-cell PolyA→Ribo,PC2,CTSK,0.0001221964984670788,0.0001221964984670788,163
T-cell PolyA→Ribo,PC2,CWF19L2,-0.00013632808228722943,0.00013632808228722943,91
T-cell PolyA→Ribo,PC2,CXCR5,0.00020641395162130898,0.00020641395162130898,9
T-cell PolyA→Ribo,PC2,CYP1A2,0.00010050497917987596,0.00010050497917987596,435
T-cell PolyA→Ribo,PC2,CYP20A1,-0.00014388216457870935,0.00014388216457870935,65
T-cell PolyA→Ribo,PC2,CYP26C1,0.00014974836938563333,0.00014974836938563333,54
T-cell PolyA→Ribo,PC2,CYP2F1,0.00011081616923977171,0.00011081616923977171,263
T-cell PolyA→Ribo,PC2,CYP51A1,-0.00010713453862294778,0.00010713453862294778,309
T-cell PolyA→Ribo,PC2,DCLK3,9.915735980922e-05,9.915735980922e-05,459
T-cell PolyA→Ribo,PC2,DCP2,-0.00010760696273125905,0.00010760696273125905,302
T-cell PolyA→Ribo,PC2,DDX60,-0.00010802281687153588,0.00010802281687153588,298
T-cell PolyA→Ribo,PC2,DEGS2,0.00030267036514720495,0.00030267036514720495,2
T-cell PolyA→Ribo,PC2,DENND4C,-9.827100011075878e-05,9.827100011075878e-05,482
T-cell PolyA→Ribo,PC2,DERL3,0.00012327428271638772,0.00012327428271638772,152
T-cell PolyA→Ribo,PC2,DIO1,9.76094663872415e-05,9.76094663872415e-05,495
T-cell PolyA→Ribo,PC2,DIPK2A,-9.874174209177981e-05,9.874174209177981e-05,469
T-cell PolyA→Ribo,PC2,DLEC1,0.00010714736014466146,0.00010714736014466146,307
T-cell PolyA→Ribo,PC2,DLGAP4,0.0001058784893303824,0.0001058784893303824,323
T-cell PolyA→Ribo,PC2,DMPK,0.00014348981257932255,0.00014348981257932255,67
T-cell PolyA→Ribo,PC2,DMRTC2,0.0001091541268806265,0.0001091541268806265,283
T-cell PolyA→Ribo,PC2,DNAJC3,-9.819793135147051e-05,9.819793135147051e-05,484
T-cell PolyA→Ribo,PC2,DND1,0.0001402247165306411,0.0001402247165306411,77
T-cell PolyA→Ribo,PC2,DOC2A,0.00011965918966444925,0.00011965918966444925,180
T-cell PolyA→Ribo,PC2,DOK6,-0.0001809433878163239,0.0001809433878163239,27
T-cell PolyA→Ribo,PC2,DPYD,-0.0001222903827343814,0.0001222903827343814,160
T-cell PolyA→Ribo,PC2,DSC1,-0.00011116724480301326,0.00011116724480301326,258
T-cell PolyA→Ribo,PC2,DUSP11,-0.0001102296920831624,0.0001102296920831624,270
T-cell PolyA→Ribo,PC2,DVL3,0.00010654882634552063,0.00010654882634552063,314
T-cell PolyA→Ribo,PC2,EFEMP2,9.869187418611676e-05,9.869187418611676e-05,472
T-cell PolyA→Ribo,PC2,EIF4E,-0.00010069686909344803,0.00010069686909344803,430
T-cell PolyA→Ribo,PC2,EIF4EBP3,0.000132888232628316,0.000132888232628316,103
T-cell PolyA→Ribo,PC2,EME2,0.00013442882586833145,0.00013442882586833145,97
T-cell PolyA→Ribo,PC2,EP400,0.00011091964275453026,0.00011091964275453026,261
T-cell PolyA→Ribo,PC2,EPHB4,0.00012032254734732747,0.00012032254734732747,177
T-cell PolyA→Ribo,PC2,ERFL,0.0001925647368480325,0.0001925647368480325,18
T-cell PolyA→Ribo,PC2,ERGIC2,-0.000143179009993977,0.000143179009993977,69
T-cell PolyA→Ribo,PC2,ESCO1,-0.00012364064765888632,0.00012364064765888632,150
T-cell PolyA→Ribo,PC2,ETNK1,-0.00011335863098425098,0.00011335863098425098,232
T-cell PolyA→Ribo,PC2,ETV4,0.00011328916248563025,0.00011328916248563025,233
T-cell PolyA→Ribo,PC2,EXOC5,-9.885238991567509e-05,9.885238991567509e-05,467
T-cell PolyA→Ribo,PC2,FAM184B,0.0001001149601637752,0.0001001149601637752,442
T-cell PolyA→Ribo,PC2,FANCA,0.00017047749844674746,0.00017047749844674746,34
T-cell PolyA→Ribo,PC2,FBRS,0.00010296520754447374,0.00010296520754447374,379
T-cell PolyA→Ribo,PC2,FBRSL1,0.0001378052559710457,0.0001378052559710457,82
T-cell PolyA→Ribo,PC2,FBXL13,0.00010267528552894733,0.00010267528552894733,386
T-cell PolyA→Ribo,PC2,FBXO41,0.00010536282795170036,0.00010536282795170036,331
T-cell PolyA→Ribo,PC2,FGF17,0.00010122008899379628,0.00010122008899379628,417
T-cell PolyA→Ribo,PC2,FILIP1,-0.00010471409765894267,0.00010471409765894267,344
T-cell PolyA→Ribo,PC2,FITM1,0.00013452542079510937,0.00013452542079510937,96
T-cell PolyA→Ribo,PC2,FNIP1,-0.00010468423342212114,0.00010468423342212114,345
T-cell PolyA→Ribo,PC2,FOXE3,0.00010403485135606656,0.00010403485135606656,356
T-cell PolyA→Ribo,PC2,FOXP3,0.00017539266904840215,0.00017539266904840215,32
T-cell PolyA→Ribo,PC2,FSCN2,0.00012414721366007562,0.00012414721366007562,145
T-cell PolyA→Ribo,PC2,FSCN3,0.00015061814750675566,0.00015061814750675566,53
T-cell PolyA→Ribo,PC2,GABBR1,0.00010292736791792815,0.00010292736791792815,381
T-cell PolyA→Ribo,PC2,GAL3ST4,0.00011738212730711144,0.00011738212730711144,196
T-cell PolyA→Ribo,PC2,GALNT15,0.00010333321569225143,0.00010333321569225143,368
T-cell PolyA→Ribo,PC2,GBX1,0.00010888712778455067,0.00010888712778455067,286
T-cell PolyA→Ribo,PC2,GDAP2,-0.00010747517752898115,0.00010747517752898115,304
T-cell PolyA→Ribo,PC2,GDF1,0.00010912586516316605,0.00010912586516316605,284
T-cell PolyA→Ribo,PC2,GDPD3,9.872563689412473e-05,9.872563689412473e-05,471
T-cell PolyA→Ribo,PC2,GDPD5,9.789279457241766e-05,9.789279457241766e-05,491
T-cell PolyA→Ribo,PC2,GFM1,-0.00011757348134155385,0.00011757348134155385,193
T-cell PolyA→Ribo,PC2,GHRL,0.00013099661378334872,0.00013099661378334872,117
T-cell PolyA→Ribo,PC2,GIPC3,0.00010538440535557394,0.00010538440535557394,330
T-cell PolyA→Ribo,PC2,GIPR,0.0001431996137614279,0.0001431996137614279,68
T-cell PolyA→Ribo,PC2,GNAI3,-0.0001018814509317546,0.0001018814509317546,402
T-cell PolyA→Ribo,PC2,GNG13,0.00011281498427992187,0.00011281498427992187,238
T-cell PolyA→Ribo,PC2,GNG3,0.00011336101634543152,0.00011336101634543152,231
T-cell PolyA→Ribo,PC2,GNL3L,-0.00010304313685617774,0.00010304313685617774,378
T-cell PolyA→Ribo,PC2,GNRH1,0.00010117767551979515,0.00010117767551979515,420
T-cell PolyA→Ribo,PC2,GPR179,0.00014522817055623175,0.00014522817055623175,64
T-cell PolyA→Ribo,PC2,GPR182,0.0001085257156988633,0.0001085257156988633,292
T-cell PolyA→Ribo,PC2,GPR21,0.00010329838849579573,0.00010329838849579573,369
T-cell PolyA→Ribo,PC2,GPR37L1,0.00018243063633972795,0.00018243063633972795,25
T-cell PolyA→Ribo,PC2,GPSM2,-0.00011447036723155614,0.00011447036723155614,222
T-cell PolyA→Ribo,PC2,GRM2,0.00012154719304398118,0.00012154719304398118,165
T-cell PolyA→Ribo,PC2,GRTP1,0.00010434986702295593,0.00010434986702295593,348
T-cell PolyA→Ribo,PC2,GSTM2,0.00013212547686238137,0.00013212547686238137,108
T-cell PolyA→Ribo,PC2,H1-2,-0.0001565835147759503,0.0001565835147759503,47
T-cell PolyA→Ribo,PC2,H1-3,-0.0002515383579930676,0.0002515383579930676,5
T-cell PolyA→Ribo,PC2,H1-4,-0.00034905471553962956,0.00034905471553962956,1
T-cell PolyA→Ribo,PC2,H1-5,-0.00019292497494994098,0.00019292497494994098,17
T-cell PolyA→Ribo,PC2,H2AC19,0.0001352445217374681,0.0001352445217374681,93
T-cell PolyA→Ribo,PC2,H2AC20,-0.00017398930217679597,0.00017398930217679597,33
T-cell PolyA→Ribo,PC2,H2AC21,-0.00019794273570450632,0.00019794273570450632,11
T-cell PolyA→Ribo,PC2,H2BC18,-0.00024687522615330693,0.00024687522615330693,6
T-cell PolyA→Ribo,PC2,HAS3,0.00011801007552077823,0.00011801007552077823,190
T-cell PolyA→Ribo,PC2,HAT1,-9.91505362596336e-05,9.91505362596336e-05,460
T-cell PolyA→Ribo,PC2,HDAC10,0.00010566353580924068,0.00010566353580924068,326
T-cell PolyA→Ribo,PC2,HEATR9,0.00010003233363568481,0.00010003233363568481,448
T-cell PolyA→Ribo,PC2,HIGD1B,0.00010522838686112109,0.00010522838686112109,332
T-cell PolyA→Ribo,PC2,HLA-DOB,0.00010369799442874307,0.00010369799442874307,361
T-cell PolyA→Ribo,PC2,HNRNPH3,0.00010473729497931952,0.00010473729497931952,341
T-cell PolyA→Ribo,PC2,HS3ST2,0.00010874193097657961,0.00010874193097657961,287
T-cell PolyA→Ribo,PC2,HSD17B1,0.00014353331785799535,0.00014353331785799535,66
T-cell PolyA→Ribo,PC2,HSPB1,0.00012793263216968184,0.00012793263216968184,128
T-cell PolyA→Ribo,PC2,HSPB6,0.0001059491460636673,0.0001059491460636673,321
T-cell PolyA→Ribo,PC2,IDUA,0.00011600812371578235,0.00011600812371578235,211
T-cell PolyA→Ribo,PC2,IGFALS,0.00011056393629195455,0.00011056393629195455,264
T-cell PolyA→Ribo,PC2,IL18BP,0.00019770418552208317,0.00019770418552208317,12
T-cell PolyA→Ribo,PC2,IL24,0.00014253542191403,0.00014253542191403,73
T-cell PolyA→Ribo,PC2,IL27,0.00014644956113354465,0.00014644956113354465,61
T-cell PolyA→Ribo,PC2,INF2,0.00010858947795684436,0.00010858947795684436,291
T-cell PolyA→Ribo,PC2,INIP,-0.00011026905525457136,0.00011026905525457136,268
T-cell PolyA→Ribo,PC2,INTS6,-0.0001250190290058573,0.0001250190290058573,140
T-cell PolyA→Ribo,PC2,ISYNA1,0.00012838301397956296,0.00012838301397956296,124
T-cell PolyA→Ribo,PC2,ITFG1,-0.00010008933710815111,0.00010008933710815111,445
T-cell PolyA→Ribo,PC2,ITGB1BP2,0.00011339034231190832,0.00011339034231190832,230
T-cell PolyA→Ribo,PC2,ITIH2,0.00010223524214955506,0.00010223524214955506,393
T-cell PolyA→Ribo,PC2,ITPR2,-0.0001013699720266649,0.0001013699720266649,412
T-cell PolyA→Ribo,PC2,JSRP1,0.00012323578450975568,0.00012323578450975568,153
T-cell PolyA→Ribo,PC2,KCNC4,0.00011691822971233872,0.00011691822971233872,202
T-cell PolyA→Ribo,PC2,KCND1,9.723284519194869e-05,9.723284519194869e-05,498
T-cell PolyA→Ribo,PC2,KCNIP2,0.00015404564741831406,0.00015404564741831406,51
T-cell PolyA→Ribo,PC2,KDM6B,0.0001888698787966094,0.0001888698787966094,21
T-cell PolyA→Ribo,PC2,KLHL28,-0.00010557966330509855,0.00010557966330509855,328
T-cell PolyA→Ribo,PC2,KLHL8,-0.00010402421275409275,0.00010402421275409275,357
T-cell PolyA→Ribo,PC2,KLK4,0.00016164701795563476,0.00016164701795563476,42
T-cell PolyA→Ribo,PC2,KMT2B,0.00014066829446338105,0.00014066829446338105,75
T-cell PolyA→Ribo,PC2,KMT2D,0.00014710947191826245,0.00014710947191826245,60
T-cell PolyA→Ribo,PC2,LAMTOR3,-9.867951136593283e-05,9.867951136593283e-05,473
T-cell PolyA→Ribo,PC2,LCAT,0.00011479719552061536,0.00011479719552061536,219
T-cell PolyA→Ribo,PC2,LENEP,0.00019118528415081114,0.00019118528415081114,20
T-cell PolyA→Ribo,PC2,LENG9,0.00019380343153125077,0.00019380343153125077,16
T-cell PolyA→Ribo,PC2,LHPP,0.00010288507813270328,0.00010288507813270328,383
T-cell PolyA→Ribo,PC2,LIMK2,0.00010938221941651243,0.00010938221941651243,279
T-cell PolyA→Ribo,PC2,LIN7C,-0.0001476200487584055,0.0001476200487584055,58
T-cell PolyA→Ribo,PC2,LMF1,0.00011502836011701681,0.00011502836011701681,217
T-cell PolyA→Ribo,PC2,LMTK3,0.00010188850081188508,0.00010188850081188508,400
T-cell PolyA→Ribo,PC2,LNPEP,-0.00010866437437863247,0.00010866437437863247,289
T-cell PolyA→Ribo,PC2,LRIT2,0.0001016446587288839,0.0001016446587288839,408
T-cell PolyA→Ribo,PC2,LRRC10,0.00011374007516055449,0.00011374007516055449,228
T-cell PolyA→Ribo,PC2,LRRC71,0.00013636105133948636,0.00013636105133948636,90
T-cell PolyA→Ribo,PC2,LRRC73,0.00011539999854076885,0.00011539999854076885,215
T-cell PolyA→Ribo,PC2,LRRC75A,0.0002465112491858518,0.0002465112491858518,7
T-cell PolyA→Ribo,PC2,LSMEM2,0.000193842875538853,0.000193842875538853,15
T-cell PolyA→Ribo,PC2,LSR,0.00010169258421250189,0.00010169258421250189,406
T-cell PolyA→Ribo,PC2,LTBP3,0.00010374982662645302,0.00010374982662645302,359
T-cell PolyA→Ribo,PC2,LTBP4,0.00010962791204811319,0.00010962791204811319,275
T-cell PolyA→Ribo,PC2,LTC4S,0.00011612656922422412,0.00011612656922422412,209
T-cell PolyA→Ribo,PC2,LY6G5B,0.00010044907588577604,0.00010044907588577604,437
T-cell PolyA→Ribo,PC2,MAGT1,-0.00011201697883522643,0.00011201697883522643,248
T-cell PolyA→Ribo,PC2,MAMDC4,0.00011343655066882208,0.00011343655066882208,229
T-cell PolyA→Ribo,PC2,MAN1A2,-9.873636186925983e-05,9.873636186925983e-05,470
T-cell PolyA→Ribo,PC2,MAP1B,-0.00011718913231319193,0.00011718913231319193,199
T-cell PolyA→Ribo,PC2,MAP3K12,0.00010453863397201221,0.00010453863397201221,346
T-cell PolyA→Ribo,PC2,MAPK12,0.00014260957344555534,0.00014260957344555534,72
T-cell PolyA→Ribo,PC2,MAPK6,-0.00010122240108323866,0.00010122240108323866,416
T-cell PolyA→Ribo,PC2,MARCHF7,-0.0001043318859059824,0.0001043318859059824,349
T-cell PolyA→Ribo,PC2,MBD6,0.00018182961828211534,0.00018182961828211534,26
T-cell PolyA→Ribo,PC2,MC1R,0.00012421523039637752,0.00012421523039637752,144
T-cell PolyA→Ribo,PC2,MDM2,-9.909429744731906e-05,9.909429744731906e-05,461
T-cell PolyA→Ribo,PC2,MED25,0.0001008040389163865,0.0001008040389163865,429
T-cell PolyA→Ribo,PC2,MEF2B,0.00010238138634597413,0.00010238138634597413,390
T-cell PolyA→Ribo,PC2,METTL24,0.00010168219934999546,0.00010168219934999546,407
T-cell PolyA→Ribo,PC2,METTL25,-0.00010065185287714881,0.00010065185287714881,431
T-cell PolyA→Ribo,PC2,MFAP2,9.783670940664716e-05,9.783670940664716e-05,492
T-cell PolyA→Ribo,PC2,MFAP3,-9.919400725064657e-05,9.919400725064657e-05,458
T-cell PolyA→Ribo,PC2,MFGE8,0.00011199553747984649,0.00011199553747984649,250
T-cell PolyA→Ribo,PC2,MIA,0.00015825495422055734,0.00015825495422055734,45
T-cell PolyA→Ribo,PC2,MIB1,-0.00010990587435504735,0.00010990587435504735,273
T-cell PolyA→Ribo,PC2,MLLT11,0.00011766135014781277,0.00011766135014781277,192
T-cell PolyA→Ribo,PC2,MRPL50,-0.00011568862617857573,0.00011568862617857573,214
T-cell PolyA→Ribo,PC2,MSANTD1,0.00010061723761861126,0.00010061723761861126,432
T-cell PolyA→Ribo,PC2,MSH3,-9.777092320769159e-05,9.777092320769159e-05,493
T-cell PolyA→Ribo,PC2,MST1,0.00010598288300929576,0.00010598288300929576,319
T-cell PolyA→Ribo,PC2,MTBP,-0.00010481790857596102,0.00010481790857596102,338
T-cell PolyA→Ribo,PC2,MTREX,-0.00010563138144060894,0.00010563138144060894,327
T-cell PolyA→Ribo,PC2,MUSTN1,0.0001205532872312526,0.0001205532872312526,175
T-cell PolyA→Ribo,PC2,MXD3,9.84609533966293e-05,9.84609533966293e-05,475
T-cell PolyA→Ribo,PC2,MYBPC3,0.0001191897517524545,0.0001191897517524545,184
T-cell PolyA→Ribo,PC2,MYH7B,0.00010897408441084884,0.00010897408441084884,285
T-cell PolyA→Ribo,PC2,MYNN,-0.00010310829339012805,0.00010310829339012805,375
T-cell PolyA→Ribo,PC2,N4BP2,-0.00010006391829890597,0.00010006391829890597,446
T-cell PolyA→Ribo,PC2,NBEAL1,-0.00011637878257396524,0.00011637878257396524,206
T-cell PolyA→Ribo,PC2,NCOR2,0.0001317740033040379,0.0001317740033040379,113
T-cell PolyA→Ribo,PC2,NDUFS1,-0.00010337972184970523,0.00010337972184970523,367
T-cell PolyA→Ribo,PC2,NEDD1,-0.00010006175832412206,0.00010006175832412206,447
T-cell PolyA→Ribo,PC2,NEIL1,0.00012291401326645056,0.00012291401326645056,155
T-cell PolyA→Ribo,PC2,NFIC,0.00012289854091849744,0.00012289854091849744,156
T-cell PolyA→Ribo,PC2,NKX6-2,0.00010686837964088956,0.00010686837964088956,312
T-cell PolyA→Ribo,PC2,NLGN2,0.00013186403550108377,0.00013186403550108377,111
T-cell PolyA→Ribo,PC2,NOS2,0.00011205355981258123,0.00011205355981258123,246
T-cell PolyA→Ribo,PC2,NOS3,9.991671607763485e-05,9.991671607763485e-05,449
T-cell PolyA→Ribo,PC2,NR1D1,0.00010417801951983499,0.00010417801951983499,352
T-cell PolyA→Ribo,PC2,NRIP1,-0.00010952286758473341,0.00010952286758473341,277
T-cell PolyA→Ribo,PC2,NRIP2,0.00011167548867130377,0.00011167548867130377,252
T-cell PolyA→Ribo,PC2,NTRK1,9.904754647750881e-05,9.904754647750881e-05,462
T-cell PolyA→Ribo,PC2,NUMBL,0.00012444074296556697,0.00012444074296556697,143
T-cell PolyA→Ribo,PC2,NUP155,-0.00010106587096436965,0.00010106587096436965,425
T-cell PolyA→Ribo,PC2,OLFML3,0.00011913534792474308,0.00011913534792474308,186
T-cell PolyA→Ribo,PC2,OMG,0.00013669513619036627,0.00013669513619036627,87
T-cell PolyA→Ribo,PC2,OSMR,-0.0001668513876873901,0.0001668513876873901,39
T-cell PolyA→Ribo,PC2,OXT,0.00010059390430072873,0.00010059390430072873,433
T-cell PolyA→Ribo,PC2,P2RX2,0.00011665552110972192,0.00011665552110972192,204
T-cell PolyA→Ribo,PC2,P2RY4,0.00010388556067971182,0.00010388556067971182,358
T-cell PolyA→Ribo,PC2,PABPC1L,0.00014811156574000384,0.00014811156574000384,56
T-cell PolyA→Ribo,PC2,PABPN1L,0.00011454111056827012,0.00011454111056827012,221
T-cell PolyA→Ribo,PC2,PAFAH1B2,-0.00012504431506295662,0.00012504431506295662,139
T-cell PolyA→Ribo,PC2,PAPOLG,-0.000104407900263818,0.000104407900263818,347
T-cell PolyA→Ribo,PC2,PARD6B,-9.986146903482992e-05,9.986146903482992e-05,450
T-cell PolyA→Ribo,PC2,PARD6G,-0.00011024615903433738,0.00011024615903433738,269
T-cell PolyA→Ribo,PC2,PCP2,0.00010573269173962295,0.00010573269173962295,325
T-cell PolyA→Ribo,PC2,PDE12,-0.00010132010740684051,0.00010132010740684051,414
T-cell PolyA→Ribo,PC2,PDGFRL,-0.00011587388247033301,0.00011587388247033301,212
T-cell PolyA→Ribo,PC2,PDIA2,0.00011246883171808952,0.00011246883171808952,242
T-cell PolyA→Ribo,PC2,PERM1,9.820997023624595e-05,9.820997023624595e-05,483
T-cell PolyA→Ribo,PC2,PEX13,-0.00010170585524792462,0.00010170585524792462,405
T-cell PolyA→Ribo,PC2,PGAM2,0.00015838448228779558,0.00015838448228779558,44
T-cell PolyA→Ribo,PC2,PGLYRP1,0.00012409871811804013,0.00012409871811804013,147
T-cell PolyA→Ribo,PC2,PHACTR2,-0.00012941543659981651,0.00012941543659981651,123
T-cell PolyA→Ribo,PC2,PHAX,-0.00010922612232829283,0.00010922612232829283,281
T-cell PolyA→Ribo,PC2,PHKG1,0.000170210093877383,0.000170210093877383,35
T-cell PolyA→Ribo,PC2,PHOX2A,0.0001271940359113938,0.0001271940359113938,131
T-cell PolyA→Ribo,PC2,PIAS2,-9.827846067901689e-05,9.827846067901689e-05,481
T-cell PolyA→Ribo,PC2,PIP5KL1,9.790914571899271e-05,9.790914571899271e-05,488
T-cell PolyA→Ribo,PC2,PIPOX,0.0001200334332512652,0.0001200334332512652,178
T-cell PolyA→Ribo,PC2,PKD2L2,-9.888742982344977e-05,9.888742982344977e-05,466
T-cell PolyA→Ribo,PC2,PLBD1,0.0001064467305968233,0.0001064467305968233,315
T-cell PolyA→Ribo,PC2,PLBD2,0.00011279725868526677,0.00011279725868526677,239
T-cell PolyA→Ribo,PC2,PLCD4,0.0001075648378919084,0.0001075648378919084,303
T-cell PolyA→Ribo,PC2,PLCE1,-0.00012087825978071623,0.00012087825978071623,173
T-cell PolyA→Ribo,PC2,PLCH2,9.892956465774806e-05,9.892956465774806e-05,465
T-cell PolyA→Ribo,PC2,PLPPR2,0.00012228626928797038,0.00012228626928797038,161
T-cell PolyA→Ribo,PC2,PNPLA7,0.00010699532213974922,0.00010699532213974922,310
T-cell PolyA→Ribo,PC2,PNPLA8,-0.00011274424740235262,0.00011274424740235262,240
T-cell PolyA→Ribo,PC2,POLA1,-0.00010306540411622604,0.00010306540411622604,376
T-cell PolyA→Ribo,PC2,POLR2A,0.00014856270869238332,0.00014856270869238332,55
T-cell PolyA→Ribo,PC2,POU2F2,0.00010360185685873329,0.00010360185685873329,362
T-cell PolyA→Ribo,PC2,PPARD,0.00010252877037526777,0.00010252877037526777,389
T-cell PolyA→Ribo,PC2,PPDPF,0.00017010391202914655,0.00017010391202914655,36
T-cell PolyA→Ribo,PC2,PPP1R13L,0.00011637615089751609,0.00011637615089751609,207
T-cell PolyA→Ribo,PC2,PRAF2,0.0001249963835906433,0.0001249963835906433,141
T-cell PolyA→Ribo,PC2,PRAM1,0.00010544658603221973,0.00010544658603221973,329
T-cell PolyA→Ribo,PC2,PRG4,-0.00010218433434563681,0.00010218433434563681,395
T-cell PolyA→Ribo,PC2,PRKACA,0.00014298194583247588,0.00014298194583247588,71
T-cell PolyA→Ribo,PC2,PRLH,0.00011133803631486188,0.00011133803631486188,255
T-cell PolyA→Ribo,PC2,PRR12,0.00017552141488429493,0.00017552141488429493,31
T-cell PolyA→Ribo,PC2,PRR14,0.00010020623557921801,0.00010020623557921801,441
T-cell PolyA→Ribo,PC2,PRR9,0.00011750351597619972,0.00011750351597619972,194
T-cell PolyA→Ribo,PC2,PRRT2,9.790725672085155e-05,9.790725672085155e-05,489
T-cell PolyA→Ribo,PC2,PRSS27,9.88015357002663e-05,9.88015357002663e-05,468
T-cell PolyA→Ribo,PC2,PRSS53,0.00010522364817875369,0.00010522364817875369,333
T-cell PolyA→Ribo,PC2,PTPN23,0.00013876984034200143,0.00013876984034200143,80
T-cell PolyA→Ribo,PC2,RAB11B,0.00012084331764258965,0.00012084331764258965,174
T-cell PolyA→Ribo,PC2,RAB15,0.0001009227997511888,0.0001009227997511888,427
T-cell PolyA→Ribo,PC2,RAB21,-0.00010327017686175162,0.00010327017686175162,371
T-cell PolyA→Ribo,PC2,RAD9B,0.00010020886973096081,0.00010020886973096081,440
T-cell PolyA→Ribo,PC2,RANBP2,-0.00011160972717652754,0.00011160972717652754,253
T-cell PolyA→Ribo,PC2,RAPSN,0.00014054260469871873,0.00014054260469871873,76
T-cell PolyA→Ribo,PC2,RAVER1,0.00010210962787272107,0.00010210962787272107,397
T-cell PolyA→Ribo,PC2,RBP2,0.00011215569923844992,0.00011215569923844992,244
T-cell PolyA→Ribo,PC2,RC3H1,-0.00013069474051638125,0.00013069474051638125,118
T-cell PolyA→Ribo,PC2,RCVRN,0.00010520049555475887,0.00010520049555475887,334
T-cell PolyA→Ribo,PC2,RDH5,0.00011504291396417814,0.00011504291396417814,216
T-cell PolyA→Ribo,PC2,REC114,0.00012101109876449013,0.00012101109876449013,169
T-cell PolyA→Ribo,PC2,RHBG,0.00010114080185588925,0.00010114080185588925,423
T-cell PolyA→Ribo,PC2,RIPOR1,0.00013116274407258796,0.00013116274407258796,116
T-cell PolyA→Ribo,PC2,RLBP1,0.0001280707568633007,0.0001280707568633007,125
T-cell PolyA→Ribo,PC2,RNF43,0.00016501449861974998,0.00016501449861974998,40
T-cell PolyA→Ribo,PC2,RO60,-0.0001455168283012378,0.0001455168283012378,63
T-cell PolyA→Ribo,PC2,RPH3A,0.00011091629617839001,0.00011091629617839001,262
T-cell PolyA→Ribo,PC2,RPS6KL1,9.851211066877956e-05,9.851211066877956e-05,474
T-cell PolyA→Ribo,PC2,RSKR,0.00012306862354587275,0.00012306862354587275,154
T-cell PolyA→Ribo,PC2,RSPH6A,0.00011781223189962868,0.00011781223189962868,191
T-cell PolyA→Ribo,PC2,RSPH9,-0.00010697732458660186,0.00010697732458660186,311
T-cell PolyA→Ribo,PC2,RTBDN,0.00012133077644039224,0.00012133077644039224,167
T-cell PolyA→Ribo,PC2,SACS,-0.00011921014118776885,0.00011921014118776885,183
T-cell PolyA→Ribo,PC2,SAMD10,0.00010337986152911633,0.00010337986152911633,366
T-cell PolyA→Ribo,PC2,SBK1,0.00010588577775392963,0.00010588577775392963,322
T-cell PolyA→Ribo,PC2,SCAMP1,-0.00011294680028199863,0.00011294680028199863,237
T-cell PolyA→Ribo,PC2,SCAMP4,9.983879593006341e-05,9.983879593006341e-05,451
T-cell PolyA→Ribo,PC2,SCLT1,-9.710554825164588e-05,9.710554825164588e-05,500
T-cell PolyA→Ribo,PC2,SEBOX,0.00014300164734073909,0.00014300164734073909,70
T-cell PolyA→Ribo,PC2,SELENON,0.00011271430714949249,0.00011271430714949249,241
T-cell PolyA→Ribo,PC2,SEMA6A,-0.00011314423723853956,0.00011314423723853956,234
T-cell PolyA→Ribo,PC2,SENP5,-9.731550150553193e-05,9.731550150553193e-05,497
T-cell PolyA→Ribo,PC2,SETD1B,0.00012276818828159787,0.00012276818828159787,157
T-cell PolyA→Ribo,PC2,SETD6,0.00010228665109731588,0.00010228665109731588,392
T-cell PolyA→Ribo,PC2,SF3A2,0.00010322121649024581,0.00010322121649024581,373
T-cell PolyA→Ribo,PC2,SFN,0.00011214954481914904,0.00011214954481914904,245
T-cell PolyA→Ribo,PC2,SFTPD,0.00010952924206241613,0.00010952924206241613,276
T-cell PolyA→Ribo,PC2,SGPP2,0.0001241211975672177,0.0001241211975672177,146
T-cell PolyA→Ribo,PC2,SGSH,0.0001018060812826391,0.0001018060812826391,403
T-cell PolyA→Ribo,PC2,SKIL,-0.00010509927250647136,0.00010509927250647136,335
T-cell PolyA→Ribo,PC2,SLC12A2,-0.00013673558816510657,0.00013673558816510657,86
T-cell PolyA→Ribo,PC2,SLC1A6,0.0001042181317460677,0.0001042181317460677,351
T-cell PolyA→Ribo,PC2,SLC22A1,0.00015483775368587896,0.00015483775368587896,50
T-cell PolyA→Ribo,PC2,SLC25A2,0.00019541707593870807,0.00019541707593870807,14
T-cell PolyA→Ribo,PC2,SLC29A2,0.00011480760298333845,0.00011480760298333845,218
T-cell PolyA→Ribo,PC2,SLC30A3,0.0001279863472814941,0.0001279863472814941,127
T-cell PolyA→Ribo,PC2,SLC30A7,-0.00010218858404646547,0.00010218858404646547,394
T-cell PolyA→Ribo,PC2,SLC46A1,0.00011636195268161573,0.00011636195268161573,208
T-cell PolyA→Ribo,PC2,SLC5A10,0.00026134354202750977,0.00026134354202750977,4
T-cell PolyA→Ribo,PC2,SLC5A2,0.0001966827946409856,0.0001966827946409856,13
T-cell PolyA→Ribo,PC2,SLC6A13,0.00011013055361396098,0.00011013055361396098,271
T-cell PolyA→Ribo,PC2,SLC9A1,9.835724873148747e-05,9.835724873148747e-05,479
T-cell PolyA→Ribo,PC2,SMAD2,-0.000132114399856489,0.000132114399856489,109
T-cell PolyA→Ribo,PC2,SNED1,0.00016733136356827615,0.00016733136356827615,38
T-cell PolyA→Ribo,PC2,SNORC,0.00013228978064799872,0.00013228978064799872,107
T-cell PolyA→Ribo,PC2,SNX13,-0.00013431235560446873,0.00013431235560446873,98
T-cell PolyA→Ribo,PC2,SORBS3,0.00013261923077296302,0.00013261923077296302,104
T-cell PolyA→Ribo,PC2,SP2,0.00017646223167010948,0.00017646223167010948,29
T-cell PolyA→Ribo,PC2,SP4,-0.00010237100276009787,0.00010237100276009787,391
T-cell PolyA→Ribo,PC2,SPACA4,0.00010787464446341713,0.00010787464446341713,300
T-cell PolyA→Ribo,PC2,SPAG17,-0.00011739588805918128,0.00011739588805918128,195
T-cell PolyA→Ribo,PC2,SPAG4,0.00010623171156140448,0.00010623171156140448,318
T-cell PolyA→Ribo,PC2,SPAST,-0.00011704788937923036,0.00011704788937923036,200
T-cell PolyA→Ribo,PC2,SPRED3,0.00013500006443301426,0.00013500006443301426,94
T-cell PolyA→Ribo,PC2,SRCAP,0.00016490339547639007,0.00016490339547639007,41
T-cell PolyA→Ribo,PC2,SRFBP1,-0.00011203577644067982,0.00011203577644067982,247
T-cell PolyA→Ribo,PC2,SSR3,-0.00010156680754295255,0.00010156680754295255,410
T-cell PolyA→Ribo,PC2,STMN4,0.00010271444071209604,0.00010271444071209604,385
T-cell PolyA→Ribo,PC2,STX1B,0.00010860986353863658,0.00010860986353863658,290
T-cell PolyA→Ribo,PC2,SUCLA2,-0.00010089051313459488,0.00010089051313459488,428
T-cell PolyA→Ribo,PC2,SUSD2,0.00012548683718591286,0.00012548683718591286,137
T-cell PolyA→Ribo,PC2,SUSD5,-0.00012666495932683747,0.00012666495932683747,133
T-cell PolyA→Ribo,PC2,SYAP1,-0.00010052697142358971,0.00010052697142358971,434
T-cell PolyA→Ribo,PC2,SYDE2,-9.772183945760733e-05,9.772183945760733e-05,494
T-cell PolyA→Ribo,PC2,SYN3,0.00011982255982499908,0.00011982255982499908,179
T-cell PolyA→Ribo,PC2,SYNGAP1,0.00011308949167600204,0.00011308949167600204,236
T-cell PolyA→Ribo,PC2,TAGLN,0.0001345832169559196,0.0001345832169559196,95
T-cell PolyA→Ribo,PC2,TAS2R3,0.00010792190492826691,0.00010792190492826691,299
T-cell PolyA→Ribo,PC2,TAS2R60,0.00012226003857918226,0.00012226003857918226,162
T-cell PolyA→Ribo,PC2,TAS2R7,9.959721891202917e-05,9.959721891202917e-05,456
T-cell PolyA→Ribo,PC2,TBC1D32,-0.00010033549054717308,0.00010033549054717308,439
T-cell PolyA→Ribo,PC2,TBL1XR1,-0.00010412519037896271,0.00010412519037896271,355
T-cell PolyA→Ribo,PC2,TCAP,0.00013526891917182982,0.00013526891917182982,92
T-cell PolyA→Ribo,PC2,TFAP2E,0.00012586141741040532,0.00012586141741040532,134
T-cell PolyA→Ribo,PC2,TG,0.00010475169963111736,0.00010475169963111736,339
T-cell PolyA→Ribo,PC2,TGFB1,0.00011055603859785308,0.00011055603859785308,265
T-cell PolyA→Ribo,PC2,TGFBR1,-0.00011727641537180482,0.00011727641537180482,198
T-cell PolyA→Ribo,PC2,THTPA,0.00010943392210951767,0.00010943392210951767,278
T-cell PolyA→Ribo,PC2,TICAM1,0.00010144686727719733,0.00010144686727719733,411
T-cell PolyA→Ribo,PC2,TMED6,0.00014714438828410359,0.00014714438828410359,59
T-cell PolyA→Ribo,PC2,TMED7,-9.83171505514e-05,9.83171505514e-05,480
T-cell PolyA→Ribo,PC2,TMEM19,-0.00010118779067116718,0.00010118779067116718,418
T-cell PolyA→Ribo,PC2,TMEM200B,0.00023042877170320256,0.00023042877170320256,8
T-cell PolyA→Ribo,PC2,TMEM255B,0.00010631153978111472,0.00010631153978111472,317
T-cell PolyA→Ribo,PC2,TMEM262,0.00026507501464567446,0.00026507501464567446,3
T-cell PolyA→Ribo,PC2,TMEM33,-0.00011607061643683733,0.00011607061643683733,210
T-cell PolyA→Ribo,PC2,TMEM86B,0.00013650277057519422,0.00013650277057519422,89
T-cell PolyA→Ribo,PC2,TMEM88,0.00018799389709503564,0.00018799389709503564,22
T-cell PolyA→Ribo,PC2,TMEM88B,0.00011586633266548311,0.00011586633266548311,213
T-cell PolyA→Ribo,PC2,TMEM89,0.00011416353833873231,0.00011416353833873231,224
T-cell PolyA→Ribo,PC2,TMOD3,-0.00010188368846765803,0.00010188368846765803,401
T-cell PolyA→Ribo,PC2,TMOD4,0.00011933181351995973,0.00011933181351995973,182
T-cell PolyA→Ribo,PC2,TMX1,-0.00011806573010523304,0.00011806573010523304,189
T-cell PolyA→Ribo,PC2,TOGARAM1,-0.00011394291026537709,0.00011394291026537709,225
T-cell PolyA→Ribo,PC2,TOR1AIP2,-0.00010724063625712133,0.00010724063625712133,305
T-cell PolyA→Ribo,PC2,TPCN1,9.962296727317122e-05,9.962296727317122e-05,454
T-cell PolyA→Ribo,PC2,TPP1,0.00011819644468760951,0.00011819644468760951,188
T-cell PolyA→Ribo,PC2,TRIM23,-0.00010326834996183536,0.00010326834996183536,372
T-cell PolyA→Ribo,PC2,TRIM66,0.00010124199448638368,0.00010124199448638368,415
T-cell PolyA→Ribo,PC2,TRIP11,-9.734400535846067e-05,9.734400535846067e-05,496
T-cell PolyA→Ribo,PC2,TSSK3,0.00018434686905606325,0.00018434686905606325,24
T-cell PolyA→Ribo,PC2,TTC34,0.00010046543283724709,0.00010046543283724709,436
T-cell PolyA→Ribo,PC2,TTC36,0.00013693214061145665,0.00013693214061145665,85
T-cell PolyA→Ribo,PC2,TTLL3,0.00012384861267596635,0.00012384861267596635,149
T-cell PolyA→Ribo,PC2,TXNDC9,-0.00010114222688707638,0.00010114222688707638,422
T-cell PolyA→Ribo,PC2,UBA6,-0.0001110391524649227,0.0001110391524649227,259
T-cell PolyA→Ribo,PC2,UBE2W,-0.00010661998273248514,0.00010661998273248514,313
T-cell PolyA→Ribo,PC2,UBE3A,-0.00010495798511774255,0.00010495798511774255,336
T-cell PolyA→Ribo,PC2,UBQLN3,0.000112227992996726,0.000112227992996726,243
T-cell PolyA→Ribo,PC2,ULK4,-0.00012563337401461856,0.00012563337401461856,136
T-cell PolyA→Ribo,PC2,UPK3B,0.00013661725998808635,0.00013661725998808635,88
T-cell PolyA→Ribo,PC2,USP38,-0.00010293978137207402,0.00010293978137207402,380
T-cell PolyA→Ribo,PC2,VAMP2,0.000108292341272244,0.000108292341272244,295
T-cell PolyA→Ribo,PC2,VMA21,-0.00013260547039261851,0.00013260547039261851,105
T-cell PolyA→Ribo,PC2,VPS41,-0.00010426406035802978,0.00010426406035802978,350
T-cell PolyA→Ribo,PC2,VPS50,-0.00010132589928815052,0.00010132589928815052,413
T-cell PolyA→Ribo,PC2,VSIG2,0.00011729469710309719,0.00011729469710309719,197
T-cell PolyA→Ribo,PC2,VTN,0.00017817706718666534,0.00017817706718666534,28
T-cell PolyA→Ribo,PC2,WDR36,-0.00010474270760903316,0.00010474270760903316,340
T-cell PolyA→Ribo,PC2,WNK4,0.00010210333987772744,0.00010210333987772744,398
T-cell PolyA→Ribo,PC2,XIAP,-9.838520852427796e-05,9.838520852427796e-05,477
T-cell PolyA→Ribo,PC2,XKR5,0.00010266128362003565,0.00010266128362003565,387
T-cell PolyA→Ribo,PC2,YJEFN3,0.0001521836012435251,0.0001521836012435251,52
T-cell PolyA→Ribo,PC2,ZBTB10,-0.00010414770533927702,0.00010414770533927702,353
T-cell PolyA→Ribo,PC2,ZDHHC8,0.00012038679313672856,0.00012038679313672856,176
T-cell PolyA→Ribo,PC2,ZFHX2,0.00010472498452765193,0.00010472498452765193,343
T-cell PolyA→Ribo,PC2,ZHX1,-0.0001081218830799689,0.0001081218830799689,297
T-cell PolyA→Ribo,PC2,ZMIZ2,0.000130552631376484,0.000130552631376484,119
T-cell PolyA→Ribo,PC2,ZMPSTE24,-9.793527624272958e-05,9.793527624272958e-05,486
T-cell PolyA→Ribo,PC2,ZNF148,-0.00010372132930029982,0.00010372132930029982,360
T-cell PolyA→Ribo,PC2,ZNF414,0.00014607945251396453,0.00014607945251396453,62
T-cell PolyA→Ribo,PC2,ZNF451,-0.00010631215506272507,0.00010631215506272507,316
T-cell PolyA→Ribo,PC2,ZNF580,0.00011433685215607044,0.00011433685215607044,223
T-cell PolyA→Ribo,PC2,ZNF644,-0.00011955229175602306,0.00011955229175602306,181
T-cell PolyA→Ribo,PC2,ZNF865,0.0001401637751991815,0.0001401637751991815,78
T-cell PolyA→Ribo,PC2,ZYG11B,-0.00010974829988856937,0.00010974829988856937,274
RR1 OSD-48 carcass FLT−GC,PC1,A1CF,0.00011069886113682875,0.00011069886113682875,133
RR1 OSD-48 carcass FLT−GC,PC1,AACS,9.082312347384815e-05,9.082312347384815e-05,459
RR1 OSD-48 carcass FLT−GC,PC1,AADAT,9.163146960793096e-05,9.163146960793096e-05,438
RR1 OSD-48 carcass FLT−GC,PC1,ABAT,9.775926252420535e-05,9.775926252420535e-05,281
RR1 OSD-48 carcass FLT−GC,PC1,ABCA6,9.796678775956602e-05,9.796678775956602e-05,274
RR1 OSD-48 carcass FLT−GC,PC1,ABCB6,0.00012041115714318502,0.00012041115714318502,83
RR1 OSD-48 carcass FLT−GC,PC1,ABCC2,9.502723775848031e-05,9.502723775848031e-05,349
RR1 OSD-48 carcass FLT−GC,PC1,ABCC3,0.00012914351312928157,0.00012914351312928157,64
RR1 OSD-48 carcass FLT−GC,PC1,ABCC6,9.421319057910937e-05,9.421319057910937e-05,372
RR1 OSD-48 carcass FLT−GC,PC1,ABCD2,0.00013356174443914553,0.00013356174443914553,54
RR1 OSD-48 carcass FLT−GC,PC1,ABCG5,0.00010408322415240446,0.00010408322415240446,186
RR1 OSD-48 carcass FLT−GC,PC1,ABCG8,0.00011837373665251512,0.00011837373665251512,91
RR1 OSD-48 carcass FLT−GC,PC1,ABHD17A,9.240564706690972e-05,9.240564706690972e-05,412
RR1 OSD-48 carcass FLT−GC,PC1,ABHD2,0.00014544964193911381,0.00014544964193911381,23
RR1 OSD-48 carcass FLT−GC,PC1,ABTB1,9.339494533994868e-05,9.339494533994868e-05,391
RR1 OSD-48 carcass FLT−GC,PC1,ACAD11,0.00011737767641415803,0.00011737767641415803,93
RR1 OSD-48 carcass FLT−GC,PC1,ACADM,9.171130227840276e-05,9.171130227840276e-05,431
RR1 OSD-48 carcass FLT−GC,PC1,ACADS,9.597027644387885e-05,9.597027644387885e-05,330
RR1 OSD-48 carcass FLT−GC,PC1,ACOT12,0.00011986502783343791,0.00011986502783343791,85
RR1 OSD-48 carcass FLT−GC,PC1,ACOT4,0.00017095870388865737,0.00017095870388865737,9
RR1 OSD-48 carcass FLT−GC,PC1,ACSM3,9.714461132164893e-05,9.714461132164893e-05,301
RR1 OSD-48 carcass FLT−GC,PC1,ACSM5,0.00010025138320934171,0.00010025138320934171,233
RR1 OSD-48 carcass FLT−GC,PC1,ACTG1,0.00010601593436104907,0.00010601593436104907,163
RR1 OSD-48 carcass FLT−GC,PC1,ACY1,0.0001074033128661837,0.0001074033128661837,153
RR1 OSD-48 carcass FLT−GC,PC1,ACY3,9.088878374705973e-05,9.088878374705973e-05,456
RR1 OSD-48 carcass FLT−GC,PC1,ADCY6,0.00010472486001310071,0.00010472486001310071,179
RR1 OSD-48 carcass FLT−GC,PC1,ADPRM,9.0242608035306e-05,9.0242608035306e-05,480
RR1 OSD-48 carcass FLT−GC,PC1,AFG3L2,9.608334818085773e-05,9.608334818085773e-05,327
RR1 OSD-48 carcass FLT−GC,PC1,AFMID,0.00012314733751501823,0.00012314733751501823,77
RR1 OSD-48 carcass FLT−GC,PC1,AK2,0.00010416052734881439,0.00010416052734881439,185
RR1 OSD-48 carcass FLT−GC,PC1,AKAP1,0.00010187699547727567,0.00010187699547727567,215
RR1 OSD-48 carcass FLT−GC,PC1,AKAP8,9.321067794345867e-05,9.321067794345867e-05,396
RR1 OSD-48 carcass FLT−GC,PC1,AKAP8L,9.033530261633387e-05,9.033530261633387e-05,475
RR1 OSD-48 carcass FLT−GC,PC1,ALAS1,0.00012974369156059612,0.00012974369156059612,61
RR1 OSD-48 carcass FLT−GC,PC1,ALDH3A2,0.00013033993061595868,0.00013033993061595868,59
RR1 OSD-48 carcass FLT−GC,PC1,ALDH4A1,9.269895182271399e-05,9.269895182271399e-05,405
RR1 OSD-48 carcass FLT−GC,PC1,AMACR,9.484798814801678e-05,9.484798814801678e-05,355
RR1 OSD-48 carcass FLT−GC,PC1,AMMECR1L,9.017249921260707e-05,9.017249921260707e-05,484
RR1 OSD-48 carcass FLT−GC,PC1,ANGPTL4,0.00013330312185009767,0.00013330312185009767,55
RR1 OSD-48 carcass FLT−GC,PC1,ANKRD16,0.00010530640337422116,0.00010530640337422116,168
RR1 OSD-48 carcass FLT−GC,PC1,ANKS4B,9.880332683368307e-05,9.880332683368307e-05,254
RR1 OSD-48 carcass FLT−GC,PC1,ANKZF1,9.588120517799879e-05,9.588120517799879e-05,332
RR1 OSD-48 carcass FLT−GC,PC1,ANXA7,9.634330386987838e-05,9.634330386987838e-05,321
RR1 OSD-48 carcass FLT−GC,PC1,AP5Z1,9.125601767438509e-05,9.125601767438509e-05,449
RR1 OSD-48 carcass FLT−GC,PC1,APEH,9.456998295360609e-05,9.456998295360609e-05,366
RR1 OSD-48 carcass FLT−GC,PC1,APH1A,9.779646891716249e-05,9.779646891716249e-05,279
RR1 OSD-48 carcass FLT−GC,PC1,APOM,9.163000517476222e-05,9.163000517476222e-05,439
RR1 OSD-48 carcass FLT−GC,PC1,AQP1,9.195554676927714e-05,9.195554676927714e-05,425
RR1 OSD-48 carcass FLT−GC,PC1,ARPC1A,9.073453539467188e-05,9.073453539467188e-05,462
RR1 OSD-48 carcass FLT−GC,PC1,ARRDC3,0.0001556102295495855,0.0001556102295495855,16
RR1 OSD-48 carcass FLT−GC,PC1,ATAD3A,9.323412608754578e-05,9.323412608754578e-05,395
RR1 OSD-48 carcass FLT−GC,PC1,ATL2,8.998507205689398e-05,8.998507205689398e-05,496
RR1 OSD-48 carcass FLT−GC,PC1,ATP1A1,0.00010321226433965008,0.00010321226433965008,197
RR1 OSD-48 carcass FLT−GC,PC1,ATP6V0D2,9.007006355378568e-05,9.007006355378568e-05,492
RR1 OSD-48 carcass FLT−GC,PC1,ATP6V1E1,9.024104644470738e-05,9.024104644470738e-05,481
RR1 OSD-48 carcass FLT−GC,PC1,ATRAID,9.948461574261919e-05,9.948461574261919e-05,244
RR1 OSD-48 carcass FLT−GC,PC1,ATXN2,0.00010243781797411133,0.00010243781797411133,211
RR1 OSD-48 carcass FLT−GC,PC1,AZIN1,0.00010041988123380052,0.00010041988123380052,230
RR1 OSD-48 carcass FLT−GC,PC1,BAIAP2L1,9.824546703474956e-05,9.824546703474956e-05,269
RR1 OSD-48 carcass FLT−GC,PC1,BBOX1,0.00010245726896267304,0.00010245726896267304,209
RR1 OSD-48 carcass FLT−GC,PC1,BCAT2,9.985412328515648e-05,9.985412328515648e-05,235
RR1 OSD-48 carcass FLT−GC,PC1,BDH1,0.00010382523306931591,0.00010382523306931591,189
RR1 OSD-48 carcass FLT−GC,PC1,BHLHE40,0.0001368224725783738,0.0001368224725783738,43
RR1 OSD-48 carcass FLT−GC,PC1,BNIP3,0.00011071522798867362,0.00011071522798867362,132
RR1 OSD-48 carcass FLT−GC,PC1,BRAP,0.0001189639947379664,0.0001189639947379664,90
RR1 OSD-48 carcass FLT−GC,PC1,BUD13,9.20572780128875e-05,9.20572780128875e-05,422
RR1 OSD-48 carcass FLT−GC,PC1,C2CD2L,0.00010298961507845551,0.00010298961507845551,203
RR1 OSD-48 carcass FLT−GC,PC1,CASP6,0.00014886282581618175,0.00014886282581618175,21
RR1 OSD-48 carcass FLT−GC,PC1,CBX7,0.00010097867897698815,0.00010097867897698815,227
RR1 OSD-48 carcass FLT−GC,PC1,CCN1,9.165430454833802e-05,9.165430454833802e-05,436
RR1 OSD-48 carcass FLT−GC,PC1,CCT4,9.296860066208159e-05,9.296860066208159e-05,401
RR1 OSD-48 carcass FLT−GC,PC1,CDC26,9.542175973591676e-05,9.542175973591676e-05,339
RR1 OSD-48 carcass FLT−GC,PC1,CDK18,9.821191394707834e-05,9.821191394707834e-05,272
RR1 OSD-48 carcass FLT−GC,PC1,CDKN1A,-0.00013745458652043144,0.00013745458652043144,41
RR1 OSD-48 carcass FLT−GC,PC1,CDS2,9.566220525284859e-05,9.566220525284859e-05,334
RR1 OSD-48 carcass FLT−GC,PC1,CFAP20,9.975721089575994e-05,9.975721089575994e-05,240
RR1 OSD-48 carcass FLT−GC,PC1,CHD3,9.895089528891846e-05,9.895089528891846e-05,252
RR1 OSD-48 carcass FLT−GC,PC1,CHDH,0.0001024139780950147,0.0001024139780950147,212
RR1 OSD-48 carcass FLT−GC,PC1,CHKA,-0.0001145968157842082,0.0001145968157842082,105
RR1 OSD-48 carcass FLT−GC,PC1,CHRNA4,-0.00011335526043286924,0.00011335526043286924,114
RR1 OSD-48 carcass FLT−GC,PC1,CISH,9.474855473926826e-05,9.474855473926826e-05,361
RR1 OSD-48 carcass FLT−GC,PC1,CLCN2,0.00012506175334980605,0.00012506175334980605,74
RR1 OSD-48 carcass FLT−GC,PC1,CLEC4G,0.00011134515385267321,0.00011134515385267321,125
RR1 OSD-48 carcass FLT−GC,PC1,CLK3,9.314638047657609e-05,9.314638047657609e-05,398
RR1 OSD-48 carcass FLT−GC,PC1,CLMN,0.00013910126612459438,0.00013910126612459438,34
RR1 OSD-48 carcass FLT−GC,PC1,CLTA,0.00010759144155634332,0.00010759144155634332,152
RR1 OSD-48 carcass FLT−GC,PC1,CNN3,9.569804611091517e-05,9.569804611091517e-05,333
RR1 OSD-48 carcass FLT−GC,PC1,CNPPD1,0.00011203895253380746,0.00011203895253380746,121
RR1 OSD-48 carcass FLT−GC,PC1,COQ10B,0.00013557752827750375,0.00013557752827750375,47
RR1 OSD-48 carcass FLT−GC,PC1,COX7A2L,0.00010338197509112678,0.00010338197509112678,196
RR1 OSD-48 carcass FLT−GC,PC1,CPT1A,0.00018723627229245128,0.00018723627229245128,6
RR1 OSD-48 carcass FLT−GC,PC1,CRBN,9.33162256788224e-05,9.33162256788224e-05,392
RR1 OSD-48 carcass FLT−GC,PC1,CREB3L3,0.00013662214083282872,0.00013662214083282872,45
RR1 OSD-48 carcass FLT−GC,PC1,CRTC2,0.00011101231622477813,0.00011101231622477813,128
RR1 OSD-48 carcass FLT−GC,PC1,CRY2,0.00010892263067207832,0.00010892263067207832,140
RR1 OSD-48 carcass FLT−GC,PC1,CRYL1,0.00011522372547060295,0.00011522372547060295,102
RR1 OSD-48 carcass FLT−GC,PC1,CRYZ,0.00012683522867986397,0.00012683522867986397,70
RR1 OSD-48 carcass FLT−GC,PC1,CSAD,0.00010772149266220463,0.00010772149266220463,149
RR1 OSD-48 carcass FLT−GC,PC1,CSNK1G2,9.024491537127052e-05,9.024491537127052e-05,479
RR1 OSD-48 carcass FLT−GC,PC1,CSRP2,0.00011603042317831787,0.00011603042317831787,96
RR1 OSD-48 carcass FLT−GC,PC1,CSTB,9.452963548180841e-05,9.452963548180841e-05,369
RR1 OSD-48 carcass FLT−GC,PC1,CTDSP2,9.643202305188027e-05,9.643202305188027e-05,318
RR1 OSD-48 carcass FLT−GC,PC1,CTSF,0.00011345169178415384,0.00011345169178415384,112
RR1 OSD-48 carcass FLT−GC,PC1,CUX2,0.00013553949757412603,0.00013553949757412603,48
RR1 OSD-48 carcass FLT−GC,PC1,CXCL12,0.0001247685814106032,0.0001247685814106032,75
RR1 OSD-48 carcass FLT−GC,PC1,CYTH1,0.00010989976828020248,0.00010989976828020248,134
RR1 OSD-48 carcass FLT−GC,PC1,DBP,0.0004035014248759353,0.0004035014248759353,1
RR1 OSD-48 carcass FLT−GC,PC1,DCAF6,9.480262801760236e-05,9.480262801760236e-05,359
RR1 OSD-48 carcass FLT−GC,PC1,DDAH1,0.00011136438055783214,0.00011136438055783214,124
RR1 OSD-48 carcass FLT−GC,PC1,DDB1,9.36194461000186e-05,9.36194461000186e-05,384
RR1 OSD-48 carcass FLT−GC,PC1,DDIT4,-9.239015801606349e-05,9.239015801606349e-05,413
RR1 OSD-48 carcass FLT−GC,PC1,DDX17,9.523234668904822e-05,9.523234668904822e-05,342
RR1 OSD-48 carcass FLT−GC,PC1,DECR1,0.0001209526522553214,0.0001209526522553214,82
RR1 OSD-48 carcass FLT−GC,PC1,DECR2,0.00010677430372127647,0.00010677430372127647,158
RR1 OSD-48 carcass FLT−GC,PC1,DEDD2,0.00011983575014293535,0.00011983575014293535,86
RR1 OSD-48 carcass FLT−GC,PC1,DEPP1,0.00010590911524006469,0.00010590911524006469,164
RR1 OSD-48 carcass FLT−GC,PC1,DHCR24,9.847210124392614e-05,9.847210124392614e-05,260
RR1 OSD-48 carcass FLT−GC,PC1,DHDH,9.663564504379134e-05,9.663564504379134e-05,315
RR1 OSD-48 carcass FLT−GC,PC1,DHTKD1,0.00011371761701585054,0.00011371761701585054,109
RR1 OSD-48 carcass FLT−GC,PC1,DMAC2,0.00011567643492775215,0.00011567643492775215,98
RR1 OSD-48 carcass FLT−GC,PC1,DNAJB4,9.760899014525572e-05,9.760899014525572e-05,285
RR1 OSD-48 carcass FLT−GC,PC1,DNAJB9,0.00010431244568089266,0.00010431244568089266,183
RR1 OSD-48 carcass FLT−GC,PC1,DPYS,0.00010971863509960227,0.00010971863509960227,135
RR1 OSD-48 carcass FLT−GC,PC1,DQX1,9.826566281020689e-05,9.826566281020689e-05,268
RR1 OSD-48 carcass FLT−GC,PC1,DTNBP1,9.076219422025234e-05,9.076219422025234e-05,460
RR1 OSD-48 carcass FLT−GC,PC1,DUSP11,9.453646942492834e-05,9.453646942492834e-05,368
RR1 OSD-48 carcass FLT−GC,PC1,DUSP6,9.328881238852454e-05,9.328881238852454e-05,394
RR1 OSD-48 carcass FLT−GC,PC1,EEF1B2,8.996900458983786e-05,8.996900458983786e-05,498
RR1 OSD-48 carcass FLT−GC,PC1,EEF1D,9.679014675392503e-05,9.679014675392503e-05,306
RR1 OSD-48 carcass FLT−GC,PC1,EFNA1,9.700213670331886e-05,9.700213670331886e-05,303
RR1 OSD-48 carcass FLT−GC,PC1,EGFL7,0.00010480481414742548,0.00010480481414742548,176
RR1 OSD-48 carcass FLT−GC,PC1,EGLN2,9.732686535743574e-05,9.732686535743574e-05,292
RR1 OSD-48 carcass FLT−GC,PC1,EIF3I,9.670231295248708e-05,9.670231295248708e-05,312
RR1 OSD-48 carcass FLT−GC,PC1,EIF4EBP2,0.0001035414209415921,0.0001035414209415921,192
RR1 OSD-48 carcass FLT−GC,PC1,EIF4H,9.101341463438521e-05,9.101341463438521e-05,455
RR1 OSD-48 carcass FLT−GC,PC1,ELL,9.243894897719202e-05,9.243894897719202e-05,411
RR1 OSD-48 carcass FLT−GC,PC1,EMC10,0.00010148539156452177,0.00010148539156452177,219
RR1 OSD-48 carcass FLT−GC,PC1,EPAS1,9.25277781997569e-05,9.25277781997569e-05,409
RR1 OSD-48 carcass FLT−GC,PC1,EPB41,0.0001020498545660142,0.0001020498545660142,213
RR1 OSD-48 carcass FLT−GC,PC1,EPHA1,0.00013868038055669032,0.00013868038055669032,36
RR1 OSD-48 carcass FLT−GC,PC1,ERBB3,0.00010939877279495014,0.00010939877279495014,137
RR1 OSD-48 carcass FLT−GC,PC1,ERF,8.996495447817362e-05,8.996495447817362e-05,499
RR1 OSD-48 carcass FLT−GC,PC1,ERLEC1,9.763610300372878e-05,9.763610300372878e-05,283
RR1 OSD-48 carcass FLT−GC,PC1,ESRRA,0.00010125389092525158,0.00010125389092525158,222
RR1 OSD-48 carcass FLT−GC,PC1,ETFDH,0.00010550109451729719,0.00010550109451729719,167
RR1 OSD-48 carcass FLT−GC,PC1,EVA1A,0.00010143221918975042,0.00010143221918975042,220
RR1 OSD-48 carcass FLT−GC,PC1,F13B,0.00011300656371285922,0.00011300656371285922,116
RR1 OSD-48 carcass FLT−GC,PC1,FABP5,-9.008176814484251e-05,9.008176814484251e-05,491
RR1 OSD-48 carcass FLT−GC,PC1,FADS6,9.059643946076934e-05,9.059643946076934e-05,465
RR1 OSD-48 carcass FLT−GC,PC1,FAM13A,9.501016995404617e-05,9.501016995404617e-05,350
RR1 OSD-48 carcass FLT−GC,PC1,FAM98C,0.00010725897889553812,0.00010725897889553812,155
RR1 OSD-48 carcass FLT−GC,PC1,FBRS,9.178048320325495e-05,9.178048320325495e-05,429
RR1 OSD-48 carcass FLT−GC,PC1,FBXO21,0.00015018470030695567,0.00015018470030695567,20
RR1 OSD-48 carcass FLT−GC,PC1,FBXO9,0.00010038960675739971,0.00010038960675739971,231
RR1 OSD-48 carcass FLT−GC,PC1,FCGRT,0.00011081460072892598,0.00011081460072892598,130
RR1 OSD-48 carcass FLT−GC,PC1,FDX1,9.41072381371562e-05,9.41072381371562e-05,374
RR1 OSD-48 carcass FLT−GC,PC1,FECH,9.930591408395467e-05,9.930591408395467e-05,247
RR1 OSD-48 carcass FLT−GC,PC1,FGFRL1,0.00011554792658942499,0.00011554792658942499,100
RR1 OSD-48 carcass FLT−GC,PC1,FGGY,9.042083790743445e-05,9.042083790743445e-05,472
RR1 OSD-48 carcass FLT−GC,PC1,FITM2,9.219481284251138e-05,9.219481284251138e-05,417
RR1 OSD-48 carcass FLT−GC,PC1,FKBP3,0.00011120087734560683,0.00011120087734560683,126
RR1 OSD-48 carcass FLT−GC,PC1,FLCN,0.00013327515932037176,0.00013327515932037176,56
RR1 OSD-48 carcass FLT−GC,PC1,FMO2,0.00010269774175589105,0.00010269774175589105,208
RR1 OSD-48 carcass FLT−GC,PC1,FMO3,0.00011825439459793723,0.00011825439459793723,92
RR1 OSD-48 carcass FLT−GC,PC1,FNIP2,9.159181866093071e-05,9.159181866093071e-05,440
RR1 OSD-48 carcass FLT−GC,PC1,FUBP1,9.458018986809026e-05,9.458018986809026e-05,365
RR1 OSD-48 carcass FLT−GC,PC1,G0S2,0.00012937107356998716,0.00012937107356998716,62
RR1 OSD-48 carcass FLT−GC,PC1,GABARAPL1,0.00011347871675938405,0.00011347871675938405,111
RR1 OSD-48 carcass FLT−GC,PC1,GADD45G,-9.041809982090037e-05,9.041809982090037e-05,473
RR1 OSD-48 carcass FLT−GC,PC1,GALK1,0.00012913200860297392,0.00012913200860297392,65
RR1 OSD-48 carcass FLT−GC,PC1,GCH1,0.00012033413744171178,0.00012033413744171178,84
RR1 OSD-48 carcass FLT−GC,PC1,GJB2,9.759265516321931e-05,9.759265516321931e-05,287
RR1 OSD-48 carcass FLT−GC,PC1,GNA12,0.00011370150841943185,0.00011370150841943185,110
RR1 OSD-48 carcass FLT−GC,PC1,GNE,9.495470600003705e-05,9.495470600003705e-05,352
RR1 OSD-48 carcass FLT−GC,PC1,GNL1,9.728153886329403e-05,9.728153886329403e-05,294
RR1 OSD-48 carcass FLT−GC,PC1,GNL3,9.371181164881345e-05,9.371181164881345e-05,382
RR1 OSD-48 carcass FLT−GC,PC1,GNPDA1,0.00010372738944939651,0.00010372738944939651,190
RR1 OSD-48 carcass FLT−GC,PC1,GNPNAT1,0.00010302569332972023,0.00010302569332972023,202
RR1 OSD-48 carcass FLT−GC,PC1,GNS,9.133721403292918e-05,9.133721403292918e-05,448
RR1 OSD-48 carcass FLT−GC,PC1,GPAT4,9.733207805781252e-05,9.733207805781252e-05,291
RR1 OSD-48 carcass FLT−GC,PC1,GPCPD1,0.00013763242449088306,0.00013763242449088306,40
RR1 OSD-48 carcass FLT−GC,PC1,GPR146,0.00013519182144248803,0.00013519182144248803,49
RR1 OSD-48 carcass FLT−GC,PC1,GPRC5C,0.00010361541202916131,0.00010361541202916131,191
RR1 OSD-48 carcass FLT−GC,PC1,GRB7,9.760693272740081e-05,9.760693272740081e-05,286
RR1 OSD-48 carcass FLT−GC,PC1,GRPEL2,0.0001239446256585137,0.0001239446256585137,76
RR1 OSD-48 carcass FLT−GC,PC1,GUK1,9.863688254524679e-05,9.863688254524679e-05,258
RR1 OSD-48 carcass FLT−GC,PC1,GYS2,0.00016774735465595976,0.00016774735465595976,10
RR1 OSD-48 carcass FLT−GC,PC1,GZF1,0.00010527905670205037,0.00010527905670205037,169
RR1 OSD-48 carcass FLT−GC,PC1,H2AZ2,0.00011071826600824984,0.00011071826600824984,131
RR1 OSD-48 carcass FLT−GC,PC1,HACD3,0.00010103992956643078,0.00010103992956643078,226
RR1 OSD-48 carcass FLT−GC,PC1,HACL1,9.671138414156928e-05,9.671138414156928e-05,311
RR1 OSD-48 carcass FLT−GC,PC1,HADHB,0.00010885535514096288,0.00010885535514096288,141
RR1 OSD-48 carcass FLT−GC,PC1,HAO2,0.00014367274394464275,0.00014367274394464275,27
RR1 OSD-48 carcass FLT−GC,PC1,HBP1,9.015177016367623e-05,9.015177016367623e-05,487
RR1 OSD-48 carcass FLT−GC,PC1,HDAC11,0.0001341984718661895,0.0001341984718661895,51
RR1 OSD-48 carcass FLT−GC,PC1,HECTD3,9.025533758535065e-05,9.025533758535065e-05,477
RR1 OSD-48 carcass FLT−GC,PC1,HLF,0.00010487101269399476,0.00010487101269399476,175
RR1 OSD-48 carcass FLT−GC,PC1,HMGCL,9.381423940554951e-05,9.381423940554951e-05,378
RR1 OSD-48 carcass FLT−GC,PC1,HMGN1,0.00010504432901917218,0.00010504432901917218,172
RR1 OSD-48 carcass FLT−GC,PC1,HNRNPL,9.461618179961596e-05,9.461618179961596e-05,364
RR1 OSD-48 carcass FLT−GC,PC1,HOGA1,9.718971489516028e-05,9.718971489516028e-05,298
RR1 OSD-48 carcass FLT−GC,PC1,HOOK2,0.0001380290968033684,0.0001380290968033684,39
RR1 OSD-48 carcass FLT−GC,PC1,HSD17B13,9.492669420284329e-05,9.492669420284329e-05,353
RR1 OSD-48 carcass FLT−GC,PC1,HSD17B6,0.00011455365903618947,0.00011455365903618947,106
RR1 OSD-48 carcass FLT−GC,PC1,HSPH1,0.0001051873438687962,0.0001051873438687962,170
RR1 OSD-48 carcass FLT−GC,PC1,HYAL1,0.00011954074763450935,0.00011954074763450935,87
RR1 OSD-48 carcass FLT−GC,PC1,HYAL2,0.00010762536119545121,0.00010762536119545121,151
RR1 OSD-48 carcass FLT−GC,PC1,HYKK,0.00015972002130167358,0.00015972002130167358,14
RR1 OSD-48 carcass FLT−GC,PC1,ID1,0.00014376532702961573,0.00014376532702961573,26
RR1 OSD-48 carcass FLT−GC,PC1,IDH2,0.00011917536031593202,0.00011917536031593202,89
RR1 OSD-48 carcass FLT−GC,PC1,IL15RA,0.0001382901825025933,0.0001382901825025933,37
RR1 OSD-48 carcass FLT−GC,PC1,ILDR2,0.0001088397250338391,0.0001088397250338391,142
RR1 OSD-48 carcass FLT−GC,PC1,IMP3,9.123211995993203e-05,9.123211995993203e-05,450
RR1 OSD-48 carcass FLT−GC,PC1,INCA1,9.886367444610433e-05,9.886367444610433e-05,253
RR1 OSD-48 carcass FLT−GC,PC1,INF2,0.00010930105219305455,0.00010930105219305455,138
RR1 OSD-48 carcass FLT−GC,PC1,INHBE,0.00010500687423618043,0.00010500687423618043,173
RR1 OSD-48 carcass FLT−GC,PC1,INMT,9.727111180126079e-05,9.727111180126079e-05,296
RR1 OSD-48 carcass FLT−GC,PC1,INSR,9.484445545889222e-05,9.484445545889222e-05,356
RR1 OSD-48 carcass FLT−GC,PC1,IP6K1,0.0001029764193181827,0.0001029764193181827,204
RR1 OSD-48 carcass FLT−GC,PC1,ISG15,-0.00010184815139619323,0.00010184815139619323,217
RR1 OSD-48 carcass FLT−GC,PC1,IST1,9.034019170416375e-05,9.034019170416375e-05,474
RR1 OSD-48 carcass FLT−GC,PC1,IVNS1ABP,9.978882122494147e-05,9.978882122494147e-05,239
RR1 OSD-48 carcass FLT−GC,PC1,IZUMO4,0.00011235067839618842,0.00011235067839618842,119
RR1 OSD-48 carcass FLT−GC,PC1,JADE1,9.210786300945074e-05,9.210786300945074e-05,420
RR1 OSD-48 carcass FLT−GC,PC1,JMJD6,9.837062911301028e-05,9.837062911301028e-05,263
RR1 OSD-48 carcass FLT−GC,PC1,JOSD1,9.671993122455906e-05,9.671993122455906e-05,310
RR1 OSD-48 carcass FLT−GC,PC1,JUNB,0.00010670052920570137,0.00010670052920570137,159
RR1 OSD-48 carcass FLT−GC,PC1,KANSL3,9.917464668745282e-05,9.917464668745282e-05,248
RR1 OSD-48 carcass FLT−GC,PC1,KIAA1671,0.00011142357569789649,0.00011142357569789649,123
RR1 OSD-48 carcass FLT−GC,PC1,KIFC2,9.547221164959603e-05,9.547221164959603e-05,336
RR1 OSD-48 carcass FLT−GC,PC1,KLF10,0.00010805896628235464,0.00010805896628235464,146
RR1 OSD-48 carcass FLT−GC,PC1,KLHDC3,0.00010353259569029413,0.00010353259569029413,193
RR1 OSD-48 carcass FLT−GC,PC1,KLHL21,0.00010826683960355169,0.00010826683960355169,145
RR1 OSD-48 carcass FLT−GC,PC1,KYAT3,0.00014398525392647177,0.00014398525392647177,25
RR1 OSD-48 carcass FLT−GC,PC1,L2HGDH,9.215262931153303e-05,9.215262931153303e-05,419
RR1 OSD-48 carcass FLT−GC,PC1,LDB1,9.011199109910686e-05,9.011199109910686e-05,490
RR1 OSD-48 carcass FLT−GC,PC1,LDLR,0.00010708578796575305,0.00010708578796575305,157
RR1 OSD-48 carcass FLT−GC,PC1,LENG8,9.832024426390884e-05,9.832024426390884e-05,264
RR1 OSD-48 carcass FLT−GC,PC1,LGALS4,0.00018765980760735584,0.00018765980760735584,5
RR1 OSD-48 carcass FLT−GC,PC1,LIMA1,9.420940992259e-05,9.420940992259e-05,373
RR1 OSD-48 carcass FLT−GC,PC1,LIPG,9.048930371036355e-05,9.048930371036355e-05,469
RR1 OSD-48 carcass FLT−GC,PC1,LPCAT3,9.680451747179354e-05,9.680451747179354e-05,305
RR1 OSD-48 carcass FLT−GC,PC1,LPIN2,0.00012692751746256936,0.00012692751746256936,68
RR1 OSD-48 carcass FLT−GC,PC1,LRP1,0.00012620894450921376,0.00012620894450921376,73
RR1 OSD-48 carcass FLT−GC,PC1,LZTS3,9.135814922696041e-05,9.135814922696041e-05,446
RR1 OSD-48 carcass FLT−GC,PC1,MACROD1,0.00010737893058040002,0.00010737893058040002,154
RR1 OSD-48 carcass FLT−GC,PC1,MAF1,9.541443889664864e-05,9.541443889664864e-05,340
RR1 OSD-48 carcass FLT−GC,PC1,MAFB,0.00014296579141870056,0.00014296579141870056,28
RR1 OSD-48 carcass FLT−GC,PC1,MAFG,0.00011282563359331901,0.00011282563359331901,117
RR1 OSD-48 carcass FLT−GC,PC1,MAPK14,9.048676334333452e-05,9.048676334333452e-05,470
RR1 OSD-48 carcass FLT−GC,PC1,MARCHF5,0.00010076696275889159,0.00010076696275889159,228
RR1 OSD-48 carcass FLT−GC,PC1,MARF1,0.00010509029864169773,0.00010509029864169773,171
RR1 OSD-48 carcass FLT−GC,PC1,MAT2A,0.00011588768440278631,0.00011588768440278631,97
RR1 OSD-48 carcass FLT−GC,PC1,MAT2B,9.166349836610208e-05,9.166349836610208e-05,435
RR1 OSD-48 carcass FLT−GC,PC1,MBD1,9.401461024462375e-05,9.401461024462375e-05,376
RR1 OSD-48 carcass FLT−GC,PC1,MBOAT7,9.140512736875904e-05,9.140512736875904e-05,445
RR1 OSD-48 carcass FLT−GC,PC1,MCM10,9.11559160256524e-05,9.11559160256524e-05,451
RR1 OSD-48 carcass FLT−GC,PC1,MCOLN1,0.0001061180728199724,0.0001061180728199724,161
RR1 OSD-48 carcass FLT−GC,PC1,MCRIP1,9.059191953043645e-05,9.059191953043645e-05,466
RR1 OSD-48 carcass FLT−GC,PC1,MED20,0.00010110546419633673,0.00010110546419633673,225
RR1 OSD-48 carcass FLT−GC,PC1,MEF2D,9.152131559277909e-05,9.152131559277909e-05,442
RR1 OSD-48 carcass FLT−GC,PC1,MERTK,9.167109226270222e-05,9.167109226270222e-05,434
RR1 OSD-48 carcass FLT−GC,PC1,MFSD1,9.604269091194983e-05,9.604269091194983e-05,328
RR1 OSD-48 carcass FLT−GC,PC1,MFSD2A,0.0001523305295399003,0.0001523305295399003,19
RR1 OSD-48 carcass FLT−GC,PC1,MGRN1,0.00010766367315309,0.00010766367315309,150
RR1 OSD-48 carcass FLT−GC,PC1,MGST3,9.318171567327555e-05,9.318171567327555e-05,397
RR1 OSD-48 carcass FLT−GC,PC1,MIA3,9.518192941477253e-05,9.518192941477253e-05,344
RR1 OSD-48 carcass FLT−GC,PC1,MKNK2,9.815351309118378e-05,9.815351309118378e-05,273
RR1 OSD-48 carcass FLT−GC,PC1,MLYCD,0.00010876037621775809,0.00010876037621775809,144
RR1 OSD-48 carcass FLT−GC,PC1,MMADHC,9.156378507077197e-05,9.156378507077197e-05,441
RR1 OSD-48 carcass FLT−GC,PC1,MMD,0.00013374197449427585,0.00013374197449427585,53
RR1 OSD-48 carcass FLT−GC,PC1,MORF4L1,9.513643953270397e-05,9.513643953270397e-05,346
RR1 OSD-48 carcass FLT−GC,PC1,MRPS12,9.352511831633008e-05,9.352511831633008e-05,386
RR1 OSD-48 carcass FLT−GC,PC1,MT1X,9.601928914129679e-05,9.601928914129679e-05,329
RR1 OSD-48 carcass FLT−GC,PC1,MTCH1,9.505774706032665e-05,9.505774706032665e-05,348
RR1 OSD-48 carcass FLT−GC,PC1,MTSS1,9.235041148270134e-05,9.235041148270134e-05,414
RR1 OSD-48 carcass FLT−GC,PC1,NAA60,0.00011335348541515746,0.00011335348541515746,115
RR1 OSD-48 carcass FLT−GC,PC1,NAA80,9.17585965857003e-05,9.17585965857003e-05,430
RR1 OSD-48 carcass FLT−GC,PC1,NAGA,9.313434500884042e-05,9.313434500884042e-05,399
RR1 OSD-48 carcass FLT−GC,PC1,NARF,9.827119956772069e-05,9.827119956772069e-05,267
RR1 OSD-48 carcass FLT−GC,PC1,NDEL1,9.346929471926483e-05,9.346929471926483e-05,387
RR1 OSD-48 carcass FLT−GC,PC1,NFE2L1,9.0454819134912e-05,9.0454819134912e-05,471
RR1 OSD-48 carcass FLT−GC,PC1,NGEF,0.00013669793227601945,0.00013669793227601945,44
RR1 OSD-48 carcass FLT−GC,PC1,NIPAL1,9.358626171613078e-05,9.358626171613078e-05,385
RR1 OSD-48 carcass FLT−GC,PC1,NLRP6,9.019649206734077e-05,9.019649206734077e-05,482
RR1 OSD-48 carcass FLT−GC,PC1,NMRK1,0.0001080107093001336,0.0001080107093001336,147
RR1 OSD-48 carcass FLT−GC,PC1,NOCT,0.0001360796503888938,0.0001360796503888938,46
RR1 OSD-48 carcass FLT−GC,PC1,NOP10,9.164371251422327e-05,9.164371251422327e-05,437
RR1 OSD-48 carcass FLT−GC,PC1,NOP53,0.00010169444566713639,0.00010169444566713639,218
RR1 OSD-48 carcass FLT−GC,PC1,NPC1,0.0001329782789772074,0.0001329782789772074,57
RR1 OSD-48 carcass FLT−GC,PC1,NR1D1,0.00020522476197902076,0.00020522476197902076,4
RR1 OSD-48 carcass FLT−GC,PC1,NR1D2,0.00020722359221571706,0.00020722359221571706,3
RR1 OSD-48 carcass FLT−GC,PC1,NR1I3,9.86923970871381e-05,9.86923970871381e-05,256
RR1 OSD-48 carcass FLT−GC,PC1,NR5A2,9.383772984183988e-05,9.383772984183988e-05,377
RR1 OSD-48 carcass FLT−GC,PC1,NUFIP2,9.82175485901478e-05,9.82175485901478e-05,271
RR1 OSD-48 carcass FLT−GC,PC1,OGFOD2,9.083181595184831e-05,9.083181595184831e-05,458
RR1 OSD-48 carcass FLT−GC,PC1,OGT,0.0001108714490095917,0.0001108714490095917,129
RR1 OSD-48 carcass FLT−GC,PC1,ONECUT1,9.309093713158516e-05,9.309093713158516e-05,400
RR1 OSD-48 carcass FLT−GC,PC1,OPLAH,0.00013968960693582874,0.00013968960693582874,32
RR1 OSD-48 carcass FLT−GC,PC1,OPTN,0.00012637575205221032,0.00012637575205221032,71
RR1 OSD-48 carcass FLT−GC,PC1,PABPC4,9.371942605550557e-05,9.371942605550557e-05,381
RR1 OSD-48 carcass FLT−GC,PC1,PALMD,9.72761833561152e-05,9.72761833561152e-05,295
RR1 OSD-48 carcass FLT−GC,PC1,PANK1,0.00010117039011448359,0.00010117039011448359,224
RR1 OSD-48 carcass FLT−GC,PC1,PAQR7,9.052910095915579e-05,9.052910095915579e-05,467
RR1 OSD-48 carcass FLT−GC,PC1,PCBP4,0.00012689945319603547,0.00012689945319603547,69
RR1 OSD-48 carcass FLT−GC,PC1,PCP4L1,9.283681087635886e-05,9.283681087635886e-05,403
RR1 OSD-48 carcass FLT−GC,PC1,PCSK4,0.00015271218782218174,0.00015271218782218174,17
RR1 OSD-48 carcass FLT−GC,PC1,PCSK9,9.643657347762629e-05,9.643657347762629e-05,317
RR1 OSD-48 carcass FLT−GC,PC1,PCTP,9.178740734179886e-05,9.178740734179886e-05,428
RR1 OSD-48 carcass FLT−GC,PC1,PDCD6,9.98395670220998e-05,9.98395670220998e-05,236
RR1 OSD-48 carcass FLT−GC,PC1,PDK2,9.169450615163346e-05,9.169450615163346e-05,432
RR1 OSD-48 carcass FLT−GC,PC1,PDP2,9.972933856917627e-05,9.972933856917627e-05,241
RR1 OSD-48 carcass FLT−GC,PC1,PER1,0.000132545857164845,0.000132545857164845,58
RR1 OSD-48 carcass FLT−GC,PC1,PER2,0.00010460871166907519,0.00010460871166907519,180
RR1 OSD-48 carcass FLT−GC,PC1,PER3,0.00017634061944000725,0.00017634061944000725,7
RR1 OSD-48 carcass FLT−GC,PC1,PEX11A,9.544314409233447e-05,9.544314409233447e-05,338
RR1 OSD-48 carcass FLT−GC,PC1,PEX14,9.831478084572213e-05,9.831478084572213e-05,265
RR1 OSD-48 carcass FLT−GC,PC1,PEX16,9.014912418065719e-05,9.014912418065719e-05,488
RR1 OSD-48 carcass FLT−GC,PC1,PEX19,0.00011534474490155599,0.00011534474490155599,101
RR1 OSD-48 carcass FLT−GC,PC1,PEX26,0.00011336545287760914,0.00011336545287760914,113
RR1 OSD-48 carcass FLT−GC,PC1,PEX6,0.00010349337593806163,0.00010349337593806163,195
RR1 OSD-48 carcass FLT−GC,PC1,PGM1,9.512301455040947e-05,9.512301455040947e-05,347
RR1 OSD-48 carcass FLT−GC,PC1,PHF1,0.00010296464542519664,0.00010296464542519664,205
RR1 OSD-48 carcass FLT−GC,PC1,PIGX,9.753599155889573e-05,9.753599155889573e-05,288
RR1 OSD-48 carcass FLT−GC,PC1,PIK3AP1,9.717975332845804e-05,9.717975332845804e-05,299
RR1 OSD-48 carcass FLT−GC,PC1,PIM3,9.696694634804468e-05,9.696694634804468e-05,304
RR1 OSD-48 carcass FLT−GC,PC1,PITPNM2,9.168517540427246e-05,9.168517540427246e-05,433
RR1 OSD-48 carcass FLT−GC,PC1,PLA2G12A,0.00013937255338375383,0.00013937255338375383,33
RR1 OSD-48 carcass FLT−GC,PC1,PLEKHA6,0.00013989657069207262,0.00013989657069207262,31
RR1 OSD-48 carcass FLT−GC,PC1,PLEKHG3,0.0001138737799780506,0.0001138737799780506,107
RR1 OSD-48 carcass FLT−GC,PC1,PLIN2,0.00012170419252332587,0.00012170419252332587,80
RR1 OSD-48 carcass FLT−GC,PC1,PLPP2,9.98255589922465e-05,9.98255589922465e-05,238
RR1 OSD-48 carcass FLT−GC,PC1,PLPP3,9.668471310397989e-05,9.668471310397989e-05,313
RR1 OSD-48 carcass FLT−GC,PC1,PNN,9.830942023166337e-05,9.830942023166337e-05,266
RR1 OSD-48 carcass FLT−GC,PC1,PNPLA2,0.00010880479616239202,0.00010880479616239202,143
RR1 OSD-48 carcass FLT−GC,PC1,POLR2H,0.00010421318554925143,0.00010421318554925143,184
RR1 OSD-48 carcass FLT−GC,PC1,POLR2M,9.27887492135874e-05,9.27887492135874e-05,404
RR1 OSD-48 carcass FLT−GC,PC1,POR,0.00013805914626186533,0.00013805914626186533,38
RR1 OSD-48 carcass FLT−GC,PC1,PPARA,0.00013901779920748235,0.00013901779920748235,35
RR1 OSD-48 carcass FLT−GC,PC1,PPARGC1A,9.895462916562295e-05,9.895462916562295e-05,251
RR1 OSD-48 carcass FLT−GC,PC1,PPM1K,0.00011476856571343355,0.00011476856571343355,104
RR1 OSD-48 carcass FLT−GC,PC1,PPP1R10,9.015391032978303e-05,9.015391032978303e-05,486
RR1 OSD-48 carcass FLT−GC,PC1,PPP1R37,9.149026000525504e-05,9.149026000525504e-05,443
RR1 OSD-48 carcass FLT−GC,PC1,PPP2R2D,9.497779876552625e-05,9.497779876552625e-05,351
RR1 OSD-48 carcass FLT−GC,PC1,PPP2R5A,9.591262493412948e-05,9.591262493412948e-05,331
RR1 OSD-48 carcass FLT−GC,PC1,PPP6R1,9.207578220739817e-05,9.207578220739817e-05,421
RR1 OSD-48 carcass FLT−GC,PC1,PRKD3,0.00011926507506561849,0.00011926507506561849,88
RR1 OSD-48 carcass FLT−GC,PC1,PRR14,8.997108008329526e-05,8.997108008329526e-05,497
RR1 OSD-48 carcass FLT−GC,PC1,PRXL2C,9.000679409348092e-05,9.000679409348092e-05,495
RR1 OSD-48 carcass FLT−GC,PC1,PSMD13,9.64624000526661e-05,9.64624000526661e-05,316
RR1 OSD-48 carcass FLT−GC,PC1,PTGR2,0.00010475695304746903,0.00010475695304746903,178
RR1 OSD-48 carcass FLT−GC,PC1,RAB43,0.0001066944000866763,0.0001066944000866763,160
RR1 OSD-48 carcass FLT−GC,PC1,RABAC1,9.784372979980578e-05,9.784372979980578e-05,278
RR1 OSD-48 carcass FLT−GC,PC1,RANBP10,9.619370874566614e-05,9.619370874566614e-05,324
RR1 OSD-48 carcass FLT−GC,PC1,RAPH1,9.715283648326175e-05,9.715283648326175e-05,300
RR1 OSD-48 carcass FLT−GC,PC1,RASSF3,0.00012116539701343101,0.00012116539701343101,81
RR1 OSD-48 carcass FLT−GC,PC1,RASSF7,0.00010351932277327944,0.00010351932277327944,194
RR1 OSD-48 carcass FLT−GC,PC1,RBM17,0.00010476260278696006,0.00010476260278696006,177
RR1 OSD-48 carcass FLT−GC,PC1,RBM3,9.471552543115524e-05,9.471552543115524e-05,363
RR1 OSD-48 carcass FLT−GC,PC1,RBPMS2,9.474413892208937e-05,9.474413892208937e-05,362
RR1 OSD-48 carcass FLT−GC,PC1,RETREG2,0.00012208724912833761,0.00012208724912833761,79
RR1 OSD-48 carcass FLT−GC,PC1,RETSAT,0.00011380132212977026,0.00011380132212977026,108
RR1 OSD-48 carcass FLT−GC,PC1,RGS16,9.330499832498004e-05,9.330499832498004e-05,393
RR1 OSD-48 carcass FLT−GC,PC1,RHBDD2,9.018428576131456e-05,9.018428576131456e-05,483
RR1 OSD-48 carcass FLT−GC,PC1,RNF167,9.665666295752147e-05,9.665666295752147e-05,314
RR1 OSD-48 carcass FLT−GC,PC1,RNF186,0.00013727386010980007,0.00013727386010980007,42
RR1 OSD-48 carcass FLT−GC,PC1,RNF19B,0.00010553208132857321,0.00010553208132857321,166
RR1 OSD-48 carcass FLT−GC,PC1,RNF4,0.00010456001318372899,0.00010456001318372899,181
RR1 OSD-48 carcass FLT−GC,PC1,RNF43,9.260709282329448e-05,9.260709282329448e-05,408
RR1 OSD-48 carcass FLT−GC,PC1,ROPN1L,0.00010313090088180754,0.00010313090088180754,199
RR1 OSD-48 carcass FLT−GC,PC1,RORC,0.00010117058768319292,0.00010117058768319292,223
RR1 OSD-48 carcass FLT−GC,PC1,RPAIN,9.375862254176879e-05,9.375862254176879e-05,380
RR1 OSD-48 carcass FLT−GC,PC1,RPL3,9.846900324050149e-05,9.846900324050149e-05,261
RR1 OSD-48 carcass FLT−GC,PC1,RRAGC,9.067553820872727e-05,9.067553820872727e-05,463
RR1 OSD-48 carcass FLT−GC,PC1,RTCB,9.438135859503447e-05,9.438135859503447e-05,370
RR1 OSD-48 carcass FLT−GC,PC1,RTF2,0.00010054350000306439,0.00010054350000306439,229
RR1 OSD-48 carcass FLT−GC,PC1,RTN4,9.956566320064955e-05,9.956566320064955e-05,243
RR1 OSD-48 carcass FLT−GC,PC1,RXRA,9.113831453385124e-05,9.113831453385124e-05,453
RR1 OSD-48 carcass FLT−GC,PC1,S100A13,9.790883072502506e-05,9.790883072502506e-05,276
RR1 OSD-48 carcass FLT−GC,PC1,SALL1,0.00010913350005454501,0.00010913350005454501,139
RR1 OSD-48 carcass FLT−GC,PC1,SAP130,9.516060137280137e-05,9.516060137280137e-05,345
RR1 OSD-48 carcass FLT−GC,PC1,SBDS,9.215590364516957e-05,9.215590364516957e-05,418
RR1 OSD-48 carcass FLT−GC,PC1,SCARB2,9.942261348050862e-05,9.942261348050862e-05,245
RR1 OSD-48 carcass FLT−GC,PC1,SCNN1A,0.00011558278220919663,0.00011558278220919663,99
RR1 OSD-48 carcass FLT−GC,PC1,SDF4,9.015771986117723e-05,9.015771986117723e-05,485
RR1 OSD-48 carcass FLT−GC,PC1,SEC24C,9.001118627085967e-05,9.001118627085967e-05,494
RR1 OSD-48 carcass FLT−GC,PC1,SELENOS,9.344741143122894e-05,9.344741143122894e-05,388
RR1 OSD-48 carcass FLT−GC,PC1,SFPQ,9.289746765117388e-05,9.289746765117388e-05,402
RR1 OSD-48 carcass FLT−GC,PC1,SGK2,0.0001619550662492074,0.0001619550662492074,13
RR1 OSD-48 carcass FLT−GC,PC1,SIDT2,9.193742570110514e-05,9.193742570110514e-05,426
RR1 OSD-48 carcass FLT−GC,PC1,SIRT3,9.672911394863539e-05,9.672911394863539e-05,308
RR1 OSD-48 carcass FLT−GC,PC1,SLC10A5,0.00010270785733109844,0.00010270785733109844,207
RR1 OSD-48 carcass FLT−GC,PC1,SLC12A7,9.547483282662108e-05,9.547483282662108e-05,335
RR1 OSD-48 carcass FLT−GC,PC1,SLC12A9,9.7617869532613e-05,9.7617869532613e-05,284
RR1 OSD-48 carcass FLT−GC,PC1,SLC15A4,9.866012093502e-05,9.866012093502e-05,257
RR1 OSD-48 carcass FLT−GC,PC1,SLC16A7,0.00011114802067760905,0.00011114802067760905,127
RR1 OSD-48 carcass FLT−GC,PC1,SLC17A2,0.00011480135242299124,0.00011480135242299124,103
RR1 OSD-48 carcass FLT−GC,PC1,SLC1A2,9.531571199064196e-05,9.531571199064196e-05,341
RR1 OSD-48 carcass FLT−GC,PC1,SLC20A1,0.00016338052591325828,0.00016338052591325828,12
RR1 OSD-48 carcass FLT−GC,PC1,SLC22A23,9.114407651188028e-05,9.114407651188028e-05,452
RR1 OSD-48 carcass FLT−GC,PC1,SLC25A10,9.741337500682202e-05,9.741337500682202e-05,290
RR1 OSD-48 carcass FLT−GC,PC1,SLC25A13,9.437077047488358e-05,9.437077047488358e-05,371
RR1 OSD-48 carcass FLT−GC,PC1,SLC25A20,0.00010500132210198966,0.00010500132210198966,174
RR1 OSD-48 carcass FLT−GC,PC1,SLC25A28,9.20024525432706e-05,9.20024525432706e-05,424
RR1 OSD-48 carcass FLT−GC,PC1,SLC25A34,0.00010789095316871967,0.00010789095316871967,148
RR1 OSD-48 carcass FLT−GC,PC1,SLC25A42,0.00014273615938935935,0.00014273615938935935,30
RR1 OSD-48 carcass FLT−GC,PC1,SLC2A2,9.634361971136428e-05,9.634361971136428e-05,320
RR1 OSD-48 carcass FLT−GC,PC1,SLC2A9,0.00010273287389962471,0.00010273287389962471,206
RR1 OSD-48 carcass FLT−GC,PC1,SLC35E2B,9.523052922675214e-05,9.523052922675214e-05,343
RR1 OSD-48 carcass FLT−GC,PC1,SLC39A14,0.00010185976574198378,0.00010185976574198378,216
RR1 OSD-48 carcass FLT−GC,PC1,SLC40A1,0.00010448827712297864,0.00010448827712297864,182
RR1 OSD-48 carcass FLT−GC,PC1,SLC7A2,0.00015268266988920407,0.00015268266988920407,18
RR1 OSD-48 carcass FLT−GC,PC1,SLC8B1,9.777645997979436e-05,9.777645997979436e-05,280
RR1 OSD-48 carcass FLT−GC,PC1,SMIM19,0.00011639489852566193,0.00011639489852566193,95
RR1 OSD-48 carcass FLT−GC,PC1,SMPDL3A,9.032394423862975e-05,9.032394423862975e-05,476
RR1 OSD-48 carcass FLT−GC,PC1,SNRPB,0.00011237042297989008,0.00011237042297989008,118
RR1 OSD-48 carcass FLT−GC,PC1,SOAT2,0.00011212284321747701,0.00011212284321747701,120
RR1 OSD-48 carcass FLT−GC,PC1,SOCS2,0.00014717289378709712,0.00014717289378709712,22
RR1 OSD-48 carcass FLT−GC,PC1,SORBS3,0.0001279275958726109,0.0001279275958726109,66
RR1 OSD-48 carcass FLT−GC,PC1,SPCS1,0.00010708879527250601,0.00010708879527250601,156
RR1 OSD-48 carcass FLT−GC,PC1,SPTBN2,0.00010015884219443663,0.00010015884219443663,234
RR1 OSD-48 carcass FLT−GC,PC1,SQOR,9.786509350330853e-05,9.786509350330853e-05,277
RR1 OSD-48 carcass FLT−GC,PC1,SRRM2,9.730403888131451e-05,9.730403888131451e-05,293
RR1 OSD-48 carcass FLT−GC,PC1,ST3GAL5,9.795811762873835e-05,9.795811762873835e-05,275
RR1 OSD-48 carcass FLT−GC,PC1,ST6GAL1,9.406873562532131e-05,9.406873562532131e-05,375
RR1 OSD-48 carcass FLT−GC,PC1,STARD4,0.00010971531661172017,0.00010971531661172017,136
RR1 OSD-48 carcass FLT−GC,PC1,STBD1,0.00013030371828003654,0.00013030371828003654,60
RR1 OSD-48 carcass FLT−GC,PC1,SUCLG1,9.362736898639472e-05,9.362736898639472e-05,383
RR1 OSD-48 carcass FLT−GC,PC1,SUCNR1,0.00010306894365873749,0.00010306894365873749,200
RR1 OSD-48 carcass FLT−GC,PC1,SUGCT,9.005868264924584e-05,9.005868264924584e-05,493
RR1 OSD-48 carcass FLT−GC,PC1,SULT1B1,9.247606384424624e-05,9.247606384424624e-05,410
RR1 OSD-48 carcass FLT−GC,PC1,SUN2,0.00011199961457199634,0.00011199961457199634,122
RR1 OSD-48 carcass FLT−GC,PC1,SURF2,9.672535565792068e-05,9.672535565792068e-05,309
RR1 OSD-48 carcass FLT−GC,PC1,TAFAZZIN,9.824255263520622e-05,9.824255263520622e-05,270
RR1 OSD-48 carcass FLT−GC,PC1,TAOK3,0.00010188552268866351,0.00010188552268866351,214
RR1 OSD-48 carcass FLT−GC,PC1,TBC1D10A,0.00012780993252331665,0.00012780993252331665,67
RR1 OSD-48 carcass FLT−GC,PC1,TCF25,9.06498864518859e-05,9.06498864518859e-05,464
RR1 OSD-48 carcass FLT−GC,PC1,TEF,0.0002669081376429363,0.0002669081376429363,2
RR1 OSD-48 carcass FLT−GC,PC1,TEX264,9.456373441655891e-05,9.456373441655891e-05,367
RR1 OSD-48 carcass FLT−GC,PC1,TGDS,9.614728128792902e-05,9.614728128792902e-05,326
RR1 OSD-48 carcass FLT−GC,PC1,TGFBR3L,0.00010306555882579654,0.00010306555882579654,201
RR1 OSD-48 carcass FLT−GC,PC1,TK1,0.00014462107724886437,0.00014462107724886437,24
RR1 OSD-48 carcass FLT−GC,PC1,TLCD4,9.721918898238785e-05,9.721918898238785e-05,297
RR1 OSD-48 carcass FLT−GC,PC1,TLE2,9.546053824769398e-05,9.546053824769398e-05,337
RR1 OSD-48 carcass FLT−GC,PC1,TM2D1,8.991266666418707e-05,8.991266666418707e-05,500
RR1 OSD-48 carcass FLT−GC,PC1,TM2D3,9.08796154681592e-05,9.08796154681592e-05,457
RR1 OSD-48 carcass FLT−GC,PC1,TM4SF4,9.983710405932249e-05,9.983710405932249e-05,237
RR1 OSD-48 carcass FLT−GC,PC1,TMEM120A,0.00010396933889514545,0.00010396933889514545,188
RR1 OSD-48 carcass FLT−GC,PC1,TMEM134,9.485627933024184e-05,9.485627933024184e-05,354
RR1 OSD-48 carcass FLT−GC,PC1,TMEM219,9.632312267436034e-05,9.632312267436034e-05,322
RR1 OSD-48 carcass FLT−GC,PC1,TMEM25,0.00010320702509416695,0.00010320702509416695,198
RR1 OSD-48 carcass FLT−GC,PC1,TMEM63B,9.483941099254232e-05,9.483941099254232e-05,357
RR1 OSD-48 carcass FLT−GC,PC1,TMEM69,9.104915546708437e-05,9.104915546708437e-05,454
RR1 OSD-48 carcass FLT−GC,PC1,TMEM82,9.630939287440808e-05,9.630939287440808e-05,323
RR1 OSD-48 carcass FLT−GC,PC1,TNS2,0.0001759912635713903,0.0001759912635713903,8
RR1 OSD-48 carcass FLT−GC,PC1,TOB2,9.63597657653978e-05,9.63597657653978e-05,319
RR1 OSD-48 carcass FLT−GC,PC1,TOM1L2,9.376062613091767e-05,9.376062613091767e-05,379
RR1 OSD-48 carcass FLT−GC,PC1,TOR1A,9.20523850163658e-05,9.20523850163658e-05,423
RR1 OSD-48 carcass FLT−GC,PC1,TOR1B,0.00012627977713426842,0.00012627977713426842,72
RR1 OSD-48 carcass FLT−GC,PC1,TPRKB,0.00011691647934926817,0.00011691647934926817,94
RR1 OSD-48 carcass FLT−GC,PC1,TRAPPC4,9.615405221964801e-05,9.615405221964801e-05,325
RR1 OSD-48 carcass FLT−GC,PC1,TRIB3,9.747860564811099e-05,9.747860564811099e-05,289
RR1 OSD-48 carcass FLT−GC,PC1,TRIM11,9.261000001520964e-05,9.261000001520964e-05,407
RR1 OSD-48 carcass FLT−GC,PC1,TRIM24,0.000142947005238434,0.000142947005238434,29
RR1 OSD-48 carcass FLT−GC,PC1,TRNAU1AP,9.343676725371731e-05,9.343676725371731e-05,389
RR1 OSD-48 carcass FLT−GC,PC1,TXNIP,0.00016435757648067964,0.00016435757648067964,11
RR1 OSD-48 carcass FLT−GC,PC1,UBALD1,9.34045534891937e-05,9.34045534891937e-05,390
RR1 OSD-48 carcass FLT−GC,PC1,UBE2H,9.705207247068775e-05,9.705207247068775e-05,302
RR1 OSD-48 carcass FLT−GC,PC1,UBE2V1,0.00010403197805812037,0.00010403197805812037,187
RR1 OSD-48 carcass FLT−GC,PC1,UBQLN4,9.142413572685232e-05,9.142413572685232e-05,444
RR1 OSD-48 carcass FLT−GC,PC1,UBTF,9.234570277107951e-05,9.234570277107951e-05,415
RR1 OSD-48 carcass FLT−GC,PC1,UBXN6,9.838203920063518e-05,9.838203920063518e-05,262
RR1 OSD-48 carcass FLT−GC,PC1,UNC50,9.075076555785457e-05,9.075076555785457e-05,461
RR1 OSD-48 carcass FLT−GC,PC1,UPP2,0.00013459764749243608,0.00013459764749243608,50
RR1 OSD-48 carcass FLT−GC,PC1,USHBP1,9.26163207046583e-05,9.26163207046583e-05,406
RR1 OSD-48 carcass FLT−GC,PC1,USP19,9.90351014678807e-05,9.90351014678807e-05,250
RR1 OSD-48 carcass FLT−GC,PC1,VAMP2,0.00012266529885734614,0.00012266529885734614,78
RR1 OSD-48 carcass FLT−GC,PC1,VEGFA,9.766718152221799e-05,9.766718152221799e-05,282
RR1 OSD-48 carcass FLT−GC,PC1,VEGFB,9.014237082663923e-05,9.014237082663923e-05,489
RR1 OSD-48 carcass FLT−GC,PC1,VNN1,9.483367212125368e-05,9.483367212125368e-05,358
RR1 OSD-48 carcass FLT−GC,PC1,VTI1B,9.221611994554137e-05,9.221611994554137e-05,416
RR1 OSD-48 carcass FLT−GC,PC1,VWA8,0.0001341205824482483,0.0001341205824482483,52
RR1 OSD-48 carcass FLT−GC,PC1,VWCE,9.873329014665588e-05,9.873329014665588e-05,255
RR1 OSD-48 carcass FLT−GC,PC1,WDR45,0.0001003266731215966,0.0001003266731215966,232
RR1 OSD-48 carcass FLT−GC,PC1,WDTC1,9.91008044436877e-05,9.91008044436877e-05,249
RR1 OSD-48 carcass FLT−GC,PC1,WIPF3,9.969319490169326e-05,9.969319490169326e-05,242
RR1 OSD-48 carcass FLT−GC,PC1,WSB1,9.850372760784256e-05,9.850372760784256e-05,259
RR1 OSD-48 carcass FLT−GC,PC1,WSB2,9.052781751348941e-05,9.052781751348941e-05,468
RR1 OSD-48 carcass FLT−GC,PC1,XYLB,9.181197933101123e-05,9.181197933101123e-05,427
RR1 OSD-48 carcass FLT−GC,PC1,YIPF3,0.00010133504153039569,0.00010133504153039569,221
RR1 OSD-48 carcass FLT−GC,PC1,YPEL3,0.00010244567686858066,0.00010244567686858066,210
RR1 OSD-48 carcass FLT−GC,PC1,ZFAND1,9.135758274623896e-05,9.135758274623896e-05,447
RR1 OSD-48 carcass FLT−GC,PC1,ZFP36L2,9.67399679755237e-05,9.67399679755237e-05,307
RR1 OSD-48 carcass FLT−GC,PC1,ZFYVE21,0.00010565491901682282,0.00010565491901682282,165
RR1 OSD-48 carcass FLT−GC,PC1,ZGPAT,0.00010608389982679224,0.00010608389982679224,162
RR1 OSD-48 carcass FLT−GC,PC1,ZNF395,0.00015826035271227824,0.00015826035271227824,15
RR1 OSD-48 carcass FLT−GC,PC1,ZNF598,9.477833920876903e-05,9.477833920876903e-05,360
RR1 OSD-48 carcass FLT−GC,PC1,ZPR1,0.0001293078169085112,0.0001293078169085112,63
RR1 OSD-48 carcass FLT−GC,PC1,ZSCAN26,9.025041574439866e-05,9.025041574439866e-05,478
RR1 OSD-48 carcass FLT−GC,PC1,ZYX,9.938517832246783e-05,9.938517832246783e-05,246
RR1 OSD-48 carcass FLT−GC,PC2,A1CF,6.889161892075047e-05,6.889161892075047e-05,127
RR1 OSD-48 carcass FLT−GC,PC2,ABCA6,6.545616234659578e-05,6.545616234659578e-05,217
RR1 OSD-48 carcass FLT−GC,PC2,ABCC3,6.829245510503656e-05,6.829245510503656e-05,142
RR1 OSD-48 carcass FLT−GC,PC2,ABCG8,6.6749528710911e-05,6.6749528710911e-05,183
RR1 OSD-48 carcass FLT−GC,PC2,ABHD2,6.091398925825365e-05,6.091398925825365e-05,466
RR1 OSD-48 carcass FLT−GC,PC2,ABTB1,6.19748678801038e-05,6.19748678801038e-05,389
RR1 OSD-48 carcass FLT−GC,PC2,ACAD11,7.364094773241478e-05,7.364094773241478e-05,53
RR1 OSD-48 carcass FLT−GC,PC2,ACADS,6.781680797887444e-05,6.781680797887444e-05,153
RR1 OSD-48 carcass FLT−GC,PC2,ACO2,6.1013053255478776e-05,6.1013053255478776e-05,454
RR1 OSD-48 carcass FLT−GC,PC2,ACOT4,7.216057259679039e-05,7.216057259679039e-05,67
RR1 OSD-48 carcass FLT−GC,PC2,ACOT8,6.223020014468416e-05,6.223020014468416e-05,375
RR1 OSD-48 carcass FLT−GC,PC2,AFMID,7.042624674232188e-05,7.042624674232188e-05,101
RR1 OSD-48 carcass FLT−GC,PC2,AGPAT1,6.117156464289044e-05,6.117156464289044e-05,438
RR1 OSD-48 carcass FLT−GC,PC2,AKAP1,6.710505527376125e-05,6.710505527376125e-05,173
RR1 OSD-48 carcass FLT−GC,PC2,AKAP8,7.110117772299062e-05,7.110117772299062e-05,86
RR1 OSD-48 carcass FLT−GC,PC2,AKAP8L,6.302911599866481e-05,6.302911599866481e-05,329
RR1 OSD-48 carcass FLT−GC,PC2,AKT2,6.098664494876542e-05,6.098664494876542e-05,458
RR1 OSD-48 carcass FLT−GC,PC2,AMMECR1L,6.275219169236374e-05,6.275219169236374e-05,344
RR1 OSD-48 carcass FLT−GC,PC2,ANAPC5,6.105478861461795e-05,6.105478861461795e-05,448
RR1 OSD-48 carcass FLT−GC,PC2,ANGPTL4,7.267646644487668e-05,7.267646644487668e-05,65
RR1 OSD-48 carcass FLT−GC,PC2,ANKRD16,6.256689715938346e-05,6.256689715938346e-05,355
RR1 OSD-48 carcass FLT−GC,PC2,ANKRD23,6.077833864649499e-05,6.077833864649499e-05,474
RR1 OSD-48 carcass FLT−GC,PC2,ANKZF1,6.657025020118627e-05,6.657025020118627e-05,185
RR1 OSD-48 carcass FLT−GC,PC2,AP5Z1,6.357138618603289e-05,6.357138618603289e-05,296
RR1 OSD-48 carcass FLT−GC,PC2,APBB3,6.154056982383841e-05,6.154056982383841e-05,420
RR1 OSD-48 carcass FLT−GC,PC2,APEH,6.918109765857941e-05,6.918109765857941e-05,123
RR1 OSD-48 carcass FLT−GC,PC2,APH1A,6.443389287373226e-05,6.443389287373226e-05,253
RR1 OSD-48 carcass FLT−GC,PC2,APPL2,6.112002159938662e-05,6.112002159938662e-05,443
RR1 OSD-48 carcass FLT−GC,PC2,ARAF,6.146031601059016e-05,6.146031601059016e-05,422
RR1 OSD-48 carcass FLT−GC,PC2,ARHGAP45,6.105836888079156e-05,6.105836888079156e-05,446
RR1 OSD-48 carcass FLT−GC,PC2,ARHGEF12,6.135826498687712e-05,6.135826498687712e-05,427
RR1 OSD-48 carcass FLT−GC,PC2,ARID1A,6.34757715911966e-05,6.34757715911966e-05,304
RR1 OSD-48 carcass FLT−GC,PC2,ARRDC3,9.25749670435786e-05,9.25749670435786e-05,9
RR1 OSD-48 carcass FLT−GC,PC2,ATAD3A,6.322910998270135e-05,6.322910998270135e-05,321
RR1 OSD-48 carcass FLT−GC,PC2,ATAT1,6.332528287480154e-05,6.332528287480154e-05,313
RR1 OSD-48 carcass FLT−GC,PC2,ATG9A,6.301829235463788e-05,6.301829235463788e-05,330
RR1 OSD-48 carcass FLT−GC,PC2,ATP13A1,6.052464379230418e-05,6.052464379230418e-05,490
RR1 OSD-48 carcass FLT−GC,PC2,ATP1A1,6.335286012686874e-05,6.335286012686874e-05,310
RR1 OSD-48 carcass FLT−GC,PC2,ATPSCKMT,6.966057765131064e-05,6.966057765131064e-05,115
RR1 OSD-48 carcass FLT−GC,PC2,ATRAID,6.645543640975813e-05,6.645543640975813e-05,191
RR1 OSD-48 carcass FLT−GC,PC2,ATXN2,7.279997512920863e-05,7.279997512920863e-05,61
RR1 OSD-48 carcass FLT−GC,PC2,ATXN2L,6.559941948691837e-05,6.559941948691837e-05,212
RR1 OSD-48 carcass FLT−GC,PC2,AZIN1,6.594075172084446e-05,6.594075172084446e-05,203
RR1 OSD-48 carcass FLT−GC,PC2,B4GALT5,6.388786953004609e-05,6.388786953004609e-05,279
RR1 OSD-48 carcass FLT−GC,PC2,BAIAP2L1,6.288369939133505e-05,6.288369939133505e-05,338
RR1 OSD-48 carcass FLT−GC,PC2,BAZ1B,6.280602156426785e-05,6.280602156426785e-05,341
RR1 OSD-48 carcass FLT−GC,PC2,BBOX1,6.137655609728735e-05,6.137655609728735e-05,425
RR1 OSD-48 carcass FLT−GC,PC2,BCAT2,6.974688308566363e-05,6.974688308566363e-05,113
RR1 OSD-48 carcass FLT−GC,PC2,BCL2L12,6.190172780553049e-05,6.190172780553049e-05,391
RR1 OSD-48 carcass FLT−GC,PC2,BRAP,7.518932197340959e-05,7.518932197340959e-05,43
RR1 OSD-48 carcass FLT−GC,PC2,BRWD1,6.124973145376138e-05,6.124973145376138e-05,433
RR1 OSD-48 carcass FLT−GC,PC2,C2CD2L,6.136081635702067e-05,6.136081635702067e-05,426
RR1 OSD-48 carcass FLT−GC,PC2,CABLES2,6.322141415422416e-05,6.322141415422416e-05,322
RR1 OSD-48 carcass FLT−GC,PC2,CABP2,6.659117707547225e-05,6.659117707547225e-05,184
RR1 OSD-48 carcass FLT−GC,PC2,CAPN11,7.674818166528869e-05,7.674818166528869e-05,40
RR1 OSD-48 carcass FLT−GC,PC2,CAPSL,6.743292701375761e-05,6.743292701375761e-05,161
RR1 OSD-48 carcass FLT−GC,PC2,CBX7,7.429631843589063e-05,7.429631843589063e-05,50
RR1 OSD-48 carcass FLT−GC,PC2,CCDC117,6.629912423259708e-05,6.629912423259708e-05,195
RR1 OSD-48 carcass FLT−GC,PC2,CCNK,6.428947696961977e-05,6.428947696961977e-05,258
RR1 OSD-48 carcass FLT−GC,PC2,CD163,7.364856111823168e-05,7.364856111823168e-05,52
RR1 OSD-48 carcass FLT−GC,PC2,CDC26,6.809551333843759e-05,6.809551333843759e-05,146
RR1 OSD-48 carcass FLT−GC,PC2,CDK10,6.455246355722193e-05,6.455246355722193e-05,248
RR1 OSD-48 carcass FLT−GC,PC2,CDK2,6.166723767986563e-05,6.166723767986563e-05,409
RR1 OSD-48 carcass FLT−GC,PC2,CDS2,6.634127794707389e-05,6.634127794707389e-05,194
RR1 OSD-48 carcass FLT−GC,PC2,CFAP20,6.112576875762282e-05,6.112576875762282e-05,442
RR1 OSD-48 carcass FLT−GC,PC2,CFLAR,6.819605213034252e-05,6.819605213034252e-05,145
RR1 OSD-48 carcass FLT−GC,PC2,CHDH,6.934846964913813e-05,6.934846964913813e-05,117
RR1 OSD-48 carcass FLT−GC,PC2,CHP1,6.243599176365581e-05,6.243599176365581e-05,360
RR1 OSD-48 carcass FLT−GC,PC2,CHRDL2,6.395793413277144e-05,6.395793413277144e-05,272
RR1 OSD-48 carcass FLT−GC,PC2,CHTF8,7.174099598129343e-05,7.174099598129343e-05,74
RR1 OSD-48 carcass FLT−GC,PC2,CIART,7.422748806307756e-05,7.422748806307756e-05,51
RR1 OSD-48 carcass FLT−GC,PC2,CIB3,6.22486148644245e-05,6.22486148644245e-05,373
RR1 OSD-48 carcass FLT−GC,PC2,CIPC,6.133955114349329e-05,6.133955114349329e-05,428
RR1 OSD-48 carcass FLT−GC,PC2,CIRBP,6.513926082824634e-05,6.513926082824634e-05,225
RR1 OSD-48 carcass FLT−GC,PC2,CISH,6.28959181486779e-05,6.28959181486779e-05,337
RR1 OSD-48 carcass FLT−GC,PC2,CLASRP,7.126683586331474e-05,7.126683586331474e-05,83
RR1 OSD-48 carcass FLT−GC,PC2,CLBA1,6.979229993681987e-05,6.979229993681987e-05,111
RR1 OSD-48 carcass FLT−GC,PC2,CLCN2,6.179353661993272e-05,6.179353661993272e-05,397
RR1 OSD-48 carcass FLT−GC,PC2,CLIC3,8.055735245952315e-05,8.055735245952315e-05,26
RR1 OSD-48 carcass FLT−GC,PC2,CLK3,6.378929877343322e-05,6.378929877343322e-05,285
RR1 OSD-48 carcass FLT−GC,PC2,CLMN,7.709236221060865e-05,7.709236221060865e-05,39
RR1 OSD-48 carcass FLT−GC,PC2,CLTA,6.213912629525207e-05,6.213912629525207e-05,381
RR1 OSD-48 carcass FLT−GC,PC2,CNPPD1,7.012352896208413e-05,7.012352896208413e-05,106
RR1 OSD-48 carcass FLT−GC,PC2,COASY,6.313366968187757e-05,6.313366968187757e-05,326
RR1 OSD-48 carcass FLT−GC,PC2,COQ10A,6.124787042710987e-05,6.124787042710987e-05,434
RR1 OSD-48 carcass FLT−GC,PC2,COQ10B,6.067586004356034e-05,6.067586004356034e-05,480
RR1 OSD-48 carcass FLT−GC,PC2,COX7A2L,6.0635007788994315e-05,6.0635007788994315e-05,483
RR1 OSD-48 carcass FLT−GC,PC2,CPSF4,6.370676148436943e-05,6.370676148436943e-05,289
RR1 OSD-48 carcass FLT−GC,PC2,CPT1A,7.24352149496561e-05,7.24352149496561e-05,66
RR1 OSD-48 carcass FLT−GC,PC2,CREBZF,6.476023666910721e-05,6.476023666910721e-05,241
RR1 OSD-48 carcass FLT−GC,PC2,CRTC2,7.270695680935953e-05,7.270695680935953e-05,64
RR1 OSD-48 carcass FLT−GC,PC2,CRY2,6.480922386002212e-05,6.480922386002212e-05,239
RR1 OSD-48 carcass FLT−GC,PC2,CRYBA4,6.0434614715355215e-05,6.0434614715355215e-05,498
RR1 OSD-48 carcass FLT−GC,PC2,CRYBB3,7.739811184275493e-05,7.739811184275493e-05,38
RR1 OSD-48 carcass FLT−GC,PC2,CSAD,6.842244743927942e-05,6.842244743927942e-05,138
RR1 OSD-48 carcass FLT−GC,PC2,CSNK1G2,6.0488935011367994e-05,6.0488935011367994e-05,493
RR1 OSD-48 carcass FLT−GC,PC2,CSRP2,6.23428067958157e-05,6.23428067958157e-05,363
RR1 OSD-48 carcass FLT−GC,PC2,CTDSP2,6.91449479706525e-05,6.91449479706525e-05,125
RR1 OSD-48 carcass FLT−GC,PC2,CTSF,7.278728669240528e-05,7.278728669240528e-05,62
RR1 OSD-48 carcass FLT−GC,PC2,CUL4A,6.0957372665185114e-05,6.0957372665185114e-05,460
RR1 OSD-48 carcass FLT−GC,PC2,CUTC,6.297112703528468e-05,6.297112703528468e-05,331
RR1 OSD-48 carcass FLT−GC,PC2,CUX2,7.078187240669571e-05,7.078187240669571e-05,95
RR1 OSD-48 carcass FLT−GC,PC2,CXCL12,6.604822576046007e-05,6.604822576046007e-05,201
RR1 OSD-48 carcass FLT−GC,PC2,CYP4F22,6.218135765076818e-05,6.218135765076818e-05,380
RR1 OSD-48 carcass FLT−GC,PC2,CYTH1,6.046807185683195e-05,6.046807185683195e-05,494
RR1 OSD-48 carcass FLT−GC,PC2,DBP,0.0001779980873952484,0.0001779980873952484,1
RR1 OSD-48 carcass FLT−GC,PC2,DCAF6,6.580870390282854e-05,6.580870390282854e-05,206
RR1 OSD-48 carcass FLT−GC,PC2,DCAF8,6.221262816895025e-05,6.221262816895025e-05,377
RR1 OSD-48 carcass FLT−GC,PC2,DDX17,6.795316816709065e-05,6.795316816709065e-05,149
RR1 OSD-48 carcass FLT−GC,PC2,DDX47,6.254191459735604e-05,6.254191459735604e-05,357
RR1 OSD-48 carcass FLT−GC,PC2,DEDD2,7.103735544654124e-05,7.103735544654124e-05,88
RR1 OSD-48 carcass FLT−GC,PC2,DGKA,6.211388173378866e-05,6.211388173378866e-05,382
RR1 OSD-48 carcass FLT−GC,PC2,DHPS,6.159950852441956e-05,6.159950852441956e-05,416
RR1 OSD-48 carcass FLT−GC,PC2,DHRS1,6.787696197332629e-05,6.787696197332629e-05,151
RR1 OSD-48 carcass FLT−GC,PC2,DHTKD1,6.163325295856844e-05,6.163325295856844e-05,413
RR1 OSD-48 carcass FLT−GC,PC2,DIDO1,6.219395932069614e-05,6.219395932069614e-05,378
RR1 OSD-48 carcass FLT−GC,PC2,DMAC2,7.924146374942638e-05,7.924146374942638e-05,30
RR1 OSD-48 carcass FLT−GC,PC2,DMRT2,9.219608605827389e-05,9.219608605827389e-05,10
RR1 OSD-48 carcass FLT−GC,PC2,DNAJB13,6.48892635148659e-05,6.48892635148659e-05,237
RR1 OSD-48 carcass FLT−GC,PC2,DNAJB2,6.17918258919538e-05,6.17918258919538e-05,398
RR1 OSD-48 carcass FLT−GC,PC2,DNASE1L2,6.060180227084327e-05,6.060180227084327e-05,485
RR1 OSD-48 carcass FLT−GC,PC2,DPM1,6.166464990176206e-05,6.166464990176206e-05,410
RR1 OSD-48 carcass FLT−GC,PC2,DQX1,6.10474368209e-05,6.10474368209e-05,449
RR1 OSD-48 carcass FLT−GC,PC2,DUSP11,6.728403263295703e-05,6.728403263295703e-05,167
RR1 OSD-48 carcass FLT−GC,PC2,DUSP12,6.18463288493696e-05,6.18463288493696e-05,394
RR1 OSD-48 carcass FLT−GC,PC2,DUSP14,6.933402282099341e-05,6.933402282099341e-05,118
RR1 OSD-48 carcass FLT−GC,PC2,DUSP28,6.255174964495167e-05,6.255174964495167e-05,356
RR1 OSD-48 carcass FLT−GC,PC2,E2F2,6.85579510181436e-05,6.85579510181436e-05,136
RR1 OSD-48 carcass FLT−GC,PC2,EEF1D,6.130929264059499e-05,6.130929264059499e-05,430
RR1 OSD-48 carcass FLT−GC,PC2,EGFL7,6.677947874910551e-05,6.677947874910551e-05,181
RR1 OSD-48 carcass FLT−GC,PC2,EGLN2,6.645255101793562e-05,6.645255101793562e-05,192
RR1 OSD-48 carcass FLT−GC,PC2,EHMT2,6.071778492669849e-05,6.071778492669849e-05,477
RR1 OSD-48 carcass FLT−GC,PC2,EIF3I,6.51083037260008e-05,6.51083037260008e-05,226
RR1 OSD-48 carcass FLT−GC,PC2,EIF4EBP2,6.462542178762194e-05,6.462542178762194e-05,245
RR1 OSD-48 carcass FLT−GC,PC2,EIF4H,6.280315788883565e-05,6.280315788883565e-05,342
RR1 OSD-48 carcass FLT−GC,PC2,ELK4,6.120581764607043e-05,6.120581764607043e-05,435
RR1 OSD-48 carcass FLT−GC,PC2,ELL,6.329583372136298e-05,6.329583372136298e-05,315
RR1 OSD-48 carcass FLT−GC,PC2,ELOVL3,7.5080413396214e-05,7.5080413396214e-05,44
RR1 OSD-48 carcass FLT−GC,PC2,EMC10,6.375746974073475e-05,6.375746974073475e-05,287
RR1 OSD-48 carcass FLT−GC,PC2,EMC9,6.0990590643029505e-05,6.0990590643029505e-05,457
RR1 OSD-48 carcass FLT−GC,PC2,ENO3,6.1023552724227846e-05,6.1023552724227846e-05,452
RR1 OSD-48 carcass FLT−GC,PC2,EPAS1,6.88915702705865e-05,6.88915702705865e-05,128
RR1 OSD-48 carcass FLT−GC,PC2,EPB41,6.286541361076195e-05,6.286541361076195e-05,339
RR1 OSD-48 carcass FLT−GC,PC2,EPM2AIP1,6.515214221624604e-05,6.515214221624604e-05,224
RR1 OSD-48 carcass FLT−GC,PC2,EPS8L1,6.975985118892861e-05,6.975985118892861e-05,112
RR1 OSD-48 carcass FLT−GC,PC2,ERBB3,6.842968441642302e-05,6.842968441642302e-05,137
RR1 OSD-48 carcass FLT−GC,PC2,ERF,6.333242871428882e-05,6.333242871428882e-05,311
RR1 OSD-48 carcass FLT−GC,PC2,ERP27,9.721236293437547e-05,9.721236293437547e-05,6
RR1 OSD-48 carcass FLT−GC,PC2,ESRRA,7.039269885362962e-05,7.039269885362962e-05,103
RR1 OSD-48 carcass FLT−GC,PC2,ETF1,6.085389910294316e-05,6.085389910294316e-05,468
RR1 OSD-48 carcass FLT−GC,PC2,FAM120B,6.727668133192511e-05,6.727668133192511e-05,169
RR1 OSD-48 carcass FLT−GC,PC2,FAM131C,6.597984698474455e-05,6.597984698474455e-05,202
RR1 OSD-48 carcass FLT−GC,PC2,FAM13A,6.1607355028676e-05,6.1607355028676e-05,414
RR1 OSD-48 carcass FLT−GC,PC2,FAM234A,6.171144020293486e-05,6.171144020293486e-05,407
RR1 OSD-48 carcass FLT−GC,PC2,FAM98C,6.578435876832003e-05,6.578435876832003e-05,207
RR1 OSD-48 carcass FLT−GC,PC2,FASTK,6.0751944104789885e-05,6.0751944104789885e-05,475
RR1 OSD-48 carcass FLT−GC,PC2,FBRS,6.924361674176588e-05,6.924361674176588e-05,121
RR1 OSD-48 carcass FLT−GC,PC2,FBXO21,9.358620993483873e-05,9.358620993483873e-05,8
RR1 OSD-48 carcass FLT−GC,PC2,FBXO31,6.416591733801757e-05,6.416591733801757e-05,265
RR1 OSD-48 carcass FLT−GC,PC2,FBXO9,6.496784373094896e-05,6.496784373094896e-05,232
RR1 OSD-48 carcass FLT−GC,PC2,FHIP2A,6.427248026442526e-05,6.427248026442526e-05,259
RR1 OSD-48 carcass FLT−GC,PC2,FKBP3,6.771092814578304e-05,6.771092814578304e-05,157
RR1 OSD-48 carcass FLT−GC,PC2,FLCN,7.6745075957932e-05,7.6745075957932e-05,41
RR1 OSD-48 carcass FLT−GC,PC2,FNIP2,6.049546885592033e-05,6.049546885592033e-05,492
RR1 OSD-48 carcass FLT−GC,PC2,FUS,6.33289052600726e-05,6.33289052600726e-05,312
RR1 OSD-48 carcass FLT−GC,PC2,GAK,6.158790996354342e-05,6.158790996354342e-05,418
RR1 OSD-48 carcass FLT−GC,PC2,GALK1,6.706909455431172e-05,6.706909455431172e-05,175
RR1 OSD-48 carcass FLT−GC,PC2,GIGYF1,6.100925502119339e-05,6.100925502119339e-05,455
RR1 OSD-48 carcass FLT−GC,PC2,GNA12,7.044781719876071e-05,7.044781719876071e-05,100
RR1 OSD-48 carcass FLT−GC,PC2,GNE,6.435991822722014e-05,6.435991822722014e-05,256
RR1 OSD-48 carcass FLT−GC,PC2,GNPAT,6.247677586535841e-05,6.247677586535841e-05,359
RR1 OSD-48 carcass FLT−GC,PC2,GNPDA1,6.233613746444499e-05,6.233613746444499e-05,364
RR1 OSD-48 carcass FLT−GC,PC2,GNPNAT1,6.174954924304751e-05,6.174954924304751e-05,404
RR1 OSD-48 carcass FLT−GC,PC2,GNS,6.116533891135893e-05,6.116533891135893e-05,440
RR1 OSD-48 carcass FLT−GC,PC2,GPAT4,6.163931995671902e-05,6.163931995671902e-05,412
RR1 OSD-48 carcass FLT−GC,PC2,GPBP1L1,6.489832643134623e-05,6.489832643134623e-05,235
RR1 OSD-48 carcass FLT−GC,PC2,GPCPD1,8.07504061230718e-05,8.07504061230718e-05,25
RR1 OSD-48 carcass FLT−GC,PC2,GRAMD1A,6.0538648351689734e-05,6.0538648351689734e-05,488
RR1 OSD-48 carcass FLT−GC,PC2,GRIK5,6.9700533978727e-05,6.9700533978727e-05,114
RR1 OSD-48 carcass FLT−GC,PC2,GRPEL2,7.179733648364295e-05,7.179733648364295e-05,73
RR1 OSD-48 carcass FLT−GC,PC2,GTF3C2,6.517262745033689e-05,6.517262745033689e-05,222
RR1 OSD-48 carcass FLT−GC,PC2,GTPBP2,6.647413836675264e-05,6.647413836675264e-05,189
RR1 OSD-48 carcass FLT−GC,PC2,GUK1,7.173902541928285e-05,7.173902541928285e-05,75
RR1 OSD-48 carcass FLT−GC,PC2,GYS2,8.34964867797457e-05,8.34964867797457e-05,19
RR1 OSD-48 carcass FLT−GC,PC2,GZF1,7.183475610401529e-05,7.183475610401529e-05,70
RR1 OSD-48 carcass FLT−GC,PC2,H2AZ2,6.352411289864953e-05,6.352411289864953e-05,298
RR1 OSD-48 carcass FLT−GC,PC2,HACD3,6.211229739143913e-05,6.211229739143913e-05,383
RR1 OSD-48 carcass FLT−GC,PC2,HAO2,6.0422145667881855e-05,6.0422145667881855e-05,500
RR1 OSD-48 carcass FLT−GC,PC2,HAUS4,6.516224808765109e-05,6.516224808765109e-05,223
RR1 OSD-48 carcass FLT−GC,PC2,HECTD3,6.395032246569287e-05,6.395032246569287e-05,273
RR1 OSD-48 carcass FLT−GC,PC2,HNRNPA1,6.0446147276143616e-05,6.0446147276143616e-05,497
RR1 OSD-48 carcass FLT−GC,PC2,HNRNPH1,6.293386912190894e-05,6.293386912190894e-05,334
RR1 OSD-48 carcass FLT−GC,PC2,HNRNPL,6.328753778574781e-05,6.328753778574781e-05,318
RR1 OSD-48 carcass FLT−GC,PC2,HOOK2,7.911455548700843e-05,7.911455548700843e-05,33
RR1 OSD-48 carcass FLT−GC,PC2,HSF1,6.0651116022661496e-05,6.0651116022661496e-05,482
RR1 OSD-48 carcass FLT−GC,PC2,HSPH1,6.699058898768937e-05,6.699058898768937e-05,178
RR1 OSD-48 carcass FLT−GC,PC2,HYAL2,7.270907992263857e-05,7.270907992263857e-05,63
RR1 OSD-48 carcass FLT−GC,PC2,HYKK,7.915123892710448e-05,7.915123892710448e-05,31
RR1 OSD-48 carcass FLT−GC,PC2,IKBKB,6.420533988393129e-05,6.420533988393129e-05,260
RR1 OSD-48 carcass FLT−GC,PC2,IL20RB,6.259880905380622e-05,6.259880905380622e-05,353
RR1 OSD-48 carcass FLT−GC,PC2,IMP3,6.120506093823247e-05,6.120506093823247e-05,436
RR1 OSD-48 carcass FLT−GC,PC2,INCA1,7.345703563381721e-05,7.345703563381721e-05,54
RR1 OSD-48 carcass FLT−GC,PC2,INF2,6.413057209224884e-05,6.413057209224884e-05,267
RR1 OSD-48 carcass FLT−GC,PC2,ING4,6.204874364193579e-05,6.204874364193579e-05,385
RR1 OSD-48 carcass FLT−GC,PC2,INPP5K,6.274856521224618e-05,6.274856521224618e-05,345
RR1 OSD-48 carcass FLT−GC,PC2,INSR,6.387635686670006e-05,6.387635686670006e-05,281
RR1 OSD-48 carcass FLT−GC,PC2,IP6K1,6.917685882808477e-05,6.917685882808477e-05,124
RR1 OSD-48 carcass FLT−GC,PC2,IRF3,6.344343244910587e-05,6.344343244910587e-05,306
RR1 OSD-48 carcass FLT−GC,PC2,IST1,6.182497112857542e-05,6.182497112857542e-05,395
RR1 OSD-48 carcass FLT−GC,PC2,ITGAE,7.982767780802636e-05,7.982767780802636e-05,27
RR1 OSD-48 carcass FLT−GC,PC2,IVNS1ABP,6.987496176194801e-05,6.987496176194801e-05,109
RR1 OSD-48 carcass FLT−GC,PC2,IZUMO4,8.203059783857953e-05,8.203059783857953e-05,24
RR1 OSD-48 carcass FLT−GC,PC2,JADE1,6.204064735792971e-05,6.204064735792971e-05,386
RR1 OSD-48 carcass FLT−GC,PC2,JOSD1,6.835920883157581e-05,6.835920883157581e-05,140
RR1 OSD-48 carcass FLT−GC,PC2,JUNB,6.110778143283056e-05,6.110778143283056e-05,444
RR1 OSD-48 carcass FLT−GC,PC2,KANSL3,7.132186866663423e-05,7.132186866663423e-05,81
RR1 OSD-48 carcass FLT−GC,PC2,KAT8,6.492493921034654e-05,6.492493921034654e-05,234
RR1 OSD-48 carcass FLT−GC,PC2,KCNK7,6.410383215906753e-05,6.410383215906753e-05,269
RR1 OSD-48 carcass FLT−GC,PC2,KHDC4,6.438539014597168e-05,6.438539014597168e-05,255
RR1 OSD-48 carcass FLT−GC,PC2,KHNYN,6.38479416296564e-05,6.38479416296564e-05,282
RR1 OSD-48 carcass FLT−GC,PC2,KIAA1671,6.993096498900734e-05,6.993096498900734e-05,108
RR1 OSD-48 carcass FLT−GC,PC2,KIFC2,6.260668225661118e-05,6.260668225661118e-05,352
RR1 OSD-48 carcass FLT−GC,PC2,KLF10,6.0830293287297774e-05,6.0830293287297774e-05,471
RR1 OSD-48 carcass FLT−GC,PC2,KLF15,6.173238779294362e-05,6.173238779294362e-05,405
RR1 OSD-48 carcass FLT−GC,PC2,KLHDC3,6.865354383448108e-05,6.865354383448108e-05,134
RR1 OSD-48 carcass FLT−GC,PC2,KLHDC8B,6.732329931450593e-05,6.732329931450593e-05,166
RR1 OSD-48 carcass FLT−GC,PC2,KLHL21,6.558864288220751e-05,6.558864288220751e-05,213
RR1 OSD-48 carcass FLT−GC,PC2,KMT2B,6.791856878299096e-05,6.791856878299096e-05,150
RR1 OSD-48 carcass FLT−GC,PC2,KMT2D,7.081889786697833e-05,7.081889786697833e-05,93
RR1 OSD-48 carcass FLT−GC,PC2,KYAT3,6.129244165927305e-05,6.129244165927305e-05,431
RR1 OSD-48 carcass FLT−GC,PC2,LAD1,6.875260651614248e-05,6.875260651614248e-05,130
RR1 OSD-48 carcass FLT−GC,PC2,LCN12,7.490177659913997e-05,7.490177659913997e-05,46
RR1 OSD-48 carcass FLT−GC,PC2,LENEP,0.00011436230942638726,0.00011436230942638726,3
RR1 OSD-48 carcass FLT−GC,PC2,LENG8,6.725843614701554e-05,6.725843614701554e-05,171
RR1 OSD-48 carcass FLT−GC,PC2,LGALS4,8.902717166228562e-05,8.902717166228562e-05,11
RR1 OSD-48 carcass FLT−GC,PC2,LIME1,6.219189754151821e-05,6.219189754151821e-05,379
RR1 OSD-48 carcass FLT−GC,PC2,LMBR1L,7.166510599295396e-05,7.166510599295396e-05,77
RR1 OSD-48 carcass FLT−GC,PC2,LPCAT3,6.226414951555392e-05,6.226414951555392e-05,369
RR1 OSD-48 carcass FLT−GC,PC2,LPIN2,7.337173176798894e-05,7.337173176798894e-05,55
RR1 OSD-48 carcass FLT−GC,PC2,LRP1,7.100277204845958e-05,7.100277204845958e-05,89
RR1 OSD-48 carcass FLT−GC,PC2,LRRC14B,7.31122087392181e-05,7.31122087392181e-05,57
RR1 OSD-48 carcass FLT−GC,PC2,LZTS3,6.419954782846563e-05,6.419954782846563e-05,261
RR1 OSD-48 carcass FLT−GC,PC2,MACROD1,6.0521188857151176e-05,6.0521188857151176e-05,491
RR1 OSD-48 carcass FLT−GC,PC2,MAF1,6.189612799163178e-05,6.189612799163178e-05,392
RR1 OSD-48 carcass FLT−GC,PC2,MAFG,7.18731672511687e-05,7.18731672511687e-05,69
RR1 OSD-48 carcass FLT−GC,PC2,MAMSTR,6.179577571424569e-05,6.179577571424569e-05,396
RR1 OSD-48 carcass FLT−GC,PC2,MAP2K7,6.497539183024048e-05,6.497539183024048e-05,231
RR1 OSD-48 carcass FLT−GC,PC2,MARCHF5,6.071114013677418e-05,6.071114013677418e-05,478
RR1 OSD-48 carcass FLT−GC,PC2,MARCHF6,6.590903520220219e-05,6.590903520220219e-05,204
RR1 OSD-48 carcass FLT−GC,PC2,MARF1,6.203435376039923e-05,6.203435376039923e-05,387
RR1 OSD-48 carcass FLT−GC,PC2,MAT2A,7.748373527845804e-05,7.748373527845804e-05,37
RR1 OSD-48 carcass FLT−GC,PC2,MAU2,7.120670245397499e-05,7.120670245397499e-05,85
RR1 OSD-48 carcass FLT−GC,PC2,MBD1,7.305889526722513e-05,7.305889526722513e-05,58
RR1 OSD-48 carcass FLT−GC,PC2,MBOAT7,6.04572934798746e-05,6.04572934798746e-05,496
RR1 OSD-48 carcass FLT−GC,PC2,MCL1,6.239283230162032e-05,6.239283230162032e-05,361
RR1 OSD-48 carcass FLT−GC,PC2,MCOLN1,6.365618347636648e-05,6.365618347636648e-05,294
RR1 OSD-48 carcass FLT−GC,PC2,MCRIP1,6.498951996830791e-05,6.498951996830791e-05,230
RR1 OSD-48 carcass FLT−GC,PC2,MDM4,6.177353001814918e-05,6.177353001814918e-05,401
RR1 OSD-48 carcass FLT−GC,PC2,MED20,6.912623057334044e-05,6.912623057334044e-05,126
RR1 OSD-48 carcass FLT−GC,PC2,MEF2D,6.332305565579679e-05,6.332305565579679e-05,314
RR1 OSD-48 carcass FLT−GC,PC2,MEOX1,0.00010440395186632411,0.00010440395186632411,4
RR1 OSD-48 carcass FLT−GC,PC2,MEPCE,6.225900442906261e-05,6.225900442906261e-05,370
RR1 OSD-48 carcass FLT−GC,PC2,METTL17,6.517360413129524e-05,6.517360413129524e-05,221
RR1 OSD-48 carcass FLT−GC,PC2,MFSD2A,6.70678330008436e-05,6.70678330008436e-05,176
RR1 OSD-48 carcass FLT−GC,PC2,MGRN1,6.743236051633796e-05,6.743236051633796e-05,163
RR1 OSD-48 carcass FLT−GC,PC2,MIA,6.82003761641303e-05,6.82003761641303e-05,144
RR1 OSD-48 carcass FLT−GC,PC2,MKNK2,7.072055814850636e-05,7.072055814850636e-05,96
RR1 OSD-48 carcass FLT−GC,PC2,MLYCD,6.50976296927868e-05,6.50976296927868e-05,227
RR1 OSD-48 carcass FLT−GC,PC2,MMADHC,6.084347653480665e-05,6.084347653480665e-05,469
RR1 OSD-48 carcass FLT−GC,PC2,MORN5,6.127233547935257e-05,6.127233547935257e-05,432
RR1 OSD-48 carcass FLT−GC,PC2,MRPS12,6.103604128144287e-05,6.103604128144287e-05,450
RR1 OSD-48 carcass FLT−GC,PC2,MRPS18A,6.078810145760923e-05,6.078810145760923e-05,473
RR1 OSD-48 carcass FLT−GC,PC2,MRPS9,6.381521970668333e-05,6.381521970668333e-05,284
RR1 OSD-48 carcass FLT−GC,PC2,MTCH1,6.208423291812782e-05,6.208423291812782e-05,384
RR1 OSD-48 carcass FLT−GC,PC2,MTFP1,6.094218181545544e-05,6.094218181545544e-05,462
RR1 OSD-48 carcass FLT−GC,PC2,MYO18A,6.365954201681715e-05,6.365954201681715e-05,293
RR1 OSD-48 carcass FLT−GC,PC2,MZB1,6.774990031068864e-05,6.774990031068864e-05,155
RR1 OSD-48 carcass FLT−GC,PC2,NAA60,6.7150770388768e-05,6.7150770388768e-05,172
RR1 OSD-48 carcass FLT−GC,PC2,NAGA,6.141483237384886e-05,6.141483237384886e-05,424
RR1 OSD-48 carcass FLT−GC,PC2,NARF,6.656572783278545e-05,6.656572783278545e-05,186
RR1 OSD-48 carcass FLT−GC,PC2,NFE2L1,6.743275915346865e-05,6.743275915346865e-05,162
RR1 OSD-48 carcass FLT−GC,PC2,NGRN,6.350576369378067e-05,6.350576369378067e-05,300
RR1 OSD-48 carcass FLT−GC,PC2,NISCH,6.392110996745676e-05,6.392110996745676e-05,277
RR1 OSD-48 carcass FLT−GC,PC2,NIT1,6.05442864423633e-05,6.05442864423633e-05,486
RR1 OSD-48 carcass FLT−GC,PC2,NOCT,6.918140246730544e-05,6.918140246730544e-05,122
RR1 OSD-48 carcass FLT−GC,PC2,NOP53,6.417401035678384e-05,6.417401035678384e-05,263
RR1 OSD-48 carcass FLT−GC,PC2,NPC1,7.866966025658937e-05,7.866966025658937e-05,34
RR1 OSD-48 carcass FLT−GC,PC2,NPFF,6.703965968623495e-05,6.703965968623495e-05,177
RR1 OSD-48 carcass FLT−GC,PC2,NR1D1,0.00010001515299263605,0.00010001515299263605,5
RR1 OSD-48 carcass FLT−GC,PC2,NR1D2,9.415953855492997e-05,9.415953855492997e-05,7
RR1 OSD-48 carcass FLT−GC,PC2,NUFIP2,7.098498920436295e-05,7.098498920436295e-05,90
RR1 OSD-48 carcass FLT−GC,PC2,NUMA1,6.492880117028978e-05,6.492880117028978e-05,233
RR1 OSD-48 carcass FLT−GC,PC2,OARD1,6.31470911299634e-05,6.31470911299634e-05,325
RR1 OSD-48 carcass FLT−GC,PC2,OAZ2,6.394960491289918e-05,6.394960491289918e-05,274
RR1 OSD-48 carcass FLT−GC,PC2,OGFOD2,6.28960612152299e-05,6.28960612152299e-05,336
RR1 OSD-48 carcass FLT−GC,PC2,OGT,7.181207995118042e-05,7.181207995118042e-05,72
RR1 OSD-48 carcass FLT−GC,PC2,OPLAH,6.726278131891496e-05,6.726278131891496e-05,170
RR1 OSD-48 carcass FLT−GC,PC2,OPTN,6.367160244371459e-05,6.367160244371459e-05,291
RR1 OSD-48 carcass FLT−GC,PC2,ORAI3,6.446208177447605e-05,6.446208177447605e-05,252
RR1 OSD-48 carcass FLT−GC,PC2,PABPC4,6.429891883499588e-05,6.429891883499588e-05,257
RR1 OSD-48 carcass FLT−GC,PC2,PANK1,6.114825708332574e-05,6.114825708332574e-05,441
RR1 OSD-48 carcass FLT−GC,PC2,PCBP4,8.408431217658587e-05,8.408431217658587e-05,17
RR1 OSD-48 carcass FLT−GC,PC2,PCSK4,7.042492116976543e-05,7.042492116976543e-05,102
RR1 OSD-48 carcass FLT−GC,PC2,PDE4C,6.419817541524133e-05,6.419817541524133e-05,262
RR1 OSD-48 carcass FLT−GC,PC2,PDE6C,6.393458133543431e-05,6.393458133543431e-05,276
RR1 OSD-48 carcass FLT−GC,PC2,PDK1,6.119022073198632e-05,6.119022073198632e-05,437
RR1 OSD-48 carcass FLT−GC,PC2,PDLIM4,6.230998613669135e-05,6.230998613669135e-05,365
RR1 OSD-48 carcass FLT−GC,PC2,PER1,7.172622050989977e-05,7.172622050989977e-05,76
RR1 OSD-48 carcass FLT−GC,PC2,PER2,7.436292419782582e-05,7.436292419782582e-05,49
RR1 OSD-48 carcass FLT−GC,PC2,PEX14,6.535450578266213e-05,6.535450578266213e-05,220
RR1 OSD-48 carcass FLT−GC,PC2,PEX19,6.935875381868249e-05,6.935875381868249e-05,116
RR1 OSD-48 carcass FLT−GC,PC2,PEX26,7.0953173311816e-05,7.0953173311816e-05,91
RR1 OSD-48 carcass FLT−GC,PC2,PEX5,6.101727649731345e-05,6.101727649731345e-05,453
RR1 OSD-48 carcass FLT−GC,PC2,PEX6,7.502674056982464e-05,7.502674056982464e-05,45
RR1 OSD-48 carcass FLT−GC,PC2,PEX7,6.393911134448738e-05,6.393911134448738e-05,275
RR1 OSD-48 carcass FLT−GC,PC2,PFAS,6.092470765402911e-05,6.092470765402911e-05,464
RR1 OSD-48 carcass FLT−GC,PC2,PHAF1,6.0953855557165916e-05,6.0953855557165916e-05,461
RR1 OSD-48 carcass FLT−GC,PC2,PHF1,6.86998227499671e-05,6.86998227499671e-05,132
RR1 OSD-48 carcass FLT−GC,PC2,PHF12,6.352365924148964e-05,6.352365924148964e-05,299
RR1 OSD-48 carcass FLT−GC,PC2,PIGX,6.375656620731247e-05,6.375656620731247e-05,288
RR1 OSD-48 carcass FLT−GC,PC2,PIM3,6.536408631978291e-05,6.536408631978291e-05,219
RR1 OSD-48 carcass FLT−GC,PC2,PINK1,6.350432173739013e-05,6.350432173739013e-05,301
RR1 OSD-48 carcass FLT−GC,PC2,PITHD1,6.252493180224841e-05,6.252493180224841e-05,358
RR1 OSD-48 carcass FLT−GC,PC2,PLA2G12A,6.786009608462701e-05,6.786009608462701e-05,152
RR1 OSD-48 carcass FLT−GC,PC2,PLCG1,6.613475000720593e-05,6.613475000720593e-05,199
RR1 OSD-48 carcass FLT−GC,PC2,PLEKHA6,6.388766389026699e-05,6.388766389026699e-05,280
RR1 OSD-48 carcass FLT−GC,PC2,PNISR,6.274735627254792e-05,6.274735627254792e-05,346
RR1 OSD-48 carcass FLT−GC,PC2,PNMA1,6.327733170689491e-05,6.327733170689491e-05,319
RR1 OSD-48 carcass FLT−GC,PC2,PNPLA2,6.753349064046484e-05,6.753349064046484e-05,160
RR1 OSD-48 carcass FLT−GC,PC2,PNPLA5,6.448169619717402e-05,6.448169619717402e-05,250
RR1 OSD-48 carcass FLT−GC,PC2,POLG2,6.347993340339758e-05,6.347993340339758e-05,303
RR1 OSD-48 carcass FLT−GC,PC2,POLR2H,7.159119923866585e-05,7.159119923866585e-05,78
RR1 OSD-48 carcass FLT−GC,PC2,POLR2M,6.0430678831555416e-05,6.0430678831555416e-05,499
RR1 OSD-48 carcass FLT−GC,PC2,POR,7.028777148863113e-05,7.028777148863113e-05,105
RR1 OSD-48 carcass FLT−GC,PC2,PPARA,7.947409962904884e-05,7.947409962904884e-05,29
RR1 OSD-48 carcass FLT−GC,PC2,PPM1K,7.18330310950614e-05,7.18330310950614e-05,71
RR1 OSD-48 carcass FLT−GC,PC2,PPP1R10,6.925954872909624e-05,6.925954872909624e-05,120
RR1 OSD-48 carcass FLT−GC,PC2,PPP1R37,6.158827777350485e-05,6.158827777350485e-05,417
RR1 OSD-48 carcass FLT−GC,PC2,PPP2R2D,6.353880280643784e-05,6.353880280643784e-05,297
RR1 OSD-48 carcass FLT−GC,PC2,PRDM2,6.398655577420337e-05,6.398655577420337e-05,271
RR1 OSD-48 carcass FLT−GC,PC2,PRPF40B,6.225184403178252e-05,6.225184403178252e-05,372
RR1 OSD-48 carcass FLT−GC,PC2,PRR14,6.083752637998622e-05,6.083752637998622e-05,470
RR1 OSD-48 carcass FLT−GC,PC2,PRRC2A,6.16637979786415e-05,6.16637979786415e-05,411
RR1 OSD-48 carcass FLT−GC,PC2,PRSS53,7.058633831276336e-05,7.058633831276336e-05,97
RR1 OSD-48 carcass FLT−GC,PC2,PSKH1,6.315424651568764e-05,6.315424651568764e-05,324
RR1 OSD-48 carcass FLT−GC,PC2,PSMD13,6.471685281384519e-05,6.471685281384519e-05,242
RR1 OSD-48 carcass FLT−GC,PC2,PTGR2,7.109791415440898e-05,7.109791415440898e-05,87
RR1 OSD-48 carcass FLT−GC,PC2,RAB42,6.328908203585727e-05,6.328908203585727e-05,317
RR1 OSD-48 carcass FLT−GC,PC2,RAB43,6.80329077583333e-05,6.80329077583333e-05,147
RR1 OSD-48 carcass FLT−GC,PC2,RABAC1,6.416880982525126e-05,6.416880982525126e-05,264
RR1 OSD-48 carcass FLT−GC,PC2,RANBP10,6.383767232808588e-05,6.383767232808588e-05,283
RR1 OSD-48 carcass FLT−GC,PC2,RAPH1,6.0604788173982004e-05,6.0604788173982004e-05,484
RR1 OSD-48 carcass FLT−GC,PC2,RASSF3,6.826111650301417e-05,6.826111650301417e-05,143
RR1 OSD-48 carcass FLT−GC,PC2,RBM14,6.986946725744147e-05,6.986946725744147e-05,110
RR1 OSD-48 carcass FLT−GC,PC2,RBM17,7.053398365163539e-05,7.053398365163539e-05,98
RR1 OSD-48 carcass FLT−GC,PC2,RBM33,6.175443358816895e-05,6.175443358816895e-05,403
RR1 OSD-48 carcass FLT−GC,PC2,RCL1,6.502826301956156e-05,6.502826301956156e-05,229
RR1 OSD-48 carcass FLT−GC,PC2,RETREG2,6.727906886952315e-05,6.727906886952315e-05,168
RR1 OSD-48 carcass FLT−GC,PC2,RETREG3,6.57414467882511e-05,6.57414467882511e-05,209
RR1 OSD-48 carcass FLT−GC,PC2,RETSAT,6.103406853763028e-05,6.103406853763028e-05,451
RR1 OSD-48 carcass FLT−GC,PC2,RGCC,7.045431690927001e-05,7.045431690927001e-05,99
RR1 OSD-48 carcass FLT−GC,PC2,RGL2,6.224415365382128e-05,6.224415365382128e-05,374
RR1 OSD-48 carcass FLT−GC,PC2,RILP,6.229265695555133e-05,6.229265695555133e-05,367
RR1 OSD-48 carcass FLT−GC,PC2,RNF14,6.0808636788398546e-05,6.0808636788398546e-05,472
RR1 OSD-48 carcass FLT−GC,PC2,RNF167,6.364886439855718e-05,6.364886439855718e-05,295
RR1 OSD-48 carcass FLT−GC,PC2,RNF169,6.411848875144985e-05,6.411848875144985e-05,268
RR1 OSD-48 carcass FLT−GC,PC2,RNF19B,6.160506192410021e-05,6.160506192410021e-05,415
RR1 OSD-48 carcass FLT−GC,PC2,RNF4,6.77805216033691e-05,6.77805216033691e-05,154
RR1 OSD-48 carcass FLT−GC,PC2,RORC,6.370632271651992e-05,6.370632271651992e-05,290
RR1 OSD-48 carcass FLT−GC,PC2,RPAIN,6.441605770645352e-05,6.441605770645352e-05,254
RR1 OSD-48 carcass FLT−GC,PC2,RTCB,6.345352662929839e-05,6.345352662929839e-05,305
RR1 OSD-48 carcass FLT−GC,PC2,RTF2,6.29632592127557e-05,6.29632592127557e-05,333
RR1 OSD-48 carcass FLT−GC,PC2,RXRA,6.05411636026046e-05,6.05411636026046e-05,487
RR1 OSD-48 carcass FLT−GC,PC2,SAFB,6.799165681545022e-05,6.799165681545022e-05,148
RR1 OSD-48 carcass FLT−GC,PC2,SAFB2,6.37702593299918e-05,6.37702593299918e-05,286
RR1 OSD-48 carcass FLT−GC,PC2,SALL1,6.10966365844738e-05,6.10966365844738e-05,445
RR1 OSD-48 carcass FLT−GC,PC2,SAP130,6.884723363173324e-05,6.884723363173324e-05,129
RR1 OSD-48 carcass FLT−GC,PC2,SBDS,6.323340234625603e-05,6.323340234625603e-05,320
RR1 OSD-48 carcass FLT−GC,PC2,SCARB2,6.482878718854441e-05,6.482878718854441e-05,238
RR1 OSD-48 carcass FLT−GC,PC2,SCARF1,7.947928842461074e-05,7.947928842461074e-05,28
RR1 OSD-48 carcass FLT−GC,PC2,SEC24C,6.694619778385504e-05,6.694619778385504e-05,179
RR1 OSD-48 carcass FLT−GC,PC2,SELENOO,6.460695585711644e-05,6.460695585711644e-05,246
RR1 OSD-48 carcass FLT−GC,PC2,SETD1B,6.0998549577658746e-05,6.0998549577658746e-05,456
RR1 OSD-48 carcass FLT−GC,PC2,SETD4,6.179062123847893e-05,6.179062123847893e-05,399
RR1 OSD-48 carcass FLT−GC,PC2,SFPQ,6.416575370462441e-05,6.416575370462441e-05,266
RR1 OSD-48 carcass FLT−GC,PC2,SFTPD,6.0528485373250896e-05,6.0528485373250896e-05,489
RR1 OSD-48 carcass FLT−GC,PC2,SGK2,6.554121421945552e-05,6.554121421945552e-05,214
RR1 OSD-48 carcass FLT−GC,PC2,SH2B1,6.507438860597737e-05,6.507438860597737e-05,228
RR1 OSD-48 carcass FLT−GC,PC2,SIDT2,7.124103520697989e-05,7.124103520697989e-05,84
RR1 OSD-48 carcass FLT−GC,PC2,SIRT3,7.145392194064654e-05,7.145392194064654e-05,79
RR1 OSD-48 carcass FLT−GC,PC2,SLC15A4,6.168787951697037e-05,6.168787951697037e-05,408
RR1 OSD-48 carcass FLT−GC,PC2,SLC20A1,8.652049493130138e-05,8.652049493130138e-05,14
RR1 OSD-48 carcass FLT−GC,PC2,SLC25A28,6.647976659727444e-05,6.647976659727444e-05,188
RR1 OSD-48 carcass FLT−GC,PC2,SLC25A42,8.281660794014048e-05,8.281660794014048e-05,21
RR1 OSD-48 carcass FLT−GC,PC2,SLC35B2,6.149760913739378e-05,6.149760913739378e-05,421
RR1 OSD-48 carcass FLT−GC,PC2,SLC35E2B,6.654534589892395e-05,6.654534589892395e-05,187
RR1 OSD-48 carcass FLT−GC,PC2,SLC7A2,8.244628040760836e-05,8.244628040760836e-05,23
RR1 OSD-48 carcass FLT−GC,PC2,SLC7A6OS,6.366571156035334e-05,6.366571156035334e-05,292
RR1 OSD-48 carcass FLT−GC,PC2,SLC8B1,7.034563257747732e-05,7.034563257747732e-05,104
RR1 OSD-48 carcass FLT−GC,PC2,SMG1,6.235597037409402e-05,6.235597037409402e-05,362
RR1 OSD-48 carcass FLT−GC,PC2,SMIM19,6.489706606220905e-05,6.489706606220905e-05,236
RR1 OSD-48 carcass FLT−GC,PC2,SMIM7,6.734135938633732e-05,6.734135938633732e-05,164
RR1 OSD-48 carcass FLT−GC,PC2,SNRK,6.339255149788522e-05,6.339255149788522e-05,308
RR1 OSD-48 carcass FLT−GC,PC2,SNRPB,6.834543773512137e-05,6.834543773512137e-05,141
RR1 OSD-48 carcass FLT−GC,PC2,SNX32,6.286073958356352e-05,6.286073958356352e-05,340
RR1 OSD-48 carcass FLT−GC,PC2,SOCS2,6.629036690492767e-05,6.629036690492767e-05,196
RR1 OSD-48 carcass FLT−GC,PC2,SORBS3,7.082661505707087e-05,7.082661505707087e-05,92
RR1 OSD-48 carcass FLT−GC,PC2,SPCS1,7.130256653237307e-05,7.130256653237307e-05,82
RR1 OSD-48 carcass FLT−GC,PC2,SPTBN2,6.343545276700967e-05,6.343545276700967e-05,307
RR1 OSD-48 carcass FLT−GC,PC2,SRMS,6.544927996096616e-05,6.544927996096616e-05,218
RR1 OSD-48 carcass FLT−GC,PC2,SRRM2,6.263617550727186e-05,6.263617550727186e-05,350
RR1 OSD-48 carcass FLT−GC,PC2,SSU72,6.268249520293882e-05,6.268249520293882e-05,348
RR1 OSD-48 carcass FLT−GC,PC2,STARD7,6.39045417141113e-05,6.39045417141113e-05,278
RR1 OSD-48 carcass FLT−GC,PC2,STBD1,6.549693155878677e-05,6.549693155878677e-05,215
RR1 OSD-48 carcass FLT−GC,PC2,STK25,6.262639859165573e-05,6.262639859165573e-05,351
RR1 OSD-48 carcass FLT−GC,PC2,STX5,6.930579111159053e-05,6.930579111159053e-05,119
RR1 OSD-48 carcass FLT−GC,PC2,SUCLA2,6.066424255796373e-05,6.066424255796373e-05,481
RR1 OSD-48 carcass FLT−GC,PC2,SUDS3,6.176851479324859e-05,6.176851479324859e-05,402
RR1 OSD-48 carcass FLT−GC,PC2,SUN2,8.473557800939296e-05,8.473557800939296e-05,16
RR1 OSD-48 carcass FLT−GC,PC2,SUPT5H,6.582875322735952e-05,6.582875322735952e-05,205
RR1 OSD-48 carcass FLT−GC,PC2,SURF1,6.874092032825051e-05,6.874092032825051e-05,131
RR1 OSD-48 carcass FLT−GC,PC2,SURF2,6.480205410811044e-05,6.480205410811044e-05,240
RR1 OSD-48 carcass FLT−GC,PC2,SYMPK,6.155966259574136e-05,6.155966259574136e-05,419
RR1 OSD-48 carcass FLT−GC,PC2,TAFAZZIN,6.44664400421657e-05,6.44664400421657e-05,251
RR1 OSD-48 carcass FLT−GC,PC2,TAPT1,6.144456121281739e-05,6.144456121281739e-05,423
RR1 OSD-48 carcass FLT−GC,PC2,TBC1D10A,7.776636010775176e-05,7.776636010775176e-05,36
RR1 OSD-48 carcass FLT−GC,PC2,TBC1D20,6.193348133432296e-05,6.193348133432296e-05,390
RR1 OSD-48 carcass FLT−GC,PC2,TDP2,6.753546334670695e-05,6.753546334670695e-05,159
RR1 OSD-48 carcass FLT−GC,PC2,TEF,0.00011437518095595975,0.00011437518095595975,2
RR1 OSD-48 carcass FLT−GC,PC2,TGDS,6.683364854256224e-05,6.683364854256224e-05,180
RR1 OSD-48 carcass FLT−GC,PC2,TGFBR3L,7.91417640148709e-05,7.91417640148709e-05,32
RR1 OSD-48 carcass FLT−GC,PC2,THSD8,6.400890589866961e-05,6.400890589866961e-05,270
RR1 OSD-48 carcass FLT−GC,PC2,TK1,8.383503748119157e-05,8.383503748119157e-05,18
RR1 OSD-48 carcass FLT−GC,PC2,TMEM139,7.566585502235305e-05,7.566585502235305e-05,42
RR1 OSD-48 carcass FLT−GC,PC2,TMEM171,7.457663803190738e-05,7.457663803190738e-05,48
RR1 OSD-48 carcass FLT−GC,PC2,TMEM219,6.605111464997599e-05,6.605111464997599e-05,200
RR1 OSD-48 carcass FLT−GC,PC2,TMEM63B,6.638403796422792e-05,6.638403796422792e-05,193
RR1 OSD-48 carcass FLT−GC,PC2,TMEM69,6.303424588319025e-05,6.303424588319025e-05,328
RR1 OSD-48 carcass FLT−GC,PC2,TNFRSF4,6.177665475875499e-05,6.177665475875499e-05,400
RR1 OSD-48 carcass FLT−GC,PC2,TNS2,8.787766074664324e-05,8.787766074664324e-05,13
RR1 OSD-48 carcass FLT−GC,PC2,TOM1L2,6.548488363197461e-05,6.548488363197461e-05,216
RR1 OSD-48 carcass FLT−GC,PC2,TOMM40,6.173131820785345e-05,6.173131820785345e-05,406
RR1 OSD-48 carcass FLT−GC,PC2,TOR1B,7.823387810728272e-05,7.823387810728272e-05,35
RR1 OSD-48 carcass FLT−GC,PC2,TPCN1,6.321358121792426e-05,6.321358121792426e-05,323
RR1 OSD-48 carcass FLT−GC,PC2,TPRKB,6.861392795502287e-05,6.861392795502287e-05,135
RR1 OSD-48 carcass FLT−GC,PC2,TRABD,6.471189074636049e-05,6.471189074636049e-05,243
RR1 OSD-48 carcass FLT−GC,PC2,TRAK1,6.222133039459798e-05,6.222133039459798e-05,376
RR1 OSD-48 carcass FLT−GC,PC2,TRAPPC4,6.835975039004982e-05,6.835975039004982e-05,139
RR1 OSD-48 carcass FLT−GC,PC2,TRAPPC6B,6.089872340055498e-05,6.089872340055498e-05,467
RR1 OSD-48 carcass FLT−GC,PC2,TREH,7.304694294809895e-05,7.304694294809895e-05,59
RR1 OSD-48 carcass FLT−GC,PC2,TRIM11,6.257213244673455e-05,6.257213244673455e-05,354
RR1 OSD-48 carcass FLT−GC,PC2,TRIM24,6.185494350524223e-05,6.185494350524223e-05,393
RR1 OSD-48 carcass FLT−GC,PC2,TRIM28,6.70871739650474e-05,6.70871739650474e-05,174
RR1 OSD-48 carcass FLT−GC,PC2,TRNAU1AP,6.462581517116878e-05,6.462581517116878e-05,244
RR1 OSD-48 carcass FLT−GC,PC2,TRPV4,6.105561418964218e-05,6.105561418964218e-05,447
RR1 OSD-48 carcass FLT−GC,PC2,TSEN34,6.045998512334932e-05,6.045998512334932e-05,495
RR1 OSD-48 carcass FLT−GC,PC2,TSPYL4,6.618540236192445e-05,6.618540236192445e-05,198
RR1 OSD-48 carcass FLT−GC,PC2,TXNIP,8.535035176030067e-05,8.535035176030067e-05,15
RR1 OSD-48 carcass FLT−GC,PC2,UBAC1,6.296637936153621e-05,6.296637936153621e-05,332
RR1 OSD-48 carcass FLT−GC,PC2,UBAP2L,6.093483658457376e-05,6.093483658457376e-05,463
RR1 OSD-48 carcass FLT−GC,PC2,UBE2H,6.866125506761671e-05,6.866125506761671e-05,133
RR1 OSD-48 carcass FLT−GC,PC2,UBE2I,6.264664375648674e-05,6.264664375648674e-05,349
RR1 OSD-48 carcass FLT−GC,PC2,UBE2V1,6.996441954639072e-05,6.996441954639072e-05,107
RR1 OSD-48 carcass FLT−GC,PC2,UBE4A,6.228933704203286e-05,6.228933704203286e-05,368
RR1 OSD-48 carcass FLT−GC,PC2,UBQLN4,6.336195855766168e-05,6.336195855766168e-05,309
RR1 OSD-48 carcass FLT−GC,PC2,UBR4,6.225701997435275e-05,6.225701997435275e-05,371
RR1 OSD-48 carcass FLT−GC,PC2,UBTF,6.13375336885576e-05,6.13375336885576e-05,429
RR1 OSD-48 carcass FLT−GC,PC2,UBXN6,6.569857421450618e-05,6.569857421450618e-05,211
RR1 OSD-48 carcass FLT−GC,PC2,UCKL1,6.20191615627893e-05,6.20191615627893e-05,388
RR1 OSD-48 carcass FLT−GC,PC2,UNC50,6.276442394867332e-05,6.276442394867332e-05,343
RR1 OSD-48 carcass FLT−GC,PC2,UPP2,7.473384539997185e-05,7.473384539997185e-05,47
RR1 OSD-48 carcass FLT−GC,PC2,USHBP1,6.732929957604354e-05,6.732929957604354e-05,165
RR1 OSD-48 carcass FLT−GC,PC2,USP19,7.331062061000668e-05,7.331062061000668e-05,56
RR1 OSD-48 carcass FLT−GC,PC2,USP36,6.460117280540002e-05,6.460117280540002e-05,247
RR1 OSD-48 carcass FLT−GC,PC2,USP40,6.229386033909633e-05,6.229386033909633e-05,366
RR1 OSD-48 carcass FLT−GC,PC2,VAMP2,7.204581739871175e-05,7.204581739871175e-05,68
RR1 OSD-48 carcass FLT−GC,PC2,VTCN1,6.116886464824235e-05,6.116886464824235e-05,439
RR1 OSD-48 carcass FLT−GC,PC2,VTI1B,6.305754672795061e-05,6.305754672795061e-05,327
RR1 OSD-48 carcass FLT−GC,PC2,VWA8,8.253747860217907e-05,8.253747860217907e-05,22
RR1 OSD-48 carcass FLT−GC,PC2,WDR45,6.75883559647079e-05,6.75883559647079e-05,158
RR1 OSD-48 carcass FLT−GC,PC2,WDTC1,6.44861437249282e-05,6.44861437249282e-05,249
RR1 OSD-48 carcass FLT−GC,PC2,WHAMM,6.645862602369486e-05,6.645862602369486e-05,190
RR1 OSD-48 carcass FLT−GC,PC2,WSB2,6.074508330374942e-05,6.074508330374942e-05,476
RR1 OSD-48 carcass FLT−GC,PC2,YIPF3,6.574020134160153e-05,6.574020134160153e-05,210
RR1 OSD-48 carcass FLT−GC,PC2,YPEL3,6.097708334561344e-05,6.097708334561344e-05,459
RR1 OSD-48 carcass FLT−GC,PC2,ZBTB48,6.772264225058597e-05,6.772264225058597e-05,156
RR1 OSD-48 carcass FLT−GC,PC2,ZFAND1,6.677102634602641e-05,6.677102634602641e-05,182
RR1 OSD-48 carcass FLT−GC,PC2,ZFC3H1,6.0678795262395275e-05,6.0678795262395275e-05,479
RR1 OSD-48 carcass FLT−GC,PC2,ZFP36L2,6.329477122339523e-05,6.329477122339523e-05,316
RR1 OSD-48 carcass FLT−GC,PC2,ZFPM1,6.0919819680249664e-05,6.0919819680249664e-05,465
RR1 OSD-48 carcass FLT−GC,PC2,ZFYVE21,7.144119140515112e-05,7.144119140515112e-05,80
RR1 OSD-48 carcass FLT−GC,PC2,ZGPAT,7.297785705629913e-05,7.297785705629913e-05,60
RR1 OSD-48 carcass FLT−GC,PC2,ZNF276,6.26875101995232e-05,6.26875101995232e-05,347
RR1 OSD-48 carcass FLT−GC,PC2,ZNF395,8.808941133503151e-05,8.808941133503151e-05,12
RR1 OSD-48 carcass FLT−GC,PC2,ZNF445,6.291922945028315e-05,6.291922945028315e-05,335
RR1 OSD-48 carcass FLT−GC,PC2,ZNF598,6.624372334430554e-05,6.624372334430554e-05,197
RR1 OSD-48 carcass FLT−GC,PC2,ZPR1,8.32497178389606e-05,8.32497178389606e-05,20
RR1 OSD-48 carcass FLT−GC,PC2,ZSCAN26,6.576028005431506e-05,6.576028005431506e-05,208
RR1 OSD-48 carcass FLT−GC,PC2,ZSWIM8,6.349945639867555e-05,6.349945639867555e-05,302
RR1 OSD-48 carcass FLT−GC,PC2,ZYX,7.080629988252562e-05,7.080629988252562e-05,94
RR1 OSD-168 FLT−GC,PC1,AACS,-6.604988417532028e-05,6.604988417532028e-05,280
RR1 OSD-168 FLT−GC,PC1,AASDH,-6.290328036945328e-05,6.290328036945328e-05,334
RR1 OSD-168 FLT−GC,PC1,ABCD2,9.509642658365552e-05,9.509642658365552e-05,83
RR1 OSD-168 FLT−GC,PC1,ABLIM3,-8.695500923522673e-05,8.695500923522673e-05,113
RR1 OSD-168 FLT−GC,PC1,ABTB2,-0.00011147262129395908,0.00011147262129395908,53
RR1 OSD-168 FLT−GC,PC1,ACACA,-9.930239327356814e-05,9.930239327356814e-05,75
RR1 OSD-168 FLT−GC,PC1,ACACB,-0.0001277050392003436,0.0001277050392003436,31
RR1 OSD-168 FLT−GC,PC1,ACIN1,-5.6206972480197116e-05,5.6206972480197116e-05,466
RR1 OSD-168 FLT−GC,PC1,ACLY,-8.680211490211557e-05,8.680211490211557e-05,116
RR1 OSD-168 FLT−GC,PC1,ACMSD,-0.00011647215116792602,0.00011647215116792602,45
RR1 OSD-168 FLT−GC,PC1,ACSL4,-7.931797491389218e-05,7.931797491389218e-05,161
RR1 OSD-168 FLT−GC,PC1,ACSS2,-8.53818350890059e-05,8.53818350890059e-05,120
RR1 OSD-168 FLT−GC,PC1,ADAR,-7.934359065310294e-05,7.934359065310294e-05,160
RR1 OSD-168 FLT−GC,PC1,ADRA1B,-7.675377681245896e-05,7.675377681245896e-05,182
RR1 OSD-168 FLT−GC,PC1,AFDN,-5.519577178035387e-05,5.519577178035387e-05,495
RR1 OSD-168 FLT−GC,PC1,AHCTF1,-6.007073909136215e-05,6.007073909136215e-05,388
RR1 OSD-168 FLT−GC,PC1,AHR,-7.421991911350548e-05,7.421991911350548e-05,190
RR1 OSD-168 FLT−GC,PC1,ALAS2,-7.505597330788484e-05,7.505597330788484e-05,185
RR1 OSD-168 FLT−GC,PC1,ALS2CL,-6.870100575743013e-05,6.870100575743013e-05,244
RR1 OSD-168 FLT−GC,PC1,AMN1,-8.463046775429273e-05,8.463046775429273e-05,125
RR1 OSD-168 FLT−GC,PC1,ANGPTL8,-6.942974231184489e-05,6.942974231184489e-05,238
RR1 OSD-168 FLT−GC,PC1,AOPEP,-6.317074462089175e-05,6.317074462089175e-05,330
RR1 OSD-168 FLT−GC,PC1,AOX1,-8.404335314276957e-05,8.404335314276957e-05,130
RR1 OSD-168 FLT−GC,PC1,APBB3,-5.748351563344627e-05,5.748351563344627e-05,438
RR1 OSD-168 FLT−GC,PC1,ARGLU1,-5.813125846197352e-05,5.813125846197352e-05,422
RR1 OSD-168 FLT−GC,PC1,ARHGAP24,-5.525733261890834e-05,5.525733261890834e-05,490
RR1 OSD-168 FLT−GC,PC1,ARHGEF19,-5.724272955991061e-05,5.724272955991061e-05,443
RR1 OSD-168 FLT−GC,PC1,ARHGEF26,-0.0001057190088457269,0.0001057190088457269,59
RR1 OSD-168 FLT−GC,PC1,ARHGEF37,-5.6537614016830115e-05,5.6537614016830115e-05,460
RR1 OSD-168 FLT−GC,PC1,ARHGEF5,-6.535666196460215e-05,6.535666196460215e-05,290
RR1 OSD-168 FLT−GC,PC1,ARL4D,-7.848992818833656e-05,7.848992818833656e-05,171
RR1 OSD-168 FLT−GC,PC1,ARRDC2,-8.106076715828635e-05,8.106076715828635e-05,146
RR1 OSD-168 FLT−GC,PC1,ASAP2,-8.513823219959391e-05,8.513823219959391e-05,122
RR1 OSD-168 FLT−GC,PC1,ASCC3,-5.7817711162321325e-05,5.7817711162321325e-05,428
RR1 OSD-168 FLT−GC,PC1,ATP11A,-7.421712847790008e-05,7.421712847790008e-05,191
RR1 OSD-168 FLT−GC,PC1,ATP2B2,-9.960313347357016e-05,9.960313347357016e-05,72
RR1 OSD-168 FLT−GC,PC1,AVPR1A,-8.413919188781601e-05,8.413919188781601e-05,129
RR1 OSD-168 FLT−GC,PC1,B3GALT1,-7.210711317738526e-05,7.210711317738526e-05,214
RR1 OSD-168 FLT−GC,PC1,BAIAP2,-0.00010789794349849805,0.00010789794349849805,57
RR1 OSD-168 FLT−GC,PC1,BCL2L1,-7.750671753257832e-05,7.750671753257832e-05,178
RR1 OSD-168 FLT−GC,PC1,BCL3,-5.743766253862557e-05,5.743766253862557e-05,439
RR1 OSD-168 FLT−GC,PC1,BCL6,-0.00012419677864490553,0.00012419677864490553,36
RR1 OSD-168 FLT−GC,PC1,BCLAF1,-5.633855261490635e-05,5.633855261490635e-05,465
RR1 OSD-168 FLT−GC,PC1,BLCAP,-8.416728433120872e-05,8.416728433120872e-05,128
RR1 OSD-168 FLT−GC,PC1,BTG1,-5.738180780928924e-05,5.738180780928924e-05,440
RR1 OSD-168 FLT−GC,PC1,C6,-7.923213755588827e-05,7.923213755588827e-05,164
RR1 OSD-168 FLT−GC,PC1,C8A,-0.00010156099327205443,0.00010156099327205443,65
RR1 OSD-168 FLT−GC,PC1,C8B,-7.077070070011065e-05,7.077070070011065e-05,223
RR1 OSD-168 FLT−GC,PC1,C9,-6.082852382632205e-05,6.082852382632205e-05,376
RR1 OSD-168 FLT−GC,PC1,CA2,-5.525094027240369e-05,5.525094027240369e-05,492
RR1 OSD-168 FLT−GC,PC1,CAD,-5.517444124670664e-05,5.517444124670664e-05,496
RR1 OSD-168 FLT−GC,PC1,CARMIL1,-6.091881918332891e-05,6.091881918332891e-05,375
RR1 OSD-168 FLT−GC,PC1,CASP6,6.37752356261161e-05,6.37752356261161e-05,317
RR1 OSD-168 FLT−GC,PC1,CCAR1,-5.961891471714197e-05,5.961891471714197e-05,391
RR1 OSD-168 FLT−GC,PC1,CCNF,-9.044626126732747e-05,9.044626126732747e-05,100
RR1 OSD-168 FLT−GC,PC1,CCNG2,-8.113716203686679e-05,8.113716203686679e-05,145
RR1 OSD-168 FLT−GC,PC1,CCNL1,-8.687607999611837e-05,8.687607999611837e-05,114
RR1 OSD-168 FLT−GC,PC1,CCNT2,-8.833139173665628e-05,8.833139173665628e-05,107
RR1 OSD-168 FLT−GC,PC1,CD163,-9.487642782637616e-05,9.487642782637616e-05,84
RR1 OSD-168 FLT−GC,PC1,CDC37L1,-5.878138212707817e-05,5.878138212707817e-05,408
RR1 OSD-168 FLT−GC,PC1,CDCP1,-7.366755605492466e-05,7.366755605492466e-05,196
RR1 OSD-168 FLT−GC,PC1,CDH1,-5.886802008567336e-05,5.886802008567336e-05,406
RR1 OSD-168 FLT−GC,PC1,CDIP1,-7.22524204983789e-05,7.22524204983789e-05,210
RR1 OSD-168 FLT−GC,PC1,CDKN1A,-0.00017921729724272597,0.00017921729724272597,6
RR1 OSD-168 FLT−GC,PC1,CELA1,-6.402742075969618e-05,6.402742075969618e-05,309
RR1 OSD-168 FLT−GC,PC1,CELSR1,-9.968234855604934e-05,9.968234855604934e-05,71
RR1 OSD-168 FLT−GC,PC1,CEP44,-7.430328996478997e-05,7.430328996478997e-05,188
RR1 OSD-168 FLT−GC,PC1,CEP85,-6.569206933563616e-05,6.569206933563616e-05,283
RR1 OSD-168 FLT−GC,PC1,CEP85L,-0.00010218136489330995,0.00010218136489330995,63
RR1 OSD-168 FLT−GC,PC1,CFP,-5.8721316494829994e-05,5.8721316494829994e-05,411
RR1 OSD-168 FLT−GC,PC1,CGN,-6.67135143707991e-05,6.67135143707991e-05,273
RR1 OSD-168 FLT−GC,PC1,CHD9,-9.14498760921156e-05,9.14498760921156e-05,97
RR1 OSD-168 FLT−GC,PC1,CHIC1,-7.427122548192002e-05,7.427122548192002e-05,189
RR1 OSD-168 FLT−GC,PC1,CHKA,-0.00021417423383614286,0.00021417423383614286,2
RR1 OSD-168 FLT−GC,PC1,CHRNA4,-0.00016452654158686454,0.00016452654158686454,10
RR1 OSD-168 FLT−GC,PC1,CIPC,-5.7099844816617904e-05,5.7099844816617904e-05,445
RR1 OSD-168 FLT−GC,PC1,CITED2,-5.719310294653518e-05,5.719310294653518e-05,444
RR1 OSD-168 FLT−GC,PC1,CLDN1,-6.722405281896032e-05,6.722405281896032e-05,267
RR1 OSD-168 FLT−GC,PC1,CLK2,-6.855159233978053e-05,6.855159233978053e-05,247
RR1 OSD-168 FLT−GC,PC1,CLK3,-5.986618260956101e-05,5.986618260956101e-05,389
RR1 OSD-168 FLT−GC,PC1,CLK4,-6.591573535017915e-05,6.591573535017915e-05,282
RR1 OSD-168 FLT−GC,PC1,CLOCK,-8.266404507982955e-05,8.266404507982955e-05,136
RR1 OSD-168 FLT−GC,PC1,CMPK2,-0.0001375871490549983,0.0001375871490549983,22
RR1 OSD-168 FLT−GC,PC1,CNDP2,-6.0983514774778673e-05,6.0983514774778673e-05,373
RR1 OSD-168 FLT−GC,PC1,CNOT3,-6.257214977339625e-05,6.257214977339625e-05,340
RR1 OSD-168 FLT−GC,PC1,COBL,-5.640110158636136e-05,5.640110158636136e-05,463
RR1 OSD-168 FLT−GC,PC1,COL15A1,-8.165424444717698e-05,8.165424444717698e-05,143
RR1 OSD-168 FLT−GC,PC1,COL5A3,-6.884539704453806e-05,6.884539704453806e-05,242
RR1 OSD-168 FLT−GC,PC1,COQ10B,6.381165378697527e-05,6.381165378697527e-05,316
RR1 OSD-168 FLT−GC,PC1,COX20,-5.780584280104436e-05,5.780584280104436e-05,429
RR1 OSD-168 FLT−GC,PC1,CPEB2,-0.00010887912581182482,0.00010887912581182482,54
RR1 OSD-168 FLT−GC,PC1,CPSF6,-7.194768884944475e-05,7.194768884944475e-05,216
RR1 OSD-168 FLT−GC,PC1,CRY1,-0.00010139259995682728,0.00010139259995682728,68
RR1 OSD-168 FLT−GC,PC1,CRYBG3,-5.774841603110092e-05,5.774841603110092e-05,431
RR1 OSD-168 FLT−GC,PC1,CSPP1,-7.916210673706049e-05,7.916210673706049e-05,166
RR1 OSD-168 FLT−GC,PC1,CYP26A1,-7.462610093382086e-05,7.462610093382086e-05,187
RR1 OSD-168 FLT−GC,PC1,CYP51A1,-6.27441104385431e-05,6.27441104385431e-05,337
RR1 OSD-168 FLT−GC,PC1,CYP7A1,-7.884357214858832e-05,7.884357214858832e-05,168
RR1 OSD-168 FLT−GC,PC1,CYP7B1,-7.926272856324087e-05,7.926272856324087e-05,163
RR1 OSD-168 FLT−GC,PC1,CYP8B1,-0.0001253743708381474,0.0001253743708381474,34
RR1 OSD-168 FLT−GC,PC1,CYRIB,-5.5736856354502355e-05,5.5736856354502355e-05,477
RR1 OSD-168 FLT−GC,PC1,DAPK1,-6.962026365980093e-05,6.962026365980093e-05,236
RR1 OSD-168 FLT−GC,PC1,DBP,0.0002951033131370605,0.0002951033131370605,1
RR1 OSD-168 FLT−GC,PC1,DDC,-7.263781265294722e-05,7.263781265294722e-05,204
RR1 OSD-168 FLT−GC,PC1,DDIT4,-0.0001506798501916819,0.0001506798501916819,20
RR1 OSD-168 FLT−GC,PC1,DDX17,-5.9493026887871115e-05,5.9493026887871115e-05,392
RR1 OSD-168 FLT−GC,PC1,DDX60,-0.00011547382370938616,0.00011547382370938616,46
RR1 OSD-168 FLT−GC,PC1,DENND1A,-5.650926162156929e-05,5.650926162156929e-05,461
RR1 OSD-168 FLT−GC,PC1,DESI2,-5.568458519287507e-05,5.568458519287507e-05,478
RR1 OSD-168 FLT−GC,PC1,DHCR7,-0.00012166454168832009,0.00012166454168832009,40
RR1 OSD-168 FLT−GC,PC1,DHX33,-5.924608826415379e-05,5.924608826415379e-05,398
RR1 OSD-168 FLT−GC,PC1,DHX58,-0.00013250820445735828,0.00013250820445735828,29
RR1 OSD-168 FLT−GC,PC1,DIO1,-7.093489910701987e-05,7.093489910701987e-05,222
RR1 OSD-168 FLT−GC,PC1,DMXL2,-7.117842482385092e-05,7.117842482385092e-05,221
RR1 OSD-168 FLT−GC,PC1,DOCK8,-5.670439110042097e-05,5.670439110042097e-05,457
RR1 OSD-168 FLT−GC,PC1,DOP1A,-5.617439520825054e-05,5.617439520825054e-05,467
RR1 OSD-168 FLT−GC,PC1,DPH6,-5.590541044804429e-05,5.590541044804429e-05,473
RR1 OSD-168 FLT−GC,PC1,DPP9,-6.189609471947555e-05,6.189609471947555e-05,352
RR1 OSD-168 FLT−GC,PC1,DPY19L1,-7.036932230257072e-05,7.036932230257072e-05,226
RR1 OSD-168 FLT−GC,PC1,DTX4,-9.871363352054374e-05,9.871363352054374e-05,76
RR1 OSD-168 FLT−GC,PC1,DUSP1,-0.00012420354104582086,0.00012420354104582086,35
RR1 OSD-168 FLT−GC,PC1,EGFR,-9.67180548170318e-05,9.67180548170318e-05,81
RR1 OSD-168 FLT−GC,PC1,EID3,-5.704930845322573e-05,5.704930845322573e-05,446
RR1 OSD-168 FLT−GC,PC1,EIF2AK2,-6.735402708834314e-05,6.735402708834314e-05,263
RR1 OSD-168 FLT−GC,PC1,ELL2,-5.9287592038528706e-05,5.9287592038528706e-05,397
RR1 OSD-168 FLT−GC,PC1,ELOVL6,-0.00015380958570241463,0.00015380958570241463,15
RR1 OSD-168 FLT−GC,PC1,ENHO,-7.703439612229376e-05,7.703439612229376e-05,181
RR1 OSD-168 FLT−GC,PC1,EPHA2,-6.199978218819037e-05,6.199978218819037e-05,350
RR1 OSD-168 FLT−GC,PC1,ERN1,-7.387364525179163e-05,7.387364525179163e-05,193
RR1 OSD-168 FLT−GC,PC1,ESR1,-6.538076402163007e-05,6.538076402163007e-05,288
RR1 OSD-168 FLT−GC,PC1,EXOC4,-7.343087305807651e-05,7.343087305807651e-05,199
RR1 OSD-168 FLT−GC,PC1,EXOSC8,-6.56214284145003e-05,6.56214284145003e-05,284
RR1 OSD-168 FLT−GC,PC1,F11,-6.730215657297998e-05,6.730215657297998e-05,265
RR1 OSD-168 FLT−GC,PC1,FABP5,-0.00016797386528882892,0.00016797386528882892,8
RR1 OSD-168 FLT−GC,PC1,FAM13B,-6.537924978186388e-05,6.537924978186388e-05,289
RR1 OSD-168 FLT−GC,PC1,FAM193B,-7.7409559947191e-05,7.7409559947191e-05,179
RR1 OSD-168 FLT−GC,PC1,FAM204A,-5.53965594625636e-05,5.53965594625636e-05,487
RR1 OSD-168 FLT−GC,PC1,FAM47E,-5.6092779547703927e-05,5.6092779547703927e-05,468
RR1 OSD-168 FLT−GC,PC1,FASN,-6.755697695808868e-05,6.755697695808868e-05,260
RR1 OSD-168 FLT−GC,PC1,FBXO21,8.744399988071704e-05,8.744399988071704e-05,110
RR1 OSD-168 FLT−GC,PC1,FBXO6,-6.1014149418782627e-05,6.1014149418782627e-05,370
RR1 OSD-168 FLT−GC,PC1,FCHO2,-5.678316419057689e-05,5.678316419057689e-05,453
RR1 OSD-168 FLT−GC,PC1,FDPS,-5.8472529338314546e-05,5.8472529338314546e-05,418
RR1 OSD-168 FLT−GC,PC1,FKBP5,-6.817945641948696e-05,6.817945641948696e-05,252
RR1 OSD-168 FLT−GC,PC1,FNBP4,-6.396718683420091e-05,6.396718683420091e-05,310
RR1 OSD-168 FLT−GC,PC1,FNDC3B,-6.21237003542208e-05,6.21237003542208e-05,346
RR1 OSD-168 FLT−GC,PC1,FOLR2,-5.752620077013094e-05,5.752620077013094e-05,436
RR1 OSD-168 FLT−GC,PC1,FOXO1,-5.6756669771827935e-05,5.6756669771827935e-05,454
RR1 OSD-168 FLT−GC,PC1,FRMD8,-6.39120145932466e-05,6.39120145932466e-05,312
RR1 OSD-168 FLT−GC,PC1,FUBP1,-7.493215929279391e-05,7.493215929279391e-05,186
RR1 OSD-168 FLT−GC,PC1,FUS,-6.371522281314914e-05,6.371522281314914e-05,319
RR1 OSD-168 FLT−GC,PC1,G0S2,5.8622840179103314e-05,5.8622840179103314e-05,414
RR1 OSD-168 FLT−GC,PC1,G3BP2,-5.555641776739481e-05,5.555641776739481e-05,481
RR1 OSD-168 FLT−GC,PC1,GADD45G,-0.00017249974086682587,0.00017249974086682587,7
RR1 OSD-168 FLT−GC,PC1,GALE,-0.00013618845932939186,0.00013618845932939186,24
RR1 OSD-168 FLT−GC,PC1,GAS6,-7.223120067405938e-05,7.223120067405938e-05,211
RR1 OSD-168 FLT−GC,PC1,GASK1A,-8.226527002849528e-05,8.226527002849528e-05,138
RR1 OSD-168 FLT−GC,PC1,GBF1,-5.666686773042645e-05,5.666686773042645e-05,459
RR1 OSD-168 FLT−GC,PC1,GCK,-6.929263279942878e-05,6.929263279942878e-05,241
RR1 OSD-168 FLT−GC,PC1,GIN1,-6.985813896882555e-05,6.985813896882555e-05,232
RR1 OSD-168 FLT−GC,PC1,GOPC,-6.32063243819068e-05,6.32063243819068e-05,329
RR1 OSD-168 FLT−GC,PC1,GPD2,-5.932646000122536e-05,5.932646000122536e-05,396
RR1 OSD-168 FLT−GC,PC1,GRAMD1C,-7.929666150170151e-05,7.929666150170151e-05,162
RR1 OSD-168 FLT−GC,PC1,GRK5,-8.098106343340809e-05,8.098106343340809e-05,147
RR1 OSD-168 FLT−GC,PC1,GSTM4,-6.540638653664928e-05,6.540638653664928e-05,287
RR1 OSD-168 FLT−GC,PC1,H1-1,-7.285193930370286e-05,7.285193930370286e-05,203
RR1 OSD-168 FLT−GC,PC1,H1-5,-6.200733653538207e-05,6.200733653538207e-05,349
RR1 OSD-168 FLT−GC,PC1,HAO2,0.0001363348327461034,0.0001363348327461034,23
RR1 OSD-168 FLT−GC,PC1,HELZ2,-6.727480059974075e-05,6.727480059974075e-05,266
RR1 OSD-168 FLT−GC,PC1,HERC6,-0.00012042074026356878,0.00012042074026356878,41
RR1 OSD-168 FLT−GC,PC1,HES6,-8.916950040129596e-05,8.916950040129596e-05,104
RR1 OSD-168 FLT−GC,PC1,HIP1R,-6.599803964625559e-05,6.599803964625559e-05,281
RR1 OSD-168 FLT−GC,PC1,HNRNPH1,-6.249755251273985e-05,6.249755251273985e-05,342
RR1 OSD-168 FLT−GC,PC1,HSPA4L,-6.21726627163014e-05,6.21726627163014e-05,345
RR1 OSD-168 FLT−GC,PC1,HSPB1,-8.48205250761321e-05,8.48205250761321e-05,123
RR1 OSD-168 FLT−GC,PC1,HSPBAP1,-5.793867635723373e-05,5.793867635723373e-05,425
RR1 OSD-168 FLT−GC,PC1,HTT,-5.549854619151886e-05,5.549854619151886e-05,485
RR1 OSD-168 FLT−GC,PC1,ID1,6.811427554502322e-05,6.811427554502322e-05,253
RR1 OSD-168 FLT−GC,PC1,IDI1,-8.291067594591032e-05,8.291067594591032e-05,134
RR1 OSD-168 FLT−GC,PC1,IDO2,-6.263969779299366e-05,6.263969779299366e-05,339
RR1 OSD-168 FLT−GC,PC1,IFI35,-6.664934069112713e-05,6.664934069112713e-05,275
RR1 OSD-168 FLT−GC,PC1,IFI44,-0.0001305889140336991,0.0001305889140336991,30
RR1 OSD-168 FLT−GC,PC1,IFIH1,-8.361548312728482e-05,8.361548312728482e-05,131
RR1 OSD-168 FLT−GC,PC1,IFIT2,-6.444477010958214e-05,6.444477010958214e-05,305
RR1 OSD-168 FLT−GC,PC1,IFRD1,-8.210656026402678e-05,8.210656026402678e-05,140
RR1 OSD-168 FLT−GC,PC1,IGFBP1,-0.00010039350578947611,0.00010039350578947611,69
RR1 OSD-168 FLT−GC,PC1,IKBKE,-8.706737988634849e-05,8.706737988634849e-05,111
RR1 OSD-168 FLT−GC,PC1,IKBKG,-6.70202342759739e-05,6.70202342759739e-05,270
RR1 OSD-168 FLT−GC,PC1,IL18BP,-6.119438163513933e-05,6.119438163513933e-05,369
RR1 OSD-168 FLT−GC,PC1,IL1R1,-5.5286863153233186e-05,5.5286863153233186e-05,489
RR1 OSD-168 FLT−GC,PC1,IL6R,-7.946558801801644e-05,7.946558801801644e-05,159
RR1 OSD-168 FLT−GC,PC1,ILDR2,8.476745259693485e-05,8.476745259693485e-05,124
RR1 OSD-168 FLT−GC,PC1,INHBA,-8.228269648020577e-05,8.228269648020577e-05,137
RR1 OSD-168 FLT−GC,PC1,INHBC,-6.804000779024513e-05,6.804000779024513e-05,254
RR1 OSD-168 FLT−GC,PC1,INPP4A,-6.120143708465182e-05,6.120143708465182e-05,368
RR1 OSD-168 FLT−GC,PC1,INSC,-0.0001193061203547603,0.0001193061203547603,44
RR1 OSD-168 FLT−GC,PC1,INSIG2,-6.373967326613372e-05,6.373967326613372e-05,318
RR1 OSD-168 FLT−GC,PC1,IP6K2,-8.062449294750284e-05,8.062449294750284e-05,150
RR1 OSD-168 FLT−GC,PC1,IRF2,-6.360891903097044e-05,6.360891903097044e-05,322
RR1 OSD-168 FLT−GC,PC1,IRF2BP2,-6.19987257252704e-05,6.19987257252704e-05,351
RR1 OSD-168 FLT−GC,PC1,IRF6,-6.156583353639966e-05,6.156583353639966e-05,359
RR1 OSD-168 FLT−GC,PC1,IRF7,-0.00010373072855382329,0.00010373072855382329,62
RR1 OSD-168 FLT−GC,PC1,IRF9,-7.723218970220428e-05,7.723218970220428e-05,180
RR1 OSD-168 FLT−GC,PC1,ISG15,-0.00018383235703424728,0.00018383235703424728,4
RR1 OSD-168 FLT−GC,PC1,ITGA5,-7.23750459807797e-05,7.23750459807797e-05,209
RR1 OSD-168 FLT−GC,PC1,ITPK1,-5.542774035960161e-05,5.542774035960161e-05,486
RR1 OSD-168 FLT−GC,PC1,ITPR1,-5.7972352180136995e-05,5.7972352180136995e-05,424
RR1 OSD-168 FLT−GC,PC1,ITSN2,-5.515675520236591e-05,5.515675520236591e-05,498
RR1 OSD-168 FLT−GC,PC1,IWS1,-5.881184881082925e-05,5.881184881082925e-05,407
RR1 OSD-168 FLT−GC,PC1,JOSD2,-7.811068633861297e-05,7.811068633861297e-05,175
RR1 OSD-168 FLT−GC,PC1,JUN,-6.843843459601293e-05,6.843843459601293e-05,248
RR1 OSD-168 FLT−GC,PC1,KRAS,-7.250833699936314e-05,7.250833699936314e-05,205
RR1 OSD-168 FLT−GC,PC1,KRIT1,-9.261880615967542e-05,9.261880615967542e-05,91
RR1 OSD-168 FLT−GC,PC1,KRT23,9.556864295743284e-05,9.556864295743284e-05,82
RR1 OSD-168 FLT−GC,PC1,KYNU,-6.801577894396978e-05,6.801577894396978e-05,256
RR1 OSD-168 FLT−GC,PC1,LACC1,-8.082930803853184e-05,8.082930803853184e-05,148
RR1 OSD-168 FLT−GC,PC1,LCN2,-0.00013607134765051404,0.00013607134765051404,25
RR1 OSD-168 FLT−GC,PC1,LENG8,-6.865066410789169e-05,6.865066410789169e-05,245
RR1 OSD-168 FLT−GC,PC1,LEO1,-9.771517303948465e-05,9.771517303948465e-05,78
RR1 OSD-168 FLT−GC,PC1,LEPROTL1,-6.131157333123166e-05,6.131157333123166e-05,365
RR1 OSD-168 FLT−GC,PC1,LGALS3BP,-5.9741183916137795e-05,5.9741183916137795e-05,390
RR1 OSD-168 FLT−GC,PC1,LIME1,-5.77346680370956e-05,5.77346680370956e-05,432
RR1 OSD-168 FLT−GC,PC1,LNX2,-6.605960620022622e-05,6.605960620022622e-05,279
RR1 OSD-168 FLT−GC,PC1,LONRF3,-7.868699282111506e-05,7.868699282111506e-05,169
RR1 OSD-168 FLT−GC,PC1,LOXL4,-0.00015652974157908056,0.00015652974157908056,14
RR1 OSD-168 FLT−GC,PC1,LPIN1,-0.00012209304764073281,0.00012209304764073281,39
RR1 OSD-168 FLT−GC,PC1,LRRC59,-5.5616734305072874e-05,5.5616734305072874e-05,480
RR1 OSD-168 FLT−GC,PC1,LRRFIP2,-5.870482609651862e-05,5.870482609651862e-05,412
RR1 OSD-168 FLT−GC,PC1,LRTM1,-8.940578844554406e-05,8.940578844554406e-05,103
RR1 OSD-168 FLT−GC,PC1,LSS,-0.00010827985212296285,0.00010827985212296285,56
RR1 OSD-168 FLT−GC,PC1,LUC7L2,-8.803040384627708e-05,8.803040384627708e-05,108
RR1 OSD-168 FLT−GC,PC1,LUC7L3,-6.133474224867202e-05,6.133474224867202e-05,364
RR1 OSD-168 FLT−GC,PC1,LURAP1L,-5.860223517253613e-05,5.860223517253613e-05,416
RR1 OSD-168 FLT−GC,PC1,LY6E,-6.970256403545989e-05,6.970256403545989e-05,235
RR1 OSD-168 FLT−GC,PC1,MAD2L2,-7.167338500316001e-05,7.167338500316001e-05,217
RR1 OSD-168 FLT−GC,PC1,MAL2,-7.297657110578614e-05,7.297657110578614e-05,201
RR1 OSD-168 FLT−GC,PC1,MAP7,-6.252166588421807e-05,6.252166588421807e-05,341
RR1 OSD-168 FLT−GC,PC1,MAPK8IP3,-5.861178934483443e-05,5.861178934483443e-05,415
RR1 OSD-168 FLT−GC,PC1,MAPRE3,-6.803258501143092e-05,6.803258501143092e-05,255
RR1 OSD-168 FLT−GC,PC1,MARCO,-0.0001329489346260496,0.0001329489346260496,28
RR1 OSD-168 FLT−GC,PC1,MBNL2,-8.439188923297393e-05,8.439188923297393e-05,126
RR1 OSD-168 FLT−GC,PC1,MCC,-6.931490420119412e-05,6.931490420119412e-05,240
RR1 OSD-168 FLT−GC,PC1,MCU,-5.5832623176413864e-05,5.5832623176413864e-05,474
RR1 OSD-168 FLT−GC,PC1,MDFIC,-5.915358655272861e-05,5.915358655272861e-05,400
RR1 OSD-168 FLT−GC,PC1,MDM2,-6.441806531617969e-05,6.441806531617969e-05,306
RR1 OSD-168 FLT−GC,PC1,MDM4,-5.934086363324979e-05,5.934086363324979e-05,395
RR1 OSD-168 FLT−GC,PC1,ME1,-8.018546848139486e-05,8.018546848139486e-05,151
RR1 OSD-168 FLT−GC,PC1,MEGF9,-6.709383474829265e-05,6.709383474829265e-05,269
RR1 OSD-168 FLT−GC,PC1,METAP1D,-6.863841529848488e-05,6.863841529848488e-05,246
RR1 OSD-168 FLT−GC,PC1,MICAL2,-9.392393486705709e-05,9.392393486705709e-05,89
RR1 OSD-168 FLT−GC,PC1,MICAL3,-5.5196457911053034e-05,5.5196457911053034e-05,494
RR1 OSD-168 FLT−GC,PC1,MLKL,-7.145902864575807e-05,7.145902864575807e-05,219
RR1 OSD-168 FLT−GC,PC1,MLXIPL,-7.814570543842621e-05,7.814570543842621e-05,174
RR1 OSD-168 FLT−GC,PC1,MPZL3,-6.211417930786684e-05,6.211417930786684e-05,347
RR1 OSD-168 FLT−GC,PC1,MRPS10,-5.947187482544798e-05,5.947187482544798e-05,394
RR1 OSD-168 FLT−GC,PC1,MRTFB,-6.983913691314902e-05,6.983913691314902e-05,233
RR1 OSD-168 FLT−GC,PC1,MT-CO3,-5.79383904518392e-05,5.79383904518392e-05,426
RR1 OSD-168 FLT−GC,PC1,MTCP1,-7.11969975644106e-05,7.11969975644106e-05,220
RR1 OSD-168 FLT−GC,PC1,MTHFR,-8.064039569110626e-05,8.064039569110626e-05,149
RR1 OSD-168 FLT−GC,PC1,NABP1,-5.6024364816564095e-05,5.6024364816564095e-05,469
RR1 OSD-168 FLT−GC,PC1,NAV2,-5.790198769643669e-05,5.790198769643669e-05,427
RR1 OSD-168 FLT−GC,PC1,NBAS,-6.61511513965543e-05,6.61511513965543e-05,278
RR1 OSD-168 FLT−GC,PC1,NDRG1,-9.930410935462561e-05,9.930410935462561e-05,74
RR1 OSD-168 FLT−GC,PC1,NECAB1,-7.152804916572464e-05,7.152804916572464e-05,218
RR1 OSD-168 FLT−GC,PC1,NECTIN1,-6.068138009021529e-05,6.068138009021529e-05,377
RR1 OSD-168 FLT−GC,PC1,NEDD4L,-0.00011960717104264489,0.00011960717104264489,42
RR1 OSD-168 FLT−GC,PC1,NEK6,-6.499742259605957e-05,6.499742259605957e-05,298
RR1 OSD-168 FLT−GC,PC1,NET1,-5.6719090462656683e-05,5.6719090462656683e-05,455
RR1 OSD-168 FLT−GC,PC1,NFAT5,-6.025664916571092e-05,6.025664916571092e-05,384
RR1 OSD-168 FLT−GC,PC1,NFIC,-5.778197819995084e-05,5.778197819995084e-05,430
RR1 OSD-168 FLT−GC,PC1,NFIL3,-0.0001602135124856256,0.0001602135124856256,12
RR1 OSD-168 FLT−GC,PC1,NKTR,-9.228217406218693e-05,9.228217406218693e-05,92
RR1 OSD-168 FLT−GC,PC1,NPAS2,-7.576565421290368e-05,7.576565421290368e-05,183
RR1 OSD-168 FLT−GC,PC1,NR1D1,0.00011220968869974572,0.00011220968869974572,52
RR1 OSD-168 FLT−GC,PC1,NR1D2,0.00012713473174655993,0.00012713473174655993,33
RR1 OSD-168 FLT−GC,PC1,NR4A1,7.051835908275316e-05,7.051835908275316e-05,225
RR1 OSD-168 FLT−GC,PC1,NSDHL,-9.459160854728045e-05,9.459160854728045e-05,86
RR1 OSD-168 FLT−GC,PC1,NSMF,-6.301331746568491e-05,6.301331746568491e-05,333
RR1 OSD-168 FLT−GC,PC1,NUDT7,-5.552409794874621e-05,5.552409794874621e-05,483
RR1 OSD-168 FLT−GC,PC1,NXPE2,-6.029350354464787e-05,6.029350354464787e-05,382
RR1 OSD-168 FLT−GC,PC1,OAS2,-6.058108014478523e-05,6.058108014478523e-05,378
RR1 OSD-168 FLT−GC,PC1,OASL,-0.0001488581566567245,0.0001488581566567245,21
RR1 OSD-168 FLT−GC,PC1,OGT,-6.445075615180994e-05,6.445075615180994e-05,304
RR1 OSD-168 FLT−GC,PC1,PABPN1,-6.166313172219359e-05,6.166313172219359e-05,358
RR1 OSD-168 FLT−GC,PC1,PAN3,-5.7046761652981566e-05,5.7046761652981566e-05,447
RR1 OSD-168 FLT−GC,PC1,PAPOLA,-5.506476593315023e-05,5.506476593315023e-05,500
RR1 OSD-168 FLT−GC,PC1,PAQR9,-7.219326201574454e-05,7.219326201574454e-05,213
RR1 OSD-168 FLT−GC,PC1,PARP11,-5.832519744891952e-05,5.832519744891952e-05,420
RR1 OSD-168 FLT−GC,PC1,PARP12,-6.339468170884707e-05,6.339468170884707e-05,325
RR1 OSD-168 FLT−GC,PC1,PARP14,-7.97822458434527e-05,7.97822458434527e-05,154
RR1 OSD-168 FLT−GC,PC1,PARP9,-5.647310927237303e-05,5.647310927237303e-05,462
RR1 OSD-168 FLT−GC,PC1,PAXBP1,-7.247036562357486e-05,7.247036562357486e-05,207
RR1 OSD-168 FLT−GC,PC1,PDE9A,-6.463295477982844e-05,6.463295477982844e-05,301
RR1 OSD-168 FLT−GC,PC1,PDGFC,-6.126952278079917e-05,6.126952278079917e-05,367
RR1 OSD-168 FLT−GC,PC1,PDK4,-7.359683787274598e-05,7.359683787274598e-05,197
RR1 OSD-168 FLT−GC,PC1,PER3,9.486315178582313e-05,9.486315178582313e-05,85
RR1 OSD-168 FLT−GC,PC1,PFKFB1,-7.857870941214515e-05,7.857870941214515e-05,170
RR1 OSD-168 FLT−GC,PC1,PFKFB2,-7.833416583306534e-05,7.833416583306534e-05,172
RR1 OSD-168 FLT−GC,PC1,PGD,-0.0001193933396020488,0.0001193933396020488,43
RR1 OSD-168 FLT−GC,PC1,PHF20L1,-6.184135656269667e-05,6.184135656269667e-05,356
RR1 OSD-168 FLT−GC,PC1,PID1,-7.979261482306685e-05,7.979261482306685e-05,153
RR1 OSD-168 FLT−GC,PC1,PIK3C2G,-7.96769752291505e-05,7.96769752291505e-05,157
RR1 OSD-168 FLT−GC,PC1,PKLR,-7.220899423682805e-05,7.220899423682805e-05,212
RR1 OSD-168 FLT−GC,PC1,PLA2G12A,5.910888659485016e-05,5.910888659485016e-05,402
RR1 OSD-168 FLT−GC,PC1,PLIN5,-6.014585850751301e-05,6.014585850751301e-05,387
RR1 OSD-168 FLT−GC,PC1,PML,-6.202799050920627e-05,6.202799050920627e-05,348
RR1 OSD-168 FLT−GC,PC1,PMVK,-7.37957872080367e-05,7.37957872080367e-05,194
RR1 OSD-168 FLT−GC,PC1,PNISR,-7.756272850151424e-05,7.756272850151424e-05,177
RR1 OSD-168 FLT−GC,PC1,PNKD,-7.829849211274704e-05,7.829849211274704e-05,173
RR1 OSD-168 FLT−GC,PC1,PNN,-5.754620428300846e-05,5.754620428300846e-05,435
RR1 OSD-168 FLT−GC,PC1,PNPLA3,-0.00015160051412383953,0.00015160051412383953,18
RR1 OSD-168 FLT−GC,PC1,PNPT1,-6.18936507363669e-05,6.18936507363669e-05,353
RR1 OSD-168 FLT−GC,PC1,PNRC1,-9.161300956201168e-05,9.161300956201168e-05,95
RR1 OSD-168 FLT−GC,PC1,PPARD,-0.00011426662454170074,0.00011426662454170074,49
RR1 OSD-168 FLT−GC,PC1,PPFIA1,-6.336282280376801e-05,6.336282280376801e-05,326
RR1 OSD-168 FLT−GC,PC1,PPIP5K2,-8.278401187591686e-05,8.278401187591686e-05,135
RR1 OSD-168 FLT−GC,PC1,PPP1R3B,-9.177280459342237e-05,9.177280459342237e-05,94
RR1 OSD-168 FLT−GC,PC1,PRG4,-6.68498083687639e-05,6.68498083687639e-05,271
RR1 OSD-168 FLT−GC,PC1,PRKAG2,-6.977230951015199e-05,6.977230951015199e-05,234
RR1 OSD-168 FLT−GC,PC1,PRKAR2A,-6.143092866084771e-05,6.143092866084771e-05,363
RR1 OSD-168 FLT−GC,PC1,PROSER2,-0.00010145987940743594,0.00010145987940743594,66
RR1 OSD-168 FLT−GC,PC1,PRPF39,-7.972261897728499e-05,7.972261897728499e-05,155
RR1 OSD-168 FLT−GC,PC1,PRR16,-6.313195103411113e-05,6.313195103411113e-05,331
RR1 OSD-168 FLT−GC,PC1,PSD3,-5.516964690482741e-05,5.516964690482741e-05,497
RR1 OSD-168 FLT−GC,PC1,PSMB9,-5.691896400207991e-05,5.691896400207991e-05,449
RR1 OSD-168 FLT−GC,PC1,PSTPIP2,-8.544457909916968e-05,8.544457909916968e-05,119
RR1 OSD-168 FLT−GC,PC1,PTBP2,-6.383759801710742e-05,6.383759801710742e-05,315
RR1 OSD-168 FLT−GC,PC1,PTER,-6.992658576399212e-05,6.992658576399212e-05,230
RR1 OSD-168 FLT−GC,PC1,R3HDM1,-9.954017587353106e-05,9.954017587353106e-05,73
RR1 OSD-168 FLT−GC,PC1,RARRES1,-9.157147656191399e-05,9.157147656191399e-05,96
RR1 OSD-168 FLT−GC,PC1,RBM15,-5.593125145519676e-05,5.593125145519676e-05,472
RR1 OSD-168 FLT−GC,PC1,RBM25,-8.701682287260778e-05,8.701682287260778e-05,112
RR1 OSD-168 FLT−GC,PC1,RBM26,-6.228679149677094e-05,6.228679149677094e-05,344
RR1 OSD-168 FLT−GC,PC1,RBM4,-6.155501142230443e-05,6.155501142230443e-05,360
RR1 OSD-168 FLT−GC,PC1,RBM5,-6.33200176231916e-05,6.33200176231916e-05,327
RR1 OSD-168 FLT−GC,PC1,RBM6,-6.278578741765284e-05,6.278578741765284e-05,336
RR1 OSD-168 FLT−GC,PC1,RBMX,-5.877253343881927e-05,5.877253343881927e-05,409
RR1 OSD-168 FLT−GC,PC1,RBPMS,-6.873439515660935e-05,6.873439515660935e-05,243
RR1 OSD-168 FLT−GC,PC1,RCAN1,-6.0264929964367216e-05,6.0264929964367216e-05,383
RR1 OSD-168 FLT−GC,PC1,RDH11,-8.896582707673807e-05,8.896582707673807e-05,106
RR1 OSD-168 FLT−GC,PC1,RHOBTB1,-5.6672589779545557e-05,5.6672589779545557e-05,458
RR1 OSD-168 FLT−GC,PC1,RNF125,-7.076329581596858e-05,7.076329581596858e-05,224
RR1 OSD-168 FLT−GC,PC1,RNF144B,-0.00011495295939935779,0.00011495295939935779,47
RR1 OSD-168 FLT−GC,PC1,RNF186,6.952643231273884e-05,6.952643231273884e-05,237
RR1 OSD-168 FLT−GC,PC1,RNF213,-0.00010140753494436172,0.00010140753494436172,67
RR1 OSD-168 FLT−GC,PC1,RNPC3,-6.38844381349659e-05,6.38844381349659e-05,313
RR1 OSD-168 FLT−GC,PC1,RNPEP,-5.554489393618e-05,5.554489393618e-05,482
RR1 OSD-168 FLT−GC,PC1,ROBO1,-7.575522543887848e-05,7.575522543887848e-05,184
RR1 OSD-168 FLT−GC,PC1,RRM2,-0.00010209053283907213,0.00010209053283907213,64
RR1 OSD-168 FLT−GC,PC1,RSAD2,-0.00018059664674134767,0.00018059664674134767,5
RR1 OSD-168 FLT−GC,PC1,RTN4IP1,-6.034725122762278e-05,6.034725122762278e-05,381
RR1 OSD-168 FLT−GC,PC1,RUSC2,-6.304719442673567e-05,6.304719442673567e-05,332
RR1 OSD-168 FLT−GC,PC1,SAFB,-5.8766028460416416e-05,5.8766028460416416e-05,410
RR1 OSD-168 FLT−GC,PC1,SAFB2,-6.9896519382786e-05,6.9896519382786e-05,231
RR1 OSD-168 FLT−GC,PC1,SAMD9L,-8.751578485491965e-05,8.751578485491965e-05,109
RR1 OSD-168 FLT−GC,PC1,SDF2L1,-9.127463332136572e-05,9.127463332136572e-05,98
RR1 OSD-168 FLT−GC,PC1,SDR9C7,-0.0001236369916018673,0.0001236369916018673,37
RR1 OSD-168 FLT−GC,PC1,SELENOI,-6.384480142251111e-05,6.384480142251111e-05,314
RR1 OSD-168 FLT−GC,PC1,SEPTIN9,-7.369001211404006e-05,7.369001211404006e-05,195
RR1 OSD-168 FLT−GC,PC1,SERP1,-5.737531319095398e-05,5.737531319095398e-05,441
RR1 OSD-168 FLT−GC,PC1,SETDB2,-8.912411828702278e-05,8.912411828702278e-05,105
RR1 OSD-168 FLT−GC,PC1,SFPQ,-6.366363249682784e-05,6.366363249682784e-05,320
RR1 OSD-168 FLT−GC,PC1,SFSWAP,-6.488704704676654e-05,6.488704704676654e-05,299
RR1 OSD-168 FLT−GC,PC1,SGK2,7.203139450450258e-05,7.203139450450258e-05,215
RR1 OSD-168 FLT−GC,PC1,SH3BGRL,-5.680754172025755e-05,5.680754172025755e-05,452
RR1 OSD-168 FLT−GC,PC1,SH3PXD2A,-8.216692014611227e-05,8.216692014611227e-05,139
RR1 OSD-168 FLT−GC,PC1,SHANK2,-5.5365453277916885e-05,5.5365453277916885e-05,488
RR1 OSD-168 FLT−GC,PC1,SHFL,-0.00012727660349131628,0.00012727660349131628,32
RR1 OSD-168 FLT−GC,PC1,SHLD2,-0.00013552278720443159,0.00013552278720443159,26
RR1 OSD-168 FLT−GC,PC1,SIGLEC1,-6.512017783302458e-05,6.512017783302458e-05,295
RR1 OSD-168 FLT−GC,PC1,SIGMAR1,-6.799806675708704e-05,6.799806675708704e-05,257
RR1 OSD-168 FLT−GC,PC1,SKIL,-0.00010872387655104832,0.00010872387655104832,55
RR1 OSD-168 FLT−GC,PC1,SLC10A2,-0.00011325765156330227,0.00011325765156330227,51
RR1 OSD-168 FLT−GC,PC1,SLC11A2,-7.920597953571801e-05,7.920597953571801e-05,165
RR1 OSD-168 FLT−GC,PC1,SLC16A1,-6.392239812572588e-05,6.392239812572588e-05,311
RR1 OSD-168 FLT−GC,PC1,SLC16A6,-8.967206478373083e-05,8.967206478373083e-05,102
RR1 OSD-168 FLT−GC,PC1,SLC17A3,-6.556959156153527e-05,6.556959156153527e-05,285
RR1 OSD-168 FLT−GC,PC1,SLC1A4,-6.751140684558895e-05,6.751140684558895e-05,261
RR1 OSD-168 FLT−GC,PC1,SLC20A1,6.038762419382817e-05,6.038762419382817e-05,380
RR1 OSD-168 FLT−GC,PC1,SLC22A7,-0.00011470230011589266,0.00011470230011589266,48
RR1 OSD-168 FLT−GC,PC1,SLC25A37,-7.241431221566756e-05,7.241431221566756e-05,208
RR1 OSD-168 FLT−GC,PC1,SLC25A44,-6.541802175932548e-05,6.541802175932548e-05,286
RR1 OSD-168 FLT−GC,PC1,SLC25A45,-6.420307386407409e-05,6.420307386407409e-05,308
RR1 OSD-168 FLT−GC,PC1,SLC26A1,-5.563629223272861e-05,5.563629223272861e-05,479
RR1 OSD-168 FLT−GC,PC1,SLC30A10,-0.00013346419879333005,0.00013346419879333005,27
RR1 OSD-168 FLT−GC,PC1,SLC34A2,-8.987073541631298e-05,8.987073541631298e-05,101
RR1 OSD-168 FLT−GC,PC1,SLC35B1,-7.394056158435793e-05,7.394056158435793e-05,192
RR1 OSD-168 FLT−GC,PC1,SLC35G1,-5.7505198011052114e-05,5.7505198011052114e-05,437
RR1 OSD-168 FLT−GC,PC1,SLC41A2,-0.00015159447815245105,0.00015159447815245105,19
RR1 OSD-168 FLT−GC,PC1,SLC45A3,-0.00019371470607289215,0.00019371470607289215,3
RR1 OSD-168 FLT−GC,PC1,SLTM,-6.78850435601244e-05,6.78850435601244e-05,258
RR1 OSD-168 FLT−GC,PC1,SMARCB1,-5.819076639952962e-05,5.819076639952962e-05,421
RR1 OSD-168 FLT−GC,PC1,SMC5,-6.149016152297327e-05,6.149016152297327e-05,361
RR1 OSD-168 FLT−GC,PC1,SNAPC3,-9.812945976408125e-05,9.812945976408125e-05,77
RR1 OSD-168 FLT−GC,PC1,SNRNP48,-5.700690258380583e-05,5.700690258380583e-05,448
RR1 OSD-168 FLT−GC,PC1,SNRNP70,-5.575776682730719e-05,5.575776682730719e-05,476
RR1 OSD-168 FLT−GC,PC1,SNTB1,-6.712528636095493e-05,6.712528636095493e-05,268
RR1 OSD-168 FLT−GC,PC1,SNX10,-9.19093412334872e-05,9.19093412334872e-05,93
RR1 OSD-168 FLT−GC,PC1,SOAT2,5.868938619866922e-05,5.868938619866922e-05,413
RR1 OSD-168 FLT−GC,PC1,SOCS2,6.933381588510554e-05,6.933381588510554e-05,239
RR1 OSD-168 FLT−GC,PC1,SORBS2,-9.435832262566549e-05,9.435832262566549e-05,88
RR1 OSD-168 FLT−GC,PC1,SOX5,-6.145341383964263e-05,6.145341383964263e-05,362
RR1 OSD-168 FLT−GC,PC1,SPATA2L,-8.35231298847179e-05,8.35231298847179e-05,132
RR1 OSD-168 FLT−GC,PC1,SQLE,-0.00011398386278717257,0.00011398386278717257,50
RR1 OSD-168 FLT−GC,PC1,SRD5A1,-8.207082980014443e-05,8.207082980014443e-05,141
RR1 OSD-168 FLT−GC,PC1,SRSF1,-5.52033779776494e-05,5.52033779776494e-05,493
RR1 OSD-168 FLT−GC,PC1,SRSF10,-7.347335253584635e-05,7.347335253584635e-05,198
RR1 OSD-168 FLT−GC,PC1,SRSF11,-8.663652658290433e-05,8.663652658290433e-05,117
RR1 OSD-168 FLT−GC,PC1,SRSF6,-7.247970570639239e-05,7.247970570639239e-05,206
RR1 OSD-168 FLT−GC,PC1,SRXN1,-5.512465961794039e-05,5.512465961794039e-05,499
RR1 OSD-168 FLT−GC,PC1,SSR1,-5.688670639118166e-05,5.688670639118166e-05,450
RR1 OSD-168 FLT−GC,PC1,ST3GAL1,-7.758441664693562e-05,7.758441664693562e-05,176
RR1 OSD-168 FLT−GC,PC1,STAT1,-0.00010405007196790719,0.00010405007196790719,61
RR1 OSD-168 FLT−GC,PC1,STAT2,-7.964955637478893e-05,7.964955637478893e-05,158
RR1 OSD-168 FLT−GC,PC1,STX16,-6.26836439909306e-05,6.26836439909306e-05,338
RR1 OSD-168 FLT−GC,PC1,SUGP2,-6.446412498915103e-05,6.446412498915103e-05,303
RR1 OSD-168 FLT−GC,PC1,SUPT20H,-5.683224068556937e-05,5.683224068556937e-05,451
RR1 OSD-168 FLT−GC,PC1,SVIL,-6.0401605515002966e-05,6.0401605515002966e-05,379
RR1 OSD-168 FLT−GC,PC1,SYTL5,-8.572489588724749e-05,8.572489588724749e-05,118
RR1 OSD-168 FLT−GC,PC1,TAB2,-6.840864401323079e-05,6.840864401323079e-05,249
RR1 OSD-168 FLT−GC,PC1,TACC2,-8.419251523802379e-05,8.419251523802379e-05,127
RR1 OSD-168 FLT−GC,PC1,TANGO2,-6.186238338943711e-05,6.186238338943711e-05,354
RR1 OSD-168 FLT−GC,PC1,TAP1,-5.727683346769226e-05,5.727683346769226e-05,442
RR1 OSD-168 FLT−GC,PC1,TARDBP,-6.626066314721485e-05,6.626066314721485e-05,276
RR1 OSD-168 FLT−GC,PC1,TBC1D24,-7.017103361569106e-05,7.017103361569106e-05,229
RR1 OSD-168 FLT−GC,PC1,TBC1D31,-5.5765595279769934e-05,5.5765595279769934e-05,475
RR1 OSD-168 FLT−GC,PC1,TCERG1,-5.909781327382364e-05,5.909781327382364e-05,403
RR1 OSD-168 FLT−GC,PC1,TCIM,-0.00015847573030362586,0.00015847573030362586,13
RR1 OSD-168 FLT−GC,PC1,TCIRG1,-6.739525584728599e-05,6.739525584728599e-05,262
RR1 OSD-168 FLT−GC,PC1,TEDC2,-9.76882346366992e-05,9.76882346366992e-05,80
RR1 OSD-168 FLT−GC,PC1,TEF,0.000152751623339956,0.000152751623339956,16
RR1 OSD-168 FLT−GC,PC1,TET2,-6.246924294372422e-05,6.246924294372422e-05,343
RR1 OSD-168 FLT−GC,PC1,TFG,-5.5993346583186566e-05,5.5993346583186566e-05,470
RR1 OSD-168 FLT−GC,PC1,TFPI2,-7.911340664235083e-05,7.911340664235083e-05,167
RR1 OSD-168 FLT−GC,PC1,TFRC,-0.00016576086317073138,0.00016576086317073138,9
RR1 OSD-168 FLT−GC,PC1,TIA1,-6.45941347706559e-05,6.45941347706559e-05,302
RR1 OSD-168 FLT−GC,PC1,TJP3,-7.289884758894181e-05,7.289884758894181e-05,202
RR1 OSD-168 FLT−GC,PC1,TKFC,-6.83740345126751e-05,6.83740345126751e-05,250
RR1 OSD-168 FLT−GC,PC1,TLE1,-6.331226498826746e-05,6.331226498826746e-05,328
RR1 OSD-168 FLT−GC,PC1,TMCC1,-6.735013178569989e-05,6.735013178569989e-05,264
RR1 OSD-168 FLT−GC,PC1,TMEM254,-5.671542597070527e-05,5.671542597070527e-05,456
RR1 OSD-168 FLT−GC,PC1,TMIE,-9.44541166242515e-05,9.44541166242515e-05,87
RR1 OSD-168 FLT−GC,PC1,TNFAIP2,-6.131105123916352e-05,6.131105123916352e-05,366
RR1 OSD-168 FLT−GC,PC1,TNRC6A,-6.364034007251383e-05,6.364034007251383e-05,321
RR1 OSD-168 FLT−GC,PC1,TNS2,7.30178765725806e-05,7.30178765725806e-05,200
RR1 OSD-168 FLT−GC,PC1,TOP3B,-5.5256348277851526e-05,5.5256348277851526e-05,491
RR1 OSD-168 FLT−GC,PC1,TP53INP1,-8.18575460373347e-05,8.18575460373347e-05,142
RR1 OSD-168 FLT−GC,PC1,TP53INP2,-5.947602715130894e-05,5.947602715130894e-05,393
RR1 OSD-168 FLT−GC,PC1,TRA2A,-8.330433226075365e-05,8.330433226075365e-05,133
RR1 OSD-168 FLT−GC,PC1,TRA2B,-6.430065788371481e-05,6.430065788371481e-05,307
RR1 OSD-168 FLT−GC,PC1,TRIB3,6.344122837068641e-05,6.344122837068641e-05,324
RR1 OSD-168 FLT−GC,PC1,TRIM14,-6.02357656552623e-05,6.02357656552623e-05,386
RR1 OSD-168 FLT−GC,PC1,TRIM2,-9.094715722221353e-05,9.094715722221353e-05,99
RR1 OSD-168 FLT−GC,PC1,TRIM26,-5.5517418358388816e-05,5.5517418358388816e-05,484
RR1 OSD-168 FLT−GC,PC1,TRIM7,-0.00010720139965579598,0.00010720139965579598,58
RR1 OSD-168 FLT−GC,PC1,TSC22D1,-9.262784411412146e-05,9.262784411412146e-05,90
RR1 OSD-168 FLT−GC,PC1,TSC22D3,-6.527787351809402e-05,6.527787351809402e-05,291
RR1 OSD-168 FLT−GC,PC1,TSKU,-0.00016221898979300689,0.00016221898979300689,11
RR1 OSD-168 FLT−GC,PC1,TTC14,-8.117198677367976e-05,8.117198677367976e-05,144
RR1 OSD-168 FLT−GC,PC1,TTC23,-6.670013340884802e-05,6.670013340884802e-05,274
RR1 OSD-168 FLT−GC,PC1,TTC39C,-6.524254138394353e-05,6.524254138394353e-05,292
RR1 OSD-168 FLT−GC,PC1,TUBA1C,-8.529677186151309e-05,8.529677186151309e-05,121
RR1 OSD-168 FLT−GC,PC1,TUBB2A,-9.77066873565136e-05,9.77066873565136e-05,79
RR1 OSD-168 FLT−GC,PC1,TUBB4B,-5.755289528266886e-05,5.755289528266886e-05,434
RR1 OSD-168 FLT−GC,PC1,TXLNG,-6.517033388324023e-05,6.517033388324023e-05,293
RR1 OSD-168 FLT−GC,PC1,UBA7,-8.685503717001573e-05,8.685503717001573e-05,115
RR1 OSD-168 FLT−GC,PC1,UBE2L6,-6.820333477269744e-05,6.820333477269744e-05,251
RR1 OSD-168 FLT−GC,PC1,UBN2,-5.8870832938634024e-05,5.8870832938634024e-05,405
RR1 OSD-168 FLT−GC,PC1,UGDH,-5.9187347029314845e-05,5.9187347029314845e-05,399
RR1 OSD-168 FLT−GC,PC1,USP14,-5.9132739946928446e-05,5.9132739946928446e-05,401
RR1 OSD-168 FLT−GC,PC1,USP18,-0.00010442889567786578,0.00010442889567786578,60
RR1 OSD-168 FLT−GC,PC1,VAC14,-5.637632574759971e-05,5.637632574759971e-05,464
RR1 OSD-168 FLT−GC,PC1,VMA21,-6.097351693745249e-05,6.097351693745249e-05,374
RR1 OSD-168 FLT−GC,PC1,WDR91,-6.673557692789095e-05,6.673557692789095e-05,272
RR1 OSD-168 FLT−GC,PC1,XKR9,-7.036797424065694e-05,7.036797424065694e-05,227
RR1 OSD-168 FLT−GC,PC1,YOD1,-6.099765766687213e-05,6.099765766687213e-05,371
RR1 OSD-168 FLT−GC,PC1,YPEL2,-0.00012226451097726595,0.00012226451097726595,38
RR1 OSD-168 FLT−GC,PC1,YTHDC1,-6.508895878201351e-05,6.508895878201351e-05,296
RR1 OSD-168 FLT−GC,PC1,ZBTB16,-0.00015260526596531967,0.00015260526596531967,17
RR1 OSD-168 FLT−GC,PC1,ZBTB20,-5.596989985710261e-05,5.596989985710261e-05,471
RR1 OSD-168 FLT−GC,PC1,ZBTB21,-5.908362678708056e-05,5.908362678708056e-05,404
RR1 OSD-168 FLT−GC,PC1,ZC3H7A,-6.619782041058553e-05,6.619782041058553e-05,277
RR1 OSD-168 FLT−GC,PC1,ZCCHC7,-7.969475323436887e-05,7.969475323436887e-05,156
RR1 OSD-168 FLT−GC,PC1,ZFAND4,-0.00010012623449046948,0.00010012623449046948,70
RR1 OSD-168 FLT−GC,PC1,ZFC3H1,-5.769608609496873e-05,5.769608609496873e-05,433
RR1 OSD-168 FLT−GC,PC1,ZFHX4,-6.356791410558819e-05,6.356791410558819e-05,323
RR1 OSD-168 FLT−GC,PC1,ZFP36,-6.783908957865519e-05,6.783908957865519e-05,259
RR1 OSD-168 FLT−GC,PC1,ZGPAT,-6.171373966776237e-05,6.171373966776237e-05,357
RR1 OSD-168 FLT−GC,PC1,ZMIZ1,-6.504274938741904e-05,6.504274938741904e-05,297
RR1 OSD-168 FLT−GC,PC1,ZNF182,-6.09934342391937e-05,6.09934342391937e-05,372
RR1 OSD-168 FLT−GC,PC1,ZNF276,-6.280440625360524e-05,6.280440625360524e-05,335
RR1 OSD-168 FLT−GC,PC1,ZNF280D,-6.18503673283329e-05,6.18503673283329e-05,355
RR1 OSD-168 FLT−GC,PC1,ZNF326,-6.0245824794335095e-05,6.0245824794335095e-05,385
RR1 OSD-168 FLT−GC,PC1,ZNF384,-5.8344101319279134e-05,5.8344101319279134e-05,419
RR1 OSD-168 FLT−GC,PC1,ZNF407,-7.020427835581657e-05,7.020427835581657e-05,228
RR1 OSD-168 FLT−GC,PC1,ZNF692,-5.854502201891572e-05,5.854502201891572e-05,417
RR1 OSD-168 FLT−GC,PC1,ZNF839,-6.51455564908497e-05,6.51455564908497e-05,294
RR1 OSD-168 FLT−GC,PC1,ZNFX1,-6.475828865322668e-05,6.475828865322668e-05,300
RR1 OSD-168 FLT−GC,PC1,ZRANB2,-5.799535998800683e-05,5.799535998800683e-05,423
RR1 OSD-168 FLT−GC,PC1,ZUP1,-8.009644202719828e-05,8.009644202719828e-05,152
RR1 OSD-168 FLT−GC,PC2,AASDH,-5.422466798502159e-05,5.422466798502159e-05,136
RR1 OSD-168 FLT−GC,PC2,ABTB2,-6.228562292132695e-05,6.228562292132695e-05,60
RR1 OSD-168 FLT−GC,PC2,ACE2,-5.780214181507089e-05,5.780214181507089e-05,90
RR1 OSD-168 FLT−GC,PC2,ACIN1,-4.720193054935636e-05,4.720193054935636e-05,309
RR1 OSD-168 FLT−GC,PC2,ACMSD,-5.7215021712927246e-05,5.7215021712927246e-05,98
RR1 OSD-168 FLT−GC,PC2,ADAR,-5.331693113715209e-05,5.331693113715209e-05,149
RR1 OSD-168 FLT−GC,PC2,ADCYAP1R1,-5.228927437216253e-05,5.228927437216253e-05,165
RR1 OSD-168 FLT−GC,PC2,AGO3,-5.592491789311628e-05,5.592491789311628e-05,116
RR1 OSD-168 FLT−GC,PC2,AHCTF1,-4.958971806044132e-05,4.958971806044132e-05,232
RR1 OSD-168 FLT−GC,PC2,AHR,-4.6530127808438085e-05,4.6530127808438085e-05,335
RR1 OSD-168 FLT−GC,PC2,AKAP8,-5.0082742315558915e-05,5.0082742315558915e-05,221
RR1 OSD-168 FLT−GC,PC2,ALKBH1,-5.886670046458651e-05,5.886670046458651e-05,80
RR1 OSD-168 FLT−GC,PC2,ALPK1,-4.62400694188846e-05,4.62400694188846e-05,348
RR1 OSD-168 FLT−GC,PC2,AMN1,-7.489635074529996e-05,7.489635074529996e-05,16
RR1 OSD-168 FLT−GC,PC2,ANKMY1,-4.441334821530341e-05,4.441334821530341e-05,439
RR1 OSD-168 FLT−GC,PC2,ANKRD16,-5.4088503308547123e-05,5.4088503308547123e-05,139
RR1 OSD-168 FLT−GC,PC2,ANKRD17,-4.8394772013934135e-05,4.8394772013934135e-05,271
RR1 OSD-168 FLT−GC,PC2,ANKRD61,-4.627033391106406e-05,4.627033391106406e-05,346
RR1 OSD-168 FLT−GC,PC2,AOPEP,-5.393016262964853e-05,5.393016262964853e-05,143
RR1 OSD-168 FLT−GC,PC2,APBB3,-4.4609179847143565e-05,4.4609179847143565e-05,426
RR1 OSD-168 FLT−GC,PC2,ARGLU1,-4.5111389890432754e-05,4.5111389890432754e-05,399
RR1 OSD-168 FLT−GC,PC2,ARID4B,-4.732179096281431e-05,4.732179096281431e-05,303
RR1 OSD-168 FLT−GC,PC2,ASCC3,-4.897524104825274e-05,4.897524104825274e-05,255
RR1 OSD-168 FLT−GC,PC2,ATAD2,-4.615082399558523e-05,4.615082399558523e-05,349
RR1 OSD-168 FLT−GC,PC2,ATAD2B,-4.7576151478759196e-05,4.7576151478759196e-05,294
RR1 OSD-168 FLT−GC,PC2,ATAT1,-4.707180434631113e-05,4.707180434631113e-05,317
RR1 OSD-168 FLT−GC,PC2,ATF7IP,-4.381616590593446e-05,4.381616590593446e-05,466
RR1 OSD-168 FLT−GC,PC2,ATP2B2,-5.848182617750959e-05,5.848182617750959e-05,83
RR1 OSD-168 FLT−GC,PC2,ATPSCKMT,-4.374566357120768e-05,4.374566357120768e-05,470
RR1 OSD-168 FLT−GC,PC2,ATXN2,-4.9785472640299604e-05,4.9785472640299604e-05,228
RR1 OSD-168 FLT−GC,PC2,AZIN2,-6.706817612485822e-05,6.706817612485822e-05,32
RR1 OSD-168 FLT−GC,PC2,B3GAT2,-4.783517247449646e-05,4.783517247449646e-05,283
RR1 OSD-168 FLT−GC,PC2,BAIAP2,-5.705906750596e-05,5.705906750596e-05,100
RR1 OSD-168 FLT−GC,PC2,BAZ2B,-5.474705137270237e-05,5.474705137270237e-05,131
RR1 OSD-168 FLT−GC,PC2,BBOF1,-5.68813663382439e-05,5.68813663382439e-05,104
RR1 OSD-168 FLT−GC,PC2,BCL2L1,-4.52949922700068e-05,4.52949922700068e-05,390
RR1 OSD-168 FLT−GC,PC2,BCL6,-6.437308450276671e-05,6.437308450276671e-05,52
RR1 OSD-168 FLT−GC,PC2,BCLAF1,-4.953382907695476e-05,4.953382907695476e-05,237
RR1 OSD-168 FLT−GC,PC2,BFSP2,-4.4201019070187316e-05,4.4201019070187316e-05,445
RR1 OSD-168 FLT−GC,PC2,BHLHE41,-8.73575232338044e-05,8.73575232338044e-05,8
RR1 OSD-168 FLT−GC,PC2,BOLL,-4.4893252017148034e-05,4.4893252017148034e-05,411
RR1 OSD-168 FLT−GC,PC2,BORA,-4.9568670228901414e-05,4.9568670228901414e-05,235
RR1 OSD-168 FLT−GC,PC2,BRD8,-4.9527452976634916e-05,4.9527452976634916e-05,238
RR1 OSD-168 FLT−GC,PC2,BRWD1,-4.555491354146982e-05,4.555491354146982e-05,376
RR1 OSD-168 FLT−GC,PC2,BUB1B,-4.5562096943151784e-05,4.5562096943151784e-05,375
RR1 OSD-168 FLT−GC,PC2,BUD13,-4.5101812369653596e-05,4.5101812369653596e-05,401
RR1 OSD-168 FLT−GC,PC2,CACNA1D,-5.1031122864827714e-05,5.1031122864827714e-05,190
RR1 OSD-168 FLT−GC,PC2,CARF,-4.806829621296451e-05,4.806829621296451e-05,279
RR1 OSD-168 FLT−GC,PC2,CCAR1,-5.12562192453166e-05,5.12562192453166e-05,182
RR1 OSD-168 FLT−GC,PC2,CCDC174,-5.025970044016998e-05,5.025970044016998e-05,216
RR1 OSD-168 FLT−GC,PC2,CCDC62,-4.3463210575045425e-05,4.3463210575045425e-05,489
RR1 OSD-168 FLT−GC,PC2,CCDC77,-4.691267543308385e-05,4.691267543308385e-05,321
RR1 OSD-168 FLT−GC,PC2,CCDC78,-5.00577319024145e-05,5.00577319024145e-05,222
RR1 OSD-168 FLT−GC,PC2,CCNC,-4.45548817004026e-05,4.45548817004026e-05,432
RR1 OSD-168 FLT−GC,PC2,CCNG2,-4.574382985305875e-05,4.574382985305875e-05,369
RR1 OSD-168 FLT−GC,PC2,CCNL1,-7.041892293037685e-05,7.041892293037685e-05,26
RR1 OSD-168 FLT−GC,PC2,CCNT2,-6.449513453626597e-05,6.449513453626597e-05,51
RR1 OSD-168 FLT−GC,PC2,CD2AP,-4.795651798124303e-05,4.795651798124303e-05,280
RR1 OSD-168 FLT−GC,PC2,CDC37L1,-6.119577547663886e-05,6.119577547663886e-05,67
RR1 OSD-168 FLT−GC,PC2,CDH4,-4.838380287611526e-05,4.838380287611526e-05,272
RR1 OSD-168 FLT−GC,PC2,CDK12,-5.327087160247394e-05,5.327087160247394e-05,151
RR1 OSD-168 FLT−GC,PC2,CDKAL1,-4.389014336431291e-05,4.389014336431291e-05,460
RR1 OSD-168 FLT−GC,PC2,CEACAM16,-5.404330613252947e-05,5.404330613252947e-05,140
RR1 OSD-168 FLT−GC,PC2,CELSR1,-4.3212094701033235e-05,4.3212094701033235e-05,498
RR1 OSD-168 FLT−GC,PC2,CEP295,-4.5477329362988345e-05,4.5477329362988345e-05,380
RR1 OSD-168 FLT−GC,PC2,CEP44,-5.9983112167453844e-05,5.9983112167453844e-05,69
RR1 OSD-168 FLT−GC,PC2,CEP85,-4.906855692947664e-05,4.906855692947664e-05,254
RR1 OSD-168 FLT−GC,PC2,CEP85L,-6.464605034406879e-05,6.464605034406879e-05,48
RR1 OSD-168 FLT−GC,PC2,CFAP77,-4.851853928272858e-05,4.851853928272858e-05,266
RR1 OSD-168 FLT−GC,PC2,CHD7,-4.7197185916965703e-05,4.7197185916965703e-05,312
RR1 OSD-168 FLT−GC,PC2,CHD9,-6.657346677828208e-05,6.657346677828208e-05,35
RR1 OSD-168 FLT−GC,PC2,CHIC1,-4.74373541350292e-05,4.74373541350292e-05,300
RR1 OSD-168 FLT−GC,PC2,CHKA,-9.084806963288684e-05,9.084806963288684e-05,3
RR1 OSD-168 FLT−GC,PC2,CHORDC1,-4.7438958208399225e-05,4.7438958208399225e-05,299
RR1 OSD-168 FLT−GC,PC2,CHRNA4,-8.18731312819242e-05,8.18731312819242e-05,11
RR1 OSD-168 FLT−GC,PC2,CHRNB2,-4.603828078215289e-05,4.603828078215289e-05,357
RR1 OSD-168 FLT−GC,PC2,CIZ1,-4.930750612991391e-05,4.930750612991391e-05,244
RR1 OSD-168 FLT−GC,PC2,CLASRP,-6.181574943912724e-05,6.181574943912724e-05,64
RR1 OSD-168 FLT−GC,PC2,CLK2,-6.456650707004655e-05,6.456650707004655e-05,50
RR1 OSD-168 FLT−GC,PC2,CLK4,-5.6763416383332455e-05,5.6763416383332455e-05,106
RR1 OSD-168 FLT−GC,PC2,CLOCK,-5.207581284842914e-05,5.207581284842914e-05,168
RR1 OSD-168 FLT−GC,PC2,CMPK2,-6.121532751833574e-05,6.121532751833574e-05,66
RR1 OSD-168 FLT−GC,PC2,CNOT3,-5.980333544512059e-05,5.980333544512059e-05,71
RR1 OSD-168 FLT−GC,PC2,CNOT4,-4.738127815726323e-05,4.738127815726323e-05,301
RR1 OSD-168 FLT−GC,PC2,CNTRL,-4.3330910190367005e-05,4.3330910190367005e-05,493
RR1 OSD-168 FLT−GC,PC2,CORIN,-6.827497142670838e-05,6.827497142670838e-05,30
RR1 OSD-168 FLT−GC,PC2,CPEB2,-4.457702850760954e-05,4.457702850760954e-05,430
RR1 OSD-168 FLT−GC,PC2,CPSF6,-5.645794337735883e-05,5.645794337735883e-05,109
RR1 OSD-168 FLT−GC,PC2,CPSF7,-4.6112645765967835e-05,4.6112645765967835e-05,351
RR1 OSD-168 FLT−GC,PC2,CREB3L3,-4.534522353545419e-05,4.534522353545419e-05,387
RR1 OSD-168 FLT−GC,PC2,CRY1,-8.861884953616994e-05,8.861884953616994e-05,6
RR1 OSD-168 FLT−GC,PC2,CSPP1,-6.197656247968764e-05,6.197656247968764e-05,63
RR1 OSD-168 FLT−GC,PC2,CSTF3,-4.6649978868117e-05,4.6649978868117e-05,330
RR1 OSD-168 FLT−GC,PC2,DBP,9.003428723570362e-05,9.003428723570362e-05,5
RR1 OSD-168 FLT−GC,PC2,DCLRE1C,-4.781401112053263e-05,4.781401112053263e-05,284
RR1 OSD-168 FLT−GC,PC2,DDX39B,-5.2877389482391985e-05,5.2877389482391985e-05,154
RR1 OSD-168 FLT−GC,PC2,DDX55,-4.91405000372879e-05,4.91405000372879e-05,249
RR1 OSD-168 FLT−GC,PC2,DDX60,-6.2692327538893e-05,6.2692327538893e-05,58
RR1 OSD-168 FLT−GC,PC2,DENND1A,-4.8772517896826315e-05,4.8772517896826315e-05,260
RR1 OSD-168 FLT−GC,PC2,DEUP1,-5.271514081233149e-05,5.271514081233149e-05,159
RR1 OSD-168 FLT−GC,PC2,DHX33,-4.67638788451529e-05,4.67638788451529e-05,327
RR1 OSD-168 FLT−GC,PC2,DHX58,-6.695941271647512e-05,6.695941271647512e-05,34
RR1 OSD-168 FLT−GC,PC2,DMRTA1,-5.263187649377216e-05,5.263187649377216e-05,160
RR1 OSD-168 FLT−GC,PC2,DMXL1,-4.4667413751189605e-05,4.4667413751189605e-05,423
RR1 OSD-168 FLT−GC,PC2,DMXL2,-4.4086120718552184e-05,4.4086120718552184e-05,451
RR1 OSD-168 FLT−GC,PC2,DOP1A,-4.842065267264724e-05,4.842065267264724e-05,269
RR1 OSD-168 FLT−GC,PC2,DPEP2NB,-4.446780089356598e-05,4.446780089356598e-05,436
RR1 OSD-168 FLT−GC,PC2,DPH6,-4.679316852044278e-05,4.679316852044278e-05,326
RR1 OSD-168 FLT−GC,PC2,DPP9,-4.717597029005308e-05,4.717597029005308e-05,313
RR1 OSD-168 FLT−GC,PC2,DUSP1,-6.598270484021902e-05,6.598270484021902e-05,40
RR1 OSD-168 FLT−GC,PC2,DUSP11,-4.913888005570232e-05,4.913888005570232e-05,250
RR1 OSD-168 FLT−GC,PC2,EID3,-4.8469150251628494e-05,4.8469150251628494e-05,267
RR1 OSD-168 FLT−GC,PC2,EIF2AK2,-5.126334116138218e-05,5.126334116138218e-05,181
RR1 OSD-168 FLT−GC,PC2,EIF4G3,-4.364399584496321e-05,4.364399584496321e-05,477
RR1 OSD-168 FLT−GC,PC2,ELAVL1,-4.537814209601896e-05,4.537814209601896e-05,384
RR1 OSD-168 FLT−GC,PC2,ELL2,-5.09301053162767e-05,5.09301053162767e-05,195
RR1 OSD-168 FLT−GC,PC2,ELOVL6,-4.4738235712181244e-05,4.4738235712181244e-05,417
RR1 OSD-168 FLT−GC,PC2,EML5,-4.583708624102574e-05,4.583708624102574e-05,364
RR1 OSD-168 FLT−GC,PC2,EMSY,-5.613726618964107e-05,5.613726618964107e-05,111
RR1 OSD-168 FLT−GC,PC2,ENPP6,-6.888538296138209e-05,6.888538296138209e-05,28
RR1 OSD-168 FLT−GC,PC2,EPC1,-4.65992043480157e-05,4.65992043480157e-05,334
RR1 OSD-168 FLT−GC,PC2,EPM2AIP1,-4.8414914183043537e-05,4.8414914183043537e-05,270
RR1 OSD-168 FLT−GC,PC2,EPS15L1,-5.069846416241336e-05,5.069846416241336e-05,206
RR1 OSD-168 FLT−GC,PC2,ERP27,5.115668400507367e-05,5.115668400507367e-05,185
RR1 OSD-168 FLT−GC,PC2,EXD1,-4.634037792664729e-05,4.634037792664729e-05,343
RR1 OSD-168 FLT−GC,PC2,EXOC4,-4.574482296129563e-05,4.574482296129563e-05,368
RR1 OSD-168 FLT−GC,PC2,EZH2,-4.4485235533313277e-05,4.4485235533313277e-05,434
RR1 OSD-168 FLT−GC,PC2,FAM133B,-5.913439365831862e-05,5.913439365831862e-05,78
RR1 OSD-168 FLT−GC,PC2,FAM13B,-5.104873653925122e-05,5.104873653925122e-05,189
RR1 OSD-168 FLT−GC,PC2,FAM193A,-5.952515607913011e-05,5.952515607913011e-05,75
RR1 OSD-168 FLT−GC,PC2,FAM193B,-5.746983189307322e-05,5.746983189307322e-05,94
RR1 OSD-168 FLT−GC,PC2,FAM222B,-4.776063672490944e-05,4.776063672490944e-05,286
RR1 OSD-168 FLT−GC,PC2,FAM76B,-4.7757059374396225e-05,4.7757059374396225e-05,287
RR1 OSD-168 FLT−GC,PC2,FBP2,-6.505985439206156e-05,6.505985439206156e-05,45
RR1 OSD-168 FLT−GC,PC2,FCHO2,-4.710086720325299e-05,4.710086720325299e-05,316
RR1 OSD-168 FLT−GC,PC2,FGF21,-5.284778523166528e-05,5.284778523166528e-05,155
RR1 OSD-168 FLT−GC,PC2,FNBP4,-5.9762606383119974e-05,5.9762606383119974e-05,72
RR1 OSD-168 FLT−GC,PC2,FREM1,-4.780434137153365e-05,4.780434137153365e-05,285
RR1 OSD-168 FLT−GC,PC2,FRMD8,-4.7757017225725326e-05,4.7757017225725326e-05,288
RR1 OSD-168 FLT−GC,PC2,FUBP1,-7.210401051235637e-05,7.210401051235637e-05,20
RR1 OSD-168 FLT−GC,PC2,FUS,-6.16066080701877e-05,6.16066080701877e-05,65
RR1 OSD-168 FLT−GC,PC2,G2E3,-4.328171639051032e-05,4.328171639051032e-05,494
RR1 OSD-168 FLT−GC,PC2,GADD45G,-5.88938720041014e-05,5.88938720041014e-05,79
RR1 OSD-168 FLT−GC,PC2,GAN,-5.0214213960215645e-05,5.0214213960215645e-05,217
RR1 OSD-168 FLT−GC,PC2,GBF1,-4.481085843870453e-05,4.481085843870453e-05,414
RR1 OSD-168 FLT−GC,PC2,GEN1,-5.1474003443707114e-05,5.1474003443707114e-05,175
RR1 OSD-168 FLT−GC,PC2,GGA3,-4.5371254803689856e-05,4.5371254803689856e-05,385
RR1 OSD-168 FLT−GC,PC2,GIN1,-5.462782687503694e-05,5.462782687503694e-05,135
RR1 OSD-168 FLT−GC,PC2,GIT2,-4.6623610085400185e-05,4.6623610085400185e-05,331
RR1 OSD-168 FLT−GC,PC2,GJB2,-4.319906473371563e-05,4.319906473371563e-05,499
RR1 OSD-168 FLT−GC,PC2,GLRB,-4.481161849538785e-05,4.481161849538785e-05,413
RR1 OSD-168 FLT−GC,PC2,GPNMB,-4.386963637424881e-05,4.386963637424881e-05,461
RR1 OSD-168 FLT−GC,PC2,GRAMD1C,-4.605980983218517e-05,4.605980983218517e-05,356
RR1 OSD-168 FLT−GC,PC2,GRM8,-4.4490995146610654e-05,4.4490995146610654e-05,433
RR1 OSD-168 FLT−GC,PC2,H1-1,-5.091521441271012e-05,5.091521441271012e-05,196
RR1 OSD-168 FLT−GC,PC2,H1-5,-5.18448179612875e-05,5.18448179612875e-05,171
RR1 OSD-168 FLT−GC,PC2,H2AX,-4.8158065124759876e-05,4.8158065124759876e-05,276
RR1 OSD-168 FLT−GC,PC2,HAO2,4.5128324594274045e-05,4.5128324594274045e-05,397
RR1 OSD-168 FLT−GC,PC2,HERC6,-6.642579872950456e-05,6.642579872950456e-05,36
RR1 OSD-168 FLT−GC,PC2,HNRNPH1,-4.9394557254134454e-05,4.9394557254134454e-05,241
RR1 OSD-168 FLT−GC,PC2,HPF1,-4.3465963303738045e-05,4.3465963303738045e-05,488
RR1 OSD-168 FLT−GC,PC2,HTT,-4.7671570892302146e-05,4.7671570892302146e-05,290
RR1 OSD-168 FLT−GC,PC2,IFI44,-8.404637738031791e-05,8.404637738031791e-05,10
RR1 OSD-168 FLT−GC,PC2,IFRD1,-4.473176154342657e-05,4.473176154342657e-05,418
RR1 OSD-168 FLT−GC,PC2,IGFBP1,-5.132060453114441e-05,5.132060453114441e-05,179
RR1 OSD-168 FLT−GC,PC2,IGSF21,-4.633301044372478e-05,4.633301044372478e-05,344
RR1 OSD-168 FLT−GC,PC2,IGSF6,-4.510661919516772e-05,4.510661919516772e-05,400
RR1 OSD-168 FLT−GC,PC2,IKBKE,-4.5118597397908774e-05,4.5118597397908774e-05,398
RR1 OSD-168 FLT−GC,PC2,INHBA,-5.482517537283235e-05,5.482517537283235e-05,130
RR1 OSD-168 FLT−GC,PC2,INO80D,-5.0824446412730505e-05,5.0824446412730505e-05,201
RR1 OSD-168 FLT−GC,PC2,INPP4A,-4.6090319925759476e-05,4.6090319925759476e-05,353
RR1 OSD-168 FLT−GC,PC2,INTS1,-4.327470055312649e-05,4.327470055312649e-05,496
RR1 OSD-168 FLT−GC,PC2,IP6K2,-4.4011014536742635e-05,4.4011014536742635e-05,455
RR1 OSD-168 FLT−GC,PC2,IRF2,-4.614991178894392e-05,4.614991178894392e-05,350
RR1 OSD-168 FLT−GC,PC2,IRF7,-5.751445356469741e-05,5.751445356469741e-05,93
RR1 OSD-168 FLT−GC,PC2,ISG15,-5.960194676823669e-05,5.960194676823669e-05,73
RR1 OSD-168 FLT−GC,PC2,ITPKA,-4.9091752553055565e-05,4.9091752553055565e-05,253
RR1 OSD-168 FLT−GC,PC2,ITSN2,-4.468851889610532e-05,4.468851889610532e-05,421
RR1 OSD-168 FLT−GC,PC2,IWS1,-5.5602103337311995e-05,5.5602103337311995e-05,122
RR1 OSD-168 FLT−GC,PC2,JMJD1C,-4.931132139490679e-05,4.931132139490679e-05,243
RR1 OSD-168 FLT−GC,PC2,JMJD4,-4.364146949558769e-05,4.364146949558769e-05,478
RR1 OSD-168 FLT−GC,PC2,JUN,-4.660894641556577e-05,4.660894641556577e-05,333
RR1 OSD-168 FLT−GC,PC2,KCNK10,-4.544366708665172e-05,4.544366708665172e-05,382
RR1 OSD-168 FLT−GC,PC2,KCNRG,-4.598729891892629e-05,4.598729891892629e-05,359
RR1 OSD-168 FLT−GC,PC2,KCTD18,-4.383044251185526e-05,4.383044251185526e-05,465
RR1 OSD-168 FLT−GC,PC2,KDM3B,-4.46019861682601e-05,4.46019861682601e-05,428
RR1 OSD-168 FLT−GC,PC2,KDM5D,-4.814000501959004e-05,4.814000501959004e-05,278
RR1 OSD-168 FLT−GC,PC2,KHDC4,-4.6109243568134806e-05,4.6109243568134806e-05,352
RR1 OSD-168 FLT−GC,PC2,KIF24,-4.4939757646079275e-05,4.4939757646079275e-05,409
RR1 OSD-168 FLT−GC,PC2,KLC1,-4.3624003875526664e-05,4.3624003875526664e-05,479
RR1 OSD-168 FLT−GC,PC2,KLRD1,-4.4133112632674596e-05,4.4133112632674596e-05,446
RR1 OSD-168 FLT−GC,PC2,KMT2D,-4.74775369185561e-05,4.74775369185561e-05,297
RR1 OSD-168 FLT−GC,PC2,KMT2E,-4.865513322179639e-05,4.865513322179639e-05,264
RR1 OSD-168 FLT−GC,PC2,KMT5B,-4.5098571036830615e-05,4.5098571036830615e-05,402
RR1 OSD-168 FLT−GC,PC2,KPNA4,-4.715137945536614e-05,4.715137945536614e-05,315
RR1 OSD-168 FLT−GC,PC2,KRAS,-4.6272325485233384e-05,4.6272325485233384e-05,345
RR1 OSD-168 FLT−GC,PC2,KRBA1,-4.35131853116943e-05,4.35131853116943e-05,484
RR1 OSD-168 FLT−GC,PC2,KRIT1,-6.635696651102703e-05,6.635696651102703e-05,38
RR1 OSD-168 FLT−GC,PC2,LCN2,-7.535454612852758e-05,7.535454612852758e-05,15
RR1 OSD-168 FLT−GC,PC2,LENEP,-4.338991318879751e-05,4.338991318879751e-05,491
RR1 OSD-168 FLT−GC,PC2,LENG8,-6.638453167254256e-05,6.638453167254256e-05,37
RR1 OSD-168 FLT−GC,PC2,LEO1,-5.101382270598985e-05,5.101382270598985e-05,191
RR1 OSD-168 FLT−GC,PC2,LMOD3,-5.0096283877036064e-05,5.0096283877036064e-05,219
RR1 OSD-168 FLT−GC,PC2,LNX1,-4.398551336837245e-05,4.398551336837245e-05,457
RR1 OSD-168 FLT−GC,PC2,LNX2,-4.5091041712684934e-05,4.5091041712684934e-05,403
RR1 OSD-168 FLT−GC,PC2,LONRF3,-5.843366027794733e-05,5.843366027794733e-05,84
RR1 OSD-168 FLT−GC,PC2,LOXL4,-7.098200143024258e-05,7.098200143024258e-05,25
RR1 OSD-168 FLT−GC,PC2,LRRC69,-4.7870022854244424e-05,4.7870022854244424e-05,282
RR1 OSD-168 FLT−GC,PC2,LUC7L2,-8.620657694340518e-05,8.620657694340518e-05,9
RR1 OSD-168 FLT−GC,PC2,LUC7L3,-5.6104415293928e-05,5.6104415293928e-05,112
RR1 OSD-168 FLT−GC,PC2,LYST,-5.674730915382738e-05,5.674730915382738e-05,107
RR1 OSD-168 FLT−GC,PC2,MALT1,-5.4096427188546796e-05,5.4096427188546796e-05,138
RR1 OSD-168 FLT−GC,PC2,MAPK4,-5.421738064506153e-05,5.421738064506153e-05,137
RR1 OSD-168 FLT−GC,PC2,MAPK8IP3,-4.679369130164807e-05,4.679369130164807e-05,325
RR1 OSD-168 FLT−GC,PC2,MAPRE3,-5.131569147245927e-05,5.131569147245927e-05,180
RR1 OSD-168 FLT−GC,PC2,MARCHF7,-4.60879894746678e-05,4.60879894746678e-05,354
RR1 OSD-168 FLT−GC,PC2,MARCO,-7.871982771190375e-05,7.871982771190375e-05,13
RR1 OSD-168 FLT−GC,PC2,MAU2,-4.575455098018211e-05,4.575455098018211e-05,366
RR1 OSD-168 FLT−GC,PC2,MBD5,-4.430386346436516e-05,4.430386346436516e-05,441
RR1 OSD-168 FLT−GC,PC2,MBNL2,-6.704413008586537e-05,6.704413008586537e-05,33
RR1 OSD-168 FLT−GC,PC2,MDM4,-5.2785568015316074e-05,5.2785568015316074e-05,158
RR1 OSD-168 FLT−GC,PC2,MDN1,-5.080401689459203e-05,5.080401689459203e-05,202
RR1 OSD-168 FLT−GC,PC2,MED15,-4.878887339944869e-05,4.878887339944869e-05,259
RR1 OSD-168 FLT−GC,PC2,MEOX1,4.917318293994589e-05,4.917318293994589e-05,248
RR1 OSD-168 FLT−GC,PC2,METTL6,-4.70252911440858e-05,4.70252911440858e-05,318
RR1 OSD-168 FLT−GC,PC2,MID1,-4.490000633893419e-05,4.490000633893419e-05,410
RR1 OSD-168 FLT−GC,PC2,MITD1,-4.636514827071668e-05,4.636514827071668e-05,342
RR1 OSD-168 FLT−GC,PC2,MKLN1,-4.543644020107409e-05,4.543644020107409e-05,383
RR1 OSD-168 FLT−GC,PC2,MLXIPL,-4.445211177735701e-05,4.445211177735701e-05,437
RR1 OSD-168 FLT−GC,PC2,MPHOSPH8,-4.481334749413738e-05,4.481334749413738e-05,412
RR1 OSD-168 FLT−GC,PC2,MRGBP,-4.963515366717051e-05,4.963515366717051e-05,229
RR1 OSD-168 FLT−GC,PC2,MST1R,-4.460827612996984e-05,4.460827612996984e-05,427
RR1 OSD-168 FLT−GC,PC2,MTCP1,-6.383911076427659e-05,6.383911076427659e-05,54
RR1 OSD-168 FLT−GC,PC2,MTERF3,-5.8361245748429275e-05,5.8361245748429275e-05,87
RR1 OSD-168 FLT−GC,PC2,MTHFD1L,-4.392772152835614e-05,4.392772152835614e-05,458
RR1 OSD-168 FLT−GC,PC2,MTMR7,-4.347692976503296e-05,4.347692976503296e-05,486
RR1 OSD-168 FLT−GC,PC2,N4BP2L2,-5.3782784018569435e-05,5.3782784018569435e-05,145
RR1 OSD-168 FLT−GC,PC2,NAA15,-4.589917144003527e-05,4.589917144003527e-05,360
RR1 OSD-168 FLT−GC,PC2,NAV2,-5.568281566171976e-05,5.568281566171976e-05,120
RR1 OSD-168 FLT−GC,PC2,NCOA5,-4.3796436722919844e-05,4.3796436722919844e-05,468
RR1 OSD-168 FLT−GC,PC2,NEDD4L,-6.522885273163455e-05,6.522885273163455e-05,42
RR1 OSD-168 FLT−GC,PC2,NEK5,-5.577152530136718e-05,5.577152530136718e-05,118
RR1 OSD-168 FLT−GC,PC2,NEMF,-4.575320945757608e-05,4.575320945757608e-05,367
RR1 OSD-168 FLT−GC,PC2,NFAT5,-5.017647775423372e-05,5.017647775423372e-05,218
RR1 OSD-168 FLT−GC,PC2,NFE2L3,-4.522325305181245e-05,4.522325305181245e-05,393
RR1 OSD-168 FLT−GC,PC2,NFIL3,-9.066540056916012e-05,9.066540056916012e-05,4
RR1 OSD-168 FLT−GC,PC2,NFRKB,-5.2402867032893056e-05,5.2402867032893056e-05,163
RR1 OSD-168 FLT−GC,PC2,NKTR,-7.205407742051626e-05,7.205407742051626e-05,22
RR1 OSD-168 FLT−GC,PC2,NOCT,-4.5229924987960376e-05,4.5229924987960376e-05,392
RR1 OSD-168 FLT−GC,PC2,NOP56,-4.410855386522831e-05,4.410855386522831e-05,448
RR1 OSD-168 FLT−GC,PC2,NOS1AP,-5.768566217704851e-05,5.768566217704851e-05,92
RR1 OSD-168 FLT−GC,PC2,NPAS2,-0.00010463233693111452,0.00010463233693111452,1
RR1 OSD-168 FLT−GC,PC2,NR4A2,-4.6037135601031095e-05,4.6037135601031095e-05,358
RR1 OSD-168 FLT−GC,PC2,NR4A3,-5.217371010537171e-05,5.217371010537171e-05,167
RR1 OSD-168 FLT−GC,PC2,NR6A1,-5.342302280453223e-05,5.342302280453223e-05,147
RR1 OSD-168 FLT−GC,PC2,NRF1,-4.625932183483028e-05,4.625932183483028e-05,347
RR1 OSD-168 FLT−GC,PC2,NRN1L,-5.041086152466834e-05,5.041086152466834e-05,214
RR1 OSD-168 FLT−GC,PC2,NRTN,-5.033549408405524e-05,5.033549408405524e-05,215
RR1 OSD-168 FLT−GC,PC2,NSD3,-5.06639965216658e-05,5.06639965216658e-05,208
RR1 OSD-168 FLT−GC,PC2,NUDT13,-4.558449565573595e-05,4.558449565573595e-05,374
RR1 OSD-168 FLT−GC,PC2,NUDT5,-4.374426347678681e-05,4.374426347678681e-05,471
RR1 OSD-168 FLT−GC,PC2,NUFIP2,-4.4125531802260915e-05,4.4125531802260915e-05,447
RR1 OSD-168 FLT−GC,PC2,NUMBL,-4.478595299309436e-05,4.478595299309436e-05,416
RR1 OSD-168 FLT−GC,PC2,NXF1,-4.353811986200483e-05,4.353811986200483e-05,482
RR1 OSD-168 FLT−GC,PC2,OAS2,-5.730649660577654e-05,5.730649660577654e-05,96
RR1 OSD-168 FLT−GC,PC2,OASL,-6.459897363739352e-05,6.459897363739352e-05,49
RR1 OSD-168 FLT−GC,PC2,ODF2L,-4.64933722698186e-05,4.64933722698186e-05,337
RR1 OSD-168 FLT−GC,PC2,OGT,-4.569999384276855e-05,4.569999384276855e-05,370
RR1 OSD-168 FLT−GC,PC2,ORC4,-4.371144065886657e-05,4.371144065886657e-05,473
RR1 OSD-168 FLT−GC,PC2,PABPN1,-5.594848462659362e-05,5.594848462659362e-05,115
RR1 OSD-168 FLT−GC,PC2,PACRGL,-4.3740357227250925e-05,4.3740357227250925e-05,472
RR1 OSD-168 FLT−GC,PC2,PAN2,-4.8154409624373856e-05,4.8154409624373856e-05,277
RR1 OSD-168 FLT−GC,PC2,PAN3,-4.984902282953432e-05,4.984902282953432e-05,226
RR1 OSD-168 FLT−GC,PC2,PARP14,-5.0898215639330935e-05,5.0898215639330935e-05,197
RR1 OSD-168 FLT−GC,PC2,PAXBP1,-5.466426169577058e-05,5.466426169577058e-05,133
RR1 OSD-168 FLT−GC,PC2,PDK4,-6.628915906512773e-05,6.628915906512773e-05,39
RR1 OSD-168 FLT−GC,PC2,PERCC1,-4.582333055750919e-05,4.582333055750919e-05,365
RR1 OSD-168 FLT−GC,PC2,PFKFB2,-5.252824332246881e-05,5.252824332246881e-05,161
RR1 OSD-168 FLT−GC,PC2,PGD,-6.48617871638193e-05,6.48617871638193e-05,46
RR1 OSD-168 FLT−GC,PC2,PGGT1B,-4.456608103175227e-05,4.456608103175227e-05,431
RR1 OSD-168 FLT−GC,PC2,PHC3,-4.546299417951244e-05,4.546299417951244e-05,381
RR1 OSD-168 FLT−GC,PC2,PHF14,-5.658622431778498e-05,5.658622431778498e-05,108
RR1 OSD-168 FLT−GC,PC2,PHF20L1,-5.6282922732354406e-05,5.6282922732354406e-05,110
RR1 OSD-168 FLT−GC,PC2,PHIP,-5.3338131914809666e-05,5.3338131914809666e-05,148
RR1 OSD-168 FLT−GC,PC2,PIBF1,-5.840686536893485e-05,5.840686536893485e-05,86
RR1 OSD-168 FLT−GC,PC2,PICK1,-4.9100021180456946e-05,4.9100021180456946e-05,251
RR1 OSD-168 FLT−GC,PC2,PID1,-4.532520893515162e-05,4.532520893515162e-05,388
RR1 OSD-168 FLT−GC,PC2,PIGN,-5.5343573153007926e-05,5.5343573153007926e-05,124
RR1 OSD-168 FLT−GC,PC2,PIGU,-4.8168335170556074e-05,4.8168335170556074e-05,275
RR1 OSD-168 FLT−GC,PC2,PIK3C2G,-5.044908222808671e-05,5.044908222808671e-05,212
RR1 OSD-168 FLT−GC,PC2,PIKFYVE,-4.364612292310856e-05,4.364612292310856e-05,476
RR1 OSD-168 FLT−GC,PC2,PLGRKT,-4.497793196399666e-05,4.497793196399666e-05,408
RR1 OSD-168 FLT−GC,PC2,PNISR,-7.440386766782623e-05,7.440386766782623e-05,18
RR1 OSD-168 FLT−GC,PC2,PNN,-5.1184092080945635e-05,5.1184092080945635e-05,184
RR1 OSD-168 FLT−GC,PC2,PNPLA3,-5.993529570719778e-05,5.993529570719778e-05,70
RR1 OSD-168 FLT−GC,PC2,PNPLA6,-4.472866746366015e-05,4.472866746366015e-05,419
RR1 OSD-168 FLT−GC,PC2,POLA2,-4.639244594367475e-05,4.639244594367475e-05,341
RR1 OSD-168 FLT−GC,PC2,PPFIA1,-4.9605105805968266e-05,4.9605105805968266e-05,230
RR1 OSD-168 FLT−GC,PC2,PPIL4,-4.7357957241079704e-05,4.7357957241079704e-05,302
RR1 OSD-168 FLT−GC,PC2,PPP4R3A,-4.462754847045071e-05,4.462754847045071e-05,425
RR1 OSD-168 FLT−GC,PC2,PRG4,-4.950832590679092e-05,4.950832590679092e-05,239
RR1 OSD-168 FLT−GC,PC2,PRKN,-4.5484663395604584e-05,4.5484663395604584e-05,378
RR1 OSD-168 FLT−GC,PC2,PRPF39,-7.35262910818341e-05,7.35262910818341e-05,19
RR1 OSD-168 FLT−GC,PC2,PSTPIP2,-4.882329456521101e-05,4.882329456521101e-05,257
RR1 OSD-168 FLT−GC,PC2,PTBP2,-5.279140645039584e-05,5.279140645039584e-05,156
RR1 OSD-168 FLT−GC,PC2,PTGFR,-5.1082163337409316e-05,5.1082163337409316e-05,188
RR1 OSD-168 FLT−GC,PC2,PTK2,-4.530828131223049e-05,4.530828131223049e-05,389
RR1 OSD-168 FLT−GC,PC2,PTPRC,-4.44171213694207e-05,4.44171213694207e-05,438
RR1 OSD-168 FLT−GC,PC2,PWWP2A,-5.179480416312109e-05,5.179480416312109e-05,172
RR1 OSD-168 FLT−GC,PC2,PXK,-4.3622664240612116e-05,4.3622664240612116e-05,480
RR1 OSD-168 FLT−GC,PC2,R3HDM1,-7.477415500255684e-05,7.477415500255684e-05,17
RR1 OSD-168 FLT−GC,PC2,RABGAP1L,-4.3652242747126424e-05,4.3652242747126424e-05,475
RR1 OSD-168 FLT−GC,PC2,RAD52,-4.9572897047666406e-05,4.9572897047666406e-05,234
RR1 OSD-168 FLT−GC,PC2,RALGAPA1,-4.3987986612827146e-05,4.3987986612827146e-05,456
RR1 OSD-168 FLT−GC,PC2,RAPH1,-5.677791827380847e-05,5.677791827380847e-05,105
RR1 OSD-168 FLT−GC,PC2,RASSF1,-4.377579942011916e-05,4.377579942011916e-05,469
RR1 OSD-168 FLT−GC,PC2,RBBP6,-5.0003445455030056e-05,5.0003445455030056e-05,223
RR1 OSD-168 FLT−GC,PC2,RBBP8,-4.5059628714911747e-05,4.5059628714911747e-05,405
RR1 OSD-168 FLT−GC,PC2,RBM14,-5.9422880677870244e-05,5.9422880677870244e-05,76
RR1 OSD-168 FLT−GC,PC2,RBM15,-4.7586623721195035e-05,4.7586623721195035e-05,292
RR1 OSD-168 FLT−GC,PC2,RBM25,-6.241753315209299e-05,6.241753315209299e-05,59
RR1 OSD-168 FLT−GC,PC2,RBM26,-6.555540230481391e-05,6.555540230481391e-05,41
RR1 OSD-168 FLT−GC,PC2,RBM33,-4.719803104896933e-05,4.719803104896933e-05,311
RR1 OSD-168 FLT−GC,PC2,RBM4,-4.4476651747656616e-05,4.4476651747656616e-05,435
RR1 OSD-168 FLT−GC,PC2,RBM4B,-6.465556352213783e-05,6.465556352213783e-05,47
RR1 OSD-168 FLT−GC,PC2,RBM5,-5.134431610122815e-05,5.134431610122815e-05,178
RR1 OSD-168 FLT−GC,PC2,RBM6,-6.119258667601378e-05,6.119258667601378e-05,68
RR1 OSD-168 FLT−GC,PC2,RBMX,-4.54797625691582e-05,4.54797625691582e-05,379
RR1 OSD-168 FLT−GC,PC2,RC3H2,-4.9590237199955307e-05,4.9590237199955307e-05,231
RR1 OSD-168 FLT−GC,PC2,RECQL5,-4.536039681025647e-05,4.536039681025647e-05,386
RR1 OSD-168 FLT−GC,PC2,RELCH,-5.610395322974704e-05,5.610395322974704e-05,113
RR1 OSD-168 FLT−GC,PC2,RFX7,-5.3299184967640304e-05,5.3299184967640304e-05,150
RR1 OSD-168 FLT−GC,PC2,RFX8,-5.577497690655645e-05,5.577497690655645e-05,117
RR1 OSD-168 FLT−GC,PC2,RFXANK,-4.468299368645035e-05,4.468299368645035e-05,422
RR1 OSD-168 FLT−GC,PC2,RICTOR,-4.4232146292746986e-05,4.4232146292746986e-05,444
RR1 OSD-168 FLT−GC,PC2,RIOK1,-5.05700681373523e-05,5.05700681373523e-05,209
RR1 OSD-168 FLT−GC,PC2,RNF111,-5.1004116476571885e-05,5.1004116476571885e-05,193
RR1 OSD-168 FLT−GC,PC2,RNF213,-6.202715531851968e-05,6.202715531851968e-05,62
RR1 OSD-168 FLT−GC,PC2,RNPC3,-4.642787566421509e-05,4.642787566421509e-05,340
RR1 OSD-168 FLT−GC,PC2,ROCK1,-4.7258368288917985e-05,4.7258368288917985e-05,305
RR1 OSD-168 FLT−GC,PC2,RPIA,-4.6903466958185174e-05,4.6903466958185174e-05,322
RR1 OSD-168 FLT−GC,PC2,RRM2,-5.6993182169170436e-05,5.6993182169170436e-05,102
RR1 OSD-168 FLT−GC,PC2,RSAD2,-5.069217952475232e-05,5.069217952475232e-05,207
RR1 OSD-168 FLT−GC,PC2,RSRC2,-5.865515638234098e-05,5.865515638234098e-05,82
RR1 OSD-168 FLT−GC,PC2,RTL4,-5.526749609532263e-05,5.526749609532263e-05,125
RR1 OSD-168 FLT−GC,PC2,RUNDC3B,-4.327950853218036e-05,4.327950853218036e-05,495
RR1 OSD-168 FLT−GC,PC2,SAFB,-5.359123173558485e-05,5.359123173558485e-05,146
RR1 OSD-168 FLT−GC,PC2,SAFB2,-5.78482570847378e-05,5.78482570847378e-05,89
RR1 OSD-168 FLT−GC,PC2,SAMD9L,-4.9800054268956405e-05,4.9800054268956405e-05,227
RR1 OSD-168 FLT−GC,PC2,SCARF1,-4.999721803376678e-05,4.999721803376678e-05,224
RR1 OSD-168 FLT−GC,PC2,SCEL,-4.8719550907508914e-05,4.8719550907508914e-05,262
RR1 OSD-168 FLT−GC,PC2,SCFD1,-4.353173680418571e-05,4.353173680418571e-05,483
RR1 OSD-168 FLT−GC,PC2,SDF2L1,-4.694811928261081e-05,4.694811928261081e-05,319
RR1 OSD-168 FLT−GC,PC2,SDR9C7,-5.388569541897334e-05,5.388569541897334e-05,144
RR1 OSD-168 FLT−GC,PC2,SEC61A2,-4.724146782151541e-05,4.724146782151541e-05,306
RR1 OSD-168 FLT−GC,PC2,SENP1,-4.4102921151016134e-05,4.4102921151016134e-05,450
RR1 OSD-168 FLT−GC,PC2,SENP7,-4.508719774804265e-05,4.508719774804265e-05,404
RR1 OSD-168 FLT−GC,PC2,SERPINE1,-8.85131900542266e-05,8.85131900542266e-05,7
RR1 OSD-168 FLT−GC,PC2,SETD5,-5.288396122163845e-05,5.288396122163845e-05,153
RR1 OSD-168 FLT−GC,PC2,SETDB2,-5.7216092916144345e-05,5.7216092916144345e-05,97
RR1 OSD-168 FLT−GC,PC2,SF1,-5.0799120127780545e-05,5.0799120127780545e-05,203
RR1 OSD-168 FLT−GC,PC2,SFI1,-4.33332587627116e-05,4.33332587627116e-05,492
RR1 OSD-168 FLT−GC,PC2,SFPQ,-5.0094749871346466e-05,5.0094749871346466e-05,220
RR1 OSD-168 FLT−GC,PC2,SFSWAP,-5.702230452326466e-05,5.702230452326466e-05,101
RR1 OSD-168 FLT−GC,PC2,SGK3,-4.469749102757002e-05,4.469749102757002e-05,420
RR1 OSD-168 FLT−GC,PC2,SH2D5,-5.569922506155652e-05,5.569922506155652e-05,119
RR1 OSD-168 FLT−GC,PC2,SHFL,-7.208737341661801e-05,7.208737341661801e-05,21
RR1 OSD-168 FLT−GC,PC2,SHLD2,-5.511419597638605e-05,5.511419597638605e-05,127
RR1 OSD-168 FLT−GC,PC2,SIGLEC1,-5.193198912579745e-05,5.193198912579745e-05,170
RR1 OSD-168 FLT−GC,PC2,SKIL,-5.8419286270553396e-05,5.8419286270553396e-05,85
RR1 OSD-168 FLT−GC,PC2,SLC16A6,-4.326087458526659e-05,4.326087458526659e-05,497
RR1 OSD-168 FLT−GC,PC2,SLC25A37,-4.666799254935769e-05,4.666799254935769e-05,329
RR1 OSD-168 FLT−GC,PC2,SLC35B3,-4.8379753486728156e-05,4.8379753486728156e-05,273
RR1 OSD-168 FLT−GC,PC2,SLC38A6,-4.426247290697203e-05,4.426247290697203e-05,442
RR1 OSD-168 FLT−GC,PC2,SLC41A2,-0.000101059233908453,0.000101059233908453,2
RR1 OSD-168 FLT−GC,PC2,SLC8A3,-4.83597371861583e-05,4.83597371861583e-05,274
RR1 OSD-168 FLT−GC,PC2,SLTM,-5.23461256038143e-05,5.23461256038143e-05,164
RR1 OSD-168 FLT−GC,PC2,SMARCA4,-4.5159370999206805e-05,4.5159370999206805e-05,394
RR1 OSD-168 FLT−GC,PC2,SMARCAD1,-4.6429219445537004e-05,4.6429219445537004e-05,339
RR1 OSD-168 FLT−GC,PC2,SMARCB1,-4.881006510468693e-05,4.881006510468693e-05,258
RR1 OSD-168 FLT−GC,PC2,SMC5,-5.056223865506926e-05,5.056223865506926e-05,210
RR1 OSD-168 FLT−GC,PC2,SNAPC3,-7.854265637753293e-05,7.854265637753293e-05,14
RR1 OSD-168 FLT−GC,PC2,SNAPC4,-4.5129162932460405e-05,4.5129162932460405e-05,396
RR1 OSD-168 FLT−GC,PC2,SNRNP48,-5.7761817838607334e-05,5.7761817838607334e-05,91
RR1 OSD-168 FLT−GC,PC2,SNRNP70,-5.322853379354236e-05,5.322853379354236e-05,152
RR1 OSD-168 FLT−GC,PC2,SNX10,-4.926804257289098e-05,4.926804257289098e-05,245
RR1 OSD-168 FLT−GC,PC2,SNX11,-4.385116307635789e-05,4.385116307635789e-05,463
RR1 OSD-168 FLT−GC,PC2,SNX29,-4.719837344988779e-05,4.719837344988779e-05,310
RR1 OSD-168 FLT−GC,PC2,SORBS2,-5.3995726817483796e-05,5.3995726817483796e-05,141
RR1 OSD-168 FLT−GC,PC2,SPACA6,-6.51160465986284e-05,6.51160465986284e-05,44
RR1 OSD-168 FLT−GC,PC2,SPOPL,-4.501609328561963e-05,4.501609328561963e-05,407
RR1 OSD-168 FLT−GC,PC2,SQLE,-4.95852436557558e-05,4.95852436557558e-05,233
RR1 OSD-168 FLT−GC,PC2,SRCAP,-4.4250780138076527e-05,4.4250780138076527e-05,443
RR1 OSD-168 FLT−GC,PC2,SRPK1,-5.0845014791842886e-05,5.0845014791842886e-05,199
RR1 OSD-168 FLT−GC,PC2,SRSF1,-4.74550312063913e-05,4.74550312063913e-05,298
RR1 OSD-168 FLT−GC,PC2,SRSF10,-5.868379874587491e-05,5.868379874587491e-05,81
RR1 OSD-168 FLT−GC,PC2,SRSF11,-6.514809088139402e-05,6.514809088139402e-05,43
RR1 OSD-168 FLT−GC,PC2,SRSF6,-4.553012679340702e-05,4.553012679340702e-05,377
RR1 OSD-168 FLT−GC,PC2,SSR1,-4.3152072432029405e-05,4.3152072432029405e-05,500
RR1 OSD-168 FLT−GC,PC2,ST7L,-5.499573500938603e-05,5.499573500938603e-05,128
RR1 OSD-168 FLT−GC,PC2,STAT2,-5.609364481441343e-05,5.609364481441343e-05,114
RR1 OSD-168 FLT−GC,PC2,STK38,-4.504236011207907e-05,4.504236011207907e-05,406
RR1 OSD-168 FLT−GC,PC2,STX1B,-5.694740115560995e-05,5.694740115560995e-05,103
RR1 OSD-168 FLT−GC,PC2,STYXL1,-4.868149136329782e-05,4.868149136329782e-05,263
RR1 OSD-168 FLT−GC,PC2,SUGP2,-4.919241831840839e-05,4.919241831840839e-05,247
RR1 OSD-168 FLT−GC,PC2,SULT6B1,-5.395611732661916e-05,5.395611732661916e-05,142
RR1 OSD-168 FLT−GC,PC2,SUN3,-7.964425057127983e-05,7.964425057127983e-05,12
RR1 OSD-168 FLT−GC,PC2,SUPT20H,-5.072715638867731e-05,5.072715638867731e-05,204
RR1 OSD-168 FLT−GC,PC2,SYNCRIP,-4.7919101027254636e-05,4.7919101027254636e-05,281
RR1 OSD-168 FLT−GC,PC2,TAB2,-4.515093821778424e-05,4.515093821778424e-05,395
RR1 OSD-168 FLT−GC,PC2,TAOK2,-4.7647805693878455e-05,4.7647805693878455e-05,291
RR1 OSD-168 FLT−GC,PC2,TARDBP,-4.773636144601518e-05,4.773636144601518e-05,289
RR1 OSD-168 FLT−GC,PC2,TASOR2,-4.7237035030710234e-05,4.7237035030710234e-05,307
RR1 OSD-168 FLT−GC,PC2,TBC1D23,-4.987378525589996e-05,4.987378525589996e-05,225
RR1 OSD-168 FLT−GC,PC2,TBC1D24,-4.5856113215245057e-05,4.5856113215245057e-05,362
RR1 OSD-168 FLT−GC,PC2,TBCE,-4.717266503007533e-05,4.717266503007533e-05,314
RR1 OSD-168 FLT−GC,PC2,TBP,-4.408357461687763e-05,4.408357461687763e-05,452
RR1 OSD-168 FLT−GC,PC2,TCERG1,-5.278664836367388e-05,5.278664836367388e-05,157
RR1 OSD-168 FLT−GC,PC2,TCIM,-5.176169758299326e-05,5.176169758299326e-05,173
RR1 OSD-168 FLT−GC,PC2,TCIRG1,-4.686074430145809e-05,4.686074430145809e-05,323
RR1 OSD-168 FLT−GC,PC2,TEAD3,-4.58558280485061e-05,4.58558280485061e-05,363
RR1 OSD-168 FLT−GC,PC2,TESMIN,-4.349054718469189e-05,4.349054718469189e-05,485
RR1 OSD-168 FLT−GC,PC2,TET2,-5.141475915210248e-05,5.141475915210248e-05,176
RR1 OSD-168 FLT−GC,PC2,TFCP2,-4.6937468353716956e-05,4.6937468353716956e-05,320
RR1 OSD-168 FLT−GC,PC2,TFRC,-6.838165662296118e-05,6.838165662296118e-05,29
RR1 OSD-168 FLT−GC,PC2,THADA,-4.407196724220729e-05,4.407196724220729e-05,453
RR1 OSD-168 FLT−GC,PC2,TIA1,-6.306243639462908e-05,6.306243639462908e-05,55
RR1 OSD-168 FLT−GC,PC2,TIGIT,-4.3476768193935474e-05,4.3476768193935474e-05,487
RR1 OSD-168 FLT−GC,PC2,TIMP1,-6.272330745580654e-05,6.272330745580654e-05,57
RR1 OSD-168 FLT−GC,PC2,TMC4,-4.466137258047393e-05,4.466137258047393e-05,424
RR1 OSD-168 FLT−GC,PC2,TMCC1,-5.937849383592104e-05,5.937849383592104e-05,77
RR1 OSD-168 FLT−GC,PC2,TMEM161B,-5.070532443443705e-05,5.070532443443705e-05,205
RR1 OSD-168 FLT−GC,PC2,TMEM253,-4.3906524671402024e-05,4.3906524671402024e-05,459
RR1 OSD-168 FLT−GC,PC2,TMEM87A,-5.95625091782696e-05,5.95625091782696e-05,74
RR1 OSD-168 FLT−GC,PC2,TNNC1,-5.2453231923661856e-05,5.2453231923661856e-05,162
RR1 OSD-168 FLT−GC,PC2,TNNI2,-4.8575659550330504e-05,4.8575659550330504e-05,265
RR1 OSD-168 FLT−GC,PC2,TNRC6A,-5.218229455920704e-05,5.218229455920704e-05,166
RR1 OSD-168 FLT−GC,PC2,TOP3B,-4.9503580948076195e-05,4.9503580948076195e-05,240
RR1 OSD-168 FLT−GC,PC2,TRA2A,-6.417840109789369e-05,6.417840109789369e-05,53
RR1 OSD-168 FLT−GC,PC2,TRA2B,-4.6520795081797534e-05,4.6520795081797534e-05,336
RR1 OSD-168 FLT−GC,PC2,TRAF5,-4.722720073397775e-05,4.722720073397775e-05,308
RR1 OSD-168 FLT−GC,PC2,TRAF7,-4.682482742315062e-05,4.682482742315062e-05,324
RR1 OSD-168 FLT−GC,PC2,TRAPPC14,-4.846055373012578e-05,4.846055373012578e-05,268
RR1 OSD-168 FLT−GC,PC2,TRIM14,-4.404943016621937e-05,4.404943016621937e-05,454
RR1 OSD-168 FLT−GC,PC2,TRIM39,-5.4962113474418684e-05,5.4962113474418684e-05,129
RR1 OSD-168 FLT−GC,PC2,TRMT13,-5.083781352653992e-05,5.083781352653992e-05,200
RR1 OSD-168 FLT−GC,PC2,TRMT1L,-4.6619715451861846e-05,4.6619715451861846e-05,332
RR1 OSD-168 FLT−GC,PC2,TSC22D1,-5.196424550786549e-05,5.196424550786549e-05,169
RR1 OSD-168 FLT−GC,PC2,TSHB,-4.4107593345030006e-05,4.4107593345030006e-05,449
RR1 OSD-168 FLT−GC,PC2,TTC14,-6.742983992928653e-05,6.742983992928653e-05,31
RR1 OSD-168 FLT−GC,PC2,TUBGCP3,-4.647623320872189e-05,4.647623320872189e-05,338
RR1 OSD-168 FLT−GC,PC2,TXLNG,-5.042168141160057e-05,5.042168141160057e-05,213
RR1 OSD-168 FLT−GC,PC2,TXNDC11,-4.569752254089162e-05,4.569752254089162e-05,371
RR1 OSD-168 FLT−GC,PC2,U2SURP,-4.4585106607333205e-05,4.4585106607333205e-05,429
RR1 OSD-168 FLT−GC,PC2,UBA7,-5.7412461128820795e-05,5.7412461128820795e-05,95
RR1 OSD-168 FLT−GC,PC2,UBAP2L,-5.100445336232646e-05,5.100445336232646e-05,192
RR1 OSD-168 FLT−GC,PC2,UBE2K,-4.9367744069708655e-05,4.9367744069708655e-05,242
RR1 OSD-168 FLT−GC,PC2,UBN2,-7.120572189409145e-05,7.120572189409145e-05,24
RR1 OSD-168 FLT−GC,PC2,UNC79,-7.146892879020806e-05,7.146892879020806e-05,23
RR1 OSD-168 FLT−GC,PC2,USP14,-4.567320547970645e-05,4.567320547970645e-05,372
RR1 OSD-168 FLT−GC,PC2,USP18,-4.385487666729519e-05,4.385487666729519e-05,462
RR1 OSD-168 FLT−GC,PC2,USP2,-4.7494065277258475e-05,4.7494065277258475e-05,295
RR1 OSD-168 FLT−GC,PC2,USP53,-4.479617087878701e-05,4.479617087878701e-05,415
RR1 OSD-168 FLT−GC,PC2,VAMP1,-4.749048746752829e-05,4.749048746752829e-05,296
RR1 OSD-168 FLT−GC,PC2,VPS37A,-4.887690847509736e-05,4.887690847509736e-05,256
RR1 OSD-168 FLT−GC,PC2,VPS9D1,-4.4331537825647014e-05,4.4331537825647014e-05,440
RR1 OSD-168 FLT−GC,PC2,WDR91,-4.956781626299179e-05,4.956781626299179e-05,236
RR1 OSD-168 FLT−GC,PC2,WNK4,-4.380945572994085e-05,4.380945572994085e-05,467
RR1 OSD-168 FLT−GC,PC2,XKR9,-4.587358430822588e-05,4.587358430822588e-05,361
RR1 OSD-168 FLT−GC,PC2,XRCC3,-5.8033104957382823e-05,5.8033104957382823e-05,88
RR1 OSD-168 FLT−GC,PC2,YOD1,-5.1227249573127256e-05,5.1227249573127256e-05,183
RR1 OSD-168 FLT−GC,PC2,YTHDC1,-5.5197841590855795e-05,5.5197841590855795e-05,126
RR1 OSD-168 FLT−GC,PC2,ZBTB16,-6.910787446135466e-05,6.910787446135466e-05,27
RR1 OSD-168 FLT−GC,PC2,ZBTB20,-5.136125319795002e-05,5.136125319795002e-05,177
RR1 OSD-168 FLT−GC,PC2,ZBTB21,-4.563118010442915e-05,4.563118010442915e-05,373
RR1 OSD-168 FLT−GC,PC2,ZBTB26,-5.709909218670692e-05,5.709909218670692e-05,99
RR1 OSD-168 FLT−GC,PC2,ZC3H7A,-5.094001058996304e-05,5.094001058996304e-05,194
RR1 OSD-168 FLT−GC,PC2,ZCCHC7,-5.5678162039750085e-05,5.5678162039750085e-05,121
RR1 OSD-168 FLT−GC,PC2,ZDHHC21,-4.608655900128471e-05,4.608655900128471e-05,355
RR1 OSD-168 FLT−GC,PC2,ZFC3H1,-5.5370580648792076e-05,5.5370580648792076e-05,123
RR1 OSD-168 FLT−GC,PC2,ZFP36,-5.4744129988546744e-05,5.4744129988546744e-05,132
RR1 OSD-168 FLT−GC,PC2,ZFP37,-4.727918666641115e-05,4.727918666641115e-05,304
RR1 OSD-168 FLT−GC,PC2,ZMIZ1,-5.0490841421289095e-05,5.0490841421289095e-05,211
RR1 OSD-168 FLT−GC,PC2,ZNF112,-4.370893519258503e-05,4.370893519258503e-05,474
RR1 OSD-168 FLT−GC,PC2,ZNF169,-4.674752429723626e-05,4.674752429723626e-05,328
RR1 OSD-168 FLT−GC,PC2,ZNF182,-5.086557905167311e-05,5.086557905167311e-05,198
RR1 OSD-168 FLT−GC,PC2,ZNF280D,-6.220251778417793e-05,6.220251778417793e-05,61
RR1 OSD-168 FLT−GC,PC2,ZNF326,-4.8733831877028765e-05,4.8733831877028765e-05,261
RR1 OSD-168 FLT−GC,PC2,ZNF329,-4.758346076678973e-05,4.758346076678973e-05,293
RR1 OSD-168 FLT−GC,PC2,ZNF384,-5.164351332583413e-05,5.164351332583413e-05,174
RR1 OSD-168 FLT−GC,PC2,ZNF398,-4.5252690878364534e-05,4.5252690878364534e-05,391
RR1 OSD-168 FLT−GC,PC2,ZNF407,-5.46445755022615e-05,5.46445755022615e-05,134
RR1 OSD-168 FLT−GC,PC2,ZNF511,-4.339458438044319e-05,4.339458438044319e-05,490
RR1 OSD-168 FLT−GC,PC2,ZNF512,-4.909746495197603e-05,4.909746495197603e-05,252
RR1 OSD-168 FLT−GC,PC2,ZNF644,-4.925330430039811e-05,4.925330430039811e-05,246
RR1 OSD-168 FLT−GC,PC2,ZNF692,-5.115413082358236e-05,5.115413082358236e-05,186
RR1 OSD-168 FLT−GC,PC2,ZNF746,-4.359653504094954e-05,4.359653504094954e-05,481
RR1 OSD-168 FLT−GC,PC2,ZNF839,-5.112033967354752e-05,5.112033967354752e-05,187
RR1 OSD-168 FLT−GC,PC2,ZNF865,-4.383323335206452e-05,4.383323335206452e-05,464
RR1 OSD-168 FLT−GC,PC2,ZUP1,-6.282478638036753e-05,6.282478638036753e-05,56
RR3-40 OSD-137 FLT−GC,PC1,AACS,-0.0001259323457688784,0.0001259323457688784,3
RR3-40 OSD-137 FLT−GC,PC1,ABCC3,3.71552771247406e-05,3.71552771247406e-05,205
RR3-40 OSD-137 FLT−GC,PC1,ABCG8,3.589459818971449e-05,3.589459818971449e-05,235
RR3-40 OSD-137 FLT−GC,PC1,ABHD15,-2.746665299681831e-05,2.746665299681831e-05,495
RR3-40 OSD-137 FLT−GC,PC1,ABHD2,3.258276772441416e-05,3.258276772441416e-05,314
RR3-40 OSD-137 FLT−GC,PC1,ACACA,-4.2929668756712925e-05,4.2929668756712925e-05,137
RR3-40 OSD-137 FLT−GC,PC1,ACACB,-6.37421538369903e-05,6.37421538369903e-05,49
RR3-40 OSD-137 FLT−GC,PC1,ACLY,-5.305419440240506e-05,5.305419440240506e-05,73
RR3-40 OSD-137 FLT−GC,PC1,ACSL3,-3.467895519169337e-05,3.467895519169337e-05,262
RR3-40 OSD-137 FLT−GC,PC1,ACSL4,-5.222074025161961e-05,5.222074025161961e-05,76
RR3-40 OSD-137 FLT−GC,PC1,ACSS2,-3.5037338651184186e-05,3.5037338651184186e-05,252
RR3-40 OSD-137 FLT−GC,PC1,ACTL6A,-3.293290290961577e-05,3.293290290961577e-05,299
RR3-40 OSD-137 FLT−GC,PC1,ACTR6,-2.7655187570580804e-05,2.7655187570580804e-05,481
RR3-40 OSD-137 FLT−GC,PC1,ADAP2,-2.7734505643766088e-05,2.7734505643766088e-05,472
RR3-40 OSD-137 FLT−GC,PC1,AGFG2,-2.787698346705632e-05,2.787698346705632e-05,463
RR3-40 OSD-137 FLT−GC,PC1,ALG12,-4.130164104871551e-05,4.130164104871551e-05,152
RR3-40 OSD-137 FLT−GC,PC1,ALS2,-4.403815920889417e-05,4.403815920889417e-05,126
RR3-40 OSD-137 FLT−GC,PC1,AMN1,-2.781714023300566e-05,2.781714023300566e-05,465
RR3-40 OSD-137 FLT−GC,PC1,ANGPTL4,8.240129301301339e-05,8.240129301301339e-05,19
RR3-40 OSD-137 FLT−GC,PC1,ANGPTL8,-4.85277948303061e-05,4.85277948303061e-05,97
RR3-40 OSD-137 FLT−GC,PC1,ANKRD16,-3.570025349941634e-05,3.570025349941634e-05,239
RR3-40 OSD-137 FLT−GC,PC1,ANKS4B,-4.0685058742473736e-05,4.0685058742473736e-05,164
RR3-40 OSD-137 FLT−GC,PC1,AOX1,2.9083915901509836e-05,2.9083915901509836e-05,413
RR3-40 OSD-137 FLT−GC,PC1,AP3M1,-5.1690570581558335e-05,5.1690570581558335e-05,79
RR3-40 OSD-137 FLT−GC,PC1,AP4S1,-2.8221767192302606e-05,2.8221767192302606e-05,449
RR3-40 OSD-137 FLT−GC,PC1,APIP,-3.6893048119367304e-05,3.6893048119367304e-05,212
RR3-40 OSD-137 FLT−GC,PC1,APOO,-3.5988525522542165e-05,3.5988525522542165e-05,232
RR3-40 OSD-137 FLT−GC,PC1,ARGLU1,-2.911508143387163e-05,2.911508143387163e-05,409
RR3-40 OSD-137 FLT−GC,PC1,ARL14EP,-2.8562470552487653e-05,2.8562470552487653e-05,433
RR3-40 OSD-137 FLT−GC,PC1,ARL4A,3.46128605704341e-05,3.46128605704341e-05,264
RR3-40 OSD-137 FLT−GC,PC1,AS3MT,-3.0823933912685744e-05,3.0823933912685744e-05,358
RR3-40 OSD-137 FLT−GC,PC1,ASAP2,3.3938727072289554e-05,3.3938727072289554e-05,278
RR3-40 OSD-137 FLT−GC,PC1,ASCC3,-3.041114503629252e-05,3.041114503629252e-05,371
RR3-40 OSD-137 FLT−GC,PC1,ATP11A,-5.094918170352179e-05,5.094918170352179e-05,83
RR3-40 OSD-137 FLT−GC,PC1,ATP1B1,-4.10742281115077e-05,4.10742281115077e-05,156
RR3-40 OSD-137 FLT−GC,PC1,AVPI1,-3.471837869824748e-05,3.471837869824748e-05,259
RR3-40 OSD-137 FLT−GC,PC1,AZIN1,-3.287168959749671e-05,3.287168959749671e-05,300
RR3-40 OSD-137 FLT−GC,PC1,B4GAT1,3.653640479911885e-05,3.653640479911885e-05,220
RR3-40 OSD-137 FLT−GC,PC1,BBC3,-4.057032052217308e-05,4.057032052217308e-05,165
RR3-40 OSD-137 FLT−GC,PC1,BCO2,-4.102337418879222e-05,4.102337418879222e-05,158
RR3-40 OSD-137 FLT−GC,PC1,BDH2,-3.7730031041830354e-05,3.7730031041830354e-05,197
RR3-40 OSD-137 FLT−GC,PC1,BLOC1S2,-3.4108172943875576e-05,3.4108172943875576e-05,273
RR3-40 OSD-137 FLT−GC,PC1,BTG2,5.104609240275105e-05,5.104609240275105e-05,82
RR3-40 OSD-137 FLT−GC,PC1,C1D,-3.266556348566639e-05,3.266556348566639e-05,310
RR3-40 OSD-137 FLT−GC,PC1,CACYBP,-3.115646254819109e-05,3.115646254819109e-05,347
RR3-40 OSD-137 FLT−GC,PC1,CALCOCO1,3.8428351602929835e-05,3.8428351602929835e-05,190
RR3-40 OSD-137 FLT−GC,PC1,CARMIL1,-5.818886424678225e-05,5.818886424678225e-05,56
RR3-40 OSD-137 FLT−GC,PC1,CCDC85C,-3.1339892415616935e-05,3.1339892415616935e-05,341
RR3-40 OSD-137 FLT−GC,PC1,CCNB1IP1,6.928017047190794e-05,6.928017047190794e-05,39
RR3-40 OSD-137 FLT−GC,PC1,CCND1,-4.302199146400195e-05,4.302199146400195e-05,136
RR3-40 OSD-137 FLT−GC,PC1,CCNL2,-3.538597321163576e-05,3.538597321163576e-05,245
RR3-40 OSD-137 FLT−GC,PC1,CDK2AP2,-4.669772845286319e-05,4.669772845286319e-05,110
RR3-40 OSD-137 FLT−GC,PC1,CDKN1A,4.606262206172944e-05,4.606262206172944e-05,114
RR3-40 OSD-137 FLT−GC,PC1,CEBPB,3.939048136810726e-05,3.939048136810726e-05,176
RR3-40 OSD-137 FLT−GC,PC1,CEP20,-3.945091502709003e-05,3.945091502709003e-05,173
RR3-40 OSD-137 FLT−GC,PC1,CHCHD7,-3.6176918592371975e-05,3.6176918592371975e-05,228
RR3-40 OSD-137 FLT−GC,PC1,CHORDC1,-4.44027445434806e-05,4.44027445434806e-05,122
RR3-40 OSD-137 FLT−GC,PC1,CHST13,-3.115811322984372e-05,3.115811322984372e-05,346
RR3-40 OSD-137 FLT−GC,PC1,CLCN2,-3.066697157202299e-05,3.066697157202299e-05,361
RR3-40 OSD-137 FLT−GC,PC1,CLK4,-3.109239853162401e-05,3.109239853162401e-05,350
RR3-40 OSD-137 FLT−GC,PC1,CMC1,-3.3285839502779546e-05,3.3285839502779546e-05,288
RR3-40 OSD-137 FLT−GC,PC1,CMIP,3.602285408401069e-05,3.602285408401069e-05,230
RR3-40 OSD-137 FLT−GC,PC1,CMPK2,-3.928566752762299e-05,3.928566752762299e-05,178
RR3-40 OSD-137 FLT−GC,PC1,CNIH1,-2.7565537634297655e-05,2.7565537634297655e-05,490
RR3-40 OSD-137 FLT−GC,PC1,COA3,-2.90696579880827e-05,2.90696579880827e-05,414
RR3-40 OSD-137 FLT−GC,PC1,COPS3,-2.7786195507776914e-05,2.7786195507776914e-05,468
RR3-40 OSD-137 FLT−GC,PC1,COQ5,-2.763232207119481e-05,2.763232207119481e-05,484
RR3-40 OSD-137 FLT−GC,PC1,COX11,-3.4349967662513194e-05,3.4349967662513194e-05,268
RR3-40 OSD-137 FLT−GC,PC1,COX16,-4.1769769833331684e-05,4.1769769833331684e-05,148
RR3-40 OSD-137 FLT−GC,PC1,COX7A1,-3.636584595080211e-05,3.636584595080211e-05,222
RR3-40 OSD-137 FLT−GC,PC1,CPSF6,-3.107737583073315e-05,3.107737583073315e-05,351
RR3-40 OSD-137 FLT−GC,PC1,CRELD2,-8.897796163805926e-05,8.897796163805926e-05,13
RR3-40 OSD-137 FLT−GC,PC1,CRYM,-3.775966821280301e-05,3.775966821280301e-05,196
RR3-40 OSD-137 FLT−GC,PC1,CSAD,5.632710950076671e-05,5.632710950076671e-05,62
RR3-40 OSD-137 FLT−GC,PC1,CSRP3,3.0207739407531677e-05,3.0207739407531677e-05,378
RR3-40 OSD-137 FLT−GC,PC1,CTSE,3.5684068723493245e-05,3.5684068723493245e-05,240
RR3-40 OSD-137 FLT−GC,PC1,CYB5RL,-2.9543468577582183e-05,2.9543468577582183e-05,392
RR3-40 OSD-137 FLT−GC,PC1,CYP2R1,-2.8958579664290637e-05,2.8958579664290637e-05,418
RR3-40 OSD-137 FLT−GC,PC1,CYP51A1,-4.3192076949146574e-05,4.3192076949146574e-05,133
RR3-40 OSD-137 FLT−GC,PC1,CYP7A1,-6.936217427844499e-05,6.936217427844499e-05,38
RR3-40 OSD-137 FLT−GC,PC1,CYTH1,-3.325787740207616e-05,3.325787740207616e-05,289
RR3-40 OSD-137 FLT−GC,PC1,DDX17,-3.171990019962039e-05,3.171990019962039e-05,331
RR3-40 OSD-137 FLT−GC,PC1,DENND4A,3.5209228473948664e-05,3.5209228473948664e-05,247
RR3-40 OSD-137 FLT−GC,PC1,DIO1,0.00011104484659808981,0.00011104484659808981,7
RR3-40 OSD-137 FLT−GC,PC1,DLAT,-4.213721739928084e-05,4.213721739928084e-05,141
RR3-40 OSD-137 FLT−GC,PC1,DNAJA1,-5.801343012267571e-05,5.801343012267571e-05,58
RR3-40 OSD-137 FLT−GC,PC1,DNAJB2,-3.4614474243455003e-05,3.4614474243455003e-05,263
RR3-40 OSD-137 FLT−GC,PC1,DNAJC15,-4.805571871315459e-05,4.805571871315459e-05,99
RR3-40 OSD-137 FLT−GC,PC1,DPT,-3.2435020874119365e-05,3.2435020874119365e-05,317
RR3-40 OSD-137 FLT−GC,PC1,DSC2,3.04572733714551e-05,3.04572733714551e-05,369
RR3-40 OSD-137 FLT−GC,PC1,DUSP1,3.0243158496868562e-05,3.0243158496868562e-05,376
RR3-40 OSD-137 FLT−GC,PC1,DUSP12,-3.094726609089782e-05,3.094726609089782e-05,354
RR3-40 OSD-137 FLT−GC,PC1,EARS2,-4.1936784307041126e-05,4.1936784307041126e-05,144
RR3-40 OSD-137 FLT−GC,PC1,EFEMP1,-3.543833259384954e-05,3.543833259384954e-05,244
RR3-40 OSD-137 FLT−GC,PC1,EGFR,2.9511661436363325e-05,2.9511661436363325e-05,393
RR3-40 OSD-137 FLT−GC,PC1,EGLN3,-2.8548339987116112e-05,2.8548339987116112e-05,437
RR3-40 OSD-137 FLT−GC,PC1,EGR1,6.462881812257024e-05,6.462881812257024e-05,47
RR3-40 OSD-137 FLT−GC,PC1,EID1,-3.295297852777599e-05,3.295297852777599e-05,298
RR3-40 OSD-137 FLT−GC,PC1,EIF2S1,-2.769116767108403e-05,2.769116767108403e-05,478
RR3-40 OSD-137 FLT−GC,PC1,ELOVL6,-8.204832211111995e-05,8.204832211111995e-05,21
RR3-40 OSD-137 FLT−GC,PC1,ENDOG,-2.737865104938194e-05,2.737865104938194e-05,497
RR3-40 OSD-137 FLT−GC,PC1,ENHO,7.292610368600413e-05,7.292610368600413e-05,31
RR3-40 OSD-137 FLT−GC,PC1,ENPP2,4.567327929554796e-05,4.567327929554796e-05,118
RR3-40 OSD-137 FLT−GC,PC1,EPS8L2,3.619837234069253e-05,3.619837234069253e-05,227
RR3-40 OSD-137 FLT−GC,PC1,ESRRA,-3.7131700455944583e-05,3.7131700455944583e-05,207
RR3-40 OSD-137 FLT−GC,PC1,ETFRF1,-3.124318826371587e-05,3.124318826371587e-05,344
RR3-40 OSD-137 FLT−GC,PC1,ETNK2,-2.874169170783864e-05,2.874169170783864e-05,425
RR3-40 OSD-137 FLT−GC,PC1,EXOSC2,-3.6870312055057356e-05,3.6870312055057356e-05,213
RR3-40 OSD-137 FLT−GC,PC1,EXOSC5,-3.1342201906506216e-05,3.1342201906506216e-05,340
RR3-40 OSD-137 FLT−GC,PC1,FABP5,-3.375999912327751e-05,3.375999912327751e-05,282
RR3-40 OSD-137 FLT−GC,PC1,FADS6,-5.186672903669975e-05,5.186672903669975e-05,78
RR3-40 OSD-137 FLT−GC,PC1,FAM13A,-6.47572423392426e-05,6.47572423392426e-05,46
RR3-40 OSD-137 FLT−GC,PC1,FAM210B,3.333705904515499e-05,3.333705904515499e-05,287
RR3-40 OSD-137 FLT−GC,PC1,FAM47E,-6.99630748179946e-05,6.99630748179946e-05,33
RR3-40 OSD-137 FLT−GC,PC1,FAM50A,-2.8243509532057e-05,2.8243509532057e-05,448
RR3-40 OSD-137 FLT−GC,PC1,FAM89A,2.8995526290442978e-05,2.8995526290442978e-05,417
RR3-40 OSD-137 FLT−GC,PC1,FASN,-8.551001592554316e-05,8.551001592554316e-05,17
RR3-40 OSD-137 FLT−GC,PC1,FBXO36,-2.825968942877644e-05,2.825968942877644e-05,446
RR3-40 OSD-137 FLT−GC,PC1,FDFT1,-5.526627513456006e-05,5.526627513456006e-05,67
RR3-40 OSD-137 FLT−GC,PC1,FDPS,-7.001218695845949e-05,7.001218695845949e-05,32
RR3-40 OSD-137 FLT−GC,PC1,FGF21,0.00011988941034483495,0.00011988941034483495,4
RR3-40 OSD-137 FLT−GC,PC1,FGFR1OP2,-2.9356680384646116e-05,2.9356680384646116e-05,397
RR3-40 OSD-137 FLT−GC,PC1,FGFR3,-3.098253973953732e-05,3.098253973953732e-05,353
RR3-40 OSD-137 FLT−GC,PC1,FKBP11,-5.8014455488834384e-05,5.8014455488834384e-05,57
RR3-40 OSD-137 FLT−GC,PC1,FKBP4,-4.389331849793295e-05,4.389331849793295e-05,128
RR3-40 OSD-137 FLT−GC,PC1,FKBP5,4.583444336581757e-05,4.583444336581757e-05,116
RR3-40 OSD-137 FLT−GC,PC1,FLAD1,-3.0593124961745165e-05,3.0593124961745165e-05,362
RR3-40 OSD-137 FLT−GC,PC1,FLNB,-2.7294215148147968e-05,2.7294215148147968e-05,500
RR3-40 OSD-137 FLT−GC,PC1,FNDC3A,-3.2589942978104255e-05,3.2589942978104255e-05,313
RR3-40 OSD-137 FLT−GC,PC1,FOXA3,7.393861105949988e-05,7.393861105949988e-05,27
RR3-40 OSD-137 FLT−GC,PC1,FRMD4B,-2.913291119003944e-05,2.913291119003944e-05,407
RR3-40 OSD-137 FLT−GC,PC1,FUOM,-3.20150477656135e-05,3.20150477656135e-05,325
RR3-40 OSD-137 FLT−GC,PC1,GADD45B,5.006185173732849e-05,5.006185173732849e-05,90
RR3-40 OSD-137 FLT−GC,PC1,GADD45G,6.682985740892083e-05,6.682985740892083e-05,42
RR3-40 OSD-137 FLT−GC,PC1,GALE,-0.00010217514353172076,0.00010217514353172076,9
RR3-40 OSD-137 FLT−GC,PC1,GART,-3.142614509088015e-05,3.142614509088015e-05,335
RR3-40 OSD-137 FLT−GC,PC1,GAS1,-3.9963027921508554e-05,3.9963027921508554e-05,169
RR3-40 OSD-137 FLT−GC,PC1,GAS2,-3.0457825890325455e-05,3.0457825890325455e-05,368
RR3-40 OSD-137 FLT−GC,PC1,GAS6,-4.3129545073584e-05,4.3129545073584e-05,134
RR3-40 OSD-137 FLT−GC,PC1,GBF1,-3.1188528518402735e-05,3.1188528518402735e-05,345
RR3-40 OSD-137 FLT−GC,PC1,GCAT,-2.754936513749213e-05,2.754936513749213e-05,491
RR3-40 OSD-137 FLT−GC,PC1,GCK,-7.297922831030602e-05,7.297922831030602e-05,30
RR3-40 OSD-137 FLT−GC,PC1,GDF15,6.250826479792578e-05,6.250826479792578e-05,51
RR3-40 OSD-137 FLT−GC,PC1,GGT6,-3.8593681148375796e-05,3.8593681148375796e-05,188
RR3-40 OSD-137 FLT−GC,PC1,GIMAP8,-2.7639002198798703e-05,2.7639002198798703e-05,483
RR3-40 OSD-137 FLT−GC,PC1,GIMD1,-3.3571831794936566e-05,3.3571831794936566e-05,283
RR3-40 OSD-137 FLT−GC,PC1,GMNN,-3.691049823208999e-05,3.691049823208999e-05,211
RR3-40 OSD-137 FLT−GC,PC1,GMPPA,-2.7748752865499885e-05,2.7748752865499885e-05,469
RR3-40 OSD-137 FLT−GC,PC1,GMPPB,-4.912233485350078e-05,4.912233485350078e-05,95
RR3-40 OSD-137 FLT−GC,PC1,GMPS,-2.9153515084560718e-05,2.9153515084560718e-05,405
RR3-40 OSD-137 FLT−GC,PC1,GNG10,-4.13849462064973e-05,4.13849462064973e-05,150
RR3-40 OSD-137 FLT−GC,PC1,GNG11,-2.7904431051336337e-05,2.7904431051336337e-05,460
RR3-40 OSD-137 FLT−GC,PC1,GNPDA1,-2.9204358105427853e-05,2.9204358105427853e-05,403
RR3-40 OSD-137 FLT−GC,PC1,GNPNAT1,-3.238161616012764e-05,3.238161616012764e-05,318
RR3-40 OSD-137 FLT−GC,PC1,GOSR2,-3.0491863553875448e-05,3.0491863553875448e-05,366
RR3-40 OSD-137 FLT−GC,PC1,GPAM,-5.6819887623030936e-05,5.6819887623030936e-05,61
RR3-40 OSD-137 FLT−GC,PC1,GPAT4,-3.114065907393043e-05,3.114065907393043e-05,349
RR3-40 OSD-137 FLT−GC,PC1,GPT2,-3.470737655622423e-05,3.470737655622423e-05,260
RR3-40 OSD-137 FLT−GC,PC1,GSAP,-3.299422033134285e-05,3.299422033134285e-05,296
RR3-40 OSD-137 FLT−GC,PC1,GSDMD,-4.356237446942614e-05,4.356237446942614e-05,131
RR3-40 OSD-137 FLT−GC,PC1,GSN,-4.761820671009265e-05,4.761820671009265e-05,105
RR3-40 OSD-137 FLT−GC,PC1,GUCA1A,-3.189692992255191e-05,3.189692992255191e-05,327
RR3-40 OSD-137 FLT−GC,PC1,GYPC,-3.2597382119845016e-05,3.2597382119845016e-05,312
RR3-40 OSD-137 FLT−GC,PC1,H2BC18,-3.603577400526985e-05,3.603577400526985e-05,229
RR3-40 OSD-137 FLT−GC,PC1,HAO2,-4.8307833892560076e-05,4.8307833892560076e-05,98
RR3-40 OSD-137 FLT−GC,PC1,HDHD3,-4.113960123154758e-05,4.113960123154758e-05,155
RR3-40 OSD-137 FLT−GC,PC1,HEATR1,-3.0234329823455764e-05,3.0234329823455764e-05,377
RR3-40 OSD-137 FLT−GC,PC1,HES6,-9.227569904675639e-05,9.227569904675639e-05,11
RR3-40 OSD-137 FLT−GC,PC1,HIGD1A,-3.675648843444891e-05,3.675648843444891e-05,216
RR3-40 OSD-137 FLT−GC,PC1,HMGCR,-6.72819222033801e-05,6.72819222033801e-05,41
RR3-40 OSD-137 FLT−GC,PC1,HNMT,-6.38943539373344e-05,6.38943539373344e-05,48
RR3-40 OSD-137 FLT−GC,PC1,HPS5,-2.740052732325565e-05,2.740052732325565e-05,496
RR3-40 OSD-137 FLT−GC,PC1,HSD17B7,-5.428581708914245e-05,5.428581708914245e-05,69
RR3-40 OSD-137 FLT−GC,PC1,HSP90AA1,-3.7145102637352e-05,3.7145102637352e-05,206
RR3-40 OSD-137 FLT−GC,PC1,HSPA13,-3.28175270065128e-05,3.28175270065128e-05,305
RR3-40 OSD-137 FLT−GC,PC1,HSPB8,-2.8956803375746704e-05,2.8956803375746704e-05,419
RR3-40 OSD-137 FLT−GC,PC1,HSPH1,-8.12404984459912e-05,8.12404984459912e-05,23
RR3-40 OSD-137 FLT−GC,PC1,HYOU1,-3.856899850758884e-05,3.856899850758884e-05,189
RR3-40 OSD-137 FLT−GC,PC1,ID3,-7.84784441510557e-05,7.84784441510557e-05,24
RR3-40 OSD-137 FLT−GC,PC1,IDI1,-6.954505524435108e-05,6.954505524435108e-05,36
RR3-40 OSD-137 FLT−GC,PC1,IER2,6.962808924717671e-05,6.962808924717671e-05,35
RR3-40 OSD-137 FLT−GC,PC1,IFI35,-3.3152980577144924e-05,3.3152980577144924e-05,293
RR3-40 OSD-137 FLT−GC,PC1,IFIH1,-2.7705834859236528e-05,2.7705834859236528e-05,476
RR3-40 OSD-137 FLT−GC,PC1,IFRD2,-2.7748470056801645e-05,2.7748470056801645e-05,470
RR3-40 OSD-137 FLT−GC,PC1,IGFBP1,8.813850679858312e-05,8.813850679858312e-05,14
RR3-40 OSD-137 FLT−GC,PC1,IGFBP5,-5.755125352057361e-05,5.755125352057361e-05,60
RR3-40 OSD-137 FLT−GC,PC1,IGFBP6,-5.5498403511181773e-05,5.5498403511181773e-05,65
RR3-40 OSD-137 FLT−GC,PC1,IL18,-3.2001423927955444e-05,3.2001423927955444e-05,326
RR3-40 OSD-137 FLT−GC,PC1,ILDR2,-2.9259123853415502e-05,2.9259123853415502e-05,400
RR3-40 OSD-137 FLT−GC,PC1,IMMP1L,-3.8169449956371736e-05,3.8169449956371736e-05,193
RR3-40 OSD-137 FLT−GC,PC1,INF2,-3.56007286929435e-05,3.56007286929435e-05,241
RR3-40 OSD-137 FLT−GC,PC1,INHBE,4.205479490124204e-05,4.205479490124204e-05,142
RR3-40 OSD-137 FLT−GC,PC1,INSC,-5.259234106617765e-05,5.259234106617765e-05,75
RR3-40 OSD-137 FLT−GC,PC1,INSIG1,-6.986691610170458e-05,6.986691610170458e-05,34
RR3-40 OSD-137 FLT−GC,PC1,IRF1,-5.003995062145812e-05,5.003995062145812e-05,92
RR3-40 OSD-137 FLT−GC,PC1,IRF7,-3.1423000507484456e-05,3.1423000507484456e-05,336
RR3-40 OSD-137 FLT−GC,PC1,IRF9,-5.0688048801442264e-05,5.0688048801442264e-05,85
RR3-40 OSD-137 FLT−GC,PC1,IRS2,5.16664661276754e-05,5.16664661276754e-05,80
RR3-40 OSD-137 FLT−GC,PC1,ISG15,-5.417781096133062e-05,5.417781096133062e-05,70
RR3-40 OSD-137 FLT−GC,PC1,IZUMO4,-4.351296428410155e-05,4.351296428410155e-05,132
RR3-40 OSD-137 FLT−GC,PC1,JUN,9.013988982344126e-05,9.013988982344126e-05,12
RR3-40 OSD-137 FLT−GC,PC1,JUNB,4.0744684901107164e-05,4.0744684901107164e-05,163
RR3-40 OSD-137 FLT−GC,PC1,KANK2,-4.4165897603938044e-05,4.4165897603938044e-05,124
RR3-40 OSD-137 FLT−GC,PC1,KCNK5,-4.401266170349455e-05,4.401266170349455e-05,127
RR3-40 OSD-137 FLT−GC,PC1,KIAA0319,-3.769658604801824e-05,3.769658604801824e-05,198
RR3-40 OSD-137 FLT−GC,PC1,KIF13B,-3.114877720102284e-05,3.114877720102284e-05,348
RR3-40 OSD-137 FLT−GC,PC1,KLF10,4.598244351145023e-05,4.598244351145023e-05,115
RR3-40 OSD-137 FLT−GC,PC1,KLF15,-4.1780775547478624e-05,4.1780775547478624e-05,147
RR3-40 OSD-137 FLT−GC,PC1,KPNB1,-2.9371315749829325e-05,2.9371315749829325e-05,396
RR3-40 OSD-137 FLT−GC,PC1,KRIT1,-2.7299669870440443e-05,2.7299669870440443e-05,498
RR3-40 OSD-137 FLT−GC,PC1,L2HGDH,-3.2485871103674055e-05,3.2485871103674055e-05,315
RR3-40 OSD-137 FLT−GC,PC1,LARS2,-0.000249460971163955,0.000249460971163955,1
RR3-40 OSD-137 FLT−GC,PC1,LCN2,7.380974123661284e-05,7.380974123661284e-05,28
RR3-40 OSD-137 FLT−GC,PC1,LDLR,-5.315325388320189e-05,5.315325388320189e-05,72
RR3-40 OSD-137 FLT−GC,PC1,LEPR,4.4326511975339736e-05,4.4326511975339736e-05,123
RR3-40 OSD-137 FLT−GC,PC1,LHPP,-2.7839913793967573e-05,2.7839913793967573e-05,464
RR3-40 OSD-137 FLT−GC,PC1,LIPG,-4.0129615560055214e-05,4.0129615560055214e-05,168
RR3-40 OSD-137 FLT−GC,PC1,LRATD2,-3.133186960670948e-05,3.133186960670948e-05,342
RR3-40 OSD-137 FLT−GC,PC1,LRRC59,-4.120748377903643e-05,4.120748377903643e-05,154
RR3-40 OSD-137 FLT−GC,PC1,LSM5,-2.8025297636384103e-05,2.8025297636384103e-05,454
RR3-40 OSD-137 FLT−GC,PC1,LSS,-5.502565654573417e-05,5.502565654573417e-05,68
RR3-40 OSD-137 FLT−GC,PC1,LYPLAL1,-3.938972644789278e-05,3.938972644789278e-05,177
RR3-40 OSD-137 FLT−GC,PC1,LYRM2,-2.9447535488187613e-05,2.9447535488187613e-05,394
RR3-40 OSD-137 FLT−GC,PC1,LYST,-3.410276589084887e-05,3.410276589084887e-05,274
RR3-40 OSD-137 FLT−GC,PC1,LZTS3,-3.0921265567892456e-05,3.0921265567892456e-05,355
RR3-40 OSD-137 FLT−GC,PC1,MAGT1,-2.9956960962951363e-05,2.9956960962951363e-05,383
RR3-40 OSD-137 FLT−GC,PC1,MAL2,-2.903555687426901e-05,2.903555687426901e-05,415
RR3-40 OSD-137 FLT−GC,PC1,MALSU1,-3.2787238248007826e-05,3.2787238248007826e-05,308
RR3-40 OSD-137 FLT−GC,PC1,MANF,-6.951657294615533e-05,6.951657294615533e-05,37
RR3-40 OSD-137 FLT−GC,PC1,MCM10,-3.646815140819793e-05,3.646815140819793e-05,221
RR3-40 OSD-137 FLT−GC,PC1,MCRIP2,-2.8276073171327946e-05,2.8276073171327946e-05,443
RR3-40 OSD-137 FLT−GC,PC1,MCTP2,-2.8873801936589308e-05,2.8873801936589308e-05,421
RR3-40 OSD-137 FLT−GC,PC1,MED19,-3.0322994563139282e-05,3.0322994563139282e-05,374
RR3-40 OSD-137 FLT−GC,PC1,MED22,-2.9563377397485426e-05,2.9563377397485426e-05,390
RR3-40 OSD-137 FLT−GC,PC1,MED30,-2.757891540727688e-05,2.757891540727688e-05,488
RR3-40 OSD-137 FLT−GC,PC1,MED6,-2.995706829175054e-05,2.995706829175054e-05,382
RR3-40 OSD-137 FLT−GC,PC1,MEIOB,-3.920127573440269e-05,3.920127573440269e-05,180
RR3-40 OSD-137 FLT−GC,PC1,MEMO1,-2.8728808161066256e-05,2.8728808161066256e-05,426
RR3-40 OSD-137 FLT−GC,PC1,METTL1,-3.141571726984716e-05,3.141571726984716e-05,337
RR3-40 OSD-137 FLT−GC,PC1,METTL23,-3.5308470986336765e-05,3.5308470986336765e-05,246
RR3-40 OSD-137 FLT−GC,PC1,MGLL,-3.550307779885276e-05,3.550307779885276e-05,242
RR3-40 OSD-137 FLT−GC,PC1,MGST3,-3.0899142757829216e-05,3.0899142757829216e-05,356
RR3-40 OSD-137 FLT−GC,PC1,MID1IP1,-8.710278866215512e-05,8.710278866215512e-05,16
RR3-40 OSD-137 FLT−GC,PC1,MIGA2,-3.8363074151873584e-05,3.8363074151873584e-05,191
RR3-40 OSD-137 FLT−GC,PC1,MITD1,-3.44374404668896e-05,3.44374404668896e-05,266
RR3-40 OSD-137 FLT−GC,PC1,MLEC,-2.7915275795225317e-05,2.7915275795225317e-05,459
RR3-40 OSD-137 FLT−GC,PC1,MLX,-5.0075699030408316e-05,5.0075699030408316e-05,87
RR3-40 OSD-137 FLT−GC,PC1,MMAB,-3.8866550189131115e-05,3.8866550189131115e-05,183
RR3-40 OSD-137 FLT−GC,PC1,MMACHC,-2.933138841858486e-05,2.933138841858486e-05,399
RR3-40 OSD-137 FLT−GC,PC1,MMD2,-3.925018420546987e-05,3.925018420546987e-05,179
RR3-40 OSD-137 FLT−GC,PC1,MORF4L2,-2.8824892302558086e-05,2.8824892302558086e-05,422
RR3-40 OSD-137 FLT−GC,PC1,MPND,-2.7815221768418442e-05,2.7815221768418442e-05,466
RR3-40 OSD-137 FLT−GC,PC1,MPV17L,-3.0090581956281825e-05,3.0090581956281825e-05,379
RR3-40 OSD-137 FLT−GC,PC1,MRPL15,-2.981443790820528e-05,2.981443790820528e-05,389
RR3-40 OSD-137 FLT−GC,PC1,MRPL53,-3.1792419806784736e-05,3.1792419806784736e-05,330
RR3-40 OSD-137 FLT−GC,PC1,MRPS10,-2.804313640867438e-05,2.804313640867438e-05,453
RR3-40 OSD-137 FLT−GC,PC1,MRPS33,-3.355632437299178e-05,3.355632437299178e-05,284
RR3-40 OSD-137 FLT−GC,PC1,MRPS6,-3.134717031981075e-05,3.134717031981075e-05,339
RR3-40 OSD-137 FLT−GC,PC1,MRTO4,-2.788426451304044e-05,2.788426451304044e-05,462
RR3-40 OSD-137 FLT−GC,PC1,MSLN,-4.276670378666206e-05,4.276670378666206e-05,139
RR3-40 OSD-137 FLT−GC,PC1,MSMO1,-8.727959387594125e-05,8.727959387594125e-05,15
RR3-40 OSD-137 FLT−GC,PC1,MT-CO3,-2.7516597971441476e-05,2.7516597971441476e-05,492
RR3-40 OSD-137 FLT−GC,PC1,MT1X,0.00011831703413495566,0.00011831703413495566,6
RR3-40 OSD-137 FLT−GC,PC1,MTERF2,-4.302567286951728e-05,4.302567286951728e-05,135
RR3-40 OSD-137 FLT−GC,PC1,MTHFR,3.420364098429813e-05,3.420364098429813e-05,271
RR3-40 OSD-137 FLT−GC,PC1,MTLN,-2.8702733931724955e-05,2.8702733931724955e-05,427
RR3-40 OSD-137 FLT−GC,PC1,MTSS1,-3.322644145216918e-05,3.322644145216918e-05,290
RR3-40 OSD-137 FLT−GC,PC1,MVD,-0.00011865159537918173,0.00011865159537918173,5
RR3-40 OSD-137 FLT−GC,PC1,MVK,-3.942719094116205e-05,3.942719094116205e-05,175
RR3-40 OSD-137 FLT−GC,PC1,NAE1,-3.056656056025418e-05,3.056656056025418e-05,363
RR3-40 OSD-137 FLT−GC,PC1,NARF,-3.1382268119645516e-05,3.1382268119645516e-05,338
RR3-40 OSD-137 FLT−GC,PC1,NBAS,-6.896431350177005e-05,6.896431350177005e-05,40
RR3-40 OSD-137 FLT−GC,PC1,NCEH1,5.758690198253978e-05,5.758690198253978e-05,59
RR3-40 OSD-137 FLT−GC,PC1,NDRG1,3.483204469911914e-05,3.483204469911914e-05,258
RR3-40 OSD-137 FLT−GC,PC1,NDUFAB1,-3.246056403204325e-05,3.246056403204325e-05,316
RR3-40 OSD-137 FLT−GC,PC1,NDUFAF4,-3.389254142541224e-05,3.389254142541224e-05,279
RR3-40 OSD-137 FLT−GC,PC1,NDUFAF5,-3.6224031242328824e-05,3.6224031242328824e-05,225
RR3-40 OSD-137 FLT−GC,PC1,NDUFB4,-2.7898497262888096e-05,2.7898497262888096e-05,461
RR3-40 OSD-137 FLT−GC,PC1,NIBAN2,5.850909291473173e-05,5.850909291473173e-05,55
RR3-40 OSD-137 FLT−GC,PC1,NLRP12,5.343255773671428e-05,5.343255773671428e-05,71
RR3-40 OSD-137 FLT−GC,PC1,NME6,-4.12518538908856e-05,4.12518538908856e-05,153
RR3-40 OSD-137 FLT−GC,PC1,NME7,4.016610322432354e-05,4.016610322432354e-05,167
RR3-40 OSD-137 FLT−GC,PC1,NMI,-2.9988852998943907e-05,2.9988852998943907e-05,381
RR3-40 OSD-137 FLT−GC,PC1,NNMT,-5.005765069504025e-05,5.005765069504025e-05,91
RR3-40 OSD-137 FLT−GC,PC1,NOTCH1,3.496943359534237e-05,3.496943359534237e-05,255
RR3-40 OSD-137 FLT−GC,PC1,NR1D1,-7.667780015518362e-05,7.667780015518362e-05,25
RR3-40 OSD-137 FLT−GC,PC1,NR1D2,-4.93923635317074e-05,4.93923635317074e-05,93
RR3-40 OSD-137 FLT−GC,PC1,NR1I3,3.727553247342355e-05,3.727553247342355e-05,203
RR3-40 OSD-137 FLT−GC,PC1,NR4A1,3.876173451086247e-05,3.876173451086247e-05,185
RR3-40 OSD-137 FLT−GC,PC1,NT5DC1,-2.854900095436279e-05,2.854900095436279e-05,436
RR3-40 OSD-137 FLT−GC,PC1,NUDT16L1,-2.7699015875785048e-05,2.7699015875785048e-05,477
RR3-40 OSD-137 FLT−GC,PC1,NUDT22,-3.661016355240163e-05,3.661016355240163e-05,218
RR3-40 OSD-137 FLT−GC,PC1,NUDT7,-8.37069781890166e-05,8.37069781890166e-05,18
RR3-40 OSD-137 FLT−GC,PC1,OCIAD2,-3.320751762640884e-05,3.320751762640884e-05,292
RR3-40 OSD-137 FLT−GC,PC1,ODAPH,-4.2716276026523696e-05,4.2716276026523696e-05,140
RR3-40 OSD-137 FLT−GC,PC1,OGT,-4.6871946413715056e-05,4.6871946413715056e-05,109
RR3-40 OSD-137 FLT−GC,PC1,ORMDL1,-2.9206077864778045e-05,2.9206077864778045e-05,402
RR3-40 OSD-137 FLT−GC,PC1,OSBP,-2.797967619026342e-05,2.797967619026342e-05,456
RR3-40 OSD-137 FLT−GC,PC1,OSBPL8,-3.144596011792725e-05,3.144596011792725e-05,334
RR3-40 OSD-137 FLT−GC,PC1,OSGIN1,4.086135771314099e-05,4.086135771314099e-05,161
RR3-40 OSD-137 FLT−GC,PC1,OVCA2,-2.94192953065684e-05,2.94192953065684e-05,395
RR3-40 OSD-137 FLT−GC,PC1,PAOX,-6.551732749517893e-05,6.551732749517893e-05,44
RR3-40 OSD-137 FLT−GC,PC1,PARP12,-3.485355795964878e-05,3.485355795964878e-05,257
RR3-40 OSD-137 FLT−GC,PC1,PARP14,-2.9207292138811507e-05,2.9207292138811507e-05,401
RR3-40 OSD-137 FLT−GC,PC1,PARP9,-3.450011702680274e-05,3.450011702680274e-05,265
RR3-40 OSD-137 FLT−GC,PC1,PAXX,-7.322356616829038e-05,7.322356616829038e-05,29
RR3-40 OSD-137 FLT−GC,PC1,PCNA,-2.7585296384703233e-05,2.7585296384703233e-05,487
RR3-40 OSD-137 FLT−GC,PC1,PCP4L1,3.891520540078459e-05,3.891520540078459e-05,182
RR3-40 OSD-137 FLT−GC,PC1,PCSK9,-0.00010060695167041251,0.00010060695167041251,10
RR3-40 OSD-137 FLT−GC,PC1,PDCD10,-3.202362330323443e-05,3.202362330323443e-05,324
RR3-40 OSD-137 FLT−GC,PC1,PDE4B,-5.034429317162214e-05,5.034429317162214e-05,86
RR3-40 OSD-137 FLT−GC,PC1,PDE9A,-3.9778103224310255e-05,3.9778103224310255e-05,172
RR3-40 OSD-137 FLT−GC,PC1,PDK4,7.494743878707261e-05,7.494743878707261e-05,26
RR3-40 OSD-137 FLT−GC,PC1,PET100,-4.1575015131375164e-05,4.1575015131375164e-05,149
RR3-40 OSD-137 FLT−GC,PC1,PEX26,-3.658785339722061e-05,3.658785339722061e-05,219
RR3-40 OSD-137 FLT−GC,PC1,PFDN4,-3.422883941388619e-05,3.422883941388619e-05,270
RR3-40 OSD-137 FLT−GC,PC1,PFKFB1,-4.775195683144909e-05,4.775195683144909e-05,103
RR3-40 OSD-137 FLT−GC,PC1,PGAP2,-3.222502315870796e-05,3.222502315870796e-05,319
RR3-40 OSD-137 FLT−GC,PC1,PHF5A,-2.9895168338376907e-05,2.9895168338376907e-05,386
RR3-40 OSD-137 FLT−GC,PC1,PLEKHB1,-3.045421336496324e-05,3.045421336496324e-05,370
RR3-40 OSD-137 FLT−GC,PC1,PLLP,4.791985526495031e-05,4.791985526495031e-05,101
RR3-40 OSD-137 FLT−GC,PC1,PLVAP,3.766067443941369e-05,3.766067443941369e-05,200
RR3-40 OSD-137 FLT−GC,PC1,PMVK,-2.908996078222296e-05,2.908996078222296e-05,412
RR3-40 OSD-137 FLT−GC,PC1,PNPLA3,-2.9863824152939167e-05,2.9863824152939167e-05,387
RR3-40 OSD-137 FLT−GC,PC1,PNPT1,-3.077933087456605e-05,3.077933087456605e-05,360
RR3-40 OSD-137 FLT−GC,PC1,POLD2,-3.741401419222415e-05,3.741401419222415e-05,201
RR3-40 OSD-137 FLT−GC,PC1,POLR2F,-3.296516989937648e-05,3.296516989937648e-05,297
RR3-40 OSD-137 FLT−GC,PC1,POLR2H,-3.51633147780515e-05,3.51633147780515e-05,249
RR3-40 OSD-137 FLT−GC,PC1,POLR2I,-2.8778903161099922e-05,2.8778903161099922e-05,424
RR3-40 OSD-137 FLT−GC,PC1,PPAT,-3.633826302413749e-05,3.633826302413749e-05,223
RR3-40 OSD-137 FLT−GC,PC1,PPID,-3.5966457957186286e-05,3.5966457957186286e-05,234
RR3-40 OSD-137 FLT−GC,PC1,PPIF,-3.43731566674806e-05,3.43731566674806e-05,267
RR3-40 OSD-137 FLT−GC,PC1,PPIL1,-3.68292418633375e-05,3.68292418633375e-05,214
RR3-40 OSD-137 FLT−GC,PC1,PPM1K,3.9905798369231035e-05,3.9905798369231035e-05,171
RR3-40 OSD-137 FLT−GC,PC1,PPP1R3B,-3.600231369526268e-05,3.600231369526268e-05,231
RR3-40 OSD-137 FLT−GC,PC1,PRXL2A,-2.8924782465854428e-05,2.8924782465854428e-05,420
RR3-40 OSD-137 FLT−GC,PC1,PRXL2B,-2.771844869092729e-05,2.771844869092729e-05,473
RR3-40 OSD-137 FLT−GC,PC1,PSMB10,-3.704008487835399e-05,3.704008487835399e-05,208
RR3-40 OSD-137 FLT−GC,PC1,PSMB8,-2.769043322407971e-05,2.769043322407971e-05,479
RR3-40 OSD-137 FLT−GC,PC1,PSMB9,-3.285113506440802e-05,3.285113506440802e-05,304
RR3-40 OSD-137 FLT−GC,PC1,PSMG4,-3.769437385721693e-05,3.769437385721693e-05,199
RR3-40 OSD-137 FLT−GC,PC1,PSTK,-2.7808196574401534e-05,2.7808196574401534e-05,467
RR3-40 OSD-137 FLT−GC,PC1,PSTPIP2,-3.5019320372586395e-05,3.5019320372586395e-05,253
RR3-40 OSD-137 FLT−GC,PC1,PTS,-3.300961608998071e-05,3.300961608998071e-05,295
RR3-40 OSD-137 FLT−GC,PC1,PUS10,-3.056085563240972e-05,3.056085563240972e-05,364
RR3-40 OSD-137 FLT−GC,PC1,RAB30,5.007175324239582e-05,5.007175324239582e-05,89
RR3-40 OSD-137 FLT−GC,PC1,RANBP1,-2.8701641940148545e-05,2.8701641940148545e-05,428
RR3-40 OSD-137 FLT−GC,PC1,RAPGEF4,3.8837600160442164e-05,3.8837600160442164e-05,184
RR3-40 OSD-137 FLT−GC,PC1,RAPH1,-3.408199948401043e-05,3.408199948401043e-05,275
RR3-40 OSD-137 FLT−GC,PC1,RARRES1,3.280391758307142e-05,3.280391758307142e-05,306
RR3-40 OSD-137 FLT−GC,PC1,RASSF6,-4.4455598121622774e-05,4.4455598121622774e-05,121
RR3-40 OSD-137 FLT−GC,PC1,RBIS,-3.831087129042092e-05,3.831087129042092e-05,192
RR3-40 OSD-137 FLT−GC,PC1,RBKS,-3.1018025817992574e-05,3.1018025817992574e-05,352
RR3-40 OSD-137 FLT−GC,PC1,RBMX,-2.9545936149087824e-05,2.9545936149087824e-05,391
RR3-40 OSD-137 FLT−GC,PC1,RGS16,6.187175035215791e-05,6.187175035215791e-05,53
RR3-40 OSD-137 FLT−GC,PC1,RHOB,4.13340969064525e-05,4.13340969064525e-05,151
RR3-40 OSD-137 FLT−GC,PC1,RMDN1,-3.7829629954900445e-05,3.7829629954900445e-05,195
RR3-40 OSD-137 FLT−GC,PC1,RMDN2,-3.41269658404903e-05,3.41269658404903e-05,272
RR3-40 OSD-137 FLT−GC,PC1,RMND1,-3.336398361576725e-05,3.336398361576725e-05,285
RR3-40 OSD-137 FLT−GC,PC1,ROPN1L,-3.6939385302858067e-05,3.6939385302858067e-05,210
RR3-40 OSD-137 FLT−GC,PC1,RPAIN,-3.716888089160899e-05,3.716888089160899e-05,204
RR3-40 OSD-137 FLT−GC,PC1,RPAP3,-2.827833190444084e-05,2.827833190444084e-05,442
RR3-40 OSD-137 FLT−GC,PC1,RPL22L1,-3.2677658874528374e-05,3.2677658874528374e-05,309
RR3-40 OSD-137 FLT−GC,PC1,RPL26,-3.001481042569821e-05,3.001481042569821e-05,380
RR3-40 OSD-137 FLT−GC,PC1,RPL5,-2.7491185851236078e-05,2.7491185851236078e-05,494
RR3-40 OSD-137 FLT−GC,PC1,RPS15A,-3.321801105007641e-05,3.321801105007641e-05,291
RR3-40 OSD-137 FLT−GC,PC1,RSAD2,-4.387888845283929e-05,4.387888845283929e-05,129
RR3-40 OSD-137 FLT−GC,PC1,RSRP1,-3.286603762020272e-05,3.286603762020272e-05,301
RR3-40 OSD-137 FLT−GC,PC1,RTCA,-2.771003017839853e-05,2.771003017839853e-05,474
RR3-40 OSD-137 FLT−GC,PC1,SCFD1,-3.673444910478969e-05,3.673444910478969e-05,217
RR3-40 OSD-137 FLT−GC,PC1,SCGB3A1,-2.762405373035796e-05,2.762405373035796e-05,485
RR3-40 OSD-137 FLT−GC,PC1,SCOC,-3.046914459904425e-05,3.046914459904425e-05,367
RR3-40 OSD-137 FLT−GC,PC1,SDHAF4,-3.279776038816783e-05,3.279776038816783e-05,307
RR3-40 OSD-137 FLT−GC,PC1,SEC22B,-3.1690893427882176e-05,3.1690893427882176e-05,332
RR3-40 OSD-137 FLT−GC,PC1,SEC23B,-4.549671200464843e-05,4.549671200464843e-05,119
RR3-40 OSD-137 FLT−GC,PC1,SEC24D,-4.2047344386957204e-05,4.2047344386957204e-05,143
RR3-40 OSD-137 FLT−GC,PC1,SEC61G,-2.990679194189295e-05,2.990679194189295e-05,385
RR3-40 OSD-137 FLT−GC,PC1,SEL1L3,-3.942782095361493e-05,3.942782095361493e-05,174
RR3-40 OSD-137 FLT−GC,PC1,SELENOS,-2.8607205887482467e-05,2.8607205887482467e-05,431
RR3-40 OSD-137 FLT−GC,PC1,SEPTIN9,-3.517805418679994e-05,3.517805418679994e-05,248
RR3-40 OSD-137 FLT−GC,PC1,SERHL2,-3.388376074621755e-05,3.388376074621755e-05,280
RR3-40 OSD-137 FLT−GC,PC1,SETD4,-3.871135916385082e-05,3.871135916385082e-05,186
RR3-40 OSD-137 FLT−GC,PC1,SF3B6,-2.9176583998085842e-05,2.9176583998085842e-05,404
RR3-40 OSD-137 FLT−GC,PC1,SFI1,-3.7007372451664345e-05,3.7007372451664345e-05,209
RR3-40 OSD-137 FLT−GC,PC1,SGK1,-2.855918874559258e-05,2.855918874559258e-05,434
RR3-40 OSD-137 FLT−GC,PC1,SGK2,-6.620724560118732e-05,6.620724560118732e-05,43
RR3-40 OSD-137 FLT−GC,PC1,SH3GLB2,-2.7574783338588514e-05,2.7574783338588514e-05,489
RR3-40 OSD-137 FLT−GC,PC1,SIVA1,-3.3941997505916665e-05,3.3941997505916665e-05,277
RR3-40 OSD-137 FLT−GC,PC1,SKIL,3.2110007697655856e-05,3.2110007697655856e-05,323
RR3-40 OSD-137 FLT−GC,PC1,SLC10A2,-3.9922498875722005e-05,3.9922498875722005e-05,170
RR3-40 OSD-137 FLT−GC,PC1,SLC13A3,4.9146895532476185e-05,4.9146895532476185e-05,94
RR3-40 OSD-137 FLT−GC,PC1,SLC15A4,-4.7856527541799975e-05,4.7856527541799975e-05,102
RR3-40 OSD-137 FLT−GC,PC1,SLC16A10,-4.4122258232898236e-05,4.4122258232898236e-05,125
RR3-40 OSD-137 FLT−GC,PC1,SLC22A7,5.5593484028356114e-05,5.5593484028356114e-05,64
RR3-40 OSD-137 FLT−GC,PC1,SLC23A2,3.596884376924409e-05,3.596884376924409e-05,233
RR3-40 OSD-137 FLT−GC,PC1,SLC25A22,2.7706343558073953e-05,2.7706343558073953e-05,475
RR3-40 OSD-137 FLT−GC,PC1,SLC25A30,8.222395992875789e-05,8.222395992875789e-05,20
RR3-40 OSD-137 FLT−GC,PC1,SLC25A33,6.352862175421134e-05,6.352862175421134e-05,50
RR3-40 OSD-137 FLT−GC,PC1,SLC25A38,-3.211232766164997e-05,3.211232766164997e-05,322
RR3-40 OSD-137 FLT−GC,PC1,SLC25A42,4.7938363316580265e-05,4.7938363316580265e-05,100
RR3-40 OSD-137 FLT−GC,PC1,SLC25A44,-4.0962354067720555e-05,4.0962354067720555e-05,160
RR3-40 OSD-137 FLT−GC,PC1,SLC35E1,-2.8268965681417136e-05,2.8268965681417136e-05,444
RR3-40 OSD-137 FLT−GC,PC1,SLC41A2,-4.64732781576542e-05,4.64732781576542e-05,112
RR3-40 OSD-137 FLT−GC,PC1,SLC4A4,2.808926173646298e-05,2.808926173646298e-05,452
RR3-40 OSD-137 FLT−GC,PC1,SLC8B1,4.2853953187200656e-05,4.2853953187200656e-05,138
RR3-40 OSD-137 FLT−GC,PC1,SMIM14,-3.3815470511393384e-05,3.3815470511393384e-05,281
RR3-40 OSD-137 FLT−GC,PC1,SMIM20,-2.7297688602195806e-05,2.7297688602195806e-05,499
RR3-40 OSD-137 FLT−GC,PC1,SNAP23,-3.149700568010772e-05,3.149700568010772e-05,333
RR3-40 OSD-137 FLT−GC,PC1,SNAPC3,-2.8249346523564556e-05,2.8249346523564556e-05,447
RR3-40 OSD-137 FLT−GC,PC1,SNRPD1,-3.786671238865497e-05,3.786671238865497e-05,194
RR3-40 OSD-137 FLT−GC,PC1,SNRPE,-2.9005785809298658e-05,2.9005785809298658e-05,416
RR3-40 OSD-137 FLT−GC,PC1,SNTB1,-3.218263433443601e-05,3.218263433443601e-05,321
RR3-40 OSD-137 FLT−GC,PC1,SNX7,-3.1284765278603204e-05,3.1284765278603204e-05,343
RR3-40 OSD-137 FLT−GC,PC1,SOCS2,0.00010556684569606568,0.00010556684569606568,8
RR3-40 OSD-137 FLT−GC,PC1,SPC24,-4.607307077016658e-05,4.607307077016658e-05,113
RR3-40 OSD-137 FLT−GC,PC1,SPON2,6.502509087611529e-05,6.502509087611529e-05,45
RR3-40 OSD-137 FLT−GC,PC1,SPOUT1,-2.9107443060740647e-05,2.9107443060740647e-05,410
RR3-40 OSD-137 FLT−GC,PC1,SPP1,-3.429917964704939e-05,3.429917964704939e-05,269
RR3-40 OSD-137 FLT−GC,PC1,SPRYD7,-2.856655747310578e-05,2.856655747310578e-05,432
RR3-40 OSD-137 FLT−GC,PC1,SPTSSA,-3.4934063091612394e-05,3.4934063091612394e-05,256
RR3-40 OSD-137 FLT−GC,PC1,SQLE,-6.208855357539643e-05,6.208855357539643e-05,52
RR3-40 OSD-137 FLT−GC,PC1,SREBF1,-5.00718639858367e-05,5.00718639858367e-05,88
RR3-40 OSD-137 FLT−GC,PC1,SRM,-4.6674524680336654e-05,4.6674524680336654e-05,111
RR3-40 OSD-137 FLT−GC,PC1,SRP19,-2.7745785627333628e-05,2.7745785627333628e-05,471
RR3-40 OSD-137 FLT−GC,PC1,SRPRB,-3.286392959281532e-05,3.286392959281532e-05,303
RR3-40 OSD-137 FLT−GC,PC1,SRSF2,-3.189340341974223e-05,3.189340341974223e-05,328
RR3-40 OSD-137 FLT−GC,PC1,SRSF3,-3.735433747759878e-05,3.735433747759878e-05,202
RR3-40 OSD-137 FLT−GC,PC1,SS18L2,-3.621508249947937e-05,3.621508249947937e-05,226
RR3-40 OSD-137 FLT−GC,PC1,STARD3NL,-3.58139465124368e-05,3.58139465124368e-05,236
RR3-40 OSD-137 FLT−GC,PC1,STARD4,-5.1259973026975695e-05,5.1259973026975695e-05,81
RR3-40 OSD-137 FLT−GC,PC1,STAT1,-5.2879497572780646e-05,5.2879497572780646e-05,74
RR3-40 OSD-137 FLT−GC,PC1,STIP1,-5.5383582753302985e-05,5.5383582753302985e-05,66
RR3-40 OSD-137 FLT−GC,PC1,SUCNR1,-4.189495659202963e-05,4.189495659202963e-05,146
RR3-40 OSD-137 FLT−GC,PC1,SUN2,2.854998408725442e-05,2.854998408725442e-05,435
RR3-40 OSD-137 FLT−GC,PC1,SYVN1,-3.8639713836999846e-05,3.8639713836999846e-05,187
RR3-40 OSD-137 FLT−GC,PC1,TACO1,-2.9144201392545548e-05,2.9144201392545548e-05,406
RR3-40 OSD-137 FLT−GC,PC1,TAOK3,3.395409358133555e-05,3.395409358133555e-05,276
RR3-40 OSD-137 FLT−GC,PC1,TAS2R38,-3.573275264626431e-05,3.573275264626431e-05,237
RR3-40 OSD-137 FLT−GC,PC1,TASP1,-2.7972652297081925e-05,2.7972652297081925e-05,458
RR3-40 OSD-137 FLT−GC,PC1,TATDN1,-2.7497159579331792e-05,2.7497159579331792e-05,493
RR3-40 OSD-137 FLT−GC,PC1,TBCE,-3.679709449232311e-05,3.679709449232311e-05,215
RR3-40 OSD-137 FLT−GC,PC1,TBX3,5.218885492816717e-05,5.218885492816717e-05,77
RR3-40 OSD-137 FLT−GC,PC1,TCAIM,-2.8017444588774713e-05,2.8017444588774713e-05,455
RR3-40 OSD-137 FLT−GC,PC1,TCIM,3.33378846793152e-05,3.33378846793152e-05,286
RR3-40 OSD-137 FLT−GC,PC1,TCP11L2,3.26394116325773e-05,3.26394116325773e-05,311
RR3-40 OSD-137 FLT−GC,PC1,TDP2,-2.8400133117462565e-05,2.8400133117462565e-05,440
RR3-40 OSD-137 FLT−GC,PC1,TEF,-4.451190892003445e-05,4.451190892003445e-05,120
RR3-40 OSD-137 FLT−GC,PC1,TFPI2,-3.0497307161021173e-05,3.0497307161021173e-05,365
RR3-40 OSD-137 FLT−GC,PC1,TFRC,-4.3748218303023494e-05,4.3748218303023494e-05,130
RR3-40 OSD-137 FLT−GC,PC1,TGM2,-2.850232064459307e-05,2.850232064459307e-05,438
RR3-40 OSD-137 FLT−GC,PC1,THEM4,-2.8651984314285723e-05,2.8651984314285723e-05,430
RR3-40 OSD-137 FLT−GC,PC1,THNSL2,-3.286423254385442e-05,3.286423254385442e-05,302
RR3-40 OSD-137 FLT−GC,PC1,THRSP,-8.13937858540433e-05,8.13937858540433e-05,22
RR3-40 OSD-137 FLT−GC,PC1,TJP3,-3.5114351898777055e-05,3.5114351898777055e-05,250
RR3-40 OSD-137 FLT−GC,PC1,TM2D1,-3.08898284710399e-05,3.08898284710399e-05,357
RR3-40 OSD-137 FLT−GC,PC1,TMED3,-3.908813968615051e-05,3.908813968615051e-05,181
RR3-40 OSD-137 FLT−GC,PC1,TMEM41B,-3.509951379025442e-05,3.509951379025442e-05,251
RR3-40 OSD-137 FLT−GC,PC1,TMEM70,-2.816743771052255e-05,2.816743771052255e-05,451
RR3-40 OSD-137 FLT−GC,PC1,TNFAIP8L1,4.1029842201569934e-05,4.1029842201569934e-05,157
RR3-40 OSD-137 FLT−GC,PC1,TNS2,-2.7608585862080604e-05,2.7608585862080604e-05,486
RR3-40 OSD-137 FLT−GC,PC1,TOMM20,-2.8472820163192574e-05,2.8472820163192574e-05,439
RR3-40 OSD-137 FLT−GC,PC1,TP53INP2,3.47016502453159e-05,3.47016502453159e-05,261
RR3-40 OSD-137 FLT−GC,PC1,TPD52L1,-3.219082328841183e-05,3.219082328841183e-05,320
RR3-40 OSD-137 FLT−GC,PC1,TRA2A,-2.765348075192781e-05,2.765348075192781e-05,482
RR3-40 OSD-137 FLT−GC,PC1,TRABD,-3.0372929647977353e-05,3.0372929647977353e-05,373
RR3-40 OSD-137 FLT−GC,PC1,TRAPPC13,-2.9857687500915934e-05,2.9857687500915934e-05,388
RR3-40 OSD-137 FLT−GC,PC1,TRMT11,-3.081882460849235e-05,3.081882460849235e-05,359
RR3-40 OSD-137 FLT−GC,PC1,TRMT2B,-2.8263471503785858e-05,2.8263471503785858e-05,445
RR3-40 OSD-137 FLT−GC,PC1,TRPT1,-3.625191174821884e-05,3.625191174821884e-05,224
RR3-40 OSD-137 FLT−GC,PC1,TSC22D1,5.5637121221980204e-05,5.5637121221980204e-05,63
RR3-40 OSD-137 FLT−GC,PC1,TSC22D3,-4.7409828500123046e-05,4.7409828500123046e-05,107
RR3-40 OSD-137 FLT−GC,PC1,TSTD1,-4.758009931345318e-05,4.758009931345318e-05,106
RR3-40 OSD-137 FLT−GC,PC1,TTC32,-3.309455948505074e-05,3.309455948505074e-05,294
RR3-40 OSD-137 FLT−GC,PC1,TUBA1C,-4.856161682885962e-05,4.856161682885962e-05,96
RR3-40 OSD-137 FLT−GC,PC1,TXNIP,3.1812949642387106e-05,3.1812949642387106e-05,329
RR3-40 OSD-137 FLT−GC,PC1,UAP1,-4.702317204530503e-05,4.702317204530503e-05,108
RR3-40 OSD-137 FLT−GC,PC1,UBA5,-3.545581349379412e-05,3.545581349379412e-05,243
RR3-40 OSD-137 FLT−GC,PC1,UBA7,-3.037513453830228e-05,3.037513453830228e-05,372
RR3-40 OSD-137 FLT−GC,PC1,UBE2G2,-2.865925704558304e-05,2.865925704558304e-05,429
RR3-40 OSD-137 FLT−GC,PC1,UBE2V2,-3.571666365880009e-05,3.571666365880009e-05,238
RR3-40 OSD-137 FLT−GC,PC1,UBE4A,-2.8792119773773014e-05,2.8792119773773014e-05,423
RR3-40 OSD-137 FLT−GC,PC1,UBXN4,-2.9099407769792918e-05,2.9099407769792918e-05,411
RR3-40 OSD-137 FLT−GC,PC1,UFL1,-3.028432636995426e-05,3.028432636995426e-05,375
RR3-40 OSD-137 FLT−GC,PC1,ULK1,4.097529513586813e-05,4.097529513586813e-05,159
RR3-40 OSD-137 FLT−GC,PC1,UPK3B,-4.192563233401307e-05,4.192563233401307e-05,145
RR3-40 OSD-137 FLT−GC,PC1,UPP2,-4.774489754878967e-05,4.774489754878967e-05,104
RR3-40 OSD-137 FLT−GC,PC1,UROS,-4.076186159652444e-05,4.076186159652444e-05,162
RR3-40 OSD-137 FLT−GC,PC1,USO1,-3.5004717166830166e-05,3.5004717166830166e-05,254
RR3-40 OSD-137 FLT−GC,PC1,USP18,-6.070591854702552e-05,6.070591854702552e-05,54
RR3-40 OSD-137 FLT−GC,PC1,UTP18,-2.797573215019621e-05,2.797573215019621e-05,457
RR3-40 OSD-137 FLT−GC,PC1,VLDLR,-5.086920059131992e-05,5.086920059131992e-05,84
RR3-40 OSD-137 FLT−GC,PC1,VMO1,-4.036611594953288e-05,4.036611594953288e-05,166
RR3-40 OSD-137 FLT−GC,PC1,VNN1,0.00014406313732004302,0.00014406313732004302,2
RR3-40 OSD-137 FLT−GC,PC1,XKR9,-2.9340876828282613e-05,2.9340876828282613e-05,398
RR3-40 OSD-137 FLT−GC,PC1,YIPF5,-2.8214335662991442e-05,2.8214335662991442e-05,450
RR3-40 OSD-137 FLT−GC,PC1,YPEL3,4.575141528684943e-05,4.575141528684943e-05,117
RR3-40 OSD-137 FLT−GC,PC1,ZC3H7A,-2.76650947934204e-05,2.76650947934204e-05,480
RR3-40 OSD-137 FLT−GC,PC1,ZFPM1,-2.9120477484985137e-05,2.9120477484985137e-05,408
RR3-40 OSD-137 FLT−GC,PC1,ZFYVE21,-2.9919990711915757e-05,2.9919990711915757e-05,384
RR3-40 OSD-137 FLT−GC,PC1,ZNF467,-2.8286193333861524e-05,2.8286193333861524e-05,441
RR3-40 OSD-137 FLT−GC,PC2,AACS,-2.8868855605839395e-05,2.8868855605839395e-05,96
RR3-40 OSD-137 FLT−GC,PC2,AARD,-2.215863765021892e-05,2.215863765021892e-05,285
RR3-40 OSD-137 FLT−GC,PC2,ACACB,-2.0534843063258084e-05,2.0534843063258084e-05,368
RR3-40 OSD-137 FLT−GC,PC2,ACAT1,-1.9040760647555715e-05,1.9040760647555715e-05,487
RR3-40 OSD-137 FLT−GC,PC2,ACBD7,-5.076419093904464e-05,5.076419093904464e-05,7
RR3-40 OSD-137 FLT−GC,PC2,ACRBP,-1.931214262040096e-05,1.931214262040096e-05,459
RR3-40 OSD-137 FLT−GC,PC2,ACSL4,-2.083282387140203e-05,2.083282387140203e-05,345
RR3-40 OSD-137 FLT−GC,PC2,ADAMTS15,-1.9456716314965817e-05,1.9456716314965817e-05,446
RR3-40 OSD-137 FLT−GC,PC2,ADAMTS6,-2.182122182460261e-05,2.182122182460261e-05,300
RR3-40 OSD-137 FLT−GC,PC2,ADCY1,-2.0160900781818622e-05,2.0160900781818622e-05,391
RR3-40 OSD-137 FLT−GC,PC2,ADM,-1.9328908517268705e-05,1.9328908517268705e-05,457
RR3-40 OSD-137 FLT−GC,PC2,ADRA2A,-2.147735629858815e-05,2.147735629858815e-05,311
RR3-40 OSD-137 FLT−GC,PC2,ALKAL2,-2.127998212091449e-05,2.127998212091449e-05,322
RR3-40 OSD-137 FLT−GC,PC2,AMN,-2.1135226286091224e-05,2.1135226286091224e-05,331
RR3-40 OSD-137 FLT−GC,PC2,AMN1,-3.0207258637040886e-05,3.0207258637040886e-05,79
RR3-40 OSD-137 FLT−GC,PC2,ANGPTL4,2.8423914569062598e-05,2.8423914569062598e-05,100
RR3-40 OSD-137 FLT−GC,PC2,ANKLE1,-1.971424553573919e-05,1.971424553573919e-05,427
RR3-40 OSD-137 FLT−GC,PC2,ANKRD16,-1.9818462414618585e-05,1.9818462414618585e-05,419
RR3-40 OSD-137 FLT−GC,PC2,ANKRD2,2.7148591076755695e-05,2.7148591076755695e-05,122
RR3-40 OSD-137 FLT−GC,PC2,ANKRD40CL,-2.2296316711566635e-05,2.2296316711566635e-05,274
RR3-40 OSD-137 FLT−GC,PC2,ANKUB1,-2.285523835179746e-05,2.285523835179746e-05,252
RR3-40 OSD-137 FLT−GC,PC2,ANO1,-1.888791130916745e-05,1.888791130916745e-05,497
RR3-40 OSD-137 FLT−GC,PC2,AP3M1,-1.976308114860507e-05,1.976308114860507e-05,424
RR3-40 OSD-137 FLT−GC,PC2,APIP,-1.961475202917204e-05,1.961475202917204e-05,436
RR3-40 OSD-137 FLT−GC,PC2,APOO,-2.3984212552474556e-05,2.3984212552474556e-05,217
RR3-40 OSD-137 FLT−GC,PC2,ARHGAP22,-1.9474191734168158e-05,1.9474191734168158e-05,445
RR3-40 OSD-137 FLT−GC,PC2,ARHGAP36,1.9618804364364396e-05,1.9618804364364396e-05,435
RR3-40 OSD-137 FLT−GC,PC2,ARHGAP8,2.3475562920582243e-05,2.3475562920582243e-05,231
RR3-40 OSD-137 FLT−GC,PC2,ARL3,-1.984010671418668e-05,1.984010671418668e-05,416
RR3-40 OSD-137 FLT−GC,PC2,ARL5C,-2.108941690634106e-05,2.108941690634106e-05,333
RR3-40 OSD-137 FLT−GC,PC2,ART5,-2.023362344552599e-05,2.023362344552599e-05,385
RR3-40 OSD-137 FLT−GC,PC2,ATP11A,-2.0245328847671936e-05,2.0245328847671936e-05,383
RR3-40 OSD-137 FLT−GC,PC2,ATP6V1G2,-2.2210925289782507e-05,2.2210925289782507e-05,278
RR3-40 OSD-137 FLT−GC,PC2,AUNIP,-2.5813883905001375e-05,2.5813883905001375e-05,159
RR3-40 OSD-137 FLT−GC,PC2,AVPI1,-1.8926178646193058e-05,1.8926178646193058e-05,493
RR3-40 OSD-137 FLT−GC,PC2,B3GNT7,2.0286427379945156e-05,2.0286427379945156e-05,381
RR3-40 OSD-137 FLT−GC,PC2,B4GALT7,-1.9509406081449417e-05,1.9509406081449417e-05,443
RR3-40 OSD-137 FLT−GC,PC2,B4GAT1,2.398524226035943e-05,2.398524226035943e-05,216
RR3-40 OSD-137 FLT−GC,PC2,BATF3,2.4455157528814102e-05,2.4455157528814102e-05,194
RR3-40 OSD-137 FLT−GC,PC2,BBIP1,-2.1493059572317296e-05,2.1493059572317296e-05,310
RR3-40 OSD-137 FLT−GC,PC2,BFSP1,-2.9149183761481653e-05,2.9149183761481653e-05,93
RR3-40 OSD-137 FLT−GC,PC2,BFSP2,-2.5439686156613476e-05,2.5439686156613476e-05,167
RR3-40 OSD-137 FLT−GC,PC2,BLOC1S2,-2.0617640245874816e-05,2.0617640245874816e-05,361
RR3-40 OSD-137 FLT−GC,PC2,BRICD5,-2.5630614782819122e-05,2.5630614782819122e-05,162
RR3-40 OSD-137 FLT−GC,PC2,BTG2,2.8180638240838894e-05,2.8180638240838894e-05,104
RR3-40 OSD-137 FLT−GC,PC2,C1D,-2.0648057811295267e-05,2.0648057811295267e-05,359
RR3-40 OSD-137 FLT−GC,PC2,CA11,-2.0024741732164458e-05,2.0024741732164458e-05,405
RR3-40 OSD-137 FLT−GC,PC2,CA7,2.548870665399447e-05,2.548870665399447e-05,164
RR3-40 OSD-137 FLT−GC,PC2,CABP4,-2.136198557010283e-05,2.136198557010283e-05,318
RR3-40 OSD-137 FLT−GC,PC2,CACNG7,-2.3386175321319904e-05,2.3386175321319904e-05,234
RR3-40 OSD-137 FLT−GC,PC2,CACYBP,-2.2371236077965407e-05,2.2371236077965407e-05,269
RR3-40 OSD-137 FLT−GC,PC2,CAMP,-2.0521329368010942e-05,2.0521329368010942e-05,371
RR3-40 OSD-137 FLT−GC,PC2,CAND2,2.3815869523324834e-05,2.3815869523324834e-05,221
RR3-40 OSD-137 FLT−GC,PC2,CAPSL,-2.049344652216426e-05,2.049344652216426e-05,372
RR3-40 OSD-137 FLT−GC,PC2,CATSPER3,-4.350587511949941e-05,4.350587511949941e-05,19
RR3-40 OSD-137 FLT−GC,PC2,CCDC120,-1.984812685096666e-05,1.984812685096666e-05,414
RR3-40 OSD-137 FLT−GC,PC2,CCDC78,-2.1018472408190143e-05,2.1018472408190143e-05,335
RR3-40 OSD-137 FLT−GC,PC2,CCDC89,-2.4274247747113282e-05,2.4274247747113282e-05,201
RR3-40 OSD-137 FLT−GC,PC2,CCL19,4.183089748942117e-05,4.183089748942117e-05,23
RR3-40 OSD-137 FLT−GC,PC2,CCL28,-2.9862497275069602e-05,2.9862497275069602e-05,84
RR3-40 OSD-137 FLT−GC,PC2,CCN1,1.9963800917999445e-05,1.9963800917999445e-05,409
RR3-40 OSD-137 FLT−GC,PC2,CCNB1IP1,-2.2047075385073114e-05,2.2047075385073114e-05,289
RR3-40 OSD-137 FLT−GC,PC2,CCND1,-2.302256541259851e-05,2.302256541259851e-05,241
RR3-40 OSD-137 FLT−GC,PC2,CCNJL,-2.4871145914345723e-05,2.4871145914345723e-05,182
RR3-40 OSD-137 FLT−GC,PC2,CD160,-2.396058567478483e-05,2.396058567478483e-05,218
RR3-40 OSD-137 FLT−GC,PC2,CD207,-2.3316236567097334e-05,2.3316236567097334e-05,235
RR3-40 OSD-137 FLT−GC,PC2,CDCA3,-2.1261139261538562e-05,2.1261139261538562e-05,324
RR3-40 OSD-137 FLT−GC,PC2,CDK2AP2,-2.0105523386834972e-05,2.0105523386834972e-05,395
RR3-40 OSD-137 FLT−GC,PC2,CERS1,-2.355070895979952e-05,2.355070895979952e-05,228
RR3-40 OSD-137 FLT−GC,PC2,CES4A,2.289854989212824e-05,2.289854989212824e-05,250
RR3-40 OSD-137 FLT−GC,PC2,CETN3,-1.895656356179681e-05,1.895656356179681e-05,492
RR3-40 OSD-137 FLT−GC,PC2,CFAP299,-2.8771750768834528e-05,2.8771750768834528e-05,98
RR3-40 OSD-137 FLT−GC,PC2,CGA,-5.963033504707722e-05,5.963033504707722e-05,4
RR3-40 OSD-137 FLT−GC,PC2,CHORDC1,-2.937823899202342e-05,2.937823899202342e-05,91
RR3-40 OSD-137 FLT−GC,PC2,CIDEA,-2.4600007388333938e-05,2.4600007388333938e-05,188
RR3-40 OSD-137 FLT−GC,PC2,CITED4,2.9868834752321305e-05,2.9868834752321305e-05,83
RR3-40 OSD-137 FLT−GC,PC2,CLEC3B,-3.357843841812942e-05,3.357843841812942e-05,61
RR3-40 OSD-137 FLT−GC,PC2,CLK4,-2.2260038123958767e-05,2.2260038123958767e-05,277
RR3-40 OSD-137 FLT−GC,PC2,CLSTN2,-1.937849782424415e-05,1.937849782424415e-05,455
RR3-40 OSD-137 FLT−GC,PC2,CMC1,-2.2326313588774888e-05,2.2326313588774888e-05,271
RR3-40 OSD-137 FLT−GC,PC2,CMIP,2.6012034261824695e-05,2.6012034261824695e-05,156
RR3-40 OSD-137 FLT−GC,PC2,COCH,-1.9696082280096974e-05,1.9696082280096974e-05,429
RR3-40 OSD-137 FLT−GC,PC2,COL17A1,-2.6099863352733867e-05,2.6099863352733867e-05,154
RR3-40 OSD-137 FLT−GC,PC2,COL9A2,-2.286105835506547e-05,2.286105835506547e-05,251
RR3-40 OSD-137 FLT−GC,PC2,COMMD6,-1.906588725894018e-05,1.906588725894018e-05,483
RR3-40 OSD-137 FLT−GC,PC2,CORIN,-3.594775601095184e-05,3.594775601095184e-05,48
RR3-40 OSD-137 FLT−GC,PC2,COX11,-2.1216252773517688e-05,2.1216252773517688e-05,326
RR3-40 OSD-137 FLT−GC,PC2,COX14,-1.9057649349206483e-05,1.9057649349206483e-05,485
RR3-40 OSD-137 FLT−GC,PC2,COX16,-2.692916918556085e-05,2.692916918556085e-05,126
RR3-40 OSD-137 FLT−GC,PC2,COX4I2,2.9445458135758097e-05,2.9445458135758097e-05,89
RR3-40 OSD-137 FLT−GC,PC2,CPLANE2,-2.4364234529445244e-05,2.4364234529445244e-05,196
RR3-40 OSD-137 FLT−GC,PC2,CPNE5,-1.9003193602614213e-05,1.9003193602614213e-05,490
RR3-40 OSD-137 FLT−GC,PC2,CRELD2,-3.759097461966105e-05,3.759097461966105e-05,40
RR3-40 OSD-137 FLT−GC,PC2,CRYBA4,2.8101769864061316e-05,2.8101769864061316e-05,105
RR3-40 OSD-137 FLT−GC,PC2,CRYGN,-3.237761578268542e-05,3.237761578268542e-05,67
RR3-40 OSD-137 FLT−GC,PC2,CRYM,-2.2082561571529424e-05,2.2082561571529424e-05,287
RR3-40 OSD-137 FLT−GC,PC2,CSAD,2.2594140725116958e-05,2.2594140725116958e-05,260
RR3-40 OSD-137 FLT−GC,PC2,CTRL,2.3133939193514566e-05,2.3133939193514566e-05,238
RR3-40 OSD-137 FLT−GC,PC2,CTSE,1.9449662089566416e-05,1.9449662089566416e-05,447
RR3-40 OSD-137 FLT−GC,PC2,CTSK,4.700400884169051e-05,4.700400884169051e-05,13
RR3-40 OSD-137 FLT−GC,PC2,CTXN1,-2.8327050179854553e-05,2.8327050179854553e-05,102
RR3-40 OSD-137 FLT−GC,PC2,CXCL14,-2.7773957092362103e-05,2.7773957092362103e-05,111
RR3-40 OSD-137 FLT−GC,PC2,CYB5R2,-2.295530912983557e-05,2.295530912983557e-05,246
RR3-40 OSD-137 FLT−GC,PC2,CYP2C18,4.398812457329475e-05,4.398812457329475e-05,17
RR3-40 OSD-137 FLT−GC,PC2,CYP4F22,-4.308638985040554e-05,4.308638985040554e-05,20
RR3-40 OSD-137 FLT−GC,PC2,CYP51A1,-2.6730416732550896e-05,2.6730416732550896e-05,134
RR3-40 OSD-137 FLT−GC,PC2,CYP7A1,-2.473504575907552e-05,2.473504575907552e-05,185
RR3-40 OSD-137 FLT−GC,PC2,DCHS2,-1.9361703871361475e-05,1.9361703871361475e-05,456
RR3-40 OSD-137 FLT−GC,PC2,DEPDC1B,-2.2138300551141267e-05,2.2138300551141267e-05,286
RR3-40 OSD-137 FLT−GC,PC2,DERL3,-2.687015316012584e-05,2.687015316012584e-05,129
RR3-40 OSD-137 FLT−GC,PC2,DEUP1,-3.091188362903154e-05,3.091188362903154e-05,75
RR3-40 OSD-137 FLT−GC,PC2,DHH,-3.564411343154296e-05,3.564411343154296e-05,52
RR3-40 OSD-137 FLT−GC,PC2,DIO1,3.9825915352741696e-05,3.9825915352741696e-05,32
RR3-40 OSD-137 FLT−GC,PC2,DLAT,-2.1378081049271418e-05,2.1378081049271418e-05,316
RR3-40 OSD-137 FLT−GC,PC2,DNAAF3,-2.705221973694834e-05,2.705221973694834e-05,125
RR3-40 OSD-137 FLT−GC,PC2,DNAI1,-6.13785705479258e-05,6.13785705479258e-05,3
RR3-40 OSD-137 FLT−GC,PC2,DNAJA1,-2.9881714683018397e-05,2.9881714683018397e-05,82
RR3-40 OSD-137 FLT−GC,PC2,DNASE1,-2.183758303705619e-05,2.183758303705619e-05,299
RR3-40 OSD-137 FLT−GC,PC2,DPF1,-2.7432332748604296e-05,2.7432332748604296e-05,116
RR3-40 OSD-137 FLT−GC,PC2,DUSP9,-2.1500236275420067e-05,2.1500236275420067e-05,309
RR3-40 OSD-137 FLT−GC,PC2,DYNLT4,-2.446332625000434e-05,2.446332625000434e-05,192
RR3-40 OSD-137 FLT−GC,PC2,DYRK3,-2.7412176075494128e-05,2.7412176075494128e-05,117
RR3-40 OSD-137 FLT−GC,PC2,E2F2,3.480814474160767e-05,3.480814474160767e-05,57
RR3-40 OSD-137 FLT−GC,PC2,E2F8,-2.6497959649671808e-05,2.6497959649671808e-05,142
RR3-40 OSD-137 FLT−GC,PC2,EARS2,-2.0400933487373698e-05,2.0400933487373698e-05,375
RR3-40 OSD-137 FLT−GC,PC2,EBF4,2.7857807827630555e-05,2.7857807827630555e-05,109
RR3-40 OSD-137 FLT−GC,PC2,ECRG4,1.9408712427772972e-05,1.9408712427772972e-05,452
RR3-40 OSD-137 FLT−GC,PC2,EDA,-2.5489404076445477e-05,2.5489404076445477e-05,163
RR3-40 OSD-137 FLT−GC,PC2,EFCAB12,-2.1018201393068798e-05,2.1018201393068798e-05,336
RR3-40 OSD-137 FLT−GC,PC2,EFCAB9,-2.0914397898651402e-05,2.0914397898651402e-05,341
RR3-40 OSD-137 FLT−GC,PC2,EFHC1,-2.2193839590379837e-05,2.2193839590379837e-05,280
RR3-40 OSD-137 FLT−GC,PC2,EGR1,3.5967662839759855e-05,3.5967662839759855e-05,47
RR3-40 OSD-137 FLT−GC,PC2,ELOVL6,-3.112031177079757e-05,3.112031177079757e-05,73
RR3-40 OSD-137 FLT−GC,PC2,EMC9,-1.9976336074221088e-05,1.9976336074221088e-05,408
RR3-40 OSD-137 FLT−GC,PC2,ENHO,2.4092924218898474e-05,2.4092924218898474e-05,207
RR3-40 OSD-137 FLT−GC,PC2,EPHX3,-2.2466159413651324e-05,2.2466159413651324e-05,266
RR3-40 OSD-137 FLT−GC,PC2,ESRRA,-2.1914537351949138e-05,2.1914537351949138e-05,294
RR3-40 OSD-137 FLT−GC,PC2,EVA1C,-2.0625676152961867e-05,2.0625676152961867e-05,360
RR3-40 OSD-137 FLT−GC,PC2,EXOSC2,-2.2518441087694636e-05,2.2518441087694636e-05,263
RR3-40 OSD-137 FLT−GC,PC2,FADS6,-2.022499224592671e-05,2.022499224592671e-05,386
RR3-40 OSD-137 FLT−GC,PC2,FAM110D,-1.9593607643505666e-05,1.9593607643505666e-05,438
RR3-40 OSD-137 FLT−GC,PC2,FAM133B,-2.2496233330242344e-05,2.2496233330242344e-05,264
RR3-40 OSD-137 FLT−GC,PC2,FAM181B,1.9574553895868363e-05,1.9574553895868363e-05,439
RR3-40 OSD-137 FLT−GC,PC2,FAM186B,-1.901815985695843e-05,1.901815985695843e-05,488
RR3-40 OSD-137 FLT−GC,PC2,FAM47E,-2.656701944512467e-05,2.656701944512467e-05,139
RR3-40 OSD-137 FLT−GC,PC2,FANCC,-2.059732760081083e-05,2.059732760081083e-05,363
RR3-40 OSD-137 FLT−GC,PC2,FAXC,-2.0489582558451785e-05,2.0489582558451785e-05,373
RR3-40 OSD-137 FLT−GC,PC2,FDFT1,-1.9272862767756636e-05,1.9272862767756636e-05,467
RR3-40 OSD-137 FLT−GC,PC2,FGD4,-2.0957275998584267e-05,2.0957275998584267e-05,340
RR3-40 OSD-137 FLT−GC,PC2,FGF21,4.0066465786204175e-05,4.0066465786204175e-05,31
RR3-40 OSD-137 FLT−GC,PC2,FGF7,-2.1364808875064077e-05,2.1364808875064077e-05,317
RR3-40 OSD-137 FLT−GC,PC2,FGFR1OP2,-1.9305903893316267e-05,1.9305903893316267e-05,461
RR3-40 OSD-137 FLT−GC,PC2,FKBP10,-1.9601456723742357e-05,1.9601456723742357e-05,437
RR3-40 OSD-137 FLT−GC,PC2,FKBP11,-2.456045517658114e-05,2.456045517658114e-05,189
RR3-40 OSD-137 FLT−GC,PC2,FOXD2,-2.7342538283510183e-05,2.7342538283510183e-05,119
RR3-40 OSD-137 FLT−GC,PC2,FUBP1,-2.1837629370422793e-05,2.1837629370422793e-05,298
RR3-40 OSD-137 FLT−GC,PC2,FXYD2,-4.117234184328719e-05,4.117234184328719e-05,25
RR3-40 OSD-137 FLT−GC,PC2,GADD45B,2.5460832335455607e-05,2.5460832335455607e-05,166
RR3-40 OSD-137 FLT−GC,PC2,GALE,-1.8875658233620226e-05,1.8875658233620226e-05,498
RR3-40 OSD-137 FLT−GC,PC2,GALNT9,-1.9711349984489853e-05,1.9711349984489853e-05,428
RR3-40 OSD-137 FLT−GC,PC2,GAPDHS,-2.9908390304569106e-05,2.9908390304569106e-05,81
RR3-40 OSD-137 FLT−GC,PC2,GCK,-2.370951319306545e-05,2.370951319306545e-05,224
RR3-40 OSD-137 FLT−GC,PC2,GDF15,2.5910142532363202e-05,2.5910142532363202e-05,158
RR3-40 OSD-137 FLT−GC,PC2,GIPC2,-2.359943198922848e-05,2.359943198922848e-05,226
RR3-40 OSD-137 FLT−GC,PC2,GJA10,-3.6517969113427314e-05,3.6517969113427314e-05,46
RR3-40 OSD-137 FLT−GC,PC2,GJA5,-2.9432633668241396e-05,2.9432633668241396e-05,90
RR3-40 OSD-137 FLT−GC,PC2,GLOD5,-2.6059164164023733e-05,2.6059164164023733e-05,155
RR3-40 OSD-137 FLT−GC,PC2,GMPPB,-2.231259407308887e-05,2.231259407308887e-05,273
RR3-40 OSD-137 FLT−GC,PC2,GMPR,-2.2023711538241453e-05,2.2023711538241453e-05,290
RR3-40 OSD-137 FLT−GC,PC2,GNA15,1.9844010188250544e-05,1.9844010188250544e-05,415
RR3-40 OSD-137 FLT−GC,PC2,GNG10,-2.715972701070279e-05,2.715972701070279e-05,121
RR3-40 OSD-137 FLT−GC,PC2,GNG8,-2.2161480334437772e-05,2.2161480334437772e-05,284
RR3-40 OSD-137 FLT−GC,PC2,GPAM,-2.7619571535967063e-05,2.7619571535967063e-05,114
RR3-40 OSD-137 FLT−GC,PC2,GPR12,-2.532207382500004e-05,2.532207382500004e-05,171
RR3-40 OSD-137 FLT−GC,PC2,GTF2A2,-1.8849950110307932e-05,1.8849950110307932e-05,500
RR3-40 OSD-137 FLT−GC,PC2,HAO2,-1.912072383925013e-05,1.912072383925013e-05,479
RR3-40 OSD-137 FLT−GC,PC2,HAPLN1,-4.0924990596828926e-05,4.0924990596828926e-05,27
RR3-40 OSD-137 FLT−GC,PC2,HES6,-4.260630079516719e-05,4.260630079516719e-05,22
RR3-40 OSD-137 FLT−GC,PC2,HIGD1A,-3.1029781935017926e-05,3.1029781935017926e-05,74
RR3-40 OSD-137 FLT−GC,PC2,HMGCR,-2.6843681283361754e-05,2.6843681283361754e-05,131
RR3-40 OSD-137 FLT−GC,PC2,HNMT,-2.723339677477257e-05,2.723339677477257e-05,120
RR3-40 OSD-137 FLT−GC,PC2,HORMAD2,-0.0001137158929707096,0.0001137158929707096,1
RR3-40 OSD-137 FLT−GC,PC2,HSD17B1,2.249193722645607e-05,2.249193722645607e-05,265
RR3-40 OSD-137 FLT−GC,PC2,HSD17B7,-2.9035688987004245e-05,2.9035688987004245e-05,94
RR3-40 OSD-137 FLT−GC,PC2,HSP90AA1,-1.9862337530439302e-05,1.9862337530439302e-05,412
RR3-40 OSD-137 FLT−GC,PC2,HSPB2,-2.5059909010082672e-05,2.5059909010082672e-05,177
RR3-40 OSD-137 FLT−GC,PC2,HSPH1,-4.0680842047719126e-05,4.0680842047719126e-05,29
RR3-40 OSD-137 FLT−GC,PC2,HYAL3,-3.074346029382862e-05,3.074346029382862e-05,76
RR3-40 OSD-137 FLT−GC,PC2,IDI1,-3.1599272850121606e-05,3.1599272850121606e-05,68
RR3-40 OSD-137 FLT−GC,PC2,IER2,3.779063699407189e-05,3.779063699407189e-05,39
RR3-40 OSD-137 FLT−GC,PC2,IFI44,-2.0071298909671874e-05,2.0071298909671874e-05,400
RR3-40 OSD-137 FLT−GC,PC2,IFT20,-1.9668291697988208e-05,1.9668291697988208e-05,433
RR3-40 OSD-137 FLT−GC,PC2,IGFBP6,-4.7154594975751416e-05,4.7154594975751416e-05,11
RR3-40 OSD-137 FLT−GC,PC2,IL12A,-2.3991973756446835e-05,2.3991973756446835e-05,215
RR3-40 OSD-137 FLT−GC,PC2,IL2,-2.3531496615519523e-05,2.3531496615519523e-05,229
RR3-40 OSD-137 FLT−GC,PC2,IL20RB,-2.4048965856128347e-05,2.4048965856128347e-05,213
RR3-40 OSD-137 FLT−GC,PC2,IMMP1L,-2.6222952459071842e-05,2.6222952459071842e-05,149
RR3-40 OSD-137 FLT−GC,PC2,INKA2,2.1747887316299436e-05,2.1747887316299436e-05,302
RR3-40 OSD-137 FLT−GC,PC2,IQUB,-1.9433364298427516e-05,1.9433364298427516e-05,450
RR3-40 OSD-137 FLT−GC,PC2,IRF1,-2.1282389976904448e-05,2.1282389976904448e-05,321
RR3-40 OSD-137 FLT−GC,PC2,IRF7,-2.2266970335289207e-05,2.2266970335289207e-05,276
RR3-40 OSD-137 FLT−GC,PC2,IRS2,2.666166519341443e-05,2.666166519341443e-05,136
RR3-40 OSD-137 FLT−GC,PC2,ISG15,-2.12042725849747e-05,2.12042725849747e-05,327
RR3-40 OSD-137 FLT−GC,PC2,IZUMO4,-1.9312699581966305e-05,1.9312699581966305e-05,458
RR3-40 OSD-137 FLT−GC,PC2,JUN,4.1609298905037895e-05,4.1609298905037895e-05,24
RR3-40 OSD-137 FLT−GC,PC2,JUNB,2.0083304959620914e-05,2.0083304959620914e-05,397
RR3-40 OSD-137 FLT−GC,PC2,KANK4,3.0283133307352652e-05,3.0283133307352652e-05,78
RR3-40 OSD-137 FLT−GC,PC2,KAZALD1,-2.6409537770616267e-05,2.6409537770616267e-05,144
RR3-40 OSD-137 FLT−GC,PC2,KCNK3,-1.9932458195817962e-05,1.9932458195817962e-05,410
RR3-40 OSD-137 FLT−GC,PC2,KCNMB4,-2.3926997095593724e-05,2.3926997095593724e-05,219
RR3-40 OSD-137 FLT−GC,PC2,KCNN3,-2.7994811782742684e-05,2.7994811782742684e-05,108
RR3-40 OSD-137 FLT−GC,PC2,KIF2C,-1.976504367497891e-05,1.976504367497891e-05,423
RR3-40 OSD-137 FLT−GC,PC2,KLC3,-3.129817826974099e-05,3.129817826974099e-05,69
RR3-40 OSD-137 FLT−GC,PC2,KLHDC8A,-2.6914250465522813e-05,2.6914250465522813e-05,127
RR3-40 OSD-137 FLT−GC,PC2,KLHL41,-4.509999561396138e-05,4.509999561396138e-05,15
RR3-40 OSD-137 FLT−GC,PC2,KRIT1,-2.6512013834077187e-05,2.6512013834077187e-05,140
RR3-40 OSD-137 FLT−GC,PC2,KRT19,-2.5365971236979603e-05,2.5365971236979603e-05,169
RR3-40 OSD-137 FLT−GC,PC2,KRTCAP3,-1.9277854064495994e-05,1.9277854064495994e-05,465
RR3-40 OSD-137 FLT−GC,PC2,LAD1,-2.8805528708939984e-05,2.8805528708939984e-05,97
RR3-40 OSD-137 FLT−GC,PC2,LARS2,-5.458380114734771e-05,5.458380114734771e-05,6
RR3-40 OSD-137 FLT−GC,PC2,LCA5,2.2426947416651802e-05,2.2426947416651802e-05,267
RR3-40 OSD-137 FLT−GC,PC2,LCN2,3.895625673221557e-05,3.895625673221557e-05,37
RR3-40 OSD-137 FLT−GC,PC2,LCN8,-3.273693187636697e-05,3.273693187636697e-05,65
RR3-40 OSD-137 FLT−GC,PC2,LEKR1,-2.4076074552193698e-05,2.4076074552193698e-05,210
RR3-40 OSD-137 FLT−GC,PC2,LMCD1,-2.2203940963852975e-05,2.2203940963852975e-05,279
RR3-40 OSD-137 FLT−GC,PC2,LPAR5,-3.68161778936831e-05,3.68161778936831e-05,44
RR3-40 OSD-137 FLT−GC,PC2,LPXN,-1.891636729217881e-05,1.891636729217881e-05,495
RR3-40 OSD-137 FLT−GC,PC2,LRRC14B,-4.891222773080593e-05,4.891222773080593e-05,9
RR3-40 OSD-137 FLT−GC,PC2,LRRC19,-2.066506149664659e-05,2.066506149664659e-05,357
RR3-40 OSD-137 FLT−GC,PC2,LRRC27,-2.6180713698173446e-05,2.6180713698173446e-05,152
RR3-40 OSD-137 FLT−GC,PC2,LRRC31,-2.0151020167367522e-05,2.0151020167367522e-05,392
RR3-40 OSD-137 FLT−GC,PC2,LSM5,-2.1935412305342407e-05,2.1935412305342407e-05,293
RR3-40 OSD-137 FLT−GC,PC2,LTC4S,-3.244089320579885e-05,3.244089320579885e-05,66
RR3-40 OSD-137 FLT−GC,PC2,LUC7L2,-2.2174028630530758e-05,2.2174028630530758e-05,282
RR3-40 OSD-137 FLT−GC,PC2,LXN,-2.2999865738213958e-05,2.2999865738213958e-05,242
RR3-40 OSD-137 FLT−GC,PC2,LY6G6D,-5.693835389937735e-05,5.693835389937735e-05,5
RR3-40 OSD-137 FLT−GC,PC2,LYRM2,-2.1386916718657366e-05,2.1386916718657366e-05,315
RR3-40 OSD-137 FLT−GC,PC2,LYST,-1.9487395156388217e-05,1.9487395156388217e-05,444
RR3-40 OSD-137 FLT−GC,PC2,MAB21L3,-4.7116915093020674e-05,4.7116915093020674e-05,12
RR3-40 OSD-137 FLT−GC,PC2,MALSU1,-1.9829565561920415e-05,1.9829565561920415e-05,417
RR3-40 OSD-137 FLT−GC,PC2,MAMSTR,-2.2416118715658608e-05,2.2416118715658608e-05,268
RR3-40 OSD-137 FLT−GC,PC2,MANF,-3.466343924499365e-05,3.466343924499365e-05,59
RR3-40 OSD-137 FLT−GC,PC2,MAP3K15,-2.1516220261391864e-05,2.1516220261391864e-05,308
RR3-40 OSD-137 FLT−GC,PC2,MB,-2.080362230015223e-05,2.080362230015223e-05,349
RR3-40 OSD-137 FLT−GC,PC2,MCTP1,3.7315697942911884e-05,3.7315697942911884e-05,42
RR3-40 OSD-137 FLT−GC,PC2,MED21,-1.9202450273402602e-05,1.9202450273402602e-05,472
RR3-40 OSD-137 FLT−GC,PC2,MED22,-1.9694493120056105e-05,1.9694493120056105e-05,430
RR3-40 OSD-137 FLT−GC,PC2,MED6,-2.1856792527614704e-05,2.1856792527614704e-05,297
RR3-40 OSD-137 FLT−GC,PC2,MEIG1,-3.33890236288925e-05,3.33890236288925e-05,62
RR3-40 OSD-137 FLT−GC,PC2,METTL24,-2.0526713808109246e-05,2.0526713808109246e-05,369
RR3-40 OSD-137 FLT−GC,PC2,MFAP2,-1.928929380704984e-05,1.928929380704984e-05,463
RR3-40 OSD-137 FLT−GC,PC2,MGST2,-2.2829839845666293e-05,2.2829839845666293e-05,254
RR3-40 OSD-137 FLT−GC,PC2,MID1IP1,-2.4343875483000078e-05,2.4343875483000078e-05,197
RR3-40 OSD-137 FLT−GC,PC2,MIGA2,-2.0662421844034354e-05,2.0662421844034354e-05,358
RR3-40 OSD-137 FLT−GC,PC2,MLX,-2.144271090656041e-05,2.144271090656041e-05,313
RR3-40 OSD-137 FLT−GC,PC2,MMD2,-2.279374679305082e-05,2.279374679305082e-05,255
RR3-40 OSD-137 FLT−GC,PC2,MMP11,-1.8914724873577492e-05,1.8914724873577492e-05,496
RR3-40 OSD-137 FLT−GC,PC2,MMP27,-4.087512123936062e-05,4.087512123936062e-05,28
RR3-40 OSD-137 FLT−GC,PC2,MMP7,4.422468655390981e-05,4.422468655390981e-05,16
RR3-40 OSD-137 FLT−GC,PC2,MRLN,-2.2064579925212833e-05,2.2064579925212833e-05,288
RR3-40 OSD-137 FLT−GC,PC2,MRPL11,-1.9403236544219176e-05,1.9403236544219176e-05,453
RR3-40 OSD-137 FLT−GC,PC2,MRPL13,-2.2524309659886827e-05,2.2524309659886827e-05,262
RR3-40 OSD-137 FLT−GC,PC2,MRPL53,-1.9286614846543956e-05,1.9286614846543956e-05,464
RR3-40 OSD-137 FLT−GC,PC2,MRPS33,-2.3026170451321812e-05,2.3026170451321812e-05,240
RR3-40 OSD-137 FLT−GC,PC2,MSLN,-2.42684614886011e-05,2.42684614886011e-05,202
RR3-40 OSD-137 FLT−GC,PC2,MSMO1,-2.6812027213893004e-05,2.6812027213893004e-05,132
RR3-40 OSD-137 FLT−GC,PC2,MSX1,-2.234155394879737e-05,2.234155394879737e-05,270
RR3-40 OSD-137 FLT−GC,PC2,MT-CO3,-1.9006972818527615e-05,1.9006972818527615e-05,489
RR3-40 OSD-137 FLT−GC,PC2,MT1X,7.251456273284373e-05,7.251456273284373e-05,2
RR3-40 OSD-137 FLT−GC,PC2,MTERF3,-2.8708210496822996e-05,2.8708210496822996e-05,99
RR3-40 OSD-137 FLT−GC,PC2,MTNR1A,-2.4530759393157126e-05,2.4530759393157126e-05,191
RR3-40 OSD-137 FLT−GC,PC2,MTUS2,2.19661806862936e-05,2.19661806862936e-05,291
RR3-40 OSD-137 FLT−GC,PC2,MXD3,-3.406801829033516e-05,3.406801829033516e-05,60
RR3-40 OSD-137 FLT−GC,PC2,MYCBP,-2.053958911296034e-05,2.053958911296034e-05,367
RR3-40 OSD-137 FLT−GC,PC2,MYMX,-2.0169227917070165e-05,2.0169227917070165e-05,390
RR3-40 OSD-137 FLT−GC,PC2,NAE1,-2.0760324698536925e-05,2.0760324698536925e-05,353
RR3-40 OSD-137 FLT−GC,PC2,NAT14,-2.2163572081980364e-05,2.2163572081980364e-05,283
RR3-40 OSD-137 FLT−GC,PC2,NBAS,-2.538731054067698e-05,2.538731054067698e-05,168
RR3-40 OSD-137 FLT−GC,PC2,NDUFA4L2,-2.401304581631149e-05,2.401304581631149e-05,214
RR3-40 OSD-137 FLT−GC,PC2,NDUFAB1,-2.4051499570025624e-05,2.4051499570025624e-05,212
RR3-40 OSD-137 FLT−GC,PC2,NDUFAF4,-2.0215499634967858e-05,2.0215499634967858e-05,387
RR3-40 OSD-137 FLT−GC,PC2,NDUFAF5,-2.454638874730678e-05,2.454638874730678e-05,190
RR3-40 OSD-137 FLT−GC,PC2,NECAB2,-2.1168020735657086e-05,2.1168020735657086e-05,329
RR3-40 OSD-137 FLT−GC,PC2,NEK2,-3.285959105888258e-05,3.285959105888258e-05,64
RR3-40 OSD-137 FLT−GC,PC2,NEK5,-3.486149943284382e-05,3.486149943284382e-05,56
RR3-40 OSD-137 FLT−GC,PC2,NETO2,-1.9256078576392063e-05,1.9256078576392063e-05,468
RR3-40 OSD-137 FLT−GC,PC2,NEURL2,-2.651069457382394e-05,2.651069457382394e-05,141
RR3-40 OSD-137 FLT−GC,PC2,NKAIN1,-1.9235932881386375e-05,1.9235932881386375e-05,469
RR3-40 OSD-137 FLT−GC,PC2,NKAIN2,-2.38777082277317e-05,2.38777082277317e-05,220
RR3-40 OSD-137 FLT−GC,PC2,NKAPL,-2.2733342013758254e-05,2.2733342013758254e-05,256
RR3-40 OSD-137 FLT−GC,PC2,NLRC4,-2.0079160889645704e-05,2.0079160889645704e-05,398
RR3-40 OSD-137 FLT−GC,PC2,NLRP12,3.688507568099433e-05,3.688507568099433e-05,43
RR3-40 OSD-137 FLT−GC,PC2,NME5,-4.380391082983542e-05,4.380391082983542e-05,18
RR3-40 OSD-137 FLT−GC,PC2,NME6,-1.9296408762057124e-05,1.9296408762057124e-05,462
RR3-40 OSD-137 FLT−GC,PC2,NOD2,-2.2991198217978304e-05,2.2991198217978304e-05,244
RR3-40 OSD-137 FLT−GC,PC2,NPNT,-2.7567340878383736e-05,2.7567340878383736e-05,115
RR3-40 OSD-137 FLT−GC,PC2,NR1D2,-2.0350855766078768e-05,2.0350855766078768e-05,377
RR3-40 OSD-137 FLT−GC,PC2,NR4A1,2.1283098005793293e-05,2.1283098005793293e-05,320
RR3-40 OSD-137 FLT−GC,PC2,NRN1L,2.5464690681529438e-05,2.5464690681529438e-05,165
RR3-40 OSD-137 FLT−GC,PC2,NSG1,-1.927447332127417e-05,1.927447332127417e-05,466
RR3-40 OSD-137 FLT−GC,PC2,NYAP1,-2.08000922221393e-05,2.08000922221393e-05,351
RR3-40 OSD-137 FLT−GC,PC2,ODAD4,-2.6607894185313743e-05,2.6607894185313743e-05,138
RR3-40 OSD-137 FLT−GC,PC2,OGT,-1.9141410880683086e-05,1.9141410880683086e-05,476
RR3-40 OSD-137 FLT−GC,PC2,OMD,2.4458453117243212e-05,2.4458453117243212e-05,193
RR3-40 OSD-137 FLT−GC,PC2,OPN3,2.0343652655087135e-05,2.0343652655087135e-05,378
RR3-40 OSD-137 FLT−GC,PC2,ORMDL1,-2.165748780840652e-05,2.165748780840652e-05,304
RR3-40 OSD-137 FLT−GC,PC2,P2RX1,-2.711248297386731e-05,2.711248297386731e-05,123
RR3-40 OSD-137 FLT−GC,PC2,PACRG,-2.5135044804572347e-05,2.5135044804572347e-05,174
RR3-40 OSD-137 FLT−GC,PC2,PAXX,-2.0287714599139235e-05,2.0287714599139235e-05,380
RR3-40 OSD-137 FLT−GC,PC2,PC,-1.9213851117159685e-05,1.9213851117159685e-05,471
RR3-40 OSD-137 FLT−GC,PC2,PCDHB14,-2.2991576245466326e-05,2.2991576245466326e-05,243
RR3-40 OSD-137 FLT−GC,PC2,PCDHGA4,-2.0044532272774647e-05,2.0044532272774647e-05,403
RR3-40 OSD-137 FLT−GC,PC2,PCSK9,-3.9633812887880365e-05,3.9633812887880365e-05,35
RR3-40 OSD-137 FLT−GC,PC2,PCYT1B,2.0206463222602897e-05,2.0206463222602897e-05,388
RR3-40 OSD-137 FLT−GC,PC2,PDCD10,-2.0023669094040655e-05,2.0023669094040655e-05,406
RR3-40 OSD-137 FLT−GC,PC2,PDE4B,-2.2525041963598068e-05,2.2525041963598068e-05,261
RR3-40 OSD-137 FLT−GC,PC2,PDK4,2.9706707846915593e-05,2.9706707846915593e-05,88
RR3-40 OSD-137 FLT−GC,PC2,PDLIM4,-2.4691046964242284e-05,2.4691046964242284e-05,186
RR3-40 OSD-137 FLT−GC,PC2,PEG3,-2.8011604649977853e-05,2.8011604649977853e-05,107
RR3-40 OSD-137 FLT−GC,PC2,PET100,-2.1516349065220927e-05,2.1516349065220927e-05,307
RR3-40 OSD-137 FLT−GC,PC2,PFDN4,-1.9187411789662784e-05,1.9187411789662784e-05,474
RR3-40 OSD-137 FLT−GC,PC2,PGAM2,-2.4313154354331412e-05,2.4313154354331412e-05,199
RR3-40 OSD-137 FLT−GC,PC2,PHKG1,-2.624197984689299e-05,2.624197984689299e-05,148
RR3-40 OSD-137 FLT−GC,PC2,PHYHIP,3.127187062534395e-05,3.127187062534395e-05,70
RR3-40 OSD-137 FLT−GC,PC2,PIK3CG,-1.9519578634176022e-05,1.9519578634176022e-05,442
RR3-40 OSD-137 FLT−GC,PC2,PIMREG,-4.7173832907391675e-05,4.7173832907391675e-05,10
RR3-40 OSD-137 FLT−GC,PC2,PKMYT1,2.832094882585214e-05,2.832094882585214e-05,103
RR3-40 OSD-137 FLT−GC,PC2,PLAU,3.337078753688216e-05,3.337078753688216e-05,63
RR3-40 OSD-137 FLT−GC,PC2,PLCXD1,-2.188526763454237e-05,2.188526763454237e-05,295
RR3-40 OSD-137 FLT−GC,PC2,PMEL,-2.7760727616109547e-05,2.7760727616109547e-05,112
RR3-40 OSD-137 FLT−GC,PC2,PODNL1,-2.408276592145725e-05,2.408276592145725e-05,209
RR3-40 OSD-137 FLT−GC,PC2,PODXL2,2.08321376621051e-05,2.08321376621051e-05,346
RR3-40 OSD-137 FLT−GC,PC2,POLR2F,-2.0568572402467723e-05,2.0568572402467723e-05,365
RR3-40 OSD-137 FLT−GC,PC2,POLR2H,-2.296013055863888e-05,2.296013055863888e-05,245
RR3-40 OSD-137 FLT−GC,PC2,POLR2I,-1.9434198289731034e-05,1.9434198289731034e-05,449
RR3-40 OSD-137 FLT−GC,PC2,POLR2K,-2.1100990120748625e-05,2.1100990120748625e-05,332
RR3-40 OSD-137 FLT−GC,PC2,PPAT,-2.4072239788489706e-05,2.4072239788489706e-05,211
RR3-40 OSD-137 FLT−GC,PC2,PPID,-2.1551267142837932e-05,2.1551267142837932e-05,305
RR3-40 OSD-137 FLT−GC,PC2,PPP1R1B,3.0008168508842955e-05,3.0008168508842955e-05,80
RR3-40 OSD-137 FLT−GC,PC2,PRCD,2.4783143180284855e-05,2.4783143180284855e-05,184
RR3-40 OSD-137 FLT−GC,PC2,PRF1,-2.355151381005911e-05,2.355151381005911e-05,227
RR3-40 OSD-137 FLT−GC,PC2,PRKD1,2.4138412449776127e-05,2.4138412449776127e-05,206
RR3-40 OSD-137 FLT−GC,PC2,PROCR,-2.144804561036294e-05,2.144804561036294e-05,312
RR3-40 OSD-137 FLT−GC,PC2,PROK1,-2.567792382489587e-05,2.567792382489587e-05,161
RR3-40 OSD-137 FLT−GC,PC2,PRPF39,-1.965555399839219e-05,1.965555399839219e-05,434
RR3-40 OSD-137 FLT−GC,PC2,PRRT2,-2.685556860365692e-05,2.685556860365692e-05,130
RR3-40 OSD-137 FLT−GC,PC2,PSMA8,2.098112106688216e-05,2.098112106688216e-05,338
RR3-40 OSD-137 FLT−GC,PC2,PSTK,-2.4167567009670496e-05,2.4167567009670496e-05,204
RR3-40 OSD-137 FLT−GC,PC2,PYCR1,-2.4840367332367783e-05,2.4840367332367783e-05,183
RR3-40 OSD-137 FLT−GC,PC2,PYGO1,-1.8922775944652433e-05,1.8922775944652433e-05,494
RR3-40 OSD-137 FLT−GC,PC2,RAB19,1.9852698515858418e-05,1.9852698515858418e-05,413
RR3-40 OSD-137 FLT−GC,PC2,RAB33A,-3.573327784093206e-05,3.573327784093206e-05,51
RR3-40 OSD-137 FLT−GC,PC2,RAB38,-1.922276252604313e-05,1.922276252604313e-05,470
RR3-40 OSD-137 FLT−GC,PC2,RAB39B,-2.497617979045439e-05,2.497617979045439e-05,179
RR3-40 OSD-137 FLT−GC,PC2,RAC3,-2.1965013703493568e-05,2.1965013703493568e-05,292
RR3-40 OSD-137 FLT−GC,PC2,RAD54B,-2.5203566389918784e-05,2.5203566389918784e-05,173
RR3-40 OSD-137 FLT−GC,PC2,RASD1,-1.9690933936852387e-05,1.9690933936852387e-05,432
RR3-40 OSD-137 FLT−GC,PC2,RASEF,-2.1713177886943535e-05,2.1713177886943535e-05,303
RR3-40 OSD-137 FLT−GC,PC2,RASGRF2,-2.0070167525413236e-05,2.0070167525413236e-05,401
RR3-40 OSD-137 FLT−GC,PC2,RBM24,-2.0526484633482267e-05,2.0526484633482267e-05,370
RR3-40 OSD-137 FLT−GC,PC2,RBM4B,-2.2694138200351214e-05,2.2694138200351214e-05,259
RR3-40 OSD-137 FLT−GC,PC2,RBP7,-2.2945974910881128e-05,2.2945974910881128e-05,247
RR3-40 OSD-137 FLT−GC,PC2,RGCC,-3.734470303058494e-05,3.734470303058494e-05,41
RR3-40 OSD-137 FLT−GC,PC2,RGS1,-1.9782791395158148e-05,1.9782791395158148e-05,421
RR3-40 OSD-137 FLT−GC,PC2,RGS16,3.1160485542875715e-05,3.1160485542875715e-05,72
RR3-40 OSD-137 FLT−GC,PC2,RHEBL1,-1.9757371776878716e-05,1.9757371776878716e-05,425
RR3-40 OSD-137 FLT−GC,PC2,RHOB,2.1780009451682636e-05,2.1780009451682636e-05,301
RR3-40 OSD-137 FLT−GC,PC2,RMDN1,-2.3390536791209672e-05,2.3390536791209672e-05,233
RR3-40 OSD-137 FLT−GC,PC2,RNF223,-2.665766339048347e-05,2.665766339048347e-05,137
RR3-40 OSD-137 FLT−GC,PC2,RNF225,-3.591954418587078e-05,3.591954418587078e-05,49
RR3-40 OSD-137 FLT−GC,PC2,RPA3,-2.0972183980781864e-05,2.0972183980781864e-05,339
RR3-40 OSD-137 FLT−GC,PC2,RPL26,-1.9069493071460248e-05,1.9069493071460248e-05,482
RR3-40 OSD-137 FLT−GC,PC2,RPP30,-2.5015968462267924e-05,2.5015968462267924e-05,178
RR3-40 OSD-137 FLT−GC,PC2,RPS15A,-2.2936649740476152e-05,2.2936649740476152e-05,248
RR3-40 OSD-137 FLT−GC,PC2,RSKR,-3.967931548702451e-05,3.967931548702451e-05,33
RR3-40 OSD-137 FLT−GC,PC2,RUFY4,-2.0615810546706527e-05,2.0615810546706527e-05,362
RR3-40 OSD-137 FLT−GC,PC2,RUNDC3A,2.04466449953572e-05,2.04466449953572e-05,374
RR3-40 OSD-137 FLT−GC,PC2,SARNP,-2.1222140551251052e-05,2.1222140551251052e-05,325
RR3-40 OSD-137 FLT−GC,PC2,SCFD1,-2.2313551553988684e-05,2.2313551553988684e-05,272
RR3-40 OSD-137 FLT−GC,PC2,SCG5,2.508788070330191e-05,2.508788070330191e-05,175
RR3-40 OSD-137 FLT−GC,PC2,SCOC,-2.0723938062514034e-05,2.0723938062514034e-05,354
RR3-40 OSD-137 FLT−GC,PC2,SEC11A,-1.9196644624812114e-05,1.9196644624812114e-05,473
RR3-40 OSD-137 FLT−GC,PC2,SERHL2,-1.9532689893666963e-05,1.9532689893666963e-05,441
RR3-40 OSD-137 FLT−GC,PC2,SERP2,-2.373092557236339e-05,2.373092557236339e-05,223
RR3-40 OSD-137 FLT−GC,PC2,SERPINA12,-2.0115796990779538e-05,2.0115796990779538e-05,394
RR3-40 OSD-137 FLT−GC,PC2,SERPINE1,-2.8041592465739363e-05,2.8041592465739363e-05,106
RR3-40 OSD-137 FLT−GC,PC2,SERPINI1,-2.0905863887303707e-05,2.0905863887303707e-05,342
RR3-40 OSD-137 FLT−GC,PC2,SERTAD4,-2.3750703732829912e-05,2.3750703732829912e-05,222
RR3-40 OSD-137 FLT−GC,PC2,SETD4,-2.430024692984481e-05,2.430024692984481e-05,200
RR3-40 OSD-137 FLT−GC,PC2,SFMBT2,-2.0819018523064672e-05,2.0819018523064672e-05,348
RR3-40 OSD-137 FLT−GC,PC2,SFTPD,-2.762285080871738e-05,2.762285080871738e-05,113
RR3-40 OSD-137 FLT−GC,PC2,SGK2,-2.0338873094107108e-05,2.0338873094107108e-05,379
RR3-40 OSD-137 FLT−GC,PC2,SHISA4,4.526106047674124e-05,4.526106047674124e-05,14
RR3-40 OSD-137 FLT−GC,PC2,SHISA8,-2.6453853351429002e-05,2.6453853351429002e-05,143
RR3-40 OSD-137 FLT−GC,PC2,SHISA9,-2.2189385908366712e-05,2.2189385908366712e-05,281
RR3-40 OSD-137 FLT−GC,PC2,SLAIN1,-2.5358870540094292e-05,2.5358870540094292e-05,170
RR3-40 OSD-137 FLT−GC,PC2,SLAMF1,-2.6735708381405937e-05,2.6735708381405937e-05,133
RR3-40 OSD-137 FLT−GC,PC2,SLC16A13,-3.9666169582567555e-05,3.9666169582567555e-05,34
RR3-40 OSD-137 FLT−GC,PC2,SLC16A3,-3.502849279219444e-05,3.502849279219444e-05,55
RR3-40 OSD-137 FLT−GC,PC2,SLC18A1,-3.545787287265812e-05,3.545787287265812e-05,53
RR3-40 OSD-137 FLT−GC,PC2,SLC18A2,-3.677706040815733e-05,3.677706040815733e-05,45
RR3-40 OSD-137 FLT−GC,PC2,SLC23A3,2.2709696277157613e-05,2.2709696277157613e-05,258
RR3-40 OSD-137 FLT−GC,PC2,SLC25A18,-2.431373276843359e-05,2.431373276843359e-05,198
RR3-40 OSD-137 FLT−GC,PC2,SLC25A2,2.3448779581557318e-05,2.3448779581557318e-05,232
RR3-40 OSD-137 FLT−GC,PC2,SLC25A30,1.9124206596876293e-05,1.9124206596876293e-05,478
RR3-40 OSD-137 FLT−GC,PC2,SLC25A31,2.7065018140914836e-05,2.7065018140914836e-05,124
RR3-40 OSD-137 FLT−GC,PC2,SLC25A33,2.893697899064766e-05,2.893697899064766e-05,95
RR3-40 OSD-137 FLT−GC,PC2,SLC25A35,2.6269860434310463e-05,2.6269860434310463e-05,146
RR3-40 OSD-137 FLT−GC,PC2,SLC25A42,1.97427197308807e-05,1.97427197308807e-05,426
RR3-40 OSD-137 FLT−GC,PC2,SLC25A44,-2.0369077605949032e-05,2.0369077605949032e-05,376
RR3-40 OSD-137 FLT−GC,PC2,SLC25A47,-2.082573622737089e-05,2.082573622737089e-05,347
RR3-40 OSD-137 FLT−GC,PC2,SLC2A12,-2.3525399774001063e-05,2.3525399774001063e-05,230
RR3-40 OSD-137 FLT−GC,PC2,SLC35B3,-1.982471253366272e-05,1.982471253366272e-05,418
RR3-40 OSD-137 FLT−GC,PC2,SLC35G2,-4.282935122732453e-05,4.282935122732453e-05,21
RR3-40 OSD-137 FLT−GC,PC2,SLC39A2,-2.976248949285039e-05,2.976248949285039e-05,87
RR3-40 OSD-137 FLT−GC,PC2,SLC41A2,-3.124807976614796e-05,3.124807976614796e-05,71
RR3-40 OSD-137 FLT−GC,PC2,SLC6A4,-2.4447338051753065e-05,2.4447338051753065e-05,195
RR3-40 OSD-137 FLT−GC,PC2,SLC7A6,-2.5298235722375932e-05,2.5298235722375932e-05,172
RR3-40 OSD-137 FLT−GC,PC2,SLC9A7,-2.0774876193432426e-05,2.0774876193432426e-05,352
RR3-40 OSD-137 FLT−GC,PC2,SMPDL3B,-1.9393782915681134e-05,1.9393782915681134e-05,454
RR3-40 OSD-137 FLT−GC,PC2,SMTNL2,1.98974075554172e-05,1.98974075554172e-05,411
RR3-40 OSD-137 FLT−GC,PC2,SNAPC3,-2.5062169588016212e-05,2.5062169588016212e-05,176
RR3-40 OSD-137 FLT−GC,PC2,SNRPE,-2.0878065699298963e-05,2.0878065699298963e-05,344
RR3-40 OSD-137 FLT−GC,PC2,SNURF,-4.098864769571298e-05,4.098864769571298e-05,26
RR3-40 OSD-137 FLT−GC,PC2,SOCS2,2.7390149605593522e-05,2.7390149605593522e-05,118
RR3-40 OSD-137 FLT−GC,PC2,SPAG5,-3.06054497508719e-05,3.06054497508719e-05,77
RR3-40 OSD-137 FLT−GC,PC2,SPC24,-2.126787593381626e-05,2.126787593381626e-05,323
RR3-40 OSD-137 FLT−GC,PC2,SPNS3,-3.505887621529518e-05,3.505887621529518e-05,54
RR3-40 OSD-137 FLT−GC,PC2,SPO11,-2.0721854762067262e-05,2.0721854762067262e-05,355
RR3-40 OSD-137 FLT−GC,PC2,SPOUT1,-1.887141780291659e-05,1.887141780291659e-05,499
RR3-40 OSD-137 FLT−GC,PC2,SPTSSA,-2.2926391276904716e-05,2.2926391276904716e-05,249
RR3-40 OSD-137 FLT−GC,PC2,SRM,-2.9329141893501106e-05,2.9329141893501106e-05,92
RR3-40 OSD-137 FLT−GC,PC2,SRP19,-2.3631842541649897e-05,2.3631842541649897e-05,225
RR3-40 OSD-137 FLT−GC,PC2,SRSF1,-1.9045415923006317e-05,1.9045415923006317e-05,486
RR3-40 OSD-137 FLT−GC,PC2,SRSF3,-2.4967647287037548e-05,2.4967647287037548e-05,180
RR3-40 OSD-137 FLT−GC,PC2,SS18L2,-2.836355862870762e-05,2.836355862870762e-05,101
RR3-40 OSD-137 FLT−GC,PC2,ST7L,-2.019798958917084e-05,2.019798958917084e-05,389
RR3-40 OSD-137 FLT−GC,PC2,STAR,2.0680667405234812e-05,2.0680667405234812e-05,356
RR3-40 OSD-137 FLT−GC,PC2,STIP1,-2.6011489572217752e-05,2.6011489572217752e-05,157
RR3-40 OSD-137 FLT−GC,PC2,SUN3,-4.041861501934378e-05,4.041861501934378e-05,30
RR3-40 OSD-137 FLT−GC,PC2,SYCE1,3.472938534022388e-05,3.472938534022388e-05,58
RR3-40 OSD-137 FLT−GC,PC2,SYTL3,-1.906393789449223e-05,1.906393789449223e-05,484
RR3-40 OSD-137 FLT−GC,PC2,SYVN1,-1.917007121409331e-05,1.917007121409331e-05,475
RR3-40 OSD-137 FLT−GC,PC2,TBCE,-2.615192358569141e-05,2.615192358569141e-05,153
RR3-40 OSD-137 FLT−GC,PC2,TBX6,2.622202400061258e-05,2.622202400061258e-05,150
RR3-40 OSD-137 FLT−GC,PC2,TDP2,-2.023884762587085e-05,2.023884762587085e-05,384
RR3-40 OSD-137 FLT−GC,PC2,TEKT2,1.9554322191395325e-05,1.9554322191395325e-05,440
RR3-40 OSD-137 FLT−GC,PC2,TFRC,-1.9428920502563446e-05,1.9428920502563446e-05,451
RR3-40 OSD-137 FLT−GC,PC2,THBS3,-1.94379092829471e-05,1.94379092829471e-05,448
RR3-40 OSD-137 FLT−GC,PC2,TIGD3,-2.0076185198725376e-05,2.0076185198725376e-05,399
RR3-40 OSD-137 FLT−GC,PC2,TIMM9,-2.0895821791933967e-05,2.0895821791933967e-05,343
RR3-40 OSD-137 FLT−GC,PC2,TINAG,-2.1335433133852337e-05,2.1335433133852337e-05,319
RR3-40 OSD-137 FLT−GC,PC2,TLCD1,-1.9794946598048065e-05,1.9794946598048065e-05,420
RR3-40 OSD-137 FLT−GC,PC2,TM2D1,-2.0591199622219233e-05,2.0591199622219233e-05,364
RR3-40 OSD-137 FLT−GC,PC2,TM4SF5,2.2716433600814898e-05,2.2716433600814898e-05,257
RR3-40 OSD-137 FLT−GC,PC2,TMEM171,-2.6407952152281474e-05,2.6407952152281474e-05,145
RR3-40 OSD-137 FLT−GC,PC2,TMEM178A,2.4158394515418314e-05,2.4158394515418314e-05,205
RR3-40 OSD-137 FLT−GC,PC2,TMEM215,-2.421819436947303e-05,2.421819436947303e-05,203
RR3-40 OSD-137 FLT−GC,PC2,TMEM240,-1.908551370407566e-05,1.908551370407566e-05,481
RR3-40 OSD-137 FLT−GC,PC2,TMEM255A,-2.5694169662418183e-05,2.5694169662418183e-05,160
RR3-40 OSD-137 FLT−GC,PC2,TMEM54,-1.9125946379173474e-05,1.9125946379173474e-05,477
RR3-40 OSD-137 FLT−GC,PC2,TMEM60,-1.8997813130983578e-05,1.8997813130983578e-05,491
RR3-40 OSD-137 FLT−GC,PC2,TMEM74B,-2.3092148816284682e-05,2.3092148816284682e-05,239
RR3-40 OSD-137 FLT−GC,PC2,TMEM91,-1.9768110317956082e-05,1.9768110317956082e-05,422
RR3-40 OSD-137 FLT−GC,PC2,TNFRSF4,-2.4646743427941126e-05,2.4646743427941126e-05,187
RR3-40 OSD-137 FLT−GC,PC2,TNNI2,-2.153803581468669e-05,2.153803581468669e-05,306
RR3-40 OSD-137 FLT−GC,PC2,TNNT3,-3.574043319983461e-05,3.574043319983461e-05,50
RR3-40 OSD-137 FLT−GC,PC2,TNS4,-2.6257060216610333e-05,2.6257060216610333e-05,147
RR3-40 OSD-137 FLT−GC,PC2,TOMM22,-2.0032309439511054e-05,2.0032309439511054e-05,404
RR3-40 OSD-137 FLT−GC,PC2,TRAPPC13,-2.0067350379474738e-05,2.0067350379474738e-05,402
RR3-40 OSD-137 FLT−GC,PC2,TROAP,-2.985583578844975e-05,2.985583578844975e-05,85
RR3-40 OSD-137 FLT−GC,PC2,TSC22D1,2.1058283416666547e-05,2.1058283416666547e-05,334
RR3-40 OSD-137 FLT−GC,PC2,TSC22D3,-2.3310869778944095e-05,2.3310869778944095e-05,236
RR3-40 OSD-137 FLT−GC,PC2,TUBB4A,-1.9691127291721853e-05,1.9691127291721853e-05,431
RR3-40 OSD-137 FLT−GC,PC2,TWIST1,3.9102492096501046e-05,3.9102492096501046e-05,36
RR3-40 OSD-137 FLT−GC,PC2,UAP1,-2.283757278131929e-05,2.283757278131929e-05,253
RR3-40 OSD-137 FLT−GC,PC2,UBA7,-2.1002268704445833e-05,2.1002268704445833e-05,337
RR3-40 OSD-137 FLT−GC,PC2,UBASH3A,-2.115749057788398e-05,2.115749057788398e-05,330
RR3-40 OSD-137 FLT−GC,PC2,UBE2V2,-2.4902767903374765e-05,2.4902767903374765e-05,181
RR3-40 OSD-137 FLT−GC,PC2,ULK1,2.6676988855002365e-05,2.6676988855002365e-05,135
RR3-40 OSD-137 FLT−GC,PC2,UPK1B,-2.1202133218191904e-05,2.1202133218191904e-05,328
RR3-40 OSD-137 FLT−GC,PC2,UPK3B,-2.6883879335943998e-05,2.6883879335943998e-05,128
RR3-40 OSD-137 FLT−GC,PC2,UPP2,-2.141796250662064e-05,2.141796250662064e-05,314
RR3-40 OSD-137 FLT−GC,PC2,USH1G,-2.6211505354413e-05,2.6211505354413e-05,151
RR3-40 OSD-137 FLT−GC,PC2,USP18,-2.7806231945295813e-05,2.7806231945295813e-05,110
RR3-40 OSD-137 FLT−GC,PC2,VILL,-2.3180855409792297e-05,2.3180855409792297e-05,237
RR3-40 OSD-137 FLT−GC,PC2,VLDLR,-2.9787541976559804e-05,2.9787541976559804e-05,86
RR3-40 OSD-137 FLT−GC,PC2,VNN1,3.829555324258111e-05,3.829555324258111e-05,38
RR3-40 OSD-137 FLT−GC,PC2,VWA3B,2.080275463663798e-05,2.080275463663798e-05,350
RR3-40 OSD-137 FLT−GC,PC2,WFIKKN1,-2.0006962467736634e-05,2.0006962467736634e-05,407
RR3-40 OSD-137 FLT−GC,PC2,WNK4,-4.915355913893167e-05,4.915355913893167e-05,8
RR3-40 OSD-137 FLT−GC,PC2,WNT9B,-2.0089253302760393e-05,2.0089253302760393e-05,396
RR3-40 OSD-137 FLT−GC,PC2,ZCCHC3,-1.9102544077722065e-05,1.9102544077722065e-05,480
RR3-40 OSD-137 FLT−GC,PC2,ZDHHC2,-2.4084850942012104e-05,2.4084850942012104e-05,208
RR3-40 OSD-137 FLT−GC,PC2,ZFYVE21,-1.9311457344484876e-05,1.9311457344484876e-05,460
RR3-40 OSD-137 FLT−GC,PC2,ZNF202,-2.0553558495758963e-05,2.0553558495758963e-05,366
RR3-40 OSD-137 FLT−GC,PC2,ZNF205,-2.1858751230214015e-05,2.1858751230214015e-05,296
RR3-40 OSD-137 FLT−GC,PC2,ZNF354C,-2.0254871807657122e-05,2.0254871807657122e-05,382
RR3-40 OSD-137 FLT−GC,PC2,ZNF580,-2.012846176268726e-05,2.012846176268726e-05,393
RR3-40 OSD-137 FLT−GC,PC2,ZWILCH,-2.2283899958867896e-05,2.2283899958867896e-05,275
RR3-40 OSD-168 FLT−GC,PC1,AACS,-0.00015453563518361816,0.00015453563518361816,3
RR3-40 OSD-168 FLT−GC,PC1,ABCC3,4.015917271632649e-05,4.015917271632649e-05,307
RR3-40 OSD-168 FLT−GC,PC1,ABCD2,3.4249209460558975e-05,3.4249209460558975e-05,474
RR3-40 OSD-168 FLT−GC,PC1,ABCG8,4.630405168445216e-05,4.630405168445216e-05,214
RR3-40 OSD-168 FLT−GC,PC1,ABHD15,-5.876161074564775e-05,5.876161074564775e-05,122
RR3-40 OSD-168 FLT−GC,PC1,ABHD2,4.729689282855049e-05,4.729689282855049e-05,200
RR3-40 OSD-168 FLT−GC,PC1,ABTB2,-5.600314827380083e-05,5.600314827380083e-05,147
RR3-40 OSD-168 FLT−GC,PC1,ACACA,-6.635425734433118e-05,6.635425734433118e-05,83
RR3-40 OSD-168 FLT−GC,PC1,ACACB,-8.887272535412304e-05,8.887272535412304e-05,39
RR3-40 OSD-168 FLT−GC,PC1,ACBD4,-3.482877969530644e-05,3.482877969530644e-05,449
RR3-40 OSD-168 FLT−GC,PC1,ACLY,-8.400836226471851e-05,8.400836226471851e-05,45
RR3-40 OSD-168 FLT−GC,PC1,ACSL3,-5.490379945344315e-05,5.490379945344315e-05,157
RR3-40 OSD-168 FLT−GC,PC1,ACSL4,-7.090069139493055e-05,7.090069139493055e-05,69
RR3-40 OSD-168 FLT−GC,PC1,ACSS2,-7.696341552050502e-05,7.696341552050502e-05,59
RR3-40 OSD-168 FLT−GC,PC1,ACTL6A,-3.833624661431862e-05,3.833624661431862e-05,343
RR3-40 OSD-168 FLT−GC,PC1,ADRA1B,-4.222403520059162e-05,4.222403520059162e-05,266
RR3-40 OSD-168 FLT−GC,PC1,ALDH3A1,-3.4363236400381715e-05,3.4363236400381715e-05,470
RR3-40 OSD-168 FLT−GC,PC1,ALG12,-5.584490624325797e-05,5.584490624325797e-05,149
RR3-40 OSD-168 FLT−GC,PC1,ALKBH7,-4.553208623038901e-05,4.553208623038901e-05,224
RR3-40 OSD-168 FLT−GC,PC1,ALS2,-4.8218281461105004e-05,4.8218281461105004e-05,194
RR3-40 OSD-168 FLT−GC,PC1,ANGPTL4,0.00010321058648591412,0.00010321058648591412,22
RR3-40 OSD-168 FLT−GC,PC1,ANGPTL8,-9.124724934110567e-05,9.124724934110567e-05,35
RR3-40 OSD-168 FLT−GC,PC1,ANKRD16,-3.507326398752807e-05,3.507326398752807e-05,442
RR3-40 OSD-168 FLT−GC,PC1,ANKS4B,-5.842225182797988e-05,5.842225182797988e-05,124
RR3-40 OSD-168 FLT−GC,PC1,AOX1,4.370790286079706e-05,4.370790286079706e-05,249
RR3-40 OSD-168 FLT−GC,PC1,AP3M1,-6.021184305827795e-05,6.021184305827795e-05,115
RR3-40 OSD-168 FLT−GC,PC1,AP5S1,-4.154724386411974e-05,4.154724386411974e-05,283
RR3-40 OSD-168 FLT−GC,PC1,ARHGEF19,-4.206079728602677e-05,4.206079728602677e-05,268
RR3-40 OSD-168 FLT−GC,PC1,ARL4A,4.56614105046017e-05,4.56614105046017e-05,222
RR3-40 OSD-168 FLT−GC,PC1,ASPG,-3.555910678467608e-05,3.555910678467608e-05,430
RR3-40 OSD-168 FLT−GC,PC1,ASS1,-3.452319892617289e-05,3.452319892617289e-05,463
RR3-40 OSD-168 FLT−GC,PC1,ATF6B,-3.3796060540837425e-05,3.3796060540837425e-05,496
RR3-40 OSD-168 FLT−GC,PC1,ATOH8,3.8497774799658914e-05,3.8497774799658914e-05,338
RR3-40 OSD-168 FLT−GC,PC1,ATP11A,-4.873913749028833e-05,4.873913749028833e-05,192
RR3-40 OSD-168 FLT−GC,PC1,ATP1B1,-4.664943266102161e-05,4.664943266102161e-05,207
RR3-40 OSD-168 FLT−GC,PC1,AVPI1,-5.668038901139385e-05,5.668038901139385e-05,142
RR3-40 OSD-168 FLT−GC,PC1,BCL7C,3.4699189802912076e-05,3.4699189802912076e-05,456
RR3-40 OSD-168 FLT−GC,PC1,BDH2,-5.3737504405433766e-05,5.3737504405433766e-05,161
RR3-40 OSD-168 FLT−GC,PC1,BLVRB,4.6652499897103035e-05,4.6652499897103035e-05,206
RR3-40 OSD-168 FLT−GC,PC1,BOP1,-3.758059789008467e-05,3.758059789008467e-05,366
RR3-40 OSD-168 FLT−GC,PC1,BRAP,3.654020021755138e-05,3.654020021755138e-05,400
RR3-40 OSD-168 FLT−GC,PC1,BTG2,8.197214055254946e-05,8.197214055254946e-05,47
RR3-40 OSD-168 FLT−GC,PC1,BZW2,-3.5263712341784264e-05,3.5263712341784264e-05,438
RR3-40 OSD-168 FLT−GC,PC1,C8B,-3.7164431287343457e-05,3.7164431287343457e-05,381
RR3-40 OSD-168 FLT−GC,PC1,CACYBP,-3.697964491874589e-05,3.697964491874589e-05,386
RR3-40 OSD-168 FLT−GC,PC1,CALCOCO1,3.68583704178543e-05,3.68583704178543e-05,389
RR3-40 OSD-168 FLT−GC,PC1,CALML3,-4.1229518744450405e-05,4.1229518744450405e-05,287
RR3-40 OSD-168 FLT−GC,PC1,CARMIL1,-7.879893035305675e-05,7.879893035305675e-05,55
RR3-40 OSD-168 FLT−GC,PC1,CCNB1IP1,5.766005385248717e-05,5.766005385248717e-05,131
RR3-40 OSD-168 FLT−GC,PC1,CD36,-3.6246754836758716e-05,3.6246754836758716e-05,409
RR3-40 OSD-168 FLT−GC,PC1,CDA,3.887831089410474e-05,3.887831089410474e-05,333
RR3-40 OSD-168 FLT−GC,PC1,CDK2AP2,-4.132526489101841e-05,4.132526489101841e-05,285
RR3-40 OSD-168 FLT−GC,PC1,CEBPB,5.7968809656464735e-05,5.7968809656464735e-05,129
RR3-40 OSD-168 FLT−GC,PC1,CEP20,-3.647474590504792e-05,3.647474590504792e-05,402
RR3-40 OSD-168 FLT−GC,PC1,CERKL,3.440139245384585e-05,3.440139245384585e-05,469
RR3-40 OSD-168 FLT−GC,PC1,CHORDC1,-3.4869993450633994e-05,3.4869993450633994e-05,448
RR3-40 OSD-168 FLT−GC,PC1,CKS2,-3.377205553009799e-05,3.377205553009799e-05,497
RR3-40 OSD-168 FLT−GC,PC1,CLCN2,-6.033279215810161e-05,6.033279215810161e-05,114
RR3-40 OSD-168 FLT−GC,PC1,CMIP,5.309564017472347e-05,5.309564017472347e-05,164
RR3-40 OSD-168 FLT−GC,PC1,CMPK2,-4.1954926253546016e-05,4.1954926253546016e-05,274
RR3-40 OSD-168 FLT−GC,PC1,CNP,-3.424514599566496e-05,3.424514599566496e-05,475
RR3-40 OSD-168 FLT−GC,PC1,COPZ2,-4.51858158471197e-05,4.51858158471197e-05,232
RR3-40 OSD-168 FLT−GC,PC1,COQ8A,-3.38704162787554e-05,3.38704162787554e-05,492
RR3-40 OSD-168 FLT−GC,PC1,COX11,-3.734500026339516e-05,3.734500026339516e-05,370
RR3-40 OSD-168 FLT−GC,PC1,COX16,-3.893985897313806e-05,3.893985897313806e-05,331
RR3-40 OSD-168 FLT−GC,PC1,COX7A1,-6.651618529983193e-05,6.651618529983193e-05,82
RR3-40 OSD-168 FLT−GC,PC1,CPT1A,3.515894565169047e-05,3.515894565169047e-05,440
RR3-40 OSD-168 FLT−GC,PC1,CRAT,3.5437645458060345e-05,3.5437645458060345e-05,433
RR3-40 OSD-168 FLT−GC,PC1,CRELD2,-9.431376969420734e-05,9.431376969420734e-05,31
RR3-40 OSD-168 FLT−GC,PC1,CRY1,-5.128869293105794e-05,5.128869293105794e-05,177
RR3-40 OSD-168 FLT−GC,PC1,CRYBA2,-3.546310296510614e-05,3.546310296510614e-05,431
RR3-40 OSD-168 FLT−GC,PC1,CRYGC,-3.724475716569859e-05,3.724475716569859e-05,377
RR3-40 OSD-168 FLT−GC,PC1,CRYL1,-3.537719913072996e-05,3.537719913072996e-05,435
RR3-40 OSD-168 FLT−GC,PC1,CRYM,-4.819253976878528e-05,4.819253976878528e-05,195
RR3-40 OSD-168 FLT−GC,PC1,CSAD,0.00013058864551728113,0.00013058864551728113,8
RR3-40 OSD-168 FLT−GC,PC1,CSRP3,5.604693338206377e-05,5.604693338206377e-05,146
RR3-40 OSD-168 FLT−GC,PC1,CTSE,6.982642437603033e-05,6.982642437603033e-05,72
RR3-40 OSD-168 FLT−GC,PC1,CYB5B,-3.4152754978949245e-05,3.4152754978949245e-05,481
RR3-40 OSD-168 FLT−GC,PC1,CYB5R3,-3.6060404007736916e-05,3.6060404007736916e-05,414
RR3-40 OSD-168 FLT−GC,PC1,CYP17A1,-4.834108056271947e-05,4.834108056271947e-05,193
RR3-40 OSD-168 FLT−GC,PC1,CYP51A1,-6.237226038578175e-05,6.237226038578175e-05,103
RR3-40 OSD-168 FLT−GC,PC1,CYP7A1,-5.2480174001032955e-05,5.2480174001032955e-05,167
RR3-40 OSD-168 FLT−GC,PC1,DBT,-3.562502415361821e-05,3.562502415361821e-05,427
RR3-40 OSD-168 FLT−GC,PC1,DCLK3,-3.8163053350443536e-05,3.8163053350443536e-05,347
RR3-40 OSD-168 FLT−GC,PC1,DCUN1D5,-3.4496325099661285e-05,3.4496325099661285e-05,464
RR3-40 OSD-168 FLT−GC,PC1,DCXR,-3.4282546766282574e-05,3.4282546766282574e-05,473
RR3-40 OSD-168 FLT−GC,PC1,DDX17,-3.3725789661953346e-05,3.3725789661953346e-05,500
RR3-40 OSD-168 FLT−GC,PC1,DDX49,-3.646622323354904e-05,3.646622323354904e-05,404
RR3-40 OSD-168 FLT−GC,PC1,DENND4A,5.1931040804512135e-05,5.1931040804512135e-05,173
RR3-40 OSD-168 FLT−GC,PC1,DHCR7,-6.154903606130557e-05,6.154903606130557e-05,109
RR3-40 OSD-168 FLT−GC,PC1,DIO1,0.0001734712762114234,0.0001734712762114234,2
RR3-40 OSD-168 FLT−GC,PC1,DNAJA1,-5.70779592954289e-05,5.70779592954289e-05,138
RR3-40 OSD-168 FLT−GC,PC1,DNAJB11,-3.4176783400453604e-05,3.4176783400453604e-05,480
RR3-40 OSD-168 FLT−GC,PC1,DNAJB2,-3.915265316847163e-05,3.915265316847163e-05,325
RR3-40 OSD-168 FLT−GC,PC1,DOCK6,-3.781690707379294e-05,3.781690707379294e-05,359
RR3-40 OSD-168 FLT−GC,PC1,DPY19L1,-4.310061879554369e-05,4.310061879554369e-05,257
RR3-40 OSD-168 FLT−GC,PC1,DSC2,3.822650920049148e-05,3.822650920049148e-05,344
RR3-40 OSD-168 FLT−GC,PC1,DUSP1,3.593538856165218e-05,3.593538856165218e-05,416
RR3-40 OSD-168 FLT−GC,PC1,EARS2,-4.095140784396212e-05,4.095140784396212e-05,293
RR3-40 OSD-168 FLT−GC,PC1,EEF1AKMT1,-3.907622083472987e-05,3.907622083472987e-05,328
RR3-40 OSD-168 FLT−GC,PC1,EEPD1,-4.101700125539938e-05,4.101700125539938e-05,290
RR3-40 OSD-168 FLT−GC,PC1,EGLN3,-3.385699415651817e-05,3.385699415651817e-05,494
RR3-40 OSD-168 FLT−GC,PC1,EGR1,5.540241915333665e-05,5.540241915333665e-05,153
RR3-40 OSD-168 FLT−GC,PC1,EIF2AK2,-3.442649446763674e-05,3.442649446763674e-05,467
RR3-40 OSD-168 FLT−GC,PC1,ELL3,-4.71013448113358e-05,4.71013448113358e-05,203
RR3-40 OSD-168 FLT−GC,PC1,ELOVL6,-0.00012184966238407621,0.00012184966238407621,14
RR3-40 OSD-168 FLT−GC,PC1,EMC9,-5.121359185324519e-05,5.121359185324519e-05,178
RR3-40 OSD-168 FLT−GC,PC1,ENDOG,-4.657213796792767e-05,4.657213796792767e-05,211
RR3-40 OSD-168 FLT−GC,PC1,ENHO,0.00011643924857262871,0.00011643924857262871,16
RR3-40 OSD-168 FLT−GC,PC1,ENPP2,4.775348833008223e-05,4.775348833008223e-05,197
RR3-40 OSD-168 FLT−GC,PC1,EPS8L2,4.252555789255682e-05,4.252555789255682e-05,261
RR3-40 OSD-168 FLT−GC,PC1,ETNK2,-3.722287283443714e-05,3.722287283443714e-05,378
RR3-40 OSD-168 FLT−GC,PC1,EXOSC9,-3.513486846119006e-05,3.513486846119006e-05,441
RR3-40 OSD-168 FLT−GC,PC1,FADS6,-7.21277100449481e-05,7.21277100449481e-05,65
RR3-40 OSD-168 FLT−GC,PC1,FAM13A,-7.553674524286875e-05,7.553674524286875e-05,62
RR3-40 OSD-168 FLT−GC,PC1,FAM20C,-3.399101573253849e-05,3.399101573253849e-05,484
RR3-40 OSD-168 FLT−GC,PC1,FAM210B,4.6861308948968734e-05,4.6861308948968734e-05,205
RR3-40 OSD-168 FLT−GC,PC1,FAM47E,-7.127060082514592e-05,7.127060082514592e-05,68
RR3-40 OSD-168 FLT−GC,PC1,FAM89A,3.857301998155645e-05,3.857301998155645e-05,336
RR3-40 OSD-168 FLT−GC,PC1,FAM98B,-3.7466322151995486e-05,3.7466322151995486e-05,368
RR3-40 OSD-168 FLT−GC,PC1,FASN,-0.00013158647356915128,0.00013158647356915128,7
RR3-40 OSD-168 FLT−GC,PC1,FBXO4,-3.376223557709081e-05,3.376223557709081e-05,499
RR3-40 OSD-168 FLT−GC,PC1,FDFT1,-6.804662589227096e-05,6.804662589227096e-05,78
RR3-40 OSD-168 FLT−GC,PC1,FDPS,-8.7252660033015e-05,8.7252660033015e-05,40
RR3-40 OSD-168 FLT−GC,PC1,FGF1,3.5440532473105795e-05,3.5440532473105795e-05,432
RR3-40 OSD-168 FLT−GC,PC1,FGF21,0.0001458773439956334,0.0001458773439956334,5
RR3-40 OSD-168 FLT−GC,PC1,FGFR3,-3.840770065686128e-05,3.840770065686128e-05,342
RR3-40 OSD-168 FLT−GC,PC1,FKBP11,-4.563330610206779e-05,4.563330610206779e-05,223
RR3-40 OSD-168 FLT−GC,PC1,FKBP4,-5.501904099679005e-05,5.501904099679005e-05,156
RR3-40 OSD-168 FLT−GC,PC1,FKBP5,6.890434721211274e-05,6.890434721211274e-05,75
RR3-40 OSD-168 FLT−GC,PC1,FNIP2,4.338201543178504e-05,4.338201543178504e-05,254
RR3-40 OSD-168 FLT−GC,PC1,FOXA3,0.00010660442666108039,0.00010660442666108039,21
RR3-40 OSD-168 FLT−GC,PC1,FUOM,-4.081062721134536e-05,4.081062721134536e-05,295
RR3-40 OSD-168 FLT−GC,PC1,GADD45B,7.053901017601099e-05,7.053901017601099e-05,70
RR3-40 OSD-168 FLT−GC,PC1,GADD45G,0.0001013339832420487,0.0001013339832420487,23
RR3-40 OSD-168 FLT−GC,PC1,GALE,-0.00012723424666803243,0.00012723424666803243,11
RR3-40 OSD-168 FLT−GC,PC1,GALT,-4.54103715181376e-05,4.54103715181376e-05,226
RR3-40 OSD-168 FLT−GC,PC1,GART,-4.6188762054505096e-05,4.6188762054505096e-05,216
RR3-40 OSD-168 FLT−GC,PC1,GAS2,-5.044729198777313e-05,5.044729198777313e-05,180
RR3-40 OSD-168 FLT−GC,PC1,GBF1,-3.97733226558027e-05,3.97733226558027e-05,317
RR3-40 OSD-168 FLT−GC,PC1,GCAT,-4.143482378506096e-05,4.143482378506096e-05,284
RR3-40 OSD-168 FLT−GC,PC1,GCK,-9.995380171453422e-05,9.995380171453422e-05,27
RR3-40 OSD-168 FLT−GC,PC1,GDF15,5.6642965458594924e-05,5.6642965458594924e-05,143
RR3-40 OSD-168 FLT−GC,PC1,GFPT1,-3.42022453007491e-05,3.42022453007491e-05,479
RR3-40 OSD-168 FLT−GC,PC1,GGT6,-5.240177870539319e-05,5.240177870539319e-05,168
RR3-40 OSD-168 FLT−GC,PC1,GLT1D1,-3.3849460970778334e-05,3.3849460970778334e-05,495
RR3-40 OSD-168 FLT−GC,PC1,GMNN,-4.6091604317488645e-05,4.6091604317488645e-05,217
RR3-40 OSD-168 FLT−GC,PC1,GMPPA,-3.6940028208866926e-05,3.6940028208866926e-05,388
RR3-40 OSD-168 FLT−GC,PC1,GMPPB,-6.906775529145707e-05,6.906775529145707e-05,74
RR3-40 OSD-168 FLT−GC,PC1,GMPS,-3.999448784481743e-05,3.999448784481743e-05,312
RR3-40 OSD-168 FLT−GC,PC1,GNPNAT1,-3.395690134902169e-05,3.395690134902169e-05,488
RR3-40 OSD-168 FLT−GC,PC1,GPAM,-6.989555916127931e-05,6.989555916127931e-05,71
RR3-40 OSD-168 FLT−GC,PC1,GPAT3,3.4241977662217926e-05,3.4241977662217926e-05,476
RR3-40 OSD-168 FLT−GC,PC1,GPAT4,-3.725823467586035e-05,3.725823467586035e-05,376
RR3-40 OSD-168 FLT−GC,PC1,GPT2,-5.57435588716464e-05,5.57435588716464e-05,150
RR3-40 OSD-168 FLT−GC,PC1,GRB7,-4.225997741159425e-05,4.225997741159425e-05,265
RR3-40 OSD-168 FLT−GC,PC1,GSAP,-3.5723660136137726e-05,3.5723660136137726e-05,424
RR3-40 OSD-168 FLT−GC,PC1,GSDMD,-5.006187914752122e-05,5.006187914752122e-05,182
RR3-40 OSD-168 FLT−GC,PC1,GSN,-5.334734316822805e-05,5.334734316822805e-05,163
RR3-40 OSD-168 FLT−GC,PC1,GYPC,-3.398725844735116e-05,3.398725844735116e-05,485
RR3-40 OSD-168 FLT−GC,PC1,HAO2,-4.551348402924102e-05,4.551348402924102e-05,225
RR3-40 OSD-168 FLT−GC,PC1,HDGFL2,-3.727614051359107e-05,3.727614051359107e-05,374
RR3-40 OSD-168 FLT−GC,PC1,HDHD3,-5.734405558679487e-05,5.734405558679487e-05,135
RR3-40 OSD-168 FLT−GC,PC1,HEATR1,-3.404413808514801e-05,3.404413808514801e-05,482
RR3-40 OSD-168 FLT−GC,PC1,HES6,-0.00012850850774998062,0.00012850850774998062,9
RR3-40 OSD-168 FLT−GC,PC1,HGF,4.2972294766647907e-05,4.2972294766647907e-05,258
RR3-40 OSD-168 FLT−GC,PC1,HIGD1A,-4.117199867135409e-05,4.117199867135409e-05,289
RR3-40 OSD-168 FLT−GC,PC1,HMGCR,-8.903844070036337e-05,8.903844070036337e-05,38
RR3-40 OSD-168 FLT−GC,PC1,HNMT,-8.214505912645436e-05,8.214505912645436e-05,46
RR3-40 OSD-168 FLT−GC,PC1,HSD17B7,-5.542327808532693e-05,5.542327808532693e-05,152
RR3-40 OSD-168 FLT−GC,PC1,HSP90AA1,-4.188687716436903e-05,4.188687716436903e-05,276
RR3-40 OSD-168 FLT−GC,PC1,HSPA13,-5.50302521394921e-05,5.50302521394921e-05,155
RR3-40 OSD-168 FLT−GC,PC1,HSPB8,-3.422272886767407e-05,3.422272886767407e-05,478
RR3-40 OSD-168 FLT−GC,PC1,HSPH1,-7.998583642416283e-05,7.998583642416283e-05,48
RR3-40 OSD-168 FLT−GC,PC1,HYOU1,-6.226766601713163e-05,6.226766601713163e-05,104
RR3-40 OSD-168 FLT−GC,PC1,ID1,-3.906046950963878e-05,3.906046950963878e-05,329
RR3-40 OSD-168 FLT−GC,PC1,ID3,-9.377967199811996e-05,9.377967199811996e-05,33
RR3-40 OSD-168 FLT−GC,PC1,IDI1,-7.994392045074316e-05,7.994392045074316e-05,49
RR3-40 OSD-168 FLT−GC,PC1,IER2,4.462845985563331e-05,4.462845985563331e-05,240
RR3-40 OSD-168 FLT−GC,PC1,IFI35,-3.810131262491849e-05,3.810131262491849e-05,352
RR3-40 OSD-168 FLT−GC,PC1,IGFBP1,0.00012389687128220458,0.00012389687128220458,13
RR3-40 OSD-168 FLT−GC,PC1,IL15RA,4.032429592316374e-05,4.032429592316374e-05,302
RR3-40 OSD-168 FLT−GC,PC1,IL18,-5.21505092776984e-05,5.21505092776984e-05,172
RR3-40 OSD-168 FLT−GC,PC1,IL1RAP,-3.7338467498566335e-05,3.7338467498566335e-05,371
RR3-40 OSD-168 FLT−GC,PC1,INF2,-5.645841457433829e-05,5.645841457433829e-05,145
RR3-40 OSD-168 FLT−GC,PC1,INHBE,6.580331676841322e-05,6.580331676841322e-05,85
RR3-40 OSD-168 FLT−GC,PC1,INSC,-6.783039358342175e-05,6.783039358342175e-05,79
RR3-40 OSD-168 FLT−GC,PC1,INSIG1,-0.00010075094753309713,0.00010075094753309713,25
RR3-40 OSD-168 FLT−GC,PC1,IRF1,-4.6328133173603805e-05,4.6328133173603805e-05,212
RR3-40 OSD-168 FLT−GC,PC1,IRF6,3.7714536710869194e-05,3.7714536710869194e-05,363
RR3-40 OSD-168 FLT−GC,PC1,IRF9,-6.0610099273512124e-05,6.0610099273512124e-05,112
RR3-40 OSD-168 FLT−GC,PC1,IRS2,6.297993165099358e-05,6.297993165099358e-05,100
RR3-40 OSD-168 FLT−GC,PC1,ISG15,-8.722232416943091e-05,8.722232416943091e-05,41
RR3-40 OSD-168 FLT−GC,PC1,ITPK1,-3.4917461035705216e-05,3.4917461035705216e-05,446
RR3-40 OSD-168 FLT−GC,PC1,IZUMO4,-4.0022853319623916e-05,4.0022853319623916e-05,311
RR3-40 OSD-168 FLT−GC,PC1,JOSD2,-3.4624207696291344e-05,3.4624207696291344e-05,459
RR3-40 OSD-168 FLT−GC,PC1,JUN,9.61440032601997e-05,9.61440032601997e-05,30
RR3-40 OSD-168 FLT−GC,PC1,JUNB,5.935516664433241e-05,5.935516664433241e-05,117
RR3-40 OSD-168 FLT−GC,PC1,KANK2,-4.525326673866787e-05,4.525326673866787e-05,230
RR3-40 OSD-168 FLT−GC,PC1,KCNK5,-5.024537047992395e-05,5.024537047992395e-05,181
RR3-40 OSD-168 FLT−GC,PC1,KIAA0319,-4.5142542185493864e-05,4.5142542185493864e-05,233
RR3-40 OSD-168 FLT−GC,PC1,KIF13B,-3.535827300229938e-05,3.535827300229938e-05,436
RR3-40 OSD-168 FLT−GC,PC1,KLC4,-3.877080321872483e-05,3.877080321872483e-05,334
RR3-40 OSD-168 FLT−GC,PC1,KLF10,4.582275946389872e-05,4.582275946389872e-05,220
RR3-40 OSD-168 FLT−GC,PC1,KLF15,-4.9707117636971796e-05,4.9707117636971796e-05,186
RR3-40 OSD-168 FLT−GC,PC1,KPNB1,-4.1750522572459465e-05,4.1750522572459465e-05,278
RR3-40 OSD-168 FLT−GC,PC1,KRT12,-6.716293761242352e-05,6.716293761242352e-05,81
RR3-40 OSD-168 FLT−GC,PC1,KRT23,3.923486689963489e-05,3.923486689963489e-05,324
RR3-40 OSD-168 FLT−GC,PC1,L2HGDH,-3.648261601662109e-05,3.648261601662109e-05,401
RR3-40 OSD-168 FLT−GC,PC1,LARS2,-5.657817122552581e-05,5.657817122552581e-05,144
RR3-40 OSD-168 FLT−GC,PC1,LAS1L,-3.843265661629897e-05,3.843265661629897e-05,341
RR3-40 OSD-168 FLT−GC,PC1,LBR,-3.4228524816842774e-05,3.4228524816842774e-05,477
RR3-40 OSD-168 FLT−GC,PC1,LCN2,6.529902354859184e-05,6.529902354859184e-05,88
RR3-40 OSD-168 FLT−GC,PC1,LDLR,-7.769801731418477e-05,7.769801731418477e-05,56
RR3-40 OSD-168 FLT−GC,PC1,LEO1,-3.685824376485136e-05,3.685824376485136e-05,390
RR3-40 OSD-168 FLT−GC,PC1,LEPR,6.219088406651444e-05,6.219088406651444e-05,105
RR3-40 OSD-168 FLT−GC,PC1,LHPP,-5.696618039878841e-05,5.696618039878841e-05,140
RR3-40 OSD-168 FLT−GC,PC1,LIMS2,3.4549258137044804e-05,3.4549258137044804e-05,461
RR3-40 OSD-168 FLT−GC,PC1,LIPG,-3.636760928063707e-05,3.636760928063707e-05,407
RR3-40 OSD-168 FLT−GC,PC1,LRRC3,-4.241967446039417e-05,4.241967446039417e-05,262
RR3-40 OSD-168 FLT−GC,PC1,LRRC59,-4.6606846012868106e-05,4.6606846012868106e-05,209
RR3-40 OSD-168 FLT−GC,PC1,LRTM1,-4.0984260246948346e-05,4.0984260246948346e-05,292
RR3-40 OSD-168 FLT−GC,PC1,LSM5,-3.953717348785656e-05,3.953717348785656e-05,319
RR3-40 OSD-168 FLT−GC,PC1,LSS,-7.94053702392262e-05,7.94053702392262e-05,50
RR3-40 OSD-168 FLT−GC,PC1,LYPD2,-4.443435264734015e-05,4.443435264734015e-05,242
RR3-40 OSD-168 FLT−GC,PC1,LYST,-3.3935895647708566e-05,3.3935895647708566e-05,491
RR3-40 OSD-168 FLT−GC,PC1,MACROD1,-4.212841366179027e-05,4.212841366179027e-05,267
RR3-40 OSD-168 FLT−GC,PC1,MAGT1,-4.4043111893849815e-05,4.4043111893849815e-05,246
RR3-40 OSD-168 FLT−GC,PC1,MANF,-0.00010034814613211769,0.00010034814613211769,26
RR3-40 OSD-168 FLT−GC,PC1,MARCO,-3.4778655665251426e-05,3.4778655665251426e-05,450
RR3-40 OSD-168 FLT−GC,PC1,MCTP2,-3.852699790314996e-05,3.852699790314996e-05,337
RR3-40 OSD-168 FLT−GC,PC1,MDFIC,3.768310580849234e-05,3.768310580849234e-05,364
RR3-40 OSD-168 FLT−GC,PC1,MEIOB,-3.667059250066898e-05,3.667059250066898e-05,396
RR3-40 OSD-168 FLT−GC,PC1,METTL1,-4.5326998548872826e-05,4.5326998548872826e-05,227
RR3-40 OSD-168 FLT−GC,PC1,MFSD2A,5.098661527934355e-05,5.098661527934355e-05,179
RR3-40 OSD-168 FLT−GC,PC1,MGAT2,-4.0039810228985494e-05,4.0039810228985494e-05,310
RR3-40 OSD-168 FLT−GC,PC1,MGST3,-3.7147840519200554e-05,3.7147840519200554e-05,382
RR3-40 OSD-168 FLT−GC,PC1,MID1IP1,-0.00013782701974427472,0.00013782701974427472,6
RR3-40 OSD-168 FLT−GC,PC1,MIGA2,-4.977656184542411e-05,4.977656184542411e-05,185
RR3-40 OSD-168 FLT−GC,PC1,MITD1,-3.783744395997718e-05,3.783744395997718e-05,358
RR3-40 OSD-168 FLT−GC,PC1,MKKS,-3.713259121873344e-05,3.713259121873344e-05,383
RR3-40 OSD-168 FLT−GC,PC1,MLEC,-3.773023788321251e-05,3.773023788321251e-05,362
RR3-40 OSD-168 FLT−GC,PC1,MLX,-6.158034183511547e-05,6.158034183511547e-05,108
RR3-40 OSD-168 FLT−GC,PC1,MLXIPL,-5.932646804957989e-05,5.932646804957989e-05,118
RR3-40 OSD-168 FLT−GC,PC1,MMAB,-4.6575270178223897e-05,4.6575270178223897e-05,210
RR3-40 OSD-168 FLT−GC,PC1,MMD,3.477037384971474e-05,3.477037384971474e-05,451
RR3-40 OSD-168 FLT−GC,PC1,MMD2,-5.284939605498424e-05,5.284939605498424e-05,165
RR3-40 OSD-168 FLT−GC,PC1,MMP19,-4.3351313686557746e-05,4.3351313686557746e-05,256
RR3-40 OSD-168 FLT−GC,PC1,MOCOS,-3.7055583158859645e-05,3.7055583158859645e-05,384
RR3-40 OSD-168 FLT−GC,PC1,MPST,-3.6726588888085086e-05,3.6726588888085086e-05,395
RR3-40 OSD-168 FLT−GC,PC1,MPV17L,-5.34110452885911e-05,5.34110452885911e-05,162
RR3-40 OSD-168 FLT−GC,PC1,MRPL15,-3.79820254443861e-05,3.79820254443861e-05,355
RR3-40 OSD-168 FLT−GC,PC1,MRTO4,-3.9932435939843445e-05,3.9932435939843445e-05,313
RR3-40 OSD-168 FLT−GC,PC1,MSMO1,-0.0001068503801166758,0.0001068503801166758,20
RR3-40 OSD-168 FLT−GC,PC1,MT-CO2,-4.3975342686156224e-05,4.3975342686156224e-05,248
RR3-40 OSD-168 FLT−GC,PC1,MT1X,0.00010896511367176103,0.00010896511367176103,19
RR3-40 OSD-168 FLT−GC,PC1,MTFP1,-3.979259584718371e-05,3.979259584718371e-05,316
RR3-40 OSD-168 FLT−GC,PC1,MTHFR,4.728490750130518e-05,4.728490750130518e-05,201
RR3-40 OSD-168 FLT−GC,PC1,MTLN,-3.605253269292317e-05,3.605253269292317e-05,415
RR3-40 OSD-168 FLT−GC,PC1,MTMR10,4.41222134094893e-05,4.41222134094893e-05,245
RR3-40 OSD-168 FLT−GC,PC1,MTSS1,-4.026997009893394e-05,4.026997009893394e-05,304
RR3-40 OSD-168 FLT−GC,PC1,MUS81,-3.476285132768412e-05,3.476285132768412e-05,453
RR3-40 OSD-168 FLT−GC,PC1,MVD,-0.00015296552666351434,0.00015296552666351434,4
RR3-40 OSD-168 FLT−GC,PC1,MVK,-6.391683683782799e-05,6.391683683782799e-05,96
RR3-40 OSD-168 FLT−GC,PC1,NAGS,-4.489622159098907e-05,4.489622159098907e-05,236
RR3-40 OSD-168 FLT−GC,PC1,NARF,-3.538097230158145e-05,3.538097230158145e-05,434
RR3-40 OSD-168 FLT−GC,PC1,NBAS,-6.0113770573315204e-05,6.0113770573315204e-05,116
RR3-40 OSD-168 FLT−GC,PC1,NCALD,4.7701508012256715e-05,4.7701508012256715e-05,199
RR3-40 OSD-168 FLT−GC,PC1,NCEH1,8.615328875555754e-05,8.615328875555754e-05,43
RR3-40 OSD-168 FLT−GC,PC1,NDRG1,4.928600358412175e-05,4.928600358412175e-05,188
RR3-40 OSD-168 FLT−GC,PC1,NDUFAB1,-4.200670818199082e-05,4.200670818199082e-05,272
RR3-40 OSD-168 FLT−GC,PC1,NDUFAF4,-3.589900839482178e-05,3.589900839482178e-05,417
RR3-40 OSD-168 FLT−GC,PC1,NDUFAF8,-4.0085442573445834e-05,4.0085442573445834e-05,308
RR3-40 OSD-168 FLT−GC,PC1,NECTIN1,-4.523557088021963e-05,4.523557088021963e-05,231
RR3-40 OSD-168 FLT−GC,PC1,NGDN,-3.39932485444496e-05,3.39932485444496e-05,483
RR3-40 OSD-168 FLT−GC,PC1,NIBAN2,6.596371467391188e-05,6.596371467391188e-05,84
RR3-40 OSD-168 FLT−GC,PC1,NLRP12,7.729012215440134e-05,7.729012215440134e-05,58
RR3-40 OSD-168 FLT−GC,PC1,NLRP6,-3.719213710377943e-05,3.719213710377943e-05,380
RR3-40 OSD-168 FLT−GC,PC1,NME6,-6.449254548717035e-05,6.449254548717035e-05,94
RR3-40 OSD-168 FLT−GC,PC1,NME7,5.812988161288249e-05,5.812988161288249e-05,128
RR3-40 OSD-168 FLT−GC,PC1,NNMT,-0.00010126007980335174,0.00010126007980335174,24
RR3-40 OSD-168 FLT−GC,PC1,NOTCH1,3.6061099563205336e-05,3.6061099563205336e-05,413
RR3-40 OSD-168 FLT−GC,PC1,NPC1,3.730535267159463e-05,3.730535267159463e-05,373
RR3-40 OSD-168 FLT−GC,PC1,NR1D1,-8.561976652583809e-05,8.561976652583809e-05,44
RR3-40 OSD-168 FLT−GC,PC1,NR1D2,-3.5824819390473313e-05,3.5824819390473313e-05,421
RR3-40 OSD-168 FLT−GC,PC1,NR1I3,5.7804111523624805e-05,5.7804111523624805e-05,130
RR3-40 OSD-168 FLT−GC,PC1,NR4A1,3.681386985972434e-05,3.681386985972434e-05,391
RR3-40 OSD-168 FLT−GC,PC1,NSDHL,-4.164418893139756e-05,4.164418893139756e-05,281
RR3-40 OSD-168 FLT−GC,PC1,NUDT22,-6.395853225036425e-05,6.395853225036425e-05,95
RR3-40 OSD-168 FLT−GC,PC1,NUDT7,-9.87391128217759e-05,9.87391128217759e-05,28
RR3-40 OSD-168 FLT−GC,PC1,OCIAD2,-4.20576729667276e-05,4.20576729667276e-05,269
RR3-40 OSD-168 FLT−GC,PC1,OGT,-6.35414321776843e-05,6.35414321776843e-05,97
RR3-40 OSD-168 FLT−GC,PC1,OSBP,-3.798827559453146e-05,3.798827559453146e-05,354
RR3-40 OSD-168 FLT−GC,PC1,OSGIN1,5.699459896823475e-05,5.699459896823475e-05,139
RR3-40 OSD-168 FLT−GC,PC1,PALMD,4.530505837662745e-05,4.530505837662745e-05,229
RR3-40 OSD-168 FLT−GC,PC1,PAOX,-7.913887834776167e-05,7.913887834776167e-05,52
RR3-40 OSD-168 FLT−GC,PC1,PARP12,-4.094558956444613e-05,4.094558956444613e-05,294
RR3-40 OSD-168 FLT−GC,PC1,PARP14,-3.559451190316975e-05,3.559451190316975e-05,429
RR3-40 OSD-168 FLT−GC,PC1,PARP9,-3.822637679443269e-05,3.822637679443269e-05,345
RR3-40 OSD-168 FLT−GC,PC1,PAXX,-0.00011779616072982089,0.00011779616072982089,15
RR3-40 OSD-168 FLT−GC,PC1,PCP4L1,5.444633810218361e-05,5.444633810218361e-05,159
RR3-40 OSD-168 FLT−GC,PC1,PCSK9,-0.0001246757150514349,0.0001246757150514349,12
RR3-40 OSD-168 FLT−GC,PC1,PDE4B,-5.221855146514717e-05,5.221855146514717e-05,171
RR3-40 OSD-168 FLT−GC,PC1,PDE9A,-6.290428629121119e-05,6.290428629121119e-05,101
RR3-40 OSD-168 FLT−GC,PC1,PDF,-3.609848565941063e-05,3.609848565941063e-05,412
RR3-40 OSD-168 FLT−GC,PC1,PDK4,9.348290621605625e-05,9.348290621605625e-05,34
RR3-40 OSD-168 FLT−GC,PC1,PDLIM1,-4.232101770347845e-05,4.232101770347845e-05,264
RR3-40 OSD-168 FLT−GC,PC1,PDZD11,-3.6159422174567986e-05,3.6159422174567986e-05,411
RR3-40 OSD-168 FLT−GC,PC1,PEG3,4.1844645968372266e-05,4.1844645968372266e-05,277
RR3-40 OSD-168 FLT−GC,PC1,PET100,-3.431479629329345e-05,3.431479629329345e-05,471
RR3-40 OSD-168 FLT−GC,PC1,PEX11G,-3.44870797182115e-05,3.44870797182115e-05,465
RR3-40 OSD-168 FLT−GC,PC1,PEX26,-3.811800031423566e-05,3.811800031423566e-05,351
RR3-40 OSD-168 FLT−GC,PC1,PFDN4,-3.803501035640495e-05,3.803501035640495e-05,353
RR3-40 OSD-168 FLT−GC,PC1,PFKFB1,-6.142332102145293e-05,6.142332102145293e-05,110
RR3-40 OSD-168 FLT−GC,PC1,PGAP2,-3.967106728233114e-05,3.967106728233114e-05,318
RR3-40 OSD-168 FLT−GC,PC1,PI4K2A,-4.0987838024593796e-05,4.0987838024593796e-05,291
RR3-40 OSD-168 FLT−GC,PC1,PKLR,-3.645600674765212e-05,3.645600674765212e-05,405
RR3-40 OSD-168 FLT−GC,PC1,PLIN4,-3.518703069800403e-05,3.518703069800403e-05,439
RR3-40 OSD-168 FLT−GC,PC1,PLIN5,3.5830864243482756e-05,3.5830864243482756e-05,420
RR3-40 OSD-168 FLT−GC,PC1,PLLP,5.690917162304714e-05,5.690917162304714e-05,141
RR3-40 OSD-168 FLT−GC,PC1,PMF1,-5.280350164161834e-05,5.280350164161834e-05,166
RR3-40 OSD-168 FLT−GC,PC1,PMVK,-5.2246780675943955e-05,5.2246780675943955e-05,170
RR3-40 OSD-168 FLT−GC,PC1,POLD2,-5.7112692085043915e-05,5.7112692085043915e-05,137
RR3-40 OSD-168 FLT−GC,PC1,POLR2H,-4.1977503268442004e-05,4.1977503268442004e-05,273
RR3-40 OSD-168 FLT−GC,PC1,PPARA,4.6322450895550255e-05,4.6322450895550255e-05,213
RR3-40 OSD-168 FLT−GC,PC1,PPAT,-4.5309158324978544e-05,4.5309158324978544e-05,228
RR3-40 OSD-168 FLT−GC,PC1,PPID,-4.567844512650627e-05,4.567844512650627e-05,221
RR3-40 OSD-168 FLT−GC,PC1,PPIF,-5.1358452420873794e-05,5.1358452420873794e-05,176
RR3-40 OSD-168 FLT−GC,PC1,PPIL1,-3.9332988788437144e-05,3.9332988788437144e-05,323
RR3-40 OSD-168 FLT−GC,PC1,PPM1K,6.314609442304337e-05,6.314609442304337e-05,99
RR3-40 OSD-168 FLT−GC,PC1,PPP1R3B,-5.1649955161765063e-05,5.1649955161765063e-05,174
RR3-40 OSD-168 FLT−GC,PC1,PPP1R3G,4.5126267232958115e-05,4.5126267232958115e-05,234
RR3-40 OSD-168 FLT−GC,PC1,PROK1,5.144904808579155e-05,5.144904808579155e-05,175
RR3-40 OSD-168 FLT−GC,PC1,PRXL2A,-5.396116203705076e-05,5.396116203705076e-05,160
RR3-40 OSD-168 FLT−GC,PC1,PRXL2B,-5.8350035997687845e-05,5.8350035997687845e-05,125
RR3-40 OSD-168 FLT−GC,PC1,PSEN2,-3.8178397172764166e-05,3.8178397172764166e-05,346
RR3-40 OSD-168 FLT−GC,PC1,PSTPIP2,-4.967764906589112e-05,4.967764906589112e-05,187
RR3-40 OSD-168 FLT−GC,PC1,PTGDS,-3.394975180952278e-05,3.394975180952278e-05,489
RR3-40 OSD-168 FLT−GC,PC1,PTRH2,-3.397612241747811e-05,3.397612241747811e-05,487
RR3-40 OSD-168 FLT−GC,PC1,PTS,-3.475855488547763e-05,3.475855488547763e-05,454
RR3-40 OSD-168 FLT−GC,PC1,QPRT,-3.79768026444363e-05,3.79768026444363e-05,356
RR3-40 OSD-168 FLT−GC,PC1,QRSL1,-3.461863943913939e-05,3.461863943913939e-05,460
RR3-40 OSD-168 FLT−GC,PC1,RAB30,8.688377373197431e-05,8.688377373197431e-05,42
RR3-40 OSD-168 FLT−GC,PC1,RAD51B,3.897980732865075e-05,3.897980732865075e-05,330
RR3-40 OSD-168 FLT−GC,PC1,RAPGEF4,6.476488603964022e-05,6.476488603964022e-05,92
RR3-40 OSD-168 FLT−GC,PC1,RAPH1,-3.454501586761726e-05,3.454501586761726e-05,462
RR3-40 OSD-168 FLT−GC,PC1,RARRES1,5.5931262650073074e-05,5.5931262650073074e-05,148
RR3-40 OSD-168 FLT−GC,PC1,RASSF6,-4.9914625219355194e-05,4.9914625219355194e-05,184
RR3-40 OSD-168 FLT−GC,PC1,RASSF7,-3.567816465774282e-05,3.567816465774282e-05,426
RR3-40 OSD-168 FLT−GC,PC1,RBM25,-3.376412754117856e-05,3.376412754117856e-05,498
RR3-40 OSD-168 FLT−GC,PC1,RBMX,-3.942165528130776e-05,3.942165528130776e-05,320
RR3-40 OSD-168 FLT−GC,PC1,RFC3,-3.4969101304385755e-05,3.4969101304385755e-05,444
RR3-40 OSD-168 FLT−GC,PC1,RGL3,-3.588061403237718e-05,3.588061403237718e-05,418
RR3-40 OSD-168 FLT−GC,PC1,RGS16,6.0344746479222847e-05,6.0344746479222847e-05,113
RR3-40 OSD-168 FLT−GC,PC1,RHOB,5.8156386093338876e-05,5.8156386093338876e-05,127
RR3-40 OSD-168 FLT−GC,PC1,RMDN1,-3.443241168697803e-05,3.443241168697803e-05,466
RR3-40 OSD-168 FLT−GC,PC1,RMDN2,-4.435212847435343e-05,4.435212847435343e-05,244
RR3-40 OSD-168 FLT−GC,PC1,RMND1,-3.780872833709995e-05,3.780872833709995e-05,360
RR3-40 OSD-168 FLT−GC,PC1,RNF152,3.889605495470464e-05,3.889605495470464e-05,332
RR3-40 OSD-168 FLT−GC,PC1,ROPN1L,-7.307766153162392e-05,7.307766153162392e-05,64
RR3-40 OSD-168 FLT−GC,PC1,RPAIN,-3.679835185555133e-05,3.679835185555133e-05,392
RR3-40 OSD-168 FLT−GC,PC1,RSAD2,-3.8486782213067367e-05,3.8486782213067367e-05,339
RR3-40 OSD-168 FLT−GC,PC1,RSRP1,-4.200919883183198e-05,4.200919883183198e-05,271
RR3-40 OSD-168 FLT−GC,PC1,SAG,-3.5732916913691975e-05,3.5732916913691975e-05,423
RR3-40 OSD-168 FLT−GC,PC1,SC5D,-3.938580506960107e-05,3.938580506960107e-05,322
RR3-40 OSD-168 FLT−GC,PC1,SCFD1,-5.7257746202823366e-05,5.7257746202823366e-05,136
RR3-40 OSD-168 FLT−GC,PC1,SDHAF4,-3.625602497125909e-05,3.625602497125909e-05,408
RR3-40 OSD-168 FLT−GC,PC1,SDS,-3.750830997211368e-05,3.750830997211368e-05,367
RR3-40 OSD-168 FLT−GC,PC1,SEC22B,-4.994085856129345e-05,4.994085856129345e-05,183
RR3-40 OSD-168 FLT−GC,PC1,SEC23B,-7.653575774666717e-05,7.653575774666717e-05,60
RR3-40 OSD-168 FLT−GC,PC1,SEC24D,-5.89829130344797e-05,5.89829130344797e-05,120
RR3-40 OSD-168 FLT−GC,PC1,SEC31A,-3.814911585109435e-05,3.814911585109435e-05,348
RR3-40 OSD-168 FLT−GC,PC1,SEL1L3,-4.6216351789709104e-05,4.6216351789709104e-05,215
RR3-40 OSD-168 FLT−GC,PC1,SELENOS,-6.094235748069801e-05,6.094235748069801e-05,111
RR3-40 OSD-168 FLT−GC,PC1,SEMA4G,-3.655490738619047e-05,3.655490738619047e-05,399
RR3-40 OSD-168 FLT−GC,PC1,SEPTIN9,-4.4722861366448894e-05,4.4722861366448894e-05,237
RR3-40 OSD-168 FLT−GC,PC1,SERHL2,-4.403258973104948e-05,4.403258973104948e-05,247
RR3-40 OSD-168 FLT−GC,PC1,SERPINA6,-3.866191477555227e-05,3.866191477555227e-05,335
RR3-40 OSD-168 FLT−GC,PC1,SETD4,-3.474787046044717e-05,3.474787046044717e-05,455
RR3-40 OSD-168 FLT−GC,PC1,SFXN1,-4.336010832620179e-05,4.336010832620179e-05,255
RR3-40 OSD-168 FLT−GC,PC1,SGK2,-7.910441573000171e-05,7.910441573000171e-05,54
RR3-40 OSD-168 FLT−GC,PC1,SGPL1,-3.774554985825937e-05,3.774554985825937e-05,361
RR3-40 OSD-168 FLT−GC,PC1,SHLD2,6.185542355084572e-05,6.185542355084572e-05,106
RR3-40 OSD-168 FLT−GC,PC1,SHPK,-3.8141516182577326e-05,3.8141516182577326e-05,349
RR3-40 OSD-168 FLT−GC,PC1,SHROOM1,-3.939637510493125e-05,3.939637510493125e-05,321
RR3-40 OSD-168 FLT−GC,PC1,SIGMAR1,-4.875590640188168e-05,4.875590640188168e-05,190
RR3-40 OSD-168 FLT−GC,PC1,SIVA1,-4.357371900224809e-05,4.357371900224809e-05,250
RR3-40 OSD-168 FLT−GC,PC1,SKIL,6.727578104569564e-05,6.727578104569564e-05,80
RR3-40 OSD-168 FLT−GC,PC1,SLC10A2,-6.343340144849698e-05,6.343340144849698e-05,98
RR3-40 OSD-168 FLT−GC,PC1,SLC13A3,7.159939869119657e-05,7.159939869119657e-05,66
RR3-40 OSD-168 FLT−GC,PC1,SLC15A4,-6.806861205999068e-05,6.806861205999068e-05,77
RR3-40 OSD-168 FLT−GC,PC1,SLC16A10,-5.819294865444872e-05,5.819294865444872e-05,126
RR3-40 OSD-168 FLT−GC,PC1,SLC1A4,-4.0665170374641415e-05,4.0665170374641415e-05,297
RR3-40 OSD-168 FLT−GC,PC1,SLC22A7,4.809528811861312e-05,4.809528811861312e-05,196
RR3-40 OSD-168 FLT−GC,PC1,SLC23A1,-3.99198335192101e-05,3.99198335192101e-05,314
RR3-40 OSD-168 FLT−GC,PC1,SLC23A2,5.565608564854956e-05,5.565608564854956e-05,151
RR3-40 OSD-168 FLT−GC,PC1,SLC25A17,-3.7358425237065114e-05,3.7358425237065114e-05,369
RR3-40 OSD-168 FLT−GC,PC1,SLC25A25,4.201265177956418e-05,4.201265177956418e-05,270
RR3-40 OSD-168 FLT−GC,PC1,SLC25A30,0.0001279718191893604,0.0001279718191893604,10
RR3-40 OSD-168 FLT−GC,PC1,SLC25A33,8.959151200284383e-05,8.959151200284383e-05,37
RR3-40 OSD-168 FLT−GC,PC1,SLC25A38,-5.8691828399952745e-05,5.8691828399952745e-05,123
RR3-40 OSD-168 FLT−GC,PC1,SLC25A42,6.843058444612028e-05,6.843058444612028e-05,76
RR3-40 OSD-168 FLT−GC,PC1,SLC25A44,-4.661883782925222e-05,4.661883782925222e-05,208
RR3-40 OSD-168 FLT−GC,PC1,SLC26A1,-4.076339957722878e-05,4.076339957722878e-05,296
RR3-40 OSD-168 FLT−GC,PC1,SLC35D2,-3.5062605135843816e-05,3.5062605135843816e-05,443
RR3-40 OSD-168 FLT−GC,PC1,SLC35E1,-3.532530170153682e-05,3.532530170153682e-05,437
RR3-40 OSD-168 FLT−GC,PC1,SLC39A7,-3.6473402858413215e-05,3.6473402858413215e-05,403
RR3-40 OSD-168 FLT−GC,PC1,SLC41A2,-6.45950765175367e-05,6.45950765175367e-05,93
RR3-40 OSD-168 FLT−GC,PC1,SLC45A3,3.4658406326430746e-05,3.4658406326430746e-05,458
RR3-40 OSD-168 FLT−GC,PC1,SLC46A3,-5.528707777452954e-05,5.528707777452954e-05,154
RR3-40 OSD-168 FLT−GC,PC1,SLC4A4,4.458978641473279e-05,4.458978641473279e-05,241
RR3-40 OSD-168 FLT−GC,PC1,SLC4A9,-3.913152840340593e-05,3.913152840340593e-05,326
RR3-40 OSD-168 FLT−GC,PC1,SLC6A12,-4.2325030376077134e-05,4.2325030376077134e-05,263
RR3-40 OSD-168 FLT−GC,PC1,SLC6A6,-4.584251673097999e-05,4.584251673097999e-05,219
RR3-40 OSD-168 FLT−GC,PC1,SLC8B1,4.440940299581518e-05,4.440940299581518e-05,243
RR3-40 OSD-168 FLT−GC,PC1,SMAGP,-4.0291906700816164e-05,4.0291906700816164e-05,303
RR3-40 OSD-168 FLT−GC,PC1,SMOC1,-3.663192415038479e-05,3.663192415038479e-05,397
RR3-40 OSD-168 FLT−GC,PC1,SNTG2,-3.3939252531711276e-05,3.3939252531711276e-05,490
RR3-40 OSD-168 FLT−GC,PC1,SNX7,-4.155429721521641e-05,4.155429721521641e-05,282
RR3-40 OSD-168 FLT−GC,PC1,SOCS2,0.00011266766653108705,0.00011266766653108705,17
RR3-40 OSD-168 FLT−GC,PC1,SPC24,-7.146803155279851e-05,7.146803155279851e-05,67
RR3-40 OSD-168 FLT−GC,PC1,SPON2,9.380681789768865e-05,9.380681789768865e-05,32
RR3-40 OSD-168 FLT−GC,PC1,SQLE,-8.990659976340089e-05,8.990659976340089e-05,36
RR3-40 OSD-168 FLT−GC,PC1,SREBF1,-7.921649055407582e-05,7.921649055407582e-05,51
RR3-40 OSD-168 FLT−GC,PC1,SREBF2,-4.3544799824511894e-05,4.3544799824511894e-05,251
RR3-40 OSD-168 FLT−GC,PC1,SRM,-4.195089927434005e-05,4.195089927434005e-05,275
RR3-40 OSD-168 FLT−GC,PC1,SRP68,-3.641776367106188e-05,3.641776367106188e-05,406
RR3-40 OSD-168 FLT−GC,PC1,SRPRB,-4.601728990392073e-05,4.601728990392073e-05,218
RR3-40 OSD-168 FLT−GC,PC1,SRSF2,-4.7037662216168596e-05,4.7037662216168596e-05,204
RR3-40 OSD-168 FLT−GC,PC1,SRSF3,-3.785128614438474e-05,3.785128614438474e-05,357
RR3-40 OSD-168 FLT−GC,PC1,SS18L2,-4.1202662582647395e-05,4.1202662582647395e-05,288
RR3-40 OSD-168 FLT−GC,PC1,ST3GAL5,5.762298163769423e-05,5.762298163769423e-05,132
RR3-40 OSD-168 FLT−GC,PC1,ST6GALNAC6,-4.052669018682157e-05,4.052669018682157e-05,298
RR3-40 OSD-168 FLT−GC,PC1,STARD3NL,-3.49576816980896e-05,3.49576816980896e-05,445
RR3-40 OSD-168 FLT−GC,PC1,STARD4,-6.923841143583733e-05,6.923841143583733e-05,73
RR3-40 OSD-168 FLT−GC,PC1,STAT1,-6.527216248665905e-05,6.527216248665905e-05,89
RR3-40 OSD-168 FLT−GC,PC1,STIP1,-5.917173103048579e-05,5.917173103048579e-05,119
RR3-40 OSD-168 FLT−GC,PC1,SUCNR1,-4.710756300635764e-05,4.710756300635764e-05,202
RR3-40 OSD-168 FLT−GC,PC1,SUN2,3.4664030812466706e-05,3.4664030812466706e-05,457
RR3-40 OSD-168 FLT−GC,PC1,SYVN1,-6.52416216423664e-05,6.52416216423664e-05,90
RR3-40 OSD-168 FLT−GC,PC1,TACO1,-3.8135662595185784e-05,3.8135662595185784e-05,350
RR3-40 OSD-168 FLT−GC,PC1,TAP1,-4.922957843413105e-05,4.922957843413105e-05,189
RR3-40 OSD-168 FLT−GC,PC1,TASP1,-3.5808473526850645e-05,3.5808473526850645e-05,422
RR3-40 OSD-168 FLT−GC,PC1,TAT,-3.677431086744882e-05,3.677431086744882e-05,393
RR3-40 OSD-168 FLT−GC,PC1,TBC1D10A,-3.3976544915878074e-05,3.3976544915878074e-05,486
RR3-40 OSD-168 FLT−GC,PC1,TBL1XR1,4.005723471962881e-05,4.005723471962881e-05,309
RR3-40 OSD-168 FLT−GC,PC1,TBX3,6.246592603571518e-05,6.246592603571518e-05,102
RR3-40 OSD-168 FLT−GC,PC1,TCIM,5.465541105068858e-05,5.465541105068858e-05,158
RR3-40 OSD-168 FLT−GC,PC1,TCIRG1,-3.440848341516109e-05,3.440848341516109e-05,468
RR3-40 OSD-168 FLT−GC,PC1,TENM3,3.911553339296824e-05,3.911553339296824e-05,327
RR3-40 OSD-168 FLT−GC,PC1,TFB1M,-4.020820423850265e-05,4.020820423850265e-05,305
RR3-40 OSD-168 FLT−GC,PC1,TFG,-4.348632307546219e-05,4.348632307546219e-05,253
RR3-40 OSD-168 FLT−GC,PC1,TFRC,-6.540919005790431e-05,6.540919005790431e-05,87
RR3-40 OSD-168 FLT−GC,PC1,TGM2,-3.676075485966939e-05,3.676075485966939e-05,394
RR3-40 OSD-168 FLT−GC,PC1,THEM4,-3.72717948455112e-05,3.72717948455112e-05,375
RR3-40 OSD-168 FLT−GC,PC1,THNSL2,-4.4680736252004945e-05,4.4680736252004945e-05,239
RR3-40 OSD-168 FLT−GC,PC1,THRSP,-0.00011256510994304932,0.00011256510994304932,18
RR3-40 OSD-168 FLT−GC,PC1,TJP3,-3.587123449705064e-05,3.587123449705064e-05,419
RR3-40 OSD-168 FLT−GC,PC1,TKT,-3.7198865037990056e-05,3.7198865037990056e-05,379
RR3-40 OSD-168 FLT−GC,PC1,TLCD4,3.656266200773078e-05,3.656266200773078e-05,398
RR3-40 OSD-168 FLT−GC,PC1,TM7SF2,-4.166579218764674e-05,4.166579218764674e-05,280
RR3-40 OSD-168 FLT−GC,PC1,TMED3,-6.498655184012736e-05,6.498655184012736e-05,91
RR3-40 OSD-168 FLT−GC,PC1,TMED9,-3.386817927465565e-05,3.386817927465565e-05,493
RR3-40 OSD-168 FLT−GC,PC1,TMEM141,-3.697722897296279e-05,3.697722897296279e-05,387
RR3-40 OSD-168 FLT−GC,PC1,TMEM25,-3.732158073386307e-05,3.732158073386307e-05,372
RR3-40 OSD-168 FLT−GC,PC1,TMEM41B,-4.1744333177870945e-05,4.1744333177870945e-05,279
RR3-40 OSD-168 FLT−GC,PC1,TMEM53,-3.7036326645167975e-05,3.7036326645167975e-05,385
RR3-40 OSD-168 FLT−GC,PC1,TNFAIP8L1,7.760042758686505e-05,7.760042758686505e-05,57
RR3-40 OSD-168 FLT−GC,PC1,TP53INP2,7.61992397313892e-05,7.61992397313892e-05,61
RR3-40 OSD-168 FLT−GC,PC1,TPD52L1,-4.034036733991401e-05,4.034036733991401e-05,301
RR3-40 OSD-168 FLT−GC,PC1,TRA2A,-3.5680988722197326e-05,3.5680988722197326e-05,425
RR3-40 OSD-168 FLT−GC,PC1,TRABD,-4.471912079305726e-05,4.471912079305726e-05,238
RR3-40 OSD-168 FLT−GC,PC1,TRIM25,3.487661580289189e-05,3.487661580289189e-05,447
RR3-40 OSD-168 FLT−GC,PC1,TRIP4,-3.8474140653032866e-05,3.8474140653032866e-05,340
RR3-40 OSD-168 FLT−GC,PC1,TSC22D1,9.769597847383479e-05,9.769597847383479e-05,29
RR3-40 OSD-168 FLT−GC,PC1,TSC22D3,-5.2350399108360644e-05,5.2350399108360644e-05,169
RR3-40 OSD-168 FLT−GC,PC1,TSTD1,-6.167753362010526e-05,6.167753362010526e-05,107
RR3-40 OSD-168 FLT−GC,PC1,TUBA1C,-6.578830776122447e-05,6.578830776122447e-05,86
RR3-40 OSD-168 FLT−GC,PC1,TUBA4A,-3.988427643788551e-05,3.988427643788551e-05,315
RR3-40 OSD-168 FLT−GC,PC1,TUBB2A,-3.764031992917335e-05,3.764031992917335e-05,365
RR3-40 OSD-168 FLT−GC,PC1,TUBB4B,-3.431222933070133e-05,3.431222933070133e-05,472
RR3-40 OSD-168 FLT−GC,PC1,TXNDC5,-3.4764150287234325e-05,3.4764150287234325e-05,452
RR3-40 OSD-168 FLT−GC,PC1,U2AF1,-4.038410044501496e-05,4.038410044501496e-05,300
RR3-40 OSD-168 FLT−GC,PC1,UAP1,-5.757900030401451e-05,5.757900030401451e-05,133
RR3-40 OSD-168 FLT−GC,PC1,UBA5,-4.272825807352641e-05,4.272825807352641e-05,259
RR3-40 OSD-168 FLT−GC,PC1,UBXN4,-4.2660607022273384e-05,4.2660607022273384e-05,260
RR3-40 OSD-168 FLT−GC,PC1,UFL1,-4.775216550994727e-05,4.775216550994727e-05,198
RR3-40 OSD-168 FLT−GC,PC1,ULK1,5.895240473065022e-05,5.895240473065022e-05,121
RR3-40 OSD-168 FLT−GC,PC1,UPP2,-7.349118076038694e-05,7.349118076038694e-05,63
RR3-40 OSD-168 FLT−GC,PC1,UROS,-4.5105224807604304e-05,4.5105224807604304e-05,235
RR3-40 OSD-168 FLT−GC,PC1,USO1,-4.129732662245088e-05,4.129732662245088e-05,286
RR3-40 OSD-168 FLT−GC,PC1,USP18,-4.874467204100865e-05,4.874467204100865e-05,191
RR3-40 OSD-168 FLT−GC,PC1,VLDLR,-7.911401096190612e-05,7.911401096190612e-05,53
RR3-40 OSD-168 FLT−GC,PC1,VMO1,-4.351889524446377e-05,4.351889524446377e-05,252
RR3-40 OSD-168 FLT−GC,PC1,VNN1,0.00023930094191611367,0.00023930094191611367,1
RR3-40 OSD-168 FLT−GC,PC1,WIF1,-3.561080081133763e-05,3.561080081133763e-05,428
RR3-40 OSD-168 FLT−GC,PC1,XDH,-4.020087983565479e-05,4.020087983565479e-05,306
RR3-40 OSD-168 FLT−GC,PC1,XRCC5,-3.61597695964643e-05,3.61597695964643e-05,410
RR3-40 OSD-168 FLT−GC,PC1,ZFAND4,-4.041196193896282e-05,4.041196193896282e-05,299
RR3-40 OSD-168 FLT−GC,PC1,ZFYVE21,-5.75488985326255e-05,5.75488985326255e-05,134
RR3-40 OSD-168 FLT−GC,PC2,A2M,4.5071161184451815e-05,4.5071161184451815e-05,25
RR3-40 OSD-168 FLT−GC,PC2,AACS,-3.9290672300444304e-05,3.9290672300444304e-05,52
RR3-40 OSD-168 FLT−GC,PC2,AARD,-2.0545146443214472e-05,2.0545146443214472e-05,497
RR3-40 OSD-168 FLT−GC,PC2,ABHD15,-2.9152537511616093e-05,2.9152537511616093e-05,145
RR3-40 OSD-168 FLT−GC,PC2,ACACA,-2.604486084344357e-05,2.604486084344357e-05,219
RR3-40 OSD-168 FLT−GC,PC2,ACACB,-3.052682192184333e-05,3.052682192184333e-05,122
RR3-40 OSD-168 FLT−GC,PC2,ACAT1,-2.9737209697538464e-05,2.9737209697538464e-05,135
RR3-40 OSD-168 FLT−GC,PC2,ACBD7,-4.481564468344614e-05,4.481564468344614e-05,27
RR3-40 OSD-168 FLT−GC,PC2,ACMSD,-2.088440411835129e-05,2.088440411835129e-05,470
RR3-40 OSD-168 FLT−GC,PC2,ACRBP,-2.0572274623621934e-05,2.0572274623621934e-05,493
RR3-40 OSD-168 FLT−GC,PC2,ACSL3,-2.4397458388066552e-05,2.4397458388066552e-05,268
RR3-40 OSD-168 FLT−GC,PC2,ACSL4,-2.6625759901877524e-05,2.6625759901877524e-05,201
RR3-40 OSD-168 FLT−GC,PC2,ACSS2,-2.367512137167842e-05,2.367512137167842e-05,302
RR3-40 OSD-168 FLT−GC,PC2,ACTL6A,-2.0957888355265535e-05,2.0957888355265535e-05,460
RR3-40 OSD-168 FLT−GC,PC2,ACTL9,-2.1895789069796377e-05,2.1895789069796377e-05,390
RR3-40 OSD-168 FLT−GC,PC2,ADAMTS6,-2.409710216641601e-05,2.409710216641601e-05,282
RR3-40 OSD-168 FLT−GC,PC2,ADCY1,-2.7983671964697386e-05,2.7983671964697386e-05,169
RR3-40 OSD-168 FLT−GC,PC2,ADH7,-2.139608841541076e-05,2.139608841541076e-05,423
RR3-40 OSD-168 FLT−GC,PC2,ADRA2A,-2.4623111936285817e-05,2.4623111936285817e-05,257
RR3-40 OSD-168 FLT−GC,PC2,ALDH3A1,-2.0661084915416405e-05,2.0661084915416405e-05,486
RR3-40 OSD-168 FLT−GC,PC2,ALKBH7,-2.531210372594877e-05,2.531210372594877e-05,242
RR3-40 OSD-168 FLT−GC,PC2,AMIGO3,-2.220407380863444e-05,2.220407380863444e-05,376
RR3-40 OSD-168 FLT−GC,PC2,AMN1,-2.1839342438648186e-05,2.1839342438648186e-05,396
RR3-40 OSD-168 FLT−GC,PC2,ANGPTL4,4.028515232628204e-05,4.028515232628204e-05,46
RR3-40 OSD-168 FLT−GC,PC2,ANGPTL8,-3.272899480080791e-05,3.272899480080791e-05,96
RR3-40 OSD-168 FLT−GC,PC2,ANKS6,-3.430972288926062e-05,3.430972288926062e-05,79
RR3-40 OSD-168 FLT−GC,PC2,ANXA9,2.597303348034425e-05,2.597303348034425e-05,223
RR3-40 OSD-168 FLT−GC,PC2,AP3M1,-2.1315517026100767e-05,2.1315517026100767e-05,430
RR3-40 OSD-168 FLT−GC,PC2,AP5S1,-2.2611458895745016e-05,2.2611458895745016e-05,351
RR3-40 OSD-168 FLT−GC,PC2,APLP1,-2.7770437168598868e-05,2.7770437168598868e-05,176
RR3-40 OSD-168 FLT−GC,PC2,APOA1,-2.4337425884109975e-05,2.4337425884109975e-05,272
RR3-40 OSD-168 FLT−GC,PC2,ARG2,-2.2223002909814114e-05,2.2223002909814114e-05,373
RR3-40 OSD-168 FLT−GC,PC2,ARHGDIG,-2.6297944758561096e-05,2.6297944758561096e-05,209
RR3-40 OSD-168 FLT−GC,PC2,ARHGEF19,-2.1168825269415205e-05,2.1168825269415205e-05,439
RR3-40 OSD-168 FLT−GC,PC2,ARID3A,-2.847782876603234e-05,2.847782876603234e-05,158
RR3-40 OSD-168 FLT−GC,PC2,ATP6V1G3,-2.1554406686835986e-05,2.1554406686835986e-05,419
RR3-40 OSD-168 FLT−GC,PC2,AVPI1,-2.5086500323843906e-05,2.5086500323843906e-05,248
RR3-40 OSD-168 FLT−GC,PC2,BATF3,-2.698594800021943e-05,2.698594800021943e-05,192
RR3-40 OSD-168 FLT−GC,PC2,BDH2,-3.1965642867484855e-05,3.1965642867484855e-05,104
RR3-40 OSD-168 FLT−GC,PC2,BFSP1,-3.130489340062906e-05,3.130489340062906e-05,115
RR3-40 OSD-168 FLT−GC,PC2,BFSP2,-2.113232070815479e-05,2.113232070815479e-05,441
RR3-40 OSD-168 FLT−GC,PC2,BORA,-2.4005639385751275e-05,2.4005639385751275e-05,287
RR3-40 OSD-168 FLT−GC,PC2,BSPRY,-2.282676933449303e-05,2.282676933449303e-05,340
RR3-40 OSD-168 FLT−GC,PC2,BTG2,3.9475750177941655e-05,3.9475750177941655e-05,50
RR3-40 OSD-168 FLT−GC,PC2,CABP2,-2.6012796428205043e-05,2.6012796428205043e-05,221
RR3-40 OSD-168 FLT−GC,PC2,CACYBP,-2.4103042240529874e-05,2.4103042240529874e-05,281
RR3-40 OSD-168 FLT−GC,PC2,CALML3,-2.39034189697881e-05,2.39034189697881e-05,293
RR3-40 OSD-168 FLT−GC,PC2,CAMK1G,-2.0649980290408504e-05,2.0649980290408504e-05,488
RR3-40 OSD-168 FLT−GC,PC2,CAPSL,-2.0554512624204604e-05,2.0554512624204604e-05,496
RR3-40 OSD-168 FLT−GC,PC2,CCDC106,-2.185019405976138e-05,2.185019405976138e-05,395
RR3-40 OSD-168 FLT−GC,PC2,CCDC120,-2.3617871372597464e-05,2.3617871372597464e-05,304
RR3-40 OSD-168 FLT−GC,PC2,CCDC149,2.7582797549491772e-05,2.7582797549491772e-05,180
RR3-40 OSD-168 FLT−GC,PC2,CCL28,-2.1160801781930505e-05,2.1160801781930505e-05,440
RR3-40 OSD-168 FLT−GC,PC2,CD40,-2.1735618552016208e-05,2.1735618552016208e-05,403
RR3-40 OSD-168 FLT−GC,PC2,CDCA8,-2.2060673874981534e-05,2.2060673874981534e-05,381
RR3-40 OSD-168 FLT−GC,PC2,CDH3,-2.7045051464368275e-05,2.7045051464368275e-05,191
RR3-40 OSD-168 FLT−GC,PC2,CDKL4,-2.8028850341635586e-05,2.8028850341635586e-05,167
RR3-40 OSD-168 FLT−GC,PC2,CDKN1A,-2.3425577430218258e-05,2.3425577430218258e-05,310
RR3-40 OSD-168 FLT−GC,PC2,CDKN3,-2.3302211255172367e-05,2.3302211255172367e-05,319
RR3-40 OSD-168 FLT−GC,PC2,CEBPB,2.1350391445547635e-05,2.1350391445547635e-05,427
RR3-40 OSD-168 FLT−GC,PC2,CENPH,-2.5222969423313566e-05,2.5222969423313566e-05,245
RR3-40 OSD-168 FLT−GC,PC2,CEP112,-2.3192629652631074e-05,2.3192629652631074e-05,327
RR3-40 OSD-168 FLT−GC,PC2,CFAP299,-2.785013260409185e-05,2.785013260409185e-05,174
RR3-40 OSD-168 FLT−GC,PC2,CFAP300,-2.5343121946015685e-05,2.5343121946015685e-05,240
RR3-40 OSD-168 FLT−GC,PC2,CHAC1,-2.095075606248127e-05,2.095075606248127e-05,461
RR3-40 OSD-168 FLT−GC,PC2,CHADL,-2.0990139219048837e-05,2.0990139219048837e-05,456
RR3-40 OSD-168 FLT−GC,PC2,CHID1,-2.2446185242146575e-05,2.2446185242146575e-05,359
RR3-40 OSD-168 FLT−GC,PC2,CHORDC1,-2.174724199290828e-05,2.174724199290828e-05,402
RR3-40 OSD-168 FLT−GC,PC2,CHRM1,2.959184952904513e-05,2.959184952904513e-05,137
RR3-40 OSD-168 FLT−GC,PC2,CHRNA4,4.1061084619951676e-05,4.1061084619951676e-05,40
RR3-40 OSD-168 FLT−GC,PC2,CISH,2.107871612214295e-05,2.107871612214295e-05,447
RR3-40 OSD-168 FLT−GC,PC2,CITED1,-2.8628778755615882e-05,2.8628778755615882e-05,154
RR3-40 OSD-168 FLT−GC,PC2,CKS2,-2.1023548811995986e-05,2.1023548811995986e-05,452
RR3-40 OSD-168 FLT−GC,PC2,CLCF1,2.64548114771267e-05,2.64548114771267e-05,205
RR3-40 OSD-168 FLT−GC,PC2,CLDN8,2.1028063996571547e-05,2.1028063996571547e-05,451
RR3-40 OSD-168 FLT−GC,PC2,CLEC4D,2.7730165349658154e-05,2.7730165349658154e-05,177
RR3-40 OSD-168 FLT−GC,PC2,CLNK,-2.1429241095782083e-05,2.1429241095782083e-05,421
RR3-40 OSD-168 FLT−GC,PC2,CLVS1,-2.302956848985358e-05,2.302956848985358e-05,333
RR3-40 OSD-168 FLT−GC,PC2,CMIP,3.857668365607488e-05,3.857668365607488e-05,55
RR3-40 OSD-168 FLT−GC,PC2,COCH,-2.692431098308415e-05,2.692431098308415e-05,194
RR3-40 OSD-168 FLT−GC,PC2,COQ7,-2.0543254628884573e-05,2.0543254628884573e-05,498
RR3-40 OSD-168 FLT−GC,PC2,CORIN,-8.114198348832851e-05,8.114198348832851e-05,4
RR3-40 OSD-168 FLT−GC,PC2,CORT,-2.123488482966929e-05,2.123488482966929e-05,434
RR3-40 OSD-168 FLT−GC,PC2,COX11,-2.0822716983805377e-05,2.0822716983805377e-05,474
RR3-40 OSD-168 FLT−GC,PC2,COX16,-2.2514770710800482e-05,2.2514770710800482e-05,356
RR3-40 OSD-168 FLT−GC,PC2,COX4I2,-8.261077025604721e-05,8.261077025604721e-05,3
RR3-40 OSD-168 FLT−GC,PC2,CPLANE2,-2.951082343932833e-05,2.951082343932833e-05,139
RR3-40 OSD-168 FLT−GC,PC2,CPZ,2.387847943939469e-05,2.387847943939469e-05,294
RR3-40 OSD-168 FLT−GC,PC2,CRELD2,-3.5511276267164445e-05,3.5511276267164445e-05,71
RR3-40 OSD-168 FLT−GC,PC2,CRY1,-3.813517235369205e-05,3.813517235369205e-05,58
RR3-40 OSD-168 FLT−GC,PC2,CRYGA,-2.4406217851518417e-05,2.4406217851518417e-05,267
RR3-40 OSD-168 FLT−GC,PC2,CRYM,-2.781844372565472e-05,2.781844372565472e-05,175
RR3-40 OSD-168 FLT−GC,PC2,CSAD,5.213635153760845e-05,5.213635153760845e-05,16
RR3-40 OSD-168 FLT−GC,PC2,CTSE,3.2645230224138924e-05,3.2645230224138924e-05,98
RR3-40 OSD-168 FLT−GC,PC2,CYP2C18,2.850542614854428e-05,2.850542614854428e-05,157
RR3-40 OSD-168 FLT−GC,PC2,CYP4F22,-2.2372764757009258e-05,2.2372764757009258e-05,366
RR3-40 OSD-168 FLT−GC,PC2,CYP51A1,-3.653176609740666e-05,3.653176609740666e-05,61
RR3-40 OSD-168 FLT−GC,PC2,CYP7A1,-2.3449605065128072e-05,2.3449605065128072e-05,308
RR3-40 OSD-168 FLT−GC,PC2,CYSRT1,-3.164136281714692e-05,3.164136281714692e-05,107
RR3-40 OSD-168 FLT−GC,PC2,DCUN1D5,-2.084787300164931e-05,2.084787300164931e-05,473
RR3-40 OSD-168 FLT−GC,PC2,DDX25,-2.3281901574342244e-05,2.3281901574342244e-05,322
RR3-40 OSD-168 FLT−GC,PC2,DDX49,-2.1783393671778523e-05,2.1783393671778523e-05,400
RR3-40 OSD-168 FLT−GC,PC2,DEPP1,2.936696921763049e-05,2.936696921763049e-05,143
RR3-40 OSD-168 FLT−GC,PC2,DHCR7,-2.8761072725096847e-05,2.8761072725096847e-05,150
RR3-40 OSD-168 FLT−GC,PC2,DHX58,-2.158808219839412e-05,2.158808219839412e-05,415
RR3-40 OSD-168 FLT−GC,PC2,DIO1,6.236156814893631e-05,6.236156814893631e-05,9
RR3-40 OSD-168 FLT−GC,PC2,DLGAP1,-2.099178041807565e-05,2.099178041807565e-05,455
RR3-40 OSD-168 FLT−GC,PC2,DMRTA1,-3.1363940752353674e-05,3.1363940752353674e-05,112
RR3-40 OSD-168 FLT−GC,PC2,DNAI1,-9.412518785988718e-05,9.412518785988718e-05,2
RR3-40 OSD-168 FLT−GC,PC2,DNAJA1,-2.879189009232005e-05,2.879189009232005e-05,149
RR3-40 OSD-168 FLT−GC,PC2,DNPH1,-2.4764282755874164e-05,2.4764282755874164e-05,252
RR3-40 OSD-168 FLT−GC,PC2,DPEP2NB,-2.158767139924366e-05,2.158767139924366e-05,416
RR3-40 OSD-168 FLT−GC,PC2,DPF1,-2.5142739033920907e-05,2.5142739033920907e-05,247
RR3-40 OSD-168 FLT−GC,PC2,DPY19L1,-2.201169409761537e-05,2.201169409761537e-05,382
RR3-40 OSD-168 FLT−GC,PC2,DUSP14,2.9357953179490212e-05,2.9357953179490212e-05,144
RR3-40 OSD-168 FLT−GC,PC2,DYNLL2,-2.4745862724701328e-05,2.4745862724701328e-05,253
RR3-40 OSD-168 FLT−GC,PC2,DYNLT4,-2.3516931773526794e-05,2.3516931773526794e-05,307
RR3-40 OSD-168 FLT−GC,PC2,DYRK3,-4.8240254480121335e-05,4.8240254480121335e-05,22
RR3-40 OSD-168 FLT−GC,PC2,E2F2,5.4574675918824285e-05,5.4574675918824285e-05,13
RR3-40 OSD-168 FLT−GC,PC2,E2F8,-3.506738632196486e-05,3.506738632196486e-05,74
RR3-40 OSD-168 FLT−GC,PC2,EARS2,-2.0885143660623075e-05,2.0885143660623075e-05,469
RR3-40 OSD-168 FLT−GC,PC2,EDA2R,-2.2351180965629895e-05,2.2351180965629895e-05,368
RR3-40 OSD-168 FLT−GC,PC2,EEF1AKMT1,-2.333930665647004e-05,2.333930665647004e-05,314
RR3-40 OSD-168 FLT−GC,PC2,EGR1,2.9590576568599494e-05,2.9590576568599494e-05,138
RR3-40 OSD-168 FLT−GC,PC2,ELOVL6,-4.553087190152122e-05,4.553087190152122e-05,24
RR3-40 OSD-168 FLT−GC,PC2,EMC9,-3.079299054551554e-05,3.079299054551554e-05,118
RR3-40 OSD-168 FLT−GC,PC2,ENDOU,-2.108811534928037e-05,2.108811534928037e-05,445
RR3-40 OSD-168 FLT−GC,PC2,ENHO,4.319499184936565e-05,4.319499184936565e-05,32
RR3-40 OSD-168 FLT−GC,PC2,EPB41L5,-2.1647800685200255e-05,2.1647800685200255e-05,411
RR3-40 OSD-168 FLT−GC,PC2,EPHB6,-2.9709679035492917e-05,2.9709679035492917e-05,136
RR3-40 OSD-168 FLT−GC,PC2,EPHX4,-2.3992857123138524e-05,2.3992857123138524e-05,288
RR3-40 OSD-168 FLT−GC,PC2,EPOP,2.101360113158629e-05,2.101360113158629e-05,453
RR3-40 OSD-168 FLT−GC,PC2,EPOR,-2.3294959762029682e-05,2.3294959762029682e-05,321
RR3-40 OSD-168 FLT−GC,PC2,ERBB4,-2.599611454196437e-05,2.599611454196437e-05,222
RR3-40 OSD-168 FLT−GC,PC2,ERICH4,2.516925914075813e-05,2.516925914075813e-05,246
RR3-40 OSD-168 FLT−GC,PC2,EVA1C,-3.401585065494278e-05,3.401585065494278e-05,84
RR3-40 OSD-168 FLT−GC,PC2,EXOSC9,-2.2211629749304195e-05,2.2211629749304195e-05,374
RR3-40 OSD-168 FLT−GC,PC2,FADS6,-2.7317746000436327e-05,2.7317746000436327e-05,187
RR3-40 OSD-168 FLT−GC,PC2,FAM162B,-3.103388308637461e-05,3.103388308637461e-05,117
RR3-40 OSD-168 FLT−GC,PC2,FAM171A2,-2.620228219706107e-05,2.620228219706107e-05,213
RR3-40 OSD-168 FLT−GC,PC2,FAM47E,-2.613818405366118e-05,2.613818405366118e-05,216
RR3-40 OSD-168 FLT−GC,PC2,FAM50B,4.411292206622607e-05,4.411292206622607e-05,28
RR3-40 OSD-168 FLT−GC,PC2,FAM98B,-2.0695385632619622e-05,2.0695385632619622e-05,482
RR3-40 OSD-168 FLT−GC,PC2,FBP2,3.391764024857294e-05,3.391764024857294e-05,86
RR3-40 OSD-168 FLT−GC,PC2,FBXO2,-3.635252517920144e-05,3.635252517920144e-05,65
RR3-40 OSD-168 FLT−GC,PC2,FDFT1,-2.6219955031242238e-05,2.6219955031242238e-05,212
RR3-40 OSD-168 FLT−GC,PC2,FDPS,-2.1221125875710848e-05,2.1221125875710848e-05,436
RR3-40 OSD-168 FLT−GC,PC2,FGF18,-2.6622611247812924e-05,2.6622611247812924e-05,202
RR3-40 OSD-168 FLT−GC,PC2,FGF21,4.374713637426093e-05,4.374713637426093e-05,30
RR3-40 OSD-168 FLT−GC,PC2,FGL1,-2.7118878271154954e-05,2.7118878271154954e-05,189
RR3-40 OSD-168 FLT−GC,PC2,FHAD1,-2.4725105077606922e-05,2.4725105077606922e-05,254
RR3-40 OSD-168 FLT−GC,PC2,FKBP11,-2.0650476927998004e-05,2.0650476927998004e-05,487
RR3-40 OSD-168 FLT−GC,PC2,FKBP1B,-2.0593139977429503e-05,2.0593139977429503e-05,492
RR3-40 OSD-168 FLT−GC,PC2,FKBP4,-2.122268858101045e-05,2.122268858101045e-05,435
RR3-40 OSD-168 FLT−GC,PC2,FNDC11,-2.4397251118770144e-05,2.4397251118770144e-05,269
RR3-40 OSD-168 FLT−GC,PC2,FNDC8,-2.8657327045639858e-05,2.8657327045639858e-05,153
RR3-40 OSD-168 FLT−GC,PC2,FOXA3,2.423060216301412e-05,2.423060216301412e-05,274
RR3-40 OSD-168 FLT−GC,PC2,FSIP1,-2.198205768016037e-05,2.198205768016037e-05,385
RR3-40 OSD-168 FLT−GC,PC2,FUBP1,-2.0933168982031937e-05,2.0933168982031937e-05,462
RR3-40 OSD-168 FLT−GC,PC2,FUT1,-3.135106580262317e-05,3.135106580262317e-05,114
RR3-40 OSD-168 FLT−GC,PC2,GADD45B,3.624794003837687e-05,3.624794003837687e-05,66
RR3-40 OSD-168 FLT−GC,PC2,GADD45G,2.9472212492638382e-05,2.9472212492638382e-05,140
RR3-40 OSD-168 FLT−GC,PC2,GALE,-2.6617683837465217e-05,2.6617683837465217e-05,203
RR3-40 OSD-168 FLT−GC,PC2,GALNT9,-3.9692360962613083e-05,3.9692360962613083e-05,49
RR3-40 OSD-168 FLT−GC,PC2,GALR2,-2.0568325216160507e-05,2.0568325216160507e-05,495
RR3-40 OSD-168 FLT−GC,PC2,GALT,-2.2958226739962468e-05,2.2958226739962468e-05,336
RR3-40 OSD-168 FLT−GC,PC2,GART,-2.550965377244786e-05,2.550965377244786e-05,238
RR3-40 OSD-168 FLT−GC,PC2,GCK,-3.567081611950512e-05,3.567081611950512e-05,69
RR3-40 OSD-168 FLT−GC,PC2,GCNT4,-2.266778344763571e-05,2.266778344763571e-05,346
RR3-40 OSD-168 FLT−GC,PC2,GDF15,2.1965713964023082e-05,2.1965713964023082e-05,386
RR3-40 OSD-168 FLT−GC,PC2,GDPD1,-2.175913341402586e-05,2.175913341402586e-05,401
RR3-40 OSD-168 FLT−GC,PC2,GLOD5,-2.0850661742658603e-05,2.0850661742658603e-05,472
RR3-40 OSD-168 FLT−GC,PC2,GMDS,-2.0465552923495097e-05,2.0465552923495097e-05,500
RR3-40 OSD-168 FLT−GC,PC2,GMPPB,-3.0529358210735724e-05,3.0529358210735724e-05,121
RR3-40 OSD-168 FLT−GC,PC2,GMPS,-2.2462179086902882e-05,2.2462179086902882e-05,358
RR3-40 OSD-168 FLT−GC,PC2,GNRH1,2.1919713536960825e-05,2.1919713536960825e-05,388
RR3-40 OSD-168 FLT−GC,PC2,GPAM,-3.286112971369057e-05,3.286112971369057e-05,93
RR3-40 OSD-168 FLT−GC,PC2,GPR12,-3.0178001222856843e-05,3.0178001222856843e-05,129
RR3-40 OSD-168 FLT−GC,PC2,GPR141,2.381926229726906e-05,2.381926229726906e-05,296
RR3-40 OSD-168 FLT−GC,PC2,GPT2,-2.2413071750717442e-05,2.2413071750717442e-05,365
RR3-40 OSD-168 FLT−GC,PC2,GRAMD1C,-2.0623211725742816e-05,2.0623211725742816e-05,490
RR3-40 OSD-168 FLT−GC,PC2,GRIN3B,-2.5816500479246145e-05,2.5816500479246145e-05,231
RR3-40 OSD-168 FLT−GC,PC2,GSG1,2.2346516985268268e-05,2.2346516985268268e-05,369
RR3-40 OSD-168 FLT−GC,PC2,GSN,-2.0722033488991246e-05,2.0722033488991246e-05,479
RR3-40 OSD-168 FLT−GC,PC2,GTF2F1,-2.061968147927865e-05,2.061968147927865e-05,491
RR3-40 OSD-168 FLT−GC,PC2,GTSE1,-2.3325227694739065e-05,2.3325227694739065e-05,316
RR3-40 OSD-168 FLT−GC,PC2,H1-10,-2.874636044197736e-05,2.874636044197736e-05,151
RR3-40 OSD-168 FLT−GC,PC2,HAO2,-2.056986416152782e-05,2.056986416152782e-05,494
RR3-40 OSD-168 FLT−GC,PC2,HAUS1,-2.1873643240473915e-05,2.1873643240473915e-05,393
RR3-40 OSD-168 FLT−GC,PC2,HDDC3,-2.062652840067589e-05,2.062652840067589e-05,489
RR3-40 OSD-168 FLT−GC,PC2,HDHD3,-2.385711772632529e-05,2.385711772632529e-05,295
RR3-40 OSD-168 FLT−GC,PC2,HEPACAM2,-2.3569872684336474e-05,2.3569872684336474e-05,305
RR3-40 OSD-168 FLT−GC,PC2,HES6,-5.99047645570574e-05,5.99047645570574e-05,11
RR3-40 OSD-168 FLT−GC,PC2,HHIPL2,-3.92921492297669e-05,3.92921492297669e-05,51
RR3-40 OSD-168 FLT−GC,PC2,HIGD1A,-3.2840120968807654e-05,3.2840120968807654e-05,94
RR3-40 OSD-168 FLT−GC,PC2,HMGCR,-3.403355206932989e-05,3.403355206932989e-05,82
RR3-40 OSD-168 FLT−GC,PC2,HNMT,-3.041621603824219e-05,3.041621603824219e-05,125
RR3-40 OSD-168 FLT−GC,PC2,HORMAD2,-0.00013466412198970084,0.00013466412198970084,1
RR3-40 OSD-168 FLT−GC,PC2,HSD17B7,-3.056515761816929e-05,3.056515761816929e-05,120
RR3-40 OSD-168 FLT−GC,PC2,HSF2BP,2.3792543740748656e-05,2.3792543740748656e-05,297
RR3-40 OSD-168 FLT−GC,PC2,HSP90AA1,-2.1585205185551862e-05,2.1585205185551862e-05,417
RR3-40 OSD-168 FLT−GC,PC2,HSPH1,-4.12804620006657e-05,4.12804620006657e-05,39
RR3-40 OSD-168 FLT−GC,PC2,HUS1B,3.383585329583574e-05,3.383585329583574e-05,87
RR3-40 OSD-168 FLT−GC,PC2,ICAM4,-3.041658300498955e-05,3.041658300498955e-05,124
RR3-40 OSD-168 FLT−GC,PC2,ID3,-2.3406783910336037e-05,2.3406783910336037e-05,311
RR3-40 OSD-168 FLT−GC,PC2,IDI1,-3.257962205567427e-05,3.257962205567427e-05,99
RR3-40 OSD-168 FLT−GC,PC2,IER2,2.1541121964994798e-05,2.1541121964994798e-05,420
RR3-40 OSD-168 FLT−GC,PC2,IGFBP1,2.459873473212813e-05,2.459873473212813e-05,259
RR3-40 OSD-168 FLT−GC,PC2,IGFBP6,-3.24433194183817e-05,3.24433194183817e-05,100
RR3-40 OSD-168 FLT−GC,PC2,IGSF21,-2.645417918325911e-05,2.645417918325911e-05,206
RR3-40 OSD-168 FLT−GC,PC2,INF2,-2.451550940743413e-05,2.451550940743413e-05,263
RR3-40 OSD-168 FLT−GC,PC2,INHBE,2.3389369786533574e-05,2.3389369786533574e-05,313
RR3-40 OSD-168 FLT−GC,PC2,INSL3,-2.3918320266426874e-05,2.3918320266426874e-05,292
RR3-40 OSD-168 FLT−GC,PC2,IRS2,3.4920844757283694e-05,3.4920844757283694e-05,75
RR3-40 OSD-168 FLT−GC,PC2,ISG15,-3.35737608014394e-05,3.35737608014394e-05,89
RR3-40 OSD-168 FLT−GC,PC2,ITPA,-2.089443797792398e-05,2.089443797792398e-05,467
RR3-40 OSD-168 FLT−GC,PC2,ITPK1,-2.092867919696526e-05,2.092867919696526e-05,463
RR3-40 OSD-168 FLT−GC,PC2,IZUMO4,-2.0964824471467993e-05,2.0964824471467993e-05,459
RR3-40 OSD-168 FLT−GC,PC2,JHY,-2.2535535633153645e-05,2.2535535633153645e-05,353
RR3-40 OSD-168 FLT−GC,PC2,JUN,4.8153710912532155e-05,4.8153710912532155e-05,23
RR3-40 OSD-168 FLT−GC,PC2,JUNB,2.9813619773289927e-05,2.9813619773289927e-05,134
RR3-40 OSD-168 FLT−GC,PC2,KAZALD1,-2.134272140941852e-05,2.134272140941852e-05,428
RR3-40 OSD-168 FLT−GC,PC2,KBTBD6,-2.207120373193631e-05,2.207120373193631e-05,380
RR3-40 OSD-168 FLT−GC,PC2,KCNJ16,-2.5771690083426323e-05,2.5771690083426323e-05,233
RR3-40 OSD-168 FLT−GC,PC2,KCNJ9,-2.232253604956675e-05,2.232253604956675e-05,370
RR3-40 OSD-168 FLT−GC,PC2,KLF15,-2.2415231957994744e-05,2.2415231957994744e-05,364
RR3-40 OSD-168 FLT−GC,PC2,KLHDC8A,-2.5900812682586383e-05,2.5900812682586383e-05,227
RR3-40 OSD-168 FLT−GC,PC2,KLHL33,-2.1825953871859607e-05,2.1825953871859607e-05,399
RR3-40 OSD-168 FLT−GC,PC2,KRT12,-3.855524224092826e-05,3.855524224092826e-05,56
RR3-40 OSD-168 FLT−GC,PC2,KRT17,2.3918390122259445e-05,2.3918390122259445e-05,291
RR3-40 OSD-168 FLT−GC,PC2,KRT25,-2.733173805998173e-05,2.733173805998173e-05,186
RR3-40 OSD-168 FLT−GC,PC2,KRT4,3.197216470847078e-05,3.197216470847078e-05,103
RR3-40 OSD-168 FLT−GC,PC2,LARS2,-4.105209843008456e-05,4.105209843008456e-05,41
RR3-40 OSD-168 FLT−GC,PC2,LAT2,-2.267692740682952e-05,2.267692740682952e-05,345
RR3-40 OSD-168 FLT−GC,PC2,LAYN,-2.7471893730209903e-05,2.7471893730209903e-05,183
RR3-40 OSD-168 FLT−GC,PC2,LCA5,-2.75783766220826e-05,2.75783766220826e-05,181
RR3-40 OSD-168 FLT−GC,PC2,LCN2,3.534586445547202e-05,3.534586445547202e-05,72
RR3-40 OSD-168 FLT−GC,PC2,LCN8,2.3325145588979977e-05,2.3325145588979977e-05,317
RR3-40 OSD-168 FLT−GC,PC2,LDLR,-2.3698681590803463e-05,2.3698681590803463e-05,301
RR3-40 OSD-168 FLT−GC,PC2,LENG8,-2.111945360603264e-05,2.111945360603264e-05,442
RR3-40 OSD-168 FLT−GC,PC2,LRRC14B,-4.195320624691772e-05,4.195320624691772e-05,36
RR3-40 OSD-168 FLT−GC,PC2,LRRC27,-2.0915697216725945e-05,2.0915697216725945e-05,464
RR3-40 OSD-168 FLT−GC,PC2,LRRC59,-2.2722698565763825e-05,2.2722698565763825e-05,343
RR3-40 OSD-168 FLT−GC,PC2,LRRC75A,-2.4673344146025597e-05,2.4673344146025597e-05,256
RR3-40 OSD-168 FLT−GC,PC2,LSM1,-2.1696766693591003e-05,2.1696766693591003e-05,408
RR3-40 OSD-168 FLT−GC,PC2,LSM5,-2.290345597364593e-05,2.290345597364593e-05,338
RR3-40 OSD-168 FLT−GC,PC2,LSM7,-2.1352448176173953e-05,2.1352448176173953e-05,426
RR3-40 OSD-168 FLT−GC,PC2,LSS,-2.391930358903637e-05,2.391930358903637e-05,290
RR3-40 OSD-168 FLT−GC,PC2,LUC7L2,-2.1873942864136923e-05,2.1873942864136923e-05,391
RR3-40 OSD-168 FLT−GC,PC2,LY6G6D,4.956531268006223e-05,4.956531268006223e-05,21
RR3-40 OSD-168 FLT−GC,PC2,LYPD2,-3.0029407589995338e-05,3.0029407589995338e-05,130
RR3-40 OSD-168 FLT−GC,PC2,MAB21L3,-2.7555750372505688e-05,2.7555750372505688e-05,182
RR3-40 OSD-168 FLT−GC,PC2,MANF,-5.053055496784391e-05,5.053055496784391e-05,19
RR3-40 OSD-168 FLT−GC,PC2,MB,-5.124199623607246e-05,5.124199623607246e-05,17
RR3-40 OSD-168 FLT−GC,PC2,MCTP1,6.493271353148635e-05,6.493271353148635e-05,8
RR3-40 OSD-168 FLT−GC,PC2,MCUB,-2.5902183664215327e-05,2.5902183664215327e-05,226
RR3-40 OSD-168 FLT−GC,PC2,MED6,-2.1827908646748893e-05,2.1827908646748893e-05,398
RR3-40 OSD-168 FLT−GC,PC2,MESP1,-3.0674594150001664e-05,3.0674594150001664e-05,119
RR3-40 OSD-168 FLT−GC,PC2,METTL1,-2.4058287342634467e-05,2.4058287342634467e-05,284
RR3-40 OSD-168 FLT−GC,PC2,METTL24,-2.6706741516375854e-05,2.6706741516375854e-05,197
RR3-40 OSD-168 FLT−GC,PC2,MID1IP1,-3.897008196253899e-05,3.897008196253899e-05,53
RR3-40 OSD-168 FLT−GC,PC2,MIGA2,-2.745332957278695e-05,2.745332957278695e-05,184
RR3-40 OSD-168 FLT−GC,PC2,MIP,-2.3252209636685442e-05,2.3252209636685442e-05,323
RR3-40 OSD-168 FLT−GC,PC2,MISP3,-2.462280466618377e-05,2.462280466618377e-05,258
RR3-40 OSD-168 FLT−GC,PC2,MKKS,-2.0750992809239018e-05,2.0750992809239018e-05,475
RR3-40 OSD-168 FLT−GC,PC2,MLEC,-2.1316805689160408e-05,2.1316805689160408e-05,429
RR3-40 OSD-168 FLT−GC,PC2,MLX,-2.718982634156639e-05,2.718982634156639e-05,188
RR3-40 OSD-168 FLT−GC,PC2,MLXIPL,-2.623223618364564e-05,2.623223618364564e-05,211
RR3-40 OSD-168 FLT−GC,PC2,MMAB,-2.051171691567465e-05,2.051171691567465e-05,499
RR3-40 OSD-168 FLT−GC,PC2,MMD2,-3.170519843905186e-05,3.170519843905186e-05,105
RR3-40 OSD-168 FLT−GC,PC2,MMP27,-4.001297705228528e-05,4.001297705228528e-05,47
RR3-40 OSD-168 FLT−GC,PC2,MMP7,3.3644371059189436e-05,3.3644371059189436e-05,88
RR3-40 OSD-168 FLT−GC,PC2,MOGAT1,-3.0387980604747118e-05,3.0387980604747118e-05,127
RR3-40 OSD-168 FLT−GC,PC2,MORN4,-2.5838578857723435e-05,2.5838578857723435e-05,230
RR3-40 OSD-168 FLT−GC,PC2,MORN5,-5.474902831480483e-05,5.474902831480483e-05,12
RR3-40 OSD-168 FLT−GC,PC2,MRLN,-2.7914739682649415e-05,2.7914739682649415e-05,172
RR3-40 OSD-168 FLT−GC,PC2,MRPS27,-2.069362722681017e-05,2.069362722681017e-05,484
RR3-40 OSD-168 FLT−GC,PC2,MSMO1,-3.2013259023153024e-05,3.2013259023153024e-05,102
RR3-40 OSD-168 FLT−GC,PC2,MST1R,-2.4466809876082107e-05,2.4466809876082107e-05,265
RR3-40 OSD-168 FLT−GC,PC2,MT-CO2,3.584682125533628e-05,3.584682125533628e-05,68
RR3-40 OSD-168 FLT−GC,PC2,MT1X,7.815148041143269e-05,7.815148041143269e-05,5
RR3-40 OSD-168 FLT−GC,PC2,MTERF3,-2.0747926505872816e-05,2.0747926505872816e-05,476
RR3-40 OSD-168 FLT−GC,PC2,MTFP1,-2.785872158519678e-05,2.785872158519678e-05,173
RR3-40 OSD-168 FLT−GC,PC2,MTLN,-2.2534162974010817e-05,2.2534162974010817e-05,354
RR3-40 OSD-168 FLT−GC,PC2,MVD,-2.4540586819119253e-05,2.4540586819119253e-05,262
RR3-40 OSD-168 FLT−GC,PC2,MVK,-2.4016926528419683e-05,2.4016926528419683e-05,286
RR3-40 OSD-168 FLT−GC,PC2,MYCBP,-2.0714603701911973e-05,2.0714603701911973e-05,481
RR3-40 OSD-168 FLT−GC,PC2,MYOM3,-2.588765657925074e-05,2.588765657925074e-05,228
RR3-40 OSD-168 FLT−GC,PC2,MYOT,-3.268267337263351e-05,3.268267337263351e-05,97
RR3-40 OSD-168 FLT−GC,PC2,MYOZ2,-2.2493933265578722e-05,2.2493933265578722e-05,357
RR3-40 OSD-168 FLT−GC,PC2,NAT14,-3.4305221443056543e-05,3.4305221443056543e-05,80
RR3-40 OSD-168 FLT−GC,PC2,NBAS,-2.261638793927795e-05,2.261638793927795e-05,350
RR3-40 OSD-168 FLT−GC,PC2,NCEH1,2.2416552811521975e-05,2.2416552811521975e-05,363
RR3-40 OSD-168 FLT−GC,PC2,NDRG1,2.1263178216389853e-05,2.1263178216389853e-05,432
RR3-40 OSD-168 FLT−GC,PC2,NDUFAB1,-2.619033514639507e-05,2.619033514639507e-05,214
RR3-40 OSD-168 FLT−GC,PC2,NEIL2,-2.1008344248490716e-05,2.1008344248490716e-05,454
RR3-40 OSD-168 FLT−GC,PC2,NEK2,-2.633029651059059e-05,2.633029651059059e-05,207
RR3-40 OSD-168 FLT−GC,PC2,NEK5,-3.234446189208556e-05,3.234446189208556e-05,101
RR3-40 OSD-168 FLT−GC,PC2,NKAIN2,-2.667287002268482e-05,2.667287002268482e-05,198
RR3-40 OSD-168 FLT−GC,PC2,NKX2-6,3.2984561776762304e-05,3.2984561776762304e-05,92
RR3-40 OSD-168 FLT−GC,PC2,NLRP12,5.0679855304198425e-05,5.0679855304198425e-05,18
RR3-40 OSD-168 FLT−GC,PC2,NME5,-3.276012186977149e-05,3.276012186977149e-05,95
RR3-40 OSD-168 FLT−GC,PC2,NME6,-2.8460451101263127e-05,2.8460451101263127e-05,159
RR3-40 OSD-168 FLT−GC,PC2,NMNAT2,-2.1604652698121752e-05,2.1604652698121752e-05,414
RR3-40 OSD-168 FLT−GC,PC2,NNMT,-2.698528687164861e-05,2.698528687164861e-05,193
RR3-40 OSD-168 FLT−GC,PC2,NPAS2,-2.3312526562852074e-05,2.3312526562852074e-05,318
RR3-40 OSD-168 FLT−GC,PC2,NPM2,-2.8304726366391814e-05,2.8304726366391814e-05,164
RR3-40 OSD-168 FLT−GC,PC2,NPNT,-5.256184749724413e-05,5.256184749724413e-05,15
RR3-40 OSD-168 FLT−GC,PC2,NPRL2,-2.1069799994499476e-05,2.1069799994499476e-05,448
RR3-40 OSD-168 FLT−GC,PC2,NR1D1,-2.529366793152721e-05,2.529366793152721e-05,243
RR3-40 OSD-168 FLT−GC,PC2,NR1I3,2.073557482825522e-05,2.073557482825522e-05,477
RR3-40 OSD-168 FLT−GC,PC2,NSG2,-2.556158108998578e-05,2.556158108998578e-05,236
RR3-40 OSD-168 FLT−GC,PC2,NUDT22,-2.5929942394684484e-05,2.5929942394684484e-05,224
RR3-40 OSD-168 FLT−GC,PC2,NUPR1,-3.145601051857042e-05,3.145601051857042e-05,111
RR3-40 OSD-168 FLT−GC,PC2,OAZ3,-2.4455120777136277e-05,2.4455120777136277e-05,266
RR3-40 OSD-168 FLT−GC,PC2,OGT,-2.4226994210003676e-05,2.4226994210003676e-05,277
RR3-40 OSD-168 FLT−GC,PC2,PAK6,-2.1942219214587564e-05,2.1942219214587564e-05,387
RR3-40 OSD-168 FLT−GC,PC2,PAXX,-3.563551578936852e-05,3.563551578936852e-05,70
RR3-40 OSD-168 FLT−GC,PC2,PC,-2.5873893790122922e-05,2.5873893790122922e-05,229
RR3-40 OSD-168 FLT−GC,PC2,PCDHGA4,-2.4691575912210978e-05,2.4691575912210978e-05,255
RR3-40 OSD-168 FLT−GC,PC2,PCOLCE2,-2.5555029272679453e-05,2.5555029272679453e-05,237
RR3-40 OSD-168 FLT−GC,PC2,PCP4L1,2.171920043333015e-05,2.171920043333015e-05,406
RR3-40 OSD-168 FLT−GC,PC2,PCSK9,-5.381221503153717e-05,5.381221503153717e-05,14
RR3-40 OSD-168 FLT−GC,PC2,PDE4B,-2.183516081457418e-05,2.183516081457418e-05,397
RR3-40 OSD-168 FLT−GC,PC2,PDE9A,-2.340252474169027e-05,2.340252474169027e-05,312
RR3-40 OSD-168 FLT−GC,PC2,PDK4,4.030915116046255e-05,4.030915116046255e-05,45
RR3-40 OSD-168 FLT−GC,PC2,PEG3,-3.446233009157939e-05,3.446233009157939e-05,78
RR3-40 OSD-168 FLT−GC,PC2,PELI3,-2.5663520319491548e-05,2.5663520319491548e-05,234
RR3-40 OSD-168 FLT−GC,PC2,PENK,-2.1673081161256885e-05,2.1673081161256885e-05,409
RR3-40 OSD-168 FLT−GC,PC2,PEX2,-2.141333045453942e-05,2.141333045453942e-05,422
RR3-40 OSD-168 FLT−GC,PC2,PFKFB4,2.3216739776658412e-05,2.3216739776658412e-05,325
RR3-40 OSD-168 FLT−GC,PC2,PGBD5,-2.162084848007499e-05,2.162084848007499e-05,412
RR3-40 OSD-168 FLT−GC,PC2,PIGBOS1,-2.09156652211776e-05,2.09156652211776e-05,465
RR3-40 OSD-168 FLT−GC,PC2,PINLYP,3.470870769931343e-05,3.470870769931343e-05,77
RR3-40 OSD-168 FLT−GC,PC2,PKNOX2,2.8183041190741706e-05,2.8183041190741706e-05,165
RR3-40 OSD-168 FLT−GC,PC2,PKP3,-3.6527159094748034e-05,3.6527159094748034e-05,62
RR3-40 OSD-168 FLT−GC,PC2,PLA2G5,4.229995371995443e-05,4.229995371995443e-05,35
RR3-40 OSD-168 FLT−GC,PC2,PLAC8L1,-3.403971039951595e-05,3.403971039951595e-05,81
RR3-40 OSD-168 FLT−GC,PC2,PLCD1,2.0724324594846685e-05,2.0724324594846685e-05,478
RR3-40 OSD-168 FLT−GC,PC2,PLIN4,-3.351478312340631e-05,3.351478312340631e-05,90
RR3-40 OSD-168 FLT−GC,PC2,PLXDC2,-2.416198815343906e-05,2.416198815343906e-05,279
RR3-40 OSD-168 FLT−GC,PC2,PMF1,-2.4576661803487673e-05,2.4576661803487673e-05,260
RR3-40 OSD-168 FLT−GC,PC2,PMVK,-2.1569672709568632e-05,2.1569672709568632e-05,418
RR3-40 OSD-168 FLT−GC,PC2,PNLDC1,-4.360053229533006e-05,4.360053229533006e-05,31
RR3-40 OSD-168 FLT−GC,PC2,POLD2,-2.9397776503836847e-05,2.9397776503836847e-05,142
RR3-40 OSD-168 FLT−GC,PC2,POLR2H,-2.5278513425378294e-05,2.5278513425378294e-05,244
RR3-40 OSD-168 FLT−GC,PC2,POMC,-2.843810375143209e-05,2.843810375143209e-05,160
RR3-40 OSD-168 FLT−GC,PC2,PPAT,-2.810938405237783e-05,2.810938405237783e-05,166
RR3-40 OSD-168 FLT−GC,PC2,PPID,-2.2685436626607364e-05,2.2685436626607364e-05,344
RR3-40 OSD-168 FLT−GC,PC2,PPP1R14D,-2.4253916531301672e-05,2.4253916531301672e-05,273
RR3-40 OSD-168 FLT−GC,PC2,PPP1R1B,4.264277727751989e-05,4.264277727751989e-05,34
RR3-40 OSD-168 FLT−GC,PC2,PRCD,-2.4156707059023432e-05,2.4156707059023432e-05,280
RR3-40 OSD-168 FLT−GC,PC2,PROK1,-2.990404851288344e-05,2.990404851288344e-05,131
RR3-40 OSD-168 FLT−GC,PC2,PRR5,-2.3533387871631796e-05,2.3533387871631796e-05,306
RR3-40 OSD-168 FLT−GC,PC2,PRSS12,-4.0552815376777206e-05,4.0552815376777206e-05,43
RR3-40 OSD-168 FLT−GC,PC2,PRTN3,2.393095570704504e-05,2.393095570704504e-05,289
RR3-40 OSD-168 FLT−GC,PC2,PRXL2B,-2.879572284069744e-05,2.879572284069744e-05,148
RR3-40 OSD-168 FLT−GC,PC2,PSCA,2.770613514512488e-05,2.770613514512488e-05,178
RR3-40 OSD-168 FLT−GC,PC2,PSTK,-2.3743636948790413e-05,2.3743636948790413e-05,298
RR3-40 OSD-168 FLT−GC,PC2,PWWP3B,-2.839218726344375e-05,2.839218726344375e-05,162
RR3-40 OSD-168 FLT−GC,PC2,RAB33A,-2.8903039733686255e-05,2.8903039733686255e-05,146
RR3-40 OSD-168 FLT−GC,PC2,RAB37,-2.6827037502216958e-05,2.6827037502216958e-05,196
RR3-40 OSD-168 FLT−GC,PC2,RAMP3,-2.0906628612566788e-05,2.0906628612566788e-05,466
RR3-40 OSD-168 FLT−GC,PC2,RASD1,4.191891961278197e-05,4.191891961278197e-05,37
RR3-40 OSD-168 FLT−GC,PC2,RASL12,-2.3299405074447928e-05,2.3299405074447928e-05,320
RR3-40 OSD-168 FLT−GC,PC2,RBP7,-2.3241949543895467e-05,2.3241949543895467e-05,324
RR3-40 OSD-168 FLT−GC,PC2,REC114,-2.615288834215091e-05,2.615288834215091e-05,215
RR3-40 OSD-168 FLT−GC,PC2,REEP2,2.3056617011059277e-05,2.3056617011059277e-05,332
RR3-40 OSD-168 FLT−GC,PC2,REP15,-2.5421227704004977e-05,2.5421227704004977e-05,239
RR3-40 OSD-168 FLT−GC,PC2,RGCC,-3.4032970083620714e-05,3.4032970083620714e-05,83
RR3-40 OSD-168 FLT−GC,PC2,RGS16,3.8495845897015895e-05,3.8495845897015895e-05,57
RR3-40 OSD-168 FLT−GC,PC2,RHBDL1,-4.3830159879373865e-05,4.3830159879373865e-05,29
RR3-40 OSD-168 FLT−GC,PC2,RHOB,2.7605629188470114e-05,2.7605629188470114e-05,179
RR3-40 OSD-168 FLT−GC,PC2,RNF152,2.2761795430195914e-05,2.2761795430195914e-05,342
RR3-40 OSD-168 FLT−GC,PC2,RNF225,-6.583657349116811e-05,6.583657349116811e-05,7
RR3-40 OSD-168 FLT−GC,PC2,RPP25,-2.8425500790491906e-05,2.8425500790491906e-05,161
RR3-40 OSD-168 FLT−GC,PC2,RRAGB,-3.150203128779296e-05,3.150203128779296e-05,109
RR3-40 OSD-168 FLT−GC,PC2,RSPH9,-2.1871810842538282e-05,2.1871810842538282e-05,394
RR3-40 OSD-168 FLT−GC,PC2,RUFY4,-2.855162581887642e-05,2.855162581887642e-05,155
RR3-40 OSD-168 FLT−GC,PC2,RWDD2A,-2.086637763737592e-05,2.086637763737592e-05,471
RR3-40 OSD-168 FLT−GC,PC2,SCEL,2.55996175481413e-05,2.55996175481413e-05,235
RR3-40 OSD-168 FLT−GC,PC2,SCFD1,-2.830608845205161e-05,2.830608845205161e-05,163
RR3-40 OSD-168 FLT−GC,PC2,SCN7A,2.18983620820848e-05,2.18983620820848e-05,389
RR3-40 OSD-168 FLT−GC,PC2,SEC11A,-2.1725302235945794e-05,2.1725302235945794e-05,405
RR3-40 OSD-168 FLT−GC,PC2,SEC22B,-2.8537925972776413e-05,2.8537925972776413e-05,156
RR3-40 OSD-168 FLT−GC,PC2,SEC23B,-3.1355433800255294e-05,3.1355433800255294e-05,113
RR3-40 OSD-168 FLT−GC,PC2,SELENOS,-2.2430069732781456e-05,2.2430069732781456e-05,360
RR3-40 OSD-168 FLT−GC,PC2,SEMA5B,-2.2646762521597374e-05,2.2646762521597374e-05,348
RR3-40 OSD-168 FLT−GC,PC2,SEPTIN2,-2.1031299507110328e-05,2.1031299507110328e-05,450
RR3-40 OSD-168 FLT−GC,PC2,SERHL2,-2.4167412836126325e-05,2.4167412836126325e-05,278
RR3-40 OSD-168 FLT−GC,PC2,SERP2,-2.8847827062079593e-05,2.8847827062079593e-05,147
RR3-40 OSD-168 FLT−GC,PC2,SERPINA5,-2.3670717128975074e-05,2.3670717128975074e-05,303
RR3-40 OSD-168 FLT−GC,PC2,SERPINE1,-6.217090135891665e-05,6.217090135891665e-05,10
RR3-40 OSD-168 FLT−GC,PC2,SETD4,-2.2879003071053563e-05,2.2879003071053563e-05,339
RR3-40 OSD-168 FLT−GC,PC2,SFTPD,2.170363987954978e-05,2.170363987954978e-05,407
RR3-40 OSD-168 FLT−GC,PC2,SGK2,-2.7973596650720375e-05,2.7973596650720375e-05,171
RR3-40 OSD-168 FLT−GC,PC2,SHFL,-2.120561739414227e-05,2.120561739414227e-05,437
RR3-40 OSD-168 FLT−GC,PC2,SHISA8,-2.7102289681408495e-05,2.7102289681408495e-05,190
RR3-40 OSD-168 FLT−GC,PC2,SKIL,2.5919940771279845e-05,2.5919940771279845e-05,225
RR3-40 OSD-168 FLT−GC,PC2,SLC16A13,-2.4814545943261424e-05,2.4814545943261424e-05,250
RR3-40 OSD-168 FLT−GC,PC2,SLC25A2,-3.64318780155104e-05,3.64318780155104e-05,63
RR3-40 OSD-168 FLT−GC,PC2,SLC25A30,3.653249339621965e-05,3.653249339621965e-05,60
RR3-40 OSD-168 FLT−GC,PC2,SLC25A33,4.4886853464003256e-05,4.4886853464003256e-05,26
RR3-40 OSD-168 FLT−GC,PC2,SLC25A38,-2.6024455052125962e-05,2.6024455052125962e-05,220
RR3-40 OSD-168 FLT−GC,PC2,SLC25A42,2.6589778180145284e-05,2.6589778180145284e-05,204
RR3-40 OSD-168 FLT−GC,PC2,SLC25A44,-2.4227857995411386e-05,2.4227857995411386e-05,276
RR3-40 OSD-168 FLT−GC,PC2,SLC25A47,-2.4783757047135605e-05,2.4783757047135605e-05,251
RR3-40 OSD-168 FLT−GC,PC2,SLC26A6,-2.6077484337113548e-05,2.6077484337113548e-05,218
RR3-40 OSD-168 FLT−GC,PC2,SLC2A12,-2.2294743245225365e-05,2.2294743245225365e-05,371
RR3-40 OSD-168 FLT−GC,PC2,SLC30A8,-3.045488736165631e-05,3.045488736165631e-05,123
RR3-40 OSD-168 FLT−GC,PC2,SLC34A3,-2.3713942302801727e-05,2.3713942302801727e-05,300
RR3-40 OSD-168 FLT−GC,PC2,SLC35F2,-2.2789812682238462e-05,2.2789812682238462e-05,341
RR3-40 OSD-168 FLT−GC,PC2,SLC39A2,-3.976611618797482e-05,3.976611618797482e-05,48
RR3-40 OSD-168 FLT−GC,PC2,SLC41A2,-4.130151743739157e-05,4.130151743739157e-05,38
RR3-40 OSD-168 FLT−GC,PC2,SLC46A3,-2.293424527033379e-05,2.293424527033379e-05,337
RR3-40 OSD-168 FLT−GC,PC2,SLC8A3,4.088965223295752e-05,4.088965223295752e-05,42
RR3-40 OSD-168 FLT−GC,PC2,SLCO1C1,-2.2426584061656635e-05,2.2426584061656635e-05,361
RR3-40 OSD-168 FLT−GC,PC2,SMARCA1,-2.4228682671114516e-05,2.4228682671114516e-05,275
RR3-40 OSD-168 FLT−GC,PC2,SMOX,-2.1662714284738816e-05,2.1662714284738816e-05,410
RR3-40 OSD-168 FLT−GC,PC2,SMPDL3B,-2.1063585359152617e-05,2.1063585359152617e-05,449
RR3-40 OSD-168 FLT−GC,PC2,SNAPC3,-2.098193317595e-05,2.098193317595e-05,457
RR3-40 OSD-168 FLT−GC,PC2,SOCS2,3.4824390243380935e-05,3.4824390243380935e-05,76
RR3-40 OSD-168 FLT−GC,PC2,SPC24,-2.8721012246434903e-05,2.8721012246434903e-05,152
RR3-40 OSD-168 FLT−GC,PC2,SPHK1,2.6861624990050997e-05,2.6861624990050997e-05,195
RR3-40 OSD-168 FLT−GC,PC2,SPNS3,-3.165522799459375e-05,3.165522799459375e-05,106
RR3-40 OSD-168 FLT−GC,PC2,SPX,-2.2518096736986253e-05,2.2518096736986253e-05,355
RR3-40 OSD-168 FLT−GC,PC2,SQLE,-3.114887001272396e-05,3.114887001272396e-05,116
RR3-40 OSD-168 FLT−GC,PC2,SREBF2,-2.3104591886471927e-05,2.3104591886471927e-05,330
RR3-40 OSD-168 FLT−GC,PC2,SRM,-2.7996167512498533e-05,2.7996167512498533e-05,168
RR3-40 OSD-168 FLT−GC,PC2,SRP19,-2.1096666063686247e-05,2.1096666063686247e-05,444
RR3-40 OSD-168 FLT−GC,PC2,SRPRB,-2.2255818868299682e-05,2.2255818868299682e-05,372
RR3-40 OSD-168 FLT−GC,PC2,SRPX2,-2.7397662819875695e-05,2.7397662819875695e-05,185
RR3-40 OSD-168 FLT−GC,PC2,SRSF2,-2.212907165635877e-05,2.212907165635877e-05,377
RR3-40 OSD-168 FLT−GC,PC2,SRSF3,-2.110698948201389e-05,2.110698948201389e-05,443
RR3-40 OSD-168 FLT−GC,PC2,SS18L2,-2.9430037999927896e-05,2.9430037999927896e-05,141
RR3-40 OSD-168 FLT−GC,PC2,STAG3,2.2352550409748326e-05,2.2352550409748326e-05,367
RR3-40 OSD-168 FLT−GC,PC2,STAT1,-2.311552967007658e-05,2.311552967007658e-05,329
RR3-40 OSD-168 FLT−GC,PC2,STIP1,-2.9874482947573082e-05,2.9874482947573082e-05,133
RR3-40 OSD-168 FLT−GC,PC2,STK36,-2.130293832952636e-05,2.130293832952636e-05,431
RR3-40 OSD-168 FLT−GC,PC2,SULT1E1,-2.1242063693565214e-05,2.1242063693565214e-05,433
RR3-40 OSD-168 FLT−GC,PC2,SUN3,-3.327583485656506e-05,3.327583485656506e-05,91
RR3-40 OSD-168 FLT−GC,PC2,SYCE1,2.3727881248824475e-05,2.3727881248824475e-05,299
RR3-40 OSD-168 FLT−GC,PC2,SYTL3,-3.04150975406381e-05,3.04150975406381e-05,126
RR3-40 OSD-168 FLT−GC,PC2,SYVN1,-3.640699874249602e-05,3.640699874249602e-05,64
RR3-40 OSD-168 FLT−GC,PC2,TAP1,-2.2620408410762265e-05,2.2620408410762265e-05,349
RR3-40 OSD-168 FLT−GC,PC2,TAS2R4,-3.890391709283309e-05,3.890391709283309e-05,54
RR3-40 OSD-168 FLT−GC,PC2,TAS2R60,-2.2207623640392596e-05,2.2207623640392596e-05,375
RR3-40 OSD-168 FLT−GC,PC2,TAT,2.2008402183469298e-05,2.2008402183469298e-05,383
RR3-40 OSD-168 FLT−GC,PC2,TCIM,2.069465481779288e-05,2.069465481779288e-05,483
RR3-40 OSD-168 FLT−GC,PC2,TDP2,-2.1176145566298593e-05,2.1176145566298593e-05,438
RR3-40 OSD-168 FLT−GC,PC2,TEDC2,-2.161540724712603e-05,2.161540724712603e-05,413
RR3-40 OSD-168 FLT−GC,PC2,TENT5B,2.1360416845939787e-05,2.1360416845939787e-05,425
RR3-40 OSD-168 FLT−GC,PC2,TEX38,2.1984439603103578e-05,2.1984439603103578e-05,384
RR3-40 OSD-168 FLT−GC,PC2,TFB1M,-2.3137110341835975e-05,2.3137110341835975e-05,328
RR3-40 OSD-168 FLT−GC,PC2,TFG,-2.2110664073504343e-05,2.2110664073504343e-05,379
RR3-40 OSD-168 FLT−GC,PC2,TFRC,-2.62556729259077e-05,2.62556729259077e-05,210
RR3-40 OSD-168 FLT−GC,PC2,TIMM9,-2.1727472293358408e-05,2.1727472293358408e-05,404
RR3-40 OSD-168 FLT−GC,PC2,TIMP1,2.667039590959103e-05,2.667039590959103e-05,199
RR3-40 OSD-168 FLT−GC,PC2,TK1,-2.4367350485837e-05,2.4367350485837e-05,271
RR3-40 OSD-168 FLT−GC,PC2,TKT,-2.0888715221722864e-05,2.0888715221722864e-05,468
RR3-40 OSD-168 FLT−GC,PC2,TLCD1,-2.3433033821732694e-05,2.3433033821732694e-05,309
RR3-40 OSD-168 FLT−GC,PC2,TMEM119,2.797866650221508e-05,2.797866650221508e-05,170
RR3-40 OSD-168 FLT−GC,PC2,TMEM171,-4.9640175299272906e-05,4.9640175299272906e-05,20
RR3-40 OSD-168 FLT−GC,PC2,TMEM221,-2.297693639486412e-05,2.297693639486412e-05,335
RR3-40 OSD-168 FLT−GC,PC2,TMEM255B,-2.0721312686607208e-05,2.0721312686607208e-05,480
RR3-40 OSD-168 FLT−GC,PC2,TMEM54,-2.2116262967102358e-05,2.2116262967102358e-05,378
RR3-40 OSD-168 FLT−GC,PC2,TMTC1,-2.5051589407799153e-05,2.5051589407799153e-05,249
RR3-40 OSD-168 FLT−GC,PC2,TNFAIP8L3,2.0683749591733436e-05,2.0683749591733436e-05,485
RR3-40 OSD-168 FLT−GC,PC2,TNFRSF4,-3.396048127577446e-05,3.396048127577446e-05,85
RR3-40 OSD-168 FLT−GC,PC2,TP53INP2,2.3072726743167058e-05,2.3072726743167058e-05,331
RR3-40 OSD-168 FLT−GC,PC2,TRA2A,-2.138202040741344e-05,2.138202040741344e-05,424
RR3-40 OSD-168 FLT−GC,PC2,TRABD,-2.577397707403312e-05,2.577397707403312e-05,232
RR3-40 OSD-168 FLT−GC,PC2,TRIP4,-2.4079649348796793e-05,2.4079649348796793e-05,283
RR3-40 OSD-168 FLT−GC,PC2,TSC22D1,4.307529917318645e-05,4.307529917318645e-05,33
RR3-40 OSD-168 FLT−GC,PC2,TSC22D3,-2.533465860538077e-05,2.533465860538077e-05,241
RR3-40 OSD-168 FLT−GC,PC2,TTLL13,-2.0975012040877865e-05,2.0975012040877865e-05,458
RR3-40 OSD-168 FLT−GC,PC2,TUBA8,3.0189683596195338e-05,3.0189683596195338e-05,128
RR3-40 OSD-168 FLT−GC,PC2,TUBG2,-3.146883947396701e-05,3.146883947396701e-05,110
RR3-40 OSD-168 FLT−GC,PC2,TWIST1,3.508357437360964e-05,3.508357437360964e-05,73
RR3-40 OSD-168 FLT−GC,PC2,U2AF1,-2.2421551169921262e-05,2.2421551169921262e-05,362
RR3-40 OSD-168 FLT−GC,PC2,UAP1,-2.608004202765726e-05,2.608004202765726e-05,217
RR3-40 OSD-168 FLT−GC,PC2,UBA7,-2.3216378825236587e-05,2.3216378825236587e-05,326
RR3-40 OSD-168 FLT−GC,PC2,UBD,-2.6319455383500927e-05,2.6319455383500927e-05,208
RR3-40 OSD-168 FLT−GC,PC2,UBE2T,-2.4055760971059555e-05,2.4055760971059555e-05,285
RR3-40 OSD-168 FLT−GC,PC2,UCHL1,2.3018814770127647e-05,2.3018814770127647e-05,334
RR3-40 OSD-168 FLT−GC,PC2,ULK1,3.612195925416275e-05,3.612195925416275e-05,67
RR3-40 OSD-168 FLT−GC,PC2,UNC79,-2.44896946270255e-05,2.44896946270255e-05,264
RR3-40 OSD-168 FLT−GC,PC2,UPK3A,-2.4394221165555278e-05,2.4394221165555278e-05,270
RR3-40 OSD-168 FLT−GC,PC2,UPK3B,-2.266654367452425e-05,2.266654367452425e-05,347
RR3-40 OSD-168 FLT−GC,PC2,UPP2,-2.988430981088144e-05,2.988430981088144e-05,132
RR3-40 OSD-168 FLT−GC,PC2,USP18,-2.4548250453121905e-05,2.4548250453121905e-05,261
RR3-40 OSD-168 FLT−GC,PC2,VEGFD,2.2556107706293478e-05,2.2556107706293478e-05,352
RR3-40 OSD-168 FLT−GC,PC2,VLDLR,-4.0317013106622145e-05,4.0317013106622145e-05,44
RR3-40 OSD-168 FLT−GC,PC2,VNN1,7.041268840174428e-05,7.041268840174428e-05,6
RR3-40 OSD-168 FLT−GC,PC2,WDR27,-3.1593783267213595e-05,3.1593783267213595e-05,108
RR3-40 OSD-168 FLT−GC,PC2,WDR31,-2.6630634336466466e-05,2.6630634336466466e-05,200
RR3-40 OSD-168 FLT−GC,PC2,WNT2B,-2.3326086095941787e-05,2.3326086095941787e-05,315
RR3-40 OSD-168 FLT−GC,PC2,WNT9A,-2.1083534418389883e-05,2.1083534418389883e-05,446
RR3-40 OSD-168 FLT−GC,PC2,ZFYVE21,-3.680319951150338e-05,3.680319951150338e-05,59
RR3-40 OSD-168 FLT−GC,PC2,ZNF668,-2.187379807724405e-05,2.187379807724405e-05,392
RR3 GC39→GC40,PC1,AACS,0.00019329530737140728,0.00019329530737140728,14
RR3 GC39→GC40,PC1,ABCA8,-4.8967112492905894e-05,4.8967112492905894e-05,381
RR3 GC39→GC40,PC1,ABHD15,7.215542407445546e-05,7.215542407445546e-05,181
RR3 GC39→GC40,PC1,ABTB2,-0.00014042942062461724,0.00014042942062461724,38
RR3 GC39→GC40,PC1,ACACA,5.8055742200512894e-05,5.8055742200512894e-05,287
RR3 GC39→GC40,PC1,ACMSD,-0.00010773785672365952,0.00010773785672365952,76
RR3 GC39→GC40,PC1,ACOT4,5.094451239692675e-05,5.094451239692675e-05,352
RR3 GC39→GC40,PC1,ADCK5,-7.697308737219716e-05,7.697308737219716e-05,159
RR3 GC39→GC40,PC1,AHCTF1,-7.027597881582589e-05,7.027597881582589e-05,197
RR3 GC39→GC40,PC1,AK2,4.721433156921107e-05,4.721433156921107e-05,406
RR3 GC39→GC40,PC1,AKIRIN1,4.4611028323075754e-05,4.4611028323075754e-05,443
RR3 GC39→GC40,PC1,ALAS1,0.00022621143103074298,0.00022621143103074298,7
RR3 GC39→GC40,PC1,ALPL,6.054843832944388e-05,6.054843832944388e-05,263
RR3 GC39→GC40,PC1,ALS2,8.504815834460767e-05,8.504815834460767e-05,133
RR3 GC39→GC40,PC1,ALS2CL,-4.882929867609348e-05,4.882929867609348e-05,383
RR3 GC39→GC40,PC1,AMIGO2,4.995813379048755e-05,4.995813379048755e-05,365
RR3 GC39→GC40,PC1,AMN1,5.260475792377738e-05,5.260475792377738e-05,337
RR3 GC39→GC40,PC1,ANGPTL2,4.3723756421869295e-05,4.3723756421869295e-05,459
RR3 GC39→GC40,PC1,AOPEP,4.336551543753007e-05,4.336551543753007e-05,468
RR3 GC39→GC40,PC1,AOX1,-6.711149951090542e-05,6.711149951090542e-05,216
RR3 GC39→GC40,PC1,AP3M1,8.994540766471307e-05,8.994540766471307e-05,107
RR3 GC39→GC40,PC1,APOBEC1,-4.379016648167152e-05,4.379016648167152e-05,458
RR3 GC39→GC40,PC1,AQP11,0.00012912593796385495,0.00012912593796385495,51
RR3 GC39→GC40,PC1,ARHGEF10L,-7.633268529788143e-05,7.633268529788143e-05,164
RR3 GC39→GC40,PC1,ARHGEF19,-6.535077758983473e-05,6.535077758983473e-05,228
RR3 GC39→GC40,PC1,ARHGEF26,0.00010351794746201864,0.00010351794746201864,82
RR3 GC39→GC40,PC1,ARL4A,-0.0001510487925669305,0.0001510487925669305,31
RR3 GC39→GC40,PC1,ARRDC3,-8.784343141628202e-05,8.784343141628202e-05,119
RR3 GC39→GC40,PC1,ASAP2,-0.00010091474130096102,0.00010091474130096102,86
RR3 GC39→GC40,PC1,ATG101,-5.6945371828858194e-05,5.6945371828858194e-05,293
RR3 GC39→GC40,PC1,ATOH8,-8.801866960611312e-05,8.801866960611312e-05,118
RR3 GC39→GC40,PC1,ATP1A1,5.472542291556735e-05,5.472542291556735e-05,319
RR3 GC39→GC40,PC1,ATP1B1,7.513078754383655e-05,7.513078754383655e-05,171
RR3 GC39→GC40,PC1,ATP8B1,-5.015438771462065e-05,5.015438771462065e-05,362
RR3 GC39→GC40,PC1,AVPR1A,-0.00012820808441578634,0.00012820808441578634,53
RR3 GC39→GC40,PC1,AZIN1,6.351014344331066e-05,6.351014344331066e-05,246
RR3 GC39→GC40,PC1,B4GALT5,4.9348070716719626e-05,4.9348070716719626e-05,375
RR3 GC39→GC40,PC1,BAG3,6.598664063892316e-05,6.598664063892316e-05,226
RR3 GC39→GC40,PC1,BAIAP2,-7.031640721573132e-05,7.031640721573132e-05,196
RR3 GC39→GC40,PC1,BAZ1B,4.467155986277128e-05,4.467155986277128e-05,441
RR3 GC39→GC40,PC1,BCAR3,-6.536452907228927e-05,6.536452907228927e-05,227
RR3 GC39→GC40,PC1,BCL7C,-7.719801744483658e-05,7.719801744483658e-05,157
RR3 GC39→GC40,PC1,BET1L,4.907476687079668e-05,4.907476687079668e-05,379
RR3 GC39→GC40,PC1,BHLHE40,8.66702922917495e-05,8.66702922917495e-05,121
RR3 GC39→GC40,PC1,BRI3,5.177101557941943e-05,5.177101557941943e-05,344
RR3 GC39→GC40,PC1,BTG1,-0.0001175742908725895,0.0001175742908725895,62
RR3 GC39→GC40,PC1,BTG2,-9.310674479898227e-05,9.310674479898227e-05,97
RR3 GC39→GC40,PC1,C2CD2L,5.8178242094856346e-05,5.8178242094856346e-05,284
RR3 GC39→GC40,PC1,CABLES1,-5.562111035365039e-05,5.562111035365039e-05,308
RR3 GC39→GC40,PC1,CACYBP,4.43711888312532e-05,4.43711888312532e-05,450
RR3 GC39→GC40,PC1,CCDC117,5.7118363543833517e-05,5.7118363543833517e-05,292
RR3 GC39→GC40,PC1,CCN1,-7.786729108098267e-05,7.786729108098267e-05,155
RR3 GC39→GC40,PC1,CCND1,0.0001240519867525711,0.0001240519867525711,56
RR3 GC39→GC40,PC1,CCNG2,-7.9314251872859e-05,7.9314251872859e-05,151
RR3 GC39→GC40,PC1,CDA,-0.00015550985872958342,0.00015550985872958342,27
RR3 GC39→GC40,PC1,CEBPB,4.901772475535194e-05,4.901772475535194e-05,380
RR3 GC39→GC40,PC1,CELSR1,-7.233935333595422e-05,7.233935333595422e-05,178
RR3 GC39→GC40,PC1,CERS6,5.863036940551571e-05,5.863036940551571e-05,279
RR3 GC39→GC40,PC1,CGN,-8.159850588513536e-05,8.159850588513536e-05,142
RR3 GC39→GC40,PC1,CGREF1,-5.5679161846063136e-05,5.5679161846063136e-05,307
RR3 GC39→GC40,PC1,CGRRF1,4.2828925339501336e-05,4.2828925339501336e-05,479
RR3 GC39→GC40,PC1,CHAC1,-4.2267961331290275e-05,4.2267961331290275e-05,498
RR3 GC39→GC40,PC1,CHKA,-0.0003075624163175516,0.0003075624163175516,3
RR3 GC39→GC40,PC1,CHORDC1,7.099613188203995e-05,7.099613188203995e-05,190
RR3 GC39→GC40,PC1,CIRBP,-4.3621679464164763e-05,4.3621679464164763e-05,462
RR3 GC39→GC40,PC1,CISH,5.804118186765049e-05,5.804118186765049e-05,288
RR3 GC39→GC40,PC1,CITED2,-4.2733342471955944e-05,4.2733342471955944e-05,481
RR3 GC39→GC40,PC1,CLDN1,-0.00012827934016512865,0.00012827934016512865,52
RR3 GC39→GC40,PC1,CLOCK,-7.847646326965534e-05,7.847646326965534e-05,153
RR3 GC39→GC40,PC1,CLPX,-0.0001078641906307512,0.0001078641906307512,75
RR3 GC39→GC40,PC1,COL1A2,7.067639703629352e-05,7.067639703629352e-05,193
RR3 GC39→GC40,PC1,COL3A1,0.00011357471440558144,0.00011357471440558144,69
RR3 GC39→GC40,PC1,COQ10B,0.00026053072204566905,0.00026053072204566905,4
RR3 GC39→GC40,PC1,COQ8A,-6.244547688756227e-05,6.244547688756227e-05,253
RR3 GC39→GC40,PC1,CPEB2,-8.900286796432787e-05,8.900286796432787e-05,110
RR3 GC39→GC40,PC1,CPEB4,-8.303576553200685e-05,8.303576553200685e-05,138
RR3 GC39→GC40,PC1,CRAT,-7.330687533840624e-05,7.330687533840624e-05,176
RR3 GC39→GC40,PC1,CRCP,4.458981678372064e-05,4.458981678372064e-05,444
RR3 GC39→GC40,PC1,CRELD2,8.949412155896575e-05,8.949412155896575e-05,109
RR3 GC39→GC40,PC1,CRIP2,-7.219753784413376e-05,7.219753784413376e-05,180
RR3 GC39→GC40,PC1,CRYM,4.962764899606179e-05,4.962764899606179e-05,372
RR3 GC39→GC40,PC1,CSAD,-0.00013050162456046218,0.00013050162456046218,47
RR3 GC39→GC40,PC1,CSRNP1,7.173789646743874e-05,7.173789646743874e-05,186
RR3 GC39→GC40,PC1,CTSC,-4.7074068666597965e-05,4.7074068666597965e-05,408
RR3 GC39→GC40,PC1,CUX2,4.235188606387619e-05,4.235188606387619e-05,495
RR3 GC39→GC40,PC1,CXXC5,-9.290859353911139e-05,9.290859353911139e-05,98
RR3 GC39→GC40,PC1,CYP17A1,7.54161610651389e-05,7.54161610651389e-05,169
RR3 GC39→GC40,PC1,CYP7A1,0.00034154343081077305,0.00034154343081077305,2
RR3 GC39→GC40,PC1,CYTH1,8.870094448812515e-05,8.870094448812515e-05,113
RR3 GC39→GC40,PC1,DAPK1,-8.424139908015222e-05,8.424139908015222e-05,135
RR3 GC39→GC40,PC1,DBP,0.0004076317800440769,0.0004076317800440769,1
RR3 GC39→GC40,PC1,DCLRE1A,6.653629327564646e-05,6.653629327564646e-05,223
RR3 GC39→GC40,PC1,DCUN1D4,4.3195924129277756e-05,4.3195924129277756e-05,473
RR3 GC39→GC40,PC1,DDC,-6.008807885479302e-05,6.008807885479302e-05,268
RR3 GC39→GC40,PC1,DENND4A,-6.208836250460131e-05,6.208836250460131e-05,254
RR3 GC39→GC40,PC1,DEPP1,-0.00021520991039234837,0.00021520991039234837,8
RR3 GC39→GC40,PC1,DIO1,-8.871990979545317e-05,8.871990979545317e-05,112
RR3 GC39→GC40,PC1,DLC1,-5.283730074388883e-05,5.283730074388883e-05,334
RR3 GC39→GC40,PC1,DNAJA1,8.965659191648589e-05,8.965659191648589e-05,108
RR3 GC39→GC40,PC1,DNAJB1,9.123568569346067e-05,9.123568569346067e-05,104
RR3 GC39→GC40,PC1,DNAJB4,4.753852699287159e-05,4.753852699287159e-05,401
RR3 GC39→GC40,PC1,DNAJB9,5.1722210083303934e-05,5.1722210083303934e-05,345
RR3 GC39→GC40,PC1,DPP9,-8.065736852070326e-05,8.065736852070326e-05,149
RR3 GC39→GC40,PC1,DPT,6.284540404209133e-05,6.284540404209133e-05,249
RR3 GC39→GC40,PC1,DSP,-5.3756410778711934e-05,5.3756410778711934e-05,325
RR3 GC39→GC40,PC1,DTX4,-9.206864104369191e-05,9.206864104369191e-05,102
RR3 GC39→GC40,PC1,DUSP1,-7.694583188807446e-05,7.694583188807446e-05,160
RR3 GC39→GC40,PC1,DYRK1B,-4.8551574837287616e-05,4.8551574837287616e-05,386
RR3 GC39→GC40,PC1,EFHD2,8.60686897654198e-05,8.60686897654198e-05,124
RR3 GC39→GC40,PC1,EFNA1,-0.00016225368978821212,0.00016225368978821212,26
RR3 GC39→GC40,PC1,EFNB1,-4.772192026813222e-05,4.772192026813222e-05,398
RR3 GC39→GC40,PC1,EGR1,-8.103051620657495e-05,8.103051620657495e-05,144
RR3 GC39→GC40,PC1,ELL3,5.554568379766796e-05,5.554568379766796e-05,311
RR3 GC39→GC40,PC1,ELOVL6,0.00013892870692208762,0.00013892870692208762,40
RR3 GC39→GC40,PC1,ENHO,-0.00017219305941176051,0.00017219305941176051,21
RR3 GC39→GC40,PC1,ENPP3,-4.239836920106664e-05,4.239836920106664e-05,494
RR3 GC39→GC40,PC1,EPHA1,5.595126771469113e-05,5.595126771469113e-05,304
RR3 GC39→GC40,PC1,EPHA2,-4.342204135824614e-05,4.342204135824614e-05,467
RR3 GC39→GC40,PC1,EPHB4,4.73330926017659e-05,4.73330926017659e-05,404
RR3 GC39→GC40,PC1,EPS8L2,-0.0001359917246999962,0.0001359917246999962,43
RR3 GC39→GC40,PC1,ERBB3,-6.203125193126032e-05,6.203125193126032e-05,255
RR3 GC39→GC40,PC1,ESRP2,-4.677537252591314e-05,4.677537252591314e-05,411
RR3 GC39→GC40,PC1,ESRRA,6.860884267200209e-05,6.860884267200209e-05,203
RR3 GC39→GC40,PC1,ETFBKMT,7.19235403701023e-05,7.19235403701023e-05,182
RR3 GC39→GC40,PC1,ETHE1,-0.00012231784237131613,0.00012231784237131613,58
RR3 GC39→GC40,PC1,ETNK2,5.9873857585179005e-05,5.9873857585179005e-05,269
RR3 GC39→GC40,PC1,ETNPPL,-5.274480579106283e-05,5.274480579106283e-05,336
RR3 GC39→GC40,PC1,FADS6,6.361444110187473e-05,6.361444110187473e-05,245
RR3 GC39→GC40,PC1,FAM149A,-4.598817588472614e-05,4.598817588472614e-05,422
RR3 GC39→GC40,PC1,FAM210B,-8.585528015192031e-05,8.585528015192031e-05,126
RR3 GC39→GC40,PC1,FAM47E,0.00017537771846549055,0.00017537771846549055,18
RR3 GC39→GC40,PC1,FAM89A,-0.00011507575269852396,0.00011507575269852396,65
RR3 GC39→GC40,PC1,FBXO33,4.353503806501732e-05,4.353503806501732e-05,465
RR3 GC39→GC40,PC1,FBXO6,-8.899301370265437e-05,8.899301370265437e-05,111
RR3 GC39→GC40,PC1,FERMT2,-5.792509353800314e-05,5.792509353800314e-05,290
RR3 GC39→GC40,PC1,FGF21,-0.00017465784967421225,0.00017465784967421225,19
RR3 GC39→GC40,PC1,FGFR3,4.608169299585248e-05,4.608169299585248e-05,421
RR3 GC39→GC40,PC1,FGFRL1,6.40110843001288e-05,6.40110843001288e-05,241
RR3 GC39→GC40,PC1,FHIP1A,-5.688289333702329e-05,5.688289333702329e-05,294
RR3 GC39→GC40,PC1,FITM2,5.11957342583985e-05,5.11957342583985e-05,350
RR3 GC39→GC40,PC1,FKBP11,0.0001167088921286748,0.0001167088921286748,64
RR3 GC39→GC40,PC1,FLNB,9.14604706430387e-05,9.14604706430387e-05,103
RR3 GC39→GC40,PC1,FMO2,4.7912634232731415e-05,4.7912634232731415e-05,393
RR3 GC39→GC40,PC1,FOXA3,-5.6357351952709594e-05,5.6357351952709594e-05,302
RR3 GC39→GC40,PC1,FOXO3,5.807237637942734e-05,5.807237637942734e-05,285
RR3 GC39→GC40,PC1,FPGS,-5.927082876162332e-05,5.927082876162332e-05,275
RR3 GC39→GC40,PC1,FZD8,6.145123155291289e-05,6.145123155291289e-05,257
RR3 GC39→GC40,PC1,GADD45B,-6.634487899358544e-05,6.634487899358544e-05,224
RR3 GC39→GC40,PC1,GALE,-8.579734936165144e-05,8.579734936165144e-05,128
RR3 GC39→GC40,PC1,GALT,-4.213545019141499e-05,4.213545019141499e-05,500
RR3 GC39→GC40,PC1,GCK,-5.953123624010949e-05,5.953123624010949e-05,271
RR3 GC39→GC40,PC1,GCLC,-4.908443408548494e-05,4.908443408548494e-05,378
RR3 GC39→GC40,PC1,GDA,4.252153960692689e-05,4.252153960692689e-05,490
RR3 GC39→GC40,PC1,GDF15,-0.0001770580432689562,0.0001770580432689562,17
RR3 GC39→GC40,PC1,GLDC,-7.148269137510208e-05,7.148269137510208e-05,188
RR3 GC39→GC40,PC1,GLRX5,4.4486505875699614e-05,4.4486505875699614e-05,447
RR3 GC39→GC40,PC1,GMNN,8.630333755863787e-05,8.630333755863787e-05,122
RR3 GC39→GC40,PC1,GNG10,4.994898285889469e-05,4.994898285889469e-05,366
RR3 GC39→GC40,PC1,GNL3,4.578300369586457e-05,4.578300369586457e-05,424
RR3 GC39→GC40,PC1,GPAT4,5.5740372762460505e-05,5.5740372762460505e-05,306
RR3 GC39→GC40,PC1,GPCPD1,8.830402583948402e-05,8.830402583948402e-05,115
RR3 GC39→GC40,PC1,GPR146,4.5133394985602104e-05,4.5133394985602104e-05,436
RR3 GC39→GC40,PC1,GPR155,4.8063408307280676e-05,4.8063408307280676e-05,391
RR3 GC39→GC40,PC1,GPSM2,-4.2932511793176925e-05,4.2932511793176925e-05,478
RR3 GC39→GC40,PC1,GPT2,6.382897080403948e-05,6.382897080403948e-05,243
RR3 GC39→GC40,PC1,GRB14,-4.651476616997246e-05,4.651476616997246e-05,416
RR3 GC39→GC40,PC1,GRB7,-7.043282879029672e-05,7.043282879029672e-05,194
RR3 GC39→GC40,PC1,GSN,9.330675279840496e-05,9.330675279840496e-05,95
RR3 GC39→GC40,PC1,GTF2IRD1,-7.090821739454738e-05,7.090821739454738e-05,191
RR3 GC39→GC40,PC1,GTF3A,4.259101930387481e-05,4.259101930387481e-05,488
RR3 GC39→GC40,PC1,GYS2,4.9141081368814934e-05,4.9141081368814934e-05,377
RR3 GC39→GC40,PC1,HAO2,4.7762989190326006e-05,4.7762989190326006e-05,397
RR3 GC39→GC40,PC1,HDAC5,-5.5250200542419315e-05,5.5250200542419315e-05,314
RR3 GC39→GC40,PC1,HES1,-8.582707189076751e-05,8.582707189076751e-05,127
RR3 GC39→GC40,PC1,HES6,0.00011874835760546042,0.00011874835760546042,60
RR3 GC39→GC40,PC1,HJV,-0.000132467736840304,0.000132467736840304,46
RR3 GC39→GC40,PC1,HLA-DQB2,4.531613930037955e-05,4.531613930037955e-05,431
RR3 GC39→GC40,PC1,HLF,6.755956081465647e-05,6.755956081465647e-05,214
RR3 GC39→GC40,PC1,HMGCR,0.00010119860787257673,0.00010119860787257673,85
RR3 GC39→GC40,PC1,HMGCS1,-7.483887555307655e-05,7.483887555307655e-05,173
RR3 GC39→GC40,PC1,HNMT,7.405840743392343e-05,7.405840743392343e-05,174
RR3 GC39→GC40,PC1,HOMER2,4.849150994120007e-05,4.849150994120007e-05,388
RR3 GC39→GC40,PC1,HOPX,4.442705869258547e-05,4.442705869258547e-05,448
RR3 GC39→GC40,PC1,HS6ST1,6.036621854909697e-05,6.036621854909697e-05,266
RR3 GC39→GC40,PC1,HSPH1,0.00013728983162885212,0.00013728983162885212,42
RR3 GC39→GC40,PC1,ID2,-4.654211889021744e-05,4.654211889021744e-05,413
RR3 GC39→GC40,PC1,IER2,-9.361043222776883e-05,9.361043222776883e-05,94
RR3 GC39→GC40,PC1,IFRD1,7.687858879602147e-05,7.687858879602147e-05,162
RR3 GC39→GC40,PC1,IGFBP1,-0.00018897560820280675,0.00018897560820280675,16
RR3 GC39→GC40,PC1,IGFBP3,6.479094253222472e-05,6.479094253222472e-05,237
RR3 GC39→GC40,PC1,IL4R,-5.3636335014004845e-05,5.3636335014004845e-05,329
RR3 GC39→GC40,PC1,INSC,-8.261077846267072e-05,8.261077846267072e-05,139
RR3 GC39→GC40,PC1,INSIG2,-6.514387684424373e-05,6.514387684424373e-05,234
RR3 GC39→GC40,PC1,IP6K2,-4.871645700895973e-05,4.871645700895973e-05,384
RR3 GC39→GC40,PC1,IPMK,-5.556900546096542e-05,5.556900546096542e-05,310
RR3 GC39→GC40,PC1,IRAK2,-4.394543321090907e-05,4.394543321090907e-05,456
RR3 GC39→GC40,PC1,IRF2BP2,-9.314338490572998e-05,9.314338490572998e-05,96
RR3 GC39→GC40,PC1,IRF6,-0.00012808129121707207,0.00012808129121707207,54
RR3 GC39→GC40,PC1,IRS2,-0.00010763436241387912,0.00010763436241387912,77
RR3 GC39→GC40,PC1,ITGA5,-4.352919580298879e-05,4.352919580298879e-05,466
RR3 GC39→GC40,PC1,IVNS1ABP,5.024058306139747e-05,5.024058306139747e-05,361
RR3 GC39→GC40,PC1,JAGN1,4.9827112580721386e-05,4.9827112580721386e-05,369
RR3 GC39→GC40,PC1,JUN,-0.00019590453990258943,0.00019590453990258943,11
RR3 GC39→GC40,PC1,JUNB,-0.00012642870308721477,0.00012642870308721477,55
RR3 GC39→GC40,PC1,JUND,-5.984504128577032e-05,5.984504128577032e-05,270
RR3 GC39→GC40,PC1,KANK1,-8.343536839003303e-05,8.343536839003303e-05,137
RR3 GC39→GC40,PC1,KAT5,-4.473716782182634e-05,4.473716782182634e-05,439
RR3 GC39→GC40,PC1,KCNK5,0.0001527140429371674,0.0001527140429371674,30
RR3 GC39→GC40,PC1,KDM4A,-4.471424561928516e-05,4.471424561928516e-05,440
RR3 GC39→GC40,PC1,KHNYN,-0.00011449294749813819,0.00011449294749813819,67
RR3 GC39→GC40,PC1,KLF12,-5.428443588289311e-05,5.428443588289311e-05,322
RR3 GC39→GC40,PC1,KLF13,9.860982390415321e-05,9.860982390415321e-05,90
RR3 GC39→GC40,PC1,KLF15,7.605620954721925e-05,7.605620954721925e-05,166
RR3 GC39→GC40,PC1,KYAT1,-5.014486182897657e-05,5.014486182897657e-05,363
RR3 GC39→GC40,PC1,LARS2,0.0001548360607488095,0.0001548360607488095,28
RR3 GC39→GC40,PC1,LCN2,-8.628298564288056e-05,8.628298564288056e-05,123
RR3 GC39→GC40,PC1,LDLR,6.071331378126342e-05,6.071331378126342e-05,260
RR3 GC39→GC40,PC1,LEO1,-5.8719775998801964e-05,5.8719775998801964e-05,278
RR3 GC39→GC40,PC1,LHPP,7.60418812625485e-05,7.60418812625485e-05,167
RR3 GC39→GC40,PC1,LIFR,4.2583539220697094e-05,4.2583539220697094e-05,489
RR3 GC39→GC40,PC1,LIPG,0.00020809222861755552,0.00020809222861755552,9
RR3 GC39→GC40,PC1,LITAF,-5.806677388673905e-05,5.806677388673905e-05,286
RR3 GC39→GC40,PC1,LLGL2,-6.0908898658381766e-05,6.0908898658381766e-05,259
RR3 GC39→GC40,PC1,LNX2,-6.916271743287999e-05,6.916271743287999e-05,200
RR3 GC39→GC40,PC1,LPIN1,8.520387407344328e-05,8.520387407344328e-05,132
RR3 GC39→GC40,PC1,LRATD2,5.1210255702064516e-05,5.1210255702064516e-05,348
RR3 GC39→GC40,PC1,LRFN3,-5.5148150611228494e-05,5.5148150611228494e-05,315
RR3 GC39→GC40,PC1,LRP4,7.72488298649971e-05,7.72488298649971e-05,156
RR3 GC39→GC40,PC1,LRRC28,6.0935487759602705e-05,6.0935487759602705e-05,258
RR3 GC39→GC40,PC1,LTBP4,4.807603034332841e-05,4.807603034332841e-05,390
RR3 GC39→GC40,PC1,MAD2L2,-0.00010330422030665795,0.00010330422030665795,83
RR3 GC39→GC40,PC1,MAFB,0.00016855227583871798,0.00016855227583871798,23
RR3 GC39→GC40,PC1,MAGIX,-7.916749793012633e-05,7.916749793012633e-05,152
RR3 GC39→GC40,PC1,MANF,4.229931289995641e-05,4.229931289995641e-05,497
RR3 GC39→GC40,PC1,MARVELD1,8.099424155868395e-05,8.099424155868395e-05,145
RR3 GC39→GC40,PC1,MAT2A,5.4743902344953404e-05,5.4743902344953404e-05,318
RR3 GC39→GC40,PC1,MBD1,4.516202538034531e-05,4.516202538034531e-05,435
RR3 GC39→GC40,PC1,MCM10,0.00012928784595840018,0.00012928784595840018,50
RR3 GC39→GC40,PC1,MCU,-8.372573316670842e-05,8.372573316670842e-05,136
RR3 GC39→GC40,PC1,MFSD2A,0.00016749166927086193,0.00016749166927086193,24
RR3 GC39→GC40,PC1,MGAT2,6.182666858791664e-05,6.182666858791664e-05,256
RR3 GC39→GC40,PC1,MGLL,4.6527183539491355e-05,4.6527183539491355e-05,415
RR3 GC39→GC40,PC1,MICAL2,-5.947335911979107e-05,5.947335911979107e-05,273
RR3 GC39→GC40,PC1,MIGA2,5.4250437769149345e-05,5.4250437769149345e-05,323
RR3 GC39→GC40,PC1,MIS12,4.816123705089215e-05,4.816123705089215e-05,389
RR3 GC39→GC40,PC1,MKNK2,6.886280292723054e-05,6.886280292723054e-05,201
RR3 GC39→GC40,PC1,MLX,4.496177373458397e-05,4.496177373458397e-05,437
RR3 GC39→GC40,PC1,MOB4,4.465555745199011e-05,4.465555745199011e-05,442
RR3 GC39→GC40,PC1,MOCOS,-6.374065433453273e-05,6.374065433453273e-05,244
RR3 GC39→GC40,PC1,MREG,-0.00011007624160582269,0.00011007624160582269,72
RR3 GC39→GC40,PC1,MRNIP,-8.503985021875027e-05,8.503985021875027e-05,134
RR3 GC39→GC40,PC1,MRPL15,4.6144990738758385e-05,4.6144990738758385e-05,420
RR3 GC39→GC40,PC1,MTHFR,-0.00010648040358133759,0.00010648040358133759,79
RR3 GC39→GC40,PC1,MTMR4,-4.32034527622683e-05,4.32034527622683e-05,472
RR3 GC39→GC40,PC1,MTSS1,9.988971893085133e-05,9.988971893085133e-05,87
RR3 GC39→GC40,PC1,MTUS1,-4.4175493025767743e-05,4.4175493025767743e-05,453
RR3 GC39→GC40,PC1,MYC,7.255461365963225e-05,7.255461365963225e-05,177
RR3 GC39→GC40,PC1,MYO1E,-4.7912244021598173e-05,4.7912244021598173e-05,394
RR3 GC39→GC40,PC1,N4BP2L1,5.0729610805387045e-05,5.0729610805387045e-05,356
RR3 GC39→GC40,PC1,NAGLU,4.278335638927714e-05,4.278335638927714e-05,480
RR3 GC39→GC40,PC1,NAMPT,9.844600095997594e-05,9.844600095997594e-05,91
RR3 GC39→GC40,PC1,NARF,9.238262805717128e-05,9.238262805717128e-05,100
RR3 GC39→GC40,PC1,NDRG1,-0.00014271460681935836,0.00014271460681935836,37
RR3 GC39→GC40,PC1,NDUFAF4,6.790107261332984e-05,6.790107261332984e-05,210
RR3 GC39→GC40,PC1,NECTIN1,-5.1953128278942104e-05,5.1953128278942104e-05,343
RR3 GC39→GC40,PC1,NEDD4L,-8.523607924526743e-05,8.523607924526743e-05,130
RR3 GC39→GC40,PC1,NELFA,-4.2726828663310365e-05,4.2726828663310365e-05,482
RR3 GC39→GC40,PC1,NENF,5.382416762325793e-05,5.382416762325793e-05,324
RR3 GC39→GC40,PC1,NET1,-0.00012947224103527022,0.00012947224103527022,48
RR3 GC39→GC40,PC1,NFIL3,-0.00019493502020332112,0.00019493502020332112,13
RR3 GC39→GC40,PC1,NGEF,5.0082590799669426e-05,5.0082590799669426e-05,364
RR3 GC39→GC40,PC1,NIBAN2,-9.946719905309695e-05,9.946719905309695e-05,88
RR3 GC39→GC40,PC1,NLRP12,-7.180780654020455e-05,7.180780654020455e-05,184
RR3 GC39→GC40,PC1,NME7,-4.7477921026787944e-05,4.7477921026787944e-05,402
RR3 GC39→GC40,PC1,NMRK1,0.00011002276941024134,0.00011002276941024134,73
RR3 GC39→GC40,PC1,NNMT,8.098307920644042e-05,8.098307920644042e-05,146
RR3 GC39→GC40,PC1,NOCT,0.00012233989352441216,0.00012233989352441216,57
RR3 GC39→GC40,PC1,NOTCH1,-6.313811052585646e-05,6.313811052585646e-05,247
RR3 GC39→GC40,PC1,NPC1,4.9365479927823285e-05,4.9365479927823285e-05,374
RR3 GC39→GC40,PC1,NR0B2,-5.292835926188361e-05,5.292835926188361e-05,333
RR3 GC39→GC40,PC1,NR1D1,8.091412435202964e-05,8.091412435202964e-05,147
RR3 GC39→GC40,PC1,NR1D2,0.0001958373772148088,0.0001958373772148088,12
RR3 GC39→GC40,PC1,NR4A1,-0.00010564789125525241,0.00010564789125525241,80
RR3 GC39→GC40,PC1,NREP,5.1286676410282044e-05,5.1286676410282044e-05,347
RR3 GC39→GC40,PC1,NRG4,0.00010270400671199393,0.00010270400671199393,84
RR3 GC39→GC40,PC1,NUDT19,4.35455097196558e-05,4.35455097196558e-05,464
RR3 GC39→GC40,PC1,NUDT7,8.804014438477373e-05,8.804014438477373e-05,117
RR3 GC39→GC40,PC1,OCLN,-7.228635519721422e-05,7.228635519721422e-05,179
RR3 GC39→GC40,PC1,ODAPH,4.5211154832767665e-05,4.5211154832767665e-05,434
RR3 GC39→GC40,PC1,ONECUT1,0.00010524571700234815,0.00010524571700234815,81
RR3 GC39→GC40,PC1,ORMDL1,5.640171201724904e-05,5.640171201724904e-05,301
RR3 GC39→GC40,PC1,OSER1,-6.435588645691462e-05,6.435588645691462e-05,239
RR3 GC39→GC40,PC1,OSGIN1,-0.00023718302446882946,0.00023718302446882946,6
RR3 GC39→GC40,PC1,P2RY1,6.679762192014595e-05,6.679762192014595e-05,219
RR3 GC39→GC40,PC1,P4HA1,7.582528386429947e-05,7.582528386429947e-05,168
RR3 GC39→GC40,PC1,PAXX,-4.333340371614503e-05,4.333340371614503e-05,470
RR3 GC39→GC40,PC1,PCSK4,6.307546369951959e-05,6.307546369951959e-05,248
RR3 GC39→GC40,PC1,PDE9A,-5.863036670376723e-05,5.863036670376723e-05,280
RR3 GC39→GC40,PC1,PDGFC,-8.180413368510631e-05,8.180413368510631e-05,141
RR3 GC39→GC40,PC1,PDK4,-0.00020352259192732783,0.00020352259192732783,10
RR3 GC39→GC40,PC1,PEG3,-5.031907736314577e-05,5.031907736314577e-05,359
RR3 GC39→GC40,PC1,PER1,0.00010711482698178349,0.00010711482698178349,78
RR3 GC39→GC40,PC1,PER2,9.033077994291652e-05,9.033077994291652e-05,106
RR3 GC39→GC40,PC1,PER3,0.00014639892306079303,0.00014639892306079303,33
RR3 GC39→GC40,PC1,PEX26,6.849878654370597e-05,6.849878654370597e-05,205
RR3 GC39→GC40,PC1,PFKFB3,5.314223502268921e-05,5.314223502268921e-05,332
RR3 GC39→GC40,PC1,PHOSPHO2,4.365465465105692e-05,4.365465465105692e-05,460
RR3 GC39→GC40,PC1,PID1,-6.0140258956316416e-05,6.0140258956316416e-05,267
RR3 GC39→GC40,PC1,PIGP,4.539710822406944e-05,4.539710822406944e-05,430
RR3 GC39→GC40,PC1,PIGX,4.9660121239488334e-05,4.9660121239488334e-05,371
RR3 GC39→GC40,PC1,PIK3R1,6.84821248223079e-05,6.84821248223079e-05,206
RR3 GC39→GC40,PC1,PIM3,0.0001170895720762799,0.0001170895720762799,63
RR3 GC39→GC40,PC1,PKDCC,5.365514732913562e-05,5.365514732913562e-05,328
RR3 GC39→GC40,PC1,PKLR,4.2409762088763535e-05,4.2409762088763535e-05,493
RR3 GC39→GC40,PC1,PKP2,-7.61355616540022e-05,7.61355616540022e-05,165
RR3 GC39→GC40,PC1,PLEC,4.578840379970911e-05,4.578840379970911e-05,423
RR3 GC39→GC40,PC1,PLK3,4.685615234634977e-05,4.685615234634977e-05,410
RR3 GC39→GC40,PC1,PLLP,-4.457722389532882e-05,4.457722389532882e-05,445
RR3 GC39→GC40,PC1,PNKD,-7.523341274544362e-05,7.523341274544362e-05,170
RR3 GC39→GC40,PC1,PNRC1,-0.00013823949832982162,0.00013823949832982162,41
RR3 GC39→GC40,PC1,PNRC2,-5.0453694216245205e-05,5.0453694216245205e-05,358
RR3 GC39→GC40,PC1,POLR2H,5.36579523951913e-05,5.36579523951913e-05,327
RR3 GC39→GC40,PC1,POLR3H,5.3490440972013446e-05,5.3490440972013446e-05,330
RR3 GC39→GC40,PC1,POR,9.894554138270786e-05,9.894554138270786e-05,89
RR3 GC39→GC40,PC1,PPAT,8.109888576348695e-05,8.109888576348695e-05,143
RR3 GC39→GC40,PC1,PPFIBP2,-6.531468424000318e-05,6.531468424000318e-05,231
RR3 GC39→GC40,PC1,PPM1K,-5.03119822590459e-05,5.03119822590459e-05,360
RR3 GC39→GC40,PC1,PPP1R10,5.840426211746876e-05,5.840426211746876e-05,281
RR3 GC39→GC40,PC1,PPP1R15B,5.650434689366349e-05,5.650434689366349e-05,299
RR3 GC39→GC40,PC1,PPP1R3C,-0.0001688808313136947,0.0001688808313136947,22
RR3 GC39→GC40,PC1,PPTC7,8.527480965167442e-05,8.527480965167442e-05,129
RR3 GC39→GC40,PC1,PSMB10,4.892503187117104e-05,4.892503187117104e-05,382
RR3 GC39→GC40,PC1,PSMB8,5.500438504712557e-05,5.500438504712557e-05,317
RR3 GC39→GC40,PC1,PSMB9,5.4460383353293856e-05,5.4460383353293856e-05,321
RR3 GC39→GC40,PC1,PTER,-4.766945952673021e-05,4.766945952673021e-05,400
RR3 GC39→GC40,PC1,PXDC1,-6.984325628921982e-05,6.984325628921982e-05,198
RR3 GC39→GC40,PC1,PXMP4,-4.2605996909282185e-05,4.2605996909282185e-05,487
RR3 GC39→GC40,PC1,RAB30,-5.6677537415503314e-05,5.6677537415503314e-05,297
RR3 GC39→GC40,PC1,RAI14,-4.8548620552498706e-05,4.8548620552498706e-05,387
RR3 GC39→GC40,PC1,RANBP10,-4.6191594928861694e-05,4.6191594928861694e-05,418
RR3 GC39→GC40,PC1,RASGEF1B,4.616368959236386e-05,4.616368959236386e-05,419
RR3 GC39→GC40,PC1,RBM3,5.834507828239938e-05,5.834507828239938e-05,282
RR3 GC39→GC40,PC1,RBPMS,-6.698670965033177e-05,6.698670965033177e-05,218
RR3 GC39→GC40,PC1,RCAN1,6.836976206220348e-05,6.836976206220348e-05,207
RR3 GC39→GC40,PC1,RDH13,6.052989351506492e-05,6.052989351506492e-05,264
RR3 GC39→GC40,PC1,REPIN1,-4.3576768991938145e-05,4.3576768991938145e-05,463
RR3 GC39→GC40,PC1,REV1,4.708714153062397e-05,4.708714153062397e-05,407
RR3 GC39→GC40,PC1,RHBDD2,5.796201115937152e-05,5.796201115937152e-05,289
RR3 GC39→GC40,PC1,RHOD,-9.77904710437472e-05,9.77904710437472e-05,92
RR3 GC39→GC40,PC1,RHOU,-5.686159996999108e-05,5.686159996999108e-05,296
RR3 GC39→GC40,PC1,RHPN2,-5.3660021253365697e-05,5.3660021253365697e-05,326
RR3 GC39→GC40,PC1,RND1,-7.800845482235703e-05,7.800845482235703e-05,154
RR3 GC39→GC40,PC1,RNF125,-0.00019031065416332573,0.00019031065416332573,15
RR3 GC39→GC40,PC1,RNF144B,-4.3913199848947935e-05,4.3913199848947935e-05,457
RR3 GC39→GC40,PC1,RNF186,-9.226414252362323e-05,9.226414252362323e-05,101
RR3 GC39→GC40,PC1,RPAIN,4.9426682450301203e-05,4.9426682450301203e-05,373
RR3 GC39→GC40,PC1,RPS15A,4.302538743634619e-05,4.302538743634619e-05,475
RR3 GC39→GC40,PC1,SBK1,8.825349184529673e-05,8.825349184529673e-05,116
RR3 GC39→GC40,PC1,SCO2,-4.3091540033947104e-05,4.3091540033947104e-05,474
RR3 GC39→GC40,PC1,SDR9C7,-8.520459539157024e-05,8.520459539157024e-05,131
RR3 GC39→GC40,PC1,SEL1L3,5.205939738232591e-05,5.205939738232591e-05,340
RR3 GC39→GC40,PC1,SELENOI,-4.4392830366689794e-05,4.4392830366689794e-05,449
RR3 GC39→GC40,PC1,SERHL2,4.2608374512124955e-05,4.2608374512124955e-05,486
RR3 GC39→GC40,PC1,SERTAD1,4.40325142152522e-05,4.40325142152522e-05,455
RR3 GC39→GC40,PC1,SESN3,-4.667342433017391e-05,4.667342433017391e-05,412
RR3 GC39→GC40,PC1,SETD4,0.00011507338502552043,0.00011507338502552043,66
RR3 GC39→GC40,PC1,SGK2,-4.7886992420247085e-05,4.7886992420247085e-05,395
RR3 GC39→GC40,PC1,SH3BP5,-4.295404797317666e-05,4.295404797317666e-05,477
RR3 GC39→GC40,PC1,SHFL,-6.385022719019447e-05,6.385022719019447e-05,242
RR3 GC39→GC40,PC1,SIGMAR1,-5.320616044325585e-05,5.320616044325585e-05,331
RR3 GC39→GC40,PC1,SKIL,-6.43478642357104e-05,6.43478642357104e-05,240
RR3 GC39→GC40,PC1,SLC11A2,-5.093836489370851e-05,5.093836489370851e-05,353
RR3 GC39→GC40,PC1,SLC13A3,-6.061455843501683e-05,6.061455843501683e-05,262
RR3 GC39→GC40,PC1,SLC15A4,6.77767521934354e-05,6.77767521934354e-05,211
RR3 GC39→GC40,PC1,SLC16A1,-7.175396648649881e-05,7.175396648649881e-05,185
RR3 GC39→GC40,PC1,SLC16A10,6.732360978904689e-05,6.732360978904689e-05,215
RR3 GC39→GC40,PC1,SLC1A2,7.642164628614148e-05,7.642164628614148e-05,163
RR3 GC39→GC40,PC1,SLC20A1,0.00013489706204197942,0.00013489706204197942,44
RR3 GC39→GC40,PC1,SLC22A7,-7.085537743649788e-05,7.085537743649788e-05,192
RR3 GC39→GC40,PC1,SLC25A32,4.9917458959073325e-05,4.9917458959073325e-05,368
RR3 GC39→GC40,PC1,SLC25A33,-0.00012051125298155606,0.00012051125298155606,59
RR3 GC39→GC40,PC1,SLC25A42,-5.12068670733539e-05,5.12068670733539e-05,349
RR3 GC39→GC40,PC1,SLC2A2,4.26362765120522e-05,4.26362765120522e-05,484
RR3 GC39→GC40,PC1,SLC2A5,6.26245283228023e-05,6.26245283228023e-05,251
RR3 GC39→GC40,PC1,SLC30A10,-8.593022878246343e-05,8.593022878246343e-05,125
RR3 GC39→GC40,PC1,SLC35B2,4.653754499070695e-05,4.653754499070695e-05,414
RR3 GC39→GC40,PC1,SLC35G1,0.00012946522222917172,0.00012946522222917172,49
RR3 GC39→GC40,PC1,SLC37A4,7.5025564846499e-05,7.5025564846499e-05,172
RR3 GC39→GC40,PC1,SLC38A2,6.533780647187743e-05,6.533780647187743e-05,229
RR3 GC39→GC40,PC1,SLC39A14,5.508149670171004e-05,5.508149670171004e-05,316
RR3 GC39→GC40,PC1,SLC41A2,-5.6865281523333906e-05,5.6865281523333906e-05,295
RR3 GC39→GC40,PC1,SLC45A3,-0.0001436037355092378,0.0001436037355092378,36
RR3 GC39→GC40,PC1,SLC4A9,4.541058202594288e-05,4.541058202594288e-05,429
RR3 GC39→GC40,PC1,SLC5A6,0.00011051101610845321,0.00011051101610845321,70
RR3 GC39→GC40,PC1,SLC66A1,-4.423412394984889e-05,4.423412394984889e-05,452
RR3 GC39→GC40,PC1,SLC6A9,5.093595714804618e-05,5.093595714804618e-05,354
RR3 GC39→GC40,PC1,SLC7A2,6.706836769574618e-05,6.706836769574618e-05,217
RR3 GC39→GC40,PC1,SLC8B1,-6.851639819203274e-05,6.851639819203274e-05,204
RR3 GC39→GC40,PC1,SMAGP,-6.872780880396664e-05,6.872780880396664e-05,202
RR3 GC39→GC40,PC1,SMARCA2,4.546538354621214e-05,4.546538354621214e-05,427
RR3 GC39→GC40,PC1,SMOC1,4.7823315500563174e-05,4.7823315500563174e-05,396
RR3 GC39→GC40,PC1,SNRNP25,4.5680193793929874e-05,4.5680193793929874e-05,425
RR3 GC39→GC40,PC1,SNURF,4.451077654864036e-05,4.451077654864036e-05,446
RR3 GC39→GC40,PC1,SNX10,4.264439751549303e-05,4.264439751549303e-05,483
RR3 GC39→GC40,PC1,SNX24,-5.53456795072236e-05,5.53456795072236e-05,313
RR3 GC39→GC40,PC1,SOCS2,-4.731392137971508e-05,4.731392137971508e-05,405
RR3 GC39→GC40,PC1,SORBS2,-5.1975920290457375e-05,5.1975920290457375e-05,342
RR3 GC39→GC40,PC1,SPARC,4.233956969515824e-05,4.233956969515824e-05,496
RR3 GC39→GC40,PC1,SPATA13,-5.283050666567918e-05,5.283050666567918e-05,335
RR3 GC39→GC40,PC1,SPATA22,-4.243079585954447e-05,4.243079585954447e-05,492
RR3 GC39→GC40,PC1,SPATA2L,5.09084569096813e-05,5.09084569096813e-05,355
RR3 GC39→GC40,PC1,SPC24,5.061762299135695e-05,5.061762299135695e-05,357
RR3 GC39→GC40,PC1,SPHK2,-6.791228660214543e-05,6.791228660214543e-05,209
RR3 GC39→GC40,PC1,SPON2,-0.00014680286690606556,0.00014680286690606556,32
RR3 GC39→GC40,PC1,SPP1,6.611758318342763e-05,6.611758318342763e-05,225
RR3 GC39→GC40,PC1,SRM,5.93442616983497e-05,5.93442616983497e-05,274
RR3 GC39→GC40,PC1,SRPRB,4.526599882132162e-05,4.526599882132162e-05,432
RR3 GC39→GC40,PC1,SS18L2,6.670630197843364e-05,6.670630197843364e-05,220
RR3 GC39→GC40,PC1,ST3GAL1,-6.497256843384806e-05,6.497256843384806e-05,235
RR3 GC39→GC40,PC1,ST3GAL4,5.461860474723839e-05,5.461860474723839e-05,320
RR3 GC39→GC40,PC1,ST3GAL5,0.0001178793390537336,0.0001178793390537336,61
RR3 GC39→GC40,PC1,STAP1,4.217156353448423e-05,4.217156353448423e-05,499
RR3 GC39→GC40,PC1,STARD13,-7.689020521562728e-05,7.689020521562728e-05,161
RR3 GC39→GC40,PC1,STAT3,-4.76756122823844e-05,4.76756122823844e-05,399
RR3 GC39→GC40,PC1,STAT5A,-5.655460225382197e-05,5.655460225382197e-05,298
RR3 GC39→GC40,PC1,STAT5B,-6.529263675185487e-05,6.529263675185487e-05,232
RR3 GC39→GC40,PC1,STBD1,0.00017248162376879176,0.00017248162376879176,20
RR3 GC39→GC40,PC1,STIM2,4.428729915813089e-05,4.428729915813089e-05,451
RR3 GC39→GC40,PC1,STIP1,4.491719314525893e-05,4.491719314525893e-05,438
RR3 GC39→GC40,PC1,SULT1C2,6.948060094088766e-05,6.948060094088766e-05,199
RR3 GC39→GC40,PC1,SVIL,-7.035267702426356e-05,7.035267702426356e-05,195
RR3 GC39→GC40,PC1,SYDE2,4.9254962025216704e-05,4.9254962025216704e-05,376
RR3 GC39→GC40,PC1,SYNE1,-5.208494328309015e-05,5.208494328309015e-05,339
RR3 GC39→GC40,PC1,TAB2,-0.00010912695225415176,0.00010912695225415176,74
RR3 GC39→GC40,PC1,TAGLN,4.302279517010167e-05,4.302279517010167e-05,476
RR3 GC39→GC40,PC1,TAOK3,-4.334848962001913e-05,4.334848962001913e-05,469
RR3 GC39→GC40,PC1,TBC1D10A,6.775912345228449e-05,6.775912345228449e-05,212
RR3 GC39→GC40,PC1,TBX3,-6.830689217144542e-05,6.830689217144542e-05,208
RR3 GC39→GC40,PC1,TCP11L2,-7.984557232680549e-05,7.984557232680549e-05,150
RR3 GC39→GC40,PC1,TEF,0.0002527774402305313,0.0002527774402305313,5
RR3 GC39→GC40,PC1,TFRC,6.069529408715164e-05,6.069529408715164e-05,261
RR3 GC39→GC40,PC1,TGFBR1,4.404731509674198e-05,4.404731509674198e-05,454
RR3 GC39→GC40,PC1,TGIF1,-6.66223611385513e-05,6.66223611385513e-05,221
RR3 GC39→GC40,PC1,THEM4,4.6998784449628864e-05,4.6998784449628864e-05,409
RR3 GC39→GC40,PC1,THRSP,0.0001460197402294425,0.0001460197402294425,35
RR3 GC39→GC40,PC1,TIMM10,4.523161794948761e-05,4.523161794948761e-05,433
RR3 GC39→GC40,PC1,TIMM8A,6.481008171982365e-05,6.481008171982365e-05,236
RR3 GC39→GC40,PC1,TJP2,-5.951882415408098e-05,5.951882415408098e-05,272
RR3 GC39→GC40,PC1,TJP3,-8.754505230045569e-05,8.754505230045569e-05,120
RR3 GC39→GC40,PC1,TM2D1,4.79717601383263e-05,4.79717601383263e-05,392
RR3 GC39→GC40,PC1,TMED5,5.1562495300100534e-05,5.1562495300100534e-05,346
RR3 GC39→GC40,PC1,TMEM120A,4.329600477184877e-05,4.329600477184877e-05,471
RR3 GC39→GC40,PC1,TMEM150A,-6.450965564964025e-05,6.450965564964025e-05,238
RR3 GC39→GC40,PC1,TMEM9,4.25046880946427e-05,4.25046880946427e-05,491
RR3 GC39→GC40,PC1,TMEM97,5.559403840609128e-05,5.559403840609128e-05,309
RR3 GC39→GC40,PC1,TMIE,-5.5503208673465606e-05,5.5503208673465606e-05,312
RR3 GC39→GC40,PC1,TNFAIP2,-0.0001628575693507645,0.0001628575693507645,25
RR3 GC39→GC40,PC1,TNFAIP8L1,-7.377748810834294e-05,7.377748810834294e-05,175
RR3 GC39→GC40,PC1,TNFRSF1B,6.254101508392595e-05,6.254101508392595e-05,252
RR3 GC39→GC40,PC1,TNS2,4.5496467654266263e-05,4.5496467654266263e-05,426
RR3 GC39→GC40,PC1,TOB2,5.605416547114927e-05,5.605416547114927e-05,303
RR3 GC39→GC40,PC1,TOMM20,6.762796842380444e-05,6.762796842380444e-05,213
RR3 GC39→GC40,PC1,TOR1B,7.182445194547607e-05,7.182445194547607e-05,183
RR3 GC39→GC40,PC1,TP53INP2,-6.532924549362847e-05,6.532924549362847e-05,230
RR3 GC39→GC40,PC1,TPD52L1,4.976361817252181e-05,4.976361817252181e-05,370
RR3 GC39→GC40,PC1,TPPP,7.145710188450524e-05,7.145710188450524e-05,189
RR3 GC39→GC40,PC1,TRAPPC8,-4.5431884675863016e-05,4.5431884675863016e-05,428
RR3 GC39→GC40,PC1,TRIM14,-5.574798291586916e-05,5.574798291586916e-05,305
RR3 GC39→GC40,PC1,TRIM2,-8.088457656717942e-05,8.088457656717942e-05,148
RR3 GC39→GC40,PC1,TSC22D1,-0.00013346673303111245,0.00013346673303111245,45
RR3 GC39→GC40,PC1,TSC22D3,9.257344095421354e-05,9.257344095421354e-05,99
RR3 GC39→GC40,PC1,TSKU,0.00014604271112514546,0.00014604271112514546,34
RR3 GC39→GC40,PC1,TSPAN4,8.868992710882514e-05,8.868992710882514e-05,114
RR3 GC39→GC40,PC1,TTC23,8.192110170297024e-05,8.192110170297024e-05,140
RR3 GC39→GC40,PC1,TTC39B,9.606263905020474e-05,9.606263905020474e-05,93
RR3 GC39→GC40,PC1,TTC39C,4.738930991106879e-05,4.738930991106879e-05,403
RR3 GC39→GC40,PC1,TTC7A,5.9241509613713205e-05,5.9241509613713205e-05,276
RR3 GC39→GC40,PC1,TUBA4A,-5.9051004263576885e-05,5.9051004263576885e-05,277
RR3 GC39→GC40,PC1,TUBB2A,-0.0001528790260756372,0.0001528790260756372,29
RR3 GC39→GC40,PC1,TYMP,-6.037108336277779e-05,6.037108336277779e-05,265
RR3 GC39→GC40,PC1,TYROBP,5.105425140614736e-05,5.105425140614736e-05,351
RR3 GC39→GC40,PC1,UNG,5.258709514921844e-05,5.258709514921844e-05,338
RR3 GC39→GC40,PC1,UPP2,0.00013974956895244025,0.00013974956895244025,39
RR3 GC39→GC40,PC1,USP18,5.205141538370671e-05,5.205141538370671e-05,341
RR3 GC39→GC40,PC1,VLDLR,5.7293506250696395e-05,5.7293506250696395e-05,291
RR3 GC39→GC40,PC1,VNN1,-0.00011039851825760641,0.00011039851825760641,71
RR3 GC39→GC40,PC1,WDR45B,4.867344055750828e-05,4.867344055750828e-05,385
RR3 GC39→GC40,PC1,WDR81,-7.704304289967337e-05,7.704304289967337e-05,158
RR3 GC39→GC40,PC1,WDR91,-6.519992457096662e-05,6.519992457096662e-05,233
RR3 GC39→GC40,PC1,WEE1,5.820759927219742e-05,5.820759927219742e-05,283
RR3 GC39→GC40,PC1,WRNIP1,-7.159835192846212e-05,7.159835192846212e-05,187
RR3 GC39→GC40,PC1,YOD1,4.36293303387139e-05,4.36293303387139e-05,461
RR3 GC39→GC40,PC1,YPEL2,-0.00011359822603458797,0.00011359822603458797,68
RR3 GC39→GC40,PC1,YPEL3,-4.2630791591192704e-05,4.2630791591192704e-05,485
RR3 GC39→GC40,PC1,YRDC,6.267363162431531e-05,6.267363162431531e-05,250
RR3 GC39→GC40,PC1,ZFP36,-4.9928797468598346e-05,4.9928797468598346e-05,367
RR3 GC39→GC40,PC1,ZFP36L1,-9.088866695440237e-05,9.088866695440237e-05,105
RR3 GC39→GC40,PC1,ZFP36L2,-6.657829370850954e-05,6.657829370850954e-05,222
RR3 GC39→GC40,PC1,ZFYVE1,-4.642358079859131e-05,4.642358079859131e-05,417
RR3 GC39→GC40,PC1,ZNF276,5.642114190744096e-05,5.642114190744096e-05,300
RR3 GC39→GC40,PC2,A4GNT,-4.729261836703178e-05,4.729261836703178e-05,81
RR3 GC39→GC40,PC2,AACS,4.7990042207438234e-05,4.7990042207438234e-05,79
RR3 GC39→GC40,PC2,ABHD15,4.22657596912999e-05,4.22657596912999e-05,118
RR3 GC39→GC40,PC2,ABTB2,-6.14249885574257e-05,6.14249885574257e-05,32
RR3 GC39→GC40,PC2,ACMSD,-3.359736128045505e-05,3.359736128045505e-05,221
RR3 GC39→GC40,PC2,ADAMTS4,3.4128073735129916e-05,3.4128073735129916e-05,206
RR3 GC39→GC40,PC2,ADAMTS6,2.5946605049078353e-05,2.5946605049078353e-05,442
RR3 GC39→GC40,PC2,ADCK5,-3.3450974759529176e-05,3.3450974759529176e-05,225
RR3 GC39→GC40,PC2,ADCY1,7.587736010711864e-05,7.587736010711864e-05,15
RR3 GC39→GC40,PC2,ADRA2A,3.5320090805522383e-05,3.5320090805522383e-05,185
RR3 GC39→GC40,PC2,AHCTF1,-5.221494078218608e-05,5.221494078218608e-05,53
RR3 GC39→GC40,PC2,AKIRIN1,2.838726990200711e-05,2.838726990200711e-05,341
RR3 GC39→GC40,PC2,AKT1S1,-2.8723640976948655e-05,2.8723640976948655e-05,329
RR3 GC39→GC40,PC2,ALAS1,4.628800485025888e-05,4.628800485025888e-05,89
RR3 GC39→GC40,PC2,AMH,3.854850256368088e-05,3.854850256368088e-05,153
RR3 GC39→GC40,PC2,AMN1,4.271969885030144e-05,4.271969885030144e-05,112
RR3 GC39→GC40,PC2,ANGPTL2,3.45140158684834e-05,3.45140158684834e-05,200
RR3 GC39→GC40,PC2,ANGPTL4,2.6173293247794864e-05,2.6173293247794864e-05,430
RR3 GC39→GC40,PC2,ANKRD2,-3.519077598297814e-05,3.519077598297814e-05,189
RR3 GC39→GC40,PC2,ANKRD55,2.8246216388741476e-05,2.8246216388741476e-05,346
RR3 GC39→GC40,PC2,AQP11,3.068621533998029e-05,3.068621533998029e-05,275
RR3 GC39→GC40,PC2,ARHGAP8,-3.612734798214592e-05,3.612734798214592e-05,176
RR3 GC39→GC40,PC2,ARL14,3.0252428117179004e-05,3.0252428117179004e-05,284
RR3 GC39→GC40,PC2,ARL4A,-4.0674269342059205e-05,4.0674269342059205e-05,127
RR3 GC39→GC40,PC2,ARL5C,3.440064959950207e-05,3.440064959950207e-05,202
RR3 GC39→GC40,PC2,ART5,2.5323288923833756e-05,2.5323288923833756e-05,480
RR3 GC39→GC40,PC2,ASAP3,2.9893597444010317e-05,2.9893597444010317e-05,295
RR3 GC39→GC40,PC2,ASB2,2.6019143211699592e-05,2.6019143211699592e-05,439
RR3 GC39→GC40,PC2,ASPRV1,4.02749976306816e-05,4.02749976306816e-05,131
RR3 GC39→GC40,PC2,ATF3,-2.8223920943659993e-05,2.8223920943659993e-05,347
RR3 GC39→GC40,PC2,ATG101,-2.737155486698433e-05,2.737155486698433e-05,376
RR3 GC39→GC40,PC2,ATG9B,2.8115995186540277e-05,2.8115995186540277e-05,352
RR3 GC39→GC40,PC2,ATP1B1,3.7790364164195986e-05,3.7790364164195986e-05,161
RR3 GC39→GC40,PC2,AVPI1,2.572165075083596e-05,2.572165075083596e-05,452
RR3 GC39→GC40,PC2,AVPR1A,-4.5636530730135e-05,4.5636530730135e-05,96
RR3 GC39→GC40,PC2,AZIN1,2.7288146963764458e-05,2.7288146963764458e-05,379
RR3 GC39→GC40,PC2,B3GNT5,3.0534832643611716e-05,3.0534832643611716e-05,278
RR3 GC39→GC40,PC2,B4GALT2,3.2339568856749666e-05,3.2339568856749666e-05,243
RR3 GC39→GC40,PC2,B4GALT5,2.7899925716730673e-05,2.7899925716730673e-05,361
RR3 GC39→GC40,PC2,BAG3,3.2891042576503914e-05,3.2891042576503914e-05,238
RR3 GC39→GC40,PC2,BATF3,-2.5252912300922505e-05,2.5252912300922505e-05,485
RR3 GC39→GC40,PC2,BDNF,-2.67436487634408e-05,2.67436487634408e-05,401
RR3 GC39→GC40,PC2,BET1L,2.7232997714483086e-05,2.7232997714483086e-05,381
RR3 GC39→GC40,PC2,BHLHE41,-8.867497886517982e-05,8.867497886517982e-05,8
RR3 GC39→GC40,PC2,BLNK,-4.0032129152808794e-05,4.0032129152808794e-05,134
RR3 GC39→GC40,PC2,BOC,2.5290165346280643e-05,2.5290165346280643e-05,483
RR3 GC39→GC40,PC2,BRICD5,2.7898058015212944e-05,2.7898058015212944e-05,362
RR3 GC39→GC40,PC2,BST1,4.285286935684177e-05,4.285286935684177e-05,111
RR3 GC39→GC40,PC2,BTC,2.4987587622485874e-05,2.4987587622485874e-05,497
RR3 GC39→GC40,PC2,BTG1,-3.307874477797962e-05,3.307874477797962e-05,234
RR3 GC39→GC40,PC2,BTG2,-4.1409105976202006e-05,4.1409105976202006e-05,122
RR3 GC39→GC40,PC2,C5AR2,3.02608311519691e-05,3.02608311519691e-05,283
RR3 GC39→GC40,PC2,CA9,4.019871803774029e-05,4.019871803774029e-05,132
RR3 GC39→GC40,PC2,CABP4,-3.023606018189476e-05,3.023606018189476e-05,285
RR3 GC39→GC40,PC2,CACNG7,3.5244245971128993e-05,3.5244245971128993e-05,187
RR3 GC39→GC40,PC2,CACYBP,2.8392619951957275e-05,2.8392619951957275e-05,340
RR3 GC39→GC40,PC2,CALML4,2.6477759548749465e-05,2.6477759548749465e-05,414
RR3 GC39→GC40,PC2,CAPSL,3.5867888383586795e-05,3.5867888383586795e-05,178
RR3 GC39→GC40,PC2,CATSPER3,3.057197603514007e-05,3.057197603514007e-05,277
RR3 GC39→GC40,PC2,CBLN3,3.533521395602399e-05,3.533521395602399e-05,184
RR3 GC39→GC40,PC2,CCDC117,3.405437659077137e-05,3.405437659077137e-05,208
RR3 GC39→GC40,PC2,CCDC57,-3.467682307748676e-05,3.467682307748676e-05,199
RR3 GC39→GC40,PC2,CCL19,-4.5453952307032365e-05,4.5453952307032365e-05,97
RR3 GC39→GC40,PC2,CCL7,3.109182393834606e-05,3.109182393834606e-05,266
RR3 GC39→GC40,PC2,CCN1,-5.7050947022394075e-05,5.7050947022394075e-05,45
RR3 GC39→GC40,PC2,CCNA2,2.4967022526180787e-05,2.4967022526180787e-05,498
RR3 GC39→GC40,PC2,CCND1,5.650306983328179e-05,5.650306983328179e-05,47
RR3 GC39→GC40,PC2,CCNG2,-3.325024313932396e-05,3.325024313932396e-05,227
RR3 GC39→GC40,PC2,CD37,2.6093917417146563e-05,2.6093917417146563e-05,436
RR3 GC39→GC40,PC2,CDH3,2.7346770624220685e-05,2.7346770624220685e-05,377
RR3 GC39→GC40,PC2,CDKN1A,6.00699180641182e-05,6.00699180641182e-05,34
RR3 GC39→GC40,PC2,CDO1,3.510195935307401e-05,3.510195935307401e-05,192
RR3 GC39→GC40,PC2,CDX4,6.365276748386088e-05,6.365276748386088e-05,30
RR3 GC39→GC40,PC2,CERS1,3.223282212272923e-05,3.223282212272923e-05,246
RR3 GC39→GC40,PC2,CGA,2.754085351929173e-05,2.754085351929173e-05,371
RR3 GC39→GC40,PC2,CHKA,-8.864089686623193e-05,8.864089686623193e-05,9
RR3 GC39→GC40,PC2,CHORDC1,4.178989400827409e-05,4.178989400827409e-05,121
RR3 GC39→GC40,PC2,CIRBP,-2.6166602462132777e-05,2.6166602462132777e-05,431
RR3 GC39→GC40,PC2,CISH,5.408481069772711e-05,5.408481069772711e-05,51
RR3 GC39→GC40,PC2,CITED2,-2.996040078348147e-05,2.996040078348147e-05,292
RR3 GC39→GC40,PC2,CLNK,-3.578736145360199e-05,3.578736145360199e-05,179
RR3 GC39→GC40,PC2,CLOCK,-2.880367527471186e-05,2.880367527471186e-05,325
RR3 GC39→GC40,PC2,CMIP,-2.673829188797034e-05,2.673829188797034e-05,402
RR3 GC39→GC40,PC2,CNKSR1,3.0026225398454516e-05,3.0026225398454516e-05,291
RR3 GC39→GC40,PC2,COL1A2,3.64339166425982e-05,3.64339166425982e-05,172
RR3 GC39→GC40,PC2,COL3A1,4.815864979157286e-05,4.815864979157286e-05,78
RR3 GC39→GC40,PC2,COL6A6,-3.862870334243591e-05,3.862870334243591e-05,150
RR3 GC39→GC40,PC2,COL9A2,2.8355313374394375e-05,2.8355313374394375e-05,342
RR3 GC39→GC40,PC2,COQ10B,5.911903800024163e-05,5.911903800024163e-05,36
RR3 GC39→GC40,PC2,CORIN,-5.208708537508372e-05,5.208708537508372e-05,55
RR3 GC39→GC40,PC2,COX6B2,3.079141142295005e-05,3.079141142295005e-05,271
RR3 GC39→GC40,PC2,CPEB4,-4.3351062010370206e-05,4.3351062010370206e-05,106
RR3 GC39→GC40,PC2,CPLANE2,3.6317713232023834e-05,3.6317713232023834e-05,173
RR3 GC39→GC40,PC2,CRACDL,3.059995748891434e-05,3.059995748891434e-05,276
RR3 GC39→GC40,PC2,CREB3L1,-2.683361382387305e-05,2.683361382387305e-05,394
RR3 GC39→GC40,PC2,CRELD2,3.299414880218087e-05,3.299414880218087e-05,236
RR3 GC39→GC40,PC2,CRIP2,-3.896021124577813e-05,3.896021124577813e-05,147
RR3 GC39→GC40,PC2,CRLF1,2.5624222599999178e-05,2.5624222599999178e-05,461
RR3 GC39→GC40,PC2,CRY1,-6.513585567206092e-05,6.513585567206092e-05,24
RR3 GC39→GC40,PC2,CRYBB3,3.474620807823309e-05,3.474620807823309e-05,197
RR3 GC39→GC40,PC2,CRYGN,4.6536827018226894e-05,4.6536827018226894e-05,86
RR3 GC39→GC40,PC2,CRYGS,3.110237822773734e-05,3.110237822773734e-05,265
RR3 GC39→GC40,PC2,CRYM,2.5589225149952795e-05,2.5589225149952795e-05,463
RR3 GC39→GC40,PC2,CSAD,-4.633749464405584e-05,4.633749464405584e-05,88
RR3 GC39→GC40,PC2,CTSK,-3.570572133436246e-05,3.570572133436246e-05,181
RR3 GC39→GC40,PC2,CYP26B1,3.377291515752022e-05,3.377291515752022e-05,215
RR3 GC39→GC40,PC2,CYP2C18,-4.590658125393307e-05,4.590658125393307e-05,94
RR3 GC39→GC40,PC2,CYP46A1,-3.049525465254592e-05,3.049525465254592e-05,279
RR3 GC39→GC40,PC2,CYP4F22,6.446277037175373e-05,6.446277037175373e-05,27
RR3 GC39→GC40,PC2,CYP7A1,8.9877103989667e-05,8.9877103989667e-05,7
RR3 GC39→GC40,PC2,CYSTM1,2.700306266385025e-05,2.700306266385025e-05,387
RR3 GC39→GC40,PC2,CYTL1,-3.236259173924027e-05,3.236259173924027e-05,242
RR3 GC39→GC40,PC2,DACH2,3.828976981722647e-05,3.828976981722647e-05,157
RR3 GC39→GC40,PC2,DBP,0.0001418401566804675,0.0001418401566804675,1
RR3 GC39→GC40,PC2,DCDC2B,2.565848650041151e-05,2.565848650041151e-05,456
RR3 GC39→GC40,PC2,DCUN1D4,3.262026389944218e-05,3.262026389944218e-05,240
RR3 GC39→GC40,PC2,DEPDC1B,2.9949055945806724e-05,2.9949055945806724e-05,293
RR3 GC39→GC40,PC2,DEPP1,-3.972685178038322e-05,3.972685178038322e-05,139
RR3 GC39→GC40,PC2,DEUP1,3.986769267828469e-05,3.986769267828469e-05,137
RR3 GC39→GC40,PC2,DGAT2,-2.569420837991032e-05,2.569420837991032e-05,454
RR3 GC39→GC40,PC2,DHH,3.363302032689535e-05,3.363302032689535e-05,218
RR3 GC39→GC40,PC2,DHRS9,4.25542922867576e-05,4.25542922867576e-05,116
RR3 GC39→GC40,PC2,DNAI1,0.00010411870986074567,0.00010411870986074567,3
RR3 GC39→GC40,PC2,DNAJA1,3.731982547943839e-05,3.731982547943839e-05,163
RR3 GC39→GC40,PC2,DNAJB1,3.2237705649089775e-05,3.2237705649089775e-05,245
RR3 GC39→GC40,PC2,DNASE1,2.7446806293981113e-05,2.7446806293981113e-05,372
RR3 GC39→GC40,PC2,DPP9,-4.229352936643184e-05,4.229352936643184e-05,117
RR3 GC39→GC40,PC2,DPT,3.681662438891384e-05,3.681662438891384e-05,170
RR3 GC39→GC40,PC2,DUSP1,-2.6726464371395704e-05,2.6726464371395704e-05,403
RR3 GC39→GC40,PC2,DUSP14,2.920242409557578e-05,2.920242409557578e-05,316
RR3 GC39→GC40,PC2,DYNLL2,-2.9535028028909855e-05,2.9535028028909855e-05,309
RR3 GC39→GC40,PC2,DYNLT4,3.420963281928016e-05,3.420963281928016e-05,205
RR3 GC39→GC40,PC2,DYRK1B,-3.2527238693358246e-05,3.2527238693358246e-05,241
RR3 GC39→GC40,PC2,DYRK3,2.9624431748293854e-05,2.9624431748293854e-05,304
RR3 GC39→GC40,PC2,E2F8,2.7679728918247813e-05,2.7679728918247813e-05,369
RR3 GC39→GC40,PC2,EFHD2,4.0095474408341246e-05,4.0095474408341246e-05,133
RR3 GC39→GC40,PC2,EFNA1,-3.6280720114871276e-05,3.6280720114871276e-05,175
RR3 GC39→GC40,PC2,EGR1,-3.7899869718980723e-05,3.7899869718980723e-05,159
RR3 GC39→GC40,PC2,ELF3,4.8248330857265457e-05,4.8248330857265457e-05,77
RR3 GC39→GC40,PC2,ELF5,2.9563641168435413e-05,2.9563641168435413e-05,307
RR3 GC39→GC40,PC2,ELOVL6,4.918473590199612e-05,4.918473590199612e-05,67
RR3 GC39→GC40,PC2,ENHO,-5.792564360719812e-05,5.792564360719812e-05,42
RR3 GC39→GC40,PC2,EPS8L2,-3.8218853937612156e-05,3.8218853937612156e-05,158
RR3 GC39→GC40,PC2,EREG,-3.4838596127618e-05,3.4838596127618e-05,194
RR3 GC39→GC40,PC2,ERFE,3.780842755643238e-05,3.780842755643238e-05,160
RR3 GC39→GC40,PC2,ERP27,-3.305280436482146e-05,3.305280436482146e-05,235
RR3 GC39→GC40,PC2,ESRRA,3.381182578346393e-05,3.381182578346393e-05,214
RR3 GC39→GC40,PC2,ETFBKMT,4.464746351370741e-05,4.464746351370741e-05,102
RR3 GC39→GC40,PC2,EVA1C,3.513562767948892e-05,3.513562767948892e-05,190
RR3 GC39→GC40,PC2,EXOC3L4,3.440906433115737e-05,3.440906433115737e-05,201
RR3 GC39→GC40,PC2,FADS6,2.618656645191846e-05,2.618656645191846e-05,429
RR3 GC39→GC40,PC2,FAM110D,3.118684557418564e-05,3.118684557418564e-05,262
RR3 GC39→GC40,PC2,FAM171B,5.0099583857399334e-05,5.0099583857399334e-05,64
RR3 GC39→GC40,PC2,FAM210B,-2.516594043891438e-05,2.516594043891438e-05,489
RR3 GC39→GC40,PC2,FAM221A,-2.6701760505114677e-05,2.6701760505114677e-05,405
RR3 GC39→GC40,PC2,FAM47E,7.222695579226442e-05,7.222695579226442e-05,19
RR3 GC39→GC40,PC2,FAM50B,4.612201611339506e-05,4.612201611339506e-05,91
RR3 GC39→GC40,PC2,FAM83F,2.535518967454e-05,2.535518967454e-05,478
RR3 GC39→GC40,PC2,FBLIM1,-4.90239224922753e-05,4.90239224922753e-05,69
RR3 GC39→GC40,PC2,FBXO33,2.5019031613406705e-05,2.5019031613406705e-05,494
RR3 GC39→GC40,PC2,FBXO40,2.9625788066444094e-05,2.9625788066444094e-05,303
RR3 GC39→GC40,PC2,FBXO6,-3.914885839218497e-05,3.914885839218497e-05,145
RR3 GC39→GC40,PC2,FEZ1,2.6263800261415507e-05,2.6263800261415507e-05,422
RR3 GC39→GC40,PC2,FGF18,2.887699249685672e-05,2.887699249685672e-05,323
RR3 GC39→GC40,PC2,FGF21,-6.459974250303476e-05,6.459974250303476e-05,26
RR3 GC39→GC40,PC2,FGF7,3.32279295355985e-05,3.32279295355985e-05,230
RR3 GC39→GC40,PC2,FGFRL1,2.5357630011210493e-05,2.5357630011210493e-05,477
RR3 GC39→GC40,PC2,FGL1,2.7924184671130854e-05,2.7924184671130854e-05,359
RR3 GC39→GC40,PC2,FKBP11,4.193251259974271e-05,4.193251259974271e-05,120
RR3 GC39→GC40,PC2,FLNB,2.539024452324613e-05,2.539024452324613e-05,472
RR3 GC39→GC40,PC2,FLRT2,2.593324507037491e-05,2.593324507037491e-05,443
RR3 GC39→GC40,PC2,FOSB,-2.6304377665518197e-05,2.6304377665518197e-05,421
RR3 GC39→GC40,PC2,FOXD2,3.5254023276295427e-05,3.5254023276295427e-05,186
RR3 GC39→GC40,PC2,FOXRED2,-2.6803569298091718e-05,2.6803569298091718e-05,395
RR3 GC39→GC40,PC2,FSBP,4.6804094351569676e-05,4.6804094351569676e-05,84
RR3 GC39→GC40,PC2,FST,4.0637829587848724e-05,4.0637829587848724e-05,128
RR3 GC39→GC40,PC2,FSTL3,3.093806057600955e-05,3.093806057600955e-05,269
RR3 GC39→GC40,PC2,FXYD2,3.28644550366416e-05,3.28644550366416e-05,239
RR3 GC39→GC40,PC2,FZD8,3.602742827377233e-05,3.602742827377233e-05,177
RR3 GC39→GC40,PC2,GALNT3,2.6854904416243493e-05,2.6854904416243493e-05,393
RR3 GC39→GC40,PC2,GALNT9,2.8345773148991816e-05,2.8345773148991816e-05,344
RR3 GC39→GC40,PC2,GALT,-2.5688117153013394e-05,2.5688117153013394e-05,455
RR3 GC39→GC40,PC2,GAPDHS,2.9352454604202562e-05,2.9352454604202562e-05,314
RR3 GC39→GC40,PC2,GDF15,-3.012509218620392e-05,3.012509218620392e-05,287
RR3 GC39→GC40,PC2,GJA10,4.312801994583373e-05,4.312801994583373e-05,109
RR3 GC39→GC40,PC2,GJA5,2.9454815812646837e-05,2.9454815812646837e-05,312
RR3 GC39→GC40,PC2,GJB2,-3.717425907446604e-05,3.717425907446604e-05,166
RR3 GC39→GC40,PC2,GLRX5,2.538235227903798e-05,2.538235227903798e-05,473
RR3 GC39→GC40,PC2,GNA15,-4.882048021042087e-05,4.882048021042087e-05,72
RR3 GC39→GC40,PC2,GNG10,3.1573400376016856e-05,3.1573400376016856e-05,257
RR3 GC39→GC40,PC2,GNG8,3.3856585622528975e-05,3.3856585622528975e-05,212
RR3 GC39→GC40,PC2,GNGT1,3.95284162011571e-05,3.95284162011571e-05,142
RR3 GC39→GC40,PC2,GPAT4,2.4989579972151065e-05,2.4989579972151065e-05,496
RR3 GC39→GC40,PC2,GPCPD1,3.364474543870829e-05,3.364474543870829e-05,217
RR3 GC39→GC40,PC2,GPR12,3.2028937298070334e-05,3.2028937298070334e-05,247
RR3 GC39→GC40,PC2,GPR162,2.5374664310931258e-05,2.5374664310931258e-05,474
RR3 GC39→GC40,PC2,GPR183,3.1129553919473264e-05,3.1129553919473264e-05,264
RR3 GC39→GC40,PC2,GPT2,3.360016756327131e-05,3.360016756327131e-05,220
RR3 GC39→GC40,PC2,GPX6,3.0729797263421606e-05,3.0729797263421606e-05,273
RR3 GC39→GC40,PC2,GRB7,-2.7052938365821438e-05,2.7052938365821438e-05,385
RR3 GC39→GC40,PC2,GRM8,-2.494937143677665e-05,2.494937143677665e-05,500
RR3 GC39→GC40,PC2,GSDME,3.96109442751644e-05,3.96109442751644e-05,140
RR3 GC39→GC40,PC2,GSN,4.370869190172125e-05,4.370869190172125e-05,105
RR3 GC39→GC40,PC2,GUCY2C,2.776457881954666e-05,2.776457881954666e-05,366
RR3 GC39→GC40,PC2,H2AC19,2.858231699741219e-05,2.858231699741219e-05,335
RR3 GC39→GC40,PC2,HAPLN1,2.6746480252833257e-05,2.6746480252833257e-05,399
RR3 GC39→GC40,PC2,HDAC5,-4.044995749263227e-05,4.044995749263227e-05,129
RR3 GC39→GC40,PC2,HES1,-4.524161248739575e-05,4.524161248739575e-05,98
RR3 GC39→GC40,PC2,HES6,4.690894294937466e-05,4.690894294937466e-05,83
RR3 GC39→GC40,PC2,HHIPL2,3.4292796374828295e-05,3.4292796374828295e-05,203
RR3 GC39→GC40,PC2,HMGCS1,2.5695334804194636e-05,2.5695334804194636e-05,453
RR3 GC39→GC40,PC2,HNMT,3.573207359832125e-05,3.573207359832125e-05,180
RR3 GC39→GC40,PC2,HORMAD2,3.7024737771887484e-05,3.7024737771887484e-05,169
RR3 GC39→GC40,PC2,HS6ST1,2.6472692047139968e-05,2.6472692047139968e-05,415
RR3 GC39→GC40,PC2,HSD3B7,2.9224069427974376e-05,2.9224069427974376e-05,315
RR3 GC39→GC40,PC2,HSF2BP,6.533885117876852e-05,6.533885117876852e-05,22
RR3 GC39→GC40,PC2,HSPB2,2.5151745752818023e-05,2.5151745752818023e-05,490
RR3 GC39→GC40,PC2,HSPB7,2.6009933633736926e-05,2.6009933633736926e-05,441
RR3 GC39→GC40,PC2,HSPH1,5.066921937257794e-05,5.066921937257794e-05,62
RR3 GC39→GC40,PC2,ID2,-2.591973868241175e-05,2.591973868241175e-05,444
RR3 GC39→GC40,PC2,ID3,-3.0448007930308456e-05,3.0448007930308456e-05,281
RR3 GC39→GC40,PC2,IER2,-6.0978112697554046e-05,6.0978112697554046e-05,33
RR3 GC39→GC40,PC2,IGFBP1,-5.4551108191410603e-05,5.4551108191410603e-05,49
RR3 GC39→GC40,PC2,IGFBP3,4.8725563055192543e-05,4.8725563055192543e-05,74
RR3 GC39→GC40,PC2,IGFBP6,5.477288754824648e-05,5.477288754824648e-05,48
RR3 GC39→GC40,PC2,IGSF21,3.735072894332992e-05,3.735072894332992e-05,162
RR3 GC39→GC40,PC2,IL12A,3.097516044287316e-05,3.097516044287316e-05,268
RR3 GC39→GC40,PC2,IL15,2.674419184618721e-05,2.674419184618721e-05,400
RR3 GC39→GC40,PC2,IL2,3.390895422240511e-05,3.390895422240511e-05,211
RR3 GC39→GC40,PC2,IMMP1L,2.5046416467470618e-05,2.5046416467470618e-05,493
RR3 GC39→GC40,PC2,INTS1,-2.6720486731644462e-05,2.6720486731644462e-05,404
RR3 GC39→GC40,PC2,IRF2BP2,-4.640862463118681e-05,4.640862463118681e-05,87
RR3 GC39→GC40,PC2,IRS2,-4.5934522780925636e-05,4.5934522780925636e-05,93
RR3 GC39→GC40,PC2,JAGN1,3.0270534169590417e-05,3.0270534169590417e-05,282
RR3 GC39→GC40,PC2,JSRP1,2.564873673660634e-05,2.564873673660634e-05,458
RR3 GC39→GC40,PC2,JUN,-8.440620921970016e-05,8.440620921970016e-05,10
RR3 GC39→GC40,PC2,JUNB,-6.396241851400646e-05,6.396241851400646e-05,29
RR3 GC39→GC40,PC2,JUND,-4.4883899169401666e-05,4.4883899169401666e-05,101
RR3 GC39→GC40,PC2,KAT5,-2.8653420681511197e-05,2.8653420681511197e-05,332
RR3 GC39→GC40,PC2,KHNYN,-5.743805394035232e-05,5.743805394035232e-05,44
RR3 GC39→GC40,PC2,KLF1,-2.552806834286351e-05,2.552806834286351e-05,467
RR3 GC39→GC40,PC2,KLF13,4.1164878383550745e-05,4.1164878383550745e-05,123
RR3 GC39→GC40,PC2,KLF15,2.9593115999262844e-05,2.9593115999262844e-05,306
RR3 GC39→GC40,PC2,KLHDC8A,6.524531356122403e-05,6.524531356122403e-05,23
RR3 GC39→GC40,PC2,KLHL41,5.075471118999193e-05,5.075471118999193e-05,61
RR3 GC39→GC40,PC2,KRT18,-3.4831339026070014e-05,3.4831339026070014e-05,195
RR3 GC39→GC40,PC2,KRT8,-3.1004093312439965e-05,3.1004093312439965e-05,267
RR3 GC39→GC40,PC2,LARS2,9.921853983124882e-05,9.921853983124882e-05,4
RR3 GC39→GC40,PC2,LCN12,3.7303700505189755e-05,3.7303700505189755e-05,164
RR3 GC39→GC40,PC2,LCN2,-3.834094148858905e-05,3.834094148858905e-05,156
RR3 GC39→GC40,PC2,LDHAL6B,-3.228598934203575e-05,3.228598934203575e-05,244
RR3 GC39→GC40,PC2,LIPG,7.645595750537964e-05,7.645595750537964e-05,14
RR3 GC39→GC40,PC2,LLGL2,-3.068878920430572e-05,3.068878920430572e-05,274
RR3 GC39→GC40,PC2,LNX1,-3.3573229844737513e-05,3.3573229844737513e-05,223
RR3 GC39→GC40,PC2,LNX2,-2.619981619113522e-05,2.619981619113522e-05,428
RR3 GC39→GC40,PC2,LPAR5,3.0755531491953116e-05,3.0755531491953116e-05,272
RR3 GC39→GC40,PC2,LPIN1,4.746363061000147e-05,4.746363061000147e-05,80
RR3 GC39→GC40,PC2,LRP4,2.68924719268616e-05,2.68924719268616e-05,391
RR3 GC39→GC40,PC2,LRP8,2.621905666994232e-05,2.621905666994232e-05,424
RR3 GC39→GC40,PC2,LRRC14B,5.98970772196309e-05,5.98970772196309e-05,35
RR3 GC39→GC40,PC2,LRRC28,2.893951348127239e-05,2.893951348127239e-05,320
RR3 GC39→GC40,PC2,LRRC31,4.001753811715028e-05,4.001753811715028e-05,135
RR3 GC39→GC40,PC2,LRRC8E,2.7928124347736322e-05,2.7928124347736322e-05,358
RR3 GC39→GC40,PC2,LTBP4,2.616112665803814e-05,2.616112665803814e-05,432
RR3 GC39→GC40,PC2,LUM,3.0036433749137415e-05,3.0036433749137415e-05,290
RR3 GC39→GC40,PC2,LY6D,-4.2557443162411084e-05,4.2557443162411084e-05,115
RR3 GC39→GC40,PC2,LY6G6D,5.2167654508945424e-05,5.2167654508945424e-05,54
RR3 GC39→GC40,PC2,MAB21L3,4.507865475108659e-05,4.507865475108659e-05,99
RR3 GC39→GC40,PC2,MAD2L2,-2.6105011657682613e-05,2.6105011657682613e-05,434
RR3 GC39→GC40,PC2,MAFB,3.322821266822034e-05,3.322821266822034e-05,229
RR3 GC39→GC40,PC2,MAFF,2.6457200531563456e-05,2.6457200531563456e-05,416
RR3 GC39→GC40,PC2,MAP3K6,3.655987590356318e-05,3.655987590356318e-05,171
RR3 GC39→GC40,PC2,MAPK4,-2.5184478844223944e-05,2.5184478844223944e-05,487
RR3 GC39→GC40,PC2,MAT2A,3.50291377446874e-05,3.50291377446874e-05,193
RR3 GC39→GC40,PC2,MB,5.060342897113399e-05,5.060342897113399e-05,63
RR3 GC39→GC40,PC2,MBD1,2.777210828308685e-05,2.777210828308685e-05,364
RR3 GC39→GC40,PC2,MEOX1,4.318863709323294e-05,4.318863709323294e-05,108
RR3 GC39→GC40,PC2,MESP1,2.868491857632652e-05,2.868491857632652e-05,331
RR3 GC39→GC40,PC2,MFSD2A,7.315926836550902e-05,7.315926836550902e-05,17
RR3 GC39→GC40,PC2,MIS12,3.140281755916545e-05,3.140281755916545e-05,259
RR3 GC39→GC40,PC2,MKNK2,3.392834717267498e-05,3.392834717267498e-05,210
RR3 GC39→GC40,PC2,MMP7,-3.9834888453319586e-05,3.9834888453319586e-05,138
RR3 GC39→GC40,PC2,MOB4,2.994010089124589e-05,2.994010089124589e-05,294
RR3 GC39→GC40,PC2,MOGAT1,4.446025281149053e-05,4.446025281149053e-05,103
RR3 GC39→GC40,PC2,MS4A8,2.96887632711089e-05,2.96887632711089e-05,301
RR3 GC39→GC40,PC2,MTHFD2,2.7009253315047895e-05,2.7009253315047895e-05,386
RR3 GC39→GC40,PC2,MTSS1,2.495097238511272e-05,2.495097238511272e-05,499
RR3 GC39→GC40,PC2,MTUS2,2.655611173944407e-05,2.655611173944407e-05,411
RR3 GC39→GC40,PC2,MYC,7.283668186401139e-05,7.283668186401139e-05,18
RR3 GC39→GC40,PC2,MYH7B,2.8136155447724252e-05,2.8136155447724252e-05,351
RR3 GC39→GC40,PC2,MYL6B,2.7676149943650958e-05,2.7676149943650958e-05,370
RR3 GC39→GC40,PC2,MYL7,2.8480378209408404e-05,2.8480378209408404e-05,338
RR3 GC39→GC40,PC2,MYOM3,4.1069101902012086e-05,4.1069101902012086e-05,125
RR3 GC39→GC40,PC2,MZT1,2.5575555938961196e-05,2.5575555938961196e-05,465
RR3 GC39→GC40,PC2,NANP,2.608390197097034e-05,2.608390197097034e-05,437
RR3 GC39→GC40,PC2,NARF,3.19415757735518e-05,3.19415757735518e-05,250
RR3 GC39→GC40,PC2,NDRG1,-5.80871638192213e-05,5.80871638192213e-05,41
RR3 GC39→GC40,PC2,NDUFAF4,3.376935495183481e-05,3.376935495183481e-05,216
RR3 GC39→GC40,PC2,NEK2,2.7766547321267987e-05,2.7766547321267987e-05,365
RR3 GC39→GC40,PC2,NET1,-4.001657968645633e-05,4.001657968645633e-05,136
RR3 GC39→GC40,PC2,NEU2,-3.175510960091852e-05,3.175510960091852e-05,254
RR3 GC39→GC40,PC2,NFIL3,-9.7576924818882e-05,9.7576924818882e-05,5
RR3 GC39→GC40,PC2,NIBAN2,-2.7071352019772343e-05,2.7071352019772343e-05,384
RR3 GC39→GC40,PC2,NIPA2,2.80080579267023e-05,2.80080579267023e-05,356
RR3 GC39→GC40,PC2,NLRP12,-4.264116998043755e-05,4.264116998043755e-05,113
RR3 GC39→GC40,PC2,NME9,-3.0470931635960504e-05,3.0470931635960504e-05,280
RR3 GC39→GC40,PC2,NOCT,3.18902160154046e-05,3.18902160154046e-05,252
RR3 GC39→GC40,PC2,NODAL,2.8008476593541972e-05,2.8008476593541972e-05,355
RR3 GC39→GC40,PC2,NPAS2,-0.00010637128821387769,0.00010637128821387769,2
RR3 GC39→GC40,PC2,NPNT,9.069367942995368e-05,9.069367942995368e-05,6
RR3 GC39→GC40,PC2,NPY,7.437466242796119e-05,7.437466242796119e-05,16
RR3 GC39→GC40,PC2,NR1D2,5.179080378389543e-05,5.179080378389543e-05,56
RR3 GC39→GC40,PC2,NRG4,-3.856553712881128e-05,3.856553712881128e-05,152
RR3 GC39→GC40,PC2,NXPH2,-2.720761198842053e-05,2.720761198842053e-05,382
RR3 GC39→GC40,PC2,OCLN,-2.635171306874622e-05,2.635171306874622e-05,419
RR3 GC39→GC40,PC2,OCSTAMP,2.536660121049261e-05,2.536660121049261e-05,476
RR3 GC39→GC40,PC2,ODAD4,-2.9865529436853366e-05,2.9865529436853366e-05,296
RR3 GC39→GC40,PC2,ORMDL1,3.32441822862605e-05,3.32441822862605e-05,228
RR3 GC39→GC40,PC2,OSER1,-2.839858078793486e-05,2.839858078793486e-05,339
RR3 GC39→GC40,PC2,OSGIN1,-7.047888368798653e-05,7.047888368798653e-05,20
RR3 GC39→GC40,PC2,P4HA1,3.3514270097961295e-05,3.3514270097961295e-05,224
RR3 GC39→GC40,PC2,PAM,2.6435188145329516e-05,2.6435188145329516e-05,417
RR3 GC39→GC40,PC2,PARD6G,2.5401238702207112e-05,2.5401238702207112e-05,471
RR3 GC39→GC40,PC2,PC,2.5762535861021725e-05,2.5762535861021725e-05,450
RR3 GC39→GC40,PC2,PCLAF,2.5893135446670346e-05,2.5893135446670346e-05,445
RR3 GC39→GC40,PC2,PDK4,-5.884248792211087e-05,5.884248792211087e-05,37
RR3 GC39→GC40,PC2,PER1,3.411161921159141e-05,3.411161921159141e-05,207
RR3 GC39→GC40,PC2,PHKG1,2.9481287935775813e-05,2.9481287935775813e-05,311
RR3 GC39→GC40,PC2,PHOSPHO1,4.8852236489646455e-05,4.8852236489646455e-05,71
RR3 GC39→GC40,PC2,PHOSPHO2,2.868728481601825e-05,2.868728481601825e-05,330
RR3 GC39→GC40,PC2,PI16,2.698869081271455e-05,2.698869081271455e-05,388
RR3 GC39→GC40,PC2,PIGX,2.5815529304044475e-05,2.5815529304044475e-05,448
RR3 GC39→GC40,PC2,PIK3R1,2.7134759205699015e-05,2.7134759205699015e-05,383
RR3 GC39→GC40,PC2,PIM3,4.584240108290868e-05,4.584240108290868e-05,95
RR3 GC39→GC40,PC2,PIMREG,3.631251118664402e-05,3.631251118664402e-05,174
RR3 GC39→GC40,PC2,PKDCC,2.9776813772313943e-05,2.9776813772313943e-05,298
RR3 GC39→GC40,PC2,PKMYT1,-3.1762051554898966e-05,3.1762051554898966e-05,253
RR3 GC39→GC40,PC2,PLA1A,2.564132472719975e-05,2.564132472719975e-05,459
RR3 GC39→GC40,PC2,PLA2G5,-3.936919841978377e-05,3.936919841978377e-05,143
RR3 GC39→GC40,PC2,PLD6,-2.9659280474239688e-05,2.9659280474239688e-05,302
RR3 GC39→GC40,PC2,PLIN4,2.692668992044331e-05,2.692668992044331e-05,390
RR3 GC39→GC40,PC2,PLP1,3.857013060750203e-05,3.857013060750203e-05,151
RR3 GC39→GC40,PC2,PMEL,2.5621689559159116e-05,2.5621689559159116e-05,462
RR3 GC39→GC40,PC2,PNKD,-2.835472209092005e-05,2.835472209092005e-05,343
RR3 GC39→GC40,PC2,PNKP,-3.113347977995672e-05,3.113347977995672e-05,263
RR3 GC39→GC40,PC2,PNRC1,-4.6159003139530095e-05,4.6159003139530095e-05,90
RR3 GC39→GC40,PC2,PODNL1,3.7246506582775886e-05,3.7246506582775886e-05,165
RR3 GC39→GC40,PC2,POLR2H,2.806701860862244e-05,2.806701860862244e-05,354
RR3 GC39→GC40,PC2,POLRMT,-2.6874382469248774e-05,2.6874382469248774e-05,392
RR3 GC39→GC40,PC2,POMC,3.362811483621601e-05,3.362811483621601e-05,219
RR3 GC39→GC40,PC2,POPDC2,2.558821273844619e-05,2.558821273844619e-05,464
RR3 GC39→GC40,PC2,PPAT,5.17185182100658e-05,5.17185182100658e-05,57
RR3 GC39→GC40,PC2,PPP1R10,2.9449678749606974e-05,2.9449678749606974e-05,313
RR3 GC39→GC40,PC2,PPP1R13L,-2.6700174955894555e-05,2.6700174955894555e-05,406
RR3 GC39→GC40,PC2,PPP1R15B,2.7857349431391507e-05,2.7857349431391507e-05,363
RR3 GC39→GC40,PC2,PPP1R3C,-3.318442470823926e-05,3.318442470823926e-05,232
RR3 GC39→GC40,PC2,PPTC7,4.897205001980426e-05,4.897205001980426e-05,70
RR3 GC39→GC40,PC2,PROCR,2.7682174027142317e-05,2.7682174027142317e-05,368
RR3 GC39→GC40,PC2,PRRT2,2.9062365233367086e-05,2.9062365233367086e-05,319
RR3 GC39→GC40,PC2,PRSS12,3.921551169973355e-05,3.921551169973355e-05,144
RR3 GC39→GC40,PC2,PRTN3,5.8412745995767935e-05,5.8412745995767935e-05,39
RR3 GC39→GC40,PC2,PSTK,2.5300477024200615e-05,2.5300477024200615e-05,482
RR3 GC39→GC40,PC2,PTGFR,-4.496287930140395e-05,4.496287930140395e-05,100
RR3 GC39→GC40,PC2,PWWP3B,3.425007811735884e-05,3.425007811735884e-05,204
RR3 GC39→GC40,PC2,PYCARD,3.85183050210905e-05,3.85183050210905e-05,154
RR3 GC39→GC40,PC2,RAB26,4.666092049873568e-05,4.666092049873568e-05,85
RR3 GC39→GC40,PC2,RAB33A,5.111926571541863e-05,5.111926571541863e-05,59
RR3 GC39→GC40,PC2,RELT,2.5255195411101547e-05,2.5255195411101547e-05,484
RR3 GC39→GC40,PC2,RGCC,6.860146962739158e-05,6.860146962739158e-05,21
RR3 GC39→GC40,PC2,RNF186,-2.8212445954149914e-05,2.8212445954149914e-05,348
RR3 GC39→GC40,PC2,RNF225,3.958543177196156e-05,3.958543177196156e-05,141
RR3 GC39→GC40,PC2,RPS15A,2.815648756531033e-05,2.815648756531033e-05,350
RR3 GC39→GC40,PC2,SBK1,2.5009046221710504e-05,2.5009046221710504e-05,495
RR3 GC39→GC40,PC2,SBSPON,2.5096478600250934e-05,2.5096478600250934e-05,491
RR3 GC39→GC40,PC2,SCAF1,-2.7235987418845035e-05,2.7235987418845035e-05,380
RR3 GC39→GC40,PC2,SCARA5,2.864207910365479e-05,2.864207910365479e-05,333
RR3 GC39→GC40,PC2,SDR9C7,-2.6095385185193352e-05,2.6095385185193352e-05,435
RR3 GC39→GC40,PC2,SELE,3.019448957288989e-05,3.019448957288989e-05,286
RR3 GC39→GC40,PC2,SERINC2,-2.5410880547712256e-05,2.5410880547712256e-05,470
RR3 GC39→GC40,PC2,SERPINA12,3.5630570870922524e-05,3.5630570870922524e-05,182
RR3 GC39→GC40,PC2,SERPINA9,4.086958258612595e-05,4.086958258612595e-05,126
RR3 GC39→GC40,PC2,SETD4,4.2162491333433216e-05,4.2162491333433216e-05,119
RR3 GC39→GC40,PC2,SFTPD,-3.912906745688937e-05,3.912906745688937e-05,146
RR3 GC39→GC40,PC2,SHB,2.5064809109153892e-05,2.5064809109153892e-05,492
RR3 GC39→GC40,PC2,SHD,2.6114577110151996e-05,2.6114577110151996e-05,433
RR3 GC39→GC40,PC2,SHISA4,-4.301808855403194e-05,4.301808855403194e-05,110
RR3 GC39→GC40,PC2,SHISA8,2.7376735468991363e-05,2.7376735468991363e-05,375
RR3 GC39→GC40,PC2,SHLD1,2.6204631640216105e-05,2.6204631640216105e-05,427
RR3 GC39→GC40,PC2,SLC12A8,2.8593079339330528e-05,2.8593079339330528e-05,334
RR3 GC39→GC40,PC2,SLC15A4,2.956073850715834e-05,2.956073850715834e-05,308
RR3 GC39→GC40,PC2,SLC16A3,4.110608809024542e-05,4.110608809024542e-05,124
RR3 GC39→GC40,PC2,SLC18A2,2.6668173290437866e-05,2.6668173290437866e-05,407
RR3 GC39→GC40,PC2,SLC1A2,2.9609725266145735e-05,2.9609725266145735e-05,305
RR3 GC39→GC40,PC2,SLC20A1,5.1393649678533784e-05,5.1393649678533784e-05,58
RR3 GC39→GC40,PC2,SLC25A32,3.136781585264418e-05,3.136781585264418e-05,260
RR3 GC39→GC40,PC2,SLC25A33,-5.772168008332816e-05,5.772168008332816e-05,43
RR3 GC39→GC40,PC2,SLC25A42,-3.085925064709626e-05,3.085925064709626e-05,270
RR3 GC39→GC40,PC2,SLC2A5,2.8188289023202166e-05,2.8188289023202166e-05,349
RR3 GC39→GC40,PC2,SLC2A6,3.118716045891582e-05,3.118716045891582e-05,261
RR3 GC39→GC40,PC2,SLC35G1,5.6722607336232985e-05,5.6722607336232985e-05,46
RR3 GC39→GC40,PC2,SLC38A3,-3.0055652591951885e-05,3.0055652591951885e-05,288
RR3 GC39→GC40,PC2,SLC4A11,3.5438478102190584e-05,3.5438478102190584e-05,183
RR3 GC39→GC40,PC2,SLC7A2,3.2896185097367146e-05,3.2896185097367146e-05,237
RR3 GC39→GC40,PC2,SLC8A3,-4.869222375195312e-05,4.869222375195312e-05,75
RR3 GC39→GC40,PC2,SMPDL3B,2.8821026665826103e-05,2.8821026665826103e-05,324
RR3 GC39→GC40,PC2,SNAI3,-3.471796049999768e-05,3.471796049999768e-05,198
RR3 GC39→GC40,PC2,SNRK,2.6764053908769985e-05,2.6764053908769985e-05,398
RR3 GC39→GC40,PC2,SNURF,8.250015206933132e-05,8.250015206933132e-05,11
RR3 GC39→GC40,PC2,SPAG5,2.5473827825989004e-05,2.5473827825989004e-05,469
RR3 GC39→GC40,PC2,SPARCL1,2.5337195872406983e-05,2.5337195872406983e-05,479
RR3 GC39→GC40,PC2,SPHK1,2.5765008192961553e-05,2.5765008192961553e-05,449
RR3 GC39→GC40,PC2,SPHK2,-4.908094722615349e-05,4.908094722615349e-05,68
RR3 GC39→GC40,PC2,SPNS3,2.5826808782857032e-05,2.5826808782857032e-05,447
RR3 GC39→GC40,PC2,SPOCK2,5.247217525726964e-05,5.247217525726964e-05,52
RR3 GC39→GC40,PC2,SPP1,2.6781830966848377e-05,2.6781830966848377e-05,397
RR3 GC39→GC40,PC2,SRM,3.383758047425175e-05,3.383758047425175e-05,213
RR3 GC39→GC40,PC2,SRMS,5.108875592355345e-05,5.108875592355345e-05,60
RR3 GC39→GC40,PC2,SRP19,2.602087209034807e-05,2.602087209034807e-05,438
RR3 GC39→GC40,PC2,SRPK3,2.8259284898474778e-05,2.8259284898474778e-05,345
RR3 GC39→GC40,PC2,SS18L2,4.402147306450802e-05,4.402147306450802e-05,104
RR3 GC39→GC40,PC2,SSBP3,-2.586348280316835e-05,2.586348280316835e-05,446
RR3 GC39→GC40,PC2,ST3GAL5,3.199193607363633e-05,3.199193607363633e-05,248
RR3 GC39→GC40,PC2,STARD6,2.9085421802445646e-05,2.9085421802445646e-05,318
RR3 GC39→GC40,PC2,STAT3,-2.6569666723840927e-05,2.6569666723840927e-05,410
RR3 GC39→GC40,PC2,STAT5A,-2.8922027811472755e-05,2.8922027811472755e-05,322
RR3 GC39→GC40,PC2,STAT5B,-3.7106065369304005e-05,3.7106065369304005e-05,168
RR3 GC39→GC40,PC2,STBD1,6.287313211325541e-05,6.287313211325541e-05,31
RR3 GC39→GC40,PC2,STIM2,2.7682778402612637e-05,2.7682778402612637e-05,367
RR3 GC39→GC40,PC2,STK24,-2.6218448311941083e-05,2.6218448311941083e-05,425
RR3 GC39→GC40,PC2,STX1B,-3.191848496065551e-05,3.191848496065551e-05,251
RR3 GC39→GC40,PC2,STYXL1,-4.606617540374042e-05,4.606617540374042e-05,92
RR3 GC39→GC40,PC2,SULT1C2,2.6636338328102578e-05,2.6636338328102578e-05,408
RR3 GC39→GC40,PC2,SUSD5,2.6217080937609316e-05,2.6217080937609316e-05,426
RR3 GC39→GC40,PC2,SUSD6,2.5367640629128745e-05,2.5367640629128745e-05,475
RR3 GC39→GC40,PC2,SYCE3,-5.8665258917275323e-05,5.8665258917275323e-05,38
RR3 GC39→GC40,PC2,SYNGR1,-3.84975862398229e-05,3.84975862398229e-05,155
RR3 GC39→GC40,PC2,SYT12,4.258311345329764e-05,4.258311345329764e-05,114
RR3 GC39→GC40,PC2,SYTL3,3.716020635320945e-05,3.716020635320945e-05,167
RR3 GC39→GC40,PC2,TAB2,-4.951219441659983e-05,4.951219441659983e-05,66
RR3 GC39→GC40,PC2,TCAP,2.678390420737099e-05,2.678390420737099e-05,396
RR3 GC39→GC40,PC2,TCIM,4.861588964112641e-05,4.861588964112641e-05,76
RR3 GC39→GC40,PC2,TEF,6.503272273700113e-05,6.503272273700113e-05,25
RR3 GC39→GC40,PC2,TEX11,-2.551320545060731e-05,2.551320545060731e-05,468
RR3 GC39→GC40,PC2,TEX12,2.5651828801198924e-05,2.5651828801198924e-05,457
RR3 GC39→GC40,PC2,TFF3,-5.446036855784006e-05,5.446036855784006e-05,50
RR3 GC39→GC40,PC2,TFRC,2.630524096411794e-05,2.630524096411794e-05,420
RR3 GC39→GC40,PC2,TGFBR1,2.662685601111493e-05,2.662685601111493e-05,409
RR3 GC39→GC40,PC2,TGM1,2.8936071219308885e-05,2.8936071219308885e-05,321
RR3 GC39→GC40,PC2,THEM4,2.6541673036389413e-05,2.6541673036389413e-05,412
RR3 GC39→GC40,PC2,TIMM8A,2.574099968747534e-05,2.574099968747534e-05,451
RR3 GC39→GC40,PC2,TIMP1,-4.720140033243408e-05,4.720140033243408e-05,82
RR3 GC39→GC40,PC2,TIMP3,2.5181743353065102e-05,2.5181743353065102e-05,488
RR3 GC39→GC40,PC2,TJP2,-2.7907087368209376e-05,2.7907087368209376e-05,360
RR3 GC39→GC40,PC2,TJP3,-2.851242964069323e-05,2.851242964069323e-05,337
RR3 GC39→GC40,PC2,TM2D1,3.1474221802566e-05,3.1474221802566e-05,258
RR3 GC39→GC40,PC2,TMED5,3.511754496884841e-05,3.511754496884841e-05,191
RR3 GC39→GC40,PC2,TMEM171,8.169072578901309e-05,8.169072578901309e-05,12
RR3 GC39→GC40,PC2,TMEM91,2.9698137776660543e-05,2.9698137776660543e-05,300
RR3 GC39→GC40,PC2,TNFAIP2,-3.48123526715958e-05,3.48123526715958e-05,196
RR3 GC39→GC40,PC2,TNFRSF1B,2.9774105324686628e-05,2.9774105324686628e-05,299
RR3 GC39→GC40,PC2,TNFSF13B,3.312885136830616e-05,3.312885136830616e-05,233
RR3 GC39→GC40,PC2,TNNC2,2.60111051385076e-05,2.60111051385076e-05,440
RR3 GC39→GC40,PC2,TNNI2,4.036814048269404e-05,4.036814048269404e-05,130
RR3 GC39→GC40,PC2,TNNT3,4.9842956094514853e-05,4.9842956094514853e-05,65
RR3 GC39→GC40,PC2,TNS1,3.31876555782245e-05,3.31876555782245e-05,231
RR3 GC39→GC40,PC2,TOMM20,3.359675173072571e-05,3.359675173072571e-05,222
RR3 GC39→GC40,PC2,TOR1B,3.19422576670703e-05,3.19422576670703e-05,249
RR3 GC39→GC40,PC2,TRIM6,2.5637968118509772e-05,2.5637968118509772e-05,460
RR3 GC39→GC40,PC2,TRMT10C,2.917906677103958e-05,2.917906677103958e-05,317
RR3 GC39→GC40,PC2,TROAP,3.8663628738033255e-05,3.8663628738033255e-05,149
RR3 GC39→GC40,PC2,TRPM2,2.5309424520128402e-05,2.5309424520128402e-05,481
RR3 GC39→GC40,PC2,TSC22D1,-5.814814704189665e-05,5.814814704189665e-05,40
RR3 GC39→GC40,PC2,TSC22D3,3.522766807355951e-05,3.522766807355951e-05,188
RR3 GC39→GC40,PC2,TSPAN4,2.856986434471392e-05,2.856986434471392e-05,336
RR3 GC39→GC40,PC2,TSPYL4,2.878588892933943e-05,2.878588892933943e-05,326
RR3 GC39→GC40,PC2,TTC39B,2.8784518284326834e-05,2.8784518284326834e-05,327
RR3 GC39→GC40,PC2,TTC39C,2.7943685634604098e-05,2.7943685634604098e-05,357
RR3 GC39→GC40,PC2,TTLL13,2.650574311640476e-05,2.650574311640476e-05,413
RR3 GC39→GC40,PC2,TUBB2A,-7.712777836640247e-05,7.712777836640247e-05,13
RR3 GC39→GC40,PC2,TWIST1,-4.8800476939993874e-05,4.8800476939993874e-05,73
RR3 GC39→GC40,PC2,TYROBP,3.161287309795903e-05,3.161287309795903e-05,256
RR3 GC39→GC40,PC2,UPK1B,2.7388287400055712e-05,2.7388287400055712e-05,374
RR3 GC39→GC40,PC2,UPK3B,3.004193062569128e-05,3.004193062569128e-05,289
RR3 GC39→GC40,PC2,UPP2,6.41148925527114e-05,6.41148925527114e-05,28
RR3 GC39→GC40,PC2,USP2,-2.9864821380673706e-05,2.9864821380673706e-05,297
RR3 GC39→GC40,PC2,VLDLR,3.4004129740285194e-05,3.4004129740285194e-05,209
RR3 GC39→GC40,PC2,VNN1,-3.1632361477637914e-05,3.1632361477637914e-05,255
RR3 GC39→GC40,PC2,WDR38,2.6411854340482123e-05,2.6411854340482123e-05,418
RR3 GC39→GC40,PC2,WDR81,-2.7342864641848167e-05,2.7342864641848167e-05,378
RR3 GC39→GC40,PC2,WDR91,-2.743584052549653e-05,2.743584052549653e-05,373
RR3 GC39→GC40,PC2,WFIKKN1,3.325259689209041e-05,3.325259689209041e-05,226
RR3 GC39→GC40,PC2,WRNIP1,-2.5196135168013176e-05,2.5196135168013176e-05,486
RR3 GC39→GC40,PC2,XAB2,-2.875342514390269e-05,2.875342514390269e-05,328
RR3 GC39→GC40,PC2,YRDC,2.8079859177692997e-05,2.8079859177692997e-05,353
RR3 GC39→GC40,PC2,ZC3H12D,2.948655446256576e-05,2.948655446256576e-05,310
RR3 GC39→GC40,PC2,ZFP36,-3.877541824605216e-05,3.877541824605216e-05,148
RR3 GC39→GC40,PC2,ZFP36L1,-4.320081714533169e-05,4.320081714533169e-05,107
RR3 GC39→GC40,PC2,ZFYVE1,-2.6248052324981746e-05,2.6248052324981746e-05,423
RR3 GC39→GC40,PC2,ZMYND12,-2.6964881390968238e-05,2.6964881390968238e-05,389
RR3 GC39→GC40,PC2,ZNF697,2.5561713050901268e-05,2.5561713050901268e-05,466
RR3 FLT39→FLT40,PC1,AACS,6.323510304628906e-05,6.323510304628906e-05,360
RR3 FLT39→FLT40,PC1,ABCA2,-5.6898726172742655e-05,5.6898726172742655e-05,473
RR3 FLT39→FLT40,PC1,ABCA8,-7.000323135470285e-05,7.000323135470285e-05,291
RR3 FLT39→FLT40,PC1,ABHD17C,-6.20403723307792e-05,6.20403723307792e-05,377
RR3 FLT39→FLT40,PC1,ABTB2,-0.00018064383800423892,0.00018064383800423892,18
RR3 FLT39→FLT40,PC1,ACACB,-9.714750726824362e-05,9.714750726824362e-05,141
RR3 FLT39→FLT40,PC1,ACMSD,-7.516224852667199e-05,7.516224852667199e-05,250
RR3 FLT39→FLT40,PC1,ACSL3,-6.314487246800627e-05,6.314487246800627e-05,361
RR3 FLT39→FLT40,PC1,ACSS2,-8.629924749730815e-05,8.629924749730815e-05,189
RR3 FLT39→FLT40,PC1,ACTA1,0.00012742395377051495,0.00012742395377051495,65
RR3 FLT39→FLT40,PC1,ADCK5,-9.806457964233087e-05,9.806457964233087e-05,138
RR3 FLT39→FLT40,PC1,ADRA1B,-7.510415753651964e-05,7.510415753651964e-05,251
RR3 FLT39→FLT40,PC1,AHCTF1,-8.514216085021862e-05,8.514216085021862e-05,194
RR3 FLT39→FLT40,PC1,AIFM2,6.706273157394657e-05,6.706273157394657e-05,323
RR3 FLT39→FLT40,PC1,ALAS1,0.00022693202452879658,0.00022693202452879658,8
RR3 FLT39→FLT40,PC1,ALKBH7,-5.782647029867324e-05,5.782647029867324e-05,451
RR3 FLT39→FLT40,PC1,ALPL,6.507710067470035e-05,6.507710067470035e-05,345
RR3 FLT39→FLT40,PC1,ALS2CL,-6.917669757203164e-05,6.917669757203164e-05,301
RR3 FLT39→FLT40,PC1,AMPD2,-6.672667070604916e-05,6.672667070604916e-05,331
RR3 FLT39→FLT40,PC1,AMT,-5.695993054601189e-05,5.695993054601189e-05,472
RR3 FLT39→FLT40,PC1,ANGPTL4,0.00012053474437806072,0.00012053474437806072,74
RR3 FLT39→FLT40,PC1,ANGPTL8,-0.00015728238791544276,0.00015728238791544276,29
RR3 FLT39→FLT40,PC1,AP2A2,-6.0512101929107223e-05,6.0512101929107223e-05,398
RR3 FLT39→FLT40,PC1,AQP11,9.673033944286988e-05,9.673033944286988e-05,145
RR3 FLT39→FLT40,PC1,AQP8,-9.381475002008818e-05,9.381475002008818e-05,156
RR3 FLT39→FLT40,PC1,ARAP1,-5.66747084525548e-05,5.66747084525548e-05,476
RR3 FLT39→FLT40,PC1,ARHGAP29,-7.221407818305996e-05,7.221407818305996e-05,270
RR3 FLT39→FLT40,PC1,ARHGEF10L,-8.681719266583437e-05,8.681719266583437e-05,183
RR3 FLT39→FLT40,PC1,ARHGEF19,-0.0001145416008551063,0.0001145416008551063,96
RR3 FLT39→FLT40,PC1,ARHGEF26,0.00011576739804879894,0.00011576739804879894,91
RR3 FLT39→FLT40,PC1,ARHGEF37,-6.920024974564795e-05,6.920024974564795e-05,300
RR3 FLT39→FLT40,PC1,ARL4A,-0.0001047988614879627,0.0001047988614879627,124
RR3 FLT39→FLT40,PC1,ARL4D,9.34889322428876e-05,9.34889322428876e-05,159
RR3 FLT39→FLT40,PC1,ARRDC2,7.487554085233692e-05,7.487554085233692e-05,253
RR3 FLT39→FLT40,PC1,ARRDC3,-0.00016671886596277192,0.00016671886596277192,23
RR3 FLT39→FLT40,PC1,ARRDC4,-5.7381717880275765e-05,5.7381717880275765e-05,463
RR3 FLT39→FLT40,PC1,ASAP2,-8.46005406454051e-05,8.46005406454051e-05,198
RR3 FLT39→FLT40,PC1,ASB13,-5.5958970110182177e-05,5.5958970110182177e-05,492
RR3 FLT39→FLT40,PC1,ATF6B,-5.6219320968852745e-05,5.6219320968852745e-05,487
RR3 FLT39→FLT40,PC1,ATF7IP,-5.620181435633569e-05,5.620181435633569e-05,488
RR3 FLT39→FLT40,PC1,ATG101,-6.809065404754635e-05,6.809065404754635e-05,312
RR3 FLT39→FLT40,PC1,ATOH8,-8.051563658429969e-05,8.051563658429969e-05,211
RR3 FLT39→FLT40,PC1,ATP11A,-7.766232154923514e-05,7.766232154923514e-05,228
RR3 FLT39→FLT40,PC1,ATP2A1,0.00011075262514043772,0.00011075262514043772,106
RR3 FLT39→FLT40,PC1,ATP8B1,-7.526347902017699e-05,7.526347902017699e-05,249
RR3 FLT39→FLT40,PC1,ATXN1,-5.7293363359699996e-05,5.7293363359699996e-05,466
RR3 FLT39→FLT40,PC1,AVPR1A,-0.0001636682292597893,0.0001636682292597893,24
RR3 FLT39→FLT40,PC1,BAIAP2,-9.058802800939837e-05,9.058802800939837e-05,170
RR3 FLT39→FLT40,PC1,BCAR3,-0.0001128467406046554,0.0001128467406046554,99
RR3 FLT39→FLT40,PC1,BCL7C,-6.990345614923901e-05,6.990345614923901e-05,293
RR3 FLT39→FLT40,PC1,BCO2,-6.296519105367664e-05,6.296519105367664e-05,365
RR3 FLT39→FLT40,PC1,BCOR,-5.655012935605811e-05,5.655012935605811e-05,479
RR3 FLT39→FLT40,PC1,BRI3,6.523236763553378e-05,6.523236763553378e-05,344
RR3 FLT39→FLT40,PC1,BTG1,-0.00012021887200851378,0.00012021887200851378,75
RR3 FLT39→FLT40,PC1,CABLES1,-6.53582375411405e-05,6.53582375411405e-05,342
RR3 FLT39→FLT40,PC1,CAPN2,-6.898924140852043e-05,6.898924140852043e-05,302
RR3 FLT39→FLT40,PC1,CAPRIN1,-5.85682761067442e-05,5.85682761067442e-05,430
RR3 FLT39→FLT40,PC1,CARMIL1,-7.372281446285179e-05,7.372281446285179e-05,259
RR3 FLT39→FLT40,PC1,CASP3,-6.063982846965552e-05,6.063982846965552e-05,395
RR3 FLT39→FLT40,PC1,CBS,-6.81982759007563e-05,6.81982759007563e-05,311
RR3 FLT39→FLT40,PC1,CCN1,-7.68113021902044e-05,7.68113021902044e-05,237
RR3 FLT39→FLT40,PC1,CCN2,7.594837276990931e-05,7.594837276990931e-05,244
RR3 FLT39→FLT40,PC1,CCNB1IP1,7.36949200449969e-05,7.36949200449969e-05,260
RR3 FLT39→FLT40,PC1,CCND1,0.0001005412117571479,0.0001005412117571479,130
RR3 FLT39→FLT40,PC1,CCNG2,-6.68997155363601e-05,6.68997155363601e-05,326
RR3 FLT39→FLT40,PC1,CCNL2,-5.99877268584699e-05,5.99877268584699e-05,408
RR3 FLT39→FLT40,PC1,CDA,-0.00016317869611947827,0.00016317869611947827,25
RR3 FLT39→FLT40,PC1,CDK2AP2,-7.988070089013608e-05,7.988070089013608e-05,216
RR3 FLT39→FLT40,PC1,CEBPB,0.0001309101075034136,0.0001309101075034136,53
RR3 FLT39→FLT40,PC1,CELSR1,-9.555714518457815e-05,9.555714518457815e-05,151
RR3 FLT39→FLT40,PC1,CGN,-0.00010366410274498452,0.00010366410274498452,125
RR3 FLT39→FLT40,PC1,CHKA,-0.00032106882630476765,0.00032106882630476765,2
RR3 FLT39→FLT40,PC1,CIART,7.221365893560487e-05,7.221365893560487e-05,271
RR3 FLT39→FLT40,PC1,CIRBP,-9.362491840984226e-05,9.362491840984226e-05,157
RR3 FLT39→FLT40,PC1,CITED2,-7.106868464545036e-05,7.106868464545036e-05,282
RR3 FLT39→FLT40,PC1,CKM,9.686911456332349e-05,9.686911456332349e-05,143
RR3 FLT39→FLT40,PC1,CKS2,-8.628176623455012e-05,8.628176623455012e-05,190
RR3 FLT39→FLT40,PC1,CLDN1,-0.00017144992234418866,0.00017144992234418866,20
RR3 FLT39→FLT40,PC1,CLDN3,-6.019278133125395e-05,6.019278133125395e-05,406
RR3 FLT39→FLT40,PC1,CLOCK,-0.0001096033541085029,0.0001096033541085029,109
RR3 FLT39→FLT40,PC1,CLPX,-0.00011626648951452116,0.00011626648951452116,89
RR3 FLT39→FLT40,PC1,COQ10B,0.000280040290121981,0.000280040290121981,3
RR3 FLT39→FLT40,PC1,COQ8A,-0.00010603465259462429,0.00010603465259462429,120
RR3 FLT39→FLT40,PC1,CPEB2,-9.532925661786163e-05,9.532925661786163e-05,152
RR3 FLT39→FLT40,PC1,CPEB4,-8.951124871724102e-05,8.951124871724102e-05,176
RR3 FLT39→FLT40,PC1,CPSF1,-5.90480351944245e-05,5.90480351944245e-05,422
RR3 FLT39→FLT40,PC1,CRAT,-7.877879590552051e-05,7.877879590552051e-05,221
RR3 FLT39→FLT40,PC1,CRIP2,-0.00010654868753975951,0.00010654868753975951,117
RR3 FLT39→FLT40,PC1,CRY1,-6.201889963188251e-05,6.201889963188251e-05,379
RR3 FLT39→FLT40,PC1,CSAD,-7.763336532315433e-05,7.763336532315433e-05,229
RR3 FLT39→FLT40,PC1,CSRNP1,7.212208987264105e-05,7.212208987264105e-05,272
RR3 FLT39→FLT40,PC1,CUX2,6.246401661004117e-05,6.246401661004117e-05,370
RR3 FLT39→FLT40,PC1,CXXC5,-0.00012441856384055416,0.00012441856384055416,69
RR3 FLT39→FLT40,PC1,CYB5B,-6.681877770045251e-05,6.681877770045251e-05,328
RR3 FLT39→FLT40,PC1,CYP17A1,6.158702085680845e-05,6.158702085680845e-05,383
RR3 FLT39→FLT40,PC1,CYP51A1,-9.597252985373827e-05,9.597252985373827e-05,147
RR3 FLT39→FLT40,PC1,CYP7A1,0.00023876407255267592,0.00023876407255267592,6
RR3 FLT39→FLT40,PC1,CYTH1,7.007537874589197e-05,7.007537874589197e-05,290
RR3 FLT39→FLT40,PC1,DAPK1,-0.00011905580094232556,0.00011905580094232556,81
RR3 FLT39→FLT40,PC1,DBP,0.0004115014521569924,0.0004115014521569924,1
RR3 FLT39→FLT40,PC1,DCAF7,-5.5800736388697695e-05,5.5800736388697695e-05,496
RR3 FLT39→FLT40,PC1,DCLRE1A,6.394014483769871e-05,6.394014483769871e-05,352
RR3 FLT39→FLT40,PC1,DDAH1,-8.222067153566728e-05,8.222067153566728e-05,207
RR3 FLT39→FLT40,PC1,DDC,-9.357740603487962e-05,9.357740603487962e-05,158
RR3 FLT39→FLT40,PC1,DDIT4,6.873648804971306e-05,6.873648804971306e-05,307
RR3 FLT39→FLT40,PC1,DDX39B,-6.114238783626154e-05,6.114238783626154e-05,391
RR3 FLT39→FLT40,PC1,DENND4A,-5.59089781528441e-05,5.59089781528441e-05,495
RR3 FLT39→FLT40,PC1,DEPDC7,-7.174822824255024e-05,7.174822824255024e-05,273
RR3 FLT39→FLT40,PC1,DEPP1,-0.00019580181141678067,0.00019580181141678067,14
RR3 FLT39→FLT40,PC1,DEXI,-6.306877235444253e-05,6.306877235444253e-05,363
RR3 FLT39→FLT40,PC1,DHCR7,-9.914382231910079e-05,9.914382231910079e-05,132
RR3 FLT39→FLT40,PC1,DHRS3,-5.787484910090732e-05,5.787484910090732e-05,448
RR3 FLT39→FLT40,PC1,DIO1,7.463361130653919e-05,7.463361130653919e-05,254
RR3 FLT39→FLT40,PC1,DLC1,-8.964173353517289e-05,8.964173353517289e-05,174
RR3 FLT39→FLT40,PC1,DNA2,-5.8275420984437665e-05,5.8275420984437665e-05,435
RR3 FLT39→FLT40,PC1,DNAJB1,7.12936971740703e-05,7.12936971740703e-05,279
RR3 FLT39→FLT40,PC1,DNM1L,-5.963957729408923e-05,5.963957729408923e-05,410
RR3 FLT39→FLT40,PC1,DPP9,-9.832768158155278e-05,9.832768158155278e-05,135
RR3 FLT39→FLT40,PC1,DRG2,-5.5662611115510596e-05,5.5662611115510596e-05,500
RR3 FLT39→FLT40,PC1,DSP,-8.642344841871954e-05,8.642344841871954e-05,188
RR3 FLT39→FLT40,PC1,DTX4,-0.00012995810015505255,0.00012995810015505255,55
RR3 FLT39→FLT40,PC1,DYNLL2,-6.458857205628418e-05,6.458857205628418e-05,348
RR3 FLT39→FLT40,PC1,EARS2,-5.8266194008919485e-05,5.8266194008919485e-05,436
RR3 FLT39→FLT40,PC1,ECHDC1,-6.029991738435627e-05,6.029991738435627e-05,403
RR3 FLT39→FLT40,PC1,EFHD2,0.00011148476873322162,0.00011148476873322162,104
RR3 FLT39→FLT40,PC1,EFNA1,-0.00023207028060718725,0.00023207028060718725,7
RR3 FLT39→FLT40,PC1,EFNB1,-6.925155305220118e-05,6.925155305220118e-05,298
RR3 FLT39→FLT40,PC1,ELP2,-5.75469494338225e-05,5.75469494338225e-05,456
RR3 FLT39→FLT40,PC1,ELP4,-6.649507077489833e-05,6.649507077489833e-05,334
RR3 FLT39→FLT40,PC1,ENHO,-6.803976281132977e-05,6.803976281132977e-05,313
RR3 FLT39→FLT40,PC1,EPHA2,-5.746425361376476e-05,5.746425361376476e-05,459
RR3 FLT39→FLT40,PC1,EPM2AIP1,-5.811006941632104e-05,5.811006941632104e-05,444
RR3 FLT39→FLT40,PC1,EPS8L2,-0.00013503975638058573,0.00013503975638058573,50
RR3 FLT39→FLT40,PC1,ERBB3,-7.996014440162239e-05,7.996014440162239e-05,215
RR3 FLT39→FLT40,PC1,ESRP2,-7.066427763501785e-05,7.066427763501785e-05,286
RR3 FLT39→FLT40,PC1,ETFBKMT,9.307381167166346e-05,9.307381167166346e-05,161
RR3 FLT39→FLT40,PC1,ETHE1,-0.00011500062367853224,0.00011500062367853224,93
RR3 FLT39→FLT40,PC1,EVI5,-5.6994822881867684e-05,5.6994822881867684e-05,471
RR3 FLT39→FLT40,PC1,EXPH5,-6.864234431770992e-05,6.864234431770992e-05,308
RR3 FLT39→FLT40,PC1,FABP5,-9.571813617992935e-05,9.571813617992935e-05,149
RR3 FLT39→FLT40,PC1,FAHD1,-5.9351786151888876e-05,5.9351786151888876e-05,417
RR3 FLT39→FLT40,PC1,FAM13A,-7.307932146362239e-05,7.307932146362239e-05,266
RR3 FLT39→FLT40,PC1,FAM149A,-7.661797933383564e-05,7.661797933383564e-05,238
RR3 FLT39→FLT40,PC1,FAM210B,-8.400112434690162e-05,8.400112434690162e-05,202
RR3 FLT39→FLT40,PC1,FAM47E,0.00013943723383007375,0.00013943723383007375,48
RR3 FLT39→FLT40,PC1,FAM89A,-0.000134682631420748,0.000134682631420748,51
RR3 FLT39→FLT40,PC1,FASN,-6.99599215838186e-05,6.99599215838186e-05,292
RR3 FLT39→FLT40,PC1,FBXO6,-8.794514379479484e-05,8.794514379479484e-05,180
RR3 FLT39→FLT40,PC1,FDPS,-0.00010360825535938707,0.00010360825535938707,126
RR3 FLT39→FLT40,PC1,FERMT2,-6.940651945446834e-05,6.940651945446834e-05,297
RR3 FLT39→FLT40,PC1,FKBP11,6.757893563671482e-05,6.757893563671482e-05,316
RR3 FLT39→FLT40,PC1,FKBP5,0.00012210846655542204,0.00012210846655542204,71
RR3 FLT39→FLT40,PC1,FLNB,6.11320669478742e-05,6.11320669478742e-05,392
RR3 FLT39→FLT40,PC1,FMO2,5.961118023086242e-05,5.961118023086242e-05,411
RR3 FLT39→FLT40,PC1,FOXA2,-0.00011014851527840118,0.00011014851527840118,108
RR3 FLT39→FLT40,PC1,FPGS,-7.151593036620866e-05,7.151593036620866e-05,276
RR3 FLT39→FLT40,PC1,FZD7,-7.419078089566332e-05,7.419078089566332e-05,255
RR3 FLT39→FLT40,PC1,GADD45G,0.00013308056601800375,0.00013308056601800375,52
RR3 FLT39→FLT40,PC1,GALE,-0.00021816907014351276,0.00021816907014351276,11
RR3 FLT39→FLT40,PC1,GALT,-9.276041538885038e-05,9.276041538885038e-05,162
RR3 FLT39→FLT40,PC1,GASK1A,-0.00011961476531067972,0.00011961476531067972,78
RR3 FLT39→FLT40,PC1,GATA4,-5.8936007833449655e-05,5.8936007833449655e-05,424
RR3 FLT39→FLT40,PC1,GCK,-0.00011371445169671934,0.00011371445169671934,97
RR3 FLT39→FLT40,PC1,GDE1,6.21173801218588e-05,6.21173801218588e-05,375
RR3 FLT39→FLT40,PC1,GDF15,-0.00011174128037183542,0.00011174128037183542,103
RR3 FLT39→FLT40,PC1,GGT6,-5.8253004707820084e-05,5.8253004707820084e-05,437
RR3 FLT39→FLT40,PC1,GLDC,-9.219050940595782e-05,9.219050940595782e-05,164
RR3 FLT39→FLT40,PC1,GMNN,5.766785387465759e-05,5.766785387465759e-05,454
RR3 FLT39→FLT40,PC1,GMPPA,-5.7918226020818425e-05,5.7918226020818425e-05,447
RR3 FLT39→FLT40,PC1,GPAM,-5.8336052442612764e-05,5.8336052442612764e-05,434
RR3 FLT39→FLT40,PC1,GPCPD1,0.00010149683263839048,0.00010149683263839048,128
RR3 FLT39→FLT40,PC1,GPSM2,-6.892139515369183e-05,6.892139515369183e-05,304
RR3 FLT39→FLT40,PC1,GRB14,-7.622161721605226e-05,7.622161721605226e-05,241
RR3 FLT39→FLT40,PC1,GRB7,-0.00011729814506124434,0.00011729814506124434,86
RR3 FLT39→FLT40,PC1,GSTM2,-5.9997038587203e-05,5.9997038587203e-05,407
RR3 FLT39→FLT40,PC1,GSTM4,-5.814067465712958e-05,5.814067465712958e-05,442
RR3 FLT39→FLT40,PC1,GTF2IRD1,-7.082028855256555e-05,7.082028855256555e-05,284
RR3 FLT39→FLT40,PC1,GYS2,6.656569748663545e-05,6.656569748663545e-05,333
RR3 FLT39→FLT40,PC1,H1-2,-6.677352014329799e-05,6.677352014329799e-05,330
RR3 FLT39→FLT40,PC1,H1-4,-8.473008917856793e-05,8.473008917856793e-05,197
RR3 FLT39→FLT40,PC1,HCFC1,-5.5772048041757415e-05,5.5772048041757415e-05,497
RR3 FLT39→FLT40,PC1,HDAC5,-6.693679069194743e-05,6.693679069194743e-05,325
RR3 FLT39→FLT40,PC1,HELZ2,-5.823218332210188e-05,5.823218332210188e-05,438
RR3 FLT39→FLT40,PC1,HERPUD1,5.783567782016296e-05,5.783567782016296e-05,450
RR3 FLT39→FLT40,PC1,HES1,-0.00015455464638411732,0.00015455464638411732,35
RR3 FLT39→FLT40,PC1,HJV,-0.0001436036688269069,0.0001436036688269069,44
RR3 FLT39→FLT40,PC1,HMGCR,6.047328931567081e-05,6.047328931567081e-05,400
RR3 FLT39→FLT40,PC1,HMGCS1,-0.0001175248901029348,0.0001175248901029348,85
RR3 FLT39→FLT40,PC1,HNF1A,-7.381256701446863e-05,7.381256701446863e-05,258
RR3 FLT39→FLT40,PC1,HNF1B,-5.75339253158646e-05,5.75339253158646e-05,457
RR3 FLT39→FLT40,PC1,HNRNPU,-5.7873703849272586e-05,5.7873703849272586e-05,449
RR3 FLT39→FLT40,PC1,HSF2,-5.9227854385837565e-05,5.9227854385837565e-05,420
RR3 FLT39→FLT40,PC1,HSPH1,8.296041641130136e-05,8.296041641130136e-05,204
RR3 FLT39→FLT40,PC1,HYOU1,-6.0535702315059654e-05,6.0535702315059654e-05,397
RR3 FLT39→FLT40,PC1,ID2,-9.064024907111581e-05,9.064024907111581e-05,169
RR3 FLT39→FLT40,PC1,ID3,-0.00012938675744898333,0.00012938675744898333,57
RR3 FLT39→FLT40,PC1,IDI1,-0.00011991161126450731,0.00011991161126450731,76
RR3 FLT39→FLT40,PC1,IGFBP1,-5.7074336356370724e-05,5.7074336356370724e-05,470
RR3 FLT39→FLT40,PC1,IKBKE,-6.131843492341304e-05,6.131843492341304e-05,388
RR3 FLT39→FLT40,PC1,IL4R,-7.488712925614267e-05,7.488712925614267e-05,252
RR3 FLT39→FLT40,PC1,IL6R,6.896265369443137e-05,6.896265369443137e-05,303
RR3 FLT39→FLT40,PC1,ING4,-6.66898734378097e-05,6.66898734378097e-05,332
RR3 FLT39→FLT40,PC1,INHBC,-5.865669225828069e-05,5.865669225828069e-05,429
RR3 FLT39→FLT40,PC1,INSC,-0.0001435106164234852,0.0001435106164234852,45
RR3 FLT39→FLT40,PC1,INSIG1,-8.75406926053453e-05,8.75406926053453e-05,182
RR3 FLT39→FLT40,PC1,INSIG2,-8.422238663474269e-05,8.422238663474269e-05,200
RR3 FLT39→FLT40,PC1,IPMK,-5.906302882208893e-05,5.906302882208893e-05,421
RR3 FLT39→FLT40,PC1,IRF1,-6.968303713375891e-05,6.968303713375891e-05,296
RR3 FLT39→FLT40,PC1,IRF2BP2,-6.170497506543313e-05,6.170497506543313e-05,382
RR3 FLT39→FLT40,PC1,IRF6,-0.00014020098734589094,0.00014020098734589094,47
RR3 FLT39→FLT40,PC1,IRS2,-0.0001255762969701763,0.0001255762969701763,67
RR3 FLT39→FLT40,PC1,ITGA5,-8.963669281948603e-05,8.963669281948603e-05,175
RR3 FLT39→FLT40,PC1,ITPK1,-5.93475709382067e-05,5.93475709382067e-05,418
RR3 FLT39→FLT40,PC1,JMJD1C,-6.491435203055745e-05,6.491435203055745e-05,346
RR3 FLT39→FLT40,PC1,JUNB,-6.20695455134515e-05,6.20695455134515e-05,376
RR3 FLT39→FLT40,PC1,JUND,-5.746366896457305e-05,5.746366896457305e-05,460
RR3 FLT39→FLT40,PC1,KANK1,-0.00012806879841810638,0.00012806879841810638,62
RR3 FLT39→FLT40,PC1,KAT5,-6.247502285656991e-05,6.247502285656991e-05,369
RR3 FLT39→FLT40,PC1,KCNK5,0.00015216532018608064,0.00015216532018608064,36
RR3 FLT39→FLT40,PC1,KDM4A,-6.13152021211917e-05,6.13152021211917e-05,389
RR3 FLT39→FLT40,PC1,KHNYN,-0.0001486884951078186,0.0001486884951078186,40
RR3 FLT39→FLT40,PC1,KIF13B,-5.940959336797191e-05,5.940959336797191e-05,416
RR3 FLT39→FLT40,PC1,KIFC3,-5.774124401562285e-05,5.774124401562285e-05,453
RR3 FLT39→FLT40,PC1,KLF12,-8.397830189955158e-05,8.397830189955158e-05,203
RR3 FLT39→FLT40,PC1,KLF13,9.79937300622987e-05,9.79937300622987e-05,139
RR3 FLT39→FLT40,PC1,KLHL21,7.579145940327073e-05,7.579145940327073e-05,247
RR3 FLT39→FLT40,PC1,KYAT1,-6.987581623888947e-05,6.987581623888947e-05,294
RR3 FLT39→FLT40,PC1,KYNU,-5.814761149310475e-05,5.814761149310475e-05,441
RR3 FLT39→FLT40,PC1,LARP1,-6.242748601940158e-05,6.242748601940158e-05,371
RR3 FLT39→FLT40,PC1,LASP1,-9.529718759485596e-05,9.529718759485596e-05,153
RR3 FLT39→FLT40,PC1,LCN2,8.589396627550706e-05,8.589396627550706e-05,191
RR3 FLT39→FLT40,PC1,LENG8,-6.61017883412697e-05,6.61017883412697e-05,336
RR3 FLT39→FLT40,PC1,LEO1,-9.479099735671934e-05,9.479099735671934e-05,155
RR3 FLT39→FLT40,PC1,LHPP,6.202113924649818e-05,6.202113924649818e-05,378
RR3 FLT39→FLT40,PC1,LIPG,0.00018365704926817886,0.00018365704926817886,16
RR3 FLT39→FLT40,PC1,LITAF,-6.354798461879842e-05,6.354798461879842e-05,355
RR3 FLT39→FLT40,PC1,LLGL2,-8.979205212670597e-05,8.979205212670597e-05,173
RR3 FLT39→FLT40,PC1,LNX2,-8.990593248952829e-05,8.990593248952829e-05,172
RR3 FLT39→FLT40,PC1,LPIN1,0.0001285846497672179,0.0001285846497672179,59
RR3 FLT39→FLT40,PC1,LRP4,7.710750638421109e-05,7.710750638421109e-05,235
RR3 FLT39→FLT40,PC1,LRP5,-5.84308095746963e-05,5.84308095746963e-05,432
RR3 FLT39→FLT40,PC1,LRRC8D,-6.880785594132064e-05,6.880785594132064e-05,305
RR3 FLT39→FLT40,PC1,LSS,-8.53970271703618e-05,8.53970271703618e-05,193
RR3 FLT39→FLT40,PC1,LUC7L2,-5.640594265560527e-05,5.640594265560527e-05,481
RR3 FLT39→FLT40,PC1,LYPLA2,-5.813661389485763e-05,5.813661389485763e-05,443
RR3 FLT39→FLT40,PC1,MAD2L2,-0.00010643667648419038,0.00010643667648419038,118
RR3 FLT39→FLT40,PC1,MAFB,0.00024605555757693483,0.00024605555757693483,5
RR3 FLT39→FLT40,PC1,MAFF,7.08033134116946e-05,7.08033134116946e-05,285
RR3 FLT39→FLT40,PC1,MAGIX,-9.911460085463958e-05,9.911460085463958e-05,133
RR3 FLT39→FLT40,PC1,MAL2,-7.689460662398284e-05,7.689460662398284e-05,236
RR3 FLT39→FLT40,PC1,MANF,-6.975723254325917e-05,6.975723254325917e-05,295
RR3 FLT39→FLT40,PC1,MARS1,-6.142462328534875e-05,6.142462328534875e-05,385
RR3 FLT39→FLT40,PC1,MARVELD1,7.036405830753529e-05,7.036405830753529e-05,289
RR3 FLT39→FLT40,PC1,MBD1,7.064889048823932e-05,7.064889048823932e-05,287
RR3 FLT39→FLT40,PC1,MCC,-5.576258735928916e-05,5.576258735928916e-05,498
RR3 FLT39→FLT40,PC1,MCM10,9.607342365563375e-05,9.607342365563375e-05,146
RR3 FLT39→FLT40,PC1,MCU,-0.00012206027529522861,0.00012206027529522861,72
RR3 FLT39→FLT40,PC1,MFSD2A,0.00021313545483258702,0.00021313545483258702,12
RR3 FLT39→FLT40,PC1,MICAL2,-8.808477170998983e-05,8.808477170998983e-05,179
RR3 FLT39→FLT40,PC1,MID1IP1,-9.677261123323959e-05,9.677261123323959e-05,144
RR3 FLT39→FLT40,PC1,MIF4GD,-5.7302852731688105e-05,5.7302852731688105e-05,465
RR3 FLT39→FLT40,PC1,MKNK2,7.226090194007241e-05,7.226090194007241e-05,269
RR3 FLT39→FLT40,PC1,MLXIPL,-9.051595629344697e-05,9.051595629344697e-05,171
RR3 FLT39→FLT40,PC1,MMAB,-6.156991984279912e-05,6.156991984279912e-05,384
RR3 FLT39→FLT40,PC1,MN1,-5.600270545694989e-05,5.600270545694989e-05,490
RR3 FLT39→FLT40,PC1,MOCOS,-7.871310457295612e-05,7.871310457295612e-05,222
RR3 FLT39→FLT40,PC1,MREG,-0.00014942945750576946,0.00014942945750576946,39
RR3 FLT39→FLT40,PC1,MRNIP,-0.00011043389677452271,0.00011043389677452271,107
RR3 FLT39→FLT40,PC1,MSMO1,-7.123428673181821e-05,7.123428673181821e-05,280
RR3 FLT39→FLT40,PC1,MT1X,0.00027317176645452604,0.00027317176645452604,4
RR3 FLT39→FLT40,PC1,MTHFR,-8.045331852142626e-05,8.045331852142626e-05,212
RR3 FLT39→FLT40,PC1,MTMR4,-8.029449356166983e-05,8.029449356166983e-05,213
RR3 FLT39→FLT40,PC1,MTUS1,-5.9239534963112525e-05,5.9239534963112525e-05,419
RR3 FLT39→FLT40,PC1,MVD,-0.00011516075132812824,0.00011516075132812824,92
RR3 FLT39→FLT40,PC1,MVK,-5.744311296152832e-05,5.744311296152832e-05,462
RR3 FLT39→FLT40,PC1,MYL1,5.9561145031596536e-05,5.9561145031596536e-05,412
RR3 FLT39→FLT40,PC1,NAGS,-5.7790790233336206e-05,5.7790790233336206e-05,452
RR3 FLT39→FLT40,PC1,NAMPT,0.0001171189502138657,0.0001171189502138657,87
RR3 FLT39→FLT40,PC1,NARF,6.722655798974388e-05,6.722655798974388e-05,320
RR3 FLT39→FLT40,PC1,NAV2,-6.679161183501141e-05,6.679161183501141e-05,329
RR3 FLT39→FLT40,PC1,NDRG1,-0.00011941025805773552,0.00011941025805773552,80
RR3 FLT39→FLT40,PC1,NECAB1,-5.759586517420679e-05,5.759586517420679e-05,455
RR3 FLT39→FLT40,PC1,NECTIN1,-0.00011462606848578811,0.00011462606848578811,95
RR3 FLT39→FLT40,PC1,NEDD4L,-0.00010825069994681718,0.00010825069994681718,113
RR3 FLT39→FLT40,PC1,NEK6,-6.287223158781624e-05,6.287223158781624e-05,367
RR3 FLT39→FLT40,PC1,NET1,-0.0001480840415560404,0.0001480840415560404,42
RR3 FLT39→FLT40,PC1,NFIL3,-0.00018030128348638758,0.00018030128348638758,19
RR3 FLT39→FLT40,PC1,NFKBIA,8.676275005415676e-05,8.676275005415676e-05,184
RR3 FLT39→FLT40,PC1,NLRP6,-6.411025976695828e-05,6.411025976695828e-05,351
RR3 FLT39→FLT40,PC1,NMRK1,0.00014956178092285737,0.00014956178092285737,38
RR3 FLT39→FLT40,PC1,NNMT,0.00010915044977526046,0.00010915044977526046,111
RR3 FLT39→FLT40,PC1,NOCT,0.00015569714043428022,0.00015569714043428022,33
RR3 FLT39→FLT40,PC1,NOTCH1,-5.592451227604289e-05,5.592451227604289e-05,494
RR3 FLT39→FLT40,PC1,NR1D1,-9.761984913566283e-05,9.761984913566283e-05,140
RR3 FLT39→FLT40,PC1,NR1D2,0.0001622705049048035,0.0001622705049048035,26
RR3 FLT39→FLT40,PC1,NR2C2AP,-6.730068494348803e-05,6.730068494348803e-05,319
RR3 FLT39→FLT40,PC1,NR4A1,-7.607614523437858e-05,7.607614523437858e-05,243
RR3 FLT39→FLT40,PC1,NRG4,0.000130687835810951,0.000130687835810951,54
RR3 FLT39→FLT40,PC1,NSDHL,-9.820350766139351e-05,9.820350766139351e-05,136
RR3 FLT39→FLT40,PC1,NUAK2,-6.754273831679492e-05,6.754273831679492e-05,317
RR3 FLT39→FLT40,PC1,OCLN,-8.866333858673362e-05,8.866333858673362e-05,178
RR3 FLT39→FLT40,PC1,OSER1,-6.214646433682498e-05,6.214646433682498e-05,373
RR3 FLT39→FLT40,PC1,OSGIN1,-0.00022654948865340915,0.00022654948865340915,9
RR3 FLT39→FLT40,PC1,P2RY1,5.8008166150023574e-05,5.8008166150023574e-05,446
RR3 FLT39→FLT40,PC1,PABPN1,-6.328839804498554e-05,6.328839804498554e-05,358
RR3 FLT39→FLT40,PC1,PALLD,-8.478355347864999e-05,8.478355347864999e-05,196
RR3 FLT39→FLT40,PC1,PAXX,-0.0001559270873010778,0.0001559270873010778,31
RR3 FLT39→FLT40,PC1,PCDH1,-7.584999912051335e-05,7.584999912051335e-05,245
RR3 FLT39→FLT40,PC1,PCSK4,6.027278633349832e-05,6.027278633349832e-05,404
RR3 FLT39→FLT40,PC1,PCSK9,-6.837712866126522e-05,6.837712866126522e-05,310
RR3 FLT39→FLT40,PC1,PDCD4,-6.717051300890811e-05,6.717051300890811e-05,322
RR3 FLT39→FLT40,PC1,PDE4B,-9.321824919731965e-05,9.321824919731965e-05,160
RR3 FLT39→FLT40,PC1,PDE9A,-0.00012855607338479392,0.00012855607338479392,60
RR3 FLT39→FLT40,PC1,PDGFC,-9.198149739477778e-05,9.198149739477778e-05,165
RR3 FLT39→FLT40,PC1,PDK4,-0.00012290581110822765,0.00012290581110822765,70
RR3 FLT39→FLT40,PC1,PDLIM1,-5.7461495628288435e-05,5.7461495628288435e-05,461
RR3 FLT39→FLT40,PC1,PER1,0.00011176803321169349,0.00011176803321169349,102
RR3 FLT39→FLT40,PC1,PER2,7.331167016247519e-05,7.331167016247519e-05,263
RR3 FLT39→FLT40,PC1,PER3,0.00014862304909029651,0.00014862304909029651,41
RR3 FLT39→FLT40,PC1,PEX11A,5.848929313658207e-05,5.848929313658207e-05,431
RR3 FLT39→FLT40,PC1,PFKFB3,7.526866504506928e-05,7.526866504506928e-05,248
RR3 FLT39→FLT40,PC1,PHLDA1,-8.249345632922052e-05,8.249345632922052e-05,206
RR3 FLT39→FLT40,PC1,PI4K2A,-6.598513604731652e-05,6.598513604731652e-05,337
RR3 FLT39→FLT40,PC1,PID1,-0.00010799349329055063,0.00010799349329055063,114
RR3 FLT39→FLT40,PC1,PIM3,0.00017103726549167224,0.00017103726549167224,21
RR3 FLT39→FLT40,PC1,PITPNB,-5.970394482676316e-05,5.970394482676316e-05,409
RR3 FLT39→FLT40,PC1,PKP2,-7.896841054071581e-05,7.896841054071581e-05,219
RR3 FLT39→FLT40,PC1,PLIN5,6.290879006410194e-05,6.290879006410194e-05,366
RR3 FLT39→FLT40,PC1,PLK2,-8.295477510113234e-05,8.295477510113234e-05,205
RR3 FLT39→FLT40,PC1,PLK3,8.11720757177082e-05,8.11720757177082e-05,209
RR3 FLT39→FLT40,PC1,PLS3,-6.311358714915215e-05,6.311358714915215e-05,362
RR3 FLT39→FLT40,PC1,PLXNA2,-6.718856424298654e-05,6.718856424298654e-05,321
RR3 FLT39→FLT40,PC1,PNKD,-8.783296130291524e-05,8.783296130291524e-05,181
RR3 FLT39→FLT40,PC1,PNKP,-7.385276998545167e-05,7.385276998545167e-05,257
RR3 FLT39→FLT40,PC1,PNRC1,-0.0001548283262034363,0.0001548283262034363,34
RR3 FLT39→FLT40,PC1,PNRC2,-7.81248232994874e-05,7.81248232994874e-05,225
RR3 FLT39→FLT40,PC1,POLD2,-6.123792705880742e-05,6.123792705880742e-05,390
RR3 FLT39→FLT40,PC1,POR,0.00011362869416061426,0.00011362869416061426,98
RR3 FLT39→FLT40,PC1,PPFIBP2,-6.173780365352508e-05,6.173780365352508e-05,381
RR3 FLT39→FLT40,PC1,PPP1R10,0.00010873615993956812,0.00010873615993956812,112
RR3 FLT39→FLT40,PC1,PPP1R3C,-0.00020007988066584402,0.00020007988066584402,13
RR3 FLT39→FLT40,PC1,PPTC7,0.00011598254584634837,0.00011598254584634837,90
RR3 FLT39→FLT40,PC1,PRKACA,-6.0992342177837946e-05,6.0992342177837946e-05,393
RR3 FLT39→FLT40,PC1,PSEN2,-7.733097518040432e-05,7.733097518040432e-05,230
RR3 FLT39→FLT40,PC1,PSMB9,5.6317508859687246e-05,5.6317508859687246e-05,485
RR3 FLT39→FLT40,PC1,PTER,-8.446509693429433e-05,8.446509693429433e-05,199
RR3 FLT39→FLT40,PC1,PTPN9,-6.442271149229526e-05,6.442271149229526e-05,349
RR3 FLT39→FLT40,PC1,PTPRK,-5.6553820672237475e-05,5.6553820672237475e-05,478
RR3 FLT39→FLT40,PC1,PVALB,0.00012874240056805997,0.00012874240056805997,58
RR3 FLT39→FLT40,PC1,PXDC1,-9.922133843145054e-05,9.922133843145054e-05,131
RR3 FLT39→FLT40,PC1,RAI14,-7.726064776432299e-05,7.726064776432299e-05,232
RR3 FLT39→FLT40,PC1,RANBP10,-7.140598402989625e-05,7.140598402989625e-05,277
RR3 FLT39→FLT40,PC1,RASGEF1B,7.408681759038643e-05,7.408681759038643e-05,256
RR3 FLT39→FLT40,PC1,RBBP9,-5.814813681168986e-05,5.814813681168986e-05,440
RR3 FLT39→FLT40,PC1,RBPMS,-6.299013592813201e-05,6.299013592813201e-05,364
RR3 FLT39→FLT40,PC1,RCAN1,6.689169990492753e-05,6.689169990492753e-05,327
RR3 FLT39→FLT40,PC1,RDH11,-8.58797506264401e-05,8.58797506264401e-05,192
RR3 FLT39→FLT40,PC1,REPIN1,-7.817222528008217e-05,7.817222528008217e-05,224
RR3 FLT39→FLT40,PC1,RGL3,-6.569503400248603e-05,6.569503400248603e-05,340
RR3 FLT39→FLT40,PC1,RGS16,9.855906739365445e-05,9.855906739365445e-05,134
RR3 FLT39→FLT40,PC1,RHOD,-9.707995382823738e-05,9.707995382823738e-05,142
RR3 FLT39→FLT40,PC1,RHOU,-0.00011130865921485875,0.00011130865921485875,105
RR3 FLT39→FLT40,PC1,RHPN2,-8.651761036052998e-05,8.651761036052998e-05,187
RR3 FLT39→FLT40,PC1,RILP,-6.045008873693096e-05,6.045008873693096e-05,401
RR3 FLT39→FLT40,PC1,RMND5B,-5.834911605489172e-05,5.834911605489172e-05,433
RR3 FLT39→FLT40,PC1,RND1,-0.0001056306918070232,0.0001056306918070232,121
RR3 FLT39→FLT40,PC1,RNF103,-6.367862517963981e-05,6.367862517963981e-05,354
RR3 FLT39→FLT40,PC1,RNF125,-0.0001903182726606192,0.0001903182726606192,15
RR3 FLT39→FLT40,PC1,RNF144B,-7.770142531989292e-05,7.770142531989292e-05,227
RR3 FLT39→FLT40,PC1,RNF186,-0.00012943840754573756,0.00012943840754573756,56
RR3 FLT39→FLT40,PC1,RPP25L,-5.725127209083778e-05,5.725127209083778e-05,468
RR3 FLT39→FLT40,PC1,RTN4RL1,-5.6445792605688547e-05,5.6445792605688547e-05,480
RR3 FLT39→FLT40,PC1,S1PR1,-8.114710977145319e-05,8.114710977145319e-05,210
RR3 FLT39→FLT40,PC1,SAT2,-5.807596067074486e-05,5.807596067074486e-05,445
RR3 FLT39→FLT40,PC1,SBK1,6.435041351645367e-05,6.435041351645367e-05,350
RR3 FLT39→FLT40,PC1,SC5D,-7.71993454912817e-05,7.71993454912817e-05,233
RR3 FLT39→FLT40,PC1,SCFD1,-5.7498668456168196e-05,5.7498668456168196e-05,458
RR3 FLT39→FLT40,PC1,SCLY,-6.472829220176698e-05,6.472829220176698e-05,347
RR3 FLT39→FLT40,PC1,SCO2,-7.16492520128815e-05,7.16492520128815e-05,275
RR3 FLT39→FLT40,PC1,SDF2L1,-8.00085595333976e-05,8.00085595333976e-05,214
RR3 FLT39→FLT40,PC1,SDR9C7,-7.922966631730134e-05,7.922966631730134e-05,218
RR3 FLT39→FLT40,PC1,SELENOI,-0.00010057005208047282,0.00010057005208047282,129
RR3 FLT39→FLT40,PC1,SEMA4A,-5.60176651856957e-05,5.60176651856957e-05,489
RR3 FLT39→FLT40,PC1,SEPTIN9,-9.242879028775638e-05,9.242879028775638e-05,163
RR3 FLT39→FLT40,PC1,SESN3,-7.334632968031104e-05,7.334632968031104e-05,262
RR3 FLT39→FLT40,PC1,SETD4,8.921353801105418e-05,8.921353801105418e-05,177
RR3 FLT39→FLT40,PC1,SGK1,6.13736319033029e-05,6.13736319033029e-05,387
RR3 FLT39→FLT40,PC1,SGK2,-0.00011956960589658417,0.00011956960589658417,79
RR3 FLT39→FLT40,PC1,SGPL1,-8.404597111258207e-05,8.404597111258207e-05,201
RR3 FLT39→FLT40,PC1,SH3BP5,-6.874382663444213e-05,6.874382663444213e-05,306
RR3 FLT39→FLT40,PC1,SHANK2,-7.580600299650892e-05,7.580600299650892e-05,246
RR3 FLT39→FLT40,PC1,SHFL,-0.00011837744671169541,0.00011837744671169541,82
RR3 FLT39→FLT40,PC1,SHROOM1,-7.651495022286904e-05,7.651495022286904e-05,239
RR3 FLT39→FLT40,PC1,SHROOM2,-5.9466733227759436e-05,5.9466733227759436e-05,414
RR3 FLT39→FLT40,PC1,SIGMAR1,-0.00010764582255471903,0.00010764582255471903,115
RR3 FLT39→FLT40,PC1,SIK1,7.117097938767518e-05,7.117097938767518e-05,281
RR3 FLT39→FLT40,PC1,SIPA1L1,-6.0263915912902964e-05,6.0263915912902964e-05,405
RR3 FLT39→FLT40,PC1,SKI,-5.66353571220751e-05,5.66353571220751e-05,477
RR3 FLT39→FLT40,PC1,SLC11A2,-6.845595942977857e-05,6.845595942977857e-05,309
RR3 FLT39→FLT40,PC1,SLC16A1,-0.00012851111161607206,0.00012851111161607206,61
RR3 FLT39→FLT40,PC1,SLC17A4,-6.701150368559542e-05,6.701150368559542e-05,324
RR3 FLT39→FLT40,PC1,SLC19A2,-6.088708028502494e-05,6.088708028502494e-05,394
RR3 FLT39→FLT40,PC1,SLC1A2,6.222423858305959e-05,6.222423858305959e-05,372
RR3 FLT39→FLT40,PC1,SLC1A4,-5.640434059221941e-05,5.640434059221941e-05,482
RR3 FLT39→FLT40,PC1,SLC20A1,0.00010752422119865848,0.00010752422119865848,116
RR3 FLT39→FLT40,PC1,SLC30A10,-0.0001558351122253048,0.0001558351122253048,32
RR3 FLT39→FLT40,PC1,SLC35B1,-6.213955558464255e-05,6.213955558464255e-05,374
RR3 FLT39→FLT40,PC1,SLC35G1,0.00012762269483408852,0.00012762269483408852,64
RR3 FLT39→FLT40,PC1,SLC37A4,7.35798577725955e-05,7.35798577725955e-05,261
RR3 FLT39→FLT40,PC1,SLC38A2,9.582400183510461e-05,9.582400183510461e-05,148
RR3 FLT39→FLT40,PC1,SLC41A2,-8.665978493166333e-05,8.665978493166333e-05,186
RR3 FLT39→FLT40,PC1,SLC44A1,-5.874981903829073e-05,5.874981903829073e-05,426
RR3 FLT39→FLT40,PC1,SLC45A3,-0.00014316067834802427,0.00014316067834802427,46
RR3 FLT39→FLT40,PC1,SLC5A6,0.0001177801965193532,0.0001177801965193532,83
RR3 FLT39→FLT40,PC1,SLC66A1,-6.571667930445042e-05,6.571667930445042e-05,339
RR3 FLT39→FLT40,PC1,SLC6A6,-5.631784637130689e-05,5.631784637130689e-05,484
RR3 FLT39→FLT40,PC1,SLC7A2,5.6848935493084e-05,5.6848935493084e-05,475
RR3 FLT39→FLT40,PC1,SMAGP,-0.00010499237691162366,0.00010499237691162366,123
RR3 FLT39→FLT40,PC1,SNRPA,-5.7192783227816964e-05,5.7192783227816964e-05,469
RR3 FLT39→FLT40,PC1,SNX10,7.249387001424263e-05,7.249387001424263e-05,268
RR3 FLT39→FLT40,PC1,SNX24,-6.633750580111163e-05,6.633750580111163e-05,335
RR3 FLT39→FLT40,PC1,SOCS2,-5.6876132857723055e-05,5.6876132857723055e-05,474
RR3 FLT39→FLT40,PC1,SORBS2,-9.068867147304132e-05,9.068867147304132e-05,168
RR3 FLT39→FLT40,PC1,SPATA13,-5.8945433022935094e-05,5.8945433022935094e-05,423
RR3 FLT39→FLT40,PC1,SPATA22,-6.139559324447207e-05,6.139559324447207e-05,386
RR3 FLT39→FLT40,PC1,SPATA2L,0.0001277770902533931,0.0001277770902533931,63
RR3 FLT39→FLT40,PC1,SPHK2,-0.00011195271020639652,0.00011195271020639652,101
RR3 FLT39→FLT40,PC1,SPON2,-9.197447238825832e-05,9.197447238825832e-05,166
RR3 FLT39→FLT40,PC1,SQLE,-6.745398566319727e-05,6.745398566319727e-05,318
RR3 FLT39→FLT40,PC1,SREBF1,-5.888411320835706e-05,5.888411320835706e-05,425
RR3 FLT39→FLT40,PC1,SREBF2,-7.165175679872783e-05,7.165175679872783e-05,274
RR3 FLT39→FLT40,PC1,SRSF2,-6.782614542904665e-05,6.782614542904665e-05,314
RR3 FLT39→FLT40,PC1,SRSF3,-6.041036487399e-05,6.041036487399e-05,402
RR3 FLT39→FLT40,PC1,ST3GAL1,-9.564569813498618e-05,9.564569813498618e-05,150
RR3 FLT39→FLT40,PC1,ST3GAL5,0.00015972579841019586,0.00015972579841019586,27
RR3 FLT39→FLT40,PC1,STARD13,-0.0001093044914761088,0.0001093044914761088,110
RR3 FLT39→FLT40,PC1,STAT5A,-5.735251706305872e-05,5.735251706305872e-05,464
RR3 FLT39→FLT40,PC1,STAT5B,-7.0840490060346e-05,7.0840490060346e-05,283
RR3 FLT39→FLT40,PC1,STBD1,0.00015216033696027078,0.00015216033696027078,37
RR3 FLT39→FLT40,PC1,STRIP1,-6.538295932318651e-05,6.538295932318651e-05,341
RR3 FLT39→FLT40,PC1,STX4,-6.922040914634691e-05,6.922040914634691e-05,299
RR3 FLT39→FLT40,PC1,SUCNR1,-6.28481277571589e-05,6.28481277571589e-05,368
RR3 FLT39→FLT40,PC1,SVIL,-7.782953548910331e-05,7.782953548910331e-05,226
RR3 FLT39→FLT40,PC1,SYNE1,-6.587642981852904e-05,6.587642981852904e-05,338
RR3 FLT39→FLT40,PC1,SYVN1,-5.6370855560164975e-05,5.6370855560164975e-05,483
RR3 FLT39→FLT40,PC1,TAB2,-0.00011665199762009259,0.00011665199762009259,88
RR3 FLT39→FLT40,PC1,TARDBP,-7.315093750862076e-05,7.315093750862076e-05,264
RR3 FLT39→FLT40,PC1,TBCC,-7.308956952179503e-05,7.308956952179503e-05,265
RR3 FLT39→FLT40,PC1,TBCE,-5.948606558784575e-05,5.948606558784575e-05,413
RR3 FLT39→FLT40,PC1,TBX3,-7.943410819872037e-05,7.943410819872037e-05,217
RR3 FLT39→FLT40,PC1,TCF24,-6.35187488873242e-05,6.35187488873242e-05,357
RR3 FLT39→FLT40,PC1,TCIM,0.00011969893001021416,0.00011969893001021416,77
RR3 FLT39→FLT40,PC1,TEF,0.00022105377555227144,0.00022105377555227144,10
RR3 FLT39→FLT40,PC1,TFPI2,-8.486732702454392e-05,8.486732702454392e-05,195
RR3 FLT39→FLT40,PC1,TGIF1,-7.13369442439046e-05,7.13369442439046e-05,278
RR3 FLT39→FLT40,PC1,TGM2,-6.055889773023909e-05,6.055889773023909e-05,396
RR3 FLT39→FLT40,PC1,THRSP,5.727721721907853e-05,5.727721721907853e-05,467
RR3 FLT39→FLT40,PC1,TJP2,-7.826301148323243e-05,7.826301148323243e-05,223
RR3 FLT39→FLT40,PC1,TJP3,-0.00015629640814037452,0.00015629640814037452,30
RR3 FLT39→FLT40,PC1,TMEM150A,-9.076160448475107e-05,9.076160448475107e-05,167
RR3 FLT39→FLT40,PC1,TMIE,-8.186569036110552e-05,8.186569036110552e-05,208
RR3 FLT39→FLT40,PC1,TNFAIP2,-0.00017013905144505162,0.00017013905144505162,22
RR3 FLT39→FLT40,PC1,TNFAIP8L1,-5.5936352129366465e-05,5.5936352129366465e-05,493
RR3 FLT39→FLT40,PC1,TNFRSF1B,8.673989744722854e-05,8.673989744722854e-05,185
RR3 FLT39→FLT40,PC1,TNNC2,0.00012444694868137763,0.00012444694868137763,68
RR3 FLT39→FLT40,PC1,TNNI2,0.00010605855751140993,0.00010605855751140993,119
RR3 FLT39→FLT40,PC1,TNNT3,0.00011763700514356217,0.00011763700514356217,84
RR3 FLT39→FLT40,PC1,TOB2,0.0001014978285709751,0.0001014978285709751,127
RR3 FLT39→FLT40,PC1,TOP1MT,-5.942813406714495e-05,5.942813406714495e-05,415
RR3 FLT39→FLT40,PC1,TP53,-5.596392630473218e-05,5.596392630473218e-05,491
RR3 FLT39→FLT40,PC1,TRIM14,-9.508287913127953e-05,9.508287913127953e-05,154
RR3 FLT39→FLT40,PC1,TRIM2,-0.00011489029289041921,0.00011489029289041921,94
RR3 FLT39→FLT40,PC1,TSC22D1,-0.00010540572984905096,0.00010540572984905096,122
RR3 FLT39→FLT40,PC1,TSC22D3,0.00012627141811261225,0.00012627141811261225,66
RR3 FLT39→FLT40,PC1,TSKU,0.00018138513850922695,0.00018138513850922695,17
RR3 FLT39→FLT40,PC1,TSPAN4,0.0001209651426023424,0.0001209651426023424,73
RR3 FLT39→FLT40,PC1,TTC23,6.527512496441408e-05,6.527512496441408e-05,343
RR3 FLT39→FLT40,PC1,TTC39B,6.180963328390741e-05,6.180963328390741e-05,380
RR3 FLT39→FLT40,PC1,TTC39C,5.8225955474923416e-05,5.8225955474923416e-05,439
RR3 FLT39→FLT40,PC1,TUBA1C,-6.385368360865342e-05,6.385368360865342e-05,353
RR3 FLT39→FLT40,PC1,TUBA4A,-9.818534220677622e-05,9.818534220677622e-05,137
RR3 FLT39→FLT40,PC1,TUBB2A,-0.00015728475752640423,0.00015728475752640423,28
RR3 FLT39→FLT40,PC1,TUBB4B,-6.352217233720541e-05,6.352217233720541e-05,356
RR3 FLT39→FLT40,PC1,TYMP,-7.892352990045761e-05,7.892352990045761e-05,220
RR3 FLT39→FLT40,PC1,UBQLN1,-6.761717703487531e-05,6.761717703487531e-05,315
RR3 FLT39→FLT40,PC1,UPP2,0.0001120272492363032,0.0001120272492363032,100
RR3 FLT39→FLT40,PC1,USP2,7.633153778838523e-05,7.633153778838523e-05,240
RR3 FLT39→FLT40,PC1,VEGFA,-5.62974020433217e-05,5.62974020433217e-05,486
RR3 FLT39→FLT40,PC1,WDR81,-7.718303923479763e-05,7.718303923479763e-05,234
RR3 FLT39→FLT40,PC1,WDR91,-7.728738008824623e-05,7.728738008824623e-05,231
RR3 FLT39→FLT40,PC1,WRNIP1,-7.613013540580501e-05,7.613013540580501e-05,242
RR3 FLT39→FLT40,PC1,YOD1,5.866403832707426e-05,5.866403832707426e-05,428
RR3 FLT39→FLT40,PC1,YPEL2,-0.0001384720581681322,0.0001384720581681322,49
RR3 FLT39→FLT40,PC1,ZFP36L1,-0.00014586504017457811,0.00014586504017457811,43
RR3 FLT39→FLT40,PC1,ZFP62,-6.326493756104845e-05,6.326493756104845e-05,359
RR3 FLT39→FLT40,PC1,ZFYVE1,-7.270012251627496e-05,7.270012251627496e-05,267
RR3 FLT39→FLT40,PC1,ZNF395,-7.039652482711115e-05,7.039652482711115e-05,288
RR3 FLT39→FLT40,PC1,ZNF407,-5.8705481505834805e-05,5.8705481505834805e-05,427
RR3 FLT39→FLT40,PC1,ZNF652,-6.049659573031099e-05,6.049659573031099e-05,399
RR3 FLT39→FLT40,PC1,ZNRF2,-5.5700041979694716e-05,5.5700041979694716e-05,499
RR3 FLT39→FLT40,PC2,A4GNT,-5.625917773356196e-05,5.625917773356196e-05,59
RR3 FLT39→FLT40,PC2,ABCA2,-4.513267256783073e-05,4.513267256783073e-05,152
RR3 FLT39→FLT40,PC2,ABTB2,-8.290973793691511e-05,8.290973793691511e-05,10
RR3 FLT39→FLT40,PC2,ACACB,-3.870150890298973e-05,3.870150890298973e-05,328
RR3 FLT39→FLT40,PC2,ACTA1,6.96507354471993e-05,6.96507354471993e-05,24
RR3 FLT39→FLT40,PC2,ADCK5,-5.5066251019426454e-05,5.5066251019426454e-05,66
RR3 FLT39→FLT40,PC2,ADCY1,4.4001650385673656e-05,4.4001650385673656e-05,182
RR3 FLT39→FLT40,PC2,ADM,-5.4722570888556035e-05,5.4722570888556035e-05,69
RR3 FLT39→FLT40,PC2,AGER,-3.5254808460938716e-05,3.5254808460938716e-05,497
RR3 FLT39→FLT40,PC2,AHCTF1,-6.549912096317384e-05,6.549912096317384e-05,28
RR3 FLT39→FLT40,PC2,AHDC1,-3.7093866495281666e-05,3.7093866495281666e-05,400
RR3 FLT39→FLT40,PC2,AKAP8L,-4.1744153312945386e-05,4.1744153312945386e-05,232
RR3 FLT39→FLT40,PC2,AKT1S1,-3.864045529628012e-05,3.864045529628012e-05,330
RR3 FLT39→FLT40,PC2,ALOX15,-4.024630002440147e-05,4.024630002440147e-05,274
RR3 FLT39→FLT40,PC2,AMPD2,-4.7065873220643266e-05,4.7065873220643266e-05,125
RR3 FLT39→FLT40,PC2,ANGPTL4,7.978188420495803e-05,7.978188420495803e-05,14
RR3 FLT39→FLT40,PC2,ANKRD2,4.135721329380422e-05,4.135721329380422e-05,241
RR3 FLT39→FLT40,PC2,AP1M1,-3.620350006604077e-05,3.620350006604077e-05,444
RR3 FLT39→FLT40,PC2,AP2A1,-4.43768842351552e-05,4.43768842351552e-05,170
RR3 FLT39→FLT40,PC2,AP5S1,-3.796759376387098e-05,3.796759376387098e-05,357
RR3 FLT39→FLT40,PC2,ARAP1,-4.033542482374218e-05,4.033542482374218e-05,270
RR3 FLT39→FLT40,PC2,ARHGAP29,-3.8985903304203084e-05,3.8985903304203084e-05,316
RR3 FLT39→FLT40,PC2,ARHGDIA,-3.663591874528832e-05,3.663591874528832e-05,420
RR3 FLT39→FLT40,PC2,ARHGEF1,-4.005123420914849e-05,4.005123420914849e-05,285
RR3 FLT39→FLT40,PC2,ARHGEF19,-4.476527870108287e-05,4.476527870108287e-05,162
RR3 FLT39→FLT40,PC2,ARID1A,-3.793728403016279e-05,3.793728403016279e-05,360
RR3 FLT39→FLT40,PC2,ARL4A,-3.733148806234872e-05,3.733148806234872e-05,387
RR3 FLT39→FLT40,PC2,ARRDC3,-5.422735313173475e-05,5.422735313173475e-05,75
RR3 FLT39→FLT40,PC2,ART1,-4.063951307122254e-05,4.063951307122254e-05,262
RR3 FLT39→FLT40,PC2,ASPRV1,3.773949395972971e-05,3.773949395972971e-05,368
RR3 FLT39→FLT40,PC2,ATF6B,-4.490206731185609e-05,4.490206731185609e-05,159
RR3 FLT39→FLT40,PC2,ATP1B2,-3.794713322238643e-05,3.794713322238643e-05,359
RR3 FLT39→FLT40,PC2,ATP2A1,5.349701440921055e-05,5.349701440921055e-05,82
RR3 FLT39→FLT40,PC2,ATP6V0A1,-3.543905699886694e-05,3.543905699886694e-05,485
RR3 FLT39→FLT40,PC2,ATXN2,-4.7590056002595875e-05,4.7590056002595875e-05,120
RR3 FLT39→FLT40,PC2,ATXN2L,-3.910838654359846e-05,3.910838654359846e-05,311
RR3 FLT39→FLT40,PC2,AUNIP,-5.8579129111080404e-05,5.8579129111080404e-05,53
RR3 FLT39→FLT40,PC2,AVPR1A,-5.578282449613834e-05,5.578282449613834e-05,63
RR3 FLT39→FLT40,PC2,BAIAP2,-4.040550239584728e-05,4.040550239584728e-05,268
RR3 FLT39→FLT40,PC2,BCAR3,-4.415177784682253e-05,4.415177784682253e-05,173
RR3 FLT39→FLT40,PC2,BCL2L15,-3.6383100591907756e-05,3.6383100591907756e-05,437
RR3 FLT39→FLT40,PC2,BCL6,-3.7249904325874854e-05,3.7249904325874854e-05,391
RR3 FLT39→FLT40,PC2,BCOR,-3.931807663742263e-05,3.931807663742263e-05,306
RR3 FLT39→FLT40,PC2,BHLHE41,-6.997418342720838e-05,6.997418342720838e-05,23
RR3 FLT39→FLT40,PC2,BTG1,-4.6426817109668866e-05,4.6426817109668866e-05,132
RR3 FLT39→FLT40,PC2,CABP4,-5.2526424660615915e-05,5.2526424660615915e-05,87
RR3 FLT39→FLT40,PC2,CACNA1S,-3.758859043856656e-05,3.758859043856656e-05,377
RR3 FLT39→FLT40,PC2,CAD,-3.5384276601723275e-05,3.5384276601723275e-05,488
RR3 FLT39→FLT40,PC2,CAMP,-4.0357599714353576e-05,4.0357599714353576e-05,269
RR3 FLT39→FLT40,PC2,CAPN15,-3.654463021506629e-05,3.654463021506629e-05,427
RR3 FLT39→FLT40,PC2,CAPN2,-4.021219962526222e-05,4.021219962526222e-05,277
RR3 FLT39→FLT40,PC2,CASP9,-4.123178344444699e-05,4.123178344444699e-05,244
RR3 FLT39→FLT40,PC2,CC2D1A,-4.2783104525996243e-05,4.2783104525996243e-05,209
RR3 FLT39→FLT40,PC2,CCAR2,-3.7208159099562674e-05,3.7208159099562674e-05,394
RR3 FLT39→FLT40,PC2,CCDC18,-4.16819143157563e-05,4.16819143157563e-05,233
RR3 FLT39→FLT40,PC2,CCDC39,-4.5266805326611167e-05,4.5266805326611167e-05,147
RR3 FLT39→FLT40,PC2,CCDC57,-3.989849016057914e-05,3.989849016057914e-05,294
RR3 FLT39→FLT40,PC2,CCDC97,-3.612876341995825e-05,3.612876341995825e-05,449
RR3 FLT39→FLT40,PC2,CCN1,-4.240075467365268e-05,4.240075467365268e-05,218
RR3 FLT39→FLT40,PC2,CCNG2,-3.72831555313515e-05,3.72831555313515e-05,389
RR3 FLT39→FLT40,PC2,CCNL1,-4.1812223439352245e-05,4.1812223439352245e-05,230
RR3 FLT39→FLT40,PC2,CDCA5,-4.3857821334787695e-05,4.3857821334787695e-05,187
RR3 FLT39→FLT40,PC2,CDK2AP2,-4.086285863248356e-05,4.086285863248356e-05,253
RR3 FLT39→FLT40,PC2,CELSR1,-3.9115939595763675e-05,3.9115939595763675e-05,310
RR3 FLT39→FLT40,PC2,CFAP299,-4.9805524784606594e-05,4.9805524784606594e-05,109
RR3 FLT39→FLT40,PC2,CGA,-5.2154510005685676e-05,5.2154510005685676e-05,89
RR3 FLT39→FLT40,PC2,CHERP,-4.0677722309483164e-05,4.0677722309483164e-05,260
RR3 FLT39→FLT40,PC2,CHKA,-0.00010738394109898018,0.00010738394109898018,4
RR3 FLT39→FLT40,PC2,CHKB,-3.6334547945183735e-05,3.6334547945183735e-05,440
RR3 FLT39→FLT40,PC2,CHPF2,-3.5729845983649185e-05,3.5729845983649185e-05,470
RR3 FLT39→FLT40,PC2,CHRNA4,4.016362904346213e-05,4.016362904346213e-05,280
RR3 FLT39→FLT40,PC2,CHRNE,-4.213265218968963e-05,4.213265218968963e-05,223
RR3 FLT39→FLT40,PC2,CIC,-3.6989205017925984e-05,3.6989205017925984e-05,404
RR3 FLT39→FLT40,PC2,CIRBP,-6.15520197543866e-05,6.15520197543866e-05,40
RR3 FLT39→FLT40,PC2,CITED2,-5.617328160180624e-05,5.617328160180624e-05,61
RR3 FLT39→FLT40,PC2,CIZ1,-3.8003500143637993e-05,3.8003500143637993e-05,355
RR3 FLT39→FLT40,PC2,CKM,5.310421577576901e-05,5.310421577576901e-05,83
RR3 FLT39→FLT40,PC2,CLASRP,-3.85793658517473e-05,3.85793658517473e-05,333
RR3 FLT39→FLT40,PC2,CLDN3,-4.0206162875282794e-05,4.0206162875282794e-05,279
RR3 FLT39→FLT40,PC2,CLDN8,-5.551529031434113e-05,5.551529031434113e-05,64
RR3 FLT39→FLT40,PC2,CLK2,-3.959617176828091e-05,3.959617176828091e-05,301
RR3 FLT39→FLT40,PC2,CLOCK,-5.7853484023458476e-05,5.7853484023458476e-05,54
RR3 FLT39→FLT40,PC2,CMYA5,-7.717987679347412e-05,7.717987679347412e-05,15
RR3 FLT39→FLT40,PC2,CNOT3,-4.103466014931294e-05,4.103466014931294e-05,247
RR3 FLT39→FLT40,PC2,CNTNAP1,-4.701447873481617e-05,4.701447873481617e-05,126
RR3 FLT39→FLT40,PC2,COQ10B,4.6086966524301415e-05,4.6086966524301415e-05,137
RR3 FLT39→FLT40,PC2,CORIN,-5.010157344135577e-05,5.010157344135577e-05,104
RR3 FLT39→FLT40,PC2,CPEB4,-5.673937835747812e-05,5.673937835747812e-05,57
RR3 FLT39→FLT40,PC2,CPSF1,-4.524288362058966e-05,4.524288362058966e-05,148
RR3 FLT39→FLT40,PC2,CREBZF,-3.5831110158326074e-05,3.5831110158326074e-05,465
RR3 FLT39→FLT40,PC2,CRIP2,-5.2588394630462184e-05,5.2588394630462184e-05,86
RR3 FLT39→FLT40,PC2,CRY1,-7.355207634975167e-05,7.355207634975167e-05,18
RR3 FLT39→FLT40,PC2,CTDSP1,-3.5571652859325746e-05,3.5571652859325746e-05,478
RR3 FLT39→FLT40,PC2,CTNND1,-3.6856579655809694e-05,3.6856579655809694e-05,408
RR3 FLT39→FLT40,PC2,CTXN1,-4.0086715346250424e-05,4.0086715346250424e-05,284
RR3 FLT39→FLT40,PC2,CXCL14,-4.596246428734029e-05,4.596246428734029e-05,139
RR3 FLT39→FLT40,PC2,CXXC5,-5.028671713504791e-05,5.028671713504791e-05,102
RR3 FLT39→FLT40,PC2,CYP46A1,-3.884921404505575e-05,3.884921404505575e-05,322
RR3 FLT39→FLT40,PC2,CYP51A1,-5.373484043227109e-05,5.373484043227109e-05,80
RR3 FLT39→FLT40,PC2,CYP7A1,6.093478731932702e-05,6.093478731932702e-05,45
RR3 FLT39→FLT40,PC2,DAPK1,-5.0013757272210525e-05,5.0013757272210525e-05,105
RR3 FLT39→FLT40,PC2,DAPK2,-3.6471522152943086e-05,3.6471522152943086e-05,433
RR3 FLT39→FLT40,PC2,DBP,0.00014338468400547228,0.00014338468400547228,2
RR3 FLT39→FLT40,PC2,DCAF7,-3.9616425799957e-05,3.9616425799957e-05,300
RR3 FLT39→FLT40,PC2,DCST2,-3.819309134688221e-05,3.819309134688221e-05,349
RR3 FLT39→FLT40,PC2,DDX39B,-6.089019299682222e-05,6.089019299682222e-05,46
RR3 FLT39→FLT40,PC2,DERPC,-3.9073950400608734e-05,3.9073950400608734e-05,313
RR3 FLT39→FLT40,PC2,DIO1,4.415145640728357e-05,4.415145640728357e-05,174
RR3 FLT39→FLT40,PC2,DLC1,-4.0252033575542866e-05,4.0252033575542866e-05,273
RR3 FLT39→FLT40,PC2,DMAP1,-4.2895935433695715e-05,4.2895935433695715e-05,208
RR3 FLT39→FLT40,PC2,DMRT2,3.7820894554977165e-05,3.7820894554977165e-05,364
RR3 FLT39→FLT40,PC2,DNM1L,-4.053171801980307e-05,4.053171801980307e-05,266
RR3 FLT39→FLT40,PC2,DOCK6,-3.6024134419677435e-05,3.6024134419677435e-05,450
RR3 FLT39→FLT40,PC2,DPP9,-6.410264669410167e-05,6.410264669410167e-05,34
RR3 FLT39→FLT40,PC2,DUS3L,-4.3850206437358895e-05,4.3850206437358895e-05,188
RR3 FLT39→FLT40,PC2,DUSP14,-4.4920771803024225e-05,4.4920771803024225e-05,158
RR3 FLT39→FLT40,PC2,DYNLL2,-5.435353289585851e-05,5.435353289585851e-05,74
RR3 FLT39→FLT40,PC2,DYRK1B,-4.731200279625835e-05,4.731200279625835e-05,124
RR3 FLT39→FLT40,PC2,E2F2,5.675961301564431e-05,5.675961301564431e-05,56
RR3 FLT39→FLT40,PC2,E2F4,-3.636326949645806e-05,3.636326949645806e-05,438
RR3 FLT39→FLT40,PC2,EFHD2,4.058084934344022e-05,4.058084934344022e-05,264
RR3 FLT39→FLT40,PC2,EFNA1,-6.444637116198648e-05,6.444637116198648e-05,31
RR3 FLT39→FLT40,PC2,EFNB1,-4.237589720403664e-05,4.237589720403664e-05,219
RR3 FLT39→FLT40,PC2,EGFL8,-4.590368365680975e-05,4.590368365680975e-05,140
RR3 FLT39→FLT40,PC2,ELL,-4.094299626216346e-05,4.094299626216346e-05,250
RR3 FLT39→FLT40,PC2,EN2,-6.011102042925387e-05,6.011102042925387e-05,48
RR3 FLT39→FLT40,PC2,ENDOU,-3.823796157682874e-05,3.823796157682874e-05,344
RR3 FLT39→FLT40,PC2,EPM2AIP1,-4.4096689255979405e-05,4.4096689255979405e-05,177
RR3 FLT39→FLT40,PC2,EPS8L2,-4.699039358967544e-05,4.699039358967544e-05,127
RR3 FLT39→FLT40,PC2,ERCC2,-3.821347283633263e-05,3.821347283633263e-05,347
RR3 FLT39→FLT40,PC2,EREG,-4.13288439663934e-05,4.13288439663934e-05,242
RR3 FLT39→FLT40,PC2,ESRP2,-4.331550302907172e-05,4.331550302907172e-05,200
RR3 FLT39→FLT40,PC2,ETFBKMT,4.821593781521505e-05,4.821593781521505e-05,115
RR3 FLT39→FLT40,PC2,EXOSC10,-3.711841456485967e-05,3.711841456485967e-05,399
RR3 FLT39→FLT40,PC2,EXPH5,-3.7193846917598065e-05,3.7193846917598065e-05,395
RR3 FLT39→FLT40,PC2,FAM193B,-4.4097308481433426e-05,4.4097308481433426e-05,176
RR3 FLT39→FLT40,PC2,FAM210B,-3.8925552928717106e-05,3.8925552928717106e-05,319
RR3 FLT39→FLT40,PC2,FAM47E,5.939256631317834e-05,5.939256631317834e-05,51
RR3 FLT39→FLT40,PC2,FAM50B,7.066754924529967e-05,7.066754924529967e-05,21
RR3 FLT39→FLT40,PC2,FAM83F,5.2716319014487564e-05,5.2716319014487564e-05,85
RR3 FLT39→FLT40,PC2,FANCG,-3.630737872913523e-05,3.630737872913523e-05,441
RR3 FLT39→FLT40,PC2,FBXO6,-4.3831378524456084e-05,4.3831378524456084e-05,189
RR3 FLT39→FLT40,PC2,FGD4,-4.086026690500276e-05,4.086026690500276e-05,254
RR3 FLT39→FLT40,PC2,FGFR4,-3.683453258361253e-05,3.683453258361253e-05,411
RR3 FLT39→FLT40,PC2,FHAD1,-4.817209878605334e-05,4.817209878605334e-05,116
RR3 FLT39→FLT40,PC2,FLNC,-3.5259972091526065e-05,3.5259972091526065e-05,496
RR3 FLT39→FLT40,PC2,FOXA2,-3.9516393882452166e-05,3.9516393882452166e-05,302
RR3 FLT39→FLT40,PC2,FUBP1,-3.756543040772997e-05,3.756543040772997e-05,381
RR3 FLT39→FLT40,PC2,FUS,-4.290519527015993e-05,4.290519527015993e-05,207
RR3 FLT39→FLT40,PC2,GALT,-5.1942975561286415e-05,5.1942975561286415e-05,90
RR3 FLT39→FLT40,PC2,GCN1,-3.679820519799716e-05,3.679820519799716e-05,412
RR3 FLT39→FLT40,PC2,GDF9,-5.4120641970298485e-05,5.4120641970298485e-05,76
RR3 FLT39→FLT40,PC2,GDI1,-4.1446963144608e-05,4.1446963144608e-05,238
RR3 FLT39→FLT40,PC2,GGA1,-4.392012217015297e-05,4.392012217015297e-05,185
RR3 FLT39→FLT40,PC2,GIPC2,-4.367644795133793e-05,4.367644795133793e-05,196
RR3 FLT39→FLT40,PC2,GJB2,-4.088758979080939e-05,4.088758979080939e-05,252
RR3 FLT39→FLT40,PC2,GMPPA,-3.578025851027798e-05,3.578025851027798e-05,468
RR3 FLT39→FLT40,PC2,GPR141,-3.528205054528781e-05,3.528205054528781e-05,494
RR3 FLT39→FLT40,PC2,GRB14,-3.77056771733999e-05,3.77056771733999e-05,371
RR3 FLT39→FLT40,PC2,GRB7,-5.450602159947797e-05,5.450602159947797e-05,70
RR3 FLT39→FLT40,PC2,GRK3,-3.5725759533920914e-05,3.5725759533920914e-05,471
RR3 FLT39→FLT40,PC2,GTSE1,-3.83992935386803e-05,3.83992935386803e-05,339
RR3 FLT39→FLT40,PC2,H1-4,-3.899753227702757e-05,3.899753227702757e-05,314
RR3 FLT39→FLT40,PC2,HCFC1,-3.9910892897554935e-05,3.9910892897554935e-05,291
RR3 FLT39→FLT40,PC2,HDAC5,-5.385096724019094e-05,5.385096724019094e-05,78
RR3 FLT39→FLT40,PC2,HELZ2,-3.9909175042391464e-05,3.9909175042391464e-05,292
RR3 FLT39→FLT40,PC2,HES1,-9.110456846393601e-05,9.110456846393601e-05,8
RR3 FLT39→FLT40,PC2,HNRNPU,-3.860397108547812e-05,3.860397108547812e-05,331
RR3 FLT39→FLT40,PC2,HNRNPUL1,-3.9979318968173656e-05,3.9979318968173656e-05,288
RR3 FLT39→FLT40,PC2,HORMAD2,-7.433526732966533e-05,7.433526732966533e-05,17
RR3 FLT39→FLT40,PC2,HSPBP1,-3.600915336274575e-05,3.600915336274575e-05,451
RR3 FLT39→FLT40,PC2,ID2,-6.2535604756729e-05,6.2535604756729e-05,39
RR3 FLT39→FLT40,PC2,ID3,-6.1016680579253916e-05,6.1016680579253916e-05,43
RR3 FLT39→FLT40,PC2,IDE,-3.5869824064017557e-05,3.5869824064017557e-05,462
RR3 FLT39→FLT40,PC2,IDI1,-4.630859030236946e-05,4.630859030236946e-05,134
RR3 FLT39→FLT40,PC2,IGFBP6,-4.301620481561445e-05,4.301620481561445e-05,203
RR3 FLT39→FLT40,PC2,IHH,-3.800900581255849e-05,3.800900581255849e-05,354
RR3 FLT39→FLT40,PC2,IL1R1,3.655479687079628e-05,3.655479687079628e-05,426
RR3 FLT39→FLT40,PC2,IL4I1,3.566276959436997e-05,3.566276959436997e-05,475
RR3 FLT39→FLT40,PC2,ILDR1,-3.750023528917559e-05,3.750023528917559e-05,383
RR3 FLT39→FLT40,PC2,ING4,-4.354178859128524e-05,4.354178859128524e-05,198
RR3 FLT39→FLT40,PC2,INO80B,-3.6199659193385665e-05,3.6199659193385665e-05,446
RR3 FLT39→FLT40,PC2,INTS1,-4.612415401630006e-05,4.612415401630006e-05,136
RR3 FLT39→FLT40,PC2,IRF2BP2,-4.301131837956768e-05,4.301131837956768e-05,204
RR3 FLT39→FLT40,PC2,IRF6,-4.427046351118745e-05,4.427046351118745e-05,171
RR3 FLT39→FLT40,PC2,IRS2,-6.060628821621499e-05,6.060628821621499e-05,47
RR3 FLT39→FLT40,PC2,ITGA5,-3.823423343110975e-05,3.823423343110975e-05,345
RR3 FLT39→FLT40,PC2,ITPK1,-3.965476770776652e-05,3.965476770776652e-05,299
RR3 FLT39→FLT40,PC2,JMJD1C,-4.45967628426915e-05,4.45967628426915e-05,166
RR3 FLT39→FLT40,PC2,JUNB,-3.6568468417818076e-05,3.6568468417818076e-05,425
RR3 FLT39→FLT40,PC2,JUND,-4.732844829133455e-05,4.732844829133455e-05,123
RR3 FLT39→FLT40,PC2,KANK1,-4.041377281220806e-05,4.041377281220806e-05,267
RR3 FLT39→FLT40,PC2,KAT2A,-4.4968831418216616e-05,4.4968831418216616e-05,157
RR3 FLT39→FLT40,PC2,KAT5,-4.39233043746635e-05,4.39233043746635e-05,184
RR3 FLT39→FLT40,PC2,KCNAB1,-5.1851944008674306e-05,5.1851944008674306e-05,91
RR3 FLT39→FLT40,PC2,KDELR3,-3.550403358434164e-05,3.550403358434164e-05,482
RR3 FLT39→FLT40,PC2,KDM2A,-3.521086177815156e-05,3.521086177815156e-05,498
RR3 FLT39→FLT40,PC2,KDM3B,-3.9871575326659304e-05,3.9871575326659304e-05,295
RR3 FLT39→FLT40,PC2,KDM4A,-3.689371617547285e-05,3.689371617547285e-05,405
RR3 FLT39→FLT40,PC2,KDM5B,-3.556950508997534e-05,3.556950508997534e-05,479
RR3 FLT39→FLT40,PC2,KHNYN,-8.114051634089268e-05,8.114051634089268e-05,13
RR3 FLT39→FLT40,PC2,KHSRP,-3.843556373052501e-05,3.843556373052501e-05,336
RR3 FLT39→FLT40,PC2,KIF13B,-3.713981158704589e-05,3.713981158704589e-05,397
RR3 FLT39→FLT40,PC2,KLHDC8A,3.72927870449373e-05,3.72927870449373e-05,388
RR3 FLT39→FLT40,PC2,KLHL31,-3.634277084296108e-05,3.634277084296108e-05,439
RR3 FLT39→FLT40,PC2,KLHL41,-4.982656687818029e-05,4.982656687818029e-05,108
RR3 FLT39→FLT40,PC2,KMT2B,-3.679567660710213e-05,3.679567660710213e-05,413
RR3 FLT39→FLT40,PC2,KMT2D,-4.025425507512846e-05,4.025425507512846e-05,272
RR3 FLT39→FLT40,PC2,KRT18,-4.225093796743489e-05,4.225093796743489e-05,221
RR3 FLT39→FLT40,PC2,KRT8,-4.2109436622564445e-05,4.2109436622564445e-05,225
RR3 FLT39→FLT40,PC2,KY,-4.210890092293795e-05,4.210890092293795e-05,226
RR3 FLT39→FLT40,PC2,LARGE2,-4.082318352344056e-05,4.082318352344056e-05,255
RR3 FLT39→FLT40,PC2,LARP1,-4.414061218662697e-05,4.414061218662697e-05,175
RR3 FLT39→FLT40,PC2,LASP1,-5.966965633422426e-05,5.966965633422426e-05,50
RR3 FLT39→FLT40,PC2,LCN2,5.2938962809329375e-05,5.2938962809329375e-05,84
RR3 FLT39→FLT40,PC2,LDB3,-3.735694070608654e-05,3.735694070608654e-05,386
RR3 FLT39→FLT40,PC2,LENG8,-6.095312232329725e-05,6.095312232329725e-05,44
RR3 FLT39→FLT40,PC2,LEO1,-4.094892440039406e-05,4.094892440039406e-05,249
RR3 FLT39→FLT40,PC2,LINGO4,-3.6766976320452943e-05,3.6766976320452943e-05,415
RR3 FLT39→FLT40,PC2,LIPG,5.9185326993584184e-05,5.9185326993584184e-05,52
RR3 FLT39→FLT40,PC2,LLGL2,-5.448992387853491e-05,5.448992387853491e-05,71
RR3 FLT39→FLT40,PC2,LNX2,-4.451369448874896e-05,4.451369448874896e-05,167
RR3 FLT39→FLT40,PC2,LPIN1,6.150982116833053e-05,6.150982116833053e-05,41
RR3 FLT39→FLT40,PC2,LRP5,-4.022669098217321e-05,4.022669098217321e-05,275
RR3 FLT39→FLT40,PC2,LUC7L2,-5.442164033625366e-05,5.442164033625366e-05,73
RR3 FLT39→FLT40,PC2,LYPLA2,-4.661664551253184e-05,4.661664551253184e-05,131
RR3 FLT39→FLT40,PC2,MAD2L2,-3.5721884121953355e-05,3.5721884121953355e-05,472
RR3 FLT39→FLT40,PC2,MAFB,3.813097234157577e-05,3.813097234157577e-05,352
RR3 FLT39→FLT40,PC2,MAFF,4.376193893768451e-05,4.376193893768451e-05,192
RR3 FLT39→FLT40,PC2,MANF,-4.0790130560534356e-05,4.0790130560534356e-05,256
RR3 FLT39→FLT40,PC2,MARCHF7,-3.850363946952699e-05,3.850363946952699e-05,335
RR3 FLT39→FLT40,PC2,MBD3,-3.9238627595607664e-05,3.9238627595607664e-05,308
RR3 FLT39→FLT40,PC2,MCC,-3.639397541413306e-05,3.639397541413306e-05,435
RR3 FLT39→FLT40,PC2,MCU,-3.617554090357521e-05,3.617554090357521e-05,448
RR3 FLT39→FLT40,PC2,MED23,-3.774371516280045e-05,3.774371516280045e-05,367
RR3 FLT39→FLT40,PC2,MED24,-3.8751272173563556e-05,3.8751272173563556e-05,325
RR3 FLT39→FLT40,PC2,MED25,-3.5505541023415345e-05,3.5505541023415345e-05,481
RR3 FLT39→FLT40,PC2,MEOX1,5.034913175903968e-05,5.034913175903968e-05,101
RR3 FLT39→FLT40,PC2,MFSD2A,8.26571083399612e-05,8.26571083399612e-05,11
RR3 FLT39→FLT40,PC2,MID1IP1,-3.871506774564561e-05,3.871506774564561e-05,326
RR3 FLT39→FLT40,PC2,MIOX,-5.404283597943654e-05,5.404283597943654e-05,77
RR3 FLT39→FLT40,PC2,MLF1,-4.523502012928181e-05,4.523502012928181e-05,150
RR3 FLT39→FLT40,PC2,MLXIPL,-3.6511195338592276e-05,3.6511195338592276e-05,430
RR3 FLT39→FLT40,PC2,MMAB,-3.517624838685303e-05,3.517624838685303e-05,500
RR3 FLT39→FLT40,PC2,MMP27,-5.5924117953142386e-05,5.5924117953142386e-05,62
RR3 FLT39→FLT40,PC2,MN1,-6.576093539763802e-05,6.576093539763802e-05,27
RR3 FLT39→FLT40,PC2,MOGAT1,3.715466936140558e-05,3.715466936140558e-05,396
RR3 FLT39→FLT40,PC2,MOSPD3,-3.6690872337513086e-05,3.6690872337513086e-05,418
RR3 FLT39→FLT40,PC2,MROH6,-4.16697638124763e-05,4.16697638124763e-05,234
RR3 FLT39→FLT40,PC2,MT1X,0.00015044110161071343,0.00015044110161071343,1
RR3 FLT39→FLT40,PC2,MTA1,-3.660920735104087e-05,3.660920735104087e-05,423
RR3 FLT39→FLT40,PC2,MTMR4,-4.5025264794616426e-05,4.5025264794616426e-05,153
RR3 FLT39→FLT40,PC2,MXD3,-3.573999705982411e-05,3.573999705982411e-05,469
RR3 FLT39→FLT40,PC2,MYOM1,-4.6962220102484146e-05,4.6962220102484146e-05,128
RR3 FLT39→FLT40,PC2,MYOM2,-6.28682946849561e-05,6.28682946849561e-05,36
RR3 FLT39→FLT40,PC2,MYOT,-5.069773951419927e-05,5.069773951419927e-05,96
RR3 FLT39→FLT40,PC2,NACC1,-3.552592327592995e-05,3.552592327592995e-05,480
RR3 FLT39→FLT40,PC2,NAT14,-3.686328171527647e-05,3.686328171527647e-05,407
RR3 FLT39→FLT40,PC2,NAV2,-5.131924955085737e-05,5.131924955085737e-05,94
RR3 FLT39→FLT40,PC2,NCAPH,-4.057656654400656e-05,4.057656654400656e-05,265
RR3 FLT39→FLT40,PC2,NDRG1,-5.384681980780752e-05,5.384681980780752e-05,79
RR3 FLT39→FLT40,PC2,NECTIN1,-5.066632732136227e-05,5.066632732136227e-05,97
RR3 FLT39→FLT40,PC2,NEDD4L,-4.148627717121844e-05,4.148627717121844e-05,237
RR3 FLT39→FLT40,PC2,NEIL3,-3.6533018334547494e-05,3.6533018334547494e-05,428
RR3 FLT39→FLT40,PC2,NET1,-5.62453674783921e-05,5.62453674783921e-05,60
RR3 FLT39→FLT40,PC2,NFIL3,-0.00010263821909211902,0.00010263821909211902,5
RR3 FLT39→FLT40,PC2,NFYB,-3.5296691134205546e-05,3.5296691134205546e-05,492
RR3 FLT39→FLT40,PC2,NFYC,-3.722105778399356e-05,3.722105778399356e-05,393
RR3 FLT39→FLT40,PC2,NKAIN1,-4.6349619767680976e-05,4.6349619767680976e-05,133
RR3 FLT39→FLT40,PC2,NKTR,-3.9364417226857086e-05,3.9364417226857086e-05,304
RR3 FLT39→FLT40,PC2,NME5,-3.5959839349932405e-05,3.5959839349932405e-05,455
RR3 FLT39→FLT40,PC2,NME9,-4.999168354661482e-05,4.999168354661482e-05,107
RR3 FLT39→FLT40,PC2,NOL6,-3.595777633465802e-05,3.595777633465802e-05,457
RR3 FLT39→FLT40,PC2,NPAS2,-0.00010910489283045721,0.00010910489283045721,3
RR3 FLT39→FLT40,PC2,NPNT,6.410498851052659e-05,6.410498851052659e-05,33
RR3 FLT39→FLT40,PC2,NPY,4.678150904287033e-05,4.678150904287033e-05,130
RR3 FLT39→FLT40,PC2,NR1D1,-5.147310771944442e-05,5.147310771944442e-05,92
RR3 FLT39→FLT40,PC2,NR1H2,-3.943742259027297e-05,3.943742259027297e-05,303
RR3 FLT39→FLT40,PC2,NR2C2AP,-3.934675119076609e-05,3.934675119076609e-05,305
RR3 FLT39→FLT40,PC2,NRAP,-5.364269984763396e-05,5.364269984763396e-05,81
RR3 FLT39→FLT40,PC2,NRG4,-3.644534419057441e-05,3.644534419057441e-05,434
RR3 FLT39→FLT40,PC2,NSDHL,-3.8559191673794175e-05,3.8559191673794175e-05,334
RR3 FLT39→FLT40,PC2,NSMF,-3.647507043982085e-05,3.647507043982085e-05,432
RR3 FLT39→FLT40,PC2,OBSCN,-4.3884730850565e-05,4.3884730850565e-05,186
RR3 FLT39→FLT40,PC2,OCLN,-3.890029771015221e-05,3.890029771015221e-05,320
RR3 FLT39→FLT40,PC2,ODAD4,-4.02106046348778e-05,4.02106046348778e-05,278
RR3 FLT39→FLT40,PC2,OPN3,4.86123488488345e-05,4.86123488488345e-05,114
RR3 FLT39→FLT40,PC2,ORC1,-3.841773539278123e-05,3.841773539278123e-05,338
RR3 FLT39→FLT40,PC2,ORC3,-3.684461828790868e-05,3.684461828790868e-05,410
RR3 FLT39→FLT40,PC2,OSBP,-3.8271315594456825e-05,3.8271315594456825e-05,343
RR3 FLT39→FLT40,PC2,OSER1,-3.6699270392318306e-05,3.6699270392318306e-05,416
RR3 FLT39→FLT40,PC2,OSGIN1,-7.289026455198258e-05,7.289026455198258e-05,19
RR3 FLT39→FLT40,PC2,OVOL3,-4.440495605467214e-05,4.440495605467214e-05,168
RR3 FLT39→FLT40,PC2,PABPN1,-5.045086946491847e-05,5.045086946491847e-05,100
RR3 FLT39→FLT40,PC2,PAN2,-4.204629960551422e-05,4.204629960551422e-05,228
RR3 FLT39→FLT40,PC2,PAPSS1,-3.565510482836598e-05,3.565510482836598e-05,476
RR3 FLT39→FLT40,PC2,PCDHGA4,-3.8891012744862875e-05,3.8891012744862875e-05,321
RR3 FLT39→FLT40,PC2,PCLAF,-3.893256211436807e-05,3.893256211436807e-05,318
RR3 FLT39→FLT40,PC2,PCNX3,-3.704633411269631e-05,3.704633411269631e-05,401
RR3 FLT39→FLT40,PC2,PDE4B,-5.0001979470387844e-05,5.0001979470387844e-05,106
RR3 FLT39→FLT40,PC2,PDE9A,-4.217608878898629e-05,4.217608878898629e-05,222
RR3 FLT39→FLT40,PC2,PDGFRL,-6.431373790178515e-05,6.431373790178515e-05,32
RR3 FLT39→FLT40,PC2,PGAM2,-4.382789749154827e-05,4.382789749154827e-05,190
RR3 FLT39→FLT40,PC2,PGD,-3.539986956585045e-05,3.539986956585045e-05,486
RR3 FLT39→FLT40,PC2,PHLDA1,-4.5839229892792214e-05,4.5839229892792214e-05,141
RR3 FLT39→FLT40,PC2,PICK1,-3.8849088028688655e-05,3.8849088028688655e-05,323
RR3 FLT39→FLT40,PC2,PIM3,5.4754657534008854e-05,5.4754657534008854e-05,68
RR3 FLT39→FLT40,PC2,PIP5K1C,-4.070806278410573e-05,4.070806278410573e-05,259
RR3 FLT39→FLT40,PC2,PITPNB,-4.122137046808938e-05,4.122137046808938e-05,245
RR3 FLT39→FLT40,PC2,PLS1,-4.404813490544499e-05,4.404813490544499e-05,180
RR3 FLT39→FLT40,PC2,PML,-3.7138395780335564e-05,3.7138395780335564e-05,398
RR3 FLT39→FLT40,PC2,PNISR,-4.2658935725391164e-05,4.2658935725391164e-05,210
RR3 FLT39→FLT40,PC2,PNKD,-4.540102260871031e-05,4.540102260871031e-05,144
RR3 FLT39→FLT40,PC2,PNKP,-5.9719534273835475e-05,5.9719534273835475e-05,49
RR3 FLT39→FLT40,PC2,PNRC1,-6.607922451131743e-05,6.607922451131743e-05,25
RR3 FLT39→FLT40,PC2,POLD2,-4.291115547714148e-05,4.291115547714148e-05,206
RR3 FLT39→FLT40,PC2,POLR2A,-3.7376369300309526e-05,3.7376369300309526e-05,385
RR3 FLT39→FLT40,PC2,POLRMT,-4.401286956137236e-05,4.401286956137236e-05,181
RR3 FLT39→FLT40,PC2,POPDC3,-4.002655682979802e-05,4.002655682979802e-05,286
RR3 FLT39→FLT40,PC2,PPP1R10,3.7721456186182674e-05,3.7721456186182674e-05,370
RR3 FLT39→FLT40,PC2,PPP1R13L,-4.497017951711896e-05,4.497017951711896e-05,156
RR3 FLT39→FLT40,PC2,PPP1R1A,-3.7934046274455404e-05,3.7934046274455404e-05,361
RR3 FLT39→FLT40,PC2,PPP1R3C,-4.910630597951718e-05,4.910630597951718e-05,111
RR3 FLT39→FLT40,PC2,PPP2R1A,-3.7734247210070036e-05,3.7734247210070036e-05,369
RR3 FLT39→FLT40,PC2,PPP2R1B,-3.758665436678999e-05,3.758665436678999e-05,379
RR3 FLT39→FLT40,PC2,PPTC7,5.2454506611343414e-05,5.2454506611343414e-05,88
RR3 FLT39→FLT40,PC2,PRIMA1,-3.830522505763757e-05,3.830522505763757e-05,342
RR3 FLT39→FLT40,PC2,PRKACA,-4.248231797045667e-05,4.248231797045667e-05,215
RR3 FLT39→FLT40,PC2,PRR14,-4.1544416626400474e-05,4.1544416626400474e-05,236
RR3 FLT39→FLT40,PC2,PRRC2A,-4.397640740277218e-05,4.397640740277218e-05,183
RR3 FLT39→FLT40,PC2,PRTN3,4.375676272309418e-05,4.375676272309418e-05,193
RR3 FLT39→FLT40,PC2,PSMD3,-3.587329509756476e-05,3.587329509756476e-05,461
RR3 FLT39→FLT40,PC2,PTGFR,-7.031449098144721e-05,7.031449098144721e-05,22
RR3 FLT39→FLT40,PC2,PTOV1,-3.6199889710626946e-05,3.6199889710626946e-05,445
RR3 FLT39→FLT40,PC2,PTPN23,-3.652968456554568e-05,3.652968456554568e-05,429
RR3 FLT39→FLT40,PC2,PXN,-3.685112630164864e-05,3.685112630164864e-05,409
RR3 FLT39→FLT40,PC2,R3HDM4,-3.5391324703371525e-05,3.5391324703371525e-05,487
RR3 FLT39→FLT40,PC2,RAB25,-5.4468923478312755e-05,5.4468923478312755e-05,72
RR3 FLT39→FLT40,PC2,RAB42,-9.56010385197496e-05,9.56010385197496e-05,7
RR3 FLT39→FLT40,PC2,RAI14,-4.3107893473697174e-05,4.3107893473697174e-05,201
RR3 FLT39→FLT40,PC2,RANBP10,-4.2530382647072124e-05,4.2530382647072124e-05,214
RR3 FLT39→FLT40,PC2,RANBP3,-3.748876782900932e-05,3.748876782900932e-05,384
RR3 FLT39→FLT40,PC2,RARA,-3.6609500209191736e-05,3.6609500209191736e-05,422
RR3 FLT39→FLT40,PC2,RASD1,-3.799717518556932e-05,3.799717518556932e-05,356
RR3 FLT39→FLT40,PC2,RAVER1,-4.000482851920856e-05,4.000482851920856e-05,287
RR3 FLT39→FLT40,PC2,RBM26,-3.807705829675342e-05,3.807705829675342e-05,353
RR3 FLT39→FLT40,PC2,RBM42,-3.9703865858819914e-05,3.9703865858819914e-05,298
RR3 FLT39→FLT40,PC2,RBM6,-3.595809380265123e-05,3.595809380265123e-05,456
RR3 FLT39→FLT40,PC2,RDH11,-3.839386903442753e-05,3.839386903442753e-05,340
RR3 FLT39→FLT40,PC2,RELA,-3.6698149117519066e-05,3.6698149117519066e-05,417
RR3 FLT39→FLT40,PC2,RELCH,-4.207059475587661e-05,4.207059475587661e-05,227
RR3 FLT39→FLT40,PC2,REPIN1,-4.02240389443372e-05,4.02240389443372e-05,276
RR3 FLT39→FLT40,PC2,REXO1,-3.5456484938666074e-05,3.5456484938666074e-05,484
RR3 FLT39→FLT40,PC2,RGL3,-4.203013480385595e-05,4.203013480385595e-05,229
RR3 FLT39→FLT40,PC2,RHOT2,-3.842050262522686e-05,3.842050262522686e-05,337
RR3 FLT39→FLT40,PC2,RMND5B,-3.5970214837765094e-05,3.5970214837765094e-05,454
RR3 FLT39→FLT40,PC2,RNF123,-3.592121807344999e-05,3.592121807344999e-05,459
RR3 FLT39→FLT40,PC2,RNF126,-3.699610104017286e-05,3.699610104017286e-05,403
RR3 FLT39→FLT40,PC2,RNF186,-3.930386939489116e-05,3.930386939489116e-05,307
RR3 FLT39→FLT40,PC2,RSKR,-4.5430822974007874e-05,4.5430822974007874e-05,143
RR3 FLT39→FLT40,PC2,RTN2,-3.617846920517358e-05,3.617846920517358e-05,447
RR3 FLT39→FLT40,PC2,RTN4RL2,-5.533036911642392e-05,5.533036911642392e-05,65
RR3 FLT39→FLT40,PC2,RYR1,-6.498722697414044e-05,6.498722697414044e-05,29
RR3 FLT39→FLT40,PC2,S100A8,5.0455089876548136e-05,5.0455089876548136e-05,99
RR3 FLT39→FLT40,PC2,SARS2,-3.579240714606172e-05,3.579240714606172e-05,467
RR3 FLT39→FLT40,PC2,SBF1,-3.5176730798875526e-05,3.5176730798875526e-05,499
RR3 FLT39→FLT40,PC2,SCAF1,-4.6789091099577645e-05,4.6789091099577645e-05,129
RR3 FLT39→FLT40,PC2,SCRIB,-3.8950579368113765e-05,3.8950579368113765e-05,317
RR3 FLT39→FLT40,PC2,SDF2L1,-3.835671642845574e-05,3.835671642845574e-05,341
RR3 FLT39→FLT40,PC2,SELE,4.753438576555728e-05,4.753438576555728e-05,122
RR3 FLT39→FLT40,PC2,SEMA4A,-4.098559384988867e-05,4.098559384988867e-05,248
RR3 FLT39→FLT40,PC2,SEPTIN9,-3.910133068734405e-05,3.910133068734405e-05,312
RR3 FLT39→FLT40,PC2,SERINC2,-3.535629614716368e-05,3.535629614716368e-05,489
RR3 FLT39→FLT40,PC2,SERPINA9,9.571574907595352e-05,9.571574907595352e-05,6
RR3 FLT39→FLT40,PC2,SESN3,-4.136864329263623e-05,4.136864329263623e-05,240
RR3 FLT39→FLT40,PC2,SF1,-4.5297929468870065e-05,4.5297929468870065e-05,145
RR3 FLT39→FLT40,PC2,SF3A2,-3.985143368240666e-05,3.985143368240666e-05,296
RR3 FLT39→FLT40,PC2,SF3B4,-3.529350314910226e-05,3.529350314910226e-05,493
RR3 FLT39→FLT40,PC2,SFMBT2,-4.4083583920385315e-05,4.4083583920385315e-05,179
RR3 FLT39→FLT40,PC2,SH3GL1,-4.479028800802472e-05,4.479028800802472e-05,161
RR3 FLT39→FLT40,PC2,SHFL,-6.600503212958007e-05,6.600503212958007e-05,26
RR3 FLT39→FLT40,PC2,SHISA9,-3.8170486864065945e-05,3.8170486864065945e-05,350
RR3 FLT39→FLT40,PC2,SKA1,-3.899242742020156e-05,3.899242742020156e-05,315
RR3 FLT39→FLT40,PC2,SKI,-4.241507003109474e-05,4.241507003109474e-05,217
RR3 FLT39→FLT40,PC2,SLC16A1,-4.264852189796267e-05,4.264852189796267e-05,211
RR3 FLT39→FLT40,PC2,SLC16A13,-3.679275604111332e-05,3.679275604111332e-05,414
RR3 FLT39→FLT40,PC2,SLC25A23,-3.7957613446511405e-05,3.7957613446511405e-05,358
RR3 FLT39→FLT40,PC2,SLC25A42,-4.231982251414919e-05,4.231982251414919e-05,220
RR3 FLT39→FLT40,PC2,SLC35G1,4.309011750692842e-05,4.309011750692842e-05,202
RR3 FLT39→FLT40,PC2,SLC41A2,-4.479964154549933e-05,4.479964154549933e-05,160
RR3 FLT39→FLT40,PC2,SLC41A3,-3.663745937824467e-05,3.663745937824467e-05,419
RR3 FLT39→FLT40,PC2,SLC4A8,-3.8216743856724326e-05,3.8216743856724326e-05,346
RR3 FLT39→FLT40,PC2,SMAGP,-3.9915035405528884e-05,3.9915035405528884e-05,290
RR3 FLT39→FLT40,PC2,SMARCA4,-4.255438631281811e-05,4.255438631281811e-05,213
RR3 FLT39→FLT40,PC2,SMARCB1,-5.020094412062758e-05,5.020094412062758e-05,103
RR3 FLT39→FLT40,PC2,SMARCC2,-3.779715075002667e-05,3.779715075002667e-05,365
RR3 FLT39→FLT40,PC2,SMIM5,-4.805551051345959e-05,4.805551051345959e-05,118
RR3 FLT39→FLT40,PC2,SMPX,-3.627707371188128e-05,3.627707371188128e-05,443
RR3 FLT39→FLT40,PC2,SNAPC3,-3.599659270605706e-05,3.599659270605706e-05,453
RR3 FLT39→FLT40,PC2,SNRNP70,-4.060872649152963e-05,4.060872649152963e-05,263
RR3 FLT39→FLT40,PC2,SNRPA,-4.754367921217988e-05,4.754367921217988e-05,121
RR3 FLT39→FLT40,PC2,SORBS2,-3.586523902531708e-05,3.586523902531708e-05,463
RR3 FLT39→FLT40,PC2,SP1,-3.6484928622052747e-05,3.6484928622052747e-05,431
RR3 FLT39→FLT40,PC2,SPHK2,-8.160518735224737e-05,8.160518735224737e-05,12
RR3 FLT39→FLT40,PC2,SPSB3,-4.291550588459949e-05,4.291550588459949e-05,205
RR3 FLT39→FLT40,PC2,SREBF2,-4.543947891190656e-05,4.543947891190656e-05,142
RR3 FLT39→FLT40,PC2,SRMS,4.623864937189757e-05,4.623864937189757e-05,135
RR3 FLT39→FLT40,PC2,SRP68,-4.515696353201502e-05,4.515696353201502e-05,151
RR3 FLT39→FLT40,PC2,SRRT,-3.7702422090196405e-05,3.7702422090196405e-05,372
RR3 FLT39→FLT40,PC2,SRSF1,-3.7591007517805687e-05,3.7591007517805687e-05,376
RR3 FLT39→FLT40,PC2,SRSF2,-3.701096559914167e-05,3.701096559914167e-05,402
RR3 FLT39→FLT40,PC2,SSBP3,-3.87057761069645e-05,3.87057761069645e-05,327
RR3 FLT39→FLT40,PC2,ST3GAL1,-4.500517231213569e-05,4.500517231213569e-05,155
RR3 FLT39→FLT40,PC2,ST3GAL5,3.582120352462266e-05,3.582120352462266e-05,466
RR3 FLT39→FLT40,PC2,STARD13,-4.127283478949943e-05,4.127283478949943e-05,243
RR3 FLT39→FLT40,PC2,STAT2,-3.764607736670476e-05,3.764607736670476e-05,373
RR3 FLT39→FLT40,PC2,STAT5A,-3.723989389120087e-05,3.723989389120087e-05,392
RR3 FLT39→FLT40,PC2,STAT5B,-4.4708275585091e-05,4.4708275585091e-05,163
RR3 FLT39→FLT40,PC2,STBD1,6.259360754872405e-05,6.259360754872405e-05,38
RR3 FLT39→FLT40,PC2,STK24,-4.2113569274693975e-05,4.2113569274693975e-05,224
RR3 FLT39→FLT40,PC2,STK40,-3.875299798536135e-05,3.875299798536135e-05,324
RR3 FLT39→FLT40,PC2,STRIP1,-4.0117529663121585e-05,4.0117529663121585e-05,281
RR3 FLT39→FLT40,PC2,STX1B,-6.459333510893536e-05,6.459333510893536e-05,30
RR3 FLT39→FLT40,PC2,STX4,-4.0722220139648624e-05,4.0722220139648624e-05,258
RR3 FLT39→FLT40,PC2,STYXL1,-5.139519369380204e-05,5.139519369380204e-05,93
RR3 FLT39→FLT40,PC2,SYMPK,-4.523857330579574e-05,4.523857330579574e-05,149
RR3 FLT39→FLT40,PC2,SYNM,-5.692212944303609e-05,5.692212944303609e-05,55
RR3 FLT39→FLT40,PC2,SYNPO2L,-4.964422692253398e-05,4.964422692253398e-05,110
RR3 FLT39→FLT40,PC2,SYVN1,-4.813477695681438e-05,4.813477695681438e-05,117
RR3 FLT39→FLT40,PC2,SZT2,-4.072848531641626e-05,4.072848531641626e-05,257
RR3 FLT39→FLT40,PC2,TAB2,-6.351662174760543e-05,6.351662174760543e-05,35
RR3 FLT39→FLT40,PC2,TARDBP,-4.467942916643287e-05,4.467942916643287e-05,164
RR3 FLT39→FLT40,PC2,TBCC,-4.372524735854663e-05,4.372524735854663e-05,194
RR3 FLT39→FLT40,PC2,TBCE,-3.990603369926599e-05,3.990603369926599e-05,293
RR3 FLT39→FLT40,PC2,TCIM,9.023111526112168e-05,9.023111526112168e-05,9
RR3 FLT39→FLT40,PC2,TEF,4.371570785066445e-05,4.371570785066445e-05,195
RR3 FLT39→FLT40,PC2,THPO,-4.0658502586183956e-05,4.0658502586183956e-05,261
RR3 FLT39→FLT40,PC2,TJP2,-4.46384720058881e-05,4.46384720058881e-05,165
RR3 FLT39→FLT40,PC2,TJP3,-5.1176210318676055e-05,5.1176210318676055e-05,95
RR3 FLT39→FLT40,PC2,TM4SF5,3.7867823626197045e-05,3.7867823626197045e-05,363
RR3 FLT39→FLT40,PC2,TMEM169,-4.5008771752231606e-05,4.5008771752231606e-05,154
RR3 FLT39→FLT40,PC2,TMEM215,-4.87717910372269e-05,4.87717910372269e-05,112
RR3 FLT39→FLT40,PC2,TNFAIP2,-3.8594546997699634e-05,3.8594546997699634e-05,332
RR3 FLT39→FLT40,PC2,TNFRSF1B,3.762849301232079e-05,3.762849301232079e-05,374
RR3 FLT39→FLT40,PC2,TNNC2,4.3433433028668406e-05,4.3433433028668406e-05,199
RR3 FLT39→FLT40,PC2,TNNI2,6.14912226342934e-05,6.14912226342934e-05,42
RR3 FLT39→FLT40,PC2,TNRC6A,-3.973361135704729e-05,3.973361135704729e-05,297
RR3 FLT39→FLT40,PC2,TNS4,-3.995579840034637e-05,3.995579840034637e-05,289
RR3 FLT39→FLT40,PC2,TOP3B,-4.598000980192385e-05,4.598000980192385e-05,138
RR3 FLT39→FLT40,PC2,TPM2,-3.7756294172087855e-05,3.7756294172087855e-05,366
RR3 FLT39→FLT40,PC2,TRAPPC8,-3.560831279272147e-05,3.560831279272147e-05,477
RR3 FLT39→FLT40,PC2,TRIM14,-5.635866408413335e-05,5.635866408413335e-05,58
RR3 FLT39→FLT40,PC2,TSC1,-4.165339890119401e-05,4.165339890119401e-05,235
RR3 FLT39→FLT40,PC2,TSC22D1,-5.5064265985442866e-05,5.5064265985442866e-05,67
RR3 FLT39→FLT40,PC2,TTC14,-3.7267305713191715e-05,3.7267305713191715e-05,390
RR3 FLT39→FLT40,PC2,TTN,-5.0653171388910426e-05,5.0653171388910426e-05,98
RR3 FLT39→FLT40,PC2,TUBA4A,-4.262368602383145e-05,4.262368602383145e-05,212
RR3 FLT39→FLT40,PC2,TUBB2A,-7.455603255078095e-05,7.455603255078095e-05,16
RR3 FLT39→FLT40,PC2,TUBG2,-3.793013066382559e-05,3.793013066382559e-05,362
RR3 FLT39→FLT40,PC2,U2SURP,-3.526593741302671e-05,3.526593741302671e-05,495
RR3 FLT39→FLT40,PC2,UBAP1L,-3.755934664534121e-05,3.755934664534121e-05,382
RR3 FLT39→FLT40,PC2,UBAP2L,-3.8148853342228946e-05,3.8148853342228946e-05,351
RR3 FLT39→FLT40,PC2,UBQLN1,-4.1100884227321865e-05,4.1100884227321865e-05,246
RR3 FLT39→FLT40,PC2,UBR4,-4.011515150240565e-05,4.011515150240565e-05,282
RR3 FLT39→FLT40,PC2,UPP2,4.3793446115075076e-05,4.3793446115075076e-05,191
RR3 FLT39→FLT40,PC2,USP13,-3.627994539199324e-05,3.627994539199324e-05,442
RR3 FLT39→FLT40,PC2,USP14,-3.567423052986401e-05,3.567423052986401e-05,474
RR3 FLT39→FLT40,PC2,USP19,-4.176101889618982e-05,4.176101889618982e-05,231
RR3 FLT39→FLT40,PC2,USP34,-3.5316918066116475e-05,3.5316918066116475e-05,490
RR3 FLT39→FLT40,PC2,VEGFB,-3.638988472420666e-05,3.638988472420666e-05,436
RR3 FLT39→FLT40,PC2,VPS72,-4.409174749714887e-05,4.409174749714887e-05,178
RR3 FLT39→FLT40,PC2,VWA3B,-6.270480674996334e-05,6.270480674996334e-05,37
RR3 FLT39→FLT40,PC2,WBP2,-4.355691571235482e-05,4.355691571235482e-05,197
RR3 FLT39→FLT40,PC2,WDR81,-3.7588087319776735e-05,3.7588087319776735e-05,378
RR3 FLT39→FLT40,PC2,WDR91,-4.437920556391971e-05,4.437920556391971e-05,169
RR3 FLT39→FLT40,PC2,WDTC1,-3.657590637086332e-05,3.657590637086332e-05,424
RR3 FLT39→FLT40,PC2,WNK4,-4.868536023676622e-05,4.868536023676622e-05,113
RR3 FLT39→FLT40,PC2,WNT9B,-4.417763720823819e-05,4.417763720823819e-05,172
RR3 FLT39→FLT40,PC2,WRNIP1,-3.531093574277061e-05,3.531093574277061e-05,491
RR3 FLT39→FLT40,PC2,XAB2,-3.757458596328053e-05,3.757458596328053e-05,380
RR3 FLT39→FLT40,PC2,XRCC1,-3.819383370235311e-05,3.819383370235311e-05,348
RR3 FLT39→FLT40,PC2,XRCC3,-3.911826395270318e-05,3.911826395270318e-05,309
RR3 FLT39→FLT40,PC2,ZBTB7B,-3.548971958752016e-05,3.548971958752016e-05,483
RR3 FLT39→FLT40,PC2,ZER1,-4.089354979229092e-05,4.089354979229092e-05,251
RR3 FLT39→FLT40,PC2,ZFC3H1,-4.008917021130893e-05,4.008917021130893e-05,283
RR3 FLT39→FLT40,PC2,ZFP36L1,-7.264070702255569e-05,7.264070702255569e-05,20
RR3 FLT39→FLT40,PC2,ZFPL1,-4.245419250169187e-05,4.245419250169187e-05,216
RR3 FLT39→FLT40,PC2,ZFPM1,-3.6865048377307945e-05,3.6865048377307945e-05,406
RR3 FLT39→FLT40,PC2,ZFYVE1,-4.764025718263955e-05,4.764025718263955e-05,119
RR3 FLT39→FLT40,PC2,ZFYVE26,-4.0322100275853814e-05,4.0322100275853814e-05,271
RR3 FLT39→FLT40,PC2,ZMIZ1,-4.143328632762016e-05,4.143328632762016e-05,239
RR3 FLT39→FLT40,PC2,ZMYM3,-3.569033086605528e-05,3.569033086605528e-05,473
RR3 FLT39→FLT40,PC2,ZNF280D,-3.76165167623288e-05,3.76165167623288e-05,375
RR3 FLT39→FLT40,PC2,ZNF292,-3.600086556866867e-05,3.600086556866867e-05,452
RR3 FLT39→FLT40,PC2,ZNF395,-4.529336365342587e-05,4.529336365342587e-05,146
RR3 FLT39→FLT40,PC2,ZNF414,-3.5899091571464e-05,3.5899091571464e-05,460
RR3 FLT39→FLT40,PC2,ZNF598,-3.661827188398428e-05,3.661827188398428e-05,421
RR3 FLT39→FLT40,PC2,ZNF652,-3.593173392393297e-05,3.593173392393297e-05,458
RR3 FLT39→FLT40,PC2,ZNF687,-3.5845025337635974e-05,3.5845025337635974e-05,464
RR3 FLT39→FLT40,PC2,ZSWIM8,-3.865461469128413e-05,3.865461469128413e-05,329
