[2026-09-01 00:34:05] cohort: 9,816 primary-tumor patients; classification=3,227; survival=9,668; cohorts=32
[2026-09-01 00:34:05] reusing prepared native expression matrices
[2026-09-01 00:34:05] verified FM input: log1p(TPM), shape=(9816, 15165), checkpoint=r7hnr92k
[2026-09-01 00:34:05] using DataParallel attention head across 2 GPUs
/home/walt/bridge-rna/.venv/lib/python3.11/site-packages/torch/nn/modules/linear.py:134: UserWarning: Attempting to run cuBLAS, but there was no current CUDA context! Attempting to set the primary context... (Triggered internally at /pytorch/aten/src/ATen/cuda/CublasHandlePool.cpp:370.)
  return F.linear(input, self.weight, self.bias)
[2026-09-01 00:35:06] heartbeat attention survival seed=0 epoch=1 risk pass samples=1,920/6,767 elapsed=1.0m eta_pass=2.5m
[2026-09-01 00:36:06] heartbeat attention survival seed=0 epoch=1 risk pass samples=3,128/6,767 elapsed=2.0m eta_pass=2.3m
[2026-09-01 00:37:07] heartbeat attention survival seed=0 epoch=1 risk pass samples=5,000/6,767 elapsed=3.0m eta_pass=1.1m
[2026-09-01 00:38:05] heartbeat attention survival seed=0 epoch=1 risk pass samples=6,767/6,767 elapsed=4.0m eta_pass=0.0m
[2026-09-01 00:39:06] heartbeat attention survival seed=0 epoch=1 gradient pass samples=2,080/6,767 elapsed=1.0m eta_pass=2.3m
[2026-09-01 00:40:06] heartbeat attention survival seed=0 epoch=1 gradient pass samples=3,992/6,767 elapsed=2.0m eta_pass=1.4m
[2026-09-01 00:41:06] heartbeat attention survival seed=0 epoch=1 gradient pass samples=6,064/6,767 elapsed=3.0m eta_pass=0.3m
[2026-09-01 00:41:27] heartbeat attention survival seed=0 epoch=1 gradient pass samples=6,767/6,767 elapsed=3.4m eta_pass=0.0m
/home/walt/bridge-rna/benchmarks/tcga_downstream/pipeline/run_attention_pooling.py:299: UserWarning: Converting a tensor with requires_grad=True to a scalar may lead to unexpected behavior.
Consider using tensor.detach() first. (Triggered internally at /pytorch/torch/csrc/autograd/generated/python_variable_methods.cpp:838.)
  say(f"attention survival seed={seed} epoch={epoch+1} train_loss={float(loss):.5f} "
[2026-09-01 00:41:55] attention survival seed=0 epoch=1 train_loss=8.05238 val_loss=6.31291 stale=0/20 elapsed=7.8m
[2026-09-01 00:42:55] heartbeat attention survival seed=0 epoch=2 risk pass samples=2,152/6,767 elapsed=1.0m eta_pass=2.1m
[2026-09-01 00:43:55] heartbeat attention survival seed=0 epoch=2 risk pass samples=4,288/6,767 elapsed=2.0m eta_pass=1.2m
[2026-09-01 00:44:56] heartbeat attention survival seed=0 epoch=2 risk pass samples=6,536/6,767 elapsed=3.0m eta_pass=0.1m
[2026-09-01 00:45:02] heartbeat attention survival seed=0 epoch=2 risk pass samples=6,767/6,767 elapsed=3.1m eta_pass=0.0m
[2026-09-01 00:46:02] heartbeat attention survival seed=0 epoch=2 gradient pass samples=2,120/6,767 elapsed=1.0m eta_pass=2.2m
[2026-09-01 00:47:02] heartbeat attention survival seed=0 epoch=2 gradient pass samples=4,184/6,767 elapsed=2.0m eta_pass=1.2m
[2026-09-01 00:48:02] heartbeat attention survival seed=0 epoch=2 gradient pass samples=6,368/6,767 elapsed=3.0m eta_pass=0.2m
[2026-09-01 00:48:13] heartbeat attention survival seed=0 epoch=2 gradient pass samples=6,767/6,767 elapsed=3.2m eta_pass=0.0m
[2026-09-01 00:48:40] attention survival seed=0 epoch=2 train_loss=8.20759 val_loss=6.13299 stale=0/20 elapsed=14.6m
[2026-09-01 00:49:40] heartbeat attention survival seed=0 epoch=3 risk pass samples=2,184/6,767 elapsed=1.0m eta_pass=2.1m
[2026-09-01 00:50:40] heartbeat attention survival seed=0 epoch=3 risk pass samples=4,392/6,767 elapsed=2.0m eta_pass=1.1m
[2026-09-01 00:51:40] heartbeat attention survival seed=0 epoch=3 risk pass samples=6,512/6,767 elapsed=3.0m eta_pass=0.1m
[2026-09-01 00:51:48] heartbeat attention survival seed=0 epoch=3 risk pass samples=6,767/6,767 elapsed=3.1m eta_pass=0.0m
[2026-09-01 00:52:48] heartbeat attention survival seed=0 epoch=3 gradient pass samples=1,856/6,767 elapsed=1.0m eta_pass=2.6m
[2026-09-01 00:53:48] heartbeat attention survival seed=0 epoch=3 gradient pass samples=3,680/6,767 elapsed=2.0m eta_pass=1.7m
[2026-09-01 00:54:48] heartbeat attention survival seed=0 epoch=3 gradient pass samples=5,560/6,767 elapsed=3.0m eta_pass=0.7m
[2026-09-01 00:55:24] heartbeat attention survival seed=0 epoch=3 gradient pass samples=6,767/6,767 elapsed=3.6m eta_pass=0.0m
[2026-09-01 00:55:52] attention survival seed=0 epoch=3 train_loss=8.08496 val_loss=5.96287 stale=0/20 elapsed=21.8m
[2026-09-01 00:56:52] heartbeat attention survival seed=0 epoch=4 risk pass samples=2,120/6,767 elapsed=1.0m eta_pass=2.2m
[2026-09-01 00:57:52] heartbeat attention survival seed=0 epoch=4 risk pass samples=4,344/6,767 elapsed=2.0m eta_pass=1.1m
[2026-09-01 00:58:52] heartbeat attention survival seed=0 epoch=4 risk pass samples=6,576/6,767 elapsed=3.0m eta_pass=0.1m
[2026-09-01 00:58:57] heartbeat attention survival seed=0 epoch=4 risk pass samples=6,767/6,767 elapsed=3.1m eta_pass=0.0m
[2026-09-01 00:59:58] heartbeat attention survival seed=0 epoch=4 gradient pass samples=2,136/6,767 elapsed=1.0m eta_pass=2.2m
[2026-09-01 01:00:58] heartbeat attention survival seed=0 epoch=4 gradient pass samples=4,224/6,767 elapsed=2.0m eta_pass=1.2m
[2026-09-01 01:01:58] heartbeat attention survival seed=0 epoch=4 gradient pass samples=6,392/6,767 elapsed=3.0m eta_pass=0.2m
[2026-09-01 01:02:08] heartbeat attention survival seed=0 epoch=4 gradient pass samples=6,767/6,767 elapsed=3.2m eta_pass=0.0m
[2026-09-01 01:02:35] attention survival seed=0 epoch=4 train_loss=7.90687 val_loss=5.99693 stale=1/20 elapsed=28.5m
[2026-09-01 01:03:35] heartbeat attention survival seed=0 epoch=5 risk pass samples=2,200/6,767 elapsed=1.0m eta_pass=2.1m
[2026-09-01 01:04:35] heartbeat attention survival seed=0 epoch=5 risk pass samples=4,408/6,767 elapsed=2.0m eta_pass=1.1m
[2026-09-01 01:05:35] heartbeat attention survival seed=0 epoch=5 risk pass samples=6,576/6,767 elapsed=3.0m eta_pass=0.1m
[2026-09-01 01:05:41] heartbeat attention survival seed=0 epoch=5 risk pass samples=6,767/6,767 elapsed=3.1m eta_pass=0.0m
[2026-09-01 01:06:41] heartbeat attention survival seed=0 epoch=5 gradient pass samples=2,144/6,767 elapsed=1.0m eta_pass=2.2m
[2026-09-01 01:07:41] heartbeat attention survival seed=0 epoch=5 gradient pass samples=4,288/6,767 elapsed=2.0m eta_pass=1.2m
[2026-09-01 01:08:41] heartbeat attention survival seed=0 epoch=5 gradient pass samples=6,408/6,767 elapsed=3.0m eta_pass=0.2m
[2026-09-01 01:08:51] heartbeat attention survival seed=0 epoch=5 gradient pass samples=6,767/6,767 elapsed=3.2m eta_pass=0.0m
[2026-09-01 01:09:20] attention survival seed=0 epoch=5 train_loss=7.92301 val_loss=5.99930 stale=2/20 elapsed=35.2m
[2026-09-01 01:10:20] heartbeat attention survival seed=0 epoch=6 risk pass samples=2,056/6,767 elapsed=1.0m eta_pass=2.3m
[2026-09-01 01:11:20] heartbeat attention survival seed=0 epoch=6 risk pass samples=4,168/6,767 elapsed=2.0m eta_pass=1.2m
[2026-09-01 01:12:20] heartbeat attention survival seed=0 epoch=6 risk pass samples=6,136/6,767 elapsed=3.0m eta_pass=0.3m
[2026-09-01 01:12:39] heartbeat attention survival seed=0 epoch=6 risk pass samples=6,767/6,767 elapsed=3.3m eta_pass=0.0m
[2026-09-01 01:13:39] heartbeat attention survival seed=0 epoch=6 gradient pass samples=1,992/6,767 elapsed=1.0m eta_pass=2.4m
[2026-09-01 01:14:40] heartbeat attention survival seed=0 epoch=6 gradient pass samples=4,000/6,767 elapsed=2.0m eta_pass=1.4m
[2026-09-01 01:15:40] heartbeat attention survival seed=0 epoch=6 gradient pass samples=6,040/6,767 elapsed=3.0m eta_pass=0.4m
[2026-09-01 01:16:01] heartbeat attention survival seed=0 epoch=6 gradient pass samples=6,767/6,767 elapsed=3.4m eta_pass=0.0m
[2026-09-01 01:16:30] attention survival seed=0 epoch=6 train_loss=7.92096 val_loss=5.97514 stale=3/20 elapsed=42.4m
[2026-09-01 01:17:30] heartbeat attention survival seed=0 epoch=7 risk pass samples=2,024/6,767 elapsed=1.0m eta_pass=2.3m
[2026-09-01 01:18:30] heartbeat attention survival seed=0 epoch=7 risk pass samples=4,032/6,767 elapsed=2.0m eta_pass=1.4m
[2026-09-01 01:19:30] heartbeat attention survival seed=0 epoch=7 risk pass samples=6,072/6,767 elapsed=3.0m eta_pass=0.3m
[2026-09-01 01:19:50] heartbeat attention survival seed=0 epoch=7 risk pass samples=6,767/6,767 elapsed=3.3m eta_pass=0.0m
[2026-09-01 01:20:50] heartbeat attention survival seed=0 epoch=7 gradient pass samples=2,048/6,767 elapsed=1.0m eta_pass=2.3m
[2026-09-01 01:21:50] heartbeat attention survival seed=0 epoch=7 gradient pass samples=4,144/6,767 elapsed=2.0m eta_pass=1.3m
[2026-09-01 01:22:50] heartbeat attention survival seed=0 epoch=7 gradient pass samples=6,232/6,767 elapsed=3.0m eta_pass=0.3m
[2026-09-01 01:23:05] heartbeat attention survival seed=0 epoch=7 gradient pass samples=6,767/6,767 elapsed=3.3m eta_pass=0.0m
[2026-09-01 01:23:34] attention survival seed=0 epoch=7 train_loss=7.90058 val_loss=5.94932 stale=0/20 elapsed=49.4m
[2026-09-01 01:24:34] heartbeat attention survival seed=0 epoch=8 risk pass samples=2,000/6,767 elapsed=1.0m eta_pass=2.4m
[2026-09-01 01:25:34] heartbeat attention survival seed=0 epoch=8 risk pass samples=3,992/6,767 elapsed=2.0m eta_pass=1.4m
[2026-09-01 01:26:34] heartbeat attention survival seed=0 epoch=8 risk pass samples=6,024/6,767 elapsed=3.0m eta_pass=0.4m
[2026-09-01 01:26:57] heartbeat attention survival seed=0 epoch=8 risk pass samples=6,767/6,767 elapsed=3.4m eta_pass=0.0m
[2026-09-01 01:27:57] heartbeat attention survival seed=0 epoch=8 gradient pass samples=2,000/6,767 elapsed=1.0m eta_pass=2.4m
[2026-09-01 01:28:57] heartbeat attention survival seed=0 epoch=8 gradient pass samples=4,000/6,767 elapsed=2.0m eta_pass=1.4m
[2026-09-01 01:29:57] heartbeat attention survival seed=0 epoch=8 gradient pass samples=6,008/6,767 elapsed=3.0m eta_pass=0.4m
[2026-09-01 01:30:21] heartbeat attention survival seed=0 epoch=8 gradient pass samples=6,767/6,767 elapsed=3.4m eta_pass=0.0m
[2026-09-01 01:30:50] attention survival seed=0 epoch=8 train_loss=7.88081 val_loss=5.93162 stale=0/20 elapsed=56.7m
[2026-09-01 01:31:50] heartbeat attention survival seed=0 epoch=9 risk pass samples=2,008/6,767 elapsed=1.0m eta_pass=2.4m
[2026-09-01 01:32:50] heartbeat attention survival seed=0 epoch=9 risk pass samples=3,992/6,767 elapsed=2.0m eta_pass=1.4m
[2026-09-01 01:33:51] heartbeat attention survival seed=0 epoch=9 risk pass samples=5,952/6,767 elapsed=3.0m eta_pass=0.4m
[2026-09-01 01:34:15] heartbeat attention survival seed=0 epoch=9 risk pass samples=6,767/6,767 elapsed=3.4m eta_pass=0.0m
[2026-09-01 01:35:15] heartbeat attention survival seed=0 epoch=9 gradient pass samples=1,984/6,767 elapsed=1.0m eta_pass=2.4m
[2026-09-01 01:36:15] heartbeat attention survival seed=0 epoch=9 gradient pass samples=4,008/6,767 elapsed=2.0m eta_pass=1.4m
[2026-09-01 01:37:16] heartbeat attention survival seed=0 epoch=9 gradient pass samples=6,032/6,767 elapsed=3.0m eta_pass=0.4m
[2026-09-01 01:37:37] heartbeat attention survival seed=0 epoch=9 gradient pass samples=6,767/6,767 elapsed=3.4m eta_pass=0.0m
[2026-09-01 01:38:07] attention survival seed=0 epoch=9 train_loss=7.86783 val_loss=5.91897 stale=0/20 elapsed=64.0m
[2026-09-01 01:39:07] heartbeat attention survival seed=0 epoch=10 risk pass samples=1,976/6,767 elapsed=1.0m eta_pass=2.4m
[2026-09-01 01:40:07] heartbeat attention survival seed=0 epoch=10 risk pass samples=3,944/6,767 elapsed=2.0m eta_pass=1.4m
[2026-09-01 01:41:07] heartbeat attention survival seed=0 epoch=10 risk pass samples=5,944/6,767 elapsed=3.0m eta_pass=0.4m
[2026-09-01 01:41:32] heartbeat attention survival seed=0 epoch=10 risk pass samples=6,767/6,767 elapsed=3.4m eta_pass=0.0m
[2026-09-01 01:42:33] heartbeat attention survival seed=0 epoch=10 gradient pass samples=1,968/6,767 elapsed=1.0m eta_pass=2.4m
[2026-09-01 01:43:33] heartbeat attention survival seed=0 epoch=10 gradient pass samples=3,912/6,767 elapsed=2.0m eta_pass=1.5m
[2026-09-01 01:44:33] heartbeat attention survival seed=0 epoch=10 gradient pass samples=5,904/6,767 elapsed=3.0m eta_pass=0.4m
[2026-09-01 01:44:59] heartbeat attention survival seed=0 epoch=10 gradient pass samples=6,767/6,767 elapsed=3.4m eta_pass=0.0m
[2026-09-01 01:45:30] attention survival seed=0 epoch=10 train_loss=7.85660 val_loss=5.90658 stale=0/20 elapsed=71.4m
[2026-09-01 01:46:30] heartbeat attention survival seed=0 epoch=11 risk pass samples=2,000/6,767 elapsed=1.0m eta_pass=2.4m
[2026-09-01 01:47:30] heartbeat attention survival seed=0 epoch=11 risk pass samples=3,968/6,767 elapsed=2.0m eta_pass=1.4m
[2026-09-01 01:48:30] heartbeat attention survival seed=0 epoch=11 risk pass samples=6,008/6,767 elapsed=3.0m eta_pass=0.4m
[2026-09-01 01:48:53] heartbeat attention survival seed=0 epoch=11 risk pass samples=6,767/6,767 elapsed=3.4m eta_pass=0.0m
[2026-09-01 01:49:54] heartbeat attention survival seed=0 epoch=11 gradient pass samples=2,008/6,767 elapsed=1.0m eta_pass=2.4m
[2026-09-01 01:50:54] heartbeat attention survival seed=0 epoch=11 gradient pass samples=4,032/6,767 elapsed=2.0m eta_pass=1.4m
[2026-09-01 01:51:54] heartbeat attention survival seed=0 epoch=11 gradient pass samples=6,096/6,767 elapsed=3.0m eta_pass=0.3m
[2026-09-01 01:52:14] heartbeat attention survival seed=0 epoch=11 gradient pass samples=6,767/6,767 elapsed=3.3m eta_pass=0.0m
[2026-09-01 01:52:44] attention survival seed=0 epoch=11 train_loss=7.84321 val_loss=5.89148 stale=0/20 elapsed=78.6m
[2026-09-01 01:53:44] heartbeat attention survival seed=0 epoch=12 risk pass samples=2,024/6,767 elapsed=1.0m eta_pass=2.3m
[2026-09-01 01:54:44] heartbeat attention survival seed=0 epoch=12 risk pass samples=4,000/6,767 elapsed=2.0m eta_pass=1.4m
[2026-09-01 01:55:44] heartbeat attention survival seed=0 epoch=12 risk pass samples=6,016/6,767 elapsed=3.0m eta_pass=0.4m
[2026-09-01 01:56:06] heartbeat attention survival seed=0 epoch=12 risk pass samples=6,767/6,767 elapsed=3.4m eta_pass=0.0m
[2026-09-01 01:57:06] heartbeat attention survival seed=0 epoch=12 gradient pass samples=2,072/6,767 elapsed=1.0m eta_pass=2.3m
[2026-09-01 01:58:07] heartbeat attention survival seed=0 epoch=12 gradient pass samples=4,048/6,767 elapsed=2.0m eta_pass=1.3m
[2026-09-01 01:59:07] heartbeat attention survival seed=0 epoch=12 gradient pass samples=5,984/6,767 elapsed=3.0m eta_pass=0.4m
[2026-09-01 01:59:31] heartbeat attention survival seed=0 epoch=12 gradient pass samples=6,767/6,767 elapsed=3.4m eta_pass=0.0m
[2026-09-01 01:59:59] attention survival seed=0 epoch=12 train_loss=7.82742 val_loss=5.87200 stale=0/20 elapsed=85.9m
[2026-09-01 02:01:00] heartbeat attention survival seed=0 epoch=13 risk pass samples=1,944/6,767 elapsed=1.0m eta_pass=2.5m
[2026-09-01 02:02:00] heartbeat attention survival seed=0 epoch=13 risk pass samples=3,944/6,767 elapsed=2.0m eta_pass=1.4m
[2026-09-01 02:03:00] heartbeat attention survival seed=0 epoch=13 risk pass samples=5,960/6,767 elapsed=3.0m eta_pass=0.4m
[2026-09-01 02:03:24] heartbeat attention survival seed=0 epoch=13 risk pass samples=6,767/6,767 elapsed=3.4m eta_pass=0.0m
[2026-09-01 02:04:25] heartbeat attention survival seed=0 epoch=13 gradient pass samples=2,000/6,767 elapsed=1.0m eta_pass=2.4m
[2026-09-01 02:05:25] heartbeat attention survival seed=0 epoch=13 gradient pass samples=3,968/6,767 elapsed=2.0m eta_pass=1.4m
[2026-09-01 02:06:25] heartbeat attention survival seed=0 epoch=13 gradient pass samples=5,856/6,767 elapsed=3.0m eta_pass=0.5m
[2026-09-01 02:06:53] heartbeat attention survival seed=0 epoch=13 gradient pass samples=6,767/6,767 elapsed=3.5m eta_pass=0.0m
[2026-09-01 02:07:23] attention survival seed=0 epoch=13 train_loss=7.80969 val_loss=5.85550 stale=0/20 elapsed=93.2m
[2026-09-01 02:08:23] heartbeat attention survival seed=0 epoch=14 risk pass samples=1,944/6,767 elapsed=1.0m eta_pass=2.5m
[2026-09-01 02:09:23] heartbeat attention survival seed=0 epoch=14 risk pass samples=3,888/6,767 elapsed=2.0m eta_pass=1.5m
[2026-09-01 02:10:23] heartbeat attention survival seed=0 epoch=14 risk pass samples=5,808/6,767 elapsed=3.0m eta_pass=0.5m
[2026-09-01 02:10:53] heartbeat attention survival seed=0 epoch=14 risk pass samples=6,767/6,767 elapsed=3.5m eta_pass=0.0m
[2026-09-01 02:11:54] heartbeat attention survival seed=0 epoch=14 gradient pass samples=1,816/6,767 elapsed=1.0m eta_pass=2.7m
[2026-09-01 02:12:54] heartbeat attention survival seed=0 epoch=14 gradient pass samples=3,664/6,767 elapsed=2.0m eta_pass=1.7m
[2026-09-01 02:13:54] heartbeat attention survival seed=0 epoch=14 gradient pass samples=5,448/6,767 elapsed=3.0m eta_pass=0.7m
[2026-09-01 02:14:36] heartbeat attention survival seed=0 epoch=14 gradient pass samples=6,767/6,767 elapsed=3.7m eta_pass=0.0m
[2026-09-01 02:15:07] attention survival seed=0 epoch=14 train_loss=7.79637 val_loss=5.84554 stale=0/20 elapsed=101.0m
[2026-09-01 02:16:07] heartbeat attention survival seed=0 epoch=15 risk pass samples=1,936/6,767 elapsed=1.0m eta_pass=2.5m
[2026-09-01 02:17:07] heartbeat attention survival seed=0 epoch=15 risk pass samples=3,904/6,767 elapsed=2.0m eta_pass=1.5m
[2026-09-01 02:18:07] heartbeat attention survival seed=0 epoch=15 risk pass samples=5,840/6,767 elapsed=3.0m eta_pass=0.5m
[2026-09-01 02:18:33] heartbeat attention survival seed=0 epoch=15 risk pass samples=6,767/6,767 elapsed=3.4m eta_pass=0.0m
[2026-09-01 02:19:34] heartbeat attention survival seed=0 epoch=15 gradient pass samples=2,080/6,767 elapsed=1.0m eta_pass=2.3m
[2026-09-01 02:20:34] heartbeat attention survival seed=0 epoch=15 gradient pass samples=4,160/6,767 elapsed=2.0m eta_pass=1.3m
[2026-09-01 02:21:34] heartbeat attention survival seed=0 epoch=15 gradient pass samples=6,240/6,767 elapsed=3.0m eta_pass=0.3m
[2026-09-01 02:21:49] heartbeat attention survival seed=0 epoch=15 gradient pass samples=6,767/6,767 elapsed=3.3m eta_pass=0.0m
[2026-09-01 02:22:18] attention survival seed=0 epoch=15 train_loss=7.78849 val_loss=5.83600 stale=0/20 elapsed=108.2m
[2026-09-01 02:23:18] heartbeat attention survival seed=0 epoch=16 risk pass samples=2,128/6,767 elapsed=1.0m eta_pass=2.2m
[2026-09-01 02:24:18] heartbeat attention survival seed=0 epoch=16 risk pass samples=4,208/6,767 elapsed=2.0m eta_pass=1.2m
[2026-09-01 02:25:19] heartbeat attention survival seed=0 epoch=16 risk pass samples=6,288/6,767 elapsed=3.0m eta_pass=0.2m
[2026-09-01 02:25:32] heartbeat attention survival seed=0 epoch=16 risk pass samples=6,767/6,767 elapsed=3.2m eta_pass=0.0m
[2026-09-01 02:26:33] heartbeat attention survival seed=0 epoch=16 gradient pass samples=2,024/6,767 elapsed=1.0m eta_pass=2.3m
[2026-09-01 02:27:33] heartbeat attention survival seed=0 epoch=16 gradient pass samples=4,048/6,767 elapsed=2.0m eta_pass=1.3m
[2026-09-01 02:28:33] heartbeat attention survival seed=0 epoch=16 gradient pass samples=6,088/6,767 elapsed=3.0m eta_pass=0.3m
[2026-09-01 02:28:53] heartbeat attention survival seed=0 epoch=16 gradient pass samples=6,767/6,767 elapsed=3.3m eta_pass=0.0m
[2026-09-01 02:29:22] attention survival seed=0 epoch=16 train_loss=7.77884 val_loss=5.82716 stale=0/20 elapsed=115.2m
[2026-09-01 02:30:22] heartbeat attention survival seed=0 epoch=17 risk pass samples=2,096/6,767 elapsed=1.0m eta_pass=2.2m
[2026-09-01 02:31:22] heartbeat attention survival seed=0 epoch=17 risk pass samples=4,176/6,767 elapsed=2.0m eta_pass=1.2m
[2026-09-01 02:32:23] heartbeat attention survival seed=0 epoch=17 risk pass samples=6,216/6,767 elapsed=3.0m eta_pass=0.3m
[2026-09-01 02:32:38] heartbeat attention survival seed=0 epoch=17 risk pass samples=6,767/6,767 elapsed=3.3m eta_pass=0.0m
[2026-09-01 02:33:39] heartbeat attention survival seed=0 epoch=17 gradient pass samples=2,040/6,767 elapsed=1.0m eta_pass=2.3m
[2026-09-01 02:34:39] heartbeat attention survival seed=0 epoch=17 gradient pass samples=4,080/6,767 elapsed=2.0m eta_pass=1.3m
[2026-09-01 02:35:39] heartbeat attention survival seed=0 epoch=17 gradient pass samples=6,112/6,767 elapsed=3.0m eta_pass=0.3m
[2026-09-01 02:35:59] heartbeat attention survival seed=0 epoch=17 gradient pass samples=6,767/6,767 elapsed=3.3m eta_pass=0.0m
[2026-09-01 02:36:29] attention survival seed=0 epoch=17 train_loss=7.76874 val_loss=5.81361 stale=0/20 elapsed=122.3m
[2026-09-01 02:37:29] heartbeat attention survival seed=0 epoch=18 risk pass samples=1,936/6,767 elapsed=1.0m eta_pass=2.5m
[2026-09-01 02:38:30] heartbeat attention survival seed=0 epoch=18 risk pass samples=3,824/6,767 elapsed=2.0m eta_pass=1.5m
[2026-09-01 02:39:30] heartbeat attention survival seed=0 epoch=18 risk pass samples=5,680/6,767 elapsed=3.0m eta_pass=0.6m
[2026-09-01 02:40:01] heartbeat attention survival seed=0 epoch=18 risk pass samples=6,767/6,767 elapsed=3.5m eta_pass=0.0m
[2026-09-01 02:41:02] heartbeat attention survival seed=0 epoch=18 gradient pass samples=2,040/6,767 elapsed=1.0m eta_pass=2.3m
[2026-09-01 02:42:02] heartbeat attention survival seed=0 epoch=18 gradient pass samples=4,120/6,767 elapsed=2.0m eta_pass=1.3m
[2026-09-01 02:43:02] heartbeat attention survival seed=0 epoch=18 gradient pass samples=6,128/6,767 elapsed=3.0m eta_pass=0.3m
[2026-09-01 02:43:21] heartbeat attention survival seed=0 epoch=18 gradient pass samples=6,767/6,767 elapsed=3.3m eta_pass=0.0m
[2026-09-01 02:43:50] attention survival seed=0 epoch=18 train_loss=7.75547 val_loss=5.80420 stale=0/20 elapsed=129.7m
[2026-09-01 02:44:50] heartbeat attention survival seed=0 epoch=19 risk pass samples=2,008/6,767 elapsed=1.0m eta_pass=2.4m
[2026-09-01 02:45:50] heartbeat attention survival seed=0 epoch=19 risk pass samples=4,064/6,767 elapsed=2.0m eta_pass=1.3m
[2026-09-01 02:46:50] heartbeat attention survival seed=0 epoch=19 risk pass samples=6,176/6,767 elapsed=3.0m eta_pass=0.3m
[2026-09-01 02:47:07] heartbeat attention survival seed=0 epoch=19 risk pass samples=6,767/6,767 elapsed=3.3m eta_pass=0.0m
[2026-09-01 02:48:07] heartbeat attention survival seed=0 epoch=19 gradient pass samples=2,032/6,767 elapsed=1.0m eta_pass=2.3m
[2026-09-01 02:49:07] heartbeat attention survival seed=0 epoch=19 gradient pass samples=4,112/6,767 elapsed=2.0m eta_pass=1.3m
[2026-09-01 02:50:07] heartbeat attention survival seed=0 epoch=19 gradient pass samples=6,176/6,767 elapsed=3.0m eta_pass=0.3m
[2026-09-01 02:50:25] heartbeat attention survival seed=0 epoch=19 gradient pass samples=6,767/6,767 elapsed=3.3m eta_pass=0.0m
[2026-09-01 02:50:52] attention survival seed=0 epoch=19 train_loss=7.74567 val_loss=5.80279 stale=0/20 elapsed=136.7m
[2026-09-01 02:51:52] heartbeat attention survival seed=0 epoch=20 risk pass samples=2,072/6,767 elapsed=1.0m eta_pass=2.3m
[2026-09-01 02:52:52] heartbeat attention survival seed=0 epoch=20 risk pass samples=4,152/6,767 elapsed=2.0m eta_pass=1.3m
[2026-09-01 02:53:53] heartbeat attention survival seed=0 epoch=20 risk pass samples=6,256/6,767 elapsed=3.0m eta_pass=0.2m
[2026-09-01 02:54:08] heartbeat attention survival seed=0 epoch=20 risk pass samples=6,767/6,767 elapsed=3.3m eta_pass=0.0m
[2026-09-01 02:55:08] heartbeat attention survival seed=0 epoch=20 gradient pass samples=2,056/6,767 elapsed=1.0m eta_pass=2.3m
[2026-09-01 02:56:08] heartbeat attention survival seed=0 epoch=20 gradient pass samples=4,120/6,767 elapsed=2.0m eta_pass=1.3m
[2026-09-01 02:57:08] heartbeat attention survival seed=0 epoch=20 gradient pass samples=6,200/6,767 elapsed=3.0m eta_pass=0.3m
[2026-09-01 02:57:25] heartbeat attention survival seed=0 epoch=20 gradient pass samples=6,767/6,767 elapsed=3.3m eta_pass=0.0m
[2026-09-01 02:57:53] attention survival seed=0 epoch=20 train_loss=7.73706 val_loss=5.80464 stale=1/20 elapsed=143.7m
[2026-09-01 02:58:53] heartbeat attention survival seed=0 epoch=21 risk pass samples=2,088/6,767 elapsed=1.0m eta_pass=2.2m
[2026-09-01 02:59:53] heartbeat attention survival seed=0 epoch=21 risk pass samples=4,088/6,767 elapsed=2.0m eta_pass=1.3m
[2026-09-01 03:00:53] heartbeat attention survival seed=0 epoch=21 risk pass samples=6,168/6,767 elapsed=3.0m eta_pass=0.3m
[2026-09-01 03:01:10] heartbeat attention survival seed=0 epoch=21 risk pass samples=6,767/6,767 elapsed=3.3m eta_pass=0.0m
[2026-09-01 03:02:10] heartbeat attention survival seed=0 epoch=21 gradient pass samples=2,040/6,767 elapsed=1.0m eta_pass=2.3m
[2026-09-01 03:03:11] heartbeat attention survival seed=0 epoch=21 gradient pass samples=4,088/6,767 elapsed=2.0m eta_pass=1.3m
[2026-09-01 03:04:11] heartbeat attention survival seed=0 epoch=21 gradient pass samples=6,128/6,767 elapsed=3.0m eta_pass=0.3m
[2026-09-01 03:04:30] heartbeat attention survival seed=0 epoch=21 gradient pass samples=6,767/6,767 elapsed=3.3m eta_pass=0.0m
[2026-09-01 03:04:58] attention survival seed=0 epoch=21 train_loss=7.73260 val_loss=5.79193 stale=0/20 elapsed=150.8m
[2026-09-01 03:05:58] heartbeat attention survival seed=0 epoch=22 risk pass samples=2,104/6,767 elapsed=1.0m eta_pass=2.2m
[2026-09-01 03:06:58] heartbeat attention survival seed=0 epoch=22 risk pass samples=4,240/6,767 elapsed=2.0m eta_pass=1.2m
[2026-09-01 03:07:58] heartbeat attention survival seed=0 epoch=22 risk pass samples=6,336/6,767 elapsed=3.0m eta_pass=0.2m
[2026-09-01 03:08:10] heartbeat attention survival seed=0 epoch=22 risk pass samples=6,767/6,767 elapsed=3.2m eta_pass=0.0m
[2026-09-01 03:09:11] heartbeat attention survival seed=0 epoch=22 gradient pass samples=2,096/6,767 elapsed=1.0m eta_pass=2.2m
[2026-09-01 03:10:11] heartbeat attention survival seed=0 epoch=22 gradient pass samples=4,120/6,767 elapsed=2.0m eta_pass=1.3m
[2026-09-01 03:11:11] heartbeat attention survival seed=0 epoch=22 gradient pass samples=6,176/6,767 elapsed=3.0m eta_pass=0.3m
[2026-09-01 03:11:29] heartbeat attention survival seed=0 epoch=22 gradient pass samples=6,767/6,767 elapsed=3.3m eta_pass=0.0m
[2026-09-01 03:11:57] attention survival seed=0 epoch=22 train_loss=7.72457 val_loss=5.78134 stale=0/20 elapsed=157.8m
[2026-09-01 03:12:57] heartbeat attention survival seed=0 epoch=23 risk pass samples=2,048/6,767 elapsed=1.0m eta_pass=2.3m
[2026-09-01 03:13:57] heartbeat attention survival seed=0 epoch=23 risk pass samples=4,112/6,767 elapsed=2.0m eta_pass=1.3m
[2026-09-01 03:14:57] heartbeat attention survival seed=0 epoch=23 risk pass samples=6,200/6,767 elapsed=3.0m eta_pass=0.3m
[2026-09-01 03:15:14] heartbeat attention survival seed=0 epoch=23 risk pass samples=6,767/6,767 elapsed=3.3m eta_pass=0.0m
[2026-09-01 03:16:14] heartbeat attention survival seed=0 epoch=23 gradient pass samples=2,040/6,767 elapsed=1.0m eta_pass=2.3m
[2026-09-01 03:17:14] heartbeat attention survival seed=0 epoch=23 gradient pass samples=4,088/6,767 elapsed=2.0m eta_pass=1.3m
[2026-09-01 03:18:15] heartbeat attention survival seed=0 epoch=23 gradient pass samples=6,096/6,767 elapsed=3.0m eta_pass=0.3m
[2026-09-01 03:18:34] heartbeat attention survival seed=0 epoch=23 gradient pass samples=6,767/6,767 elapsed=3.3m eta_pass=0.0m
[2026-09-01 03:19:02] attention survival seed=0 epoch=23 train_loss=7.71590 val_loss=5.77540 stale=0/20 elapsed=164.9m
[2026-09-01 03:20:02] heartbeat attention survival seed=0 epoch=24 risk pass samples=2,120/6,767 elapsed=1.0m eta_pass=2.2m
[2026-09-01 03:21:02] heartbeat attention survival seed=0 epoch=24 risk pass samples=4,232/6,767 elapsed=2.0m eta_pass=1.2m
[2026-09-01 03:22:02] heartbeat attention survival seed=0 epoch=24 risk pass samples=6,336/6,767 elapsed=3.0m eta_pass=0.2m
[2026-09-01 03:22:15] heartbeat attention survival seed=0 epoch=24 risk pass samples=6,767/6,767 elapsed=3.2m eta_pass=0.0m
[2026-09-01 03:23:15] heartbeat attention survival seed=0 epoch=24 gradient pass samples=2,040/6,767 elapsed=1.0m eta_pass=2.3m
[2026-09-01 03:24:15] heartbeat attention survival seed=0 epoch=24 gradient pass samples=4,088/6,767 elapsed=2.0m eta_pass=1.3m
[2026-09-01 03:25:15] heartbeat attention survival seed=0 epoch=24 gradient pass samples=6,136/6,767 elapsed=3.0m eta_pass=0.3m
[2026-09-01 03:25:33] heartbeat attention survival seed=0 epoch=24 gradient pass samples=6,767/6,767 elapsed=3.3m eta_pass=0.0m
[2026-09-01 03:26:02] attention survival seed=0 epoch=24 train_loss=7.70987 val_loss=5.76079 stale=0/20 elapsed=171.9m
[2026-09-01 03:27:02] heartbeat attention survival seed=0 epoch=25 risk pass samples=2,096/6,767 elapsed=1.0m eta_pass=2.2m
[2026-09-01 03:28:02] heartbeat attention survival seed=0 epoch=25 risk pass samples=4,176/6,767 elapsed=2.0m eta_pass=1.2m
[2026-09-01 03:29:02] heartbeat attention survival seed=0 epoch=25 risk pass samples=6,256/6,767 elapsed=3.0m eta_pass=0.2m
[2026-09-01 03:29:17] heartbeat attention survival seed=0 epoch=25 risk pass samples=6,767/6,767 elapsed=3.3m eta_pass=0.0m
[2026-09-01 03:30:17] heartbeat attention survival seed=0 epoch=25 gradient pass samples=2,048/6,767 elapsed=1.0m eta_pass=2.3m
[2026-09-01 03:31:17] heartbeat attention survival seed=0 epoch=25 gradient pass samples=4,096/6,767 elapsed=2.0m eta_pass=1.3m
[2026-09-01 03:32:17] heartbeat attention survival seed=0 epoch=25 gradient pass samples=6,128/6,767 elapsed=3.0m eta_pass=0.3m
[2026-09-01 03:32:36] heartbeat attention survival seed=0 epoch=25 gradient pass samples=6,767/6,767 elapsed=3.3m eta_pass=0.0m
[2026-09-01 03:33:05] attention survival seed=0 epoch=25 train_loss=7.70316 val_loss=5.75474 stale=0/20 elapsed=178.9m
[2026-09-01 03:34:05] heartbeat attention survival seed=0 epoch=26 risk pass samples=2,024/6,767 elapsed=1.0m eta_pass=2.3m
[2026-09-01 03:35:05] heartbeat attention survival seed=0 epoch=26 risk pass samples=4,024/6,767 elapsed=2.0m eta_pass=1.4m
[2026-09-01 03:36:05] heartbeat attention survival seed=0 epoch=26 risk pass samples=6,032/6,767 elapsed=3.0m eta_pass=0.4m
[2026-09-01 03:36:27] heartbeat attention survival seed=0 epoch=26 risk pass samples=6,767/6,767 elapsed=3.4m eta_pass=0.0m
[2026-09-01 03:37:27] heartbeat attention survival seed=0 epoch=26 gradient pass samples=2,000/6,767 elapsed=1.0m eta_pass=2.4m
[2026-09-01 03:38:27] heartbeat attention survival seed=0 epoch=26 gradient pass samples=4,032/6,767 elapsed=2.0m eta_pass=1.4m
[2026-09-01 03:39:28] heartbeat attention survival seed=0 epoch=26 gradient pass samples=6,064/6,767 elapsed=3.0m eta_pass=0.3m
[2026-09-01 03:39:49] heartbeat attention survival seed=0 epoch=26 gradient pass samples=6,767/6,767 elapsed=3.4m eta_pass=0.0m
[2026-09-01 03:40:20] attention survival seed=0 epoch=26 train_loss=7.69521 val_loss=5.75194 stale=0/20 elapsed=186.2m
[2026-09-01 03:41:20] heartbeat attention survival seed=0 epoch=27 risk pass samples=1,936/6,767 elapsed=1.0m eta_pass=2.5m
[2026-09-01 03:42:20] heartbeat attention survival seed=0 epoch=27 risk pass samples=3,800/6,767 elapsed=2.0m eta_pass=1.6m
[2026-09-01 03:43:20] heartbeat attention survival seed=0 epoch=27 risk pass samples=5,728/6,767 elapsed=3.0m eta_pass=0.5m
[2026-09-01 03:43:51] heartbeat attention survival seed=0 epoch=27 risk pass samples=6,767/6,767 elapsed=3.5m eta_pass=0.0m
[2026-09-01 03:44:51] heartbeat attention survival seed=0 epoch=27 gradient pass samples=2,016/6,767 elapsed=1.0m eta_pass=2.4m
[2026-09-01 03:45:51] heartbeat attention survival seed=0 epoch=27 gradient pass samples=4,056/6,767 elapsed=2.0m eta_pass=1.3m
[2026-09-01 03:46:51] heartbeat attention survival seed=0 epoch=27 gradient pass samples=6,088/6,767 elapsed=3.0m eta_pass=0.3m
[2026-09-01 03:47:11] heartbeat attention survival seed=0 epoch=27 gradient pass samples=6,767/6,767 elapsed=3.3m eta_pass=0.0m
[2026-09-01 03:47:39] attention survival seed=0 epoch=27 train_loss=7.68858 val_loss=5.74682 stale=0/20 elapsed=193.5m
[2026-09-01 03:48:39] heartbeat attention survival seed=0 epoch=28 risk pass samples=2,080/6,767 elapsed=1.0m eta_pass=2.3m
[2026-09-01 03:49:39] heartbeat attention survival seed=0 epoch=28 risk pass samples=4,152/6,767 elapsed=2.0m eta_pass=1.3m
[2026-09-01 03:50:39] heartbeat attention survival seed=0 epoch=28 risk pass samples=6,232/6,767 elapsed=3.0m eta_pass=0.3m
[2026-09-01 03:50:55] heartbeat attention survival seed=0 epoch=28 risk pass samples=6,767/6,767 elapsed=3.3m eta_pass=0.0m
[2026-09-01 03:51:55] heartbeat attention survival seed=0 epoch=28 gradient pass samples=2,056/6,767 elapsed=1.0m eta_pass=2.3m
[2026-09-01 03:52:55] heartbeat attention survival seed=0 epoch=28 gradient pass samples=4,112/6,767 elapsed=2.0m eta_pass=1.3m
[2026-09-01 03:53:55] heartbeat attention survival seed=0 epoch=28 gradient pass samples=6,088/6,767 elapsed=3.0m eta_pass=0.3m
[2026-09-01 03:54:15] heartbeat attention survival seed=0 epoch=28 gradient pass samples=6,767/6,767 elapsed=3.3m eta_pass=0.0m
[2026-09-01 03:54:43] attention survival seed=0 epoch=28 train_loss=7.68362 val_loss=5.74867 stale=1/20 elapsed=200.5m
[2026-09-01 03:55:43] heartbeat attention survival seed=0 epoch=29 risk pass samples=2,096/6,767 elapsed=1.0m eta_pass=2.2m
[2026-09-01 03:56:43] heartbeat attention survival seed=0 epoch=29 risk pass samples=4,168/6,767 elapsed=2.0m eta_pass=1.3m
[2026-09-01 03:57:43] heartbeat attention survival seed=0 epoch=29 risk pass samples=6,192/6,767 elapsed=3.0m eta_pass=0.3m
[2026-09-01 03:58:01] heartbeat attention survival seed=0 epoch=29 risk pass samples=6,767/6,767 elapsed=3.3m eta_pass=0.0m
[2026-09-01 03:59:01] heartbeat attention survival seed=0 epoch=29 gradient pass samples=2,048/6,767 elapsed=1.0m eta_pass=2.3m
[2026-09-01 04:00:02] heartbeat attention survival seed=0 epoch=29 gradient pass samples=4,120/6,767 elapsed=2.0m eta_pass=1.3m
[2026-09-01 04:01:02] heartbeat attention survival seed=0 epoch=29 gradient pass samples=6,192/6,767 elapsed=3.0m eta_pass=0.3m
[2026-09-01 04:01:18] heartbeat attention survival seed=0 epoch=29 gradient pass samples=6,767/6,767 elapsed=3.3m eta_pass=0.0m
[2026-09-01 04:01:46] attention survival seed=0 epoch=29 train_loss=7.67918 val_loss=5.74678 stale=0/20 elapsed=207.6m
[2026-09-01 04:02:46] heartbeat attention survival seed=0 epoch=30 risk pass samples=2,080/6,767 elapsed=1.0m eta_pass=2.3m
[2026-09-01 04:03:46] heartbeat attention survival seed=0 epoch=30 risk pass samples=4,184/6,767 elapsed=2.0m eta_pass=1.2m
[2026-09-01 04:04:47] heartbeat attention survival seed=0 epoch=30 risk pass samples=6,296/6,767 elapsed=3.0m eta_pass=0.2m
[2026-09-01 04:05:00] heartbeat attention survival seed=0 epoch=30 risk pass samples=6,767/6,767 elapsed=3.2m eta_pass=0.0m
[2026-09-01 04:06:00] heartbeat attention survival seed=0 epoch=30 gradient pass samples=1,944/6,767 elapsed=1.0m eta_pass=2.5m
[2026-09-01 04:07:00] heartbeat attention survival seed=0 epoch=30 gradient pass samples=3,856/6,767 elapsed=2.0m eta_pass=1.5m
[2026-09-01 04:08:00] heartbeat attention survival seed=0 epoch=30 gradient pass samples=5,720/6,767 elapsed=3.0m eta_pass=0.6m
[2026-09-01 04:08:35] heartbeat attention survival seed=0 epoch=30 gradient pass samples=6,767/6,767 elapsed=3.6m eta_pass=0.0m
[2026-09-01 04:09:03] attention survival seed=0 epoch=30 train_loss=7.67638 val_loss=5.73994 stale=0/20 elapsed=214.9m
[2026-09-01 04:10:03] heartbeat attention survival seed=0 epoch=31 risk pass samples=2,064/6,767 elapsed=1.0m eta_pass=2.3m
[2026-09-01 04:11:03] heartbeat attention survival seed=0 epoch=31 risk pass samples=4,168/6,767 elapsed=2.0m eta_pass=1.2m
[2026-09-01 04:12:04] heartbeat attention survival seed=0 epoch=31 risk pass samples=6,280/6,767 elapsed=3.0m eta_pass=0.2m
[2026-09-01 04:12:17] heartbeat attention survival seed=0 epoch=31 risk pass samples=6,767/6,767 elapsed=3.2m eta_pass=0.0m
[2026-09-01 04:13:17] heartbeat attention survival seed=0 epoch=31 gradient pass samples=2,104/6,767 elapsed=1.0m eta_pass=2.2m
[2026-09-01 04:14:18] heartbeat attention survival seed=0 epoch=31 gradient pass samples=4,200/6,767 elapsed=2.0m eta_pass=1.2m
[2026-09-01 04:15:18] heartbeat attention survival seed=0 epoch=31 gradient pass samples=6,304/6,767 elapsed=3.0m eta_pass=0.2m
[2026-09-01 04:15:31] heartbeat attention survival seed=0 epoch=31 gradient pass samples=6,767/6,767 elapsed=3.2m eta_pass=0.0m
[2026-09-01 04:15:59] attention survival seed=0 epoch=31 train_loss=7.67331 val_loss=5.73342 stale=0/20 elapsed=221.8m
[2026-09-01 04:16:59] heartbeat attention survival seed=0 epoch=32 risk pass samples=2,104/6,767 elapsed=1.0m eta_pass=2.2m
[2026-09-01 04:17:59] heartbeat attention survival seed=0 epoch=32 risk pass samples=4,208/6,767 elapsed=2.0m eta_pass=1.2m
[2026-09-01 04:18:59] heartbeat attention survival seed=0 epoch=32 risk pass samples=6,320/6,767 elapsed=3.0m eta_pass=0.2m
[2026-09-01 04:19:12] heartbeat attention survival seed=0 epoch=32 risk pass samples=6,767/6,767 elapsed=3.2m eta_pass=0.0m
[2026-09-01 04:20:12] heartbeat attention survival seed=0 epoch=32 gradient pass samples=2,088/6,767 elapsed=1.0m eta_pass=2.2m
[2026-09-01 04:21:12] heartbeat attention survival seed=0 epoch=32 gradient pass samples=4,208/6,767 elapsed=2.0m eta_pass=1.2m
[2026-09-01 04:22:12] heartbeat attention survival seed=0 epoch=32 gradient pass samples=6,320/6,767 elapsed=3.0m eta_pass=0.2m
[2026-09-01 04:22:25] heartbeat attention survival seed=0 epoch=32 gradient pass samples=6,767/6,767 elapsed=3.2m eta_pass=0.0m
[2026-09-01 04:22:53] attention survival seed=0 epoch=32 train_loss=7.66898 val_loss=5.72282 stale=0/20 elapsed=228.7m
[2026-09-01 04:23:53] heartbeat attention survival seed=0 epoch=33 risk pass samples=2,128/6,767 elapsed=1.0m eta_pass=2.2m
[2026-09-01 04:24:53] heartbeat attention survival seed=0 epoch=33 risk pass samples=4,256/6,767 elapsed=2.0m eta_pass=1.2m
[2026-09-01 04:25:54] heartbeat attention survival seed=0 epoch=33 risk pass samples=6,360/6,767 elapsed=3.0m eta_pass=0.2m
[2026-09-01 04:26:05] heartbeat attention survival seed=0 epoch=33 risk pass samples=6,767/6,767 elapsed=3.2m eta_pass=0.0m
[2026-09-01 04:27:05] heartbeat attention survival seed=0 epoch=33 gradient pass samples=2,104/6,767 elapsed=1.0m eta_pass=2.2m
[2026-09-01 04:28:06] heartbeat attention survival seed=0 epoch=33 gradient pass samples=4,224/6,767 elapsed=2.0m eta_pass=1.2m
[2026-09-01 04:29:06] heartbeat attention survival seed=0 epoch=33 gradient pass samples=6,312/6,767 elapsed=3.0m eta_pass=0.2m
[2026-09-01 04:29:19] heartbeat attention survival seed=0 epoch=33 gradient pass samples=6,767/6,767 elapsed=3.2m eta_pass=0.0m
[2026-09-01 04:29:47] attention survival seed=0 epoch=33 train_loss=7.66502 val_loss=5.71558 stale=0/20 elapsed=235.6m
[2026-09-01 04:30:47] heartbeat attention survival seed=0 epoch=34 risk pass samples=2,104/6,767 elapsed=1.0m eta_pass=2.2m
[2026-09-01 04:31:47] heartbeat attention survival seed=0 epoch=34 risk pass samples=4,192/6,767 elapsed=2.0m eta_pass=1.2m
[2026-09-01 04:32:47] heartbeat attention survival seed=0 epoch=34 risk pass samples=6,304/6,767 elapsed=3.0m eta_pass=0.2m
[2026-09-01 04:33:00] heartbeat attention survival seed=0 epoch=34 risk pass samples=6,767/6,767 elapsed=3.2m eta_pass=0.0m
[2026-09-01 04:34:01] heartbeat attention survival seed=0 epoch=34 gradient pass samples=2,072/6,767 elapsed=1.0m eta_pass=2.3m
[2026-09-01 04:35:01] heartbeat attention survival seed=0 epoch=34 gradient pass samples=4,160/6,767 elapsed=2.0m eta_pass=1.3m
[2026-09-01 04:36:01] heartbeat attention survival seed=0 epoch=34 gradient pass samples=6,248/6,767 elapsed=3.0m eta_pass=0.3m
[2026-09-01 04:36:16] heartbeat attention survival seed=0 epoch=34 gradient pass samples=6,767/6,767 elapsed=3.3m eta_pass=0.0m
[2026-09-01 04:36:44] attention survival seed=0 epoch=34 train_loss=7.66079 val_loss=5.71344 stale=0/20 elapsed=242.5m
[2026-09-01 04:37:44] heartbeat attention survival seed=0 epoch=35 risk pass samples=2,088/6,767 elapsed=1.0m eta_pass=2.2m
[2026-09-01 04:38:44] heartbeat attention survival seed=0 epoch=35 risk pass samples=4,200/6,767 elapsed=2.0m eta_pass=1.2m
[2026-09-01 04:39:44] heartbeat attention survival seed=0 epoch=35 risk pass samples=6,296/6,767 elapsed=3.0m eta_pass=0.2m
[2026-09-01 04:39:58] heartbeat attention survival seed=0 epoch=35 risk pass samples=6,767/6,767 elapsed=3.2m eta_pass=0.0m
[2026-09-01 04:40:58] heartbeat attention survival seed=0 epoch=35 gradient pass samples=2,096/6,767 elapsed=1.0m eta_pass=2.2m
[2026-09-01 04:41:58] heartbeat attention survival seed=0 epoch=35 gradient pass samples=4,176/6,767 elapsed=2.0m eta_pass=1.2m
[2026-09-01 04:42:58] heartbeat attention survival seed=0 epoch=35 gradient pass samples=6,264/6,767 elapsed=3.0m eta_pass=0.2m
[2026-09-01 04:43:13] heartbeat attention survival seed=0 epoch=35 gradient pass samples=6,767/6,767 elapsed=3.2m eta_pass=0.0m
[2026-09-01 04:43:40] attention survival seed=0 epoch=35 train_loss=7.65745 val_loss=5.70849 stale=0/20 elapsed=249.5m
[2026-09-01 04:44:40] heartbeat attention survival seed=0 epoch=36 risk pass samples=2,112/6,767 elapsed=1.0m eta_pass=2.2m
[2026-09-01 04:45:40] heartbeat attention survival seed=0 epoch=36 risk pass samples=4,216/6,767 elapsed=2.0m eta_pass=1.2m
[2026-09-01 04:46:41] heartbeat attention survival seed=0 epoch=36 risk pass samples=6,328/6,767 elapsed=3.0m eta_pass=0.2m
[2026-09-01 04:46:53] heartbeat attention survival seed=0 epoch=36 risk pass samples=6,767/6,767 elapsed=3.2m eta_pass=0.0m
[2026-09-01 04:47:54] heartbeat attention survival seed=0 epoch=36 gradient pass samples=2,064/6,767 elapsed=1.0m eta_pass=2.3m
[2026-09-01 04:48:54] heartbeat attention survival seed=0 epoch=36 gradient pass samples=4,160/6,767 elapsed=2.0m eta_pass=1.3m
[2026-09-01 04:49:54] heartbeat attention survival seed=0 epoch=36 gradient pass samples=6,248/6,767 elapsed=3.0m eta_pass=0.2m
[2026-09-01 04:50:09] heartbeat attention survival seed=0 epoch=36 gradient pass samples=6,767/6,767 elapsed=3.3m eta_pass=0.0m
[2026-09-01 04:50:37] attention survival seed=0 epoch=36 train_loss=7.65377 val_loss=5.70976 stale=1/20 elapsed=256.4m
[2026-09-01 04:51:37] heartbeat attention survival seed=0 epoch=37 risk pass samples=2,096/6,767 elapsed=1.0m eta_pass=2.2m
[2026-09-01 04:52:37] heartbeat attention survival seed=0 epoch=37 risk pass samples=4,216/6,767 elapsed=2.0m eta_pass=1.2m
[2026-09-01 04:53:37] heartbeat attention survival seed=0 epoch=37 risk pass samples=6,312/6,767 elapsed=3.0m eta_pass=0.2m
[2026-09-01 04:53:50] heartbeat attention survival seed=0 epoch=37 risk pass samples=6,767/6,767 elapsed=3.2m eta_pass=0.0m
[2026-09-01 04:54:50] heartbeat attention survival seed=0 epoch=37 gradient pass samples=2,088/6,767 elapsed=1.0m eta_pass=2.2m
[2026-09-01 04:55:50] heartbeat attention survival seed=0 epoch=37 gradient pass samples=4,160/6,767 elapsed=2.0m eta_pass=1.3m
[2026-09-01 04:56:51] heartbeat attention survival seed=0 epoch=37 gradient pass samples=6,240/6,767 elapsed=3.0m eta_pass=0.3m
[2026-09-01 04:57:06] heartbeat attention survival seed=0 epoch=37 gradient pass samples=6,767/6,767 elapsed=3.3m eta_pass=0.0m
[2026-09-01 04:57:33] attention survival seed=0 epoch=37 train_loss=7.65097 val_loss=5.70299 stale=0/20 elapsed=263.4m
[2026-09-01 04:58:33] heartbeat attention survival seed=0 epoch=38 risk pass samples=2,112/6,767 elapsed=1.0m eta_pass=2.2m
[2026-09-01 04:59:33] heartbeat attention survival seed=0 epoch=38 risk pass samples=4,216/6,767 elapsed=2.0m eta_pass=1.2m
[2026-09-01 05:00:34] heartbeat attention survival seed=0 epoch=38 risk pass samples=6,328/6,767 elapsed=3.0m eta_pass=0.2m
[2026-09-01 05:00:46] heartbeat attention survival seed=0 epoch=38 risk pass samples=6,767/6,767 elapsed=3.2m eta_pass=0.0m
[2026-09-01 05:01:46] heartbeat attention survival seed=0 epoch=38 gradient pass samples=2,080/6,767 elapsed=1.0m eta_pass=2.3m
[2026-09-01 05:02:46] heartbeat attention survival seed=0 epoch=38 gradient pass samples=4,160/6,767 elapsed=2.0m eta_pass=1.3m
[2026-09-01 05:03:47] heartbeat attention survival seed=0 epoch=38 gradient pass samples=6,248/6,767 elapsed=3.0m eta_pass=0.2m
[2026-09-01 05:04:01] heartbeat attention survival seed=0 epoch=38 gradient pass samples=6,767/6,767 elapsed=3.2m eta_pass=0.0m
[2026-09-01 05:04:29] attention survival seed=0 epoch=38 train_loss=7.64705 val_loss=5.69926 stale=0/20 elapsed=270.3m
[2026-09-01 05:05:29] heartbeat attention survival seed=0 epoch=39 risk pass samples=2,112/6,767 elapsed=1.0m eta_pass=2.2m
[2026-09-01 05:06:29] heartbeat attention survival seed=0 epoch=39 risk pass samples=4,232/6,767 elapsed=2.0m eta_pass=1.2m
[2026-09-01 05:07:30] heartbeat attention survival seed=0 epoch=39 risk pass samples=6,352/6,767 elapsed=3.0m eta_pass=0.2m
[2026-09-01 05:07:41] heartbeat attention survival seed=0 epoch=39 risk pass samples=6,767/6,767 elapsed=3.2m eta_pass=0.0m
[2026-09-01 05:08:41] heartbeat attention survival seed=0 epoch=39 gradient pass samples=2,080/6,767 elapsed=1.0m eta_pass=2.3m
[2026-09-01 05:09:42] heartbeat attention survival seed=0 epoch=39 gradient pass samples=4,184/6,767 elapsed=2.0m eta_pass=1.2m
[2026-09-01 05:10:42] heartbeat attention survival seed=0 epoch=39 gradient pass samples=6,264/6,767 elapsed=3.0m eta_pass=0.2m
[2026-09-01 05:10:56] heartbeat attention survival seed=0 epoch=39 gradient pass samples=6,767/6,767 elapsed=3.2m eta_pass=0.0m
[2026-09-01 05:11:24] attention survival seed=0 epoch=39 train_loss=7.64307 val_loss=5.69241 stale=0/20 elapsed=277.2m
[2026-09-01 05:12:24] heartbeat attention survival seed=0 epoch=40 risk pass samples=2,112/6,767 elapsed=1.0m eta_pass=2.2m
[2026-09-01 05:13:25] heartbeat attention survival seed=0 epoch=40 risk pass samples=4,224/6,767 elapsed=2.0m eta_pass=1.2m
[2026-09-01 05:14:25] heartbeat attention survival seed=0 epoch=40 risk pass samples=6,336/6,767 elapsed=3.0m eta_pass=0.2m
[2026-09-01 05:14:37] heartbeat attention survival seed=0 epoch=40 risk pass samples=6,767/6,767 elapsed=3.2m eta_pass=0.0m
[2026-09-01 05:15:37] heartbeat attention survival seed=0 epoch=40 gradient pass samples=2,056/6,767 elapsed=1.0m eta_pass=2.3m
[2026-09-01 05:16:37] heartbeat attention survival seed=0 epoch=40 gradient pass samples=4,136/6,767 elapsed=2.0m eta_pass=1.3m
[2026-09-01 05:17:38] heartbeat attention survival seed=0 epoch=40 gradient pass samples=6,224/6,767 elapsed=3.0m eta_pass=0.3m
[2026-09-01 05:17:53] heartbeat attention survival seed=0 epoch=40 gradient pass samples=6,767/6,767 elapsed=3.3m eta_pass=0.0m
[2026-09-01 05:18:21] attention survival seed=0 epoch=40 train_loss=7.63908 val_loss=5.68804 stale=0/20 elapsed=284.1m
[2026-09-01 05:19:21] heartbeat attention survival seed=0 epoch=41 risk pass samples=2,088/6,767 elapsed=1.0m eta_pass=2.2m
[2026-09-01 05:20:22] heartbeat attention survival seed=0 epoch=41 risk pass samples=4,200/6,767 elapsed=2.0m eta_pass=1.2m
[2026-09-01 05:21:22] heartbeat attention survival seed=0 epoch=41 risk pass samples=6,312/6,767 elapsed=3.0m eta_pass=0.2m
[2026-09-01 05:21:35] heartbeat attention survival seed=0 epoch=41 risk pass samples=6,767/6,767 elapsed=3.2m eta_pass=0.0m
[2026-09-01 05:22:35] heartbeat attention survival seed=0 epoch=41 gradient pass samples=2,080/6,767 elapsed=1.0m eta_pass=2.3m
[2026-09-01 05:23:35] heartbeat attention survival seed=0 epoch=41 gradient pass samples=4,160/6,767 elapsed=2.0m eta_pass=1.3m
[2026-09-01 05:24:35] heartbeat attention survival seed=0 epoch=41 gradient pass samples=6,216/6,767 elapsed=3.0m eta_pass=0.3m
[2026-09-01 05:24:51] heartbeat attention survival seed=0 epoch=41 gradient pass samples=6,767/6,767 elapsed=3.3m eta_pass=0.0m
[2026-09-01 05:25:19] attention survival seed=0 epoch=41 train_loss=7.63594 val_loss=5.68830 stale=1/20 elapsed=291.1m
[2026-09-01 05:26:19] heartbeat attention survival seed=0 epoch=42 risk pass samples=2,064/6,767 elapsed=1.0m eta_pass=2.3m
[2026-09-01 05:27:19] heartbeat attention survival seed=0 epoch=42 risk pass samples=4,160/6,767 elapsed=2.0m eta_pass=1.3m
[2026-09-01 05:28:19] heartbeat attention survival seed=0 epoch=42 risk pass samples=6,256/6,767 elapsed=3.0m eta_pass=0.2m
[2026-09-01 05:28:34] heartbeat attention survival seed=0 epoch=42 risk pass samples=6,767/6,767 elapsed=3.2m eta_pass=0.0m
[2026-09-01 05:29:34] heartbeat attention survival seed=0 epoch=42 gradient pass samples=2,072/6,767 elapsed=1.0m eta_pass=2.3m
[2026-09-01 05:30:35] heartbeat attention survival seed=0 epoch=42 gradient pass samples=4,168/6,767 elapsed=2.0m eta_pass=1.3m
[2026-09-01 05:31:35] heartbeat attention survival seed=0 epoch=42 gradient pass samples=6,256/6,767 elapsed=3.0m eta_pass=0.2m
[2026-09-01 05:31:50] heartbeat attention survival seed=0 epoch=42 gradient pass samples=6,767/6,767 elapsed=3.3m eta_pass=0.0m
[2026-09-01 05:32:17] attention survival seed=0 epoch=42 train_loss=7.63267 val_loss=5.68675 stale=0/20 elapsed=298.1m
[2026-09-01 05:33:18] heartbeat attention survival seed=0 epoch=43 risk pass samples=2,072/6,767 elapsed=1.0m eta_pass=2.3m
[2026-09-01 05:34:18] heartbeat attention survival seed=0 epoch=43 risk pass samples=4,168/6,767 elapsed=2.0m eta_pass=1.2m
[2026-09-01 05:35:18] heartbeat attention survival seed=0 epoch=43 risk pass samples=6,264/6,767 elapsed=3.0m eta_pass=0.2m
[2026-09-01 05:35:32] heartbeat attention survival seed=0 epoch=43 risk pass samples=6,767/6,767 elapsed=3.2m eta_pass=0.0m
[2026-09-01 05:36:32] heartbeat attention survival seed=0 epoch=43 gradient pass samples=2,064/6,767 elapsed=1.0m eta_pass=2.3m
[2026-09-01 05:37:32] heartbeat attention survival seed=0 epoch=43 gradient pass samples=4,104/6,767 elapsed=2.0m eta_pass=1.3m
[2026-09-01 05:38:33] heartbeat attention survival seed=0 epoch=43 gradient pass samples=6,176/6,767 elapsed=3.0m eta_pass=0.3m
[2026-09-01 05:38:50] heartbeat attention survival seed=0 epoch=43 gradient pass samples=6,767/6,767 elapsed=3.3m eta_pass=0.0m
[2026-09-01 05:39:17] attention survival seed=0 epoch=43 train_loss=7.62971 val_loss=5.69128 stale=1/20 elapsed=305.1m
[2026-09-01 05:40:18] heartbeat attention survival seed=0 epoch=44 risk pass samples=2,096/6,767 elapsed=1.0m eta_pass=2.2m
[2026-09-01 05:41:18] heartbeat attention survival seed=0 epoch=44 risk pass samples=4,208/6,767 elapsed=2.0m eta_pass=1.2m
[2026-09-01 05:42:18] heartbeat attention survival seed=0 epoch=44 risk pass samples=6,304/6,767 elapsed=3.0m eta_pass=0.2m
[2026-09-01 05:42:31] heartbeat attention survival seed=0 epoch=44 risk pass samples=6,767/6,767 elapsed=3.2m eta_pass=0.0m
[2026-09-01 05:43:31] heartbeat attention survival seed=0 epoch=44 gradient pass samples=2,064/6,767 elapsed=1.0m eta_pass=2.3m
[2026-09-01 05:44:31] heartbeat attention survival seed=0 epoch=44 gradient pass samples=4,088/6,767 elapsed=2.0m eta_pass=1.3m
[2026-09-01 05:45:32] heartbeat attention survival seed=0 epoch=44 gradient pass samples=6,160/6,767 elapsed=3.0m eta_pass=0.3m
[2026-09-01 05:45:50] heartbeat attention survival seed=0 epoch=44 gradient pass samples=6,767/6,767 elapsed=3.3m eta_pass=0.0m
[2026-09-01 05:46:18] attention survival seed=0 epoch=44 train_loss=7.62685 val_loss=5.68668 stale=0/20 elapsed=312.1m
[2026-09-01 05:47:18] heartbeat attention survival seed=0 epoch=45 risk pass samples=2,056/6,767 elapsed=1.0m eta_pass=2.3m
[2026-09-01 05:48:18] heartbeat attention survival seed=0 epoch=45 risk pass samples=4,120/6,767 elapsed=2.0m eta_pass=1.3m
[2026-09-01 05:49:18] heartbeat attention survival seed=0 epoch=45 risk pass samples=6,184/6,767 elapsed=3.0m eta_pass=0.3m
[2026-09-01 05:49:35] heartbeat attention survival seed=0 epoch=45 risk pass samples=6,767/6,767 elapsed=3.3m eta_pass=0.0m
[2026-09-01 05:50:35] heartbeat attention survival seed=0 epoch=45 gradient pass samples=2,064/6,767 elapsed=1.0m eta_pass=2.3m
[2026-09-01 05:51:35] heartbeat attention survival seed=0 epoch=45 gradient pass samples=4,128/6,767 elapsed=2.0m eta_pass=1.3m
[2026-09-01 05:52:35] heartbeat attention survival seed=0 epoch=45 gradient pass samples=6,208/6,767 elapsed=3.0m eta_pass=0.3m
[2026-09-01 05:52:52] heartbeat attention survival seed=0 epoch=45 gradient pass samples=6,767/6,767 elapsed=3.3m eta_pass=0.0m
[2026-09-01 05:53:19] attention survival seed=0 epoch=45 train_loss=7.62515 val_loss=5.69580 stale=1/20 elapsed=319.1m
[2026-09-01 05:54:19] heartbeat attention survival seed=0 epoch=46 risk pass samples=2,032/6,767 elapsed=1.0m eta_pass=2.3m
[2026-09-01 05:55:19] heartbeat attention survival seed=0 epoch=46 risk pass samples=4,128/6,767 elapsed=2.0m eta_pass=1.3m
[2026-09-01 05:56:20] heartbeat attention survival seed=0 epoch=46 risk pass samples=6,232/6,767 elapsed=3.0m eta_pass=0.3m
[2026-09-01 05:56:35] heartbeat attention survival seed=0 epoch=46 risk pass samples=6,767/6,767 elapsed=3.3m eta_pass=0.0m
[2026-09-01 05:57:35] heartbeat attention survival seed=0 epoch=46 gradient pass samples=2,056/6,767 elapsed=1.0m eta_pass=2.3m
[2026-09-01 05:58:36] heartbeat attention survival seed=0 epoch=46 gradient pass samples=4,120/6,767 elapsed=2.0m eta_pass=1.3m
[2026-09-01 05:59:36] heartbeat attention survival seed=0 epoch=46 gradient pass samples=6,184/6,767 elapsed=3.0m eta_pass=0.3m
[2026-09-01 05:59:53] heartbeat attention survival seed=0 epoch=46 gradient pass samples=6,767/6,767 elapsed=3.3m eta_pass=0.0m
[2026-09-01 06:00:21] attention survival seed=0 epoch=46 train_loss=7.62638 val_loss=5.68623 stale=0/20 elapsed=326.1m
[2026-09-01 06:01:21] heartbeat attention survival seed=0 epoch=47 risk pass samples=2,088/6,767 elapsed=1.0m eta_pass=2.2m
[2026-09-01 06:02:21] heartbeat attention survival seed=0 epoch=47 risk pass samples=4,176/6,767 elapsed=2.0m eta_pass=1.2m
[2026-09-01 06:03:21] heartbeat attention survival seed=0 epoch=47 risk pass samples=6,264/6,767 elapsed=3.0m eta_pass=0.2m
[2026-09-01 06:03:36] heartbeat attention survival seed=0 epoch=47 risk pass samples=6,767/6,767 elapsed=3.3m eta_pass=0.0m
[2026-09-01 06:04:36] heartbeat attention survival seed=0 epoch=47 gradient pass samples=2,048/6,767 elapsed=1.0m eta_pass=2.3m
[2026-09-01 06:05:36] heartbeat attention survival seed=0 epoch=47 gradient pass samples=4,104/6,767 elapsed=2.0m eta_pass=1.3m
[2026-09-01 06:06:36] heartbeat attention survival seed=0 epoch=47 gradient pass samples=6,144/6,767 elapsed=3.0m eta_pass=0.3m
[2026-09-01 06:06:54] heartbeat attention survival seed=0 epoch=47 gradient pass samples=6,767/6,767 elapsed=3.3m eta_pass=0.0m
[2026-09-01 06:07:22] attention survival seed=0 epoch=47 train_loss=7.62770 val_loss=5.69845 stale=1/20 elapsed=333.1m
[2026-09-01 06:08:22] heartbeat attention survival seed=0 epoch=48 risk pass samples=2,080/6,767 elapsed=1.0m eta_pass=2.3m
[2026-09-01 06:09:23] heartbeat attention survival seed=0 epoch=48 risk pass samples=4,072/6,767 elapsed=2.0m eta_pass=1.3m
[2026-09-01 06:10:23] heartbeat attention survival seed=0 epoch=48 risk pass samples=6,160/6,767 elapsed=3.0m eta_pass=0.3m
[2026-09-01 06:10:40] heartbeat attention survival seed=0 epoch=48 risk pass samples=6,767/6,767 elapsed=3.3m eta_pass=0.0m
[2026-09-01 06:11:40] heartbeat attention survival seed=0 epoch=48 gradient pass samples=2,072/6,767 elapsed=1.0m eta_pass=2.3m
[2026-09-01 06:12:40] heartbeat attention survival seed=0 epoch=48 gradient pass samples=4,144/6,767 elapsed=2.0m eta_pass=1.3m
[2026-09-01 06:13:41] heartbeat attention survival seed=0 epoch=48 gradient pass samples=6,208/6,767 elapsed=3.0m eta_pass=0.3m
[2026-09-01 06:13:57] heartbeat attention survival seed=0 epoch=48 gradient pass samples=6,767/6,767 elapsed=3.3m eta_pass=0.0m
[2026-09-01 06:14:25] attention survival seed=0 epoch=48 train_loss=7.62684 val_loss=5.68037 stale=0/20 elapsed=340.2m
[2026-09-01 06:15:25] heartbeat attention survival seed=0 epoch=49 risk pass samples=2,096/6,767 elapsed=1.0m eta_pass=2.2m
[2026-09-01 06:16:25] heartbeat attention survival seed=0 epoch=49 risk pass samples=4,184/6,767 elapsed=2.0m eta_pass=1.2m
[2026-09-01 06:17:25] heartbeat attention survival seed=0 epoch=49 risk pass samples=6,264/6,767 elapsed=3.0m eta_pass=0.2m
[2026-09-01 06:17:40] heartbeat attention survival seed=0 epoch=49 risk pass samples=6,767/6,767 elapsed=3.2m eta_pass=0.0m
[2026-09-01 06:18:40] heartbeat attention survival seed=0 epoch=49 gradient pass samples=2,056/6,767 elapsed=1.0m eta_pass=2.3m
[2026-09-01 06:19:40] heartbeat attention survival seed=0 epoch=49 gradient pass samples=4,120/6,767 elapsed=2.0m eta_pass=1.3m
[2026-09-01 06:20:40] heartbeat attention survival seed=0 epoch=49 gradient pass samples=6,168/6,767 elapsed=3.0m eta_pass=0.3m
[2026-09-01 06:20:58] heartbeat attention survival seed=0 epoch=49 gradient pass samples=6,767/6,767 elapsed=3.3m eta_pass=0.0m
[2026-09-01 06:21:26] attention survival seed=0 epoch=49 train_loss=7.61309 val_loss=5.68111 stale=1/20 elapsed=347.2m
[2026-09-01 06:22:26] heartbeat attention survival seed=0 epoch=50 risk pass samples=2,088/6,767 elapsed=1.0m eta_pass=2.2m
[2026-09-01 06:23:26] heartbeat attention survival seed=0 epoch=50 risk pass samples=4,176/6,767 elapsed=2.0m eta_pass=1.2m
[2026-09-01 06:24:26] heartbeat attention survival seed=0 epoch=50 risk pass samples=6,280/6,767 elapsed=3.0m eta_pass=0.2m
[2026-09-01 06:24:40] heartbeat attention survival seed=0 epoch=50 risk pass samples=6,767/6,767 elapsed=3.2m eta_pass=0.0m
[2026-09-01 06:25:41] heartbeat attention survival seed=0 epoch=50 gradient pass samples=2,048/6,767 elapsed=1.0m eta_pass=2.3m
[2026-09-01 06:26:41] heartbeat attention survival seed=0 epoch=50 gradient pass samples=4,120/6,767 elapsed=2.0m eta_pass=1.3m
[2026-09-01 06:27:41] heartbeat attention survival seed=0 epoch=50 gradient pass samples=6,192/6,767 elapsed=3.0m eta_pass=0.3m
[2026-09-01 06:27:58] heartbeat attention survival seed=0 epoch=50 gradient pass samples=6,767/6,767 elapsed=3.3m eta_pass=0.0m
[2026-09-01 06:28:26] attention survival seed=0 epoch=50 train_loss=7.61314 val_loss=5.69184 stale=2/20 elapsed=354.2m
[2026-09-01 06:29:26] heartbeat attention survival seed=0 epoch=51 risk pass samples=2,088/6,767 elapsed=1.0m eta_pass=2.2m
[2026-09-01 06:30:26] heartbeat attention survival seed=0 epoch=51 risk pass samples=4,152/6,767 elapsed=2.0m eta_pass=1.3m
[2026-09-01 06:31:26] heartbeat attention survival seed=0 epoch=51 risk pass samples=6,216/6,767 elapsed=3.0m eta_pass=0.3m
[2026-09-01 06:31:42] heartbeat attention survival seed=0 epoch=51 risk pass samples=6,767/6,767 elapsed=3.3m eta_pass=0.0m
[2026-09-01 06:32:42] heartbeat attention survival seed=0 epoch=51 gradient pass samples=2,040/6,767 elapsed=1.0m eta_pass=2.3m
[2026-09-01 06:33:43] heartbeat attention survival seed=0 epoch=51 gradient pass samples=4,032/6,767 elapsed=2.0m eta_pass=1.4m
[2026-09-01 06:34:43] heartbeat attention survival seed=0 epoch=51 gradient pass samples=6,088/6,767 elapsed=3.0m eta_pass=0.3m
[2026-09-01 06:35:03] heartbeat attention survival seed=0 epoch=51 gradient pass samples=6,767/6,767 elapsed=3.3m eta_pass=0.0m
[2026-09-01 06:35:31] attention survival seed=0 epoch=51 train_loss=7.61683 val_loss=5.67135 stale=0/20 elapsed=361.3m
[2026-09-01 06:36:31] heartbeat attention survival seed=0 epoch=52 risk pass samples=2,064/6,767 elapsed=1.0m eta_pass=2.3m
[2026-09-01 06:37:31] heartbeat attention survival seed=0 epoch=52 risk pass samples=4,160/6,767 elapsed=2.0m eta_pass=1.3m
[2026-09-01 06:38:32] heartbeat attention survival seed=0 epoch=52 risk pass samples=6,264/6,767 elapsed=3.0m eta_pass=0.2m
[2026-09-01 06:38:46] heartbeat attention survival seed=0 epoch=52 risk pass samples=6,767/6,767 elapsed=3.2m eta_pass=0.0m
[2026-09-01 06:39:46] heartbeat attention survival seed=0 epoch=52 gradient pass samples=2,056/6,767 elapsed=1.0m eta_pass=2.3m
[2026-09-01 06:40:46] heartbeat attention survival seed=0 epoch=52 gradient pass samples=4,112/6,767 elapsed=2.0m eta_pass=1.3m
[2026-09-01 06:41:46] heartbeat attention survival seed=0 epoch=52 gradient pass samples=6,152/6,767 elapsed=3.0m eta_pass=0.3m
[2026-09-01 06:42:05] heartbeat attention survival seed=0 epoch=52 gradient pass samples=6,767/6,767 elapsed=3.3m eta_pass=0.0m
[2026-09-01 06:42:33] attention survival seed=0 epoch=52 train_loss=7.60502 val_loss=5.66651 stale=0/20 elapsed=368.3m
[2026-09-01 06:43:33] heartbeat attention survival seed=0 epoch=53 risk pass samples=2,064/6,767 elapsed=1.0m eta_pass=2.3m
[2026-09-01 06:44:33] heartbeat attention survival seed=0 epoch=53 risk pass samples=4,144/6,767 elapsed=2.0m eta_pass=1.3m
[2026-09-01 06:45:33] heartbeat attention survival seed=0 epoch=53 risk pass samples=6,224/6,767 elapsed=3.0m eta_pass=0.3m
[2026-09-01 06:45:49] heartbeat attention survival seed=0 epoch=53 risk pass samples=6,767/6,767 elapsed=3.3m eta_pass=0.0m
[2026-09-01 06:46:49] heartbeat attention survival seed=0 epoch=53 gradient pass samples=2,056/6,767 elapsed=1.0m eta_pass=2.3m
[2026-09-01 06:47:49] heartbeat attention survival seed=0 epoch=53 gradient pass samples=4,120/6,767 elapsed=2.0m eta_pass=1.3m
[2026-09-01 06:48:49] heartbeat attention survival seed=0 epoch=53 gradient pass samples=6,208/6,767 elapsed=3.0m eta_pass=0.3m
[2026-09-01 06:49:06] heartbeat attention survival seed=0 epoch=53 gradient pass samples=6,767/6,767 elapsed=3.3m eta_pass=0.0m
[2026-09-01 06:49:34] attention survival seed=0 epoch=53 train_loss=7.60262 val_loss=5.67678 stale=1/20 elapsed=375.3m
[2026-09-01 06:50:34] heartbeat attention survival seed=0 epoch=54 risk pass samples=2,040/6,767 elapsed=1.0m eta_pass=2.3m
[2026-09-01 06:51:34] heartbeat attention survival seed=0 epoch=54 risk pass samples=4,120/6,767 elapsed=2.0m eta_pass=1.3m
[2026-09-01 06:52:34] heartbeat attention survival seed=0 epoch=54 risk pass samples=6,232/6,767 elapsed=3.0m eta_pass=0.3m
[2026-09-01 06:52:49] heartbeat attention survival seed=0 epoch=54 risk pass samples=6,767/6,767 elapsed=3.3m eta_pass=0.0m
[2026-09-01 06:53:50] heartbeat attention survival seed=0 epoch=54 gradient pass samples=2,032/6,767 elapsed=1.0m eta_pass=2.3m
[2026-09-01 06:54:50] heartbeat attention survival seed=0 epoch=54 gradient pass samples=4,112/6,767 elapsed=2.0m eta_pass=1.3m
[2026-09-01 06:55:50] heartbeat attention survival seed=0 epoch=54 gradient pass samples=6,176/6,767 elapsed=3.0m eta_pass=0.3m
[2026-09-01 06:56:07] heartbeat attention survival seed=0 epoch=54 gradient pass samples=6,767/6,767 elapsed=3.3m eta_pass=0.0m
[2026-09-01 06:56:35] attention survival seed=0 epoch=54 train_loss=7.60778 val_loss=5.66462 stale=0/20 elapsed=382.3m
[2026-09-01 06:57:35] heartbeat attention survival seed=0 epoch=55 risk pass samples=2,080/6,767 elapsed=1.0m eta_pass=2.3m
[2026-09-01 06:58:35] heartbeat attention survival seed=0 epoch=55 risk pass samples=4,096/6,767 elapsed=2.0m eta_pass=1.3m
[2026-09-01 06:59:35] heartbeat attention survival seed=0 epoch=55 risk pass samples=6,040/6,767 elapsed=3.0m eta_pass=0.4m
[2026-09-01 06:59:57] heartbeat attention survival seed=0 epoch=55 risk pass samples=6,767/6,767 elapsed=3.4m eta_pass=0.0m
[2026-09-01 07:00:58] heartbeat attention survival seed=0 epoch=55 gradient pass samples=1,960/6,767 elapsed=1.0m eta_pass=2.5m
[2026-09-01 07:01:58] heartbeat attention survival seed=0 epoch=55 gradient pass samples=3,888/6,767 elapsed=2.0m eta_pass=1.5m
[2026-09-01 07:02:58] heartbeat attention survival seed=0 epoch=55 gradient pass samples=5,832/6,767 elapsed=3.0m eta_pass=0.5m
[2026-09-01 07:03:27] heartbeat attention survival seed=0 epoch=55 gradient pass samples=6,767/6,767 elapsed=3.5m eta_pass=0.0m
[2026-09-01 07:03:57] attention survival seed=0 epoch=55 train_loss=7.60286 val_loss=5.66613 stale=1/20 elapsed=389.7m
[2026-09-01 07:04:57] heartbeat attention survival seed=0 epoch=56 risk pass samples=1,968/6,767 elapsed=1.0m eta_pass=2.4m
[2026-09-01 07:05:57] heartbeat attention survival seed=0 epoch=56 risk pass samples=3,912/6,767 elapsed=2.0m eta_pass=1.5m
[2026-09-01 07:06:57] heartbeat attention survival seed=0 epoch=56 risk pass samples=5,856/6,767 elapsed=3.0m eta_pass=0.5m
[2026-09-01 07:07:25] heartbeat attention survival seed=0 epoch=56 risk pass samples=6,767/6,767 elapsed=3.5m eta_pass=0.0m
[2026-09-01 07:08:25] heartbeat attention survival seed=0 epoch=56 gradient pass samples=1,920/6,767 elapsed=1.0m eta_pass=2.5m
[2026-09-01 07:09:25] heartbeat attention survival seed=0 epoch=56 gradient pass samples=3,832/6,767 elapsed=2.0m eta_pass=1.5m
[2026-09-01 07:10:26] heartbeat attention survival seed=0 epoch=56 gradient pass samples=5,752/6,767 elapsed=3.0m eta_pass=0.5m
[2026-09-01 07:10:58] heartbeat attention survival seed=0 epoch=56 gradient pass samples=6,767/6,767 elapsed=3.5m eta_pass=0.0m
[2026-09-01 07:11:28] attention survival seed=0 epoch=56 train_loss=7.59537 val_loss=5.66527 stale=2/20 elapsed=397.2m
[2026-09-01 07:12:28] heartbeat attention survival seed=0 epoch=57 risk pass samples=1,856/6,767 elapsed=1.0m eta_pass=2.6m
[2026-09-01 07:13:29] heartbeat attention survival seed=0 epoch=57 risk pass samples=3,784/6,767 elapsed=2.0m eta_pass=1.6m
[2026-09-01 07:14:29] heartbeat attention survival seed=0 epoch=57 risk pass samples=5,704/6,767 elapsed=3.0m eta_pass=0.6m
[2026-09-01 07:15:02] heartbeat attention survival seed=0 epoch=57 risk pass samples=6,767/6,767 elapsed=3.6m eta_pass=0.0m
[2026-09-01 07:16:02] heartbeat attention survival seed=0 epoch=57 gradient pass samples=1,920/6,767 elapsed=1.0m eta_pass=2.5m
[2026-09-01 07:17:02] heartbeat attention survival seed=0 epoch=57 gradient pass samples=3,840/6,767 elapsed=2.0m eta_pass=1.5m
[2026-09-01 07:18:02] heartbeat attention survival seed=0 epoch=57 gradient pass samples=5,752/6,767 elapsed=3.0m eta_pass=0.5m
[2026-09-01 07:18:34] heartbeat attention survival seed=0 epoch=57 gradient pass samples=6,767/6,767 elapsed=3.5m eta_pass=0.0m
[2026-09-01 07:19:04] attention survival seed=0 epoch=57 train_loss=7.59280 val_loss=5.66199 stale=0/20 elapsed=404.8m
[2026-09-01 07:20:04] heartbeat attention survival seed=0 epoch=58 risk pass samples=1,960/6,767 elapsed=1.0m eta_pass=2.5m
[2026-09-01 07:21:05] heartbeat attention survival seed=0 epoch=58 risk pass samples=3,896/6,767 elapsed=2.0m eta_pass=1.5m
[2026-09-01 07:22:05] heartbeat attention survival seed=0 epoch=58 risk pass samples=5,856/6,767 elapsed=3.0m eta_pass=0.5m
[2026-09-01 07:22:33] heartbeat attention survival seed=0 epoch=58 risk pass samples=6,767/6,767 elapsed=3.5m eta_pass=0.0m
[2026-09-01 07:23:33] heartbeat attention survival seed=0 epoch=58 gradient pass samples=1,912/6,767 elapsed=1.0m eta_pass=2.5m
[2026-09-01 07:24:34] heartbeat attention survival seed=0 epoch=58 gradient pass samples=3,848/6,767 elapsed=2.0m eta_pass=1.5m
[2026-09-01 07:25:34] heartbeat attention survival seed=0 epoch=58 gradient pass samples=5,768/6,767 elapsed=3.0m eta_pass=0.5m
[2026-09-01 07:26:04] heartbeat attention survival seed=0 epoch=58 gradient pass samples=6,767/6,767 elapsed=3.5m eta_pass=0.0m
[2026-09-01 07:26:34] attention survival seed=0 epoch=58 train_loss=7.59431 val_loss=5.66536 stale=1/20 elapsed=412.3m
[2026-09-01 07:27:35] heartbeat attention survival seed=0 epoch=59 risk pass samples=1,944/6,767 elapsed=1.0m eta_pass=2.5m
[2026-09-01 07:28:35] heartbeat attention survival seed=0 epoch=59 risk pass samples=3,896/6,767 elapsed=2.0m eta_pass=1.5m
[2026-09-01 07:29:35] heartbeat attention survival seed=0 epoch=59 risk pass samples=5,808/6,767 elapsed=3.0m eta_pass=0.5m
[2026-09-01 07:30:04] heartbeat attention survival seed=0 epoch=59 risk pass samples=6,767/6,767 elapsed=3.5m eta_pass=0.0m
[2026-09-01 07:31:04] heartbeat attention survival seed=0 epoch=59 gradient pass samples=1,920/6,767 elapsed=1.0m eta_pass=2.5m
[2026-09-01 07:32:04] heartbeat attention survival seed=0 epoch=59 gradient pass samples=3,824/6,767 elapsed=2.0m eta_pass=1.5m
[2026-09-01 07:33:04] heartbeat attention survival seed=0 epoch=59 gradient pass samples=5,728/6,767 elapsed=3.0m eta_pass=0.5m
[2026-09-01 07:33:37] heartbeat attention survival seed=0 epoch=59 gradient pass samples=6,767/6,767 elapsed=3.5m eta_pass=0.0m
[2026-09-01 07:34:07] attention survival seed=0 epoch=59 train_loss=7.59152 val_loss=5.65506 stale=0/20 elapsed=419.9m
[2026-09-01 07:35:08] heartbeat attention survival seed=0 epoch=60 risk pass samples=1,896/6,767 elapsed=1.0m eta_pass=2.6m
[2026-09-01 07:36:08] heartbeat attention survival seed=0 epoch=60 risk pass samples=3,832/6,767 elapsed=2.0m eta_pass=1.5m
[2026-09-01 07:37:08] heartbeat attention survival seed=0 epoch=60 risk pass samples=5,768/6,767 elapsed=3.0m eta_pass=0.5m
[2026-09-01 07:37:39] heartbeat attention survival seed=0 epoch=60 risk pass samples=6,767/6,767 elapsed=3.5m eta_pass=0.0m
[2026-09-01 07:38:39] heartbeat attention survival seed=0 epoch=60 gradient pass samples=1,904/6,767 elapsed=1.0m eta_pass=2.6m
[2026-09-01 07:39:40] heartbeat attention survival seed=0 epoch=60 gradient pass samples=3,808/6,767 elapsed=2.0m eta_pass=1.6m
[2026-09-01 07:40:40] heartbeat attention survival seed=0 epoch=60 gradient pass samples=5,704/6,767 elapsed=3.0m eta_pass=0.6m
[2026-09-01 07:41:14] heartbeat attention survival seed=0 epoch=60 gradient pass samples=6,767/6,767 elapsed=3.6m eta_pass=0.0m
[2026-09-01 07:41:44] attention survival seed=0 epoch=60 train_loss=7.58467 val_loss=5.65500 stale=0/20 elapsed=427.5m
[2026-09-01 07:42:44] heartbeat attention survival seed=0 epoch=61 risk pass samples=1,896/6,767 elapsed=1.0m eta_pass=2.6m
[2026-09-01 07:43:45] heartbeat attention survival seed=0 epoch=61 risk pass samples=3,840/6,767 elapsed=2.0m eta_pass=1.5m
[2026-09-01 07:44:45] heartbeat attention survival seed=0 epoch=61 risk pass samples=5,760/6,767 elapsed=3.0m eta_pass=0.5m
[2026-09-01 07:45:17] heartbeat attention survival seed=0 epoch=61 risk pass samples=6,767/6,767 elapsed=3.5m eta_pass=0.0m
[2026-09-01 07:46:17] heartbeat attention survival seed=0 epoch=61 gradient pass samples=1,888/6,767 elapsed=1.0m eta_pass=2.6m
[2026-09-01 07:47:17] heartbeat attention survival seed=0 epoch=61 gradient pass samples=3,776/6,767 elapsed=2.0m eta_pass=1.6m
[2026-09-01 07:48:17] heartbeat attention survival seed=0 epoch=61 gradient pass samples=5,680/6,767 elapsed=3.0m eta_pass=0.6m
[2026-09-01 07:48:52] heartbeat attention survival seed=0 epoch=61 gradient pass samples=6,767/6,767 elapsed=3.6m eta_pass=0.0m
[2026-09-01 07:49:22] attention survival seed=0 epoch=61 train_loss=7.58384 val_loss=5.66469 stale=1/20 elapsed=435.1m
[2026-09-01 07:50:22] heartbeat attention survival seed=0 epoch=62 risk pass samples=1,880/6,767 elapsed=1.0m eta_pass=2.6m
[2026-09-01 07:51:22] heartbeat attention survival seed=0 epoch=62 risk pass samples=3,792/6,767 elapsed=2.0m eta_pass=1.6m
[2026-09-01 07:52:22] heartbeat attention survival seed=0 epoch=62 risk pass samples=5,704/6,767 elapsed=3.0m eta_pass=0.6m
[2026-09-01 07:52:56] heartbeat attention survival seed=0 epoch=62 risk pass samples=6,767/6,767 elapsed=3.6m eta_pass=0.0m
[2026-09-01 07:53:56] heartbeat attention survival seed=0 epoch=62 gradient pass samples=1,896/6,767 elapsed=1.0m eta_pass=2.6m
[2026-09-01 07:54:56] heartbeat attention survival seed=0 epoch=62 gradient pass samples=3,728/6,767 elapsed=2.0m eta_pass=1.6m
[2026-09-01 07:55:56] heartbeat attention survival seed=0 epoch=62 gradient pass samples=5,592/6,767 elapsed=3.0m eta_pass=0.6m
[2026-09-01 07:56:35] heartbeat attention survival seed=0 epoch=62 gradient pass samples=6,767/6,767 elapsed=3.6m eta_pass=0.0m
[2026-09-01 07:57:05] attention survival seed=0 epoch=62 train_loss=7.58618 val_loss=5.65708 stale=2/20 elapsed=442.8m
[2026-09-01 07:58:05] heartbeat attention survival seed=0 epoch=63 risk pass samples=1,896/6,767 elapsed=1.0m eta_pass=2.6m
[2026-09-01 07:59:05] heartbeat attention survival seed=0 epoch=63 risk pass samples=3,816/6,767 elapsed=2.0m eta_pass=1.6m
[2026-09-01 08:00:06] heartbeat attention survival seed=0 epoch=63 risk pass samples=5,696/6,767 elapsed=3.0m eta_pass=0.6m
[2026-09-01 08:00:39] heartbeat attention survival seed=0 epoch=63 risk pass samples=6,767/6,767 elapsed=3.6m eta_pass=0.0m
[2026-09-01 08:01:40] heartbeat attention survival seed=0 epoch=63 gradient pass samples=1,880/6,767 elapsed=1.0m eta_pass=2.6m
[2026-09-01 08:02:40] heartbeat attention survival seed=0 epoch=63 gradient pass samples=3,752/6,767 elapsed=2.0m eta_pass=1.6m
[2026-09-01 08:03:40] heartbeat attention survival seed=0 epoch=63 gradient pass samples=5,624/6,767 elapsed=3.0m eta_pass=0.6m
[2026-09-01 08:04:16] heartbeat attention survival seed=0 epoch=63 gradient pass samples=6,767/6,767 elapsed=3.6m eta_pass=0.0m
[2026-09-01 08:04:48] attention survival seed=0 epoch=63 train_loss=7.58565 val_loss=5.66522 stale=3/20 elapsed=450.5m
[2026-09-01 08:05:48] heartbeat attention survival seed=0 epoch=64 risk pass samples=1,912/6,767 elapsed=1.0m eta_pass=2.5m
[2026-09-01 08:06:48] heartbeat attention survival seed=0 epoch=64 risk pass samples=3,840/6,767 elapsed=2.0m eta_pass=1.5m
[2026-09-01 08:07:48] heartbeat attention survival seed=0 epoch=64 risk pass samples=5,760/6,767 elapsed=3.0m eta_pass=0.5m
[2026-09-01 08:08:21] heartbeat attention survival seed=0 epoch=64 risk pass samples=6,767/6,767 elapsed=3.6m eta_pass=0.0m
[2026-09-01 08:09:21] heartbeat attention survival seed=0 epoch=64 gradient pass samples=1,880/6,767 elapsed=1.0m eta_pass=2.6m
[2026-09-01 08:10:21] heartbeat attention survival seed=0 epoch=64 gradient pass samples=3,768/6,767 elapsed=2.0m eta_pass=1.6m
[2026-09-01 08:11:22] heartbeat attention survival seed=0 epoch=64 gradient pass samples=5,656/6,767 elapsed=3.0m eta_pass=0.6m
[2026-09-01 08:11:57] heartbeat attention survival seed=0 epoch=64 gradient pass samples=6,767/6,767 elapsed=3.6m eta_pass=0.0m
[2026-09-01 08:12:27] attention survival seed=0 epoch=64 train_loss=7.58798 val_loss=5.66045 stale=4/20 elapsed=458.2m
[2026-09-01 08:13:27] heartbeat attention survival seed=0 epoch=65 risk pass samples=1,904/6,767 elapsed=1.0m eta_pass=2.6m
[2026-09-01 08:14:28] heartbeat attention survival seed=0 epoch=65 risk pass samples=3,808/6,767 elapsed=2.0m eta_pass=1.6m
[2026-09-01 08:15:28] heartbeat attention survival seed=0 epoch=65 risk pass samples=5,696/6,767 elapsed=3.0m eta_pass=0.6m
[2026-09-01 08:16:02] heartbeat attention survival seed=0 epoch=65 risk pass samples=6,767/6,767 elapsed=3.6m eta_pass=0.0m
[2026-09-01 08:17:02] heartbeat attention survival seed=0 epoch=65 gradient pass samples=1,888/6,767 elapsed=1.0m eta_pass=2.6m
[2026-09-01 08:18:02] heartbeat attention survival seed=0 epoch=65 gradient pass samples=3,776/6,767 elapsed=2.0m eta_pass=1.6m
[2026-09-01 08:19:02] heartbeat attention survival seed=0 epoch=65 gradient pass samples=5,664/6,767 elapsed=3.0m eta_pass=0.6m
[2026-09-01 08:19:37] heartbeat attention survival seed=0 epoch=65 gradient pass samples=6,767/6,767 elapsed=3.6m eta_pass=0.0m
[2026-09-01 08:20:08] attention survival seed=0 epoch=65 train_loss=7.58668 val_loss=5.65224 stale=0/20 elapsed=465.9m
[2026-09-01 08:21:09] heartbeat attention survival seed=0 epoch=66 risk pass samples=1,920/6,767 elapsed=1.0m eta_pass=2.5m
[2026-09-01 08:22:09] heartbeat attention survival seed=0 epoch=66 risk pass samples=3,840/6,767 elapsed=2.0m eta_pass=1.5m
[2026-09-01 08:23:09] heartbeat attention survival seed=0 epoch=66 risk pass samples=5,728/6,767 elapsed=3.0m eta_pass=0.5m
[2026-09-01 08:23:42] heartbeat attention survival seed=0 epoch=66 risk pass samples=6,767/6,767 elapsed=3.6m eta_pass=0.0m
[2026-09-01 08:24:42] heartbeat attention survival seed=0 epoch=66 gradient pass samples=1,976/6,767 elapsed=1.0m eta_pass=2.4m
[2026-09-01 08:25:42] heartbeat attention survival seed=0 epoch=66 gradient pass samples=3,952/6,767 elapsed=2.0m eta_pass=1.4m
[2026-09-01 08:26:42] heartbeat attention survival seed=0 epoch=66 gradient pass samples=6,008/6,767 elapsed=3.0m eta_pass=0.4m
[2026-09-01 08:27:04] heartbeat attention survival seed=0 epoch=66 gradient pass samples=6,767/6,767 elapsed=3.4m eta_pass=0.0m
[2026-09-01 08:27:32] attention survival seed=0 epoch=66 train_loss=7.57846 val_loss=5.64959 stale=0/20 elapsed=473.2m
[2026-09-01 08:28:32] heartbeat attention survival seed=0 epoch=67 risk pass samples=2,072/6,767 elapsed=1.0m eta_pass=2.3m
[2026-09-01 08:29:32] heartbeat attention survival seed=0 epoch=67 risk pass samples=4,144/6,767 elapsed=2.0m eta_pass=1.3m
[2026-09-01 08:30:33] heartbeat attention survival seed=0 epoch=67 risk pass samples=6,208/6,767 elapsed=3.0m eta_pass=0.3m
[2026-09-01 08:30:49] heartbeat attention survival seed=0 epoch=67 risk pass samples=6,767/6,767 elapsed=3.3m eta_pass=0.0m
[2026-09-01 08:31:49] heartbeat attention survival seed=0 epoch=67 gradient pass samples=2,008/6,767 elapsed=1.0m eta_pass=2.4m
[2026-09-01 08:32:49] heartbeat attention survival seed=0 epoch=67 gradient pass samples=4,016/6,767 elapsed=2.0m eta_pass=1.4m
[2026-09-01 08:33:49] heartbeat attention survival seed=0 epoch=67 gradient pass samples=6,024/6,767 elapsed=3.0m eta_pass=0.4m
[2026-09-01 08:34:12] heartbeat attention survival seed=0 epoch=67 gradient pass samples=6,767/6,767 elapsed=3.4m eta_pass=0.0m
[2026-09-01 08:34:40] attention survival seed=0 epoch=67 train_loss=7.57306 val_loss=5.65387 stale=1/20 elapsed=480.4m
[2026-09-01 08:35:41] heartbeat attention survival seed=0 epoch=68 risk pass samples=2,072/6,767 elapsed=1.0m eta_pass=2.3m
[2026-09-01 08:36:41] heartbeat attention survival seed=0 epoch=68 risk pass samples=4,144/6,767 elapsed=2.0m eta_pass=1.3m
[2026-09-01 08:37:41] heartbeat attention survival seed=0 epoch=68 risk pass samples=6,192/6,767 elapsed=3.0m eta_pass=0.3m
[2026-09-01 08:37:58] heartbeat attention survival seed=0 epoch=68 risk pass samples=6,767/6,767 elapsed=3.3m eta_pass=0.0m
[2026-09-01 08:38:58] heartbeat attention survival seed=0 epoch=68 gradient pass samples=2,040/6,767 elapsed=1.0m eta_pass=2.3m
[2026-09-01 08:39:58] heartbeat attention survival seed=0 epoch=68 gradient pass samples=4,088/6,767 elapsed=2.0m eta_pass=1.3m
[2026-09-01 08:40:58] heartbeat attention survival seed=0 epoch=68 gradient pass samples=6,112/6,767 elapsed=3.0m eta_pass=0.3m
[2026-09-01 08:41:17] heartbeat attention survival seed=0 epoch=68 gradient pass samples=6,767/6,767 elapsed=3.3m eta_pass=0.0m
[2026-09-01 08:41:45] attention survival seed=0 epoch=68 train_loss=7.57960 val_loss=5.65438 stale=2/20 elapsed=487.5m
[2026-09-01 08:42:45] heartbeat attention survival seed=0 epoch=69 risk pass samples=2,056/6,767 elapsed=1.0m eta_pass=2.3m
[2026-09-01 08:43:45] heartbeat attention survival seed=0 epoch=69 risk pass samples=4,064/6,767 elapsed=2.0m eta_pass=1.3m
[2026-09-01 08:44:46] heartbeat attention survival seed=0 epoch=69 risk pass samples=6,080/6,767 elapsed=3.0m eta_pass=0.3m
[2026-09-01 08:45:06] heartbeat attention survival seed=0 epoch=69 risk pass samples=6,767/6,767 elapsed=3.3m eta_pass=0.0m
[2026-09-01 08:46:06] heartbeat attention survival seed=0 epoch=69 gradient pass samples=1,992/6,767 elapsed=1.0m eta_pass=2.4m
[2026-09-01 08:47:06] heartbeat attention survival seed=0 epoch=69 gradient pass samples=3,992/6,767 elapsed=2.0m eta_pass=1.4m
[2026-09-01 08:48:06] heartbeat attention survival seed=0 epoch=69 gradient pass samples=6,008/6,767 elapsed=3.0m eta_pass=0.4m
[2026-09-01 08:48:30] heartbeat attention survival seed=0 epoch=69 gradient pass samples=6,767/6,767 elapsed=3.4m eta_pass=0.0m
[2026-09-01 08:48:59] attention survival seed=0 epoch=69 train_loss=7.57953 val_loss=5.64202 stale=0/20 elapsed=494.7m
[2026-09-01 08:49:59] heartbeat attention survival seed=0 epoch=70 risk pass samples=2,048/6,767 elapsed=1.0m eta_pass=2.3m
[2026-09-01 08:50:59] heartbeat attention survival seed=0 epoch=70 risk pass samples=4,088/6,767 elapsed=2.0m eta_pass=1.3m
[2026-09-01 08:52:00] heartbeat attention survival seed=0 epoch=70 risk pass samples=6,192/6,767 elapsed=3.0m eta_pass=0.3m
[2026-09-01 08:52:17] heartbeat attention survival seed=0 epoch=70 risk pass samples=6,767/6,767 elapsed=3.3m eta_pass=0.0m
[2026-09-01 08:53:17] heartbeat attention survival seed=0 epoch=70 gradient pass samples=1,944/6,767 elapsed=1.0m eta_pass=2.5m
[2026-09-01 08:54:18] heartbeat attention survival seed=0 epoch=70 gradient pass samples=4,056/6,767 elapsed=2.0m eta_pass=1.3m
[2026-09-01 08:55:18] heartbeat attention survival seed=0 epoch=70 gradient pass samples=6,040/6,767 elapsed=3.0m eta_pass=0.4m
[2026-09-01 08:55:39] heartbeat attention survival seed=0 epoch=70 gradient pass samples=6,767/6,767 elapsed=3.4m eta_pass=0.0m
[2026-09-01 08:56:08] attention survival seed=0 epoch=70 train_loss=7.56875 val_loss=5.65144 stale=1/20 elapsed=501.8m
[2026-09-01 08:57:08] heartbeat attention survival seed=0 epoch=71 risk pass samples=2,088/6,767 elapsed=1.0m eta_pass=2.2m
[2026-09-01 08:58:08] heartbeat attention survival seed=0 epoch=71 risk pass samples=4,088/6,767 elapsed=2.0m eta_pass=1.3m
[2026-09-01 08:59:09] heartbeat attention survival seed=0 epoch=71 risk pass samples=6,176/6,767 elapsed=3.0m eta_pass=0.3m
[2026-09-01 08:59:26] heartbeat attention survival seed=0 epoch=71 risk pass samples=6,767/6,767 elapsed=3.3m eta_pass=0.0m
[2026-09-01 09:00:26] heartbeat attention survival seed=0 epoch=71 gradient pass samples=2,072/6,767 elapsed=1.0m eta_pass=2.3m
[2026-09-01 09:01:26] heartbeat attention survival seed=0 epoch=71 gradient pass samples=4,144/6,767 elapsed=2.0m eta_pass=1.3m
[2026-09-01 09:02:26] heartbeat attention survival seed=0 epoch=71 gradient pass samples=6,192/6,767 elapsed=3.0m eta_pass=0.3m
[2026-09-01 09:02:44] heartbeat attention survival seed=0 epoch=71 gradient pass samples=6,767/6,767 elapsed=3.3m eta_pass=0.0m
[2026-09-01 09:03:12] attention survival seed=0 epoch=71 train_loss=7.56921 val_loss=5.64815 stale=2/20 elapsed=508.9m
[2026-09-01 09:04:12] heartbeat attention survival seed=0 epoch=72 risk pass samples=2,112/6,767 elapsed=1.0m eta_pass=2.2m
[2026-09-01 09:05:12] heartbeat attention survival seed=0 epoch=72 risk pass samples=4,208/6,767 elapsed=2.0m eta_pass=1.2m
[2026-09-01 09:06:12] heartbeat attention survival seed=0 epoch=72 risk pass samples=6,296/6,767 elapsed=3.0m eta_pass=0.2m
[2026-09-01 09:06:26] heartbeat attention survival seed=0 epoch=72 risk pass samples=6,767/6,767 elapsed=3.2m eta_pass=0.0m
[2026-09-01 09:07:26] heartbeat attention survival seed=0 epoch=72 gradient pass samples=2,056/6,767 elapsed=1.0m eta_pass=2.3m
[2026-09-01 09:08:26] heartbeat attention survival seed=0 epoch=72 gradient pass samples=4,120/6,767 elapsed=2.0m eta_pass=1.3m
[2026-09-01 09:09:26] heartbeat attention survival seed=0 epoch=72 gradient pass samples=6,112/6,767 elapsed=3.0m eta_pass=0.3m
[2026-09-01 09:09:47] heartbeat attention survival seed=0 epoch=72 gradient pass samples=6,767/6,767 elapsed=3.4m eta_pass=0.0m
[2026-09-01 09:10:15] attention survival seed=0 epoch=72 train_loss=7.56876 val_loss=5.63828 stale=0/20 elapsed=515.9m
[2026-09-01 09:11:15] heartbeat attention survival seed=0 epoch=73 risk pass samples=2,040/6,767 elapsed=1.0m eta_pass=2.3m
[2026-09-01 09:12:15] heartbeat attention survival seed=0 epoch=73 risk pass samples=4,040/6,767 elapsed=2.0m eta_pass=1.4m
[2026-09-01 09:13:15] heartbeat attention survival seed=0 epoch=73 risk pass samples=6,048/6,767 elapsed=3.0m eta_pass=0.4m
[2026-09-01 09:13:36] heartbeat attention survival seed=0 epoch=73 risk pass samples=6,767/6,767 elapsed=3.4m eta_pass=0.0m
[2026-09-01 09:14:37] heartbeat attention survival seed=0 epoch=73 gradient pass samples=2,016/6,767 elapsed=1.0m eta_pass=2.4m
[2026-09-01 09:15:37] heartbeat attention survival seed=0 epoch=73 gradient pass samples=4,008/6,767 elapsed=2.0m eta_pass=1.4m
[2026-09-01 09:16:37] heartbeat attention survival seed=0 epoch=73 gradient pass samples=6,008/6,767 elapsed=3.0m eta_pass=0.4m
[2026-09-01 09:17:00] heartbeat attention survival seed=0 epoch=73 gradient pass samples=6,767/6,767 elapsed=3.4m eta_pass=0.0m
[2026-09-01 09:17:27] attention survival seed=0 epoch=73 train_loss=7.56060 val_loss=5.64372 stale=1/20 elapsed=523.1m
[2026-09-01 09:18:28] heartbeat attention survival seed=0 epoch=74 risk pass samples=2,080/6,767 elapsed=1.0m eta_pass=2.3m
[2026-09-01 09:19:28] heartbeat attention survival seed=0 epoch=74 risk pass samples=4,168/6,767 elapsed=2.0m eta_pass=1.2m
[2026-09-01 09:20:28] heartbeat attention survival seed=0 epoch=74 risk pass samples=6,256/6,767 elapsed=3.0m eta_pass=0.2m
[2026-09-01 09:20:43] heartbeat attention survival seed=0 epoch=74 risk pass samples=6,767/6,767 elapsed=3.3m eta_pass=0.0m
[2026-09-01 09:21:43] heartbeat attention survival seed=0 epoch=74 gradient pass samples=1,960/6,767 elapsed=1.0m eta_pass=2.5m
[2026-09-01 09:22:44] heartbeat attention survival seed=0 epoch=74 gradient pass samples=3,880/6,767 elapsed=2.0m eta_pass=1.5m
[2026-09-01 09:23:44] heartbeat attention survival seed=0 epoch=74 gradient pass samples=5,840/6,767 elapsed=3.0m eta_pass=0.5m
[2026-09-01 09:24:11] heartbeat attention survival seed=0 epoch=74 gradient pass samples=6,767/6,767 elapsed=3.5m eta_pass=0.0m
[2026-09-01 09:24:41] attention survival seed=0 epoch=74 train_loss=7.56327 val_loss=5.64359 stale=2/20 elapsed=530.4m
[2026-09-01 09:25:41] heartbeat attention survival seed=0 epoch=75 risk pass samples=1,992/6,767 elapsed=1.0m eta_pass=2.4m
[2026-09-01 09:26:41] heartbeat attention survival seed=0 epoch=75 risk pass samples=4,008/6,767 elapsed=2.0m eta_pass=1.4m
[2026-09-01 09:27:41] heartbeat attention survival seed=0 epoch=75 risk pass samples=5,984/6,767 elapsed=3.0m eta_pass=0.4m
[2026-09-01 09:28:07] heartbeat attention survival seed=0 epoch=75 risk pass samples=6,767/6,767 elapsed=3.4m eta_pass=0.0m
[2026-09-01 09:29:07] heartbeat attention survival seed=0 epoch=75 gradient pass samples=2,000/6,767 elapsed=1.0m eta_pass=2.4m
[2026-09-01 09:30:07] heartbeat attention survival seed=0 epoch=75 gradient pass samples=3,968/6,767 elapsed=2.0m eta_pass=1.4m
[2026-09-01 09:31:07] heartbeat attention survival seed=0 epoch=75 gradient pass samples=6,000/6,767 elapsed=3.0m eta_pass=0.4m
[2026-09-01 09:31:31] heartbeat attention survival seed=0 epoch=75 gradient pass samples=6,767/6,767 elapsed=3.4m eta_pass=0.0m
[2026-09-01 09:31:59] attention survival seed=0 epoch=75 train_loss=7.56687 val_loss=5.65184 stale=3/20 elapsed=537.7m
[2026-09-01 09:32:59] heartbeat attention survival seed=0 epoch=76 risk pass samples=1,992/6,767 elapsed=1.0m eta_pass=2.4m
[2026-09-01 09:33:59] heartbeat attention survival seed=0 epoch=76 risk pass samples=4,008/6,767 elapsed=2.0m eta_pass=1.4m
[2026-09-01 09:34:59] heartbeat attention survival seed=0 epoch=76 risk pass samples=6,008/6,767 elapsed=3.0m eta_pass=0.4m
[2026-09-01 09:35:22] heartbeat attention survival seed=0 epoch=76 risk pass samples=6,767/6,767 elapsed=3.4m eta_pass=0.0m
[2026-09-01 09:36:22] heartbeat attention survival seed=0 epoch=76 gradient pass samples=1,976/6,767 elapsed=1.0m eta_pass=2.4m
[2026-09-01 09:37:22] heartbeat attention survival seed=0 epoch=76 gradient pass samples=4,000/6,767 elapsed=2.0m eta_pass=1.4m
[2026-09-01 09:38:22] heartbeat attention survival seed=0 epoch=76 gradient pass samples=5,984/6,767 elapsed=3.0m eta_pass=0.4m
[2026-09-01 09:38:46] heartbeat attention survival seed=0 epoch=76 gradient pass samples=6,767/6,767 elapsed=3.4m eta_pass=0.0m
[2026-09-01 09:39:16] attention survival seed=0 epoch=76 train_loss=7.56381 val_loss=5.64138 stale=4/20 elapsed=544.9m
[2026-09-01 09:40:16] heartbeat attention survival seed=0 epoch=77 risk pass samples=2,064/6,767 elapsed=1.0m eta_pass=2.3m
[2026-09-01 09:41:16] heartbeat attention survival seed=0 epoch=77 risk pass samples=4,104/6,767 elapsed=2.0m eta_pass=1.3m
[2026-09-01 09:42:16] heartbeat attention survival seed=0 epoch=77 risk pass samples=6,184/6,767 elapsed=3.0m eta_pass=0.3m
[2026-09-01 09:42:34] heartbeat attention survival seed=0 epoch=77 risk pass samples=6,767/6,767 elapsed=3.3m eta_pass=0.0m
[2026-09-01 09:43:34] heartbeat attention survival seed=0 epoch=77 gradient pass samples=2,048/6,767 elapsed=1.0m eta_pass=2.3m
[2026-09-01 09:44:34] heartbeat attention survival seed=0 epoch=77 gradient pass samples=4,088/6,767 elapsed=2.0m eta_pass=1.3m
[2026-09-01 09:45:34] heartbeat attention survival seed=0 epoch=77 gradient pass samples=6,112/6,767 elapsed=3.0m eta_pass=0.3m
[2026-09-01 09:45:55] heartbeat attention survival seed=0 epoch=77 gradient pass samples=6,767/6,767 elapsed=3.3m eta_pass=0.0m
[2026-09-01 09:46:25] attention survival seed=0 epoch=77 train_loss=7.55657 val_loss=5.63944 stale=5/20 elapsed=552.1m
[2026-09-01 09:47:25] heartbeat attention survival seed=0 epoch=78 risk pass samples=2,016/6,767 elapsed=1.0m eta_pass=2.4m
[2026-09-01 09:48:25] heartbeat attention survival seed=0 epoch=78 risk pass samples=4,032/6,767 elapsed=2.0m eta_pass=1.4m
[2026-09-01 09:49:25] heartbeat attention survival seed=0 epoch=78 risk pass samples=6,112/6,767 elapsed=3.0m eta_pass=0.3m
[2026-09-01 09:49:45] heartbeat attention survival seed=0 epoch=78 risk pass samples=6,767/6,767 elapsed=3.3m eta_pass=0.0m
[2026-09-01 09:50:45] heartbeat attention survival seed=0 epoch=78 gradient pass samples=2,056/6,767 elapsed=1.0m eta_pass=2.3m
[2026-09-01 09:51:45] heartbeat attention survival seed=0 epoch=78 gradient pass samples=4,104/6,767 elapsed=2.0m eta_pass=1.3m
[2026-09-01 09:52:45] heartbeat attention survival seed=0 epoch=78 gradient pass samples=6,152/6,767 elapsed=3.0m eta_pass=0.3m
[2026-09-01 09:53:03] heartbeat attention survival seed=0 epoch=78 gradient pass samples=6,767/6,767 elapsed=3.3m eta_pass=0.0m
[2026-09-01 09:53:32] attention survival seed=0 epoch=78 train_loss=7.55663 val_loss=5.63904 stale=6/20 elapsed=559.2m
[2026-09-01 09:54:32] heartbeat attention survival seed=0 epoch=79 risk pass samples=2,016/6,767 elapsed=1.0m eta_pass=2.4m
[2026-09-01 09:55:32] heartbeat attention survival seed=0 epoch=79 risk pass samples=4,024/6,767 elapsed=2.0m eta_pass=1.4m
[2026-09-01 09:56:32] heartbeat attention survival seed=0 epoch=79 risk pass samples=6,024/6,767 elapsed=3.0m eta_pass=0.4m
[2026-09-01 09:56:54] heartbeat attention survival seed=0 epoch=79 risk pass samples=6,767/6,767 elapsed=3.4m eta_pass=0.0m
[2026-09-01 09:57:54] heartbeat attention survival seed=0 epoch=79 gradient pass samples=2,032/6,767 elapsed=1.0m eta_pass=2.3m
[2026-09-01 09:58:54] heartbeat attention survival seed=0 epoch=79 gradient pass samples=4,120/6,767 elapsed=2.0m eta_pass=1.3m
[2026-09-01 09:59:54] heartbeat attention survival seed=0 epoch=79 gradient pass samples=6,104/6,767 elapsed=3.0m eta_pass=0.3m
[2026-09-01 10:00:15] heartbeat attention survival seed=0 epoch=79 gradient pass samples=6,767/6,767 elapsed=3.4m eta_pass=0.0m
[2026-09-01 10:00:44] attention survival seed=0 epoch=79 train_loss=7.55009 val_loss=5.63218 stale=0/20 elapsed=566.4m
[2026-09-01 10:01:44] heartbeat attention survival seed=0 epoch=80 risk pass samples=2,056/6,767 elapsed=1.0m eta_pass=2.3m
[2026-09-01 10:02:44] heartbeat attention survival seed=0 epoch=80 risk pass samples=4,088/6,767 elapsed=2.0m eta_pass=1.3m
[2026-09-01 10:03:44] heartbeat attention survival seed=0 epoch=80 risk pass samples=6,168/6,767 elapsed=3.0m eta_pass=0.3m
[2026-09-01 10:04:01] heartbeat attention survival seed=0 epoch=80 risk pass samples=6,767/6,767 elapsed=3.3m eta_pass=0.0m
[2026-09-01 10:05:02] heartbeat attention survival seed=0 epoch=80 gradient pass samples=2,024/6,767 elapsed=1.0m eta_pass=2.4m
[2026-09-01 10:06:02] heartbeat attention survival seed=0 epoch=80 gradient pass samples=4,080/6,767 elapsed=2.0m eta_pass=1.3m
[2026-09-01 10:07:02] heartbeat attention survival seed=0 epoch=80 gradient pass samples=6,112/6,767 elapsed=3.0m eta_pass=0.3m
[2026-09-01 10:07:21] heartbeat attention survival seed=0 epoch=80 gradient pass samples=6,767/6,767 elapsed=3.3m eta_pass=0.0m
[2026-09-01 10:07:50] attention survival seed=0 epoch=80 train_loss=7.54367 val_loss=5.63706 stale=1/20 elapsed=573.5m
[2026-09-01 10:08:50] heartbeat attention survival seed=0 epoch=81 risk pass samples=2,032/6,767 elapsed=1.0m eta_pass=2.3m
[2026-09-01 10:09:50] heartbeat attention survival seed=0 epoch=81 risk pass samples=4,072/6,767 elapsed=2.0m eta_pass=1.3m
[2026-09-01 10:10:51] heartbeat attention survival seed=0 epoch=81 risk pass samples=6,112/6,767 elapsed=3.0m eta_pass=0.3m
[2026-09-01 10:11:10] heartbeat attention survival seed=0 epoch=81 risk pass samples=6,767/6,767 elapsed=3.3m eta_pass=0.0m
[2026-09-01 10:12:10] heartbeat attention survival seed=0 epoch=81 gradient pass samples=2,040/6,767 elapsed=1.0m eta_pass=2.3m
[2026-09-01 10:13:11] heartbeat attention survival seed=0 epoch=81 gradient pass samples=4,088/6,767 elapsed=2.0m eta_pass=1.3m
[2026-09-01 10:14:11] heartbeat attention survival seed=0 epoch=81 gradient pass samples=6,152/6,767 elapsed=3.0m eta_pass=0.3m
[2026-09-01 10:14:28] heartbeat attention survival seed=0 epoch=81 gradient pass samples=6,767/6,767 elapsed=3.3m eta_pass=0.0m
[2026-09-01 10:14:57] attention survival seed=0 epoch=81 train_loss=7.54776 val_loss=5.65240 stale=2/20 elapsed=580.6m
[2026-09-01 10:15:57] heartbeat attention survival seed=0 epoch=82 risk pass samples=2,064/6,767 elapsed=1.0m eta_pass=2.3m
[2026-09-01 10:16:57] heartbeat attention survival seed=0 epoch=82 risk pass samples=4,136/6,767 elapsed=2.0m eta_pass=1.3m
[2026-09-01 10:17:57] heartbeat attention survival seed=0 epoch=82 risk pass samples=6,184/6,767 elapsed=3.0m eta_pass=0.3m
[2026-09-01 10:18:15] heartbeat attention survival seed=0 epoch=82 risk pass samples=6,767/6,767 elapsed=3.3m eta_pass=0.0m
[2026-09-01 10:19:15] heartbeat attention survival seed=0 epoch=82 gradient pass samples=2,048/6,767 elapsed=1.0m eta_pass=2.3m
[2026-09-01 10:20:15] heartbeat attention survival seed=0 epoch=82 gradient pass samples=4,072/6,767 elapsed=2.0m eta_pass=1.3m
[2026-09-01 10:21:16] heartbeat attention survival seed=0 epoch=82 gradient pass samples=6,128/6,767 elapsed=3.0m eta_pass=0.3m
[2026-09-01 10:21:34] heartbeat attention survival seed=0 epoch=82 gradient pass samples=6,767/6,767 elapsed=3.3m eta_pass=0.0m
[2026-09-01 10:22:02] attention survival seed=0 epoch=82 train_loss=7.55805 val_loss=5.66319 stale=3/20 elapsed=587.7m
[2026-09-01 10:23:02] heartbeat attention survival seed=0 epoch=83 risk pass samples=2,008/6,767 elapsed=1.0m eta_pass=2.4m
[2026-09-01 10:24:02] heartbeat attention survival seed=0 epoch=83 risk pass samples=4,072/6,767 elapsed=2.0m eta_pass=1.3m
[2026-09-01 10:25:02] heartbeat attention survival seed=0 epoch=83 risk pass samples=6,104/6,767 elapsed=3.0m eta_pass=0.3m
[2026-09-01 10:25:23] heartbeat attention survival seed=0 epoch=83 risk pass samples=6,767/6,767 elapsed=3.3m eta_pass=0.0m
[2026-09-01 10:26:23] heartbeat attention survival seed=0 epoch=83 gradient pass samples=2,024/6,767 elapsed=1.0m eta_pass=2.3m
[2026-09-01 10:27:23] heartbeat attention survival seed=0 epoch=83 gradient pass samples=4,056/6,767 elapsed=2.0m eta_pass=1.3m
[2026-09-01 10:28:24] heartbeat attention survival seed=0 epoch=83 gradient pass samples=6,096/6,767 elapsed=3.0m eta_pass=0.3m
[2026-09-01 10:28:44] heartbeat attention survival seed=0 epoch=83 gradient pass samples=6,767/6,767 elapsed=3.3m eta_pass=0.0m
[2026-09-01 10:29:13] attention survival seed=0 epoch=83 train_loss=7.57079 val_loss=5.64954 stale=4/20 elapsed=594.9m
[2026-09-01 10:30:13] heartbeat attention survival seed=0 epoch=84 risk pass samples=2,032/6,767 elapsed=1.0m eta_pass=2.3m
[2026-09-01 10:31:13] heartbeat attention survival seed=0 epoch=84 risk pass samples=4,104/6,767 elapsed=2.0m eta_pass=1.3m
[2026-09-01 10:32:13] heartbeat attention survival seed=0 epoch=84 risk pass samples=6,120/6,767 elapsed=3.0m eta_pass=0.3m
[2026-09-01 10:32:33] heartbeat attention survival seed=0 epoch=84 risk pass samples=6,767/6,767 elapsed=3.3m eta_pass=0.0m
[2026-09-01 10:33:33] heartbeat attention survival seed=0 epoch=84 gradient pass samples=2,016/6,767 elapsed=1.0m eta_pass=2.4m
[2026-09-01 10:34:34] heartbeat attention survival seed=0 epoch=84 gradient pass samples=4,048/6,767 elapsed=2.0m eta_pass=1.3m
[2026-09-01 10:35:34] heartbeat attention survival seed=0 epoch=84 gradient pass samples=6,040/6,767 elapsed=3.0m eta_pass=0.4m
[2026-09-01 10:35:55] heartbeat attention survival seed=0 epoch=84 gradient pass samples=6,767/6,767 elapsed=3.4m eta_pass=0.0m
[2026-09-01 10:36:24] attention survival seed=0 epoch=84 train_loss=7.55817 val_loss=5.64917 stale=5/20 elapsed=602.0m
[2026-09-01 10:37:24] heartbeat attention survival seed=0 epoch=85 risk pass samples=2,056/6,767 elapsed=1.0m eta_pass=2.3m
[2026-09-01 10:38:24] heartbeat attention survival seed=0 epoch=85 risk pass samples=4,120/6,767 elapsed=2.0m eta_pass=1.3m
[2026-09-01 10:39:24] heartbeat attention survival seed=0 epoch=85 risk pass samples=6,152/6,767 elapsed=3.0m eta_pass=0.3m
[2026-09-01 10:39:42] heartbeat attention survival seed=0 epoch=85 risk pass samples=6,767/6,767 elapsed=3.3m eta_pass=0.0m
[2026-09-01 10:40:43] heartbeat attention survival seed=0 epoch=85 gradient pass samples=1,984/6,767 elapsed=1.0m eta_pass=2.4m
[2026-09-01 10:41:43] heartbeat attention survival seed=0 epoch=85 gradient pass samples=4,024/6,767 elapsed=2.0m eta_pass=1.4m
[2026-09-01 10:42:43] heartbeat attention survival seed=0 epoch=85 gradient pass samples=6,008/6,767 elapsed=3.0m eta_pass=0.4m
[2026-09-01 10:43:06] heartbeat attention survival seed=0 epoch=85 gradient pass samples=6,767/6,767 elapsed=3.4m eta_pass=0.0m
[2026-09-01 10:43:34] attention survival seed=0 epoch=85 train_loss=7.55083 val_loss=5.63523 stale=6/20 elapsed=609.2m
[2026-09-01 10:44:35] heartbeat attention survival seed=0 epoch=86 risk pass samples=2,032/6,767 elapsed=1.0m eta_pass=2.3m
[2026-09-01 10:45:35] heartbeat attention survival seed=0 epoch=86 risk pass samples=4,032/6,767 elapsed=2.0m eta_pass=1.4m
[2026-09-01 10:46:35] heartbeat attention survival seed=0 epoch=86 risk pass samples=6,096/6,767 elapsed=3.0m eta_pass=0.3m
[2026-09-01 10:46:55] heartbeat attention survival seed=0 epoch=86 risk pass samples=6,767/6,767 elapsed=3.3m eta_pass=0.0m
[2026-09-01 10:47:55] heartbeat attention survival seed=0 epoch=86 gradient pass samples=2,008/6,767 elapsed=1.0m eta_pass=2.4m
[2026-09-01 10:48:55] heartbeat attention survival seed=0 epoch=86 gradient pass samples=4,032/6,767 elapsed=2.0m eta_pass=1.4m
[2026-09-01 10:49:55] heartbeat attention survival seed=0 epoch=86 gradient pass samples=6,088/6,767 elapsed=3.0m eta_pass=0.3m
[2026-09-01 10:50:15] heartbeat attention survival seed=0 epoch=86 gradient pass samples=6,767/6,767 elapsed=3.3m eta_pass=0.0m
[2026-09-01 10:50:44] attention survival seed=0 epoch=86 train_loss=7.54326 val_loss=5.64380 stale=7/20 elapsed=616.4m
[2026-09-01 10:51:44] heartbeat attention survival seed=0 epoch=87 risk pass samples=2,064/6,767 elapsed=1.0m eta_pass=2.3m
[2026-09-01 10:52:44] heartbeat attention survival seed=0 epoch=87 risk pass samples=4,120/6,767 elapsed=2.0m eta_pass=1.3m
[2026-09-01 10:53:45] heartbeat attention survival seed=0 epoch=87 risk pass samples=6,120/6,767 elapsed=3.0m eta_pass=0.3m
[2026-09-01 10:54:05] heartbeat attention survival seed=0 epoch=87 risk pass samples=6,767/6,767 elapsed=3.3m eta_pass=0.0m
[2026-09-01 10:55:05] heartbeat attention survival seed=0 epoch=87 gradient pass samples=1,952/6,767 elapsed=1.0m eta_pass=2.5m
[2026-09-01 10:56:05] heartbeat attention survival seed=0 epoch=87 gradient pass samples=3,872/6,767 elapsed=2.0m eta_pass=1.5m
[2026-09-01 10:57:06] heartbeat attention survival seed=0 epoch=87 gradient pass samples=5,816/6,767 elapsed=3.0m eta_pass=0.5m
[2026-09-01 10:57:36] heartbeat attention survival seed=0 epoch=87 gradient pass samples=6,767/6,767 elapsed=3.5m eta_pass=0.0m
[2026-09-01 10:58:05] attention survival seed=0 epoch=87 train_loss=7.54921 val_loss=5.67286 stale=8/20 elapsed=623.7m
[2026-09-01 10:59:05] heartbeat attention survival seed=0 epoch=88 risk pass samples=1,944/6,767 elapsed=1.0m eta_pass=2.5m
[2026-09-01 11:00:05] heartbeat attention survival seed=0 epoch=88 risk pass samples=3,888/6,767 elapsed=2.0m eta_pass=1.5m
[2026-09-01 11:01:05] heartbeat attention survival seed=0 epoch=88 risk pass samples=5,888/6,767 elapsed=3.0m eta_pass=0.4m
[2026-09-01 11:01:33] heartbeat attention survival seed=0 epoch=88 risk pass samples=6,767/6,767 elapsed=3.5m eta_pass=0.0m
[2026-09-01 11:02:34] heartbeat attention survival seed=0 epoch=88 gradient pass samples=1,952/6,767 elapsed=1.0m eta_pass=2.5m
[2026-09-01 11:03:34] heartbeat attention survival seed=0 epoch=88 gradient pass samples=3,920/6,767 elapsed=2.0m eta_pass=1.5m
[2026-09-01 11:04:34] heartbeat attention survival seed=0 epoch=88 gradient pass samples=5,912/6,767 elapsed=3.0m eta_pass=0.4m
[2026-09-01 11:05:00] heartbeat attention survival seed=0 epoch=88 gradient pass samples=6,767/6,767 elapsed=3.4m eta_pass=0.0m
[2026-09-01 11:05:28] attention survival seed=0 epoch=88 train_loss=7.56741 val_loss=5.63463 stale=9/20 elapsed=631.1m
[2026-09-01 11:06:29] heartbeat attention survival seed=0 epoch=89 risk pass samples=2,000/6,767 elapsed=1.0m eta_pass=2.4m
[2026-09-01 11:07:29] heartbeat attention survival seed=0 epoch=89 risk pass samples=3,976/6,767 elapsed=2.0m eta_pass=1.4m
[2026-09-01 11:08:29] heartbeat attention survival seed=0 epoch=89 risk pass samples=5,984/6,767 elapsed=3.0m eta_pass=0.4m
[2026-09-01 11:08:53] heartbeat attention survival seed=0 epoch=89 risk pass samples=6,767/6,767 elapsed=3.4m eta_pass=0.0m
[2026-09-01 11:09:53] heartbeat attention survival seed=0 epoch=89 gradient pass samples=1,976/6,767 elapsed=1.0m eta_pass=2.4m
[2026-09-01 11:10:53] heartbeat attention survival seed=0 epoch=89 gradient pass samples=3,984/6,767 elapsed=2.0m eta_pass=1.4m
[2026-09-01 11:11:54] heartbeat attention survival seed=0 epoch=89 gradient pass samples=5,936/6,767 elapsed=3.0m eta_pass=0.4m
[2026-09-01 11:12:19] heartbeat attention survival seed=0 epoch=89 gradient pass samples=6,767/6,767 elapsed=3.4m eta_pass=0.0m
[2026-09-01 11:12:48] attention survival seed=0 epoch=89 train_loss=7.53290 val_loss=5.64503 stale=10/20 elapsed=638.4m
[2026-09-01 11:13:49] heartbeat attention survival seed=0 epoch=90 risk pass samples=1,984/6,767 elapsed=1.0m eta_pass=2.4m
[2026-09-01 11:14:49] heartbeat attention survival seed=0 epoch=90 risk pass samples=3,984/6,767 elapsed=2.0m eta_pass=1.4m
[2026-09-01 11:15:49] heartbeat attention survival seed=0 epoch=90 risk pass samples=6,024/6,767 elapsed=3.0m eta_pass=0.4m
[2026-09-01 11:16:12] heartbeat attention survival seed=0 epoch=90 risk pass samples=6,767/6,767 elapsed=3.4m eta_pass=0.0m
[2026-09-01 11:17:12] heartbeat attention survival seed=0 epoch=90 gradient pass samples=1,992/6,767 elapsed=1.0m eta_pass=2.4m
[2026-09-01 11:18:12] heartbeat attention survival seed=0 epoch=90 gradient pass samples=3,976/6,767 elapsed=2.0m eta_pass=1.4m
[2026-09-01 11:19:12] heartbeat attention survival seed=0 epoch=90 gradient pass samples=5,792/6,767 elapsed=3.0m eta_pass=0.5m
[2026-09-01 11:19:41] heartbeat attention survival seed=0 epoch=90 gradient pass samples=6,767/6,767 elapsed=3.5m eta_pass=0.0m
[2026-09-01 11:20:10] attention survival seed=0 epoch=90 train_loss=7.54094 val_loss=5.65581 stale=11/20 elapsed=645.8m
[2026-09-01 11:21:10] heartbeat attention survival seed=0 epoch=91 risk pass samples=2,008/6,767 elapsed=1.0m eta_pass=2.4m
[2026-09-01 11:22:10] heartbeat attention survival seed=0 epoch=91 risk pass samples=4,008/6,767 elapsed=2.0m eta_pass=1.4m
[2026-09-01 11:23:10] heartbeat attention survival seed=0 epoch=91 risk pass samples=5,984/6,767 elapsed=3.0m eta_pass=0.4m
[2026-09-01 11:23:34] heartbeat attention survival seed=0 epoch=91 risk pass samples=6,767/6,767 elapsed=3.4m eta_pass=0.0m
[2026-09-01 11:24:34] heartbeat attention survival seed=0 epoch=91 gradient pass samples=2,008/6,767 elapsed=1.0m eta_pass=2.4m
[2026-09-01 11:25:34] heartbeat attention survival seed=0 epoch=91 gradient pass samples=4,024/6,767 elapsed=2.0m eta_pass=1.4m
[2026-09-01 11:26:34] heartbeat attention survival seed=0 epoch=91 gradient pass samples=6,048/6,767 elapsed=3.0m eta_pass=0.4m
[2026-09-01 11:26:57] heartbeat attention survival seed=0 epoch=91 gradient pass samples=6,767/6,767 elapsed=3.4m eta_pass=0.0m
[2026-09-01 11:27:25] attention survival seed=0 epoch=91 train_loss=7.54578 val_loss=5.62929 stale=0/20 elapsed=653.0m
[2026-09-01 11:28:25] heartbeat attention survival seed=0 epoch=92 risk pass samples=2,008/6,767 elapsed=1.0m eta_pass=2.4m
[2026-09-01 11:29:25] heartbeat attention survival seed=0 epoch=92 risk pass samples=4,048/6,767 elapsed=2.0m eta_pass=1.3m
[2026-09-01 11:30:26] heartbeat attention survival seed=0 epoch=92 risk pass samples=6,032/6,767 elapsed=3.0m eta_pass=0.4m
[2026-09-01 11:30:48] heartbeat attention survival seed=0 epoch=92 risk pass samples=6,767/6,767 elapsed=3.4m eta_pass=0.0m
[2026-09-01 11:31:48] heartbeat attention survival seed=0 epoch=92 gradient pass samples=2,008/6,767 elapsed=1.0m eta_pass=2.4m
[2026-09-01 11:32:48] heartbeat attention survival seed=0 epoch=92 gradient pass samples=4,008/6,767 elapsed=2.0m eta_pass=1.4m
[2026-09-01 11:33:48] heartbeat attention survival seed=0 epoch=92 gradient pass samples=6,016/6,767 elapsed=3.0m eta_pass=0.4m
[2026-09-01 11:34:10] heartbeat attention survival seed=0 epoch=92 gradient pass samples=6,767/6,767 elapsed=3.4m eta_pass=0.0m
[2026-09-01 11:34:38] attention survival seed=0 epoch=92 train_loss=7.52067 val_loss=5.65471 stale=1/20 elapsed=660.2m
[2026-09-01 11:35:38] heartbeat attention survival seed=0 epoch=93 risk pass samples=2,024/6,767 elapsed=1.0m eta_pass=2.3m
[2026-09-01 11:36:38] heartbeat attention survival seed=0 epoch=93 risk pass samples=4,016/6,767 elapsed=2.0m eta_pass=1.4m
[2026-09-01 11:37:39] heartbeat attention survival seed=0 epoch=93 risk pass samples=6,088/6,767 elapsed=3.0m eta_pass=0.3m
[2026-09-01 11:37:59] heartbeat attention survival seed=0 epoch=93 risk pass samples=6,767/6,767 elapsed=3.3m eta_pass=0.0m
[2026-09-01 11:38:59] heartbeat attention survival seed=0 epoch=93 gradient pass samples=2,032/6,767 elapsed=1.0m eta_pass=2.3m
[2026-09-01 11:40:00] heartbeat attention survival seed=0 epoch=93 gradient pass samples=4,032/6,767 elapsed=2.0m eta_pass=1.4m
[2026-09-01 11:41:00] heartbeat attention survival seed=0 epoch=93 gradient pass samples=6,032/6,767 elapsed=3.0m eta_pass=0.4m
[2026-09-01 11:41:22] heartbeat attention survival seed=0 epoch=93 gradient pass samples=6,767/6,767 elapsed=3.4m eta_pass=0.0m
[2026-09-01 11:41:50] attention survival seed=0 epoch=93 train_loss=7.54782 val_loss=5.67766 stale=2/20 elapsed=667.4m
[2026-09-01 11:42:50] heartbeat attention survival seed=0 epoch=94 risk pass samples=1,912/6,767 elapsed=1.0m eta_pass=2.5m
[2026-09-01 11:43:51] heartbeat attention survival seed=0 epoch=94 risk pass samples=3,944/6,767 elapsed=2.0m eta_pass=1.4m
[2026-09-01 11:44:51] heartbeat attention survival seed=0 epoch=94 risk pass samples=5,944/6,767 elapsed=3.0m eta_pass=0.4m
[2026-09-01 11:45:15] heartbeat attention survival seed=0 epoch=94 risk pass samples=6,767/6,767 elapsed=3.4m eta_pass=0.0m
[2026-09-01 11:46:15] heartbeat attention survival seed=0 epoch=94 gradient pass samples=1,960/6,767 elapsed=1.0m eta_pass=2.5m
[2026-09-01 11:47:15] heartbeat attention survival seed=0 epoch=94 gradient pass samples=3,984/6,767 elapsed=2.0m eta_pass=1.4m
[2026-09-01 11:48:15] heartbeat attention survival seed=0 epoch=94 gradient pass samples=5,984/6,767 elapsed=3.0m eta_pass=0.4m
[2026-09-01 11:48:39] heartbeat attention survival seed=0 epoch=94 gradient pass samples=6,767/6,767 elapsed=3.4m eta_pass=0.0m
[2026-09-01 11:49:07] attention survival seed=0 epoch=94 train_loss=7.56364 val_loss=5.66299 stale=3/20 elapsed=674.7m
[2026-09-01 11:50:08] heartbeat attention survival seed=0 epoch=95 risk pass samples=2,032/6,767 elapsed=1.0m eta_pass=2.3m
[2026-09-01 11:51:08] heartbeat attention survival seed=0 epoch=95 risk pass samples=4,048/6,767 elapsed=2.0m eta_pass=1.3m
[2026-09-01 11:52:08] heartbeat attention survival seed=0 epoch=95 risk pass samples=6,040/6,767 elapsed=3.0m eta_pass=0.4m
[2026-09-01 11:52:29] heartbeat attention survival seed=0 epoch=95 risk pass samples=6,767/6,767 elapsed=3.4m eta_pass=0.0m
[2026-09-01 11:53:29] heartbeat attention survival seed=0 epoch=95 gradient pass samples=1,976/6,767 elapsed=1.0m eta_pass=2.4m
[2026-09-01 11:54:29] heartbeat attention survival seed=0 epoch=95 gradient pass samples=3,952/6,767 elapsed=2.0m eta_pass=1.4m
[2026-09-01 11:55:30] heartbeat attention survival seed=0 epoch=95 gradient pass samples=5,952/6,767 elapsed=3.0m eta_pass=0.4m
[2026-09-01 11:55:54] heartbeat attention survival seed=0 epoch=95 gradient pass samples=6,767/6,767 elapsed=3.4m eta_pass=0.0m
[2026-09-01 11:56:26] attention survival seed=0 epoch=95 train_loss=7.54076 val_loss=5.69475 stale=4/20 elapsed=682.0m
[2026-09-01 11:57:26] heartbeat attention survival seed=0 epoch=96 risk pass samples=1,968/6,767 elapsed=1.0m eta_pass=2.4m
[2026-09-01 11:58:26] heartbeat attention survival seed=0 epoch=96 risk pass samples=4,000/6,767 elapsed=2.0m eta_pass=1.4m
[2026-09-01 11:59:26] heartbeat attention survival seed=0 epoch=96 risk pass samples=6,104/6,767 elapsed=3.0m eta_pass=0.3m
[2026-09-01 11:59:47] heartbeat attention survival seed=0 epoch=96 risk pass samples=6,767/6,767 elapsed=3.3m eta_pass=0.0m
[2026-09-01 12:00:47] heartbeat attention survival seed=0 epoch=96 gradient pass samples=2,048/6,767 elapsed=1.0m eta_pass=2.3m
[2026-09-01 12:01:47] heartbeat attention survival seed=0 epoch=96 gradient pass samples=4,072/6,767 elapsed=2.0m eta_pass=1.3m
[2026-09-01 12:02:47] heartbeat attention survival seed=0 epoch=96 gradient pass samples=6,080/6,767 elapsed=3.0m eta_pass=0.3m
[2026-09-01 12:03:08] heartbeat attention survival seed=0 epoch=96 gradient pass samples=6,767/6,767 elapsed=3.4m eta_pass=0.0m
[2026-09-01 12:03:37] attention survival seed=0 epoch=96 train_loss=7.57839 val_loss=5.63086 stale=5/20 elapsed=689.2m
[2026-09-01 12:04:37] heartbeat attention survival seed=0 epoch=97 risk pass samples=2,080/6,767 elapsed=1.0m eta_pass=2.3m
[2026-09-01 12:05:38] heartbeat attention survival seed=0 epoch=97 risk pass samples=4,120/6,767 elapsed=2.0m eta_pass=1.3m
[2026-09-01 12:06:38] heartbeat attention survival seed=0 epoch=97 risk pass samples=6,208/6,767 elapsed=3.0m eta_pass=0.3m
[2026-09-01 12:06:54] heartbeat attention survival seed=0 epoch=97 risk pass samples=6,767/6,767 elapsed=3.3m eta_pass=0.0m
[2026-09-01 12:07:54] heartbeat attention survival seed=0 epoch=97 gradient pass samples=1,944/6,767 elapsed=1.0m eta_pass=2.5m
[2026-09-01 12:08:54] heartbeat attention survival seed=0 epoch=97 gradient pass samples=3,976/6,767 elapsed=2.0m eta_pass=1.4m
[2026-09-01 12:09:55] heartbeat attention survival seed=0 epoch=97 gradient pass samples=5,976/6,767 elapsed=3.0m eta_pass=0.4m
[2026-09-01 12:10:18] heartbeat attention survival seed=0 epoch=97 gradient pass samples=6,767/6,767 elapsed=3.4m eta_pass=0.0m
[2026-09-01 12:10:47] attention survival seed=0 epoch=97 train_loss=7.51968 val_loss=5.66523 stale=6/20 elapsed=696.3m
[2026-09-01 12:11:47] heartbeat attention survival seed=0 epoch=98 risk pass samples=2,048/6,767 elapsed=1.0m eta_pass=2.3m
[2026-09-01 12:12:47] heartbeat attention survival seed=0 epoch=98 risk pass samples=4,128/6,767 elapsed=2.0m eta_pass=1.3m
[2026-09-01 12:13:47] heartbeat attention survival seed=0 epoch=98 risk pass samples=6,176/6,767 elapsed=3.0m eta_pass=0.3m
[2026-09-01 12:14:04] heartbeat attention survival seed=0 epoch=98 risk pass samples=6,767/6,767 elapsed=3.3m eta_pass=0.0m
[2026-09-01 12:15:05] heartbeat attention survival seed=0 epoch=98 gradient pass samples=2,040/6,767 elapsed=1.0m eta_pass=2.3m
[2026-09-01 12:16:05] heartbeat attention survival seed=0 epoch=98 gradient pass samples=4,088/6,767 elapsed=2.0m eta_pass=1.3m
[2026-09-01 12:17:05] heartbeat attention survival seed=0 epoch=98 gradient pass samples=6,096/6,767 elapsed=3.0m eta_pass=0.3m
[2026-09-01 12:17:25] heartbeat attention survival seed=0 epoch=98 gradient pass samples=6,767/6,767 elapsed=3.3m eta_pass=0.0m
[2026-09-01 12:17:52] attention survival seed=0 epoch=98 train_loss=7.55170 val_loss=5.63558 stale=7/20 elapsed=703.4m
[2026-09-01 12:18:53] heartbeat attention survival seed=0 epoch=99 risk pass samples=2,072/6,767 elapsed=1.0m eta_pass=2.3m
[2026-09-01 12:19:53] heartbeat attention survival seed=0 epoch=99 risk pass samples=4,128/6,767 elapsed=2.0m eta_pass=1.3m
[2026-09-01 12:20:53] heartbeat attention survival seed=0 epoch=99 risk pass samples=6,176/6,767 elapsed=3.0m eta_pass=0.3m
[2026-09-01 12:21:11] heartbeat attention survival seed=0 epoch=99 risk pass samples=6,767/6,767 elapsed=3.3m eta_pass=0.0m
[2026-09-01 12:22:11] heartbeat attention survival seed=0 epoch=99 gradient pass samples=2,000/6,767 elapsed=1.0m eta_pass=2.4m
[2026-09-01 12:23:11] heartbeat attention survival seed=0 epoch=99 gradient pass samples=4,008/6,767 elapsed=2.0m eta_pass=1.4m
[2026-09-01 12:24:11] heartbeat attention survival seed=0 epoch=99 gradient pass samples=6,048/6,767 elapsed=3.0m eta_pass=0.4m
[2026-09-01 12:24:34] heartbeat attention survival seed=0 epoch=99 gradient pass samples=6,767/6,767 elapsed=3.4m eta_pass=0.0m
[2026-09-01 12:25:02] attention survival seed=0 epoch=99 train_loss=7.52808 val_loss=5.65244 stale=8/20 elapsed=710.6m
[2026-09-01 12:26:02] heartbeat attention survival seed=0 epoch=100 risk pass samples=2,016/6,767 elapsed=1.0m eta_pass=2.4m
[2026-09-01 12:27:03] heartbeat attention survival seed=0 epoch=100 risk pass samples=4,024/6,767 elapsed=2.0m eta_pass=1.4m
[2026-09-01 12:28:03] heartbeat attention survival seed=0 epoch=100 risk pass samples=6,056/6,767 elapsed=3.0m eta_pass=0.4m
[2026-09-01 12:28:24] heartbeat attention survival seed=0 epoch=100 risk pass samples=6,767/6,767 elapsed=3.4m eta_pass=0.0m
[2026-09-01 12:29:24] heartbeat attention survival seed=0 epoch=100 gradient pass samples=1,992/6,767 elapsed=1.0m eta_pass=2.4m
[2026-09-01 12:30:24] heartbeat attention survival seed=0 epoch=100 gradient pass samples=3,976/6,767 elapsed=2.0m eta_pass=1.4m
[2026-09-01 12:31:24] heartbeat attention survival seed=0 epoch=100 gradient pass samples=5,984/6,767 elapsed=3.0m eta_pass=0.4m
[2026-09-01 12:31:48] heartbeat attention survival seed=0 epoch=100 gradient pass samples=6,767/6,767 elapsed=3.4m eta_pass=0.0m
[2026-09-01 12:32:16] attention survival seed=0 epoch=100 train_loss=7.53784 val_loss=5.66241 stale=9/20 elapsed=717.8m
[2026-09-01 12:33:16] heartbeat attention survival seed=0 epoch=101 risk pass samples=2,056/6,767 elapsed=1.0m eta_pass=2.3m
[2026-09-01 12:34:16] heartbeat attention survival seed=0 epoch=101 risk pass samples=4,104/6,767 elapsed=2.0m eta_pass=1.3m
[2026-09-01 12:35:17] heartbeat attention survival seed=0 epoch=101 risk pass samples=6,160/6,767 elapsed=3.0m eta_pass=0.3m
[2026-09-01 12:35:35] heartbeat attention survival seed=0 epoch=101 risk pass samples=6,767/6,767 elapsed=3.3m eta_pass=0.0m
[2026-09-01 12:36:35] heartbeat attention survival seed=0 epoch=101 gradient pass samples=2,008/6,767 elapsed=1.0m eta_pass=2.4m
[2026-09-01 12:37:35] heartbeat attention survival seed=0 epoch=101 gradient pass samples=4,000/6,767 elapsed=2.0m eta_pass=1.4m
[2026-09-01 12:38:35] heartbeat attention survival seed=0 epoch=101 gradient pass samples=6,032/6,767 elapsed=3.0m eta_pass=0.4m
[2026-09-01 12:38:58] heartbeat attention survival seed=0 epoch=101 gradient pass samples=6,767/6,767 elapsed=3.4m eta_pass=0.0m
[2026-09-01 12:39:26] attention survival seed=0 epoch=101 train_loss=7.53141 val_loss=5.65532 stale=10/20 elapsed=725.0m
[2026-09-01 12:40:26] heartbeat attention survival seed=0 epoch=102 risk pass samples=1,968/6,767 elapsed=1.0m eta_pass=2.4m
[2026-09-01 12:41:26] heartbeat attention survival seed=0 epoch=102 risk pass samples=4,032/6,767 elapsed=2.0m eta_pass=1.4m
[2026-09-01 12:42:27] heartbeat attention survival seed=0 epoch=102 risk pass samples=6,104/6,767 elapsed=3.0m eta_pass=0.3m
[2026-09-01 12:42:47] heartbeat attention survival seed=0 epoch=102 risk pass samples=6,767/6,767 elapsed=3.3m eta_pass=0.0m
[2026-09-01 12:43:47] heartbeat attention survival seed=0 epoch=102 gradient pass samples=1,992/6,767 elapsed=1.0m eta_pass=2.4m
[2026-09-01 12:44:47] heartbeat attention survival seed=0 epoch=102 gradient pass samples=3,992/6,767 elapsed=2.0m eta_pass=1.4m
[2026-09-01 12:45:47] heartbeat attention survival seed=0 epoch=102 gradient pass samples=6,000/6,767 elapsed=3.0m eta_pass=0.4m
[2026-09-01 12:46:10] heartbeat attention survival seed=0 epoch=102 gradient pass samples=6,767/6,767 elapsed=3.4m eta_pass=0.0m
[2026-09-01 12:46:38] attention survival seed=0 epoch=102 train_loss=7.52709 val_loss=5.64844 stale=11/20 elapsed=732.2m
[2026-09-01 12:47:38] heartbeat attention survival seed=0 epoch=103 risk pass samples=2,056/6,767 elapsed=1.0m eta_pass=2.3m
[2026-09-01 12:48:38] heartbeat attention survival seed=0 epoch=103 risk pass samples=4,112/6,767 elapsed=2.0m eta_pass=1.3m
[2026-09-01 12:49:39] heartbeat attention survival seed=0 epoch=103 risk pass samples=6,160/6,767 elapsed=3.0m eta_pass=0.3m
[2026-09-01 12:49:56] heartbeat attention survival seed=0 epoch=103 risk pass samples=6,767/6,767 elapsed=3.3m eta_pass=0.0m
[2026-09-01 12:50:57] heartbeat attention survival seed=0 epoch=103 gradient pass samples=2,048/6,767 elapsed=1.0m eta_pass=2.3m
[2026-09-01 12:51:57] heartbeat attention survival seed=0 epoch=103 gradient pass samples=4,104/6,767 elapsed=2.0m eta_pass=1.3m
[2026-09-01 12:52:57] heartbeat attention survival seed=0 epoch=103 gradient pass samples=6,176/6,767 elapsed=3.0m eta_pass=0.3m
[2026-09-01 12:53:15] heartbeat attention survival seed=0 epoch=103 gradient pass samples=6,767/6,767 elapsed=3.3m eta_pass=0.0m
[2026-09-01 12:53:43] attention survival seed=0 epoch=103 train_loss=7.52632 val_loss=5.64979 stale=12/20 elapsed=739.3m
[2026-09-01 12:54:43] heartbeat attention survival seed=0 epoch=104 risk pass samples=2,040/6,767 elapsed=1.0m eta_pass=2.3m
[2026-09-01 12:55:43] heartbeat attention survival seed=0 epoch=104 risk pass samples=4,120/6,767 elapsed=2.0m eta_pass=1.3m
[2026-09-01 12:56:43] heartbeat attention survival seed=0 epoch=104 risk pass samples=6,160/6,767 elapsed=3.0m eta_pass=0.3m
[2026-09-01 12:57:01] heartbeat attention survival seed=0 epoch=104 risk pass samples=6,767/6,767 elapsed=3.3m eta_pass=0.0m
[2026-09-01 12:58:01] heartbeat attention survival seed=0 epoch=104 gradient pass samples=1,992/6,767 elapsed=1.0m eta_pass=2.4m
[2026-09-01 12:59:01] heartbeat attention survival seed=0 epoch=104 gradient pass samples=3,976/6,767 elapsed=2.0m eta_pass=1.4m
[2026-09-01 13:00:01] heartbeat attention survival seed=0 epoch=104 gradient pass samples=5,968/6,767 elapsed=3.0m eta_pass=0.4m
[2026-09-01 13:00:25] heartbeat attention survival seed=0 epoch=104 gradient pass samples=6,767/6,767 elapsed=3.4m eta_pass=0.0m
[2026-09-01 13:00:54] attention survival seed=0 epoch=104 train_loss=7.51202 val_loss=5.66767 stale=13/20 elapsed=746.4m
[2026-09-01 13:01:54] heartbeat attention survival seed=0 epoch=105 risk pass samples=2,040/6,767 elapsed=1.0m eta_pass=2.3m
[2026-09-01 13:02:54] heartbeat attention survival seed=0 epoch=105 risk pass samples=3,896/6,767 elapsed=2.0m eta_pass=1.5m
[2026-09-01 13:03:54] heartbeat attention survival seed=0 epoch=105 risk pass samples=5,944/6,767 elapsed=3.0m eta_pass=0.4m
[2026-09-01 13:04:20] heartbeat attention survival seed=0 epoch=105 risk pass samples=6,767/6,767 elapsed=3.4m eta_pass=0.0m
[2026-09-01 13:05:20] heartbeat attention survival seed=0 epoch=105 gradient pass samples=2,016/6,767 elapsed=1.0m eta_pass=2.4m
[2026-09-01 13:06:20] heartbeat attention survival seed=0 epoch=105 gradient pass samples=4,016/6,767 elapsed=2.0m eta_pass=1.4m
[2026-09-01 13:07:20] heartbeat attention survival seed=0 epoch=105 gradient pass samples=6,040/6,767 elapsed=3.0m eta_pass=0.4m
[2026-09-01 13:07:43] heartbeat attention survival seed=0 epoch=105 gradient pass samples=6,767/6,767 elapsed=3.4m eta_pass=0.0m
[2026-09-01 13:08:12] attention survival seed=0 epoch=105 train_loss=7.52062 val_loss=5.63900 stale=14/20 elapsed=753.7m
[2026-09-01 13:09:12] heartbeat attention survival seed=0 epoch=106 risk pass samples=2,048/6,767 elapsed=1.0m eta_pass=2.3m
[2026-09-01 13:10:12] heartbeat attention survival seed=0 epoch=106 risk pass samples=4,112/6,767 elapsed=2.0m eta_pass=1.3m
[2026-09-01 13:11:13] heartbeat attention survival seed=0 epoch=106 risk pass samples=6,168/6,767 elapsed=3.0m eta_pass=0.3m
[2026-09-01 13:11:31] heartbeat attention survival seed=0 epoch=106 risk pass samples=6,767/6,767 elapsed=3.3m eta_pass=0.0m
[2026-09-01 13:12:32] heartbeat attention survival seed=0 epoch=106 gradient pass samples=2,032/6,767 elapsed=1.0m eta_pass=2.3m
[2026-09-01 13:13:32] heartbeat attention survival seed=0 epoch=106 gradient pass samples=4,080/6,767 elapsed=2.0m eta_pass=1.3m
[2026-09-01 13:14:32] heartbeat attention survival seed=0 epoch=106 gradient pass samples=6,064/6,767 elapsed=3.0m eta_pass=0.3m
[2026-09-01 13:14:53] heartbeat attention survival seed=0 epoch=106 gradient pass samples=6,767/6,767 elapsed=3.4m eta_pass=0.0m
[2026-09-01 13:15:24] attention survival seed=0 epoch=106 train_loss=7.50148 val_loss=5.65860 stale=15/20 elapsed=760.9m
[2026-09-01 13:16:24] heartbeat attention survival seed=0 epoch=107 risk pass samples=1,992/6,767 elapsed=1.0m eta_pass=2.4m
[2026-09-01 13:17:24] heartbeat attention survival seed=0 epoch=107 risk pass samples=4,040/6,767 elapsed=2.0m eta_pass=1.4m
[2026-09-01 13:18:24] heartbeat attention survival seed=0 epoch=107 risk pass samples=6,104/6,767 elapsed=3.0m eta_pass=0.3m
[2026-09-01 13:18:43] heartbeat attention survival seed=0 epoch=107 risk pass samples=6,767/6,767 elapsed=3.3m eta_pass=0.0m
[2026-09-01 13:19:44] heartbeat attention survival seed=0 epoch=107 gradient pass samples=2,000/6,767 elapsed=1.0m eta_pass=2.4m
[2026-09-01 13:20:44] heartbeat attention survival seed=0 epoch=107 gradient pass samples=4,016/6,767 elapsed=2.0m eta_pass=1.4m
[2026-09-01 13:21:44] heartbeat attention survival seed=0 epoch=107 gradient pass samples=6,056/6,767 elapsed=3.0m eta_pass=0.4m
[2026-09-01 13:22:05] heartbeat attention survival seed=0 epoch=107 gradient pass samples=6,767/6,767 elapsed=3.4m eta_pass=0.0m
[2026-09-01 13:22:37] attention survival seed=0 epoch=107 train_loss=7.52062 val_loss=5.65222 stale=16/20 elapsed=768.2m
[2026-09-01 13:23:37] heartbeat attention survival seed=0 epoch=108 risk pass samples=2,024/6,767 elapsed=1.0m eta_pass=2.3m
[2026-09-01 13:24:37] heartbeat attention survival seed=0 epoch=108 risk pass samples=4,048/6,767 elapsed=2.0m eta_pass=1.3m
[2026-09-01 13:25:37] heartbeat attention survival seed=0 epoch=108 risk pass samples=6,088/6,767 elapsed=3.0m eta_pass=0.3m
[2026-09-01 13:25:56] heartbeat attention survival seed=0 epoch=108 risk pass samples=6,767/6,767 elapsed=3.3m eta_pass=0.0m
[2026-09-01 13:26:56] heartbeat attention survival seed=0 epoch=108 gradient pass samples=1,992/6,767 elapsed=1.0m eta_pass=2.4m
[2026-09-01 13:27:57] heartbeat attention survival seed=0 epoch=108 gradient pass samples=4,000/6,767 elapsed=2.0m eta_pass=1.4m
[2026-09-01 13:28:57] heartbeat attention survival seed=0 epoch=108 gradient pass samples=5,992/6,767 elapsed=3.0m eta_pass=0.4m
[2026-09-01 13:29:20] heartbeat attention survival seed=0 epoch=108 gradient pass samples=6,767/6,767 elapsed=3.4m eta_pass=0.0m
[2026-09-01 13:29:49] attention survival seed=0 epoch=108 train_loss=7.50280 val_loss=5.67293 stale=17/20 elapsed=775.3m
[2026-09-01 13:30:49] heartbeat attention survival seed=0 epoch=109 risk pass samples=1,984/6,767 elapsed=1.0m eta_pass=2.4m
[2026-09-01 13:31:49] heartbeat attention survival seed=0 epoch=109 risk pass samples=4,048/6,767 elapsed=2.0m eta_pass=1.3m
[2026-09-01 13:32:49] heartbeat attention survival seed=0 epoch=109 risk pass samples=6,048/6,767 elapsed=3.0m eta_pass=0.4m
[2026-09-01 13:33:11] heartbeat attention survival seed=0 epoch=109 risk pass samples=6,767/6,767 elapsed=3.4m eta_pass=0.0m
[2026-09-01 13:34:11] heartbeat attention survival seed=0 epoch=109 gradient pass samples=2,016/6,767 elapsed=1.0m eta_pass=2.4m
[2026-09-01 13:35:11] heartbeat attention survival seed=0 epoch=109 gradient pass samples=4,024/6,767 elapsed=2.0m eta_pass=1.4m
[2026-09-01 13:36:11] heartbeat attention survival seed=0 epoch=109 gradient pass samples=6,032/6,767 elapsed=3.0m eta_pass=0.4m
[2026-09-01 13:36:33] heartbeat attention survival seed=0 epoch=109 gradient pass samples=6,767/6,767 elapsed=3.4m eta_pass=0.0m
[2026-09-01 13:37:03] attention survival seed=0 epoch=109 train_loss=7.51942 val_loss=5.67800 stale=18/20 elapsed=782.6m
[2026-09-01 13:38:03] heartbeat attention survival seed=0 epoch=110 risk pass samples=2,080/6,767 elapsed=1.0m eta_pass=2.3m
[2026-09-01 13:39:03] heartbeat attention survival seed=0 epoch=110 risk pass samples=4,136/6,767 elapsed=2.0m eta_pass=1.3m
[2026-09-01 13:40:03] heartbeat attention survival seed=0 epoch=110 risk pass samples=6,120/6,767 elapsed=3.0m eta_pass=0.3m
[2026-09-01 13:40:22] heartbeat attention survival seed=0 epoch=110 risk pass samples=6,767/6,767 elapsed=3.3m eta_pass=0.0m
[2026-09-01 13:41:22] heartbeat attention survival seed=0 epoch=110 gradient pass samples=2,008/6,767 elapsed=1.0m eta_pass=2.4m
[2026-09-01 13:42:23] heartbeat attention survival seed=0 epoch=110 gradient pass samples=4,008/6,767 elapsed=2.0m eta_pass=1.4m
[2026-09-01 13:43:23] heartbeat attention survival seed=0 epoch=110 gradient pass samples=5,960/6,767 elapsed=3.0m eta_pass=0.4m
[2026-09-01 13:43:48] heartbeat attention survival seed=0 epoch=110 gradient pass samples=6,767/6,767 elapsed=3.4m eta_pass=0.0m
[2026-09-01 13:44:17] attention survival seed=0 epoch=110 train_loss=7.53729 val_loss=5.71650 stale=19/20 elapsed=789.8m
[2026-09-01 13:45:17] heartbeat attention survival seed=0 epoch=111 risk pass samples=2,048/6,767 elapsed=1.0m eta_pass=2.3m
[2026-09-01 13:46:17] heartbeat attention survival seed=0 epoch=111 risk pass samples=4,088/6,767 elapsed=2.0m eta_pass=1.3m
[2026-09-01 13:47:17] heartbeat attention survival seed=0 epoch=111 risk pass samples=6,176/6,767 elapsed=3.0m eta_pass=0.3m
[2026-09-01 13:47:35] heartbeat attention survival seed=0 epoch=111 risk pass samples=6,767/6,767 elapsed=3.3m eta_pass=0.0m
[2026-09-01 13:48:36] heartbeat attention survival seed=0 epoch=111 gradient pass samples=2,008/6,767 elapsed=1.0m eta_pass=2.4m
[2026-09-01 13:49:36] heartbeat attention survival seed=0 epoch=111 gradient pass samples=4,048/6,767 elapsed=2.0m eta_pass=1.3m
[2026-09-01 13:50:36] heartbeat attention survival seed=0 epoch=111 gradient pass samples=6,056/6,767 elapsed=3.0m eta_pass=0.4m
[2026-09-01 13:50:58] heartbeat attention survival seed=0 epoch=111 gradient pass samples=6,767/6,767 elapsed=3.4m eta_pass=0.0m
[2026-09-01 13:51:26] attention survival seed=0 epoch=111 train_loss=7.55802 val_loss=5.73443 stale=20/20 elapsed=797.0m
[2026-09-01 13:52:24] attention survival seed=0 c_index=0.7529 weighted=0.5836 macro=0.5932

classification
          pooling  splits  macro_f1_mean  macro_f1_sd  weighted_f1_mean  weighted_f1_sd  balanced_accuracy_mean  balanced_accuracy_sd
learned_attention       1       0.966247          NaN          0.973470             NaN                0.963006                   NaN
             mean       5       0.979579     0.006812          0.982963        0.005694                0.979399              0.007868

survival
          pooling  splits  c_index_mean  c_index_sd  weighted_c_index_mean  weighted_c_index_sd  macro_c_index_mean  macro_c_index_sd
learned_attention       1      0.752929         NaN               0.583627                  NaN            0.593173               NaN
             mean       5      0.759667    0.011053               0.599538             0.026024            0.596277          0.034951
