term,overlap,set_size,p_value,fdr
Reactome: NR1H2 & NR1H3 Regulate Gene Expression Linked to Lipogenesis,4,7,2.4274128437518353e-06,0.00571412983419182
Reactome: NR1H2 and NR1H3-mediated Signaling,7,42,5.016618045992468e-06,0.005904559440133135
"Reactome: Formation of the Ternary Complex, and Subsequently, the 43S Complex",6,35,2.0547055697079935e-05,0.011529714598920559
Reactome: Regulation of Cholesterol Biosynthesis by SREBP (SREBF),7,52,2.1621683442900728e-05,0.011529714598920559
Reactome: SARS-CoV-1 Modulates Host Translation Machinery,5,22,2.4489623192269665e-05,0.011529714598920559
Reactome: Translation Initiation Complex Formation,6,40,4.535248254478747e-05,0.015251391987204243
"Reactome: mRNA Activation Upon Binding of the Cap-Binding Complex and eIFs, and Subsequent Binding to 43S",6,40,4.535248254478747e-05,0.015251391987204243
Reactome: Ribosomal Scanning and Start Codon Recognition,6,41,5.240040082520448e-05,0.015418817942816418
Hallmark: Bile Acid Metabolism,9,106,6.363575411183973e-05,0.016644285019918967
Reactome: Metabolism of Steroids,10,133,7.081615944013142e-05,0.016670123932206935
Hallmark: Fatty Acid Metabolism,10,137,9.086317280455527e-05,0.019321576334461216
Reactome: Signaling by Nuclear Receptors,13,226,9.849571623344716e-05,0.019321576334461216
Reactome: Formation of a Pool of Free 40S Subunits,7,68,0.00012525640204921084,0.022681043878757103
GO BP: SREBP Signaling Pathway (GO:0032933),3,7,0.0001475322768778285,0.023152731984693885
Reactome: NR1H2 & NR1H3 Regulate Gene Expression to Control Bile Acid Homeostasis,3,7,0.0001475322768778285,0.023152731984693885
Hallmark: Pperoxisome,8,94,0.0001600322772573654,0.023544748791489885
Reactome: Nuclear Receptor Transcription Pathway,6,52,0.00020394779361454325,0.02613797559986931
Reactome: NR1H3 & NR1H2 Regulate Gene Expression Linked to Cholesterol Transport and Efflux,5,34,0.00022019217316080882,0.02613797559986931
Reactome: SARS-CoV-2 Modulates Host Translation Machinery,5,34,0.00022019217316080882,0.02613797559986931
Reactome: L13a-mediated Translational Silencing of Ceruloplasmin Expression,7,75,0.00023258133479752338,0.02613797559986931
GO BP: Cellular Response to Sterol Depletion (GO:0071501),3,8,0.00023317650280257245,0.02613797559986931
Reactome: GTP Hydrolysis and Joining of the 60S Ribosomal Subunit,7,77,0.0002740451820163318,0.029322834475747506
Reactome: Peptide Chain Elongation,6,57,0.0003394237345510559,0.03473928135361676
Reactome: Viral mRNA Translation,6,58,0.0003734329034242326,0.036585388657904665
Reactome: Cap-dependent Translation Initiation,7,82,0.000404086705652303,0.036585388657904665
Reactome: Eukaryotic Translation Initiation,7,82,0.000404086705652303,0.036585388657904665
Reactome: Activation of Gene Expression by SREBF (SREBP),5,39,0.0004260659253708851,0.03714663660455791
GO BP: Maintenance of Protein Localization in Endoplasmic Reticulum (GO:0035437),3,10,0.00048758027830608737,0.03733408460029785
Reactome: Eukaryotic Translation Elongation,6,61,0.0004916553197150524,0.03733408460029785
Reactome: Eukaryotic Translation Termination,6,61,0.0004916553197150524,0.03733408460029785
Reactome: Selenocysteine Synthesis,6,61,0.0004916553197150524,0.03733408460029785
Reactome: SARS-CoV-1 Infection,8,112,0.0005303861552197632,0.039016531543353834
Reactome: Nonsense Mediated Decay (NMD) Independent of the Exon Junction Complex (EJC),6,63,0.0005853787088755246,0.04175701456645409
Reactome: Metabolism of Lipids,23,673,0.0007766265789592215,0.05376996961382375
Reactome: Response of EIF2AK4 (GCN2) to Amino Acid Deficiency,6,69,0.000951427674537459,0.06399030702460509
GO BP: Lipid Biosynthetic Process (GO:0008610),8,123,0.000984148842434009,0.06435239930804604
Reactome: Synthesis of Bile Acids and Bile Salts,4,28,0.001081252047071426,0.06780863157211879
GO BP: Regulation of Mitochondrial Fusion (GO:0010635),3,13,0.001120249715019119,0.06780863157211879
GO BP: Fatty Acid Oxidation (GO:0019395),5,48,0.0011234225281701923,0.06780863157211879
GO BP: Cytoplasmic Translation (GO:0002181),6,72,0.0011902335121767094,0.06833682165034083
Reactome: SARS-CoV-1-host Interactions,6,72,0.0011902335121767094,0.06833682165034083
GO BP: Monocarboxylic Acid Metabolic Process (GO:0032787),7,104,0.001663466101488988,0.09235876807644133
Reactome: Selenoamino Acid Metabolism,6,77,0.0016870972928151986,0.09235876807644133
Reactome: SRP-dependent Cotranslational Protein Targeting to Membrane,6,78,0.0018029473366287054,0.09434498589245278
GO BP: Energy Derivation by Oxidation of Organic Compounds (GO:0015980),4,32,0.0018035362638744161,0.09434498589245278
Reactome: Adipogenesis,7,106,0.0018561724229012944,0.09498760616325319
Hallmark: UV Response Up,8,137,0.0019624672359707415,0.09829038028670481
Reactome: RORA Activates Gene Expression,3,16,0.002114750602548002,0.10093898292689166
Reactome: Nonsense Mediated Decay (NMD) Enhanced by the Exon Junction Complex (EJC),6,81,0.0021868683641764974,0.10093898292689166
Reactome: Nonsense-Mediated Decay (NMD),6,81,0.0021868683641764974,0.10093898292689166
Reactome: Transcriptional Regulation of White Adipocyte Differentiation,6,81,0.0021868683641764974,0.10093898292689166
GO BP: Fatty Acid Catabolic Process (GO:0009062),5,56,0.002252645876582557,0.10197554602837192
Reactome: Signaling by Retinoic Acid,4,35,0.0025266133799193634,0.11011243931960882
Reactome: Beta Oxidation of decanoyl-CoA to octanoyl-CoA-CoA,2,5,0.0026194972820297764,0.11011243931960882
Reactome: Loss of MECP2 Binding Ability to the NCoR SMRT Complex,2,5,0.0026194972820297764,0.11011243931960882
Reactome: Mitochondrial Fatty Acid Beta-Oxidation of Unsaturated Fatty Acids,2,5,0.0026194972820297764,0.11011243931960882
Reactome: Bile Acid and Bile Salt Metabolism,4,36,0.0028061368453302987,0.11588852866504427
Reactome: Cellular Responses to Stress,21,657,0.002933080117945048,0.11767900709170762
Reactome: Cellular Responses to Stimuli,23,746,0.00294947383959675,0.11767900709170762
Reactome: Synthesis of Bile Acids and Bile Salts via 7Alpha-Hydroxycholesterol,3,18,0.0030074448950064034,0.1179920880474179
GO BP: Monocarboxylic Acid Biosynthetic Process (GO:0072330),5,61,0.003282738747699496,0.12463817761426796
GO BP: Regulation of miRNA Transcription (GO:1902893),5,61,0.003282738747699496,0.12463817761426796
Reactome: NGF-stimulated Transcription,4,38,0.003427249757030025,0.12805945917537587
Reactome: Cellular Response to Starvation,7,119,0.0035648161060084322,0.13111839239912265
GO BP: MRNA Transcription (GO:0009299),4,39,0.003770242194933921,0.13259412249614472
Reactome: Metabolism of Amino Acids and Derivatives,12,296,0.003787789068111205,0.13259412249614472
Reactome: SARS-CoV-2-host Interactions,8,153,0.0038814757521496465,0.13259412249614472
GO BP: Locomotor Rhythm (GO:0045475),2,6,0.003886573684041625,0.13259412249614472
GO BP: Regulation of Dendritic Cell Apoptotic Process (GO:2000668),2,6,0.003886573684041625,0.13259412249614472
GO BP: Myoblast Differentiation (GO:0045445),3,20,0.004100776416150818,0.13790325262312894
GO BP: Phospholipid Transport (GO:0015914),5,66,0.004614882571731808,0.1530061066740377
GO BP: Secondary Alcohol Metabolic Process (GO:1902652),4,43,0.0053742490194772195,0.16747345643959696
GO BP: Promoter Clearance During DNA-templated Transcription (GO:0001109),2,7,0.005382190246907143,0.16747345643959696
GO BP: RNA Polymerase II Promoter Clearance (GO:0001111),2,7,0.005382190246907143,0.16747345643959696
GO BP: Negative Regulation of Lipid Metabolic Process (GO:0045833),3,22,0.005406959511218934,0.16747345643959696
GO BP: Regulation of Cholesterol Biosynthetic Process (GO:0045540),3,22,0.005406959511218934,0.16747345643959696
Reactome: Influenza Viral RNA Transcription and Replication,6,100,0.006206468188998052,0.18974059892079762
Reactome: Signaling by ROBO Receptors,8,166,0.006309991289248317,0.1904323012165454
GO BP: Bile Acid Biosynthetic Process (GO:0006699),3,24,0.0069363596709095905,0.20250682949768153
Reactome: SARS-CoV-2 Infection,10,242,0.006970182989859765,0.20250682949768153
GO BP: Regulation of Skeletal Muscle Cell Differentiation (GO:2001014),2,8,0.0070985281616086655,0.20250682949768153
Reactome: Gamma-carboxylation of Protein Precursors,2,8,0.0070985281616086655,0.20250682949768153
GO BP: Fatty Acid Beta-Oxidation (GO:0006635),4,47,0.007380190272041327,0.20250682949768153
Reactome: Epigenetic Regulation of Adipogenesis Genes by MLL3 and MLL4 Complexes,5,74,0.007482838371091375,0.20250682949768153
Reactome: Epigenetic Regulation of Gene Expression by MLL3 and MLL4 Complexes,5,74,0.007482838371091375,0.20250682949768153
Reactome: MLL4 and MLL3 Complexes Regulate Expression of PPARG Targets in Adipogenesis and Hepatic Steatosis,5,74,0.007482838371091375,0.20250682949768153
Reactome: Epigenetic Regulation by WDR5-containing Histone Modifying Complexes,6,104,0.0074843220757426915,0.20250682949768153
GO BP: Organophosphate Ester Transport (GO:0015748),3,25,0.007787532892290035,0.20831650486875844
GO BP: Ribosomal Small Subunit Biogenesis (GO:0042274),5,75,0.007912152926273936,0.20927199987021178
GO BP: Positive Regulation of Transcription by RNA Polymerase II (GO:0045944),26,957,0.008400793765123999,0.2197274280344655
GO BP: Monocarboxylic Acid Catabolic Process (GO:0072329),3,26,0.008697627285634677,0.2213731642396487
GO BP: CRD-mediated mRNA Stabilization (GO:0070934),2,9,0.009027962517844637,0.2213731642396487
GO BP: Negative Regulation of Leukocyte Apoptotic Process (GO:2000107),2,9,0.009027962517844637,0.2213731642396487
GO BP: Positive Regulation of Mesenchymal Cell Proliferation (GO:0002053),2,9,0.009027962517844637,0.2213731642396487
"Reactome: Gamma-carboxylation, Transport, and Amino-Terminal Cleavage of Proteins",2,9,0.009027962517844637,0.2213731642396487
Reactome: Mitochondrial Fatty Acid Beta-Oxidation of Saturated Fatty Acids,2,9,0.009027962517844637,0.2213731642396487
GO BP: Lipid Catabolic Process (GO:0016042),4,50,0.0091712527956393,0.2225683410405661
GO BP: Cholesterol Biosynthetic Process (GO:0006695),3,27,0.009667476869347562,0.22499319924742045
GO BP: ER-nucleus Signaling Pathway (GO:0006984),3,27,0.009667476869347562,0.22499319924742045
GO BP: Regulation of Androgen Receptor Signaling Pathway (GO:0060765),3,27,0.009667476869347562,0.22499319924742045
GO BP: Secondary Alcohol Biosynthetic Process (GO:1902653),3,27,0.009667476869347562,0.22499319924742045
Hallmark: mTORC1 Signaling,8,179,0.009749068106727649,0.22499319924742045
Reactome: Epigenetic Regulation of Gene Expression,9,219,0.010589796802766855,0.2388894428634064
GO BP: Sterol Biosynthetic Process (GO:0016126),3,28,0.0106978238480207,0.2388894428634064
Reactome: Nuclear Signaling by ERBB4,3,28,0.0106978238480207,0.2388894428634064
GO BP: Regulation of Cell Cycle G1/S Phase Transition (GO:1902806),5,81,0.01085222127626423,0.2388894428634064
Reactome: Major Pathway of rRNA Processing in the Nucleolus and Cytosol,7,147,0.011023372199351525,0.2388894428634064
GO BP: Hydrogen Peroxide Catabolic Process (GO:0042744),2,10,0.011163058077729271,0.2388894428634064
"GO BP: Neg Reg Nuclear-Transcribed mRNA Catabolic Process, Deadenylation-Dependent Decay (GO:1900152)",2,10,0.011163058077729271,0.2388894428634064
Reactome: Pyrimidine Salvage,2,10,0.011163058077729271,0.2388894428634064
GO BP: Bile Acid Metabolic Process (GO:0008206),3,29,0.011789322169373886,0.2500185980784336
Reactome: Gene Expression (Transcription),30,1184,0.012173245460702559,0.25585553405798056
Reactome: Influenza Infection,6,116,0.012448657174302005,0.2562170510355141
Reactome: RNA Polymerase II Transcription,26,989,0.012486545390075644,0.2562170510355141
GO BP: Regulation of Lipid Metabolic Process (GO:0019216),4,55,0.012744397235450849,0.2562170510355141
GO BP: Macromolecule Biosynthetic Process (GO:0009059),8,189,0.013222028707687747,0.2562170510355141
Reactome: SARS-CoV Infections,12,349,0.01325420479601162,0.2562170510355141
GO BP: Regulation of Mesenchymal Cell Proliferation (GO:0010464),2,11,0.013496565135260727,0.2562170510355141
"GO BP: Wound Healing, Spreading of Epidermal Cells (GO:0035313)",2,11,0.013496565135260727,0.2562170510355141
Reactome: Disorders of Developmental Biology,2,11,0.013496565135260727,0.2562170510355141
Reactome: Disorders of Nervous System Development,2,11,0.013496565135260727,0.2562170510355141
Reactome: Loss of Function of MECP2 in Rett Syndrome,2,11,0.013496565135260727,0.2562170510355141
Reactome: Pervasive Developmental Disorders,2,11,0.013496565135260727,0.2562170510355141
Reactome: Synthesis of PE,2,11,0.013496565135260727,0.2562170510355141
Reactome: Translation,9,229,0.013861510099561054,0.2610399581949338
Reactome: Glycerophospholipid Biosynthesis,6,120,0.014522186940590522,0.27131133379484196
Reactome: rRNA Processing in the Nucleus and Cytosol,7,157,0.015383376607867797,0.2816773156094333
Reactome: Early SARS-CoV-2 Infection Events,3,32,0.015436012622607008,0.2816773156094333
Reactome: Triglyceride Metabolism,3,32,0.015436012622607008,0.2816773156094333
GO BP: Fatty Acid Beta-Oxidation Using acyl-CoA Oxidase (GO:0033540),2,12,0.016021415459895827,0.28589401874351617
Reactome: FGFR2c Ligand Binding and Activation,2,12,0.016021415459895827,0.28589401874351617
Reactome: Nuclear Events (Kinase and Transcription Factor Activation),4,59,0.01616494841198061,0.28589401874351617
Reactome: Regulation of Expression of SLITs and ROBOs,6,123,0.016227096673329174,0.28589401874351617
Reactome: Developmental Biology,28,1111,0.01627434091403193,0.28589401874351617
Reactome: RMTs Methylate Histone Arginines,3,33,0.01677700940497729,0.2925413343653077
Reactome: Phospholipid Metabolism,8,198,0.017054612696923793,0.29384530930664954
Reactome: RAB Geranylgeranylation,4,60,0.017101447483012313,0.29384530930664954
GO BP: Host-mediated Perturbation of Viral Process (GO:0044788),3,34,0.018181220784587646,0.3040835236648412
GO BP: MRNA Transcription by RNA Polymerase II (GO:0042789),3,34,0.018181220784587646,0.3040835236648412
GO BP: Protein Localization to Lysosome (GO:0061462),3,34,0.018181220784587646,0.3040835236648412
GO BP: Cellular Response to Sterol (GO:0036315),2,13,0.01873071832260067,0.3040835236648412
GO BP: Macrophage Activation Involved in Immune Response (GO:0002281),2,13,0.01873071832260067,0.3040835236648412
GO BP: Myeloid Cell Activation Involved in Immune Response (GO:0002275),2,13,0.01873071832260067,0.3040835236648412
GO BP: Positive Regulation of T Cell Receptor Signaling Pathway (GO:0050862),2,13,0.01873071832260067,0.3040835236648412
GO BP: Retinoic Acid Receptor Signaling Pathway (GO:0048384),2,13,0.01873071832260067,0.3040835236648412
Reactome: Generic Transcription Pathway,23,878,0.01902410215570706,0.30673107174338643
GO BP: Unsaturated Fatty Acid Metabolic Process (GO:0033559),3,35,0.019648840228775312,0.31464877481998016
GO BP: Long-chain Fatty Acid Metabolic Process (GO:0001676),4,63,0.020111586271028246,0.3198829329864898
GO BP: Cellular Response to Peptide Hormone Stimulus (GO:0071375),5,95,0.020421542925734,0.3226329667595828
GO BP: Ceramide Transport (GO:0035627),2,14,0.021617756602777063,0.33479078317721844
GO BP: Lymphocyte Chemotaxis (GO:0048247),2,14,0.021617756602777063,0.33479078317721844
GO BP: Positive Regulation of Cytoplasmic Translation (GO:2000767),2,14,0.021617756602777063,0.33479078317721844
Reactome: Signaling by Receptor Tyrosine Kinases,15,511,0.022516634493755253,0.3464324026032671
Reactome: Retinoid Metabolism and Transport,3,37,0.02277474936133762,0.3481283116661608
Reactome: Neutrophil Degranulation,12,378,0.023195049781755392,0.3512808607057874
GO BP: Cholesterol Metabolic Process (GO:0008203),4,66,0.023428672527956083,0.3512808607057874
Reactome: Circadian Clock,4,66,0.023428672527956083,0.3512808607057874
GO BP: Alpha-amino Acid Metabolic Process (GO:1901605),3,38,0.024433106470278285,0.3525555547125644
GO BP: Cell Surface Receptor Protein Serine/Threonine Kinase Signaling Pathway (GO:0007178),3,38,0.024433106470278285,0.3525555547125644
GO BP: Acyl-CoA Biosynthetic Process (GO:0071616),2,15,0.024675982974494397,0.3525555547125644
GO BP: Intracellular Sterol Transport (GO:0032366),2,15,0.024675982974494397,0.3525555547125644
GO BP: Negative Regulation of ATP Metabolic Process (GO:1903579),2,15,0.024675982974494397,0.3525555547125644
GO BP: Protein O-linked Glycosylation via Mannose (GO:0035269),2,15,0.024675982974494397,0.3525555547125644
Reactome: Synthesis of PIPs at the Golgi Membrane,2,15,0.024675982974494397,0.3525555547125644
Hallmark: Oxidative Phosphorylation,7,173,0.02471183794714236,0.3525555547125644
GO BP: Negative Regulation of Epithelial Cell Proliferation (GO:0050680),4,68,0.025813839364318157,0.3660589027928009
Hallmark: Myc Targets V1,7,175,0.026101326144929354,0.36648153476020884
GO BP: Positive Regulation of Lymphocyte Differentiation (GO:0045621),3,39,0.02615501182655696,0.36648153476020884
GO BP: Aerobic Respiration (GO:0009060),5,102,0.026791610112525153,0.3731801787271255
Reactome: Metabolism of Vitamins and Cofactors,7,177,0.027543313115434898,0.3758376950927902
Reactome: rRNA Processing,7,177,0.027543313115434898,0.3758376950927902
GO BP: Regulation of Anatomical Structure Morphogenesis (GO:0022603),5,103,0.027793809431437503,0.3758376950927902
GO BP: Regulation of Osteoblast Proliferation (GO:0033688),2,16,0.02789901617048675,0.3758376950927902
Reactome: Activated Point Mutants of FGFR2,2,16,0.02789901617048675,0.3758376950927902
GO BP: Phospholipid Biosynthetic Process (GO:0008654),3,40,0.0279403554125906,0.3758376950927902
Reactome: PI3K AKT Signaling in Cancer,5,104,0.028819541116068517,0.3854613624274164
Hallmark: Xenobiotic Metabolism,7,179,0.029038575963340703,0.3861966543373108
GO BP: Positive Regulation of Myoblast Differentiation (GO:0045663),3,41,0.029788974246727773,0.3906194758498342
Reactome: Metabolism of Fat-Soluble Vitamins,3,41,0.029788974246727773,0.3906194758498342
GO BP: Regulation of Primary Metabolic Process (GO:0080090),5,105,0.029868948875518334,0.3906194758498342
GO BP: Positive Regulation of RNA Biosynthetic Process (GO:1902680),15,531,0.030276878018783353,0.39167351200498324
GO BP: Positive Regulation of DNA-templated Transcription (GO:0045893),29,1224,0.030387714784109957,0.39167351200498324
GO BP: Estrogen Receptor Signaling Pathway (GO:0030520),2,17,0.031280637322403076,0.39167351200498324
GO BP: Intracellular Cholesterol Transport (GO:0032367),2,17,0.031280637322403076,0.39167351200498324
GO BP: Positive Regulation of Antigen Receptor-Mediated Signaling Pathway (GO:0050857),2,17,0.031280637322403076,0.39167351200498324
GO BP: SMAD Protein Signal Transduction (GO:0060395),2,17,0.031280637322403076,0.39167351200498324
Reactome: Assembly of Active LPL and LIPC Lipase Complexes,2,17,0.031280637322403076,0.39167351200498324
Reactome: Phospholipase C-mediated Cascade; FGFR2,2,17,0.031280637322403076,0.39167351200498324
Reactome: Heme Signaling,3,42,0.03170065477862786,0.3927544281520525
Reactome: PI3K Cascade,3,42,0.03170065477862786,0.3927544281520525
Reactome: Fatty Acid Metabolism,6,144,0.03213448547442492,0.3960449152188286
GO BP: Protein Biosynthetic Process (GO:0160307),5,108,0.03316055699025006,0.4057129065777148
GO BP: Regulation of Dendrite Development (GO:0050773),3,43,0.03367513521056415,0.4057129065777148
GO BP: Regulation of Fibroblast Proliferation (GO:0048145),3,43,0.03367513521056415,0.4057129065777148
Reactome: Metabolism of RNA,17,634,0.03375327303896835,0.4057129065777148
Hallmark: Estrogen Response Late,7,185,0.03385132745301619,0.4057129065777148
Hallmark: p53 Pathway,7,186,0.03470203611742312,0.4057129065777148
GO BP: Detection of Mechanical Stimulus (GO:0050982),2,18,0.034814786375827696,0.4057129065777148
GO BP: Positive Regulation of Triglyceride Metabolic Process (GO:0090208),2,18,0.034814786375827696,0.4057129065777148
GO BP: Sulfur Compound Catabolic Process (GO:0044273),2,18,0.034814786375827696,0.4057129065777148
Reactome: FGFR2 Ligand Binding and Activation,2,18,0.034814786375827696,0.4057129065777148
Reactome: Sema4D Induced Cell Migration and Growth-Cone Collapse,2,18,0.034814786375827696,0.4057129065777148
GO BP: Lysosomal Transport (GO:0007041),3,44,0.03571210774658381,0.4120897138993053
GO BP: Positive Regulation of miRNA Transcription (GO:1902895),3,44,0.03571210774658381,0.4120897138993053
GO BP: Fatty Acid Metabolic Process (GO:0006631),5,111,0.036669726509434376,0.41903172914178893
Reactome: PPARA Activates Gene Expression,5,111,0.036669726509434376,0.41903172914178893
Hallmark: Adipogenesis,7,189,0.03733904040623436,0.42461884597234634
GO BP: Lipid Transport (GO:0006869),5,112,0.037888280703685974,0.42543917790638264
GO BP: Response to Insulin (GO:0032868),4,77,0.038306187410599594,0.42543917790638264
Reactome: Signaling by Insulin Receptor,4,77,0.038306187410599594,0.42543917790638264
GO BP: Fatty Acid Derivative Biosynthetic Process (GO:1901570),2,19,0.03849555857861491,0.42543917790638264
GO BP: Inhibitory Synapse Assembly (GO:1904862),2,19,0.03849555857861491,0.42543917790638264
Reactome: Nucleotide Salvage,2,19,0.03849555857861491,0.42543917790638264
Reactome: Signaling by TGFB Family Members,6,151,0.03911773208671246,0.4284433174757367
Reactome: Regulation of Lipid Metabolism by PPARalpha,5,113,0.03913139900479329,0.4284433174757367
Reactome: Constitutive Signaling by Aberrant PI3K in Cancer,4,78,0.039873965322326024,0.4336141870140219
Reactome: IRS-mediated Signalling,3,46,0.03997208096093575,0.4336141870140219
Reactome: Rab Regulation of Trafficking,5,115,0.04169163370623824,0.44146927490402516
Reactome: Transcriptional Activation of Mitochondrial Biogenesis,3,47,0.04219425532608763,0.44146927490402516
GO BP: Early Endosome to Late Endosome Transport (GO:0045022),2,20,0.04231720104111092,0.44146927490402516
GO BP: Endonucleolytic Clvg of Tricistronic rRNA Trans (GO:0000479),2,20,0.04231720104111092,0.44146927490402516
GO BP: Fatty-acyl-CoA Metabolic Process (GO:0035337),2,20,0.04231720104111092,0.44146927490402516
GO BP: Hydrogen Peroxide Metabolic Process (GO:0042743),2,20,0.04231720104111092,0.44146927490402516
"GO BP: Regulation of Nuclear-Transcribed mRNA Catabolic Process, Deadenylation-Dependent Decay (GO:1900151)",2,20,0.04231720104111092,0.44146927490402516
Reactome: Attenuation Phase,2,20,0.04231720104111092,0.44146927490402516
GO BP: Neuron Projection Morphogenesis (GO:0048812),6,154,0.042384051031567414,0.44146927490402516
GO BP: Transcription by RNA Polymerase II (GO:0006366),7,196,0.04399621571205969,0.4542416306411777
Hallmark: Mitotic Spindle,7,196,0.04399621571205969,0.4542416306411777
GO BP: Stem Cell Differentiation (GO:0048863),3,48,0.044477273191849034,0.4569289875791189
GO BP: Protein-RNA Complex Assembly (GO:0022618),6,156,0.04465425005271009,0.4569289875791189
GO BP: MRNA Processing (GO:0006397),8,239,0.044838825883932225,0.4569289875791189
GO BP: Phosphatidylethanolamine Metabolic Process (GO:0046337),2,21,0.04627410936686047,0.46750752553471914
Reactome: Triglyceride Catabolism,2,21,0.04627410936686047,0.46750752553471914
GO BP: Negative Regulation of mRNA Catabolic Process (GO:1902373),3,50,0.04922377972913347,0.47995700617654874
GO BP: Positive Regulation of Transcription Elongation by RNA Polymerase II (GO:0032968),3,50,0.04922377972913347,0.47995700617654874
GO BP: Positive Regulation of miRNA Metabolic Process (GO:2000630),3,50,0.04922377972913347,0.47995700617654874
Reactome: IRS-related Events Triggered by IGF1R,3,50,0.04922377972913347,0.47995700617654874
Reactome: Transcriptional Activity of SMAD2 SMAD3 SMAD4 Heterotrimer,3,50,0.04922377972913347,0.47995700617654874
Reactome: RAB GEFs Exchange GTP for GDP on RABs,4,84,0.05003873699578684,0.47995700617654874
Reactome: Chromatin Modifying Enzymes,7,202,0.05027682381043204,0.47995700617654874
Reactome: Chromatin Organization,7,202,0.05027682381043204,0.47995700617654874
GO BP: Regulation of Intracellular Steroid Hormone Receptor Signaling Pathway (GO:0033143),2,22,0.050360824352424616,0.47995700617654874
"Reactome: Antigen Presentation Folding, Assembly and Peptide Loading of Class I MHC",2,22,0.050360824352424616,0.47995700617654874
Reactome: HSF1 Activation,2,22,0.050360824352424616,0.47995700617654874
Reactome: PI-3K Cascade FGFR2,2,22,0.050360824352424616,0.47995700617654874
Reactome: SHC-mediated Cascade FGFR2,2,22,0.050360824352424616,0.47995700617654874
Reactome: Sema4D in Semaphorin Signaling,2,22,0.050360824352424616,0.47995700617654874
GO BP: Response to Reactive Oxygen Species (GO:0000302),3,51,0.05168615555797563,0.48090596910464284
Reactome: Cytoprotection by HMOX1,3,51,0.05168615555797563,0.48090596910464284
Reactome: IGF1R Signaling Cascade,3,51,0.05168615555797563,0.48090596910464284
Reactome: Insulin Receptor Signalling Cascade,3,51,0.05168615555797563,0.48090596910464284
Reactome: Signaling by Non-Receptor Tyrosine Kinases,3,51,0.05168615555797563,0.48090596910464284
Reactome: Signaling by PTK6,3,51,0.05168615555797563,0.48090596910464284
GO BP: Cellular Response to Fibroblast Growth Factor Stimulus (GO:0044344),3,52,0.05420715273293874,0.4825046607764279
GO BP: Cholesterol Transport (GO:0030301),3,52,0.05420715273293874,0.4825046607764279
Reactome: Signaling by Type 1 Insulin-like Growth Factor 1 Receptor (IGF1R),3,52,0.05420715273293874,0.4825046607764279
GO BP: Protein Targeting to Lysosome (GO:0006622),2,23,0.054572028754960186,0.4825046607764279
Reactome: TGFBR3 Expression,2,23,0.054572028754960186,0.4825046607764279
GO BP: Renal System Development (GO:0072001),3,53,0.05678613968212963,0.4825046607764279
Reactome: Immunoregulatory Interactions Between a Lymphoid and a non-Lymphoid Cell,3,53,0.05678613968212963,0.4825046607764279
Reactome: Processing of Capped Intron-Containing Pre-mRNA,8,253,0.05879389074926149,0.4825046607764279
GO BP: Cellular Response to Low-Density Lipoprotein Particle Stimulus (GO:0071404),2,24,0.058902544126237535,0.4825046607764279
GO BP: Fatty-acyl-CoA Biosynthetic Process (GO:0046949),2,24,0.058902544126237535,0.4825046607764279
GO BP: Negative Regulation of Axonogenesis (GO:0050771),2,24,0.058902544126237535,0.4825046607764279
GO BP: Positive Regulation of Calcium Ion Transport (GO:0051928),2,24,0.058902544126237535,0.4825046607764279
GO BP: Regulation of Protein Modification by Small Protein Conjugation or Removal (GO:1903320),2,24,0.058902544126237535,0.4825046607764279
GO BP: Tricarboxylic Acid Cycle (GO:0006099),2,24,0.058902544126237535,0.4825046607764279
"GO BP: Wound Healing, Spreading of Cells (GO:0044319)",2,24,0.058902544126237535,0.4825046607764279
"Reactome: BMAL1 CLOCK,NPAS2 Activates Circadian Gene Expression",2,24,0.058902544126237535,0.4825046607764279
Reactome: FRS-mediated FGFR2 Signaling,2,24,0.058902544126237535,0.4825046607764279
GO BP: Sterol Metabolic Process (GO:0016125),3,54,0.05942245775293336,0.4825046607764279
Reactome: Signaling by ERBB4,3,54,0.05942245775293336,0.4825046607764279
GO BP: Regulation of Epithelial Cell Proliferation (GO:0050678),4,89,0.05949641147775539,0.4825046607764279
GO BP: Acyl-CoA Metabolic Process (GO:0006637),2,25,0.06334732771179814,0.4825046607764279
GO BP: Protein Insertion Into Mitochondrial Membrane (GO:0051204),2,25,0.06334732771179814,0.4825046607764279
GO BP: Respiratory Tube Development (GO:0030323),2,25,0.06334732771179814,0.4825046607764279
Reactome: Cholesterol Biosynthesis,2,25,0.06334732771179814,0.4825046607764279
Reactome: Notch-HLH Transcription Pathway,2,25,0.06334732771179814,0.4825046607764279
Reactome: Peroxisomal Lipid Metabolism,2,25,0.06334732771179814,0.4825046607764279
Reactome: Estrogen-dependent Gene Expression,4,91,0.06352764637302533,0.4825046607764279
GO BP: Cytoplasmic Microtubule Organization (GO:0031122),3,56,0.06486432661772217,0.4825046607764279
Reactome: Signaling by NTRKs,5,131,0.06576255942554424,0.4825046607764279
"GO BP: Positive Regulation of DNA-templated Transcription, Elongation (GO:0032786)",3,57,0.06766843858006517,0.4825046607764279
Reactome: Non-integrin membrane-ECM Interactions,3,57,0.06766843858006517,0.4825046607764279
GO BP: Protein Targeting to Vacuole (GO:0006623),2,26,0.06790146941397845,0.4825046607764279
GO BP: Regulation of Cytoplasmic Translation (GO:2000765),2,26,0.06790146941397845,0.4825046607764279
Reactome: Syndecan Interactions,2,26,0.06790146941397845,0.4825046607764279
Reactome: Cellular Response to Chemical Stress,6,174,0.06848424705382124,0.4825046607764279
GO BP: Regulation of Myoblast Differentiation (GO:0045661),3,58,0.07052700688671266,0.4825046607764279
GO BP: Nucleoside Phosphate Metabolic Process (GO:0006753),2,27,0.07256018881754894,0.4825046607764279
GO BP: Positive Regulation of Cholesterol Transport (GO:0032376),2,27,0.07256018881754894,0.4825046607764279
GO BP: Positive Regulation of Fibroblast Proliferation (GO:0048146),2,27,0.07256018881754894,0.4825046607764279
GO BP: Mesenchymal Cell Differentiation (GO:0048762),3,59,0.07343926001928759,0.4825046607764279
Reactome: Peroxisomal Protein Import,3,59,0.07343926001928759,0.4825046607764279
GO BP: Positive Regulation of Inflammatory Response (GO:0050729),4,96,0.07421492507745857,0.4825046607764279
Reactome: Innate Immune System,19,807,0.07523009923931724,0.4825046607764279
Reactome: Signaling by FGFR in Disease,3,60,0.07640440804751271,0.4825046607764279
Reactome: Viral Infection Pathways,16,656,0.07673874081648008,0.4825046607764279
GO BP: Positive Regulation of Mononuclear Cell Migration (GO:0071677),2,28,0.07731883227674338,0.4825046607764279
GO BP: Regulation of Keratinocyte Proliferation (GO:0010837),2,28,0.07731883227674338,0.4825046607764279
GO BP: Regulation of Nucleotide-Excision Repair (GO:2000819),2,28,0.07731883227674338,0.4825046607764279
Reactome: Myogenesis,2,28,0.07731883227674338,0.4825046607764279
Reactome: Regulation of MECP2 Expression and Activity,2,28,0.07731883227674338,0.4825046607764279
Reactome: Nervous System Development,13,507,0.07737010543032827,0.4825046607764279
GO BP: ATP Synthesis Coupled Electron Transport (GO:0042773),1,5,0.07976358665753022,0.4825046607764279
GO BP: Activation of Protein Kinase B Activity (GO:0032148),1,5,0.07976358665753022,0.4825046607764279
GO BP: Cellular Response to Interferon-Alpha (GO:0035457),1,5,0.07976358665753022,0.4825046607764279
GO BP: Cellular Response to Lipoteichoic Acid (GO:0071223),1,5,0.07976358665753022,0.4825046607764279
GO BP: Epithelial Cell Differentiation Involved in Kidney Development (GO:0035850),1,5,0.07976358665753022,0.4825046607764279
GO BP: Epithelial Fluid Transport (GO:0042045),1,5,0.07976358665753022,0.4825046607764279
GO BP: Epithelial Tube Branching Involved in Lung Morphogenesis (GO:0060441),1,5,0.07976358665753022,0.4825046607764279
GO BP: Epithelial Tube Formation (GO:0072175),1,5,0.07976358665753022,0.4825046607764279
GO BP: Fatty Acid Alpha-Oxidation (GO:0001561),1,5,0.07976358665753022,0.4825046607764279
GO BP: GDP-mannose Biosynthetic Process (GO:0009298),1,5,0.07976358665753022,0.4825046607764279
GO BP: Gland Morphogenesis (GO:0022612),1,5,0.07976358665753022,0.4825046607764279
GO BP: Glycolipid Transport (GO:0046836),1,5,0.07976358665753022,0.4825046607764279
GO BP: Immunological Synapse Formation (GO:0001771),1,5,0.07976358665753022,0.4825046607764279
GO BP: L-ascorbic Acid Metabolic Process (GO:0019852),1,5,0.07976358665753022,0.4825046607764279
GO BP: Mesenchymal Cell Differentiation Involved in Kidney Development (GO:0072161),1,5,0.07976358665753022,0.4825046607764279
GO BP: Mitochondrial Protein Processing (GO:0034982),1,5,0.07976358665753022,0.4825046607764279
GO BP: Multi-pass Transmembrane Protein Insertion Into ER Membrane (GO:0160063),1,5,0.07976358665753022,0.4825046607764279
GO BP: Negative Regulation of Cholesterol Biosynthetic Process (GO:0045541),1,5,0.07976358665753022,0.4825046607764279
GO BP: Negative Regulation of Cholesterol Metabolic Process (GO:0090206),1,5,0.07976358665753022,0.4825046607764279
GO BP: Negative Regulation of Collateral Sprouting (GO:0048671),1,5,0.07976358665753022,0.4825046607764279
GO BP: Negative Regulation of Fibroblast Migration (GO:0010764),1,5,0.07976358665753022,0.4825046607764279
GO BP: Negative Regulation of IRE1-mediated Unfolded Protein Response (GO:1903895),1,5,0.07976358665753022,0.4825046607764279
GO BP: Negative Regulation of Peroxisome Proliferator Activated Receptor Signaling Pathway (GO:0035359),1,5,0.07976358665753022,0.4825046607764279
GO BP: Negative Regulation of Sterol Biosynthetic Process (GO:0106119),1,5,0.07976358665753022,0.4825046607764279
GO BP: Pericentric Heterochromatin Formation (GO:0031508),1,5,0.07976358665753022,0.4825046607764279
GO BP: Phenol-containing Compound Catabolic Process (GO:0019336),1,5,0.07976358665753022,0.4825046607764279
GO BP: Positive Regulation of ATP Biosynthetic Process (GO:2001171),1,5,0.07976358665753022,0.4825046607764279
GO BP: Positive Regulation of Dendritic Cell Chemotaxis (GO:2000510),1,5,0.07976358665753022,0.4825046607764279
GO BP: Positive Regulation of Skeletal Muscle Acetylcholine-Gated Channel Clustering (GO:1904395),1,5,0.07976358665753022,0.4825046607764279
GO BP: Positive Regulation of Triglyceride Catabolic Process (GO:0010898),1,5,0.07976358665753022,0.4825046607764279
GO BP: Positive Regulation of Type 2 Mitophagy (GO:1905091),1,5,0.07976358665753022,0.4825046607764279
GO BP: Progesterone Metabolic Process (GO:0042448),1,5,0.07976358665753022,0.4825046607764279
GO BP: Protection From Non-Homologous End Joining at Telomere (GO:0031848),1,5,0.07976358665753022,0.4825046607764279
GO BP: Protein Geranylgeranylation (GO:0018344),1,5,0.07976358665753022,0.4825046607764279
GO BP: Pyrimidine Nucleotide Metabolic Process (GO:0006220),1,5,0.07976358665753022,0.4825046607764279
GO BP: Pyrimidine Ribonucleoside Monophosphate Catabolic Process (GO:0009175),1,5,0.07976358665753022,0.4825046607764279
GO BP: Pyruvate Decarboxylation to acetyl-CoA (GO:0006086),1,5,0.07976358665753022,0.4825046607764279
GO BP: Receptor-mediated Virion Attachment to Host Cell (GO:0046813),1,5,0.07976358665753022,0.4825046607764279
GO BP: Regulation of Calcium Import Into the Mitochondrion (GO:0110097),1,5,0.07976358665753022,0.4825046607764279
GO BP: Regulation of Extracellular Exosome Assembly (GO:1903551),1,5,0.07976358665753022,0.4825046607764279
GO BP: Regulation of Glomerular Filtration (GO:0003093),1,5,0.07976358665753022,0.4825046607764279
GO BP: Regulation of Morphogenesis of a Branching Structure (GO:0060688),1,5,0.07976358665753022,0.4825046607764279
GO BP: Regulation of Muscle Cell Apoptotic Process (GO:0010660),1,5,0.07976358665753022,0.4825046607764279
GO BP: Regulation of Oxidoreductase Activity (GO:0051341),1,5,0.07976358665753022,0.4825046607764279
GO BP: Regulation of Phospholipid Metabolic Process (GO:1903725),1,5,0.07976358665753022,0.4825046607764279
"GO BP: Regulation of Termination of RNA Polymerase II Transcription, poly(A)-coupled (GO:2000804)",1,5,0.07976358665753022,0.4825046607764279
GO BP: Regulation of Type B Pancreatic Cell Proliferation (GO:0061469),1,5,0.07976358665753022,0.4825046607764279
GO BP: Renal Water Transport (GO:0003097),1,5,0.07976358665753022,0.4825046607764279
GO BP: Response to Catecholamine (GO:0071869),1,5,0.07976358665753022,0.4825046607764279
GO BP: Response to Gonadotropin (GO:0034698),1,5,0.07976358665753022,0.4825046607764279
GO BP: Response to Lipoteichoic Acid (GO:0070391),1,5,0.07976358665753022,0.4825046607764279
GO BP: Rho-activating G Protein-Coupled Receptor Signaling Pathway (GO:0160221),1,5,0.07976358665753022,0.4825046607764279
GO BP: Ribosomal Small Subunit Export From Nucleus (GO:0000056),1,5,0.07976358665753022,0.4825046607764279
GO BP: TRNA Transport (GO:0051031),1,5,0.07976358665753022,0.4825046607764279
GO BP: UMP Metabolic Process (GO:0046049),1,5,0.07976358665753022,0.4825046607764279
GO BP: Vitamin K Metabolic Process (GO:0042373),1,5,0.07976358665753022,0.4825046607764279
Reactome: Acyl Chain Remodeling of CL,1,5,0.07976358665753022,0.4825046607764279
Reactome: Alpha-oxidation of Phytanate,1,5,0.07976358665753022,0.4825046607764279
Reactome: PDH Complex Synthesizes acetyl-CoA From PYR,1,5,0.07976358665753022,0.4825046607764279
Reactome: PTK6 Regulates Cell Cycle,1,5,0.07976358665753022,0.4825046607764279
Reactome: Scavenging by Class F Receptors,1,5,0.07976358665753022,0.4825046607764279
Reactome: Synthesis of GDP-mannose,1,5,0.07976358665753022,0.4825046607764279
GO BP: Maturation of 5.8S rRNA Fm Tricistronic rRNA Trans (GO:0000466),2,29,0.08217287006247447,0.4825046607764279
GO BP: Positive Regulation of Lipid Metabolic Process (GO:0045834),2,29,0.08217287006247447,0.4825046607764279
GO BP: Positive Regulation of Rho Protein Signal Transduction (GO:0035025),2,29,0.08217287006247447,0.4825046607764279
GO BP: Regulation of Vasculature Development (GO:1901342),2,29,0.08217287006247447,0.4825046607764279
Reactome: Downstream Signaling of Activated FGFR2,2,29,0.08217287006247447,0.4825046607764279
Reactome: FGFR1 Mutant Receptor Activation,2,29,0.08217287006247447,0.4825046607764279
Reactome: HSF1-dependent Transactivation,2,29,0.08217287006247447,0.4825046607764279
Reactome: Plasma Lipoprotein Remodeling,2,29,0.08217287006247447,0.4825046607764279
GO BP: Neuron Migration (GO:0001764),3,62,0.08249014463321845,0.4825046607764279
Hallmark: Glycolysis,6,183,0.08271024910609533,0.4825046607764279
GO BP: Regulation of Protein Ubiquitination (GO:0031396),4,100,0.0833776522949962,0.4825046607764279
Hallmark: Hypoxia,6,184,0.08438538210330424,0.4825046607764279
Reactome: Activation of Anterior HOX Genes in Hindbrain Development During Early Embryogenesis,3,63,0.08560907255132798,0.4825046607764279
Reactome: Activation of HOX Genes During Differentiation,3,63,0.08560907255132798,0.4825046607764279
Reactome: mRNA Splicing - Major Pathway,6,185,0.08607926103012968,0.4825046607764279
GO BP: Negative Regulation of JNK Cascade (GO:0046329),2,30,0.08711789356855498,0.4825046607764279
GO BP: Positive Regulation of Signal Transduction by P53 Class Mediator (GO:1901798),2,30,0.08711789356855498,0.4825046607764279
GO BP: Vacuolar Transport (GO:0007034),2,30,0.08711789356855498,0.4825046607764279
Reactome: Downregulation of SMAD2 3 SMAD4 Transcriptional Activity,2,30,0.08711789356855498,0.4825046607764279
Reactome: Fatty acyl-CoA Biosynthesis,2,30,0.08711789356855498,0.4825046607764279
Reactome: Mitochondrial Fatty Acid Beta-Oxidation,2,30,0.08711789356855498,0.4825046607764279
Reactome: Transcriptional Regulation of Brown and Beige Adipocyte Differentiation,2,30,0.08711789356855498,0.4825046607764279
Reactome: Transcriptional Regulation of Brown and Beige Adipocyte Differentiation by EBF2,2,30,0.08711789356855498,0.4825046607764279
Hallmark: Unfolded Protein Response,4,102,0.08815798548153513,0.4825046607764279
GO BP: Positive Regulation of Hydrolase Activity (GO:0051345),3,64,0.08877757642561837,0.4825046607764279
GO BP: Cellular Response to Insulin Stimulus (GO:0032869),4,103,0.09059694208961994,0.4825046607764279
GO BP: Epidermis Development (GO:0008544),3,65,0.09199479256716567,0.4825046607764279
GO BP: Arachidonate Metabolic Process (GO:0019369),2,31,0.09214961257576734,0.4825046607764279
GO BP: Macrophage Activation (GO:0042116),2,31,0.09214961257576734,0.4825046607764279
GO BP: Negative Regulation of Developmental Growth (GO:0048640),2,31,0.09214961257576734,0.4825046607764279
GO BP: Nuclear Receptor-Mediated Signaling Pathway (GO:0141193),2,31,0.09214961257576734,0.4825046607764279
GO BP: Organophosphate Biosynthetic Process (GO:0090407),2,31,0.09214961257576734,0.4825046607764279
GO BP: Regulation of G0 to G1 Transition (GO:0070316),2,31,0.09214961257576734,0.4825046607764279
GO BP: Regulation of Mitochondrion Organization (GO:0010821),2,31,0.09214961257576734,0.4825046607764279
GO BP: Respiratory System Development (GO:0060541),2,31,0.09214961257576734,0.4825046607764279
Reactome: FGFR2 Mutant Receptor Activation,2,31,0.09214961257576734,0.4825046607764279
Hallmark: Estrogen Response Early,6,190,0.09482795108488738,0.4825046607764279
GO BP: Actin Filament-Based Transport (GO:0099515),1,6,0.09493898925222793,0.4825046607764279
GO BP: Autophagosome Membrane Docking (GO:0016240),1,6,0.09493898925222793,0.4825046607764279
GO BP: Bleb Assembly (GO:0032060),1,6,0.09493898925222793,0.4825046607764279
GO BP: C21-steroid Hormone Biosynthetic Process (GO:0006700),1,6,0.09493898925222793,0.4825046607764279
GO BP: Cellular Response to Gonadotropin Stimulus (GO:0071371),1,6,0.09493898925222793,0.4825046607764279
GO BP: Cellular Response to Interleukin-7 (GO:0098761),1,6,0.09493898925222793,0.4825046607764279
GO BP: Cellular Response to Leptin Stimulus (GO:0044320),1,6,0.09493898925222793,0.4825046607764279
GO BP: Cellular Response to Monoamine Stimulus (GO:0071868),1,6,0.09493898925222793,0.4825046607764279
GO BP: Cortical Microtubule Organization (GO:0043622),1,6,0.09493898925222793,0.4825046607764279
GO BP: Detection of Muscle Stretch (GO:0035995),1,6,0.09493898925222793,0.4825046607764279
GO BP: Exocrine System Development (GO:0035272),1,6,0.09493898925222793,0.4825046607764279
GO BP: Glycerol Ether Biosynthetic Process (GO:0046504),1,6,0.09493898925222793,0.4825046607764279
GO BP: Humoral Immune Response Mediated by Circulating Immunoglobulin (GO:0002455),1,6,0.09493898925222793,0.4825046607764279
GO BP: Interleukin-7-mediated Signaling Pathway (GO:0038111),1,6,0.09493898925222793,0.4825046607764279
GO BP: Mitochondrion-endoplasmic Reticulum Membrane Tethering (GO:1990456),1,6,0.09493898925222793,0.4825046607764279
GO BP: Monoacylglycerol Catabolic Process (GO:0052651),1,6,0.09493898925222793,0.4825046607764279
GO BP: Monocyte Activation (GO:0042117),1,6,0.09493898925222793,0.4825046607764279
GO BP: Negative Regulation of ERAD Pathway (GO:1904293),1,6,0.09493898925222793,0.4825046607764279
GO BP: Negative Regulation of Lipopolysaccharide-Mediated Signaling Pathway (GO:0031665),1,6,0.09493898925222793,0.4825046607764279
GO BP: Nephron Tubule Development (GO:0072080),1,6,0.09493898925222793,0.4825046607764279
GO BP: Nuclear Polyadenylation-Dependent rRNA Catabolic Process (GO:0071035),1,6,0.09493898925222793,0.4825046607764279
GO BP: Peptidyl-lysine Monomethylation (GO:0018026),1,6,0.09493898925222793,0.4825046607764279
GO BP: Positive Regulation of Epithelial Cell Proliferation Involved in Wound Healing (GO:0060054),1,6,0.09493898925222793,0.4825046607764279
GO BP: Positive Regulation of Hormone Metabolic Process (GO:0032352),1,6,0.09493898925222793,0.4825046607764279
GO BP: Positive Regulation of Purine Nucleotide Biosynthetic Process (GO:1900373),1,6,0.09493898925222793,0.4825046607764279
GO BP: Purine Nucleobase Metabolic Process (GO:0006144),1,6,0.09493898925222793,0.4825046607764279
GO BP: Reg of Cardiac Muscle Cell Action Potential Involved in Regulation of Contraction (GO:0098909),1,6,0.09493898925222793,0.4825046607764279
GO BP: Regulation of Dendritic Cell Chemotaxis (GO:2000508),1,6,0.09493898925222793,0.4825046607764279
GO BP: Regulation of NK T Cell Activation (GO:0051133),1,6,0.09493898925222793,0.4825046607764279
GO BP: Regulation of Rab Protein Signal Transduction (GO:0032483),1,6,0.09493898925222793,0.4825046607764279
GO BP: Regulation of Skeletal Muscle Acetylcholine-Gated Channel Clustering (GO:1904393),1,6,0.09493898925222793,0.4825046607764279
GO BP: Regulation of Stress Granule Assembly (GO:0062028),1,6,0.09493898925222793,0.4825046607764279
GO BP: Regulation of Type 2 Mitophagy (GO:1905089),1,6,0.09493898925222793,0.4825046607764279
GO BP: Regulation of Very-Low-Density Lipoprotein Particle Remodeling (GO:0010901),1,6,0.09493898925222793,0.4825046607764279
GO BP: Regulation of Vitamin D Receptor Signaling Pathway (GO:0070562),1,6,0.09493898925222793,0.4825046607764279
GO BP: Short-chain Fatty Acid Metabolic Process (GO:0046459),1,6,0.09493898925222793,0.4825046607764279
GO BP: TRAMP-dependent tRNA Surveillance Pathway (GO:0071038),1,6,0.09493898925222793,0.4825046607764279
GO BP: TRNA Aminoacylation for Mitochondrial Protein Translation (GO:0070127),1,6,0.09493898925222793,0.4825046607764279
GO BP: Very-low-density Lipoprotein Particle Remodeling (GO:0034372),1,6,0.09493898925222793,0.4825046607764279
Reactome: Acyl Chain Remodeling of DAG and TAG,1,6,0.09493898925222793,0.4825046607764279
Reactome: FGFR3b Ligand Binding and Activation,1,6,0.09493898925222793,0.4825046607764279
Reactome: NFE2L2 Regulates Pentose Phosphate Pathway Genes,1,6,0.09493898925222793,0.4825046607764279
Reactome: Noncanonical Activation of NOTCH3,1,6,0.09493898925222793,0.4825046607764279
Reactome: PI5P Regulates TP53 Acetylation,1,6,0.09493898925222793,0.4825046607764279
Reactome: TYSND1 Cleaves Peroxisomal Proteins,1,6,0.09493898925222793,0.4825046607764279
Reactome: Vitamin C (Ascorbate) Metabolism,1,6,0.09493898925222793,0.4825046607764279
Reactome: Z-decay Degradation of Maternal mRNAs by Zygotically Expressed Factors,1,6,0.09493898925222793,0.4825046607764279
GO BP: Cellular Response to Oxygen-Containing Compound (GO:1901701),9,329,0.09520338222431951,0.4825046607764279
GO BP: Fat Cell Differentiation (GO:0045444),3,66,0.09525984590236623,0.4825046607764279
GO BP: Regulation of Translational Initiation (GO:0006446),3,66,0.09525984590236623,0.4825046607764279
Reactome: Oxidative Stress Induced Senescence,3,66,0.09525984590236623,0.4825046607764279
GO BP: Regulation of Macroautophagy (GO:0016241),4,105,0.09557097235640528,0.4825046607764279
"Reactome: PI5P, PP2A and IER3 Regulate PI3K AKT Signaling",4,105,0.09557097235640528,0.4825046607764279
GO BP: Host-mediated Activation of Viral Process (GO:0044794),2,32,0.09726385257264465,0.4825046607764279
GO BP: Lung Development (GO:0030324),2,32,0.09726385257264465,0.4825046607764279
GO BP: Positive Regulation of Viral Process (GO:0048524),2,32,0.09726385257264465,0.4825046607764279
GO BP: Regulation of Metaphase/Anaphase Transition of Cell Cycle (GO:1902099),2,32,0.09726385257264465,0.4825046607764279
Reactome: Regulation of Pyruvate Metabolism,2,32,0.09726385257264465,0.4825046607764279
Reactome: mRNA Splicing,6,192,0.09845661365842778,0.4825046607764279
GO BP: Spindle Assembly (GO:0051225),3,68,0.10192991307857109,0.4825046607764279
GO BP: Acylglycerol Catabolic Process (GO:0046464),2,33,0.10245655213184904,0.4825046607764279
GO BP: Positive Regulation of Metabolic Process (GO:0009893),2,33,0.10245655213184904,0.4825046607764279
Reactome: Negative Regulation of FGFR2 Signaling,2,33,0.10245655213184904,0.4825046607764279
Reactome: Transcriptional Regulation of Granulopoiesis,2,33,0.10245655213184904,0.4825046607764279
GO BP: Positive Regulation of Multicellular Organismal Process (GO:0051240),10,383,0.10270017260903525,0.4825046607764279
Reactome: Axon Guidance,12,482,0.1027673728922504,0.4825046607764279
GO BP: Ribonucleoprotein Complex Biogenesis (GO:0022613),4,108,0.10326766886647928,0.4825046607764279
GO BP: Translation (GO:0006412),6,195,0.10403625401459692,0.4825046607764279
GO BP: Protein Localization to Mitochondrion (GO:0070585),2,34,0.10772376034105284,0.4825046607764279
GO BP: Protein Localization to Vacuole (GO:0072665),2,34,0.10772376034105284,0.4825046607764279
GO BP: RNA Transport (GO:0050658),2,34,0.10772376034105284,0.4825046607764279
GO BP: Ribosome Assembly (GO:0042255),2,34,0.10772376034105284,0.4825046607764279
GO BP: Spliceosomal tri-snRNP Complex Assembly (GO:0000244),2,34,0.10772376034105284,0.4825046607764279
Reactome: HDACs Deacetylate Histones,2,34,0.10772376034105284,0.4825046607764279
Reactome: N-glycan Trimming in the ER and Calnexin Calreticulin Cycle,2,34,0.10772376034105284,0.4825046607764279
GO BP: Positive Regulation of Wnt Signaling Pathway (GO:0030177),4,110,0.10855210722825713,0.4825046607764279
GO BP: Glycoprotein Metabolic Process (GO:0009100),3,70,0.1087805878859747,0.4825046607764279
GO BP: Positive Regulation of Small GTPase Mediated Signal Transduction (GO:0051057),3,70,0.1087805878859747,0.4825046607764279
Hallmark: Cholesterol Homeostasis,3,70,0.1087805878859747,0.4825046607764279
GO BP: ADP Transport (GO:0015866),1,7,0.10986512241978137,0.4825046607764279
GO BP: Adenylate Cyclase-Inhibiting G Protein-Coupled Acetylcholine Receptor Signaling Pathway (GO:0007197),1,7,0.10986512241978137,0.4825046607764279
GO BP: Adherens Junction Maintenance (GO:0034334),1,7,0.10986512241978137,0.4825046607764279
GO BP: Cardiac Muscle Hypertrophy (GO:0003300),1,7,0.10986512241978137,0.4825046607764279
GO BP: Cellular Hypotonic Response (GO:0071476),1,7,0.10986512241978137,0.4825046607764279
GO BP: Cellular Response to Interleukin-9 (GO:0071355),1,7,0.10986512241978137,0.4825046607764279
GO BP: Clvg in ITS2 Bwn 5.8S rRNA and LSU-rRNA of Tricistronic rRNA Trans (GO:0000448),1,7,0.10986512241978137,0.4825046607764279
GO BP: DTMP Metabolic Process (GO:0046073),1,7,0.10986512241978137,0.4825046607764279
GO BP: Detection of Molecule of Bacterial Origin (GO:0032490),1,7,0.10986512241978137,0.4825046607764279
"GO BP: Establishment of Mitochondrion Localization, Microtubule-Mediated (GO:0034643)",1,7,0.10986512241978137,0.4825046607764279
GO BP: GDP-mannose Metabolic Process (GO:0019673),1,7,0.10986512241978137,0.4825046607764279
GO BP: Interleukin-27-mediated Signaling Pathway (GO:0070106),1,7,0.10986512241978137,0.4825046607764279
GO BP: Interleukin-9-mediated Signaling Pathway (GO:0038113),1,7,0.10986512241978137,0.4825046607764279
GO BP: Intracellular Oxygen Homeostasis (GO:0032364),1,7,0.10986512241978137,0.4825046607764279
GO BP: Isoprenoid Biosynthetic Process (GO:0008299),1,7,0.10986512241978137,0.4825046607764279
GO BP: Lactate Metabolic Process (GO:0006089),1,7,0.10986512241978137,0.4825046607764279
GO BP: Lipoprotein Catabolic Process (GO:0042159),1,7,0.10986512241978137,0.4825046607764279
GO BP: Monosaccharide Metabolic Process (GO:0005996),1,7,0.10986512241978137,0.4825046607764279
GO BP: Negative Regulation of Cardiac Muscle Cell Apoptotic Process (GO:0010667),1,7,0.10986512241978137,0.4825046607764279
GO BP: Negative Regulation of D-glucose Import Across Plasma Membrane (GO:0046325),1,7,0.10986512241978137,0.4825046607764279
GO BP: Negative Regulation of Double-Strand Break Repair via Nonhomologous End Joining (GO:2001033),1,7,0.10986512241978137,0.4825046607764279
GO BP: Negative Regulation of Glial Cell Apoptotic Process (GO:0034351),1,7,0.10986512241978137,0.4825046607764279
GO BP: Negative Regulation of Keratinocyte Proliferation (GO:0010839),1,7,0.10986512241978137,0.4825046607764279
GO BP: Negative Regulation of Lipoprotein Particle Clearance (GO:0010985),1,7,0.10986512241978137,0.4825046607764279
GO BP: Negative Regulation of Mitochondrial Fusion (GO:0010637),1,7,0.10986512241978137,0.4825046607764279
GO BP: Negative Regulation of Osteoblast Proliferation (GO:0033689),1,7,0.10986512241978137,0.4825046607764279
GO BP: Nucleic Acid Transport (GO:0050657),1,7,0.10986512241978137,0.4825046607764279
GO BP: Olefinic Compound Biosynthetic Process (GO:0120255),1,7,0.10986512241978137,0.4825046607764279
GO BP: Phosphatidylethanolamine Biosynthetic Process (GO:0006646),1,7,0.10986512241978137,0.4825046607764279
"GO BP: Positive Regulation of CD4-positive, Alpha-Beta T Cell Activation (GO:2000516)",1,7,0.10986512241978137,0.4825046607764279
GO BP: Positive Regulation of Feeding Behavior (GO:2000253),1,7,0.10986512241978137,0.4825046607764279
GO BP: Positive Regulation of Lipase Activity (GO:0060193),1,7,0.10986512241978137,0.4825046607764279
GO BP: Positive Regulation of Steroid Metabolic Process (GO:0045940),1,7,0.10986512241978137,0.4825046607764279
GO BP: Protein Localization to Cytoplasmic Stress Granule (GO:1903608),1,7,0.10986512241978137,0.4825046607764279
GO BP: Protein Localization to Perinuclear Region of Cytoplasm (GO:1905719),1,7,0.10986512241978137,0.4825046607764279
GO BP: Pyrimidine Ribonucleotide Catabolic Process (GO:0009222),1,7,0.10986512241978137,0.4825046607764279
GO BP: Regulation of Collateral Sprouting (GO:0048670),1,7,0.10986512241978137,0.4825046607764279
GO BP: Regulation of Fat Cell Proliferation (GO:0070344),1,7,0.10986512241978137,0.4825046607764279
GO BP: Regulation of Fibroblast Apoptotic Process (GO:2000269),1,7,0.10986512241978137,0.4825046607764279
GO BP: Regulation of Ketone Biosynthetic Process (GO:0010566),1,7,0.10986512241978137,0.4825046607764279
GO BP: Regulation of Protein Folding (GO:1903332),1,7,0.10986512241978137,0.4825046607764279
"GO BP: Regulation of Retrograde Transport, Endosome to Golgi (GO:1905279)",1,7,0.10986512241978137,0.4825046607764279
GO BP: Regulation of Sensory Perception (GO:0051931),1,7,0.10986512241978137,0.4825046607764279
GO BP: Regulation of Triglyceride Metabolic Process (GO:0090207),1,7,0.10986512241978137,0.4825046607764279
GO BP: T Cell Chemotaxis (GO:0010818),1,7,0.10986512241978137,0.4825046607764279
GO BP: TRNA Surveillance (GO:0106354),1,7,0.10986512241978137,0.4825046607764279
GO BP: Thyroid Hormone Transport (GO:0070327),1,7,0.10986512241978137,0.4825046607764279
GO BP: Triglyceride-rich Lipoprotein Particle Remodeling (GO:0034370),1,7,0.10986512241978137,0.4825046607764279
Reactome: ChREBP Activates Metabolic Gene Expression,1,7,0.10986512241978137,0.4825046607764279
Reactome: Chylomicron Remodeling,1,7,0.10986512241978137,0.4825046607764279
Reactome: Gamma-carboxylated Protein Precursors Transport From the Endoplasmic Reticulum to Golgi Apparatus,1,7,0.10986512241978137,0.4825046607764279
Reactome: Glycoprotein Hormones,1,7,0.10986512241978137,0.4825046607764279
Reactome: HDL Remodeling,1,7,0.10986512241978137,0.4825046607764279
Reactome: Sema4D Mediated Inhibition of Cell Attachment and Migration,1,7,0.10986512241978137,0.4825046607764279
GO BP: Negative Regulation of Developmental Process (GO:0051093),4,111,0.11123929903083014,0.4856698669930476
Reactome: Negative Regulation of the PI3K AKT Network,4,111,0.11123929903083014,0.4856698669930476
GO BP: Ribosome Biogenesis (GO:0042254),5,154,0.11136061715230723,0.4856698669930476
Hallmark: Interferon Alpha Response,3,71,0.11227137265807563,0.4856698669930476
Reactome: Regulation of HSF1-mediated Heat Shock Response,3,71,0.11227137265807563,0.4856698669930476
GO BP: Cellular Response to Acid Chemical (GO:0071229),2,35,0.11306163428725152,0.4856698669930476
GO BP: Negative Regulation of Tumor Necrosis Factor Production (GO:0032720),2,35,0.11306163428725152,0.4856698669930476
GO BP: Neuron Projection Extension (GO:1990138),2,35,0.11306163428725152,0.4856698669930476
GO BP: Skeletal Muscle Organ Development (GO:0060538),2,35,0.11306163428725152,0.4856698669930476
GO BP: Spliceosomal Conformational Changes to Generate Catalytic Conformation (GO:0000393),2,35,0.11306163428725152,0.4856698669930476
GO BP: Substantia Nigra Development (GO:0021762),2,35,0.11306163428725152,0.4856698669930476
Reactome: RUNX1 Interacts With Co-Factors Whose Precise Effect on RUNX1 Targets Is Not Known,2,35,0.11306163428725152,0.4856698669930476
Reactome: Signaling by NTRK1 (TRKA),4,112,0.11395600341331685,0.4878226884043014
Reactome: Formation of the Cornified Envelope,3,72,0.11580456022594324,0.4878226884043014
Reactome: Mitochondrial Biogenesis,3,72,0.11580456022594324,0.4878226884043014
GO BP: Axonogenesis (GO:0007409),6,202,0.11768132607494496,0.4878226884043014
GO BP: Regulation of Small GTPase Mediated Signal Transduction (GO:0051056),5,157,0.11821156919983314,0.4878226884043014
GO BP: MiRNA Processing (GO:0035196),2,36,0.11846643659345363,0.4878226884043014
GO BP: Phosphatidylinositol Phosphate Biosynthetic Process (GO:0046854),2,36,0.11846643659345363,0.4878226884043014
Reactome: Signaling by FGFR1 in Disease,2,36,0.11846643659345363,0.4878226884043014
GO BP: Epithelial Cell Differentiation (GO:0030855),4,115,0.12227956251412665,0.4878226884043014
GO BP: Regulation of Catabolic Process (GO:0009894),3,74,0.12299442782585943,0.4878226884043014
GO BP: Modification-dependent Protein Catabolic Process (GO:0019941),6,205,0.12379126724329219,0.4878226884043014
GO BP: Cellular Defense Response (GO:0006968),2,37,0.12393453300671725,0.4878226884043014
GO BP: Fibroblast Growth Factor Receptor Signaling Pathway (GO:0008543),2,37,0.12393453300671725,0.4878226884043014
GO BP: Icosanoid Metabolic Process (GO:0006690),2,37,0.12393453300671725,0.4878226884043014
GO BP: Negative Regulation of Response to Biotic Stimulus (GO:0002832),2,37,0.12393453300671725,0.4878226884043014
GO BP: Negative Regulation of Tumor Necrosis Factor Superfamily Cytokine Production (GO:1903556),2,37,0.12393453300671725,0.4878226884043014
GO BP: Response to Amino Acid (GO:0043200),2,37,0.12393453300671725,0.4878226884043014
GO BP: Alpha-linolenic Acid Metabolic Process (GO:0036109),1,8,0.12454606445666319,0.4878226884043014
GO BP: Cardiolipin Metabolic Process (GO:0032048),1,8,0.12454606445666319,0.4878226884043014
"GO BP: Complement Activation, Lectin Pathway (GO:0001867)",1,8,0.12454606445666319,0.4878226884043014
GO BP: Cytochrome Complex Assembly (GO:0017004),1,8,0.12454606445666319,0.4878226884043014
GO BP: Endonucleolytic Clvg in ITS1 to Sep SSU-rRNA Fm 5.8S rRNA and LSU-rRNA Fm Tricistronic rRNA Trans (GO:0000447),1,8,0.12454606445666319,0.4878226884043014
GO BP: Forebrain Neuron Development (GO:0021884),1,8,0.12454606445666319,0.4878226884043014
GO BP: Host-mediated Activation of Viral Genome Replication (GO:0044829),1,8,0.12454606445666319,0.4878226884043014
GO BP: Host-mediated Perturbation of Viral Genome Replication (GO:0044827),1,8,0.12454606445666319,0.4878226884043014
GO BP: Hypotonic Response (GO:0006971),1,8,0.12454606445666319,0.4878226884043014
GO BP: Integrin Activation (GO:0033622),1,8,0.12454606445666319,0.4878226884043014
GO BP: Malate Metabolic Process (GO:0006108),1,8,0.12454606445666319,0.4878226884043014
GO BP: Manganese Ion Transport (GO:0006828),1,8,0.12454606445666319,0.4878226884043014
GO BP: Mitotic Nuclear Membrane Disassembly (GO:0007077),1,8,0.12454606445666319,0.4878226884043014
GO BP: Negative Regulation of PERK-mediated Unfolded Protein Response (GO:1903898),1,8,0.12454606445666319,0.4878226884043014
GO BP: Peroxisome Proliferator Activated Receptor Signaling Pathway (GO:0035357),1,8,0.12454606445666319,0.4878226884043014
GO BP: Phosphatidylserine Acyl-Chain Remodeling (GO:0036150),1,8,0.12454606445666319,0.4878226884043014
GO BP: Positive Regulation of Adaptive Immune Response (GO:0002821),1,8,0.12454606445666319,0.4878226884043014
GO BP: Positive Regulation of Gene Expression via Chromosomal CpG Island Demethylation (GO:0044029),1,8,0.12454606445666319,0.4878226884043014
GO BP: Positive Regulation of Receptor Clustering (GO:1903911),1,8,0.12454606445666319,0.4878226884043014
GO BP: Positive Regulation of Type 2 Immune Response (GO:0002830),1,8,0.12454606445666319,0.4878226884043014
GO BP: Positive Regulation of Vascular Associated Smooth Muscle Cell Migration (GO:1904754),1,8,0.12454606445666319,0.4878226884043014
GO BP: Protein-RNA Complex Disassembly (GO:0032988),1,8,0.12454606445666319,0.4878226884043014
GO BP: Regulation of Epidermis Development (GO:0045682),1,8,0.12454606445666319,0.4878226884043014
GO BP: Regulation of Lysosome Organization (GO:1905671),1,8,0.12454606445666319,0.4878226884043014
GO BP: Regulation of Urine Volume (GO:0035809),1,8,0.12454606445666319,0.4878226884043014
GO BP: Regulation of miRNA Metabolic Process (GO:2000628),1,8,0.12454606445666319,0.4878226884043014
GO BP: Response to Interferon-Alpha (GO:0035455),1,8,0.12454606445666319,0.4878226884043014
GO BP: Response to Leptin (GO:0044321),1,8,0.12454606445666319,0.4878226884043014
Reactome: Beta-oxidation of Very Long Chain Fatty Acids,1,8,0.12454606445666319,0.4878226884043014
Reactome: Beta-oxidation of pristanoyl-CoA,1,8,0.12454606445666319,0.4878226884043014
Reactome: Chylomicron Assembly,1,8,0.12454606445666319,0.4878226884043014
Reactome: Defective Factor IX Causes Hemophilia B,1,8,0.12454606445666319,0.4878226884043014
Reactome: FGFR2b Ligand Binding and Activation,1,8,0.12454606445666319,0.4878226884043014
Reactome: Interleukin-9 Signaling,1,8,0.12454606445666319,0.4878226884043014
Reactome: PI3K Events in ERBB4 Signaling,1,8,0.12454606445666319,0.4878226884043014
Reactome: Removal of Aminoterminal Propeptides From Gamma-Carboxylated Proteins,1,8,0.12454606445666319,0.4878226884043014
GO BP: Regulation of G1/S Transition of Mitotic Cell Cycle (GO:2000045),4,116,0.12511065814315359,0.48922008184216537
GO BP: Cellular Respiration (GO:0045333),3,75,0.12664924031994243,0.4927298753410884
GO BP: Positive Regulation of GTPase Activity (GO:0043547),3,75,0.12664924031994243,0.4927298753410884
Hallmark: Allograft Rejection,5,161,0.12764841309627128,0.4927298753410884
GO BP: Positive Regulation of Bone Mineralization (GO:0030501),2,38,0.12946239003651946,0.4927298753410884
GO BP: Positive Regulation of Immune Effector Process (GO:0002699),2,38,0.12946239003651946,0.4927298753410884
Reactome: Signaling by NOTCH,5,162,0.13006031791788408,0.4927298753410884
GO BP: Cellular Response to Tumor Necrosis Factor (GO:0071356),3,76,0.13034272202217267,0.4927298753410884
GO BP: Establishment of Protein Localization to Organelle (GO:0072594),3,76,0.13034272202217267,0.4927298753410884
GO BP: Regulation of RNA Biosynthetic Process (GO:2001141),10,405,0.13359502907160783,0.4927298753410884
Reactome: G Alpha (12 13) Signalling Events,3,77,0.1340739328848041,0.4927298753410884
GO BP: Negative Regulation of DNA-templated Transcription (GO:0045892),20,929,0.13411733463251602,0.4927298753410884
GO BP: Positive Regulation of Innate Immune Response (GO:0045089),2,39,0.13504657264246342,0.4927298753410884
GO BP: Positive Regulation of Lipid Biosynthetic Process (GO:0046889),2,39,0.13504657264246342,0.4927298753410884
Reactome: Interferon Alpha Beta Signaling,2,39,0.13504657264246342,0.4927298753410884
Reactome: Regulation of Endogenous Retroelements by Piwi-interacting RNAs (piRNAs),2,39,0.13504657264246342,0.4927298753410884
GO BP: Aminoglycan Catabolic Process (GO:0006026),1,9,0.1389858271990156,0.4927298753410884
GO BP: Cell Surface Pattern Recognition Receptor Signaling Pathway (GO:0002752),1,9,0.1389858271990156,0.4927298753410884
GO BP: Hyaluronan Catabolic Process (GO:0030214),1,9,0.1389858271990156,0.4927298753410884
GO BP: Induction of Positive Chemotaxis (GO:0050930),1,9,0.1389858271990156,0.4927298753410884
GO BP: Isoprenoid Metabolic Process (GO:0006720),1,9,0.1389858271990156,0.4927298753410884
GO BP: Mast Cell Activation Involved in Immune Response (GO:0002279),1,9,0.1389858271990156,0.4927298753410884
GO BP: Mast Cell Degranulation (GO:0043303),1,9,0.1389858271990156,0.4927298753410884
GO BP: Mast Cell Mediated Immunity (GO:0002448),1,9,0.1389858271990156,0.4927298753410884
GO BP: Microtubule-based Protein Transport (GO:0099118),1,9,0.1389858271990156,0.4927298753410884
GO BP: Negative Regulation of Cholesterol Transport (GO:0032375),1,9,0.1389858271990156,0.4927298753410884
GO BP: Negative Regulation of Macromolecule Metabolic Process (GO:0010605),1,9,0.1389858271990156,0.4927298753410884
GO BP: Negative Regulation of Striated Muscle Cell Apoptotic Process (GO:0010664),1,9,0.1389858271990156,0.4927298753410884
GO BP: Negative Regulation of Triglyceride Metabolic Process (GO:0090209),1,9,0.1389858271990156,0.4927298753410884
GO BP: Nucleoside Metabolic Process (GO:0009116),1,9,0.1389858271990156,0.4927298753410884
GO BP: Nucleosome Disassembly (GO:0006337),1,9,0.1389858271990156,0.4927298753410884
GO BP: One-carbon Compound Transport (GO:0019755),1,9,0.1389858271990156,0.4927298753410884
GO BP: Positive Regulation of Mitochondrial Membrane Permeability (GO:0035794),1,9,0.1389858271990156,0.4927298753410884
GO BP: Positive Regulation of Natural Killer Cell Activation (GO:0032816),1,9,0.1389858271990156,0.4927298753410884
GO BP: Positive Regulation of Response to Cytokine Stimulus (GO:0060760),1,9,0.1389858271990156,0.4927298753410884
GO BP: Protein Localization to Nuclear Envelope (GO:0090435),1,9,0.1389858271990156,0.4927298753410884
GO BP: Protein Prenylation (GO:0018342),1,9,0.1389858271990156,0.4927298753410884
GO BP: Regulation of ATP Biosynthetic Process (GO:2001169),1,9,0.1389858271990156,0.4927298753410884
GO BP: Regulation of Actin Filament Length (GO:0030832),1,9,0.1389858271990156,0.4927298753410884
GO BP: Regulation of Endoplasmic Reticulum Unfolded Protein Response (GO:1900101),1,9,0.1389858271990156,0.4927298753410884
GO BP: Regulation of Interleukin-1 Production (GO:0032652),1,9,0.1389858271990156,0.4927298753410884
GO BP: Regulation of Macrophage Migration (GO:1905521),1,9,0.1389858271990156,0.4927298753410884
GO BP: Regulation of Sensory Perception of Pain (GO:0051930),1,9,0.1389858271990156,0.4927298753410884
GO BP: Regulation of Triglyceride Catabolic Process (GO:0010896),1,9,0.1389858271990156,0.4927298753410884
GO BP: Response to Sterol (GO:0036314),1,9,0.1389858271990156,0.4927298753410884
GO BP: Ribosomal Subunit Export From Nucleus (GO:0000054),1,9,0.1389858271990156,0.4927298753410884
GO BP: Skeletal Muscle Tissue Regeneration (GO:0043403),1,9,0.1389858271990156,0.4927298753410884
GO BP: Sphingosine-1-phosphate Receptor Signaling Pathway (GO:0003376),1,9,0.1389858271990156,0.4927298753410884
GO BP: Surfactant Homeostasis (GO:0043129),1,9,0.1389858271990156,0.4927298753410884
GO BP: TORC2 Signaling (GO:0038203),1,9,0.1389858271990156,0.4927298753410884
GO BP: Tricarboxylic Acid Metabolic Process (GO:0072350),1,9,0.1389858271990156,0.4927298753410884
GO BP: Type II Interferon-Mediated Signaling Pathway (GO:0060333),1,9,0.1389858271990156,0.4927298753410884
Reactome: ATF6 (ATF6-alpha) Activates Chaperone Genes,1,9,0.1389858271990156,0.4927298753410884
Reactome: Activation of the AP-1 Family of Transcription Factors,1,9,0.1389858271990156,0.4927298753410884
Reactome: Caspase Activation via Dependence Receptors in the Absence of Ligand,1,9,0.1389858271990156,0.4927298753410884
Reactome: Interleukin-21 Signaling,1,9,0.1389858271990156,0.4927298753410884
Reactome: Interleukin-6 Signaling,1,9,0.1389858271990156,0.4927298753410884
Reactome: Passive Transport by Aquaporins,1,9,0.1389858271990156,0.4927298753410884
Reactome: Peptide Hormone Biosynthesis,1,9,0.1389858271990156,0.4927298753410884
Reactome: Purine Salvage,1,9,0.1389858271990156,0.4927298753410884
Reactome: Synthesis of Bile Acids and Bile Salts via 24-Hydroxycholesterol,1,9,0.1389858271990156,0.4927298753410884
Reactome: Uptake and Function of Anthrax Toxins,1,9,0.1389858271990156,0.4927298753410884
Reactome: Urea Cycle,1,9,0.1389858271990156,0.4927298753410884
GO BP: Nicotinamide Nucleotide Metabolic Process (GO:0046496),2,40,0.14068374197035147,0.49287025902919335
GO BP: Positive Regulation of Cell Motility (GO:2000147),6,213,0.14082409952382913,0.49287025902919335
GO BP: Cellular Response to Cytokine Stimulus (GO:0071345),7,261,0.1410587381825921,0.49287025902919335
GO BP: Cytoskeleton-dependent Cytokinesis (GO:0061640),3,79,0.14164577618174035,0.49287025902919335
GO BP: Protein O-linked Glycosylation (GO:0006493),3,79,0.14164577618174035,0.49287025902919335
Reactome: Keratinization,3,79,0.14164577618174035,0.49287025902919335
GO BP: Regulation of DNA Repair (GO:0006282),4,122,0.14266423241282292,0.49287025902919335
GO BP: Positive Regulation of TOR Signaling (GO:0032008),3,80,0.1454845247118229,0.49287025902919335
GO BP: Positive Regulation of Stem Cell Population Maintenance (GO:1902459),2,41,0.14637065313566558,0.49287025902919335
GO BP: Regulation of Protein Localization to Mitochondrion (GO:1903747),2,41,0.14637065313566558,0.49287025902919335
GO BP: Response to Unfolded Protein (GO:0006986),2,41,0.14637065313566558,0.49287025902919335
Reactome: Netrin-1 Signaling,2,41,0.14637065313566558,0.49287025902919335
Reactome: Regulation of MITF-M-dependent Genes Involved in Pigmentation,2,41,0.14637065313566558,0.49287025902919335
Reactome: Signaling by FGFR2 in Disease,2,41,0.14637065313566558,0.49287025902919335
GO BP: Cholesterol Homeostasis (GO:0042632),3,81,0.14935723580634613,0.49287025902919335
GO BP: Regulation of mRNA Stability (GO:0043488),3,81,0.14935723580634613,0.49287025902919335
GO BP: Positive Regulation of Ossification (GO:0045778),2,42,0.15210415305351743,0.49287025902919335
GO BP: Pyruvate Metabolic Process (GO:0006090),2,42,0.15210415305351743,0.49287025902919335
GO BP: Skeletal Muscle Tissue Development (GO:0007519),2,42,0.15210415305351743,0.49287025902919335
"GO BP: RNA Splicing, via Transesterification Reactions With Bulged Adenosine as Nucleophile (GO:0000377)",5,171,0.15267246651895003,0.49287025902919335
GO BP: Cellular Response to Catecholamine Stimulus (GO:0071870),1,10,0.1531883571013807,0.49287025902919335
GO BP: Cellular Response to UV-B (GO:0071493),1,10,0.1531883571013807,0.49287025902919335
GO BP: Ether Lipid Biosynthetic Process (GO:0008611),1,10,0.1531883571013807,0.49287025902919335
GO BP: Hormone Transport (GO:0009914),1,10,0.1531883571013807,0.49287025902919335
GO BP: Inositol Phosphate Biosynthetic Process (GO:0032958),1,10,0.1531883571013807,0.49287025902919335
GO BP: Ketone Biosynthetic Process (GO:0042181),1,10,0.1531883571013807,0.49287025902919335
GO BP: Long-chain Fatty Acid Import Into Cell (GO:0044539),1,10,0.1531883571013807,0.49287025902919335
GO BP: Metanephric Mesenchyme Development (GO:0072075),1,10,0.1531883571013807,0.49287025902919335
GO BP: Morphogenesis of a Polarized Epithelium (GO:0001738),1,10,0.1531883571013807,0.49287025902919335
GO BP: Muscle Cell Migration (GO:0014812),1,10,0.1531883571013807,0.49287025902919335
GO BP: NAD+ Biosynthetic Process (GO:0009435),1,10,0.1531883571013807,0.49287025902919335
GO BP: Negative Regulation of Alcohol Biosynthetic Process (GO:1902931),1,10,0.1531883571013807,0.49287025902919335
GO BP: Negative Regulation of DNA-templated Transcription Initiation (GO:2000143),1,10,0.1531883571013807,0.49287025902919335
GO BP: Negative Regulation of Intracellular Transport (GO:0032387),1,10,0.1531883571013807,0.49287025902919335
GO BP: Nuclear mRNA Surveillance (GO:0071028),1,10,0.1531883571013807,0.49287025902919335
GO BP: Positive Regulation of Alpha-Beta T Cell Proliferation (GO:0046641),1,10,0.1531883571013807,0.49287025902919335
GO BP: Positive Regulation of Keratinocyte Proliferation (GO:0010838),1,10,0.1531883571013807,0.49287025902919335
GO BP: Positive Regulation of Neuron Migration (GO:2001224),1,10,0.1531883571013807,0.49287025902919335
GO BP: Protein K27-linked Ubiquitination (GO:0044314),1,10,0.1531883571013807,0.49287025902919335
GO BP: Protein Transport Along Microtubule (GO:0098840),1,10,0.1531883571013807,0.49287025902919335
GO BP: Regulation of Leukocyte Tethering or Rolling (GO:1903236),1,10,0.1531883571013807,0.49287025902919335
GO BP: Regulation of Mitochondrial Gene Expression (GO:0062125),1,10,0.1531883571013807,0.49287025902919335
GO BP: Regulation of Smooth Muscle Cell Differentiation (GO:0051150),1,10,0.1531883571013807,0.49287025902919335
GO BP: Regulation of Sterol Biosynthetic Process (GO:0106118),1,10,0.1531883571013807,0.49287025902919335
GO BP: Regulation of Viral Life Cycle (GO:1903900),1,10,0.1531883571013807,0.49287025902919335
GO BP: Response to Interleukin-6 (GO:0070741),1,10,0.1531883571013807,0.49287025902919335
GO BP: Retinal Metabolic Process (GO:0042574),1,10,0.1531883571013807,0.49287025902919335
GO BP: Sarcoplasmic Reticulum Calcium Ion Transport (GO:0070296),1,10,0.1531883571013807,0.49287025902919335
GO BP: Smooth Muscle Tissue Development (GO:0048745),1,10,0.1531883571013807,0.49287025902919335
GO BP: Sperm DNA Condensation (GO:0035092),1,10,0.1531883571013807,0.49287025902919335
GO BP: Succinyl-CoA Metabolic Process (GO:0006104),1,10,0.1531883571013807,0.49287025902919335
GO BP: Sulfur Amino Acid Catabolic Process (GO:0000098),1,10,0.1531883571013807,0.49287025902919335
Reactome: Aspartate and Asparagine Metabolism,1,10,0.1531883571013807,0.49287025902919335
Reactome: Diseases Associated With Visual Transduction,1,10,0.1531883571013807,0.49287025902919335
Reactome: Diseases of the Neuronal System,1,10,0.1531883571013807,0.49287025902919335
Reactome: Interleukin-27 Signaling,1,10,0.1531883571013807,0.49287025902919335
Reactome: Phenylalanine and Tyrosine Metabolism,1,10,0.1531883571013807,0.49287025902919335
Reactome: Regulation of IFNA IFNB Signaling,1,10,0.1531883571013807,0.49287025902919335
Reactome: Retinoid Cycle Disease Events,1,10,0.1531883571013807,0.49287025902919335
Reactome: Signaling by Activated Point Mutants of FGFR1,1,10,0.1531883571013807,0.49287025902919335
Reactome: Sphingolipid Catabolism,1,10,0.1531883571013807,0.49287025902919335
Reactome: Synthesis of Bile Acids and Bile Salts via 27-Hydroxycholesterol,1,10,0.1531883571013807,0.49287025902919335
Reactome: Synthesis of PIPs at the Late Endosome Membrane,1,10,0.1531883571013807,0.49287025902919335
Reactome: Translation of Replicase and Assembly of the Replication Transcription Complex 9679504,1,10,0.1531883571013807,0.49287025902919335
Reactome: Translation of Replicase and Assembly of the Replication Transcription Complex 9694676,1,10,0.1531883571013807,0.49287025902919335
Reactome: Triglyceride Biosynthesis,1,10,0.1531883571013807,0.49287025902919335
GO BP: Regulation of Transcription Elongation by RNA Polymerase II (GO:0034243),3,82,0.15326296924782054,0.49287025902919335
GO BP: Sterol Homeostasis (GO:0055092),3,82,0.15326296924782054,0.49287025902919335
GO BP: Endomembrane System Organization (GO:0010256),5,172,0.1552814627217016,0.4945783627233769
GO BP: Lipid Metabolic Process (GO:0006629),6,220,0.15657071658701824,0.4945783627233769
GO BP: Regulation of Defense Response (GO:0031347),3,83,0.15720078651700842,0.4945783627233769
GO BP: Mitotic Spindle Assembly (GO:0090307),2,43,0.15788117831414922,0.4945783627233769
GO BP: Nuclear Receptor-Mediated Steroid Hormone Signaling Pathway (GO:0030518),2,43,0.15788117831414922,0.4945783627233769
GO BP: Positive Regulation of Biomineral Tissue Development (GO:0070169),2,43,0.15788117831414922,0.4945783627233769
GO BP: Post-Golgi Vesicle-Mediated Transport (GO:0006892),2,43,0.15788117831414922,0.4945783627233769
GO BP: Regulation of T Cell Differentiation (GO:0045580),2,43,0.15788117831414922,0.4945783627233769
GO BP: Regulation of T Cell Receptor Signaling Pathway (GO:0050856),2,43,0.15788117831414922,0.4945783627233769
Reactome: Signaling by TGFBR3,2,43,0.15788117831414922,0.4945783627233769
GO BP: Nitrogen Compound Transport (GO:0071705),4,127,0.15799034944938067,0.4945783627233769
GO BP: Protein Localization to Cell Periphery (GO:1990778),4,127,0.15799034944938067,0.4945783627233769
GO BP: Negative Regulation of Transcription by RNA Polymerase II (GO:0000122),15,683,0.15873206022161424,0.4945783627233769
GO BP: RRNA Processing (GO:0006364),4,128,0.16112674751891584,0.4945783627233769
GO BP: Cellular Response to Amino Acid Stimulus (GO:0071230),2,44,0.16369875310308107,0.4945783627233769
GO BP: Cognition (GO:0050890),2,44,0.16369875310308107,0.4945783627233769
GO BP: Morphogenesis of an Epithelium (GO:0002009),2,44,0.16369875310308107,0.4945783627233769
GO BP: RNA Stabilization (GO:0043489),2,44,0.16369875310308107,0.4945783627233769
Reactome: IRE1alpha Activates Chaperones,2,44,0.16369875310308107,0.4945783627233769
GO BP: Positive Regulation of Biosynthetic Process (GO:0009891),3,85,0.16516893005716518,0.4945783627233769
GO BP: Positive Regulation of T Cell Activation (GO:0050870),3,85,0.16516893005716518,0.4945783627233769
GO BP: Acute-phase Response (GO:0006953),1,11,0.16715753629799274,0.4945783627233769
GO BP: Fibrinolysis (GO:0042730),1,11,0.16715753629799274,0.4945783627233769
GO BP: Formation of Cytoplasmic Translation Initiation Complex (GO:0001732),1,11,0.16715753629799274,0.4945783627233769
GO BP: Lipid Import Into Cell (GO:0140354),1,11,0.16715753629799274,0.4945783627233769
GO BP: Negative Regulation of D-glucose Transmembrane Transport (GO:0010829),1,11,0.16715753629799274,0.4945783627233769
GO BP: Negative Regulation of Gene Expression via Chromosomal CpG Island Methylation (GO:0044027),1,11,0.16715753629799274,0.4945783627233769
GO BP: Nuclear Membrane Disassembly (GO:0051081),1,11,0.16715753629799274,0.4945783627233769
GO BP: Phosphatidylinositol-3-phosphate Biosynthetic Process (GO:0036092),1,11,0.16715753629799274,0.4945783627233769
GO BP: Phospholipid Efflux (GO:0033700),1,11,0.16715753629799274,0.4945783627233769
GO BP: Pos Reg Myeloid Leukocyte Cytokine Production Involved in Imm Response (GO:0061081),1,11,0.16715753629799274,0.4945783627233769
GO BP: Positive Regulation of Alpha-Beta T Cell Activation (GO:0046635),1,11,0.16715753629799274,0.4945783627233769
GO BP: Positive Regulation of Behavior (GO:0048520),1,11,0.16715753629799274,0.4945783627233769
GO BP: Positive Regulation of Calcium Ion Import (GO:0090280),1,11,0.16715753629799274,0.4945783627233769
GO BP: Positive Regulation of Cholesterol Biosynthetic Process (GO:0045542),1,11,0.16715753629799274,0.4945783627233769
GO BP: Positive Regulation of Dendrite Development (GO:1900006),1,11,0.16715753629799274,0.4945783627233769
GO BP: Positive Regulation of Exosomal Secretion (GO:1903543),1,11,0.16715753629799274,0.4945783627233769
GO BP: Positive Regulation of Protein Exit From Endoplasmic Reticulum (GO:0070863),1,11,0.16715753629799274,0.4945783627233769
GO BP: Positive Regulation of Sterol Biosynthetic Process (GO:0106120),1,11,0.16715753629799274,0.4945783627233769
GO BP: Positive Regulation of Triglyceride Biosynthetic Process (GO:0010867),1,11,0.16715753629799274,0.4945783627233769
GO BP: Protein Insertion Into Mitochondrial Outer Membrane (GO:0045040),1,11,0.16715753629799274,0.4945783627233769
GO BP: RRNA 3'-End Processing (GO:0031125),1,11,0.16715753629799274,0.4945783627233769
GO BP: Regulation of DNA-templated Transcription Initiation (GO:2000142),1,11,0.16715753629799274,0.4945783627233769
GO BP: Regulation of Dopamine Secretion (GO:0014059),1,11,0.16715753629799274,0.4945783627233769
GO BP: Regulation of Mononuclear Cell Migration (GO:0071675),1,11,0.16715753629799274,0.4945783627233769
GO BP: Regulation of PERK-mediated Unfolded Protein Response (GO:1903897),1,11,0.16715753629799274,0.4945783627233769
GO BP: Regulation of Synapse Maturation (GO:0090128),1,11,0.16715753629799274,0.4945783627233769
GO BP: Relaxation of Cardiac Muscle (GO:0055119),1,11,0.16715753629799274,0.4945783627233769
GO BP: Secretion (GO:0046903),1,11,0.16715753629799274,0.4945783627233769
GO BP: Sphingomyelin Biosynthetic Process (GO:0006686),1,11,0.16715753629799274,0.4945783627233769
GO BP: Transcription Elongation by RNA Polymerase I (GO:0006362),1,11,0.16715753629799274,0.4945783627233769
Reactome: ATF6 (ATF6-alpha) Activates Chaperones,1,11,0.16715753629799274,0.4945783627233769
Reactome: Alpha-Linolenic (Omega3) and Linoleic (Omega6) Acid Metabolism,1,11,0.16715753629799274,0.4945783627233769
Reactome: Alpha-Linolenic Acid (ALA) Metabolism,1,11,0.16715753629799274,0.4945783627233769
Reactome: ERBB2 Activates PTK6 Signaling,1,11,0.16715753629799274,0.4945783627233769
Reactome: FGFR3 Mutant Receptor Activation,1,11,0.16715753629799274,0.4945783627233769
Reactome: Hyaluronan Uptake and Degradation,1,11,0.16715753629799274,0.4945783627233769
Reactome: Interleukin-35 Signalling,1,11,0.16715753629799274,0.4945783627233769
Reactome: Pyrimidine Catabolism,1,11,0.16715753629799274,0.4945783627233769
Reactome: Reduction of Cytosolic Ca++ Levels,1,11,0.16715753629799274,0.4945783627233769
Reactome: Signaling by Activated Point Mutants of FGFR3,1,11,0.16715753629799274,0.4945783627233769
Reactome: Signaling by PDGFRA Extracellular Domain Mutants,1,11,0.16715753629799274,0.4945783627233769
"Reactome: Signaling by PDGFRA Transmembrane, Juxtamembrane and Kinase Domain Mutants",1,11,0.16715753629799274,0.4945783627233769
GO BP: Intracellular Protein Transport (GO:0006886),7,274,0.1677616372193984,0.4945783627233769
GO BP: Cell Morphogenesis Involved in Neuron Differentiation (GO:0048667),3,86,0.16919739235875525,0.4945783627233769
GO BP: Regulation of Double-Strand Break Repair (GO:2000779),3,86,0.16919739235875525,0.4945783627233769
GO BP: Cellular Response to Glucose Starvation (GO:0042149),2,45,0.16955398716501915,0.4945783627233769
GO BP: Positive Regulation of Nucleocytoplasmic Transport (GO:0046824),2,45,0.16955398716501915,0.4945783627233769
Reactome: Signaling by NOTCH3,2,45,0.16955398716501915,0.4945783627233769
GO BP: Regulation of Inflammatory Response (GO:0050727),6,226,0.1706558931698792,0.4945783627233769
Reactome: Cellular Response to Heat Stress,3,87,0.1732542114809953,0.4945783627233769
Reactome: Visual Phototransduction,3,87,0.1732542114809953,0.4945783627233769
GO BP: Autophagosome Maturation (GO:0097352),2,46,0.17544407381065938,0.4945783627233769
GO BP: BMP Signaling Pathway (GO:0030509),2,46,0.17544407381065938,0.4945783627233769
GO BP: Positive Regulation of Leukocyte Chemotaxis (GO:0002690),2,46,0.17544407381065938,0.4945783627233769
Reactome: Deadenylation-dependent mRNA Decay,2,46,0.17544407381065938,0.4945783627233769
Reactome: NOTCH1 Intracellular Domain Regulates Transcription,2,46,0.17544407381065938,0.4945783627233769
Reactome: Pyruvate Metabolism,2,46,0.17544407381065938,0.4945783627233769
GO BP: Mitotic Spindle Organization (GO:0007052),3,88,0.17733846477014167,0.4945783627233769
GO BP: Positive Regulation of Canonical Wnt Signaling Pathway (GO:0090263),3,88,0.17733846477014167,0.4945783627233769
Reactome: MITF-M-dependent Gene Expression,3,88,0.17733846477014167,0.4945783627233769
GO BP: Regulation of Translation (GO:0006417),5,181,0.179564748797242,0.4945783627233769
GO BP: Neuron Projection Guidance (GO:0097485),4,134,0.1804073587095044,0.4945783627233769
GO BP: Acetyl-CoA Biosynthetic Process (GO:0006085),1,12,0.18089718364691057,0.4945783627233769
GO BP: Arginine Metabolic Process (GO:0006525),1,12,0.18089718364691057,0.4945783627233769
GO BP: Cellular Response to Fluid Shear Stress (GO:0071498),1,12,0.18089718364691057,0.4945783627233769
GO BP: Cellular Response to Interferon-Beta (GO:0035458),1,12,0.18089718364691057,0.4945783627233769
GO BP: Collagen Biosynthetic Process (GO:0032964),1,12,0.18089718364691057,0.4945783627233769
GO BP: Establishment of Protein Localization to Endoplasmic Reticulum (GO:0072599),1,12,0.18089718364691057,0.4945783627233769
GO BP: Glycosaminoglycan Catabolic Process (GO:0006027),1,12,0.18089718364691057,0.4945783627233769
GO BP: Host-mediated Suppression of Symbiont Invasion (GO:0046597),1,12,0.18089718364691057,0.4945783627233769
GO BP: L-glutamine Family Amino Acid Biosynthetic Process (GO:0009084),1,12,0.18089718364691057,0.4945783627233769
GO BP: Lipid Oxidation (GO:0034440),1,12,0.18089718364691057,0.4945783627233769
GO BP: Mitochondrial RNA Processing (GO:0000963),1,12,0.18089718364691057,0.4945783627233769
GO BP: Modified Amino Acid Transport (GO:0072337),1,12,0.18089718364691057,0.4945783627233769
GO BP: Monoacylglycerol Metabolic Process (GO:0046462),1,12,0.18089718364691057,0.4945783627233769
GO BP: N-acetylglucosamine Metabolic Process (GO:0006044),1,12,0.18089718364691057,0.4945783627233769
GO BP: NADP+ Metabolic Process (GO:0006739),1,12,0.18089718364691057,0.4945783627233769
GO BP: Negative Regulation of Glycolytic Process (GO:0045820),1,12,0.18089718364691057,0.4945783627233769
GO BP: Negative Regulation of Purine Nucleotide Catabolic Process (GO:0033122),1,12,0.18089718364691057,0.4945783627233769
GO BP: Negative Regulation of Transcription Initiation by RNA Polymerase II (GO:0060633),1,12,0.18089718364691057,0.4945783627233769
GO BP: Outer Mitochondrial Membrane Organization (GO:0007008),1,12,0.18089718364691057,0.4945783627233769
GO BP: P38MAPK Cascade (GO:0038066),1,12,0.18089718364691057,0.4945783627233769
GO BP: Peptidyl-lysine Methylation (GO:0018022),1,12,0.18089718364691057,0.4945783627233769
GO BP: Polarized Epithelial Cell Differentiation (GO:0030859),1,12,0.18089718364691057,0.4945783627233769
GO BP: Positive Regulation of Cell Cycle Phase Transition (GO:1901989),1,12,0.18089718364691057,0.4945783627233769
GO BP: Positive Regulation of ER to Golgi Vesicle-Mediated Transport (GO:1902953),1,12,0.18089718364691057,0.4945783627233769
GO BP: Positive Regulation of Myelination (GO:0031643),1,12,0.18089718364691057,0.4945783627233769
GO BP: Positive Regulation of Toll-Like Receptor 4 Signaling Pathway (GO:0034145),1,12,0.18089718364691057,0.4945783627233769
GO BP: Protein Heterotetramerization (GO:0051290),1,12,0.18089718364691057,0.4945783627233769
GO BP: Protein-DNA Complex Disassembly (GO:0032986),1,12,0.18089718364691057,0.4945783627233769
GO BP: Regulation of Actin Filament Organization (GO:0110053),1,12,0.18089718364691057,0.4945783627233769
GO BP: Regulation of Cardiac Muscle Cell Apoptotic Process (GO:0010665),1,12,0.18089718364691057,0.4945783627233769
GO BP: Regulation of Fatty Acid Metabolic Process (GO:0019217),1,12,0.18089718364691057,0.4945783627233769
GO BP: Regulation of Intrinsic Apoptotic Signaling Pathway in Response to DNA Damage (GO:1902229),1,12,0.18089718364691057,0.4945783627233769
"GO BP: Regulation of Retrograde Protein Transport, ER to Cytosol (GO:1904152)",1,12,0.18089718364691057,0.4945783627233769
GO BP: Ribosomal Small Subunit Assembly (GO:0000028),1,12,0.18089718364691057,0.4945783627233769
GO BP: Telomere Capping (GO:0016233),1,12,0.18089718364691057,0.4945783627233769
GO BP: Termination of RNA Polymerase I Transcription (GO:0006363),1,12,0.18089718364691057,0.4945783627233769
GO BP: Transcription Elongation-Coupled Chromatin Remodeling (GO:0140673),1,12,0.18089718364691057,0.4945783627233769
GO BP: Zinc Ion Import Across Plasma Membrane (GO:0071578),1,12,0.18089718364691057,0.4945783627233769
Reactome: Carnitine Shuttle,1,12,0.18089718364691057,0.4945783627233769
Reactome: FGFR3 Ligand Binding and Activation,1,12,0.18089718364691057,0.4945783627233769
Reactome: FGFR3c Ligand Binding and Activation,1,12,0.18089718364691057,0.4945783627233769
Reactome: FGFR4 Ligand Binding and Activation,1,12,0.18089718364691057,0.4945783627233769
Reactome: Golgi Cisternae Pericentriolar Stack Reorganization,1,12,0.18089718364691057,0.4945783627233769
Reactome: Phospholipase C-mediated Cascade; FGFR3,1,12,0.18089718364691057,0.4945783627233769
Reactome: SHC1 Events in ERBB4 Signaling,1,12,0.18089718364691057,0.4945783627233769
Reactome: TP53 Regulates Transcription of Cell Death Genes With Uncertain Role in P53-Dependent Apoptosis,1,12,0.18089718364691057,0.4945783627233769
GO BP: Transport Along Microtubule (GO:0010970),2,47,0.18136628796552912,0.4952856634232663
GO BP: Protein Localization to Membrane (GO:0072657),5,183,0.18514634120480816,0.4996109445989226
GO BP: Supramolecular Fiber Organization (GO:0097435),7,282,0.18522855456338846,0.4996109445989226
GO BP: Epithelial to Mesenchymal Transition (GO:0001837),2,48,0.18731798426003687,0.4996109445989226
GO BP: Retinoid Metabolic Process (GO:0001523),2,48,0.18731798426003687,0.4996109445989226
Reactome: HSP90 Chaperone Cycle for Steroid Hormone Receptors (SHR) in the Presence of Ligand,2,48,0.18731798426003687,0.4996109445989226
Hallmark: TNF-alpha Signaling via NF-kB,5,184,0.18796089313501774,0.4996109445989226
GO BP: Protein K48-linked Ubiquitination (GO:0070936),3,91,0.18974667293178363,0.4996109445989226
GO BP: Regulation of GTPase Activity (GO:0043087),3,91,0.18974667293178363,0.4996109445989226
Reactome: O-linked Glycosylation,3,91,0.18974667293178363,0.4996109445989226
Reactome: Signaling by TGF-beta Receptor Complex,3,91,0.18974667293178363,0.4996109445989226
GO BP: Regulation of Cell Differentiation (GO:0045595),5,185,0.19079093847126466,0.4996109445989226
GO BP: Cellular Response to Interleukin-1 (GO:0071347),2,49,0.1932965951599056,0.4996109445989226
GO BP: Mononuclear Cell Differentiation (GO:1903131),2,49,0.1932965951599056,0.4996109445989226
GO BP: Organic Hydroxy Compound Transport (GO:0015850),2,49,0.1932965951599056,0.4996109445989226
GO BP: Regulation of Smooth Muscle Cell Proliferation (GO:0048660),2,49,0.1932965951599056,0.4996109445989226
GO BP: Triglyceride Metabolic Process (GO:0006641),2,49,0.1932965951599056,0.4996109445989226
GO BP: Cardiac Myofibril Assembly (GO:0055003),1,13,0.19441105575726977,0.4996109445989226
GO BP: Endoplasmic Reticulum Mannose Trimming (GO:1904380),1,13,0.19441105575726977,0.4996109445989226
GO BP: Genitalia Development (GO:0048806),1,13,0.19441105575726977,0.4996109445989226
GO BP: Immunoglobulin Mediated Immune Response (GO:0016064),1,13,0.19441105575726977,0.4996109445989226
GO BP: Magnesium Ion Transport (GO:0015693),1,13,0.19441105575726977,0.4996109445989226
GO BP: Muscle Tissue Development (GO:0060537),1,13,0.19441105575726977,0.4996109445989226
GO BP: Nucleolar Large rRNA Transcription by RNA Polymerase I (GO:0042790),1,13,0.19441105575726977,0.4996109445989226
GO BP: Nucleotide Metabolic Process (GO:0009117),1,13,0.19441105575726977,0.4996109445989226
GO BP: Positive Regulation of Cardiac Muscle Cell Proliferation (GO:0060045),1,13,0.19441105575726977,0.4996109445989226
GO BP: Positive Regulation of Fatty Acid Biosynthetic Process (GO:0045723),1,13,0.19441105575726977,0.4996109445989226
GO BP: Positive Regulation of Protein Export From Nucleus (GO:0046827),1,13,0.19441105575726977,0.4996109445989226
GO BP: Primary miRNA Processing (GO:0031053),1,13,0.19441105575726977,0.4996109445989226
GO BP: Protein K6-linked Ubiquitination (GO:0085020),1,13,0.19441105575726977,0.4996109445989226
GO BP: Purine-containing Compound Catabolic Process (GO:0072523),1,13,0.19441105575726977,0.4996109445989226
GO BP: Regulation of Alcohol Biosynthetic Process (GO:1902930),1,13,0.19441105575726977,0.4996109445989226
GO BP: Regulation of Peroxisome Proliferator Activated Receptor Signaling Pathway (GO:0035358),1,13,0.19441105575726977,0.4996109445989226
GO BP: Regulation of Vascular Associated Smooth Muscle Cell Migration (GO:1904752),1,13,0.19441105575726977,0.4996109445989226
GO BP: Regulation of mRNA 3'-End Processing (GO:0031440),1,13,0.19441105575726977,0.4996109445989226
GO BP: Reverse Cholesterol Transport (GO:0043691),1,13,0.19441105575726977,0.4996109445989226
GO BP: Smooth Muscle Contraction (GO:0006939),1,13,0.19441105575726977,0.4996109445989226
GO BP: Spermatid Nucleus Differentiation (GO:0007289),1,13,0.19441105575726977,0.4996109445989226
GO BP: T Cell Migration (GO:0072678),1,13,0.19441105575726977,0.4996109445989226
GO BP: Tyrosine Metabolic Process (GO:0006570),1,13,0.19441105575726977,0.4996109445989226
GO BP: Water Transport (GO:0006833),1,13,0.19441105575726977,0.4996109445989226
Reactome: DCC Mediated Attractive Signaling,1,13,0.19441105575726977,0.4996109445989226
"Reactome: Defective EXT1 Causes Exostoses 1, TRPS2 and CHDS",1,13,0.19441105575726977,0.4996109445989226
Reactome: Defective EXT2 Causes Exostoses 2,1,13,0.19441105575726977,0.4996109445989226
Reactome: Degradation of Cysteine and Homocysteine,1,13,0.19441105575726977,0.4996109445989226
Reactome: Depolymerization of the Nuclear Lamina,1,13,0.19441105575726977,0.4996109445989226
Reactome: ERBB2 Regulates Cell Motility,1,13,0.19441105575726977,0.4996109445989226
Reactome: FGFR1c Ligand Binding and Activation,1,13,0.19441105575726977,0.4996109445989226
Reactome: LGI-ADAM Interactions,1,13,0.19441105575726977,0.4996109445989226
Reactome: Lysosphingolipid and LPA Receptors,1,13,0.19441105575726977,0.4996109445989226
Reactome: Phospholipase C-mediated Cascade; FGFR4,1,13,0.19441105575726977,0.4996109445989226
Reactome: Processing of SMDT1,1,13,0.19441105575726977,0.4996109445989226
Reactome: Regulation of IFNG Signaling,1,13,0.19441105575726977,0.4996109445989226
"Reactome: Synthesis of IP2, IP, and Ins in the Cytosol",1,13,0.19441105575726977,0.4996109445989226
Reactome: Tryptophan Catabolism,1,13,0.19441105575726977,0.4996109445989226
GO BP: Regulation of Interleukin-6 Production (GO:0032675),3,93,0.198139287338977,0.5009554346227652
GO BP: Regulation of Organelle Organization (GO:0033043),3,93,0.198139287338977,0.5009554346227652
GO BP: Cardiac Muscle Tissue Development (GO:0048738),2,50,0.19929962913618798,0.5009554346227652
GO BP: Dicarboxylic Acid Metabolic Process (GO:0043648),2,50,0.19929962913618798,0.5009554346227652
GO BP: Erythrocyte Differentiation (GO:0030218),2,50,0.19929962913618798,0.5009554346227652
GO BP: Negative Regulation of Cell Projection Organization (GO:0031345),2,50,0.19929962913618798,0.5009554346227652
GO BP: Positive Regulation of Interleukin-8 Production (GO:0032757),2,50,0.19929962913618798,0.5009554346227652
GO BP: Regulation of Mitotic Metaphase/Anaphase Transition (GO:0030071),2,50,0.19929962913618798,0.5009554346227652
GO BP: Skeletal System Morphogenesis (GO:0048705),2,50,0.19929962913618798,0.5009554346227652
"Reactome: Gamma Carboxylation, Hypusinylation, Hydroxylation, and Arylsulfatase Activation",2,50,0.19929962913618798,0.5009554346227652
Hallmark: UV Response Dn,4,140,0.20041215383826416,0.5009554346227652
GO BP: Protein Metabolic Process (GO:0019538),12,552,0.20164911732754584,0.5009554346227652
Hallmark: KRAS Signaling Up,5,189,0.20226084096658128,0.5009554346227652
GO BP: Cellular Response to Transforming Growth Factor Beta Stimulus (GO:0071560),3,94,0.20236904843604955,0.5009554346227652
GO BP: Regulation of Mitotic Cell Cycle Phase Transition (GO:1901990),3,94,0.20236904843604955,0.5009554346227652
Reactome: Sphingolipid Metabolism,3,94,0.20236904843604955,0.5009554346227652
Reactome: Diseases Associated With O-glycosylation of Proteins,2,51,0.2053246688740739,0.5009554346227652
Reactome: Senescence-Associated Secretory Phenotype (SASP),2,51,0.2053246688740739,0.5009554346227652
Reactome: mRNA 3'-End Processing,2,51,0.2053246688740739,0.5009554346227652
Reactome: SARS-CoV-2 Activates Modulates Innate and Adaptive Immune Responses,3,95,0.2066199319203697,0.5009554346227652
GO BP: 2-Oxoglutarate Metabolic Process (GO:0006103),1,14,0.207702847999923,0.5009554346227652
GO BP: Bone Morphogenesis (GO:0060349),1,14,0.207702847999923,0.5009554346227652
GO BP: Cell-cell Junction Maintenance (GO:0045217),1,14,0.207702847999923,0.5009554346227652
GO BP: Cellular Response to Fatty Acid (GO:0071398),1,14,0.207702847999923,0.5009554346227652
GO BP: Digestive System Development (GO:0055123),1,14,0.207702847999923,0.5009554346227652
GO BP: Embryonic Cranial Skeleton Morphogenesis (GO:0048701),1,14,0.207702847999923,0.5009554346227652
GO BP: Ether Lipid Metabolic Process (GO:0046485),1,14,0.207702847999923,0.5009554346227652
GO BP: Fluid Transport (GO:0042044),1,14,0.207702847999923,0.5009554346227652
GO BP: Glycolipid Catabolic Process (GO:0019377),1,14,0.207702847999923,0.5009554346227652
GO BP: MiRNA Metabolic Process (GO:0010586),1,14,0.207702847999923,0.5009554346227652
GO BP: Monosaccharide Transmembrane Transport (GO:0015749),1,14,0.207702847999923,0.5009554346227652
GO BP: Multicellular Organismal-Level Iron Ion Homeostasis (GO:0060586),1,14,0.207702847999923,0.5009554346227652
GO BP: Negative Regulation of Androgen Receptor Signaling Pathway (GO:0060766),1,14,0.207702847999923,0.5009554346227652
GO BP: Negative Regulation of Smooth Muscle Cell Migration (GO:0014912),1,14,0.207702847999923,0.5009554346227652
"GO BP: Nucleotide-binding Domain, Leucine Rich Repeat Containing Receptor Signaling Pathway (GO:0035872)",1,14,0.207702847999923,0.5009554346227652
"GO BP: Positive Regulation of DNA Damage Response, Signal Transduction by P53 Class Mediator (GO:0043517)",1,14,0.207702847999923,0.5009554346227652
GO BP: Positive Regulation of Heart Rate (GO:0010460),1,14,0.207702847999923,0.5009554346227652
GO BP: Positive Regulation of Monocyte Chemotaxis (GO:0090026),1,14,0.207702847999923,0.5009554346227652
"GO BP: Protein Alpha-1,2-Demannosylation (GO:0036508)",1,14,0.207702847999923,0.5009554346227652
GO BP: Pyrimidine Deoxyribonucleotide Catabolic Process (GO:0009223),1,14,0.207702847999923,0.5009554346227652
GO BP: Regulation of B Cell Receptor Signaling Pathway (GO:0050855),1,14,0.207702847999923,0.5009554346227652
GO BP: Regulation of Carbohydrate Catabolic Process (GO:0043470),1,14,0.207702847999923,0.5009554346227652
GO BP: Regulation of Catecholamine Secretion (GO:0050433),1,14,0.207702847999923,0.5009554346227652
GO BP: Regulation of Protein Neddylation (GO:2000434),1,14,0.207702847999923,0.5009554346227652
GO BP: Relaxation of Muscle (GO:0090075),1,14,0.207702847999923,0.5009554346227652
GO BP: Response to Chemokine (GO:1990868),1,14,0.207702847999923,0.5009554346227652
GO BP: Response to Interferon-Beta (GO:0035456),1,14,0.207702847999923,0.5009554346227652
GO BP: Response to Muscle Stretch (GO:0035994),1,14,0.207702847999923,0.5009554346227652
GO BP: Response to UV-B (GO:0010224),1,14,0.207702847999923,0.5009554346227652
GO BP: Retinoic Acid Metabolic Process (GO:0042573),1,14,0.207702847999923,0.5009554346227652
GO BP: Stress-activated MAPK Cascade (GO:0051403),1,14,0.207702847999923,0.5009554346227652
GO BP: Telomere Maintenance in Response to DNA Damage (GO:0043247),1,14,0.207702847999923,0.5009554346227652
GO BP: Termination of RNA Polymerase III Transcription (GO:0006386),1,14,0.207702847999923,0.5009554346227652
Reactome: GRB2 Events in ERBB2 Signaling,1,14,0.207702847999923,0.5009554346227652
Reactome: PI3K Events in ERBB2 Signaling,1,14,0.207702847999923,0.5009554346227652
Reactome: RNA Polymerase III Chain Elongation,1,14,0.207702847999923,0.5009554346227652
Reactome: Recycling of Bile Acids and Salts,1,14,0.207702847999923,0.5009554346227652
Reactome: Regulation of MITF-M-dependent Genes Involved in Lysosome Biogenesis and Autophagy,1,14,0.207702847999923,0.5009554346227652
Reactome: Regulation of Pyruvate Dehydrogenase (PDH) Complex,1,14,0.207702847999923,0.5009554346227652
Reactome: mRNA Decay by 5' to 3' Exoribonuclease,1,14,0.207702847999923,0.5009554346227652
GO BP: Epithelium Development (GO:0060429),4,143,0.2106563118656969,0.5070398344906447
GO BP: RNA Biosynthetic Process (GO:0032774),4,143,0.2106563118656969,0.5070398344906447
GO BP: Calcium Ion Homeostasis (GO:0055074),3,96,0.21089106117336706,0.5070863718101186
GO BP: Cellular Response to Type I Interferon (GO:0071357),2,52,0.2113693695197195,0.5072003015794289
GO BP: Negative Regulation of Neuron Projection Development (GO:0010977),2,52,0.2113693695197195,0.5072003015794289
Reactome: Infectious Disease,17,835,0.2171359181400291,0.5092370582291476
GO BP: Cellular Response to BMP Stimulus (GO:0071773),2,53,0.21743145696433086,0.5092370582291476
GO BP: Rho Protein Signal Transduction (GO:0007266),2,53,0.21743145696433086,0.5092370582291476
GO BP: Transcription Elongation by RNA Polymerase II (GO:0006368),2,53,0.21743145696433086,0.5092370582291476
"GO BP: Regulation of mRNA Splicing, via Spliceosome (GO:0048024)",3,98,0.21949058658718615,0.5092370582291476
Reactome: Interleukin-4 and Interleukin-13 Signaling,3,98,0.21949058658718615,0.5092370582291476
GO BP: Autophagy of Peroxisome (GO:0030242),1,15,0.2207761955017394,0.5092370582291476
GO BP: DNA Methylation-Dependent Constitutive Heterochromatin Formation (GO:0006346),1,15,0.2207761955017394,0.5092370582291476
GO BP: Hyaluronan Metabolic Process (GO:0030212),1,15,0.2207761955017394,0.5092370582291476
GO BP: Monocyte Differentiation (GO:0030224),1,15,0.2207761955017394,0.5092370582291476
GO BP: Negative Regulation of Axon Extension (GO:0030517),1,15,0.2207761955017394,0.5092370582291476
GO BP: Negative Regulation of Cellular Senescence (GO:2000773),1,15,0.2207761955017394,0.5092370582291476
GO BP: Negative Regulation of Fibroblast Proliferation (GO:0048147),1,15,0.2207761955017394,0.5092370582291476
GO BP: Negative Regulation of Metabolic Process (GO:0009892),1,15,0.2207761955017394,0.5092370582291476
GO BP: Negative Regulation of Transcription Elongation by RNA Polymerase II (GO:0034244),1,15,0.2207761955017394,0.5092370582291476
GO BP: Negative Regulation of Tumor Necrosis Factor-Mediated Signaling Pathway (GO:0010804),1,15,0.2207761955017394,0.5092370582291476
GO BP: Nucleobase-containing Small Molecule Metabolic Process (GO:0055086),1,15,0.2207761955017394,0.5092370582291476
GO BP: Peptidyl-glutamic Acid Modification (GO:0018200),1,15,0.2207761955017394,0.5092370582291476
GO BP: Pexophagy (GO:0000425),1,15,0.2207761955017394,0.5092370582291476
GO BP: Positive Regulation of Collagen Biosynthetic Process (GO:0032967),1,15,0.2207761955017394,0.5092370582291476
GO BP: Positive Regulation of Lymphocyte Migration (GO:2000403),1,15,0.2207761955017394,0.5092370582291476
GO BP: Positive Regulation of Positive Chemotaxis (GO:0050927),1,15,0.2207761955017394,0.5092370582291476
GO BP: Post-translational Protein Targeting to Endoplasmic Reticulum Membrane (GO:0006620),1,15,0.2207761955017394,0.5092370582291476
GO BP: Receptor Catabolic Process (GO:0032801),1,15,0.2207761955017394,0.5092370582291476
GO BP: Regulation of DNA Strand Elongation (GO:0060382),1,15,0.2207761955017394,0.5092370582291476
GO BP: Regulation of Exosomal Secretion (GO:1903541),1,15,0.2207761955017394,0.5092370582291476
GO BP: Regulation of IRE1-mediated Unfolded Protein Response (GO:1903894),1,15,0.2207761955017394,0.5092370582291476
GO BP: Regulation of Protein Sumoylation (GO:0033233),1,15,0.2207761955017394,0.5092370582291476
GO BP: Regulation of Receptor Recycling (GO:0001919),1,15,0.2207761955017394,0.5092370582291476
Reactome: Aberrant Regulation of Mitotic G1 S Transition in Cancer Due to RB1 Defects,1,15,0.2207761955017394,0.5092370582291476
"Reactome: Defective Binding of RB1 Mutants to E2F1,(E2F2, E2F3)",1,15,0.2207761955017394,0.5092370582291476
Reactome: Defects of Contact Activation System (CAS) and Kallikrein Kinin System (KKS),1,15,0.2207761955017394,0.5092370582291476
Reactome: Phospholipase C-mediated Cascade FGFR1,1,15,0.2207761955017394,0.5092370582291476
Reactome: Synthesis of PIPs at the Early Endosome Membrane,1,15,0.2207761955017394,0.5092370582291476
GO BP: Antimicrobial Humoral Response (GO:0019730),2,54,0.22350872616476924,0.5092370582291476
GO BP: DNA-templated Transcription Elongation (GO:0006354),2,54,0.22350872616476924,0.5092370582291476
GO BP: Endoplasmic Reticulum Organization (GO:0007029),2,54,0.22350872616476924,0.5092370582291476
GO BP: MRNA Stabilization (GO:0048255),2,54,0.22350872616476924,0.5092370582291476
GO BP: Negative Regulation of Protein-Containing Complex Assembly (GO:0031333),2,54,0.22350872616476924,0.5092370582291476
GO BP: Positive Regulation of T Cell Differentiation (GO:0045582),2,54,0.22350872616476924,0.5092370582291476
GO BP: Recombinational Repair (GO:0000725),3,99,0.22381726635207438,0.5092370582291476
GO BP: DNA-templated Transcription (GO:0006351),5,197,0.22586425711003055,0.5092370582291476
GO BP: Regulation of Proteasomal Ubiquitin-Dependent Protein Catabolic Process (GO:0032434),3,100,0.22816075957033438,0.5092370582291476
GO BP: Golgi to Plasma Membrane Transport (GO:0006893),2,55,0.22959903949993846,0.5092370582291476
GO BP: Intermediate Filament Organization (GO:0045109),2,55,0.22959903949993846,0.5092370582291476
Reactome: Constitutive Signaling by NOTCH1 HD+PEST Domain Mutants,2,55,0.22959903949993846,0.5092370582291476
Reactome: Constitutive Signaling by NOTCH1 PEST Domain Mutants,2,55,0.22959903949993846,0.5092370582291476
Reactome: Regulation of Endogenous Retroelements,2,55,0.22959903949993846,0.5092370582291476
Reactome: Signaling by NOTCH1 HD+PEST Domain Mutants in Cancer,2,55,0.22959903949993846,0.5092370582291476
Reactome: Signaling by NOTCH1 PEST Domain Mutants in Cancer,2,55,0.22959903949993846,0.5092370582291476
Reactome: Signaling by NOTCH1 in Cancer,2,55,0.22959903949993846,0.5092370582291476
GO BP: Protein Localization to Plasma Membrane (GO:0072659),4,149,0.2315682858966863,0.5092370582291476
Reactome: Protein Localization,4,149,0.2315682858966863,0.5092370582291476
GO BP: Positive Regulation of Cell Migration (GO:0030335),7,302,0.23190578554020327,0.5092370582291476
GO BP: Regulation of Cell Cycle (GO:0051726),7,302,0.23190578554020327,0.5092370582291476
GO BP: ATP Transport (GO:0015867),1,16,0.23363467412382302,0.5092370582291476
GO BP: Amino Sugar Metabolic Process (GO:0006040),1,16,0.23363467412382302,0.5092370582291476
GO BP: Androgen Receptor Signaling Pathway (GO:0030521),1,16,0.23363467412382302,0.5092370582291476
GO BP: Autophagosome-lysosome Fusion (GO:0061909),1,16,0.23363467412382302,0.5092370582291476
GO BP: COPII-coated Vesicle Cargo Loading (GO:0090110),1,16,0.23363467412382302,0.5092370582291476
GO BP: Cytoskeleton-dependent Intracellular Transport (GO:0030705),1,16,0.23363467412382302,0.5092370582291476
GO BP: Digestive Tract Morphogenesis (GO:0048546),1,16,0.23363467412382302,0.5092370582291476
GO BP: G Protein-Coupled Acetylcholine Receptor Signaling Pathway (GO:0007213),1,16,0.23363467412382302,0.5092370582291476
GO BP: Mesonephric Tubule Development (GO:0072164),1,16,0.23363467412382302,0.5092370582291476
GO BP: Muscle Tissue Morphogenesis (GO:0060415),1,16,0.23363467412382302,0.5092370582291476
GO BP: Myoblast Fusion (GO:0007520),1,16,0.23363467412382302,0.5092370582291476
GO BP: Negative Regulation of Muscle Cell Apoptotic Process (GO:0010656),1,16,0.23363467412382302,0.5092370582291476
GO BP: Negative Regulation of Myoblast Differentiation (GO:0045662),1,16,0.23363467412382302,0.5092370582291476
GO BP: Nuclear Migration (GO:0007097),1,16,0.23363467412382302,0.5092370582291476
GO BP: Positive Regulation of Cardiac Muscle Tissue Growth (GO:0055023),1,16,0.23363467412382302,0.5092370582291476
GO BP: Positive Regulation of Cholesterol Metabolic Process (GO:0090205),1,16,0.23363467412382302,0.5092370582291476
GO BP: Positive Regulation of Collagen Metabolic Process (GO:0010714),1,16,0.23363467412382302,0.5092370582291476
GO BP: Positive Regulation of Leukocyte Activation (GO:0002696),1,16,0.23363467412382302,0.5092370582291476
GO BP: Positive Regulation of Macrophage Activation (GO:0043032),1,16,0.23363467412382302,0.5092370582291476
GO BP: Positive Regulation of Mitophagy (GO:1901526),1,16,0.23363467412382302,0.5092370582291476
GO BP: Positive Regulation of T Cell Cytokine Production (GO:0002726),1,16,0.23363467412382302,0.5092370582291476
GO BP: Positive Regulation of Transmembrane Transport (GO:0034764),1,16,0.23363467412382302,0.5092370582291476
GO BP: Positive Regulation of Viral Life Cycle (GO:1903902),1,16,0.23363467412382302,0.5092370582291476
GO BP: Protein Insertion Into Mitochondrial Inner Membrane (GO:0045039),1,16,0.23363467412382302,0.5092370582291476
GO BP: Protein Localization to Endoplasmic Reticulum (GO:0070972),1,16,0.23363467412382302,0.5092370582291476
GO BP: Regulation of Calcium Ion Import (GO:0090279),1,16,0.23363467412382302,0.5092370582291476
GO BP: Regulation of Carbohydrate Metabolic Process (GO:0006109),1,16,0.23363467412382302,0.5092370582291476
GO BP: Regulation of Epithelial Cell Differentiation (GO:0030856),1,16,0.23363467412382302,0.5092370582291476
GO BP: Regulation of Lipopolysaccharide-Mediated Signaling Pathway (GO:0031664),1,16,0.23363467412382302,0.5092370582291476
GO BP: Regulation of Mitochondrial Membrane Permeability (GO:0046902),1,16,0.23363467412382302,0.5092370582291476
GO BP: Regulation of Steroid Biosynthetic Process (GO:0050810),1,16,0.23363467412382302,0.5092370582291476
GO BP: Regulation of Triglyceride Biosynthetic Process (GO:0010866),1,16,0.23363467412382302,0.5092370582291476
GO BP: Stress-activated Protein Kinase Signaling Cascade (GO:0031098),1,16,0.23363467412382302,0.5092370582291476
GO BP: Striated Muscle Cell Differentiation (GO:0051146),1,16,0.23363467412382302,0.5092370582291476
GO BP: Sulfur Amino Acid Metabolic Process (GO:0000096),1,16,0.23363467412382302,0.5092370582291476
GO BP: Transcription Initiation at RNA Polymerase I Promoter (GO:0006361),1,16,0.23363467412382302,0.5092370582291476
GO BP: Triglyceride Biosynthetic Process (GO:0019432),1,16,0.23363467412382302,0.5092370582291476
GO BP: Xenobiotic Catabolic Process (GO:0042178),1,16,0.23363467412382302,0.5092370582291476
Reactome: Hyaluronan Metabolism,1,16,0.23363467412382302,0.5092370582291476
Reactome: Plasma Lipoprotein Assembly,1,16,0.23363467412382302,0.5092370582291476
Reactome: Pre-NOTCH Processing in Golgi,1,16,0.23363467412382302,0.5092370582291476
Reactome: RA Biosynthesis Pathway,1,16,0.23363467412382302,0.5092370582291476
Reactome: Regulation of TLR by Endogenous Ligand,1,16,0.23363467412382302,0.5092370582291476
Reactome: Signaling by Cytosolic FGFR1 Fusion Mutants,1,16,0.23363467412382302,0.5092370582291476
GO BP: Positive Regulation of Protein Modification Process (GO:0031401),2,56,0.23570032516224257,0.5118436950478958
Reactome: NRAGE Signals Death Through JNK,2,56,0.23570032516224257,0.5118436950478958
Reactome: Signaling by PDGF,2,56,0.23570032516224257,0.5118436950478958
Reactome: Transcriptional Regulation by MECP2,2,56,0.23570032516224257,0.5118436950478958
Reactome: Toll Like Receptor 9 (TLR9) Cascade,3,102,0.23689484130169977,0.5139635543080197
Reactome: Transcriptional Regulation by RUNX2,3,103,0.24128377827806208,0.5144164689901402
GO BP: Anterior/posterior Pattern Specification (GO:0009952),2,57,0.24181057558341276,0.5144164689901402
GO BP: Fatty Acid Biosynthetic Process (GO:0006633),2,57,0.24181057558341276,0.5144164689901402
GO BP: Regulation of Bone Mineralization (GO:0030500),2,57,0.24181057558341276,0.5144164689901402
GO BP: Regulation of Signal Transduction by P53 Class Mediator (GO:1901796),2,57,0.24181057558341276,0.5144164689901402
Reactome: Protein Ubiquitination,2,57,0.24181057558341276,0.5144164689901402
Reactome: rRNA Modification in the Nucleus and Cytosol,2,57,0.24181057558341276,0.5144164689901402
GO BP: Axon Guidance (GO:0007411),4,152,0.24221225661210347,0.5144164689901402
Reactome: PIP3 Activates AKT Signaling,6,254,0.24251619058966248,0.5144164689901402
GO BP: Regulation of Wnt Signaling Pathway (GO:0030111),3,104,0.24568622600527515,0.5144164689901402
GO BP: Deadenylation-dependent Decapping of Nuclear-Transcribed mRNA (GO:0000290),1,17,0.24628180142391162,0.5144164689901402
GO BP: Embryo Development Ending in Birth or Egg Hatching (GO:0009792),1,17,0.24628180142391162,0.5144164689901402
GO BP: Gastrulation (GO:0007369),1,17,0.24628180142391162,0.5144164689901402
GO BP: Glycerolipid Catabolic Process (GO:0046503),1,17,0.24628180142391162,0.5144164689901402
GO BP: Glycolipid Metabolic Process (GO:0006664),1,17,0.24628180142391162,0.5144164689901402
GO BP: Intraciliary Anterograde Transport (GO:0035720),1,17,0.24628180142391162,0.5144164689901402
GO BP: Lipopolysaccharide-mediated Signaling Pathway (GO:0031663),1,17,0.24628180142391162,0.5144164689901402
GO BP: Maintenance of Protein Localization in Organelle (GO:0072595),1,17,0.24628180142391162,0.5144164689901402
GO BP: Maturation of 5.8S rRNA (GO:0000460),1,17,0.24628180142391162,0.5144164689901402
GO BP: Negative Regulation of Endoplasmic Reticulum Unfolded Protein Response (GO:1900102),1,17,0.24628180142391162,0.5144164689901402
GO BP: Negative Regulation of Translational Initiation (GO:0045947),1,17,0.24628180142391162,0.5144164689901402
GO BP: Non-proteinogenic Amino Acid Metabolic Process (GO:0170041),1,17,0.24628180142391162,0.5144164689901402
GO BP: Nucleoside Phosphate Catabolic Process (GO:1901292),1,17,0.24628180142391162,0.5144164689901402
GO BP: Platelet-derived Growth Factor Receptor Signaling Pathway (GO:0048008),1,17,0.24628180142391162,0.5144164689901402
GO BP: Positive Regulation of Alcohol Biosynthetic Process (GO:1902932),1,17,0.24628180142391162,0.5144164689901402
GO BP: Positive Regulation of Glial Cell Differentiation (GO:0045687),1,17,0.24628180142391162,0.5144164689901402
GO BP: Positive Regulation of Rac Protein Signal Transduction (GO:0035022),1,17,0.24628180142391162,0.5144164689901402
GO BP: Positive Regulation of Smooth Muscle Cell Migration (GO:0014911),1,17,0.24628180142391162,0.5144164689901402
GO BP: Regulation of Feeding Behavior (GO:0060259),1,17,0.24628180142391162,0.5144164689901402
GO BP: Regulation of Vacuole Organization (GO:0044088),1,17,0.24628180142391162,0.5144164689901402
GO BP: Response to Fatty Acid (GO:0070542),1,17,0.24628180142391162,0.5144164689901402
GO BP: Response to Fibroblast Growth Factor (GO:0071774),1,17,0.24628180142391162,0.5144164689901402
GO BP: Signaling Receptor Ligand Precursor Processing (GO:0140448),1,17,0.24628180142391162,0.5144164689901402
Reactome: Attachment and Entry 9694614,1,17,0.24628180142391162,0.5144164689901402
Reactome: FGFR1 Ligand Binding and Activation,1,17,0.24628180142391162,0.5144164689901402
Reactome: Mitochondrial tRNA Aminoacylation,1,17,0.24628180142391162,0.5144164689901402
Reactome: Nicotinamide Salvaging,1,17,0.24628180142391162,0.5144164689901402
Reactome: PI-3K Cascade FGFR3,1,17,0.24628180142391162,0.5144164689901402
Reactome: SHC-mediated Cascade FGFR3,1,17,0.24628180142391162,0.5144164689901402
Reactome: Signaling by FGFR2 IIIa TM,1,17,0.24628180142391162,0.5144164689901402
Reactome: Signaling by NODAL,1,17,0.24628180142391162,0.5144164689901402
Reactome: Vitamin B5 (Pantothenate) Metabolism,1,17,0.24628180142391162,0.5144164689901402
GO BP: Intracellular Monoatomic Cation Homeostasis (GO:0030003),5,204,0.24715372357496687,0.515567269641782
GO BP: Glycerophospholipid Metabolic Process (GO:0006650),2,58,0.247927845894009,0.515567269641782
GO BP: Myeloid Cell Differentiation (GO:0030099),2,58,0.247927845894009,0.515567269641782
GO BP: Response to Molecule of Bacterial Origin (GO:0002237),2,58,0.247927845894009,0.515567269641782
Reactome: RNA Polymerase II Transcription Termination,2,58,0.247927845894009,0.515567269641782
GO BP: Golgi Organization (GO:0007030),3,105,0.25010138052435954,0.5196281109923586
Hallmark: Interferon Gamma Response,4,155,0.2529657886516676,0.523670956593257
GO BP: Microtubule Cytoskeleton Organization Involved in Mitosis (GO:1902850),2,59,0.2540502524159292,0.523670956593257
Reactome: Meiosis,2,59,0.2540502524159292,0.523670956593257
"GO BP: MRNA Splicing, via Spliceosome (GO:0000398)",5,207,0.25643522067958596,0.523670956593257
GO BP: Glycoprotein Biosynthetic Process (GO:0009101),4,156,0.25657262466312475,0.523670956593257
GO BP: Aorta Morphogenesis (GO:0035909),1,18,0.2587210376032107,0.523670956593257
GO BP: Establishment of Protein Localization to Vacuole (GO:0072666),1,18,0.2587210376032107,0.523670956593257
GO BP: Intracellular Monoatomic Ion Homeostasis (GO:0006873),1,18,0.2587210376032107,0.523670956593257
GO BP: Maintenance of Protein Location in Nucleus (GO:0051457),1,18,0.2587210376032107,0.523670956593257
GO BP: Mesenchyme Development (GO:0060485),1,18,0.2587210376032107,0.523670956593257
GO BP: Muscle Cell Development (GO:0055001),1,18,0.2587210376032107,0.523670956593257
GO BP: Negative Regulation of Fatty Acid Metabolic Process (GO:0045922),1,18,0.2587210376032107,0.523670956593257
GO BP: Neural Tube Development (GO:0021915),1,18,0.2587210376032107,0.523670956593257
GO BP: Neuromuscular Junction Development (GO:0007528),1,18,0.2587210376032107,0.523670956593257
GO BP: Peripheral Nervous System Development (GO:0007422),1,18,0.2587210376032107,0.523670956593257
GO BP: Positive Regulation of Fatty Acid Metabolic Process (GO:0045923),1,18,0.2587210376032107,0.523670956593257
GO BP: Positive Regulation of Muscle Hypertrophy (GO:0014742),1,18,0.2587210376032107,0.523670956593257
GO BP: Positive Regulation of Sprouting Angiogenesis (GO:1903672),1,18,0.2587210376032107,0.523670956593257
GO BP: Protein Branched Polyubiquitination (GO:0141198),1,18,0.2587210376032107,0.523670956593257
GO BP: Protein Insertion Into Membrane (GO:0051205),1,18,0.2587210376032107,0.523670956593257
GO BP: Regulation of Collagen Biosynthetic Process (GO:0032965),1,18,0.2587210376032107,0.523670956593257
GO BP: Regulation of D-glucose Transmembrane Transport (GO:0010827),1,18,0.2587210376032107,0.523670956593257
GO BP: Sphingomyelin Metabolic Process (GO:0006684),1,18,0.2587210376032107,0.523670956593257
GO BP: Type I Interferon-Mediated Signaling Pathway (GO:0060337),1,18,0.2587210376032107,0.523670956593257
Reactome: Deadenylation of mRNA,1,18,0.2587210376032107,0.523670956593257
Reactome: Diseases of Hemostasis,1,18,0.2587210376032107,0.523670956593257
Reactome: PI-3K Cascade FGFR4,1,18,0.2587210376032107,0.523670956593257
Reactome: Processing of Intronless Pre-mRNAs,1,18,0.2587210376032107,0.523670956593257
Reactome: SHC-mediated Cascade FGFR4,1,18,0.2587210376032107,0.523670956593257
Reactome: Signaling by PDGFR in Disease,1,18,0.2587210376032107,0.523670956593257
Reactome: Organelle Biogenesis and Maintenance,6,260,0.25898914559164404,0.5237632720985653
GO BP: Cell Surface Receptor Signaling Pathway via JAK-STAT (GO:0007259),2,60,0.260175971187254,0.5243895902842837
GO BP: Positive Regulation of Type I Interferon Production (GO:0032481),2,60,0.260175971187254,0.5243895902842837
GO BP: Pos Reg Phosphatidylinositol 3-Kinase/Protein Kinase B Signal Transduction (GO:0051897),4,157,0.2601899071588969,0.5243895902842837
Reactome: Toll-like Receptor Cascades,4,157,0.2601899071588969,0.5243895902842837
GO BP: Gene Expression (GO:0010467),6,261,0.2617639787071507,0.5253953223021757
GO BP: Regulation of Phosphatidylinositol 3-Kinase/Protein Kinase B Signal Transduction (GO:0051896),5,209,0.2626699297879368,0.5253953223021757
GO BP: Axon Development (GO:0061564),3,108,0.2634151813397901,0.5253953223021757
GO BP: Positive Regulation of Epithelial Cell Proliferation (GO:0050679),3,108,0.2634151813397901,0.5253953223021757
GO BP: Mitotic Cytokinesis (GO:0000281),2,61,0.2663032365187855,0.5253953223021757
GO BP: Positive Regulation of Organelle Assembly (GO:1902117),2,61,0.2663032365187855,0.5253953223021757
Reactome: MAP Kinase Activation,2,61,0.2663032365187855,0.5253953223021757
Reactome: PKR-mediated Signaling,2,61,0.2663032365187855,0.5253953223021757
Reactome: Diseases of Signal Transduction by Growth Factor Receptors and Second Messengers,9,426,0.27092509379655183,0.5253953223021757
"GO BP: Alternative mRNA Splicing, via Spliceosome (GO:0000380)",1,19,0.27095578643791046,0.5253953223021757
GO BP: Cellular Response to Interleukin-6 (GO:0071354),1,19,0.27095578643791046,0.5253953223021757
GO BP: Embryonic Digestive Tract Development (GO:0048566),1,19,0.27095578643791046,0.5253953223021757
GO BP: Endoplasmic Reticulum Calcium Ion Homeostasis (GO:0032469),1,19,0.27095578643791046,0.5253953223021757
GO BP: Endoplasmic Reticulum Tubular Network Organization (GO:0071786),1,19,0.27095578643791046,0.5253953223021757
GO BP: Energy Reserve Metabolic Process (GO:0006112),1,19,0.27095578643791046,0.5253953223021757
GO BP: Epithelial Cell Migration (GO:0010631),1,19,0.27095578643791046,0.5253953223021757
GO BP: Import Into Cell (GO:0098657),1,19,0.27095578643791046,0.5253953223021757
GO BP: Intracellular Protein Transmembrane Transport (GO:0065002),1,19,0.27095578643791046,0.5253953223021757
GO BP: MRNA Methylguanosine-Cap Decapping (GO:0110156),1,19,0.27095578643791046,0.5253953223021757
GO BP: Negative Regulation of Biomineral Tissue Development (GO:0070168),1,19,0.27095578643791046,0.5253953223021757
GO BP: Nucleoside Phosphate Biosynthetic Process (GO:1901293),1,19,0.27095578643791046,0.5253953223021757
GO BP: Phosphatidylserine Metabolic Process (GO:0006658),1,19,0.27095578643791046,0.5253953223021757
GO BP: Positive Regulation of Stem Cell Differentiation (GO:2000738),1,19,0.27095578643791046,0.5253953223021757
GO BP: Protein Heterooligomerization (GO:0051291),1,19,0.27095578643791046,0.5253953223021757
GO BP: Protein Localization to Microtubule Organizing Center (GO:1905508),1,19,0.27095578643791046,0.5253953223021757
GO BP: Protein Targeting to ER (GO:0045047),1,19,0.27095578643791046,0.5253953223021757
GO BP: Regulation of ER to Golgi Vesicle-Mediated Transport (GO:0060628),1,19,0.27095578643791046,0.5253953223021757
GO BP: Regulation of Epidermal Cell Differentiation (GO:0045604),1,19,0.27095578643791046,0.5253953223021757
GO BP: Regulation of Smooth Muscle Cell Migration (GO:0014910),1,19,0.27095578643791046,0.5253953223021757
GO BP: Regulation of Steroid Metabolic Process (GO:0019218),1,19,0.27095578643791046,0.5253953223021757
GO BP: Steroid Biosynthetic Process (GO:0006694),1,19,0.27095578643791046,0.5253953223021757
GO BP: Ureteric Bud Development (GO:0001657),1,19,0.27095578643791046,0.5253953223021757
Reactome: CD28 Dependent PI3K Akt Signaling,1,19,0.27095578643791046,0.5253953223021757
Reactome: Defective B3GALT6 Causes EDSP2 and SEMDJL1,1,19,0.27095578643791046,0.5253953223021757
Reactome: Defective B3GAT3 Causes JDSSDHD,1,19,0.27095578643791046,0.5253953223021757
"Reactome: Defective B4GALT7 Causes EDS, Progeroid Type",1,19,0.27095578643791046,0.5253953223021757
Reactome: FRS-mediated FGFR3 Signaling,1,19,0.27095578643791046,0.5253953223021757
Reactome: Growth Hormone Receptor Signaling,1,19,0.27095578643791046,0.5253953223021757
Reactome: Interleukin-6 Family Signaling,1,19,0.27095578643791046,0.5253953223021757
Reactome: NPAS4 Regulates Expression of Target Genes,1,19,0.27095578643791046,0.5253953223021757
Reactome: Post-chaperonin Tubulin Folding Pathway,1,19,0.27095578643791046,0.5253953223021757
Reactome: RHO GTPases Activate PAKs,1,19,0.27095578643791046,0.5253953223021757
Reactome: RNA Polymerase III Transcription Termination,1,19,0.27095578643791046,0.5253953223021757
Reactome: Receptor-type Tyrosine-Protein Phosphatases,1,19,0.27095578643791046,0.5253953223021757
Reactome: Signaling by KIT in Disease,1,19,0.27095578643791046,0.5253953223021757
"Reactome: Signaling by Phosphorylated Juxtamembrane, Extracellular and Kinase Domain KIT Mutants",1,19,0.27095578643791046,0.5253953223021757
GO BP: Regulation of Stem Cell Population Maintenance (GO:2000036),2,62,0.2724303395816373,0.5273857067230051
Reactome: Semaphorin Interactions,2,62,0.2724303395816373,0.5273857067230051
GO BP: Regulation of Response to External Stimulus (GO:0032101),3,111,0.27681528192134236,0.5308024212307
GO BP: Transforming Growth Factor Beta Receptor Superfamily Signaling Pathway (GO:0141091),3,111,0.27681528192134236,0.5308024212307
Reactome: ESR-mediated Signaling,4,162,0.2784181546960143,0.5308024212307
GO BP: Ras Protein Signal Transduction (GO:0007265),2,63,0.2785556270252546,0.5308024212307
"GO BP: Regulation of Alternative mRNA Splicing, via Spliceosome (GO:0000381)",2,63,0.2785556270252546,0.5308024212307
GO BP: Response to Tumor Necrosis Factor (GO:0034612),2,63,0.2785556270252546,0.5308024212307
GO BP: Double-strand Break Repair via Homologous Recombination (GO:0000724),3,112,0.2812976473848663,0.5308024212307
GO BP: Negative Regulation of Cell Growth (GO:0030308),3,112,0.2812976473848663,0.5308024212307
Reactome: Metabolism of Water-Soluble Vitamins and Cofactors,3,112,0.2812976473848663,0.5308024212307
GO BP: Acute Inflammatory Response (GO:0002526),1,20,0.28298939619563657,0.5308024212307
GO BP: Acylglycerol Biosynthetic Process (GO:0046463),1,20,0.28298939619563657,0.5308024212307
GO BP: Aromatic Amino Acid Family Catabolic Process (GO:0009074),1,20,0.28298939619563657,0.5308024212307
GO BP: Extracellular Matrix Assembly (GO:0085029),1,20,0.28298939619563657,0.5308024212307
GO BP: Maturation of LSU-rRNA Fm Tricistronic rRNA Trans (GO:0000463),1,20,0.28298939619563657,0.5308024212307
GO BP: Mitochondrion Transport Along Microtubule (GO:0047497),1,20,0.28298939619563657,0.5308024212307
GO BP: Negative Regulation of Interleukin-1 Production (GO:0032692),1,20,0.28298939619563657,0.5308024212307
GO BP: Negative Regulation of Type II Interferon Production (GO:0032689),1,20,0.28298939619563657,0.5308024212307
GO BP: Positive Regulation of Cardiac Muscle Hypertrophy (GO:0010613),1,20,0.28298939619563657,0.5308024212307
GO BP: Positive Regulation of Defense Response to Virus by Host (GO:0002230),1,20,0.28298939619563657,0.5308024212307
GO BP: Positive Regulation of G2/M Transition of Mitotic Cell Cycle (GO:0010971),1,20,0.28298939619563657,0.5308024212307
GO BP: Positive Regulation of Heart Contraction (GO:0045823),1,20,0.28298939619563657,0.5308024212307
GO BP: Positive Regulation of Interferon-Alpha Production (GO:0032727),1,20,0.28298939619563657,0.5308024212307
GO BP: Positive Regulation of Nervous System Process (GO:0031646),1,20,0.28298939619563657,0.5308024212307
GO BP: Positive Regulation of T Cell Migration (GO:2000406),1,20,0.28298939619563657,0.5308024212307
GO BP: Regulation of Cardiac Muscle Cell Proliferation (GO:0060043),1,20,0.28298939619563657,0.5308024212307
GO BP: Regulation of Fibroblast Migration (GO:0010762),1,20,0.28298939619563657,0.5308024212307
GO BP: Regulation of Meiotic Cell Cycle (GO:0051445),1,20,0.28298939619563657,0.5308024212307
GO BP: Regulation of Mitochondrial Translation (GO:0070129),1,20,0.28298939619563657,0.5308024212307
Reactome: Acyl Chain Remodelling of PS,1,20,0.28298939619563657,0.5308024212307
Reactome: ER Quality Control Compartment (ERQC),1,20,0.28298939619563657,0.5308024212307
Reactome: FRS-mediated FGFR4 Signaling,1,20,0.28298939619563657,0.5308024212307
Reactome: Mitochondrial Calcium Ion Transport,1,20,0.28298939619563657,0.5308024212307
Reactome: PI-3K Cascade FGFR1,1,20,0.28298939619563657,0.5308024212307
Reactome: Regulation of FZD by Ubiquitination,1,20,0.28298939619563657,0.5308024212307
Reactome: SHC-mediated Cascade FGFR1,1,20,0.28298939619563657,0.5308024212307
Reactome: SHC1 Events in ERBB2 Signaling,1,20,0.28298939619563657,0.5308024212307
Reactome: Signaling by ERBB2 TMD JMD Mutants,1,20,0.28298939619563657,0.5308024212307
Reactome: The Canonical Retinoid Cycle in Rods (Twilight Vision),1,20,0.28298939619563657,0.5308024212307
Reactome: VxPx Cargo-Targeting to Cilium,1,20,0.28298939619563657,0.5308024212307
GO BP: Positive Regulation of Interleukin-6 Production (GO:0032755),2,64,0.2846774996252424,0.5326954166278384
GO BP: Steroid Metabolic Process (GO:0008202),2,64,0.2846774996252424,0.5326954166278384
Reactome: Interferon Gamma Signaling,2,64,0.2846774996252424,0.5326954166278384
Reactome: Platelet Degranulation,3,113,0.28578662339202127,0.5343460774144703
GO BP: Cellular Response to Reactive Oxygen Species (GO:0034614),2,65,0.2907944109604194,0.5400921617932106
GO BP: Kidney Development (GO:0001822),2,65,0.2907944109604194,0.5400921617932106
GO BP: Regulation of Transcription Initiation by RNA Polymerase II (GO:0060260),2,65,0.2907944109604194,0.5400921617932106
GO BP: Spliceosomal snRNP Assembly (GO:0000387),2,65,0.2907944109604194,0.5400921617932106
Reactome: Translocation of SLC2A4 (GLUT4) to the Plasma Membrane,2,65,0.2907944109604194,0.5400921617932106
GO BP: Apoptotic Cell Clearance (GO:0043277),1,21,0.29482516053707547,0.5400921617932106
GO BP: Fc-epsilon Receptor Signaling Pathway (GO:0038095),1,21,0.29482516053707547,0.5400921617932106
GO BP: Leukocyte Adhesion to Vascular Endothelial Cell (GO:0061756),1,21,0.29482516053707547,0.5400921617932106
GO BP: Long-chain Fatty Acid Transport (GO:0015909),1,21,0.29482516053707547,0.5400921617932106
GO BP: Long-term Memory (GO:0007616),1,21,0.29482516053707547,0.5400921617932106
"GO BP: Negative Regulation of DNA-templated Transcription, Elongation (GO:0032785)",1,21,0.29482516053707547,0.5400921617932106
GO BP: Nucleic Acid Metabolic Process (GO:0090304),1,21,0.29482516053707547,0.5400921617932106
GO BP: Positive Regulation of Cholesterol Efflux (GO:0010875),1,21,0.29482516053707547,0.5400921617932106
GO BP: Positive Regulation of Lipid Catabolic Process (GO:0050996),1,21,0.29482516053707547,0.5400921617932106
GO BP: Receptor Metabolic Process (GO:0043112),1,21,0.29482516053707547,0.5400921617932106
GO BP: Regulation of Protein Export From Nucleus (GO:0046825),1,21,0.29482516053707547,0.5400921617932106
GO BP: Regulation of T Cell Migration (GO:2000404),1,21,0.29482516053707547,0.5400921617932106
GO BP: Renal Absorption (GO:0070293),1,21,0.29482516053707547,0.5400921617932106
GO BP: TRNA Aminoacylation for Protein Translation (GO:0006418),1,21,0.29482516053707547,0.5400921617932106
GO BP: Triglyceride Catabolic Process (GO:0019433),1,21,0.29482516053707547,0.5400921617932106
Reactome: Caspase Activation via Extrinsic Apoptotic Signalling Pathway,1,21,0.29482516053707547,0.5400921617932106
Reactome: Interleukin-20 Family Signaling,1,21,0.29482516053707547,0.5400921617932106
Reactome: Mitochondrial RNA Degradation,1,21,0.29482516053707547,0.5400921617932106
Reactome: Other Interleukin Signaling,1,21,0.29482516053707547,0.5400921617932106
Reactome: RHO GTPases Activate NADPH Oxidases,1,21,0.29482516053707547,0.5400921617932106
Reactome: Signaling by FGFR3 in Disease,1,21,0.29482516053707547,0.5400921617932106
GO BP: Cell Surface Receptor Signaling Pathway via STAT (GO:0097696),2,66,0.2969048661184838,0.5426351357476016
GO BP: Monocarboxylic Acid Transport (GO:0015718),2,66,0.2969048661184838,0.5426351357476016
GO BP: Positive Regulation of Protein Ubiquitination (GO:0031398),2,66,0.2969048661184838,0.5426351357476016
Reactome: Aerobic Respiration and Respiratory Electron Transport,5,220,0.29753057790228193,0.5433568505678601
GO BP: Macromolecule Modification (GO:0043412),2,67,0.3030074204297314,0.5469459559322881
GO BP: Positive Regulation of Protein Transport (GO:0051222),2,67,0.3030074204297314,0.5469459559322881
"Reactome: Plasma Lipoprotein Assembly, Remodeling, and Clearance",2,67,0.3030074204297314,0.5469459559322881
GO BP: MRNA Metabolic Process (GO:0016071),3,117,0.3037944133862862,0.5469459559322881
GO BP: Antibacterial Humoral Response (GO:0019731),1,22,0.3064663194030111,0.5469459559322881
GO BP: Cellular Response to Acetylcholine (GO:1905145),1,22,0.3064663194030111,0.5469459559322881
GO BP: Cholesterol Efflux (GO:0033344),1,22,0.3064663194030111,0.5469459559322881
GO BP: Ear Morphogenesis (GO:0042471),1,22,0.3064663194030111,0.5469459559322881
GO BP: Eye Morphogenesis (GO:0048592),1,22,0.3064663194030111,0.5469459559322881
GO BP: Fc Receptor Mediated Stimulatory Signaling Pathway (GO:0002431),1,22,0.3064663194030111,0.5469459559322881
GO BP: Iron Ion Transport (GO:0006826),1,22,0.3064663194030111,0.5469459559322881
GO BP: Mitochondrial Respiratory Chain Complex IV Assembly (GO:0033617),1,22,0.3064663194030111,0.5469459559322881
GO BP: Negative Regulation of Intrinsic Apoptotic Signaling Pathway in Response to DNA Damage (GO:1902230),1,22,0.3064663194030111,0.5469459559322881
GO BP: Negative Regulation of Receptor-Mediated Endocytosis (GO:0048261),1,22,0.3064663194030111,0.5469459559322881
GO BP: Positive Regulation of Cell Cycle G2/M Phase Transition (GO:1902751),1,22,0.3064663194030111,0.5469459559322881
GO BP: Positive Regulation of Erythrocyte Differentiation (GO:0045648),1,22,0.3064663194030111,0.5469459559322881
GO BP: Positive Regulation of Vascular Associated Smooth Muscle Cell Proliferation (GO:1904707),1,22,0.3064663194030111,0.5469459559322881
GO BP: Protein Localization to Centrosome (GO:0071539),1,22,0.3064663194030111,0.5469459559322881
GO BP: Regulation of Autophagy of Mitochondrion (GO:1903146),1,22,0.3064663194030111,0.5469459559322881
GO BP: Regulation of Cardiac Conduction (GO:1903779),1,22,0.3064663194030111,0.5469459559322881
GO BP: Regulation of Cholesterol Transport (GO:0032374),1,22,0.3064663194030111,0.5469459559322881
GO BP: Regulation of ERAD Pathway (GO:1904292),1,22,0.3064663194030111,0.5469459559322881
GO BP: Regulation of Monocyte Chemotaxis (GO:0090025),1,22,0.3064663194030111,0.5469459559322881
GO BP: Transcription Initiation at RNA Polymerase III Promoter (GO:0006384),1,22,0.3064663194030111,0.5469459559322881
GO BP: Transcription by RNA Polymerase I (GO:0006360),1,22,0.3064663194030111,0.5469459559322881
Reactome: Activated TAK1 Mediates P38 MAPK Activation,1,22,0.3064663194030111,0.5469459559322881
Reactome: Endogenous Sterols,1,22,0.3064663194030111,0.5469459559322881
Reactome: FRS-mediated FGFR1 Signaling,1,22,0.3064663194030111,0.5469459559322881
Reactome: NOTCH3 Activation and Transmission of Signal to the Nucleus,1,22,0.3064663194030111,0.5469459559322881
Reactome: Respiratory Syncytial Virus (RSV) Attachment and Entry,1,22,0.3064663194030111,0.5469459559322881
GO BP: Protein Polyubiquitination (GO:0000209),5,223,0.30717544153762055,0.5477962040754234
GO BP: Double-strand Break Repair (GO:0006302),4,170,0.30797416560367213,0.5485653868750614
GO BP: Regulation of Neuron Apoptotic Process (GO:0043523),3,118,0.30830586526580556,0.5485653868750614
Reactome: Response to Elevated Platelet Cytosolic Ca2+,3,118,0.30830586526580556,0.5485653868750614
Reactome: RHOB GTPase Cycle,2,68,0.3091006782282515,0.5495641967895045
GO BP: Regulation of Interleukin-8 Production (GO:0032677),2,69,0.31518329164004427,0.5564121970067135
GO BP: Carbohydrate Derivative Transport (GO:1901264),1,23,0.31791605988701344,0.5564121970067135
GO BP: Cardiac Muscle Cell Development (GO:0055013),1,23,0.31791605988701344,0.5564121970067135
GO BP: Dendritic Cell Differentiation (GO:0097028),1,23,0.31791605988701344,0.5564121970067135
GO BP: Membrane Fusion (GO:0061025),1,23,0.31791605988701344,0.5564121970067135
GO BP: Negative Regulation of Cilium Assembly (GO:1902018),1,23,0.31791605988701344,0.5564121970067135
GO BP: Negative Regulation of miRNA Transcription (GO:1902894),1,23,0.31791605988701344,0.5564121970067135
GO BP: Phosphatidylinositol-mediated Signaling (GO:0048015),1,23,0.31791605988701344,0.5564121970067135
GO BP: Porphyrin-containing Compound Biosynthetic Process (GO:0006779),1,23,0.31791605988701344,0.5564121970067135
GO BP: Protein Export From Nucleus (GO:0006611),1,23,0.31791605988701344,0.5564121970067135
GO BP: Purine Ribonucleotide Transport (GO:0015868),1,23,0.31791605988701344,0.5564121970067135
GO BP: Zinc Ion Transmembrane Transport (GO:0071577),1,23,0.31791605988701344,0.5564121970067135
Reactome: Estrogen-dependent Nuclear Events Downstream of ESR-membrane Signaling,1,23,0.31791605988701344,0.5564121970067135
Reactome: HS-GAG Degradation,1,23,0.31791605988701344,0.5564121970067135
Reactome: Inactivation of CSF3 (G-CSF) Signaling,1,23,0.31791605988701344,0.5564121970067135
Reactome: Insulin Processing,1,23,0.31791605988701344,0.5564121970067135
Reactome: Metabolism of Cofactors,1,23,0.31791605988701344,0.5564121970067135
Reactome: Metal Ion SLC Transporters,1,23,0.31791605988701344,0.5564121970067135
Reactome: NOTCH3 Intracellular Domain Regulates Transcription,1,23,0.31791605988701344,0.5564121970067135
Reactome: RNA Polymerase III Transcription Initiation From Type 2 Promoter,1,23,0.31791605988701344,0.5564121970067135
Reactome: Signaling by ERBB2 KD Mutants,1,23,0.31791605988701344,0.5564121970067135
GO BP: Positive Regulation of Intracellular Protein Transport (GO:0090316),2,70,0.321253959397517,0.5605869684371795
Reactome: Interleukin-17 Signaling,2,70,0.321253959397517,0.5605869684371795
Reactome: Signaling by FGFR2,2,70,0.321253959397517,0.5605869684371795
Reactome: Transport of Mature Transcript to Cytoplasm,2,70,0.321253959397517,0.5605869684371795
GO BP: Organelle Organization (GO:0006996),8,394,0.32489807956251415,0.5627333879733368
GO BP: Monoatomic Cation Homeostasis (GO:0055080),2,71,0.32731142567981963,0.5627333879733368
GO BP: Negative Regulation of Cellular Component Organization (GO:0051129),2,71,0.32731142567981963,0.5627333879733368
Reactome: Signaling by NOTCH1,2,71,0.32731142567981963,0.5627333879733368
GO BP: Acylglycerol Homeostasis (GO:0055090),1,24,0.3291775170940038,0.5627333879733368
GO BP: Adenine Nucleotide Transport (GO:0051503),1,24,0.3291775170940038,0.5627333879733368
GO BP: Amino Acid Metabolic Process (GO:0006520),1,24,0.3291775170940038,0.5627333879733368
GO BP: Carbohydrate Derivative Catabolic Process (GO:1901136),1,24,0.3291775170940038,0.5627333879733368
GO BP: Cardiac Conduction System Development (GO:0003161),1,24,0.3291775170940038,0.5627333879733368
GO BP: Cellular Response to Xenobiotic Stimulus (GO:0071466),1,24,0.3291775170940038,0.5627333879733368
GO BP: Innate Immune Response Activating Cell Surface Receptor Signaling Pathway (GO:0002220),1,24,0.3291775170940038,0.5627333879733368
GO BP: Negative Regulation of Protein Localization to Membrane (GO:1905476),1,24,0.3291775170940038,0.5627333879733368
GO BP: Negative Regulation of miRNA Metabolic Process (GO:2000629),1,24,0.3291775170940038,0.5627333879733368
GO BP: Nucleotide-sugar Biosynthetic Process (GO:0009226),1,24,0.3291775170940038,0.5627333879733368
GO BP: Outflow Tract Septum Morphogenesis (GO:0003148),1,24,0.3291775170940038,0.5627333879733368
GO BP: Positive Regulation of Cellular Response to Transforming Growth Factor Beta Stimulus (GO:1903846),1,24,0.3291775170940038,0.5627333879733368
GO BP: Positive Regulation of Cilium Assembly (GO:0045724),1,24,0.3291775170940038,0.5627333879733368
GO BP: Positive Regulation of Transforming Growth Factor Beta Receptor Signaling Pathway (GO:0030511),1,24,0.3291775170940038,0.5627333879733368
GO BP: Regulation of Interferon-Alpha Production (GO:0032647),1,24,0.3291775170940038,0.5627333879733368
GO BP: Regulation of Muscle Cell Differentiation (GO:0051147),1,24,0.3291775170940038,0.5627333879733368
GO BP: Respiratory Chain Complex IV Assembly (GO:0008535),1,24,0.3291775170940038,0.5627333879733368
GO BP: Toll-like Receptor 4 Signaling Pathway (GO:0034142),1,24,0.3291775170940038,0.5627333879733368
GO BP: Ventricular Cardiac Muscle Tissue Development (GO:0003229),1,24,0.3291775170940038,0.5627333879733368
Reactome: Downstream Signaling of Activated FGFR3,1,24,0.3291775170940038,0.5627333879733368
Reactome: RNA Polymerase III Transcription Initiation From Type 1 Promoter,1,24,0.3291775170940038,0.5627333879733368
Reactome: RNA Polymerase III Transcription Initiation From Type 3 Promoter,1,24,0.3291775170940038,0.5627333879733368
Reactome: Signaling by ERBB2 in Cancer,1,24,0.3291775170940038,0.5627333879733368
Reactome: Sulfur Amino Acid Metabolism,1,24,0.3291775170940038,0.5627333879733368
Reactome: MITF-M-regulated Melanocyte Development,3,123,0.3308868735023062,0.565245065474912
"Reactome: Cell Death Signalling via NRAGE, NRIF and NADE",2,72,0.3333544789785017,0.5686351039966616
Reactome: RNA Polymerase II Pre-transcription Events,2,72,0.3333544789785017,0.5686351039966616
Hallmark: Inflammatory Response,4,177,0.3340898001155847,0.5692660883543162
GO BP: Response to Endoplasmic Reticulum Stress (GO:0034976),3,124,0.3354033625345337,0.5692660883543162
Reactome: Diseases of Glycosylation,3,124,0.3354033625345337,0.5692660883543162
GO BP: Cellular Response to Hormone Stimulus (GO:0032870),2,73,0.33938195098797125,0.5692660883543162
GO BP: Positive Regulation of DNA Repair (GO:0045739),2,73,0.33938195098797125,0.5692660883543162
GO BP: Positive Regulation of Immune Response (GO:0050778),2,73,0.33938195098797125,0.5692660883543162
Reactome: HCMV Early Events,2,73,0.33938195098797125,0.5692660883543162
Reactome: Phase I - Functionalization of Compounds,2,73,0.33938195098797125,0.5692660883543162
GO BP: Bile Acid and Bile Salt Transport (GO:0015721),1,25,0.34025377498492904,0.5692660883543162
GO BP: Mitochondrial Ribosome Assembly (GO:0061668),1,25,0.34025377498492904,0.5692660883543162
GO BP: Negative Regulation of Endothelial Cell Apoptotic Process (GO:2000352),1,25,0.34025377498492904,0.5692660883543162
GO BP: Negative Regulation of Non-Canonical NF-kappaB Signal Transduction (GO:1901223),1,25,0.34025377498492904,0.5692660883543162
GO BP: Negative Regulation of Protein Localization to Cell Periphery (GO:1904376),1,25,0.34025377498492904,0.5692660883543162
GO BP: Negative Regulation of Small Molecule Metabolic Process (GO:0062014),1,25,0.34025377498492904,0.5692660883543162
GO BP: Regulation of Cardiac Muscle Contraction by Calcium Ion Signaling (GO:0010882),1,25,0.34025377498492904,0.5692660883543162
GO BP: Regulation of Cholesterol Metabolic Process (GO:0090181),1,25,0.34025377498492904,0.5692660883543162
GO BP: Regulation of Double-Strand Break Repair via Nonhomologous End Joining (GO:2001032),1,25,0.34025377498492904,0.5692660883543162
GO BP: Regulation of Lipid Catabolic Process (GO:0050994),1,25,0.34025377498492904,0.5692660883543162
GO BP: Regulation of Myelination (GO:0031641),1,25,0.34025377498492904,0.5692660883543162
GO BP: Sterol Transport (GO:0015918),1,25,0.34025377498492904,0.5692660883543162
GO BP: Stress Granule Assembly (GO:0034063),1,25,0.34025377498492904,0.5692660883543162
Reactome: A Tetrasaccharide Linker Sequence Is Required for GAG Synthesis,1,25,0.34025377498492904,0.5692660883543162
Reactome: Calnexin Calreticulin Cycle,1,25,0.34025377498492904,0.5692660883543162
Reactome: Constitutive Signaling by AKT1 E17K in Cancer,1,25,0.34025377498492904,0.5692660883543162
Reactome: Downstream Signaling of Activated FGFR4,1,25,0.34025377498492904,0.5692660883543162
Reactome: Processing of Capped Intronless Pre-mRNA,1,25,0.34025377498492904,0.5692660883543162
Reactome: tRNA Aminoacylation,1,25,0.34025377498492904,0.5692660883543162
Reactome: Intracellular Signaling by Second Messengers,6,290,0.3448985393428254,0.5740193672741934
Hallmark: IL-2/STAT5 Signaling,4,180,0.3453203095319439,0.5740193672741934
GO BP: Positive Regulation of Protein Modification by Small Protein Conjugation or Removal (GO:1903322),2,74,0.3453927155202515,0.5740193672741934
GO BP: Transforming Growth Factor Beta Receptor Signaling Pathway (GO:0007179),2,74,0.3453927155202515,0.5740193672741934
GO BP: Response to Lipopolysaccharide (GO:0032496),3,127,0.34894239062213706,0.5740193672741934
Hallmark: Spermatogenesis,3,127,0.34894239062213706,0.5740193672741934
GO BP: ADP Catabolic Process (GO:0046032),1,26,0.3511478672077671,0.5740193672741934
GO BP: Cell Surface Toll-Like Receptor Signaling Pathway (GO:0140895),1,26,0.3511478672077671,0.5740193672741934
GO BP: Cytoplasmic Pattern Recognition Receptor Signaling Pathway (GO:0002753),1,26,0.3511478672077671,0.5740193672741934
GO BP: Glycolytic Process (GO:0006096),1,26,0.3511478672077671,0.5740193672741934
GO BP: In Utero Embryonic Development (GO:0001701),1,26,0.3511478672077671,0.5740193672741934
GO BP: Inner Ear Morphogenesis (GO:0042472),1,26,0.3511478672077671,0.5740193672741934
GO BP: Lymphocyte Proliferation (GO:0046651),1,26,0.3511478672077671,0.5740193672741934
GO BP: Mitochondrial Membrane Organization (GO:0007006),1,26,0.3511478672077671,0.5740193672741934
GO BP: Natural Killer Cell Activation (GO:0030101),1,26,0.3511478672077671,0.5740193672741934
GO BP: Negative Chemotaxis (GO:0050919),1,26,0.3511478672077671,0.5740193672741934
GO BP: Negative Regulation of Interleukin-6 Production (GO:0032715),1,26,0.3511478672077671,0.5740193672741934
GO BP: Negative Regulation of Protein Localization to Plasma Membrane (GO:1903077),1,26,0.3511478672077671,0.5740193672741934
GO BP: Positive Regulation of B Cell Proliferation (GO:0030890),1,26,0.3511478672077671,0.5740193672741934
GO BP: Positive Regulation of Nitric Oxide Biosynthetic Process (GO:0045429),1,26,0.3511478672077671,0.5740193672741934
GO BP: Regulation of Actin Filament Bundle Assembly (GO:0032231),1,26,0.3511478672077671,0.5740193672741934
GO BP: Regulation of Cardiac Muscle Cell Action Potential (GO:0098901),1,26,0.3511478672077671,0.5740193672741934
GO BP: Regulation of Cardiac Muscle Hypertrophy (GO:0010611),1,26,0.3511478672077671,0.5740193672741934
GO BP: Regulation of Toll-Like Receptor 4 Signaling Pathway (GO:0034143),1,26,0.3511478672077671,0.5740193672741934
Reactome: Cardiogenesis,1,26,0.3511478672077671,0.5740193672741934
Reactome: Effects of PIP2 Hydrolysis,1,26,0.3511478672077671,0.5740193672741934
"Reactome: FOXO-mediated Transcription of Oxidative Stress, Metabolic and Neuronal Genes",1,26,0.3511478672077671,0.5740193672741934
Reactome: Insulin Receptor Recycling,1,26,0.3511478672077671,0.5740193672741934
Reactome: RNA Polymerase I Transcription Termination,1,26,0.3511478672077671,0.5740193672741934
Reactome: Synthesis of Active Ubiquitin Roles of E1 and E2 Enzymes,1,26,0.3511478672077671,0.5740193672741934
Reactome: Synthesis of PC,1,26,0.3511478672077671,0.5740193672741934
Reactome: Uptake and Actions of Bacterial Toxins,1,26,0.3511478672077671,0.5740193672741934
Reactome: VEGFR2 Mediated Vascular Permeability,1,26,0.3511478672077671,0.5740193672741934
Reactome: Post-translational Modification Synthesis of GPI-anchored Proteins,2,75,0.35138568744354837,0.5740193672741934
GO BP: Protein Phosphorylation (GO:0006468),6,293,0.35369455174231323,0.5773904124836375
Reactome: Post-translational Protein Modification,23,1275,0.35663008856202666,0.5779002572673714
GO BP: Proteinogenic Amino Acid Catabolic Process (GO:0170040),2,76,0.35735982164412616,0.5779002572673714
GO BP: Regulation of Cell Division (GO:0051302),2,76,0.35735982164412616,0.5779002572673714
GO BP: Regulation of G Protein-Coupled Receptor Signaling Pathway (GO:0008277),2,76,0.35735982164412616,0.5779002572673714
GO BP: Positive Regulation of Intracellular Signal Transduction (GO:1902533),12,636,0.35757025180589797,0.5779002572673714
GO BP: Intracellular Calcium Ion Homeostasis (GO:0006874),3,129,0.3579538729310425,0.5779002572673714
Hallmark: G2-M Checkpoint,4,184,0.36030605241272,0.5779002572673714
GO BP: DNA Damage Tolerance (GO:0006301),1,27,0.361862777915083,0.5779002572673714
GO BP: Epithelial Cell Development (GO:0002064),1,27,0.361862777915083,0.5779002572673714
GO BP: Interferon-mediated Signaling Pathway (GO:0140888),1,27,0.361862777915083,0.5779002572673714
GO BP: Maturation of SSU-rRNA Fm Tricistronic rRNA Trans (GO:0000462),1,27,0.361862777915083,0.5779002572673714
GO BP: Negative Regulation of Blood Coagulation (GO:0030195),1,27,0.361862777915083,0.5779002572673714
GO BP: Negative Regulation of Cytoskeleton Organization (GO:0051494),1,27,0.361862777915083,0.5779002572673714
GO BP: Negative Regulation of Signaling (GO:0023057),1,27,0.361862777915083,0.5779002572673714
GO BP: Positive Regulation of ATP Metabolic Process (GO:1903580),1,27,0.361862777915083,0.5779002572673714
GO BP: Positive Regulation of Calcium-Mediated Signaling (GO:0050850),1,27,0.361862777915083,0.5779002572673714
GO BP: Positive Regulation of Mitotic Cell Cycle (GO:0045931),1,27,0.361862777915083,0.5779002572673714
GO BP: Positive Regulation of Response to Wounding (GO:1903036),1,27,0.361862777915083,0.5779002572673714
GO BP: Protein Insertion Into ER Membrane (GO:0045048),1,27,0.361862777915083,0.5779002572673714
GO BP: RRNA Transcription (GO:0009303),1,27,0.361862777915083,0.5779002572673714
GO BP: Regulation of Biomineral Tissue Development (GO:0070167),1,27,0.361862777915083,0.5779002572673714
GO BP: Regulation of Calcium Ion Transmembrane Transport (GO:1903169),1,27,0.361862777915083,0.5779002572673714
GO BP: Regulation of Defense Response to Virus by Host (GO:0050691),1,27,0.361862777915083,0.5779002572673714
GO BP: Regulation of Lipid Biosynthetic Process (GO:0046890),1,27,0.361862777915083,0.5779002572673714
GO BP: Regulation of Macrophage Activation (GO:0043030),1,27,0.361862777915083,0.5779002572673714
GO BP: Regulation of Transcription by RNA Polymerase III (GO:0006359),1,27,0.361862777915083,0.5779002572673714
GO BP: Striated Muscle Cell Development (GO:0055002),1,27,0.361862777915083,0.5779002572673714
Reactome: Downregulation of ERBB2 Signaling,1,27,0.361862777915083,0.5779002572673714
Reactome: EGR2 and SOX10-mediated Initiation of Schwann Cell Myelination,1,27,0.361862777915083,0.5779002572673714
Reactome: Platelet Calcium Homeostasis,1,27,0.361862777915083,0.5779002572673714
Reactome: Regulation of Complement Cascade,1,27,0.361862777915083,0.5779002572673714
Reactome: Regulation of TP53 Activity Through Acetylation,1,27,0.361862777915083,0.5779002572673714
GO BP: RNA Processing (GO:0006396),6,297,0.36544926585866966,0.5824803958843239
GO BP: Endocytic Recycling (GO:0032456),2,78,0.3692475904432448,0.5824803958843239
GO BP: L-amino Acid Catabolic Process (GO:0170035),2,78,0.3692475904432448,0.5824803958843239
Reactome: PI Metabolism,2,78,0.3692475904432448,0.5824803958843239
Reactome: Peptide Hormone Metabolism,2,78,0.3692475904432448,0.5824803958843239
Reactome: Cellular Senescence,3,132,0.37143807604422324,0.5824803958843239
Reactome: Interferon Signaling,4,187,0.37154193802215624,0.5824803958843239
GO BP: Carboxylic Acid Catabolic Process (GO:0046395),1,28,0.3724014425683549,0.5824803958843239
GO BP: Cellular Response to Hexose Stimulus (GO:0071331),1,28,0.3724014425683549,0.5824803958843239
GO BP: Diterpenoid Metabolic Process (GO:0016101),1,28,0.3724014425683549,0.5824803958843239
GO BP: Glial Cell Differentiation (GO:0010001),1,28,0.3724014425683549,0.5824803958843239
GO BP: Glycosaminoglycan Metabolic Process (GO:0030203),1,28,0.3724014425683549,0.5824803958843239
GO BP: L-amino Acid Metabolic Process (GO:0170033),1,28,0.3724014425683549,0.5824803958843239
GO BP: Mitotic G2 DNA Damage Checkpoint Signaling (GO:0007095),1,28,0.3724014425683549,0.5824803958843239
GO BP: Negative Regulation of Response to Endoplasmic Reticulum Stress (GO:1903573),1,28,0.3724014425683549,0.5824803958843239
GO BP: Positive Regulation of D-glucose Transmembrane Transport (GO:0010828),1,28,0.3724014425683549,0.5824803958843239
GO BP: Positive Regulation of Protein Import Into Nucleus (GO:0042307),1,28,0.3724014425683549,0.5824803958843239
GO BP: Regulation of Cardiac Muscle Cell Contraction (GO:0086004),1,28,0.3724014425683549,0.5824803958843239
GO BP: Regulation of Cellular Response to Growth Factor Stimulus (GO:0090287),1,28,0.3724014425683549,0.5824803958843239
GO BP: Regulation of Cyclin-Dependent Protein Serine/Threonine Kinase Activity (GO:0000079),1,28,0.3724014425683549,0.5824803958843239
GO BP: Regulation of Fatty Acid Biosynthetic Process (GO:0042304),1,28,0.3724014425683549,0.5824803958843239
GO BP: Regulation of Rac Protein Signal Transduction (GO:0035020),1,28,0.3724014425683549,0.5824803958843239
GO BP: Sphingolipid Catabolic Process (GO:0030149),1,28,0.3724014425683549,0.5824803958843239
Reactome: Citric Acid Cycle (TCA Cycle),1,28,0.3724014425683549,0.5824803958843239
Reactome: Downstream Signal Transduction,1,28,0.3724014425683549,0.5824803958843239
Reactome: MET Activates PTK2 Signaling,1,28,0.3724014425683549,0.5824803958843239
Reactome: Negative Regulation of FGFR3 Signaling,1,28,0.3724014425683549,0.5824803958843239
Reactome: PERK Regulates Gene Expression,1,28,0.3724014425683549,0.5824803958843239
Reactome: Signaling by BMP,1,28,0.3724014425683549,0.5824803958843239
Reactome: Signaling by CSF3 (G-CSF),1,28,0.3724014425683549,0.5824803958843239
Reactome: Transferrin Endocytosis and Recycling,1,28,0.3724014425683549,0.5824803958843239
GO BP: Adenylate Cyclase-Inhibiting G Protein-Coupled Receptor Signaling Pathway (GO:0007193),2,79,0.3751593258786082,0.5850465964390539
GO BP: Regulation of Endothelial Cell Proliferation (GO:0001936),2,79,0.3751593258786082,0.5850465964390539
Reactome: Mitotic Prophase,2,79,0.3751593258786082,0.5850465964390539
Reactome: Nuclear Events Mediated by NFE2L2,2,79,0.3751593258786082,0.5850465964390539
Hallmark: Epithelial Mesenchymal Transition,4,188,0.37528477511596064,0.5850465964390539
Hallmark: E2F Targets,4,189,0.3790258331516229,0.5862283191338477
GO BP: Positive Regulation of Cellular Component Biogenesis (GO:0044089),2,80,0.3810484233444236,0.5862283191338477
GO BP: Regulation of Proteasomal Protein Catabolic Process (GO:0061136),2,80,0.3810484233444236,0.5862283191338477
GO BP: Sphingolipid Biosynthetic Process (GO:0030148),2,80,0.3810484233444236,0.5862283191338477
GO BP: Synapse Assembly (GO:0007416),2,80,0.3810484233444236,0.5862283191338477
Hallmark: Myogenesis,4,190,0.38276478800251784,0.5862283191338477
GO BP: Cellular Response to Type II Interferon (GO:0071346),1,29,0.38276674872927946,0.5862283191338477
GO BP: Establishment of Mitotic Spindle Orientation (GO:0000132),1,29,0.38276674872927946,0.5862283191338477
GO BP: Golgi to Plasma Membrane Protein Transport (GO:0043001),1,29,0.38276674872927946,0.5862283191338477
GO BP: MRNA Splice Site Recognition (GO:0006376),1,29,0.38276674872927946,0.5862283191338477
GO BP: Negative Regulation of G1/S Transition of Mitotic Cell Cycle (GO:2000134),1,29,0.38276674872927946,0.5862283191338477
GO BP: Peptide Hormone Processing (GO:0016486),1,29,0.38276674872927946,0.5862283191338477
GO BP: Positive Regulation of Kinase Activity (GO:0033674),1,29,0.38276674872927946,0.5862283191338477
GO BP: Positive Regulation of Reproductive Process (GO:2000243),1,29,0.38276674872927946,0.5862283191338477
GO BP: Protein Localization to Chromatin (GO:0071168),1,29,0.38276674872927946,0.5862283191338477
GO BP: Purine Nucleotide Metabolic Process (GO:0006163),1,29,0.38276674872927946,0.5862283191338477
GO BP: Pyridine Nucleotide Catabolic Process (GO:0019364),1,29,0.38276674872927946,0.5862283191338477
GO BP: Regulation of Actin Polymerization or Depolymerization (GO:0008064),1,29,0.38276674872927946,0.5862283191338477
GO BP: Regulation of Microtubule Polymerization or Depolymerization (GO:0031110),1,29,0.38276674872927946,0.5862283191338477
GO BP: Regulation of Mitochondrial Membrane Potential (GO:0051881),1,29,0.38276674872927946,0.5862283191338477
Reactome: MAPK Targets Nuclear Events Mediated by MAP Kinases,1,29,0.38276674872927946,0.5862283191338477
Reactome: Meiotic Recombination,1,29,0.38276674872927946,0.5862283191338477
Reactome: Negative Regulation of FGFR4 Signaling,1,29,0.38276674872927946,0.5862283191338477
Reactome: Nicotinate Metabolism,1,29,0.38276674872927946,0.5862283191338477
Reactome: RUNX2 Regulates Bone Development,1,29,0.38276674872927946,0.5862283191338477
Reactome: SUMOylation of Intracellular Receptors,1,29,0.38276674872927946,0.5862283191338477
Reactome: Turbulent Flow Shear Stress Activates Signaling by PIEZO1 and Integrins in Endothelial Cells,1,29,0.38276674872927946,0.5862283191338477
Reactome: Toll Like Receptor 4 (TLR4) Cascade,3,135,0.38486986421287306,0.5890660990618356
GO BP: Cellular Response to Lipid (GO:0071396),4,191,0.3865013194907486,0.5911787563880587
GO BP: Regulation of TOR Signaling (GO:0032006),2,81,0.3869140230289319,0.591425720915653
GO BP: Regulation of Rho Protein Signal Transduction (GO:0035023),2,82,0.3927552993734596,0.5937300755566668
GO BP: Cardiac Muscle Tissue Morphogenesis (GO:0055008),1,30,0.3929615368382697,0.5937300755566668
GO BP: Cytoplasmic Translational Initiation (GO:0002183),1,30,0.3929615368382697,0.5937300755566668
GO BP: DNA-templated Transcription Termination (GO:0006353),1,30,0.3929615368382697,0.5937300755566668
GO BP: Negative Regulation of Carbohydrate Metabolic Process (GO:0045912),1,30,0.3929615368382697,0.5937300755566668
GO BP: Negative Regulation of Endocytosis (GO:0045806),1,30,0.3929615368382697,0.5937300755566668
GO BP: Positive Regulation of Myeloid Cell Differentiation (GO:0045639),1,30,0.3929615368382697,0.5937300755566668
GO BP: Positive Regulation of Protein Localization to Mitochondrion (GO:1903749),1,30,0.3929615368382697,0.5937300755566668
GO BP: Regulation of Cellular Senescence (GO:2000772),1,30,0.3929615368382697,0.5937300755566668
GO BP: Regulation of Cholesterol Efflux (GO:0010874),1,30,0.3929615368382697,0.5937300755566668
GO BP: Regulation of Metabolic Process (GO:0019222),1,30,0.3929615368382697,0.5937300755566668
GO BP: Regulation of Neuron Migration (GO:2001222),1,30,0.3929615368382697,0.5937300755566668
GO BP: Transition Metal Ion Transport (GO:0000041),1,30,0.3929615368382697,0.5937300755566668
Reactome: CD28 Co-Stimulation,1,30,0.3929615368382697,0.5937300755566668
Reactome: Downstream Signaling of Activated FGFR1,1,30,0.3929615368382697,0.5937300755566668
Reactome: Glycosphingolipid Catabolism,1,30,0.3929615368382697,0.5937300755566668
Reactome: HS-GAG Biosynthesis,1,30,0.3929615368382697,0.5937300755566668
Reactome: Signaling by CSF1 (M-CSF) in Myeloid Cells,1,30,0.3929615368382697,0.5937300755566668
GO BP: Plasma Membrane Bounded Cell Projection Assembly (GO:0120031),5,251,0.39848250465019186,0.6016855779002896
GO BP: Regulation of Cell Migration (GO:0030334),8,424,0.39968003338775643,0.6030738504181506
GO BP: Endodermal Cell Differentiation (GO:0035987),1,31,0.40298860098035305,0.6030738504181506
GO BP: Leukocyte Cell-Cell Adhesion (GO:0007159),1,31,0.40298860098035305,0.6030738504181506
GO BP: Negative Regulation of Cell Cycle G1/S Phase Transition (GO:1902807),1,31,0.40298860098035305,0.6030738504181506
GO BP: Negative Regulation of Myoblast Fusion (GO:1901740),1,31,0.40298860098035305,0.6030738504181506
GO BP: Nuclear RNA Surveillance (GO:0071027),1,31,0.40298860098035305,0.6030738504181506
GO BP: Protein O-linked Glycosylation via N-acetyl-galactosamine (GO:0016266),1,31,0.40298860098035305,0.6030738504181506
GO BP: Regulation of Dendrite Morphogenesis (GO:0048814),1,31,0.40298860098035305,0.6030738504181506
GO BP: Regulation of Mitophagy (GO:1901524),1,31,0.40298860098035305,0.6030738504181506
GO BP: Triglyceride Homeostasis (GO:0070328),1,31,0.40298860098035305,0.6030738504181506
Reactome: FCERI Mediated MAPK Activation,1,31,0.40298860098035305,0.6030738504181506
Reactome: Nucleotide Catabolism,1,31,0.40298860098035305,0.6030738504181506
Reactome: RNA Polymerase I Promoter Escape,1,31,0.40298860098035305,0.6030738504181506
Reactome: Transcriptional Regulation by NPAS4,1,31,0.40298860098035305,0.6030738504181506
Reactome: Reproduction,2,84,0.40436174576693984,0.60436034891135
Reactome: Unfolded Protein Response (UPR),2,84,0.40436174576693984,0.60436034891135
GO BP: Cellular Response to Starvation (GO:0009267),3,140,0.40710300108017355,0.6062698212161076
GO BP: Positive Regulation of Cell Population Proliferation (GO:0008284),8,427,0.4072167984247001,0.6062698212161076
GO BP: Small GTPase-mediated Signal Transduction (GO:0007264),4,197,0.4088521900956578,0.6062698212161076
Reactome: Signaling by FGFR,2,85,0.41012542807319996,0.6062698212161076
GO BP: Regulation of Cold-Induced Thermogenesis (GO:0120161),3,141,0.41152241414613744,0.6062698212161076
GO BP: Generation of Neurons (GO:0048699),4,198,0.41256312855049787,0.6062698212161076
GO BP: Acetylcholine Receptor Signaling Pathway (GO:0095500),1,32,0.41285068963866633,0.6062698212161076
GO BP: Cardiac Muscle Contraction (GO:0060048),1,32,0.41285068963866633,0.6062698212161076
GO BP: Cellular Response to Osmotic Stress (GO:0071470),1,32,0.41285068963866633,0.6062698212161076
GO BP: Embryonic Skeletal System Morphogenesis (GO:0048704),1,32,0.41285068963866633,0.6062698212161076
GO BP: Negative Regulation of Cell Cycle Process (GO:0010948),1,32,0.41285068963866633,0.6062698212161076
GO BP: Negative Regulation of Intracellular Steroid Hormone Receptor Signaling Pathway (GO:0033144),1,32,0.41285068963866633,0.6062698212161076
GO BP: Negative Regulation of Syncytium Formation by Plasma Membrane Fusion (GO:0034242),1,32,0.41285068963866633,0.6062698212161076
GO BP: Non-motile Cilium Assembly (GO:1905515),1,32,0.41285068963866633,0.6062698212161076
GO BP: Protein Destabilization (GO:0031648),1,32,0.41285068963866633,0.6062698212161076
GO BP: Protein K11-linked Ubiquitination (GO:0070979),1,32,0.41285068963866633,0.6062698212161076
GO BP: Regulation of D-glucose Import Across Plasma Membrane (GO:0046324),1,32,0.41285068963866633,0.6062698212161076
"GO BP: Regulation of DNA Damage Response, Signal Transduction by P53 Class Mediator (GO:0043516)",1,32,0.41285068963866633,0.6062698212161076
GO BP: Response to Transforming Growth Factor Beta (GO:0071559),1,32,0.41285068963866633,0.6062698212161076
GO BP: Spliceosome Conformational Change to Release U4 (Or U4atac) and U1 (Or U11) (GO:0000388),1,32,0.41285068963866633,0.6062698212161076
GO BP: Ventricular Cardiac Muscle Tissue Morphogenesis (GO:0055010),1,32,0.41285068963866633,0.6062698212161076
Reactome: B-WICH Complex Positively Regulates rRNA Expression,1,32,0.41285068963866633,0.6062698212161076
Reactome: Binding and Uptake of Ligands by Scavenger Receptors,1,32,0.41285068963866633,0.6062698212161076
Reactome: Chemokine Receptors Bind Chemokines,1,32,0.41285068963866633,0.6062698212161076
Reactome: Negative Regulation of FGFR1 Signaling,1,32,0.41285068963866633,0.6062698212161076
Reactome: Oncogene Induced Senescence,1,32,0.41285068963866633,0.6062698212161076
Reactome: RNA Polymerase III Transcription Initiation,1,32,0.41285068963866633,0.6062698212161076
Reactome: TP53 Regulates Transcription of Cell Death Genes,1,32,0.41285068963866633,0.6062698212161076
Reactome: Metabolism of Nucleotides,2,86,0.4158618098759249,0.6092739602307349
Reactome: Signaling by ALK Fusions and Activated Point Mutants,2,86,0.4158618098759249,0.6092739602307349
Reactome: Signaling by ALK in Cancer,2,86,0.4158618098759249,0.6092739602307349
Reactome: Biological Oxidations,3,142,0.41593171371741333,0.6092739602307349
GO BP: DNA-templated Transcription Initiation (GO:0006352),2,87,0.421570223955806,0.6113607204362425
GO BP: Axoneme Assembly (GO:0035082),1,33,0.42255050643575465,0.6113607204362425
GO BP: Cortical Cytoskeleton Organization (GO:0030865),1,33,0.42255050643575465,0.6113607204362425
GO BP: Epithelial Tube Morphogenesis (GO:0060562),1,33,0.42255050643575465,0.6113607204362425
GO BP: Negative Regulation of Double-Strand Break Repair (GO:2000780),1,33,0.42255050643575465,0.6113607204362425
GO BP: Negative Regulation of Insulin Receptor Signaling Pathway (GO:0046627),1,33,0.42255050643575465,0.6113607204362425
GO BP: Negative Regulation of Microtubule Polymerization or Depolymerization (GO:0031111),1,33,0.42255050643575465,0.6113607204362425
GO BP: Negative Regulation of Smooth Muscle Cell Proliferation (GO:0048662),1,33,0.42255050643575465,0.6113607204362425
GO BP: Negative Regulation of Transport (GO:0051051),1,33,0.42255050643575465,0.6113607204362425
GO BP: Positive Regulation of Cell Division (GO:0051781),1,33,0.42255050643575465,0.6113607204362425
GO BP: Regulation of Chemokine Production (GO:0032642),1,33,0.42255050643575465,0.6113607204362425
GO BP: Regulation of Erythrocyte Differentiation (GO:0045646),1,33,0.42255050643575465,0.6113607204362425
GO BP: Regulation of Transmembrane Receptor Protein Serine/Threonine Kinase Signaling Pathway (GO:0090092),1,33,0.42255050643575465,0.6113607204362425
GO BP: Sensory Perception of Pain (GO:0019233),1,33,0.42255050643575465,0.6113607204362425
GO BP: TOR Signaling (GO:0031929),1,33,0.42255050643575465,0.6113607204362425
Reactome: Aberrant Regulation of Mitotic Cell Cycle Due to RB1 Defects,1,33,0.42255050643575465,0.6113607204362425
Reactome: Fanconi Anemia Pathway,1,33,0.42255050643575465,0.6113607204362425
Reactome: NOD1 2 Signaling Pathway,1,33,0.42255050643575465,0.6113607204362425
Reactome: ROS and RNS Production in Phagocytes,1,33,0.42255050643575465,0.6113607204362425
Reactome: SARS-CoV-1 Activates Modulates Innate Immune Responses,1,33,0.42255050643575465,0.6113607204362425
GO BP: Striated Muscle Contraction (GO:0006941),2,88,0.4272500323089604,0.6177804521224157
GO BP: Cellular Response to cAMP (GO:0071320),1,34,0.4320907108628663,0.6183544126974857
GO BP: Establishment of Mitotic Spindle Localization (GO:0040001),1,34,0.4320907108628663,0.6183544126974857
GO BP: Intracellular Receptor Signaling Pathway (GO:0030522),1,34,0.4320907108628663,0.6183544126974857
GO BP: MRNA 3'-End Processing (GO:0031124),1,34,0.4320907108628663,0.6183544126974857
GO BP: Negative Regulation of Cellular Response to Insulin Stimulus (GO:1900077),1,34,0.4320907108628663,0.6183544126974857
GO BP: Negative Regulation of Endothelial Cell Proliferation (GO:0001937),1,34,0.4320907108628663,0.6183544126974857
GO BP: Negative Regulation of Proteasomal Ubiquitin-Dependent Protein Catabolic Process (GO:0032435),1,34,0.4320907108628663,0.6183544126974857
GO BP: Positive Regulation of Exocytosis (GO:0045921),1,34,0.4320907108628663,0.6183544126974857
GO BP: Regulation of DNA Recombination (GO:0000018),1,34,0.4320907108628663,0.6183544126974857
GO BP: Regulation of G2/M Transition of Mitotic Cell Cycle (GO:0010389),1,34,0.4320907108628663,0.6183544126974857
GO BP: Regulation of Neuronal Synaptic Plasticity (GO:0048168),1,34,0.4320907108628663,0.6183544126974857
GO BP: Transcription by RNA Polymerase III (GO:0006383),1,34,0.4320907108628663,0.6183544126974857
Reactome: RHOH GTPase Cycle,1,34,0.4320907108628663,0.6183544126974857
Reactome: Sphingolipid De Novo Biosynthesis,1,34,0.4320907108628663,0.6183544126974857
GO BP: Nervous System Development (GO:0007399),9,496,0.4326724144106997,0.6183544126974857
Reactome: Cellular Responses to Mechanical Stimuli,2,89,0.43290062537190166,0.6183544126974857
Reactome: MyD88 Cascade Initiated on Plasma Membrane,2,89,0.43290062537190166,0.6183544126974857
Reactome: Response of Endothelial Cells to Shear Stress,2,89,0.43290062537190166,0.6183544126974857
Reactome: Toll Like Receptor 10 (TLR10) Cascade,2,89,0.43290062537190166,0.6183544126974857
Reactome: Toll Like Receptor 5 (TLR5) Cascade,2,89,0.43290062537190166,0.6183544126974857
GO BP: Cellular Response to Molecule of Bacterial Origin (GO:0071219),2,90,0.43852142126394106,0.624912570847854
GO BP: Carbohydrate Catabolic Process (GO:0016052),1,35,0.4414739189974432,0.624912570847854
GO BP: Carboxylic Acid Metabolic Process (GO:0019752),1,35,0.4414739189974432,0.624912570847854
GO BP: Chemokine-mediated Signaling Pathway (GO:0070098),1,35,0.4414739189974432,0.624912570847854
GO BP: Interstrand Cross-Link Repair (GO:0036297),1,35,0.4414739189974432,0.624912570847854
GO BP: Phosphatidic Acid Metabolic Process (GO:0046473),1,35,0.4414739189974432,0.624912570847854
GO BP: Positive Regulation of Leukocyte Cell-Cell Adhesion (GO:1903039),1,35,0.4414739189974432,0.624912570847854
GO BP: Regulation of Cell Cycle Phase Transition (GO:1901987),1,35,0.4414739189974432,0.624912570847854
GO BP: Sarcomere Organization (GO:0045214),1,35,0.4414739189974432,0.624912570847854
Reactome: Diseases of Mitotic Cell Cycle,1,35,0.4414739189974432,0.624912570847854
Reactome: Formation of the Beta-Catenin TCF Transactivating Complex,1,35,0.4414739189974432,0.624912570847854
Reactome: Meiotic Synapsis,1,35,0.4414739189974432,0.624912570847854
Reactome: Regulation of TP53 Degradation,1,35,0.4414739189974432,0.624912570847854
Reactome: SMAD2 SMAD3 SMAD4 Heterotrimer Regulates Transcription,1,35,0.4414739189974432,0.624912570847854
Reactome: Transport of Mature mRNA Derived From an Intronless Transcript,1,35,0.4414739189974432,0.624912570847854
GO BP: Negative Regulation of Response to External Stimulus (GO:0032102),3,148,0.4421518463224986,0.6250068111562157
GO BP: Regulation of Cell Cycle Process (GO:0010564),3,148,0.4421518463224986,0.6250068111562157
GO BP: Ubiquitin-dependent Protein Catabolic Process (GO:0006511),8,441,0.44233702097971767,0.6250068111562157
GO BP: Calcium Ion Transmembrane Transport (GO:0070588),2,91,0.4441118650466867,0.6267621884411874
GO BP: Positive Regulation of Double-Strand Break Repair (GO:2000781),2,91,0.4441118650466867,0.6267621884411874
GO BP: Negative Regulation of Translation (GO:0017148),2,92,0.449671428000257,0.6293985748420868
GO BP: Acylglycerol Metabolic Process (GO:0006639),1,36,0.4507027042089858,0.6293985748420868
GO BP: Cellular Response to Chemokine (GO:1990869),1,36,0.4507027042089858,0.6293985748420868
GO BP: Constitutive Heterochromatin Formation (GO:0140719),1,36,0.4507027042089858,0.6293985748420868
GO BP: Establishment of Spindle Orientation (GO:0051294),1,36,0.4507027042089858,0.6293985748420868
GO BP: Integrated Stress Response Signaling (GO:0140467),1,36,0.4507027042089858,0.6293985748420868
GO BP: Intrinsic Apoptotic Signaling Pathway by P53 Class Mediator (GO:0072332),1,36,0.4507027042089858,0.6293985748420868
GO BP: Negative Regulation of Catalytic Activity (GO:0043086),1,36,0.4507027042089858,0.6293985748420868
GO BP: Negative Regulation of Organelle Organization (GO:0010639),1,36,0.4507027042089858,0.6293985748420868
GO BP: Positive Regulation of Interleukin-1 Beta Production (GO:0032731),1,36,0.4507027042089858,0.6293985748420868
GO BP: Positive Regulation of Monoatomic Ion Transport (GO:0043270),1,36,0.4507027042089858,0.6293985748420868
GO BP: Regulation of Axonogenesis (GO:0050770),1,36,0.4507027042089858,0.6293985748420868
GO BP: Signal Release From Synapse (GO:0099643),1,36,0.4507027042089858,0.6293985748420868
Reactome: Complement Cascade,1,36,0.4507027042089858,0.6293985748420868
Reactome: RHOV GTPase Cycle,1,36,0.4507027042089858,0.6293985748420868
Reactome: Regulation of TP53 Expression and Degradation,1,36,0.4507027042089858,0.6293985748420868
Reactome: Transport of Mature mRNAs Derived From Intronless Transcripts,1,36,0.4507027042089858,0.6293985748420868
Reactome: Regulation of TP53 Activity,3,150,0.45079269209165607,0.6293985748420868
Reactome: Adaptive Immune System,11,623,0.45168183876765894,0.6302661816591992
GO BP: Positive Regulation of Neuron Projection Development (GO:0010976),2,93,0.4551996069158894,0.6332977982742338
GO BP: Protein Targeting (GO:0006605),2,93,0.4551996069158894,0.6332977982742338
GO BP: Regulation of Osteoblast Differentiation (GO:0045667),2,93,0.4551996069158894,0.6332977982742338
GO BP: Regulation of RNA Splicing (GO:0043484),2,93,0.4551996069158894,0.6332977982742338
Hallmark: Androgen Response,2,93,0.4551996069158894,0.6332977982742338
GO BP: COPII-coated Vesicle Budding (GO:0090114),1,37,0.45977959785349354,0.6345688728463339
GO BP: Carboxylic Acid Transport (GO:0046942),1,37,0.45977959785349354,0.6345688728463339
GO BP: Cellular Response to Glucose Stimulus (GO:0071333),1,37,0.45977959785349354,0.6345688728463339
GO BP: Negative Regulation of Secretion by Cell (GO:1903531),1,37,0.45977959785349354,0.6345688728463339
GO BP: Positive Regulation of Axonogenesis (GO:0050772),1,37,0.45977959785349354,0.6345688728463339
GO BP: Positive Regulation of Response to Biotic Stimulus (GO:0002833),1,37,0.45977959785349354,0.6345688728463339
GO BP: Tumor Necrosis Factor-Mediated Signaling Pathway (GO:0033209),1,37,0.45977959785349354,0.6345688728463339
Reactome: Amine Ligand-Binding Receptors,1,37,0.45977959785349354,0.6345688728463339
Reactome: DNA Damage Recognition in GG-NER,1,37,0.45977959785349354,0.6345688728463339
Reactome: RNA Polymerase III Abortive And Retractive Initiation,1,37,0.45977959785349354,0.6345688728463339
Reactome: RNA Polymerase III Transcription,1,37,0.45977959785349354,0.6345688728463339
Reactome: RUNX1 Regulates Genes Involved in Megakaryocyte Differentiation and Platelet Function,1,37,0.45977959785349354,0.6345688728463339
Reactome: Smooth Muscle Contraction,1,37,0.45977959785349354,0.6345688728463339
GO BP: Negative Regulation of Cell Differentiation (GO:0045596),4,211,0.46026556332356605,0.6345688728463339
GO BP: Cellular Response to Lipopolysaccharide (GO:0071222),2,94,0.4606959234045814,0.6345688728463339
Reactome: P75 NTR Receptor-Mediated Signalling,2,94,0.4606959234045814,0.6345688728463339
Reactome: TRAF6 Mediated Induction of NFkB and MAP Kinases Upon TLR7 8 or 9 Activation,2,94,0.4606959234045814,0.6345688728463339
GO BP: RNA Splicing (GO:0008380),2,95,0.4661599232214462,0.6370303058648762
GO BP: RRNA Metabolic Process (GO:0016072),2,95,0.4661599232214462,0.6370303058648762
Reactome: HCMV Infection,2,95,0.4661599232214462,0.6370303058648762
Reactome: MyD88 Dependent Cascade Initiated on Endosome,2,95,0.4661599232214462,0.6370303058648762
Reactome: DNA Repair,5,272,0.4664328532674221,0.6370303058648762
GO BP: Regulation of Autophagy (GO:0010506),4,213,0.4674947500471874,0.6370303058648762
GO BP: Activation of Protein Kinase Activity (GO:0032147),1,38,0.4687070899566549,0.6370303058648762
GO BP: Canonical NF-kappaB Signal Transduction (GO:0007249),1,38,0.4687070899566549,0.6370303058648762
GO BP: Endothelial Cell Migration (GO:0043542),1,38,0.4687070899566549,0.6370303058648762
GO BP: Glycosphingolipid Biosynthetic Process (GO:0006688),1,38,0.4687070899566549,0.6370303058648762
GO BP: Neurotransmitter Secretion (GO:0007269),1,38,0.4687070899566549,0.6370303058648762
GO BP: Peptidyl-tyrosine Modification (GO:0018212),1,38,0.4687070899566549,0.6370303058648762
GO BP: Positive Regulation of Cell Cycle G1/S Phase Transition (GO:1902808),1,38,0.4687070899566549,0.6370303058648762
GO BP: Positive Regulation of Extrinsic Apoptotic Signaling Pathway (GO:2001238),1,38,0.4687070899566549,0.6370303058648762
GO BP: Positive Regulation of Telomere Maintenance (GO:0032206),1,38,0.4687070899566549,0.6370303058648762
GO BP: Regulation of Sprouting Angiogenesis (GO:1903670),1,38,0.4687070899566549,0.6370303058648762
GO BP: Regulation of Vascular Associated Smooth Muscle Cell Proliferation (GO:1904705),1,38,0.4687070899566549,0.6370303058648762
GO BP: Regulation of mRNA Processing (GO:0050684),1,38,0.4687070899566549,0.6370303058648762
GO BP: Striated Muscle Tissue Development (GO:0014706),1,38,0.4687070899566549,0.6370303058648762
Reactome: Collagen Chain Trimerization,1,38,0.4687070899566549,0.6370303058648762
Reactome: Formation of WDR5-containing Histone-Modifying Complexes,1,38,0.4687070899566549,0.6370303058648762
Reactome: Interleukin-2 Family Signaling,1,38,0.4687070899566549,0.6370303058648762
Reactome: Ubiquitin-dependent Degradation of Cyclin D,1,38,0.4687070899566549,0.6370303058648762
Reactome: Cell Surface Interactions at the Vascular Wall,2,96,0.47159117560544833,0.6405802812320978
Reactome: Transcriptional Regulation by RUNX1,3,156,0.4763774545378081,0.6422890747151925
GO BP: Positive Regulation of Cold-Induced Thermogenesis (GO:0120162),2,97,0.4769892726341997,0.6422890747151925
GO BP: Positive Regulation of Translation (GO:0045727),2,97,0.4769892726341997,0.6422890747151925
GO BP: Adherens Junction Organization (GO:0034332),1,39,0.4774876298859757,0.6422890747151925
GO BP: Base-excision Repair (GO:0006284),1,39,0.4774876298859757,0.6422890747151925
GO BP: Odontogenesis (GO:0042476),1,39,0.4774876298859757,0.6422890747151925
GO BP: Organelle Transport Along Microtubule (GO:0072384),1,39,0.4774876298859757,0.6422890747151925
GO BP: Positive Regulation of Cytokine-Mediated Signaling Pathway (GO:0001961),1,39,0.4774876298859757,0.6422890747151925
GO BP: Positive Regulation of Non-Canonical NF-kappaB Signal Transduction (GO:1901224),1,39,0.4774876298859757,0.6422890747151925
GO BP: Positive Regulation of Wound Healing (GO:0090303),1,39,0.4774876298859757,0.6422890747151925
GO BP: Protein Monoubiquitination (GO:0006513),1,39,0.4774876298859757,0.6422890747151925
Reactome: Diseases Associated With Glycosaminoglycan Metabolism,1,39,0.4774876298859757,0.6422890747151925
Reactome: M-decay Degradation of Maternal mRNAs by Maternally Stored Factors,1,39,0.4774876298859757,0.6422890747151925
Reactome: MET Promotes Cell Motility,1,39,0.4774876298859757,0.6422890747151925
Reactome: RND1 GTPase Cycle,1,39,0.4774876298859757,0.6422890747151925
Reactome: Signaling by FGFR3,1,39,0.4774876298859757,0.6422890747151925
Reactome: Signaling by FGFR4,1,39,0.4774876298859757,0.6422890747151925
GO BP: Nuclear-transcribed mRNA Catabolic Process (GO:0000956),2,98,0.4823538285935131,0.644332780397685
GO BP: Antimicrobial Humoral Immune Response Mediated by Antimicrobial Peptide (GO:0061844),1,40,0.4861236270120172,0.644332780397685
GO BP: Digestive Tract Development (GO:0048565),1,40,0.4861236270120172,0.644332780397685
GO BP: Establishment of Protein Localization to Plasma Membrane (GO:0061951),1,40,0.4861236270120172,0.644332780397685
GO BP: Heart Contraction (GO:0060047),1,40,0.4861236270120172,0.644332780397685
GO BP: Lytic Vacuole Organization (GO:0080171),1,40,0.4861236270120172,0.644332780397685
GO BP: Negative Regulation of Mitotic Cell Cycle Phase Transition (GO:1901991),1,40,0.4861236270120172,0.644332780397685
GO BP: Negative Regulation of Viral Process (GO:0048525),1,40,0.4861236270120172,0.644332780397685
GO BP: Positive Regulation of Chemokine Production (GO:0032722),1,40,0.4861236270120172,0.644332780397685
GO BP: Positive Regulation of Interleukin-1 Production (GO:0032732),1,40,0.4861236270120172,0.644332780397685
GO BP: Positive Regulation of Neuron Differentiation (GO:0045666),1,40,0.4861236270120172,0.644332780397685
GO BP: Protein Sumoylation (GO:0016925),1,40,0.4861236270120172,0.644332780397685
GO BP: Response to Type I Interferon (GO:0034340),1,40,0.4861236270120172,0.644332780397685
GO BP: Response to cAMP (GO:0051591),1,40,0.4861236270120172,0.644332780397685
GO BP: Semaphorin-plexin Signaling Pathway (GO:0071526),1,40,0.4861236270120172,0.644332780397685
Reactome: DNA Double Strand Break Response,1,40,0.4861236270120172,0.644332780397685
Reactome: E3 Ubiquitin Ligases Ubiquitinate Target Proteins,1,40,0.4861236270120172,0.644332780397685
Reactome: HIV Transcription Initiation,1,40,0.4861236270120172,0.644332780397685
Reactome: NCAM1 Interactions,1,40,0.4861236270120172,0.644332780397685
Reactome: PKMTs Methylate Histone Lysines,1,40,0.4861236270120172,0.644332780397685
Reactome: RNA Polymerase II HIV Promoter Escape,1,40,0.4861236270120172,0.644332780397685
Reactome: RNA Polymerase II Promoter Escape,1,40,0.4861236270120172,0.644332780397685
Reactome: RNA Polymerase II Transcription Initiation,1,40,0.4861236270120172,0.644332780397685
Reactome: RNA Polymerase II Transcription Initiation And Promoter Clearance,1,40,0.4861236270120172,0.644332780397685
Reactome: RNA Polymerase II Transcription Pre-Initiation And Promoter Opening,1,40,0.4861236270120172,0.644332780397685
Reactome: Recruitment and ATM-med Phosphorylation of Repair and Signaling Proteins at DNA Double Strand Breaks,1,40,0.4861236270120172,0.644332780397685
GO BP: Inorganic Cation Import Across Plasma Membrane (GO:0098659),2,99,0.48768447936137754,0.6449490249531925
GO BP: Protein Autophosphorylation (GO:0046777),2,99,0.48768447936137754,0.6449490249531925
Reactome: Toll Like Receptor 3 (TLR3) Cascade,2,99,0.48768447936137754,0.6449490249531925
Reactome: Toll Like Receptor 7 8 (TLR7 8) Cascade,2,99,0.48768447936137754,0.6449490249531925
Reactome: Class I MHC Mediated Antigen Processing & Presentation,6,339,0.4881290818399383,0.6451745416345956
GO BP: Positive Regulation of Vasculature Development (GO:1904018),2,100,0.4929808818060927,0.6464905499716342
GO BP: Macroautophagy (GO:0016236),3,160,0.49312691297959377,0.6464905499716342
GO BP: Skeletal System Development (GO:0001501),3,160,0.49312691297959377,0.6464905499716342
GO BP: Blood Circulation (GO:0008015),1,41,0.49461745135892665,0.6464905499716342
GO BP: Cellular Response to Radiation (GO:0071478),1,41,0.49461745135892665,0.6464905499716342
GO BP: Lysosome Localization (GO:0032418),1,41,0.49461745135892665,0.6464905499716342
GO BP: Membrane Fission (GO:0090148),1,41,0.49461745135892665,0.6464905499716342
GO BP: Positive Regulation of Reactive Oxygen Species Metabolic Process (GO:2000379),1,41,0.49461745135892665,0.6464905499716342
GO BP: Proton Motive Force-Driven Mitochondrial ATP Synthesis (GO:0042776),1,41,0.49461745135892665,0.6464905499716342
GO BP: Regulation of Cardiac Muscle Contraction (GO:0055117),1,41,0.49461745135892665,0.6464905499716342
GO BP: Regulation of Cytokine-Mediated Signaling Pathway (GO:0001959),1,41,0.49461745135892665,0.6464905499716342
GO BP: Regulation of Myoblast Fusion (GO:1901739),1,41,0.49461745135892665,0.6464905499716342
GO BP: Regulation of Nitric Oxide Biosynthetic Process (GO:0045428),1,41,0.49461745135892665,0.6464905499716342
GO BP: Regulation of Protein Import Into Nucleus (GO:0042306),1,41,0.49461745135892665,0.6464905499716342
GO BP: Regulation of Receptor-Mediated Endocytosis (GO:0048259),1,41,0.49461745135892665,0.6464905499716342
Reactome: Amyloid Fiber Formation,1,41,0.49461745135892665,0.6464905499716342
Reactome: Cytochrome P450 - Arranged by Substrate Type,1,41,0.49461745135892665,0.6464905499716342
Reactome: SUMOylation of Transcription Cofactors,1,41,0.49461745135892665,0.6464905499716342
Reactome: Signaling by SCF-KIT,1,41,0.49461745135892665,0.6464905499716342
Reactome: TBC RABGAPs,1,41,0.49461745135892665,0.6464905499716342
Hallmark: PI3K/AKT/mTOR  Signaling,2,101,0.49824271319823144,0.6508333908168732
GO BP: Bone Development (GO:0060348),1,42,0.502971434244424,0.6508333908168732
GO BP: Cardiac Ventricle Morphogenesis (GO:0003208),1,42,0.502971434244424,0.6508333908168732
GO BP: Glycosphingolipid Metabolic Process (GO:0006687),1,42,0.502971434244424,0.6508333908168732
GO BP: Mitophagy (GO:0000423),1,42,0.502971434244424,0.6508333908168732
"GO BP: Nuclear-transcribed mRNA Catabolic Process, Deadenylation-Dependent Decay (GO:0000288)",1,42,0.502971434244424,0.6508333908168732
GO BP: Phosphatidylinositol 3-Kinase/Protein Kinase B Signal Transduction (GO:0043491),1,42,0.502971434244424,0.6508333908168732
GO BP: Proton Motive Force-Driven ATP Synthesis (GO:0015986),1,42,0.502971434244424,0.6508333908168732
GO BP: Regulation of Axon Extension (GO:0030516),1,42,0.502971434244424,0.6508333908168732
GO BP: Regulation of B Cell Proliferation (GO:0030888),1,42,0.502971434244424,0.6508333908168732
GO BP: Regulation of Calcium-Mediated Signaling (GO:0050848),1,42,0.502971434244424,0.6508333908168732
GO BP: Regulation of Chromosome Organization (GO:0033044),1,42,0.502971434244424,0.6508333908168732
GO BP: Regulation of Endothelial Cell Apoptotic Process (GO:2000351),1,42,0.502971434244424,0.6508333908168732
GO BP: Regulation of Transport (GO:0051049),1,42,0.502971434244424,0.6508333908168732
GO BP: Regulation of Tumor Necrosis Factor-Mediated Signaling Pathway (GO:0010803),1,42,0.502971434244424,0.6508333908168732
Reactome: Complex IV Assembly,1,42,0.502971434244424,0.6508333908168732
Reactome: XBP1(S) Activates Chaperone Genes,1,42,0.502971434244424,0.6508333908168732
Reactome: KEAP1-NFE2L2 Pathway,2,102,0.5034696706361623,0.6508333908168732
Reactome: MyD88-independent TLR4 Cascade,2,102,0.5034696706361623,0.6508333908168732
Reactome: TRIF (TICAM1)-mediated TLR4 Signaling,2,102,0.5034696706361623,0.6508333908168732
GO BP: Regulation of Gene Expression (GO:0010468),16,953,0.5071831047609098,0.655273890563766
Reactome: Nucleotide Excision Repair,2,103,0.5086614704848372,0.6557690699797274
GO BP: Cellular Response to Ketone (GO:1901655),1,43,0.5111878689094307,0.6557690699797274
GO BP: Connective Tissue Development (GO:0061448),1,43,0.5111878689094307,0.6557690699797274
GO BP: Defense Response to Gram-negative Bacterium (GO:0050829),1,43,0.5111878689094307,0.6557690699797274
GO BP: Neg Reg Phosphatidylinositol 3-Kinase/Protein Kinase B Signal Transduction (GO:0051898),1,43,0.5111878689094307,0.6557690699797274
GO BP: Negative Regulation of Cold-Induced Thermogenesis (GO:0120163),1,43,0.5111878689094307,0.6557690699797274
GO BP: Negative Regulation of Ubiquitin-Dependent Protein Catabolic Process (GO:2000059),1,43,0.5111878689094307,0.6557690699797274
GO BP: Positive Regulation of Chromosome Organization (GO:2001252),1,43,0.5111878689094307,0.6557690699797274
GO BP: Regulation of Neurotransmitter Secretion (GO:0046928),1,43,0.5111878689094307,0.6557690699797274
Reactome: Cyclin D Associated Events in G1,1,43,0.5111878689094307,0.6557690699797274
Reactome: G1 Phase,1,43,0.5111878689094307,0.6557690699797274
Reactome: Inositol Phosphate Metabolism,1,43,0.5111878689094307,0.6557690699797274
Reactome: RNA Polymerase I Transcription Initiation,1,43,0.5111878689094307,0.6557690699797274
Reactome: Diseases of Metabolism,4,226,0.5135632060966145,0.6584574004092759
GO BP: Positive Regulation of Cell Differentiation (GO:0045597),5,288,0.5166340139833757,0.6614498118060825
GO BP: Cytoskeleton Organization (GO:0007010),2,105,0.5189385559305495,0.6614498118060825
Reactome: MyD88 MAL(TIRAP) Cascade Initiated on Plasma Membrane,2,105,0.5189385559305495,0.6614498118060825
Reactome: Toll Like Receptor TLR6 TLR2 Cascade,2,105,0.5189385559305495,0.6614498118060825
GO BP: Embryonic Organ Morphogenesis (GO:0048562),1,44,0.5192690111374854,0.6614498118060825
GO BP: G2/M Transition of Mitotic Cell Cycle (GO:0000086),1,44,0.5192690111374854,0.6614498118060825
GO BP: Intraciliary Transport (GO:0042073),1,44,0.5192690111374854,0.6614498118060825
GO BP: Negative Regulation of Organelle Assembly (GO:1902116),1,44,0.5192690111374854,0.6614498118060825
GO BP: Regulation of MAP Kinase Activity (GO:0043405),1,44,0.5192690111374854,0.6614498118060825
GO BP: TRNA Processing (GO:0008033),1,44,0.5192690111374854,0.6614498118060825
Hallmark: Reactive Oxygen Species Pathway,1,44,0.5192690111374854,0.6614498118060825
Reactome: NoRC Negatively Regulates rRNA Expression,1,44,0.5192690111374854,0.6614498118060825
Reactome: Toll Like Receptor 2 (TLR2) Cascade,2,106,0.5240233657197473,0.6667843258942081
Reactome: Toll Like Receptor TLR1 TLR2 Cascade,2,106,0.5240233657197473,0.6667843258942081
GO BP: Negative Regulation of Proteasomal Protein Catabolic Process (GO:1901799),1,45,0.5272170798641325,0.6670817821136056
GO BP: Negative Regulation of Protein Modification by Small Protein Conjugation or Removal (GO:1903321),1,45,0.5272170798641325,0.6670817821136056
GO BP: Negative Regulation of Protein Ubiquitination (GO:0031397),1,45,0.5272170798641325,0.6670817821136056
GO BP: Nucleosome Organization (GO:0034728),1,45,0.5272170798641325,0.6670817821136056
GO BP: Oxidative Phosphorylation (GO:0006119),1,45,0.5272170798641325,0.6670817821136056
GO BP: Positive Regulation of Epithelial to Mesenchymal Transition (GO:0010718),1,45,0.5272170798641325,0.6670817821136056
GO BP: RNA Polymerase II Preinitiation Complex Assembly (GO:0051123),1,45,0.5272170798641325,0.6670817821136056
GO BP: Receptor Internalization (GO:0031623),1,45,0.5272170798641325,0.6670817821136056
GO BP: Regulated Exocytosis (GO:0045055),1,45,0.5272170798641325,0.6670817821136056
Reactome: Interleukin-12 Family Signaling,1,45,0.5272170798641325,0.6670817821136056
GO BP: Cilium Assembly (GO:0060271),4,230,0.5273743400651741,0.6670817821136056
GO BP: Positive Regulation of Defense Response (GO:0031349),2,107,0.5290720652700914,0.6688698397668074
GO BP: Positive Regulation of Developmental Process (GO:0051094),4,232,0.5342089761123441,0.6720761167586554
GO BP: Amino Acid Transport (GO:0006865),1,46,0.5350342577764318,0.6720761167586554
GO BP: Hexose Metabolic Process (GO:0019318),1,46,0.5350342577764318,0.6720761167586554
GO BP: Monoatomic Cation Transport (GO:0006812),1,46,0.5350342577764318,0.6720761167586554
GO BP: Monoatomic Ion Transport (GO:0006811),1,46,0.5350342577764318,0.6720761167586554
GO BP: Regulation of Glycolytic Process (GO:0006110),1,46,0.5350342577764318,0.6720761167586554
GO BP: Regulation of Protein Serine/Threonine Kinase Activity (GO:0071900),1,46,0.5350342577764318,0.6720761167586554
GO BP: Regulation of Wound Healing (GO:0061041),1,46,0.5350342577764318,0.6720761167586554
GO BP: Response to Interleukin-1 (GO:0070555),1,46,0.5350342577764318,0.6720761167586554
Reactome: Aquaporin-mediated Transport,1,46,0.5350342577764318,0.6720761167586554
Reactome: G Alpha (Z) Signalling Events,1,46,0.5350342577764318,0.6720761167586554
Reactome: mRNA Splicing - Minor Pathway,1,46,0.5350342577764318,0.6720761167586554
GO BP: Negative Regulation of MAPK Cascade (GO:0043409),2,109,0.5390603687166842,0.6767723242448397
GO BP: Mitotic G2/M Transition Checkpoint (GO:0044818),1,47,0.5427226919027553,0.67775555264673
GO BP: Negative Regulation of Innate Immune Response (GO:0045824),1,47,0.5427226919027553,0.67775555264673
GO BP: Phosphatidylinositol Biosynthetic Process (GO:0006661),1,47,0.5427226919027553,0.67775555264673
GO BP: Positive Regulation of B Cell Activation (GO:0050871),1,47,0.5427226919027553,0.67775555264673
GO BP: Positive Regulation of Smooth Muscle Cell Proliferation (GO:0048661),1,47,0.5427226919027553,0.67775555264673
GO BP: Regulation of Stem Cell Differentiation (GO:2000736),1,47,0.5427226919027553,0.67775555264673
Reactome: Intraflagellar Transport,1,47,0.5427226919027553,0.67775555264673
Reactome: Negative Epigenetic Regulation of rRNA Expression,1,47,0.5427226919027553,0.67775555264673
Reactome: Nuclear Envelope Breakdown,1,47,0.5427226919027553,0.67775555264673
Reactome: Positive Epigenetic Regulation of rRNA Expression,1,47,0.5427226919027553,0.67775555264673
GO BP: Positive Regulation of Cell Projection Organization (GO:0031346),2,110,0.5439996300752028,0.6789899942720188
GO BP: Regulation of Cell Motility (GO:2000145),2,111,0.5489020951789422,0.6821325430913026
GO BP: Regulation of Neuron Projection Development (GO:0010975),3,174,0.5495465245557999,0.6821325430913026
GO BP: Cell Cycle G2/M Phase Transition (GO:0044839),1,48,0.5502844941930262,0.6821325430913026
GO BP: Double-strand Break Repair via Nonhomologous End Joining (GO:0006303),1,48,0.5502844941930262,0.6821325430913026
GO BP: Lysosome Organization (GO:0007040),1,48,0.5502844941930262,0.6821325430913026
GO BP: Microtubule Bundle Formation (GO:0001578),1,48,0.5502844941930262,0.6821325430913026
GO BP: Regulation of Synapse Organization (GO:0050807),1,48,0.5502844941930262,0.6821325430913026
GO BP: Regulation of mRNA Catabolic Process (GO:0061013),1,48,0.5502844941930262,0.6821325430913026
GO BP: Transcription Preinitiation Complex Assembly (GO:0070897),1,48,0.5502844941930262,0.6821325430913026
Reactome: Formation of TC-NER Pre-Incision Complex,1,48,0.5502844941930262,0.6821325430913026
Reactome: Glycosphingolipid Metabolism,1,48,0.5502844941930262,0.6821325430913026
Reactome: SCF(Skp2)-mediated Degradation of P27 P21,1,48,0.5502844941930262,0.6821325430913026
Reactome: Signaling by ERBB2,1,48,0.5502844941930262,0.6821325430913026
GO BP: Mitotic Sister Chromatid Segregation (GO:0000070),2,112,0.55376763059338,0.6841464204683684
GO BP: Regulation of JNK Cascade (GO:0046328),2,112,0.55376763059338,0.6841464204683684
GO BP: Regulation of Tumor Necrosis Factor Production (GO:0032680),2,112,0.55376763059338,0.6841464204683684
GO BP: Cellular Response to Ionizing Radiation (GO:0071479),1,49,0.5577217420895493,0.6841464204683684
GO BP: Defense Response to Gram-positive Bacterium (GO:0050830),1,49,0.5577217420895493,0.6841464204683684
"GO BP: G Protein-Coupled Rec Signaling Pathway, Coupled to Cyclic Nucleotide Second Messenger (GO:0007187)",1,49,0.5577217420895493,0.6841464204683684
GO BP: Intracellular Glucose Homeostasis (GO:0001678),1,49,0.5577217420895493,0.6841464204683684
GO BP: Peptidyl-tyrosine Phosphorylation (GO:0018108),1,49,0.5577217420895493,0.6841464204683684
GO BP: Positive Regulation of Pattern Recognition Receptor Signaling Pathway (GO:0062208),1,49,0.5577217420895493,0.6841464204683684
GO BP: Proton Transmembrane Transport (GO:1902600),1,49,0.5577217420895493,0.6841464204683684
GO BP: Regulation of Calcium Ion Transport (GO:0051924),1,49,0.5577217420895493,0.6841464204683684
GO BP: Regulation of Protein Kinase Activity (GO:0045859),1,49,0.5577217420895493,0.6841464204683684
GO BP: Regulation of Ubiquitin-Dependent Protein Catabolic Process (GO:2000058),1,49,0.5577217420895493,0.6841464204683684
GO BP: Response to Peptide Hormone (GO:0043434),1,49,0.5577217420895493,0.6841464204683684
GO BP: Response to Type II Interferon (GO:0034341),1,49,0.5577217420895493,0.6841464204683684
GO BP: Transcription Initiation-Coupled Chromatin Remodeling (GO:0045815),1,49,0.5577217420895493,0.6841464204683684
Reactome: Amino Acids Regulate mTORC1,1,49,0.5577217420895493,0.6841464204683684
Reactome: Chondroitin Sulfate Dermatan Sulfate Metabolism,1,49,0.5577217420895493,0.6841464204683684
Reactome: Proteasome Assembly,1,49,0.5577217420895493,0.6841464204683684
Reactome: RHOD GTPase Cycle,1,49,0.5577217420895493,0.6841464204683684
GO BP: Mitochondrion Organization (GO:0007005),2,113,0.5585961172096217,0.6845056012032532
GO BP: Regulation of Protein-Containing Complex Assembly (GO:0043254),2,113,0.5585961172096217,0.6845056012032532
Reactome: RHO GTPase Cycle,7,427,0.5595854988519067,0.6853612197176838
GO BP: B Cell Differentiation (GO:0030183),1,50,0.5650364790885978,0.6877434704108373
GO BP: Ceramide Metabolic Process (GO:0006672),1,50,0.5650364790885978,0.6877434704108373
GO BP: MRNA Catabolic Process (GO:0006402),1,50,0.5650364790885978,0.6877434704108373
GO BP: Positive Regulation of Phagocytosis (GO:0050766),1,50,0.5650364790885978,0.6877434704108373
GO BP: Regulation of Insulin Receptor Signaling Pathway (GO:0046626),1,50,0.5650364790885978,0.6877434704108373
GO BP: Regulation of Telomere Maintenance (GO:0032204),1,50,0.5650364790885978,0.6877434704108373
GO BP: Response to Glucose (GO:0009749),1,50,0.5650364790885978,0.6877434704108373
Hallmark: TGF-beta Signaling,1,50,0.5650364790885978,0.6877434704108373
Reactome: Cargo Trafficking to the Periciliary Membrane,1,50,0.5650364790885978,0.6877434704108373
Reactome: Ion Homeostasis,1,50,0.5650364790885978,0.6877434704108373
Reactome: RNA Polymerase I Promoter Clearance,1,50,0.5650364790885978,0.6877434704108373
Reactome: RNA Polymerase I Transcription,1,50,0.5650364790885978,0.6877434704108373
GO BP: ATP Metabolic Process (GO:0046034),1,51,0.5722307152928886,0.6936308464466837
GO BP: Negative Regulation of G Protein-Coupled Receptor Signaling Pathway (GO:0045744),1,51,0.5722307152928886,0.6936308464466837
GO BP: Regulation of Phagocytosis (GO:0050764),1,51,0.5722307152928886,0.6936308464466837
GO BP: Sensory Perception (GO:0007600),1,51,0.5722307152928886,0.6936308464466837
GO BP: Signal Transduction by P53 Class Mediator (GO:0072331),1,51,0.5722307152928886,0.6936308464466837
"Reactome: Nucleotide-binding Domain, Leucine Rich Repeat Containing Receptor (NLR) Signaling Pathways",1,51,0.5722307152928886,0.6936308464466837
Reactome: Pre-NOTCH Expression and Processing,1,51,0.5722307152928886,0.6936308464466837
Reactome: Signaling by FGFR1,1,51,0.5722307152928886,0.6936308464466837
GO BP: Positive Regulation of Angiogenesis (GO:0045766),2,116,0.5728582990543987,0.6940341924724933
"Reactome: Platelet Activation, Signaling and Aggregation",4,244,0.5741488698012495,0.6952399380206488
GO BP: Regulation of DNA Metabolic Process (GO:0051052),2,117,0.5775376709790616,0.6986103132204523
GO BP: Response to Cytokine (GO:0034097),2,117,0.5775376709790616,0.6986103132204523
GO BP: Endoplasmic Reticulum Unfolded Protein Response (GO:0030968),1,52,0.5793064279551075,0.6986103132204523
GO BP: Endosome Organization (GO:0007032),1,52,0.5793064279551075,0.6986103132204523
GO BP: Myofibril Assembly (GO:0030239),1,52,0.5793064279551075,0.6986103132204523
GO BP: Positive Regulation of Actin Filament Bundle Assembly (GO:0032233),1,52,0.5793064279551075,0.6986103132204523
GO BP: Regulation of Reactive Oxygen Species Metabolic Process (GO:2000377),1,52,0.5793064279551075,0.6986103132204523
Reactome: Ion Transport by P-type ATPases,1,52,0.5793064279551075,0.6986103132204523
GO BP: Collagen Fibril Organization (GO:0030199),1,53,0.5862655620126223,0.7048361251162987
GO BP: Positive Regulation of Cell Cycle (GO:0045787),1,53,0.5862655620126223,0.7048361251162987
GO BP: Positive Regulation of Protein Kinase Activity (GO:0045860),1,53,0.5862655620126223,0.7048361251162987
GO BP: Positive Regulation of Transcription Initiation by RNA Polymerase II (GO:0060261),1,53,0.5862655620126223,0.7048361251162987
Reactome: Formation of RNA Pol II Elongation Complex,1,53,0.5862655620126223,0.7048361251162987
Reactome: RNA Polymerase II Transcription Elongation,1,53,0.5862655620126223,0.7048361251162987
GO BP: Chromatin Organization (GO:0006325),5,313,0.5907804800556002,0.709441571170853
GO BP: Muscle Contraction (GO:0006936),2,120,0.5913509652788721,0.709441571170853
GO BP: Negative Regulation of RNA Biosynthetic Process (GO:1902679),7,440,0.5914711942563999,0.709441571170853
GO BP: Autophagy of Mitochondrion (GO:0000422),1,54,0.5931100306135254,0.709441571170853
GO BP: MRNA Export From Nucleus (GO:0006406),1,54,0.5931100306135254,0.709441571170853
GO BP: Negative Regulation of Intrinsic Apoptotic Signaling Pathway (GO:2001243),1,54,0.5931100306135254,0.709441571170853
GO BP: Plasma Membrane Bounded Cell Projection Morphogenesis (GO:0120039),1,54,0.5931100306135254,0.709441571170853
Hallmark: Myc Targets V2,1,54,0.5931100306135254,0.709441571170853
Reactome: Assembly of Collagen Fibrils and Other Multimeric Structures,1,54,0.5931100306135254,0.709441571170853
Reactome: Mitochondrial Protein Import,1,54,0.5931100306135254,0.709441571170853
GO BP: Regulation of Intracellular Signal Transduction (GO:1902531),5,314,0.5936166798549978,0.7096869803853045
GO BP: Cellular Response to Oxidative Stress (GO:0034599),2,121,0.5958803545930949,0.7120316521381448
Reactome: Cilium Assembly,3,187,0.5985063671355368,0.7148066911400578
GO BP: RNA 3'-End Processing (GO:0031123),1,55,0.5998417156341472,0.7149483087228242
GO BP: Regulation of Interleukin-1 Beta Production (GO:0032651),1,55,0.5998417156341472,0.7149483087228242
Reactome: Costimulation by the CD28 Family,1,55,0.5998417156341472,0.7149483087228242
Reactome: Iron Uptake and Transport,1,55,0.5998417156341472,0.7149483087228242
GO BP: Positive Regulation of Cellular Process (GO:0048522),9,570,0.6001435250791421,0.7149483087228242
GO BP: Regulation of Angiogenesis (GO:0045765),3,188,0.6021261767358546,0.7169474051776437
Reactome: Antiviral Mechanism by IFN-stimulated Genes,2,123,0.604826502626374,0.7173932915150658
GO BP: Negative Regulation of Apoptotic Process (GO:0043066),7,446,0.6057964037068388,0.7173932915150658
GO BP: MRNA Transport (GO:0051028),1,56,0.6064624681881823,0.7173932915150658
GO BP: Memory (GO:0007613),1,56,0.6064624681881823,0.7173932915150658
GO BP: Muscle Organ Development (GO:0007517),1,56,0.6064624681881823,0.7173932915150658
GO BP: Positive Regulation of Lymphocyte Proliferation (GO:0050671),1,56,0.6064624681881823,0.7173932915150658
GO BP: Positive Regulation of Protein Localization to Membrane (GO:1905477),1,56,0.6064624681881823,0.7173932915150658
GO BP: Positive Regulation of TORC1 Signaling (GO:1904263),1,56,0.6064624681881823,0.7173932915150658
GO BP: Protein Localization to Chromosome (GO:0034502),1,56,0.6064624681881823,0.7173932915150658
GO BP: Response to Retinoic Acid (GO:0032526),1,56,0.6064624681881823,0.7173932915150658
Reactome: Collagen Degradation,1,56,0.6064624681881823,0.7173932915150658
Reactome: Cytosolic Sensors of Pathogen-Associated DNA,1,56,0.6064624681881823,0.7173932915150658
Reactome: Heparan Sulfate Heparin (HS-GAG) Metabolism,1,56,0.6064624681881823,0.7173932915150658
Reactome: Glycosaminoglycan Metabolism,2,124,0.6092432754147648,0.7203207786671804
GO BP: Mitochondrial ATP Synthesis Coupled Electron Transport (GO:0042775),1,57,0.6129741091275528,0.7225543579800998
GO BP: Mitotic DNA Damage Checkpoint Signaling (GO:0044773),1,57,0.6129741091275528,0.7225543579800998
GO BP: RNA Modification (GO:0009451),1,57,0.6129741091275528,0.7225543579800998
GO BP: Regulation of Cell Communication (GO:0010646),1,57,0.6129741091275528,0.7225543579800998
GO BP: Vesicle Organization (GO:0016050),1,57,0.6129741091275528,0.7225543579800998
Reactome: TP53 Regulates Transcription of DNA Repair Genes,1,57,0.6129741091275528,0.7225543579800998
GO BP: Negative Regulation of Defense Response (GO:0031348),2,125,0.6136225399304944,0.7229566861843763
Reactome: G Alpha (I) Signalling Events,4,257,0.6151730675548748,0.7244209109675713
GO BP: Negative Regulation of Intracellular Signal Transduction (GO:1902532),5,322,0.6159113312007074,0.7249276368232327
GO BP: Glycerophospholipid Biosynthetic Process (GO:0046474),2,126,0.6179643274699508,0.7253815040426688
GO BP: Regulation of Cell Adhesion (GO:0030155),2,126,0.6179643274699508,0.7253815040426688
Reactome: Transcriptional Regulation by TP53,5,323,0.6186477344105484,0.7253815040426688
GO BP: G1/S Transition of Mitotic Cell Cycle (GO:0000082),1,58,0.619378429535159,0.7253815040426688
GO BP: Maturation of SSU-rRNA (GO:0030490),1,58,0.619378429535159,0.7253815040426688
GO BP: Neurotransmitter Transport (GO:0006836),1,58,0.619378429535159,0.7253815040426688
GO BP: TRNA Modification (GO:0006400),1,58,0.619378429535159,0.7253815040426688
Reactome: Dual Incision in TC-NER,1,58,0.619378429535159,0.7253815040426688
Reactome: Gap-filling DNA Repair Synthesis and Ligation in TC-NER,1,58,0.619378429535159,0.7253815040426688
Reactome: Regulation of RUNX2 Expression and Activity,1,58,0.619378429535159,0.7253815040426688
GO BP: Positive Regulation of Signal Transduction (GO:0009967),4,259,0.6212640948674222,0.7272280851904086
GO BP: Enzyme-linked Receptor Protein Signaling Pathway (GO:0007167),2,127,0.6222686784595164,0.7276803125155
Reactome: DNA Double-Strand Break Repair,2,127,0.6222686784595164,0.7276803125155
GO BP: Regulation of MAPK Cascade (GO:0043408),4,260,0.6242869567925446,0.7284095490145722
GO BP: Cellular Response to Unfolded Protein (GO:0034620),1,59,0.6256771912096283,0.7284095490145722
GO BP: Glycolipid Biosynthetic Process (GO:0009247),1,59,0.6256771912096283,0.7284095490145722
GO BP: Positive Regulation of DNA-templated Transcription Initiation (GO:2000144),1,59,0.6256771912096283,0.7284095490145722
GO BP: Regulation of Intracellular Transport (GO:0032386),1,59,0.6256771912096283,0.7284095490145722
GO BP: Regulation of Type I Interferon Production (GO:0032479),1,59,0.6256771912096283,0.7284095490145722
GO BP: Skin Development (GO:0043588),1,59,0.6256771912096283,0.7284095490145722
Reactome: Processing of DNA Double-Strand Break Ends,1,59,0.6256771912096283,0.7284095490145722
Reactome: Regulation of PTEN Gene Transcription,1,59,0.6256771912096283,0.7284095490145722
GO BP: Receptor-mediated Endocytosis (GO:0006898),2,128,0.6265356421484511,0.7289818785078649
GO BP: Organelle Assembly (GO:0070925),5,326,0.6267881572217155,0.7289818785078649
GO BP: Cartilage Development (GO:0051216),1,60,0.631872127142211,0.7327226538388003
GO BP: Cell Cycle G1/S Phase Transition (GO:0044843),1,60,0.631872127142211,0.7327226538388003
GO BP: Positive Regulation of Neurogenesis (GO:0050769),1,60,0.631872127142211,0.7327226538388003
GO BP: Protein-containing Complex Disassembly (GO:0032984),1,60,0.631872127142211,0.7327226538388003
Reactome: Collagen Biosynthesis and Modifying Enzymes,1,60,0.631872127142211,0.7327226538388003
Reactome: ISG15 Antiviral Mechanism,1,60,0.631872127142211,0.7327226538388003
GO BP: Sensory Perception of Light Stimulus (GO:0050953),2,130,0.6349576469460338,0.7352141175164603
GO BP: Visual Perception (GO:0007601),2,130,0.6349576469460338,0.7352141175164603
Reactome: Signaling by Hedgehog,2,130,0.6349576469460338,0.7352141175164603
GO BP: Intracellular Iron Ion Homeostasis (GO:0006879),1,61,0.6379649419859343,0.7361615065857301
GO BP: Negative Regulation of Immune Response (GO:0050777),1,61,0.6379649419859343,0.7361615065857301
GO BP: Pattern Recognition Receptor Signaling Pathway (GO:0002221),1,61,0.6379649419859343,0.7361615065857301
GO BP: Positive Regulation of Mitotic Cell Cycle Phase Transition (GO:1901992),1,61,0.6379649419859343,0.7361615065857301
GO BP: Positive Regulation of Phosphorylation (GO:0042327),1,61,0.6379649419859343,0.7361615065857301
Reactome: FOXO-mediated Transcription,1,61,0.6379649419859343,0.7361615065857301
Reactome: NCAM Signaling for Neurite Out-Growth,1,61,0.6379649419859343,0.7361615065857301
GO BP: Defense Response to Bacterium (GO:0042742),2,131,0.639112828008616,0.7367637596142419
GO BP: Regulation of Cytoskeleton Organization (GO:0051493),2,131,0.639112828008616,0.7367637596142419
GO BP: Membraneless Organelle Assembly (GO:0140694),2,132,0.6432309011157602,0.7387307571468702
GO BP: Protein Processing (GO:0016485),2,132,0.6432309011157602,0.7387307571468702
GO BP: Regulation of Macromolecule Biosynthetic Process (GO:0010556),2,132,0.6432309011157602,0.7387307571468702
Reactome: Sensory Perception,3,200,0.643873801847181,0.7387307571468702
GO BP: RNA Export From Nucleus (GO:0006405),1,62,0.6439573125171527,0.7387307571468702
Reactome: COPII-mediated Vesicle Transport,1,62,0.6439573125171527,0.7387307571468702
Reactome: Complex I Biogenesis,1,62,0.6439573125171527,0.7387307571468702
Reactome: Maternal to Zygotic Transition (MZT),1,62,0.6439573125171527,0.7387307571468702
Reactome: Synthesis of Substrates in N-glycan Biosythesis,1,62,0.6439573125171527,0.7387307571468702
Reactome: Transport of Mature mRNA Derived From an Intron-Containing Transcript,1,62,0.6439573125171527,0.7387307571468702
GO BP: Autophagosome Organization (GO:1905037),1,63,0.6498508880896023,0.7436796259421118
GO BP: Positive Regulation of Apoptotic Signaling Pathway (GO:2001235),1,63,0.6498508880896023,0.7436796259421118
GO BP: Regulation of Extrinsic Apoptotic Signaling Pathway (GO:2001236),1,63,0.6498508880896023,0.7436796259421118
GO BP: Spermatid Development (GO:0007286),1,63,0.6498508880896023,0.7436796259421118
Reactome: Transcription of the HIV Genome,1,63,0.6498508880896023,0.7436796259421118
Reactome: Class A 1 (Rhodopsin-like Receptors),4,269,0.6508025557795696,0.7444068106438809
GO BP: Negative Regulation of Protein Metabolic Process (GO:0051248),2,134,0.6513560866626653,0.7446781097639215
GO BP: Calcium Ion Transport (GO:0006816),2,135,0.6553633982784521,0.7463219164433803
GO BP: Macromolecule Catabolic Process (GO:0009057),1,64,0.6556472910811004,0.7463219164433803
GO BP: Negative Regulation of Cell Adhesion (GO:0007162),1,64,0.6556472910811004,0.7463219164433803
GO BP: Negative Regulation of Cytokine-Mediated Signaling Pathway (GO:0001960),1,64,0.6556472910811004,0.7463219164433803
GO BP: Phospholipid Metabolic Process (GO:0006644),1,64,0.6556472910811004,0.7463219164433803
GO BP: Positive Regulation of Endothelial Cell Proliferation (GO:0001938),1,64,0.6556472910811004,0.7463219164433803
GO BP: Positive Regulation of Proteasomal Ubiquitin-Dependent Protein Catabolic Process (GO:0032436),1,64,0.6556472910811004,0.7463219164433803
Reactome: Loss of Nlp From Mitotic Centrosomes,1,64,0.6556472910811004,0.7463219164433803
Reactome: Loss of Proteins Required for Interphase Microtubule Organization From the Centrosome,1,64,0.6556472910811004,0.7463219164433803
GO BP: Chromatin Remodeling (GO:0006338),4,271,0.6565240214598576,0.7469586981713411
Hallmark: DNA Repair,2,136,0.6593339997824659,0.7495490939825944
GO BP: Carbohydrate Derivative Biosynthetic Process (GO:1901137),1,65,0.6613481173329858,0.7495490939825944
GO BP: Cellular Response to UV (GO:0034644),1,65,0.6613481173329858,0.7495490939825944
GO BP: Eye Development (GO:0001654),1,65,0.6613481173329858,0.7495490939825944
GO BP: Plasma Membrane Organization (GO:0007009),1,65,0.6613481173329858,0.7495490939825944
GO BP: Spliceosomal Complex Assembly (GO:0000245),1,65,0.6613481173329858,0.7495490939825944
Reactome: High Laminar Flow Shear Stress Activates Signaling by PIEZO1 and PECAM1 CDH5 KDR in Endothelial Cell,1,65,0.6613481173329858,0.7495490939825944
Reactome: Phase II - Conjugation of Compounds,1,65,0.6613481173329858,0.7495490939825944
GO BP: Positive Regulation of ERK1 and ERK2 Cascade (GO:0070374),2,137,0.6632680072066278,0.7513632766912425
GO BP: Autophagosome Assembly (GO:0000045),1,66,0.6669549365824399,0.7532410971581911
GO BP: Cell Chemotaxis (GO:0060326),1,66,0.6669549365824399,0.7532410971581911
GO BP: Gland Development (GO:0048732),1,66,0.6669549365824399,0.7532410971581911
GO BP: Peptidyl-lysine Modification (GO:0018205),1,66,0.6669549365824399,0.7532410971581911
GO BP: Regulation of Heart Contraction (GO:0008016),1,66,0.6669549365824399,0.7532410971581911
GO BP: Regulation of Non-Canonical NF-kappaB Signal Transduction (GO:1901222),1,66,0.6669549365824399,0.7532410971581911
GO BP: Positive Regulation of Response to External Stimulus (GO:0032103),2,138,0.6671655427250758,0.7532410971581911
GO BP: Cell Surface Receptor Protein Tyrosine Kinase Signaling Pathway (GO:0007169),4,276,0.6705521842199675,0.7567017457592539
GO BP: Chordate Embryonic Development (GO:0043009),1,67,0.672469292887784,0.7570505573686482
GO BP: Positive Regulation of Growth (GO:0045927),1,67,0.672469292887784,0.7570505573686482
GO BP: Protein Import Into Nucleus (GO:0006606),1,67,0.672469292887784,0.7570505573686482
GO BP: Response to Ionizing Radiation (GO:0010212),1,67,0.672469292887784,0.7570505573686482
Reactome: AURKA Activation by TPX2,1,67,0.672469292887784,0.7570505573686482
GO BP: Protein Ubiquitination (GO:0016567),5,345,0.6758668108826363,0.75971884233983
Reactome: Antigen Processing Ubiquitination & Proteasome Degradation,4,278,0.6760526584054845,0.75971884233983
Reactome: Signaling by Rho GTPases,9,608,0.6763037237161711,0.75971884233983
GO BP: Establishment of Protein Localization to Membrane (GO:0090150),1,68,0.6778927050468813,0.75971884233983
GO BP: Negative Regulation of Canonical NF-kappaB Signal Transduction (GO:0043124),1,68,0.6778927050468813,0.75971884233983
GO BP: Neurogenesis (GO:0022008),1,68,0.6778927050468813,0.75971884233983
GO BP: Phosphatidylinositol Metabolic Process (GO:0046488),1,68,0.6778927050468813,0.75971884233983
GO BP: Positive Regulation of Intracellular Transport (GO:0032388),1,68,0.6778927050468813,0.75971884233983
GO BP: Positive Regulation of Secretion by Cell (GO:1903532),1,68,0.6778927050468813,0.75971884233983
GO BP: Defense Response to Virus (GO:0051607),2,141,0.6786406268834466,0.75971884233983
Reactome: RHOA GTPase Cycle,2,141,0.6786406268834466,0.75971884233983
GO BP: Adenylate Cyclase-Modulating G Protein-Coupled Receptor Signaling Pathway (GO:0007188),3,211,0.6793577583370187,0.75971884233983
GO BP: Regulation of Canonical Wnt Signaling Pathway (GO:0060828),3,211,0.6793577583370187,0.75971884233983
Reactome: Deubiquitination,3,211,0.6793577583370187,0.75971884233983
Reactome: GPCR Downstream Signalling,8,545,0.6804941149660523,0.7606282747531278
Reactome: Signaling by GPCR,9,611,0.6819349095006899,0.7617301541964686
Reactome: Respiratory Electron Transport,2,142,0.6823936113572469,0.7617301541964686
GO BP: Regulation of Signal Transduction (GO:0009966),3,212,0.682450677655205,0.7617301541964686
GO BP: Negative Regulation of Cell Population Proliferation (GO:0008285),5,348,0.6832139598116262,0.7618737916336283
GO BP: RNA Metabolic Process (GO:0016070),1,69,0.6832266670087466,0.7618737916336283
GO BP: Positive Regulation of Cytokine Production (GO:0001819),4,281,0.6841841319407417,0.762580230392285
GO BP: Positive Regulation of Protein Localization to Nucleus (GO:1900182),1,70,0.6884726482784749,0.765858325524821
Reactome: Hedgehog 'On' State,1,70,0.6884726482784749,0.765858325524821
Reactome: RHOC GTPase Cycle,1,70,0.6884726482784749,0.765858325524821
Reactome: Asparagine N-linked Glycosylation,4,284,0.6921721771018721,0.765858325524821
Reactome: CDC42 GTPase Cycle,2,145,0.6934385258543899,0.765858325524821
Reactome: Death Receptor Signaling,2,145,0.6934385258543899,0.765858325524821
Reactome: Ub-specific Processing Proteases,2,145,0.6934385258543899,0.765858325524821
GO BP: Embryonic Organ Development (GO:0048568),1,71,0.6936320943155982,0.765858325524821
GO BP: Positive Regulation of Cytoskeleton Organization (GO:0051495),1,71,0.6936320943155982,0.765858325524821
GO BP: Positive Regulation of Endocytosis (GO:0045807),1,71,0.6936320943155982,0.765858325524821
GO BP: Protein Deubiquitination (GO:0016579),1,71,0.6936320943155982,0.765858325524821
GO BP: Regulation of Cytokinesis (GO:0032465),1,71,0.6936320943155982,0.765858325524821
GO BP: Regulation of DNA Replication (GO:0006275),1,71,0.6936320943155982,0.765858325524821
GO BP: Regulation of Innate Immune Response (GO:0045088),1,71,0.6936320943155982,0.765858325524821
GO BP: Wound Healing (GO:0042060),1,71,0.6936320943155982,0.765858325524821
Hallmark: IL-6/JAK/STAT3 Signaling,1,71,0.6936320943155982,0.765858325524821
Reactome: Bacterial Infection Pathways,1,71,0.6936320943155982,0.765858325524821
Reactome: Cyclin E Associated Events During G1 S Transition,1,71,0.6936320943155982,0.765858325524821
Reactome: Transcription-Coupled Nucleotide Excision Repair (TC-NER),1,71,0.6936320943155982,0.765858325524821
Reactome: UCH Proteinases,1,71,0.6936320943155982,0.765858325524821
GO BP: Inflammatory Response (GO:0006954),3,217,0.6975838851347482,0.7696560266653052
GO BP: Positive Regulation of Protein Secretion (GO:0050714),1,72,0.6987064269259802,0.7696560266653052
Reactome: Centrosome Maturation,1,72,0.6987064269259802,0.7696560266653052
Reactome: Downstream TCR Signaling,1,72,0.6987064269259802,0.7696560266653052
Reactome: Recruitment of Mitotic Centrosome Proteins and Complexes,1,72,0.6987064269259802,0.7696560266653052
GO BP: Protein Transport (GO:0015031),4,287,0.7000165609487703,0.7707385334300305
GO BP: Lymphocyte Differentiation (GO:0030098),1,73,0.7036970446473413,0.7722623977155437
GO BP: Negative Regulation of Blood Vessel Morphogenesis (GO:2000181),1,73,0.7036970446473413,0.7722623977155437
GO BP: Protein N-linked Glycosylation (GO:0006487),1,73,0.7036970446473413,0.7722623977155437
GO BP: Regulation of Double-Strand Break Repair via Homologous Recombination (GO:0010569),1,73,0.7036970446473413,0.7722623977155437
GO BP: Sphingolipid Metabolic Process (GO:0006665),1,73,0.7036970446473413,0.7722623977155437
Reactome: Cyclin A Cdk2-associated Events at S Phase Entry,1,73,0.7036970446473413,0.7722623977155437
Reactome: ECM Proteoglycans,1,73,0.7036970446473413,0.7722623977155437
GO BP: Negative Regulation of Cellular Process (GO:0048523),7,491,0.7041896426609635,0.772442879228289
"Reactome: Signaling by Rho GTPases, Miro GTPases and RHOBTB3",9,624,0.7056473669375173,0.7736813701774177
GO BP: Cilium Organization (GO:0044782),3,220,0.7063996391801751,0.7741456008520169
GO BP: Adenylate Cyclase-Activating G Protein-Coupled Receptor Signaling Pathway (GO:0007189),2,149,0.7076717090342459,0.7743996892500322
GO BP: Protein Localization to Organelle (GO:0033365),2,149,0.7076717090342459,0.7743996892500322
GO BP: Positive Regulation of Tumor Necrosis Factor Production (GO:0032760),1,74,0.7086053231285341,0.7743996892500322
GO BP: Regulation of Plasma Membrane Bounded Cell Projection Assembly (GO:0120032),1,74,0.7086053231285341,0.7743996892500322
Reactome: Extra-nuclear Estrogen Signaling,1,74,0.7086053231285341,0.7743996892500322
"Reactome: Transport of Bile Salts and Organic Acids, Metal Ions and Amine Compounds",1,74,0.7086053231285341,0.7743996892500322
GO BP: Cytokine-mediated Signaling Pathway (GO:0019221),3,222,0.7121673068909185,0.7778695585424971
GO BP: Cellular Response to Hypoxia (GO:0071456),1,75,0.7134326155026556,0.7778695585424971
GO BP: Myeloid Leukocyte Differentiation (GO:0002573),1,75,0.7134326155026556,0.7778695585424971
GO BP: Protein Tetramerization (GO:0051262),1,75,0.7134326155026556,0.7778695585424971
Reactome: Biosynthesis of the N-glycan Precursor (Dolichol LLO) and Transfer to a Nascent Protein,1,75,0.7134326155026556,0.7778695585424971
GO BP: Proteasomal Protein Catabolic Process (GO:0010498),4,293,0.7152742041265248,0.7795164243119626
GO BP: Regulation of Apoptotic Process (GO:0042981),9,630,0.7162070571967525,0.7801718707270502
Reactome: Peptide Ligand-Binding Receptors,2,152,0.7179826414815363,0.7805153808786507
GO BP: B Cell Activation (GO:0042113),1,76,0.7181802527541026,0.7805153808786507
GO BP: Cellular Response to Decreased Oxygen Levels (GO:0036294),1,76,0.7181802527541026,0.7805153808786507
Reactome: RSV-host Interactions,1,76,0.7181802527541026,0.7805153808786507
Reactome: Signaling by MET,1,76,0.7181802527541026,0.7805153808786507
GO BP: Cellular Response to Nitrogen Compound (GO:1901699),2,153,0.7213512736217844,0.7832384216354615
GO BP: Synapse Organization (GO:0050808),2,153,0.7213512736217844,0.7832384216354615
GO BP: Negative Regulation of Neuron Apoptotic Process (GO:0043524),1,77,0.7228495440796691,0.7837806664042105
GO BP: Positive Regulation of Tumor Necrosis Factor Superfamily Cytokine Production (GO:1903557),1,77,0.7228495440796691,0.7837806664042105
GO BP: Regulation of Smoothened Signaling Pathway (GO:0008589),1,77,0.7228495440796691,0.7837806664042105
GO BP: Positive Regulation of Ubiquitin-Dependent Protein Catabolic Process (GO:2000060),1,78,0.7274417772437786,0.7873093993709678
GO BP: Protein Modification by Small Protein Removal (GO:0070646),1,78,0.7274417772437786,0.7873093993709678
GO BP: Vascular Transport (GO:0010232),1,78,0.7274417772437786,0.7873093993709678
Reactome: Integrin Cell Surface Interactions,1,78,0.7274417772437786,0.7873093993709678
GO BP: Brain Development (GO:0007420),2,155,0.7279871706210975,0.7875375917472719
GO BP: Negative Regulation of Programmed Cell Death (GO:0043069),5,368,0.7293195547890368,0.7886165512050494
Reactome: SUMO E3 Ligases SUMOylate Target Proteins,2,156,0.7312548292715297,0.7900181785219569
GO BP: Regulation of BMP Signaling Pathway (GO:0030510),1,79,0.7319582189279473,0.7900181785219569
GO BP: Regulation of Organelle Assembly (GO:1902115),1,79,0.7319582189279473,0.7900181785219569
GO BP: Regulation of Type II Interferon Production (GO:0032649),1,79,0.7319582189279473,0.7900181785219569
GO BP: Mitochondrial Respiratory Chain Complex Assembly (GO:0033108),1,80,0.7364001150745744,0.7926318568292401
GO BP: Positive Regulation of Cell Adhesion (GO:0045785),1,80,0.7364001150745744,0.7926318568292401
GO BP: Regulation of Epithelial to Mesenchymal Transition (GO:0010717),1,80,0.7364001150745744,0.7926318568292401
GO BP: Signal Transduction in Response to DNA Damage (GO:0042770),1,80,0.7364001150745744,0.7926318568292401
GO BP: Transport Across Blood-Brain Barrier (GO:0150104),1,80,0.7364001150745744,0.7926318568292401
Reactome: Global Genome Nucleotide Excision Repair (GG-NER),1,80,0.7364001150745744,0.7926318568292401
GO BP: Proteolysis (GO:0006508),4,302,0.7370861692681455,0.7930076976495496
GO BP: Pos Reg Transmembrane Rec Protein Serine/Threonine Kinase Signaling Pathway (GO:0090100),1,81,0.7407686912251448,0.7962417804310461
Reactome: Collagen Formation,1,81,0.7407686912251448,0.7962417804310461
GO BP: Positive Regulation of Macromolecule Biosynthetic Process (GO:0010557),4,304,0.7417591983235658,0.7969425617771219
Reactome: TCF Dependent Signaling in Response to WNT,2,160,0.7439949137540659,0.7989799393143573
Reactome: HATs Acetylate Histones,1,82,0.7450651528529435,0.7990357037885325
Reactome: Platelet Homeostasis,1,82,0.7450651528529435,0.7990357037885325
Reactome: Regulation of PLK1 Activity at G2 M Transition,1,82,0.7450651528529435,0.7990357037885325
Reactome: SUMOylation,2,161,0.747098331346465,0.8008513078276769
Reactome: Mitochondrial Translation Elongation,1,83,0.7492906856903606,0.8017410336886859
Reactome: Mitochondrial Translation Initiation,1,83,0.7492906856903606,0.8017410336886859
Reactome: Mitochondrial Translation Termination,1,83,0.7492906856903606,0.8017410336886859
Reactome: Recruitment of NuMA to Mitotic Centrosomes,1,83,0.7492906856903606,0.8017410336886859
GO BP: Anterograde Trans-Synaptic Signaling (GO:0098916),2,162,0.7501695285392739,0.8023167061251479
GO BP: Negative Regulation of Angiogenesis (GO:0016525),1,84,0.7534464560508838,0.8039949943534817
GO BP: Regulation of Vesicle-Mediated Transport (GO:0060627),1,84,0.7534464560508838,0.8039949943534817
Reactome: Mitochondrial Protein Degradation,1,84,0.7534464560508838,0.8039949943534817
Reactome: Regulation of TP53 Activity Through Phosphorylation,1,84,0.7534464560508838,0.8039949943534817
Reactome: Transcriptional Regulation by RUNX3,1,84,0.7534464560508838,0.8039949943534817
GO BP: Actin Filament Organization (GO:0007015),2,164,0.7562161189017426,0.8065848409128691
GO BP: Regulation of Cilium Assembly (GO:1902017),1,85,0.7575336111458563,0.8068932672567175
GO BP: Regulation of Protein Localization to Plasma Membrane (GO:1903076),1,85,0.7575336111458563,0.8068932672567175
Reactome: Protein-protein Interactions at Synapses,1,85,0.7575336111458563,0.8068932672567175
Reactome: Hemostasis,7,520,0.7583522447995643,0.8073999024234166
GO BP: Monoatomic Cation Transmembrane Transport (GO:0098655),4,313,0.7620131606273868,0.8109308228376441
GO BP: Actomyosin Structure Organization (GO:0031032),1,87,0.7655065707384195,0.8128112167425527
GO BP: Calcium-mediated Signaling (GO:0019722),1,87,0.7655065707384195,0.8128112167425527
GO BP: Phagocytosis (GO:0006909),1,87,0.7655065707384195,0.8128112167425527
GO BP: Positive Regulation of Supramolecular Fiber Organization (GO:1902905),1,87,0.7655065707384195,0.8128112167425527
GO BP: Regulation of Protein Secretion (GO:0050708),1,87,0.7655065707384195,0.8128112167425527
Hallmark: Complement,2,169,0.7707839055619627,0.8180456779498919
GO BP: Positive Regulation of DNA Metabolic Process (GO:0051054),1,89,0.773218371831302,0.8187836470044467
GO BP: Positive Regulation of Proteasomal Protein Catabolic Process (GO:1901800),1,89,0.773218371831302,0.8187836470044467
GO BP: Regulation of Protein Phosphorylation (GO:0001932),1,89,0.773218371831302,0.8187836470044467
Reactome: Mitochondrial Translation,1,89,0.773218371831302,0.8187836470044467
Reactome: Protein Folding,1,89,0.773218371831302,0.8187836470044467
Reactome: Ion Channel Transport,2,171,0.7763961910427792,0.8217790619220784
Reactome: Signaling by Interleukins,5,392,0.7780364258521603,0.8231450545869596
GO BP: Phosphorylation (GO:0016310),3,248,0.7793865169952837,0.8242029923660816
Reactome: RAF MAP Kinase Cascade,3,249,0.781693479318988,0.8261065145230571
GO BP: Negative Regulation of Cell Migration (GO:0030336),2,173,0.7818884088179147,0.8261065145230571
Hallmark: Protein Secretion,1,92,0.7843149653308963,0.827185227772818
Reactome: Anchoring of the Basal Body to the Plasma Membrane,1,92,0.7843149653308963,0.827185227772818
Reactome: HDR Through Homologous Recombination (HRR) or Single Strand Annealing (SSA),1,92,0.7843149653308963,0.827185227772818
Reactome: Potential Therapeutics for SARS,1,92,0.7843149653308963,0.827185227772818
GO BP: Hemopoiesis (GO:0030097),1,93,0.7878923061832334,0.8294715960444237
GO BP: Organic Anion Transport (GO:0015711),1,93,0.7878923061832334,0.8294715960444237
GO BP: Regulation of Actin Filament-Based Process (GO:0032970),1,93,0.7878923061832334,0.8294715960444237
Reactome: TCR Signaling,1,93,0.7878923061832334,0.8294715960444237
GO BP: Membrane Organization (GO:0061024),2,176,0.7899055786382378,0.8308479589429901
Hallmark: KRAS Signaling Dn,2,176,0.7899055786382378,0.8308479589429901
Reactome: VEGFA-VEGFR2 Pathway,1,94,0.7914105468582725,0.8320591457366563
Reactome: MAPK1 MAPK3 Signaling,3,254,0.7929327258264874,0.8332873377658712
GO BP: Negative Regulation of Growth (GO:0045926),1,95,0.7948706598756855,0.8340813471336256
Reactome: Hedgehog 'Off' State,1,95,0.7948706598756855,0.8340813471336256
Reactome: Post-translational Protein Phosphorylation,1,95,0.7948706598756855,0.8340813471336256
GO BP: Extracellular Matrix Organization (GO:0030198),2,178,0.7951055832488767,0.8340813471336256
GO BP: DNA Replication (GO:0006260),1,96,0.7982736018153722,0.8366589753666012
Reactome: Interleukin-1 Signaling,1,96,0.7982736018153722,0.8366589753666012
GO BP: Cell Junction Assembly (GO:0034329),1,97,0.801620313577676,0.8390458951364382
GO BP: Positive Regulation of Cellular Component Organization (GO:0051130),1,97,0.801620313577676,0.8390458951364382
Reactome: Respiratory Syncytial Virus Infection Pathway,1,97,0.801620313577676,0.8390458951364382
GO BP: Positive Regulation of Cell Growth (GO:0030307),1,98,0.8049117206393683,0.8413686458193042
GO BP: Sensory Perception of Mechanical Stimulus (GO:0050954),1,98,0.8049117206393683,0.8413686458193042
Reactome: Homology Directed Repair,1,98,0.8049117206393683,0.8413686458193042
GO BP: Protein Modification Process (GO:0036211),5,408,0.8066066464374932,0.8427661099484506
Reactome: Vesicle-mediated Transport,8,623,0.8110512859498369,0.8465762895996143
GO BP: Regulation of Actin Cytoskeleton Organization (GO:0032956),1,100,0.8113322469569795,0.8465762895996143
Reactome: Cargo Recognition for Clathrin-Mediated Endocytosis,1,100,0.8113322469569795,0.8465762895996143
GO BP: Regulation of Protein Localization (GO:0032880),1,101,0.8144631422945665,0.8494666535052767
GO BP: Regulation of TORC1 Signaling (GO:1903432),1,102,0.8175422855783134,0.851923213922687
Reactome: Integration of Energy Metabolism,1,102,0.8175422855783134,0.851923213922687
Hallmark: Apical Junction,2,188,0.8194371708735383,0.8531903820427479
GO BP: Cellular Response to Chemical Stress (GO:0062197),1,103,0.8205705288635434,0.8531903820427479
GO BP: Positive Regulation of Protein Phosphorylation (GO:0001934),1,103,0.8205705288635434,0.8531903820427479
GO BP: Sensory Perception of Sound (GO:0007605),1,103,0.8205705288635434,0.8531903820427479
Reactome: Signaling by VEGF,1,103,0.8205705288635434,0.8531903820427479
GO BP: Neuron Differentiation (GO:0030182),2,189,0.8217228671462573,0.8532578867500175
GO BP: Regulation of Cell Growth (GO:0001558),2,189,0.8217228671462573,0.8532578867500175
Reactome: Muscle Contraction,2,189,0.8217228671462573,0.8532578867500175
GO BP: Intracellular Signaling Cassette (GO:0141124),4,344,0.8224342317060607,0.8536200094515286
Reactome: Transport of Inorganic Cations Anions and Amino Acids Oligopeptides,1,104,0.8235487102328247,0.8544000281569278
GO BP: Positive Regulation of MAPK Cascade (GO:0043410),4,345,0.8241534976394735,0.8546508076842823
GO BP: Protein Maturation (GO:0051604),2,191,0.8262168056388037,0.855929783358095
GO BP: Intrinsic Apoptotic Signaling Pathway (GO:0097193),1,105,0.8264776540241928,0.855929783358095
GO BP: Mitotic Cell Cycle Phase Transition (GO:0044772),1,105,0.8264776540241928,0.855929783358095
Reactome: G Alpha (Q) Signalling Events,2,193,0.830608991660342,0.8598300643660708
Reactome: Extracellular Matrix Organization,3,273,0.8313401216348686,0.8602086357487827
GO BP: Regulation of Cellular Response to Stress (GO:0080135),1,107,0.8321910588460936,0.8603327854737391
Reactome: Regulation of IGF Transport and Uptake by Insulin-like Growth Factor Binding Proteins (IGFBPs),1,107,0.8321910588460936,0.8603327854737391
GO BP: Protein Stabilization (GO:0050821),2,196,0.8370104554887996,0.8645557754368733
GO BP: Regulation of ERK1 and ERK2 Cascade (GO:0070372),2,196,0.8370104554887996,0.8645557754368733
GO BP: Cell-matrix Adhesion (GO:0007160),1,110,0.8404117270101984,0.8673078497948299
GO BP: Positive Regulation of Protein Catabolic Process (GO:0045732),1,110,0.8404117270101984,0.8673078497948299
GO BP: Protein Localization to Nucleus (GO:0034504),1,111,0.8430618145723008,0.8696614861977195
Reactome: Fc Epsilon Receptor (FCERI) Signaling,1,115,0.8532309908851302,0.8797659888495823
Reactome: G1 S Transition,1,116,0.8556690142923541,0.8818935462540286
GO BP: Regulation of Transforming Growth Factor Beta Receptor Signaling Pathway (GO:0017015),1,117,0.8580666982864342,0.8839776839239677
GO BP: Negative Regulation of Signal Transduction (GO:0009968),3,289,0.8587995073855471,0.8843455994687568
GO BP: MAPK Cascade (GO:0000165),1,118,0.8604247076849185,0.8856317279800168
Reactome: Transport of Small Molecules,8,664,0.8612034865860785,0.8856774476568934
Reactome: Membrane Trafficking,7,592,0.8612216132908365,0.8856774476568934
Reactome: MAPK Family Signaling Cascades,3,291,0.8619425836279018,0.8860318086725243
GO BP: Proteasome-mediated Ubiquitin-Dependent Protein Catabolic Process (GO:0043161),4,373,0.8669720802021637,0.8899507093503823
"GO BP: Negative Regulation of Gene Expression, Epigenetic (GO:0045814)",1,121,0.8672671738529214,0.8899507093503823
Reactome: Cardiac Conduction,1,121,0.8672671738529214,0.8899507093503823
Reactome: Late Phase of HIV Life Cycle,1,121,0.8672671738529214,0.8899507093503823
GO BP: DNA Repair (GO:0006281),3,295,0.8680457148827462,0.8903614870736316
Hallmark: Coagulation,1,123,0.8716421503491635,0.8936609851576354
Reactome: Degradation of the Extracellular Matrix,1,124,0.8737754745356221,0.8954581920143032
GO BP: Negative Regulation of Inflammatory Response (GO:0050728),1,125,0.87587348207276,0.8968273931271321
Reactome: PTEN Regulation,1,125,0.87587348207276,0.8968273931271321
Reactome: GPCR Ligand Binding,4,382,0.8786992703310023,0.8993296010257302
GO BP: Phosphate-containing Compound Metabolic Process (GO:0006796),1,127,0.8799658670306147,0.8994527359922132
Reactome: Factors Involved in Megakaryocyte Development and Platelet Production,1,127,0.8799658670306147,0.8994527359922132
Reactome: Macroautophagy,1,127,0.8799658670306147,0.8994527359922132
Reactome: Cytokine Signaling in Immune System,7,612,0.8824764989218039,0.9016274646102111
Reactome: Interleukin-1 Family Signaling,1,129,0.8839238501772314,0.9027144222634285
GO BP: Regulation of Cell Population Proliferation (GO:0042127),8,688,0.8852252093403605,0.9036514062390324
Reactome: Mitotic G1 Phase and G1 S Transition,1,132,0.8896184003452077,0.9077002777559052
Reactome: SLC-mediated Transmembrane Transport,2,226,0.8899627192271152,0.9077002777559052
Reactome: HIV Life Cycle,1,133,0.8914540552320365,0.9088275643205777
GO BP: Positive Regulation of Protein Localization (GO:1903829),1,135,0.8950346456894315,0.9120829246549444
GO BP: Transcription Initiation at RNA Polymerase II Promoter (GO:0006367),1,136,0.8967805763998533,0.9134666710710752
Reactome: M Phase,3,318,0.8987359789604578,0.9150624976093934
GO BP: Regulation of Cytokine Production (GO:0001817),1,139,0.9018467109768732,0.9174361096108727
Reactome: ER to Golgi Anterograde Transport,1,139,0.9018467109768732,0.9174361096108727
GO BP: Cellular Response to Growth Factor Stimulus (GO:0071363),1,140,0.9034797684942285,0.9179073694585299
Reactome: Autophagy,1,140,0.9034797684942285,0.9179073694585299
Reactome: Clathrin-mediated Endocytosis,1,140,0.9034797684942285,0.9179073694585299
GO BP: Negative Regulation of Multicellular Organismal Process (GO:0051241),2,237,0.9050245133996904,0.9190801141254836
Reactome: S Phase,1,146,0.9127251582262597,0.9265006565177297
Reactome: RHO GTPase Effectors,2,248,0.9181484403126035,0.9316040640068398
GO BP: Chemical Synaptic Transmission (GO:0007268),2,249,0.9192533387821872,0.932323291466294
Reactome: Apoptosis,1,152,0.9210881608451483,0.9337818822693709
GO BP: Regulation of Protein Catabolic Process (GO:0042176),1,154,0.9236944818484664,0.9360210117396857
Reactome: Signaling by WNT,2,256,0.9266047056534616,0.9385660400637903
GO BP: Protein Catabolic Process (GO:0030163),1,157,0.9274440652724254,0.9390121847962535
GO BP: DNA Damage Response (GO:0006974),4,432,0.9288434441301157,0.940024706570203
GO BP: Regulation of Canonical NF-kappaB Signal Transduction (GO:0043122),2,259,0.9295586054356316,0.94034420163106
GO BP: Negative Regulation of Cytokine Production (GO:0001818),1,162,0.9332899197174583,0.9433417631611049
Reactome: Metabolism of Carbohydrates,2,263,0.9333232652515774,0.9433417631611049
GO BP: Heart Development (GO:0007507),1,167,0.9386665036282225,0.9483351714767535
Reactome: Transport to the Golgi and Subsequent Modification,1,168,0.939688864882586,0.9489607841843017
GO BP: Regulation of Programmed Cell Death (GO:0043067),1,169,0.9406942515452088,0.9491617094459587
Reactome: G2 M Transition,1,169,0.9406942515452088,0.9491617094459587
GO BP: Central Nervous System Development (GO:0007417),2,273,0.9419212129056319,0.9499925172150203
Reactome: Mitotic G2-G2 M Phases,1,171,0.9426552193569142,0.9503256472660282
"Reactome: Cell Cycle, Mitotic",4,454,0.9442956290400257,0.9515718796062589
GO BP: Positive Regulation of Gene Expression (GO:0010628),3,371,0.9464637414788604,0.9533485868383558
Reactome: Programmed Cell Death,1,176,0.9472796770365617,0.9537623437741943
Hallmark: heme Metabolism,1,178,0.9490237024531879,0.9551097886168467
GO BP: Metal Ion Transport (GO:0030001),1,183,0.9531364425362353,0.958838968260811
GO BP: Protein Modification by Small Protein Conjugation (GO:0032446),2,290,0.9541763631312012,0.9594750785180896
Reactome: Mitotic Prometaphase,1,185,0.9546874402875284,0.9595790924153893
GO BP: Positive Regulation of Canonical NF-kappaB Signal Transduction (GO:0043123),1,190,0.9583448845848913,0.9628441563435057
Reactome: Cell Cycle,5,571,0.9613322261925867,0.9654334728913606
Reactome: HIV Infection,1,196,0.9623476758442425,0.9656597070864736
GO BP: Protein-containing Complex Assembly (GO:0065003),2,304,0.9623779408771738,0.9656597070864736
GO BP: Neuron Projection Development (GO:0031175),1,205,0.9676448293841099,0.9705308599787792
GO BP: Negative Regulation of Gene Expression (GO:0010629),2,336,0.9761784267666799,0.9786729201911262
GO BP: Positive Regulation of Programmed Cell Death (GO:0043068),1,226,0.9772938944436904,0.9793741283611951
GO BP: Apoptotic Process (GO:0006915),1,229,0.9784149390821022,0.9800803262124547
GO BP: Cellular Component Assembly (GO:0022607),2,354,0.9816419958208098,0.982894622782725
GO BP: Positive Regulation of Apoptotic Process (GO:0043065),1,268,0.9888343142477647,0.9896751597530774
GO BP: DNA Metabolic Process (GO:0006259),1,309,0.9944265893857328,0.9948492101207034
Reactome: Neuronal System,1,390,0.9985956486937098,0.9985956486937098
