library,cluster,term,p_value,overlap_size,cluster_annotated_size,term_size,background_size,overlap_genes,fdr,significant
KEGG,1,D-AMINO ACID METABOLISM,0.00698329956893247,3,613,5,6576,DDO;GLS2;SRR,1.0,False
KEGG,1,VIRAL CARCINOGENESIS,0.013150388796745072,23,613,152,6576,CCND3;CCR3;CCR8;CDK1;CDKN2A;CREB3L3;DNAJA3;HDAC11;HDAC5;HDAC7;HPN;JAK1;JAK3;MRPS18B;PIK3CB;RB1;RBPJ;RBPJL;REL;RNASE1;SRC;TRADD;YWHAE,1.0,False
KEGG,1,PRION DISEASE,0.02092787188701573,30,613,220,6576,C1QA;COX7A2L;CREB3L3;CXCL10;EIF2AK3;IL1A;IVNS1ABP;NDUFA6;NDUFA9;NDUFAB1;NDUFB10;NDUFB2;NDUFB3;NDUFS5;NOTCH1;PIK3CB;PPIF;PPP3CB;PPP3CC;PSMD13;PSMD14;PSMD7;RAC2;RNASE1;RYR1;SDHD;SLC25A31;TUBB2A;TUBB3;UQCRC2,1.0,False
KEGG,1,CHEMICAL CARCINOGENESIS - REACTIVE OXYGEN SPECIES,0.02680394686514079,24,613,171,6576,COX7A2L;CYP1A2;CYP1B1;FOXO3;IKBKB;IVNS1ABP;LPO;MGST2;NDUFA6;NDUFA9;NDUFAB1;NDUFB10;NDUFB2;NDUFB3;NDUFS5;PIK3CB;PPIF;PRKCSH;RNASE1;SDHD;SLC25A31;SLC26A2;SRC;UQCRC2,1.0,False
KEGG,1,MORPHINE ADDICTION,0.026839872311708157,14,613,86,6576,ADCY9;GABRA3;GABRG2;GABRG3;GABRQ;GNB3;GNG8;GNGT2;GRK3;GRK5;KCNJ6;PDE4C;PDE4D;PDE8A,1.0,False
KEGG,1,RETINOL METABOLISM,0.029591938322814218,7,613,33,6576,AWAT2;CYP1A2;CYP26B1;DHRS9;RETSAT;RPE65;UGT2A2,1.0,False
KEGG,1,"GLYCINE, SERINE AND THREONINE METABOLISM",0.039652322569261704,7,613,35,6576,AGXT2;AMT;GATM;MAOA;PGAM2;SHMT1;SRR,1.0,False
KEGG,1,GABAERGIC SYNAPSE,0.04607951736721805,13,613,84,6576,ADCY9;GABRA3;GABRG2;GABRG3;GABRQ;GLS2;GLUL;GNB3;GNG8;GNGT2;HAP1;KCNJ6;SRC,1.0,False
KEGG,1,GLYOXYLATE AND DICARBOXYLATE METABOLISM,0.04760860909408874,6,613,29,6576,AGXT2;AMT;GLUL;MCEE;SHMT1;SOAT1,1.0,False
KEGG,1,INOSITOL PHOSPHATE METABOLISM,0.05157591508669728,12,613,77,6576,CDIPT;INPP5D;INPP5J;IPPK;MIOX;MTMR4;MTMR9;PI4KA;PIK3C2A;PIK3CB;SACM1L;SYNJ1,1.0,False
KEGG,1,CORNIFIED ENVELOPE FORMATION,0.060245891631621494,20,613,149,6576,ABHD5;ALOX12B;ALOXE3;BLMH;CLDN18;CLDN19;CLDN23;COL4A5;ELOVL4;GBA2;KRT16;KRT23;KRT24;KRT4;LCE7A;PPP2CA;PPP2R2C;S100A5;SPRR4;SPTLC2,1.0,False
KEGG,1,TH1 AND TH2 CELL DIFFERENTIATION,0.060747696896558075,12,613,79,6576,CD4;IKBKB;JAK1;JAK3;NFATC3;NOTCH1;NOTCH3;PPP3CB;PPP3CC;RBPJ;RBPJL;ZAP70,1.0,False
KEGG,1,MRNA SURVEILLANCE PATHWAY,0.06571542851326337,12,613,80,6576,COLEC12;CPSF3;CPSF7;HBS1L;MSI1;MSI2;NCBP1;PABPN1;PAPOLB;PPP2CA;PPP2R2C;SMG7,1.0,False
KEGG,1,TRYPTOPHAN METABOLISM,0.06586244378996131,7,613,39,6576,CYP1A2;CYP1B1;DHTKD1;ECHS1;IDO2;MAOA;SOAT1,1.0,False
KEGG,1,PARKINSON DISEASE,0.07900121930137435,27,613,219,6576,COX7A2L;EIF2AK3;HTRA2;IVNS1ABP;MAOA;NDUFA6;NDUFA9;NDUFAB1;NDUFB10;NDUFB2;NDUFB3;NDUFS5;PPIF;PSMD13;PSMD14;PSMD7;RPS27A;SDHD;SEPTIN5;SLC25A31;SLC39A10;SLC39A13;SLC39A5;TUBB2A;TUBB3;UBB;UQCRC2,1.0,False
KEGG,1,PROTEIN DIGESTION AND ABSORPTION,0.08218295962784267,12,613,83,6576,ATP1B3;COL15A1;COL19A1;COL4A5;COL6A6;KCNN4;KCNQ1;MMP12;SLC15A1;SLC36A1;SLC9A3;XPNPEP2,1.0,False
KEGG,1,DIABETIC CARDIOMYOPATHY,0.082408179175746,21,613,164,6576,ATP2A2;CMA1;COX7A2L;GFPT1;GSR;IVNS1ABP;NDUFA6;NDUFA9;NDUFAB1;NDUFB10;NDUFB2;NDUFB3;NDUFS5;PIK3CB;PLN;PPIF;RAC2;RNASE1;SDHD;SLC25A31;UQCRC2,1.0,False
KEGG,1,VITAMIN DIGESTION AND ABSORPTION,0.08842681171945493,5,613,26,6576,AMN;APOA1;AWAT2;LMBRD1;PLB1,1.0,False
KEGG,1,"ALANINE, ASPARTATE AND GLUTAMATE METABOLISM",0.09121775694556442,6,613,34,6576,AGXT2;ASNS;DDO;GFPT1;GLS2;GLUL,1.0,False
KEGG,1,COMPLEMENT AND COAGULATION CASCADES,0.09420160914301419,9,613,59,6576,C1QA;CXCL10;F12;F13B;F9;ITGAM;PLAU;SERPINB2;VWF,1.0,False
KEGG,1,CELL ADHESION MOLECULE (CAM) INTERACTION,0.09553378063882581,16,613,121,6576,ALCAM;CD2;CD274;CD4;CLDN18;CLDN19;CLDN23;ITGAL;ITGAM;ITGB8;LRRC4;NTNG2;PTPRC;PTPRF;SLITRK2;VCAN,1.0,False
KEGG,1,RETROGRADE ENDOCANNABINOID SIGNALING,0.10557730088265943,17,613,132,6576,ADCY9;GABRA3;GABRG2;GABRG3;GABRQ;GNB3;GNG8;GNGT2;IVNS1ABP;KCNJ6;NDUFA6;NDUFA9;NDUFAB1;NDUFB10;NDUFB2;NDUFB3;NDUFS5,1.0,False
KEGG,1,EPSTEIN-BARR VIRUS INFECTION,0.10642602506781394,20,613,160,6576,CCND3;CXCL10;ENTPD3;IKBKB;ITGAL;JAK1;JAK3;MYD88;PIK3CB;PSMD13;PSMD14;PSMD7;RB1;RBPJ;RBPJL;RNASE1;SEC14L3;TAB2;TBK1;TRADD,1.0,False
KEGG,1,ENDOCYTOSIS,0.10786690468983459,26,613,217,6576,ACAP3;AGAP3;AMPH;AP2A2;AP2M1;ARF4;CAPZB;CLTA;CYTH2;CYTH3;FBXL15;GRK3;GRK5;IQSEC3;NEDD4L;PDGFRA;PRKCSH;RAB5B;SNX2;SNX5;SRC;STAM2;VPS26A;VPS37A;WWP1;ZFYVE27,1.0,False
KEGG,1,MEASLES,0.1079973402583285,14,613,105,6576,ADAR;CCND3;EIF2AK3;IKBKB;IL1A;JAK1;JAK3;MYD88;PIK3CB;RAB9B;RACK1;TAB2;TBK1;TRADD,1.0,False
KEGG,1,ARGININE AND PROLINE METABOLISM,0.11045800575263642,7,613,44,6576,CKM;CNDP2;GATM;MAOA;P4HA2;P4HA3;SAT2,1.0,False
KEGG,1,FATTY ACID DEGRADATION,0.11317823989742373,6,613,36,6576,ACADSB;ACSL1;ACSL6;CPT1A;ECHS1;SOAT1,1.0,False
KEGG,1,DRUG METABOLISM - CYTOCHROME P450,0.1136251134557149,5,613,28,6576,CYP1A2;FMO4;MAOA;MGST2;UGT2A2,1.0,False
KEGG,1,OXIDATIVE PHOSPHORYLATION,0.11488765900506742,13,613,97,6576,ATP4A;ATP6V0B;COX7A2L;IVNS1ABP;NDUFA6;NDUFA9;NDUFAB1;NDUFB10;NDUFB2;NDUFB3;NDUFS5;SDHD;UQCRC2,1.0,False
KEGG,1,CYTOSOLIC DNA-SENSING PATHWAY,0.11591431409002506,8,613,53,6576,ADAR;CASP7;CXCL10;IKBKB;IL33;MLKL;POLR3B;TBK1,1.0,False
KEGG,1,KAPOSI SARCOMA-ASSOCIATED HERPESVIRUS INFECTION,0.11882530751453305,19,613,153,6576,CCR3;CCR8;FGF13;GNB3;GNG8;GNGT2;IKBKB;JAK1;NFATC3;PIK3CB;PPP3CB;PPP3CC;RB1;RNASE1;RPS27A;SRC;TBK1;TRADD;UBB,1.0,False
KEGG,1,"VALINE, LEUCINE AND ISOLEUCINE DEGRADATION",0.12092066548384016,7,613,45,6576,ACADSB;AGXT2;BCAT1;ECHS1;HMGCS2;MCEE;SOAT1,1.0,False
KEGG,1,GLYCOSAMINOGLYCAN BIOSYNTHESIS - CHONDROITIN SULFATE / DERMATAN SULFATE,0.1256290721149636,4,613,21,6576,CHPF;CHPF2;UST;XYLT2,1.0,False
KEGG,1,PD-L1 EXPRESSION AND PD-1 CHECKPOINT PATHWAY IN CANCER,0.1301580168964808,11,613,81,6576,BATF2;CD274;CD4;IKBKB;JAK1;MYD88;NFATC3;PIK3CB;PPP3CB;PPP3CC;ZAP70,1.0,False
KEGG,1,T CELL RECEPTOR SIGNALING PATHWAY,0.13491454972108755,14,613,109,6576,CARD11;CD4;GRAP2;IKBKB;NCK1;NCK2;NFATC3;PIK3CB;PPP2CA;PPP2R2C;PPP3CB;PPP3CC;PTPRC;ZAP70,1.0,False
KEGG,1,NON-ALCOHOLIC FATTY LIVER DISEASE,0.135232166140305,17,613,137,6576,CASP7;COX7A2L;EIF2AK3;IKBKB;IL1A;IRS2;NDUFA6;NDUFA9;NDUFAB1;NDUFB10;NDUFB2;NDUFB3;NDUFS5;PIK3CB;RNASE1;SDHD;UQCRC2,1.0,False
KEGG,1,VEGF SIGNALING PATHWAY,0.13579610637691927,8,613,55,6576,KDR;PIK3CB;PLA2G4D;PPP3CB;PPP3CC;RAC2;RNASE1;SRC,1.0,False
KEGG,1,OVARIAN STEROIDOGENESIS,0.13755208835596108,6,613,38,6576,ADCY9;CHGA;CYP1B1;FSHR;HSD17B7;PLA2G4D,1.0,False
KEGG,1,LINOLEIC ACID METABOLISM,0.1428779061841067,4,613,22,6576,CYP1A2;PLA2G10;PLA2G4D;PLB1,1.0,False
KEGG,1,NEUTROPHIL EXTRACELLULAR TRAP FORMATION,0.14415033487107534,13,613,101,6576,HDAC11;HDAC5;HDAC7;ITGAL;ITGAM;MPO;PIK3CB;PPIF;RAC2;RNASE1;SLC25A31;SRC;VWF,1.0,False
KEGG,1,CYTOSKELETON IN MUSCLE CELLS,0.1496499389916697,25,613,216,6576,ACTC1;AMPD1;ANK2;ANKRD23;ATP1B3;BGN;CAPN3;CAPZB;CKM;COL4A5;COL6A6;DES;FBLN1;FMNL1;FMNL2;ITGB8;LAMA2;MYH9;MYOZ2;PDLIM4;TMOD1;TRIM54;UNC13D;VCAN;XIRP1,1.0,False
KEGG,1,PRIMARY IMMUNODEFICIENCY,0.1569988395320642,5,613,31,6576,CD4;JAK3;PTPRC;SEC14L3;ZAP70,1.0,False
KEGG,1,STEROID HORMONE BIOSYNTHESIS,0.1569988395320642,5,613,31,6576,CYP1A2;CYP1B1;CYP7A1;HSD17B7;UGT2A2,1.0,False
KEGG,1,PURINE METABOLISM,0.15734787260090247,14,613,112,6576,ADCY9;ADPRM;AK8;AMPD1;ENTPD3;GDA;NME1;NPRL2;NT5C1A;NUDT5;PDE4C;PDE4D;PDE8A;PFAS,1.0,False
KEGG,1,B CELL RECEPTOR SIGNALING PATHWAY,0.1577863266776174,9,613,66,6576,CARD11;IKBKB;INPP5D;NFATC3;PIK3CB;PPP3CB;PPP3CC;RAC2;RNASE1,1.0,False
KEGG,1,RIBOFLAVIN METABOLISM,0.16687738179220485,2,613,8,6576,NDUFAB1;RFK,1.0,False
KEGG,1,SPHINGOLIPID METABOLISM,0.1675007433984037,7,613,49,6576,ACER2;CERS4;DEGS2;GBA2;GM2A;SPTLC2;UGT8,1.0,False
KEGG,1,AXON GUIDANCE,0.17016397755919496,20,613,171,6576,BMP7;DPYSL2;LRRC4;NCK1;NCK2;NFATC3;NTNG2;PIK3CB;PLXNB3;PPP3CB;PPP3CC;RAC2;RNASE1;SHH;SRC;SSH1;SSH3;TRPC4;TRPC6;UNC5D,1.0,False
KEGG,1,CHEMICAL CARCINOGENESIS - DNA ADDUCTS,0.17989218098230914,4,613,24,6576,CYP1A2;CYP1B1;MGST2;UGT2A2,1.0,False
KEGG,1,INFLUENZA A,0.19008404291731398,14,613,116,6576,ADAR;CCND3;CXCL10;IKBKB;IL1A;IL33;JAK1;MYD88;PABPN1;PIK3CB;SLC25A31;TBK1;TMPRSS11D;TRADD,1.0,False
KEGG,1,HUMAN CYTOMEGALOVIRUS INFECTION,0.19205657166138732,21,613,184,6576,ADCY9;CCR3;CDKN2A;CREB3L3;GNB3;GNG8;GNGT2;IKBKB;JAK1;NFATC3;PDGFRA;PIK3CB;PPP3CB;PPP3CC;RAC2;RB1;RNASE1;SEC14L3;SRC;TBK1;TRADD,1.0,False
KEGG,1,LEGIONELLOSIS,0.19273708924411034,6,613,42,6576,CASP7;HBS1L;HSF1;ITGAM;MYD88;NLRC4,1.0,False
KEGG,1,REGULATION OF LIPOLYSIS IN ADIPOCYTES,0.19336337990053148,7,613,51,6576,ABHD5;ADCY9;ADRB1;CHGA;CIDEC;IRS2;PIK3CB,1.0,False
KEGG,1,THERMOGENESIS,0.19892331922129877,21,613,185,6576,ACSL1;ACSL6;ADCY9;COX19;COX7A2L;CPT1A;CREB3L3;GCG;IVNS1ABP;NDUFA6;NDUFA9;NDUFAB1;NDUFAF2;NDUFB10;NDUFB2;NDUFB3;NDUFS5;SDHD;SMARCA4;UQCRC2;ZNF516,1.0,False
KEGG,1,SULFUR METABOLISM,0.2019322097045746,2,613,9,6576,BPNT2;SUOX,1.0,False
KEGG,1,NITROGEN METABOLISM,0.206901783697894,3,613,17,6576,CA3;CA7;GLUL,1.0,False
KEGG,1,SALMONELLA INFECTION,0.208396246769611,24,613,216,6576,ANXA2;CASP7;CSE1L;CYTH2;CYTH3;DCTN3;EXOC2;FHOD1;HSP90AB1;IKBKB;MLKL;MYD88;NLRC4;PIK3C2A;PIK3CB;PTPRC;RAB5B;RAB9B;RNASE1;SNX18;TAB2;TRADD;TUBB2A;TUBB3,1.0,False
KEGG,1,ENDOCRINE AND OTHER FACTOR-REGULATED CALCIUM REABSORPTION,0.22304794539715467,6,613,44,6576,ADCY9;AP2A2;AP2M1;ATP1B3;CLTA;PTH1R,1.0,False
KEGG,1,CORONAVIRUS DISEASE - COVID-19,0.2248022095842256,18,613,159,6576,ADAR;C1QA;CXCL10;F13B;IKBKB;JAK1;MYD88;PIK3CB;RPL19;RPL22;RPL27;RPL3;RPL37;RPL8;RPS27A;TAB2;TBK1;VWF,1.0,False
KEGG,1,HUMAN IMMUNODEFICIENCY VIRUS 1 INFECTION,0.2338007963368897,19,613,170,6576,AP1G2;BTRC;CD4;CDK1;GNB3;GNG8;GNGT2;IKBKB;MYD88;NFATC3;PIK3CB;PPP3CB;PPP3CC;RAC2;RNASE1;SEC14L3;TAB2;TBK1;TRADD,1.0,False
KEGG,1,PATHOGENIC ESCHERICHIA COLI INFECTION,0.2338007963368897,19,613,170,6576,CASP7;CLDN18;CLDN19;CLDN23;CYTH2;CYTH3;IKBKB;LPAR2;MYD88;MYH9;NCK1;NCK2;RNASE1;SRC;TAB2;TMED10;TRADD;TUBB2A;TUBB3,1.0,False
KEGG,1,TH17 CELL DIFFERENTIATION,0.23580005852598904,11,613,92,6576,CD4;HSP90AB1;IKBKB;IL21;IL27RA;JAK1;JAK3;NFATC3;PPP3CB;PPP3CC;ZAP70,1.0,False
KEGG,1,AMINOACYL-TRNA BIOSYNTHESIS,0.24037742126709422,4,613,27,6576,LARS2;PSTK;RARS2;WARS2,1.0,False
KEGG,1,FERROPTOSIS,0.24113808080899124,5,613,36,6576,ACSL1;ACSL6;FTH1;SAT2;SLC7A11,1.0,False
KEGG,1,ARACHIDONIC ACID METABOLISM,0.2547928901481326,6,613,46,6576,ALOX12B;ALOXE3;PLA2G10;PLA2G4D;PLB1;TBXAS1,1.0,False
KEGG,1,HEMATOPOIETIC CELL LINEAGE,0.2567931796155197,8,613,65,6576,ANPEP;CD2;CD4;CD5;GP9;IL1A;ITGAM;MMP12,1.0,False
KEGG,1,PHOSPHATIDYLINOSITOL SIGNALING SYSTEM,0.25787915519033683,11,613,94,6576,BPNT2;CDIPT;INPP5D;IPPK;MTMR4;MTMR9;PI4KA;PIK3C2A;PIK3CB;SACM1L;SYNJ1,1.0,False
KEGG,1,STEROID BIOSYNTHESIS,0.25822805173772106,3,613,19,6576,DHCR24;HSD17B7;SOAT1,1.0,False
KEGG,1,GLYCOSYLPHOSPHATIDYLINOSITOL (GPI)-ANCHOR BIOSYNTHESIS,0.261502805902324,4,613,28,6576,PIGC;PIGG;PIGH;PIGO,1.0,False
KEGG,1,PORPHYRIN METABOLISM,0.261502805902324,4,613,28,6576,BLVRA;FTH1;HCCS;UGT2A2,1.0,False
KEGG,1,ETHER LIPID METABOLISM,0.27110908274723833,6,613,47,6576,GDPD1;PLA2G10;PLA2G4D;PLB1;PRKCSH;UGT8,1.0,False
KEGG,1,PHAGOSOME,0.2728582637495215,13,613,115,6576,ATP6V0B;CANX;COLEC12;ITGAM;LAMP2;MPO;PLA2R1;RAB5B;RNASE1;SEC14L3;STX7;TUBB2A;TUBB3,1.0,False
KEGG,1,THIAMINE METABOLISM,0.2737431191844268,2,613,11,6576,AK8;NDUFAB1,1.0,False
KEGG,1,ANTIGEN PROCESSING AND PRESENTATION,0.27771563386209375,5,613,38,6576,CANX;CD4;HSP90AB1;NFYA;SEC14L3,1.0,False
KEGG,1,HEPATITIS C,0.2839398302375576,14,613,126,6576,CLDN18;CLDN19;CLDN23;CXCL10;EIF2AK3;IKBKB;JAK1;PIK3CB;PPP2CA;PPP2R2C;RB1;TBK1;TRADD;YWHAE,1.0,False
KEGG,1,RIBOSOME,0.2839398302375576,14,613,126,6576,MRPL42;MRPS11;MRPS18B;MRPS22;MRPS31;MRPS7;RACK1;RPL19;RPL22;RPL27;RPL3;RPL37;RPL8;RPS27A,1.0,False
KEGG,1,SPINOCEREBELLAR ATAXIA,0.28423308334825126,15,613,136,6576,ATP2A2;ATXN1L;KAT5;NFYA;PIK3CB;PPIF;PSMD13;PSMD14;PSMD7;PUM2;RBPJ;RBPJL;RYR1;SLC25A31;VLDLR,1.0,False
KEGG,1,RENIN-ANGIOTENSIN SYSTEM,0.2845041643724327,3,613,20,6576,ANPEP;CMA1;MMP12,1.0,False
KEGG,1,VIRAL LIFE CYCLE - HIV-1,0.28767018067253664,6,613,48,6576,AFF4;CD4;CPSF7;MAP1S;MLLT3;NELFCD,1.0,False
KEGG,1,GNRH SECRETION,0.29409964548719064,7,613,58,6576,CHGA;ENTHD1;KCNJ6;KCNN4;KISS1R;PIK3CB;TRPC4,1.0,False
KEGG,1,AMYOTROPHIC LATERAL SCLEROSIS,0.30355039989607613,31,613,301,6576,ALS2;COX7A2L;DCTN3;DNAH11;EIF2AK3;HAP1;IVNS1ABP;NCBP1;NDC1;NDUFA6;NDUFA9;NDUFAB1;NDUFB10;NDUFB2;NDUFB3;NDUFS5;NUP214;NUP35;PPP3CB;PPP3CC;PSMD13;PSMD14;PSMD7;RNASE1;SDHD;SIGMAR1;TBK1;TUBB2A;TUBB3;UBQLN3;UQCRC2,1.0,False
KEGG,1,CELLULAR SENESCENCE,0.3038601397395092,15,613,138,6576,BTRC;CCND3;CDK1;CDKN2A;E2F4;FOXO3;HUS1;IL1A;MYBL2;NFATC3;PIK3CB;PPP3CB;PPP3CC;RB1;SLC25A31,1.0,False
KEGG,1,METABOLISM OF XENOBIOTICS BY CYTOCHROME P450,0.3046721857142746,4,613,30,6576,CYP1A2;CYP1B1;MGST2;UGT2A2,1.0,False
KEGG,1,ONE CARBON POOL BY FOLATE,0.3046721857142746,4,613,30,6576,AHCYL2;AMT;MAT2B;SHMT1,1.0,False
KEGG,1,ARGININE BIOSYNTHESIS,0.31098334641534425,3,613,21,6576,ACY1;GLS2;GLUL,1.0,False
KEGG,1,PROXIMAL TUBULE BICARBONATE RECLAMATION,0.31098334641534425,3,613,21,6576,ATP1B3;GLS2;SLC9A3,1.0,False
KEGG,1,BASE EXCISION REPAIR,0.31530558730527325,5,613,40,6576,APEX1;NEIL3;NTHL1;POLE;POLE4,1.0,False
KEGG,1,ALZHEIMER DISEASE,0.3194661131054285,33,613,324,6576,ATP2A2;CASP7;COX7A2L;EIF2AK3;IKBKB;IL1A;IRS2;IVNS1ABP;MMP12;NCSTN;NDUFA6;NDUFA9;NDUFAB1;NDUFB10;NDUFB2;NDUFB3;NDUFS5;PIK3CB;PPIF;PPP3CB;PPP3CC;PSMD13;PSMD14;PSMD7;SDHD;SLC25A31;SLC39A10;SLC39A13;SLC39A5;TUBB2A;TUBB3;UQCRC2;WNT16,1.0,False
KEGG,1,PROTEIN PROCESSING IN ENDOPLASMIC RETICULUM,0.32099745977443833,17,613,160,6576,CANX;CRYAB;DNAJB12;EIF2AK3;FBXO6;GANAB;HSP90AB1;HSPA4L;NSFL1C;OSTC;PRKCSH;RRBP1;TRAM1;UBQLN3;UBXN8;UFD1;UGGT1,1.0,False
KEGG,1,TOLL-LIKE RECEPTOR SIGNALING PATHWAY,0.32779350429661525,9,613,80,6576,CXCL10;IKBKB;JAK1;MYD88;PIK3CB;RNASE1;TAB2;TBK1;TOLLIP,1.0,False
KEGG,1,ALPHA-LINOLENIC ACID METABOLISM,0.3375263106623818,3,613,22,6576,PLA2G10;PLA2G4D;PLB1,1.0,False
KEGG,1,RIG-I-LIKE RECEPTOR SIGNALING PATHWAY,0.3384428653622334,6,613,51,6576,ADAR;CXCL10;IKBKB;TBK1;TRADD;ZNFX1,1.0,False
KEGG,1,STAPHYLOCOCCUS AUREUS INFECTION,0.3384428653622334,6,613,51,6576,C1QA;ITGAL;ITGAM;KRT16;KRT23;KRT24,1.0,False
KEGG,1,CHEMOKINE SIGNALING PATHWAY,0.342075746914775,16,613,152,6576,ADCY9;CCR3;CCR8;CXCL10;FOXO3;GNB3;GNG8;GNGT2;GRK3;GRK5;IKBKB;JAK3;PIK3CB;RAC2;RNASE1;SRC,1.0,False
KEGG,1,VIRION - LASSA VIRUS AND SFTS VIRUS,0.34527626700867853,2,613,13,6576,LAMP2;MYH9,1.0,False
KEGG,1,MITOPHAGY - ANIMAL,0.35353966090481653,10,613,92,6576,ARIH1;EIF2AK3;FOXO3;HUWE1;RAB5B;RPS27A;SRC;TAX1BP1;TBK1;UBB,1.0,False
KEGG,1,INTEGRIN SIGNALING,0.35444158132864684,15,613,143,6576,CCND3;COL4A5;COL6A6;ITGAL;ITGAM;ITGB8;KDR;LAMA2;NCK2;PDGFRA;PIK3CB;RAC2;RNASE1;SRC;VWF,1.0,False
KEGG,1,BUTANOATE METABOLISM,0.36400609666067724,3,613,23,6576,ECHS1;HMGCS2;SOAT1,1.0,False
KEGG,1,CHOLINERGIC SYNAPSE,0.36413770535661927,11,613,103,6576,ADCY9;CHRNB4;CREB3L3;GNB3;GNG8;GNGT2;KCNJ6;KCNQ1;KCNQ4;PIK3CB;SLC18A3,1.0,False
KEGG,1,DNA REPLICATION,0.3705019551172318,4,613,33,6576,MCM5;MCM6;POLE;POLE4,1.0,False
KEGG,1,SPHINGOLIPID SIGNALING PATHWAY,0.3734508287550865,12,613,114,6576,ACER2;CERS4;DEGS2;PIK3CB;PPP2CA;PPP2R2C;PRKCSH;RAC2;RNASE1;S1PR5;SPTLC2;TRADD,1.0,False
KEGG,1,ASCORBATE AND ALDARATE METABOLISM,0.3802282397764149,2,613,14,6576,MIOX;UGT2A2,1.0,False
KEGG,1,FANCONI ANEMIA PATHWAY,0.391847386792339,5,613,44,6576,BLM;ERCC1;FANCE;MUS81;POLI,1.0,False
KEGG,1,ALDOSTERONE-REGULATED SODIUM REABSORPTION,0.3924339919595197,4,613,34,6576,ATP1B3;KCNJ1;NEDD4L;PIK3CB,1.0,False
KEGG,1,NICOTINATE AND NICOTINAMIDE METABOLISM,0.3924339919595197,4,613,34,6576,NAPRT;NMNAT2;NT5C1A;QPRT,1.0,False
KEGG,1,PANCREATIC CANCER,0.3997177212985948,8,613,75,6576,CDKN2A;IKBKB;JAK1;PIK3CB;PRKCSH;RAC2;RB1;RNASE1,1.0,False
KEGG,1,NOTCH SIGNALING PATHWAY,0.4073120724022893,6,613,55,6576,ATXN1L;NCSTN;NOTCH1;NOTCH3;RBPJ;RBPJL,1.0,False
KEGG,1,CHEMICAL CARCINOGENESIS - RECEPTOR ACTIVATION,0.41228338544129256,16,613,159,6576,ADCY9;ADRB1;AIPL1;CCND3;CHRNB4;CREB3L3;CYP1A2;CYP1B1;FGF13;HSP90AB1;MGST2;PGR;PIK3CB;RB1;SRC;UGT2A2,1.0,False
KEGG,1,FATTY ACID ELONGATION,0.4163297983048699,3,613,25,6576,ECHS1;ELOVL4;HACD3,1.0,False
KEGG,1,AUTOPHAGY - ANIMAL,0.4169098193462336,15,613,149,6576,ATG4C;EIF2AK3;IRS2;LAMP2;MTMR4;PIK3CB;PPP2CA;RPS27A;RRAGB;STX17;STX7;TAX1BP1;TBK1;UBB;ZFYVE1,1.0,False
KEGG,1,CGMP-PKG SIGNALING PATHWAY,0.4169098193462336,15,613,149,6576,ADCY9;ADRB1;ATP1B3;ATP2A2;CREB3L3;EDNRB;IRS2;NFATC3;NPRL2;PLN;PPIF;PPP3CB;PPP3CC;SLC25A31;TRPC6,1.0,False
KEGG,1,ESTROGEN SIGNALING PATHWAY,0.4204904315906137,12,613,118,6576,ADCY9;CREB3L3;FKBP5;HSP90AB1;KCNJ6;KRT16;KRT23;KRT24;NCOA2;PGR;PIK3CB;SRC,1.0,False
KEGG,1,GLUTAMATERGIC SYNAPSE,0.4257006456709519,11,613,108,6576,ADCY9;GLS2;GLUL;GNB3;GNG8;GNGT2;GRK3;PLA2G4D;PPP3CB;PPP3CC;PRKCSH,1.0,False
KEGG,1,LIPID AND ATHEROSCLEROSIS,0.427515291999154,17,613,171,6576,APOA1;CASP7;EIF2AK3;HSP90AB1;IKBKB;MIB2;MYD88;NFATC3;PIK3CB;POU2F3;PPP3CB;PPP3CC;RNASE1;SRC;TAB2;TBK1;VLDLR,1.0,False
KEGG,1,FLUID SHEAR STRESS AND ATHEROSCLEROSIS,0.43228199639493736,12,613,119,6576,ACVR2A;ACVR2B;GPC1;HSP90AB1;IKBKB;IL1A;KDR;MGST2;PIK3CB;RAC2;RNASE1;SRC,1.0,False
KEGG,1,YERSINIA INFECTION,0.43228199639493736,12,613,119,6576,CD4;IKBKB;MYD88;NFATC3;NLRC4;PIK3CB;RAC2;RNASE1;SRC;TAB2;TBK1;ZAP70,1.0,False
KEGG,1,NECROPTOSIS,0.43804211087579625,11,613,109,6576,FTH1;GLUL;HSP90AB1;IL1A;IL33;JAK1;JAK3;MLKL;PLA2G4D;SLC25A31;TRADD,1.0,False
KEGG,1,CYTOKINE-CYTOKINE RECEPTOR INTERACTION,0.4407684006421845,20,613,204,6576,ACKR3;ACVR2A;ACVR2B;BMP7;CCR3;CCR8;CD4;CTF1;CXCL10;GDF11;IL1A;IL1RL2;IL21;IL27RA;IL31RA;IL33;IL34;NODAL;RELL2;TNFRSF12A,1.0,False
KEGG,1,LYSINE DEGRADATION,0.44163259160975016,6,613,57,6576,BBOX1;CAMKMT;DHTKD1;ECHS1;KMT2A;SOAT1,1.0,False
KEGG,1,PHOSPHONATE AND PHOSPHINATE METABOLISM,0.44420308578767786,1,613,6,6576,PCYT1B,1.0,False
KEGG,1,FATTY ACID BIOSYNTHESIS,0.44753211489104544,2,613,16,6576,ACSL1;ACSL6,1.0,False
KEGG,1,DRUG METABOLISM - OTHER ENZYMES,0.448950214908873,5,613,47,6576,CMPK1;MGST2;MPO;NME1;UGT2A2,1.0,False
KEGG,1,HERPES SIMPLEX VIRUS 1 INFECTION,0.4494730847087789,13,613,131,6576,EIF2AK3;IKBKB;JAK1;MYD88;PIK3CB;POU2F3;SEC14L3;SRC;SRSF2;SRSF5;TAB2;TBK1;TRADD,1.0,False
KEGG,1,HUNTINGTON DISEASE,0.4501272903677017,25,613,258,6576,AP2A2;AP2M1;CLTA;COX7A2L;CREB3L3;DCTN3;DNAH11;HAP1;IVNS1ABP;NDUFA6;NDUFA9;NDUFAB1;NDUFB10;NDUFB2;NDUFB3;NDUFS5;PPIF;PSMD13;PSMD14;PSMD7;SDHD;SLC25A31;TUBB2A;TUBB3;UQCRC2,1.0,False
KEGG,1,PATHWAYS OF NEURODEGENERATION - MULTIPLE DISEASES,0.4524977575749544,39,613,407,6576,ALS2;ATP2A2;ATXN1L;CASP7;COX7A2L;DCTN3;DNAH11;EIF2AK3;HAP1;HTRA2;IL1A;IVNS1ABP;NDUFA6;NDUFA9;NDUFAB1;NDUFB10;NDUFB2;NDUFB3;NDUFS5;PPIF;PPP3CB;PPP3CC;PSMD13;PSMD14;PSMD7;RNASE1;RPS27A;RYR1;SDHD;SEPTIN5;SIGMAR1;SLC25A31;TBK1;TUBB2A;TUBB3;UBB;UQCRC2;WNT16;ZFYVE1,1.0,False
KEGG,1,RAS SIGNALING PATHWAY,0.45349111276128257,21,613,216,6576,ANGPT4;ARHGAP9;EXOC2;FGF13;FGF23;GNB3;GNG8;GNGT2;IKBKB;KDR;PDGFRA;PIK3CB;PLA2G10;PLA2G4D;PRKCSH;RAB5B;RAC2;REL;RNASE1;TBK1;ZAP70,1.0,False
KEGG,1,SPLICEOSOME,0.4558300015427682,12,613,121,6576,CTNNBL1;CWC25;DDX5;LSM2;NCBP1;SF1;SNRNP40;SNRPA1;SNRPD2;SRSF2;SRSF5;U2AF2,1.0,False
KEGG,1,TGF-BETA SIGNALING PATHWAY,0.45715982850899833,10,613,100,6576,ACVR2A;ACVR2B;BMP7;E2F4;LEMD3;LTBP1;NODAL;PPP2CA;SKI;THSD4,1.0,False
KEGG,1,HORMONE SIGNALING,0.46452663803309413,19,613,196,6576,ADCY9;ADRB1;CALCB;CALCR;CHGA;FSHR;GCG;GNB3;GNG8;GNGT2;IRS2;NPRL2;NPRL3;OXTR;PIK3CB;PTH1R;RAMP1;SRC;THRA,1.0,False
KEGG,1,ADIPOCYTOKINE SIGNALING PATHWAY,0.4663483263898347,7,613,69,6576,ACSL1;ACSL6;AGRP;CPT1A;IKBKB;IRS2;TRADD,1.0,False
KEGG,1,AFRICAN TRYPANOSOMIASIS,0.46718093598204635,3,613,27,6576,APOA1;IDO2;MYD88,1.0,False
KEGG,1,IGSF CAM SIGNALING,0.4744228936489322,25,613,261,6576,ANK2;CD2;CNKSR3;EPB41L2;ERC1;INPP5D;ITGAL;ITGAM;KDR;LRFN5;MTSS1;MYH9;NCK1;NCK2;PIK3CB;PTPRF;RNASE1;ROBO4;SCN8A;SLITRK2;SRC;TRPC6;TUBB2A;TUBB3;UNC5D,1.0,False
KEGG,1,PERTUSSIS,0.47554974674448286,6,613,59,6576,C1QA;CASP7;IL1A;IRF1;ITGAM;MYD88,1.0,False
KEGG,1,NICOTINE ADDICTION,0.47842311595698594,4,613,38,6576,GABRA3;GABRG2;GABRG3;GABRQ,1.0,False
KEGG,1,WNT SIGNALING PATHWAY,0.4797674076959162,15,613,155,6576,BTRC;CCND3;LZTS2;NFATC3;PORCN;PPP3CB;PPP3CC;RAC2;RNASE1;RSPO2;SFRP5;SOST;VANGL1;WNT16;ZNRF3,1.0,False
KEGG,1,"PARATHYROID HORMONE SYNTHESIS, SECRETION AND ACTION",0.5083519677591501,10,613,104,6576,ADCY9;CREB3L3;FGF23;MMP17;OXSR1;PDE4C;PDE4D;PRKCSH;PTH1R;SOST,1.0,False
KEGG,1,NATURAL KILLER CELL MEDIATED CYTOTOXICITY,0.5124481833336746,7,613,72,6576,ITGAL;PIK3CB;PPP3CB;PPP3CC;RAC2;RNASE1;ZAP70,1.0,False
KEGG,1,FRUCTOSE AND MANNOSE METABOLISM,0.515966114481215,3,613,29,6576,GMDS;PCNX4;PFKFB4,1.0,False
KEGG,1,TUBERCULOSIS,0.5165574137697113,13,613,137,6576,ATP6V0B;IL1A;ITGAM;JAK1;LAMP2;MYD88;NFYA;PLA2R1;PPP3CB;PPP3CC;RAB5B;SRC;TRADD,1.0,False
KEGG,1,VIRION - HEPATITIS VIRUSES,0.5196599247160334,4,613,40,6576,CLDN18;CLDN19;CLDN23;LAMP2,1.0,False
KEGG,1,PYRIMIDINE METABOLISM,0.5226348837323029,5,613,51,6576,CMPK1;DCTD;ENTPD3;NME1;NT5C1A,1.0,False
KEGG,1,BILE SECRETION,0.5252064376612864,6,613,62,6576,ADCY9;ATP1B3;CYP7A1;NR0B2;SLC9A3;UGT2A2,1.0,False
KEGG,1,TYROSINE METABOLISM,0.5394432176775412,3,613,30,6576,MAOA;PEMT;TYR,1.0,False
KEGG,1,FAT DIGESTION AND ABSORPTION,0.5396938020826945,4,613,41,6576,APOA1;MTTP;PLA2G10;SOAT1,1.0,False
KEGG,1,HISTIDINE METABOLISM,0.540212455249675,2,613,19,6576,CNDP2;MAOA,1.0,False
KEGG,1,LIPOIC ACID METABOLISM,0.540212455249675,2,613,19,6576,AMT;DHTKD1,1.0,False
KEGG,1,SALIVARY SECRETION,0.5413410695322179,6,613,63,6576,ADCY9;ADRB1;AQP5;ATP1B3;KCNN4;LPO,1.0,False
KEGG,1,LEUKOCYTE TRANSENDOTHELIAL MIGRATION,0.5458224210625647,10,613,107,6576,CLDN18;CLDN19;CLDN23;ITGAL;ITGAM;PIK3CB;RAC2;RNASE1;SIPA1;THY1,1.0,False
KEGG,1,HUMAN T-CELL LEUKEMIA VIRUS 1 INFECTION,0.5548526223893849,18,613,195,6576,ADCY9;CANX;CCND3;CD4;CDC27;CDKN2A;CREB3L3;IKBKB;ITGAL;JAK1;JAK3;KAT5;NFATC3;PIK3CB;PPP3CB;PPP3CC;RB1;SLC25A31,1.0,False
KEGG,1,FC GAMMA R-MEDIATED PHAGOCYTOSIS,0.5572361379156408,8,613,86,6576,AMPH;INPP5D;PIK3CB;PLA2G4D;PRKCSH;PTPRC;RAC2;RNASE1,1.0,False
KEGG,1,NUCLEOTIDE EXCISION REPAIR,0.5578597482803753,5,613,53,6576,CETN2;ERCC1;MNAT1;POLE;POLE4,1.0,False
KEGG,1,SNARE INTERACTIONS IN VESICULAR TRANSPORT,0.5622532354484912,3,613,31,6576,STX11;STX17;STX7,1.0,False
KEGG,1,TERPENOID BACKBONE BIOSYNTHESIS,0.5686244875693686,2,613,20,6576,HMGCS2;SOAT1,1.0,False
KEGG,1,OOCYTE MEIOSIS,0.5702047586383112,10,613,109,6576,ADCY9;BTRC;CDC27;CDK1;FBXO43;PGR;PPP2CA;PPP3CB;PPP3CC;YWHAE,1.0,False
KEGG,1,TNF SIGNALING PATHWAY,0.5702047586383112,10,613,109,6576,CASP7;CREB3L3;CXCL10;IKBKB;IRF1;MLKL;PIK3CB;RHBDF2;TAB2;TRADD,1.0,False
KEGG,1,LYSOSOME,0.5702334939294537,11,613,120,6576,AP1G2;AP3S1;ARSG;ATP6V0B;CLN3;CLTA;GGA2;GM2A;LAMP2;MCOLN1;SCARB2,1.0,False
KEGG,1,IL-17 SIGNALING PATHWAY,0.57156033025507,7,613,76,6576,CXCL10;HSP90AB1;IKBKB;LCN2;TAB2;TBK1;TRADD,1.0,False
KEGG,1,GASTRIC ACID SECRETION,0.5728653726927586,6,613,65,6576,ADCY9;ATP1B3;ATP4A;KCNJ1;KCNJ15;KCNQ1,1.0,False
KEGG,1,PPAR SIGNALING PATHWAY,0.5728653726927586,6,613,65,6576,ACSL1;ACSL6;APOA1;CPT1A;CYP7A1;HMGCS2,1.0,False
KEGG,1,LONGEVITY REGULATING PATHWAY - MULTIPLE SPECIES,0.5749806835693925,5,613,54,6576,ADCY9;CRYAB;FOXO3;IRS2;PIK3CB,1.0,False
KEGG,1,PROTEASOME,0.5784364095616095,4,613,43,6576,PSMB11;PSMD13;PSMD14;PSMD7,1.0,False
KEGG,1,DILATED CARDIOMYOPATHY,0.5829793449439515,9,613,99,6576,ACTC1;ADCY9;ADRB1;ATP2A2;CACNB3;DES;ITGB8;LAMA2;PLN,1.0,False
KEGG,1,GAP JUNCTION,0.585812339895624,7,613,77,6576,ADCY9;ADRB1;CDK1;PDGFRA;SRC;TUBB2A;TUBB3,1.0,False
KEGG,1,THYROID HORMONE SYNTHESIS,0.5882213765819305,6,613,66,6576,ADCY9;ATP1B3;CANX;CHGA;CREB3L3;GSR,1.0,False
KEGG,1,OSTEOCLAST DIFFERENTIATION,0.5940233520789232,10,613,111,6576,ATP2A2;CALCR;IKBKB;IL1A;JAK1;PIK3CB;PPP3CB;PPP3CC;RNASE1;TAB2,1.0,False
KEGG,1,NF-KAPPA B SIGNALING PATHWAY,0.5972988659424627,8,613,89,6576,CARD11;ERC1;IKBKB;MYD88;PLAU;TAB2;TRADD;ZAP70,1.0,False
KEGG,1,JAK-STAT SIGNALING PATHWAY,0.6041504562108457,11,613,123,6576,CCND3;CTF1;GFAP;IL21;IL27RA;IL31RA;JAK1;JAK3;PDGFRA;PIK3CB;STAM2,1.0,False
KEGG,1,MELANOMA,0.6180491323566532,6,613,68,6576,CDKN2A;FGF13;FGF23;PDGFRA;PIK3CB;RB1,1.0,False
KEGG,1,BIOSYNTHESIS OF UNSATURATED FATTY ACIDS,0.6215664373936917,2,613,22,6576,ELOVL4;HACD3,1.0,False
KEGG,1,PI3K-AKT SIGNALING PATHWAY,0.6224904015887665,28,613,313,6576,ANGPT4;CCND3;CNKSR3;COL4A5;COL6A6;CREB3L3;FGF13;FGF23;FOXO3;GNB3;GNG8;GNGT2;HSP90AB1;IKBKB;ITGB8;JAK1;JAK3;KDR;LAMA2;LPAR2;LPAR3;PDGFRA;PIK3CB;PPP2CA;PPP2R2C;RNASE1;VWF;YWHAE,1.0,False
KEGG,1,THYROID HORMONE SIGNALING PATHWAY,0.6285571476393058,10,613,114,6576,ATP1B3;ATP2A2;MED17;NCOA2;NOTCH1;NOTCH3;PIK3CB;PLN;SRC;THRA,1.0,False
KEGG,1,CYSTEINE AND METHIONINE METABOLISM,0.6328927337798929,4,613,46,6576,AGXT2;AHCYL2;BCAT1;MAT2B,1.0,False
KEGG,1,NOD-LIKE RECEPTOR SIGNALING PATHWAY,0.6367582369022946,11,613,126,6576,ANTXR1;ANTXR2;HSP90AB1;IKBKB;JAK1;MYD88;NLRC4;TAB2;TBK1;TRPV2;YWHAE,1.0,False
KEGG,1,LEISHMANIASIS,0.6397672899662765,5,613,58,6576,IL1A;ITGAM;JAK1;MYD88;TAB2,1.0,False
KEGG,1,GLYCOSPHINGOLIPID BIOSYNTHESIS - LACTO AND NEOLACTO SERIES,0.6460959936539787,2,613,23,6576,B3GNT4;FUT4,1.0,False
KEGG,1,MANNOSE TYPE O-GLYCAN BIOSYNTHESIS,0.6460959936539787,2,613,23,6576,FUT4;LARGE2,1.0,False
KEGG,1,CHOLINE METABOLISM IN CANCER,0.6477621876871013,8,613,93,6576,PCYT1B;PDGFRA;PIK3CB;PLA2G4D;PRKCSH;RAC2;RNASE1;SLC22A2,1.0,False
KEGG,1,VIRAL MYOCARDITIS,0.6500036657678949,4,613,47,6576,ITGAL;LAMA2;RAC2;RNASE1,1.0,False
KEGG,1,ATP-DEPENDENT CHROMATIN REMODELING,0.6597962833842723,8,613,94,6576,BAZ1A;BAZ2B;BCL7B;DPEP3;GATAD2B;KAT5;MCRS1;SMARCA4,1.0,False
KEGG,1,MICRORNAS IN CANCER,0.6612856263426519,13,613,151,6576,CDKN2A;CYP1B1;GLS2;HDAC5;IKBKB;IRS2;NOTCH1;NOTCH3;PDGFRA;PIK3CB;PLAU;STMN1;ZEB1,1.0,False
KEGG,1,RELAXIN SIGNALING PATHWAY,0.6615016555002647,10,613,117,6576,ADCY9;COL4A5;CREB3L3;EDNRB;GNB3;GNG8;GNGT2;PIK3CB;RXFP1;SRC,1.0,False
KEGG,1,CAMP SIGNALING PATHWAY,0.6674625958316039,18,613,208,6576,ADCY9;ADRB1;ATP1B3;ATP2A2;CHGA;CREB3L3;FFAR2;FSHR;GCG;HHIP;OXTR;PDE4C;PDE4D;PIK3CB;PLN;PRKCSH;RAC2;RNASE1,1.0,False
KEGG,1,GLYCOSAMINOGLYCAN BIOSYNTHESIS - HEPARAN SULFATE / HEPARIN,0.669349439930274,2,613,24,6576,HS3ST2;XYLT2,1.0,False
KEGG,1,VIRAL PROTEIN INTERACTION WITH CYTOKINE AND CYTOKINE RECEPTOR,0.6697620463417702,5,613,60,6576,ACKR3;CCR3;CCR8;CXCL10;IL34,1.0,False
KEGG,1,RAP1 SIGNALING PATHWAY,0.6775793782599843,17,613,198,6576,ADCY9;ANGPT4;CNKSR3;FGF13;FGF23;ITGAL;ITGAM;KDR;LPAR2;LPAR3;PDGFRA;PIK3CB;RAC2;RNASE1;SIPA1;SIPA1L1;SRC,1.0,False
KEGG,1,BLADDER CANCER,0.6837716338759876,3,613,37,6576,CDKN2A;RB1;SRC,1.0,False
KEGG,1,HOMOLOGOUS RECOMBINATION,0.6837716338759876,3,613,37,6576,BLM;MUS81;TOPBP1,1.0,False
KEGG,1,MALARIA,0.6837716338759876,3,613,37,6576,GYPC;ITGAL;MYD88,1.0,False
KEGG,1,FC EPSILON RI SIGNALING PATHWAY,0.6841293086399916,5,613,61,6576,INPP5D;PIK3CB;PLA2G4D;RAC2;RNASE1,1.0,False
KEGG,1,COLLECTING DUCT ACID SECRETION,0.6913511478977004,2,613,25,6576,ATP4A;SLC4A1,1.0,False
KEGG,1,CALCIUM SIGNALING PATHWAY,0.6943854894191306,20,613,234,6576,ADCY9;ADRB1;ATP2A2;EDNRB;ENTHD1;FGF13;FGF23;KDR;MCOLN1;NFATC3;OXTR;PDGFRA;PLN;PPIF;PPP3CB;PPP3CC;RYR1;SLC25A31;STIM1;STIM2,1.0,False
KEGG,1,PROSTATE CANCER,0.6944075729156922,8,613,97,6576,CREB3L3;HSP90AB1;IKBKB;PDGFRA;PIK3CB;PLAU;RB1;ZEB1,1.0,False
KEGG,1,TRANSCRIPTIONAL MISREGULATION IN CANCER,0.6979870633588259,13,613,155,6576,BAIAP3;DDX5;ITGAM;KMT2A;MLLT3;MPO;PLAU;REL;SUPT3H;TLX1;WNT16;ZBTB16;ZEB1,1.0,False
KEGG,1,ACUTE MYELOID LEUKEMIA,0.698069911357422,5,613,62,6576,IKBKB;ITGAM;MPO;PIK3CB;ZBTB16,1.0,False
KEGG,1,GLYCEROPHOSPHOLIPID METABOLISM,0.7054335910670442,8,613,98,6576,ADPRM;CDIPT;PCYT1B;PEMT;PLA2G10;PLA2G4D;PLB1;PRKCSH,1.0,False
KEGG,1,PROLACTIN SIGNALING PATHWAY,0.7115810184113188,5,613,63,6576,CHGA;FOXO3;IRF1;PIK3CB;SRC,1.0,False
KEGG,1,TASTE TRANSDUCTION,0.7115810184113188,5,613,63,6576,CALHM1;GABRA3;GNB3;P2RY4;TAS2R39,1.0,False
KEGG,1,CARDIAC MUSCLE CONTRACTION,0.7121279272907948,6,613,75,6576,ACTC1;ATP1B3;ATP2A2;CACNB3;COX7A2L;UQCRC2,1.0,False
KEGG,1,DOPAMINERGIC SYNAPSE,0.7125216610457937,10,613,122,6576,CREB3L3;GNB3;GNG8;GNGT2;KCNJ6;MAOA;PPP2CA;PPP2R2C;PPP3CB;PPP3CC,1.0,False
KEGG,1,HEDGEHOG SIGNALING PATHWAY,0.7130174733797374,4,613,51,6576,BTRC;GRK3;HHIP;SHH,1.0,False
KEGG,1,CARBOHYDRATE DIGESTION AND ABSORPTION,0.7182186391149805,3,613,39,6576,ATP1B3;PIK3CB;SLC37A4,1.0,False
KEGG,1,NEUROACTIVE LIGAND-RECEPTOR INTERACTION,0.7218183988558899,27,613,317,6576,ADRB1;CALCB;CALCR;CHGA;CHRNB4;EDNRB;FSHR;GABRA3;GABRG2;GABRG3;GABRQ;GCG;KISS1R;LPAR2;LPAR3;NMUR1;NPVF;OXTR;P2RY13;P2RY4;PAQR9;PTH1R;QRFP;RXFP1;S1PR5;SPX;THRA,1.0,False
KEGG,1,SYNAPTIC VESICLE CYCLE,0.7241765784652858,6,613,76,6576,AP2A2;AP2M1;ATP6V0B;CLTA;SLC18A3;SLC6A5,1.0,False
KEGG,1,HEPATITIS B,0.725383401718596,11,613,135,6576,CREB3L3;IKBKB;JAK1;JAK3;MYD88;NFATC3;PIK3CB;RB1;SRC;TAB2;TBK1,1.0,False
KEGG,1,NEUROACTIVE LIGAND SIGNALING,0.731499744490619,15,613,182,6576,ADCY9;ADRB1;AGRP;CHRNB4;GABRA3;GABRG2;GABRG3;GABRQ;GNB3;GNG8;GNGT2;P2RY13;P2RY4;SLC18A3;SLC6A5,1.0,False
KEGG,1,HIPPO SIGNALING PATHWAY - MULTIPLE SPECIES,0.731728119070511,2,613,27,6576,DCHS1;SAV1,1.0,False
KEGG,1,ABC TRANSPORTERS,0.734317994336517,3,613,40,6576,ABCB10;ABCB8;SEC14L3,1.0,False
KEGG,1,CIRCADIAN ENTRAINMENT,0.7359263104386824,7,613,89,6576,ADCY9;ENTHD1;GNB3;GNG8;GNGT2;KCNJ6;RYR1,1.0,False
KEGG,1,P53 SIGNALING PATHWAY,0.7373109998677573,5,613,65,6576,CCND3;CDK1;CDKN2A;SESN1;SHISA5,1.0,False
KEGG,1,MAPK SIGNALING PATHWAY,0.7396693413729107,24,613,286,6576,ANGPT4;CACNB3;ENTHD1;FGF13;FGF23;IKBKB;IL1A;KDR;MAP3K12;MAP3K20;MAP3K4;MAPK8IP3;MYD88;NFATC3;PDGFRA;PLA2G4D;PPP3CB;PPP3CC;RAC2;RNASE1;STMN1;TAB2;TAOK1;TRADD,1.0,False
KEGG,1,CELL CYCLE,0.7456215896096565,12,613,149,6576,CCND3;CDC27;CDK1;CDKN2A;E2F4;MCM5;MCM6;PPP2CA;RAD21;RB1;SLC25A2;YWHAE,1.0,False
KEGG,1,TIGHT JUNCTION,0.7456215896096565,12,613,149,6576,ARHGEF18;CLDN18;CLDN19;CLDN23;CNKSR3;MYH9;NEDD4L;PPP2CA;PPP2R2C;RAB8B;RNASE1;SRC,1.0,False
KEGG,1,GRAFT-VERSUS-HOST DISEASE,0.7462398862283011,1,613,14,6576,IL1A,1.0,False
KEGG,1,PHENYLALANINE METABOLISM,0.7462398862283011,1,613,14,6576,MAOA,1.0,False
KEGG,1,TAURINE AND HYPOTAURINE METABOLISM,0.7462398862283011,1,613,14,6576,FMO4,1.0,False
KEGG,1,AMPK SIGNALING PATHWAY,0.7480157078809759,9,613,114,6576,CPT1A;CREB3L3;FOXO3;IRS2;PCNX4;PFKFB4;PIK3CB;PPP2CA;PPP2R2C,1.0,False
KEGG,1,VASOPRESSIN-REGULATED WATER REABSORPTION,0.7496830621460293,3,613,41,6576,ADCY9;CREB3L3;RAB5B,1.0,False
KEGG,1,CITRATE CYCLE (TCA CYCLE),0.7501793350304262,2,613,28,6576,IDH3B;SDHD,1.0,False
KEGG,1,ADRENERGIC SIGNALING IN CARDIOMYOCYTES,0.7515757470446858,11,613,138,6576,ACTC1;ADCY9;ADRB1;ATP1B3;ATP2A2;CACNB3;CREB3L3;KCNQ1;PLN;PPP2CA;PPP2R2C,1.0,False
KEGG,1,OXYTOCIN SIGNALING PATHWAY,0.7515757470446858,11,613,138,6576,ADCY9;CACNB3;KCNJ6;NFATC3;NPRL2;OXTR;PLA2G4D;PPP3CB;PPP3CC;RYR1;SRC,1.0,False
KEGG,1,CORTISOL SYNTHESIS AND SECRETION,0.7545430287306152,4,613,54,6576,ADCY9;CREB3L3;ENTHD1;PDE8A,1.0,False
KEGG,1,REGULATION OF ACTIN CYTOSKELETON,0.7599745578178628,17,613,209,6576,ABI2;CXCL10;FGF13;FGF23;ITGAL;ITGAM;ITGB8;LPAR2;MYH9;PDGFRA;PIK3CB;RAC2;RNASE1;SPATA13;SRC;SSH1;SSH3,1.0,False
KEGG,1,APOPTOSIS - MULTIPLE SPECIES,0.7675284624785161,2,613,29,6576,CASP7;HTRA2,1.0,False
KEGG,1,BETA-ALANINE METABOLISM,0.7675284624785161,2,613,29,6576,CNDP2;ECHS1,1.0,False
KEGG,1,GNRH SIGNALING PATHWAY,0.7688163697327624,6,613,80,6576,ADCY9;CHGA;MAP3K4;PLA2G4D;PRKCSH;SRC,1.0,False
KEGG,1,PENTOSE AND GLUCURONATE INTERCONVERSIONS,0.7699453037446149,1,613,15,6576,UGT2A2,1.0,False
KEGG,1,SIGNALING PATHWAYS REGULATING PLURIPOTENCY OF STEM CELLS,0.7752135011077491,10,613,129,6576,ACVR2A;ACVR2B;DLX5;FGF13;JAK1;JAK3;NODAL;PCGF5;PIK3CB;WNT16,1.0,False
KEGG,1,GLUCAGON SIGNALING PATHWAY,0.7765031817543675,7,613,93,6576,CPT1A;CREB3L3;GCG;PCNX4;PGAM2;PPP3CB;PPP3CC,1.0,False
KEGG,1,NON-SMALL CELL LUNG CANCER,0.7836496078394816,5,613,69,6576,CDKN2A;FOXO3;JAK3;PIK3CB;RB1,1.0,False
KEGG,1,AUTOPHAGY - OTHER,0.7838202656785854,2,613,30,6576,ATG4C;PPP2CA,1.0,False
KEGG,1,PANCREATIC SECRETION,0.7890241485611029,6,613,82,6576,ADCY9;ATP1B3;ATP2A2;KCNQ1;PLA2G10;RNASE1,1.0,False
KEGG,1,OTHER GLYCAN DEGRADATION,0.7914395163348529,1,613,16,6576,GBA2,1.0,False
KEGG,1,PRIMARY BILE ACID BIOSYNTHESIS,0.7914395163348529,1,613,16,6576,CYP7A1,1.0,False
KEGG,1,GLUTATHIONE METABOLISM,0.7915268928139265,3,613,44,6576,ANPEP;GSR;MGST2,1.0,False
KEGG,1,SYSTEMIC LUPUS ERYTHEMATOSUS,0.7915268928139265,3,613,44,6576,C1QA;CXCL10;SNRPD2,1.0,False
KEGG,1,TYPE II DIABETES MELLITUS,0.7915268928139265,3,613,44,6576,IKBKB;IRS2;PIK3CB,1.0,False
KEGG,1,BACTERIAL INVASION OF EPITHELIAL CELLS,0.7941903302249774,5,613,70,6576,CLTA;PIK3CB;RNASE1;SEPTIN1;SRC,1.0,False
KEGG,1,C-TYPE LECTIN RECEPTOR SIGNALING PATHWAY,0.7949861002200447,7,613,95,6576,IKBKB;IRF1;NFATC3;PIK3CB;PPP3CB;PPP3CC;SRC,1.0,False
KEGG,1,SEROTONERGIC SYNAPSE,0.7949861002200447,7,613,95,6576,ALOX12B;GNB3;GNG8;GNGT2;KCNJ6;MAOA;PLA2G4D,1.0,False
KEGG,1,ECM-RECEPTOR INTERACTION,0.79861063053334,6,613,83,6576,COL4A5;COL6A6;GP9;ITGB8;LAMA2;VWF,1.0,False
KEGG,1,LONGEVITY REGULATING PATHWAY,0.79861063053334,6,613,83,6576,ADCY9;CREB3L3;FOXO3;IRS2;PIK3CB;SESN1,1.0,False
KEGG,1,PROPANOATE METABOLISM,0.7991007505220402,2,613,31,6576,ECHS1;MCEE,1.0,False
KEGG,1,VIBRIO CHOLERAE INFECTION,0.8041179152806426,3,613,45,6576,ADCY9;ATP6V0B;KCNQ1,1.0,False
KEGG,1,UBIQUITIN MEDIATED PROTEOLYSIS,0.8063711381882699,10,613,133,6576,BTRC;CDC27;HUWE1;NEDD4L;RPS27A;UBA3;UBA6;UBB;WWP1;WWP2,1.0,False
KEGG,1,PROGESTERONE-MEDIATED OOCYTE MATURATION,0.8078579871141012,6,613,84,6576,ADCY9;CDC27;CDK1;HSP90AB1;PGR;PIK3CB,1.0,False
KEGG,1,HUMAN PAPILLOMAVIRUS INFECTION,0.8099750457045414,23,613,287,6576,ATP6V0B;CCND3;CNKSR3;COL4A5;COL6A6;CREB3L3;IKBKB;IRF1;ITGB8;JAK1;LAMA2;NOTCH1;NOTCH3;PIK3CB;PPP2CA;PPP2R2C;RB1;RBPJ;RBPJL;TBK1;TRADD;VWF;WNT16,1.0,False
KEGG,1,COBALAMIN TRANSPORT AND METABOLISM,0.8109284761651478,1,613,17,6576,LMBRD1,1.0,False
KEGG,1,FOLATE BIOSYNTHESIS,0.8109284761651478,1,613,17,6576,GGH,1.0,False
KEGG,1,SELENOCOMPOUND METABOLISM,0.8109284761651478,1,613,17,6576,PSTK,1.0,False
KEGG,1,CIRCADIAN RHYTHM,0.8134165453215965,2,613,32,6576,BTRC;NFIL3,1.0,False
KEGG,1,CHOLESTEROL METABOLISM,0.8160638581760438,3,613,46,6576,APOA1;CYP7A1;SOAT1,1.0,False
KEGG,1,ALCOHOLIC LIVER DISEASE,0.8171967044731109,8,613,110,6576,C1QA;CPT1A;FOXO3;IKBKB;MYD88;TAB2;TBK1;TRADD,1.0,False
KEGG,1,ALCOHOLISM,0.8171967044731109,8,613,110,6576,CREB3L3;GNB3;GNG8;GNGT2;HDAC11;HDAC5;HDAC7;MAOA,1.0,False
KEGG,1,NUCLEOCYTOPLASMIC TRANSPORT,0.8253560232432097,6,613,86,6576,CSE1L;IPO7;NCBP1;NDC1;NUP214;NUP35,1.0,False
KEGG,1,MINERAL ABSORPTION,0.827386144022054,3,613,47,6576,ATP1B3;FTH1;SLC9A3,1.0,False
KEGG,1,SHIGELLOSIS,0.8372981835945142,16,613,210,6576,BTRC;CYTH2;CYTH3;FOXO3;IKBKB;MYD88;NLRC4;PIK3CB;RNASE1;RPS27A;RRAGB;SRC;TAB2;TBK1;TRADD;UBB,1.0,False
KEGG,1,INSULIN SECRETION,0.8409573372996173,5,613,75,6576,ADCY9;ATP1B3;CREB3L3;GCG;KCNN4,1.0,False
KEGG,1,ADHERENS JUNCTION,0.841564205549577,6,613,88,6576,NDUFAB1;PTPRF;RAC2;RNASE1;SNAI1;SRC,1.0,False
KEGG,1,AMPHETAMINE ADDICTION,0.8425877296646206,4,613,62,6576,CREB3L3;MAOA;PPP3CB;PPP3CC,1.0,False
KEGG,1,CENTRAL CARBON METABOLISM IN CANCER,0.8425877296646206,4,613,62,6576,GLS2;PDGFRA;PGAM2;PIK3CB,1.0,False
KEGG,1,BIOSYNTHESIS OF VARIOUS NUCLEOTIDE SUGARS,0.8446204551193338,1,613,19,6576,GMDS,1.0,False
KEGG,1,INSULIN RESISTANCE,0.8506076144174645,7,613,102,6576,CPT1A;CREB3L3;GFPT1;IKBKB;IRS2;PIK3CB;PTPRF,1.0,False
KEGG,1,CUSHING SYNDROME,0.8529896778735045,10,613,140,6576,ADCY9;AIPL1;CDKN2A;CREB3L3;ENTHD1;KMT2A;PDE8A;RB1;WDR5;WNT16,1.0,False
KEGG,1,CHAGAS DISEASE,0.8565346147140626,6,613,90,6576,C1QA;IKBKB;MYD88;PIK3CB;PPP2CA;PPP2R2C,1.0,False
KEGG,1,AMOEBIASIS,0.8570502235242488,5,613,77,6576,COL4A5;ITGAM;LAMA2;PIK3CB;RAB5B,1.0,False
KEGG,1,N-GLYCAN BIOSYNTHESIS,0.8578330825541791,3,613,50,6576,ALG8;GANAB;OSTC,1.0,False
KEGG,1,AUTOIMMUNE THYROID DISEASE,0.8591465586745951,1,613,20,6576,CHGA,1.0,False
KEGG,1,FOLATE TRANSPORT AND METABOLISM,0.8591465586745951,1,613,20,6576,SHMT1,1.0,False
KEGG,1,PANTOTHENATE AND COA BIOSYNTHESIS,0.8591465586745951,1,613,20,6576,BCAT1,1.0,False
KEGG,1,PLATELET ACTIVATION,0.8593021623788166,8,613,116,6576,ADCY9;GP9;PIK3CB;PLA2G4D;SRC;STIM1;TBXAS1;VWF,1.0,False
KEGG,1,EPITHELIAL CELL SIGNALING IN HELICOBACTER PYLORI INFECTION,0.8599234208875903,4,613,64,6576,ATP6V0B;IKBKB;RNASE1;SRC,1.0,False
KEGG,1,MISMATCH REPAIR,0.8723166562237826,1,613,21,6576,MSH6,1.0,False
KEGG,1,EFFEROCYTOSIS,0.8753780211702921,10,613,144,6576,ATP11C;ATP2A2;ATP8A2;C1QA;CASP7;CPT1A;NFATC3;RAB5B;RNASE1;XKR4,1.0,False
KEGG,1,PEROXISOME,0.8786250686059132,5,613,80,6576,ACSL1;ACSL6;DDO;PEX5L;PEX7,1.0,False
KEGG,1,TOXOPLASMOSIS,0.8829921314893214,6,613,94,6576,IKBKB;JAK1;LAMA2;MYD88;PPIF;TAB2,1.0,False
KEGG,1,MATURITY ONSET DIABETES OF THE YOUNG,0.8842571428347393,1,613,22,6576,HNF4G,1.0,False
KEGG,1,MOTOR PROTEINS,0.885169001135623,12,613,171,6576,ACTC1;CAPZB;DCTN3;DNAH11;KIF20B;KIF4B;MYH9;MYO15B;MYO3B;MYO9B;TUBB2A;TUBB3,1.0,False
KEGG,1,GLIOMA,0.8897453989095976,4,613,68,6576,CDKN2A;PDGFRA;PIK3CB;RB1,1.0,False
KEGG,1,RNA DEGRADATION,0.8897453989095976,4,613,68,6576,DDX6;LSM2;PARN;XRN1,1.0,False
KEGG,1,HYPERTROPHIC CARDIOMYOPATHY,0.8946011786907636,6,613,96,6576,ACTC1;ATP2A2;CACNB3;DES;ITGB8;LAMA2,1.0,False
KEGG,1,TYPE I DIABETES MELLITUS,0.8950826496156831,1,613,23,6576,IL1A,1.0,False
KEGG,1,LONG-TERM DEPRESSION,0.8981981788080222,3,613,55,6576,PLA2G4D;PPP2CA;RYR1,1.0,False
KEGG,1,ARRHYTHMOGENIC RIGHT VENTRICULAR CARDIOMYOPATHY,0.903030752190163,5,613,84,6576,ATP2A2;CACNB3;DES;ITGB8;LAMA2,1.0,False
KEGG,1,PHOSPHOLIPASE D SIGNALING PATHWAY,0.9030308719326834,9,613,137,6576,ADCY9;CYTH2;CYTH3;LPAR2;LPAR3;PDGFRA;PIK3CB;PLA2G4D;PRKCSH,1.0,False
KEGG,1,CHRONIC MYELOID LEUKEMIA,0.9138648029351855,4,613,72,6576,CDKN2A;IKBKB;PIK3CB;RB1,1.0,False
KEGG,1,INFLAMMATORY MEDIATOR REGULATION OF TRP CHANNELS,0.9184233559098662,5,613,87,6576,ADCY9;PIK3CB;PLA2G4D;SRC;TRPV2,1.0,False
KEGG,1,SMALL CELL LUNG CANCER,0.9184233559098662,5,613,87,6576,COL4A5;IKBKB;LAMA2;PIK3CB;RB1,1.0,False
KEGG,1,RNA POLYMERASE,0.9218614007431452,1,613,26,6576,POLR3B,1.0,False
KEGG,1,APOPTOSIS,0.9253446724500406,7,613,116,6576,CASP7;EIF2AK3;HRK;HTRA2;IKBKB;PIK3CB;TRADD,1.0,False
KEGG,1,MELANOGENESIS,0.9274494219535441,5,613,89,6576,ADCY9;CREB3L3;EDNRB;TYR;WNT16,1.0,False
KEGG,1,VASCULAR SMOOTH MUSCLE CONTRACTION,0.9291531300600865,7,613,117,6576,ADCY9;CALCB;MYH9;NPRL2;PLA2G10;PLA2G4D;RAMP1,1.0,False
KEGG,1,PENTOSE PHOSPHATE PATHWAY,0.9291742192690157,1,613,27,6576,PCNX4,1.0,False
KEGG,1,BASAL CELL CARCINOMA,0.9328444950907451,3,613,61,6576,HHIP;SHH;WNT16,1.0,False
KEGG,1,ERBB SIGNALING PATHWAY,0.9331678357200744,4,613,76,6576,NCK1;NCK2;PIK3CB;SRC,1.0,False
KEGG,1,MUCIN TYPE O-GLYCAN BIOSYNTHESIS,0.9358036594260004,1,613,28,6576,GCNT4,1.0,False
KEGG,1,PROTEIN EXPORT,0.9358036594260004,1,613,28,6576,GET4,1.0,False
KEGG,1,COCAINE ADDICTION,0.9370696299836483,2,613,46,6576,CREB3L3;MAOA,1.0,False
KEGG,1,POLYCOMB REPRESSIVE COMPLEX,0.9373386637855992,4,613,77,6576,BCOR;L3MBTL2;PCGF5;WDR5,1.0,False
KEGG,1,RENIN SECRETION,0.9374338221463108,3,613,62,6576,ADRB1;PPP3CB;PPP3CC,1.0,False
KEGG,1,PROTEOGLYCANS IN CANCER,0.9413545474588861,12,613,187,6576,ANK2;DDX5;FGF13;GPC1;GPC3;KDR;PIK3CB;PLAU;RNASE1;SHH;SRC;WNT16,1.0,False
KEGG,1,BREAST CANCER,0.9438046912943874,8,613,135,6576,FGF13;FGF23;NOTCH1;NOTCH3;PGR;PIK3CB;RB1;WNT16,1.0,False
KEGG,1,FOCAL ADHESION,0.9438994927250036,12,613,188,6576,CCND3;COL4A5;COL6A6;ITGB8;KDR;LAMA2;PDGFRA;PIK3CB;RAC2;RNASE1;SRC;VWF,1.0,False
KEGG,1,ALDOSTERONE SYNTHESIS AND SECRETION,0.9517596312904205,4,613,81,6576,ADCY9;ATP1B3;CREB3L3;ENTHD1,1.0,False
KEGG,1,COLORECTAL CANCER,0.9517596312904205,4,613,81,6576,MSH6;PIK3CB;RAC2;RNASE1,1.0,False
KEGG,1,APELIN SIGNALING PATHWAY,0.9539652005543383,7,613,125,6576,ADCY9;GNB3;GNG8;GNGT2;HDAC5;NOTCH3;RYR1,1.0,False
KEGG,1,INFLAMMATORY BOWEL DISEASE,0.9545052046360538,2,613,50,6576,IL1A;IL21,1.0,False
KEGG,1,RHEUMATOID ARTHRITIS,0.9563289484066385,3,613,67,6576,ATP6V0B;IL1A;ITGAL,1.0,False
KEGG,1,INSULIN SIGNALING PATHWAY,0.9588028620407549,7,613,127,6576,IKBKB;IRS2;PCNX4;PIK3CB;PPP1R3F;PTPRF;RHOQ,1.0,False
KEGG,1,GLYCOLYSIS / GLUCONEOGENESIS,0.9644433098866331,2,613,53,6576,PCNX4;PGAM2,1.0,False
KEGG,1,ENDOMETRIAL CANCER,0.9672657873969692,2,613,54,6576,FOXO3;PIK3CB,1.0,False
KEGG,1,AMINO SUGAR AND NUCLEOTIDE SUGAR METABOLISM,0.9677484432940968,1,613,35,6576,GFPT1,1.0,False
KEGG,1,BASAL TRANSCRIPTION FACTORS,0.9707709481497333,1,613,36,6576,MNAT1,1.0,False
KEGG,1,HIPPO SIGNALING PATHWAY,0.9719664708065563,8,613,148,6576,BMP7;BTRC;CCND3;PPP2CA;PPP2R2C;SAV1;WNT16;YWHAE,1.0,False
KEGG,1,OLFACTORY TRANSDUCTION,0.9735106131014479,1,613,37,6576,GRK3,1.0,False
KEGG,1,PYRUVATE METABOLISM,0.9735106131014479,1,613,37,6576,SOAT1,1.0,False
KEGG,1,LONG-TERM POTENTIATION,0.9784344129704614,2,613,59,6576,PPP3CB;PPP3CC,1.0,False
KEGG,1,PATHWAYS IN CANCER,0.9799684457936583,32,613,467,6576,ADCY9;CASP7;CCND3;CDKN2A;COL4A5;EDNRB;FGF13;FGF23;GNB3;GNG8;GNGT2;HHIP;HSP90AB1;IKBKB;JAK1;JAK3;LAMA2;LPAR2;LPAR3;MGST2;MSH6;NOTCH1;NOTCH3;PDGFRA;PIK3CB;PRKCSH;RAC2;RB1;RNASE1;SHH;WNT16;ZBTB16,1.0,False
KEGG,1,AGE-RAGE SIGNALING PATHWAY IN DIABETIC COMPLICATIONS,0.9814887477724553,4,613,95,6576,COL4A5;IL1A;PIK3CB;RNASE1,1.0,False
KEGG,1,VARIOUS TYPES OF N-GLYCAN BIOSYNTHESIS,0.9821338116216455,1,613,41,6576,OSTC,1.0,False
KEGG,1,NEUROTROPHIN SIGNALING PATHWAY,0.9829591968280162,5,613,112,6576,FOXO3;IKBKB;PIK3CB;RNASE1;YWHAE,1.0,False
KEGG,1,RENAL CELL CARCINOMA,0.9846194965831334,2,613,63,6576,PIK3CB;RNASE1,1.0,False
KEGG,1,MTOR SIGNALING PATHWAY,0.9880218377670614,7,613,148,6576,FNIP2;IKBKB;NPRL2;NPRL3;PIK3CB;RRAGB;WNT16,1.0,False
KEGG,1,RIBOSOME BIOGENESIS IN EUKARYOTES,0.9880893844676277,2,613,66,6576,POP5;XRN1,1.0,False
KEGG,1,GASTRIC CANCER,0.9902453759876719,6,613,136,6576,FGF13;FGF23;PIK3CB;RB1;SHH;WNT16,1.0,False
KEGG,1,"GROWTH HORMONE SYNTHESIS, SECRETION AND ACTION",0.992205870941763,4,613,107,6576,ADCY9;CREB3L3;IRS2;PIK3CB,1.0,False
KEGG,1,HEPATOCELLULAR CARCINOMA,0.99497705627218,6,613,146,6576,CDKN2A;MGST2;PIK3CB;RB1;SMARCA4;WNT16,1.0,False
KEGG,1,FOXO SIGNALING PATHWAY,0.9974750128824081,4,613,122,6576,FOXO3;IKBKB;IRS2;PIK3CB,1.0,False
KEGG,1,HIF-1 SIGNALING PATHWAY,0.999347761734201,2,613,99,6576,ANGPT4;PIK3CB,1.0,False
KEGG,1,ALLOGRAFT REJECTION,1.0,0,613,17,6576,,1.0,False
KEGG,1,ASTHMA,1.0,0,613,17,6576,,1.0,False
KEGG,1,GALACTOSE METABOLISM,1.0,0,613,26,6576,,1.0,False
KEGG,1,GLYCEROLIPID METABOLISM,1.0,0,613,55,6576,,1.0,False
KEGG,1,GLYCOSAMINOGLYCAN BIOSYNTHESIS - KERATAN SULFATE,1.0,0,613,13,6576,,1.0,False
KEGG,1,GLYCOSAMINOGLYCAN DEGRADATION,1.0,0,613,17,6576,,1.0,False
KEGG,1,GLYCOSPHINGOLIPID BIOSYNTHESIS - GANGLIO SERIES,1.0,0,613,15,6576,,1.0,False
KEGG,1,GLYCOSPHINGOLIPID BIOSYNTHESIS - GLOBO AND ISOGLOBO SERIES,1.0,0,613,14,6576,,1.0,False
KEGG,1,INTESTINAL IMMUNE NETWORK FOR IGA PRODUCTION,1.0,0,613,29,6576,,1.0,False
KEGG,1,NON-HOMOLOGOUS END-JOINING,1.0,0,613,13,6576,,1.0,False
KEGG,1,OTHER TYPES OF O-GLYCAN BIOSYNTHESIS,1.0,0,613,40,6576,,1.0,False
KEGG,1,"PHENYLALANINE, TYROSINE AND TRYPTOPHAN BIOSYNTHESIS",1.0,0,613,6,6576,,1.0,False
KEGG,1,PHOTOTRANSDUCTION,1.0,0,613,22,6576,,1.0,False
KEGG,1,STARCH AND SUCROSE METABOLISM,1.0,0,613,26,6576,,1.0,False
KEGG,1,SULFUR RELAY SYSTEM,1.0,0,613,8,6576,,1.0,False
KEGG,1,THYROID CANCER,1.0,0,613,36,6576,,1.0,False
KEGG,1,UBIQUINONE AND OTHER TERPENOID-QUINONE BIOSYNTHESIS,1.0,0,613,12,6576,,1.0,False
KEGG,1,"VIRION - EBOLAVIRUS, LYSSAVIRUS AND MORBILLIVIRUS",1.0,0,613,8,6576,,1.0,False
KEGG,1,VIRION - HERPESVIRUS,1.0,0,613,6,6576,,1.0,False
KEGG,1,VITAMIN B6 METABOLISM,1.0,0,613,6,6576,,1.0,False
KEGG,2,HORMONE SIGNALING,0.026839805455227385,27,618,196,6576,ADCY2;ADIPOQ;ADIPOR1;ADIPOR2;AMH;AVPR1B;AVPR2;CCKBR;DIO2;DRD2;DRD4;GCGR;GNA11;GNG5;GNRH1;GPER1;MC1R;MC3R;NPPC;PDYN;POMC;PRLHR;PRLR;SLCO1C1;SMAD1;STK11;TRHR,1.0,False
KEGG,2,FOCAL ADHESION,0.028182234359425684,26,618,188,6576,ACTN1;ARHGAP35;BCL2;BRAF;CAV2;CAV3;CCND2;COL1A2;COL6A3;COL9A1;CRKL;FN1;IBSP;ITGA2;MAPK1;PARVB;PARVG;PDGFD;PDGFRB;PDPK1;PKN1;PPP1CA;RAP1A;RAPGEF1;SHC4;TNR,1.0,False
KEGG,2,GALACTOSE METABOLISM,0.030291928732263846,6,618,26,6576,HOOK2;LALBA;MAP4K2;MGAM;PFKM;PMEL,1.0,False
KEGG,2,"PARATHYROID HORMONE SYNTHESIS, SECRETION AND ACTION",0.03250869884613039,16,618,104,6576,ADCY2;AKAP13;ARRB1;BCL2;BRAF;CASR;CREB3L2;EGR1;GCM1;GNA11;ITPR3;MAPK1;MEF2A;MEF2D;RXRG;STK39,1.0,False
KEGG,2,MELANOGENESIS,0.037048158166686905,14,618,89,6576,ADCY2;CALML3;CREB3L2;FZD4;FZD7;KITLG;MAPK1;MC1R;PARD3;POMC;TYRP1;WNT10A;WNT4;WNT9A,1.0,False
KEGG,2,CALCIUM SIGNALING PATHWAY,0.047823707900630015,30,618,234,6576,ADCY2;AVPR1B;CACNA1A;CALML3;CASQ2;CCKBR;FGF10;FGF16;FGF17;FGFR3;GNA11;GRIN2B;HTR6;ITPR3;NANOS2;NANOS3;NTRK3;P2RX6;PDGFD;PDGFRB;PHKA1;PHKA2;PHKB;SLC25A5;SLC8A1;SPHK2;TFEB;TGFA;TPCN1;TRHR,1.0,False
KEGG,2,APOPTOSIS - MULTIPLE SPECIES,0.04922779395587672,6,618,29,6576,BBC3;BCL2;BCL2L1;BECN1;DIABLO;TNFRSF1A,1.0,False
KEGG,2,MATURITY ONSET DIABETES OF THE YOUNG,0.049451743493885744,5,618,22,6576,FOXA3;HNF1A;MAFA;MAP4K2;MNX1,1.0,False
KEGG,2,RENAL CELL CARCINOMA,0.06761843819525191,10,618,63,6576,BRAF;CRKL;ETS1;MAPK1;PKN1;RAP1A;RAPGEF1;RBX1;TGFA;VHL,1.0,False
KEGG,2,P53 SIGNALING PATHWAY,0.08020434602892351,10,618,65,6576,BBC3;BCL2;BCL2L1;CCND2;CCNE2;CHEK2;GTSE1;MDM4;PIDD1;RCHY1,1.0,False
KEGG,2,GASTRIC CANCER,0.0850520883929039,18,618,136,6576,BCL2;BRAF;CCNE2;CDH17;E2F2;FGF10;FGF16;FGF17;FZD4;FZD7;MAPK1;RXRG;SHC4;SLC25A23;TGFBR2;WNT10A;WNT4;WNT9A,1.0,False
KEGG,2,INSULIN SIGNALING PATHWAY,0.0851221842548874,17,618,127,6576,BRAF;CALML3;CBL;CRKL;HOOK2;MAP4K2;MAPK1;PDPK1;PHKA1;PHKA2;PHKB;PPP1CA;PPP1R3A;PRKAG2;RAPGEF1;SHC4;SOCS3,1.0,False
KEGG,2,SYNAPTIC VESICLE CYCLE,0.09699335080279987,11,618,76,6576,AP2B1;AP2S1;ATP6V0A1;CACNA1A;SLC1A3;SLC6A1;SLC6A3;SLC6A7;SLC6A9;STXBP1;UNC13A,1.0,False
KEGG,2,AUTOPHAGY - ANIMAL,0.1039973478676396,19,618,149,6576,ATG12;ATG13;ATG16L2;BCL2;BCL2L1;BECN1;DAPK2;ERN1;MAPK1;MLST8;OPTN;PDPK1;RRAGA;RUBCN;STK11;ULK2;UVRAG;VPS39;WDR45,1.0,False
KEGG,2,ADIPOCYTOKINE SIGNALING PATHWAY,0.10942722860372832,10,618,69,6576,ACSBG1;ADIPOQ;ADIPOR1;ADIPOR2;POMC;PRKAG2;RXRG;SOCS3;STK11;TNFRSF1A,1.0,False
KEGG,2,TYPE II DIABETES MELLITUS,0.11407128423825527,7,618,44,6576,ADIPOQ;CACNA1A;HOOK2;MAFA;MAP4K2;MAPK1;SOCS3,1.0,False
KEGG,2,PI3K-AKT SIGNALING PATHWAY,0.11535229969781773,36,618,313,6576,BCL2;BCL2L1;CCND2;CCNE2;COL1A2;COL6A3;COL9A1;CREB3L2;FGF10;FGF16;FGF17;FGFR3;FLT3LG;FN1;GNG5;IBSP;IL2RB;ITGA2;KITLG;LPAR5;LPAR6;MAPK1;MLST8;NANOS3;PDGFD;PDGFRB;PDPK1;PHLPP2;PIK3CG;PKN1;PPP2R5B;PRLR;SGK3;STK11;TGFA;TNR,1.0,False
KEGG,2,ARGININE BIOSYNTHESIS,0.12843805343537357,4,618,21,6576,GOT2;NANOS2;NANOS3;OTC,1.0,False
KEGG,2,BLADDER CANCER,0.1286963761314604,6,618,37,6576,BRAF;DAPK2;E2F2;FGFR3;MAPK1;UPK3A,1.0,False
KEGG,2,NEUROACTIVE LIGAND-RECEPTOR INTERACTION,0.13107890035001385,36,618,317,6576,AVPR1B;AVPR2;CCKBR;CHRNA5;CHRNB2;CHRNG;CTSG;DRD2;DRD4;GABBR2;GABRA2;GABRR1;GALR1;GCGR;GNRH1;GRIN2B;GRM7;HTR6;INSL3;LPAR6;MC1R;MC3R;NMBR;NPS;NPY5R;P2RX6;P2RY10;PATE3;PDYN;POMC;PPY;PRLHR;PRLR;PTH2R;SLURP1;TRHR,1.0,False
KEGG,2,CHRONIC MYELOID LEUKEMIA,0.1348350698242163,10,618,72,6576,BCL2L1;BRAF;CBL;CRKL;E2F2;GAB2;MAPK1;RUNX1;SHC4;TGFBR2,1.0,False
KEGG,2,AUTOPHAGY - OTHER,0.14541717164159715,5,618,30,6576,ATG12;ATG13;BECN1;MLST8;ULK2,1.0,False
KEGG,2,ONE CARBON POOL BY FOLATE,0.14541717164159715,5,618,30,6576,ALDH1L2;ALDH7A1;CHDH;FTCD;MTHFD1,1.0,False
KEGG,2,ALCOHOLISM,0.14880602753088243,14,618,110,6576,BRAF;CALML3;CREB3L2;DRD2;GNG5;GRIN2B;H2AC20;MAPK1;PDYN;PKIA;PPP1CA;SHC4;SLC6A3;TH,1.0,False
KEGG,2,ECM-RECEPTOR INTERACTION,0.15298123913998565,11,618,83,6576,COL1A2;COL6A3;COL9A1;FN1;GP1BA;IBSP;ITGA2;NPNT;SDC4;SV2C;TNR,1.0,False
KEGG,2,MTOR SIGNALING PATHWAY,0.15299166940560419,18,618,148,6576,BRAF;FZD4;FZD7;MAPK1;MLST8;PDPK1;PRR5L;RICTOR;RRAGA;SLC3A2;STK11;TBC1D7;TNFRSF1A;TTI1;ULK2;WNT10A;WNT4;WNT9A,1.0,False
KEGG,2,TIGHT JUNCTION,0.15972371358639315,18,618,149,6576,ACTN1;AFDN;CLDN12;CLDN17;CLDN2;CLDN25;LNX1;MPP3;MPP4;PARD3;PRKAG2;RAP1A;RUNX1;SCRIB;STK11;SYNPO;TJAP1;TUBA1B,1.0,False
KEGG,2,GLUCAGON SIGNALING PATHWAY,0.16059709471063668,12,618,93,6576,ADCY2;CALML3;CREB3L2;GCGR;ITPR3;MAP4K2;PFKM;PHKA1;PHKA2;PHKB;PPP4R3B;PRKAG2,1.0,False
KEGG,2,SNARE INTERACTIONS IN VESICULAR TRANSPORT,0.16085399625619276,5,618,31,6576,BNIP1;STX5;STX6;UBE2Z;VAMP1,1.0,False
KEGG,2,RIBOSOME BIOGENESIS IN EUKARYOTES,0.16330388536284468,9,618,66,6576,FBLL1;NOB1;RAN;RCL1;RPP25;UTP4;WDR75;XPO1;XRN2,1.0,False
KEGG,2,VIRION - HEPATITIS VIRUSES,0.16860739484402504,6,618,40,6576,CD81;CD9;CLDN12;CLDN17;CLDN2;CLDN25,1.0,False
KEGG,2,DOPAMINERGIC SYNAPSE,0.16945747628165564,15,618,122,6576,ARRB1;CACNA1A;CALML3;CALY;CLOCK;CREB3L2;DRD2;DRD4;GNG5;GRIN2B;ITPR3;PPP1CA;PPP2R5B;SLC6A3;TH,1.0,False
KEGG,2,GNRH SECRETION,0.1739909385329743,8,618,58,6576,ARRB1;GABBR2;GNA11;GNRH1;GPER1;ITPR3;KCNN1;MAPK1,1.0,False
KEGG,2,PATHWAYS IN CANCER,0.17707234442871891,50,618,467,6576,ADCY2;ALK;BBC3;BCL2;BCL2L1;BRAF;CALML3;CBL;CCND2;CCNE2;CRKL;DAPK2;E2F2;ETS1;FGF10;FGF16;FGF17;FGFR3;FLT3LG;FN1;FZD4;FZD7;GLI1;GNA11;GNG5;GSTT4;IL2RB;IL5;ITGA2;KITLG;LPAR5;LPAR6;MAPK1;NANOS2;NFKB2;PDGFRB;PIM2;PTCH1;RBX1;RUNX1;RXRG;SLC25A23;STAT2;TGFA;TGFBR2;TXNRD1;VHL;WNT10A;WNT4;WNT9A,1.0,False
KEGG,2,RNA DEGRADATION,0.1850829806475875,9,618,68,6576,BTG2;CNOT3;CNOT8;DIS3L;EDC3;EXOSC3;PFKM;TOB2;XRN2,1.0,False
KEGG,2,FATTY ACID BIOSYNTHESIS,0.18530912147833153,3,618,16,6576,ACSBG1;OLAH;OXSM,1.0,False
KEGG,2,OTHER GLYCAN DEGRADATION,0.18530912147833153,3,618,16,6576,AGA;ENGASE;NEU2,1.0,False
KEGG,2,LONG-TERM POTENTIATION,0.1859241987936798,8,618,59,6576,BRAF;CALML3;GRIN2B;ITPR3;MAPK1;PPP1CA;PPP1R1A;RAP1A,1.0,False
KEGG,2,NEUROACTIVE LIGAND SIGNALING,0.18849917644602643,21,618,182,6576,ADCY2;CHRNB2;DRD2;DRD4;GABBR2;GABRA2;GABRR1;GNA11;GNG5;GRIN2B;GRM7;HTR3A;HTR6;MC3R;P2RX6;PDYN;POMC;SLC1A3;SLC6A1;SLC6A3;SLC6A9,1.0,False
KEGG,2,APELIN SIGNALING PATHWAY,0.19377080006604347,15,618,125,6576,ADCY2;BECN1;CALML3;EGR1;GNG5;ITPR3;MAPK1;MEF2A;MEF2D;NANOS2;NANOS3;PIK3CG;PRKAG2;SLC8A1;SPHK2,1.0,False
KEGG,2,HEDGEHOG SIGNALING PATHWAY,0.19886393795926918,7,618,51,6576,ARRB1;BCL2;CCND2;EVC;GLI1;IHH;PTCH1,1.0,False
KEGG,2,HEPATOCELLULAR CARCINOMA,0.2085932981995697,17,618,146,6576,ARID1B;BCL2L1;BRAF;E2F2;FZD4;FZD7;GSTT4;MAPK1;SHC4;SLC25A23;SMARCD2;TGFA;TGFBR2;TXNRD1;WNT10A;WNT4;WNT9A,1.0,False
KEGG,2,BASAL CELL CARCINOMA,0.21078911068007572,8,618,61,6576,FZD4;FZD7;GLI1;PTCH1;SLC25A23;WNT10A;WNT4;WNT9A,1.0,False
KEGG,2,PHOSPHOLIPASE D SIGNALING PATHWAY,0.21402689483137988,16,618,137,6576,ADCY2;AVPR1B;AVPR2;DGKQ;GAB2;GRM7;KITLG;LPAR5;LPAR6;MAPK1;PDGFD;PDGFRB;PIK3CG;PLPP1;SHC4;SPHK2,1.0,False
KEGG,2,CENTRAL CARBON METABOLISM IN CANCER,0.2236821805231816,8,618,62,6576,FGFR3;HOOK2;MAP4K2;MAPK1;NTRK3;PDGFRB;PDPK1;PFKM,1.0,False
KEGG,2,STARCH AND SUCROSE METABOLISM,0.2239716263074098,4,618,26,6576,HOOK2;MAP4K2;MGAM;PMEL,1.0,False
KEGG,2,PROTEOGLYCANS IN CANCER,0.2240041174840862,21,618,187,6576,BRAF;CAV2;CAV3;CBL;COL1A2;FN1;FZD4;FZD7;IHH;ITGA2;ITPR3;MAPK1;PDCD4;PDPK1;PKN1;PPP1CA;PTCH1;SDC4;WNT10A;WNT4;WNT9A,1.0,False
KEGG,2,CUSHING SYNDROME,0.2400107247487978,16,618,140,6576,ADCY2;BRAF;CCNE2;CREB3L2;E2F2;FZD4;FZD7;GNA11;ITPR3;MAPK1;POMC;RAP1A;SLC25A23;WNT10A;WNT4;WNT9A,1.0,False
KEGG,2,AMINOACYL-TRNA BIOSYNTHESIS,0.24495100053036947,4,618,27,6576,AARS2;CARS2;MTFMT;QRSL1,1.0,False
KEGG,2,BASAL TRANSCRIPTION FACTORS,0.24637737095462084,5,618,36,6576,GTF2E1;GTF2F1;TAF4;TAF6;TBPL2,1.0,False
KEGG,2,PROTEIN DIGESTION AND ABSORPTION,0.25047388001125404,10,618,83,6576,COL1A2;COL28A1;COL5A3;COL6A3;COL8A1;COL9A1;CTRL;SLC36A2;SLC3A2;SLC8A1,1.0,False
KEGG,2,PURINE METABOLISM,0.2514392418454504,13,618,112,6576,ADCY2;ENTPD5;FHIT;GMPR2;GMPS;GUK1;HDDC3;NT5E;NT5M;PDE6D;PPY;PRUNE1;XDH,1.0,False
KEGG,2,COCAINE ADDICTION,0.2608346132231843,6,618,46,6576,CREB3L2;DRD2;GRIN2B;PDYN;SLC6A3;TH,1.0,False
KEGG,2,HISTIDINE METABOLISM,0.2622522012528351,3,618,19,6576,ALDH7A1;FTCD;HECA,1.0,False
KEGG,2,LIPOIC ACID METABOLISM,0.2622522012528351,3,618,19,6576,BCKDHA;BCKDHB;OGDH,1.0,False
KEGG,2,GABAERGIC SYNAPSE,0.262414893233964,10,618,84,6576,ADCY2;CACNA1A;GABBR2;GABRA2;GABRR1;GAD2;GNG5;PLCL1;SLC12A5;SLC6A1,1.0,False
KEGG,2,HEMATOPOIETIC CELL LINEAGE,0.2639551828957683,8,618,65,6576,CD9;FLT3LG;GP1BA;IL5;IL9R;ITGA2;KITLG;MS4A1,1.0,False
KEGG,2,HOMOLOGOUS RECOMBINATION,0.26476502639573946,5,618,37,6576,BRIP1;MRE11;RAD51D;RAD52;SEM1,1.0,False
KEGG,2,GLYCOSYLPHOSPHATIDYLINOSITOL (GPI)-ANCHOR BIOSYNTHESIS,0.2663400155349388,4,618,28,6576,DPM2;MPPE1;PGAP2;PIGS,1.0,False
KEGG,2,PATHWAYS OF NEURODEGENERATION - MULTIPLE DISEASES,0.2795716570319567,42,618,407,6576,ATG13;ATXN2L;BCL2;BCL2L1;BECN1;BRAF;CALML3;CAPN1;COX5A;DDIT3;DKK4;DNAH3;DNAH8;ERN1;FZD4;FZD7;GPX7;GRIN2B;ITPR3;MAP3K10;MAPK1;NANOS2;NDUFV1;OPTN;PDYN;PSEN2;PSMB6;SEM1;SLC25A23;SLC25A5;SLC6A3;SPG11;TNFRSF1A;TRAP1;TUBA1B;UBA7;UCHL1;ULK2;UQCR11;WNT10A;WNT4;WNT9A,1.0,False
KEGG,2,MEASLES,0.28061756200334276,12,618,105,6576,BBC3;BCL2;BCL2L1;CCND2;CCNE2;CD28;EIF2AK2;IL2RB;OAS3;RCHY1;SLAMF1;STAT2,1.0,False
KEGG,2,NICOTINE ADDICTION,0.283448793755824,5,618,38,6576,CACNA1A;CHRNB2;GABRA2;GABRR1;GRIN2B,1.0,False
KEGG,2,TRANSCRIPTIONAL MISREGULATION IN CANCER,0.28639675655210517,17,618,155,6576,BCL11B;BCL2L1;BMP2K;CCND2;CDK9;DDIT3;ETV4;FEV;HOXA9;IL2RB;PAX7;RUNX1;RXRG;SIN3A;SMAD1;SS18;TGFBR2,1.0,False
KEGG,2,NUCLEOCYTOPLASMIC TRANSPORT,0.2868233111538772,10,618,86,6576,KPNA4;KPNA7;NCBP2;RAN;SUMO2;UPF2;XPO1;XPO5;XPO7;XPOT,1.0,False
KEGG,2,MAPK SIGNALING PATHWAY,0.2873098777147154,30,618,286,6576,ARRB1;BRAF;CACNA1A;CACNA2D2;CACNB1;CACNG5;CRKL;DDIT3;DUSP5;FGF10;FGF16;FGF17;FGFR3;FLT3LG;KITLG;MAP3K10;MAP3K13;MAP3K6;MAP4K2;MAPK1;NFKB2;PDGFD;PDGFRB;PKN1;PPP5C;PTPN7;RAP1A;TGFA;TGFBR2;TNFRSF1A,1.0,False
KEGG,2,FOLATE TRANSPORT AND METABOLISM,0.2887958580552582,3,618,20,6576,ABCC4;ABCC5;MTHFD1,1.0,False
KEGG,2,APOPTOSIS,0.2932587684690631,13,618,116,6576,BBC3;BCL2;BCL2L1;CAPN1;DDIT3;DIABLO;ERN1;ITPR3;MAPK1;PDPK1;PIDD1;TNFRSF1A;TUBA1B,1.0,False
KEGG,2,SPINOCEREBELLAR ATAXIA,0.2950248573973345,15,618,136,6576,AFG3L2;ATG13;ATXN2L;BECN1;CACNA1A;ERN1;GRIN2B;ITPR3;KCND3;PDYN;PSMB6;SEM1;SLC25A5;TBPL2;ULK2,1.0,False
KEGG,2,MELANOMA,0.306156989082367,8,618,68,6576,BRAF;E2F2;FGF10;FGF16;FGF17;MAPK1;PDGFD;PDGFRB,1.0,False
KEGG,2,TYROSINE METABOLISM,0.3099928295033932,4,618,30,6576,FAH;GOT2;TH;TYRP1,1.0,False
KEGG,2,SPHINGOLIPID METABOLISM,0.31115846676431946,6,618,49,6576,B4GALNT1;NEU2;PLPP1;PSAPL1;SGMS2;SPHK2,1.0,False
KEGG,2,RAP1 SIGNALING PATHWAY,0.3112344156004111,21,618,198,6576,ADCY2;AFDN;BRAF;CALML3;CRKL;DRD2;FGF10;FGF16;FGF17;FGFR3;GRIN2B;KITLG;LPAR5;MAPK1;PARD3;PDGFD;PDGFRB;PFN1;RAP1A;RAPGEF1;SIPA1L3,1.0,False
KEGG,2,HIPPO SIGNALING PATHWAY,0.3147520304068591,16,618,148,6576,AMH;BBC3;CCND2;FZD4;FZD7;MPP3;PARD3;PPP1CA;SCRIB;SLC25A23;SMAD1;TEAD4;TGFBR2;WNT10A;WNT4;WNT9A,1.0,False
KEGG,2,ESTROGEN SIGNALING PATHWAY,0.3149041881790855,13,618,118,6576,ADCY2;BCL2;CALML3;CREB3L2;GABBR2;GPER1;ITPR3;KRT39;MAPK1;NANOS3;POMC;SHC4;TGFA,1.0,False
KEGG,2,ADRENERGIC SIGNALING IN CARDIOMYOCYTES,0.31503713612687856,15,618,138,6576,ADCY2;BCL2;CACNA2D2;CACNB1;CACNG5;CALML3;CREB3L2;MAPK1;PIK3CG;PPP1CA;PPP1R1A;PPP2R5B;SCN4B;SLC8A1;TPM4,1.0,False
KEGG,2,NON-SMALL CELL LUNG CANCER,0.3205472376893444,8,618,69,6576,ALK;BRAF;E2F2;FHIT;MAPK1;PDPK1;RXRG;TGFA,1.0,False
KEGG,2,ABC TRANSPORTERS,0.32148211801650467,5,618,40,6576,ABCA3;ABCA4;ABCC10;ABCC4;ABCC5,1.0,False
KEGG,2,VARIOUS TYPES OF N-GLYCAN BIOSYNTHESIS,0.34072335002534887,5,618,41,6576,CHST8;MAGT1;MAN1A1;MAN1B1;MGAT4A,1.0,False
KEGG,2,NON-HOMOLOGOUS END-JOINING,0.3490460670814496,2,618,13,6576,FEN1;MRE11,1.0,False
KEGG,2,CIRCADIAN RHYTHM,0.3542545726657453,4,618,32,6576,CLOCK;NR1D1;PRKAG2;RBX1,1.0,False
KEGG,2,NEUROTROPHIN SIGNALING PATHWAY,0.3607470670897632,12,618,112,6576,BCL2;BRAF;CALML3;CRKL;IRAK2;MAPK1;NTRK3;PDPK1;PSEN2;RAP1A;RAPGEF1;SHC4,1.0,False
KEGG,2,AMPHETAMINE ADDICTION,0.3641220683353887,7,618,62,6576,CALML3;CREB3L2;GRIN2B;PDYN;PPP1CA;SLC6A3;TH,1.0,False
KEGG,2,INTEGRIN SIGNALING,0.3664564290389403,15,618,143,6576,ACTN1;CCND2;COL1A2;COL6A3;COL9A1;FBN1;FN1;IBSP;ITGA2;NPNT;PARVB;PARVG;PDGFD;PDGFRB;TNR,1.0,False
KEGG,2,HUMAN PAPILLOMAVIRUS INFECTION,0.36730658744660116,29,618,287,6576,ATP6V0A1;BCAP31;CCND2;CCNE2;COL1A2;COL6A3;COL9A1;CREB3L2;EIF2AK2;FN1;FZD4;FZD7;IBSP;ITGA2;MAPK1;MPP3;PARD3;PDGFRB;PPP2R5B;SCRIB;SLC25A23;STAT2;TBPL2;TNFRSF1A;TNR;UBR4;WNT10A;WNT4;WNT9A,1.0,False
KEGG,2,GLYCOSPHINGOLIPID BIOSYNTHESIS - LACTO AND NEOLACTO SERIES,0.36897227347410233,3,618,23,6576,B3GALT1;B3GNT5;B4GALNT2,1.0,False
KEGG,2,PROLACTIN SIGNALING PATHWAY,0.3800304322008226,7,618,63,6576,CCND2;MAP4K2;MAPK1;PRLR;SHC4;SOCS3;TH,1.0,False
KEGG,2,TASTE TRANSDUCTION,0.3800304322008226,7,618,63,6576,CACNA1A;GABBR2;GABRA2;HTR3A;ITPR3;SCN2A;SCN9A,1.0,False
KEGG,2,GLYCOLYSIS / GLUCONEOGENESIS,0.38027890706468803,6,618,53,6576,ALDH7A1;HOOK2;MAP4K2;MINPP1;PFKM;PGK1,1.0,False
KEGG,2,AMPK SIGNALING PATHWAY,0.3843328155250172,12,618,114,6576,ADIPOQ;ADIPOR1;ADIPOR2;CIDEA;CREB3L2;HNF1A;PDPK1;PFKM;PPP2R5B;PRKAG2;RAB14;STK11,1.0,False
KEGG,2,WNT SIGNALING PATHWAY,0.3846135582523824,16,618,155,6576,APCDD1;CCAR2;CCND2;CTNNBIP1;DKK4;FZD4;FZD7;INVS;PRICKLE3;RBX1;RUVBL1;RYK;SLC25A23;WNT10A;WNT4;WNT9A,1.0,False
KEGG,2,BREAST CANCER,0.39027713612580134,14,618,135,6576,BRAF;E2F2;FGF10;FGF16;FGF17;FZD4;FZD7;MAPK1;NFKB2;SHC4;SLC25A23;WNT10A;WNT4;WNT9A,1.0,False
KEGG,2,NICOTINATE AND NICOTINAMIDE METABOLISM,0.39851355835846447,4,618,34,6576,NMRK2;NT5E;NT5M;PPY,1.0,False
KEGG,2,SYSTEMIC LUPUS ERYTHEMATOSUS,0.3987309031840434,5,618,44,6576,ACTN1;CD28;CTSG;GRIN2B;H2AC20,1.0,False
KEGG,2,HEPATITIS C,0.40457495374055596,13,618,126,6576,BRAF;CD81;CLDN12;CLDN17;CLDN2;CLDN25;E2F2;EIF2AK2;MAPK1;OAS3;SOCS3;STAT2;TNFRSF1A,1.0,False
KEGG,2,REGULATION OF ACTIN CYTOSKELETON,0.4067171635620288,21,618,209,6576,ACTN1;ARHGAP35;BRAF;CRKL;CYFIP1;DIAPH3;FGF10;FGF16;FGF17;FGFR3;FN1;ITGA2;LPAR5;MAPK1;NCKAP1;PDGFD;PDGFRB;PFN1;PKN1;PPP1CA;SLC25A23,1.0,False
KEGG,2,PLATELET ACTIVATION,0.40806055037889766,12,618,116,6576,ADAMTS13;ADCY2;ARHGAP35;COL1A2;GP1BA;ITGA2;ITPR3;MAPK1;NANOS3;PIK3CG;PPP1CA;RAP1A,1.0,False
KEGG,2,CARDIAC MUSCLE CONTRACTION,0.40869305122399063,8,618,75,6576,CACNA2D2;CACNB1;CACNG5;CASQ2;COX5A;SLC8A1;TPM4;UQCR11,1.0,False
KEGG,2,ALZHEIMER DISEASE,0.4098271093887474,32,618,324,6576,ATG13;BACE1;BECN1;BRAF;CALML3;CAPN1;COX5A;DDIT3;DKK4;EIF2AK2;ERN1;FZD4;FZD7;GRIN2B;ITPR3;MAPK1;NAE1;NANOS2;NDUFV1;PSEN2;PSMB6;SEM1;SLC25A23;SLC25A5;SLC39A3;TNFRSF1A;TUBA1B;ULK2;UQCR11;WNT10A;WNT4;WNT9A,1.0,False
KEGG,2,GLYCEROLIPID METABOLISM,0.4150431644310298,6,618,55,6576,ALDH7A1;DGKQ;LCLAT1;PLPP1;PLPP4;PNLIP,1.0,False
KEGG,2,LONG-TERM DEPRESSION,0.4150431644310298,6,618,55,6576,BRAF;CACNA1A;GNA11;ITPR3;MAPK1;PPP1R17,1.0,False
KEGG,2,CELLULAR SENESCENCE,0.4231255539914464,14,618,138,6576,CALML3;CAPN1;CCND2;CCNE2;CHEK2;E2F2;ETS1;ITPR3;LIN54;MAPK1;MRE11;PPP1CA;SLC25A5;TGFBR2,1.0,False
KEGG,2,ERBB SIGNALING PATHWAY,0.42347991448151395,8,618,76,6576,BRAF;CBL;CRKL;MAPK1;NRG3;PKN1;SHC4;TGFA,1.0,False
KEGG,2,PROSTATE CANCER,0.4285419870418862,10,618,97,6576,BCL2;BRAF;CCNE2;CREB3L2;E2F2;MAPK1;PDGFD;PDGFRB;PDPK1;TGFA,1.0,False
KEGG,2,SMALL CELL LUNG CANCER,0.4332261958817399,9,618,87,6576,BCL2;BCL2L1;CCNE2;E2F2;FHIT;FN1;ITGA2;NANOS2;RXRG,1.0,False
KEGG,2,GAP JUNCTION,0.438238423887529,8,618,77,6576,ADCY2;DRD2;GNA11;ITPR3;MAPK1;PDGFD;PDGFRB;TUBA1B,1.0,False
KEGG,2,GLYCEROPHOSPHOLIPID METABOLISM,0.4416282079255592,10,618,98,6576,CHEK2;DGKQ;ETNK1;LCLAT1;LPCAT4;PLA2G6;PLD3;PLPP1;PLPP4;SGMS2,1.0,False
KEGG,2,"PHENYLALANINE, TYROSINE AND TRYPTOPHAN BIOSYNTHESIS",0.4469946268271585,1,618,6,6576,GOT2,1.0,False
KEGG,2,VITAMIN B6 METABOLISM,0.4469946268271585,1,618,6,6576,PNPO,1.0,False
KEGG,2,ADHERENS JUNCTION,0.4470557278867612,9,618,88,6576,ACTN1;AFDN;ARHGAP29;FER;LMO7;MAPK1;PARD3;RAP1A;TGFBR2,1.0,False
KEGG,2,OOCYTE MEIOSIS,0.44900917044131805,11,618,109,6576,ADCY2;BUB1;CALML3;CCNE2;ITPR3;MAPK1;PPP1CA;PPP2R5B;RBX1;SMC3;STAG3,1.0,False
KEGG,2,MICRORNAS IN CANCER,0.4508238878649994,15,618,151,6576,BCL2;CCND2;CCNE2;CRKL;E2F2;FGFR3;KIF23;MAPK1;MDM4;PDCD4;PDGFRB;SHC4;SLC25A23;SPRY2;TNR,1.0,False
KEGG,2,HIF-1 SIGNALING PATHWAY,0.454685330261038,10,618,99,6576,BCL2;HOOK2;MAPK1;NANOS2;NANOS3;PDPK1;PFKM;PGK1;RBX1;VHL,1.0,False
KEGG,2,ETHER LIPID METABOLISM,0.45619143214566954,5,618,47,6576,LPCAT4;PAFAH1B1;PLA2G6;PLD3;PLPP1,1.0,False
KEGG,2,GLIOMA,0.4594331559141295,7,618,68,6576,BRAF;CALML3;E2F2;MAPK1;PDGFRB;SHC4;TGFA,1.0,False
KEGG,2,RAS SIGNALING PATHWAY,0.46905927659025204,21,618,216,6576,AFDN;BCL2L1;CALML3;ETS1;FGF10;FGF16;FGF17;FGFR3;FLT3LG;GAB2;GNG5;GRIN2B;KITLG;MAPK1;PDGFD;PDGFRB;PKN1;PLA2G6;RAP1A;SHC4;TGFA,1.0,False
KEGG,2,HUMAN T-CELL LEUKEMIA VIRUS 1 INFECTION,0.4700145191709514,19,618,195,6576,ADCY2;BCL2L1;CCND2;CCNE2;CHEK2;CREB3L2;E2F2;EGR1;ETS1;IL2RB;MAPK1;NFKB2;RAN;RANBP1;SLC25A5;TBPL2;TGFBR2;TNFRSF1A;XPO1,1.0,False
KEGG,2,ALLOGRAFT REJECTION,0.48405314614335176,2,618,17,6576,CD28;IL5,1.0,False
KEGG,2,COBALAMIN TRANSPORT AND METABOLISM,0.48405314614335176,2,618,17,6576,MMADHC;MTRR,1.0,False
KEGG,2,UBIQUITIN MEDIATED PROTEOLYSIS,0.48418128201439853,13,618,133,6576,AIRE;CBL;CUL5;NHLRC1;RBX1;RCHY1;RHOBTB1;SOCS3;UBA7;UBE2Q2;UBE2Z;UBE4A;VHL,1.0,False
KEGG,2,JAK-STAT SIGNALING PATHWAY,0.4909753266716644,12,618,123,6576,BCL2;BCL2L1;CCND2;IFNLR1;IL22RA1;IL2RB;IL5;IL9R;PDGFRB;PRLR;SOCS3;STAT2,1.0,False
KEGG,2,PROTEIN EXPORT,0.4974832754399264,3,618,28,6576,OXA1L;SEC62;SPCS1,1.0,False
KEGG,2,CHOLINERGIC SYNAPSE,0.5063603825164472,10,618,103,6576,ADCY2;BCL2;CACNA1A;CHRNB2;CREB3L2;GNA11;GNG5;ITPR3;MAPK1;PIK3CG,1.0,False
KEGG,2,N-GLYCAN BIOSYNTHESIS,0.5120250171305601,5,618,50,6576,DPM2;MAGT1;MAN1A1;MAN1B1;MGAT4A,1.0,False
KEGG,2,LONGEVITY REGULATING PATHWAY,0.525150531154386,8,618,83,6576,ADCY2;ADIPOQ;ADIPOR1;ADIPOR2;ATG13;CREB3L2;PRKAG2;STK11,1.0,False
KEGG,2,BASE EXCISION REPAIR,0.5263040926253079,4,618,40,6576,FEN1;MUTYH;POLE2;SMUG1,1.0,False
KEGG,2,ATP-DEPENDENT CHROMATIN REMODELING,0.528566430402819,9,618,94,6576,ARID1B;BICRA;EPC1;H2AC20;NFRKB;RUVBL1;SMARCD2;SRCAP;SS18,1.0,False
KEGG,2,CHEMICAL CARCINOGENESIS - RECEPTOR ACTIVATION,0.5343851752311345,15,618,159,6576,ADCY2;ARRB1;BCL2;CACNA1A;CHRNB2;CREB3L2;EPHX3;FGF10;FGF16;FGF17;GSTT4;KPNA4;KPNA7;MAPK1;RXRG,1.0,False
KEGG,2,CGMP-PKG SIGNALING PATHWAY,0.542286537156484,14,618,149,6576,ADCY2;CALML3;CREB3L2;GNA11;ITPR3;MAPK1;MEF2A;MEF2D;NANOS3;NPPC;PIK3CG;PPP1CA;SLC25A5;SLC8A1,1.0,False
KEGG,2,METABOLISM OF XENOBIOTICS BY CYTOCHROME P450,0.5451660429779305,3,618,30,6576,CYP2F1;CYP2S1;GSTT4,1.0,False
KEGG,2,"VIRION - EBOLAVIRUS, LYSSAVIRUS AND MORBILLIVIRUS",0.5461445107891476,1,618,8,6576,SLAMF1,1.0,False
KEGG,2,FAT DIGESTION AND ABSORPTION,0.5463668756090873,4,618,41,6576,APOB;GOT2;PLPP1;PNLIP,1.0,False
KEGG,2,VASOPRESSIN-REGULATED WATER REABSORPTION,0.5463668756090873,4,618,41,6576,AVPR2;CREB3L2;DYNC1LI2;DYNC2H1,1.0,False
KEGG,2,RELAXIN SIGNALING PATHWAY,0.5464907820232369,11,618,117,6576,ADCY2;ARRB1;COL1A2;CREB3L2;GNG5;INSL3;MAPK1;NANOS2;NANOS3;SHC4;TGFBR2,1.0,False
KEGG,2,VASCULAR SMOOTH MUSCLE CONTRACTION,0.5464907820232369,11,618,117,6576,ADCY2;AVPR1B;BRAF;CALML3;GNA11;ITPR3;MAPK1;NPPC;PLA2G6;PPP1CA;PPP1R14A,1.0,False
KEGG,2,AXON GUIDANCE,0.5468075402583389,16,618,171,6576,EPHA4;MAPK1;NGEF;NTN4;PARD3;PDPK1;PKN1;PLXNA4;PTCH1;ROBO1;RYK;SEMA4F;SEMA6C;SRGAP1;UNC5C;WNT4,1.0,False
KEGG,2,HUNTINGTON DISEASE,0.5539692669104772,24,618,258,6576,AP2B1;AP2S1;ATG13;BBC3;BECN1;COX5A;CREB3L2;DNAH3;DNAH8;ERN1;GPX7;GRIN2B;MAP3K10;NDUFV1;PSMB6;SEM1;SIN3A;SLC1A3;SLC25A5;TAF4;TBPL2;TUBA1B;ULK2;UQCR11,1.0,False
KEGG,2,HYPERTROPHIC CARDIOMYOPATHY,0.5548456284562013,9,618,96,6576,CACNA2D2;CACNB1;CACNG5;CAV3;ITGA2;PRKAG2;SLC8A1;SSPN;TPM4,1.0,False
KEGG,2,SIGNALING PATHWAYS REGULATING PLURIPOTENCY OF STEM CELLS,0.5599513470380706,12,618,129,6576,FGFR3;FZD4;FZD7;ISL1;KAT6A;MAPK1;SLC25A23;SMAD1;TBX3;WNT10A;WNT4;WNT9A,1.0,False
KEGG,2,CYTOSKELETON IN MUSCLE CELLS,0.5636225050297832,20,618,216,6576,COL1A2;COL5A3;COL6A3;COL9A1;CSRP2;DIAPH3;FBN1;FN1;INF2;ITGA2;LDB3;MYH13;MYPN;NEBL;OBSCN;SDC4;SSPN;TMOD3;TPM4;TRIM55,1.0,False
KEGG,2,INSULIN SECRETION,0.5660243082406171,7,618,75,6576,ADCY2;CREB3L2;GNA11;ITPR3;KCNN1;MAP4K2;RIMS2,1.0,False
KEGG,2,GLUTAMATERGIC SYNAPSE,0.5688187425525895,10,618,108,6576,ADCY2;CACNA1A;GNG5;GRIN2B;GRM7;ITPR3;MAPK1;SHANK2;SHANK3;SLC1A3,1.0,False
KEGG,2,FLUID SHEAR STRESS AND ATHEROSCLEROSIS,0.569944370095789,11,618,119,6576,BCL2;CALML3;CAV2;CAV3;GSTT4;MEF2A;NANOS3;NPPC;SDC4;SUMO2;TNFRSF1A,1.0,False
KEGG,2,AUTOIMMUNE THYROID DISEASE,0.5732400591071961,2,618,20,6576,CD28;IL5,1.0,False
KEGG,2,RENIN-ANGIOTENSIN SYSTEM,0.5732400591071961,2,618,20,6576,CTSG;MRGPRD,1.0,False
KEGG,2,CHEMOKINE SIGNALING PATHWAY,0.5735404757014375,14,618,152,6576,ADCY2;ARRB1;BRAF;CCL7;CRKL;CX3CL1;GNG5;MAPK1;PARD3;PIK3CG;PKN1;RAP1A;SHC4;STAT2,1.0,False
KEGG,2,CORTISOL SYNTHESIS AND SECRETION,0.5824829106975438,5,618,54,6576,ADCY2;CREB3L2;GNA11;ITPR3;POMC,1.0,False
KEGG,2,CAMP SIGNALING PATHWAY,0.588518025847498,19,618,208,6576,ABCC4;ADCY2;AFDN;AMH;BRAF;CALML3;CREB3L2;DRD2;FXYD1;GABBR2;GLI1;GRIN2B;HTR6;MAPK1;PKN1;POMC;PPP1CA;PTCH1;RAP1A,1.0,False
KEGG,2,DILATED CARDIOMYOPATHY,0.5931015471503941,9,618,99,6576,ADCY2;CACNA2D2;CACNB1;CACNG5;CAV3;ITGA2;SLC8A1;SSPN;TPM4,1.0,False
KEGG,2,AMOEBIASIS,0.5947100246751301,7,618,77,6576,ACTN1;COL1A2;CTSG;FN1;GNA11;NANOS2;SERPINB13,1.0,False
KEGG,2,INOSITOL PHOSPHATE METABOLISM,0.5947100246751301,7,618,77,6576,INPP5E;MINPP1;OCRL;PI4KB;PIK3CG;PIP5KL1;PPIP5K2,1.0,False
KEGG,2,ARGININE AND PROLINE METABOLISM,0.6037550417792377,4,618,44,6576,ALDH7A1;GOT2;NANOS2;NANOS3,1.0,False
KEGG,2,ENDOCRINE AND OTHER FACTOR-REGULATED CALCIUM REABSORPTION,0.6037550417792377,4,618,44,6576,AP2B1;AP2S1;CALB1;SLC8A1,1.0,False
KEGG,2,FOXO SIGNALING PATHWAY,0.6041543250431087,11,618,122,6576,ATG12;BRAF;CCND2;FOXO6;MAPK1;PDPK1;PRKAG2;SGK3;STK11;TGFBR2;USP7,1.0,False
KEGG,2,OSTEOCLAST DIFFERENTIATION,0.6046637240396451,10,618,111,6576,CYLD;FOSL2;GAB2;ITPR3;MAPK1;NFKB2;SOCS3;STAT2;TGFBR2;TNFRSF1A,1.0,False
KEGG,2,INSULIN RESISTANCE,0.6297331810073503,9,618,102,6576,CREB3L2;NANOS3;PDPK1;PPP1CA;PPP1R3A;PRKAG2;SOCS3;TNFRSF1A;TRIB3,1.0,False
KEGG,2,"ALANINE, ASPARTATE AND GLUTAMATE METABOLISM",0.63208503410876,3,618,34,6576,GAD2;GOT2;NIT2,1.0,False
KEGG,2,ALDOSTERONE-REGULATED SODIUM REABSORPTION,0.63208503410876,3,618,34,6576,HSD11B2;MAPK1;PDPK1,1.0,False
KEGG,2,AMYOTROPHIC LATERAL SCLEROSIS,0.6328564403447413,27,618,301,6576,ATG13;ATXN2L;BCL2;BCL2L1;BECN1;COX5A;DDIT3;DNAH3;DNAH8;ERN1;GPX7;GRIN2B;HNRNPA1;HNRNPA2B1;ITPR3;NANOS2;NDUFV1;NRG3;OPTN;PFN1;PSMB6;SEM1;SPG11;TNFRSF1A;TUBA1B;ULK2;UQCR11,1.0,False
KEGG,2,GNRH SIGNALING PATHWAY,0.6358527282419018,7,618,80,6576,ADCY2;CALML3;EGR1;GNA11;GNRH1;ITPR3;MAPK1,1.0,False
KEGG,2,NOD-LIKE RECEPTOR SIGNALING PATHWAY,0.6476683732667481,11,618,126,6576,ATG12;BCL2;BCL2L1;CARD6;CASR;GBP5;ITPR3;MAPK1;OAS3;PKN1;STAT2,1.0,False
KEGG,2,CYTOKINE-CYTOKINE RECEPTOR INTERACTION,0.6483941500362325,18,618,204,6576,AMH;CCL7;CD27;CX3CL1;EBI3;GDF10;GDF2;IFNLR1;IL22RA1;IL2RB;IL5;IL9R;PRLR;RELL1;TGFBR2;TNFRSF1A;TNFRSF4;TNFSF8,1.0,False
KEGG,2,ALDOSTERONE SYNTHESIS AND SECRETION,0.6490244714949718,7,618,81,6576,ADCY2;CALML3;CREB3L2;DAGLB;GNA11;ITPR3;POMC,1.0,False
KEGG,2,COLORECTAL CANCER,0.6490244714949718,7,618,81,6576,BBC3;BCL2;BRAF;MAPK1;SLC25A23;TGFA;TGFBR2,1.0,False
KEGG,2,MANNOSE TYPE O-GLYCAN BIOSYNTHESIS,0.6506716527547315,2,618,23,6576,B3GAT1;POMK,1.0,False
KEGG,2,TYPE I DIABETES MELLITUS,0.6506716527547315,2,618,23,6576,CD28;GAD2,1.0,False
KEGG,2,AMINO SUGAR AND NUCLEOTIDE SUGAR METABOLISM,0.6519238372763505,3,618,35,6576,GNPDA2;HOOK2;MAP4K2,1.0,False
KEGG,2,"GLYCINE, SERINE AND THREONINE METABOLISM",0.6519238372763505,3,618,35,6576,ALDH7A1;CHDH;PIPOX,1.0,False
KEGG,2,CELL CYCLE,0.653874506148904,13,618,149,6576,BUB1;CCND2;CCNE2;CDC14A;CHEK2;DBF4;E2F2;ESCO1;PPP2R5B;RBX1;SMC3;WEE2;ZNF367,1.0,False
KEGG,2,BACTERIAL INVASION OF EPITHELIAL CELLS,0.6546210382788799,6,618,70,6576,CAV2;CAV3;CBL;CRKL;FN1;SHC4,1.0,False
KEGG,2,DRUG METABOLISM - OTHER ENZYMES,0.6565174005750531,4,618,47,6576,GMPS;GSTT4;TK2;XDH,1.0,False
KEGG,2,VIRAL MYOCARDITIS,0.6565174005750531,4,618,47,6576,CAV3;CD28;EIF4G1;SSPN,1.0,False
KEGG,2,INFLUENZA A,0.6609993984530644,10,618,116,6576,EIF2AK2;HNRNPUL1;KPNA7;MAPK1;OAS3;SLC25A5;SOCS3;STAT2;TNFRSF1A;XPO1,1.0,False
KEGG,2,IGSF CAM SIGNALING,0.6615907454168063,23,618,261,6576,ACTN1;AFDN;CD28;ESAM;LGALS12;LMO7;LNX1;MAPK1;MPP3;NRCAM;NTRK3;PARD3;PDPK1;PKN1;PLXNA4;PXMP2;RAP1A;ROBO1;SLAMF1;SLITRK1;SRGAP1;TUBA1B;UNC5C,1.0,False
KEGG,2,PHOSPHATIDYLINOSITOL SIGNALING SYSTEM,0.6689385595137749,8,618,94,6576,CALML3;CHEK2;DGKQ;INPP5E;ITPR3;OCRL;PI4KB;PPIP5K2,1.0,False
KEGG,2,THYROID CANCER,0.6709866539385687,3,618,36,6576,BRAF;MAPK1;RXRG,1.0,False
KEGG,2,VIRAL PROTEIN INTERACTION WITH CYTOKINE AND CYTOKINE RECEPTOR,0.6769408285538252,5,618,60,6576,CCL7;CX3CL1;IL22RA1;IL2RB;TNFRSF1A,1.0,False
KEGG,2,PARKINSON DISEASE,0.6797554987848056,19,618,219,6576,BCL2L1;CALML3;COX5A;DDIT3;DRD2;ERN1;ITPR3;NDUFV1;PSMB6;SEM1;SLC25A5;SLC39A3;SLC6A3;TH;TRAP1;TUBA1B;UBA7;UCHL1;UQCR11,1.0,False
KEGG,2,C-TYPE LECTIN RECEPTOR SIGNALING PATHWAY,0.6806316319958681,8,618,95,6576,CALML3;CLEC4D;CYLD;ITPR3;MAPK1;NFKB2;PKN1;STAT2,1.0,False
KEGG,2,VIRAL CARCINOGENESIS,0.6822043900766257,13,618,152,6576,ACTN1;CCND2;CCNE2;CREB3L2;EIF2AK2;GTF2E1;MAPK1;NFKB2;RANBP1;SCRIB;TBPL2;UBR4;USP7,1.0,False
KEGG,2,LEUKOCYTE TRANSENDOTHELIAL MIGRATION,0.6866391391371076,9,618,107,6576,ACTN1;AFDN;ARHGAP35;CLDN12;CLDN17;CLDN2;CLDN25;ESAM;RAP1A,1.0,False
KEGG,2,ARRHYTHMOGENIC RIGHT VENTRICULAR CARDIOMYOPATHY,0.6868084166635817,7,618,84,6576,CACNA2D2;CACNB1;CACNG5;CAV3;ITGA2;SLC8A1;SSPN,1.0,False
KEGG,2,OLFACTORY TRANSDUCTION,0.6892727611253437,3,618,37,6576,ARRB1;CALML3;SLC8A1,1.0,False
KEGG,2,UBIQUINONE AND OTHER TERPENOID-QUINONE BIOSYNTHESIS,0.6943589688356677,1,618,12,6576,COQ4,1.0,False
KEGG,2,COLLECTING DUCT ACID SECRETION,0.6958076533033211,2,618,25,6576,ATP6V0A1;SLC12A7,1.0,False
KEGG,2,FATTY ACID ELONGATION,0.6958076533033211,2,618,25,6576,ELOVL1;PPT2,1.0,False
KEGG,2,NECROPTOSIS,0.7078287271084419,9,618,109,6576,BCL2;CAPN1;CYLD;EIF2AK2;H2AC20;SLC25A5;STAT2;TNFRSF1A;USP25,1.0,False
KEGG,2,FC GAMMA R-MEDIATED PHAGOCYTOSIS,0.7105039335123049,7,618,86,6576,CRKL;GAB2;MAPK1;PKN1;PLA2G6;PLPP1;SPHK2,1.0,False
KEGG,2,MORPHINE ADDICTION,0.7105039335123049,7,618,86,6576,ADCY2;ARRB1;CACNA1A;GABBR2;GABRA2;GABRR1;GNG5,1.0,False
KEGG,2,CELL ADHESION MOLECULE (CAM) INTERACTION,0.7124781738672871,10,618,121,6576,CD28;CLDN12;CLDN17;CLDN2;CLDN25;ESAM;NRCAM;NRXN3;SDC4;SLITRK1,1.0,False
KEGG,2,RNA POLYMERASE,0.7165074169133618,2,618,26,6576,POLR1H;POLR3A,1.0,False
KEGG,2,VITAMIN DIGESTION AND ABSORPTION,0.7165074169133618,2,618,26,6576,APOB;PNLIP,1.0,False
KEGG,2,PYRIMIDINE METABOLISM,0.7191730186566081,4,618,51,6576,ENTPD5;NT5E;NT5M;TK2,1.0,False
KEGG,2,RIG-I-LIKE RECEPTOR SIGNALING PATHWAY,0.7191730186566081,4,618,51,6576,ATG12;CYLD;OTUD5;TBKBP1,1.0,False
KEGG,2,PANCREATIC CANCER,0.7196372599976381,6,618,75,6576,BCL2L1;BRAF;E2F2;MAPK1;TGFA;TGFBR2,1.0,False
KEGG,2,GLYCOSAMINOGLYCAN BIOSYNTHESIS - KERATAN SULFATE,0.7231350439818527,1,618,13,6576,CHST4,1.0,False
KEGG,2,CARBOHYDRATE DIGESTION AND ABSORPTION,0.7235326671998336,3,618,39,6576,HOOK2;MGAM;PMEL,1.0,False
KEGG,2,TRYPTOPHAN METABOLISM,0.7235326671998336,3,618,39,6576,ALDH7A1;ALDH8A1;KYNU,1.0,False
KEGG,2,TGF-BETA SIGNALING PATHWAY,0.7351629236796499,8,618,100,6576,AMH;FBN1;MAPK1;RBX1;SIN3A;SMAD1;TFR2;TGFBR2,1.0,False
KEGG,2,HIPPO SIGNALING PATHWAY - MULTIPLE SPECIES,0.7360105761732795,2,618,27,6576,PKN1;TEAD4,1.0,False
KEGG,2,PENTOSE PHOSPHATE PATHWAY,0.7360105761732795,2,618,27,6576,PFKM;RBKS,1.0,False
KEGG,2,POLYCOMB REPRESSIVE COMPLEX,0.7431297406389925,6,618,77,6576,ASXL2;E2F6;EZH1;MAGI1;MTF2;USP7,1.0,False
KEGG,2,GASTRIC ACID SECRETION,0.7439459773119931,5,618,65,6576,ADCY2;CALML3;CCKBR;ITPR3;SLC9A4,1.0,False
KEGG,2,MOTOR PROTEINS,0.7466310645045087,14,618,171,6576,DNAH3;DNAH8;DNAI3;DYNC1LI2;DYNC2H1;KIF13B;KIF17;KIF23;KIFAP3;KIFC2;MYH13;TPM4;TUBA1B;TUBD1,1.0,False
KEGG,2,ENDOCYTOSIS,0.748029726994007,18,618,217,6576,AP2B1;AP2S1;ARRB1;CAV2;CAV3;CBL;EPN2;FGFR3;IL2RB;PARD3;PIP5KL1;RABEP1;RBSN;SNX3;TGFBR2;VPS26B;VPS35;VTA1,1.0,False
KEGG,2,ASCORBATE AND ALDARATE METABOLISM,0.7492058260661458,1,618,14,6576,ALDH7A1,1.0,False
KEGG,2,GRAFT-VERSUS-HOST DISEASE,0.7492058260661458,1,618,14,6576,CD28,1.0,False
KEGG,2,PHENYLALANINE METABOLISM,0.7492058260661458,1,618,14,6576,GOT2,1.0,False
KEGG,2,TAURINE AND HYPOTAURINE METABOLISM,0.7492058260661458,1,618,14,6576,GAD2,1.0,False
KEGG,2,NON-ALCOHOLIC FATTY LIVER DISEASE,0.7526507717276407,11,618,137,6576,ADIPOQ;ADIPOR1;ADIPOR2;COX5A;DDIT3;ERN1;NDUFV1;PRKAG2;SOCS3;TNFRSF1A;UQCR11,1.0,False
KEGG,2,CORNIFIED ENVELOPE FORMATION,0.7556023255360578,12,618,149,6576,CAPN1;CLDN12;CLDN17;CLDN2;CLDN25;ELOVL1;EPHX3;KRT39;PPP2R5B;S100A1;S100A10;TGM3,1.0,False
KEGG,2,THYROID HORMONE SYNTHESIS,0.7560366269990428,5,618,66,6576,ADCY2;CREB3L2;GPX7;ITPR3;IYD,1.0,False
KEGG,2,SPHINGOLIPID SIGNALING PATHWAY,0.7566635011402889,9,618,114,6576,BCL2;GAB2;MAPK1;NANOS3;PDPK1;PPP2R5B;SGMS2;SPHK2;TNFRSF1A,1.0,False
KEGG,2,RIBOSOME,0.7586910040302697,10,618,126,6576,MRPL19;MRPL38;MRPL39;MRPL45;MRPL52;RPL10L;RPL39;RPS11;RPS16;RPS17,1.0,False
KEGG,2,ENDOMETRIAL CANCER,0.7603399180509973,4,618,54,6576,BRAF;MAPK1;PDPK1;SLC25A23,1.0,False
KEGG,2,OXYTOCIN SIGNALING PATHWAY,0.7610399677117016,11,618,138,6576,ADCY2;CACNA2D2;CACNB1;CACNG5;CALML3;ITPR3;MAPK1;NANOS3;PIK3CG;PPP1CA;PRKAG2,1.0,False
KEGG,2,BETA-ALANINE METABOLISM,0.771596615886613,2,618,29,6576,ALDH7A1;GAD2,1.0,False
KEGG,2,FRUCTOSE AND MANNOSE METABOLISM,0.771596615886613,2,618,29,6576,HOOK2;PFKM,1.0,False
KEGG,2,INTESTINAL IMMUNE NETWORK FOR IGA PRODUCTION,0.771596615886613,2,618,29,6576,CD28;IL5,1.0,False
KEGG,2,GLYCOSPHINGOLIPID BIOSYNTHESIS - GANGLIO SERIES,0.7728252712796664,1,618,15,6576,B4GALNT1,1.0,False
KEGG,2,MRNA SURVEILLANCE PATHWAY,0.7756626043398465,6,618,80,6576,CPSF2;DAZAP1;NCBP2;PPP1CA;PPP2R5B;UPF2,1.0,False
KEGG,2,PEROXISOME,0.7756626043398465,6,618,80,6576,AMACR;NANOS2;PEX11A;PIPOX;PXMP2;XDH,1.0,False
KEGG,2,SHIGELLOSIS,0.7780524496042146,17,618,210,6576,ACTN1;ATG12;BCL2;BCL2L1;BECN1;CAPN1;CRKL;FOXO6;HOOK2;ITPR3;MAPK1;PFN1;RBX1;RRAGA;TNFRSF1A;TNIP1;U2AF1L4,1.0,False
KEGG,2,CHOLINE METABOLISM IN CANCER,0.7837507114989456,7,618,93,6576,DGKQ;MAPK1;PDGFD;PDGFRB;PDPK1;PLPP1;SLC22A1,1.0,False
KEGG,2,TOXOPLASMOSIS,0.792988470854074,7,618,94,6576,BCL2;BCL2L1;MAPK1;NANOS2;PDPK1;PIK3CG;TNFRSF1A,1.0,False
KEGG,2,PRIMARY BILE ACID BIOSYNTHESIS,0.7942235310493915,1,618,16,6576,AMACR,1.0,False
KEGG,2,PANCREATIC SECRETION,0.7955738069835845,6,618,82,6576,ADCY2;CLCA2;CTRL;ITPR3;PNLIP;RAP1A,1.0,False
KEGG,2,LYSINE DEGRADATION,0.7966706475523198,4,618,57,6576,ALDH7A1;EZH1;PHYKPL;PIPOX,1.0,False
KEGG,2,"GROWTH HORMONE SYNTHESIS, SECRETION AND ACTION",0.8002278344434045,8,618,107,6576,ADCY2;CREB3L2;CRKL;GNA11;ITPR3;MAPK1;SHC4;SOCS3,1.0,False
KEGG,2,AGE-RAGE SIGNALING PATHWAY IN DIABETIC COMPLICATIONS,0.8019259466723405,7,618,95,6576,BCL2;COL1A2;EGR1;FN1;MAPK1;NANOS3;TGFBR2,1.0,False
KEGG,2,SEROTONERGIC SYNAPSE,0.8019259466723405,7,618,95,6576,BRAF;CACNA1A;GNG5;HTR3A;HTR6;ITPR3;MAPK1,1.0,False
KEGG,2,PROPANOATE METABOLISM,0.8029270791552738,2,618,31,6576,BCKDHA;BCKDHB,1.0,False
KEGG,2,"VALINE, LEUCINE AND ISOLEUCINE DEGRADATION",0.8086869726467409,3,618,45,6576,ALDH7A1;BCKDHA;BCKDHB,1.0,False
KEGG,2,ASTHMA,0.813609180106019,1,618,17,6576,IL5,1.0,False
KEGG,2,FOLATE BIOSYNTHESIS,0.813609180106019,1,618,17,6576,TH,1.0,False
KEGG,2,NITROGEN METABOLISM,0.813609180106019,1,618,17,6576,CA12,1.0,False
KEGG,2,SELENOCOMPOUND METABOLISM,0.813609180106019,1,618,17,6576,TXNRD1,1.0,False
KEGG,2,SPLICEOSOME,0.8149926068018504,9,618,121,6576,HNRNPA1;NCBP2;PLRG1;SF3A2;SMNDC1;SNRPB2;SNRPC;SRSF10;U2AF1L4,1.0,False
KEGG,2,PERTUSSIS,0.8183328829751008,4,618,59,6576,CALML3;MAPK1;NANOS2;SERPING1,1.0,False
KEGG,2,HUMAN IMMUNODEFICIENCY VIRUS 1 INFECTION,0.8217004054867293,13,618,170,6576,BCL2;BCL2L1;CALML3;CRKL;CUL5;GNA11;GNG5;ITPR3;MAPK1;PKN1;RBX1;TNFRSF1A;WEE2,1.0,False
KEGG,2,LIPID AND ATHEROSCLEROSIS,0.827876996833368,13,618,171,6576,APOB;BCL2;BCL2L1;CALML3;DDIT3;ERN1;ERO1A;MAPK1;NANOS3;PDPK1;RAP1A;RXRG;TNFRSF1A,1.0,False
KEGG,2,DNA REPLICATION,0.8303821316219383,2,618,33,6576,FEN1;POLE2,1.0,False
KEGG,2,RETINOL METABOLISM,0.8303821316219383,2,618,33,6576,ALDH1A2;CYP2S1,1.0,False
KEGG,2,MINERAL ABSORPTION,0.8316730699408783,3,618,47,6576,S100G;SLC8A1;TRPM6,1.0,False
KEGG,2,PROTEIN PROCESSING IN ENDOPLASMIC RETICULUM,0.8338318852912519,12,618,160,6576,BCAP31;BCL2;CAPN1;DDIT3;ERN1;ERO1A;ERP29;MAGT1;MAN1A1;MAN1B1;RBX1;SEC62,1.0,False
KEGG,2,FC EPSILON RI SIGNALING PATHWAY,0.8380615439515862,4,618,61,6576,GAB2;IL5;MAPK1;PDPK1,1.0,False
KEGG,2,INFLAMMATORY MEDIATOR REGULATION OF TRP CHANNELS,0.8393853691684242,6,618,87,6576,ADCY2;ASIC3;CALML3;ITPR3;PLA2G6;PPP1CA,1.0,False
KEGG,2,VIRAL LIFE CYCLE - HIV-1,0.8422501938355992,3,618,48,6576,CDK9;RAN;XPO1,1.0,False
KEGG,2,STEROID BIOSYNTHESIS,0.8470809917244597,1,618,19,6576,DHCR7,1.0,False
KEGG,2,ACUTE MYELOID LEUKEMIA,0.8472343989718416,4,618,62,6576,BRAF;MAPK1;PIM2;RUNX1,1.0,False
KEGG,2,BILE SECRETION,0.8472343989718416,4,618,62,6576,ABCC4;ADCY2;AQP8;SLC22A1,1.0,False
KEGG,2,THYROID HORMONE SIGNALING PATHWAY,0.852509196986881,8,618,114,6576,DIO2;MAPK1;PDPK1;PFKM;RXRG;SIN3A;SLCO1C1;WNT4,1.0,False
KEGG,2,CIRCADIAN ENTRAINMENT,0.8546480676494997,6,618,89,6576,ADCY2;CALML3;GNG5;GRIN2B;ITPR3;MAPK1,1.0,False
KEGG,2,NF-KAPPA B SIGNALING PATHWAY,0.8546480676494997,6,618,89,6576,BCL2;BCL2L1;CYLD;NFKB2;PIDD1;TNFRSF1A,1.0,False
KEGG,2,PANTOTHENATE AND COA BIOSYNTHESIS,0.8614936723885263,1,618,20,6576,PPCDC,1.0,False
KEGG,2,TERPENOID BACKBONE BIOSYNTHESIS,0.8614936723885263,1,618,20,6576,FNTA,1.0,False
KEGG,2,FATTY ACID DEGRADATION,0.8651281166033532,2,618,36,6576,ACSBG1;ALDH7A1,1.0,False
KEGG,2,PPAR SIGNALING PATHWAY,0.8721580621855776,4,618,65,6576,ACSBG1;ADIPOQ;PDPK1;RXRG,1.0,False
KEGG,2,MISMATCH REPAIR,0.8745499430511087,1,618,21,6576,MLH3,1.0,False
KEGG,2,SALMONELLA INFECTION,0.8748015276024841,16,618,216,6576,ABI1;ARL8B;BCL2;CYFIP1;DYNC1LI2;DYNC2H1;KPNA4;MAPK1;NCKAP1;PFN1;PIK3CG;PKN1;S100A10;TNFRSF1A;TUBA1B;VPS39,1.0,False
KEGG,2,MALARIA,0.8751769940592393,2,618,37,6576,ACKR1;CD81,1.0,False
KEGG,2,PYRUVATE METABOLISM,0.8751769940592393,2,618,37,6576,ACYP2;ALDH7A1,1.0,False
KEGG,2,TH17 CELL DIFFERENTIATION,0.87529421893515,6,618,92,6576,EBI3;IL2RB;MAPK1;RUNX1;RXRG;TGFBR2,1.0,False
KEGG,2,EFFEROCYTOSIS,0.8814820949949685,10,618,144,6576,AXL;CRKL;CX3CL1;DUSP5;MAPK1;PLA2G6;RAB14;SPHK2;TMEM30A;VPS39,1.0,False
KEGG,2,RETROGRADE ENDOCANNABINOID SIGNALING,0.8843566507886,9,618,132,6576,ADCY2;CACNA1A;DAGLB;GABRA2;GABRR1;GNG5;ITPR3;MAPK1;NDUFV1,1.0,False
KEGG,2,ALPHA-LINOLENIC ACID METABOLISM,0.8863772710746656,1,618,22,6576,PLA2G6,1.0,False
KEGG,2,BIOSYNTHESIS OF UNSATURATED FATTY ACIDS,0.8863772710746656,1,618,22,6576,ELOVL1,1.0,False
KEGG,2,LINOLEIC ACID METABOLISM,0.8863772710746656,1,618,22,6576,PLA2G6,1.0,False
KEGG,2,PHOTOTRANSDUCTION,0.8863772710746656,1,618,22,6576,CALML3,1.0,False
KEGG,2,NUCLEOTIDE EXCISION REPAIR,0.8869017005796577,3,618,53,6576,POLE2;RBX1;UVSSA,1.0,False
KEGG,2,PATHOGENIC ESCHERICHIA COLI INFECTION,0.886992887609775,12,618,170,6576,ABI1;CLDN12;CLDN17;CLDN2;CLDN25;CYFIP1;LPAR5;MAPK1;NCKAP1;PKN1;TNFRSF1A;TUBA1B,1.0,False
KEGG,2,BUTANOATE METABOLISM,0.8970911628164807,1,618,23,6576,GAD2,1.0,False
KEGG,2,EPSTEIN-BARR VIRUS INFECTION,0.8978117565239493,11,618,160,6576,BCL2;CCND2;CCNE2;E2F2;EIF2AK2;NFKB2;OAS3;SEM1;SIN3A;STAT2;USP7,1.0,False
KEGG,2,TNF SIGNALING PATHWAY,0.8980781929821193,7,618,109,6576,BAG4;CREB3L2;CX3CL1;CYLD;MAPK1;SOCS3;TNFRSF1A,1.0,False
KEGG,2,VEGF SIGNALING PATHWAY,0.9013486426804842,3,618,55,6576,MAPK1;NANOS3;SPHK2,1.0,False
KEGG,2,CHEMICAL CARCINOGENESIS - DNA ADDUCTS,0.906796284345462,1,618,24,6576,GSTT4,1.0,False
KEGG,2,PROGESTERONE-MEDIATED OOCYTE MATURATION,0.9068338990406328,5,618,84,6576,ADCY2;BRAF;BUB1;MAPK1;STK10,1.0,False
KEGG,2,NATURAL KILLER CELL MEDIATED CYTOTOXICITY,0.9170575636735993,4,618,72,6576,BRAF;MAPK1;PKN1;SHC4,1.0,False
KEGG,2,KAPOSI SARCOMA-ASSOCIATED HERPESVIRUS INFECTION,0.9204146267320611,10,618,153,6576,BECN1;CALML3;E2F2;EIF2AK2;GNG5;ITPR3;MAPK1;PIK3CG;STAT2;TNFRSF1A,1.0,False
KEGG,2,PROTEASOME,0.9222909873446381,2,618,43,6576,PSMB6;SEM1,1.0,False
KEGG,2,NEUTROPHIL EXTRACELLULAR TRAP FORMATION,0.9230320915687522,6,618,101,6576,CTSG;GP1BA;H2AC20;MAPK1;PADI4;SLC25A5,1.0,False
KEGG,2,GLUTATHIONE METABOLISM,0.9282937492278824,2,618,44,6576,GPX7;GSTT4,1.0,False
KEGG,2,PRION DISEASE,0.9320642669665808,15,618,220,6576,CAV2;CAV3;COX5A;CREB3L2;DDIT3;EGR1;GRIN2B;ITPR3;MAPK1;NDUFV1;PSMB6;SEM1;SLC25A5;TUBA1B;UQCR11,1.0,False
KEGG,2,VIBRIO CHOLERAE INFECTION,0.9338568551153774,2,618,45,6576,ATP6V0A1;ERO1A,1.0,False
KEGG,2,CHAGAS DISEASE,0.9346122356140601,5,618,90,6576,GNA11;MAPK1;NANOS2;TGFBR2;TNFRSF1A,1.0,False
KEGG,2,HERPES SIMPLEX VIRUS 1 INFECTION,0.9347926409279698,8,618,131,6576,BCL2;BCL2L1;EIF2AK2;OAS3;PPP1CA;SOCS3;STAT2;TNFRSF1A,1.0,False
KEGG,2,IL-17 SIGNALING PATHWAY,0.9358491582781795,4,618,76,6576,CCL7;IL5;MAPK1;USP25,1.0,False
KEGG,2,CHEMICAL CARCINOGENESIS - REACTIVE OXYGEN SPECIES,0.937008714726528,11,618,171,6576,AS3MT;BRAF;COX5A;CYP2F1;EPHX3;GSTT4;MAPK1;NDUFV1;PDPK1;SLC25A5;UQCR11,1.0,False
KEGG,2,CITRATE CYCLE (TCA CYCLE),0.937297276573266,1,618,28,6576,OGDH,1.0,False
KEGG,2,DRUG METABOLISM - CYTOCHROME P450,0.937297276573266,1,618,28,6576,GSTT4,1.0,False
KEGG,2,MUCIN TYPE O-GLYCAN BIOSYNTHESIS,0.937297276573266,1,618,28,6576,GALNTL6,1.0,False
KEGG,2,HUMAN CYTOMEGALOVIRUS INFECTION,0.9374078366554758,12,618,184,6576,ADCY2;AKAP13;CALML3;CREB3L2;CRKL;CX3CL1;E2F2;GNA11;GNG5;ITPR3;MAPK1;TNFRSF1A,1.0,False
KEGG,2,RENIN SECRETION,0.9397087097451504,3,618,62,6576,CALML3;CLCA2;ITPR3,1.0,False
KEGG,2,CORONAVIRUS DISEASE - COVID-19,0.9398373506018498,10,618,159,6576,EIF2AK2;MAPK1;OAS3;RPL10L;RPL39;RPS11;RPS16;RPS17;STAT2;TNFRSF1A,1.0,False
KEGG,2,MITOPHAGY - ANIMAL,0.9420735520303123,5,618,92,6576,BCL2L1;BECN1;FIS1;OPTN;TFEB,1.0,False
KEGG,2,GLYOXYLATE AND DICARBOXYLATE METABOLISM,0.9432151573120751,1,618,29,6576,PGP,1.0,False
KEGG,2,SALIVARY SECRETION,0.943895890887703,3,618,63,6576,ADCY2;CALML3;ITPR3,1.0,False
KEGG,2,HEPATITIS B,0.946969939490757,8,618,135,6576,BCL2;BRAF;CCNE2;CREB3L2;E2F2;MAPK1;STAT2;TGFBR2,1.0,False
KEGG,2,T CELL RECEPTOR SIGNALING PATHWAY,0.951174459435858,6,618,109,6576,CD28;IL5;MAPK1;PDPK1;PKN1;PPP2R5B,1.0,False
KEGG,2,TUBERCULOSIS,0.952268942704308,8,618,137,6576,ATP6V0A1;BCL2;CALML3;IRAK2;MAPK1;NANOS2;SPHK2;TNFRSF1A,1.0,False
KEGG,2,PRIMARY IMMUNODEFICIENCY,0.9534302688843364,1,618,31,6576,AIRE,1.0,False
KEGG,2,STEROID HORMONE BIOSYNTHESIS,0.9534302688843364,1,618,31,6576,HSD11B2,1.0,False
KEGG,2,ALCOHOLIC LIVER DISEASE,0.9539478174316589,6,618,110,6576,ADIPOQ;ADIPOR1;ADIPOR2;ALDH7A1;PRKAG2;TNFRSF1A,1.0,False
KEGG,2,B CELL RECEPTOR SIGNALING PATHWAY,0.9548928263949858,3,618,66,6576,CD81;DAPP1;MAPK1,1.0,False
KEGG,2,OXIDATIVE PHOSPHORYLATION,0.9574841368492576,5,618,97,6576,ATP6V0A1;COX17;COX5A;NDUFV1;UQCR11,1.0,False
KEGG,2,PHAGOSOME,0.9657929417587595,6,618,115,6576,ATP6V0A1;DYNC1LI2;DYNC2H1;ITGA2;STX12;TUBA1B,1.0,False
KEGG,2,LONGEVITY REGULATING PATHWAY - MULTIPLE SPECIES,0.9684827138410012,2,618,54,6576,ADCY2;PRKAG2,1.0,False
KEGG,2,FERROPTOSIS,0.9716429603010778,1,618,36,6576,SLC3A2,1.0,False
KEGG,2,LYSOSOME,0.9747900639406255,6,618,120,6576,AGA;ATP6V0A1;CTSG;GGA1;PPT2;PSAPL1,1.0,False
KEGG,2,DIABETIC CARDIOMYOPATHY,0.976598779831985,9,618,164,6576,COL1A2;COX5A;NANOS3;NDUFV1;PDK2;PPP1CA;SLC25A5;TGFBR2;UQCR11,1.0,False
KEGG,2,OVARIAN STEROIDOGENESIS,0.9767493408440573,1,618,38,6576,ADCY2,1.0,False
KEGG,2,LEISHMANIASIS,0.9774923766325574,2,618,58,6576,MAPK1;NANOS2,1.0,False
KEGG,2,COMPLEMENT AND COAGULATION CASCADES,0.9793217925370635,2,618,59,6576,SERPINF2;SERPING1,1.0,False
KEGG,2,OTHER TYPES OF O-GLYCAN BIOSYNTHESIS,0.980937409648702,1,618,40,6576,GALNTL6,1.0,False
KEGG,2,TH1 AND TH2 CELL DIFFERENTIATION,0.9830596372229904,3,618,79,6576,IL2RB;IL5;MAPK1,1.0,False
KEGG,2,THERMOGENESIS,0.9840782354555435,10,618,185,6576,ADCY2;ARID1B;COX17;COX5A;CREB3L2;MLST8;NDUFV1;PRKAG2;SMARCD2;UQCR11,1.0,False
KEGG,2,LEGIONELLOSIS,0.9843720932997804,1,618,42,6576,NFKB2,1.0,False
KEGG,2,PD-L1 EXPRESSION AND PD-1 CHECKPOINT PATHWAY IN CANCER,0.9854913147010183,3,618,81,6576,ALK;CD28;MAPK1,1.0,False
KEGG,2,EPITHELIAL CELL SIGNALING IN HELICOBACTER PYLORI INFECTION,0.986510576726449,2,618,64,6576,ATP6V0A1;PKN1,1.0,False
KEGG,2,FANCONI ANEMIA PATHWAY,0.9871887373269377,1,618,44,6576,BRIP1,1.0,False
KEGG,2,ARACHIDONIC ACID METABOLISM,0.9894984047665712,1,618,46,6576,PLA2G6,1.0,False
KEGG,2,CHOLESTEROL METABOLISM,0.9894984047665712,1,618,46,6576,APOB,1.0,False
KEGG,2,CYSTEINE AND METHIONINE METABOLISM,0.9894984047665712,1,618,46,6576,GOT2,1.0,False
KEGG,2,RHEUMATOID ARTHRITIS,0.9895859838909271,2,618,67,6576,ATP6V0A1;CD28,1.0,False
KEGG,2,INFLAMMATORY BOWEL DISEASE,0.9929449755630312,1,618,50,6576,IL5,1.0,False
KEGG,2,REGULATION OF LIPOLYSIS IN ADIPOCYTES,0.9936130731882299,1,618,51,6576,ADCY2,1.0,False
KEGG,2,STAPHYLOCOCCUS AUREUS INFECTION,0.9936130731882299,1,618,51,6576,KRT39,1.0,False
KEGG,2,CYTOSOLIC DNA-SENSING PATHWAY,0.9947657087451905,1,618,53,6576,POLR3A,1.0,False
KEGG,2,NOTCH SIGNALING PATHWAY,0.9957106057778011,1,618,55,6576,PSEN2,1.0,False
KEGG,2,TOLL-LIKE RECEPTOR SIGNALING PATHWAY,0.996667009071761,2,618,80,6576,MAPK1;STAT2,1.0,False
KEGG,2,YERSINIA INFECTION,0.9970579537176947,4,618,119,6576,CRKL;FN1;MAPK1;PKN1,1.0,False
KEGG,2,AFRICAN TRYPANOSOMIASIS,1.0,0,618,27,6576,,1.0,False
KEGG,2,ANTIGEN PROCESSING AND PRESENTATION,1.0,0,618,38,6576,,1.0,False
KEGG,2,BIOSYNTHESIS OF VARIOUS NUCLEOTIDE SUGARS,1.0,0,618,19,6576,,1.0,False
KEGG,2,D-AMINO ACID METABOLISM,1.0,0,618,5,6576,,1.0,False
KEGG,2,GLYCOSAMINOGLYCAN BIOSYNTHESIS - CHONDROITIN SULFATE / DERMATAN SULFATE,1.0,0,618,21,6576,,1.0,False
KEGG,2,GLYCOSAMINOGLYCAN BIOSYNTHESIS - HEPARAN SULFATE / HEPARIN,1.0,0,618,24,6576,,1.0,False
KEGG,2,GLYCOSAMINOGLYCAN DEGRADATION,1.0,0,618,17,6576,,1.0,False
KEGG,2,GLYCOSPHINGOLIPID BIOSYNTHESIS - GLOBO AND ISOGLOBO SERIES,1.0,0,618,14,6576,,1.0,False
KEGG,2,PENTOSE AND GLUCURONATE INTERCONVERSIONS,1.0,0,618,15,6576,,1.0,False
KEGG,2,PHOSPHONATE AND PHOSPHINATE METABOLISM,1.0,0,618,6,6576,,1.0,False
KEGG,2,PORPHYRIN METABOLISM,1.0,0,618,28,6576,,1.0,False
KEGG,2,PROXIMAL TUBULE BICARBONATE RECLAMATION,1.0,0,618,21,6576,,1.0,False
KEGG,2,RIBOFLAVIN METABOLISM,1.0,0,618,8,6576,,1.0,False
KEGG,2,SULFUR METABOLISM,1.0,0,618,9,6576,,1.0,False
KEGG,2,SULFUR RELAY SYSTEM,1.0,0,618,8,6576,,1.0,False
KEGG,2,THIAMINE METABOLISM,1.0,0,618,11,6576,,1.0,False
KEGG,2,VIRION - HERPESVIRUS,1.0,0,618,6,6576,,1.0,False
KEGG,2,VIRION - LASSA VIRUS AND SFTS VIRUS,1.0,0,618,13,6576,,1.0,False
KEGG,3,AMOEBIASIS,0.0006857072552597143,18,681,77,6576,ACTN4;ARG2;C8B;COL3A1;HSPB1;IL1R2;LMNB2;PIK3CA;PIK3R2;PRKACB;PRKCA;PRKCG;PTK2;RELA;SERPINB10;TGFB2;TGFB3;TINAGL1,0.20309865289023415,False
KEGG,3,TASTE TRANSDUCTION,0.0015411272350959564,15,681,63,6576,ADCY8;ASIC2;CHRM3;GRM1;HTR1F;HTR3B;PDE1C;PRKACB;PRKCA;SCNN1A;TAS2R3;TAS2R4;TAS2R40;TAS2R41;TRPM5,0.20309865289023415,False
KEGG,3,VASCULAR SMOOTH MUSCLE CONTRACTION,0.0017508504559502944,23,681,117,6576,ADCY8;ADRA1A;ADRA1B;ADRA1D;AVPR1A;CALD1;CALM3;EDN3;GUCY1A1;KCNMB1;MAP2K2;MYH14;MYLK;NLRP3;NPR1;PLA2G2D;PPP1CB;PRKACB;PRKCA;PRKCG;PRKCQ;PTGIR;ROCK2,0.20309865289023415,False
KEGG,3,EFFEROCYTOSIS,0.006419078247839489,25,681,144,6576,ANO6;ANO7;ARG2;BSG;CALR;CD36;EPX;MAP2K2;MAPK14;MEGF10;NFATC2;NR1H2;P2RY6;PANX1;PECAM1;PLA2G15;PTGER4;PTK2;RAB17;SLC66A1;THBS1;TINAGL1;TYRO3;VPS11;XKR8,0.5584598075620356,False
KEGG,3,FOXO SIGNALING PATHWAY,0.013064406078227404,21,681,122,6576,BCL6;CCNB2;CCNG2;DEPP1;FOXG1;G6PC3;GABARAPL2;GRM1;HOMER1;HOMER3;MAP2K2;MAPK14;MAPK9;PIK3CA;PIK3R2;RAG1;SOS2;STAT3;TGFB2;TGFB3;TNFSF10,0.707698490017431,False
KEGG,3,INFLAMMATORY MEDIATOR REGULATION OF TRP CHANNELS,0.0156541157067157,16,681,87,6576,ADCY8;ASIC2;CALM3;F2RL1;MAP2K6;MAPK14;MAPK9;PIK3CA;PIK3R2;PPP1CB;PRKACB;PRKCA;PRKCG;PRKCQ;PTGER4;TRPV3,0.707698490017431,False
KEGG,3,B CELL RECEPTOR SIGNALING PATHWAY,0.016271380429459754,13,681,66,6576,BLK;CD19;CD22;CD72;INPPL1;MALT1;MAP2K2;NFATC2;PIK3CA;PIK3R2;RELA;SOS2;SYK,0.707698490017431,False
KEGG,3,COCAINE ADDICTION,0.01723647717855776,10,681,46,6576,CDK5;CREB5;DRD1;GRIA2;GRIN2A;MAOB;PPP1R1B;PRKACB;PRKCA;RELA,0.707698490017431,False
KEGG,3,CELL CYCLE,0.018302547155623215,24,681,149,6576,ANAPC10;ANAPC2;ANAPC7;CCNB2;CCNH;CDC16;CDC23;CDK7;CUL1;DDX11;E2F3;HDAC8;KNL1;MCM3;MCM7;MTBP;ORC5;PDS5A;PDS5B;PPP2R1B;SKP1;TGFB2;TGFB3;YWHAH,0.707698490017431,False
KEGG,3,DIABETIC CARDIOMYOPATHY,0.03031546212504559,25,681,164,6576,CD36;COL3A1;COX4I2;COX7B2;CPT2;MAPK14;MAPK9;MPC2;NDUFA1;NDUFA7;NDUFC2;NDUFS4;NDUFS7;NDUFS8;NDUFV3;PIK3CA;PIK3R2;PPP1CB;PRKCA;PRKCG;RELA;TGFB2;TGFB3;TNNI3;VDAC3,0.7590084212238262,False
KEGG,3,UBIQUITIN MEDIATED PROTEOLYSIS,0.031867407827576334,21,681,133,6576,ANAPC10;ANAPC2;ANAPC7;BIRC7;CDC16;CDC23;CUL1;CUL4B;DET1;FANCL;HERC2;PIAS4;PPIL2;RHOBTB2;SKP1;TRIM32;TRIP12;UBE2E3;UBE2I;UBE2W;UBE3C,0.7590084212238262,False
KEGG,3,HEMATOPOIETIC CELL LINEAGE,0.03277354133251953,12,681,65,6576,CD19;CD22;CD36;CSF3;CSF3R;EPX;FCER2;FLT3;HLA-DRA;IL1R2;IL2RA;ITGA5,0.7590084212238262,False
KEGG,3,HEDGEHOG SIGNALING PATHWAY,0.033834933966424834,10,681,51,6576,CDON;CSNK1A1;CUL1;EFCAB7;GAS1;GLI3;KIF3A;PRKACB;PRKCA;SUFU,0.7590084212238262,False
KEGG,3,YERSINIA INFECTION,0.036079327478724284,19,681,119,6576,ARF6;ARHGEF7;ARPC2;GIT2;ITGA5;MAP2K2;MAP2K6;MAPK14;MAPK9;NFATC2;NLRP3;PIK3CA;PIK3R2;PTK2;RELA;RHOG;ROCK2;RPS6KA2;WAS,0.7590084212238262,False
KEGG,3,CAMP SIGNALING PATHWAY,0.0372520669165283,30,681,208,6576,ADCY10;ADCY8;ATP1B1;CALM3;CREB5;CRHR1;DRD1;EDN3;FSHB;GHSR;GLI3;GLP1R;GRIA2;GRIN2A;HCAR1;HTR1F;MAP2K2;MAPK9;NPR1;ORAI1;PDE3A;PIK3CA;PIK3R2;PPP1CB;PPP1R1B;PRKACB;PRKCA;RELA;ROCK2;TNNI3,0.7590084212238262,False
KEGG,3,LONG-TERM POTENTIATION,0.03747796848904854,11,681,59,6576,ADCY8;CALM3;GRIA2;GRIN2A;GRM1;MAP2K2;PPP1CB;PRKACB;PRKCA;PRKCG;RPS6KA2,0.7590084212238262,False
KEGG,3,TRYPTOPHAN METABOLISM,0.04323746975880679,8,681,39,6576,AADAT;ACMSD;EHHADH;IDO1;KMO;MAOB;SOAT2;TPH2,0.7590084212238262,False
KEGG,3,HUMAN T-CELL LEUKEMIA VIRUS 1 INFECTION,0.04525653418686203,28,681,195,6576,ADCY8;ANAPC10;ANAPC2;ANAPC7;B2M;CALR;CCNB2;CDC16;CDC23;CREB5;DLG1;E2F3;FOSL1;HLA-DRA;IL1R2;IL2RA;KCNH8;MAP2K2;MAPK9;NFATC2;PIK3CA;PIK3R2;PRKACB;PRKCA;RELA;TGFB2;TGFB3;VDAC3,0.7590084212238262,False
KEGG,3,HIF-1 SIGNALING PATHWAY,0.04684965386316055,16,681,99,6576,ALDOC;ANGPT1;ANGPT2;EPX;ERBB2;HKDC1;IFNGR2;LDHAL6B;MAP2K2;PFKL;PIK3CA;PIK3R2;PRKCA;PRKCG;RELA;STAT3,0.7590084212238262,False
KEGG,3,"GROWTH HORMONE SYNTHESIS, SECRETION AND ACTION",0.04756301345492055,17,681,107,6576,ADCY10;ADCY8;CREB5;GHRH;GHSR;MAP2K2;MAP2K6;MAPK14;MAPK9;PIK3CA;PIK3R2;PRKACB;PRKCA;PRKCG;PTK2;SOS2;STAT3,0.7590084212238262,False
KEGG,3,PROGESTERONE-MEDIATED OOCYTE MATURATION,0.04851945421807547,14,681,84,6576,ADCY8;ANAPC10;ANAPC2;ANAPC7;CCNB2;CDC16;CDC23;MAPK14;MAPK9;PIK3CA;PIK3R2;PRKACB;PRKCA;RPS6KA2,0.7590084212238262,False
KEGG,3,AMPHETAMINE ADDICTION,0.05138855424155643,11,681,62,6576,CALM3;CREB5;DRD1;GRIA2;GRIN2A;MAOB;PPP1CB;PPP1R1B;PRKACB;PRKCA;PRKCG,0.7590084212238262,False
KEGG,3,RENIN SECRETION,0.05138855424155643,11,681,62,6576,CALM3;CLCA1;EDN3;GUCY1A1;NPR1;ORAI1;PDE1C;PDE3A;PRKACB;PRKCA;PTGER4,0.7590084212238262,False
KEGG,3,OOCYTE MEIOSIS,0.055152487196770454,17,681,109,6576,ADCY8;ANAPC10;ANAPC2;ANAPC7;CALM3;CCNB2;CDC16;CDC23;CUL1;MAPK14;PPP1CB;PPP2R1B;PRKACB;PRKCA;RPS6KA2;SKP1;YWHAH,0.7590084212238262,False
KEGG,3,VASOPRESSIN-REGULATED WATER REABSORPTION,0.05599728367520145,8,681,41,6576,ADCY8;ARHGDIG;CREB5;DYNC1I1;NLRP3;NSF;PRKACB;PRKCA,0.7590084212238262,False
KEGG,3,SALIVARY SECRETION,0.0567075257236192,11,681,63,6576,ADCY8;ADRA1A;ADRA1B;ADRA1D;ATP1B1;CALM3;CHRM3;GUCY1A1;PRKACB;PRKCA;PRKCG,0.7590084212238262,False
KEGG,3,HUMAN CYTOMEGALOVIRUS INFECTION,0.06136083823266194,26,681,184,6576,ADCY8;B2M;CALM3;CALR;CREB5;E2F3;GNG2;IL10RA;KCNH8;MAP2K2;MAP2K6;MAPK14;NFATC2;PIK3CA;PIK3R2;PRKACB;PRKCA;PRKCG;PTGER4;PTK2;RELA;RHEB;ROCK2;SOS2;STAT3;TAPBPL,0.762885254877941,False
KEGG,3,INSULIN SIGNALING PATHWAY,0.06318864708965945,19,681,127,6576,CALM3;G6PC3;HKDC1;INPPL1;KCNH8;MAP2K2;MAPK9;PIK3CA;PIK3R2;PPP1CB;PRKACB;PRKAR1B;PRKAR2B;PRKCA;PYGL;RHEB;SH2B2;SORBS1;SOS2,0.762885254877941,False
KEGG,3,GASTRIC ACID SECRETION,0.06841054618818179,11,681,65,6576,ADCY8;ATP1B1;ATP4B;CA2;CALM3;CHRM3;KCNE2;MYLK;PRKACB;PRKCA;PRKCG,0.762885254877941,False
KEGG,3,BASAL TRANSCRIPTION FACTORS,0.07256044570048972,7,681,36,6576,CCNH;CDK7;GTF2F2;GTF2H1;GTF2I;TAF12;TAF2,0.762885254877941,False
KEGG,3,FANCONI ANEMIA PATHWAY,0.07921781479809685,8,681,44,6576,FAAP100;FANCD2;FANCL;PALB2;POLN;POLR1A;RAD51;RAD51C,0.762885254877941,False
KEGG,3,HOMOLOGOUS RECOMBINATION,0.0818936283437964,7,681,37,6576,PALB2;POLD4;POLR1A;RAD51;RAD51C;RAD54L;SSBP1,0.762885254877941,False
KEGG,3,MALARIA,0.0818936283437964,7,681,37,6576,CD36;CSF3;KLRK1;PECAM1;TGFB2;TGFB3;THBS1,0.762885254877941,False
KEGG,3,BUTANOATE METABOLISM,0.0820634233115916,5,681,23,6576,AACS;ALDH5A1;EHHADH;HMGCS1;SOAT2,0.762885254877941,False
KEGG,3,NEUROACTIVE LIGAND SIGNALING,0.08526211488882221,25,681,182,6576,ADCY8;ADRA1A;ADRA1B;ADRA1D;ADRA2B;CHRM3;DRD1;DRD3;GABRG1;GNG2;GRIA2;GRIK1;GRIN2A;GRM1;HRH3;HTR1F;HTR3B;OPRM1;P2RY6;PRKACB;PRKCA;PRKCG;SLC17A7;SLC1A2;SLC1A6,0.762885254877941,False
KEGG,3,RETROGRADE ENDOCANNABINOID SIGNALING,0.08591730660385423,19,681,132,6576,ADCY8;CACNA1B;GABRG1;GNG2;GRIA2;GRM1;MAPK14;MAPK9;NDUFA1;NDUFA7;NDUFC2;NDUFS4;NDUFS7;NDUFS8;NDUFV3;PRKACB;PRKCA;PRKCG;SLC17A7,0.762885254877941,False
KEGG,3,"VALINE, LEUCINE AND ISOLEUCINE DEGRADATION",0.08806223167399999,8,681,45,6576,AACS;AUH;DBT;EHHADH;HIBCH;HMGCS1;HSD17B10;SOAT2,0.762885254877941,False
KEGG,3,GLUTAMATERGIC SYNAPSE,0.0891277126698692,16,681,108,6576,ADCY8;GNG2;GRIA2;GRIK1;GRIN2A;GRM1;HOMER1;HOMER3;NCDN;PRKACB;PRKCA;PRKCG;SLC17A7;SLC1A2;SLC1A6;SLC38A1,0.762885254877941,False
KEGG,3,SELENOCOMPOUND METABOLISM,0.09122720015237251,4,681,17,6576,MARS2;PAPSS2;SEPHS1;TXNRD2,0.762885254877941,False
KEGG,3,NUCLEOTIDE EXCISION REPAIR,0.09212395578669554,9,681,53,6576,CCNH;CDK7;CUL4B;GTF2H1;POLD4;POLR1A;POLR2B;POLR2C;POLR2D,0.762885254877941,False
KEGG,3,GAP JUNCTION,0.09688709198285056,12,681,77,6576,ADCY8;DRD1;GRM1;GUCY1A1;MAP2K2;PRKACB;PRKCA;PRKCG;SOS2;TUBA4A;TUBB2B;TUBB6,0.762885254877941,False
KEGG,3,HEPATITIS B,0.10183941947338428,19,681,135,6576,CREB5;E2F3;KCNH8;MAP2K2;MAP2K6;MAPK14;MAPK9;NFATC2;PIK3CA;PIK3R2;PRKCA;PRKCG;RELA;SOS2;STAT3;TGFB2;TGFB3;TRAF3;VDAC3,0.762885254877941,False
KEGG,3,ACUTE MYELOID LEUKEMIA,0.10302459035803445,10,681,62,6576,CEBPE;FLT3;MAP2K2;PIK3CA;PIK3R2;RELA;SOS2;STAT3;TCF7;TCF7L1,0.762885254877941,False
KEGG,3,FC GAMMA R-MEDIATED PHAGOCYTOSIS,0.10404481005657677,13,681,86,6576,ARF6;ARPC2;GSN;HCK;INPPL1;MARCKS;PIK3CA;PIK3R2;PRKCA;PRKCG;SCIN;SYK;WAS,0.762885254877941,False
KEGG,3,NEUROACTIVE LIGAND-RECEPTOR INTERACTION,0.10576822648355061,40,681,317,6576,ADRA1A;ADRA1B;ADRA1D;ADRA2B;AVPR1A;CHRM3;CHRNB3;CHRND;CORT;CRHR1;DRD1;DRD3;EDN3;F2RL1;FSHB;GABRG1;GALR3;GHRH;GHSR;GLP1R;GLRA2;GPNMB;GRIA2;GRIK1;GRIN2A;GRM1;HCRTR1;HRH3;HTR1F;NLRP3;NPFFR1;NTS;NTSR2;OPRM1;P2RY6;PTGER4;PTGIR;S1PR3;TAAR5;VIPR1,0.762885254877941,False
KEGG,3,KAPOSI SARCOMA-ASSOCIATED HERPESVIRUS INFECTION,0.10841862505665402,21,681,153,6576,ANGPT2;ATG14;ATG3;CALM3;E2F3;GNG2;HCK;MAP2K2;MAP2K6;MAPK14;MAPK9;NFATC2;PIK3CA;PIK3R2;PREX1;RELA;STAT3;SYK;TCF7;TCF7L1;TRAF3,0.762885254877941,False
KEGG,3,NOTCH SIGNALING PATHWAY,0.11026742182113122,9,681,55,6576,ATXN1;DTX3;JAG1;MFNG;NRARP;RFNG;TLE1;TLE3;TLE7,0.762885254877941,False
KEGG,3,VEGF SIGNALING PATHWAY,0.11026742182113122,9,681,55,6576,HSPB1;MAP2K2;MAPK14;NFATC2;PIK3CA;PIK3R2;PRKCA;PRKCG;PTK2,0.762885254877941,False
KEGG,3,DNA REPLICATION,0.1198124113578726,6,681,33,6576,MCM3;MCM7;POLD4;POLR1A;PRIM1;SSBP1,0.762885254877941,False
KEGG,3,NATURAL KILLER CELL MEDIATED CYTOTOXICITY,0.12087846121139825,11,681,72,6576,IFNGR2;KLRK1;MAP2K2;NFATC2;PIK3CA;PIK3R2;PRKCA;PRKCG;SOS2;SYK;TNFSF10,0.762885254877941,False
KEGG,3,VIRION - HERPESVIRUS,0.1212634965265486,2,681,6,6576,ITGA5;NECTIN1,0.762885254877941,False
KEGG,3,STARCH AND SUCROSE METABOLISM,0.1246068066566812,5,681,26,6576,ENPP3;G6PC3;GNPDA1;HKDC1;PYGL,0.762885254877941,False
KEGG,3,DOPAMINERGIC SYNAPSE,0.12502261387076544,17,681,122,6576,CACNA1B;CALM3;CREB5;DRD1;DRD3;GNG2;GRIA2;GRIN2A;MAOB;MAPK14;MAPK9;PPP1CB;PPP1R1B;PPP2R1B;PRKACB;PRKCA;PRKCG,0.762885254877941,False
KEGG,3,STEROID BIOSYNTHESIS,0.12633325913189392,4,681,19,6576,CEL;SH3D19;SOAT2;SQLE,0.762885254877941,False
KEGG,3,LYSINE DEGRADATION,0.1302558438147907,9,681,57,6576,AADAT;ASH1L;EHHADH;KMT2B;PRDM16;SETDB1;SETDB2;SOAT2;SUV39H2,0.762885254877941,False
KEGG,3,PPAR SIGNALING PATHWAY,0.13045398742869563,10,681,65,6576,CD36;CPT2;CYP8B1;EHHADH;FABP2;FADS2;HMGCS1;SLC27A2;SORBS1;UCP1,0.762885254877941,False
KEGG,3,ALDOSTERONE-REGULATED SODIUM REABSORPTION,0.133512435205109,6,681,34,6576,ATP1B1;PIK3CA;PIK3R2;PRKCA;PRKCG;SCNN1A,0.762885254877941,False
KEGG,3,AMINOACYL-TRNA BIOSYNTHESIS,0.1406700641851351,5,681,27,6576,FARSB;GATB;MARS2;NARS2;TRNP1,0.762885254877941,False
KEGG,3,TERPENOID BACKBONE BIOSYNTHESIS,0.14571069191203323,4,681,20,6576,HMGCS1;PDSS1;PDSS2;SOAT2,0.762885254877941,False
KEGG,3,MICRORNAS IN CANCER,0.14853433767149973,20,681,151,6576,ABCC1;E2F3;EFNA5;ERBB2;FOXP1;HOXD10;ITGA5;MAP2K2;MARCKS;PIK3CA;PIK3R2;PRKCA;PRKCG;RPS6KA5;SOS2;STAT3;TGFB2;THBS1;TRIM71;UBE2I,0.762885254877941,False
KEGG,3,PROTEASOME,0.15129611423955108,7,681,43,6576,PSMB10;PSMB8;PSMC3;PSMC6;PSME1;PSME4;PSMF1,0.762885254877941,False
KEGG,3,PROTEIN EXPORT,0.15758049066607452,5,681,28,6576,GET1;SEC11A;SGTA;SPCS2;TMEM208,0.762885254877941,False
KEGG,3,HORMONE SIGNALING,0.15828860014577134,25,681,196,6576,ADCY8;ADRA1A;ADRA1B;ADRA1D;ADRA2B;AVPR1A;CRHR1;DRD1;DRD3;EPX;FSHB;GHRH;GHSR;GLP1R;GNG2;HCRTR1;NLRP3;NPR1;OPRM1;PIK3CA;PIK3R2;PRKACB;PRKCA;STAT3;VIPR1,0.762885254877941,False
KEGG,3,ERBB SIGNALING PATHWAY,0.1587674124815083,11,681,76,6576,ARHGEF7;ERBB2;KCNH8;MAP2K2;MAPK9;PIK3CA;PIK3R2;PRKCA;PRKCG;PTK2;SOS2,0.762885254877941,False
KEGG,3,HUNTINGTON DISEASE,0.15915003814586084,32,681,258,6576,ATG14;CACNA1B;COX4I2;COX7B2;CREB5;DNAH1;DNAH14;DNAI2;GPX2;GPX6;GRIA2;HIP1;MAPK9;NDUFA1;NDUFA7;NDUFC2;NDUFS4;NDUFS7;NDUFS8;NDUFV3;POLR2B;POLR2C;POLR2D;PSMC3;PSMC6;SLC1A2;TUBA4A;TUBB2B;TUBB6;UCP1;VDAC3;WIPI2,0.762885254877941,False
KEGG,3,HUMAN IMMUNODEFICIENCY VIRUS 1 INFECTION,0.15979902181691544,22,681,170,6576,ARHGEF7;B2M;CALM3;CALR;CCNB2;CUL1;CUL4B;GNG2;MAP2K2;MAP2K6;MAPK14;MAPK9;NFATC2;PIK3CA;PIK3R2;PRKCA;PRKCG;PTK2;RELA;SKP1;TAPBPL;TNFRSF1B,0.762885254877941,False
KEGG,3,CHOLINE METABOLISM IN CANCER,0.16170303616845055,13,681,93,6576,DGKI;MAP2K2;MAPK9;PIK3CA;PIK3R2;PRKCA;PRKCG;RHEB;SLC22A3;SLC44A1;SLC44A2;SOS2;WAS,0.762885254877941,False
KEGG,3,TYPE II DIABETES MELLITUS,0.16493254926901543,7,681,44,6576,CACNA1B;CACNA1G;HKDC1;KCNJ11;MAPK9;PIK3CA;PIK3R2,0.762885254877941,False
KEGG,3,MISMATCH REPAIR,0.16615356010900384,4,681,21,6576,EXO1;POLD4;POLR1A;SSBP1,0.762885254877941,False
KEGG,3,INSULIN RESISTANCE,0.16671191896134133,14,681,102,6576,CD36;CREB5;G6PC3;MAPK9;NR1H2;PIK3CA;PIK3R2;PPP1CB;PRKCQ;PYGL;RELA;RPS6KA2;SLC27A2;STAT3,0.762885254877941,False
KEGG,3,PHENYLALANINE METABOLISM,0.17054348097442346,3,681,14,6576,ALDH3B1;HPD;MAOB,0.762885254877941,False
KEGG,3,PHOSPHATIDYLINOSITOL SIGNALING SYSTEM,0.17106998943785798,13,681,94,6576,CALM3;CDS2;DGKI;IMPA1;INPP5F;INPPL1;PI4K2A;PIK3CA;PIK3R2;PIKFYVE;PIP4K2C;PRKCA;PRKCG,0.762885254877941,False
KEGG,3,TOXOPLASMOSIS,0.17106998943785798,13,681,94,6576,BIRC7;HLA-DRA;HSPA1L;IFNGR2;IL10RA;LMNB2;MAP2K6;MAPK14;MAPK9;RELA;STAT3;TGFB2;TGFB3,0.762885254877941,False
KEGG,3,FRUCTOSE AND MANNOSE METABOLISM,0.17527256382002832,5,681,29,6576,ALDOC;GFUS;HKDC1;PFKFB2;PFKL,0.762885254877941,False
KEGG,3,FC EPSILON RI SIGNALING PATHWAY,0.1754394710772597,9,681,61,6576,MAP2K2;MAP2K6;MAPK14;MAPK9;PIK3CA;PIK3R2;PRKCA;SOS2;SYK,0.762885254877941,False
KEGG,3,WNT SIGNALING PATHWAY,0.1771496432064084,20,681,155,6576,CSNK1A1;CUL1;FOSL1;FRZB;LRP6;MAPK9;NFATC2;NKD1;PRKACB;PRKCA;PRKCG;ROCK2;RSPO1;SKP1;TCF7;TCF7L1;TLE1;TLE3;TLE7;VANGL2,0.762885254877941,False
KEGG,3,GLYCOLYSIS / GLUCONEOGENESIS,0.17778286323702824,8,681,53,6576,ALDH3B1;ALDOC;G6PC3;GALM;GNPDA1;HKDC1;LDHAL6B;PFKL,0.762885254877941,False
KEGG,3,BLADDER CANCER,0.17868441924036835,6,681,37,6576,DAPK1;E2F3;ERBB2;MAP2K2;RPS6KA5;THBS1,0.762885254877941,False
KEGG,3,VIBRIO CHOLERAE INFECTION,0.17909287093125528,7,681,45,6576,ADCY8;ATP6V0C;ATP6V0E1;ATP6V1H;KDELR2;PRKACB;PRKCA,0.762885254877941,False
KEGG,3,CENTRAL CARBON METABOLISM IN CANCER,0.1877363376144867,9,681,62,6576,ERBB2;FLT3;HKDC1;IDH2;LDHAL6B;MAP2K2;PFKL;PIK3CA;PIK3R2,0.762885254877941,False
KEGG,3,ENDOMETRIAL CANCER,0.19114306982600607,8,681,54,6576,ERBB2;KCNH8;MAP2K2;PIK3CA;PIK3R2;SOS2;TCF7;TCF7L1,0.762885254877941,False
KEGG,3,ANTIGEN PROCESSING AND PRESENTATION,0.1949593044813502,6,681,38,6576,B2M;CALR;HLA-DRA;HSPA1L;PSME1;TAPBPL,0.762885254877941,False
KEGG,3,CGMP-PKG SIGNALING PATHWAY,0.19877299558418474,19,681,149,6576,ADCY8;ADRA1A;ADRA1B;ADRA1D;ADRA2B;ATP1B1;CALM3;CREB5;GTF2I;GUCY1A1;KCNMB1;MAP2K2;MYLK;NFATC2;NPR1;PDE3A;PPP1CB;ROCK2;VDAC3,0.762885254877941,False
KEGG,3,PRION DISEASE,0.1989405093518933,27,681,220,6576,C8B;CACNA1B;CAV1;COX4I2;COX7B2;CREB5;GRIN2A;HSPA1L;MAPK14;MAPK9;NDUFA1;NDUFA7;NDUFC2;NDUFS4;NDUFS7;NDUFS8;NDUFV3;PIK3CA;PIK3R2;PRKACB;PRKCA;PSMC3;PSMC6;TUBA4A;TUBB2B;TUBB6;VDAC3,0.762885254877941,False
KEGG,3,PROLACTIN SIGNALING PATHWAY,0.20039845069073775,9,681,63,6576,ELF5;MAP2K2;MAPK14;MAPK9;PIK3CA;PIK3R2;RELA;SOS2;STAT3,0.762885254877941,False
KEGG,3,OXIDATIVE PHOSPHORYLATION,0.20072356805453936,13,681,97,6576,ATP4B;ATP6V0C;ATP6V0E1;ATP6V1H;COX4I2;COX7B2;NDUFA1;NDUFA7;NDUFC2;NDUFS4;NDUFS7;NDUFS8;NDUFV3,0.762885254877941,False
KEGG,3,GNRH SIGNALING PATHWAY,0.2018789042097283,11,681,80,6576,ADCY8;CALM3;FSHB;KCNH8;MAP2K2;MAP2K6;MAPK14;MAPK9;PRKACB;PRKCA;SOS2,0.762885254877941,False
KEGG,3,THERMOGENESIS,0.20368458032434286,23,681,185,6576,ADCY10;ADCY8;COX4I2;COX7B2;CPT2;CREB5;MAPK14;NDUFA1;NDUFA7;NDUFAF6;NDUFC2;NDUFS4;NDUFS7;NDUFS8;NDUFV3;NPR1;PRDM16;PRKACB;PRKCA;RHEB;RPS6KA2;SOS2;UCP1,0.762885254877941,False
KEGG,3,LONG-TERM DEPRESSION,0.20490913757151674,8,681,55,6576,CRHR1;GRIA2;GRM1;GUCY1A1;MAP2K2;PPP2R1B;PRKCA;PRKCG,0.762885254877941,False
KEGG,3,CIRCADIAN ENTRAINMENT,0.20696076155707444,12,681,89,6576,ADCY10;ADCY8;CACNA1G;CALM3;GNG2;GRIA2;GRIN2A;GUCY1A1;PRKACB;PRKCA;PRKCG;RPS6KA5,0.762885254877941,False
KEGG,3,PHAGOSOME,0.20757483441482324,15,681,115,6576,ATP6V0C;ATP6V0E1;ATP6V1H;CALR;CD36;DYNC1I1;HLA-DRA;ITGA5;MSR1;PIKFYVE;SFTPD;THBS1;TUBA4A;TUBB2B;TUBB6,0.762885254877941,False
KEGG,3,CORONAVIRUS DISEASE - COVID-19,0.20841271048547655,20,681,159,6576,ACE2;C8B;CSF3;FGB;MAPK14;MAPK9;NLRP3;PIK3CA;PIK3R2;PIKFYVE;PRKCA;PRKCG;RELA;RPL12;RPL23A;RPS5;RSL24D1;STAT3;SYK;TRAF3,0.762885254877941,False
KEGG,3,MANNOSE TYPE O-GLYCAN BIOSYNTHESIS,0.20974601287991346,4,681,23,6576,B3GALNT2;B4GAT1;CRPPA;FKTN,0.762885254877941,False
KEGG,3,GLYCEROPHOSPHOLIPID METABOLISM,0.211096951240428,13,681,98,6576,AGPAT3;CDS2;CRLS1;DGKI;GPAT3;GPD1L;LPCAT3;MBOAT1;PHOSPHO1;PLA2G15;PLA2G2D;PTDSS1;SAMD8,0.762885254877941,False
KEGG,3,ALDOSTERONE SYNTHESIS AND SECRETION,0.21339000439657138,11,681,81,6576,ADCY8;ATP1B1;CACNA1G;CALM3;CREB5;CYP21A2;NPR1;ORAI1;PRKACB;PRKCA;PRKCG,0.762885254877941,False
KEGG,3,PLATELET ACTIVATION,0.21724416465042298,15,681,116,6576,ADCY8;COL3A1;FGB;GUCY1A1;MAPK14;MYLK;ORAI1;PIK3CA;PIK3R2;PPP1CB;PRKACB;PRKCA;PTGIR;ROCK2;SYK,0.762885254877941,False
KEGG,3,VIRAL CARCINOGENESIS,0.2240293883527416,19,681,152,6576,ACTN4;CHD4;CREB5;DLG1;GSN;GTF2H1;HDAC10;HDAC8;PIK3CA;PIK3R2;PRKACB;PRKCA;RELA;SCIN;STAT3;SYK;TRAF3;VDAC3;YWHAH,0.762885254877941,False
KEGG,3,PANCREATIC SECRETION,0.22516769871323375,11,681,82,6576,ADCY8;ATP1B1;CA2;CEL;CHRM3;CLCA1;CPA2;PLA2G2D;PRKCA;PRKCG;TPCN2,0.762885254877941,False
KEGG,3,IGSF CAM SIGNALING,0.23212011715716852,31,681,261,6576,ACTN4;APP;ARF6;ARHGEF7;ARPC2;CADM4;CRTAM;FGB;ITGA5;JAM2;LRRTM4;MAP2K2;MAPK14;MAPK9;MYH14;MYLK;NECTIN1;PIK3CA;PIK3R2;PPFIA4;PRKCA;PRKCG;PRKCQ;PTK2;PTPRZ1;SLITRK5;SORBS1;SPTBN4;TUBA4A;TUBB2B;TUBB6,0.762885254877941,False
KEGG,3,GLYCOSAMINOGLYCAN BIOSYNTHESIS - HEPARAN SULFATE / HEPARIN,0.2326443158343914,4,681,24,6576,EXTL1;EXTL3;HS2ST1;HS3ST1,0.762885254877941,False
KEGG,3,CHEMICAL CARCINOGENESIS - REACTIVE OXYGEN SPECIES,0.23395349008716723,21,681,171,6576,COX4I2;COX7B2;GSTM4;MAP2K2;MAPK14;MAPK9;NDUFA1;NDUFA7;NDUFC2;NDUFS4;NDUFS7;NDUFS8;NDUFV3;PIK3CA;PIK3R2;PTK2;RELA;SLC26A6;SLC26A9;SOS2;VDAC3,0.762885254877941,False
KEGG,3,SULFUR METABOLISM,0.23741365961111482,2,681,9,6576,PAPSS2;TSTD1,0.762885254877941,False
KEGG,3,SPINOCEREBELLAR ATAXIA,0.2400053780040928,17,681,136,6576,ATG14;ATXN1;CIC;GRIA2;GRIN2A;GRM1;MAPK9;PIK3CA;PIK3R2;PRKCA;PRKCG;PSMC3;PSMC6;RELN;SLC1A6;VDAC3;WIPI2,0.762885254877941,False
KEGG,3,THYROID HORMONE SYNTHESIS,0.24037096737551056,9,681,66,6576,ADCY8;ATP1B1;CREB5;DUOXA2;GPX2;GPX6;PRKACB;PRKCA;PRKCG,0.762885254877941,False
KEGG,3,TH17 CELL DIFFERENTIATION,0.24076185613230475,12,681,92,6576,HLA-DRA;IFNGR2;IL17F;IL27;IL2RA;IRF4;MAPK14;MAPK9;NFATC2;PRKCQ;RELA;STAT3,0.762885254877941,False
KEGG,3,NEUTROPHIL EXTRACELLULAR TRAP FORMATION,0.24354598658835078,13,681,101,6576,ELANE;FGB;HDAC10;HDAC8;MAP2K2;MAPK14;PIK3CA;PIK3R2;PRKCA;PRKCG;RELA;SYK;VDAC3,0.762885254877941,False
KEGG,3,INSULIN SECRETION,0.24552799989334517,10,681,75,6576,ADCY8;ATP1B1;CHRM3;CREB5;GLP1R;KCNJ11;KCNMB1;PRKACB;PRKCA;PRKCG,0.762885254877941,False
KEGG,3,PANCREATIC CANCER,0.24552799989334517,10,681,75,6576,E2F3;ERBB2;MAPK9;PIK3CA;PIK3R2;RAD51;RELA;STAT3;TGFB2;TGFB3,0.762885254877941,False
KEGG,3,FAT DIGESTION AND ABSORPTION,0.24676813718664564,6,681,41,6576,ABCG5;CD36;CEL;FABP2;PLA2G2D;SOAT2,0.762885254877941,False
KEGG,3,LEISHMANIASIS,0.24837387888940068,8,681,58,6576,EEF1A2;HLA-DRA;IFNGR2;KCNH8;MAPK14;RELA;TGFB2;TGFB3,0.762885254877941,False
KEGG,3,GABAERGIC SYNAPSE,0.24946340925761948,11,681,84,6576,ADCY8;CACNA1B;GABARAPL2;GABRG1;GNG2;NSF;PRKACB;PRKCA;PRKCG;SLC38A1;TRAK2,0.762885254877941,False
KEGG,3,TUBERCULOSIS,0.24956961084309962,17,681,137,6576,ATP6V0C;ATP6V1H;CALM3;CEBPG;HLA-DRA;HSPA9;IFNGR2;IL10RA;LBP;LSP1;MALT1;MAPK14;MAPK9;RELA;SYK;TGFB2;TGFB3,0.762885254877941,False
KEGG,3,GLYCOSAMINOGLYCAN DEGRADATION,0.2548099114878958,3,681,17,6576,ANKRD44;GNS;HYAL3,0.762885254877941,False
KEGG,3,AMYOTROPHIC LATERAL SCLEROSIS,0.2551942064829613,35,681,301,6576,ANXA11;ATG14;CHMP2B;COX4I2;COX7B2;DERL1;DNAH1;DNAH14;DNAI2;GPX2;GPX6;GRIA2;GRIN2A;MAP2K6;MAPK14;NDUFA1;NDUFA7;NDUFC2;NDUFS4;NDUFS7;NDUFS8;NDUFV3;NEFL;NUP107;NUP62;NUP93;PSMC3;PSMC6;SETX;SLC1A2;TNFRSF1B;TUBA4A;TUBB2B;TUBB6;WIPI2,0.762885254877941,False
KEGG,3,COLLECTING DUCT ACID SECRETION,0.2561097841507278,4,681,25,6576,ATP4B;ATP6V0C;ATP6V0E1;CA2,0.762885254877941,False
KEGG,3,FATTY ACID ELONGATION,0.2561097841507278,4,681,25,6576,ELOVL6;MECR;TECR;THEM5,0.762885254877941,False
KEGG,3,INFLAMMATORY BOWEL DISEASE,0.25658070975536756,7,681,50,6576,HLA-DRA;IFNGR2;IL17F;RELA;STAT3;TGFB2;TGFB3,0.762885254877941,False
KEGG,3,SIGNALING PATHWAYS REGULATING PLURIPOTENCY OF STEM CELLS,0.2586794829758535,16,681,129,6576,DUSP9;HAND1;HESX1;INHBA;LIFR;MAP2K2;MAPK14;PAX6;PCGF1;PCGF2;PIK3CA;PIK3R2;SETDB1;SKIL;STAT3;TCF7,0.762885254877941,False
KEGG,3,MORPHINE ADDICTION,0.2746410303577755,11,681,86,6576,ADCY8;CACNA1B;DRD1;GABRG1;GNG2;OPRM1;PDE1C;PDE3A;PRKACB;PRKCA;PRKCG,0.7812062702383075,False
KEGG,3,C-TYPE LECTIN RECEPTOR SIGNALING PATHWAY,0.2764862697984642,12,681,95,6576,CALM3;CLEC6A;LSP1;MALT1;MAPK14;MAPK9;NFATC2;NLRP3;PIK3CA;PIK3R2;RELA;SYK,0.7812062702383075,False
KEGG,3,TIGHT JUNCTION,0.2788535655050031,18,681,149,6576,ACTN4;AMOT;ARPC2;CLDN8;DLG1;ERBB2;JAM2;MAPK9;MARVELD2;MYH14;PPP2R1B;PRKACB;PRKCA;RAP2C;ROCK2;TUBA4A;WAS;YBX3,0.7812062702383075,False
KEGG,3,HERPES SIMPLEX VIRUS 1 INFECTION,0.2791924354050527,16,681,131,6576,B2M;CALR;HLA-DRA;IFNGR2;ITGA5;NECTIN1;PIK3CA;PIK3R2;PPP1CB;RELA;RHEB;SRSF4;SRSF9;SYK;TAPBPL;TRAF3,0.7812062702383075,False
KEGG,3,GALACTOSE METABOLISM,0.28001941642237244,4,681,26,6576,G6PC3;GALM;HKDC1;PFKL,0.7812062702383075,False
KEGG,3,RNA POLYMERASE,0.28001941642237244,4,681,26,6576,POLR1A;POLR2B;POLR2C;POLR2D,0.7812062702383075,False
KEGG,3,PATHWAYS OF NEURODEGENERATION - MULTIPLE DISEASES,0.2822482478962347,46,681,407,6576,APP;ATG14;ATXN1;CACNA1B;CALM3;CDK5;CHMP2B;CHRM3;COX4I2;COX7B2;CSNK1A1;DERL1;DNAH1;DNAH14;DNAI2;GPX2;GPX6;GRIA2;GRIN2A;GRM1;HIP1;HSD17B10;LRP6;MAP2K2;MAP2K6;MAPK14;MAPK9;NDUFA1;NDUFA7;NDUFC2;NDUFS4;NDUFS7;NDUFS8;NDUFV3;NEFL;PRKCA;PRKCG;PSMC3;PSMC6;RELA;TNFRSF1B;TUBA4A;TUBB2B;TUBB6;VDAC3;WIPI2,0.7812062702383075,False
KEGG,3,NON-SMALL CELL LUNG CANCER,0.2828505461207665,9,681,69,6576,E2F3;ERBB2;MAP2K2;PIK3CA;PIK3R2;PRKCA;PRKCG;SOS2;STAT3,0.7812062702383075,False
KEGG,3,EPSTEIN-BARR VIRUS INFECTION,0.29753463008079767,19,681,160,6576,B2M;CALR;CD19;E2F3;FCER2;HLA-DRA;MAP2K6;MAPK14;MAPK9;PIK3CA;PIK3R2;PSMC3;PSMC6;RELA;SAP30;STAT3;SYK;TAPBPL;TRAF3,0.8021244095385062,False
KEGG,3,PROSTATE CANCER,0.301185675171687,12,681,97,6576,CREB5;E2F3;ERBB2;GRM1;IL1R2;MAP2K2;PIK3CA;PIK3R2;RELA;SOS2;TCF7;TCF7L1,0.8021244095385062,False
KEGG,3,ARGININE AND PROLINE METABOLISM,0.3019625064508668,6,681,44,6576,AGMAT;ARG2;CKMT2;MAOB;SLC38A1;TINAGL1,0.8021244095385062,False
KEGG,3,AFRICAN TRYPANOSOMIASIS,0.3042540863766747,4,681,27,6576,F2RL1;IDO1;PRKCA;PRKCG,0.8021244095385062,False
KEGG,3,HIPPO SIGNALING PATHWAY - MULTIPLE SPECIES,0.3042540863766747,4,681,27,6576,DCHS2;LIMD1;MOB1A;TEAD2,0.8021244095385062,False
KEGG,3,PENTOSE PHOSPHATE PATHWAY,0.3042540863766747,4,681,27,6576,ALDOC;GNPDA1;H6PD;PFKL,0.8021244095385062,False
KEGG,3,FERROPTOSIS,0.31483855273249145,5,681,36,6576,GCLM;LPCAT3;SLC38A1;SLC39A8;VDAC3,0.822931587124443,False
KEGG,3,CORTISOL SYNTHESIS AND SECRETION,0.32435122091832075,7,681,54,6576,ADCY8;CACNA1G;CREB5;CYP21A2;ORAI1;PRKACB;PRKCA,0.822931587124443,False
KEGG,3,LONGEVITY REGULATING PATHWAY - MULTIPLE SPECIES,0.32435122091832075,7,681,54,6576,ADCY8;FOXA2;HSPA1L;PIK3CA;PIK3R2;PRKACB;PRKCA,0.822931587124443,False
KEGG,3,DILATED CARDIOMYOPATHY,0.3264537609988043,12,681,99,6576,ADCY8;CACNG1;DTNA;ITGA5;MYBPC3;PRKACB;PRKCA;SGCG;TGFB2;TGFB3;TNNI3;TNNT2,0.822931587124443,False
KEGG,3,PD-L1 EXPRESSION AND PD-1 CHECKPOINT PATHWAY IN CANCER,0.3273931706957104,10,681,81,6576,IFNGR2;MAP2K2;MAP2K6;MAPK14;NFATC2;PIK3CA;PIK3R2;PRKCQ;RELA;STAT3,0.822931587124443,False
KEGG,3,GLYCOSYLPHOSPHATIDYLINOSITOL (GPI)-ANCHOR BIOSYNTHESIS,0.32869968566177465,4,681,28,6576,PGAP3;PIGL;PIGT;PIGX,0.822931587124443,False
KEGG,3,PORPHYRIN METABOLISM,0.32869968566177465,4,681,28,6576,ALAS2;FXN;HMOX2;UROS,0.822931587124443,False
KEGG,3,OLFACTORY TRANSDUCTION,0.3361126360906357,5,681,37,6576,ADCY8;CALM3;PDE1C;PRKACB;PRKCA,0.8272508192049195,False
KEGG,3,T CELL RECEPTOR SIGNALING PATHWAY,0.33777907054362677,13,681,109,6576,ARHGEF7;DLG1;MALT1;MAP2K2;MAPK14;MAPK9;NFATC2;PIK3CA;PIK3R2;PPP2R1B;PRKCQ;RELA;SOS2,0.8272508192049195,False
KEGG,3,TNF SIGNALING PATHWAY,0.33777907054362677,13,681,109,6576,CREB5;JAG1;MAP2K6;MAPK14;MAPK9;PIK3CA;PIK3R2;RELA;RHBDF1;RIPK3;RPS6KA5;TNFRSF1B;TRAF3,0.8272508192049195,False
KEGG,3,CHOLESTEROL METABOLISM,0.3399335262824813,6,681,46,6576,ABCG5;CD36;NPC1;PCSK9;SOAT2;VDAC3,0.8272508192049195,False
KEGG,3,EPITHELIAL CELL SIGNALING IN HELICOBACTER PYLORI INFECTION,0.34240292877118816,8,681,64,6576,ATP6V0C;ATP6V0E1;ATP6V1H;JAM2;MAPK14;MAPK9;PTPRZ1;RELA,0.8274737445303714,False
KEGG,3,ALCOHOLISM,0.35011796945446694,13,681,110,6576,CALM3;CREB5;DRD1;GNG2;GRIN2A;HDAC10;HDAC8;MAOB;PPP1CB;PPP1R1B;PRKACB;PRKCA;SOS2,0.8396263237092758,False
KEGG,3,ADRENERGIC SIGNALING IN CARDIOMYOCYTES,0.35466974018753894,16,681,138,6576,ADCY8;ADRA1A;ADRA1B;ADRA1D;ATP1B1;CACNG1;CALM3;CREB5;MAPK14;PPP1CB;PPP2R1B;PRKACB;PRKCA;RPS6KA5;TNNI3;TNNT2,0.8396263237092758,False
KEGG,3,CELLULAR SENESCENCE,0.35466974018753894,16,681,138,6576,CALM3;CCNB2;E2F3;MAP2K2;MAP2K6;MAPK14;NFATC2;PIK3CA;PIK3R2;PPP1CB;RELA;RHEB;TGFB2;TGFB3;TRAF3IP2;VDAC3,0.8396263237092758,False
KEGG,3,NICOTINE ADDICTION,0.35749950451628487,5,681,38,6576,CACNA1B;GABRG1;GRIA2;GRIN2A;SLC17A7,0.8406069430518051,False
KEGG,3,ARGININE BIOSYNTHESIS,0.37292402589871804,3,681,21,6576,ARG2;GPT;TINAGL1,0.8587992477739682,False
KEGG,3,NEUROTROPHIN SIGNALING PATHWAY,0.3750224995815505,13,681,112,6576,ARHGDIG;CALM3;IRAK3;MAP2K2;MAPK14;MAPK9;PIK3CA;PIK3R2;RELA;RPS6KA2;RPS6KA5;SH2B2;SOS2,0.8587992477739682,False
KEGG,3,CARBOHYDRATE DIGESTION AND ABSORPTION,0.37893101470569324,5,681,39,6576,ATP1B1;G6PC3;HKDC1;PIK3CA;PIK3R2,0.8587992477739682,False
KEGG,3,SYNAPTIC VESICLE CYCLE,0.38801630227155187,9,681,76,6576,ATP6V0C;ATP6V0E1;ATP6V1H;CACNA1B;NSF;SLC17A7;SLC1A2;SLC1A6;UNC13C,0.8587992477739682,False
KEGG,3,RHEUMATOID ARTHRITIS,0.3913106413925023,8,681,67,6576,ANGPT1;ATP6V0C;ATP6V0E1;ATP6V1H;HLA-DRA;IL17F;TGFB2;TGFB3,0.8587992477739682,False
KEGG,3,GNRH SECRETION,0.39454685223553837,7,681,58,6576,CACNA1G;KCNJ11;MAP2K2;PIK3CA;PIK3R2;PRKCA;PRKCG,0.8587992477739682,False
KEGG,3,JAK-STAT SIGNALING PATHWAY,0.39601039457519266,14,681,123,6576,CSF3;CSF3R;EPX;IFNGR2;IL10RA;IL13RA2;IL27;IL2RA;LIFR;PIAS4;PIK3CA;PIK3R2;SOS2;STAT3,0.8587992477739682,False
KEGG,3,NON-HOMOLOGOUS END-JOINING,0.3960917780971327,2,681,13,6576,DCLRE1C;XRCC5,0.8587992477739682,False
KEGG,3,SPHINGOLIPID METABOLISM,0.3976245502105437,6,681,49,6576,ACER1;ARSA;B4GALT6;ENPP7;SAMD8;SMPD3,0.8587992477739682,False
KEGG,3,SPHINGOLIPID SIGNALING PATHWAY,0.40013973588077517,13,681,114,6576,ABCC1;ACER1;MAP2K2;MAPK14;MAPK9;PIK3CA;PIK3R2;PPP2R1B;PRKCA;PRKCG;RELA;ROCK2;S1PR3,0.8587992477739682,False
KEGG,3,THYROID HORMONE SIGNALING PATHWAY,0.40013973588077517,13,681,114,6576,ATP1B1;MAP2K2;MED14;MED16;NCOR1;PFKFB2;PFKL;PIK3CA;PIK3R2;PRKACB;PRKCA;PRKCG;RHEB,0.8587992477739682,False
KEGG,3,BIOSYNTHESIS OF UNSATURATED FATTY ACIDS,0.40219513338868923,3,681,22,6576,ELOVL6;FADS2;TECR,0.8587992477739682,False
KEGG,3,MATURITY ONSET DIABETES OF THE YOUNG,0.40219513338868923,3,681,22,6576,FOXA2;PAX4;PAX6,0.8587992477739682,False
KEGG,3,PRIMARY IMMUNODEFICIENCY,0.4022536706527495,4,681,31,6576,CD19;DCLRE1C;ORAI1;RAG1,0.8587992477739682,False
KEGG,3,PROPANOATE METABOLISM,0.4022536706527495,4,681,31,6576,DBT;EHHADH;HIBCH;LDHAL6B,0.8587992477739682,False
KEGG,3,CHEMOKINE SIGNALING PATHWAY,0.4063549858277303,17,681,152,6576,ADCY8;CCL24;CCR2;FGR;GNG2;HCK;PIK3CA;PIK3R2;PREX1;PRKACB;PRKCA;PTK2;RELA;ROCK2;SOS2;STAT3;WAS,0.8598591849092276,False
KEGG,3,GLIOMA,0.40769185491385795,8,681,68,6576,CALM3;E2F3;MAP2K2;PIK3CA;PIK3R2;PRKCA;PRKCG;SOS2,0.8598591849092276,False
KEGG,3,VARIOUS TYPES OF N-GLYCAN BIOSYNTHESIS,0.4216720356197122,5,681,41,6576,ALG2;B4GALNT4;DDOST;FUT8;KRTCAP2,0.8839871590099991,False
KEGG,3,RIBOSOME,0.43239611906054215,14,681,126,6576,MRPL11;MRPL14;MRPL16;MRPL24;MRPL30;MRPL32;MRPL44;MRPL47;MRPS26;MRPS5;RPL12;RPL23A;RPS5;RSL24D1,0.8927397718849678,False
KEGG,3,TH1 AND TH2 CELL DIFFERENTIATION,0.43406588648693156,9,681,79,6576,HLA-DRA;IFNGR2;IL2RA;JAG1;MAPK14;MAPK9;NFATC2;PRKCQ;RELA,0.8927397718849678,False
KEGG,3,REGULATION OF LIPOLYSIS IN ADIPOCYTES,0.4360177002916333,6,681,51,6576,ADCY8;NPR1;PIK3CA;PIK3R2;PRKACB;PRKCA,0.8927397718849678,False
KEGG,3,RELAXIN SIGNALING PATHWAY,0.43798255778310974,13,681,117,6576,ADCY8;COL3A1;CREB5;GNG2;MAP2K2;MAPK14;MAPK9;PIK3CA;PIK3R2;PRKACB;PRKCA;RELA;SOS2,0.8927397718849678,False
KEGG,3,HEPATOCELLULAR CARCINOMA,0.44475446073886854,16,681,146,6576,CSNK1A1;E2F3;GSTM4;KCNH8;LRP6;MAP2K2;PIK3CA;PIK3R2;PRKCA;PRKCG;SOS2;TCF7;TCF7L1;TGFB2;TGFB3;TXNRD2,0.8927397718849678,False
KEGG,3,TOLL-LIKE RECEPTOR SIGNALING PATHWAY,0.44937186714746413,9,681,80,6576,LBP;MAP2K2;MAP2K6;MAPK14;MAPK9;PIK3CA;PIK3R2;RELA;TRAF3,0.8927397718849678,False
KEGG,3,ESTROGEN SIGNALING PATHWAY,0.4505896704946365,13,681,118,6576,ADCY8;CALM3;CREB5;GRM1;HSPA1L;KRT20;MAP2K2;OPRM1;PIK3CA;PIK3R2;PRKACB;PRKCA;SOS2,0.8927397718849678,False
KEGG,3,CHAGAS DISEASE,0.45714473853578186,10,681,90,6576,CALR;IFNGR2;MAPK14;MAPK9;PIK3CA;PIK3R2;PPP2R1B;RELA;TGFB2;TGFB3,0.8927397718849678,False
KEGG,3,OXYTOCIN SIGNALING PATHWAY,0.46222595013242146,15,681,138,6576,ADCY8;CACNG1;CALM3;GUCY1A1;KCNH8;KCNJ14;MAP2K2;MYLK;NFATC2;NPR1;PPP1CB;PRKACB;PRKCA;PRKCG;ROCK2,0.8927397718849678,False
KEGG,3,FLUID SHEAR STRESS AND ATHEROSCLEROSIS,0.46317232583329676,13,681,119,6576,CALM3;CAV1;GSTM4;IL1R2;MAP2K6;MAPK14;MAPK9;PECAM1;PIAS4;PIK3CA;PIK3R2;PTK2;RELA,0.8927397718849678,False
KEGG,3,TGF-BETA SIGNALING PATHWAY,0.4640050799631252,11,681,100,6576,CUL1;DCN;IGSF1;INHBA;NCOR1;PPP2R1B;SKIL;SKP1;TGFB2;TGFB3;THBS1,0.8927397718849678,False
KEGG,3,COLORECTAL CANCER,0.46461920420393393,9,681,81,6576,MAP2K2;MAPK9;PIK3CA;PIK3R2;SOS2;TCF7;TCF7L1;TGFB2;TGFB3,0.8927397718849678,False
KEGG,3,BILE SECRETION,0.4647811005919562,7,681,62,6576,ABCC3;ABCG5;ADCY8;ATP1B1;CA2;PRKACB;PRKCA,0.8927397718849678,False
KEGG,3,GLYCOSPHINGOLIPID BIOSYNTHESIS - GANGLIO SERIES,0.4699772255489931,2,681,15,6576,ST6GALNAC5;ST8SIA5,0.8927397718849678,False
KEGG,3,CHRONIC MYELOID LEUKEMIA,0.47286139667043625,8,681,72,6576,E2F3;MAP2K2;PIK3CA;PIK3R2;RELA;SOS2;TGFB2;TGFB3,0.8927397718849678,False
KEGG,3,PROTEOGLYCANS IN CANCER,0.4747870746204065,20,681,187,6576,CAV1;DCN;ERBB2;HOXD10;ITGA5;KCNH8;MAP2K2;MAPK14;PIK3CA;PIK3R2;PPP1CB;PRKACB;PRKCA;PRKCG;PTK2;ROCK2;SOS2;STAT3;TGFB2;THBS1,0.8927397718849678,False
KEGG,3,SALMONELLA INFECTION,0.4768848393016595,23,681,216,6576,AHNAK;ARF6;ARHGEF7;ARPC2;DYNC1I1;MAP2K2;MAP2K6;MAPK14;MAPK9;NLRP3;PIK3CA;RELA;RHOG;RIPK3;ROCK2;SKP1;TCF7;TCF7L1;TNFSF10;TUBA4A;TUBB2B;TUBB6;VPS11,0.8927397718849678,False
KEGG,3,VITAMIN B6 METABOLISM,0.4811790291240347,1,681,6,6576,PDXP,0.8927397718849678,False
KEGG,3,RENAL CELL CARCINOMA,0.48209395156438445,7,681,63,6576,ARHGEF7;MAP2K2;PIK3CA;PIK3R2;SOS2;TGFB2;TGFB3,0.8927397718849678,False
KEGG,3,OSTEOCLAST DIFFERENTIATION,0.48319337408852286,12,681,111,6576,FHL2;FOSL1;IFNGR2;MAP2K6;MAPK14;MAPK9;NFATC2;PIK3CA;PIK3R2;RELA;SYK;TGFB2,0.8927397718849678,False
KEGG,3,GLUTATHIONE METABOLISM,0.4846171398632712,5,681,44,6576,GCLM;GPX2;GPX6;GSTM4;IDH2,0.8927397718849678,False
KEGG,3,SYSTEMIC LUPUS ERYTHEMATOSUS,0.4846171398632712,5,681,44,6576,ACTN4;C8B;ELANE;GRIN2A;HLA-DRA,0.8927397718849678,False
KEGG,3,FOCAL ADHESION,0.48485004852373254,20,681,188,6576,ACTN4;ARHGEF7;CAV1;ERBB2;ITGA5;KCNH8;LMNB2;MAPK9;MYLK;PGF;PIK3CA;PIK3R2;PPP1CB;PRKCA;PRKCG;PTK2;RELN;ROCK2;SOS2;THBS1,0.8927397718849678,False
KEGG,3,CHOLINERGIC SYNAPSE,0.5047940508109842,11,681,103,6576,ADCY8;CACNA1B;CHRM3;CREB5;GNG2;KCNJ14;PIK3CA;PIK3R2;PRKACB;PRKCA;PRKCG,0.9118834659114067,False
KEGG,3,FATTY ACID BIOSYNTHESIS,0.5048393471712218,2,681,16,6576,MCAT;MECR,0.9118834659114067,False
KEGG,3,OTHER GLYCAN DEGRADATION,0.5048393471712218,2,681,16,6576,FUCA2;MAN2B2,0.9118834659114067,False
KEGG,3,HUMAN PAPILLOMAVIRUS INFECTION,0.5079128095290519,30,681,287,6576,ATP6V0C;ATP6V0E1;ATP6V1H;CHD4;CREB5;CSNK1A1;DLG1;HES7;ITGA5;JAG1;LMNB2;MAP2K2;MFNG;PIK3CA;PIK3R2;PPP2R1B;PRKACB;PRKCA;PTGER4;PTK2;RELA;RELN;RFNG;RHEB;SOS2;TADA3;TCF7;TCF7L1;THBS1;TRAF3,0.9118834659114067,False
KEGG,3,LIPID AND ATHEROSCLEROSIS,0.5083488286977382,18,681,171,6576,CALM3;CD36;HSPA1L;LBP;MAP2K6;MAPK14;MAPK9;NFATC2;NLRP3;PIK3CA;PIK3R2;PRKCA;PTK2;RELA;ROCK2;STAT3;TNFSF10;TRAF3,0.9118834659114067,False
KEGG,3,FATTY ACID DEGRADATION,0.5203518543015658,4,681,36,6576,CPT2;CYP2U1;EHHADH;SOAT2,0.9118988452244045,False
KEGG,3,AGE-RAGE SIGNALING PATHWAY IN DIABETIC COMPLICATIONS,0.528217331215787,10,681,95,6576,COL3A1;MAPK14;MAPK9;PIK3CA;PIK3R2;PRKCA;RELA;STAT3;TGFB2;TGFB3,0.9118988452244045,False
KEGG,3,SEROTONERGIC SYNAPSE,0.528217331215787,10,681,95,6576,APP;CACNA1B;GNG2;HTR1F;HTR3B;MAOB;PRKACB;PRKCA;PRKCG;TPH2,0.9118988452244045,False
KEGG,3,RIBOSOME BIOGENESIS IN EUKARYOTES,0.5329803151741199,7,681,66,6576,EFL1;FCF1;NHP2;RPP38;UTP18;WDR3;WDR43,0.9118988452244045,False
KEGG,3,IL-17 SIGNALING PATHWAY,0.5362613504797811,8,681,76,6576,CSF3;FOSL1;IL17F;MAPK14;MAPK9;RELA;TRAF3;TRAF3IP2,0.9118988452244045,False
KEGG,3,ASTHMA,0.5381766052623325,2,681,17,6576,EPX;HLA-DRA,0.9118988452244045,False
KEGG,3,FOLATE BIOSYNTHESIS,0.5381766052623325,2,681,17,6576,PCBD2;TPH2,0.9118988452244045,False
KEGG,3,NITROGEN METABOLISM,0.5381766052623325,2,681,17,6576,CA2;CA5A,0.9118988452244045,False
KEGG,3,PYRUVATE METABOLISM,0.5426838807513756,4,681,37,6576,ACOT12;HAGH;LDHAL6B;SOAT2,0.9118988452244045,False
KEGG,3,CYTOKINE-CYTOKINE RECEPTOR INTERACTION,0.5467375281394067,21,681,204,6576,BMP10;CCL24;CCR2;CSF3;CSF3R;EPX;IFNGR2;IL10RA;IL13RA2;IL17F;IL1R2;IL27;IL2RA;IL36A;INHBA;LIFR;TGFB2;TGFB3;TNFRSF1B;TNFRSF25;TNFSF10,0.9118988452244045,False
KEGG,3,INOSITOL PHOSPHATE METABOLISM,0.5516695805071501,8,681,77,6576,IMPA1;INPP5F;INPP5K;INPPL1;PI4K2A;PIK3CA;PIKFYVE;PIP4K2C,0.9118988452244045,False
KEGG,3,POLYCOMB REPRESSIVE COMPLEX,0.5516695805071501,8,681,77,6576,AUTS2;CBX2;CBX7;MBD6;PCGF1;PCGF2;SKP1;WDR5B,0.9118988452244045,False
KEGG,3,LEUKOCYTE TRANSENDOTHELIAL MIGRATION,0.5577785199363932,11,681,107,6576,ACTN4;CLDN8;JAM2;MAPK14;PECAM1;PIK3CA;PIK3R2;PRKCA;PRKCG;PTK2;ROCK2,0.9118988452244045,False
KEGG,3,NON-ALCOHOLIC FATTY LIVER DISEASE,0.5633951118236193,14,681,137,6576,COX4I2;COX7B2;MAPK14;MAPK9;NDUFA1;NDUFA7;NDUFC2;NDUFS4;NDUFS7;NDUFS8;NDUFV3;PIK3CA;PIK3R2;RELA,0.9118988452244045,False
KEGG,3,PHOSPHOLIPASE D SIGNALING PATHWAY,0.5633951118236193,14,681,137,6576,ADCY8;AGPAT3;ARF6;AVPR1A;DGKI;GRM1;MAP2K2;NLRP3;PIK3CA;PIK3R2;PRKCA;RHEB;SOS2;SYK,0.9118988452244045,False
KEGG,3,OVARIAN STEROIDOGENESIS,0.5644702779555042,4,681,38,6576,ADCY8;FSHB;PRKACB;PRKCA,0.9118988452244045,False
KEGG,3,DRUG METABOLISM - CYTOCHROME P450,0.5657830588345787,3,681,28,6576,ALDH3B1;GSTM4;MAOB,0.9118988452244045,False
KEGG,3,RAS SIGNALING PATHWAY,0.5674529479800969,22,681,216,6576,ANGPT1;ANGPT2;ARF6;ARHGEF7;CALM3;EFNA5;FLT3;GNG2;GRIN2A;KCNH8;MAP2K2;MAPK9;PGF;PIK3CA;PIK3R2;PLA2G2D;PRKACB;PRKCA;PRKCG;RELA;RIN1;SOS2,0.9118988452244045,False
KEGG,3,ADHERENS JUNCTION,0.5680705513041946,9,681,88,6576,ACTN4;ERBB2;KRIT1;NECTIN1;ROCK2;SORBS1;TCF7;TCF7L1;WAS,0.9118988452244045,False
KEGG,3,HIPPO SIGNALING PATHWAY,0.5762042898044217,15,681,148,6576,AMOT;CRB2;DLG1;DLG5;LIMD1;MOB1A;NKD1;PPP1CB;PPP2R1B;TCF7;TCF7L1;TEAD2;TGFB2;TGFB3;YWHAH,0.9118988452244045,False
KEGG,3,ADIPOCYTOKINE SIGNALING PATHWAY,0.5817828971340574,7,681,69,6576,CD36;G6PC3;MAPK9;PRKCQ;RELA;STAT3;TNFRSF1B,0.9118988452244045,False
KEGG,3,NF-KAPPA B SIGNALING PATHWAY,0.5821752088617311,9,681,89,6576,CARD14;LBP;MALT1;PIAS4;PRKCQ;RELA;SYK;TRAF3;UBE2I,0.9118988452244045,False
KEGG,3,PERTUSSIS,0.5821958908267131,6,681,59,6576,CALM3;ITGA5;MAPK14;MAPK9;NLRP3;RELA,0.9118988452244045,False
KEGG,3,RIBOFLAVIN METABOLISM,0.5831668538886317,1,681,8,6576,ENPP3,0.9118988452244045,False
KEGG,3,SULFUR RELAY SYSTEM,0.5831668538886317,1,681,8,6576,TSTD1,0.9118988452244045,False
KEGG,3,"VIRION - EBOLAVIRUS, LYSSAVIRUS AND MORBILLIVIRUS",0.5831668538886317,1,681,8,6576,NPC1,0.9118988452244045,False
KEGG,3,CHEMICAL CARCINOGENESIS - RECEPTOR ACTIVATION,0.5881608037680843,16,681,159,6576,ADCY8;BCL6;CACNA1B;CREB5;GSTM4;JAG1;MAP2K2;PIK3CA;PIK3R2;PRKACB;PRKCA;PRKCG;RELA;RPS6KA2;SOS2;STAT3,0.9118988452244045,False
KEGG,3,BETA-ALANINE METABOLISM,0.5903063319512853,3,681,29,6576,ALDH3B1;EHHADH;HIBCH,0.9118988452244045,False
KEGG,3,REGULATION OF ACTIN CYTOSKELETON,0.5936054587350095,21,681,209,6576,ACTN4;ARHGEF7;ARPC2;C8B;CHRM3;GSN;ITGA5;MAP2K2;MYH14;MYLK;PIK3CA;PIK3R2;PIKFYVE;PIP4K2C;PPP1CB;PTK2;RGCC;ROCK2;SCIN;SOS2;TMSB4Y,0.9118988452244045,False
KEGG,3,PARKINSON DISEASE,0.5947178198934723,22,681,219,6576,CALM3;COX4I2;COX7B2;DRD1;MAOB;MAPK9;NDUFA1;NDUFA7;NDUFC2;NDUFS4;NDUFS7;NDUFS8;NDUFV3;PRKACB;PRKCA;PSMC3;PSMC6;SLC39A8;TUBA4A;TUBB2B;TUBB6;VDAC3,0.9118988452244045,False
KEGG,3,CUSHING SYNDROME,0.5972991164516879,14,681,140,6576,ADCY8;CACNA1G;CREB5;CRHR1;CYP21A2;E2F3;MAP2K2;MEN1;ORAI1;PRKACB;PRKCA;TCF7;TCF7L1;WDR5B,0.9118988452244045,False
KEGG,3,BACTERIAL INVASION OF EPITHELIAL CELLS,0.5974919881065575,7,681,70,6576,ARPC2;CAV1;ITGA5;PIK3CA;PIK3R2;PTK2;RHOG,0.9118988452244045,False
KEGG,3,VIRAL PROTEIN INTERACTION WITH CYTOKINE AND CYTOKINE RECEPTOR,0.5991290194159229,6,681,60,6576,CCL24;CCR2;IL10RA;IL2RA;TNFRSF1B;TNFSF10,0.9118988452244045,False
KEGG,3,BIOSYNTHESIS OF VARIOUS NUCLEOTIDE SUGARS,0.6000713665413466,2,681,19,6576,CYB5R2;GFUS,0.9118988452244045,False
KEGG,3,HISTIDINE METABOLISM,0.6000713665413466,2,681,19,6576,ALDH3B1;MAOB,0.9118988452244045,False
KEGG,3,SHIGELLOSIS,0.6027524034657159,21,681,210,6576,ACTN4;ARF6;ARPC2;ATG14;CUL1;HKDC1;ITGA5;MALT1;MAPK14;MAPK9;NLRP3;PIK3CA;PIK3R2;PRKCQ;PTK2;RELA;ROCK2;RPS6KA5;SKP1;TECPR1;WIPI2,0.9119905930698657,False
KEGG,3,ABC TRANSPORTERS,0.6062672622146859,4,681,40,6576,ABCB7;ABCC1;ABCC3;ABCG5,0.9133376937260201,False
KEGG,3,AUTOPHAGY - OTHER,0.6139184223502614,3,681,30,6576,ATG3;GABARAPL2;WIPI2,0.9169253690038239,False
KEGG,3,TYROSINE METABOLISM,0.6139184223502614,3,681,30,6576,ALDH3B1;HPD;MAOB,0.9169253690038239,False
KEGG,3,PURINE METABOLISM,0.6206731686229867,11,681,112,6576,ADCY10;ADCY8;ENPP3;GUCY1A1;ITPA;NPR1;NUDT9;PAPSS2;PDE1C;PDE3A;PDE9A,0.9229958933730328,False
KEGG,3,FOLATE TRANSPORT AND METABOLISM,0.6285920308316344,2,681,20,6576,ABCC1;ABCC3,0.9229958933730328,False
KEGG,3,PANTOTHENATE AND COA BIOSYNTHESIS,0.6285920308316344,2,681,20,6576,ENPP3;PPCS,0.9229958933730328,False
KEGG,3,RENIN-ANGIOTENSIN SYSTEM,0.6285920308316344,2,681,20,6576,ACE2;NLN,0.9229958933730328,False
KEGG,3,SNARE INTERACTIONS IN VESICULAR TRANSPORT,0.6365967886035664,3,681,31,6576,BET1L;VAMP5;VTI1A,0.9266784566808697,False
KEGG,3,CALCIUM SIGNALING PATHWAY,0.6387403548995019,23,681,234,6576,ADCY8;ADRA1A;ADRA1B;ADRA1D;AVPR1A;CACNA1B;CACNA1G;CALM3;CHRM3;DRD1;ERBB2;GRIN2A;GRM1;MYLK;NFATC2;ORAI1;PDE1C;PRKACB;PRKCA;PRKCG;TNNI3;TPCN2;VDAC3,0.9266784566808697,False
KEGG,3,LONGEVITY REGULATING PATHWAY,0.639088590814393,8,681,83,6576,ADCY8;CREB5;PIK3CA;PIK3R2;PRKACB;PRKCA;RELA;RHEB,0.9266784566808697,False
KEGG,3,AMPK SIGNALING PATHWAY,0.6445423274654837,11,681,114,6576,ADRA1A;CD36;CREB5;G6PC3;PFKFB2;PFKL;PIK3CA;PIK3R2;PPP2R1B;RHEB;STRADA,0.9307084230621923,False
KEGG,3,PROXIMAL TUBULE BICARBONATE RECLAMATION,0.6555044524035203,2,681,21,6576,ATP1B1;CA2,0.9426262373405995,False
KEGG,3,CARDIAC MUSCLE CONTRACTION,0.6711705955070115,7,681,75,6576,ATP1B1;CACNG1;COX4I2;COX7B2;SLC9A7;TNNI3;TNNT2,0.9533114459621019,False
KEGG,3,RAP1 SIGNALING PATHWAY,0.6741457395670086,19,681,198,6576,ADCY8;ANGPT1;ANGPT2;CALM3;DOCK4;EFNA5;GRIN2A;KRIT1;MAGI3;MAP2K2;MAP2K6;MAPK14;PGF;PIK3CA;PIK3R2;PRKCA;PRKCG;SKAP1;THBS1,0.9533114459621019,False
KEGG,3,HYPERTROPHIC CARDIOMYOPATHY,0.6743579800171502,9,681,96,6576,CACNG1;DTNA;ITGA5;MYBPC3;SGCG;TGFB2;TGFB3;TNNI3;TNNT2,0.9533114459621019,False
KEGG,3,RETINOL METABOLISM,0.6791061682075652,3,681,33,6576,RDH11;RDH12;RDH5,0.9533114459621019,False
KEGG,3,ALPHA-LINOLENIC ACID METABOLISM,0.6808353843050032,2,681,22,6576,FADS2;PLA2G2D,0.9533114459621019,False
KEGG,3,PHOTOTRANSDUCTION,0.6808353843050032,2,681,22,6576,CALM3;GUCA1B,0.9533114459621019,False
KEGG,3,ENDOCRINE AND OTHER FACTOR-REGULATED CALCIUM REABSORPTION,0.6821107759901247,4,681,44,6576,ATP1B1;PRKACB;PRKCA;PRKCG,0.9533114459621019,False
KEGG,3,GLYCEROLIPID METABOLISM,0.6868828589612113,5,681,55,6576,AGPAT3;CEL;DGKI;GPAT3;MBOAT1,0.9551826333950865,False
KEGG,3,AUTOPHAGY - ANIMAL,0.6912240845785886,14,681,149,6576,ATG14;ATG3;DAPK1;GABARAPL2;MAP2K2;MAPK9;PIK3CA;PIK3R2;PRKACB;PRKCA;PRKCQ;RHEB;VPS11;WIPI2,0.9551826333950865,False
KEGG,3,SMALL CELL LUNG CANCER,0.6916839759067868,8,681,87,6576,BIRC7;E2F3;LMNB2;PIK3CA;PIK3R2;PTK2;RELA;TRAF3,0.9551826333950865,False
KEGG,3,PROTEIN PROCESSING IN ENDOPLASMIC RETICULUM,0.6983356593418136,15,681,160,6576,CALR;CKAP4;CUL1;DDOST;DERL1;EDEM3;HSPA1L;KRTCAP2;MAPK9;MBTPS2;SEC31A;SEC31B;SKP1;UBXN1;UBXN4,0.9570876219922733,False
KEGG,3,NECROPTOSIS,0.7047697223176737,10,681,109,6576,CHMP1A;CHMP2B;IFNGR2;MAPK9;NLRP3;PYGL;RIPK3;STAT3;TNFSF10;VDAC3,0.9570876219922733,False
KEGG,3,MOTOR PROTEINS,0.70513183357781,16,681,171,6576,DNAH1;DNAH14;DNAI2;DYNC1I1;DYNLT5;KIF14;KIF21A;KIF3A;KIF6;MYH14;MYO1F;TNNI3;TNNT2;TUBA4A;TUBB2B;TUBB6,0.9570876219922733,False
KEGG,3,ALZHEIMER DISEASE,0.7107596877800211,31,681,324,6576,APP;ATG14;CALM3;CDK5;CHRM3;COX4I2;COX7B2;CSNK1A1;GRIN2A;HSD17B10;LRP6;MAP2K2;MAPK9;NDUFA1;NDUFA7;NDUFC2;NDUFS4;NDUFS7;NDUFS8;NDUFV3;PIK3CA;PIK3R2;PSMC3;PSMC6;RELA;SLC39A8;TUBA4A;TUBB2B;TUBB6;VDAC3;WIPI2,0.9570876219922733,False
KEGG,3,LYSOSOME,0.7110078641801999,11,681,120,6576,ANKRD44;AP4E1;ARSA;ATP6V0C;ATP6V1H;CD164;FUCA2;GNS;HYAL3;NPC1;PLA2G15,0.9570876219922733,False
KEGG,3,ARACHIDONIC ACID METABOLISM,0.715967651090369,4,681,46,6576,CYP2U1;PLA2G2D;PTGR1;PTGR2,0.9570876219922733,False
KEGG,3,CYSTEINE AND METHIONINE METABOLISM,0.715967651090369,4,681,46,6576,GCLM;LDHAL6B;MRI1;TSTD1,0.9570876219922733,False
KEGG,3,MELANOGENESIS,0.7160818723922624,8,681,89,6576,ADCY8;CALM3;MAP2K2;PRKACB;PRKCA;PRKCG;TCF7;TCF7L1,0.9570876219922733,False
KEGG,3,AMINO SUGAR AND NUCLEOTIDE SUGAR METABOLISM,0.717815716494205,3,681,35,6576,GNPDA1;GNPNAT1;HKDC1,0.9570876219922733,False
KEGG,3,CHEMICAL CARCINOGENESIS - DNA ADDUCTS,0.7269155798500598,2,681,24,6576,GSTM4;SLC38A1,0.9574859602402509,False
KEGG,3,MAPK SIGNALING PATHWAY,0.7269479445463081,27,681,286,6576,ANGPT1;ANGPT2;CACNA1B;CACNA1G;CACNG1;DUSP9;EFNA5;ERBB2;FLT3;HSPA1L;HSPB1;KCNH8;MAP2K2;MAP2K6;MAPK14;MAPK9;PGF;PRKACB;PRKCA;PRKCG;PTPN5;RELA;RPS6KA2;RPS6KA5;SOS2;TGFB2;TGFB3,0.9574859602402509,False
KEGG,3,UBIQUINONE AND OTHER TERPENOID-QUINONE BIOSYNTHESIS,0.7309952790058077,1,681,12,6576,HPD,0.9574859602402509,False
KEGG,3,MINERAL ABSORPTION,0.7318714523675481,4,681,47,6576,ATP1B1;HMOX2;SLC26A6;SLC26A9,0.9574859602402509,False
KEGG,3,VIRAL MYOCARDITIS,0.7318714523675481,4,681,47,6576,CAV1;DTNA;HLA-DRA;SGCG,0.9574859602402509,False
KEGG,3,THYROID CANCER,0.735766976693536,3,681,36,6576,MAP2K2;TCF7;TCF7L1,0.9589771831061816,False
KEGG,3,GLYCOSAMINOGLYCAN BIOSYNTHESIS - KERATAN SULFATE,0.7589039040815306,1,681,13,6576,FUT8,0.969855319857984,False
KEGG,3,VIRION - LASSA VIRUS AND SFTS VIRUS,0.7589039040815306,1,681,13,6576,MYH14,0.969855319857984,False
KEGG,3,GLUCAGON SIGNALING PATHWAY,0.7609336628679783,8,681,93,6576,CALM3;CREB5;G6PC3;LDHAL6B;PFKL;PRKACB;PRKCA;PYGL,0.969855319857984,False
KEGG,3,GASTRIC CANCER,0.7636222080015722,12,681,136,6576,CSNK1A1;E2F3;ERBB2;LRP6;MAP2K2;PIK3CA;PIK3R2;SOS2;TCF7;TCF7L1;TGFB2;TGFB3,0.969855319857984,False
KEGG,3,PI3K-AKT SIGNALING PATHWAY,0.7684558609389185,29,681,313,6576,ANGPT1;ANGPT2;CD19;CREB5;CSF3;CSF3R;EFNA5;EPX;ERBB2;FLT3;G6PC3;GNG2;IL2RA;ITGA5;LMNB2;MAP2K2;PGF;PIK3CA;PIK3R2;PPP2R1B;PRKCA;PTK2;RELA;RELN;RHEB;SOS2;SYK;THBS1;YWHAH,0.969855319857984,False
KEGG,3,HEPATITIS C,0.7690910222587382,11,681,126,6576,CLDN8;E2F3;MAP2K2;PIK3CA;PIK3R2;PPP2R1B;RELA;SOS2;STAT3;TRAF3;YWHAH,0.969855319857984,False
KEGG,3,PROTEIN DIGESTION AND ABSORPTION,0.7701891942482938,7,681,83,6576,ACE2;ATP1B1;COL12A1;COL13A1;COL14A1;COL3A1;CPA2,0.969855319857984,False
KEGG,3,INFLUENZA A,0.775366911620715,10,681,116,6576,HLA-DRA;IFNGR2;MAP2K2;NLRP3;PIK3CA;PIK3R2;PRKCA;RELA;TNFSF10;TRAF3,0.969855319857984,False
KEGG,3,N-GLYCAN BIOSYNTHESIS,0.7755537761805446,4,681,50,6576,ALG2;DDOST;FUT8;KRTCAP2,0.969855319857984,False
KEGG,3,ARRHYTHMOGENIC RIGHT VENTRICULAR CARDIOMYOPATHY,0.7808702691314812,7,681,84,6576,ACTN2;CACNG1;DTNA;ITGA5;SGCG;TCF7;TCF7L1,0.969855319857984,False
KEGG,3,PATHOGENIC ESCHERICHIA COLI INFECTION,0.7823107741239845,15,681,170,6576,ARF6;ARHGEF7;ARPC2;CLDN8;MAPK14;MAPK9;MYH14;MYO1F;NLRP3;RELA;ROCK2;TNFSF10;TUBA4A;TUBB2B;TUBB6,0.969855319857984,False
KEGG,3,GLYCOSPHINGOLIPID BIOSYNTHESIS - GLOBO AND ISOGLOBO SERIES,0.7839208843223469,1,681,14,6576,FUT1,0.969855319857984,False
KEGG,3,GRAFT-VERSUS-HOST DISEASE,0.7839208843223469,1,681,14,6576,HLA-DRA,0.969855319857984,False
KEGG,3,RIG-I-LIKE RECEPTOR SIGNALING PATHWAY,0.7888054167182731,4,681,51,6576,MAPK14;MAPK9;RELA;TRAF3,0.969855319857984,False
KEGG,3,AXON GUIDANCE,0.7897318260995783,15,681,171,6576,ARHGEF7;CDK5;EFNA5;EFNB2;EFNB3;EPHA3;EPHB2;EPHB4;NFATC2;PIK3CA;PIK3R2;PRKCA;PTK2;ROCK2;SEMA3A,0.969855319857984,False
KEGG,3,OTHER TYPES OF O-GLYCAN BIOSYNTHESIS,0.7986477774063863,3,681,40,6576,GALNT17;MFNG;RFNG,0.969855319857984,False
KEGG,3,NUCLEOCYTOPLASMIC TRANSPORT,0.8011184739791937,7,681,86,6576,CASC3;EEF1A2;NUP107;NUP62;NUP93;RANGAP1;UBE2I,0.969855319857984,False
KEGG,3,MUCIN TYPE O-GLYCAN BIOSYNTHESIS,0.8022755365491517,2,681,28,6576,GALNT17;GCNT1,0.969855319857984,False
KEGG,3,PENTOSE AND GLUCURONATE INTERCONVERSIONS,0.8063454313775864,1,681,15,6576,CRPPA,0.969855319857984,False
KEGG,3,CYTOSKELETON IN MUSCLE CELLS,0.8085318940204778,19,681,216,6576,ACTN2;ATP1B1;COL3A1;CSRP1;CSRP3;DCN;DTNA;FHL2;ITGA5;LMNB2;MYBPC3;MYH14;MYOZ1;PDLIM7;SGCG;SPTBN4;THBS1;TNNI3;TNNT2,0.969855319857984,False
KEGG,3,CYTOSOLIC DNA-SENSING PATHWAY,0.8134263817447295,4,681,53,6576,NLRP3;RELA;RIPK3;ZDHHC1,0.969855319857984,False
KEGG,3,ALCOHOLIC LIVER DISEASE,0.8177681233593548,9,681,110,6576,IL17F;LBP;MAP2K6;MAPK14;MAPK9;RELA;TCF7;TCF7L1;TRAF3,0.969855319857984,False
KEGG,3,SPLICEOSOME,0.8178821770800069,10,681,121,6576,CASC3;CHERP;DHX15;HSPA1L;PRPF18;RBMX2;SF3B1;SF3B3;SRSF4;SRSF9,0.969855319857984,False
KEGG,3,APOPTOSIS - MULTIPLE SPECIES,0.8179769591119568,2,681,29,6576,BIRC7;MAPK9,0.969855319857984,False
KEGG,3,INTESTINAL IMMUNE NETWORK FOR IGA PRODUCTION,0.8179769591119568,2,681,29,6576,HLA-DRA;PIGR,0.969855319857984,False
KEGG,3,INTEGRIN SIGNALING,0.8195470454929341,12,681,143,6576,ACTN4;ERBB2;FERMT2;FGB;ITGA5;LMNB2;PGF;PIK3CA;PIK3R2;PTK2;RELN;THBS1,0.969855319857984,False
KEGG,3,PATHWAYS IN CANCER,0.8215557370993108,43,681,467,6576,ADCY8;BIRC7;CALM3;CSF3R;CUL1;DAPK1;E2F3;EPX;ERBB2;FLT3;GLI3;GNG2;GSTM4;IFNGR2;IL2RA;JAG1;KCNH8;LMNB2;LRP6;MAP2K2;MAPK9;PGF;PIK3CA;PIK3R2;PRKACB;PRKCA;PRKCG;PTGER4;PTK2;RAD51;RELA;ROCK2;RPS6KA5;SKP1;SOS2;STAT3;SUFU;TCF7;TCF7L1;TGFB2;TGFB3;TRAF3;TXNRD2,0.969855319857984,False
KEGG,3,LEGIONELLOSIS,0.8250860344141274,3,681,42,6576,EEF1A2;HSPA1L;RELA,0.969855319857984,False
KEGG,3,PRIMARY BILE ACID BIOSYNTHESIS,0.826445836991344,1,681,16,6576,CYP8B1,0.969855319857984,False
KEGG,3,TRANSCRIPTIONAL MISREGULATION IN CANCER,0.8277213505684519,13,681,155,6576,BCL6;CDK14;CEBPE;ELANE;FLT3;FUT8;HOXA10;IL1R2;MEN1;MLF1;NCOR1;PTK2;RELA,0.969855319857984,False
KEGG,3,METABOLISM OF XENOBIOTICS BY CYTOCHROME P450,0.8325525688806492,2,681,30,6576,ALDH3B1;GSTM4,0.9722425972163286,False
KEGG,3,BREAST CANCER,0.840058147590969,11,681,135,6576,CSNK1A1;E2F3;ERBB2;JAG1;LRP6;MAP2K2;PIK3CA;PIK3R2;SOS2;TCF7;TCF7L1,0.9757467089623835,False
KEGG,3,ALLOGRAFT REJECTION,0.8444626639744073,1,681,17,6576,HLA-DRA,0.9757467089623835,False
KEGG,3,RNA DEGRADATION,0.8468244814768063,5,681,68,6576,BTG1;EXOSC5;HSPA9;PFKL;PNPT1,0.9757467089623835,False
KEGG,3,APELIN SIGNALING PATHWAY,0.8472968817915718,10,681,125,6576,ADCY10;ADCY8;CALM3;GNG2;JAG1;MAP2K2;MYLK;PRKACB;PRKCA;UCP1,0.9757467089623835,False
KEGG,3,PEROXISOME,0.8495725655620753,6,681,80,6576,EHHADH;IDH2;MPV17L;PEX14;PEX6;SLC27A2,0.9757467089623835,False
KEGG,3,NOD-LIKE RECEPTOR SIGNALING PATHWAY,0.8540387662340578,10,681,126,6576,ATL1;GABARAPL2;MAPK14;MAPK9;NLRP3;PANX1;RELA;RIPK3;TRAF3;VDAC3,0.9764273670260873,False
KEGG,3,"PARATHYROID HORMONE SYNTHESIS, SECRETION AND ACTION",0.8575888800873659,8,681,104,6576,ADCY8;CREB5;GCM2;LRP6;PRKACB;PRKCA;PRKCG;WNK3,0.9764273670260873,False
KEGG,3,CIRCADIAN RHYTHM,0.858582684798801,2,681,32,6576,CUL1;SKP1,0.9764273670260873,False
KEGG,3,APOPTOSIS,0.8621432387251472,9,681,116,6576,DFFB;LMNB2;MAP2K2;MAPK9;PIK3CA;PIK3R2;RELA;TNFSF10;TUBA4A,0.9768356062979684,False
KEGG,3,MEASLES,0.8645556515510755,8,681,105,6576,HSPA1L;IL2RA;MAPK9;PIK3CA;PIK3R2;RELA;STAT3;TRAF3,0.9768356062979684,False
KEGG,3,COMPLEMENT AND COAGULATION CASCADES,0.8734798017703653,4,681,59,6576,C8B;F7;FGB;PIKFYVE,0.9793627440763822,False
KEGG,3,LIPOIC ACID METABOLISM,0.875086066175781,1,681,19,6576,DBT,0.9793627440763822,False
KEGG,3,DRUG METABOLISM - OTHER ENZYMES,0.8785007470336937,3,681,47,6576,GSTM4;ITPA;SLC38A1,0.9793627440763822,False
KEGG,3,"ALANINE, ASPARTATE AND GLUTAMATE METABOLISM",0.8808636175169761,2,681,34,6576,ALDH5A1;GPT,0.9793627440763822,False
KEGG,3,NICOTINATE AND NICOTINAMIDE METABOLISM,0.8808636175169761,2,681,34,6576,ENPP3;NADK2,0.9793627440763822,False
KEGG,3,AUTOIMMUNE THYROID DISEASE,0.8880594364570518,1,681,20,6576,HLA-DRA,0.9809473650438052,False
KEGG,3,BASAL CELL CARCINOMA,0.8894060411450528,4,681,61,6576,GLI3;SUFU;TCF7;TCF7L1,0.9809473650438052,False
KEGG,3,"GLYCINE, SERINE AND THREONINE METABOLISM",0.890745308488053,2,681,35,6576,ALAS2;MAOB,0.9809473650438052,False
KEGG,3,GLYCOSAMINOGLYCAN BIOSYNTHESIS - CHONDROITIN SULFATE / DERMATAN SULFATE,0.8996871856597285,1,681,21,6576,CHST3,0.9876692132794496,False
KEGG,3,LINOLEIC ACID METABOLISM,0.9101087000099535,1,681,22,6576,PLA2G2D,0.9906137256075712,False
KEGG,3,STAPHYLOCOCCUS AUREUS INFECTION,0.9102494705253166,3,681,51,6576,HLA-DRA;KRT20;PIKFYVE,0.9906137256075712,False
KEGG,3,MTOR SIGNALING PATHWAY,0.9113482858413701,11,681,148,6576,ATP6V1H;LRP6;MAP2K2;PIK3CA;PIK3R2;PRKCA;PRKCG;RHEB;RPS6KA2;SOS2;STRADA,0.9906137256075712,False
KEGG,3,P53 SIGNALING PATHWAY,0.9160747099326294,4,681,65,6576,CCNB2;CCNG2;EI24;THBS1,0.9906137256075712,False
KEGG,3,GLYCOSPHINGOLIPID BIOSYNTHESIS - LACTO AND NEOLACTO SERIES,0.9194489464690963,1,681,23,6576,FUT1,0.9906137256075712,False
KEGG,3,TYPE I DIABETES MELLITUS,0.9194489464690963,1,681,23,6576,HLA-DRA,0.9906137256075712,False
KEGG,3,MRNA SURVEILLANCE PATHWAY,0.9278893075329796,5,681,80,6576,CASC3;CPSF1;PAPOLG;PPP1CB;PPP2R1B,0.9911927474719281,False
KEGG,3,BASE EXCISION REPAIR,0.9296800684682784,2,681,40,6576,NEIL1;POLD4,0.9911927474719281,False
KEGG,3,VIRION - HEPATITIS VIRUSES,0.9296800684682784,2,681,40,6576,CHMP1A;CLDN8,0.9911927474719281,False
KEGG,3,MELANOMA,0.9321443099329941,4,681,68,6576,E2F3;MAP2K2;PIK3CA;PIK3R2,0.9911927474719281,False
KEGG,3,ATP-DEPENDENT CHROMATIN REMODELING,0.9342276470425069,6,681,94,6576,BRD9;CDK2AP2;CHD4;EP400;INO80;ZNHIT1,0.9911927474719281,False
KEGG,3,ECM-RECEPTOR INTERACTION,0.9409537914054764,5,681,83,6576,CD36;ITGA5;LMNB2;RELN;THBS1,0.9934299922261329,False
KEGG,3,VITAMIN DIGESTION AND ABSORPTION,0.9420456822834019,1,681,26,6576,ABCC1,0.9934299922261329,False
KEGG,3,CITRATE CYCLE (TCA CYCLE),0.9534709996980439,1,681,28,6576,IDH2,1.0,False
KEGG,3,GLYOXYLATE AND DICARBOXYLATE METABOLISM,0.9583100725761184,1,681,29,6576,SOAT2,1.0,False
KEGG,3,VIRAL LIFE CYCLE - HIV-1,0.9660167004362676,2,681,48,6576,MDFIC;SERINC5,1.0,False
KEGG,3,STEROID HORMONE BIOSYNTHESIS,0.9665325308073529,1,681,31,6576,CYP21A2,1.0,False
KEGG,3,MITOPHAGY - ANIMAL,0.9683446449361516,5,681,92,6576,FUNDC1;GABARAPL2;MAPK9;MON1A;RELA,1.0,False
KEGG,3,ENDOCYTOSIS,0.9702428371889585,15,681,217,6576,ARF6;ARPC2;CAV1;CHMP1A;CHMP2B;DNAJC6;GIT2;HSPA1L;IL2RA;IQSEC2;PSD2;RAB11FIP5;SH3GL2;SH3KBP1;WASHC5,1.0,False
KEGG,3,CELL ADHESION MOLECULE (CAM) INTERACTION,0.9735052318023046,7,681,121,6576,CD22;CLDN8;HLA-DRA;JAM2;NECTIN1;PECAM1;SLITRK5,1.0,False
KEGG,3,ETHER LIPID METABOLISM,0.9942423457844195,1,681,47,6576,PLA2G2D,1.0,False
KEGG,3,CORNIFIED ENVELOPE FORMATION,0.9961833038317341,7,681,149,6576,ASPRV1;CLDN8;KRT20;PADI3;PADI6;PPP2R1B;S100A13,1.0,False
KEGG,3,PYRIMIDINE METABOLISM,0.9962945422399688,1,681,51,6576,ENPP3,1.0,False
KEGG,3,ASCORBATE AND ALDARATE METABOLISM,1.0,0,681,14,6576,,1.0,False
KEGG,3,COBALAMIN TRANSPORT AND METABOLISM,1.0,0,681,17,6576,,1.0,False
KEGG,3,D-AMINO ACID METABOLISM,1.0,0,681,5,6576,,1.0,False
KEGG,3,ONE CARBON POOL BY FOLATE,1.0,0,681,30,6576,,1.0,False
KEGG,3,"PHENYLALANINE, TYROSINE AND TRYPTOPHAN BIOSYNTHESIS",1.0,0,681,6,6576,,1.0,False
KEGG,3,PHOSPHONATE AND PHOSPHINATE METABOLISM,1.0,0,681,6,6576,,1.0,False
KEGG,3,TAURINE AND HYPOTAURINE METABOLISM,1.0,0,681,14,6576,,1.0,False
KEGG,3,THIAMINE METABOLISM,1.0,0,681,11,6576,,1.0,False
KEGG,4,PHOSPHOLIPASE D SIGNALING PATHWAY,0.004144729963408129,25,693,137,6576,ADCY1;AGPAT2;AGPAT4;ARF1;CXCR1;DGKA;DGKB;DGKG;DGKH;DNM3;F2R;GRB2;HRAS;MAP2K1;MRAS;MS4A2;PIK3R5;PIK3R6;PLA2G4A;PLA2G4F;PLCG2;PTPN11;RRAS2;SOS1;TSC1,0.7315802437608142,False
KEGG,4,TYPE I DIABETES MELLITUS,0.007578206028599694,7,693,23,6576,CPE;FASN;ICA1;IL12A;IL12B;PTPRN;TNF,0.7315802437608142,False
KEGG,4,MICRORNAS IN CANCER,0.007702931573323526,26,693,151,6576,ATM;BMPR2;CCNG1;DNMT3A;EFNA2;EFNA4;EP300;FSCN1;GRB2;HNRNPK;HRAS;MAP2K1;MMP9;NFKB1;PAK4;PLCG2;PTGS2;RASSF1;SIRT1;SLC7A1;SOS1;SOX4;TNXB;TP63;VEGFA;ZEB2,0.7315802437608142,False
KEGG,4,SMALL CELL LUNG CANCER,0.008408968319089818,17,693,87,6576,BIRC3;CDK2;CDK4;CDKN2B;COL4A1;COL4A2;COL4A3;DDB2;ITGA6;ITGAV;LAMA5;NFKB1;PTGS2;RARB;TRAF1;TRAF5;UXT,0.7315802437608142,False
KEGG,4,AGE-RAGE SIGNALING PATHWAY IN DIABETIC COMPLICATIONS,0.01968210024182592,17,693,95,6576,CDK4;COL4A1;COL4A2;COL4A3;DIAPH1;F3;HRAS;MAPK10;NFKB1;NOX4;PLCD1;PLCE1;PLCG2;TGFBR1;TNF;VCAM1;VEGFA,0.9483693501451937,False
KEGG,4,MUCIN TYPE O-GLYCAN BIOSYNTHESIS,0.02302456121502316,7,693,28,6576,B3GNT6;B4GALT5;GALNT18;GALNT3;GCNT3;ST6GALNAC1;ST6GALNAC3,0.9483693501451937,False
KEGG,4,FC EPSILON RI SIGNALING PATHWAY,0.02345045642352441,12,693,61,6576,GRB2;HRAS;MAP2K1;MAP2K4;MAPK10;MS4A2;PLA2G4A;PLA2G4F;PLCG2;SOS1;SPNS1;TNF,0.9483693501451937,False
KEGG,4,PROSTATE CANCER,0.023788922249669893,17,693,97,6576,ATF4;CDK2;EP300;FGFR1;FGFR2;FOLR2;GRB2;HRAS;IGF1R;KLKB1;LEF1;MAP2K1;MMP3;MMP9;NFKB1;NKX3-1;SOS1,0.9483693501451937,False
KEGG,4,ECM-RECEPTOR INTERACTION,0.025273527260271825,15,693,83,6576,CD47;COL4A1;COL4A2;COL4A3;DAG1;FREM2;GP1BB;ITGA4;ITGA6;ITGAV;ITGB7;LAMA5;SDC1;SV2B;TNXB,0.9483693501451937,False
KEGG,4,RAS SIGNALING PATHWAY,0.028579878694080216,32,693,216,6576,EFNA2;EFNA4;FGF18;FGF8;FGFR1;FGFR2;GNB1;GNG12;GRB2;HRAS;IGF1R;MAP2K1;MAPK10;MRAS;NFKB1;NTF4;PAK4;PKN2;PLA2G4A;PLA2G4F;PLAAT3;PLCE1;PLCG2;PTPN11;RASSF1;REPS1;RGL2;RRAS2;SOS1;SPNS1;TIAM1;VEGFA,0.9483693501451937,False
KEGG,4,RELAXIN SIGNALING PATHWAY,0.03611599999440452,19,693,117,6576,ACTA2;ADCY1;ATF4;COL4A1;COL4A2;COL4A3;GNB1;GNG12;GRB2;HRAS;INSL5;MAP2K1;MAP2K4;MAPK10;MMP9;NFKB1;SOS1;TGFBR1;VEGFA,0.9483693501451937,False
KEGG,4,MAPK SIGNALING PATHWAY,0.03637316011358791,40,693,286,6576,ATF4;CACNG2;CACNG8;DUSP10;DUSP8;EFNA2;EFNA4;ELK4;FASN;FGF18;FGF8;FGFR1;FGFR2;GNG12;GRB2;HRAS;IGF1R;IL1RAP;IRAK1;MAP2K1;MAP2K4;MAPK10;MAPKAPK2;MAPKAPK3;MKNK1;MRAS;NFKB1;NTF4;PKN2;PLA2G4A;PLA2G4F;PPP3CA;PSPN;PTPRR;RELB;RRAS2;SOS1;TGFBR1;TNF;VEGFA,0.9483693501451937,False
KEGG,4,C-TYPE LECTIN RECEPTOR SIGNALING PATHWAY,0.03863082088460634,16,693,95,6576,HRAS;IKBKE;IL12A;IL12B;IL23A;MAPK10;MAPKAPK2;MRAS;NFKB1;PLCG2;PPP3CA;PTGS2;PTPN11;RELB;RRAS2;TNF,0.9483693501451937,False
KEGG,4,PATHWAYS IN CANCER,0.041679457281100236,61,693,467,6576,ADCY1;BDKRB1;BID;BIRC3;CAMK2B;CDK2;CDK4;CDKN2B;COL4A1;COL4A2;COL4A3;DCC;DDB2;DLL4;DVL3;ELOC;EP300;F2R;F2RL3;FASN;FGF18;FGF8;FGFR1;FGFR2;GNB1;GNG12;GRB2;GSTO1;HRAS;IGF1R;IL12A;IL12B;IL23A;IL23R;ITGA6;ITGAV;JUP;KLKB1;LAMA5;LEF1;MAP2K1;MAPK10;MLH1;MMP9;MSH3;NFKB1;NKX3-1;PLCG2;PTCH2;PTGS2;RARB;RASSF1;REPS1;RPS6KB1;SOS1;STAT6;TGFBR1;TRAF1;TRAF5;UXT;VEGFA,0.9483693501451937,False
KEGG,4,HEPATITIS B,0.043221073159111244,21,693,135,6576,ATF4;ATP6AP1;BID;CDK2;DDB1;DDB2;EP300;FASN;GRB2;HRAS;IKBKE;IRAK1;MAP2K1;MAP2K4;MAPK10;MMP9;NFKB1;SOS1;STAT6;TGFBR1;TNF,0.9483693501451937,False
KEGG,4,NF-KAPPA B SIGNALING PATHWAY,0.044059829384613204,15,693,89,6576,ATM;BIRC3;BLNK;CSNK2A2;IRAK1;NFKB1;PLCG2;PTGS2;RELB;SPNS1;TNF;TNFSF13B;TRAF1;TRAF5;VCAM1,0.9483693501451937,False
KEGG,4,LONGEVITY REGULATING PATHWAY,0.05030972415747962,14,693,83,6576,ADCY1;ATF4;ATG101;CAMK4;HRAS;IGF1R;IRS4;NFKB1;PRKAA1;PRKAB1;RB1CC1;RPS6KB1;SIRT1;TSC1,0.9483693501451937,False
KEGG,4,HUMAN IMMUNODEFICIENCY VIRUS 1 INFECTION,0.0526121911698212,25,693,170,6576,AP1G1;AP1M1;ATM;BID;CD3D;CUL4A;DDB1;ELOC;FASN;GNB1;GNG12;HRAS;IRAK1;LIMK2;MAP2K1;MAPK10;NFKB1;PAK4;PKN2;PLCG2;PPP3CA;RPS6KB1;TNF;TRAF5;WEE1,0.9483693501451937,False
KEGG,4,GLYCEROLIPID METABOLISM,0.05889013667863633,10,693,55,6576,AGPAT2;AGPAT4;DGAT2;DGKA;DGKB;DGKG;DGKH;LPIN3;LPL;MOGAT2,0.9483693501451937,False
KEGG,4,VEGF SIGNALING PATHWAY,0.05889013667863633,10,693,55,6576,HRAS;MAP2K1;MAPKAPK2;MAPKAPK3;PLA2G4A;PLA2G4F;PLCG2;PPP3CA;PTGS2;VEGFA,0.9483693501451937,False
KEGG,4,NECROPTOSIS,0.06302788327225543,17,693,109,6576,BID;BIRC3;CAMK2B;CHMP4C;CHMP5;CHMP7;FASN;H2AC21;H2AZ2;MAPK10;PGAM5;PLA2G4A;PLA2G4F;RNF31;STAT6;TNF;TRAF5,0.9483693501451937,False
KEGG,4,TNF SIGNALING PATHWAY,0.06302788327225543,17,693,109,6576,ATF4;BIRC3;CCL20;FASN;MAP2K1;MAP2K4;MAPK10;MMP14;MMP3;MMP9;NFKB1;PGAM5;PTGS2;TNF;TRAF1;TRAF5;VCAM1,0.9483693501451937,False
KEGG,4,CITRATE CYCLE (TCA CYCLE),0.06740434656965483,6,693,28,6576,IDH3A;IDH3G;OGDHL;PDHA1;SDHB;SUCLG2,0.9483693501451937,False
KEGG,4,ALCOHOLIC LIVER DISEASE,0.06759628238892366,17,693,110,6576,ADH6;CPT1C;FASN;IKBKE;IL12A;IL12B;IRAK1;LEF1;LPIN3;MAP2K4;MAPK10;NFKB1;NOX4;PRKAA1;PRKAB1;SIRT1;TNF,0.9483693501451937,False
KEGG,4,EPITHELIAL CELL SIGNALING IN HELICOBACTER PYLORI INFECTION,0.06901813484405636,11,693,64,6576,ATP6AP1;ATP6V0D2;ATP6V1C1;ATP6V1E1;CXCR1;MAP2K4;MAPK10;NFKB1;NOD1;PLCG2;PTPN11,0.9483693501451937,False
KEGG,4,REGULATION OF ACTIN CYTOSKELETON,0.07297732110900812,29,693,209,6576,ARPC5;ARPC5L;BDKRB1;CYFIP2;CYRIA;DIAPH1;F2R;FGF18;FGF8;FGFR1;FGFR2;GNG12;HRAS;ITGA4;ITGA6;ITGAV;ITGB7;LIMK2;MAP2K1;MRAS;MSN;MYL12B;MYLK3;PAK4;PFN2;PKN2;RRAS2;SOS1;TIAM1,0.9483693501451937,False
KEGG,4,PI3K-AKT SIGNALING PATHWAY,0.08106889141649376,41,693,313,6576,ATF4;CDK2;CDK4;COL4A1;COL4A2;COL4A3;EFNA2;EFNA4;F2R;FGF18;FGF8;FGFR1;FGFR2;GNB1;GNG12;GRB2;GYS1;HRAS;IGF1R;ITGA4;ITGA6;ITGAV;ITGB7;LAMA5;MAP2K1;NFKB1;NTF4;PIK3AP1;PIK3R5;PIK3R6;PKN2;PPP2R3A;PPP2R5E;PRKAA1;PSPN;RPS6KB1;SGK1;SOS1;TNXB;TSC1;VEGFA,0.9483693501451937,False
KEGG,4,PROTEOGLYCANS IN CANCER,0.0844205885196281,26,693,187,6576,CAMK2B;CD63;FASN;FGFR1;FRS2;GRB2;HRAS;IGF1R;IL12B;ITGAV;MAP2K1;MMP9;MRAS;MSN;PLCE1;PLCG2;PTPN11;RPS6KB1;RRAS2;SDC1;SDC2;SOS1;TIAM1;TNF;TWIST1;VEGFA,0.9483693501451937,False
KEGG,4,FOXO SIGNALING PATHWAY,0.08773982117869188,18,693,122,6576,ATM;CDK2;CDKN2B;EP300;GRB2;HRAS;IGF1R;IRS4;MAP2K1;MAPK10;PRKAA1;PRKAB1;SETD7;SGK1;SIRT1;SOS1;TGFBR1;UXT,0.9483693501451937,False
KEGG,4,GLYCEROPHOSPHOLIPID METABOLISM,0.08799115895857072,15,693,98,6576,AGPAT2;AGPAT4;DGKA;DGKB;DGKG;DGKH;GPD2;LPIN3;PCYT2;PLA2G4A;PLA2G4F;PLAAT3;PNPLA6;PNPLA7;PTDSS2,0.9483693501451937,False
KEGG,4,VIBRIO CHOLERAE INFECTION,0.09525972798588356,8,693,45,6576,ARF1;ATP6AP1;ATP6V0D2;ATP6V1C1;ATP6V1E1;CFTR;PLCG2;SEC61A1,0.9483693501451937,False
KEGG,4,ALLOGRAFT REJECTION,0.09594540647412397,4,693,17,6576,FASN;IL12A;IL12B;TNF,0.9483693501451937,False
KEGG,4,SELENOCOMPOUND METABOLISM,0.09594540647412397,4,693,17,6576,INMT;KYAT3;MTR;SCLY,0.9483693501451937,False
KEGG,4,GLIOMA,0.09751721473873538,11,693,68,6576,CAMK1;CAMK2B;CAMK4;CDK4;DDB2;GRB2;HRAS;IGF1R;MAP2K1;PLCG2;SOS1,0.9483693501451937,False
KEGG,4,ERBB SIGNALING PATHWAY,0.09917362921696427,12,693,76,6576,BTC;CAMK2B;GRB2;HRAS;MAP2K1;MAP2K4;MAPK10;PAK4;PKN2;PLCG2;RPS6KB1;SOS1,0.9483693501451937,False
KEGG,4,T CELL RECEPTOR SIGNALING PATHWAY,0.10666722904403221,16,693,109,6576,CD3D;CDK4;GRB2;HRAS;MAP2K1;MAPK10;NFKB1;PAK4;PKN2;PPP2R3A;PPP2R5E;PPP3CA;PTPN11;SOS1;SPNS1;TNF,0.9483693501451937,False
KEGG,4,CHOLINE METABOLISM IN CANCER,0.10756796078580286,14,693,93,6576,DGKA;DGKB;DGKG;DGKH;GRB2;HRAS;MAP2K1;MAPK10;PLA2G4A;PLA2G4F;RPS6KB1;SLC44A4;SOS1;TSC1,0.9483693501451937,False
KEGG,4,LONGEVITY REGULATING PATHWAY - MULTIPLE SPECIES,0.10959830836219829,9,693,54,6576,ADCY1;CLPB;HRAS;IGF1R;IRS4;PRKAA1;PRKAB1;RPS6KB1;SIRT1,0.9483693501451937,False
KEGG,4,INSULIN SIGNALING PATHWAY,0.11720775380243606,18,693,127,6576,FASN;FLOT2;GRB2;GYS1;HOOK3;HRAS;IRS4;MAP2K1;MAPK10;MKNK1;PHKG2;PPP1R3D;PRKAA1;PRKAB1;RPS6KB1;SOCS2;SOS1;TSC1,0.9483693501451937,False
KEGG,4,EFFEROCYTOSIS,0.1197518830566398,20,693,144,6576,ABCA1;ATP2A1;CAMK2B;CD47;CH25H;CPT1C;DNMT3A;DUSP8;HAVCR2;ITGAV;MAP2K1;MAPKAPK2;PTGS2;PTPN11;SGK1;SIRT1;STAB2;VPS41;XKR6;XKR9,0.9483693501451937,False
KEGG,4,RENAL CELL CARCINOMA,0.12173441073930982,10,693,63,6576,ELOC;EP300;GRB2;HRAS;MAP2K1;PAK4;PKN2;PTPN11;SOS1;VEGFA,0.9483693501451937,False
KEGG,4,AXON GUIDANCE,0.1304800085508773,23,693,171,6576,BMPR2;CAMK2B;DCC;EFNA2;EFNA4;EPHA6;EPHA7;EPHB3;HRAS;LIMK2;LRIG2;MYL12B;PAK4;PARD6A;PKN2;PLCG2;PLXNB2;PPP3CA;PTPN11;SEMA4C;SEMA4G;TRPC3;UNC5A,0.9483693501451937,False
KEGG,4,STARCH AND SUCROSE METABOLISM,0.13165489822129028,5,693,26,6576,ENPP1;GYS1;HOOK3;MGAM2;PGM2,0.9483693501451937,False
KEGG,4,GNRH SIGNALING PATHWAY,0.13196788214901337,12,693,80,6576,ADCY1;ATF4;CAMK2B;GRB2;HRAS;MAP2K1;MAP2K4;MAPK10;MMP14;PLA2G4A;PLA2G4F;SOS1,0.9483693501451937,False
KEGG,4,NATURAL KILLER CELL MEDIATED CYTOTOXICITY,0.13209150371371972,11,693,72,6576,BID;FASN;GRB2;HRAS;MAP2K1;PLCG2;PPP3CA;PTPN11;SOS1;SPNS1;TNF,0.9483693501451937,False
KEGG,4,LIPOIC ACID METABOLISM,0.13249902129200267,4,693,19,6576,GCSH;LIAS;OGDHL;PDHA1,0.9483693501451937,False
KEGG,4,CELLULAR SENESCENCE,0.1349105492340395,19,693,138,6576,ATM;CDK2;CDK4;CDKN2B;FOXM1;HIPK4;HRAS;LIN9;MAP2K1;MAPKAPK2;MCU;MRAS;NFKB1;PPP3CA;RRAS2;SIRT1;TGFBR1;TSC1;ZFP36L2,0.9483693501451937,False
KEGG,4,COLORECTAL CANCER,0.14100186878721127,12,693,81,6576,DCC;DDB2;GRB2;HRAS;LEF1;MAP2K1;MAPK10;MLH1;MSH3;RPS6KB1;SOS1;TGFBR1,0.9483693501451937,False
KEGG,4,AFRICAN TRYPANOSOMIASIS,0.14841864950679026,5,693,27,6576,FASN;IL12A;IL12B;TNF;VCAM1,0.9483693501451937,False
KEGG,4,GLYCOSAMINOGLYCAN BIOSYNTHESIS - KERATAN SULFATE,0.15018707097297357,3,693,13,6576,B3GNT7;B4GALT3;B4GALT4,0.9483693501451937,False
KEGG,4,HUMAN PAPILLOMAVIRUS INFECTION,0.1509373692213626,36,693,287,6576,ATM;ATP6AP1;ATP6V0D2;ATP6V1C1;ATP6V1E1;CDK2;CDK4;COL4A1;COL4A2;COL4A3;DVL3;EP300;FASN;GRB2;HRAS;IKBKE;ITGA4;ITGA6;ITGAV;ITGB7;LAMA5;LLGL1;MAML3;MAP2K1;NFKB1;PARD6A;PPP2R3A;PPP2R5E;PTGS2;RPS6KB1;SOS1;TBPL1;TNF;TNXB;TSC1;VEGFA,0.9483693501451937,False
KEGG,4,LEISHMANIASIS,0.15206317308446737,9,693,58,6576,IL12A;IL12B;IRAK1;ITGA4;NCF1;NCF4;NFKB1;PTGS2;TNF,0.9483693501451937,False
KEGG,4,RIBOSOME BIOGENESIS IN EUKARYOTES,0.1522293798479788,10,693,66,6576,CSNK2A2;EMG1;GTPBP4;HEATR1;NOL6;NOP10;NXT2;POP7;REXO1;UTP15,0.9483693501451937,False
KEGG,4,FOLATE TRANSPORT AND METABOLISM,0.15261447220061578,4,693,20,6576,ABCC2;FOLR2;MTR;SLC22A8,0.9483693501451937,False
KEGG,4,APELIN SIGNALING PATHWAY,0.16306124657347054,17,693,125,6576,ACTA2;ADCY1;CAMK4;GNB1;GNG12;HRAS;MAP2K1;MRAS;MYLK3;NRF1;PIK3R5;PIK3R6;PRKAA1;PRKAB1;RPS6KB1;RRAS2;TGFBR1,0.9483693501451937,False
KEGG,4,RHEUMATOID ARTHRITIS,0.16317847417164355,10,693,67,6576,ATP6AP1;ATP6V0D2;ATP6V1C1;ATP6V1E1;CCL20;IL23A;MMP3;TNF;TNFSF13B;VEGFA,0.9483693501451937,False
KEGG,4,LONG-TERM POTENTIATION,0.1637950134374678,9,693,59,6576,ADCY1;ATF4;CAMK2B;CAMK4;EP300;GRIN2D;HRAS;MAP2K1;PPP3CA,0.9483693501451937,False
KEGG,4,PROTEIN EXPORT,0.1660304544931239,5,693,28,6576,GET3;HSPA5;SEC61A1;SRP19;SRP9,0.9483693501451937,False
KEGG,4,MITOPHAGY - ANIMAL,0.16729745459982723,13,693,92,6576,ATF4;CSNK2A2;HRAS;MAPK10;MED12;MRAS;MTX2;MTX3;PGAM5;RRAS2;SMURF2;TBC1D15;TOMM20,0.9483693501451937,False
KEGG,4,ARRHYTHMOGENIC RIGHT VENTRICULAR CARDIOMYOPATHY,0.170015739692964,12,693,84,6576,ATP2A1;CACNG2;CACNG8;DAG1;DSC3;ITGA4;ITGA6;ITGAV;ITGB7;JUP;LEF1;PKP2,0.9483693501451937,False
KEGG,4,EPSTEIN-BARR VIRUS INFECTION,0.1702979035735832,21,693,160,6576,BID;BLNK;CD3D;CDK2;CDK4;DDB2;FASN;IKBKE;IRAK1;MAP2K4;MAPK10;NCOR2;NFKB1;OAS2;PLCG2;PSMD8;RELB;RUNX3;TNF;TRAF5;UXT,0.9483693501451937,False
KEGG,4,GLUCAGON SIGNALING PATHWAY,0.17700349734460624,13,693,93,6576,ATF4;CAMK2B;CPT1C;EP300;GYS1;PDHA1;PHKG2;PPP3CA;PRKAA1;PRKAB1;SIK2;SIRT1;SLC2A2,0.9483693501451937,False
KEGG,4,KAPOSI SARCOMA-ASSOCIATED HERPESVIRUS INFECTION,0.18223021890612986,20,693,153,6576,BID;CDK4;EP300;FASN;GNB1;GNG12;HRAS;IKBKE;LEF1;MAP2K1;MAP2K4;MAPK10;MAPKAPK2;NFKB1;PIK3R5;PIK3R6;PLCG2;PPP3CA;PTGS2;VEGFA,0.9483693501451937,False
KEGG,4,SPINOCEREBELLAR ATAXIA,0.18346519040682116,18,693,136,6576,ATG101;ATG2B;ATP2A1;FGF14;GRIA3;GRIN2D;MAPK10;MCU;MED12;PSMA1;PSMA2;PSMB2;PSMB4;PSMD8;RB1CC1;SPTBN2;TBPL1;TRPC3,0.9483693501451937,False
KEGG,4,BLADDER CANCER,0.18905559556175258,6,693,37,6576,CDK4;HRAS;MAP2K1;MMP9;RASSF1;VEGFA,0.9483693501451937,False
KEGG,4,MALARIA,0.18905559556175258,6,693,37,6576,IL12A;SDC1;SDC2;SOS1;TNF;VCAM1,0.9483693501451937,False
KEGG,4,PHOTOTRANSDUCTION,0.19590340472978174,4,693,22,6576,CNGA1;GNB1;PDE6G;RGS9BP,0.9483693501451937,False
KEGG,4,NEUROTROPHIN SIGNALING PATHWAY,0.19768236190384575,15,693,112,6576,ATF4;CAMK2B;CAMK4;FRS2;GRB2;HRAS;IRAK1;MAP2K1;MAPK10;MAPKAPK2;NFKB1;NTF4;PLCG2;PTPN11;SOS1,0.9483693501451937,False
KEGG,4,OXYTOCIN SIGNALING PATHWAY,0.20035367539872,18,693,138,6576,ADCY1;CACNG2;CACNG8;CAMK1;CAMK2B;CAMK4;HRAS;KCNJ3;MAP2K1;MYLK3;PIK3R5;PIK3R6;PLA2G4A;PLA2G4F;PPP3CA;PRKAA1;PRKAB1;PTGS2,0.9483693501451937,False
KEGG,4,BILE SECRETION,0.20141070910229733,9,693,62,6576,ABCC2;ADCY1;AQP4;CFTR;KCNN2;SCT;SLC22A8;SLC27A5;SLC51B,0.9483693501451937,False
KEGG,4,RIBOFLAVIN METABOLISM,0.20299203152958736,2,693,8,6576,ACP2;ENPP1,0.9483693501451937,False
KEGG,4,SULFUR RELAY SYSTEM,0.20299203152958736,2,693,8,6576,CTU2;MOCS3,0.9483693501451937,False
KEGG,4,ONE CARBON POOL BY FOLATE,0.20350747609262182,5,693,30,6576,ALDH1L1;DMGDH;GCSH;MTHFD2L;MTR,0.9483693501451937,False
KEGG,4,OVARIAN STEROIDOGENESIS,0.20599147092247616,6,693,38,6576,ACOT4;ADCY1;IGF1R;PLA2G4A;PLA2G4F;PTGS2,0.9483693501451937,False
KEGG,4,TH1 AND TH2 CELL DIFFERENTIATION,0.20618433425531255,11,693,79,6576,CD3D;DLL4;IL12A;IL12B;MAML3;MAPK10;NFKB1;PPP3CA;RUNX3;SPNS1;STAT6,0.9483693501451937,False
KEGG,4,MEASLES,0.21279528216989654,14,693,105,6576,BID;CD3D;CDK2;CDK4;CSNK2A2;FASN;IKBKE;IL12A;IL12B;IRAK1;MAPK10;MSN;NFKB1;OAS2,0.9483693501451937,False
KEGG,4,PROLACTIN SIGNALING PATHWAY,0.21469009216279528,9,693,63,6576,CISH;GRB2;HRAS;MAP2K1;MAPK10;NFKB1;SLC2A2;SOCS2;SOS1,0.9483693501451937,False
KEGG,4,HERPES SIMPLEX VIRUS 1 INFECTION,0.21488585519948458,17,693,131,6576,BID;BIRC3;EIF2B1;EIF2B3;FASN;IKBKE;IL12A;IL12B;IRAK1;NFKB1;OAS2;PTPN11;SRPK1;SRSF3;TNF;TRAF5;TSC1,0.9483693501451937,False
KEGG,4,AMPK SIGNALING PATHWAY,0.2171636763717308,15,693,114,6576,CFTR;CPT1C;ELAVL1;FASN;GYS1;IGF1R;IRS4;PPP2R3A;PPP2R5E;PRKAA1;PRKAB1;RAB8A;RPS6KB1;SIRT1;TSC1,0.9483693501451937,False
KEGG,4,MRNA SURVEILLANCE PATHWAY,0.2180159425621135,11,693,80,6576,ACIN1;CSTF2T;NUDT21;NXT2;PABPC4;PABPC4L;PELO;PPP2R3A;PPP2R5E;SMG5;WDR33,0.9483693501451937,False
KEGG,4,"GROWTH HORMONE SYNTHESIS, SECRETION AND ACTION",0.23374637652805677,14,693,107,6576,ADCY1;ATF4;EP300;GHRHR;GRB2;HRAS;IRS4;MAP2K1;MAP2K4;MAPK10;PLCG2;SOCS2;SOS1;SSTR2,0.9557141570075429,False
KEGG,4,PRIMARY BILE ACID BIOSYNTHESIS,0.23392184911354894,3,693,16,6576,CH25H;HSD3B7;SLC27A5,0.9557141570075429,False
KEGG,4,HIF-1 SIGNALING PATHWAY,0.240556112401157,13,693,99,6576,CAMK2B;ELOC;EP300;HOOK3;IGF1R;MAP2K1;MKNK1;NFKB1;PDHA1;PLCG2;RPS6KB1;TF;VEGFA,0.9557141570075429,False
KEGG,4,CHEMOKINE SIGNALING PATHWAY,0.24757430482853585,19,693,152,6576,ADCY1;CCL20;CCL28;CCR7;CXCR1;CXCR3;GNB1;GNG12;GRB2;GRK4;HRAS;MAP2K1;NCF1;NFKB1;PIK3R5;PIK3R6;PLCG2;SOS1;TIAM1,0.9557141570075429,False
KEGG,4,VIRAL CARCINOGENESIS,0.24757430482853585,19,693,152,6576,ATF4;ATP6V0D2;CDK2;CDK4;CDKN2B;DDB1;EP300;GRB2;GTF2A2;GTF2H4;HNRNPK;HRAS;MAPKAPK2;NFKB1;TBPL1;TRAF1;TRAF5;UXT;VAC14,0.9557141570075429,False
KEGG,4,TGF-BETA SIGNALING PATHWAY,0.2519365468934139,13,693,100,6576,BMPR2;CDKN2B;EP300;FST;GDF6;HJV;ID1;RPS6KB1;SMURF2;TF;TGFBR1;TMEM53;TNF,0.9557141570075429,False
KEGG,4,B CELL RECEPTOR SIGNALING PATHWAY,0.25643786529689483,9,693,66,6576,BLNK;GRB2;HRAS;MAP2K1;NFKB1;PIK3AP1;PLCG2;PPP3CA;SOS1,0.9557141570075429,False
KEGG,4,LIPID AND ATHEROSCLEROSIS,0.25951704297750494,21,693,171,6576,ABCA1;ATF4;BID;CAMK2B;FASN;HRAS;HSPA5;IKBKE;IL12A;IL12B;IRAK1;MAP2K4;MAPK10;MMP3;MMP9;NCF1;NCF4;NFKB1;PPP3CA;TNF;VCAM1,0.9557141570075429,False
KEGG,4,GASTRIC CANCER,0.2630356303025291,17,693,136,6576,CDK2;CDKN2B;DDB2;DVL3;FGF18;FGF8;FGFR2;GRB2;HRAS;JUP;LEF1;MAP2K1;MLH1;RARB;RPS6KB1;SOS1;TGFBR1,0.9557141570075429,False
KEGG,4,CYTOSKELETON IN MUSCLE CELLS,0.2630778594837985,26,693,216,6576,AMPD2;COL11A2;COL27A1;COL4A1;COL4A2;COL4A3;DAAM2;DAG1;DIAPH1;DSC3;ITGA4;ITGA6;ITGAV;ITGB7;JUP;LBR;NID1;NOL6;PKP2;SDC1;SDC2;SPTBN2;SYNE2;SYNE3;TMOD4;TNNI2,0.9557141570075429,False
KEGG,4,COBALAMIN TRANSPORT AND METABOLISM,0.26348822967914004,3,693,17,6576,MMAA;MTR;THAP11,0.9557141570075429,False
KEGG,4,CALCIUM SIGNALING PATHWAY,0.2636397694363634,28,693,234,6576,ADCY1;ADORA2A;ATP2A1;BDKRB1;CAMK1;CAMK2B;CAMK4;F2R;FGF18;FGF8;FGFR1;FGFR2;GRIN2D;MCU;MST1R;MYLK3;ORAI3;P2RX1;P2RX4;PHKG2;PLCD1;PLCE1;PLCG2;PPP3CA;PTAFR;SOS1;TRDN;VEGFA,0.9557141570075429,False
KEGG,4,DNA REPLICATION,0.2641814601676636,5,693,33,6576,DNA2;LRIG1;RNASEH1;RNASEH2B;RNASEH2C,0.9557141570075429,False
KEGG,4,FLUID SHEAR STRESS AND ATHEROSCLEROSIS,0.26922314793460755,15,693,119,6576,BMPR2;GSTO1;ITGAV;MAP2K4;MAPK10;MMP9;NCF1;NFKB1;PRKAA1;SDC1;SDC2;SUMO1;TNF;VCAM1;VEGFA,0.9557141570075429,False
KEGG,4,INFLAMMATORY BOWEL DISEASE,0.2710528006626452,7,693,50,6576,IL12A;IL12B;IL23A;IL23R;NFKB1;STAT6;TNF,0.9557141570075429,False
KEGG,4,TRANSCRIPTIONAL MISREGULATION IN CANCER,0.2757638643101007,19,693,155,6576,AFF1;ATM;BIRC3;DDB2;ELK4;GRIA3;HPGD;IGF1R;ITGB7;JUP;MMP3;MMP9;NFKB1;NR4A3;NUPR1;TCF3;TLX3;TRAF1;TSPAN7,0.9557141570075429,False
KEGG,4,IL-17 SIGNALING PATHWAY,0.27650499329534206,10,693,76,6576,CCL20;ELAVL1;IKBKE;MAPK10;MMP3;MMP9;NFKB1;PTGS2;TNF;TRAF5,0.9557141570075429,False
KEGG,4,OSTEOCLAST DIFFERENTIATION,0.27795114878475524,14,693,111,6576,ATP2A1;BLNK;CAMK4;GRB2;MAP2K1;MAPK10;NCF1;NCF4;NFKB1;PLCG2;PPP3CA;RELB;TGFBR1;TNF,0.9557141570075429,False
KEGG,4,COMPLEMENT AND COAGULATION CASCADES,0.279366150176097,8,693,59,6576,BDKRB1;F2R;F2RL3;F3;F8;KLKB1;SERPIND1;SERPINE2,0.9557141570075429,False
KEGG,4,PERTUSSIS,0.279366150176097,8,693,59,6576,IL12A;IL12B;IL23A;IRAK1;MAPK10;NFKB1;NOD1;TNF,0.9557141570075429,False
KEGG,4,PHOSPHATIDYLINOSITOL SIGNALING SYSTEM,0.2844015376079392,12,693,94,6576,DGKA;DGKB;DGKG;DGKH;INPP4B;IP6K1;MTMR1;MTMR7;PLCD1;PLCE1;PLCG2;PPIP5K1,0.9557141570075429,False
KEGG,4,TOXOPLASMOSIS,0.2844015376079392,12,693,94,6576,BIRC3;IL10RB;IL12A;IL12B;IRAK1;ITGA6;LAMA5;MAPK10;NFKB1;PIK3R5;PIK3R6;TNF,0.9557141570075429,False
KEGG,4,NICOTINATE AND NICOTINAMIDE METABOLISM,0.2852715859808019,5,693,34,6576,ENPP1;NMNAT3;SARM1;SIRT1;SIRT2,0.9557141570075429,False
KEGG,4,MELANOMA,0.285615725082714,9,693,68,6576,CDK4;DDB2;FGF18;FGF8;FGFR1;HRAS;IGF1R;MAP2K1;SOS1,0.9557141570075429,False
KEGG,4,GALACTOSE METABOLISM,0.2910200229237927,4,693,26,6576,GLB1;HOOK3;MGAM2;PGM2,0.9558368877365643,False
KEGG,4,CELL ADHESION MOLECULE (CAM) INTERACTION,0.29119402450439935,15,693,121,6576,CADM1;CD99L2;CLDN5;ITGA4;ITGA6;ITGAV;ITGB7;MPZ;NRXN2;PDCD1LG2;PPP1R9B;SDC1;SDC2;TIGIT;VCAM1,0.9558368877365643,False
KEGG,4,MTOR SIGNALING PATHWAY,0.2945425926744569,18,693,148,6576,ATP6V1C1;ATP6V1E1;CASTOR2;DVL3;GRB2;HRAS;IGF1R;LAMTOR1;LPIN3;MAP2K1;MIOS;PRKAA1;RPS6KB1;SGK1;SOS1;TNF;TSC1;UXT,0.9558368877365643,False
KEGG,4,NON-SMALL CELL LUNG CANCER,0.300531403972772,9,693,69,6576,CDK4;DDB2;GRB2;HRAS;MAP2K1;PLCG2;RARB;RASSF1;SOS1,0.9558368877365643,False
KEGG,4,CORNIFIED ENVELOPE FORMATION,0.30469698001395945,18,693,149,6576,ABCA12;CLDN5;COL4A1;COL4A2;COL4A3;CYP4F22;HAL;ITGA6;JUP;KRT12;KRT84;LAMA5;PKP2;PPP2R3A;PPP2R5E;SPTLC3;TGM5;UGCG,0.9558368877365643,False
KEGG,4,HUMAN T-CELL LEUKEMIA VIRUS 1 INFECTION,0.3139734796925009,23,693,195,6576,ADCY1;ATF4;ATM;BUB1B;CD3D;CDK2;CDK4;CDKN2B;ELK4;EP300;HRAS;MAP2K1;MAP2K4;MAPK10;MSX2;NFKB1;PPP3CA;RELB;TBPL1;TCF3;TGFBR1;TNF;VAC14,0.9558368877365643,False
KEGG,4,TYPE II DIABETES MELLITUS,0.31653140614753306,6,693,44,6576,HOOK3;IRS4;MAPK10;SLC2A2;SOCS2;TNF,0.9558368877365643,False
KEGG,4,CYTOSOLIC DNA-SENSING PATHWAY,0.3231327500453635,7,693,53,6576,DDX41;DNASE2;IKBKE;NFKB1;POLR1D;POLR2L;ZCCHC3,0.9558368877365643,False
KEGG,4,NUCLEOTIDE EXCISION REPAIR,0.3231327500453635,7,693,53,6576,CUL4A;DDB1;DDB2;GTF2H4;LRIG1;POLR2I;POLR2L,0.9558368877365643,False
KEGG,4,HISTIDINE METABOLISM,0.3236541105786351,3,693,19,6576,CARNS1;HAL;HNMT,0.9558368877365643,False
KEGG,4,ACUTE MYELOID LEUKEMIA,0.3276908569213973,8,693,62,6576,GRB2;HRAS;JUP;LEF1;MAP2K1;NFKB1;RPS6KB1;SOS1,0.9558368877365643,False
KEGG,4,BASAL TRANSCRIPTION FACTORS,0.3282682781309194,5,693,36,6576,GTF2A2;GTF2H4;TAF13;TAF9B;TBPL1,0.9558368877365643,False
KEGG,4,FOCAL ADHESION,0.33303681410963626,22,693,188,6576,BIRC3;COL4A1;COL4A2;COL4A3;DIAPH1;GRB2;HRAS;IGF1R;ITGA4;ITGA6;ITGAV;ITGB7;LAMA5;MAP2K1;MAPK10;MYL12B;MYLK3;PAK4;PKN2;SOS1;TNXB;VEGFA,0.9558368877365643,False
KEGG,4,TOLL-LIKE RECEPTOR SIGNALING PATHWAY,0.3331198466754672,10,693,80,6576,IKBKE;IL12A;IL12B;IRAK1;MAP2K1;MAP2K4;MAPK10;NFKB1;TLR1;TNF,0.9558368877365643,False
KEGG,4,APOPTOSIS,0.33659501368652833,14,693,116,6576,ATF4;ATM;BID;BIRC3;CTSW;ENDOG;FASN;HRAS;MAP2K1;MAPK10;NFKB1;TNF;TRAF1;TUBA1C,0.9558368877365643,False
KEGG,4,ENDOMETRIAL CANCER,0.34086708225444506,7,693,54,6576,DDB2;GRB2;HRAS;LEF1;MAP2K1;MLH1;SOS1,0.9558368877365643,False
KEGG,4,CHRONIC MYELOID LEUKEMIA,0.34626772990320576,9,693,72,6576,CDK4;DDB2;GRB2;HRAS;MAP2K1;NFKB1;PTPN11;SOS1;TGFBR1,0.9558368877365643,False
KEGG,4,ENDOCYTOSIS,0.3480402493173839,25,693,217,6576,ARAP2;ARF1;ARPC5;ARPC5L;CHMP4C;CHMP5;CHMP7;CXCR1;DAB2;DNM3;EPN3;FGFR2;FOLR2;GRK4;HRAS;IGF1R;IQSEC1;PARD6A;RAB11FIP4;RAB8A;SH3GL3;SMURF2;SNX1;TGFBR1;VPS37C,0.9558368877365643,False
KEGG,4,RIBOSOME,0.3482648232413887,15,693,126,6576,DLGAP3;MRPL13;MRPL18;MRPL46;MRPS10;MRPS15;MRPS2;MRPS27;RPL14;RPL18A;RPL26;RPL34;RPL35A;RPL4;RPL5,0.9558368877365643,False
KEGG,4,CHAGAS DISEASE,0.34842158761122644,11,693,90,6576,ADCY1;CD3D;FASN;IL12A;IL12B;IRAK1;MAP2K4;MAPK10;NFKB1;TGFBR1;TNF,0.9558368877365643,False
KEGG,4,GLUTAMATERGIC SYNAPSE,0.34884940101047335,13,693,108,6576,ADCY1;GNB1;GNG12;GRIA3;GRIN2D;KCNJ3;LLGL1;LZTS3;PLA2G4A;PLA2G4F;PPP3CA;SLC1A7;SLC38A2,0.9558368877365643,False
KEGG,4,ARACHIDONIC ACID METABOLISM,0.3554415712032506,6,693,46,6576,ALOX15B;HPGD;PLA2G4A;PLA2G4F;PLAAT3;PTGS2,0.9558368877365643,False
KEGG,4,COCAINE ADDICTION,0.3554415712032506,6,693,46,6576,ATF4;GPSM1;GRIN2D;LLGL1;NFKB1;RGS9BP,0.9558368877365643,False
KEGG,4,LONG-TERM DEPRESSION,0.35871969772803075,7,693,55,6576,GRIA3;HRAS;IGF1R;MAP2K1;PLA2G4A;PLA2G4F;PRKG2,0.9558368877365643,False
KEGG,4,INTESTINAL IMMUNE NETWORK FOR IGA PRODUCTION,0.36580387908449835,4,693,29,6576,CCL28;ITGA4;ITGB7;TNFSF13B,0.9558368877365643,False
KEGG,4,WNT SIGNALING PATHWAY,0.367521869756845,18,693,155,6576,CACYBP;CAMK2B;CER1;CSNK2A2;CTNND2;DAAM2;DVL3;EP300;GPC4;LEF1;LGR5;MAPK10;MCC;NOTUM;PPP3CA;PRICKLE2;SFRP4;SIRT1,0.9558368877365643,False
KEGG,4,TUBERCULOSIS,0.37036658135788636,16,693,137,6576,ATP6AP1;ATP6V0D2;BID;CAMK2B;EP300;IL10RB;IL12A;IL12B;IL23A;IRAK1;MAPK10;NFKB1;PPP3CA;RFXAP;TLR1;TNF,0.9558368877365643,False
KEGG,4,DRUG METABOLISM - OTHER ENZYMES,0.3750376369555381,6,693,47,6576,GSTO1;GUSB;IMPDH1;NME2;UPP1;UPP2,0.9558368877365643,False
KEGG,4,PROTEIN DIGESTION AND ABSORPTION,0.37691118159165304,10,693,83,6576,COL11A2;COL16A1;COL26A1;COL27A1;COL4A1;COL4A2;COL4A3;COL8A2;KCNK5;SLC38A2,0.9558368877365643,False
KEGG,4,P53 SIGNALING PATHWAY,0.3772975805375155,8,693,65,6576,ATM;BID;CCNG1;CDK2;CDK4;DDB2;FASN;ZNF385A,0.9558368877365643,False
KEGG,4,HUMAN CYTOMEGALOVIRUS INFECTION,0.3828163826769213,21,693,184,6576,ADCY1;ATF4;BID;CDK4;FASN;GNB1;GNG12;GRB2;HRAS;IL10RB;ITGAV;MAP2K1;NFKB1;PPP3CA;PTGS2;RPS6KB1;SOS1;TNF;TRAF5;TSC1;VEGFA,0.9558368877365643,False
KEGG,4,MISMATCH REPAIR,0.38384506874930135,3,693,21,6576,LRIG1;MLH1;MSH3,0.9558368877365643,False
KEGG,4,LYSOSOME,0.38527143690070564,14,693,120,6576,ACP2;AP1G1;AP1M1;AP3M2;ATP6AP1;ATP6V0D2;CD63;CTSW;DNASE2;GGA3;GLB1;GUSB;LAPTM4B;LITAF,0.9558368877365643,False
KEGG,4,INSULIN RESISTANCE,0.38861914812092063,12,693,102,6576,GFPT2;GYS1;MAPK10;NFKB1;PPP1R3D;PRKAA1;PRKAB1;PTPN11;RPS6KB1;SLC27A5;SLC2A2;TNF,0.9558368877365643,False
KEGG,4,PANCREATIC CANCER,0.39293156874794055,9,693,75,6576,CDK4;DDB2;MAP2K1;MAPK10;NFKB1;REPS1;RPS6KB1;TGFBR1;VEGFA,0.9558368877365643,False
KEGG,4,CHOLINERGIC SYNAPSE,0.4019944154498478,12,693,103,6576,ADCY1;ATF4;CAMK2B;CAMK4;CHRNA3;GNB1;GNG12;HRAS;KCNJ3;MAP2K1;PIK3R5;PIK3R6,0.9558368877365643,False
KEGG,4,TIGHT JUNCTION,0.40222698450277433,17,693,149,6576,AMOTL2;ARPC5;ARPC5L;CDK4;CFTR;CGN;CLDN5;LLGL1;MAPK10;MSN;MYL12B;PARD6A;PRKAA1;PRKAB1;RAB8A;TIAM1;TUBA1C,0.9558368877365643,False
KEGG,4,VIRION - LASSA VIRUS AND SFTS VIRUS,0.4049344654697726,2,693,13,6576,DAG1;PCDH20,0.9558368877365643,False
KEGG,4,IGSF CAM SIGNALING,0.4096357093005816,29,693,261,6576,ARPC5;ARPC5L;CADM1;CD96;DCC;EPB41L3;FGFR1;GRB2;IL1RAP;IL1RAPL1;ITGA4;LY9;MAP2K1;MAPK10;MPZ;MSN;MTSS2;MYL12B;MYLK3;PAK4;PARD6A;PKN2;PLCG2;PTPN11;SPTBN2;SSX2IP;TIGIT;TUBA1C;UNC5A,0.9558368877365643,False
KEGG,4,CORONAVIRUS DISEASE - COVID-19,0.4106058573743241,18,693,159,6576,IKBKE;IL12A;IL12B;IRAK1;MAPK10;MMP3;MRPL13;NFKB1;OAS2;PLCG2;RPL14;RPL18A;RPL26;RPL34;RPL35A;RPL4;RPL5;TNF,0.9558368877365643,False
KEGG,4,ALPHA-LINOLENIC ACID METABOLISM,0.4135200683313303,3,693,22,6576,PLA2G4A;PLA2G4F;PLAAT3,0.9558368877365643,False
KEGG,4,LINOLEIC ACID METABOLISM,0.4135200683313303,3,693,22,6576,PLA2G4A;PLA2G4F;PLAAT3,0.9558368877365643,False
KEGG,4,ABC TRANSPORTERS,0.4154242193151285,5,693,40,6576,ABCA1;ABCA12;ABCC2;ABCD1;CFTR,0.9558368877365643,False
KEGG,4,OTHER TYPES OF O-GLYCAN BIOSYNTHESIS,0.4154242193151285,5,693,40,6576,B4GALT3;GALNT18;GALNT3;POFUT1;ST6GAL2,0.9558368877365643,False
KEGG,4,SEROTONERGIC SYNAPSE,0.4182470679050683,11,693,95,6576,ALOX15B;GNB1;GNG12;HRAS;HTR1A;KCNJ3;KCNN2;MAP2K1;PLA2G4A;PLA2G4F;PTGS2,0.9558368877365643,False
KEGG,4,FC GAMMA R-MEDIATED PHAGOCYTOSIS,0.42118503177010197,10,693,86,6576,ARPC5;ARPC5L;LIMK2;MAP2K1;NCF1;PLA2G4A;PLA2G4F;PLCG2;RPS6KB1;SPNS1,0.9558368877365643,False
KEGG,4,AMOEBIASIS,0.424210916344609,9,693,77,6576,ADCY1;COL4A1;COL4A2;COL4A3;IL12A;IL12B;LAMA5;NFKB1;TNF,0.9558368877365643,False
KEGG,4,INOSITOL PHOSPHATE METABOLISM,0.424210916344609,9,693,77,6576,FIG4;INPP4B;IP6K1;MTMR1;MTMR7;PLCD1;PLCE1;PLCG2;PPIP5K1,0.9558368877365643,False
KEGG,4,PATHOGENIC ESCHERICHIA COLI INFECTION,0.4290090560293211,19,693,170,6576,ABCF2;ARF1;ARPC5;ARPC5L;CLDN5;CYFIP2;DNAJC5;F2R;FASN;IRAK1;MAPK10;MYO1E;MYO5A;MYO5B;NFKB1;PKN2;PTPN11;TNF;TUBA1C,0.9558368877365643,False
KEGG,4,RAP1 SIGNALING PATHWAY,0.42958617012159933,22,693,198,6576,ADCY1;ADORA2A;EFNA2;EFNA4;F2R;F2RL3;FGF18;FGF8;FGFR1;FGFR2;HRAS;ID1;IGF1R;MAP2K1;MRAS;PARD6A;PFN2;PLCE1;SOS1;SPNS1;TIAM1;VEGFA,0.9558368877365643,False
KEGG,4,HYPERTROPHIC CARDIOMYOPATHY,0.43228590289068686,11,693,96,6576,ATP2A1;CACNG2;CACNG8;DAG1;ITGA4;ITGA6;ITGAV;ITGB7;PRKAA1;PRKAB1;TNF,0.9558368877365643,False
KEGG,4,N-GLYCAN BIOSYNTHESIS,0.43378502989493894,6,693,50,6576,ALG11;ALG13;B4GALT3;MOGAT2;MOGS;ST6GAL2,0.9558368877365643,False
KEGG,4,GLYCOSPHINGOLIPID BIOSYNTHESIS - LACTO AND NEOLACTO SERIES,0.44272599102036386,3,693,23,6576,B3GALT2;B4GALT3;B4GALT4,0.9558368877365643,False
KEGG,4,MANNOSE TYPE O-GLYCAN BIOSYNTHESIS,0.44272599102036386,3,693,23,6576,B4GALT3;FKRP;POMGNT2,0.9558368877365643,False
KEGG,4,ASCORBATE AND ALDARATE METABOLISM,0.4429220905519304,2,693,14,6576,GUSB;RGN,0.9558368877365643,False
KEGG,4,GRAFT-VERSUS-HOST DISEASE,0.4429220905519304,2,693,14,6576,FASN;TNF,0.9558368877365643,False
KEGG,4,ADIPOCYTOKINE SIGNALING PATHWAY,0.44395430391772417,8,693,69,6576,CPT1C;IRS4;MAPK10;NFKB1;PRKAA1;PRKAB1;PTPN11;TNF,0.9558368877365643,False
KEGG,4,VIRAL PROTEIN INTERACTION WITH CYTOKINE AND CYTOKINE RECEPTOR,0.44838624766626217,7,693,60,6576,CCL20;CCL28;CCR7;CXCR1;CXCR3;IL10RB;TNF,0.9558368877365643,False
KEGG,4,ADHERENS JUNCTION,0.4506876062958235,10,693,88,6576,CSNK2A2;EP300;FGFR1;IGF1R;LEF1;MYL12B;RADIL;SMURF2;SSX2IP;TGFBR1,0.9558368877365643,False
KEGG,4,PLATELET ACTIVATION,0.451163883022155,13,693,116,6576,ADCY1;F2R;F2RL3;GP1BB;MYL12B;MYLK3;P2RX1;PIK3R5;PIK3R6;PLA2G4A;PLA2G4F;PLCG2;PRKG2,0.9558368877365643,False
KEGG,4,RIG-I-LIKE RECEPTOR SIGNALING PATHWAY,0.45319852435785374,6,693,51,6576,IKBKE;IL12A;IL12B;MAPK10;NFKB1;TNF,0.9558368877365643,False
KEGG,4,LEGIONELLOSIS,0.4585009099076696,5,693,42,6576,ARF1;IL12A;IL12B;NFKB1;TNF,0.9570352674122711,False
KEGG,4,GLYCOSAMINOGLYCAN BIOSYNTHESIS - HEPARAN SULFATE / HEPARIN,0.4713453036484829,3,693,24,6576,GLCE;HS3ST3B1;NDST3,0.9570352674122711,False
KEGG,4,HEPATOCELLULAR CARCINOMA,0.47386804196366195,16,693,146,6576,BRD7;CDK4;DDB2;DVL3;GRB2;GSTO1;HRAS;IGF1R;LEF1;MAP2K1;PBRM1;PLCG2;RPS6KB1;SMARCC1;SOS1;TGFBR1,0.9570352674122711,False
KEGG,4,GLYCOSPHINGOLIPID BIOSYNTHESIS - GANGLIO SERIES,0.47952391054117927,2,693,15,6576,GLB1;ST6GALNAC3,0.9570352674122711,False
KEGG,4,PENTOSE AND GLUCURONATE INTERCONVERSIONS,0.47952391054117927,2,693,15,6576,DCXR;GUSB,0.9570352674122711,False
KEGG,4,PROTEASOME,0.4797083633321217,5,693,43,6576,PSMA1;PSMA2;PSMB2;PSMB4;PSMD8,0.9570352674122711,False
KEGG,4,AMPHETAMINE ADDICTION,0.483765488596464,7,693,62,6576,ATF4;CAMK2B;CAMK4;GRIA3;GRIN2D;PPP3CA;SIRT1,0.9570352674122711,False
KEGG,4,CENTRAL CARBON METABOLISM IN CANCER,0.483765488596464,7,693,62,6576,FGFR1;FGFR2;HOOK3;HRAS;MAP2K1;PDHA1;SLC2A2,0.9570352674122711,False
KEGG,4,PD-L1 EXPRESSION AND PD-1 CHECKPOINT PATHWAY IN CANCER,0.48630527708210863,9,693,81,6576,CD3D;CSNK2A2;HRAS;MAP2K1;NFKB1;PPP3CA;PTPN11;RPS6KB1;SPNS1,0.9570352674122711,False
KEGG,4,"PHENYLALANINE, TYROSINE AND TRYPTOPHAN BIOSYNTHESIS",0.48748627488327306,1,693,6,6576,GOT1L1,0.9570352674122711,False
KEGG,4,PHOSPHONATE AND PHOSPHINATE METABOLISM,0.48748627488327306,1,693,6,6576,PCYT2,0.9570352674122711,False
KEGG,4,"ALANINE, ASPARTATE AND GLUTAMATE METABOLISM",0.48835307032254377,4,693,34,6576,ALDH4A1;GFPT2;GOT1L1;RIMKLA,0.9570352674122711,False
KEGG,4,GLYCOLYSIS / GLUCONEOGENESIS,0.4915185564497885,6,693,53,6576,ADH6;ENO4;GAPDHS;HOOK3;PDHA1;PGM2,0.9570352674122711,False
KEGG,4,ALCOHOLISM,0.4954354967521309,12,693,110,6576,ADORA2A;ATF4;CAMK4;GNB1;GNG12;GRB2;GRIN2D;H2AC21;H2AZ2;HRAS;MAP2K1;SOS1,0.9570352674122711,False
KEGG,4,SIGNALING PATHWAYS REGULATING PLURIPOTENCY OF STEM CELLS,0.4961569215224062,14,693,129,6576,BMPR2;DVL3;FGFR1;FGFR2;GRB2;HRAS;ID1;IGF1R;JARID2;LHX5;MAP2K1;MYF5;OTX1;TCF3,0.9570352674122711,False
KEGG,4,COLLECTING DUCT ACID SECRETION,0.4992784389508532,3,693,25,6576,ATP6V0D2;ATP6V1C1;ATP6V1E1,0.9570352674122711,False
KEGG,4,AUTOPHAGY - ANIMAL,0.5081255856828808,16,693,149,6576,ATG101;ATG2B;HRAS;IGF1R;IRS4;MAP2K1;MAPK10;MRAS;PRKAA1;RAB8A;RB1CC1;RPS6KB1;RRAS2;TSC1;VMP1;VPS41,0.9570352674122711,False
KEGG,4,TH17 CELL DIFFERENTIATION,0.5089564186721006,10,693,92,6576,CD3D;IL1RAP;IL23A;IL23R;MAPK10;NFKB1;PPP3CA;SPNS1;STAT6;TGFBR1,0.9570352674122711,False
KEGG,4,AMINO SUGAR AND NUCLEOTIDE SUGAR METABOLISM,0.5117973347351671,4,693,35,6576,FCSK;GFPT2;HOOK3;PGM2,0.9570352674122711,False
KEGG,4,OTHER GLYCAN DEGRADATION,0.5146099193165551,2,693,16,6576,GLB1;MAN2C1,0.9570352674122711,False
KEGG,4,SPLICEOSOME,0.514721787791406,13,693,121,6576,ACIN1;CWC15;DHX8;EFTUD2;HNRNPK;PPIH;PRPF3;PRPF38A;RBM25;SF3B4;SF3B5;SRSF3;TXNL4A,0.9570352674122711,False
KEGG,4,RNA POLYMERASE,0.5264425801717745,3,693,26,6576,POLR1D;POLR2I;POLR2L,0.9570352674122711,False
KEGG,4,CAMP SIGNALING PATHWAY,0.5271094920558574,22,693,208,6576,ADCY1;ADORA2A;ATP2A1;CAMK2B;CAMK4;CFTR;CNGA1;CNGA3;EDN2;EP300;F2R;GRIA3;GRIN2D;HTR1A;MAP2K1;MAPK10;NFKB1;PLCE1;RRAS2;SOX9;SSTR2;TIAM1,0.9570352674122711,False
KEGG,4,NOTCH SIGNALING PATHWAY,0.5289169653767991,6,693,55,6576,DLL4;DTX1;DVL3;EP300;MAML3;NCOR2,0.9570352674122711,False
KEGG,4,THYROID CANCER,0.5347384668106983,4,693,36,6576,DDB2;HRAS;LEF1;MAP2K1,0.9570352674122711,False
KEGG,4,GASTRIC ACID SECRETION,0.5355196788448813,7,693,65,6576,ADCY1;CAMK2B;CFTR;GAST;MYLK3;SLC26A7;SSTR2,0.9570352674122711,False
KEGG,4,ALZHEIMER DISEASE,0.5388993861852547,34,693,324,6576,ATF4;ATG101;ATG2B;ATP2A1;BID;COX6C;CSNK2A2;DVL3;FASN;GRIN2D;HRAS;IRS4;KLC3;LPL;MAP2K1;MAPK10;MCU;NDUFB9;NFKB1;NOX4;PPP3CA;PSMA1;PSMA2;PSMB2;PSMB4;PSMD8;PTGS2;RB1CC1;SDHB;SLC39A6;SLC39A7;SNCA;TNF;TUBA1C,0.9570352674122711,False
KEGG,4,JAK-STAT SIGNALING PATHWAY,0.5396231370880323,13,693,123,6576,CISH;EP300;GRB2;HRAS;IL10RB;IL12A;IL12B;IL23A;IL23R;PTPN11;SOCS2;SOS1;STAT6,0.9570352674122711,False
KEGG,4,MOTOR PROTEINS,0.5398274136052472,18,693,171,6576,ACTA2;ACTR1A;DNAH12;DNAL4;DYNC1I2;HOOK3;KIF22;KIF2A;KLC3;MYL12B;MYO1E;MYO3A;MYO5A;MYO5B;MYO7B;MYO9A;TNNI2;TUBA1C,0.9570352674122711,False
KEGG,4,CYSTEINE AND METHIONINE METABOLISM,0.541433299927723,5,693,46,6576,CDO1;DNMT3A;GOT1L1;KYAT3;MTR,0.9570352674122711,False
KEGG,4,SPHINGOLIPID SIGNALING PATHWAY,0.5474291050709118,12,693,114,6576,BID;HRAS;MAP2K1;MAPK10;MS4A2;NFKB1;PPP2R3A;PPP2R5E;SMPD2;SPTLC3;SPTSSA;TNF,0.9570352674122711,False
KEGG,4,ASTHMA,0.5480928112682102,2,693,17,6576,MS4A2;TNF,0.9570352674122711,False
KEGG,4,GLYCOSAMINOGLYCAN DEGRADATION,0.5480928112682102,2,693,17,6576,GLB1;GUSB,0.9570352674122711,False
KEGG,4,INTEGRIN SIGNALING,0.5487534533730117,15,693,143,6576,COL4A1;COL4A2;COL4A3;FERMT1;FREM2;IGF1R;ITGA4;ITGA6;ITGAV;ITGB7;LAMA5;SOS1;TNXB;VCAM1;VEGFA,0.9570352674122711,False
KEGG,4,HIPPO SIGNALING PATHWAY - MULTIPLE SPECIES,0.5527703699708807,3,693,27,6576,RASSF1;WTIP;WWC1,0.9570352674122711,False
KEGG,4,PENTOSE PHOSPHATE PATHWAY,0.5527703699708807,3,693,27,6576,DERA;PGM2;RGN,0.9570352674122711,False
KEGG,4,OLFACTORY TRANSDUCTION,0.5571285525111044,4,693,37,6576,CAMK2B;CNGA3;GNB1;PRKG2,0.9598056251181402,False
KEGG,4,ETHER LIPID METABOLISM,0.5612423074244122,5,693,47,6576,GDPD3;PAFAH1B2;PLA2G4A;PLA2G4F;PLAAT3,0.9604150779265769,False
KEGG,4,BREAST CANCER,0.5678452019862466,14,693,135,6576,CDK4;DDB2;DLL4;DVL3;FGF18;FGF8;FGFR1;GRB2;HRAS;IGF1R;LEF1;MAP2K1;RPS6KB1;SOS1,0.9604150779265769,False
KEGG,4,INFLUENZA A,0.5727145557020243,12,693,116,6576,BID;CDK4;EP300;FASN;IKBKE;IL12A;IL12B;MAP2K1;NFKB1;NXT2;OAS2;TNF,0.9604150779265769,False
KEGG,4,HEPATITIS C,0.5761459198130217,13,693,126,6576,BID;CDK2;CDK4;CLDN5;FASN;GRB2;HRAS;IKBKE;MAP2K1;NFKB1;OAS2;SOS1;TNF,0.9604150779265769,False
KEGG,4,GLYCOSYLPHOSPHATIDYLINOSITOL (GPI)-ANCHOR BIOSYNTHESIS,0.5782085868081999,3,693,28,6576,GPAA1;PIGA;PIGB,0.9604150779265769,False
KEGG,4,LEUKOCYTE TRANSENDOTHELIAL MIGRATION,0.5821244712158476,11,693,107,6576,CD99L2;CLDN5;ITGA4;MMP9;MSN;MYL12B;NCF1;NCF4;PLCG2;PTPN11;VCAM1,0.9604150779265769,False
KEGG,4,AMYOTROPHIC LATERAL SCLEROSIS,0.5841522228484943,31,693,301,6576,ACTR1A;ATF4;ATG101;ATG2B;BID;COX6C;DNAH12;DNAL4;FIG4;GRIN2D;HSPA5;KLC3;MCU;NDUFB9;NUP37;NXT2;PFN2;PPP3CA;PSMA1;PSMA2;PSMB2;PSMB4;PSMD8;PTGS2;RAB8A;RB1CC1;SDHB;SRSF3;TNF;TUBA1C;UBQLN2,0.9604150779265769,False
KEGG,4,THERMOGENESIS,0.5843268199235396,19,693,185,6576,ADCY1;COX20;COX6C;CPT1C;FGFR1;FRS2;GRB2;HRAS;KDM1A;NDUFB9;PRKAA1;PRKAB1;PRKG2;PTGS2;RPS6KB1;SDHB;SMARCC1;SOS1;TSC1,0.9604150779265769,False
KEGG,4,PATHWAYS OF NEURODEGENERATION - MULTIPLE DISEASES,0.5845178553764356,42,693,407,6576,ACTR1A;ATF4;ATG101;ATG2B;ATP2A1;BID;CAMK2B;COX6C;CSNK2A2;DNAH12;DNAL4;DVL3;FASN;FIG4;GRIA3;GRIN2D;HRAS;HSPA5;KLC3;LLGL1;MAP2K1;MAPK10;MCU;NDUFB9;NFKB1;NOX4;PPP3CA;PSMA1;PSMA2;PSMB2;PSMB4;PSMD8;PTGS2;RAB8A;RB1CC1;SDHB;SNCA;SPTBN2;TNF;TRPC3;TUBA1C;UBA1,0.9604150779265769,False
KEGG,4,RNA DEGRADATION,0.585080449771363,7,693,68,6576,BTG4;EXOSC1;EXOSC10;PABPC4;PABPC4L;PAN3;PNLDC1,0.9604150779265769,False
KEGG,4,SPHINGOLIPID METABOLISM,0.5995164519566885,5,693,49,6576,B4GALT5;GLB1;SMPD2;SPTLC3;UGCG,0.9690495187743362,False
KEGG,4,SALMONELLA INFECTION,0.6020362295633367,22,693,216,6576,ACTR1A;ARF1;ARPC5;ARPC5L;BIRC3;CYFIP2;DYNC1I2;EXOC4;HRAS;IRAK1;KLC3;LEF1;MAP2K1;MAP2K4;MAPK10;MYL12B;NFKB1;NOD1;PFN2;TNF;TUBA1C;VPS41,0.9690495187743362,False
KEGG,4,APOPTOSIS - MULTIPLE SPECIES,0.602716822314781,3,693,29,6576,BID;BIRC3;MAPK10,0.9690495187743362,False
KEGG,4,FRUCTOSE AND MANNOSE METABOLISM,0.602716822314781,3,693,29,6576,FCSK;HOOK3;KHK,0.9690495187743362,False
KEGG,4,DILATED CARDIOMYOPATHY,0.6057750618300528,10,693,99,6576,ADCY1;ATP2A1;CACNG2;CACNG8;DAG1;ITGA4;ITGA6;ITGAV;ITGB7;TNF,0.9690495187743362,False
KEGG,4,YERSINIA INFECTION,0.6095171184588428,12,693,119,6576,ARHGEF28;ARPC5;ARPC5L;IRAK1;ITGA4;MAP2K1;MAP2K4;MAPK10;NFKB1;PKN2;SPNS1;TNF,0.9690495187743362,False
KEGG,4,STEROID BIOSYNTHESIS,0.6100694273858213,2,693,19,6576,LBR;SC5D,0.9690495187743362,False
KEGG,4,CHEMICAL CARCINOGENESIS - RECEPTOR ACTIVATION,0.617322568499771,16,693,159,6576,ADCY1;ATF4;CHRNA3;DLL4;FGF18;FGF8;GRB2;GSTO1;HRAS;IKBKE;MAP2K1;NFKB1;PAQR8;RPS6KB1;SOS1;VEGFA,0.9690495187743362,False
KEGG,4,TYROSINE METABOLISM,0.6262661851866603,3,693,30,6576,ADH6;DCT;GOT1L1,0.9690495187743362,False
KEGG,4,HUNTINGTON DISEASE,0.628141499558559,26,693,258,6576,ACTR1A;ATG101;ATG2B;COX6C;DNAH12;DNAL4;EP300;GRIA3;KLC3;LLGL1;MAPK10;NDUFB9;NRF1;POLR2I;POLR2L;PSMA1;PSMA2;PSMB2;PSMB4;PSMD8;PTGS2;RB1CC1;RCOR1;SDHB;TBPL1;TUBA1C,0.9690495187743362,False
KEGG,4,SULFUR METABOLISM,0.6331799434135982,1,693,9,6576,ETHE1,0.9690495187743362,False
KEGG,4,HEDGEHOG SIGNALING PATHWAY,0.6358367641960525,5,693,51,6576,GPR161;MEGF8;MOSMO;PTCH2;SMURF2,0.9690495187743362,False
KEGG,4,PYRIMIDINE METABOLISM,0.6358367641960525,5,693,51,6576,DTYMK;ENPP1;NME2;UPP1;UPP2,0.9690495187743362,False
KEGG,4,REGULATION OF LIPOLYSIS IN ADIPOCYTES,0.6358367641960525,5,693,51,6576,ADCY1;IRS4;PLAAT3;PRKG2;PTGS2,0.9690495187743362,False
KEGG,4,PRION DISEASE,0.6376331609343264,22,693,220,6576,ATF4;COX6C;CSNK2A2;GRIN2D;HSPA5;KLC3;MAPK10;MCU;NCF1;NCF4;NDUFB9;PPP3CA;PSMA1;PSMA2;PSMB2;PSMB4;PSMD8;PTGS2;SDHB;STIP1;TNF;TUBA1C,0.9690495187743362,False
KEGG,4,TERPENOID BACKBONE BIOSYNTHESIS,0.6385396330759399,2,693,20,6576,GGPS1;IDI1,0.9690495187743362,False
KEGG,4,FAT DIGESTION AND ABSORPTION,0.6404637624083257,4,693,41,6576,ABCA1;AGPAT2;DGAT2;MOGAT2,0.9690495187743362,False
KEGG,4,VARIOUS TYPES OF N-GLYCAN BIOSYNTHESIS,0.6404637624083257,4,693,41,6576,ALG11;ALG13;B4GALT3;MOGAT2,0.9690495187743362,False
KEGG,4,PRIMARY IMMUNODEFICIENCY,0.6488380506079199,3,693,31,6576,BLNK;CD3D;RFXAP,0.9732570759118798,False
KEGG,4,PROPANOATE METABOLISM,0.6488380506079199,3,693,31,6576,ECHDC1;PCCA;SUCLG2,0.9732570759118798,False
KEGG,4,ARGININE BIOSYNTHESIS,0.6653495872155857,2,693,21,6576,GOT1L1;NAGS,0.9802821780351049,False
KEGG,4,GLYCOSAMINOGLYCAN BIOSYNTHESIS - CHONDROITIN SULFATE / DERMATAN SULFATE,0.6653495872155857,2,693,21,6576,CHST11;CHST14,0.9802821780351049,False
KEGG,4,DIABETIC CARDIOMYOPATHY,0.667506938336705,16,693,164,6576,ATP2A1;CAMK2B;COX6C;GFPT2;GYS1;MAPK10;MMP9;NCF1;NCF4;NDUFB9;NFKB1;PDHA1;PDK4;PTGS2;SDHB;TGFBR1,0.9802821780351049,False
KEGG,4,THYROID HORMONE SIGNALING PATHWAY,0.6678690654712272,11,693,114,6576,ATP2A1;EP300;HRAS;ITGAV;MAP2K1;MED12;MED24;MED27;PLCD1;PLCE1;PLCG2,0.9802821780351049,False
KEGG,4,ATP-DEPENDENT CHROMATIN REMODELING,0.6703259908501482,9,693,94,6576,ACTR5;BRD7;H2AC21;H2AZ2;INO80E;MTA3;PBRM1;RSF1;SMARCC1,0.9802821780351049,False
KEGG,4,CIRCADIAN RHYTHM,0.6704228688860775,3,693,32,6576,BHLHE41;PRKAA1;PRKAB1,0.9802821780351049,False
KEGG,4,NOD-LIKE RECEPTOR SIGNALING PATHWAY,0.6889967392155006,12,693,126,6576,BIRC3;IKBKE;MAPK10;MCU;NFKB1;NLRP6;NOD1;OAS2;PKN2;RNF31;TNF;TRAF5,0.997820028428217,False
KEGG,4,MATURITY ONSET DIABETES OF THE YOUNG,0.6905325391040111,2,693,22,6576,NEUROD1;SLC2A2,0.997820028428217,False
KEGG,4,RETINOL METABOLISM,0.6910190426758629,3,693,33,6576,ADH6;RDH8;SDR16C5,0.997820028428217,False
KEGG,4,ARGININE AND PROLINE METABOLISM,0.695814141878806,4,693,44,6576,ALDH4A1;CARNS1;GOT1L1;PYCR1,1.0,False
KEGG,4,NEUROACTIVE LIGAND-RECEPTOR INTERACTION,0.7015940623007113,31,693,317,6576,ADORA2A;BDKRB1;CHRNA10;CHRNA2;CHRNA3;EDN2;F2R;F2RL3;GHRHR;GLRA3;GLRB;GPR83;GRIA3;GRIN2D;GZMA;HTR1A;INSL5;LYPD6B;MC5R;NMS;NPB;NPSR1;NPW;P2RX1;P2RX4;PENK;PGRMC1;PTAFR;PTH2;SCT;SSTR2,1.0,False
KEGG,4,HIPPO SIGNALING PATHWAY,0.7067675527113828,14,693,148,6576,BIRC3;BMPR2;CRB1;DVL3;GDF6;ID1;LEF1;LLGL1;PARD6A;RASSF1;TGFBR1;TP53BP2;WTIP;WWC1,1.0,False
KEGG,4,INFLAMMATORY MEDIATOR REGULATION OF TRP CHANNELS,0.7107241572792691,8,693,87,6576,ADCY1;BDKRB1;CAMK2B;IL1RAP;MAPK10;PLA2G4A;PLA2G4F;PLCG2,1.0,False
KEGG,4,PARKINSON DISEASE,0.7117480690827296,21,693,219,6576,ADORA2A;ATF4;CAMK2B;COX6C;HSPA5;KLC3;MAPK10;MCU;NDUFB9;PSMA1;PSMA2;PSMB2;PSMB4;PSMD8;PTGS2;SDHB;SLC39A6;SLC39A7;SNCA;TUBA1C;UBA1,1.0,False
KEGG,4,GAP JUNCTION,0.7158817638070447,7,693,77,6576,ADCY1;GRB2;HRAS;MAP2K1;PRKG2;SOS1;TUBA1C,1.0,False
KEGG,4,POLYCOMB REPRESSIVE COMPLEX,0.7158817638070447,7,693,77,6576,AURKB;CBX8;EP300;JARID2;KDM2B;PHF1;USP45,1.0,False
KEGG,4,CGMP-PKG SIGNALING PATHWAY,0.7162466144266222,14,693,149,6576,ADCY1;ATF4;ATP2A1;CNGA1;IRAG1;IRS4;KCNJ8;KCNMA1;MAP2K1;MYLK3;PIK3R5;PIK3R6;PPP3CA;PRKG2,1.0,False
KEGG,4,PROTEIN PROCESSING IN ENDOPLASMIC RETICULUM,0.7239739081008614,15,693,160,6576,ATF4;BAG2;DNAJC5;EDEM1;ERLEC1;HSPA5;MAPK10;MOGS;PLAA;RNF5;SEC23A;SEC61A1;SEL1L;SVIP;UBQLN2,1.0,False
KEGG,4,"GLYCINE, SERINE AND THREONINE METABOLISM",0.7292726172077009,3,693,35,6576,DMGDH;GCSH;PSPH,1.0,False
KEGG,4,CHEMICAL CARCINOGENESIS - REACTIVE OXYGEN SPECIES,0.7313387287468041,16,693,171,6576,COX6C;GRB2;GSTO1;HRAS;MAP2K1;MAP2K4;MAPK10;NCF1;NDUFB9;NFKB1;NOX4;PTGS2;PTPN11;SDHB;SOS1;VEGFA,1.0,False
KEGG,4,CIRCADIAN ENTRAINMENT,0.7345273054925552,8,693,89,6576,ADCY1;CAMK2B;GNB1;GNG12;GRIA3;GRIN2D;KCNJ3;PRKG2,1.0,False
KEGG,4,MELANOGENESIS,0.7345273054925552,8,693,89,6576,ADCY1;CAMK2B;DCT;DVL3;EP300;HRAS;LEF1;MAP2K1,1.0,False
KEGG,4,CHEMICAL CARCINOGENESIS - DNA ADDUCTS,0.7362047862839839,2,693,24,6576,GSTO1;PTGS2,1.0,False
KEGG,4,MINERAL ABSORPTION,0.7447947224864656,4,693,47,6576,ATP7B;SLC40A1;TF;TRPV6,1.0,False
KEGG,4,FATTY ACID DEGRADATION,0.7469575399710648,3,693,36,6576,ADH6;CPT1C;ECI1,1.0,False
KEGG,4,CYTOKINE-CYTOKINE RECEPTOR INTERACTION,0.7515795336432433,19,693,204,6576,BMPR2;CCL20;CCL28;CCR7;CXCR1;CXCR3;FASN;GDF6;IL10RB;IL12A;IL12B;IL1RAP;IL23A;IL23R;INHA;TGFBR1;TNF;TNFRSF9;TNFSF13B,1.0,False
KEGG,4,BACTERIAL INVASION OF EPITHELIAL CELLS,0.7612770293840563,6,693,70,6576,ARHGAP10;ARPC5;ARPC5L;DNM3;MAD2L2;SEPTIN11,1.0,False
KEGG,4,PYRUVATE METABOLISM,0.7637071565116496,3,693,37,6576,ADH6;GLO1;PDHA1,1.0,False
KEGG,4,ANTIGEN PROCESSING AND PRESENTATION,0.7795454662767842,3,693,38,6576,HSPA5;RFXAP;TNF,1.0,False
KEGG,4,PHAGOSOME,0.7848555343369239,10,693,115,6576,ATP6AP1;ATP6V0D2;ATP6V1C1;ATP6V1E1;DYNC1I2;ITGAV;NCF1;NCF4;SEC61A1;TUBA1C,1.0,False
KEGG,4,GLYCOSPHINGOLIPID BIOSYNTHESIS - GLOBO AND ISOGLOBO SERIES,0.7900046668083632,1,693,14,6576,A3GALT2,1.0,False
KEGG,4,PHENYLALANINE METABOLISM,0.7900046668083632,1,693,14,6576,GOT1L1,1.0,False
KEGG,4,TAURINE AND HYPOTAURINE METABOLISM,0.7900046668083632,1,693,14,6576,CDO1,1.0,False
KEGG,4,NON-ALCOHOLIC FATTY LIVER DISEASE,0.792463697186087,12,693,137,6576,ATF4;BID;COX6C;FASN;MAPK10;NDUFB9;NFKB1;PRKAA1;PRKAB1;PTGS2;SDHB;TNF,1.0,False
KEGG,4,SHIGELLOSIS,0.7940890843689317,19,693,210,6576,ARF1;ARPC5;ARPC5L;ATM;DIAPH1;HOOK3;MAPK10;MYL12B;NFKB1;NOD1;PFN2;PLCD1;PLCE1;PLCG2;RNF31;RPS6KB1;SEPTIN11;TNF;TRAF5,1.0,False
KEGG,4,CARBOHYDRATE DIGESTION AND ABSORPTION,0.794499294109146,3,693,39,6576,HOOK3;MGAM2;SLC2A2,1.0,False
KEGG,4,PROGESTERONE-MEDIATED OOCYTE MATURATION,0.796240739253897,7,693,84,6576,ADCY1;CDK2;IGF1R;KIF22;MAD2L2;MAP2K1;MAPK10,1.0,False
KEGG,4,VASCULAR SMOOTH MUSCLE CONTRACTION,0.8024006984946987,10,693,117,6576,ACTA2;ADCY1;ADORA2A;EDN2;IRAG1;KCNMA1;MAP2K1;MYLK3;PLA2G4A;PLA2G4F,1.0,False
KEGG,4,VIRION - HEPATITIS VIRUSES,0.8085976954011552,3,693,40,6576,CD63;CHMP7;CLDN5,1.0,False
KEGG,4,DRUG METABOLISM - CYTOCHROME P450,0.810451605762023,2,693,28,6576,ADH6;GSTO1,1.0,False
KEGG,4,OXIDATIVE PHOSPHORYLATION,0.8160766314063672,8,693,97,6576,ATP6AP1;ATP6V0D2;ATP6V1C1;ATP6V1E1;COX6C;NDUFB9;PTGS2;SDHB,1.0,False
KEGG,4,CARDIAC MUSCLE CONTRACTION,0.8165268788347952,6,693,75,6576,ATP2A1;CACNG2;CACNG8;COX6C;PTGS2;TRDN,1.0,False
KEGG,4,INSULIN SECRETION,0.8165268788347952,6,693,75,6576,ADCY1;ATF4;CAMK2B;KCNMA1;KCNN2;SLC2A2,1.0,False
KEGG,4,GLYOXYLATE AND DICARBOXYLATE METABOLISM,0.8258393674988557,2,693,29,6576,GCSH;PCCA,1.0,False
KEGG,4,SYNAPTIC VESICLE CYCLE,0.8262718550656717,6,693,76,6576,ATP6V0D2;ATP6V1C1;ATP6V1E1;DNM3;SLC1A7;SLC6A2,1.0,False
KEGG,4,HEMATOPOIETIC CELL LINEAGE,0.8294229417294648,5,693,65,6576,CD3D;GP1BB;ITGA4;ITGA6;TNF,1.0,False
KEGG,4,FATTY ACID BIOSYNTHESIS,0.8320199933091263,1,693,16,6576,FASN,1.0,False
KEGG,4,THYROID HORMONE SYNTHESIS,0.8392999303384359,5,693,66,6576,ADCY1;ASGR2;ATF4;HSPA5;SLC26A4,1.0,False
KEGG,4,AUTOPHAGY - OTHER,0.8400945948068697,2,693,30,6576,ATG101;ATG2B,1.0,False
KEGG,4,METABOLISM OF XENOBIOTICS BY CYTOCHROME P450,0.8400945948068697,2,693,30,6576,ADH6;GSTO1,1.0,False
KEGG,4,DOPAMINERGIC SYNAPSE,0.8415960226044101,10,693,122,6576,ATF4;CAMK2B;GNB1;GNG12;GRIA3;KCNJ3;MAPK10;PPP2R3A;PPP2R5E;PPP3CA,1.0,False
KEGG,4,PURINE METABOLISM,0.8484536815157376,9,693,112,6576,ADCY1;AMPD2;ENPP1;GMPR;IMPDH1;NME2;PDE6C;PDE6G;PGM2,1.0,False
KEGG,4,FOLATE BIOSYNTHESIS,0.8497654421866836,1,693,17,6576,GCH1,1.0,False
KEGG,4,GLUTATHIONE METABOLISM,0.8570682651759212,3,693,44,6576,CHAC2;GSTO1;LANCL1,1.0,False
KEGG,4,SYSTEMIC LUPUS ERYTHEMATOSUS,0.8570682651759212,3,693,44,6576,H2AC21;H2AZ2;TNF,1.0,False
KEGG,4,PEROXISOME,0.861186556027429,6,693,80,6576,ABCD1;MPV17;MPV17L2;PEX10;PEX11G;PEX3,1.0,False
KEGG,4,"PARATHYROID HORMONE SYNTHESIS, SECRETION AND ACTION",0.870360732285076,8,693,104,6576,ADCY1;ATF4;FGFR1;MAP2K1;MMP14;MMP24;MMP28;SGK1,1.0,False
KEGG,4,GNRH SECRETION,0.8738991036168352,4,693,58,6576,HRAS;KCNJ3;KCNN2;MAP2K1,1.0,False
KEGG,4,CELL CYCLE,0.8743287668179474,12,693,149,6576,ATM;AURKB;BUB1B;CDC7;CDK2;CDK4;CDKN2B;EP300;MAD2L2;PPP2R5E;UXT;WEE1,1.0,False
KEGG,4,PANCREATIC SECRETION,0.8763487079354487,6,693,82,6576,ADCY1;ATP2A1;CFTR;KCNMA1;RAB8A;SCT,1.0,False
KEGG,4,NEUROACTIVE LIGAND SIGNALING,0.8765717628635364,15,693,182,6576,ADCY1;ADORA2A;CHRNA3;GLRA3;GLRB;GNB1;GNG12;GRIA3;GRIN2D;HTR1A;P2RX1;P2RX4;PENK;SLC1A7;SLC6A2,1.0,False
KEGG,4,CHOLESTEROL METABOLISM,0.8770113248870074,3,693,46,6576,ABCA1;LPL;STARD3,1.0,False
KEGG,4,BIOSYNTHESIS OF VARIOUS NUCLEOTIDE SUGARS,0.8798369688744138,1,693,19,6576,CMAS,1.0,False
KEGG,4,ESTROGEN SIGNALING PATHWAY,0.8872433060935373,9,693,118,6576,ADCY1;ATF4;GRB2;HRAS;KCNJ3;KRT12;MAP2K1;MMP9;SOS1,1.0,False
KEGG,4,AUTOIMMUNE THYROID DISEASE,0.8925368286532809,1,693,20,6576,FASN,1.0,False
KEGG,4,PANTOTHENATE AND COA BIOSYNTHESIS,0.8925368286532809,1,693,20,6576,ENPP1,1.0,False
KEGG,4,RENIN-ANGIOTENSIN SYSTEM,0.8925368286532809,1,693,20,6576,ATP6AP2,1.0,False
KEGG,4,VIRAL LIFE CYCLE - HIV-1,0.8944464738296918,3,693,48,6576,EP300;MAP1B;PSIP1,1.0,False
KEGG,4,BASAL CELL CARCINOMA,0.897433982860941,4,693,61,6576,DDB2;DVL3;LEF1;PTCH2,1.0,False
KEGG,4,OOCYTE MEIOSIS,0.900521034458684,8,693,109,6576,ADCY1;CAMK2B;CDK2;IGF1R;MAD2L2;MAP2K1;PPP2R5E;PPP3CA,1.0,False
KEGG,4,NUCLEOCYTOPLASMIC TRANSPORT,0.9025283732248554,6,693,86,6576,ACIN1;NUP37;NXT2;RANBP17;SUMO1;TMEM33,1.0,False
KEGG,4,RENIN SECRETION,0.9043730275315167,4,693,62,6576,EDN2;KCNMA1;PPP3CA;PRKG2,1.0,False
KEGG,4,FERROPTOSIS,0.905485025029566,2,693,36,6576,SLC40A1;TF,1.0,False
KEGG,4,SALIVARY SECRETION,0.9108936271859206,4,693,63,6576,ADCY1;KCNMA1;PRKG2;TRPV6,1.0,False
KEGG,4,HOMOLOGOUS RECOMBINATION,0.9135866175163041,2,693,37,6576,ATM;RAD54B,1.0,False
KEGG,4,BIOSYNTHESIS OF UNSATURATED FATTY ACIDS,0.9140563646118872,1,693,22,6576,ACOT4,1.0,False
KEGG,4,NEUTROPHIL EXTRACELLULAR TRAP FORMATION,0.9191423917372159,7,693,101,6576,H2AC21;H2AZ2;MAP2K1;NCF1;NCF4;NFKB1;PLCG2,1.0,False
KEGG,4,NICOTINE ADDICTION,0.9210333481407218,2,693,38,6576,GRIA3;GRIN2D,1.0,False
KEGG,4,PPAR SIGNALING PATHWAY,0.9227597673216422,4,693,65,6576,CPT1C;LPL;PLIN4;SLC27A5,1.0,False
KEGG,4,ADRENERGIC SIGNALING IN CARDIOMYOCYTES,0.927546356239155,10,693,138,6576,ADCY1;ATF4;ATP2A1;CACNG2;CACNG8;CAMK2B;PIK3R5;PIK3R6;PPP2R3A;PPP2R5E,1.0,False
KEGG,4,TRYPTOPHAN METABOLISM,0.9278730267370232,2,693,39,6576,INMT;KYAT3,1.0,False
KEGG,4,BASE EXCISION REPAIR,0.9341506757547005,2,693,40,6576,LRIG1;PARG,1.0,False
KEGG,4,CUSHING SYNDROME,0.9347787556955216,10,693,140,6576,ADCY1;ATF4;CAMK2B;CDK2;CDK4;CDKN2B;DVL3;KMT2D;LEF1;MAP2K1,1.0,False
KEGG,4,FATTY ACID ELONGATION,0.9385409190058369,1,693,25,6576,ACOT4,1.0,False
KEGG,4,ALDOSTERONE SYNTHESIS AND SECRETION,0.9387980964343051,5,693,81,6576,ADCY1;ATF4;CAMK1;CAMK2B;CAMK4,1.0,False
KEGG,4,VASOPRESSIN-REGULATED WATER REABSORPTION,0.9399085859496482,2,693,41,6576,AQP4;DYNC1I2,1.0,False
KEGG,4,VITAMIN DIGESTION AND ABSORPTION,0.945042391014531,1,693,26,6576,CUBN,1.0,False
KEGG,4,UBIQUITIN MEDIATED PROTEOLYSIS,0.949734130893071,9,693,133,6576,BIRC3;CUL4A;DDB1;DDB2;ELOC;SMURF2;TRIM37;UBA1;UXT,1.0,False
KEGG,4,AMINOACYL-TRNA BIOSYNTHESIS,0.9508569899499402,1,693,27,6576,FARS2,1.0,False
KEGG,4,FANCONI ANEMIA PATHWAY,0.9544474866253467,2,693,44,6576,FANCG;MLH1,1.0,False
KEGG,4,PORPHYRIN METABOLISM,0.9560571893643074,1,693,28,6576,GUSB,1.0,False
KEGG,4,MORPHINE ADDICTION,0.956758521933605,5,693,86,6576,ADCY1;GNB1;GNG12;GRK4;KCNJ3,1.0,False
KEGG,4,BETA-ALANINE METABOLISM,0.9607078258595022,1,693,29,6576,CARNS1,1.0,False
KEGG,4,VIRAL MYOCARDITIS,0.9655871133758744,2,693,47,6576,BID;DAG1,1.0,False
KEGG,4,STEROID HORMONE BIOSYNTHESIS,0.9685863095086517,1,693,31,6576,SRD5A1,1.0,False
KEGG,4,RETROGRADE ENDOCANNABINOID SIGNALING,0.9743829950701198,8,693,132,6576,ADCY1;GNB1;GNG12;GRIA3;KCNJ3;MAPK10;NDUFB9;PTGS2,1.0,False
KEGG,4,STAPHYLOCOCCUS AUREUS INFECTION,0.9764349518680048,2,693,51,6576,KRT12;PTAFR,1.0,False
KEGG,4,ALDOSTERONE-REGULATED SODIUM REABSORPTION,0.9775467412970754,1,693,34,6576,SGK1,1.0,False
KEGG,4,HORMONE SIGNALING,0.9786155378820411,13,693,196,6576,ADCY1;GAST;GHRHR;GNB1;GNG12;IGF1R;IRS4;ITGAV;MC5R;PENK;PRKG2;SLC40A1;SSTR2,1.0,False
KEGG,4,GABAERGIC SYNAPSE,0.9819111061797121,4,693,84,6576,ADCY1;GNB1;GNG12;SLC38A2,1.0,False
KEGG,4,CORTISOL SYNTHESIS AND SECRETION,0.9823176062779542,2,693,54,6576,ADCY1;ATF4,1.0,False
KEGG,4,LYSINE DEGRADATION,0.9867644808081479,2,693,57,6576,KMT2D;SETD7,1.0,False
KEGG,4,TASTE TRANSDUCTION,0.9926333575141205,2,693,63,6576,HTR1A;KCNK5,1.0,False
KEGG,4,ENDOCRINE AND OTHER FACTOR-REGULATED CALCIUM REABSORPTION,0.9926778961216566,1,693,44,6576,DNM3,1.0,False
KEGG,4,"VALINE, LEUCINE AND ISOLEUCINE DEGRADATION",0.9934547206758041,1,693,45,6576,PCCA,1.0,False
KEGG,4,BUTANOATE METABOLISM,1.0,0,693,23,6576,,1.0,False
KEGG,4,D-AMINO ACID METABOLISM,1.0,0,693,5,6576,,1.0,False
KEGG,4,NITROGEN METABOLISM,1.0,0,693,17,6576,,1.0,False
KEGG,4,NON-HOMOLOGOUS END-JOINING,1.0,0,693,13,6576,,1.0,False
KEGG,4,PROXIMAL TUBULE BICARBONATE RECLAMATION,1.0,0,693,21,6576,,1.0,False
KEGG,4,SNARE INTERACTIONS IN VESICULAR TRANSPORT,1.0,0,693,31,6576,,1.0,False
KEGG,4,THIAMINE METABOLISM,1.0,0,693,11,6576,,1.0,False
KEGG,4,UBIQUINONE AND OTHER TERPENOID-QUINONE BIOSYNTHESIS,1.0,0,693,12,6576,,1.0,False
KEGG,4,"VIRION - EBOLAVIRUS, LYSSAVIRUS AND MORBILLIVIRUS",1.0,0,693,8,6576,,1.0,False
KEGG,4,VIRION - HERPESVIRUS,1.0,0,693,6,6576,,1.0,False
KEGG,4,VITAMIN B6 METABOLISM,1.0,0,693,6,6576,,1.0,False
KEGG,5,MORPHINE ADDICTION,0.003605016173845144,18,701,86,6576,ADCY7;ARRB2;GABBR1;GABRB3;GABRD;GABRP;GABRR3;GNB2;GNB5;GNG11;GNG13;GNG4;GRK2;KCNJ5;KCNJ9;PDE10A;PDE4A;PDE7B,1.0,False
KEGG,5,PROTEIN DIGESTION AND ABSORPTION,0.027695672661163986,15,701,83,6576,ATP1A4;COL17A1;COL2A1;COL6A5;CPA1;CPA4;CPB1;KCNE3;PRCP;SLC16A10;SLC1A5;SLC36A3;SLC6A19;SLC7A8;SLC8A3,1.0,False
KEGG,5,BETA-ALANINE METABOLISM,0.029274555431879356,7,701,29,6576,ACOX3;AOC3;DPYS;GAD1;HADHA;MLYCD;UPB1,1.0,False
KEGG,5,UBIQUINONE AND OTHER TERPENOID-QUINONE BIOSYNTHESIS,0.0315244207580772,4,701,12,6576,COQ2;COQ3;COQ6;VKORC1L1,1.0,False
KEGG,5,FATTY ACID ELONGATION,0.04347723282095144,6,701,25,6576,ACAA2;ELOVL2;ELOVL5;HADHA;HSD17B12;THEM4,1.0,False
KEGG,5,RNA POLYMERASE,0.05162261972585889,6,701,26,6576,CRCP;POLR1B;POLR1E;POLR2M;POLR3F;POLR3H,1.0,False
KEGG,5,HUNTINGTON DISEASE,0.053754596626134424,36,701,258,6576,ACTR10;ACTR1B;ATG2A;BDNF;COX6B1;COX8A;CREB3L1;CREBBP;DCTN4;DNAH9;GPX3;MAP2K7;MAP3K5;NDUFA5;NDUFC1;NDUFS1;NDUFS6;PIK3C3;PPARGC1A;PSMA5;PSMA6;PSMA7;PSMA8;SDHC;SLC6A4;SOD1;SOD2;TAF4B;TFAM;TGM2;TUBA3C;TUBB;TUBB4B;UQCR10;VDAC2;WIPI1,1.0,False
KEGG,5,TGF-BETA SIGNALING PATHWAY,0.06281830851074752,16,701,100,6576,ACVR1B;BMP2;BMP5;BMPR1B;CREBBP;E2F5;EMP3;GREM2;HFE;NOG;RBL1;RGMB;ROCK1;SMAD4;SMAD6;ZFYVE9,1.0,False
KEGG,5,ATP-DEPENDENT CHROMATIN REMODELING,0.07139886594955129,15,701,94,6576,H2AC1;ING3;INO80B;MACROH2A2;MORF4L1;MRGBP;RBBP4;RUVBL2;SMARCA1;SMARCA5;SMARCB1;SMARCC2;SMARCD1;SS18L1;UCHL5,1.0,False
KEGG,5,BIOSYNTHESIS OF UNSATURATED FATTY ACIDS,0.07730086022199113,5,701,22,6576,ACOX3;ELOVL2;ELOVL5;HSD17B12;HSD17B4,1.0,False
KEGG,5,GLYCOSAMINOGLYCAN DEGRADATION,0.09915871003595776,4,701,17,6576,HPSE2;HYAL4;IDS;NAGLU,1.0,False
KEGG,5,THIAMINE METABOLISM,0.10396888534264002,3,701,11,6576,AK7;ALPL;NFS1,1.0,False
KEGG,5,GLYCOSAMINOGLYCAN BIOSYNTHESIS - HEPARAN SULFATE / HEPARIN,0.10481105996353625,5,701,24,6576,B4GALT7;EXT1;HS6ST1;NDST4;XYLT1,1.0,False
KEGG,5,SNARE INTERACTIONS IN VESICULAR TRANSPORT,0.10537796287134281,6,701,31,6576,SEC22B;STX19;STX1B;STX3;STX8;YKT6,1.0,False
KEGG,5,GABAERGIC SYNAPSE,0.10710822215821934,13,701,84,6576,ADCY7;GABARAP;GABBR1;GABRB3;GABRD;GABRP;GABRR3;GAD1;GNB2;GNB5;GNG11;GNG13;GNG4,1.0,False
KEGG,5,CHEMOKINE SIGNALING PATHWAY,0.12812835701688105,21,701,152,6576,ADCY7;ARRB2;CCL19;CCL5;CDC42;CLSTN1;CRK;CXCL14;CXCL6;GNB2;GNB5;GNG11;GNG13;GNG4;GRK2;IKBKG;ITK;ROCK1;SHC1;STAT1;XCR1,1.0,False
KEGG,5,RENAL CELL CARCINOMA,0.12865589671977265,10,701,63,6576,ARNT2;CDC42;CLSTN1;CREBBP;CRK;CUL2;EGLN2;EPAS1;HIF1A;MIA3,1.0,False
KEGG,5,TOLL-LIKE RECEPTOR SIGNALING PATHWAY,0.14016453619619004,12,701,80,6576,CCL5;CLSTN1;CXXC1;IKBKG;IRAK4;MAP2K7;RIPK1;STAT1;TAB1;TLR3;TLR5;TLR7,1.0,False
KEGG,5,OXIDATIVE PHOSPHORYLATION,0.14768357057510664,14,701,97,6576,ATP12A;ATP6V0A4;ATP6V0D1;ATP6V1G3;COX10;COX6B1;COX8A;NDUFA5;NDUFC1;NDUFS1;NDUFS6;SDHC;TCIRG1;UQCR10,1.0,False
KEGG,5,CIRCADIAN ENTRAINMENT,0.14883832250207843,13,701,89,6576,ADCY7;ADCYAP1R1;GNB2;GNB5;GNG11;GNG13;GNG4;GUCY1B1;KCNJ5;KCNJ9;MTNR1A;NANOS1;NOS1AP,1.0,False
KEGG,5,PPAR SIGNALING PATHWAY,0.14942082717254207,10,701,65,6576,ACADL;ACOX3;ACSL5;CPT1B;FABP6;PCDHB16;PCDHGA5;PCK1;PLIN5;PPARA,1.0,False
KEGG,5,RENIN-ANGIOTENSIN SYSTEM,0.1572923089555681,4,701,20,6576,AGTR2;CPA4;LNPEP;PRCP,1.0,False
KEGG,5,JAK-STAT SIGNALING PATHWAY,0.15831060054203294,17,701,123,6576,CLCF1;CLSTN1;CREBBP;GHR;IFNGR1;IL13;IL22RA2;IL6R;IL6ST;IL9;LEP;LIF;PIAS1;PIAS2;PTPN6;SOCS5;STAT1,1.0,False
KEGG,5,PHAGOSOME,0.16084314186511256,16,701,115,6576,ATP6V0A4;ATP6V0D1;ATP6V1G3;COMP;ITGB5;LAMP1;MRC1;NANOS1;NCF2;PIK3C3;SEC22B;TCIRG1;THBS3;TUBA3C;TUBB;TUBB4B,1.0,False
KEGG,5,CORNIFIED ENVELOPE FORMATION,0.16489854779763863,20,701,149,6576,CERS3;CLDN15;CLDN9;COL17A1;DSG2;DSG3;KRT19;KRT26;KRT28;KRT7;KRT72;KRT82;LAMB3;LAMC2;PKP1;PPP2R2D;PPP2R5C;PPP2R5D;PRSS8;ST14,1.0,False
KEGG,5,INSULIN SECRETION,0.17088770552928673,11,701,75,6576,ABCC8;ADCY7;ADCYAP1R1;ATP1A4;CREB3L1;GPR119;KCNMB3;KCNN3;PCLO;PDHX;SNAP25,1.0,False
KEGG,5,APELIN SIGNALING PATHWAY,0.1747464153558434,17,701,125,6576,ADCY7;CXXC1;GNB2;GNB5;GNG11;GNG13;GNG4;MYL3;NANOS1;PIK3C3;PLAT;PPARGC1A;PRKAG3;SLC8A3;SMAD4;SPHK1;TFAM,1.0,False
KEGG,5,GLYCOSAMINOGLYCAN BIOSYNTHESIS - CHONDROITIN SULFATE / DERMATAN SULFATE,0.17895986185742957,4,701,21,6576,B4GALT7;CHST13;CHST15;XYLT1,1.0,False
KEGG,5,PROXIMAL TUBULE BICARBONATE RECLAMATION,0.17895986185742957,4,701,21,6576,ATP1A4;GRID2;PCK1;SLC4A4,1.0,False
KEGG,5,FATTY ACID DEGRADATION,0.17929567309340905,6,701,36,6576,ACAA2;ACADL;ACOX3;ACSL5;CPT1B;HADHA,1.0,False
KEGG,5,SYNAPTIC VESICLE CYCLE,0.18190832196807177,11,701,76,6576,ATP6V0A4;ATP6V0D1;ATP6V1G3;CPLX1;SLC17A8;SLC6A4;SNAP25;STX1B;STX3;TCIRG1;UNC13B,1.0,False
KEGG,5,FANCONI ANEMIA PATHWAY,0.1830175866405448,7,701,44,6576,ATRIP;ERCC4;POLR1B;REV1;RPA3;TELO2;USP1,1.0,False
KEGG,5,ALCOHOLISM,0.19066173931638145,15,701,110,6576,BDNF;CAMKK1;CREB3L1;GNB2;GNB5;GNG11;GNG13;GNG4;H2AC1;H2BC18;MACROH2A2;NPY;PPP1CC;SHC1;SLC29A1,1.0,False
KEGG,5,OLFACTORY TRANSDUCTION,0.19610739754745757,6,701,37,6576,ANO2;ARRB2;CNGA2;GNG13;GRK2;SLC8A3,1.0,False
KEGG,5,AMYOTROPHIC LATERAL SCLEROSIS,0.1974606925493428,37,701,301,6576,ACTR10;ACTR1B;ATG2A;COX6B1;COX8A;DCTN4;DNAH9;FUS;GLE1;GPX3;MAP3K5;MATR3;NANOS1;NDUFA5;NDUFC1;NDUFS1;NDUFS6;NEFH;NUP88;PIK3C3;PINK1;PPP3R2;PSMA5;PSMA6;PSMA7;PSMA8;RAB39B;SDHC;SEH1L;SOD1;TOMM40L;TUBA3C;TUBB;TUBB4B;UQCR10;WIPI1;XBP1,1.0,False
KEGG,5,ALPHA-LINOLENIC ACID METABOLISM,0.20155075110974918,4,701,22,6576,ACOX3;PLA2G2C;PLA2G3;PLA2G4C,1.0,False
KEGG,5,NON-ALCOHOLIC FATTY LIVER DISEASE,0.20528652342083314,18,701,137,6576,CDC42;CLSTN1;COX6B1;COX8A;IL6R;ITCH;LEP;MAP3K5;NDUFA5;NDUFC1;NDUFS1;NDUFS6;PPARA;PRKAG3;SDHC;SREBF1;UQCR10;XBP1,1.0,False
KEGG,5,SULFUR RELAY SYSTEM,0.20668047259130387,2,701,8,6576,CTU1;NFS1,1.0,False
KEGG,5,SEROTONERGIC SYNAPSE,0.20861036085645057,13,701,95,6576,GABRB3;GNB2;GNB5;GNG11;GNG13;GNG4;HTR1B;HTR4;HTR7;KCNJ5;KCNJ9;PLA2G4C;SLC6A4,1.0,False
KEGG,5,PENTOSE AND GLUCURONATE INTERCONVERSIONS,0.2098773370586926,3,701,15,6576,UGDH;UGT1A1;XYLB,1.0,False
KEGG,5,CAMP SIGNALING PATHWAY,0.22012486361381062,26,701,208,6576,ACOX3;ADCY7;ADCYAP1R1;ATP1A4;ATP2A3;BDNF;CLSTN1;CNGA2;CREB3L1;CREBBP;GABBR1;GHRL;GPHA2;GPR119;HTR1B;HTR4;KCNK2;NPY;NPY1R;PDE10A;PDE4A;PPARA;PPP1CC;ROCK1;SSTR5;TSHB,1.0,False
KEGG,5,PEROXISOME,0.22907562615232857,11,701,80,6576,ACOX3;ACSL5;FAR2;GNPAT;HAO1;HSD17B4;KRTAP11-1;MLYCD;PRDX5;SOD1;SOD2,1.0,False
KEGG,5,MINERAL ABSORPTION,0.23014861255130967,7,701,47,6576,ATP1A4;MT1X;SLC31A1;SLC34A2;SLC6A19;SLC8A3;TRPM7,1.0,False
KEGG,5,STEROID HORMONE BIOSYNTHESIS,0.23031444656422115,5,701,31,6576,AKR1D1;COMT;HSD17B11;HSD17B12;UGT1A1,1.0,False
KEGG,5,RETROGRADE ENDOCANNABINOID SIGNALING,0.2385822671120678,17,701,132,6576,ADCY7;GABRB3;GABRD;GABRP;GABRR3;GNB2;GNB5;GNG11;GNG13;GNG4;KCNJ5;KCNJ9;NDUFA5;NDUFC1;NDUFS1;NDUFS6;SLC17A8,1.0,False
KEGG,5,NEUROACTIVE LIGAND-RECEPTOR INTERACTION,0.2409473882200762,38,701,317,6576,ADCYAP1R1;ADM2;AGTR2;CHRNA9;DHX34;GABBR1;GABRB3;GABRD;GABRP;GABRR3;GHR;GHRL;GPHA2;GRID2;GRPR;HRH4;HTR1B;HTR4;HTR7;LEP;LPAR1;LTB4R2;MRLN;MTNR1A;NPBWR1;NPY;NPY1R;OPRD1;PLG;PNOC;PYY;SSTR5;TAAR1;TAC3;THRB;TSHB;TSPO;UCMA,1.0,False
KEGG,5,GLYCEROPHOSPHOLIPID METABOLISM,0.2419367483355347,13,701,98,6576,CHKB;ETNPPL;GNPAT;GPAT4;LPCAT2;MBOAT7;PLA2G2C;PLA2G3;PLA2G4C;PLPP5;SH2D3C;TAFAZZIN;TPGS1,1.0,False
KEGG,5,PATHWAYS OF NEURODEGENERATION - MULTIPLE DISEASES,0.244340687821117,48,701,407,6576,ACTR10;ACTR1B;AGER;ATG2A;ATP2A3;BDNF;COX6B1;COX8A;CSNK1E;CTNNB1;DCTN4;DKK1;DNAH9;FUS;GPX3;MAP2K7;MAP3K5;MAPT;NANOS1;NDUFA5;NDUFC1;NDUFS1;NDUFS6;NEFH;PARK7;PIK3C3;PINK1;PPP3R2;PSMA5;PSMA6;PSMA7;PSMA8;RAB39B;SDHC;SLC6A4;SOD1;TOMM40L;TUBA3C;TUBB;TUBB4B;UBE2L6;UQCR10;VDAC2;WIPI1;WNT10B;WNT5A;WNT8A;XBP1,1.0,False
KEGG,5,VIRAL LIFE CYCLE - HIV-1,0.2467046840510286,7,701,48,6576,BICD2;CREBBP;ELL2;KAT2B;MLLT1;SERINC3;SMARCB1,1.0,False
KEGG,5,HIF-1 SIGNALING PATHWAY,0.25348151653729933,13,701,99,6576,ALDOB;CLSTN1;CREBBP;CUL2;EGLN2;EIF4E;ENO3;EPAS1;HIF1A;IFNGR1;IL6R;LTBR;MIA3,1.0,False
KEGG,5,LYSINE DEGRADATION,0.2583075674660572,8,701,57,6576,AASS;EHMT1;EHMT2;HADHA;KMT5C;NSD2;PLOD1;SMYD3,1.0,False
KEGG,5,FOLATE BIOSYNTHESIS,0.2693035727506694,3,701,17,6576,ALPL;MOCOS;PAH,1.0,False
KEGG,5,NITROGEN METABOLISM,0.2693035727506694,3,701,17,6576,CA5B;CA6;GRID2,1.0,False
KEGG,5,DNA REPLICATION,0.2721070690211552,5,701,33,6576,POLA1;POLR1B;RFC4;RNASEH2A;RPA3,1.0,False
KEGG,5,COLLECTING DUCT ACID SECRETION,0.27348432251532084,4,701,25,6576,ATP6V0A4;ATP6V0D1;ATP6V1G3;TCIRG1,1.0,False
KEGG,5,ALCOHOLIC LIVER DISEASE,0.2809469978087125,14,701,110,6576,ACOX3;CPT1B;CTNNB1;IKBKG;IRAK4;MAP2K7;MAP3K5;MLYCD;PPARA;PPARGC1A;PRKAG3;RIPK1;SREBF1;TAB1,1.0,False
KEGG,5,ALZHEIMER DISEASE,0.2870575194102401,38,701,324,6576,AGER;ATG2A;ATP2A3;CLSTN1;COX6B1;COX8A;CSNK1E;CTNNB1;DKK1;IKBKG;MAP2K7;MAP3K5;MAPT;NANOS1;NDUFA5;NDUFC1;NDUFS1;NDUFS6;PIK3C3;PPP3R2;PSMA5;PSMA6;PSMA7;PSMA8;RTN3;RTN4;SDHC;SLC39A14;TUBA3C;TUBB;TUBB4B;UQCR10;VDAC2;WIPI1;WNT10B;WNT5A;WNT8A;XBP1,1.0,False
KEGG,5,"ALANINE, ASPARTATE AND GLUTAMATE METABOLISM",0.2935802124570783,5,701,34,6576,ASPA;FOLH1;GAD1;GPT2;GRID2,1.0,False
KEGG,5,HEDGEHOG SIGNALING PATHWAY,0.29832226318138466,7,701,51,6576,ARRB2;CSNK1D;CSNK1E;CSNK1G2;DHH;GRK2;MGRN1,1.0,False
KEGG,5,INOSITOL PHOSPHATE METABOLISM,0.302843269999958,10,701,77,6576,CLSTN1;INPP1;ITPKB;MTMR14;PIK3C3;PIP4K2A;PIP4K2B;PIP5K1B;PLCH2;SYNJ2,1.0,False
KEGG,5,POLYCOMB REPRESSIVE COMPLEX,0.302843269999958,10,701,77,6576,BCORL1;CREBBP;FOXK1;L3MBTL3;LCOR;PHC2;RBBP4;RNF2;RYBP;SUZ12,1.0,False
KEGG,5,PURINE METABOLISM,0.30438287403676134,14,701,112,6576,ADCY7;AK7;ALLC;CANT1;GUCY1B1;GUCY2C;HDDC2;IMPDH2;NT5C;PAPSS1;PDE10A;PDE4A;PDE7B;PGM1,1.0,False
KEGG,5,VIRAL PROTEIN INTERACTION WITH CYTOKINE AND CYTOKINE RECEPTOR,0.3063598024004208,8,701,60,6576,CCL19;CCL5;CXCL14;CXCL6;IL6R;IL6ST;LTBR;XCR1,1.0,False
KEGG,5,ADIPOCYTOKINE SIGNALING PATHWAY,0.3124829496890366,9,701,69,6576,ACSL5;CPT1B;IKBKG;LEP;NPY;PCK1;PPARA;PPARGC1A;PRKAG3,1.0,False
KEGG,5,AMINOACYL-TRNA BIOSYNTHESIS,0.323564312144826,4,701,27,6576,DARS2;DTD1;SARS2;VARS2,1.0,False
KEGG,5,PENTOSE PHOSPHATE PATHWAY,0.323564312144826,4,701,27,6576,ALDOB;PGLS;PGM1;TALDO1,1.0,False
KEGG,5,THERMOGENESIS,0.3248742960370682,22,701,185,6576,ACSL5;ADCY7;COA5;COX10;COX18;COX6B1;COX8A;CPT1B;CREB3L1;MAP3K5;NDUFA5;NDUFAF3;NDUFC1;NDUFS1;NDUFS6;PPARGC1A;PRKAG3;SDHC;SMARCB1;SMARCC2;SMARCD1;UQCR10,1.0,False
KEGG,5,BACTERIAL INVASION OF EPITHELIAL CELLS,0.32789342529848575,9,701,70,6576,CDC42;CLSTN1;CRK;CTNNB1;DOCK1;SEPTIN12;SEPTIN3;SHC1;WASF2,1.0,False
KEGG,5,HISTIDINE METABOLISM,0.33027884950128905,3,701,19,6576,AMDHD1;ASPA;CARNMT1,1.0,False
KEGG,5,HORMONE SIGNALING,0.34378491855230137,23,701,196,6576,ADCY7;AGTR2;BMPR1B;CLSTN1;GHR;GHRL;GNB2;GNB5;GNG11;GNG13;GNG4;GUCY2C;LEP;MRLN;NANOS1;OPRD1;PNOC;PTHLH;SLC16A10;SMAD4;SSTR5;THRB;TSHB,1.0,False
KEGG,5,VIBRIO CHOLERAE INFECTION,0.34602045654935026,6,701,45,6576,ATP6V0A4;ATP6V0D1;ATP6V1G3;PDIA4;SLC12A2;TCIRG1,1.0,False
KEGG,5,PORPHYRIN METABOLISM,0.34886322875429737,4,701,28,6576,ALAD;COX10;PPOX;UGT1A1,1.0,False
KEGG,5,"GROWTH HORMONE SYNTHESIS, SECRETION AND ACTION",0.3517711433634511,13,701,107,6576,ADCY7;CLSTN1;CREB3L1;CREBBP;CRK;GHR;GHRL;IGFALS;IGFBP3;RNASEH2A;SHC1;SSTR5;STAT1,1.0,False
KEGG,5,NOD-LIKE RECEPTOR SIGNALING PATHWAY,0.365258020979953,15,701,126,6576,CCL5;GABARAP;GPRC6A;IKBKG;IRAK4;NAMPT;RIPK1;RNASEL;STAT1;TAB1;TNFAIP3;TP53BP1;TRPM7;TXN2;VDAC2,1.0,False
KEGG,5,ARACHIDONIC ACID METABOLISM,0.3658252763715519,6,701,46,6576,GGT5;HPGDS;PLA2G2C;PLA2G3;PLA2G4C;PTGIS,1.0,False
KEGG,5,CHOLESTEROL METABOLISM,0.3658252763715519,6,701,46,6576,ABCG8;APOH;NCEH1;SORT1;TSPO;VDAC2,1.0,False
KEGG,5,EPITHELIAL CELL SIGNALING IN HELICOBACTER PYLORI INFECTION,0.37292852795406484,8,701,64,6576,ATP6V0A4;ATP6V0D1;ATP6V1G3;CCL5;CDC42;F11R;IKBKG;TCIRG1,1.0,False
KEGG,5,GLYOXYLATE AND DICARBOXYLATE METABOLISM,0.37418192704566267,4,701,29,6576,ACO1;ACSS1;HAO1;SHMT2,1.0,False
KEGG,5,PANCREATIC SECRETION,0.37610045768608585,10,701,82,6576,ADCY7;ATP1A4;ATP2A3;CPA1;CPA4;CPB1;PLA2G2C;PLA2G3;SLC12A2;SLC4A4,1.0,False
KEGG,5,OOCYTE MEIOSIS,0.37746680652410014,13,701,109,6576,ADCY7;ANAPC11;AURKA;CDC25C;CPEB3;FBXO5;MAD2L1;MOCOS;PPP1CC;PPP2R5C;PPP2R5D;PPP3R2;SGO1,1.0,False
KEGG,5,TNF SIGNALING PATHWAY,0.37746680652410014,13,701,109,6576,CCL5;CLSTN1;CREB3L1;CXCL6;IKBKG;ITCH;LIF;MAP2K7;MAP3K5;RIPK1;RNASEH2A;TAB1;TNFAIP3,1.0,False
KEGG,5,NICOTINE ADDICTION,0.3814218663347019,5,701,38,6576,GABRB3;GABRD;GABRP;GABRR3;SLC17A8,1.0,False
KEGG,5,NEUROACTIVE LIGAND SIGNALING,0.38378764654844694,21,701,182,6576,ADCY7;DHX34;GABBR1;GABRB3;GABRD;GABRP;GABRR3;GNB2;GNB5;GNG11;GNG13;GNG4;HTR1B;HTR4;HTR7;OPRD1;PNOC;SH2D3C;SLC17A8;SLC6A4;TAC3,1.0,False
KEGG,5,ETHER LIPID METABOLISM,0.38568039790622133,6,701,47,6576,ENPP2;LPCAT2;PLA2G2C;PLA2G3;PLA2G4C;TMEM86B,1.0,False
KEGG,5,PARKINSON DISEASE,0.3887840432871901,25,701,219,6576,COX6B1;COX8A;MAP3K5;MAPT;NDUFA5;NDUFC1;NDUFS1;NDUFS6;PARK7;PINK1;PSMA5;PSMA6;PSMA7;PSMA8;SDHC;SLC39A14;SOD1;TUBA3C;TUBB;TUBB4B;TXN2;UBE2L6;UQCR10;VDAC2;XBP1,1.0,False
KEGG,5,ECM-RECEPTOR INTERACTION,0.3910105204630566,10,701,83,6576,COL2A1;COL6A5;COMP;CXXC1;GP6;ITGA10;ITGB5;LAMB3;LAMC2;THBS3,1.0,False
KEGG,5,ARGININE BIOSYNTHESIS,0.39111355676997306,3,701,21,6576,GPT2;GRID2;NANOS1,1.0,False
KEGG,5,MISMATCH REPAIR,0.39111355676997306,3,701,21,6576,POLR1B;RFC4;RPA3,1.0,False
KEGG,5,AUTOPHAGY - OTHER,0.39941554646694827,4,701,30,6576,ATG2A;GABARAP;PIK3C3;WIPI1,1.0,False
KEGG,5,LYSOSOME,0.40231528855337145,14,701,120,6576,AP4M1;ATP6V0A4;ATP6V0D1;CTSH;EGFL7;HYAL4;IDS;LAMP1;LAPTM4A;MEAK7;NAGLU;SMPD1;SORT1;TCIRG1,1.0,False
KEGG,5,OSTEOCLAST DIFFERENTIATION,0.4033771268629279,13,701,111,6576,ATP2A3;CLSTN1;IFNGR1;IKBKG;LCP2;MAP2K7;NCF2;PPP3R2;RNASEH2A;STAT1;TAB1;TMEM64;TNFSF11,1.0,False
KEGG,5,RIBOSOME BIOGENESIS IN EUKARYOTES,0.4066808760590246,8,701,66,6576,BMS1;NOP56;NOP58;NVL;REXO2;RPP40;SBDS;TCOF1,1.0,False
KEGG,5,NON-HOMOLOGOUS END-JOINING,0.4108046308014673,2,701,13,6576,DNTT;POLM,1.0,False
KEGG,5,NEUROTROPHIN SIGNALING PATHWAY,0.41637637218353546,13,701,112,6576,ARHGDIB;BDNF;BEX3;CDC42;CLSTN1;CRK;IRAK4;MAP2K7;MAP3K3;MAP3K5;PRDM4;SHC1;SORT1,1.0,False
KEGG,5,CYTOKINE-CYTOKINE RECEPTOR INTERACTION,0.4202902324193219,23,701,204,6576,ACVR1B;ACVRL1;BMP2;BMP5;BMPR1B;CCL19;CCL5;CLCF1;CXCL14;CXCL6;GHR;IFNGR1;IL13;IL17C;IL6R;IL6ST;IL9;LEP;LIF;LTBR;TNFRSF17;TNFSF11;XCR1,1.0,False
KEGG,5,LINOLEIC ACID METABOLISM,0.42104452608474496,3,701,22,6576,PLA2G2C;PLA2G3;PLA2G4C,1.0,False
KEGG,5,PROPANOATE METABOLISM,0.42446756126735224,4,701,31,6576,ACOX3;ACSS1;HADHA;MLYCD,1.0,False
KEGG,5,GNRH SECRETION,0.4246191020822311,7,701,58,6576,ARRB2;CLSTN1;CXXC1;GABBR1;KCNJ5;KCNJ9;KCNN3,1.0,False
KEGG,5,DOPAMINERGIC SYNAPSE,0.4273267853109712,14,701,122,6576,ARRB2;COMT;CREB3L1;GNB2;GNB5;GNG11;GNG13;GNG4;KCNJ5;KCNJ9;PPP1CC;PPP2R2D;PPP2R5C;PPP2R5D,1.0,False
KEGG,5,AMPK SIGNALING PATHWAY,0.4423917088557785,13,701,114,6576,CLSTN1;CPT1B;CREB3L1;HMGCR;LEP;MLYCD;PCK1;PPARGC1A;PPP2R2D;PPP2R5C;PPP2R5D;PRKAG3;SREBF1,1.0,False
KEGG,5,FOCAL ADHESION,0.44454822236838465,21,701,188,6576,CDC42;CLSTN1;COL2A1;COL6A5;COMP;CRK;CTNNB1;CXXC1;DOCK1;FLNA;ITGA10;ITGB5;LAMB3;LAMC2;PIP5K1B;PPP1CC;PPP1R12C;RASGRF1;ROCK1;SHC1;THBS3,1.0,False
KEGG,5,SALMONELLA INFECTION,0.4468765406428293,24,701,216,6576,ACBD3;ACTR10;ACTR1B;CDC42;CLSTN1;CTNNB1;DCTN4;DYNLT3;FLNA;FYCO1;IKBKG;IRAK4;MAP2K7;PIK3C3;RALA;RHOJ;RIPK1;TAB1;TLR5;TUBA3C;TUBB;TUBB4B;TXN2;VPS33A,1.0,False
KEGG,5,ASCORBATE AND ALDARATE METABOLISM,0.449044861131236,2,701,14,6576,UGDH;UGT1A1,1.0,False
KEGG,5,PHENYLALANINE METABOLISM,0.449044861131236,2,701,14,6576,AOC3;PAH,1.0,False
KEGG,5,TAURINE AND HYPOTAURINE METABOLISM,0.449044861131236,2,701,14,6576,GAD1;GGT5,1.0,False
KEGG,5,CIRCADIAN RHYTHM,0.44924999965617507,4,701,32,6576,CSNK1D;CSNK1E;HSD17B4;PRKAG3,1.0,False
KEGG,5,PATHOGENIC ESCHERICHIA COLI INFECTION,0.44974718644605644,19,701,170,6576,ARHGEF11;CDC42;CLDN15;CLDN9;IKBKG;IRAK4;LPAR1;MYO1G;MYO1H;PTPN6;RIPK1;ROCK1;TAB1;TLR5;TMBIM6;TUBA3C;TUBB;TUBB4B;WASF2,1.0,False
KEGG,5,BUTANOATE METABOLISM,0.45046218429927626,3,701,23,6576,ACSM1;GAD1;HADHA,1.0,False
KEGG,5,INTEGRIN SIGNALING,0.4583631806404376,16,701,143,6576,ARHGEF6;CDC42;CLSTN1;COL2A1;COL6A5;COMP;CTNNB1;CXXC1;FLNA;ICAM4;ITGA10;ITGAE;ITGB5;LAMB3;LAMC2;THBS3,1.0,False
KEGG,5,CHEMICAL CARCINOGENESIS - REACTIVE OXYGEN SPECIES,0.46043333843244866,19,701,171,6576,CLSTN1;COX6B1;COX8A;HIF1A;IKBKG;MAP2K7;MAP3K5;MGST3;MIA3;NCF2;NDUFA5;NDUFC1;NDUFS1;NDUFS6;SDHC;SOD1;SOD2;UQCR10;VDAC2,1.0,False
KEGG,5,PYRIMIDINE METABOLISM,0.4646042405536572,6,701,51,6576,CANT1;DHODH;DPYS;HDDC2;NT5C;UPB1,1.0,False
KEGG,5,KAPOSI SARCOMA-ASSOCIATED HERPESVIRUS INFECTION,0.4666626219163215,17,701,153,6576,CLSTN1;CREBBP;CTNNB1;GNB2;GNB5;GNG11;GNG13;GNG4;HIF1A;IFNGR1;IKBKG;IL6ST;MAP2K7;PIK3C3;PPP3R2;STAT1;TLR3,1.0,False
KEGG,5,CHEMICAL CARCINOGENESIS - DNA ADDUCTS,0.4792496458287816,3,701,24,6576,HPGDS;MGST3;UGT1A1,1.0,False
KEGG,5,MRNA SURVEILLANCE PATHWAY,0.4851740920992073,9,701,80,6576,CSTF3;DDX19A;FUS;GLE1;PABPN1L;PPP1CC;PPP2R2D;PPP2R5C;PPP2R5D,1.0,False
KEGG,5,SPINOCEREBELLAR ATAXIA,0.48552305266171,15,701,136,6576,ATG2A;ATP2A3;CLSTN1;GTF2B;KCNC3;MAP3K5;NOP56;PIK3C3;PSMA5;PSMA6;PSMA7;PSMA8;VDAC2;WIPI1;XBP1,1.0,False
KEGG,5,"PHENYLALANINE, TYROSINE AND TRYPTOPHAN BIOSYNTHESIS",0.49165550265037017,1,701,6,6576,PAH,1.0,False
KEGG,5,BILE SECRETION,0.4963362234386043,7,701,62,6576,ABCG8;ADCY7;ATP1A4;HMGCR;NCEH1;SLC4A4;UGT1A1,1.0,False
KEGG,5,ALDOSTERONE-REGULATED SODIUM REABSORPTION,0.49769727997968993,4,701,34,6576,ATP1A4;CLSTN1;NR3C2;REXO2,1.0,False
KEGG,5,NECROPTOSIS,0.49888162911939515,12,701,109,6576,GRID2;H2AC1;IFNGR1;MACROH2A2;PLA2G4C;RIPK1;SMPD1;STAT1;TLR3;TNFAIP3;TRPM7;VDAC2,1.0,False
KEGG,5,T CELL RECEPTOR SIGNALING PATHWAY,0.49888162911939515,12,701,109,6576,CD3E;CDC42;CLSTN1;IKBKG;ITK;LCP2;MAP2K7;PPP2R2D;PPP2R5C;PPP2R5D;PPP3R2;PTPN6,1.0,False
KEGG,5,PD-L1 EXPRESSION AND PD-1 CHECKPOINT PATHWAY IN CANCER,0.5006650668108582,9,701,81,6576,CD3E;CLSTN1;HIF1A;IFNGR1;IKBKG;MAP3K3;PPP3R2;PTPN6;STAT1,1.0,False
KEGG,5,CYTOSOLIC DNA-SENSING PATHWAY,0.5031393560406452,6,701,53,6576,CCL5;GSDME;IKBKG;POLR3F;POLR3H;RIPK1,1.0,False
KEGG,5,NUCLEOTIDE EXCISION REPAIR,0.5031393560406452,6,701,53,6576,ERCC4;POLR1B;POLR2M;RAD23B;RFC4;RPA3,1.0,False
KEGG,5,NATURAL KILLER CELL MEDIATED CYTOTOXICITY,0.5068407204722838,8,701,72,6576,CLSTN1;IFNGR1;LCP2;NCR1;PPP3R2;PTPN6;SHC1;SLC7A8,1.0,False
KEGG,5,GLUTATHIONE METABOLISM,0.5112123828057961,5,701,44,6576,GGT5;GPX3;HPGDS;MGST3;PRDX5,1.0,False
KEGG,5,FATTY ACID BIOSYNTHESIS,0.5210629871336343,2,701,16,6576,ACSF3;ACSL5,1.0,False
KEGG,5,OTHER GLYCAN DEGRADATION,0.5210629871336343,2,701,16,6576,EGFL7;NEU3,1.0,False
KEGG,5,PRIMARY BILE ACID BIOSYNTHESIS,0.5210629871336343,2,701,16,6576,AKR1D1;HSD17B4,1.0,False
KEGG,5,"GLYCINE, SERINE AND THREONINE METABOLISM",0.5212288873537725,4,701,35,6576,AOC3;GCAT;SBDS;SHMT2,1.0,False
KEGG,5,TH17 CELL DIFFERENTIATION,0.5242114992955288,10,701,92,6576,CD3E;FOXP3;HIF1A;IFNGR1;IKBKG;IL6R;IL6ST;PPP3R2;SMAD4;STAT1,1.0,False
KEGG,5,AUTOPHAGY - ANIMAL,0.5275918289488701,16,701,149,6576,ATG2A;CLSTN1;DAPK3;DEPTOR;GABARAP;HIF1A;LAMP1;MTMR14;PIK3C3;RAB39B;RRAGC;SH3GLB1;SUPT20H;VPS33A;WIPI1;YKT6,1.0,False
KEGG,5,LONGEVITY REGULATING PATHWAY,0.5312264885003636,9,701,83,6576,ADCY7;CLSTN1;CREB3L1;EHMT1;EHMT2;EIF4E;PPARGC1A;PRKAG3;SOD2,1.0,False
KEGG,5,INSULIN RESISTANCE,0.5316286941023288,11,701,102,6576,CLSTN1;CPT1B;CREB3L1;PCK1;PPARA;PPARGC1A;PPP1CC;PPP1R3E;PRKAG3;SLC27A3;SREBF1,1.0,False
KEGG,5,STARCH AND SUCROSE METABOLISM,0.5345577599326999,3,701,26,6576,PGM1;PGM2L1;TREH,1.0,False
KEGG,5,VITAMIN DIGESTION AND ABSORPTION,0.5345577599326999,3,701,26,6576,CBLIF;FOLH1;SLC52A3,1.0,False
KEGG,5,GLUCAGON SIGNALING PATHWAY,0.538546453790138,10,701,93,6576,CPT1B;CREB3L1;CREBBP;PCK1;PPARA;PPARGC1A;PPP3R2;PPP4C;PRKAG3;PRMT1,1.0,False
KEGG,5,BASAL TRANSCRIPTION FACTORS,0.544224009335765,4,701,36,6576,GTF2B;TAF4B;TAF5;TAF8,1.0,False
KEGG,5,FERROPTOSIS,0.544224009335765,4,701,36,6576,ACSL5;SLC39A14;STEAP3;VDAC2,1.0,False
KEGG,5,ARRHYTHMOGENIC RIGHT VENTRICULAR CARDIOMYOPATHY,0.546259160557986,9,701,84,6576,ATP2A3;CTNNB1;DSG2;GJA1;ITGA10;ITGB5;LMNA;NANOS1;SLC8A3,1.0,False
KEGG,5,PHOSPHATIDYLINOSITOL SIGNALING SYSTEM,0.5527256793989608,10,701,94,6576,CLSTN1;INPP1;ITPKB;MTMR14;PIK3C3;PIP4K2A;PIP4K2B;PIP4P1;PIP5K1B;SYNJ2,1.0,False
KEGG,5,ASTHMA,0.5546309090513629,2,701,17,6576,IL13;IL9,1.0,False
KEGG,5,CARDIAC MUSCLE CONTRACTION,0.554982443638304,8,701,75,6576,ATP1A4;ATP2A3;COX6B1;COX8A;MYL3;SLC8A3;TPM1;UQCR10,1.0,False
KEGG,5,PANCREATIC CANCER,0.554982443638304,8,701,75,6576,ARHGEF6;CDC42;CLSTN1;GADD45B;IKBKG;RALA;SMAD4;STAT1,1.0,False
KEGG,5,"PARATHYROID HORMONE SYNTHESIS, SECRETION AND ACTION",0.5586759589544296,11,701,104,6576,ADCY7;ARHGEF11;ARRB2;CREB3L1;NR4A2;PDE4A;PTHLH;SLC12A3;SLC34A2;TNFSF11;WNK1,1.0,False
KEGG,5,MOTOR PROTEINS,0.5605091379798042,18,701,171,6576,ACTR10;ACTR1B;DCTN4;DNAH9;DYNLT3;KIF12;KIF3C;KIF4A;KIF9;MYH15;MYL3;MYO1G;MYO1H;TNNT1;TPM1;TUBA3C;TUBB;TUBB4B,1.0,False
KEGG,5,HIPPO SIGNALING PATHWAY - MULTIPLE SPECIES,0.5609319409061843,3,701,27,6576,CSNK1E;NF2;YAP1,1.0,False
KEGG,5,THYROID HORMONE SYNTHESIS,0.565028334754663,7,701,66,6576,ADCY7;ATP1A4;CREB3L1;GPX3;PDIA4;SLC5A5;TSHB,1.0,False
KEGG,5,PYRUVATE METABOLISM,0.566636102370091,4,701,37,6576,ACSS1;PCDHB16;PCDHGA5;PCK1,1.0,False
KEGG,5,DRUG METABOLISM - OTHER ENZYMES,0.57192268767645,5,701,47,6576,DPYS;IMPDH2;MGST3;UGT1A1;UPB1,1.0,False
KEGG,5,FC GAMMA R-MEDIATED PHAGOCYTOSIS,0.5757424999448526,9,701,86,6576,ASAP3;CDC42;CLSTN1;CRK;DOCK1;PIP5K1B;PLA2G4C;SPHK1;WASF2,1.0,False
KEGG,5,NUCLEOCYTOPLASMIC TRANSPORT,0.5757424999448526,9,701,86,6576,AHCTF1;DDX19A;GLE1;IPO4;NUP88;SEH1L;THOC6;TNPO1;XPO6,1.0,False
KEGG,5,EFFEROCYTOSIS,0.5789053619126079,15,701,144,6576,AGER;ATP2A3;CPT1B;CRK;DOCK1;DUSP2;GAS6;HIF1A;ITGB5;MIA3;PROS1;PTPN6;SPHK1;STAB1;VPS33A,1.0,False
KEGG,5,RHEUMATOID ARTHRITIS,0.5815327938903948,7,701,67,6576,ATP6V0A4;ATP6V0D1;ATP6V1G3;CCL5;CXCL6;TCIRG1;TNFSF11,1.0,False
KEGG,5,GAP JUNCTION,0.585952574855611,8,701,77,6576,ADCY7;CSNK1D;GJA1;GUCY1B1;LPAR1;TUBA3C;TUBB;TUBB4B,1.0,False
KEGG,5,CITRATE CYCLE (TCA CYCLE),0.5863801863644112,3,701,28,6576,ACO1;PCK1;SDHC,1.0,False
KEGG,5,DRUG METABOLISM - CYTOCHROME P450,0.5863801863644112,3,701,28,6576,HPGDS;MGST3;UGT1A1,1.0,False
KEGG,5,PROTEIN EXPORT,0.5863801863644112,3,701,28,6576,SEC63;SRP68;SRPRB,1.0,False
KEGG,5,DIABETIC CARDIOMYOPATHY,0.5875348699764924,17,701,164,6576,AGER;ATP2A3;CLSTN1;COX6B1;COX8A;CPT1B;MPC1L;NCF2;NDUFA5;NDUFC1;NDUFS1;NDUFS6;PPARA;PPP1CC;SDHC;UQCR10;VDAC2,1.0,False
KEGG,5,INFLUENZA A,0.5894097838208776,12,701,116,6576,CCL5;CLSTN1;CREBBP;IFNGR1;IKBKG;IRAK4;PABPN1L;PLG;RNASEL;STAT1;TLR3;TLR7,1.0,False
KEGG,5,RIBOSOME,0.5935177587147767,13,701,126,6576,FAU;MRPL1;MRPL41;MRPL53;MRPS16;MRPS35;MRPS6;MRPS9;NR4A2;RPL23;RPL27A;RPL37A;RPS14,1.0,False
KEGG,5,LEISHMANIASIS,0.594437491350988,6,701,58,6576,IFNGR1;IRAK4;NCF2;PTPN6;STAT1;TAB1,1.0,False
KEGG,5,RELAXIN SIGNALING PATHWAY,0.6017708545912868,12,701,117,6576,ADCY7;ARRB2;CLSTN1;CREB3L1;GNB2;GNB5;GNG11;GNG13;GNG4;MAP2K7;NANOS1;SHC1,1.0,False
KEGG,5,ADHERENS JUNCTION,0.6043488005900209,9,701,88,6576,CDC42;CREBBP;CTNNB1;HEG1;PTPN6;PTPRB;ROCK1;SMAD4;WASF2,1.0,False
KEGG,5,TUBERCULOSIS,0.6088315469066858,14,701,137,6576,ATP6V0A4;ATP6V0D1;CREBBP;IFNGR1;IRAK4;KSR1;LAMP1;MRC1;PIK3C3;PLK3;PPP3R2;SPHK1;STAT1;TCIRG1,1.0,False
KEGG,5,SPHINGOLIPID METABOLISM,0.6101262672012577,5,701,49,6576,CERS3;EGFL7;NEU3;SMPD1;SPHK1,1.0,False
KEGG,5,COMPLEMENT AND COAGULATION CASCADES,0.6116123247130907,6,701,59,6576,F13A1;PLAT;PLG;PROS1;PSMA7;THBD,1.0,False
KEGG,5,NF-KAPPA B SIGNALING PATHWAY,0.6182895567423699,9,701,89,6576,CCL19;GADD45B;IKBKG;IRAK4;LTBR;RIPK1;TAB1;TNFAIP3;TNFSF11,1.0,False
KEGG,5,ADRENERGIC SIGNALING IN CARDIOMYOCYTES,0.6200638463645367,14,701,138,6576,ADCY7;AGTR2;ATP1A4;ATP2A3;CREB3L1;KCNK2;MYL3;PPP1CC;PPP2R2D;PPP2R5C;PPP2R5D;SCN5A;SLC8A3;TPM1,1.0,False
KEGG,5,FLUID SHEAR STRESS AND ATHEROSCLEROSIS,0.6259666071944145,12,701,119,6576,BMPR1B;CLSTN1;CTNNB1;IKBKG;MAP2K7;MAP3K5;MGST3;NCF2;PLAT;THBD;TRPV4;TXN2,1.0,False
KEGG,5,YERSINIA INFECTION,0.6259666071944145,12,701,119,6576,CDC42;CLSTN1;CRK;DOCK1;IKBKG;IRAK4;LCP2;MAP2K7;PIP5K1B;ROCK1;TAB1;WASF2,1.0,False
KEGG,5,INFLAMMATORY BOWEL DISEASE,0.6284690018924589,5,701,50,6576,FOXP3;IFNGR1;IL13;STAT1;TLR5,1.0,False
KEGG,5,ABC TRANSPORTERS,0.6300170327406229,4,701,40,6576,ABCA6;ABCB5;ABCC8;ABCG8,1.0,False
KEGG,5,METABOLISM OF XENOBIOTICS BY CYTOCHROME P450,0.6343589402827721,3,701,30,6576,HPGDS;MGST3;UGT1A1,1.0,False
KEGG,5,TYROSINE METABOLISM,0.6343589402827721,3,701,30,6576,AOC3;COMT;GSTZ1,1.0,False
KEGG,5,SULFUR METABOLISM,0.6376480071347809,1,701,9,6576,PAPSS1,1.0,False
KEGG,5,BASAL CELL CARCINOMA,0.6447135349529391,6,701,61,6576,BMP2;CTNNB1;GADD45B;WNT10B;WNT5A;WNT8A,1.0,False
KEGG,5,FOLATE TRANSPORT AND METABOLISM,0.6450649549107392,2,701,20,6576,FOLH1;SHMT2,1.0,False
KEGG,5,PANTOTHENATE AND COA BIOSYNTHESIS,0.6450649549107392,2,701,20,6576,DPYS;UPB1,1.0,False
KEGG,5,TERPENOID BACKBONE BIOSYNTHESIS,0.6450649549107392,2,701,20,6576,HMGCR;NUS1,1.0,False
KEGG,5,REGULATION OF LIPOLYSIS IN ADIPOCYTES,0.6462803889945021,5,701,51,6576,ADCY7;CLSTN1;NPY;NPY1R;TSHB,1.0,False
KEGG,5,PROTEIN PROCESSING IN ENDOPLASMIC RETICULUM,0.646433932555506,16,701,160,6576,AMFR;DAD1;DERL2;DNAJB11;HERPUD1;HYOU1;LMAN1;MAP2K7;MAP3K5;PDIA4;PREB;RAD23B;SEC63;SSR4;STUB1;XBP1,1.0,False
KEGG,5,REGULATION OF ACTIN CYTOSKELETON,0.6485497925849667,21,701,209,6576,ARHGEF6;CDC42;CLSTN1;CRK;CYRIB;DOCK1;FGF4;ITGA10;ITGAE;ITGB5;LPAR1;MOCOS;PIP4K2A;PIP4K2B;PIP5K1B;PPP1CC;PPP1R12C;PSMA7;ROCK1;SSH2;WASF2,1.0,False
KEGG,5,VASOPRESSIN-REGULATED WATER REABSORPTION,0.6497728249009791,4,701,41,6576,AQP2;ARHGDIB;CREB3L1;DCTN4,1.0,False
KEGG,5,HUMAN PAPILLOMAVIRUS INFECTION,0.6516363510299167,29,701,287,6576,ATP6V0A4;ATP6V0D1;ATP6V1G3;CDC42;CLSTN1;COL2A1;COL6A5;COMP;CREB3L1;CREBBP;CTNNB1;CXXC1;IKBKG;ITGA10;ITGB5;LAMB3;LAMC2;PPP2R2D;PPP2R5C;PPP2R5D;RBL1;STAT1;TCIRG1;THBS3;TLR3;UBE3A;WNT10B;WNT5A;WNT8A,1.0,False
KEGG,5,PRIMARY IMMUNODEFICIENCY,0.6568473023201384,3,701,31,6576,CD3E;CD79A;IKBKG,1.0,False
KEGG,5,AXON GUIDANCE,0.658361790920672,17,701,171,6576,BMPR1B;CDC42;CLSTN1;DPYSL5;EPHA5;EPHB1;LRRC4C;PPP3R2;RND1;ROCK1;SEMA3D;SEMA3G;SEMA4A;SEMA5A;SSH2;UNC5B;WNT5A,1.0,False
KEGG,5,PRION DISEASE,0.6595278010869738,22,701,220,6576,CCL5;CLSTN1;COX6B1;COX8A;CREB3L1;NCF2;NDUFA5;NDUFC1;NDUFS1;NDUFS6;PPP3R2;PSMA5;PSMA6;PSMA7;PSMA8;SDHC;SOD1;TUBA3C;TUBB;TUBB4B;UQCR10;VDAC2,1.0,False
KEGG,5,FOXO SIGNALING PATHWAY,0.660828150876839,12,701,122,6576,AGAP2;CLSTN1;CREBBP;CSNK1E;GABARAP;GADD45B;PCK1;PLK3;PRKAG3;PRMT1;SMAD4;SOD2,1.0,False
KEGG,5,SALIVARY SECRETION,0.6760582467201243,6,701,63,6576,ADCY7;ATP1A4;GUCY1B1;NANOS1;RBL1;SLC12A2,1.0,False
KEGG,5,GLYCOLYSIS / GLUCONEOGENESIS,0.6802550977496968,5,701,53,6576,ACSS1;ALDOB;ENO3;PCK1;PGM1,1.0,False
KEGG,5,SPHINGOLIPID SIGNALING PATHWAY,0.682945863851969,11,701,114,6576,CERS3;CLSTN1;MAP3K5;OPRD1;ORMDL2;PPP2R2D;PPP2R5C;PPP2R5D;ROCK1;SMPD1;SPHK1,1.0,False
KEGG,5,PROGESTERONE-MEDIATED OOCYTE MATURATION,0.6853173709793563,8,701,84,6576,ADCY7;ANAPC11;AURKA;CDC25C;CLSTN1;CPEB3;MAD2L1;MOCOS,1.0,False
KEGG,5,PROTEASOME,0.6871341354970557,4,701,43,6576,PSMA5;PSMA6;PSMA7;PSMA8,1.0,False
KEGG,5,CORTISOL SYNTHESIS AND SECRETION,0.6963997511572415,5,701,54,6576,ADCY7;CREB3L1;KCNK2;NCEH1;NR0B1,1.0,False
KEGG,5,LONGEVITY REGULATING PATHWAY - MULTIPLE SPECIES,0.6963997511572415,5,701,54,6576,ADCY7;CLSTN1;PRKAG3;SOD1;SOD2,1.0,False
KEGG,5,PHOTOTRANSDUCTION,0.696871896525427,2,701,22,6576,GNAT1;RCVRN,1.0,False
KEGG,5,PI3K-AKT SIGNALING PATHWAY,0.6990628942766137,31,701,313,6576,BDNF;CLSTN1;CMC4;COL2A1;COL6A5;COMP;CREB3L1;CXXC1;EIF4E;FGF4;GHR;GNB2;GNB5;GNG11;GNG13;GNG4;IKBKG;IL6R;ITGA10;ITGB5;LAMB3;LAMC2;LPAR1;MYB;PCK1;PHLPP1;PPP2R2D;PPP2R5C;PPP2R5D;THBS3;THEM4,1.0,False
KEGG,5,HEPATITIS C,0.7043770365307909,12,701,126,6576,CLDN15;CLDN9;CLSTN1;CTNNB1;IKBKG;PIAS1;PPARA;PPP2R2D;RIPK1;RNASEL;STAT1;TLR3,1.0,False
KEGG,5,SYSTEMIC LUPUS ERYTHEMATOSUS,0.7047263107661818,4,701,44,6576,H2AC1;H2BC18;MACROH2A2;PSMA7,1.0,False
KEGG,5,TYPE II DIABETES MELLITUS,0.7047263107661818,4,701,44,6576,ABCC8;CACNA1E;CLSTN1;PDHX,1.0,False
KEGG,5,RAS SIGNALING PATHWAY,0.707847043951696,21,701,216,6576,BDNF;CDC42;CLSTN1;ETS2;FGF4;GNB2;GNB5;GNG11;GNG13;GNG4;HTR7;IKBKG;KSR1;PLA2G2C;PLA2G3;PLA2G4C;RALA;RASGRF1;RASGRF2;RASGRP4;SHC1,1.0,False
KEGG,5,HYPERTROPHIC CARDIOMYOPATHY,0.708179243935459,9,701,96,6576,ATP2A3;ITGA10;ITGB5;LMNA;MYL3;NANOS1;PRKAG3;SLC8A3;TPM1,1.0,False
KEGG,5,VEGF SIGNALING PATHWAY,0.7119752572615868,5,701,55,6576,CDC42;CLSTN1;PLA2G4C;PPP3R2;SPHK1,1.0,False
KEGG,5,VASCULAR SMOOTH MUSCLE CONTRACTION,0.7158648560459699,11,701,117,6576,ADCY7;ADM2;ARHGEF11;GUCY1B1;KCNMB3;PLA2G2C;PLA2G3;PLA2G4C;PPP1CC;PPP1R12C;ROCK1,1.0,False
KEGG,5,LEUKOCYTE TRANSENDOTHELIAL MIGRATION,0.7175264179931239,10,701,107,6576,CDC42;CLDN15;CLDN9;CLSTN1;CTNNB1;F11R;ITK;NCF2;ROCK1;TXK,1.0,False
KEGG,5,B CELL RECEPTOR SIGNALING PATHWAY,0.7196240598965528,6,701,66,6576,BANK1;CD79A;CLSTN1;IKBKG;PPP3R2;PTPN6,1.0,False
KEGG,5,"VALINE, LEUCINE AND ISOLEUCINE DEGRADATION",0.7215911826860187,4,701,45,6576,ACAA2;ACSF3;HADHA;HIBADH,1.0,False
KEGG,5,HIPPO SIGNALING PATHWAY,0.7229780631786658,14,701,148,6576,BMP2;BMP5;BMPR1B;CSNK1D;CSNK1E;CTNNB1;NF2;PPP1CC;PPP2R2D;SMAD4;WNT10B;WNT5A;WNT8A;YAP1,1.0,False
KEGG,5,CELLULAR SENESCENCE,0.7237194240055802,13,701,138,6576,CLSTN1;E2F5;GADD45B;IGFBP3;LIN52;PPP1CC;PPP3R2;RAD9B;RBBP4;RBL1;TRPM7;TRPV4;VDAC2,1.0,False
KEGG,5,GLUTAMATERGIC SYNAPSE,0.7284154612322256,10,701,108,6576,ADCY7;GNB2;GNB5;GNG11;GNG13;GNG4;GRK2;PLA2G4C;PPP3R2;SLC17A8,1.0,False
KEGG,5,CORONAVIRUS DISEASE - COVID-19,0.7315117549677783,15,701,159,6576,CLSTN1;F13A1;FAU;IKBKG;IL6R;IL6ST;IRAK4;PSMA7;RPL23;RPL27A;RPL37A;RPS14;STAT1;TLR3;TLR7,1.0,False
KEGG,5,CELL CYCLE,0.7322358328387764,14,701,149,6576,ANAPC11;CDC25C;CREBBP;E2F5;FBXO5;GADD45B;MAD2L1;PPP2R5C;PPP2R5D;RBL1;REXO2;SGO1;SLC25A15;SMAD4,1.0,False
KEGG,5,TIGHT JUNCTION,0.7322358328387764,14,701,149,6576,CDC42;CLDN15;CLDN9;F11R;HSPA4;MAP2K7;MAP3K5;MARVELD3;NF2;PPP2R2D;PRKAG3;RAPGEF2;ROCK1;TUBA3C,1.0,False
KEGG,5,SIGNALING PATHWAYS REGULATING PLURIPOTENCY OF STEM CELLS,0.7346849377708103,12,701,129,6576,ACVR1B;BMPR1B;CLSTN1;CTNNB1;HOXA1;IL6ST;LIF;LRIF1;SMAD4;WNT10B;WNT5A;WNT8A,1.0,False
KEGG,5,AMINO SUGAR AND NUCLEOTIDE SUGAR METABOLISM,0.7367175591076597,3,701,35,6576,PGM1;PGM3;UGDH,1.0,False
KEGG,5,HUMAN IMMUNODEFICIENCY VIRUS 1 INFECTION,0.7396086895169072,16,701,170,6576,CD3E;CDC25C;CLSTN1;CRK;DCAF1;GNB2;GNB5;GNG11;GNG13;GNG4;IKBKG;IRAK4;MAP2K7;PPP3R2;RIPK1;TAB1,1.0,False
KEGG,5,DILATED CARDIOMYOPATHY,0.7422241227564063,9,701,99,6576,ADCY7;ATP2A3;ITGA10;ITGB5;LMNA;MYL3;NANOS1;SLC8A3;TPM1,1.0,False
KEGG,5,TH1 AND TH2 CELL DIFFERENTIATION,0.7518008545603135,7,701,79,6576,CD3E;IFNGR1;IKBKG;IL13;JAG2;PPP3R2;STAT1,1.0,False
KEGG,5,THYROID CANCER,0.7542169727232864,3,701,36,6576,CCDC6;CTNNB1;GADD45B,1.0,False
KEGG,5,VIRAL CARCINOGENESIS,0.7588079379350203,14,701,152,6576,ATP6V0D1;CDC42;CLSTN1;CREB3L1;CREBBP;GTF2B;H2BC18;IKBKG;IL6ST;KAT2B;LTBR;POLG2;RBL1;UBE3A,1.0,False
KEGG,5,NEUTROPHIL EXTRACELLULAR TRAP FORMATION,0.7633612744746666,9,701,101,6576,AGER;CLCN4;CLSTN1;H2AC1;H2BC18;MACROH2A2;NCF2;TLR7;VDAC2,1.0,False
KEGG,5,VIRION - LASSA VIRUS AND SFTS VIRUS,0.7693341045932831,1,701,13,6576,LAMP1,1.0,False
KEGG,5,HOMOLOGOUS RECOMBINATION,0.7707682259897447,3,701,37,6576,POLR1B;RBBP8;RPA3,1.0,False
KEGG,5,HUMAN CYTOMEGALOVIRUS INFECTION,0.7708347735770034,17,701,184,6576,ADCY7;ARHGEF11;CCL5;CLSTN1;CREB3L1;CRK;CTNNB1;GNB2;GNB5;GNG11;GNG13;GNG4;IKBKG;IL6R;PPP3R2;RIPK1;ROCK1,1.0,False
KEGG,5,HUMAN T-CELL LEUKEMIA VIRUS 1 INFECTION,0.7771652331851326,18,701,195,6576,ADCY7;ANAPC11;CD3E;CLSTN1;CREB3L1;CREBBP;CRTC1;ETS2;IKBKG;KAT2B;LTBR;MAD2L1;MAP3K3;POLG2;PPP3R2;SMAD4;TSPO;VDAC2,1.0,False
KEGG,5,MITOPHAGY - ANIMAL,0.7788087381257534,8,701,92,6576,AMFR;GABARAP;HIF1A;PHB2;PINK1;TOMM40L;TOMM7;USP15,1.0,False
KEGG,5,GALACTOSE METABOLISM,0.7816977962364513,2,701,26,6576,LCT;PGM1,1.0,False
KEGG,5,CYTOSKELETON IN MUSCLE CELLS,0.7823482259710317,20,701,216,6576,ATP1A4;COL6A5;COMP;DSG2;ENO3;FMN2;ITGA10;ITGB5;LMNA;LMOD3;MYBPH;MYBPHL;MYH15;MYL3;NID2;PDLIM3;PDLIM5;THBS3;TNNT1;TPM1,1.0,False
KEGG,5,CHOLINERGIC SYNAPSE,0.7832478377202468,9,701,103,6576,ADCY7;CLSTN1;CREB3L1;GNB2;GNB5;GNG11;GNG13;GNG4;SH2D3C,1.0,False
KEGG,5,THYROID HORMONE SIGNALING PATHWAY,0.7878525691610448,10,701,114,6576,ATP1A4;ATP2A3;CLSTN1;CREBBP;CTNNB1;HIF1A;KAT2B;SLC16A10;STAT1;THRB,1.0,False
KEGG,5,FC EPSILON RI SIGNALING PATHWAY,0.793524831830385,5,701,61,6576,CLSTN1;IL13;LCP2;MAP2K7;PLA2G4C,1.0,False
KEGG,5,CHRONIC MYELOID LEUKEMIA,0.7940875621779426,6,701,72,6576,CLSTN1;CRK;GADD45B;IKBKG;SHC1;SMAD4,1.0,False
KEGG,5,CARBOHYDRATE DIGESTION AND ABSORPTION,0.8011338926877307,3,701,39,6576,ATP1A4;CLSTN1;LCT,1.0,False
KEGG,5,APOPTOSIS,0.8054203279659267,10,701,116,6576,CLSTN1;CTSH;GADD45B;IKBKG;LMNA;MAP3K5;PARP4;PTPN13;RIPK1;TUBA3C,1.0,False
KEGG,5,STAPHYLOCOCCUS AUREUS INFECTION,0.8079138743361922,4,701,51,6576,KRT19;KRT26;KRT28;PLG,1.0,False
KEGG,5,BASE EXCISION REPAIR,0.8150082326834422,3,701,40,6576,PARP4;POLG2;RFC4,1.0,False
KEGG,5,VIRION - HEPATITIS VIRUSES,0.8150082326834422,3,701,40,6576,CLDN15;CLDN9;LAMP1,1.0,False
KEGG,5,GLYCOSPHINGOLIPID BIOSYNTHESIS - GANGLIO SERIES,0.8159811582679655,1,701,15,6576,ST6GALNAC6,1.0,False
KEGG,5,PROLACTIN SIGNALING PATHWAY,0.8163154552451495,5,701,63,6576,CLSTN1;SHC1;SOCS5;STAT1;TNFSF11,1.0,False
KEGG,5,TASTE TRANSDUCTION,0.8163154552451495,5,701,63,6576,GABBR1;GNG13;HTR1B;TAS1R1;TAS2R38,1.0,False
KEGG,5,ESTROGEN SIGNALING PATHWAY,0.8218871153846967,10,701,118,6576,ADCY7;CLSTN1;CREB3L1;GABBR1;KCNJ5;KCNJ9;KRT19;KRT26;KRT28;SHC1,1.0,False
KEGG,5,LIPID AND ATHEROSCLEROSIS,0.8246501155130193,15,701,171,6576,AGER;CCL5;CDC42;CLSTN1;HSPA4;IKBKG;IRAK4;MAP2K7;MAP3K5;NCF2;POU2F2;PPP3R2;SOD2;TAB1;XBP1,1.0,False
KEGG,5,PROSTATE CANCER,0.8259415830436271,8,701,97,6576,CLSTN1;CREB3L1;CREBBP;CTNNB1;FOLH1;IKBKG;PLAT;SPINT1,1.0,False
KEGG,5,FAT DIGESTION AND ABSORPTION,0.8280531332978474,3,701,41,6576,ABCG8;PLA2G2C;PLA2G3,1.0,False
KEGG,5,INTESTINAL IMMUNE NETWORK FOR IGA PRODUCTION,0.8309181630345512,2,701,29,6576,LTBR;TNFRSF17,1.0,False
KEGG,5,INFLAMMATORY MEDIATOR REGULATION OF TRP CHANNELS,0.8339401155949095,7,701,87,6576,ADCY7;CLSTN1;DHX34;PLA2G4C;PPP1CC;TRPM8;TRPV4,1.0,False
KEGG,5,IL-17 SIGNALING PATHWAY,0.8346409500052927,6,701,76,6576,CXCL6;IKBKG;IL13;IL17C;TNFAIP3;TRAF4,1.0,False
KEGG,5,HERPES SIMPLEX VIRUS 1 INFECTION,0.8393735123517816,11,701,131,6576,CCL5;CLSTN1;IFNGR1;IKBKG;IRAK4;POU2F2;PPP1CC;RNASEL;STAT1;TAB1;TLR3,1.0,False
KEGG,5,CELL ADHESION MOLECULE (CAM) INTERACTION,0.8445769897768874,10,701,121,6576,CD276;CD34;CD6;CLDN15;CLDN9;F11R;LRRC4C;NLGN3;NRXN1;VSIR,1.0,False
KEGG,5,MELANOGENESIS,0.8507078576947821,7,701,89,6576,ADCY7;CREB3L1;CREBBP;CTNNB1;WNT10B;WNT5A;WNT8A,1.0,False
KEGG,5,LONG-TERM DEPRESSION,0.8523528634781379,4,701,55,6576,GRID2;GUCY1B1;NANOS1;PLA2G4C,1.0,False
KEGG,5,NOTCH SIGNALING PATHWAY,0.8523528634781379,4,701,55,6576,CREBBP;ITCH;JAG2;KAT2B,1.0,False
KEGG,5,COBALAMIN TRANSPORT AND METABOLISM,0.8532055859660183,1,701,17,6576,CBLIF,1.0,False
KEGG,5,SELENOCOMPOUND METABOLISM,0.8532055859660183,1,701,17,6576,PAPSS1,1.0,False
KEGG,5,CHAGAS DISEASE,0.8585653914864209,7,701,90,6576,CCL5;CD3E;CLSTN1;IFNGR1;IKBKG;IRAK4;PPP2R2D,1.0,False
KEGG,5,HEPATOCELLULAR CARCINOMA,0.8669812973479348,12,701,146,6576,CLSTN1;CTNNB1;GADD45B;MGST3;SHC1;SMAD4;SMARCB1;SMARCC2;SMARCD1;WNT10B;WNT5A;WNT8A,1.0,False
KEGG,5,MTOR SIGNALING PATHWAY,0.8783532678168428,12,701,148,6576,ATP6V1G3;CASTOR1;CLSTN1;DEPTOR;EIF4E;RRAGC;SEH1L;TELO2;WDR59;WNT10B;WNT5A;WNT8A,1.0,False
KEGG,5,RETINOL METABOLISM,0.8809450511794409,2,701,33,6576,DHRS3;UGT1A1,1.0,False
KEGG,5,CYSTEINE AND METHIONINE METABOLISM,0.8820298231245203,3,701,46,6576,ADI1;MTAP;SBDS,1.0,False
KEGG,5,BIOSYNTHESIS OF VARIOUS NUCLEOTIDE SUGARS,0.8829085786551478,1,701,19,6576,UGDH,1.0,False
KEGG,5,LIPOIC ACID METABOLISM,0.8829085786551478,1,701,19,6576,ACSM1,1.0,False
KEGG,5,INSULIN SIGNALING PATHWAY,0.8831325043244196,10,701,127,6576,CLSTN1;CRK;EIF4E;PCK1;PPARGC1A;PPP1CC;PPP1R3E;PRKAG3;SHC1;SREBF1,1.0,False
KEGG,5,CGMP-PKG SIGNALING PATHWAY,0.883739833387193,12,701,149,6576,ADCY7;ATP1A4;ATP2A3;CREB3L1;GUCY1B1;KCNMB3;OPRD1;PPP1CC;PPP3R2;ROCK1;SLC8A3;VDAC2,1.0,False
KEGG,5,TOXOPLASMOSIS,0.8866901582617075,7,701,94,6576,IFNGR1;IKBKG;IRAK4;LAMB3;LAMC2;STAT1;TAB1,1.0,False
KEGG,5,NICOTINATE AND NICOTINAMIDE METABOLISM,0.8911136730326087,2,701,34,6576,NAMPT;NT5C,1.0,False
KEGG,5,AUTOIMMUNE THYROID DISEASE,0.8954266641153797,1,701,20,6576,TSHB,1.0,False
KEGG,5,PATHWAYS IN CANCER,0.9034702475487145,42,701,467,6576,ADCY7;ARHGEF11;ARNT2;BMP2;CCDC6;CDC42;CLSTN1;CREBBP;CRK;CTNNB1;CUL2;DAPK3;EGLN2;EPAS1;FGF4;GADD45B;GNB2;GNB5;GNG11;GNG13;GNG4;HIF1A;IFNGR1;IKBKG;IL13;IL6R;IL6ST;JAG2;LAMB3;LAMC2;LPAR1;MGST3;MIA3;RALA;RASGRP4;ROCK1;SMAD4;STAT1;TRAF4;WNT10B;WNT5A;WNT8A,1.0,False
KEGG,5,PROTEOGLYCANS IN CANCER,0.9086044935196064,15,701,187,6576,CDC42;CLSTN1;CTNNB1;FLNA;HIF1A;HPSE2;ITGB5;LUM;PPP1CC;PPP1R12C;PTPN6;ROCK1;WNT10B;WNT5A;WNT8A,1.0,False
KEGG,5,TRANSCRIPTIONAL MISREGULATION IN CANCER,0.912133779824863,12,701,155,6576,ARNT2;FUS;GADD45B;HMGA2;HOXA11;IGFBP3;MLLT1;NSD2;PAX3;PLAT;SPINT1;SS18L1,1.0,False
KEGG,5,WNT SIGNALING PATHWAY,0.912133779824863,12,701,155,6576,CREBBP;CSNK1E;CTNNB1;CXXC4;DKK1;PPP3R2;SMAD4;SOX17;WIF1;WNT10B;WNT5A;WNT8A,1.0,False
KEGG,5,N-GLYCAN BIOSYNTHESIS,0.9137625121890345,3,701,50,6576,DAD1;DPM1;MOGAT1,1.0,False
KEGG,5,SHIGELLOSIS,0.9137717939597575,17,701,210,6576,CCL5;CDC42;CLSTN1;CRK;DOCK1;IKBKG;PIK3C3;RIPK1;ROCK1;RRAGC;SEPTIN12;SEPTIN3;TAB1;TLR5;U2AF1;WASF2;WIPI1,1.0,False
KEGG,5,SMALL CELL LUNG CANCER,0.9138814167445084,6,701,87,6576,CLSTN1;GADD45B;IKBKG;LAMB3;LAMC2;TRAF4,1.0,False
KEGG,5,MATURITY ONSET DIABETES OF THE YOUNG,0.9165956045431403,1,701,22,6576,PDHX,1.0,False
KEGG,5,MALARIA,0.9169773901911423,2,701,37,6576,COMP;THBS3,1.0,False
KEGG,5,RIG-I-LIKE RECEPTOR SIGNALING PATHWAY,0.920378052054837,3,701,51,6576,IKBKG;RIPK1;RNF125,1.0,False
KEGG,5,BREAST CANCER,0.9220298705768658,10,701,135,6576,CLSTN1;CTNNB1;FGF4;GADD45B;JAG2;SHC1;TNFSF11;WNT10B;WNT5A;WNT8A,1.0,False
KEGG,5,HEPATITIS B,0.9220298705768658,10,701,135,6576,CLSTN1;CREB3L1;CREBBP;IKBKG;IRAK4;MAP2K7;SMAD4;STAT1;TAB1;TLR3,1.0,False
KEGG,5,OVARIAN STEROIDOGENESIS,0.9242318252809129,2,701,38,6576,ADCY7;PLA2G4C,1.0,False
KEGG,5,TYPE I DIABETES MELLITUS,0.9255163371057369,1,701,23,6576,GAD1,1.0,False
KEGG,5,HEMATOPOIETIC CELL LINEAGE,0.926953343948219,4,701,65,6576,CD34;CD3E;DNTT;IL6R,1.0,False
KEGG,5,P53 SIGNALING PATHWAY,0.926953343948219,4,701,65,6576,GADD45B;IGFBP3;REXO2;STEAP3,1.0,False
KEGG,5,OXYTOCIN SIGNALING PATHWAY,0.9334641547074998,10,701,138,6576,ADCY7;GUCY1B1;KCNJ5;KCNJ9;PLA2G4C;PPP1CC;PPP1R12C;PPP3R2;PRKAG3;ROCK1,1.0,False
KEGG,5,ENDOCYTOSIS,0.9361534260158116,17,701,217,6576,AGAP2;ARFGAP3;ARRB2;ASAP3;CDC42;EHD2;EPN1;GRK2;ITCH;MVB12A;PIP5K1B;RAB11FIP1;RAB35;RNF41;RUFY2;SH3GLB1;ZFYVE9,1.0,False
KEGG,5,ENDOMETRIAL CANCER,0.9375374614052222,3,701,54,6576,CLSTN1;CTNNB1;GADD45B,1.0,False
KEGG,5,PLATELET ACTIVATION,0.9377466703460552,8,701,116,6576,ADCY7;CLSTN1;GP6;GUCY1B1;LCP2;PLA2G4C;PPP1CC;ROCK1,1.0,False
KEGG,5,GNRH SIGNALING PATHWAY,0.9385854716457712,5,701,80,6576,ADCY7;CDC42;MAP2K7;MAP3K3;PLA2G4C,1.0,False
KEGG,5,MEASLES,0.9409156043920935,7,701,105,6576,CD3E;CLSTN1;IKBKG;IRAK4;STAT1;TLR7;TNFAIP3,1.0,False
KEGG,5,CHOLINE METABOLISM IN CANCER,0.9412693394718958,6,701,93,6576,CHKB;CLSTN1;HIF1A;PIP5K1B;PLA2G4C;WASF2,1.0,False
KEGG,5,RNA DEGRADATION,0.9415074546741524,4,701,68,6576,CNOT1;ENO3;LSM1;MTREX,1.0,False
KEGG,5,GLYCEROLIPID METABOLISM,0.942451957439477,3,701,55,6576,GPAT4;MOGAT1;PLPP5,1.0,False
KEGG,5,VARIOUS TYPES OF N-GLYCAN BIOSYNTHESIS,0.9425708135127169,2,701,41,6576,DAD1;MOGAT1,1.0,False
KEGG,5,ALDOSTERONE SYNTHESIS AND SECRETION,0.9427010701050876,5,701,81,6576,ADCY7;ATP1A4;CREB3L1;KCNJ5;NR4A2,1.0,False
KEGG,5,COLORECTAL CANCER,0.9427010701050876,5,701,81,6576,CLSTN1;CTNNB1;GADD45B;RALA;SMAD4,1.0,False
KEGG,5,LEGIONELLOSIS,0.9476842426001995,2,701,42,6576,SEC22B;TLR5,1.0,False
KEGG,5,AGE-RAGE SIGNALING PATHWAY IN DIABETIC COMPLICATIONS,0.9484996030758626,6,701,95,6576,AGER;CDC42;CLSTN1;SMAD4;STAT1;THBD,1.0,False
KEGG,5,C-TYPE LECTIN RECEPTOR SIGNALING PATHWAY,0.9484996030758626,6,701,95,6576,CLSTN1;IKBKG;KSR1;PLK3;PPP3R2;STAT1,1.0,False
KEGG,5,UBIQUITIN MEDIATED PROTEOLYSIS,0.9540435982521474,9,701,133,6576,ANAPC11;CUL2;ITCH;MGRN1;PIAS1;PIAS2;STUB1;UBE2L6;UBE3A,1.0,False
KEGG,5,ARGININE AND PROLINE METABOLISM,0.9566387533119418,2,701,44,6576,ALDH18A1;NANOS1,1.0,False
KEGG,5,ENDOCRINE AND OTHER FACTOR-REGULATED CALCIUM REABSORPTION,0.9566387533119418,2,701,44,6576,ATP1A4;SLC8A3,1.0,False
KEGG,5,GLYCOSYLPHOSPHATIDYLINOSITOL (GPI)-ANCHOR BIOSYNTHESIS,0.9577037030696149,1,701,28,6576,PIGW,1.0,False
KEGG,5,LONG-TERM POTENTIATION,0.958734739326414,3,701,59,6576,CREBBP;PPP1CC;PPP3R2,1.0,False
KEGG,5,PERTUSSIS,0.958734739326414,3,701,59,6576,CXCL6;IRAK4;IRF8,1.0,False
KEGG,5,CHEMICAL CARCINOGENESIS - RECEPTOR ACTIVATION,0.96014526581491,11,701,159,6576,ADCY7;ARRB2;CHRNA9;CLSTN1;CREB3L1;FGF4;MGST3;MIA3;PPARA;TNFSF11;UGT1A1,1.0,False
KEGG,5,IGSF CAM SIGNALING,0.9607671635964571,20,701,261,6576,CABLES2;CADM2;CD84;CDC42;CLSTN1;CTNNB1;F11R;GRIP2;KCNA1;KIRREL3;LCP2;LRRC4C;NLGN3;NPHS1;PTPN6;RAPGEF2;TUBA3C;TUBB;TUBB4B;UNC5B,1.0,False
KEGG,5,GASTRIC CANCER,0.9614674501714334,9,701,136,6576,CLSTN1;CTNNB1;FGF4;GADD45B;SHC1;SMAD4;WNT10B;WNT5A;WNT8A,1.0,False
KEGG,5,FRUCTOSE AND MANNOSE METABOLISM,0.9622317580708672,1,701,29,6576,ALDOB,1.0,False
KEGG,5,COCAINE ADDICTION,0.9641155899091712,2,701,46,6576,BDNF;CREB3L1,1.0,False
KEGG,5,MAPK SIGNALING PATHWAY,0.9655758881987019,22,701,286,6576,ARRB2;BDNF;CACNA1E;CDC42;CRK;DUSP2;FGF4;FLNA;GADD45B;IKBKG;IRAK4;MAP2K7;MAP3K3;MAP3K5;MAPT;PLA2G4C;PPP3R2;RAPGEF2;RASGRF1;RASGRF2;RASGRP4;TAB1,1.0,False
KEGG,5,ONE CARBON POOL BY FOLATE,0.9662756770554896,1,701,30,6576,SHMT2,1.0,False
KEGG,5,MICRORNAS IN CANCER,0.967831026525552,10,701,151,6576,CDC25C;CLSTN1;CREBBP;CRK;HMGA2;ROCK1;SHC1;ST14;TPM1;ZFPM2,1.0,False
KEGG,5,AMPHETAMINE ADDICTION,0.9679954427563014,3,701,62,6576,CREB3L1;PPP1CC;PPP3R2,1.0,False
KEGG,5,CENTRAL CARBON METABOLISM IN CANCER,0.9679954427563014,3,701,62,6576,CLSTN1;HIF1A;SLC1A5,1.0,False
KEGG,5,RENIN SECRETION,0.9679954427563014,3,701,62,6576,ADCYAP1R1;GUCY1B1;PPP3R2,1.0,False
KEGG,5,ERBB SIGNALING PATHWAY,0.968335678557015,4,701,76,6576,CLSTN1;CRK;MAP2K7;SHC1,1.0,False
KEGG,5,CUSHING SYNDROME,0.9696915846329773,9,701,140,6576,ADCY7;CREB3L1;CTNNB1;KCNK2;MIA3;NCEH1;WNT10B;WNT5A;WNT8A,1.0,False
KEGG,5,GASTRIC ACID SECRETION,0.9752690430819911,3,701,65,6576,ADCY7;ATP1A4;KCNK2,1.0,False
KEGG,5,GLIOMA,0.9809546279376115,3,701,68,6576,CLSTN1;GADD45B;SHC1,1.0,False
KEGG,5,MELANOMA,0.9809546279376115,3,701,68,6576,CLSTN1;FGF4;GADD45B,1.0,False
KEGG,5,EPSTEIN-BARR VIRUS INFECTION,0.9812105283297987,10,701,160,6576,CD3E;CLSTN1;GADD45B;IKBKG;IRAK4;MAP2K7;RIPK1;STAT1;TAB1;TNFAIP3,1.0,False
KEGG,5,PHOSPHOLIPASE D SIGNALING PATHWAY,0.9832875813924205,8,701,137,6576,ADCY7;CLSTN1;LPAR1;PIP5K1B;PLA2G4C;RALA;SHC1;SPHK1,1.0,False
KEGG,5,CALCIUM SIGNALING PATHWAY,0.9838275243299663,16,701,234,6576,ADCY7;ATP2A3;CACNA1E;DHX34;FGF4;GRPR;HTR4;HTR7;ITPKB;LTB4R2;MRLN;NANOS1;PPP3R2;SLC8A3;SPHK1;VDAC2,1.0,False
KEGG,5,BLADDER CANCER,0.9847441774082981,1,701,37,6576,DAPK3,1.0,False
KEGG,5,ANTIGEN PROCESSING AND PRESENTATION,0.9863796463847139,1,701,38,6576,HSPA4,1.0,False
KEGG,5,TRYPTOPHAN METABOLISM,0.9878400116163315,1,701,39,6576,HADHA,1.0,False
KEGG,5,OTHER TYPES OF O-GLYCAN BIOSYNTHESIS,0.9891439969088129,1,701,40,6576,EOGT,1.0,False
KEGG,5,AMOEBIASIS,0.9914582985290239,3,701,77,6576,CLSTN1;LAMB3;LAMC2,1.0,False
KEGG,5,SPLICEOSOME,0.9919219562868213,6,701,121,6576,CDC40;FUS;PRPF6;SNIP1;THOC6;U2AF1,1.0,False
KEGG,5,ACUTE MYELOID LEUKEMIA,0.9924487986940893,2,701,62,6576,CLSTN1;IKBKG,1.0,False
KEGG,5,VIRAL MYOCARDITIS,0.9950953962952416,1,701,47,6576,NANOS1,1.0,False
KEGG,5,NON-SMALL CELL LUNG CANCER,0.9962553626730896,2,701,69,6576,CLSTN1;GADD45B,1.0,False
KEGG,5,RAP1 SIGNALING PATHWAY,0.9963107775933769,11,701,198,6576,ADCY7;CDC42;CLSTN1;CRK;CTNNB1;FGF4;LCP2;LPAR1;RALA;RAPGEF2;RGS14,1.0,False
KEGG,5,AFRICAN TRYPANOSOMIASIS,1.0,0,701,27,6576,,1.0,False
KEGG,5,ALLOGRAFT REJECTION,1.0,0,701,17,6576,,1.0,False
KEGG,5,APOPTOSIS - MULTIPLE SPECIES,1.0,0,701,29,6576,,1.0,False
KEGG,5,D-AMINO ACID METABOLISM,1.0,0,701,5,6576,,1.0,False
KEGG,5,GLYCOSAMINOGLYCAN BIOSYNTHESIS - KERATAN SULFATE,1.0,0,701,13,6576,,1.0,False
KEGG,5,GLYCOSPHINGOLIPID BIOSYNTHESIS - GLOBO AND ISOGLOBO SERIES,1.0,0,701,14,6576,,1.0,False
KEGG,5,GLYCOSPHINGOLIPID BIOSYNTHESIS - LACTO AND NEOLACTO SERIES,1.0,0,701,23,6576,,1.0,False
KEGG,5,GRAFT-VERSUS-HOST DISEASE,1.0,0,701,14,6576,,1.0,False
KEGG,5,MANNOSE TYPE O-GLYCAN BIOSYNTHESIS,1.0,0,701,23,6576,,1.0,False
KEGG,5,MUCIN TYPE O-GLYCAN BIOSYNTHESIS,1.0,0,701,28,6576,,1.0,False
KEGG,5,PHOSPHONATE AND PHOSPHINATE METABOLISM,1.0,0,701,6,6576,,1.0,False
KEGG,5,RIBOFLAVIN METABOLISM,1.0,0,701,8,6576,,1.0,False
KEGG,5,STEROID BIOSYNTHESIS,1.0,0,701,19,6576,,1.0,False
KEGG,5,"VIRION - EBOLAVIRUS, LYSSAVIRUS AND MORBILLIVIRUS",1.0,0,701,8,6576,,1.0,False
KEGG,5,VIRION - HERPESVIRUS,1.0,0,701,6,6576,,1.0,False
KEGG,5,VITAMIN B6 METABOLISM,1.0,0,701,6,6576,,1.0,False
KEGG,6,GLYCOSPHINGOLIPID BIOSYNTHESIS - LACTO AND NEOLACTO SERIES,0.007698150742878589,7,695,23,6576,ABO;B3GNT2;B3GNT3;B4GALT1;B4GALT2;ST3GAL6;ST8SIA1,1.0,False
KEGG,6,BREAST CANCER,0.013740300822634808,23,695,135,6576,AKT3;CDK6;CDPF1;EGFR;FGF21;FZD6;FZD9;GSK3B;HES5;HEY1;JUN;NOTCH2;NRAS;PIK3R1;POLK;RPS6KB2;SHC3;TP53;WNT1;WNT2B;WNT7A;WNT7B;WNT9B,1.0,False
KEGG,6,MITOPHAGY - ANIMAL,0.014959827642434916,17,695,92,6576,BCL2L13;FKBP8;JUN;MFN1;NBR1;NRAS;RAB5C;RRAS;SAMM50;SMURF1;SQSTM1;TBC1D17;TOMM40;TOMM70;TP53;UBA52;USP8,1.0,False
KEGG,6,STAPHYLOCOCCUS AUREUS INFECTION,0.015647745036658826,11,695,51,6576,CFB;CFI;CHAMP1;FGG;FPR1;ITGB2;KRT10;KRT27;KRT40;KRT9;SELENOP,1.0,False
KEGG,6,COMPLEMENT AND COAGULATION CASCADES,0.018677931040159388,12,695,59,6576,A2M;BDKRB2;C8A;C8G;CFB;CFI;F5;FGG;ITGB2;PROCR;SERPINC1;TFPI,1.0,False
KEGG,6,ENDOCYTOSIS,0.019453449244985713,33,695,217,6576,ACAP1;ACTR2;AGAP1;ARFGAP1;ARFGEF2;ASAP2;CAPZA2;CCR5;CLTB;CXCR2;CYTH4;DNM2;EGFR;EHD1;EPS15;HGS;MVB12B;PARD6G;PLD2;PSD3;PSD4;RAB22A;RAB5C;SH3GL1;SH3GLB2;SMURF1;STAM;TRAF6;USP8;VPS28;VPS36;VPS4A;WASHC3,1.0,False
KEGG,6,OTHER TYPES OF O-GLYCAN BIOSYNTHESIS,0.021208489423440755,9,695,40,6576,B3GLCT;B4GALT1;B4GALT2;C1GALT1C1;COLGALT1;GALNT11;GALNT2;GALNT5;OGT,1.0,False
KEGG,6,BASAL CELL CARCINOMA,0.02393081905367384,12,695,61,6576,CDPF1;FZD6;FZD9;GLI2;GSK3B;POLK;TP53;WNT1;WNT2B;WNT7A;WNT7B;WNT9B,1.0,False
KEGG,6,PROGESTERONE-MEDIATED OOCYTE MATURATION,0.028534613688438303,15,695,84,6576,ADCY6;AKT3;ANAPC1;ANAPC16;CDC25A;CPEB2;FZR1;GNAI3;HSP90AA1;NRAS;PDE3B;PIK3R1;PLK1;RPS6KA3;RPS6KA6,1.0,False
KEGG,6,HEPATOCELLULAR CARCINOMA,0.032178341840146826,23,695,146,6576,AKT3;CDK6;CDPF1;DPF1;EGFR;FZD6;FZD9;GSK3B;GSTO2;KEAP1;NRAS;PIGU;PIK3R1;POLK;RPS6KB2;SHC3;TP53;TXNRD3;WNT1;WNT2B;WNT7A;WNT7B;WNT9B,1.0,False
KEGG,6,GLYCOSAMINOGLYCAN BIOSYNTHESIS - KERATAN SULFATE,0.04066082662721328,4,695,13,6576,B3GNT2;B4GALT1;B4GALT2;CHST2,1.0,False
KEGG,6,CHEMICAL CARCINOGENESIS - RECEPTOR ACTIVATION,0.04520479845111207,24,695,159,6576,ADCY6;AKT3;BIRC5;CACNA1C;CDC25A;CHRNA4;EGFR;EPHX1;GNAI3;GSTO2;HSP90AA1;HSP90B1;JUN;KLF5;KPNA1;NOTCH2;NRAS;PIK3R1;RPS6KA3;RPS6KA6;RPS6KB2;RXRB;WNT1;XIAP,1.0,False
KEGG,6,VIRAL PROTEIN INTERACTION WITH CYTOKINE AND CYTOKINE RECEPTOR,0.04735181278387248,11,695,60,6576,CCL22;CCR5;CCR9;CNOT6;CSF1;CXCR2;CXCR5;IL18;IL18R1;IL20;IL20RA,1.0,False
KEGG,6,GASTRIC CANCER,0.04748745580084874,21,695,136,6576,AKT3;CDPF1;EGFR;FGF21;FZD6;FZD9;FZR1;GSK3B;NRAS;PIGU;PIK3R1;POLK;RPS6KB2;RXRB;SHC3;TP53;WNT1;WNT2B;WNT7A;WNT7B;WNT9B,1.0,False
KEGG,6,ERBB SIGNALING PATHWAY,0.053664004251313874,13,695,76,6576,ABL1;AKT3;CDPF1;EGFR;EREG;GSK3B;HBEGF;JUN;NRAS;PIGU;PIK3R1;RPS6KB2;SHC3,1.0,False
KEGG,6,ENDOMETRIAL CANCER,0.05381804267386861,10,695,54,6576,AKT3;CDPF1;EGFR;FZR1;GSK3B;ILK;NRAS;PIK3R1;POLK;TP53,1.0,False
KEGG,6,POLYCOMB REPRESSIVE COMPLEX,0.05861661126220796,13,695,77,6576,AEBP2;ASXL1;ASXL3;CBX3;EED;L3MBTL4;OGT;PCGF6;PHC1;PHC3;RBBP7;SCMH1;SFMBT1,1.0,False
KEGG,6,MTOR SIGNALING PATHWAY,0.06149754840462553,22,695,148,6576,AKT3;ATP6V1G2;FNIP1;FZD6;FZD9;GRB10;GSK3B;LAMTOR2;LAMTOR3;NRAS;PIK3R1;RNF152;RPS6KA3;RPS6KA6;RPS6KB2;RRAGD;STRADB;WNT1;WNT2B;WNT7A;WNT7B;WNT9B,1.0,False
KEGG,6,CUSHING SYNDROME,0.06154663097778821,21,695,140,6576,ADCY6;CACNA1C;CDK6;CDKN2C;CDPF1;CRH;CYP11A1;EGFR;FZD6;FZD9;GNAI3;GSK3B;MC2R;PLCB2;RAP1B;USP8;WNT1;WNT2B;WNT7A;WNT7B;WNT9B,1.0,False
KEGG,6,SMALL CELL LUNG CANCER,0.07120258868727979,14,695,87,6576,AKT3;APAF1;CDK6;CDPF1;LAMA1;LAMB1;LAMC3;PIK3R1;POLK;RXRB;TP53;TRAF6;XIAP;ZBTB17,1.0,False
KEGG,6,CORONAVIRUS DISEASE - COVID-19,0.07286463191798706,23,695,159,6576,ACE;C8A;C8G;CFB;CSF2;EGFR;FGG;HBEGF;JUN;NFKBIB;PIK3R1;RPL13A;RPL15;RPL3L;RPL6;RPS18;RPS2;RPS23;RPS27L;RPS9;SELENOP;TRAF6;UBA52,1.0,False
KEGG,6,BIOSYNTHESIS OF UNSATURATED FATTY ACIDS,0.07503933523431201,5,695,22,6576,ACOT7;BAAT;HACD1;MUSK;SYCP2,1.0,False
KEGG,6,SHIGELLOSIS,0.07878989387555657,29,695,210,6576,ACTR2;AKT3;ATG16L1;CBX3;CSF2;CYTH4;EGFR;ELMO2;FNBP1L;GSK3B;IL18;IL1R1;ILK;JUN;NFKBIB;PFN4;PIK3R1;PLCB2;PLCD4;PYCARD;RPS6KB2;RRAGD;SEPTIN7;SEPTIN8;SQSTM1;TLN2;TP53;TRAF6;UBA52,1.0,False
KEGG,6,THYROID CANCER,0.07916718057632481,7,695,36,6576,CDPF1;FZR1;NRAS;POLK;RET;RXRB;TP53,1.0,False
KEGG,6,COLORECTAL CANCER,0.08145704911894164,13,695,81,6576,AKT3;BCL2L11;BIRC5;CDPF1;EGFR;EREG;GSK3B;JUN;NRAS;PIK3R1;POLK;RPS6KB2;TP53,1.0,False
KEGG,6,PD-L1 EXPRESSION AND PD-1 CHECKPOINT PATHWAY IN CANCER,0.08145704911894164,13,695,81,6576,AKT3;EGFR;JUN;NFATC1;NFKBIB;NFKBIE;NRAS;PDCD1;PIK3R1;PPP3R1;RPS6KB2;TICAM1;TRAF6,1.0,False
KEGG,6,ENDOCRINE AND OTHER FACTOR-REGULATED CALCIUM REABSORPTION,0.08695543936645553,8,695,44,6576,ADCY6;ATP1A3;ATP1B2;ATP2B3;BDKRB2;CLTB;DNM2;PLCB2,1.0,False
KEGG,6,MANNOSE TYPE O-GLYCAN BIOSYNTHESIS,0.08793054538623513,5,695,23,6576,B3GAT2;B4GALT1;B4GALT2;LARGE1;POMGNT1,1.0,False
KEGG,6,CYTOKINE-CYTOKINE RECEPTOR INTERACTION,0.08802431127628349,28,695,204,6576,CCL22;CCM2;CCR5;CCR9;CD70;CNOT6;CNTFR;CSF1;CSF2;CXCR2;CXCR5;EPOR;GDF3;IL12RB2;IL15;IL17RC;IL18;IL18R1;IL1R1;IL20;IL20RA;IL21R;OSMR;TNFRSF11B;TNFRSF19;TNFRSF21;TNFSF13;TNFSF18,1.0,False
KEGG,6,LIPID AND ATHEROSCLEROSIS,0.08923428599654772,24,695,171,6576,ABCG1;AKT3;APAF1;CASP6;GSK3B;HSP90AA1;HSP90B1;IL18;JUN;LY96;LYN;MIB1;NFATC1;NRAS;PIK3R1;PLCB2;PPP3R1;PYCARD;RAP1B;RXRB;SELENOP;TICAM1;TP53;TRAF6,1.0,False
KEGG,6,JAK-STAT SIGNALING PATHWAY,0.09516670124786185,18,695,123,6576,AKT3;AOX1;CCM2;CDPF1;CNTFR;CSF2;EGFR;EPOR;IL12RB2;IL15;IL20;IL20RA;IL21R;OSMR;PIK3R1;PTPN2;SOCS6;STAM,1.0,False
KEGG,6,FOLATE BIOSYNTHESIS,0.09674366857797702,4,695,17,6576,PCBD1;PTS;TACR1;TPH1,1.0,False
KEGG,6,APOPTOSIS,0.10167695314834493,17,695,116,6576,AKT3;APAF1;BCL2L11;BIRC5;CASP6;CFLAR;CTSB;CTSD;DAB2IP;FADD;JUN;NOL3;NRAS;PIK3R1;SPTAN1;TP53;XIAP,1.0,False
KEGG,6,STEROID HORMONE BIOSYNTHESIS,0.10209410155098401,6,695,31,6576,CYP11A1;CYP19A1;CYP2E1;DHRS11;HSD17B1;SRD5A2,1.0,False
KEGG,6,CYSTEINE AND METHIONINE METABOLISM,0.10659810227192389,8,695,46,6576,ENOPH1;KYAT1;MAT1A;PRNP;PSAT1;RAI1;SDSL;SRMS,1.0,False
KEGG,6,AMOEBIASIS,0.10858433856579072,12,695,77,6576,C8A;C8G;CSF2;GNA15;IL1R1;ITGB2;LAMA1;LAMB1;LAMC3;PIK3R1;PLCB2;RAB5C,1.0,False
KEGG,6,RIBOSOME,0.11312863542239386,18,695,126,6576,MRPL20;MRPL21;MRPL3;MRPL33;MRPL40;MRPL51;MRPS23;MRPS24;RPL13A;RPL15;RPL3L;RPL6;RPS18;RPS2;RPS23;RPS27L;RPS9;UBA52,1.0,False
KEGG,6,ESTROGEN SIGNALING PATHWAY,0.11437689608075938,17,695,118,6576,ADCY6;AKT3;CTSD;EGFR;GNAI3;HBEGF;HSP90AA1;HSP90B1;JUN;KRT10;KRT27;KRT40;KRT9;NRAS;PIK3R1;PLCB2;SHC3,1.0,False
KEGG,6,BACTERIAL INVASION OF EPITHELIAL CELLS,0.11577463297261,11,695,70,6576,ACTR2;CLTB;DNM2;ELMO2;ELMO3;FZR1;ILK;PIGU;PIK3R1;SEPTIN8;SHC3,1.0,False
KEGG,6,VITAMIN B6 METABOLISM,0.12555903213116082,2,695,6,6576,AOX1;PSAT1,1.0,False
KEGG,6,NEUROTROPHIN SIGNALING PATHWAY,0.12967407542558657,16,695,112,6576,ABL1;AKT3;GSK3B;JUN;MAP2K5;NFKBIB;NFKBIE;NRAS;PIGU;PIK3R1;RAP1B;RPS6KA3;RPS6KA6;SHC3;TP53;TRAF6,1.0,False
KEGG,6,PHOSPHOLIPASE D SIGNALING PATHWAY,0.13082594595336564,19,695,137,6576,ADCY6;AGPAT5;AKT3;CXCR2;CYTH4;DGKD;DNM2;EGFR;GNA12;GNA13;GRM3;NRAS;PIGU;PIK3R1;PLCB2;PLD2;RAPGEF4;RRAS;SHC3,1.0,False
KEGG,6,PATHWAYS IN CANCER,0.13304854290045337,57,695,467,6576,ABL1;ADCY6;AKT3;APAF1;BCL2L11;BCR;BDKRB2;BIRC5;CDK6;CDPF1;EGFR;EPOR;FADD;FGF21;FZD6;FZD9;FZR1;GLI2;GNA12;GNA13;GNAI3;GNB4;GNG3;GSK3B;GSTO2;HES5;HEY1;HSP90AA1;HSP90B1;IL12RB2;IL15;JUN;KEAP1;LAMA1;LAMB1;LAMC3;MECOM;NOTCH2;NRAS;PIK3R1;PLCB2;PLD2;PLEKHG5;POLK;RET;RPS6KB2;RXRB;TP53;TRAF6;TXNRD3;WNT1;WNT2B;WNT7A;WNT7B;WNT9B;XIAP;ZBTB17,1.0,False
KEGG,6,CHRONIC MYELOID LEUKEMIA,0.13401575423084264,11,695,72,6576,ABL1;AKT3;BCR;CDK6;CDPF1;MECOM;NRAS;PIK3R1;POLK;SHC3;TP53,1.0,False
KEGG,6,ALDOSTERONE-REGULATED SODIUM REABSORPTION,0.1432743662284519,6,695,34,6576,ATP1A3;ATP1B2;FXYD4;NRAS;PIK3R1;SCNN1B,1.0,False
KEGG,6,SPHINGOLIPID SIGNALING PATHWAY,0.14486564779988675,16,695,114,6576,ADORA3;AKT3;BDKRB2;CTSD;GNA12;GNA13;GNAI3;NRAS;ORMDL1;PIK3R1;PLCB2;PLD2;PPP2R2B;S1PR4;SPTSSB;TP53,1.0,False
KEGG,6,CHAGAS DISEASE,0.15103860347709053,13,695,90,6576,ACE;AKT3;BDKRB2;CFLAR;FADD;GNA15;GNAI3;JUN;PIK3R1;PLCB2;PPP2R2B;TICAM1;TRAF6,1.0,False
KEGG,6,VIRION - LASSA VIRUS AND SFTS VIRUS,0.15114028595741144,3,695,13,6576,MYH10;NRP2;PCDH1,1.0,False
KEGG,6,PANCREATIC SECRETION,0.15258731200288408,12,695,82,6576,ADCY6;ATP1A3;ATP1B2;ATP2B3;CD38;PLA2G12A;PLA2G2F;PLCB2;PNLIPRP1;PRSS58;RAP1B;SLC26A3,1.0,False
KEGG,6,B CELL RECEPTOR SIGNALING PATHWAY,0.15425224497050255,10,695,66,6576,AKT3;GSK3B;JUN;LYN;NFATC1;NFKBIB;NFKBIE;NRAS;PIK3R1;PPP3R1,1.0,False
KEGG,6,MUCIN TYPE O-GLYCAN BIOSYNTHESIS,0.16745762564244449,5,695,28,6576,B3GNT3;C1GALT1C1;GALNT11;GALNT2;GALNT5,1.0,False
KEGG,6,NEUROACTIVE LIGAND-RECEPTOR INTERACTION,0.17385175935273484,39,695,317,6576,ADM;ADORA3;BDKRB2;C1QTNF1;CHRNA4;CHRNE;CRH;FPR1;GABRA6;GALP;GNRHR;GPHB5;GPR35;GRIA1;GRIA4;GRIK4;GRM3;HRH2;MC2R;MCHR1;NPFFR2;NR3C1;P2RX2;P2RX3;P2RY1;PAQR6;PRLH;PRSS58;PTGDR;RXFP2;S1PR4;SSTR3;TAAR2;TAC1;TACR1;TBXA2R;TRH;UCN2;UCN3,1.0,False
KEGG,6,NOD-LIKE RECEPTOR SIGNALING PATHWAY,0.17417828039109987,17,695,126,6576,AIM2;ATG16L1;CHAMP1;CTSB;FADD;HSP90AA1;IL18;JUN;MFN1;NFKBIB;NLRP12;PLCB2;PSTPIP1;PYCARD;TICAM1;TRAF6;XIAP,1.0,False
KEGG,6,GLIOMA,0.17673163832236782,10,695,68,6576,AKT3;CAMK1G;CDK6;CDPF1;EGFR;NRAS;PIK3R1;POLK;SHC3;TP53,1.0,False
KEGG,6,MELANOMA,0.17673163832236782,10,695,68,6576,AKT3;CDK6;CDPF1;EGFR;FGF21;FZR1;NRAS;PIK3R1;POLK;TP53,1.0,False
KEGG,6,RNA DEGRADATION,0.17673163832236782,10,695,68,6576,BTG3;C1D;CNOT2;CNOT6;DCP1B;DCPS;DHX36;TENT4A;TENT4B;TOB1,1.0,False
KEGG,6,ARGININE AND PROLINE METABOLISM,0.17750080350300707,7,695,44,6576,ALDH2;HOGA1;OAT;P4HA1;PYCR2;RAI1;SRMS,1.0,False
KEGG,6,KAPOSI SARCOMA-ASSOCIATED HERPESVIRUS INFECTION,0.18563737205744724,20,695,153,6576,AKT3;CCR5;CDK6;CDPF1;CLEC1B;CNOT6;CSF2;FADD;GNB4;GNG3;GSK3B;JUN;LYN;NFATC1;NRAS;PIK3R1;PPP3R1;TICAM1;TP53;UBA52,1.0,False
KEGG,6,APOPTOSIS - MULTIPLE SPECIES,0.18596158057524362,5,695,29,6576,APAF1;BCL2L11;BIRC5;FADD;XIAP,1.0,False
KEGG,6,NON-SMALL CELL LUNG CANCER,0.1885138926001559,10,695,69,6576,AKT3;CDK6;CDPF1;EGFR;NRAS;PIK3R1;POLK;RET;RXRB;TP53,1.0,False
KEGG,6,BLADDER CANCER,0.19080840435182414,6,695,37,6576,CDPF1;EGFR;FZR1;HBEGF;NRAS;TP53,1.0,False
KEGG,6,BILE SECRETION,0.2037319089569025,9,695,62,6576,ABCB4;ADCY6;ATP1A3;ATP1B2;BAAT;EPHX1;MINDY4;NR1H4;SLC10A2,1.0,False
KEGG,6,RENIN SECRETION,0.2037319089569025,9,695,62,6576,ACE;ADCY6;CACNA1C;CTSB;GNAI3;MINDY4;PDE3B;PLCB2;PPP3R1,1.0,False
KEGG,6,ANTIGEN PROCESSING AND PRESENTATION,0.20785377147009665,6,695,38,6576,CIITA;CTSB;HSP90AA1;LGMN;NFYB;PDIA3,1.0,False
KEGG,6,HIPPO SIGNALING PATHWAY,0.21562715725934675,19,695,148,6576,BIRC5;CCN2;FZD6;FZD9;FZR1;GLI2;GSK3B;ID2;ITGB2;MOB1B;MPP2;PARD6G;PPP2R2B;SNAI2;WNT1;WNT2B;WNT7A;WNT7B;WNT9B,1.0,False
KEGG,6,TASTE TRANSDUCTION,0.21711317534615024,9,695,63,6576,ADCY6;CACNA1C;GABRA6;P2RX2;P2RX3;P2RY1;PLCB2;SCNN1B;TAS1R2,1.0,False
KEGG,6,LONG-TERM DEPRESSION,0.2207405344191264,8,695,55,6576,CRH;GNA12;GNA13;GNAI3;GRIA1;LYN;NRAS;PLCB2,1.0,False
KEGG,6,PEROXISOME,0.22075883626390688,11,695,80,6576,ACOX2;BAAT;DECR2;GLYAT;NUDT12;NUDT19;PEX13;PEX19;PEX2;PHYH;SYCP2,1.0,False
KEGG,6,DRUG METABOLISM - OTHER ENZYMES,0.22367670272065918,7,695,47,6576,CDA;CYP2E1;GSTO2;NME4;NME7;RRM1;UCKL1,1.0,False
KEGG,6,CGMP-PKG SIGNALING PATHWAY,0.22439201969090145,19,695,149,6576,ADCY6;ADORA3;AKT3;ATP1A3;ATP1B2;ATP2B3;BDKRB2;CACNA1C;GATA4;GNA12;GNA13;GNAI3;NFATC1;PDE3B;PLCB2;PPP1R12A;PPP3R1;RGS2;SLC25A4,1.0,False
KEGG,6,HUMAN CYTOMEGALOVIRUS INFECTION,0.2246942201373968,23,695,184,6576,ADCY6;AKT3;CCR5;CDK6;CDPF1;CXCR2;EGFR;FADD;GNA12;GNA13;GNAI3;GNB4;GNG3;GSK3B;IL1R1;NFATC1;NRAS;PDIA3;PIK3R1;PLCB2;PPP3R1;RPS6KB2;TP53,1.0,False
KEGG,6,CARBOHYDRATE DIGESTION AND ABSORPTION,0.22541329475328714,6,695,39,6576,AKT3;ATP1A3;ATP1B2;PIK3R1;PLCB2;TAS1R2,1.0,False
KEGG,6,MELANOGENESIS,0.2271378398171928,12,695,89,6576,ADCY6;FZD6;FZD9;GNAI3;GSK3B;NRAS;PLCB2;WNT1;WNT2B;WNT7A;WNT7B;WNT9B,1.0,False
KEGG,6,PRIMARY BILE ACID BIOSYNTHESIS,0.2352582273517379,3,695,16,6576,ACOX2;BAAT;SYCP2,1.0,False
KEGG,6,INFLUENZA A,0.24089083922951784,15,695,116,6576,AKT3;APAF1;CDK6;CIITA;CPSF4;DNAJC3;FADD;IL18;KPNA1;NFKBIB;PIK3R1;PRSS58;PYCARD;SLC25A4;TICAM1,1.0,False
KEGG,6,CHEMOKINE SIGNALING PATHWAY,0.2515980776863972,19,695,152,6576,ADCY6;AKT3;CCL22;CCR5;CCR9;CNOT6;CXCR2;CXCR5;GNAI3;GNB4;GNG3;GSK3B;LYN;NFKBIB;NRAS;PIK3R1;PLCB2;RAP1B;SHC3,1.0,False
KEGG,6,HEPATITIS C,0.25438226168591,16,695,126,6576,AKT3;APAF1;CDK6;CDPF1;CFLAR;CLDN6;CLDN7;EGFR;FADD;GSK3B;NRAS;PIK3R1;PPP2R2B;TICAM1;TP53;TRAF6,1.0,False
KEGG,6,THYROID HORMONE SYNTHESIS,0.259152178559428,9,695,66,6576,ADCY6;ATP1A3;ATP1B2;DUOX1;FBF1;HSP90B1;LRP2;PLCB2;TG,1.0,False
KEGG,6,HUMAN PAPILLOMAVIRUS INFECTION,0.26228434326861705,34,695,287,6576,AKT3;ATP6V1G2;CDK6;CDPF1;EGFR;FADD;FZD6;FZD9;GSK3B;HES3;HES5;HEY1;ITGB6;LAMA1;LAMB1;LAMC3;MPP2;NFX1;NOTCH2;NRAS;OASL;PARD6G;PIK3R1;PPP2R2B;PSMC1;RPS6KB2;THBS4;TICAM1;TP53;WNT1;WNT2B;WNT7A;WNT7B;WNT9B,1.0,False
KEGG,6,PANCREATIC CANCER,0.2657371480982133,10,695,75,6576,AKT3;CDK6;CDPF1;EGFR;NRAS;PIK3R1;PLD2;POLK;RPS6KB2;TP53,1.0,False
KEGG,6,RHEUMATOID ARTHRITIS,0.2737144830220505,9,695,67,6576,ACP5;ATP6V1G2;CSF1;CSF2;IL15;IL18;ITGB2;JUN;TNFSF13,1.0,False
KEGG,6,IL-17 SIGNALING PATHWAY,0.2795157881915652,10,695,76,6576,CSF2;FADD;GSK3B;HSP90AA1;HSP90B1;IL17RC;JUN;JUND;MAPK15;TRAF6,1.0,False
KEGG,6,LEGIONELLOSIS,0.2806230317133347,6,695,42,6576,APAF1;BCL2L13;CLK4;IL18;ITGB2;PYCARD,1.0,False
KEGG,6,LONG-TERM POTENTIATION,0.28204023024515024,8,695,59,6576,CACNA1C;GRIA1;NRAS;PLCB2;PPP3R1;RAP1B;RPS6KA3;RPS6KA6,1.0,False
KEGG,6,GALACTOSE METABOLISM,0.29286136333343005,4,695,26,6576,B4GALT1;B4GALT2;GALT;GANC,1.0,False
KEGG,6,C-TYPE LECTIN RECEPTOR SIGNALING PATHWAY,0.3004722809123504,12,695,95,6576,AKT3;BCL3;CCL22;CLEC1B;CLEC4E;JUN;NFATC1;NRAS;PIK3R1;PPP3R1;PYCARD;RRAS,1.0,False
KEGG,6,"PARATHYROID HORMONE SYNTHESIS, SECRETION AND ACTION",0.3029035385141163,13,695,104,6576,ADCY6;CDPF1;CYP27B1;EGFR;GNA12;GNA13;GNAI3;HBEGF;JUND;PLCB2;PLD2;RUNX2;RXRB,1.0,False
KEGG,6,THYROID HORMONE SIGNALING PATHWAY,0.3166423731821811,14,695,114,6576,AKT3;ATP1A3;ATP1B2;DIO3;GATA4;GSK3B;HDAC3;NOTCH2;NRAS;PIK3R1;PLCB2;PLCD4;RXRB;TP53,1.0,False
KEGG,6,FANCONI ANEMIA PATHWAY,0.3189731797958056,6,695,44,6576,EME1;FAAP24;FANCM;POLK;SLX4;UBE2T,1.0,False
KEGG,6,GLUTATHIONE METABOLISM,0.3189731797958056,6,695,44,6576,GSTO2;PRNP;RAI1;RRM1;SRMS;UBL4A,1.0,False
KEGG,6,MAPK SIGNALING PATHWAY,0.3206707043533194,33,695,286,6576,AKT3;CACNA1C;CACNG3;CSF1;DUSP12;DUSP6;ECSIT;EGFR;EREG;FGF21;GNA12;IL1R1;JUN;JUND;LAMTOR3;MAP2K5;MAP3K11;MAP3K2;MAPK8IP1;MECOM;NFATC1;NLK;NRAS;PPM1A;PPM1B;PPP3R1;RAP1B;RET;RPS6KA3;RPS6KA6;RRAS;TP53;TRAF6,1.0,False
KEGG,6,THIAMINE METABOLISM,0.3268846673161716,2,695,11,6576,AK2;THTPA,1.0,False
KEGG,6,GNRH SIGNALING PATHWAY,0.3364472100242988,10,695,80,6576,ADCY6;CACNA1C;EGFR;GNRHR;HBEGF;JUN;MAP3K2;NRAS;PLCB2;PLD2,1.0,False
KEGG,6,PLATELET ACTIVATION,0.34060961753350194,14,695,116,6576,ADCY6;AKT3;FERMT3;FGG;GNA13;GNAI3;LYN;P2RY1;PIK3R1;PLCB2;PPP1R12A;RAP1B;TBXA2R;TLN2,1.0,False
KEGG,6,SALIVARY SECRETION,0.3471191637743416,8,695,63,6576,ADCY6;ATP1A3;ATP1B2;ATP2B3;CD38;CHAMP1;PLCB2;VAMP2,1.0,False
KEGG,6,ALDOSTERONE SYNTHESIS AND SECRETION,0.3510231384379187,10,695,81,6576,ADCY6;ATP1A3;ATP1B2;ATP2B3;CACNA1C;CAMK1G;CYP11A1;KCNK9;MC2R;PLCB2,1.0,False
KEGG,6,MALARIA,0.35234413708571516,5,695,37,6576,C1D;IL18;ITGB2;SELENOP;THBS4,1.0,False
KEGG,6,CAMP SIGNALING PATHWAY,0.35482665890797604,24,695,208,6576,ADCY6;AKT3;ATP1A3;ATP1B2;ATP2B3;C1QTNF1;CACNA1C;CNGA4;CRH;GNAI3;GPHB5;GRIA1;GRIA4;HCN2;JUN;MC2R;NFATC1;PDE3B;PIK3R1;PLD2;PPP1R12A;RAP1B;RAPGEF4;RRAS,1.0,False
KEGG,6,CHOLESTEROL METABOLISM,0.35803453847129063,6,695,46,6576,APOA2;APOE;C1D;LRP2;OSBPL5;PLTP,1.0,False
KEGG,6,TRANSCRIPTIONAL MISREGULATION IN CANCER,0.3722975422137746,18,695,155,6576,CDKN2C;CDPF1;CSF2;DUSP6;ETV6;EYA1;FLII;ID2;JMJD1C;MEIS1;NFKBIZ;PAX5;POLK;RUNX2;RXRB;TP53;WT1;ZBTB17,1.0,False
KEGG,6,YERSINIA INFECTION,0.3772047212845235,14,695,119,6576,ACTR2;AKT3;BAIAP2;ELMO2;GSK3B;IL18;JUN;NFATC1;PIK3R1;PYCARD;RPS6KA3;RPS6KA6;TICAM1;TRAF6,1.0,False
KEGG,6,MINERAL ABSORPTION,0.37769666077626146,6,695,47,6576,ATP1A3;ATP1B2;ATP2B3;CYBRD1;SLC26A3;SLC30A1,1.0,False
KEGG,6,NEUTROPHIL EXTRACELLULAR TRAP FORMATION,0.3791587966049754,12,695,101,6576,AKT3;CHAMP1;FGG;FPR1;H2BC1;HAT1;HDAC3;ITGB2;PIK3R1;PLCB2;SELENOP;SLC25A4,1.0,False
KEGG,6,GLYCOSAMINOGLYCAN BIOSYNTHESIS - CHONDROITIN SULFATE / DERMATAN SULFATE,0.3856632253160533,3,695,21,6576,CHST7;CSGALNACT1;DSE,1.0,False
KEGG,6,PROXIMAL TUBULE BICARBONATE RECLAMATION,0.3856632253160533,3,695,21,6576,ATP1A3;ATP1B2;MINDY4,1.0,False
KEGG,6,CELLULAR SENESCENCE,0.3863300809783677,16,695,138,6576,AKT3;CDC25A;CDK6;CDPF1;GATA4;HIPK1;HIPK3;NFATC1;NRAS;PIK3R1;PPP3R1;RRAS;SLC25A4;SQSTM1;TP53;ZFP36L1,1.0,False
KEGG,6,OXYTOCIN SIGNALING PATHWAY,0.3863300809783677,16,695,138,6576,ADCY6;CACNA1C;CACNG3;CAMK1G;CD38;CDPF1;EGFR;GNAI3;JUN;MAP2K5;NFATC1;NRAS;PLCB2;PPP1R12A;PPP3R1;RGS2,1.0,False
KEGG,6,SIGNALING PATHWAYS REGULATING PLURIPOTENCY OF STEM CELLS,0.3879409580206964,15,695,129,6576,AKT3;FZD6;FZD9;GSK3B;ID2;ID3;MEIS1;NRAS;PCGF6;PIK3R1;WNT1;WNT2B;WNT7A;WNT7B;WNT9B,1.0,False
KEGG,6,METABOLISM OF XENOBIOTICS BY CYTOCHROME P450,0.3929340443704663,4,695,30,6576,CBR3;CYP2E1;EPHX1;GSTO2,1.0,False
KEGG,6,CHOLINE METABOLISM IN CANCER,0.393944663382417,11,695,93,6576,AKT3;DGKD;EGFR;GPCPD1;JUN;NRAS;PCYT1A;PIK3R1;PLD2;RPS6KB2;SLC44A5,1.0,False
KEGG,6,TRYPTOPHAN METABOLISM,0.3961223993672624,5,695,39,6576,ALDH2;AOX1;GLYAT;KYAT1;TPH1,1.0,False
KEGG,6,ATP-DEPENDENT CHROMATIN REMODELING,0.4080139627741987,11,695,94,6576,ACTR8;BICRAL;BPTF;CECR2;DPF1;MTA1;MTA2;PHF6;POLE3;RBBP7;YEATS4,1.0,False
KEGG,6,TOXOPLASMOSIS,0.4080139627741987,11,695,94,6576,AKT3;CCR5;CIITA;GNAI3;LAMA1;LAMB1;LAMC3;LY96;NFKBIB;TRAF6;XIAP,1.0,False
KEGG,6,LINOLEIC ACID METABOLISM,0.4154032169477345,3,695,22,6576,CYP2E1;PLA2G12A;PLA2G2F,1.0,False
KEGG,6,MATURITY ONSET DIABETES OF THE YOUNG,0.4154032169477345,3,695,22,6576,NKX6-1;NR5A2;PKLR,1.0,False
KEGG,6,GNRH SECRETION,0.4155975168725842,7,695,58,6576,AKT3;CACNA1C;HCN2;NRAS;PIK3R1;PLCB2;TRPC5,1.0,False
KEGG,6,SNARE INTERACTIONS IN VESICULAR TRANSPORT,0.41781536841689687,4,695,31,6576,STX4;VAMP2;VAMP4;VTI1B,1.0,False
KEGG,6,VIRION - HEPATITIS VIRUSES,0.41793529157814796,5,695,40,6576,CLDN6;CLDN7;DPP4;EGFR;VPS4A,1.0,False
KEGG,6,NUCLEOCYTOPLASMIC TRANSPORT,0.4248526883908527,10,695,86,6576,IPO11;IPO8;IPO9;KPNA1;NUP210L;NUP43;RNPS1;THOC1;THOC3;UPF1,1.0,False
KEGG,6,EPSTEIN-BARR VIRUS INFECTION,0.4264605310062039,18,695,160,6576,AKT3;APAF1;BCL2L11;CDK6;CDPF1;ENTPD1;FADD;JUN;LYN;NFKBIB;NFKBIE;PDIA3;PIK3R1;POLK;PSMC1;TP53;TRAF6;VIM,1.0,False
KEGG,6,CYTOSKELETON IN MUSCLE CELLS,0.4293176579581939,24,695,216,6576,ANKRD1;ATP1A3;ATP1B2;CAPZA2;COL5A1;FBLN2;FLNC;FMNL3;ITGB6;LAMA1;MYH10;MYH7B;MYOM3;MYOT;NEB;PLEC;SGCD;SPTAN1;THBS4;TLN2;TNNC2;TNNT3;TRIM63;VIM,1.0,False
KEGG,6,PERTUSSIS,0.43357638238012364,7,695,59,6576,GNAI3;ITGB2;JUN;LY96;PYCARD;TICAM1;TRAF6,1.0,False
KEGG,6,PATHOGENIC ESCHERICHIA COLI INFECTION,0.43419090526998066,19,695,170,6576,ABL1;ACTR2;BAIAP2;BRK1;CLDN6;CLDN7;CYTH4;FADD;GNA12;GNA13;IL18;IL1R1;JUN;MYH10;MYO6;NFKBIB;PYCARD;SEC24D;TRAF6,1.0,False
KEGG,6,INFLAMMATORY BOWEL DISEASE,0.4366017628319702,6,695,50,6576,IL12RB2;IL18;IL18R1;IL21R;JUN;NFATC1,1.0,False
KEGG,6,FAT DIGESTION AND ABSORPTION,0.43961320669184956,5,695,41,6576,FABP1;LIPF;PLA2G12A;PLA2G2F;PNLIPRP1,1.0,False
KEGG,6,ASCORBATE AND ALDARATE METABOLISM,0.44445556657537094,2,695,14,6576,ALDH2;HSD17B14,1.0,False
KEGG,6,GLYCOSPHINGOLIPID BIOSYNTHESIS - GLOBO AND ISOGLOBO SERIES,0.44445556657537094,2,695,14,6576,ABO;ST8SIA1,1.0,False
KEGG,6,AXON GUIDANCE,0.4447888770703816,19,695,171,6576,ABL1;EPHA1;FZD9;GNAI3;GSK3B;ILK;NEO1;NRAS;NTN1;PARD6G;PIK3R1;PLXNA3;PPP3R1;ROBO2;RRAS;SEMA3B;SEMA6A;SLIT3;TRPC5,1.0,False
KEGG,6,CHEMICAL CARCINOGENESIS - REACTIVE OXYGEN SPECIES,0.4447888770703816,19,695,171,6576,ABL1;AKT3;COX4I1;COX6A1;COX7A1;CYP2E1;EGFR;EPHX1;GLYAT;GSTO2;JUN;KEAP1;NDUFA8;NDUFS3;NRAS;PIK3R1;PLD2;PTPN1;SLC25A4,1.0,False
KEGG,6,PROSTATE CANCER,0.45023196175758373,11,695,97,6576,AKT3;CDPF1;EGFR;GSK3B;HSP90AA1;HSP90B1;INSRR;NRAS;PIK3R1;SRD5A2;TP53,1.0,False
KEGG,6,APELIN SIGNALING PATHWAY,0.451462846350531,14,695,125,6576,ADCY6;AKT3;CCN2;FZR1;GNA13;GNAI3;GNB4;GNG3;KLF2;NRAS;PDE3B;PLCB2;RPS6KB2;RRAS,1.0,False
KEGG,6,ADHERENS JUNCTION,0.45442860227121634,10,695,88,6576,BAIAP2;CCM2;EGFR;FZR1;NLK;PTPN1;RAP1B;RASIP1;SMURF1;SNAI2,1.0,False
KEGG,6,HEDGEHOG SIGNALING PATHWAY,0.45605403092813823,6,695,51,6576,CSNK1G3;GLI2;GSK3B;LRP2;SMURF1;SPOPL,1.0,False
KEGG,6,PYRIMIDINE METABOLISM,0.45605403092813823,6,695,51,6576,CDA;ENTPD1;NME4;NME7;RRM1;UCKL1,1.0,False
KEGG,6,"GROWTH HORMONE SYNTHESIS, SECRETION AND ACTION",0.45970822199320427,12,695,107,6576,ADCY6;AKT3;CACNA1C;GNAI3;GSK3B;MRAP2;NRAS;PIK3R1;PLCB2;POU1F1;SHC3;SSTR3,1.0,False
KEGG,6,RELAXIN SIGNALING PATHWAY,0.46830173240244805,13,695,117,6576,ADCY6;AKT3;EGFR;GNA15;GNAI3;GNB4;GNG3;JUN;NRAS;PIK3R1;PLCB2;RXFP2;SHC3,1.0,False
KEGG,6,GLUTAMATERGIC SYNAPSE,0.47307545614448543,12,695,108,6576,ADCY6;CACNA1C;GNAI3;GNB4;GNG3;GRIA1;GRIA4;GRIK4;GRM3;PLCB2;PLD2;PPP3R1,1.0,False
KEGG,6,CHEMICAL CARCINOGENESIS - DNA ADDUCTS,0.4733255508990643,3,695,24,6576,CYP2E1;EPHX1;GSTO2,1.0,False
KEGG,6,GLYCOSAMINOGLYCAN BIOSYNTHESIS - HEPARAN SULFATE / HEPARIN,0.4733255508990643,3,695,24,6576,EXTL2;HS3ST3A1;HS6ST2,1.0,False
KEGG,6,WNT SIGNALING PATHWAY,0.4742418115023281,17,695,155,6576,CHD8;FZD6;FZD9;GSK3B;JUN;LGR4;NFATC1;NLK;PLCB2;PPP3R1;PRICKLE4;TP53;WNT1;WNT2B;WNT7A;WNT7B;WNT9B,1.0,False
KEGG,6,T CELL RECEPTOR SIGNALING PATHWAY,0.486386954070894,12,695,109,6576,AKT3;CSF2;GSK3B;JUN;NFATC1;NFKBIB;NFKBIE;NRAS;PDCD1;PIK3R1;PPP2R2B;PPP3R1,1.0,False
KEGG,6,TNF SIGNALING PATHWAY,0.486386954070894,12,695,109,6576,AKT3;BCL3;CFLAR;CSF1;CSF2;DAB2IP;FADD;IL15;IL18R1;JUN;PIK3R1;XIAP,1.0,False
KEGG,6,AMPHETAMINE ADDICTION,0.48691519341307304,7,695,62,6576,ARC;CACNA1C;GRIA1;GRIA4;JUN;PPP3R1;SLC18A1,1.0,False
KEGG,6,CENTRAL CARBON METABOLISM IN CANCER,0.48691519341307304,7,695,62,6576,AKT3;EGFR;NRAS;PIK3R1;RET;TP53;UBL4A,1.0,False
KEGG,6,PHOSPHONATE AND PHOSPHINATE METABOLISM,0.4885312435598944,1,695,6,6576,PCYT1A,1.0,False
KEGG,6,NICOTINATE AND NICOTINAMIDE METABOLISM,0.49069471661055764,4,695,34,6576,AOX1;CD38;NMNAT1;NUDT12,1.0,False
KEGG,6,FLUID SHEAR STRESS AND ATHEROSCLEROSIS,0.4938409994936509,13,695,119,6576,AKT3;DUSP12;GSTO2;HSP90AA1;HSP90B1;IL1R1;JUN;KEAP1;KLF2;MAP2K5;PIK3R1;SQSTM1;TP53,1.0,False
KEGG,6,CYTOSOLIC DNA-SENSING PATHWAY,0.4944309013252073,6,695,53,6576,AIM2;FADD;IL18;NFKBIB;POLR3E;PYCARD,1.0,False
KEGG,6,IGSF CAM SIGNALING,0.4969476043183384,28,695,261,6576,ABL1;ACTR2;AKT3;BAIAP2;CNTN1;CNTN2;DOK1;EPB41L1;FGG;FZR1;GSK3B;ITGB2;LYN;METAP2;MYH10;NRP2;NTN1;PARD6G;PIK3R1;PLXNA3;RAP1B;ROBO2;SLIT3;SLITRK4;SLITRK6;SPTAN1;TJP2;TRAF6,1.0,False
KEGG,6,HUMAN T-CELL LEUKEMIA VIRUS 1 INFECTION,0.49854061906326164,21,695,195,6576,ADCY6;AKT3;ANAPC1;ANAPC16;CDKN2C;CDPF1;CRTC3;CSF2;IL15;IL1R1;ITGB2;JUN;NFATC1;NFYB;NRAS;PIK3R1;PPP3R1;SLC25A4;TLN2;TP53;XIAP,1.0,False
KEGG,6,ALCOHOLIC LIVER DISEASE,0.49962892940041886,12,695,110,6576,ACADVL;AKT3;ALDH2;CYP2E1;FABP1;FADD;GSK3B;IL17RC;LY96;TICAM1;TRA2A;TRAF6,1.0,False
KEGG,6,PROLACTIN SIGNALING PATHWAY,0.5043896971179149,7,695,63,6576,AKT3;GALT;GSK3B;NRAS;PIK3R1;SHC3;SOCS6,1.0,False
KEGG,6,RENAL CELL CARCINOMA,0.5043896971179149,7,695,63,6576,AKT3;CDPF1;JUN;NRAS;PIGU;PIK3R1;RAP1B,1.0,False
KEGG,6,HORMONE SIGNALING,0.5085015002411509,21,695,196,6576,ADCY6;C1QTNF1;CRH;EPOR;GNA12;GNA13;GNA15;GNAI3;GNB4;GNG3;GNRHR;MC2R;MCHR1;PIK3R1;PLCB2;PRLH;RAPGEF4;SSTR3;TRH;UCN2;UCN3,1.0,False
KEGG,6,OSTEOCLAST DIFFERENTIATION,0.5127880769638528,12,695,111,6576,ACP5;AKT3;CSF1;IL1R1;JUN;JUND;NFATC1;PIK3R1;PPP3R1;SQSTM1;TNFRSF11B;TRAF6,1.0,False
KEGG,6,AUTOPHAGY - ANIMAL,0.5130082633283646,16,695,149,6576,AKT3;ATG16L1;CFLAR;CTSB;CTSD;GORASP1;NBR1;NRAS;PIK3R1;RPS6KB2;RRAGD;RRAS;SQSTM1;TRAF6;UBA52;WDR41,1.0,False
KEGG,6,CELL CYCLE,0.5130082633283646,16,695,149,6576,ABL1;ANAPC1;ANAPC16;ATRX;CDC25A;CDK6;CDKN2C;CDPF1;FZR1;GSK3B;NDC80;ORC3;PLK1;STAG2;TP53;ZBTB17,1.0,False
KEGG,6,LONGEVITY REGULATING PATHWAY - MULTIPLE SPECIES,0.5132805573877383,6,695,54,6576,ADCY6;AKT3;GLYAT;NRAS;PIK3R1;RPS6KB2,1.0,False
KEGG,6,PROTEOGLYCANS IN CANCER,0.5133661951570965,20,695,187,6576,AKT3;ANK1;CDPF1;EGFR;FZD6;FZD9;HBEGF;NRAS;PIGU;PIK3R1;PPP1R12A;RPS6KB2;RRAS;TIMP3;TP53;WNT1;WNT2B;WNT7A;WNT7B;WNT9B,1.0,False
KEGG,6,AMINO SUGAR AND NUCLEOTIDE SUGAR METABOLISM,0.5141620798062596,4,695,35,6576,FPGT;GALK2;GALT;UAP1L1,1.0,False
KEGG,6,SPLICEOSOME,0.5191096438925727,13,695,121,6576,CCDC12;HNRNPU;RP9;SF3B6;SNRNP27;SNRPE;SRSF6;SYF2;TCERG1;THOC1;THOC3;TRA2A;YJU2,1.0,False
KEGG,6,INSULIN RESISTANCE,0.519610411407011,11,695,102,6576,AKT3;GSK3B;MLXIP;OGT;PIK3R1;PPARGC1B;PTPN1;PYGM;RPS6KA3;RPS6KA6;RPS6KB2,1.0,False
KEGG,6,STARCH AND SUCROSE METABOLISM,0.5284777283159091,3,695,26,6576,AGL;GANC;PYGM,1.0,False
KEGG,6,GLYCEROLIPID METABOLISM,0.5318591277708306,6,695,55,6576,AGPAT5;ALDH2;DGKD;GPAM;LIPF;PNLIPRP1,1.0,False
KEGG,6,BASAL TRANSCRIPTION FACTORS,0.5371179667803463,4,695,36,6576,ERCC2;TAF10;TAF11;TAF5L,1.0,False
KEGG,6,PPAR SIGNALING PATHWAY,0.5387102562881214,7,695,65,6576,ACOX2;APOA2;FABP1;ILK;PLTP;RXRB;SYCP2,1.0,False
KEGG,6,REGULATION OF ACTIN CYTOSKELETON,0.5424578291607909,22,695,209,6576,ACTR2;AKT3;BAIAP2;BDKRB2;BRK1;C8A;C8G;EGFR;FGD1;FGF21;GNA12;GNA13;INSRR;IQGAP3;ITGB2;ITGB6;MYH10;NRAS;PFN4;PIK3R1;PPP1R12A;RRAS,1.0,False
KEGG,6,INSULIN SECRETION,0.5447775237746797,8,695,75,6576,ADCY6;ATP1A3;ATP1B2;C1QTNF1;CACNA1C;PLCB2;RAPGEF4;VAMP2,1.0,False
KEGG,6,COBALAMIN TRANSPORT AND METABOLISM,0.549732818487367,2,695,17,6576,CD320;ZNF76,1.0,False
KEGG,6,SELENOCOMPOUND METABOLISM,0.549732818487367,2,695,17,6576,KYAT1;TXNRD3,1.0,False
KEGG,6,INTEGRIN SIGNALING,0.5534795667241386,15,695,143,6576,AKT3;EGFR;FERMT3;FGG;FZR1;GSK3B;ILK;ITGB2;ITGB6;LAMA1;LAMB1;LAMC3;PIK3R1;THBS4;TLN2,1.0,False
KEGG,6,OLFACTORY TRANSDUCTION,0.55951479462212,4,695,37,6576,CNGA4;GUCY2D;RGS2;SLC24A4,1.0,False
KEGG,6,PYRUVATE METABOLISM,0.55951479462212,4,695,37,6576,ALDH2;DLAT;GRHPR;PKLR,1.0,False
KEGG,6,NEUROACTIVE LIGAND SIGNALING,0.5595774416933522,19,695,182,6576,ADCY6;ADORA3;CHRNA4;GABRA6;GNAI3;GNB4;GNG3;GRIA1;GRIA4;GRIK4;GRM3;HRH2;P2RX2;P2RX3;P2RY1;PLCB2;SLC18A1;TAC1;TACR1,1.0,False
KEGG,6,ETHER LIPID METABOLISM,0.5639236908062233,5,695,47,6576,LPCAT1;PEDS1;PLA2G12A;PLA2G2F;PLD2,1.0,False
KEGG,6,GAP JUNCTION,0.5757850488282295,8,695,77,6576,ADCY6;EGFR;GJD2;GNAI3;MAP2K5;MAP3K2;NRAS;PLCB2,1.0,False
KEGG,6,DRUG METABOLISM - CYTOCHROME P450,0.5802599806897475,3,695,28,6576,AOX1;CYP2E1;GSTO2,1.0,False
KEGG,6,GLYCOSYLPHOSPHATIDYLINOSITOL (GPI)-ANCHOR BIOSYNTHESIS,0.5802599806897475,3,695,28,6576,PIGK;PIGU;PIGV,1.0,False
KEGG,6,PROTEIN EXPORT,0.5802599806897475,3,695,28,6576,SEC61A2;SRP72;UBL4A,1.0,False
KEGG,6,NICOTINE ADDICTION,0.5813122273159641,4,695,38,6576,CHRNA4;GABRA6;GRIA1;GRIA4,1.0,False
KEGG,6,OVARIAN STEROIDOGENESIS,0.5813122273159641,4,695,38,6576,ADCY6;CYP11A1;CYP19A1;HSD17B1,1.0,False
KEGG,6,VIRAL LIFE CYCLE - HIV-1,0.5832895189067011,5,695,48,6576,CCR5;HGS;METAP1;SUPT5H;VPS4A,1.0,False
KEGG,6,RIBOFLAVIN METABOLISM,0.5910254424219162,1,695,8,6576,ACP5,1.0,False
KEGG,6,NON-ALCOHOLIC FATTY LIVER DISEASE,0.5954070702810585,14,695,137,6576,AKT3;BCL2L11;COX4I1;COX6A1;COX7A1;CYP2E1;GSK3B;JUN;MAP3K11;MLXIP;NDUFA8;NDUFS3;PIK3R1;PKLR,1.0,False
KEGG,6,TUBERCULOSIS,0.5954070702810585,14,695,137,6576,AKT3;APAF1;CHAMP1;CIITA;CLEC4E;CTSD;CYP27B1;FADD;IL18;ITGB2;NFYB;PPP3R1;RAB5C;TRAF6,1.0,False
KEGG,6,GLYOXYLATE AND DICARBOXYLATE METABOLISM,0.6047632820686455,3,695,29,6576,GLYAT;GRHPR;HOGA1,1.0,False
KEGG,6,INTESTINAL IMMUNE NETWORK FOR IGA PRODUCTION,0.6047632820686455,3,695,29,6576,CCR9;IL15;TNFSF13,1.0,False
KEGG,6,BIOSYNTHESIS OF VARIOUS NUCLEOTIDE SUGARS,0.6117190252171768,2,695,19,6576,NANP;UAP1L1,1.0,False
KEGG,6,LIPOIC ACID METABOLISM,0.6117190252171768,2,695,19,6576,DLAT;LIPT2,1.0,False
KEGG,6,CORNIFIED ENVELOPE FORMATION,0.6199862317833502,15,695,149,6576,CDSN;CLDN6;CLDN7;EVPL;KRT10;KRT27;KRT40;KRT71;KRT73;KRT9;PADI2;PLEC;PPP2R2B;S100A14;S100A3,1.0,False
KEGG,6,MRNA SURVEILLANCE PATHWAY,0.620383160634012,8,695,80,6576,CPSF4;CSTF2;ETF1;GSPT2;PPP2R2B;RNGTT;RNPS1;UPF1,1.0,False
KEGG,6,RAP1 SIGNALING PATHWAY,0.6211235853656744,20,695,198,6576,ADCY6;AKT3;CSF1;EGFR;FGF21;FPR1;FZR1;GNAI3;ITGB2;NRAS;P2RY1;PARD6G;PFN4;PIK3R1;PLCB2;RAP1B;RAPGEF4;RAPGEF5;RRAS;TLN2,1.0,False
KEGG,6,ABC TRANSPORTERS,0.6229813888041283,4,695,40,6576,ABCA2;ABCA7;ABCB4;ABCG1,1.0,False
KEGG,6,ALCOHOLISM,0.6240251986184906,11,695,110,6576,CRH;GNAI3;GNB4;GNG3;H2BC1;HAT1;HDAC3;NRAS;SHC3;SLC18A1;SLC29A3,1.0,False
KEGG,6,LYSOSOME,0.6255646360077154,12,695,120,6576,ABCA2;ACP5;AP3D1;AP4B1;CLTB;CTSB;CTSD;CTSE;GALNS;LGMN;MFSD8;NAPSA,1.0,False
KEGG,6,ONE CARBON POOL BY FOLATE,0.6282998640351093,3,695,30,6576,GART;MAT1A;MTHFD1L,1.0,False
KEGG,6,FC EPSILON RI SIGNALING PATHWAY,0.636136115728418,6,695,61,6576,AKT3;ALOX5AP;CSF2;LYN;NRAS;PIK3R1,1.0,False
KEGG,6,CELL ADHESION MOLECULE (CAM) INTERACTION,0.6372844516534192,12,695,121,6576,CLDN6;CLDN7;CNTN1;CNTN2;FZR1;ITGB2;NEGR1;NEO1;PDCD1;SELENOP;SLITRK4;SLITRK6,1.0,False
KEGG,6,REGULATION OF LIPOLYSIS IN ADIPOCYTES,0.6384640897520537,5,695,51,6576,ADCY6;AKT3;GNAI3;PDE3B;PIK3R1,1.0,False
KEGG,6,FOLATE TRANSPORT AND METABOLISM,0.6401789442583827,2,695,20,6576,SLC22A6;SLCO2B1,1.0,False
KEGG,6,RENIN-ANGIOTENSIN SYSTEM,0.6401789442583827,2,695,20,6576,ACE;PITRM1,1.0,False
KEGG,6,VASOPRESSIN-REGULATED WATER REABSORPTION,0.6428049760595097,4,695,41,6576,ADCY6;RAB5C;STX4;VAMP2,1.0,False
KEGG,6,TH17 CELL DIFFERENTIATION,0.6481119745160657,9,695,92,6576,HSP90AA1;IL1R1;IL21R;JUN;NFATC1;NFKBIB;NFKBIE;PPP3R1;RXRB,1.0,False
KEGG,6,NATURAL KILLER CELL MEDIATED CYTOTOXICITY,0.6499147985320768,7,695,72,6576,CSF2;ITGB2;NFATC1;NRAS;PIK3R1;PPP3R1;SHC3,1.0,False
KEGG,6,ACUTE MYELOID LEUKEMIA,0.6521240716907761,6,695,62,6576,AKT3;CSF2;DUSP6;NRAS;PIK3R1;RPS6KB2,1.0,False
KEGG,6,CHOLINERGIC SYNAPSE,0.660370401476016,10,695,103,6576,ADCY6;AKT3;CACNA1C;CHRNA4;GNAI3;GNB4;GNG3;NRAS;PIK3R1;PLCB2,1.0,False
KEGG,6,UBIQUITIN MEDIATED PROTEOLYSIS,0.6604432160201501,13,695,133,6576,ANAPC1;ANAPC16;FBXW7;FZR1;KEAP1;SMURF1;TRAF6;UBA52;UBE2C;UBE2J2;UBE2Q1;UBR5;XIAP,1.0,False
KEGG,6,EPITHELIAL CELL SIGNALING IN HELICOBACTER PYLORI INFECTION,0.6827797130189462,6,695,64,6576,ATP6V1G2;CXCR2;EGFR;HBEGF;JUN;LYN,1.0,False
KEGG,6,MEASLES,0.6843094378097132,10,695,105,6576,AKT3;APAF1;CDK6;FADD;GSK3B;JUN;NFKBIB;PIK3R1;TP53;TRAF6,1.0,False
KEGG,6,SEROTONERGIC SYNAPSE,0.6861598132781082,9,695,95,6576,CACNA1C;DUSP12;GNAI3;GNB4;GNG3;NRAS;PLCB2;SLC18A1;TPH1,1.0,False
KEGG,6,CORTISOL SYNTHESIS AND SECRETION,0.6888884357044494,5,695,54,6576,ADCY6;CACNA1C;CYP11A1;MC2R;PLCB2,1.0,False
KEGG,6,ALPHA-LINOLENIC ACID METABOLISM,0.6921267581301381,2,695,22,6576,PLA2G12A;PLA2G2F,1.0,False
KEGG,6,PHOTOTRANSDUCTION,0.6921267581301381,2,695,22,6576,GNAT2;GUCY2D,1.0,False
KEGG,6,CARDIAC MUSCLE CONTRACTION,0.6923790196208959,7,695,75,6576,ATP1A3;ATP1B2;CACNA1C;CACNG3;COX4I1;COX6A1;COX7A1,1.0,False
KEGG,6,RAS SIGNALING PATHWAY,0.6926847397696909,21,695,216,6576,ABL1;AKT3;CSF1;EGFR;FGF21;GNB4;GNG3;KSR2;NRAS;PIGU;PIK3R1;PLA2G12A;PLA2G2F;PLD2;RAB5C;RAP1B;RAPGEF5;RASA3;RASAL1;RRAS;SHC3,1.0,False
KEGG,6,GASTRIC ACID SECRETION,0.6974308442119111,6,695,65,6576,ADCY6;ATP1A3;ATP1B2;GNAI3;HRH2;PLCB2,1.0,False
KEGG,6,HEMATOPOIETIC CELL LINEAGE,0.6974308442119111,6,695,65,6576,CD37;CD38;CSF1;CSF2;EPOR;IL1R1,1.0,False
KEGG,6,P53 SIGNALING PATHWAY,0.6974308442119111,6,695,65,6576,APAF1;CDK6;CDPF1;SIVA1;TP53;ZMAT3,1.0,False
KEGG,6,SYSTEMIC LUPUS ERYTHEMATOSUS,0.6980589806119291,4,695,44,6576,C8A;C8G;H2BC1;TRIM21,1.0,False
KEGG,6,FC GAMMA R-MEDIATED PHAGOCYTOSIS,0.7014614557675389,8,695,86,6576,ACTR2;AKT3;ASAP2;DNM2;LYN;PIK3R1;PLD2;RPS6KB2,1.0,False
KEGG,6,SYNAPTIC VESICLE CYCLE,0.705768381051308,7,695,76,6576,ATP6V1G2;CLTB;CPLX2;DNM2;NAPSA;SLC18A1;VAMP2,1.0,False
KEGG,6,VIBRIO CHOLERAE INFECTION,0.715051421599939,4,695,45,6576,ATP6V1G2;KDELR3;SEC61A2;TJP2,1.0,False
KEGG,6,GLYCEROPHOSPHOLIPID METABOLISM,0.7215771811669409,9,695,98,6576,AGPAT5;DGKD;GPAM;GPCPD1;LPCAT1;PCYT1A;PLA2G12A;PLA2G2F;PLD2,1.0,False
KEGG,6,NECROPTOSIS,0.7290265458621241,10,695,109,6576,CFLAR;FADD;HSP90AA1;PYCARD;PYGM;SLC25A4;SQSTM1;TICAM1;VPS4A;XIAP,1.0,False
KEGG,6,"GLYCINE, SERINE AND THREONINE METABOLISM",0.7311482889066936,3,695,35,6576,GRHPR;PSAT1;SDSL,1.0,False
KEGG,6,ARACHIDONIC ACID METABOLISM,0.7313313375015691,4,695,46,6576,CBR3;CYP2E1;PLA2G12A;PLA2G2F,1.0,False
KEGG,6,COCAINE ADDICTION,0.7313313375015691,4,695,46,6576,GNAI3;GRM3;JUN;SLC18A1,1.0,False
KEGG,6,CIRCADIAN ENTRAINMENT,0.7375236739415457,8,695,89,6576,ADCY6;CACNA1C;GNAI3;GNB4;GNG3;GRIA1;GRIA4;PLCB2,1.0,False
KEGG,6,UBIQUINONE AND OTHER TERPENOID-QUINONE BIOSYNTHESIS,0.7385692002758375,1,695,12,6576,COQ7,1.0,False
KEGG,6,TH1 AND TH2 CELL DIFFERENTIATION,0.7435802574947994,7,695,79,6576,IL12RB2;JUN;NFATC1;NFKBIB;NFKBIE;NOTCH2;PPP3R1,1.0,False
KEGG,6,VIRAL MYOCARDITIS,0.7469041418453221,4,695,47,6576,ABL1;ITGB2;LAMA1;SGCD,1.0,False
KEGG,6,RETROGRADE ENDOCANNABINOID SIGNALING,0.7524140207312309,12,695,132,6576,ADCY6;CACNA1C;FA2H;GABRA6;GNAI3;GNB4;GNG3;GRIA1;GRIA4;NDUFA8;NDUFS3;PLCB2,1.0,False
KEGG,6,TOLL-LIKE RECEPTOR SIGNALING PATHWAY,0.755393677741724,7,695,80,6576,AKT3;FADD;JUN;LY96;PIK3R1;TICAM1;TRAF6,1.0,False
KEGG,6,DOPAMINERGIC SYNAPSE,0.7557115990255424,11,695,122,6576,AKT3;CACNA1C;GNAI3;GNB4;GNG3;GRIA1;GRIA4;GSK3B;PLCB2;PPP2R2B;SLC18A1,1.0,False
KEGG,6,FOXO SIGNALING PATHWAY,0.7557115990255424,11,695,122,6576,AKT3;BCL2L11;CDPF1;EGFR;GLYAT;KLF2;NLK;NRAS;PIK3R1;PLK1;S1PR4,1.0,False
KEGG,6,FATTY ACID ELONGATION,0.7582880290264264,2,695,25,6576,ACOT7;HACD1,1.0,False
KEGG,6,PURINE METABOLISM,0.7596985145892936,10,695,112,6576,ADCY6;AK2;ENTPD1;GART;GUCY2D;NME4;NME7;PDE3B;PDE7A;RRM1,1.0,False
KEGG,6,HOMOLOGOUS RECOMBINATION,0.7654879339068693,3,695,37,6576,ABRAXAS1;EME1;RAD51B,1.0,False
KEGG,6,SALMONELLA INFECTION,0.7693901192957793,20,695,216,6576,ACTR2;AKT3;BRK1;CYTH4;DNM2;DYNLRB1;ELMO2;FADD;HSP90AA1;HSP90B1;IL18;JUN;KPNA1;LY96;MYO6;PFN4;PYCARD;RAB5C;RRAS;TRAF6,1.0,False
KEGG,6,RNA POLYMERASE,0.7774388874189695,2,695,26,6576,POLR2G;POLR3E,1.0,False
KEGG,6,HEPATITIS B,0.7790820946111559,12,695,135,6576,AKT3;APAF1;BIRC5;CDPF1;FADD;JUN;NFATC1;NRAS;PIK3R1;TICAM1;TP53;TRAF6,1.0,False
KEGG,6,LONGEVITY REGULATING PATHWAY,0.7884740838647075,7,695,83,6576,ADCY6;AKT3;GLYAT;NRAS;PIK3R1;RPS6KB2;TP53,1.0,False
KEGG,6,TAURINE AND HYPOTAURINE METABOLISM,0.7910030301746557,1,695,14,6576,BAAT,1.0,False
KEGG,6,AFRICAN TRYPANOSOMIASIS,0.7952485424890959,2,695,27,6576,IL18;PLCB2,1.0,False
KEGG,6,HIPPO SIGNALING PATHWAY - MULTIPLE SPECIES,0.7952485424890959,2,695,27,6576,MOB1B;RASSF4,1.0,False
KEGG,6,PENTOSE PHOSPHATE PATHWAY,0.7952485424890959,2,695,27,6576,IDNK;UBL4A,1.0,False
KEGG,6,VASCULAR SMOOTH MUSCLE CONTRACTION,0.8052939415050666,10,695,117,6576,ADCY6;ADM;CACNA1C;GNA12;GNA13;MYH10;PLA2G12A;PLA2G2F;PLCB2;PPP1R12A,1.0,False
KEGG,6,TIGHT JUNCTION,0.807296030286884,13,695,149,6576,ACTR2;CLDN6;CLDN7;GATA4;JUN;MPP2;MYH10;PARD6G;PPP2R2B;RAB13;TJP2;TJP3;WHAMM,1.0,False
KEGG,6,GLYCOSPHINGOLIPID BIOSYNTHESIS - GANGLIO SERIES,0.8131384910141277,1,695,15,6576,ST8SIA1,1.0,False
KEGG,6,MORPHINE ADDICTION,0.8180851830486473,7,695,86,6576,ADCY6;GABRA6;GNAI3;GNB4;GNG3;PDE3B;PDE7A,1.0,False
KEGG,6,CALCIUM SIGNALING PATHWAY,0.819215321983835,21,695,234,6576,ATP2B3;BDKRB2;CACNA1C;CAMK1G;CASQ1;CD38;EGFR;FGF21;GNA15;HRH2;NFATC1;P2RX2;P2RX3;PLCB2;PLCD4;PPP3R1;RET;SLC25A4;TACR1;TBXA2R;TNNC2,1.0,False
KEGG,6,MICRORNAS IN CANCER,0.8218452205756157,13,695,151,6576,ABL1;BCL2L11;CDC25A;CDK6;CDPF1;EGFR;FZD9;NOTCH2;NRAS;PIK3R1;TIMP3;TP53;VIM,1.0,False
KEGG,6,VARIOUS TYPES OF N-GLYCAN BIOSYNTHESIS,0.8234336192272316,3,695,41,6576,B4GALT1;B4GALT2;TMEM258,1.0,False
KEGG,6,NUCLEOTIDE EXCISION REPAIR,0.8261217993672911,4,695,53,6576,ERCC2;POLE3;POLR2G;RAD23A,1.0,False
KEGG,6,FRUCTOSE AND MANNOSE METABOLISM,0.8271211495065115,2,695,29,6576,FPGT;HSD17B14,1.0,False
KEGG,6,VIRAL CARCINOGENESIS,0.8288072287455304,13,695,152,6576,CCR5;CDK6;CDPF1;CNOT6;H2BC1;HDAC3;JUN;LYN;NRAS;PIK3R1;PSMC1;SND1;TP53,1.0,False
KEGG,6,THERMOGENESIS,0.8372298167894437,16,695,185,6576,ADCY6;COA3;COA7;COX4I1;COX6A1;COX7A1;DPF1;FGF21;NDUFA8;NDUFAF1;NDUFS3;NRAS;RPS6KA3;RPS6KA6;RPS6KB2;SLC25A20,1.0,False
KEGG,6,NF-KAPPA B SIGNALING PATHWAY,0.8443713945613059,7,695,89,6576,CFLAR;IL1R1;LY96;LYN;TICAM1;TRAF6;XIAP,1.0,False
KEGG,6,NOTCH SIGNALING PATHWAY,0.8474933392024758,4,695,55,6576,DTX4;HES5;HEY1;NOTCH2,1.0,False
KEGG,6,VEGF SIGNALING PATHWAY,0.8474933392024758,4,695,55,6576,AKT3;NRAS;PIK3R1;PPP3R1,1.0,False
KEGG,6,PROTEASOME,0.8475196875838432,3,695,43,6576,PSMA3;PSMB9;PSMC1,1.0,False
KEGG,6,GLYCOSAMINOGLYCAN DEGRADATION,0.8506325215174441,1,695,17,6576,GALNS,1.0,False
KEGG,6,NITROGEN METABOLISM,0.8506325215174441,1,695,17,6576,CA13,1.0,False
KEGG,6,PARKINSON DISEASE,0.8513012933343653,19,695,219,6576,APAF1;COX4I1;COX6A1;COX7A1;DUSP12;GNAI3;KEAP1;MFN1;NDUFA8;NDUFS3;PSMA3;PSMC1;SLC18A1;SLC25A4;SLC39A11;SLC39A9;TP53;UBA52;UBE2J2,1.0,False
KEGG,6,FOCAL ADHESION,0.8546370982929771,16,695,188,6576,AKT3;EGFR;GSK3B;ILK;ITGB6;JUN;LAMA1;LAMB1;LAMC3;PIK3R1;PPP1R12A;RAP1B;SHC3;THBS4;TLN2;XIAP,1.0,False
KEGG,6,ALZHEIMER DISEASE,0.857285204731761,29,695,324,6576,AKT3;APAF1;APOE;C1D;CACNA1C;COX4I1;COX6A1;COX7A1;CSF1;FADD;FZD6;FZD9;GSK3B;NDUFA8;NDUFS3;NRAS;PIK3R1;PLCB2;PPP3R1;PSMA3;PSMC1;SLC25A4;SLC39A11;SLC39A9;WNT1;WNT2B;WNT7A;WNT7B;WNT9B,1.0,False
KEGG,6,TYPE II DIABETES MELLITUS,0.858455836874471,3,695,44,6576,CACNA1C;PIK3R1;PKLR,1.0,False
KEGG,6,CIRCADIAN RHYTHM,0.8665951570886445,2,695,32,6576,CRY1;NPAS2,1.0,False
KEGG,6,LYSINE DEGRADATION,0.8666043955769497,4,695,57,6576,ALDH2;COLGALT1;KMT2C;MECOM,1.0,False
KEGG,6,"VALINE, LEUCINE AND ISOLEUCINE DEGRADATION",0.8686990093940806,3,695,45,6576,ALDH2;AOX1;IVD,1.0,False
KEGG,6,HUMAN IMMUNODEFICIENCY VIRUS 1 INFECTION,0.8729574957431487,14,695,170,6576,AKT3;CCR5;FADD;GNAI3;GNB4;GNG3;JUN;NFATC1;NRAS;PDIA3;PIK3R1;PPP3R1;RPS6KB2;TRAF6,1.0,False
KEGG,6,LEISHMANIASIS,0.8753648674833436,4,695,58,6576,ITGB2;JUN;NFKBIB;TRAF6,1.0,False
KEGG,6,ADRENERGIC SIGNALING IN CARDIOMYOCYTES,0.8764949300849454,11,695,138,6576,ADCY6;AKT3;ATP1A3;ATP1B2;ATP2B3;CACNA1C;CACNG3;GNAI3;PLCB2;PPP2R2B;RAPGEF4,1.0,False
KEGG,6,INSULIN SIGNALING PATHWAY,0.8766847459916166,10,695,127,6576,AKT3;GSK3B;NRAS;PDE3B;PIK3R1;PKLR;PTPN1;PYGM;RPS6KB2;SHC3,1.0,False
KEGG,6,DNA REPLICATION,0.8777965187407972,2,695,33,6576,POLA2;POLE3,1.0,False
KEGG,6,RETINOL METABOLISM,0.8777965187407972,2,695,33,6576,AOX1;RDH13,1.0,False
KEGG,6,HISTIDINE METABOLISM,0.8806119490690323,1,695,19,6576,ALDH2,1.0,False
KEGG,6,STEROID BIOSYNTHESIS,0.8806119490690323,1,695,19,6576,CYP27B1,1.0,False
KEGG,6,PHOSPHATIDYLINOSITOL SIGNALING SYSTEM,0.8813334638159075,7,695,94,6576,DGKD;INPP4A;MTM1;PIK3R1;PIP4P2;PLCB2;PLCD4,1.0,False
KEGG,6,ECM-RECEPTOR INTERACTION,0.8850672307788666,6,695,83,6576,ITGB6;LAMA1;LAMB1;LAMC3;SV2A;THBS4,1.0,False
KEGG,6,PROTEIN DIGESTION AND ABSORPTION,0.8850672307788666,6,695,83,6576,ATP1A3;ATP1B2;COL5A1;DPP4;KCNJ13;PRSS58,1.0,False
KEGG,6,AGE-RAGE SIGNALING PATHWAY IN DIABETIC COMPLICATIONS,0.88777523365793,7,695,95,6576,AKT3;JUN;NFATC1;NRAS;PIK3R1;PLCB2;PLCD4,1.0,False
KEGG,6,GABAERGIC SYNAPSE,0.8917090180846015,6,695,84,6576,ADCY6;CACNA1C;GABRA6;GNAI3;GNB4;GNG3,1.0,False
KEGG,6,AUTOIMMUNE THYROID DISEASE,0.8932663177432769,1,695,20,6576,TG,1.0,False
KEGG,6,PANTOTHENATE AND COA BIOSYNTHESIS,0.8932663177432769,1,695,20,6576,ALDH2,1.0,False
KEGG,6,TERPENOID BACKBONE BIOSYNTHESIS,0.8932663177432769,1,695,20,6576,ICMT,1.0,False
KEGG,6,PI3K-AKT SIGNALING PATHWAY,0.8950453336415116,27,695,313,6576,AKT3;BCL2L11;CCM2;CDK6;CDPF1;CSF1;EGFR;EPOR;EREG;FGF21;GNB4;GNG3;GSK3B;HSP90AA1;HSP90B1;ITGB6;LAMA1;LAMB1;LAMC3;NRAS;OSMR;PIK3R1;PPP2R2B;RET;RPS6KB2;THBS4;TP53,1.0,False
KEGG,6,DIABETIC CARDIOMYOPATHY,0.8970894987021302,13,695,164,6576,ACE;AKT3;COX4I1;COX6A1;COX7A1;CTSD;GSK3B;NDUFA8;NDUFS3;PIK3R1;PLCB2;SLC25A4;UBL4A,1.0,False
KEGG,6,HERPES SIMPLEX VIRUS 1 INFECTION,0.8985579050129416,10,695,131,6576,AKT3;APAF1;FADD;HCFC2;PDIA3;PIK3R1;SRSF6;TICAM1;TP53;TRAF6,1.0,False
KEGG,6,OOCYTE MEIOSIS,0.9022359337542555,8,695,109,6576,ADCY6;ANAPC1;ANAPC16;CPEB2;PLK1;PPP3R1;RPS6KA3;RPS6KA6,1.0,False
KEGG,6,FATTY ACID DEGRADATION,0.9063940934245867,2,695,36,6576,ACADVL;ALDH2,1.0,False
KEGG,6,FERROPTOSIS,0.9063940934245867,2,695,36,6576,PRNP;TP53,1.0,False
KEGG,6,INFLAMMATORY MEDIATOR REGULATION OF TRP CHANNELS,0.9097064461668616,6,695,87,6576,ADCY6;ASIC1;BDKRB2;IL1R1;PIK3R1;PLCB2,1.0,False
KEGG,6,N-GLYCAN BIOSYNTHESIS,0.9106794023706041,3,695,50,6576,B4GALT1;B4GALT2;TMEM258,1.0,False
KEGG,6,RIG-I-LIKE RECEPTOR SIGNALING PATHWAY,0.9174513549095642,3,695,51,6576,FADD;NFKBIB;TRAF6,1.0,False
KEGG,6,INOSITOL PHOSPHATE METABOLISM,0.9210837030862036,5,695,77,6576,INPP4A;MTM1;PLCB2;PLCD4;PLCH1,1.0,False
KEGG,6,BUTANOATE METABOLISM,0.9237436085496165,1,695,23,6576,ACSM5,1.0,False
KEGG,6,GLYCOLYSIS / GLUCONEOGENESIS,0.9296100341849463,3,695,53,6576,ALDH2;DLAT;PKLR,1.0,False
KEGG,6,BASE EXCISION REPAIR,0.9348699155031266,2,695,40,6576,APTX;POLE3,1.0,False
KEGG,6,COLLECTING DUCT ACID SECRETION,0.9390621980891778,1,695,25,6576,ATP6V1G2,1.0,False
KEGG,6,ADIPOCYTOKINE SIGNALING PATHWAY,0.9431964872796182,4,695,69,6576,AKT3;NFKBIB;NFKBIE;RXRB,1.0,False
KEGG,6,LEUKOCYTE TRANSENDOTHELIAL MIGRATION,0.9446826247843552,7,695,107,6576,CLDN6;CLDN7;GNAI3;ITGB2;PIK3R1;RAP1B;RAPGEF4,1.0,False
KEGG,6,PATHWAYS OF NEURODEGENERATION - MULTIPLE DISEASES,0.9470572261705777,34,695,407,6576,APAF1;CACNA1C;COX4I1;COX6A1;COX7A1;CSF1;DNAH10;FADD;FZD6;FZD9;GLYAT;GRIA1;GRIA4;GSK3B;MFN1;NDUFA8;NDUFS3;NRAS;PLCB2;PPP3R1;PRNP;PSMA3;PSMC1;SLC25A4;SQSTM1;TOMM40;UBA52;UBE2J2;WDR41;WNT1;WNT2B;WNT7A;WNT7B;WNT9B,1.0,False
KEGG,6,HYPERTROPHIC CARDIOMYOPATHY,0.9490323526454753,6,695,96,6576,ACE;CACNA1C;CACNG3;ITGB6;LAMA1;SGCD,1.0,False
KEGG,6,ARRHYTHMOGENIC RIGHT VENTRICULAR CARDIOMYOPATHY,0.9511027532846585,5,695,84,6576,CACNA1C;CACNG3;ITGB6;LAMA1;SGCD,1.0,False
KEGG,6,AMINOACYL-TRNA BIOSYNTHESIS,0.9513070762093281,1,695,27,6576,TARS2,1.0,False
KEGG,6,OXIDATIVE PHOSPHORYLATION,0.9522796853135961,6,695,97,6576,ATP6V1G2;COX4I1;COX6A1;COX7A1;NDUFA8;NDUFS3,1.0,False
KEGG,6,CITRATE CYCLE (TCA CYCLE),0.9564745188776006,1,695,28,6576,DLAT,1.0,False
KEGG,6,PORPHYRIN METABOLISM,0.9564745188776006,1,695,28,6576,HMBS,1.0,False
KEGG,6,DILATED CARDIOMYOPATHY,0.9582206926247954,6,695,99,6576,ADCY6;CACNA1C;CACNG3;ITGB6;LAMA1;SGCD,1.0,False
KEGG,6,PROTEIN PROCESSING IN ENDOPLASMIC RETICULUM,0.9592699439008068,11,695,160,6576,DNAJC3;HSP90AA1;HSP90B1;NPLOC4;PDIA3;RAD23A;SEC23B;SEC24D;SEC61A2;TMEM258;UBE2J2,1.0,False
KEGG,6,TGF-BETA SIGNALING PATHWAY,0.9609324383966344,6,695,100,6576,ID2;ID3;NEO1;RPS6KB2;SMURF1;TGIF2,1.0,False
KEGG,6,BETA-ALANINE METABOLISM,0.9610942820694253,1,695,29,6576,ALDH2,1.0,False
KEGG,6,PRION DISEASE,0.9637121395841376,16,695,220,6576,APAF1;C8A;C8G;CACNA1C;COX4I1;COX6A1;COX7A1;GSK3B;NDUFA8;NDUFS3;PIK3R1;PPP3R1;PRNP;PSMA3;PSMC1;SLC25A4,1.0,False
KEGG,6,AUTOPHAGY - OTHER,0.9652243376615666,1,695,30,6576,ATG16L1,1.0,False
KEGG,6,TYROSINE METABOLISM,0.9652243376615666,1,695,30,6576,AOX1,1.0,False
KEGG,6,PRIMARY IMMUNODEFICIENCY,0.9689165291258518,1,695,31,6576,CIITA,1.0,False
KEGG,6,EFFEROCYTOSIS,0.9743717805280415,9,695,144,6576,ATP11B;C1D;EPOR;NFATC1;RAB5C;SCARF1;SLC16A1;VPS8;XKR7,1.0,False
KEGG,6,GLUCAGON SIGNALING PATHWAY,0.974413358363606,5,695,93,6576,AKT3;PDE3B;PLCB2;PPP3R1;PYGM,1.0,False
KEGG,6,RIBOSOME BIOGENESIS IN EUKARYOTES,0.9761394834746399,3,695,66,6576,DKC1;GAR1;NAT10,1.0,False
KEGG,6,HIF-1 SIGNALING PATHWAY,0.9836757322830595,5,695,99,6576,AKT3;CDPF1;EGFR;PIK3R1;RPS6KB2,1.0,False
KEGG,6,AMPK SIGNALING PATHWAY,0.9853381361798295,6,695,114,6576,AKT3;PIK3R1;PPP2R2B;RPS6KB2;STRADB;TBC1D1,1.0,False
KEGG,6,PHAGOSOME,0.9863659111866144,6,695,115,6576,ATP6V1G2;HGS;ITGB2;RAB5C;SEC61A2;THBS4,1.0,False
KEGG,6,MOTOR PROTEINS,0.9896409920882339,10,695,171,6576,BICDL1;CAPZA2;DNAH10;DYNLRB1;MYH10;MYH7B;MYO16;MYO6;TNNC2;TNNT3,1.0,False
KEGG,6,SPINOCEREBELLAR ATAXIA,0.9921031149274964,7,695,136,6576,AKT3;GRIA1;PIK3R1;PLCB2;PSMA3;PSMC1;SLC25A4,1.0,False
KEGG,6,HUNTINGTON DISEASE,0.9951734621574784,16,695,258,6576,APAF1;CLTB;COX4I1;COX6A1;COX7A1;DNAH10;GRIA1;GRIA4;NDUFA8;NDUFS3;PLCB2;POLR2G;PSMA3;PSMC1;SLC25A4;TP53,1.0,False
KEGG,6,AMYOTROPHIC LATERAL SCLEROSIS,0.996685953622329,19,695,301,6576,APAF1;COX4I1;COX6A1;COX7A1;DNAH10;GLYAT;GRIA1;NDUFA8;NDUFS3;NUP210L;NUP43;PFN4;PPP3R1;PSMA3;PSMC1;SQSTM1;TOMM40;TP53;WDR41,1.0,False
KEGG,6,"ALANINE, ASPARTATE AND GLUTAMATE METABOLISM",1.0,0,695,34,6576,,1.0,False
KEGG,6,ALLOGRAFT REJECTION,1.0,0,695,17,6576,,1.0,False
KEGG,6,ARGININE BIOSYNTHESIS,1.0,0,695,21,6576,,1.0,False
KEGG,6,ASTHMA,1.0,0,695,17,6576,,1.0,False
KEGG,6,D-AMINO ACID METABOLISM,1.0,0,695,5,6576,,1.0,False
KEGG,6,FATTY ACID BIOSYNTHESIS,1.0,0,695,16,6576,,1.0,False
KEGG,6,GRAFT-VERSUS-HOST DISEASE,1.0,0,695,14,6576,,1.0,False
KEGG,6,MISMATCH REPAIR,1.0,0,695,21,6576,,1.0,False
KEGG,6,NON-HOMOLOGOUS END-JOINING,1.0,0,695,13,6576,,1.0,False
KEGG,6,OTHER GLYCAN DEGRADATION,1.0,0,695,16,6576,,1.0,False
KEGG,6,PENTOSE AND GLUCURONATE INTERCONVERSIONS,1.0,0,695,15,6576,,1.0,False
KEGG,6,PHENYLALANINE METABOLISM,1.0,0,695,14,6576,,1.0,False
KEGG,6,"PHENYLALANINE, TYROSINE AND TRYPTOPHAN BIOSYNTHESIS",1.0,0,695,6,6576,,1.0,False
KEGG,6,PROPANOATE METABOLISM,1.0,0,695,31,6576,,1.0,False
KEGG,6,SPHINGOLIPID METABOLISM,1.0,0,695,49,6576,,1.0,False
KEGG,6,SULFUR METABOLISM,1.0,0,695,9,6576,,1.0,False
KEGG,6,SULFUR RELAY SYSTEM,1.0,0,695,8,6576,,1.0,False
KEGG,6,TYPE I DIABETES MELLITUS,1.0,0,695,23,6576,,1.0,False
KEGG,6,"VIRION - EBOLAVIRUS, LYSSAVIRUS AND MORBILLIVIRUS",1.0,0,695,8,6576,,1.0,False
KEGG,6,VIRION - HERPESVIRUS,1.0,0,695,6,6576,,1.0,False
KEGG,6,VITAMIN DIGESTION AND ABSORPTION,1.0,0,695,26,6576,,1.0,False
KEGG,7,AUTOIMMUNE THYROID DISEASE,0.005569240890290019,6,570,20,6576,HLA-DOA;IL10;IL2;TPO;TSHR;ZNF395,1.0,False
KEGG,7,MOTOR PROTEINS,0.01201925840215137,24,570,171,6576,DNAH17;DNAH5;DNAI1;DNAL1;DYNLL2;KIF18A;KIF1A;KIF1B;KIF1C;KIF20A;KIF21B;KIF24;KIF26A;KIF5C;KIF7;KLC1;KLC4;MYH11;MYL10;MYL2;MYL4;MYO18B;TUBB4A;TUBE1,1.0,False
KEGG,7,OTHER TYPES OF O-GLYCAN BIOSYNTHESIS,0.019448955917467578,8,570,40,6576,C1GALT1;GALNT10;GALNT14;LFNG;PLOD3;POMT2;ST3GAL3;ST6GAL1,1.0,False
KEGG,7,FERROPTOSIS,0.032328368882764635,7,570,36,6576,ALOX15;ATG7;CP;HMOX1;NCOA4;PCBP2;TFRC,1.0,False
KEGG,7,TYPE I DIABETES MELLITUS,0.04364935134050546,5,570,23,6576,HLA-DOA;HSPD1;IL2;PTPRN2;ZNF395,1.0,False
KEGG,7,ALLOGRAFT REJECTION,0.05356484870319729,4,570,17,6576,HLA-DOA;IL10;IL2;ZNF395,1.0,False
KEGG,7,ABC TRANSPORTERS,0.053631365813979974,7,570,40,6576,ABCA13;ABCA5;ABCA8;ABCA9;ABCC6;ABCC9;SEC14L2,1.0,False
KEGG,7,BASE EXCISION REPAIR,0.053631365813979974,7,570,40,6576,ADPRS;LRIG3;NEIL2;POLD1;POLL;TDG;XRCC1,1.0,False
KEGG,7,VARIOUS TYPES OF N-GLYCAN BIOSYNTHESIS,0.06006271769398876,7,570,41,6576,ALG12;B4GALNT3;MAN2A2;MGAT4B;ST3GAL3;STT3A;STT3B,1.0,False
KEGG,7,N-GLYCAN BIOSYNTHESIS,0.06379409712687918,8,570,50,6576,ALG12;ALG5;DPAGT1;MAN2A2;MGAT4B;ST6GAL1;STT3A;STT3B,1.0,False
KEGG,7,PANTOTHENATE AND COA BIOSYNTHESIS,0.08892488146287376,4,570,20,6576,COASY;PANK1;PANK2;VNN1,1.0,False
KEGG,7,PHOSPHONATE AND PHOSPHINATE METABOLISM,0.08899566043299668,2,570,6,6576,CEPT1;CHPT1,1.0,False
KEGG,7,LYSOSOME,0.09418050611571482,15,570,120,6576,AP1M2;AP3B1;AP3S2;ASAH1;CTSK;CTSO;DMXL1;FUCA1;HYAL2;IDUA;M6PR;MAN2B1;NPC2;SLC17A5;SUMF1,1.0,False
KEGG,7,SPLICEOSOME,0.0993976814664635,15,570,121,6576,BUD13;BUD31;DDX39B;DDX42;LSM7;PHF5A;PPIE;PQBP1;PRPF19;PRPF4;PRPF40B;SF3B2;SNRPA;SNRPB;XAB2,1.0,False
KEGG,7,NOTCH SIGNALING PATHWAY,0.09966462699512262,8,570,55,6576,APH1A;DLL3;DTX2;DVL2;HDAC2;LFNG;MAML2;PSEN1,1.0,False
KEGG,7,CHOLINE METABOLISM IN CANCER,0.10492495776280426,12,570,93,6576,CHPT1;DAND5;NCOA3;PDGFA;PDGFB;PDGFC;PIP5K1A;PLCG1;SLC44A3;SLC5A7;WASF1;WASF3,1.0,False
KEGG,7,VIRAL MYOCARDITIS,0.10816700602339141,7,570,47,6576,CASP9;EIF4G2;HLA-DOA;NCOA3;SNTB1;SNTB2;ZNF395,1.0,False
KEGG,7,METABOLISM OF XENOBIOTICS BY CYTOCHROME P450,0.11294908113278983,5,570,30,6576,ADH7;DHDH;GSTM2;GSTM3;HSD11B1,1.0,False
KEGG,7,ONE CARBON POOL BY FOLATE,0.11294908113278983,5,570,30,6576,AHCYL1;ATIC;BHMT2;GNMT;LDHD,1.0,False
KEGG,7,GRAFT-VERSUS-HOST DISEASE,0.11507779273704796,3,570,14,6576,HLA-DOA;IL2;ZNF395,1.0,False
KEGG,7,PROPANOATE METABOLISM,0.12563116160381593,5,570,31,6576,ACOX1;ACSS3;LDHC;LDHD;MMUT,1.0,False
KEGG,7,HEPATOCELLULAR CARCINOMA,0.12809257272429184,17,570,146,6576,AXIN1;BAX;DVL2;GSTM2;GSTM3;HMOX1;IGF2;MYC;NQO1;PHF10;PLCG1;SMAD2;SMARCA2;SMARCE1;TERT;WNT3;WNT3A,1.0,False
KEGG,7,RAP1 SIGNALING PATHWAY,0.13412857203112136,22,570,198,6576,ADCY5;BCAR1;CTNND1;EFNA1;EPHA2;FGF22;FGF7;FLT1;GNAI2;ITGB3;KIT;MAPK13;NCOA3;NGFR;PDGFA;PDGFB;PDGFC;PLCG1;PRKD2;RALB;TEK;VASP,1.0,False
KEGG,7,PARKINSON DISEASE,0.1359304313857556,24,570,219,6576,ADCY5;BAX;CASP9;CCNI;DAXX;GNAI2;KIF5C;KLC1;KLC4;LRRK2;MFN2;NDUFB6;NDUFB8;NDUFV2;PLCG1;PSMC4;PSMC5;PSMD12;PSMD3;SDHA;SLC18A2;TUBB4A;UBE2J1;UQCRC1,1.0,False
KEGG,7,TH1 AND TH2 CELL DIFFERENTIATION,0.14345815100507395,10,570,79,6576,CHUK;DLL3;HLA-DOA;IL2;JAK2;MAML2;MAPK13;PLCG1;STAT5A;TBX21,1.0,False
KEGG,7,CHEMICAL CARCINOGENESIS - RECEPTOR ACTIVATION,0.14484734972818064,18,570,159,6576,ADCY5;ATF6B;CACNA1D;CDC6;DLL3;FGF22;FGF7;GDNF;GNAI2;GSTM2;GSTM3;JAK2;KPNA6;KPNB1;MYC;NR1I3;RXRA;STAT5A,1.0,False
KEGG,7,"VIRION - EBOLAVIRUS, LYSSAVIRUS AND MORBILLIVIRUS",0.1481630439692822,2,570,8,6576,NCAM1;NGFR,1.0,False
KEGG,7,STAPHYLOCOCCUS AUREUS INFECTION,0.1489546369524571,7,570,51,6576,C1QB;C3;C5AR1;HLA-DOA;IL10;KRT35;MASP1,1.0,False
KEGG,7,CHEMICAL CARCINOGENESIS - DNA ADDUCTS,0.14917081745527896,4,570,24,6576,GSTM2;GSTM3;HSD11B1;SLC38A3,1.0,False
KEGG,7,MICRORNAS IN CANCER,0.15853161551081585,17,570,151,6576,DICER1;EFNA1;EZH2;HDAC2;HMOX1;ITGB3;MYC;PDGFA;PDGFB;PLCG1;PRKCE;RDX;SLC45A3;TNN;TNNC1;WNT3;WNT3A,1.0,False
KEGG,7,SYSTEMIC LUPUS ERYTHEMATOSUS,0.1776102500279212,6,570,44,6576,C1QB;C3;HLA-DOA;IL10;SNRPB;SSB,1.0,False
KEGG,7,ASTHMA,0.17804279349374602,3,570,17,6576,FCER1G;HLA-DOA;IL10,1.0,False
KEGG,7,GLYCOSAMINOGLYCAN DEGRADATION,0.17804279349374602,3,570,17,6576,HPSE;HYAL2;IDUA,1.0,False
KEGG,7,PRION DISEASE,0.19872654351010524,23,570,220,6576,ATF6B;BAX;C1QB;CACNA1D;CASP9;CCNI;GDNF;GRIN3A;KIF5C;KLC1;KLC4;MAPK13;NCAM1;NDUFB6;NDUFB8;NDUFV2;PSMC4;PSMC5;PSMD12;PSMD3;SDHA;TUBB4A;UQCRC1,1.0,False
KEGG,7,COCAINE ADDICTION,0.20483924754810712,6,570,46,6576,ADCY5;ATF6B;GDNF;GNAI2;GRIN3A;SLC18A2,1.0,False
KEGG,7,ETHER LIPID METABOLISM,0.21898640484440698,6,570,47,6576,CEPT1;CHPT1;PAFAH1B3;PLA2G1B;PLA2G5;PLA2G7,1.0,False
KEGG,7,CITRATE CYCLE (TCA CYCLE),0.2208731008444253,4,570,28,6576,ACO2;LDHD;LDLR;SDHA,1.0,False
KEGG,7,PROTEIN PROCESSING IN ENDOPLASMIC RETICULUM,0.2220302078950297,17,570,160,6576,ATF6B;BAX;ERO1B;LMAN2;NGLY1;PDIA6;RNF185;SEC24A;SEC24B;SELENOS;SSR2;STT3A;STT3B;UBE2J1;UBQLN1;UBXN6;WFS1,1.0,False
KEGG,7,FLUID SHEAR STRESS AND ATHEROSCLEROSIS,0.22962288764825273,13,570,119,6576,BMPR1A;CHUK;GSTM2;GSTM3;HMOX1;ITGB3;MAP3K7;MAPK13;NCOA3;NQO1;PDGFA;PDGFB;SELE,1.0,False
KEGG,7,APOPTOSIS - MULTIPLE SPECIES,0.24006565167735688,4,570,29,6576,BAX;BIRC6;CASP9;NGFR,1.0,False
KEGG,7,RAS SIGNALING PATHWAY,0.24197820866505193,22,570,216,6576,CHUK;EFNA1;EPHA2;FGF22;FGF7;FLT1;FOXO4;GNG10;IGF2;KIT;NCOA3;NF1;NGFR;NTF3;PDGFA;PDGFB;PDGFC;PLA2G1B;PLA2G5;PLCG1;RALB;TEK,1.0,False
KEGG,7,SALMONELLA INFECTION,0.24197820866505193,22,570,216,6576,BAX;CHUK;DYNLL2;GCC2;KIF5C;KLC1;KLC4;M6PR;MAP3K7;MAPK13;MYC;MYL10;MYL2;PLEKHM1;PLEKHM2;RIPK2;SNX33;SNX9;TAB3;TUBB4A;VPS18;WASF3,1.0,False
KEGG,7,HERPES SIMPLEX VIRUS 1 INFECTION,0.24328532680682483,14,570,131,6576,BAX;C3;CASP9;CHUK;DAXX;EIF2AK4;HLA-DOA;IFIH1;ITGB3;JAK2;MAP3K7;NXF1;POU2F1;SEC14L2,1.0,False
KEGG,7,COMPLEMENT AND COAGULATION CASCADES,0.24775603261843485,7,570,59,6576,C1QB;C3;C5AR1;CLU;F2RL2;MASP1;SERPINE1,1.0,False
KEGG,7,SPHINGOLIPID METABOLISM,0.24820084737839987,6,570,49,6576,ASAH1;CERK;CERS2;KDSR;SGMS1;SGPP2,1.0,False
KEGG,7,VIRION - HEPATITIS VIRUSES,0.26321056895655237,5,570,40,6576,CLDN11;IST1;LDLR;SLC10A1;TSG101,1.0,False
KEGG,7,COLORECTAL CANCER,0.26672623218380853,9,570,81,6576,APPL1;AXIN1;BAX;CASP9;MSH2;MYC;NCOA3;RALB;SMAD2,1.0,False
KEGG,7,MISMATCH REPAIR,0.27224903361116676,3,570,21,6576,MSH2;PMS2;POLD1,1.0,False
KEGG,7,TH17 CELL DIFFERENTIATION,0.27323895255355884,10,570,92,6576,CHUK;HLA-DOA;IL2;JAK2;MAPK13;PLCG1;RXRA;SMAD2;STAT5A;TBX21,1.0,False
KEGG,7,FOCAL ADHESION,0.2734711649524615,19,570,188,6576,ARHGAP5;BCAR1;EMP1;EMP2;FLNB;FLT1;ITGA7;ITGB3;MYL10;MYL2;MYLK2;NCOA3;PDGFA;PDGFB;PDGFC;PIP5K1A;TNN;TNNC1;VASP,1.0,False
KEGG,7,MAPK SIGNALING PATHWAY,0.27422406386472914,28,570,286,6576,CACNA1D;CACNA2D1;CACNG4;CHUK;DAXX;EFNA1;EPHA2;FGF22;FGF7;FLT1;GDNF;IGF2;KIT;MAP3K7;MAP3K8;MAP4K1;MAPK13;MYC;NCOA3;NF1;NGFR;NTF3;PDGFA;PDGFB;PDGFC;TAOK2;TAOK3;TEK,1.0,False
KEGG,7,SHIGELLOSIS,0.27618990859092674,21,570,210,6576,BAX;BCAR1;BCL10;C3;CHUK;FNBP1;FOXO4;GLMN;GSK3A;MAP3K7;MAPK13;MYL10;MYL2;PLCG1;PLCZ1;PRKCE;RBCK1;RIPK2;TAB3;UBE2V2;WASF1,1.0,False
KEGG,7,UBIQUINONE AND OTHER TERPENOID-QUINONE BIOSYNTHESIS,0.279432304659156,2,570,12,6576,GGCX;NQO1,1.0,False
KEGG,7,HEPATITIS B,0.27962588337703775,14,570,135,6576,ATF6B;BAX;CASP9;CCNA2;CHUK;GDNF;IFIH1;JAK2;MAP3K7;MAPK13;MYC;SLC10A1;STAT5A;YWHAZ,1.0,False
KEGG,7,THYROID HORMONE SIGNALING PATHWAY,0.2826848475221794,12,570,114,6576,CASP9;DIDO1;HDAC2;ITGB3;MED4;MYC;NCOA3;PFKP;PLCG1;PLCZ1;RCAN2;RXRA,1.0,False
KEGG,7,AMPHETAMINE ADDICTION,0.28914211831133896,7,570,62,6576,ADCY5;ATF6B;CACNA1D;GDNF;GRIN3A;HDAC2;SLC18A2,1.0,False
KEGG,7,ALPHA-LINOLENIC ACID METABOLISM,0.2967064723770973,3,570,22,6576,ACOX1;PLA2G1B;PLA2G5,1.0,False
KEGG,7,LINOLEIC ACID METABOLISM,0.2967064723770973,3,570,22,6576,ALOX15;PLA2G1B;PLA2G5,1.0,False
KEGG,7,TUBERCULOSIS,0.29843370867431923,14,570,137,6576,BAX;BCL10;C3;CASP9;CEBPB;FCER1G;HLA-DOA;HSPD1;IL10;JAK2;MAPK13;NFYC;RFX5;RIPK2,1.0,False
KEGG,7,GLYCOLYSIS / GLUCONEOGENESIS,0.3094673158914458,6,570,53,6576,ADH7;FBP1;LDHC;LDHD;PFKP;PGK2,1.0,False
KEGG,7,NUCLEOTIDE EXCISION REPAIR,0.3094673158914458,6,570,53,6576,ERCC3;GTF2H3;POLD1;POLR2K;XPA;XPC,1.0,False
KEGG,7,EPSTEIN-BARR VIRUS INFECTION,0.3109655140166855,16,570,160,6576,BAX;BTK;CASP9;CCNA2;CHUK;HDAC2;HLA-DOA;MAP3K7;MAPK13;MYC;PSMC4;PSMC5;PSMD12;PSMD3;SAP30L;SEC14L2,1.0,False
KEGG,7,GLYCOSAMINOGLYCAN BIOSYNTHESIS - KERATAN SULFATE,0.3127196154260185,2,570,13,6576,CHST1;ST3GAL3,1.0,False
KEGG,7,NON-HOMOLOGOUS END-JOINING,0.3127196154260185,2,570,13,6576,POLL;XRCC6,1.0,False
KEGG,7,VIRION - LASSA VIRUS AND SFTS VIRUS,0.3127196154260185,2,570,13,6576,MYH11;TFRC,1.0,False
KEGG,7,RETINOL METABOLISM,0.3197869115534586,4,570,33,6576,ADH7;ALDH1A3;CYP26A1;DGAT1,1.0,False
KEGG,7,LEUKOCYTE TRANSENDOTHELIAL MIGRATION,0.32199949463033034,11,570,107,6576,ARHGAP5;BCAR1;CLDN11;CTNNA1;CTNND1;GNAI2;MAPK13;MYL10;MYL2;PLCG1;VASP,1.0,False
KEGG,7,CORTISOL SYNTHESIS AND SECRETION,0.32519838270078893,6,570,54,6576,ADCY5;ATF6B;CACNA1D;DAND5;GDNF;LDLR,1.0,False
KEGG,7,SIGNALING PATHWAYS REGULATING PLURIPOTENCY OF STEM CELLS,0.3259887998505599,13,570,129,6576,AXIN1;BMPR1A;DVL2;JAK2;MAPK13;MYC;NEUROG1;ONECUT1;REST;SMAD2;SMARCAD1;WNT3;WNT3A,1.0,False
KEGG,7,NUCLEOCYTOPLASMIC TRANSPORT,0.32761761119130317,9,570,86,6576,AAAS;DDX39B;IPO13;IPO5;KPNA6;KPNB1;NUP160;NXF1;UPF3B,1.0,False
KEGG,7,IL-17 SIGNALING PATHWAY,0.33672308675565793,8,570,76,6576,CCL17;CEBPB;CHUK;IL17RB;IL25;MAP3K7;MAPK13;TAB3,1.0,False
KEGG,7,GLYCOSAMINOGLYCAN BIOSYNTHESIS - HEPARAN SULFATE / HEPARIN,0.34586954657832375,3,570,24,6576,B3GAT3;HS3ST5;HS6ST3,1.0,False
KEGG,7,ALCOHOLISM,0.35559304919358375,11,570,110,6576,ADCY5;ATF6B;CAMKK2;GDNF;GNAI2;GNG10;GRIN3A;HDAC2;HDAC9;SLC18A2;SLC29A2,1.0,False
KEGG,7,TRANSCRIPTIONAL MISREGULATION IN CANCER,0.3662573838779374,15,570,155,6576,BAX;CCNA2;CEBPB;DAND5;DOT1L;FLT1;GDNF;HDAC2;KLF3;MYC;NGFR;PDGFA;RXRA;SLC45A3;TAF15,1.0,False
KEGG,7,TGF-BETA SIGNALING PATHWAY,0.36637199833068324,10,570,100,6576,BMP6;BMPR1A;DAND5;FMOD;GDF5;HDAC2;MYC;NRROS;SMAD2;TFRC,1.0,False
KEGG,7,EFFEROCYTOSIS,0.36671911191533496,14,570,144,6576,ALOX15;ANO9;BCAR1;C1QB;CEBPB;IL10;ITGB3;JAK2;MAPK13;MFGE8;PTGER2;RXRA;TGFBRAP1;VPS18,1.0,False
KEGG,7,ARACHIDONIC ACID METABOLISM,0.36834533099029887,5,570,46,6576,ALOX15;LTA4H;LTC4S;PLA2G1B;PLA2G5,1.0,False
KEGG,7,CHOLESTEROL METABOLISM,0.36834533099029887,5,570,46,6576,ANGPTL8;LDLR;LRPAP1;NPC2;VAPB,1.0,False
KEGG,7,LYSINE DEGRADATION,0.37291227175446356,6,570,57,6576,DOT1L;EZH2;LDHD;NSD3;PLOD3;SETD1B,1.0,False
KEGG,7,AMYOTROPHIC LATERAL SCLEROSIS,0.37469261731076525,28,570,301,6576,BAX;CASP9;CCNI;DAXX;DNAH17;DNAH5;DNAI1;DNAL1;KIF5C;KLC1;KLC4;MAPK13;NDUFB6;NDUFB8;NDUFV2;NUP160;NXF1;PRPH2;PSMC4;PSMC5;PSMD12;PSMD3;SDHA;SMCR8;TUBB4A;UBQLN1;UQCRC1;VAPB,1.0,False
KEGG,7,CHAGAS DISEASE,0.37803972867907654,9,570,90,6576,C1QB;C3;CHUK;GNAI2;IL10;IL2;MAPK13;SERPINE1;SMAD2,1.0,False
KEGG,7,PENTOSE AND GLUCURONATE INTERCONVERSIONS,0.37806348439786286,2,570,15,6576,DHDH;FGGY,1.0,False
KEGG,7,NEUTROPHIL EXTRACELLULAR TRAP FORMATION,0.3783469451924013,10,570,101,6576,ATG7;C3;C5AR1;CLCN3;HDAC2;HDAC9;ITGB3;MAP3K7;MAPK13;PLCG1,1.0,False
KEGG,7,BASAL TRANSCRIPTION FACTORS,0.38085221375630635,4,570,36,6576,ERCC3;GTF2A1;GTF2H3;TAF15,1.0,False
KEGG,7,THYROID CANCER,0.38085221375630635,4,570,36,6576,BAX;MYC;NCOA4;RXRA,1.0,False
KEGG,7,HUNTINGTON DISEASE,0.38847379219525324,24,570,258,6576,BAX;CASP9;CCNI;DAND5;DNAH17;DNAH5;DNAI1;DNAL1;HDAC2;KIF5C;KLC1;KLC4;NDUFB6;NDUFB8;NDUFV2;POLR2K;PSMC4;PSMC5;PSMD12;PSMD3;REST;SDHA;TUBB4A;UQCRC1,1.0,False
KEGG,7,LEISHMANIASIS,0.38889602939635926,6,570,58,6576,C3;HLA-DOA;IL10;JAK2;MAP3K7;MAPK13,1.0,False
KEGG,7,VITAMIN DIGESTION AND ABSORPTION,0.3946978057835609,3,570,26,6576,MMACHC;SLC19A3;SLC23A1,1.0,False
KEGG,7,PYRUVATE METABOLISM,0.40113664337891286,4,570,37,6576,ADH7;LDHC;LDHD;LDLR,1.0,False
KEGG,7,OTHER GLYCAN DEGRADATION,0.4097759682612377,2,570,16,6576,FUCA1;MAN2B1,1.0,False
KEGG,7,PENTOSE PHOSPHATE PATHWAY,0.4187705921111718,3,570,27,6576,FBP1;PFKP;RPIA,1.0,False
KEGG,7,VIRION - HERPESVIRUS,0.4197073514763202,1,570,6,6576,ITGB3,1.0,False
KEGG,7,ANTIGEN PROCESSING AND PRESENTATION,0.42130018354527093,4,570,38,6576,HLA-DOA;NFYC;RFX5;SEC14L2,1.0,False
KEGG,7,NICOTINE ADDICTION,0.42130018354527093,4,570,38,6576,CHRNA6;GABRA4;GABRB1;GRIN3A,1.0,False
KEGG,7,OVARIAN STEROIDOGENESIS,0.42130018354527093,4,570,38,6576,ADCY5;BMP15;BMP6;LDLR,1.0,False
KEGG,7,PATHWAYS IN CANCER,0.4231936380195647,42,570,467,6576,ADCY5;APPL1;AXIN1;BAX;CASP9;CCNA2;CHUK;CTNNA1;DAND5;DLL3;DVL2;EDNRA;FGF22;FGF7;GNAI2;GNG10;GSTM2;GSTM3;HDAC2;HMOX1;IGF2;IL2;JAK2;KIF7;KIT;LDLR;MSH2;MYC;NCOA3;NCOA4;NQO1;PDGFA;PDGFB;PLCG1;PTGER2;RALB;RXRA;SMAD2;STAT5A;TERT;WNT3;WNT3A,1.0,False
KEGG,7,TOXOPLASMOSIS,0.42899977663247485,9,570,94,6576,CASP9;CHUK;GNAI2;HLA-DOA;IL10;JAK2;LDLR;MAP3K7;MAPK13,1.0,False
KEGG,7,BASAL CELL CARCINOMA,0.4367115551732763,6,570,61,6576,AXIN1;BAX;DVL2;KIF7;WNT3;WNT3A,1.0,False
KEGG,7,INFLAMMATORY BOWEL DISEASE,0.43916563075113396,5,570,50,6576,HLA-DOA;IL10;IL2;SMAD2;TBX21,1.0,False
KEGG,7,CUSHING SYNDROME,0.440171735516836,13,570,140,6576,ADCY5;ARMC5;ATF6B;AXIN1;CACNA1D;DAND5;DVL2;GDNF;GNAI2;LDLR;RASD1;WNT3;WNT3A,1.0,False
KEGG,7,COBALAMIN TRANSPORT AND METABOLISM,0.4406737248969034,2,570,17,6576,MMACHC;MMUT,1.0,False
KEGG,7,AGE-RAGE SIGNALING PATHWAY IN DIABETIC COMPLICATIONS,0.4417222977191631,9,570,95,6576,BAX;JAK2;MAPK13;PLCG1;PRKCE;SELE;SERPINE1;SMAD2;STAT5A,1.0,False
KEGG,7,SEROTONERGIC SYNAPSE,0.4417222977191631,9,570,95,6576,ADCY5;ALOX15;CACNA1D;CYP4X1;GABRB1;GNAI2;GNG10;KCND2;SLC18A2,1.0,False
KEGG,7,DRUG METABOLISM - CYTOCHROME P450,0.44251829106318125,3,570,28,6576,ADH7;GSTM2;GSTM3,1.0,False
KEGG,7,MUCIN TYPE O-GLYCAN BIOSYNTHESIS,0.44251829106318125,3,570,28,6576,C1GALT1;GALNT10;GALNT14,1.0,False
KEGG,7,PORPHYRIN METABOLISM,0.44251829106318125,3,570,28,6576,CP;HMOX1;UROD,1.0,False
KEGG,7,ARRHYTHMOGENIC RIGHT VENTRICULAR CARDIOMYOPATHY,0.4451078222910176,8,570,84,6576,CACNA1D;CACNA2D1;CACNG4;CTNNA1;ITGA7;ITGB3;SNTB1;SNTB2,1.0,False
KEGG,7,"GROWTH HORMONE SYNTHESIS, SECRETION AND ACTION",0.4505204644976918,10,570,107,6576,ADCY5;ATF6B;BCAR1;CACNA1D;GDNF;GNAI2;JAK2;MAPK13;PLCG1;STAT5A,1.0,False
KEGG,7,BILE SECRETION,0.4525225662656269,6,570,62,6576,ADCY5;LDLR;RXRA;SLC10A1;SLC4A5;SLC5A1,1.0,False
KEGG,7,RIG-I-LIKE RECEPTOR SIGNALING PATHWAY,0.4566355798548271,5,570,51,6576,CHUK;IFIH1;MAP3K7;MAPK13;SIKE1,1.0,False
KEGG,7,YERSINIA INFECTION,0.4582826652076688,11,570,119,6576,BCAR1;CHUK;IL10;IL2;MAP3K7;MAPK13;NCOA3;PIP5K1A;PLCG1;WIPF2;WIPF3,1.0,False
KEGG,7,PI3K-AKT SIGNALING PATHWAY,0.4595268715626007,28,570,313,6576,ATF6B;CASP9;CDC37;CHUK;EFNA1;EPHA2;FGF22;FGF7;FLT1;GDNF;GNG10;IGF2;IL2;ITGA7;ITGB3;JAK2;KIT;MYC;NGFR;NTF3;PDGFA;PDGFB;PDGFC;RXRA;TEK;TNN;TNNC1;YWHAZ,1.0,False
KEGG,7,GLYOXYLATE AND DICARBOXYLATE METABOLISM,0.4658782109923149,3,570,29,6576,ACO2;LDHD;MMUT,1.0,False
KEGG,7,INTESTINAL IMMUNE NETWORK FOR IGA PRODUCTION,0.4658782109923149,3,570,29,6576,HLA-DOA;IL10;IL2,1.0,False
KEGG,7,OXIDATIVE PHOSPHORYLATION,0.467057177124566,9,570,97,6576,ATP6V1B2;ATP6V1F;CCNI;NDUFB6;NDUFB8;NDUFV2;PPA1;SDHA;UQCRC1,1.0,False
KEGG,7,PATHWAYS OF NEURODEGENERATION - MULTIPLE DISEASES,0.47516152531708866,36,570,407,6576,AXIN1;BAX;CACNA1D;CASP9;CCNI;DAXX;DKK2;DNAH17;DNAH5;DNAI1;DNAL1;DVL2;KIF5C;KLC1;KLC4;LRRK2;MAPK13;MFN2;NDUFB6;NDUFB8;NDUFV2;PLCG1;PRPH2;PSEN1;PSMC4;PSMC5;PSMD12;PSMD3;SDHA;SMCR8;TUBB4A;UBE2J1;UQCRC1;VAPB;WNT3;WNT3A,1.0,False
KEGG,7,CARDIAC MUSCLE CONTRACTION,0.47756545291649455,7,570,75,6576,CACNA1D;CACNA2D1;CACNG4;CCNI;MYL2;MYL4;UQCRC1,1.0,False
KEGG,7,FAT DIGESTION AND ABSORPTION,0.4806234709566798,4,570,41,6576,CLPS;DGAT1;PLA2G1B;PLA2G5,1.0,False
KEGG,7,ALCOHOLIC LIVER DISEASE,0.4863205885573201,10,570,110,6576,ACOX1;ADH7;C1QB;C3;C5AR1;CAMKK2;CHUK;MAP3K7;MAPK13;TAB3,1.0,False
KEGG,7,AUTOPHAGY - OTHER,0.48879556253082207,3,570,30,6576,ATG10;ATG4D;ATG7,1.0,False
KEGG,7,DILATED CARDIOMYOPATHY,0.49216571998416414,9,570,99,6576,ADCY5;CACNA1D;CACNA2D1;CACNG4;ITGA7;ITGB3;MYL2;SNTB1;SNTB2,1.0,False
KEGG,7,HIF-1 SIGNALING PATHWAY,0.49216571998416414,9,570,99,6576,FLT1;HMOX1;LDHC;PFKP;PGK2;PLCG1;SERPINE1;TEK;TFRC,1.0,False
KEGG,7,ADHERENS JUNCTION,0.498666854683793,8,570,88,6576,CTNNA1;CTNND1;MAP3K7;MYL10;MYL2;NCOA3;WASF1;WASF3,1.0,False
KEGG,7,P53 SIGNALING PATHWAY,0.4992590526378309,6,570,65,6576,BAX;CASP9;PERP;PPP1R13L;RRM2;SERPINE1,1.0,False
KEGG,7,ENDOMETRIAL CANCER,0.5080117324101455,5,570,54,6576,AXIN1;BAX;CASP9;CTNNA1;MYC,1.0,False
KEGG,7,BREAST CANCER,0.508394625351398,12,570,135,6576,AXIN1;BAX;DAND5;DLL3;DVL2;FGF22;FGF7;KIT;MYC;NCOA3;WNT3;WNT3A,1.0,False
KEGG,7,PURINE METABOLISM,0.5098940048321071,10,570,112,6576,ADCY5;ADSL;ATIC;COASY;ENPP4;GUCY2F;NT5C2;NTPCR;PDE6A;RRM2,1.0,False
KEGG,7,PRIMARY IMMUNODEFICIENCY,0.5112230282976049,3,570,31,6576,BTK;RFX5;SEC14L2,1.0,False
KEGG,7,SNARE INTERACTIONS IN VESICULAR TRANSPORT,0.5112230282976049,3,570,31,6576,GOSR2;VAMP3;VAMP8,1.0,False
KEGG,7,PATHOGENIC ESCHERICHIA COLI INFECTION,0.5114237926280336,15,570,170,6576,BAX;CASP9;CHUK;CLDN11;MAP3K7;MAPK13;MYH11;SEC24A;SEC24B;TAB3;TUBB4A;WASF1;WASF3;WIPF2;WIPF3,1.0,False
KEGG,7,NF-KAPPA B SIGNALING PATHWAY,0.5118340475372805,8,570,89,6576,BCL10;BTK;CHUK;EDA2R;MAP3K7;PLCG1;PPP1R13L;TAB3,1.0,False
KEGG,7,SULFUR RELAY SYSTEM,0.5160365660357725,1,570,8,6576,MOCS2,1.0,False
KEGG,7,PROTEASOME,0.5188202438232246,4,570,43,6576,PSMC4;PSMC5;PSMD12;PSMD3,1.0,False
KEGG,7,GASTRIC CANCER,0.5190525485197365,12,570,136,6576,AXIN1;BAX;CTNNA1;DVL2;FGF22;FGF7;MYC;RXRA;SMAD2;TERT;WNT3;WNT3A,1.0,False
KEGG,7,HIPPO SIGNALING PATHWAY,0.5231007177182752,13,570,148,6576,AXIN1;BMP6;BMPR1A;CTNNA1;DVL2;GDF5;MYC;SERPINE1;SMAD2;TEAD3;WNT3;WNT3A;YWHAZ,1.0,False
KEGG,7,HUMAN T-CELL LEUKEMIA VIRUS 1 INFECTION,0.5280649773855686,17,570,195,6576,ADCY5;ATF6B;BAX;CCNA2;CHUK;GDNF;GPS2;HLA-DOA;IL2;MMP7;MYC;RANBP3;SMAD2;STAT5A;TERT;TRRAP;ZFP36,1.0,False
KEGG,7,RHEUMATOID ARTHRITIS,0.5296388329591395,6,570,67,6576,ATP6V1B2;ATP6V1F;CTSK;FLT1;HLA-DOA;TEK,1.0,False
KEGG,7,SPHINGOLIPID SIGNALING PATHWAY,0.5331469764118951,10,570,114,6576,ASAH1;BAX;CERS2;FCER1G;GNAI2;MAPK13;NCOA3;PRKCE;SGMS1;SGPP2,1.0,False
KEGG,7,HUMAN CYTOMEGALOVIRUS INFECTION,0.5337631267515109,16,570,184,6576,ADCY5;ATF6B;BAX;BCAR1;CASP9;CHUK;DAND5;GDNF;GNAI2;GNG10;ITGB3;MAPK13;MYC;NCOA3;PTGER2;SEC14L2,1.0,False
KEGG,7,NOD-LIKE RECEPTOR SIGNALING PATHWAY,0.536778286515188,11,570,126,6576,CHUK;ERBIN;MAP3K7;MAPK13;MFN2;P2RX7;RBCK1;RIPK2;SUGT1;TAB3;TXNIP,1.0,False
KEGG,7,GLUTATHIONE METABOLISM,0.5374175878830042,4,570,44,6576,GSTM2;GSTM3;LAP3;RRM2,1.0,False
KEGG,7,MELANOMA,0.5445426232999347,6,570,68,6576,BAX;FGF22;FGF7;PDGFA;PDGFB;PDGFC,1.0,False
KEGG,7,RNA DEGRADATION,0.5445426232999347,6,570,68,6576,DCP2;EXOSC7;HSPD1;LSM7;PABPC1L;PFKP,1.0,False
KEGG,7,PHAGOSOME,0.5446320813927698,10,570,115,6576,ATP6V1B2;ATP6V1F;C3;HLA-DOA;ITGB3;M6PR;SEC14L2;TFRC;TUBB4A;VAMP3,1.0,False
KEGG,7,MRNA SURVEILLANCE PATHWAY,0.5476735728679761,7,570,80,6576,CPSF6;DDX39B;NXF1;PABPC1L;SSU72;UPF3B;WDR82,1.0,False
KEGG,7,REGULATION OF ACTIN CYTOSKELETON,0.5485249082166022,18,570,209,6576,BCAR1;DIAPH2;FGF22;FGF7;IQGAP2;ITGA7;ITGB3;MYH11;MYL10;MYL2;MYLK2;NCOA3;PDGFA;PDGFB;PDGFC;PIP5K1A;RDX;WASF1,1.0,False
KEGG,7,GLYCOSAMINOGLYCAN BIOSYNTHESIS - CHONDROITIN SULFATE / DERMATAN SULFATE,0.5544999334539003,2,570,21,6576,B3GAT3;CHST12,1.0,False
KEGG,7,PROXIMAL TUBULE BICARBONATE RECLAMATION,0.5544999334539003,2,570,21,6576,SLC25A10;SLC38A3,1.0,False
KEGG,7,"VALINE, LEUCINE AND ISOLEUCINE DEGRADATION",0.5556463349334301,4,570,45,6576,LDHD;MCCC1;MMUT;OXCT1,1.0,False
KEGG,7,SULFUR METABOLISM,0.5580370467543487,1,570,9,6576,BPNT1,1.0,False
KEGG,7,NON-SMALL CELL LUNG CANCER,0.5592351453861277,6,570,69,6576,BAX;CASP9;KIF5C;PLCG1;RXRA;STAT5A,1.0,False
KEGG,7,ALDOSTERONE SYNTHESIS AND SECRETION,0.5612273352181503,7,570,81,6576,ADCY5;ATF6B;CACNA1D;GDNF;LDLR;PRKCE;PRKD2,1.0,False
KEGG,7,CYSTEINE AND METHIONINE METABOLISM,0.5734845257851569,4,570,46,6576,AHCYL1;BHMT2;GNMT;LDHC,1.0,False
KEGG,7,"ALANINE, ASPARTATE AND GLUTAMATE METABOLISM",0.5751953669473193,3,570,34,6576,ADSL;COASY;RIMKLB,1.0,False
KEGG,7,NICOTINATE AND NICOTINAMIDE METABOLISM,0.5751953669473193,3,570,34,6576,NADSYN1;NT5C2;NUDT13,1.0,False
KEGG,7,ATP-DEPENDENT CHROMATIN REMODELING,0.5757388899490521,8,570,94,6576,DPF2;GATAD2A;HDAC2;PHF10;SMARCA2;SMARCE1;TFPT;TRRAP,1.0,False
KEGG,7,BIOSYNTHESIS OF UNSATURATED FATTY ACIDS,0.5802792795615805,2,570,22,6576,ACOX1;HACD4,1.0,False
KEGG,7,MATURITY ONSET DIABETES OF THE YOUNG,0.5802792795615805,2,570,22,6576,HNF1B;ONECUT1,1.0,False
KEGG,7,PHOTOTRANSDUCTION,0.5802792795615805,2,570,22,6576,GUCY2F;PDE6A,1.0,False
KEGG,7,PERTUSSIS,0.5888120196377824,5,570,59,6576,C1QB;C3;GNAI2;IL10;MAPK13,1.0,False
KEGG,7,DRUG METABOLISM - OTHER ENZYMES,0.5909132113901505,4,570,47,6576,GSTM2;GSTM3;RRM2;SLC38A3,1.0,False
KEGG,7,MINERAL ABSORPTION,0.5909132113901505,4,570,47,6576,ATP7A;HMOX1;SLC5A1;STEAP2,1.0,False
KEGG,7,HYPERTROPHIC CARDIOMYOPATHY,0.600212262546279,8,570,96,6576,CACNA1D;CACNA2D1;CACNG4;ITGA7;ITGB3;MYL2;SNTB1;SNTB2,1.0,False
KEGG,7,GABAERGIC SYNAPSE,0.6007400064868721,7,570,84,6576,ADCY5;CACNA1D;GABRA4;GABRB1;GNAI2;GNG10;SLC38A3,1.0,False
KEGG,7,RETROGRADE ENDOCANNABINOID SIGNALING,0.6007855135808202,11,570,132,6576,ABHD6;ADCY5;CACNA1D;GABRA4;GABRB1;GNAI2;GNG10;MAPK13;NDUFB6;NDUFB8;NDUFV2,1.0,False
KEGG,7,MANNOSE TYPE O-GLYCAN BIOSYNTHESIS,0.604945667573356,2,570,23,6576,POMT2;ST3GAL3,1.0,False
KEGG,7,VIRAL LIFE CYCLE - HIV-1,0.6079163054750758,4,570,48,6576,BICD1;CPSF6;SAMHD1;TSG101,1.0,False
KEGG,7,TNF SIGNALING PATHWAY,0.6114343217419311,9,570,109,6576,ATF6B;CEBPB;CHUK;GDNF;MAP3K7;MAP3K8;MAPK13;SELE;TAB3,1.0,False
KEGG,7,FC EPSILON RI SIGNALING PATHWAY,0.6190279043178136,5,570,61,6576,BTK;FCER1G;MAPK13;NCOA3;PLCG1,1.0,False
KEGG,7,DOPAMINERGIC SYNAPSE,0.6217021898832213,10,570,122,6576,ADCY5;ATF6B;CACNA1D;GDNF;GNAI2;GNG10;GSK3A;KIF5C;MAPK13;SLC18A2,1.0,False
KEGG,7,THIAMINE METABOLISM,0.6314353782693698,1,570,11,6576,NTPCR,1.0,False
KEGG,7,ACUTE MYELOID LEUKEMIA,0.6336336357259,5,570,62,6576,CCNA2;CHUK;KIT;MYC;STAT5A,1.0,False
KEGG,7,CENTRAL CARBON METABOLISM IN CANCER,0.6336336357259,5,570,62,6576,KIT;LDHC;MYC;PFKP;SLC16A3,1.0,False
KEGG,7,RENIN SECRETION,0.6336336357259,5,570,62,6576,ADCY5;CACNA1D;EDNRA;GNAI2;PTGER2,1.0,False
KEGG,7,INFLAMMATORY MEDIATOR REGULATION OF TRP CHANNELS,0.6383352005159361,7,570,87,6576,ADCY5;ASIC4;ASIC5;MAPK13;PLCG1;PRKCE;PTGER2,1.0,False
KEGG,7,HORMONE SIGNALING,0.6385435690709972,16,570,196,6576,ADCY5;ADRA2A;ADRA2C;APPL1;BMPR1A;DIDO1;GIPR;GNAI2;GNG10;IGF2;ITGB3;JAK2;RIPK2;STAT5A;THPO;TSHR,1.0,False
KEGG,7,PANCREATIC CANCER,0.6422615562385521,6,570,75,6576,BAX;CASP9;CHUK;NCOA3;RALB;SMAD2,1.0,False
KEGG,7,COLLECTING DUCT ACID SECRETION,0.6509438790975139,2,570,25,6576,ATP6V1B2;ATP6V1F,1.0,False
KEGG,7,PYRIMIDINE METABOLISM,0.6562508617719212,4,570,51,6576,NT5C2;NT5C3A;NT5C3B;RRM2,1.0,False
KEGG,7,ADRENERGIC SIGNALING IN CARDIOMYOCYTES,0.6603779607343347,11,570,138,6576,ADCY5;ATF6B;CACNA1D;CACNA2D1;CACNG4;GDNF;GNAI2;MAPK13;MYL2;MYL4;POPDC2,1.0,False
KEGG,7,EPITHELIAL CELL SIGNALING IN HELICOBACTER PYLORI INFECTION,0.6617971442464474,5,570,64,6576,ATP6V1B2;ATP6V1F;CHUK;MAPK13;PLCG1,1.0,False
KEGG,7,GAP JUNCTION,0.6677562211318953,6,570,77,6576,ADCY5;GNAI2;PDGFA;PDGFB;PDGFC;TUBB4A,1.0,False
KEGG,7,INOSITOL PHOSPHATE METABOLISM,0.6677562211318953,6,570,77,6576,IP6K2;ITPK1;ITPKA;PIP5K1A;PLCG1;PLCZ1,1.0,False
KEGG,7,POLYCOMB REPRESSIVE COMPLEX,0.6677562211318953,6,570,77,6576,CBX4;DCAF7;EPOP;EZH2;HDAC2;PHF19,1.0,False
KEGG,7,CARBOHYDRATE DIGESTION AND ABSORPTION,0.669427325014669,3,570,39,6576,CACNA1D;GNAT3;SLC5A1,1.0,False
KEGG,7,HEMATOPOIETIC CELL LINEAGE,0.675341985213832,5,570,65,6576,HLA-DOA;ITGB3;KIT;TFRC;THPO,1.0,False
KEGG,7,CHOLINERGIC SYNAPSE,0.6798429679930662,8,570,103,6576,ADCY5;CACNA1D;CHRNA6;GNAI2;GNG10;JAK2;KCNQ5;SLC5A7,1.0,False
KEGG,7,PLATELET ACTIVATION,0.6857649911067227,9,570,116,6576,ADCY5;BTK;FCER1G;GNAI2;ITGB3;MAPK13;MYLK2;VAMP8;VASP,1.0,False
KEGG,7,CYTOSOLIC DNA-SENSING PATHWAY,0.6861656265697185,4,570,53,6576,CHUK;G3BP1;POLR2K;SAMHD1,1.0,False
KEGG,7,RIBOSOME BIOGENESIS IN EUKARYOTES,0.688522568855348,5,570,66,6576,MPHOSPH10;NXF1;PWP2;RBM28;RIOK2,1.0,False
KEGG,7,THYROID HORMONE SYNTHESIS,0.688522568855348,5,570,66,6576,ADCY5;ATF6B;GDNF;TPO;TSHR,1.0,False
KEGG,7,AFRICAN TRYPANOSOMIASIS,0.6925798886546771,2,570,27,6576,IL10;SELE,1.0,False
KEGG,7,AMINOACYL-TRNA BIOSYNTHESIS,0.6925798886546771,2,570,27,6576,IARS2;YARS2,1.0,False
KEGG,7,VASCULAR SMOOTH MUSCLE CONTRACTION,0.6956387112140023,9,570,117,6576,ADCY5;CACNA1D;CALCRL;EDNRA;MYH11;MYLK2;PLA2G1B;PLA2G5;PRKCE,1.0,False
KEGG,7,MEASLES,0.7007000267324905,8,570,105,6576,BAX;CASP9;CHUK;EIF2AK4;IFIH1;IL2;MAP3K7;STAT5A,1.0,False
KEGG,7,WNT SIGNALING PATHWAY,0.702685617840296,12,570,155,6576,AXIN1;CCN4;DKK2;DVL2;MAP3K7;MMP7;MYC;NCOA3;PSEN1;RNF43;WNT3;WNT3A,1.0,False
KEGG,7,INTEGRIN SIGNALING,0.7060076636657546,11,570,143,6576,C3;FLNB;FLT1;ITGA7;ITGB3;NCOA3;PDGFA;PDGFB;PDGFC;TNN;TNNC1,1.0,False
KEGG,7,GLYCOSYLPHOSPHATIDYLINOSITOL (GPI)-ANCHOR BIOSYNTHESIS,0.7118153961617153,2,570,28,6576,PGAP4;PIGP,1.0,False
KEGG,7,GLYCEROLIPID METABOLISM,0.7141990032287066,4,570,55,6576,AGK;DGAT1;GK2;GPAT2,1.0,False
KEGG,7,VEGF SIGNALING PATHWAY,0.7141990032287066,4,570,55,6576,CASP9;MAPK13;NCOA3;PLCG1,1.0,False
KEGG,7,LEGIONELLOSIS,0.7181499657255943,3,570,42,6576,C3;CASP9;HSPD1,1.0,False
KEGG,7,ADIPOCYTOKINE SIGNALING PATHWAY,0.7258534654723681,5,570,69,6576,APPL1;CAMKK2;CHUK;JAK2;RXRA,1.0,False
KEGG,7,C-TYPE LECTIN RECEPTOR SIGNALING PATHWAY,0.7279276197891289,7,570,95,6576,BCL10;CCL17;CHUK;FCER1G;IL10;IL2;MAPK13,1.0,False
KEGG,7,FRUCTOSE AND MANNOSE METABOLISM,0.7300329654335225,2,570,29,6576,FBP1;PFKP,1.0,False
KEGG,7,CHEMICAL CARCINOGENESIS - REACTIVE OXYGEN SPECIES,0.7315969098652209,13,570,171,6576,CCNI;CHUK;GSTM2;GSTM3;HMOX1;MAPK13;NDUFB6;NDUFB8;NDUFV2;NQO1;PRKD2;SDHA;UQCRC1,1.0,False
KEGG,7,CORONAVIRUS DISEASE - COVID-19,0.7353108068926124,12,570,159,6576,C1QB;C3;C5AR1;CHUK;IFIH1;IL2;MAP3K7;MAPK13;MASP1;PLCG1;PMPCB;RPS15A,1.0,False
KEGG,7,LONGEVITY REGULATING PATHWAY,0.7370791347518267,6,570,83,6576,ADCY5;APPL1;ATF6B;BAX;CAMKK2;GDNF,1.0,False
KEGG,7,T CELL RECEPTOR SIGNALING PATHWAY,0.7397242800334619,8,570,109,6576,BCL10;CHUK;IL10;IL2;MAP3K7;MAP3K8;MAPK13;PLCG1,1.0,False
KEGG,7,GLYCOSPHINGOLIPID BIOSYNTHESIS - GANGLIO SERIES,0.7437323888400492,1,570,15,6576,ST3GAL5,1.0,False
KEGG,7,TYROSINE METABOLISM,0.7472642084980011,2,570,30,6576,ADH7;TPO,1.0,False
KEGG,7,ARGININE AND PROLINE METABOLISM,0.7474178978184134,3,570,44,6576,CKB;LAP3;PRODH2,1.0,False
KEGG,7,JAK-STAT SIGNALING PATHWAY,0.7507063213984869,9,570,123,6576,IL10;IL2;IL24;JAK2;MYC;PDGFA;PDGFB;STAT5A;THPO,1.0,False
KEGG,7,IGSF CAM SIGNALING,0.7537890308909438,20,570,261,6576,BCAR1;CASKIN2;DYNLL2;ITGB3;KCNA6;MAG;MAPK13;MYH11;MYLK2;NCAM1;NLGN1;NLGN2;NPHS2;PLCG1;PLXNA2;PRG2;RDX;ROBO3;SPTBN5;TUBB4A,1.0,False
KEGG,7,AUTOPHAGY - ANIMAL,0.7554611701783068,11,570,149,6576,ATG10;ATG4D;ATG7;BIRC6;CAMKK2;EIF2AK4;MAP3K7;PLEKHM1;SMCR8;VAMP8;VPS18,1.0,False
KEGG,7,CGMP-PKG SIGNALING PATHWAY,0.7554611701783068,11,570,149,6576,ADCY5;ADRA2A;ADRA2C;ATF6B;CACNA1D;EDNRA;GDNF;GNAI2;MYLK2;PRKCE;VASP,1.0,False
KEGG,7,GLYCEROPHOSPHOLIPID METABOLISM,0.757279053894339,7,570,98,6576,CEPT1;CHPT1;GPAT2;LYPLA2;PLA2G1B;PLA2G5;SGMS1,1.0,False
KEGG,7,CHRONIC MYELOID LEUKEMIA,0.7598612845444996,5,570,72,6576,BAX;CHUK;HDAC2;MYC;STAT5A,1.0,False
KEGG,7,NATURAL KILLER CELL MEDIATED CYTOTOXICITY,0.7598612845444996,5,570,72,6576,FCER1G;HCST;NCOA3;PLCG1;ZNF395,1.0,False
KEGG,7,NON-ALCOHOLIC FATTY LIVER DISEASE,0.7609768823438894,10,570,137,6576,BAX;CCNI;GSK3A;MAPK13;NDUFB6;NDUFB8;NDUFV2;RXRA;SDHA;UQCRC1,1.0,False
KEGG,7,VIBRIO CHOLERAE INFECTION,0.7611158665959126,3,570,45,6576,ATP6V1B2;ATP6V1F;PLCG1,1.0,False
KEGG,7,PRIMARY BILE ACID BIOSYNTHESIS,0.76599615021197,1,570,16,6576,CYP46A1,1.0,False
KEGG,7,APELIN SIGNALING PATHWAY,0.7674449173308229,9,570,125,6576,ADCY5;GNAI2;GNG10;MYL2;MYL4;MYLK2;PRKCE;SERPINE1;SMAD2,1.0,False
KEGG,7,FC GAMMA R-MEDIATED PHAGOCYTOSIS,0.7676283299023667,6,570,86,6576,PIP5K1A;PLCG1;PRKCE;VASP;WASF1;WASF3,1.0,False
KEGG,7,HEPATITIS C,0.7755098107102367,9,570,126,6576,BAX;CASP9;CHUK;CLDN11;EIF2AK4;LDLR;MYC;RXRA;YWHAZ,1.0,False
KEGG,7,VIRAL PROTEIN INTERACTION WITH CYTOKINE AND CYTOKINE RECEPTOR,0.7761243356174123,4,570,60,6576,CCL17;IL10;IL2;IL24,1.0,False
KEGG,7,VIRAL CARCINOGENESIS,0.7779479412091815,11,570,152,6576,ATF6B;BAX;C3;CCNA2;GDNF;GTF2A1;GTF2H3;HDAC2;HDAC9;STAT5A;YWHAZ,1.0,False
KEGG,7,KAPOSI SARCOMA-ASSOCIATED HERPESVIRUS INFECTION,0.7851101869308109,11,570,153,6576,BAX;C3;CASP9;CHUK;GNG10;JAK2;MAPK13;MYC;PDGFB;PLCG1;ZFP36,1.0,False
KEGG,7,CYTOKINE-CYTOKINE RECEPTOR INTERACTION,0.7861504409472063,15,570,204,6576,BMP15;BMP6;BMPR1A;CCL17;EDA2R;GDF5;IL10;IL17RB;IL1F10;IL2;IL24;IL25;NGFR;RELT;THPO,1.0,False
KEGG,7,FOLATE BIOSYNTHESIS,0.7863288017941616,1,570,17,6576,MOCS2,1.0,False
KEGG,7,NITROGEN METABOLISM,0.7863288017941616,1,570,17,6576,CA14,1.0,False
KEGG,7,NEUROACTIVE LIGAND-RECEPTOR INTERACTION,0.7896815001085288,24,570,317,6576,ADRA2A;ADRA2C;C3;C5AR1;CALCRL;CHRNA6;CYSLTR1;EDNRA;F2RL2;GABRA4;GABRB1;GALR2;GIPR;GRIN3A;NMUR2;NPFF;P2RX7;PMPCB;PTGER2;RIPK2;TAAR9;TACR3;TSHR;VGF,1.0,False
KEGG,7,INSULIN SECRETION,0.790600483989205,5,570,75,6576,ADCY5;ATF6B;CACNA1D;GDNF;RIPK2,1.0,False
KEGG,7,MELANOGENESIS,0.7954655324996419,6,570,89,6576,ADCY5;DVL2;GNAI2;KIT;WNT3;WNT3A,1.0,False
KEGG,7,APOPTOSIS,0.7992600656494717,8,570,116,6576,BAX;CASP9;CHUK;CTSK;CTSO;DAXX;DFFA;ZNF395,1.0,False
KEGG,7,INFLUENZA A,0.7992600656494717,8,570,116,6576,BAX;CASP9;CHUK;HLA-DOA;IFIH1;JAK2;KPNA6;NXF1,1.0,False
KEGG,7,HUMAN IMMUNODEFICIENCY VIRUS 1 INFECTION,0.8124917859040258,12,570,170,6576,AP1M2;BAX;CASP9;CHUK;GNAI2;GNG10;MAP3K7;MAPK13;NCOA3;PLCG1;SAMHD1;SEC14L2,1.0,False
KEGG,7,CALCIUM SIGNALING PATHWAY,0.8131491769850675,17,570,234,6576,CACNA1D;CYSLTR1;EDNRA;FGF22;FGF7;FLT1;GDNF;GRIN3A;ITPKA;MYLK2;P2RX7;PDGFA;PDGFB;PDGFC;PLCG1;PLCZ1;TACR3,1.0,False
KEGG,7,ESTROGEN SIGNALING PATHWAY,0.814250664434753,8,570,118,6576,ADCY5;ATF6B;DAND5;FKBP4;GDNF;GNAI2;KRT35;NCOA3,1.0,False
KEGG,7,LIPID AND ATHEROSCLEROSIS,0.8185970595673319,12,570,171,6576,BAX;CASP9;CHUK;HSPD1;JAK2;LDLR;MAP3K7;MAPK13;PLCG1;POU2F1;RXRA;SELE,1.0,False
KEGG,7,AMINO SUGAR AND NUCLEOTIDE SUGAR METABOLISM,0.8198521885796797,2,570,35,6576,CHIT1;UXS1,1.0,False
KEGG,7,"GLYCINE, SERINE AND THREONINE METABOLISM",0.8198521885796797,2,570,35,6576,GNMT;LDHD,1.0,False
KEGG,7,MITOPHAGY - ANIMAL,0.8206703968128635,6,570,92,6576,BNIP3L;CITED2;DAND5;MARCHF5;MFN2;RHOT1,1.0,False
KEGG,7,HISTIDINE METABOLISM,0.8218552422479415,1,570,19,6576,UROC1,1.0,False
KEGG,7,LIPOIC ACID METABOLISM,0.8218552422479415,1,570,19,6576,LDHD,1.0,False
KEGG,7,STEROID BIOSYNTHESIS,0.8218552422479415,1,570,19,6576,FDFT1,1.0,False
KEGG,7,ALZHEIMER DISEASE,0.8226087098863121,24,570,324,6576,APH1A;AXIN1;CACNA1D;CASP9;CCNI;CHUK;DKK2;DVL2;KIF5C;KLC1;KLC4;NDUFB6;NDUFB8;NDUFV2;PSEN1;PSMC4;PSMC5;PSMD12;PSMD3;SDHA;TUBB4A;UQCRC1;WNT3;WNT3A,1.0,False
KEGG,7,THERMOGENESIS,0.824865286499245,13,570,185,6576,ADCY5;CCNI;GDNF;MAPK13;NDUFAF8;NDUFB6;NDUFB8;NDUFV2;SDHA;SLC25A29;SMARCA2;SMARCE1;UQCRC1,1.0,False
KEGG,7,REGULATION OF LIPOLYSIS IN ADIPOCYTES,0.8310755920693871,3,570,51,6576,ADCY5;GNAI2;TSHR,1.0,False
KEGG,7,FATTY ACID DEGRADATION,0.8319128604328809,2,570,36,6576,ACOX1;ADH7,1.0,False
KEGG,7,TOLL-LIKE RECEPTOR SIGNALING PATHWAY,0.8349023117435896,5,570,80,6576,CHUK;CTSK;MAP3K7;MAP3K8;MAPK13,1.0,False
KEGG,7,B CELL RECEPTOR SIGNALING PATHWAY,0.835897058865082,4,570,66,6576,BCL10;BTK;CHUK;NCOA3,1.0,False
KEGG,7,PHOSPHATIDYLINOSITOL SIGNALING SYSTEM,0.8360661530484865,6,570,94,6576,IP6K2;ITPK1;ITPKA;PIP5K1A;PLCG1;PLCZ1,1.0,False
KEGG,7,FOLATE TRANSPORT AND METABOLISM,0.8373413657676415,1,570,20,6576,BHMT2,1.0,False
KEGG,7,RENIN-ANGIOTENSIN SYSTEM,0.8373413657676415,1,570,20,6576,PMPCB,1.0,False
KEGG,7,TERPENOID BACKBONE BIOSYNTHESIS,0.8373413657676415,1,570,20,6576,DHDDS,1.0,False
KEGG,7,HOMOLOGOUS RECOMBINATION,0.8432407239674523,2,570,37,6576,BABAM1;POLD1,1.0,False
KEGG,7,MALARIA,0.8432407239674523,2,570,37,6576,IL10;SELE,1.0,False
KEGG,7,CORNIFIED ENVELOPE FORMATION,0.8434011598280451,10,570,149,6576,CASP14;CLDN11;DSG4;KAZN;KDSR;KRT35;PCSK6;PPL;S100A11;TMEM79,1.0,False
KEGG,7,SPINOCEREBELLAR ATAXIA,0.8452576188082221,9,570,136,6576,DAND5;GRIN3A;OMA1;PSMC4;PSMC5;PSMD12;PSMD3;PUM1;TWNK,1.0,False
KEGG,7,PANCREATIC SECRETION,0.8503428037772263,5,570,82,6576,ADCY5;PLA2G1B;PLA2G5;RAB27B;RIPK2,1.0,False
KEGG,7,PHOSPHOLIPASE D SIGNALING PATHWAY,0.8511836080908707,9,570,137,6576,ADCY5;FCER1G;KIT;PDGFA;PDGFB;PDGFC;PIP5K1A;PLCG1;RALB,1.0,False
KEGG,7,CYTOSKELETON IN MUSCLE CELLS,0.8514404787519609,15,570,216,6576,AGRN;ANKRD2;DIAPH2;ITGA7;ITGB3;LMOD1;MYBPC2;MYH11;MYL2;MYL4;PDLIM1;SNTB1;SNTB2;SPTBN5;TMEM43,1.0,False
KEGG,7,GLIOMA,0.8526069424468706,4,570,68,6576,BAX;PDGFA;PDGFB;PLCG1,1.0,False
KEGG,7,ENDOCYTOSIS,0.8561111040586856,15,570,217,6576,ARF3;ARF5;IST1;KIF5C;LDLR;MMACHC;PIP5K1A;RAB4A;SMAD2;TFRC;TSG101;VPS29;VPS37B;WIPF2;WIPF3,1.0,False
KEGG,7,ECM-RECEPTOR INTERACTION,0.8576032953814186,5,570,83,6576,AGRN;ITGA7;ITGB3;TNN;TNNC1,1.0,False
KEGG,7,OSTEOCLAST DIFFERENTIATION,0.8581290947575355,7,570,111,6576,BTK;CHUK;CTSK;ITGB3;MAP3K7;MAPK13;TREM2,1.0,False
KEGG,7,CHEMOKINE SIGNALING PATHWAY,0.8601091314158701,10,570,152,6576,ADCY5;BCAR1;CCL17;CHUK;GNAI2;GNG10;GSK3A;JAK2;NCOA3;PLCG1,1.0,False
KEGG,7,NEUROTROPHIN SIGNALING PATHWAY,0.864230910287471,7,570,112,6576,BAX;MAPK13;NGFR;NTF3;PLCG1;PSEN1;RIPK2,1.0,False
KEGG,7,PROGESTERONE-MEDIATED OOCYTE MATURATION,0.8645676330635983,5,570,84,6576,ADCY5;CCNA2;CPEB1;GNAI2;MAPK13,1.0,False
KEGG,7,RIBOSOME,0.8657484227500486,8,570,126,6576,MRPL10;MRPL34;MRPL35;MRPL54;MRPS21;MRPS30;MRPS33;RPS15A,1.0,False
KEGG,7,BUTANOATE METABOLISM,0.8761912053398431,1,570,23,6576,OXCT1,1.0,False
KEGG,7,GLYCOSPHINGOLIPID BIOSYNTHESIS - LACTO AND NEOLACTO SERIES,0.8761912053398431,1,570,23,6576,ST3GAL3,1.0,False
KEGG,7,NEUROACTIVE LIGAND SIGNALING,0.8762595384678051,12,570,182,6576,ADCY5;ADRA2A;ADRA2C;CHRNA6;GABRA4;GABRB1;GNAI2;GNG10;GRIN3A;SLC18A2;SLC5A7;TACR3,1.0,False
KEGG,7,MORPHINE ADDICTION,0.877639789714617,5,570,86,6576,ADCY5;GABRA4;GABRB1;GNAI2;GNG10,1.0,False
KEGG,7,SMALL CELL LUNG CANCER,0.8837638257493005,5,570,87,6576,BAX;CASP9;CHUK;MYC;RXRA,1.0,False
KEGG,7,RELAXIN SIGNALING PATHWAY,0.891593635929722,7,570,117,6576,ADCY5;ATF6B;GDNF;GNAI2;GNG10;MAPK13;SMAD2,1.0,False
KEGG,7,CIRCADIAN ENTRAINMENT,0.8952287513698052,5,570,89,6576,ADCY5;CACNA1D;GNAI2;GNG10;RASD1,1.0,False
KEGG,7,FATTY ACID ELONGATION,0.8967944980605639,1,570,25,6576,HACD4,1.0,False
KEGG,7,PROTEOGLYCANS IN CANCER,0.8971190702385237,12,570,187,6576,HPSE;IGF2;ITGB3;MAPK13;MYC;NUDT16L1;PLCG1;RDX;SMAD2;TWIST2;WNT3;WNT3A,1.0,False
KEGG,7,"PARATHYROID HORMONE SYNTHESIS, SECRETION AND ACTION",0.8977601849333691,6,570,104,6576,ADCY5;ATF6B;DAND5;GDNF;GNAI2;RXRA,1.0,False
KEGG,7,UBIQUITIN MEDIATED PROTEOLYSIS,0.9007115229255844,8,570,133,6576,BIRC6;CUL7;KLHL13;MMACHC;PRPF19;UBE2B;UBE2E1;UBE2J1,1.0,False
KEGG,7,FANCONI ANEMIA PATHWAY,0.9049445387596501,2,570,44,6576,FAN1;PMS2,1.0,False
KEGG,7,TYPE II DIABETES MELLITUS,0.9049445387596501,2,570,44,6576,CACNA1D;PRKCE,1.0,False
KEGG,7,SYNAPTIC VESICLE CYCLE,0.9057151640515722,4,570,76,6576,ATP6V1B2;ATP6V1F;CPLX4;SLC18A2,1.0,False
KEGG,7,GALACTOSE METABOLISM,0.9057743692413728,1,570,26,6576,PFKP,1.0,False
KEGG,7,RNA POLYMERASE,0.9057743692413728,1,570,26,6576,POLR2K,1.0,False
KEGG,7,STARCH AND SUCROSE METABOLISM,0.9057743692413728,1,570,26,6576,PYGB,1.0,False
KEGG,7,TIGHT JUNCTION,0.9090930263005448,9,570,149,6576,ARHGAP17;CACNA1D;CLDN11;CRB3;MYH11;MYL2;PRKCE;RDX;VASP,1.0,False
KEGG,7,CELL ADHESION MOLECULE (CAM) INTERACTION,0.9100035878158135,7,570,121,6576,CLDN11;HLA-DOA;MAG;NCAM1;NLGN1;NLGN2;SELE,1.0,False
KEGG,7,HIPPO SIGNALING PATHWAY - MULTIPLE SPECIES,0.9139741569562456,1,570,27,6576,TEAD3,1.0,False
KEGG,7,GLUCAGON SIGNALING PATHWAY,0.9152550785902478,5,570,93,6576,FBP1;GDNF;LDHC;PFKP;PYGB,1.0,False
KEGG,7,GLUTAMATERGIC SYNAPSE,0.9162054593751219,6,570,108,6576,ADCY5;CACNA1D;GNAI2;GNG10;GRIN3A;SLC38A3,1.0,False
KEGG,7,HUMAN PAPILLOMAVIRUS INFECTION,0.9186686986333502,19,570,287,6576,ATP6V1B2;ATP6V1F;AXIN1;BAX;CCNA2;CHUK;CRB3;DVL2;HDAC2;ITGA7;ITGB3;LFNG;MAML2;PSEN1;TERT;TNN;TNNC1;WNT3;WNT3A,1.0,False
KEGG,7,PROLACTIN SIGNALING PATHWAY,0.9197741093993833,3,570,63,6576,JAK2;MAPK13;STAT5A,1.0,False
KEGG,7,RENAL CELL CARCINOMA,0.9197741093993833,3,570,63,6576,FLCN;LDLR;PDGFB,1.0,False
KEGG,7,TASTE TRANSDUCTION,0.9197741093993833,3,570,63,6576,GABRA4;GNAT3;TAS2R16,1.0,False
KEGG,7,NECROPTOSIS,0.920338282309271,6,570,109,6576,ALOX15;BAX;JAK2;PYGB;RBCK1;STAT5A,1.0,False
KEGG,7,OXYTOCIN SIGNALING PATHWAY,0.9207048818601979,8,570,138,6576,ADCY5;CACNA1D;CACNA2D1;CACNG4;CAMKK2;EEF2K;GNAI2;MYLK2,1.0,False
KEGG,7,PROTEIN EXPORT,0.9214615184671542,1,570,28,6576,IMMP2L,1.0,False
KEGG,7,BETA-ALANINE METABOLISM,0.9282982525040696,1,570,29,6576,ACOX1,1.0,False
KEGG,7,GASTRIC ACID SECRETION,0.9295311744781286,3,570,65,6576,ADCY5;GNAI2;MYLK2,1.0,False
KEGG,7,PPAR SIGNALING PATHWAY,0.9295311744781286,3,570,65,6576,ACOX1;GK2;RXRA,1.0,False
KEGG,7,PD-L1 EXPRESSION AND PD-1 CHECKPOINT PATHWAY IN CANCER,0.9295824688046916,4,570,81,6576,CHUK;JAK2;MAPK13;PLCG1,1.0,False
KEGG,7,PROSTATE CANCER,0.9318373092446256,5,570,97,6576,CASP9;CHUK;PDGFA;PDGFB;PDGFC,1.0,False
KEGG,7,AXON GUIDANCE,0.9355258740730529,10,570,171,6576,ABLIM1;EFNA1;EPHA2;FES;GNAI2;NCOA3;PLCG1;PLXNA2;ROBO3;SEMA5B,1.0,False
KEGG,7,AMPK SIGNALING PATHWAY,0.9384361065460421,6,570,114,6576,CAMKK2;CCNA2;EEF2K;FBP1;MAP3K7;PFKP,1.0,False
KEGG,7,STEROID HORMONE BIOSYNTHESIS,0.9402407355844872,1,570,31,6576,HSD11B1,1.0,False
KEGG,7,HEDGEHOG SIGNALING PATHWAY,0.9433498529682414,2,570,51,6576,HHATL;KIF7,1.0,False
KEGG,7,CIRCADIAN RHYTHM,0.9454451329438214,1,570,32,6576,FBXL3,1.0,False
KEGG,7,BACTERIAL INVASION OF EPITHELIAL CELLS,0.9493449844890767,3,570,70,6576,BCAR1;CTNNA1;WASF1,1.0,False
KEGG,7,DNA REPLICATION,0.9501970085889959,1,570,33,6576,POLD1,1.0,False
KEGG,7,MTOR SIGNALING PATHWAY,0.9505095444708995,8,570,148,6576,ATP6V1B2;ATP6V1F;CHUK;DVL2;FLCN;MAPKAP1;WNT3;WNT3A,1.0,False
KEGG,7,DIABETIC CARDIOMYOPATHY,0.9536658227222848,9,570,164,6576,CCNI;DAND5;MAPK13;NDUFB6;NDUFB8;NDUFV2;SDHA;SMAD2;UQCRC1,1.0,False
KEGG,7,LONGEVITY REGULATING PATHWAY - MULTIPLE SPECIES,0.9548174918954122,2,570,54,6576,ADCY5;HDAC2,1.0,False
KEGG,7,LONG-TERM DEPRESSION,0.9581205333459504,2,570,55,6576,GNAI2;GNAZ,1.0,False
KEGG,7,CELLULAR SENESCENCE,0.9613539007674551,7,570,138,6576,CACNA1D;CCNA2;LIN37;MAPK13;MYC;SERPINE1;SMAD2,1.0,False
KEGG,7,BLADDER CANCER,0.9654156364407129,1,570,37,6576,MYC,1.0,False
KEGG,7,OOCYTE MEIOSIS,0.9655930451079561,5,570,109,6576,ADCY5;CPEB1;MAPK13;PLCZ1;YWHAZ,1.0,False
KEGG,7,ERBB SIGNALING PATHWAY,0.9662586634620073,3,570,76,6576,MYC;PLCG1;STAT5A,1.0,False
KEGG,7,GNRH SECRETION,0.96669872180436,2,570,58,6576,CACNA1D;HCN1,1.0,False
KEGG,7,TRYPTOPHAN METABOLISM,0.9711826575339226,1,570,39,6576,LDHD,1.0,False
KEGG,7,GNRH SIGNALING PATHWAY,0.9744067877763978,3,570,80,6576,ADCY5;CACNA1D;MAPK13,1.0,False
KEGG,7,PEROXISOME,0.9744067877763978,3,570,80,6576,ACOX1;CRAT;NUDT13,1.0,False
KEGG,7,VASOPRESSIN-REGULATED WATER REABSORPTION,0.9759894180605853,1,570,41,6576,DYNLL2,1.0,False
KEGG,7,CAMP SIGNALING PATHWAY,0.9767845676405932,11,570,208,6576,ACOX1;ADCY5;CACNA1D;EDNRA;GIPR;GNAI2;GRIN3A;NCOA3;POPDC2;PTGER2;TSHR,1.0,False
KEGG,7,SALIVARY SECRETION,0.9773735010371081,2,570,63,6576,ADCY5;BEST2,1.0,False
KEGG,7,CELL CYCLE,0.9785457447521515,7,570,149,6576,CCNA2;CDC6;HDAC2;MYC;SMAD2;TRIP13;YWHAZ,1.0,False
KEGG,7,FOXO SIGNALING PATHWAY,0.9843109112771726,5,570,122,6576,CHUK;FOXO4;IL10;MAPK13;PLK4,1.0,False
KEGG,7,INSULIN RESISTANCE,0.9947523635606932,3,570,102,6576,PPP1R3B;PRKCE;PYGB,1.0,False
KEGG,7,INSULIN SIGNALING PATHWAY,0.996534694903423,4,570,127,6576,FBP1;PPP1R3B;PYGB;TRIP10,1.0,False
KEGG,7,AMOEBIASIS,0.9991097305139828,1,570,77,6576,IL10,1.0,False
KEGG,7,PROTEIN DIGESTION AND ABSORPTION,0.999486861564494,1,570,83,6576,COL23A1,1.0,False
KEGG,7,ALDOSTERONE-REGULATED SODIUM REABSORPTION,1.0,0,570,34,6576,,1.0,False
KEGG,7,ARGININE BIOSYNTHESIS,1.0,0,570,21,6576,,1.0,False
KEGG,7,ASCORBATE AND ALDARATE METABOLISM,1.0,0,570,14,6576,,1.0,False
KEGG,7,BIOSYNTHESIS OF VARIOUS NUCLEOTIDE SUGARS,1.0,0,570,19,6576,,1.0,False
KEGG,7,D-AMINO ACID METABOLISM,1.0,0,570,5,6576,,1.0,False
KEGG,7,ENDOCRINE AND OTHER FACTOR-REGULATED CALCIUM REABSORPTION,1.0,0,570,44,6576,,1.0,False
KEGG,7,FATTY ACID BIOSYNTHESIS,1.0,0,570,16,6576,,1.0,False
KEGG,7,GLYCOSPHINGOLIPID BIOSYNTHESIS - GLOBO AND ISOGLOBO SERIES,1.0,0,570,14,6576,,1.0,False
KEGG,7,LONG-TERM POTENTIATION,1.0,0,570,59,6576,,1.0,False
KEGG,7,OLFACTORY TRANSDUCTION,1.0,0,570,37,6576,,1.0,False
KEGG,7,PHENYLALANINE METABOLISM,1.0,0,570,14,6576,,1.0,False
KEGG,7,"PHENYLALANINE, TYROSINE AND TRYPTOPHAN BIOSYNTHESIS",1.0,0,570,6,6576,,1.0,False
KEGG,7,RIBOFLAVIN METABOLISM,1.0,0,570,8,6576,,1.0,False
KEGG,7,SELENOCOMPOUND METABOLISM,1.0,0,570,17,6576,,1.0,False
KEGG,7,TAURINE AND HYPOTAURINE METABOLISM,1.0,0,570,14,6576,,1.0,False
KEGG,7,VITAMIN B6 METABOLISM,1.0,0,570,6,6576,,1.0,False
KEGG,8,GLYCOSPHINGOLIPID BIOSYNTHESIS - GLOBO AND ISOGLOBO SERIES,0.0018707424725496534,6,690,14,6576,B3GALT5;FUT9;GBGT1;HEXA;HEXB;ST3GAL1,0.6510183804472793,False
KEGG,8,TAURINE AND HYPOTAURINE METABOLISM,0.01119630823031837,5,690,14,6576,CSAD;FMO1;FMO3;GADL1;GGT6,1.0,False
KEGG,8,UBIQUITIN MEDIATED PROTEOLYSIS,0.03607199119935016,21,690,133,6576,ANAPC13;ANAPC5;BRCA1;ERCC8;FBXW11;HERC1;HERC4;MMAB;MPG;NEDD4;PIAS3;SOCS1;UBC;UBE2A;UBE2D1;UBE2E2;UBE2G1;UBE2H;UBE2M;UBE2N;UBE4B,1.0,False
KEGG,8,RIBOSOME,0.038216519284453,20,690,126,6576,MRPL12;MRPL17;MRPL36;MRPL37;MRPL4;MRPL43;MRPL48;MRPL49;MRPL50;MRPL9;MRPS14;MRPS18C;MRPS34;RPL11;RPL28;RPL38;RPL7A;RPS20;RPS28;RPS6,1.0,False
KEGG,8,BIOSYNTHESIS OF VARIOUS NUCLEOTIDE SUGARS,0.04190661820668187,5,690,19,6576,CYB5R4;CYB5RL;GMPPB;NPL;UAP1,1.0,False
KEGG,8,CIRCADIAN RHYTHM,0.04444564423128393,7,690,32,6576,CRY2;FBXW11;NR1D2;PER1;PER3;PRKAA2;PRKAG1,1.0,False
KEGG,8,VIRAL MYOCARDITIS,0.052557420270784846,9,690,47,6576,ABL2;ACTG1;CASP3;CASP8;CD40LG;DMD;HLA-DQB2;ICAM1;SGCZ,1.0,False
KEGG,8,CORNIFIED ENVELOPE FORMATION,0.0612956599074459,22,690,149,6576,CLDN1;CLDN14;CLDN16;EPHX2;FURIN;KRT1;KRT17;KRT2;KRT32;KRT34;KRT75;KRT76;KRT8;KRT80;PADI1;PPP2CB;PPP2R1A;PPP2R5A;S100A4;SLC27A1;SLC27A4;TGM1,1.0,False
KEGG,8,GLYCOSPHINGOLIPID BIOSYNTHESIS - GANGLIO SERIES,0.06415000167310939,4,690,15,6576,B3GALT4;HEXA;HEXB;ST3GAL1,1.0,False
KEGG,8,AMINO SUGAR AND NUCLEOTIDE SUGAR METABOLISM,0.06767032660224603,7,690,35,6576,GALE;GALK1;GMPPB;HEXA;HEXB;SLPI;UAP1,1.0,False
KEGG,8,BUTANOATE METABOLISM,0.08580904269971008,5,690,23,6576,ABAT;ACSM3;HMGCL;HMGCLL1;L2HGDH,1.0,False
KEGG,8,THERMOGENESIS,0.11021735566408342,25,690,185,6576,ACSL4;ACTG1;ACTL6B;ADCY4;ADRB3;AKT1S1;ATP5PB;COX15;COX6B2;COX7A2;DPF3;KDM3A;KLB;LIPE;MAP2K3;MAPK11;NDUFA10;NDUFA13;NDUFB4;NDUFB7;PRKAA2;PRKAG1;PRKG1;RPS6;SIRT6,1.0,False
KEGG,8,NOTCH SIGNALING PATHWAY,0.11716620457908325,9,690,55,6576,DLL1;DTX3L;DVL1;HDAC1;MAML1;NUMB;RBM15;SNW1;TLE2,1.0,False
KEGG,8,CELL ADHESION MOLECULE (CAM) INTERACTION,0.12898571140011036,17,690,121,6576,CD40LG;CDH15;CDH2;CDH4;CLDN1;CLDN14;CLDN16;CNTNAP1;CTLA4;HLA-DQB2;ICAM1;JAM3;L1CAM;LRRC4B;NECTIN2;NECTIN3;SELL,1.0,False
KEGG,8,SPLICEOSOME,0.12898571140011036,17,690,121,6576,AQR;DHX16;DHX38;HSPA8;LSM5;LSM6;LSM8;MAGOHB;SART1;SF3A3;SNRNP200;SNRNP70;SNW1;SRSF1;THOC5;U2SURP;USP39,1.0,False
KEGG,8,STEROID BIOSYNTHESIS,0.13094493894574707,4,690,19,6576,CYP2R1;CYP51A1;NSDHL;TM7SF2,1.0,False
KEGG,8,RAP1 SIGNALING PATHWAY,0.13403664224240566,26,690,198,6576,ACTG1;ADCY4;ARAP3;EGF;ENAH;EVL;FGF1;FGF20;FGF6;FGFR4;GPRIN1;IGF1;INSR;MAP2K3;MAPK11;PFN3;PRKCZ;PRKD1;PRKD3;RAPGEF3;RAPGEF6;RASGRP2;RHOA;TLN1;VEGFB;VEGFD,1.0,False
KEGG,8,ALDOSTERONE SYNTHESIS AND SECRETION,0.13784747889593799,12,690,81,6576,ADCY4;AGXT;ATP1B4;ATP2B4;CACNA1S;CAMK1D;CAMK2G;LIPE;PDE2A;PRKD1;PRKD3;SCARB1,1.0,False
KEGG,8,PANTOTHENATE AND COA BIOSYNTHESIS,0.1508756992423404,4,690,20,6576,ALDH3A2;CSAD;GADL1;PANK3,1.0,False
KEGG,8,PROTEASOME,0.15883194945712592,7,690,43,6576,POMP;PSMA4;PSMB1;PSMD11;PSMD4;PSMD9;PSME3,1.0,False
KEGG,8,RIG-I-LIKE RECEPTOR SIGNALING PATHWAY,0.16058741343230895,8,690,51,6576,CASP8;ISG15;MAPK11;NLRX1;PDZD2;STING1;TKFC;TRIM25,1.0,False
KEGG,8,STAPHYLOCOCCUS AUREUS INFECTION,0.16058741343230895,8,690,51,6576,C1QC;FCGR1A;HLA-DQB2;ICAM1;KRT17;KRT32;KRT34;MASP2,1.0,False
KEGG,8,GLYCOSYLPHOSPHATIDYLINOSITOL (GPI)-ANCHOR BIOSYNTHESIS,0.16389970494167982,5,690,28,6576,B3GALT4;GPLD1;PIGF;PIGM;PIGQ,1.0,False
KEGG,8,IL-17 SIGNALING PATHWAY,0.16898184006605987,11,690,76,6576,ANAPC5;CASP3;CASP8;IL17B;IL17RA;IL17RE;MAPK11;MAPK6;MAPK7;MMP13;SRSF1,1.0,False
KEGG,8,POLYCOMB REPRESSIVE COMPLEX,0.17976007023514584,11,690,77,6576,CBX6;HCFC1;HDAC1;KDM2A;L3MBTL1;MGA;PCGF3;SFMBT2;TEX10;UBE2D1;YY1,1.0,False
KEGG,8,BETA-ALANINE METABOLISM,0.18211414206505103,5,690,29,6576,ABAT;ALDH3A2;CNDP1;CSAD;GADL1,1.0,False
KEGG,8,FRUCTOSE AND MANNOSE METABOLISM,0.18211414206505103,5,690,29,6576,GMPPB;SLPI;TIGAR;TKFC;TPI1,1.0,False
KEGG,8,GLYOXYLATE AND DICARBOXYLATE METABOLISM,0.18211414206505103,5,690,29,6576,ACSS2;AFMID;AGXT;GLYCTK;HAO2,1.0,False
KEGG,8,OXYTOCIN SIGNALING PATHWAY,0.1952759664240202,18,690,138,6576,ACTG1;ADCY4;CACNA1S;CAMK1D;CAMK2G;KCNJ2;KCNJ4;MAPK7;MEF2C;MYL9;NFATC4;PLA2G4B;PPP1R12B;PRKAA2;PRKAG1;RHOA;RYR2;TRPM2,1.0,False
KEGG,8,BILE SECRETION,0.19795118146374613,9,690,62,6576,ABCB11;ADCY4;AQP9;ATP1B4;SCARB1;SLC22A7;SLC2A1;SLC4A2;SLC9A1,1.0,False
KEGG,8,LONGEVITY REGULATING PATHWAY - MULTIPLE SPECIES,0.20079558550054627,8,690,54,6576,ADCY4;AKT1S1;HDAC1;HSPA8;IGF1;INSR;PRKAA2;PRKAG1,1.0,False
KEGG,8,ONE CARBON POOL BY FOLATE,0.201032229018458,5,690,30,6576,MTHFD2;MTHFR;SARDH;TYMS;VSIG2,1.0,False
KEGG,8,CHOLESTEROL METABOLISM,0.20275082679723846,7,690,46,6576,ABCB11;ANGPTL4;APOA4;APOC2;LCAT;LIPC;SCARB1,1.0,False
KEGG,8,OVARIAN STEROIDOGENESIS,0.203210496038118,6,690,38,6576,ADCY4;CYP17A1;IGF1;INSR;PLA2G4B;SCARB1,1.0,False
KEGG,8,HYPERTROPHIC CARDIOMYOPATHY,0.20335630324426493,13,690,96,6576,ACTG1;AGXT;CACNA1S;DMD;EDN1;EMD;IGF1;ITGA1;ITGA3;PRKAA2;PRKAG1;RYR2;SGCZ,1.0,False
KEGG,8,PRIMARY IMMUNODEFICIENCY,0.220576561605696,5,690,31,6576,ADA;CD40LG;IL2RG;LCK;RAG2,1.0,False
KEGG,8,FATTY ACID BIOSYNTHESIS,0.23192068391011356,3,690,16,6576,ACSBG2;ACSL4;CBR4,1.0,False
KEGG,8,PROTEIN PROCESSING IN ENDOPLASMIC RETICULUM,0.2343243154881738,20,690,160,6576,BAG1;DERL3;DNAJB1;DNAJC10;EIF2S1;HSPA8;HSPH1;LMAN1L;P4HB;RPN1;SAR1A;SAR1B;SEC13;SEC61G;SEL1L2;TRAM1L1;TUSC3;UBE2D1;UBE2G1;UBE4B,1.0,False
KEGG,8,GASTRIC ACID SECRETION,0.23831769364483013,9,690,65,6576,ACTG1;ADCY4;ATP1B4;CAMK2G;KCNJ16;KCNJ2;SLC4A2;SLC9A1;SST,1.0,False
KEGG,8,EFFEROCYTOSIS,0.24920411192232728,18,690,144,6576,ANO4;ANO5;ATP11A;ATP8A1;C1QC;CAMK2G;CASP3;CX3CR1;DUSP16;DUSP7;MAPK11;MERTK;NFATC4;P2RY2;PBX1;RAB5A;SLC2A1;VPS16,1.0,False
KEGG,8,SPHINGOLIPID METABOLISM,0.25070794063182206,7,690,49,6576,CERS6;GAL3ST1;GALC;HEXA;HEXB;SGPL1;SMPD4,1.0,False
KEGG,8,CALCIUM SIGNALING PATHWAY,0.25597567490603845,28,690,234,6576,ADCY4;ADRB2;ADRB3;ATP2B4;CACNA1S;CAMK1D;CAMK2G;CHRM1;EGF;ERBB3;FGF1;FGF20;FGF6;FGFR4;GNAL;GPRIN1;HTR2C;ITPKC;MCOLN2;NFATC4;PDE1B;PHKG1;PLCD3;PTGER3;PTGFR;RYR2;VEGFB;VEGFD,1.0,False
KEGG,8,VARIOUS TYPES OF N-GLYCAN BIOSYNTHESIS,0.2564342511936904,6,690,41,6576,ALG9;CHST9;HEXA;HEXB;RPN1;TUSC3,1.0,False
KEGG,8,RETINOL METABOLISM,0.26122570833419145,5,690,33,6576,ADH5;CYP2C18;CYP2W1;HSD17B6;LRAT,1.0,False
KEGG,8,COBALAMIN TRANSPORT AND METABOLISM,0.261313466178185,3,690,17,6576,HCFC1;MMAB;PRDX1,1.0,False
KEGG,8,LEGIONELLOSIS,0.274964395299534,6,690,42,6576,CASP3;CASP8;HSPA8;RAB1A;SAR1A;SAR1B,1.0,False
KEGG,8,RNA DEGRADATION,0.28129324632318775,9,690,68,6576,CNOT10;CNOT7;EXOSC4;EXOSC6;LSM5;LSM6;LSM8;PATL1;ZCCHC7,1.0,False
KEGG,8,AMYOTROPHIC LATERAL SCLEROSIS,0.2818698023130669,35,690,301,6576,ACTG1;ANXA7;ATP5PB;BECN2;CASP3;COX6B2;COX7A2;DCTN5;DNAH2;EIF2S1;GPRIN1;GPX1;HDAC6;KIF5A;MAP2K3;MAPK11;NDUFA10;NDUFA13;NDUFB4;NDUFB7;NRBF2;NRG2;NRG4;NUP205;NUP58;PFN3;PSMA4;PSMB1;PSMD11;PSMD4;PSMD9;RAB1A;RAB5A;SEC13;TARDBP,1.0,False
KEGG,8,REGULATION OF LIPOLYSIS IN ADIPOCYTES,0.28440620837528396,7,690,51,6576,ADCY4;ADRB2;ADRB3;INSR;LIPE;PRKG1;PTGER3,1.0,False
KEGG,8,HIPPO SIGNALING PATHWAY,0.28812473427456026,18,690,148,6576,ACTG1;AREG;CTNNA2;DVL1;FBXW11;FGF1;LATS2;PATJ;PPP2CB;PPP2R1A;PRKCZ;SMAD3;SOX2;TEAD1;TP73;TRIM26;WNT8B;WWTR1,1.0,False
KEGG,8,VITAMIN DIGESTION AND ABSORPTION,0.28826211143676356,4,690,26,6576,APOA4;LRAT;SCARB1;SLC5A6,1.0,False
KEGG,8,AGE-RAGE SIGNALING PATHWAY IN DIABETIC COMPLICATIONS,0.2918323773581288,12,690,95,6576,AGXT;CASP3;EDN1;ICAM1;MAPK11;MMP2;PLCD3;PRKCD;PRKCZ;SMAD3;VEGFB;VEGFD,1.0,False
KEGG,8,"GLYCINE, SERINE AND THREONINE METABOLISM",0.3034215793715012,5,690,35,6576,AGXT;BPGM;GLYCTK;SARDH;VSIG2,1.0,False
KEGG,8,SYSTEMIC LUPUS ERYTHEMATOSUS,0.31287574150357267,6,690,44,6576,C1QC;CD40LG;FCGR1A;H2AC19;H3-4;HLA-DQB2,1.0,False
KEGG,8,RENIN SECRETION,0.3233216819369748,8,690,62,6576,ADRB2;ADRB3;AGXT;CACNA1S;EDN1;KCNJ2;KCTD11;PDE1B,1.0,False
KEGG,8,PEROXISOME,0.32814261966214203,10,690,80,6576,ACSL4;AGXT;CROT;EPHX2;HAO2;HMGCL;HMGCLL1;PEX12;PEX16;PRDX1,1.0,False
KEGG,8,LEUKOCYTE TRANSENDOTHELIAL MIGRATION,0.3305290076378753,13,690,107,6576,ACTG1;CLDN1;CLDN14;CLDN16;CTNNA2;ICAM1;JAM3;MAPK11;MMP2;MYL12A;MYL9;RAPGEF3;RHOA,1.0,False
KEGG,8,CORTISOL SYNTHESIS AND SECRETION,0.33672426619455104,7,690,54,6576,ADCY4;AGXT;CACNA1S;CYP17A1;PBX1;PDE8B;SCARB1,1.0,False
KEGG,8,SALIVARY SECRETION,0.339648156579225,8,690,63,6576,ADCY4;ADRB2;ADRB3;ATP1B4;ATP2B4;PRKG1;SLC4A2;SLC9A1,1.0,False
KEGG,8,ENDOCYTOSIS,0.3397279692537595,25,690,217,6576,ARAP1;ARAP3;CHMP2A;FGFR4;HSPA8;IL2RG;KIF5A;MMAB;NEDD4;PIP5K1C;PRKCZ;RAB31;RAB43;RAB5A;RHOA;RUFY1;SMAD3;SNX32;SNX4;SNX6;STAMBP;VPS37D;VPS45;WASHC4;WASL,1.0,False
KEGG,8,OLFACTORY TRANSDUCTION,0.3465373844625909,5,690,37,6576,CAMK2G;GNAL;PDE1B;PDE2A;PRKG1,1.0,False
KEGG,8,AUTOIMMUNE THYROID DISEASE,0.35122429576773345,3,690,20,6576,CD40LG;CTLA4;HLA-DQB2,1.0,False
KEGG,8,GLYCEROLIPID METABOLISM,0.35447129217714246,7,690,55,6576,ABHD16A;ALDH3A2;GLYCTK;LIPC;LPIN2;PNPLA3;TKFC,1.0,False
KEGG,8,OOCYTE MEIOSIS,0.35553237327553766,13,690,109,6576,ADCY4;ANAPC13;ANAPC5;AREG;CAMK2G;CPEB4;ESPL1;FBXW11;IGF1;MAPK11;PPP2CB;PPP2R1A;PPP2R5A,1.0,False
KEGG,8,DIABETIC CARDIOMYOPATHY,0.3587151666126256,19,690,164,6576,AGXT;ATP5PB;CAMK2G;COX6B2;COX7A2;INSR;KCTD11;MAPK11;MMP2;NDUFA10;NDUFA13;NDUFB4;NDUFB7;PDK3;PRKCD;PRKCZ;RYR2;SLC2A1;SMAD3,1.0,False
KEGG,8,UBIQUINONE AND OTHER TERPENOID-QUINONE BIOSYNTHESIS,0.36365616613785284,2,690,12,6576,COQ5;VKORC1,1.0,False
KEGG,8,ALCOHOLIC LIVER DISEASE,0.3681554188437954,13,690,110,6576,ADH5;ALDH3A2;C1QC;CASP3;CASP8;IL17RA;LPIN2;MAP2K3;MAP3K14;MAPK11;PRKAA2;PRKAG1;TIRAP,1.0,False
KEGG,8,SIGNALING PATHWAYS REGULATING PLURIPOTENCY OF STEM CELLS,0.3769431002576318,15,690,129,6576,ACVR1;DVL1;FGFR4;HOXB1;IGF1;INHBB;INHBC;KLF4;MAPK11;PCGF3;SMAD3;SMAD5;SOX2;WNT8B;ZIC3,1.0,False
KEGG,8,ARRHYTHMOGENIC RIGHT VENTRICULAR CARDIOMYOPATHY,0.3862891042566248,10,690,84,6576,ACTG1;CACNA1S;CDH2;CTNNA2;DMD;EMD;ITGA1;ITGA3;RYR2;SGCZ,1.0,False
KEGG,8,TYROSINE METABOLISM,0.3875296067386617,4,690,30,6576,ADH5;DBH;DDC;GOLT1A,1.0,False
KEGG,8,CYTOKINE-CYTOKINE RECEPTOR INTERACTION,0.3894268134010358,23,690,204,6576,ACVR1;AMHR2;CD40LG;CX3CR1;CXCL9;EDA;EDAR;GDF15;GDF9;IL13RA1;IL17B;IL17RA;IL17RE;IL18RAP;IL1RN;IL2RG;IL4R;INHBB;INHBC;LTB;TNFRSF11A;TNFSF12;TNFSF15,1.0,False
KEGG,8,AUTOPHAGY - ANIMAL,0.3950545907052984,17,690,149,6576,AKT1S1;BECN2;DDIT4;EIF2S1;EPG5;GORASP2;MTMR3;NRBF2;PPP2CB;PRKAA2;PRKCD;RAB1A;RAB33B;TP53INP2;UBC;VPS16;WDR45B,1.0,False
KEGG,8,TIGHT JUNCTION,0.3950545907052984,17,690,149,6576,ACTG1;CGNL1;CLDN1;CLDN14;CLDN16;JAM3;MYL12A;MYL9;NEDD4;PATJ;PPP2CB;PPP2R1A;PRKAA2;PRKAG1;PRKCZ;RAPGEF6;RHOA,1.0,False
KEGG,8,ATP-DEPENDENT CHROMATIN REMODELING,0.3985056776601743,11,690,94,6576,ACTG1;ACTL6B;BAZ1B;BCL7A;DPF3;H2AC19;HDAC1;INO80C;INO80D;MORF4L2;YY1,1.0,False
KEGG,8,BASE EXCISION REPAIR,0.4116559603744185,5,690,40,6576,MPG;OGG1;PNKP;RFC2;RFC5,1.0,False
KEGG,8,OTHER TYPES OF O-GLYCAN BIOSYNTHESIS,0.4116559603744185,5,690,40,6576,COLGALT2;GALNT1;GALNTL5;GXYLT2;POFUT2,1.0,False
KEGG,8,NUCLEOCYTOPLASMIC TRANSPORT,0.41568459791510654,10,690,86,6576,KPNA3;MAGOHB;NUP205;NUP58;SEC13;SRRM1;THOC5;TNPO2;UPF3A;XPO4,1.0,False
KEGG,8,D-AMINO ACID METABOLISM,0.42559950026675003,1,690,5,6576,DGLUCY,1.0,False
KEGG,8,INFLAMMATORY BOWEL DISEASE,0.42955716011241296,6,690,50,6576,HLA-DQB2;IL18RAP;IL2RG;IL4R;SMAD3;STAT4,1.0,False
KEGG,8,INFLAMMATORY MEDIATOR REGULATION OF TRP CHANNELS,0.43038950004951343,10,690,87,6576,ADCY4;CAMK2G;HTR2C;IGF1;MAP2K3;MAPK11;P2RY2;PLA2G4B;PRKCD;PRKCH,1.0,False
KEGG,8,GLYCOSPHINGOLIPID BIOSYNTHESIS - LACTO AND NEOLACTO SERIES,0.4398165615586709,3,690,23,6576,B3GALT5;FUT9;ST3GAL4,1.0,False
KEGG,8,PHENYLALANINE METABOLISM,0.44061844070887957,2,690,14,6576,DDC;GOLT1A,1.0,False
KEGG,8,ADHERENS JUNCTION,0.4450723510189904,10,690,88,6576,ACTG1;CTNNA2;INSR;MYL12A;MYL9;NECTIN2;NECTIN3;RHOA;SMAD3;WASL,1.0,False
KEGG,8,HEPATITIS C,0.452613441997759,14,690,126,6576,CASP3;CASP8;CLDN1;CLDN14;CLDN16;E2F1;EGF;EIF2AK1;EIF2S1;EIF3E;PPP2CB;PPP2R1A;PSME3;SCARB1,1.0,False
KEGG,8,VASCULAR SMOOTH MUSCLE CONTRACTION,0.45748534436266447,13,690,117,6576,ACTG2;ADCY4;AGXT;CACNA1S;EDN1;MYL9;PLA2G4B;PPP1R12B;PRKCD;PRKCH;PRKG1;RAMP2;RHOA,1.0,False
KEGG,8,NF-KAPPA B SIGNALING PATHWAY,0.45971372177142883,10,690,89,6576,CD40LG;EDA;EDAR;ICAM1;LCK;LTB;MAP3K14;TIRAP;TNFRSF11A;TRIM25,1.0,False
KEGG,8,GNRH SIGNALING PATHWAY,0.4655259531750971,9,690,80,6576,ADCY4;CACNA1S;CAMK2G;MAP2K3;MAPK11;MAPK7;MMP2;PLA2G4B;PRKCD,1.0,False
KEGG,8,DILATED CARDIOMYOPATHY,0.4682570700177506,11,690,99,6576,ACTG1;ADCY4;AGXT;CACNA1S;DMD;EMD;IGF1;ITGA1;ITGA3;RYR2;SGCZ,1.0,False
KEGG,8,ADRENERGIC SIGNALING IN CARDIOMYOCYTES,0.48350455640846945,15,690,138,6576,ADCY4;ADRB2;AGXT;ATP1B4;ATP2B4;CACNA1S;CAMK2G;MAPK11;POPDC3;PPP2CB;PPP2R1A;PPP2R5A;RAPGEF3;RYR2;SLC9A1,1.0,False
KEGG,8,"ALANINE, ASPARTATE AND GLUTAMATE METABOLISM",0.4848338175617212,4,690,34,6576,ABAT;AGXT;ASRGL1;GOLT1A,1.0,False
KEGG,8,"PHENYLALANINE, TYROSINE AND TRYPTOPHAN BIOSYNTHESIS",0.4859154863900099,1,690,6,6576,GOLT1A,1.0,False
KEGG,8,PHOSPHONATE AND PHOSPHINATE METABOLISM,0.4859154863900099,1,690,6,6576,SELENOI,1.0,False
KEGG,8,VIRION - HERPESVIRUS,0.4859154863900099,1,690,6,6576,NECTIN2,1.0,False
KEGG,8,CYTOSOLIC DNA-SENSING PATHWAY,0.4871415546395932,6,690,53,6576,CASP3;CASP8;CGAS;POLR2F;STING1;TREX1,1.0,False
KEGG,8,MTOR SIGNALING PATHWAY,0.4894302779310412,16,690,148,6576,AKT1S1;ATP6V1D;ATP6V1G1;DDIT4;DEPDC5;DVL1;EIF4E2;IGF1;INSR;LPIN2;PRKAA2;RHOA;RPS6;SEC13;SLC38A9;WNT8B,1.0,False
KEGG,8,PANCREATIC SECRETION,0.49616740001130066,9,690,82,6576,ADCY4;ATP1B4;ATP2B4;CPB2;RHOA;RYR2;SLC4A2;SLC9A1;TRPC1,1.0,False
KEGG,8,TASTE TRANSDUCTION,0.4964558181368102,7,690,63,6576,ADCY4;ENTPD2;GABRA1;GABRA5;GRM4;PDE1B;TAS2R7,1.0,False
KEGG,8,CELL CYCLE,0.5007837440634608,16,690,149,6576,ANAPC13;ANAPC5;BUB3;CDC45;CDCA5;CDKN2D;E2F1;ESPL1;HDAC1;NIPBL;ORC6;PPP2CB;PPP2R1A;PPP2R5A;SMAD3;TFDP2,1.0,False
KEGG,8,MITOPHAGY - ANIMAL,0.5032042321928037,10,690,92,6576,BECN2;E2F1;EIF2S1;MON1B;MTX1;NLRX1;RAB5A;TOMM20L;UBC;USP30,1.0,False
KEGG,8,INSULIN RESISTANCE,0.5095338960894386,11,690,102,6576,AGXT;INSR;OGA;PRKAA2;PRKAG1;PRKCD;PRKCZ;SLC27A1;SLC27A4;SLC27A6;SLC2A1,1.0,False
KEGG,8,OTHER GLYCAN DEGRADATION,0.5121774450707949,2,690,16,6576,HEXA;HEXB,1.0,False
KEGG,8,EPITHELIAL CELL SIGNALING IN HELICOBACTER PYLORI INFECTION,0.5136934634081163,7,690,64,6576,ATP6V1D;ATP6V1G1;CASP3;CSK;JAM3;MAP3K14;MAPK11,1.0,False
KEGG,8,NEUROTROPHIN SIGNALING PATHWAY,0.5153014736306836,12,690,112,6576,ARHGDIA;CAMK2G;KIDINS220;MAGED1;MAPK11;MAPK7;MATK;PRKCD;RHOA;SH2B1;SH2B3;TP73,1.0,False
KEGG,8,P53 SIGNALING PATHWAY,0.5307193439955008,7,690,65,6576,CASP3;CASP8;GORAB;IGF1;RPRM;SERPINB5;TP73,1.0,False
KEGG,8,PPAR SIGNALING PATHWAY,0.5307193439955008,7,690,65,6576,ACSBG2;ACSL4;ANGPTL4;SLC27A1;SLC27A4;SLC27A6;UBC,1.0,False
KEGG,8,FATTY ACID DEGRADATION,0.5311592667822715,4,690,36,6576,ACSBG2;ACSL4;ADH5;ALDH3A2,1.0,False
KEGG,8,AXON GUIDANCE,0.5320040423798407,18,690,171,6576,BOC;CAMK2G;EFNB1;ENAH;L1CAM;MYL12A;MYL9;NFATC4;PLXNA1;PLXNC1;PRKCZ;RHOA;RHOD;SEMA3F;SEMA4D;SEMA7A;SYNGAP1;TRPC1,1.0,False
KEGG,8,MOTOR PROTEINS,0.5320040423798407,18,690,171,6576,ACTA1;ACTG1;ACTG2;DCTN5;DNAH2;KIF11;KIF13A;KIF3B;KIF5A;KIFC3;MYH3;MYL1;MYL12A;MYL9;MYO10;MYO1B;MYO1D;TNNI1,1.0,False
KEGG,8,INSULIN SECRETION,0.5362105062843354,8,690,75,6576,ADCY4;ATP1B4;CACNA1S;CAMK2G;RAB3A;RYR2;SLC2A1;STX1A,1.0,False
KEGG,8,ALLOGRAFT REJECTION,0.5456259755898096,2,690,17,6576,CD40LG;HLA-DQB2,1.0,False
KEGG,8,ASTHMA,0.5456259755898096,2,690,17,6576,CD40LG;HLA-DQB2,1.0,False
KEGG,8,GLYCOSAMINOGLYCAN DEGRADATION,0.5456259755898096,2,690,17,6576,HEXA;HEXB,1.0,False
KEGG,8,NITROGEN METABOLISM,0.5456259755898096,2,690,17,6576,CA1;CA8,1.0,False
KEGG,8,HIPPO SIGNALING PATHWAY - MULTIPLE SPECIES,0.549689426516573,3,690,27,6576,LATS2;TEAD1;WWTR1,1.0,False
KEGG,8,PENTOSE PHOSPHATE PATHWAY,0.549689426516573,3,690,27,6576,GLYCTK;PRPS2;TKTL2,1.0,False
KEGG,8,ERBB SIGNALING PATHWAY,0.5518321576646879,8,690,76,6576,ABL2;AREG;CAMK2G;EGF;ERBB3;MMAB;NRG2;NRG4,1.0,False
KEGG,8,HOMOLOGOUS RECOMBINATION,0.553537676760415,4,690,37,6576,BABAM2;BARD1;BRCA1;XRCC3,1.0,False
KEGG,8,PHAGOSOME,0.5538019260892293,12,690,115,6576,ACTG1;ATP6V1D;ATP6V1G1;CTSS;FCGR1A;HLA-DQB2;MRC2;RAB5A;SCARB1;SEC61G;THBS2;TLR6,1.0,False
KEGG,8,ETHER LIPID METABOLISM,0.5572064025343454,5,690,47,6576,GAL3ST1;PLA2G4B;PLD4;SELENOI;TMEM86A,1.0,False
KEGG,8,MINERAL ABSORPTION,0.5572064025343454,5,690,47,6576,ATOX1;ATP1B4;ATP2B4;CLCN2;HEPH,1.0,False
KEGG,8,LYSINE DEGRADATION,0.5607028114300553,6,690,57,6576,ALDH3A2;COLGALT2;KMT2E;NSD1;PRDM2;SUV39H1,1.0,False
KEGG,8,RHEUMATOID ARTHRITIS,0.5640400516768989,7,690,67,6576,ATP6V1D;ATP6V1G1;CTLA4;HLA-DQB2;ICAM1;LTB;TNFRSF11A,1.0,False
KEGG,8,PLATELET ACTIVATION,0.56638884805622,12,690,116,6576,ACTG1;ADCY4;MAPK11;MYL12A;PLA2G4B;PRKCZ;PRKG1;RASGRP2;RHOA;SNAP23;TLN1;TTF2,1.0,False
KEGG,8,OXIDATIVE PHOSPHORYLATION,0.5732444617238761,10,690,97,6576,ATP5PB;ATP6V1D;ATP6V1G1;COX15;COX6B2;COX7A2;NDUFA10;NDUFA13;NDUFB4;NDUFB7,1.0,False
KEGG,8,DRUG METABOLISM - CYTOCHROME P450,0.5751209626185925,3,690,28,6576,ADH5;FMO1;FMO3,1.0,False
KEGG,8,MUCIN TYPE O-GLYCAN BIOSYNTHESIS,0.5751209626185925,3,690,28,6576,GALNT1;GALNTL5;ST3GAL1,1.0,False
KEGG,8,PORPHYRIN METABOLISM,0.5751209626185925,3,690,28,6576,COX15;HEPH;MMAB,1.0,False
KEGG,8,ANTIGEN PROCESSING AND PRESENTATION,0.5753358058288858,4,690,38,6576,CTSS;HLA-DQB2;HSPA8;PSME3,1.0,False
KEGG,8,VIRAL LIFE CYCLE - HIV-1,0.5765812956220902,5,690,48,6576,CCNT2;ELL;FURIN;NELFB;PDZD2,1.0,False
KEGG,8,SULFUR RELAY SYSTEM,0.5882338174248817,1,690,8,6576,URM1,1.0,False
KEGG,8,HORMONE SIGNALING,0.588710673723767,20,690,196,6576,ACVR1;ADCY4;ADRB2;ADRB3;AGXT;AMHR2;GUCA2B;HEPH;IGF1;INSR;OPRK1;PRKG1;RAMP2;RAPGEF3;RHOA;SLC16A2;SMAD5;SST;SSTR1;UCN,1.0,False
KEGG,8,COMPLEMENT AND COAGULATION CASCADES,0.5955629601831977,6,690,59,6576,C1QC;CPB2;FAM110A;MASP2;SERPINA5;TTF2,1.0,False
KEGG,8,TH1 AND TH2 CELL DIFFERENTIATION,0.5973066855688027,8,690,79,6576,DLL1;HLA-DQB2;IL2RG;IL4R;LCK;MAML1;MAPK11;STAT4,1.0,False
KEGG,8,APOPTOSIS - MULTIPLE SPECIES,0.5996353094927412,3,690,29,6576,BECN2;CASP3;CASP8,1.0,False
KEGG,8,INTESTINAL IMMUNE NETWORK FOR IGA PRODUCTION,0.5996353094927412,3,690,29,6576,CD40LG;HLA-DQB2;MAP3K14,1.0,False
KEGG,8,HIF-1 SIGNALING PATHWAY,0.6000683887091885,10,690,99,6576,CAMK2G;EDN1;EGF;EGLN1;EIF4E2;IGF1;INSR;RPS6;SLC2A1;TIMP1,1.0,False
KEGG,8,T CELL RECEPTOR SIGNALING PATHWAY,0.6016327665460492,11,690,109,6576,CD40LG;CTLA4;LCK;MAP3K14;MAPK11;MMAB;PPP2CB;PPP2R1A;PPP2R5A;RHOA;TEC,1.0,False
KEGG,8,HISTIDINE METABOLISM,0.6075860500571666,2,690,19,6576,ALDH3A2;CNDP1,1.0,False
KEGG,8,TGF-BETA SIGNALING PATHWAY,0.6131764842687624,10,690,100,6576,ACVR1;AMHR2;HDAC1;INHBB;INHBC;PPP2CB;PPP2R1A;RHOA;SMAD3;SMAD5,1.0,False
KEGG,8,N-GLYCAN BIOSYNTHESIS,0.6139377170051636,5,690,50,6576,ALG9;DOLK;DOLPP1;RPN1;TUSC3,1.0,False
KEGG,8,VIRION - HEPATITIS VIRUSES,0.6170594854807604,4,690,40,6576,CLDN1;CLDN14;CLDN16;SCARB1,1.0,False
KEGG,8,REGULATION OF ACTIN CYTOSKELETON,0.6187493463113015,21,690,209,6576,ACTG1;CHRM1;CHRM4;EGF;ENAH;FGD3;FGF1;FGF20;FGF6;FGFR4;ITGA1;ITGA3;MYL12A;MYL9;PFN3;PIP5K1C;PPP1R12B;RHOA;SLC9A1;TTF2;WASL,1.0,False
KEGG,8,SHIGELLOSIS,0.6277721966043885,21,690,210,6576,ACTG1;AKT1S1;BECN2;CGAS;FBXW11;H3-4;MAPK11;MYL12A;MYL9;PFN3;PLCD3;PPID;PRKCD;RHOA;SEPTIN6;STING1;TLN1;UBC;UBE2D1;UBE2N;WASL,1.0,False
KEGG,8,HERPES SIMPLEX VIRUS 1 INFECTION,0.6277805538222211,13,690,131,6576,CARD9;CASP3;CASP8;CFP;CGAS;EIF2AK1;EIF2B4;EIF2S1;HCFC1;HLA-DQB2;NECTIN2;SRSF1;STING1,1.0,False
KEGG,8,PRION DISEASE,0.6292611157845476,22,690,220,6576,ATP5PB;C1QC;CACNA1S;CASP3;COX6B2;COX7A2;EIF2S1;GPRIN1;HSPA8;KIF5A;MAPK11;NDUFA10;NDUFA13;NDUFB4;NDUFB7;PRKCD;PSMA4;PSMB1;PSMD11;PSMD4;PSMD9;RYR2,1.0,False
KEGG,8,PYRIMIDINE METABOLISM,0.6318754449031132,5,690,51,6576,CTPS2;NME6;NUDT2;TK1;TYMS,1.0,False
KEGG,8,FOLATE TRANSPORT AND METABOLISM,0.6360706894226591,2,690,20,6576,MTHFR;TYMS,1.0,False
KEGG,8,RENIN-ANGIOTENSIN SYSTEM,0.6360706894226591,2,690,20,6576,AGXT;KCTD11,1.0,False
KEGG,8,TERPENOID BACKBONE BIOSYNTHESIS,0.6360706894226591,2,690,20,6576,PCYOX1;ZMPSTE24,1.0,False
KEGG,8,FAT DIGESTION AND ABSORPTION,0.6369346156847384,4,690,41,6576,APOA4;SCARB1;SLC27A1;SLC27A4,1.0,False
KEGG,8,VASOPRESSIN-REGULATED WATER REABSORPTION,0.6369346156847384,4,690,41,6576,ARHGDIA;DCTN5;RAB43;RAB5A,1.0,False
KEGG,8,PURINE METABOLISM,0.6385429024191656,11,690,112,6576,ADA;ADCY4;ENTPD2;NME6;NUDT2;PDE1B;PDE2A;PDE5A;PDE6H;PDE8B;PRPS2,1.0,False
KEGG,8,NEUROACTIVE LIGAND SIGNALING,0.642513446161157,18,690,182,6576,ADCY4;ADRB2;CHRM1;CHRM4;GABRA1;GABRA5;GLRA1;GNAL;GPRIN1;GRIK3;GRM4;GRM6;HTR2C;OPRK1;P2RY14;P2RY2;SLC17A9;SLC6A13,1.0,False
KEGG,8,SNARE INTERACTIONS IN VESICULAR TRANSPORT,0.6458032403626013,3,690,31,6576,SNAP23;STX1A;STX2,1.0,False
KEGG,8,INTEGRIN SIGNALING,0.650049732636604,14,690,143,6576,ACTG1;CHAD;EGF;FREM1;ICAM1;IGF1;ITGA1;ITGA3;LIMS2;PARVA;THBS2;TLN1;VEGFB;VEGFD,1.0,False
KEGG,8,SPHINGOLIPID SIGNALING PATHWAY,0.6621160285953153,11,690,114,6576,CERS6;MAPK11;NSMAF;ORMDL3;PPP2CB;PPP2R1A;PPP2R5A;PRKCZ;RHOA;S1PR2;SGPL1,1.0,False
KEGG,8,MISMATCH REPAIR,0.6629079560160104,2,690,21,6576,RFC2;RFC5,1.0,False
KEGG,8,GLYCOLYSIS / GLUCONEOGENESIS,0.6661875350277331,5,690,53,6576,ACSS2;ADH5;ALDH3A2;BPGM;TPI1,1.0,False
KEGG,8,TRANSCRIPTIONAL MISREGULATION IN CANCER,0.670401373179152,15,690,155,6576,ASPSCR1;CCNT2;FCGR1A;H3-4;HDAC1;IGF1;LMO2;LYL1;MEF2C;PBX1;PBX3;PRCC;RARA;SIX4;TMPRSS2,1.0,False
KEGG,8,APELIN SIGNALING PATHWAY,0.672299002088534,12,690,125,6576,ADCY4;APLN;APLNR;BECN2;LIPE;MEF2C;PRKAA2;PRKAG1;RPS6;RYR2;SLC9A1;SMAD3,1.0,False
KEGG,8,CYTOSKELETON IN MUSCLE CELLS,0.6797304220979854,21,690,216,6576,ACTA1;ACTG1;ACTG2;ATP1B4;COL11A1;DMD;EMD;ITGA1;ITGA3;MYH3;MYL1;MYL9;MYOZ3;SGCZ;SUN1;TCAP;THBS2;TLN1;TMOD2;TNNI1;ZYX,1.0,False
KEGG,8,MAPK SIGNALING PATHWAY,0.6832287426092616,28,690,286,6576,AREG;CACNA1S;CASP3;DUSP16;DUSP7;EGF;ERBB3;FGF1;FGF20;FGF6;FGFR4;HSPA8;IGF1;INSR;MAP2K3;MAP3K14;MAP3K21;MAP3K9;MAPK11;MAPK7;MAPKAPK5;MEF2C;PLA2G4B;RASGRP2;RPS6KA4;SYNGAP1;VEGFB;VEGFD,1.0,False
KEGG,8,INFLUENZA A,0.6848010734061656,11,690,116,6576,ACTG1;CASP3;CASP8;DNAJB1;EIF2S1;HLA-DQB2;ICAM1;NLRX1;RAB43;TMPRSS2;TRIM25,1.0,False
KEGG,8,PHOTOTRANSDUCTION,0.6881294594879175,2,690,22,6576,RHOD;SLC24A1,1.0,False
KEGG,8,NON-ALCOHOLIC FATTY LIVER DISEASE,0.6920807283916891,13,690,137,6576,CASP3;CASP8;COX6B2;COX7A2;EIF2S1;INSR;MAPK11;NDUFA10;NDUFA13;NDUFB4;NDUFB7;PRKAA2;PRKAG1,1.0,False
KEGG,8,TUBERCULOSIS,0.6920807283916891,13,690,137,6576,CAMK2G;CARD9;CASP3;CASP8;CTSS;FCGR1A;HLA-DQB2;MAPK11;MRC2;RAB5A;RHOA;TIRAP;TLR6,1.0,False
KEGG,8,NEUROACTIVE LIGAND-RECEPTOR INTERACTION,0.692230789477579,31,690,317,6576,ADRB2;ADRB3;AGXT;APLN;APLNR;CHRM1;CHRM4;CHRNB1;EDN1;GABRA1;GABRA5;GLRA1;GPR50;GPRIN1;GRIK3;GRM4;GRM6;HTR2C;OPRK1;P2RY14;P2RY2;PATE1;PTGER3;PTGFR;RLN3;S1PR2;SST;SSTR1;TMEM97;TTF2;UCN,1.0,False
KEGG,8,ARGININE AND PROLINE METABOLISM,0.6924259242430979,4,690,44,6576,ALDH3A2;CNDP1;GOLT1A;NPR2,1.0,False
KEGG,8,FANCONI ANEMIA PATHWAY,0.6924259242430979,4,690,44,6576,BRCA1;EME2;FANCI;POLH,1.0,False
KEGG,8,GLUTATHIONE METABOLISM,0.6924259242430979,4,690,44,6576,GGCT;GGT6;GPX1;GPX4,1.0,False
KEGG,8,TYPE II DIABETES MELLITUS,0.6924259242430979,4,690,44,6576,INSR;PRKCD;PRKCZ;SOCS1,1.0,False
KEGG,8,CAMP SIGNALING PATHWAY,0.6962881893966416,20,690,208,6576,ADCY4;ADRB2;ARAP3;ATP1B4;ATP2B4;CACNA1S;CAMK2G;CHRM1;EDN1;GPRIN1;LIPE;MYL9;POPDC3;PTGER3;RAPGEF3;RHOA;RYR2;SLC9A1;SST;SSTR1,1.0,False
KEGG,8,LONG-TERM DEPRESSION,0.6983437037409426,5,690,55,6576,IGF1;PLA2G4B;PPP2CB;PPP2R1A;PRKG1,1.0,False
KEGG,8,SYNAPTIC VESICLE CYCLE,0.6984019445712935,7,690,76,6576,ATP6V1D;ATP6V1G1;CPLX3;RAB3A;SLC6A13;STX1A;STX2,1.0,False
KEGG,8,RIBOSOME BIOGENESIS IN EUKARYOTES,0.7048436874442827,6,690,66,6576,EIF6;GNL2;IMP4;RIOK1;SPPL2A;WDR36,1.0,False
KEGG,8,ALDOSTERONE-REGULATED SODIUM REABSORPTION,0.7077382383234105,3,690,34,6576,ATP1B4;IGF1;INSR,1.0,False
KEGG,8,CORONAVIRUS DISEASE - COVID-19,0.7085758258596433,15,690,159,6576,C1QC;CGAS;ISG15;MAPK11;MASP2;RPL11;RPL28;RPL38;RPL7A;RPS20;RPS28;RPS6;STING1;TMPRSS2;TTF2,1.0,False
KEGG,8,"VALINE, LEUCINE AND ISOLEUCINE DEGRADATION",0.7095209415101762,4,690,45,6576,ABAT;ALDH3A2;HMGCL;HMGCLL1,1.0,False
KEGG,8,VIBRIO CHOLERAE INFECTION,0.7095209415101762,4,690,45,6576,ACTG1;ATP6V1D;ATP6V1G1;SEC61G,1.0,False
KEGG,8,CGMP-PKG SIGNALING PATHWAY,0.7101064263165664,14,690,149,6576,ADCY4;ADRB2;ADRB3;ATP1B4;ATP2B4;CACNA1S;INSR;MEF2C;MYL9;NFATC4;PDE2A;PDE5A;PRKG1;RHOA,1.0,False
KEGG,8,INOSITOL PHOSPHATE METABOLISM,0.7115188130395355,7,690,77,6576,INPP5B;ITPKC;MTMR3;PIK3C2B;PIP5K1C;PLCD3;TPI1,1.0,False
KEGG,8,MANNOSE TYPE O-GLYCAN BIOSYNTHESIS,0.7117783069097505,2,690,23,6576,FUT9;RXYLT1,1.0,False
KEGG,8,FLUID SHEAR STRESS AND ATHEROSCLEROSIS,0.7170780880478315,11,690,119,6576,ACTG1;ACVR1;EDN1;ICAM1;MAPK11;MAPK7;MEF2C;MMP2;PRKAA2;PRKCZ;RHOA,1.0,False
KEGG,8,IGSF CAM SIGNALING,0.7184850478580447,25,690,261,6576,ACTG1;CDH2;CNTNAP1;CSK;ICAM1;IL1RAPL2;JAM3;KCNQ2;KIRREL2;L1CAM;LCK;LRFN4;LRRC4B;MAPK11;MYL12A;MYL9;NECTIN2;NECTIN3;PLXNA1;PPFIA1;RAPGEF6;RHOA;SH2D1A;SYNGAP1;WASL,1.0,False
KEGG,8,CHEMICAL CARCINOGENESIS - REACTIVE OXYGEN SPECIES,0.7249229616644564,16,690,171,6576,ABL2;AHR;ATP5PB;COX6B2;COX7A2;EGF;EPHX2;MAP3K14;MAPK11;NDUFA10;NDUFA13;NDUFB4;NDUFB7;PRKCD;PRKD1;PRKD3,1.0,False
KEGG,8,ARACHIDONIC ACID METABOLISM,0.7259131548978774,4,690,46,6576,EPHX2;GPX4;PLA2G4B;PTGDS,1.0,False
KEGG,8,MELANOMA,0.7320869096204348,6,690,68,6576,E2F1;EGF;FGF1;FGF20;FGF6;IGF1,1.0,False
KEGG,8,MRNA SURVEILLANCE PATHWAY,0.748542748571754,7,690,80,6576,MAGOHB;PPP2CB;PPP2R1A;PPP2R5A;SRRM1;TARDBP;UPF3A,1.0,False
KEGG,8,COLLECTING DUCT ACID SECRETION,0.7545718745923111,2,690,25,6576,ATP6V1D;ATP6V1G1,1.0,False
KEGG,8,PERTUSSIS,0.7560491631048342,5,690,59,6576,C1QC;CASP3;MAPK11;RHOA;TIRAP,1.0,False
KEGG,8,SALMONELLA INFECTION,0.7582178477157189,20,690,216,6576,ACTG1;ARL8A;CASP3;CASP8;DCTN5;KIF5A;KPNA3;MAP2K3;MAPK11;MYL12A;MYL9;PFN3;PIK3C2B;RAB5A;RHOA;RHOB;TIRAP;TLR6;VPS16;WASL,1.0,False
KEGG,8,BLADDER CANCER,0.7610165209798121,3,690,37,6576,E2F1;EGF;MMP2,1.0,False
KEGG,8,MALARIA,0.7610165209798121,3,690,37,6576,CD40LG;ICAM1;THBS2,1.0,False
KEGG,8,PYRUVATE METABOLISM,0.7610165209798121,3,690,37,6576,ACSS2;ADH5;ALDH3A2,1.0,False
KEGG,8,TH17 CELL DIFFERENTIATION,0.7633801053577359,8,690,92,6576,AHR;HLA-DQB2;IL2RG;IL4R;LCK;MAPK11;RARA;SMAD3,1.0,False
KEGG,8,GLYCOSAMINOGLYCAN BIOSYNTHESIS - KERATAN SULFATE,0.7636502173676933,1,690,13,6576,ST3GAL1,1.0,False
KEGG,8,NON-HOMOLOGOUS END-JOINING,0.7636502173676933,1,690,13,6576,NHEJ1,1.0,False
KEGG,8,HUNTINGTON DISEASE,0.7669041896320664,24,690,258,6576,ATP5PB;BECN2;CASP3;CASP8;COX6B2;COX7A2;DCTN5;DNAH2;GPRIN1;GPX1;HDAC1;KIF5A;NDUFA10;NDUFA13;NDUFB4;NDUFB7;NRBF2;POLR2F;PSMA4;PSMB1;PSMD11;PSMD4;PSMD9;STX1A,1.0,False
KEGG,8,AMPK SIGNALING PATHWAY,0.7709845669767857,10,690,114,6576,AKT1S1;IGF1;INSR;LIPE;PPP2CB;PPP2R1A;PPP2R5A;PRKAA2;PRKAG1;RAB43,1.0,False
KEGG,8,GALACTOSE METABOLISM,0.7738376956974,2,690,26,6576,GALE;GALK1,1.0,False
KEGG,8,NICOTINE ADDICTION,0.7769320108498914,3,690,38,6576,GABRA1;GABRA5;GPRIN1,1.0,False
KEGG,8,FOCAL ADHESION,0.7785299871646059,17,690,188,6576,ACTG1;CHAD;EGF;IGF1;ITGA1;ITGA3;MYL12A;MYL9;PARVA;PIP5K1C;PPP1R12B;RHOA;THBS2;TLN1;VEGFB;VEGFD;ZYX,1.0,False
KEGG,8,LONGEVITY REGULATING PATHWAY,0.7820680637122325,7,690,83,6576,ADCY4;AKT1S1;EIF4E2;IGF1;INSR;PRKAA2;PRKAG1,1.0,False
KEGG,8,TOXOPLASMOSIS,0.7839408434071427,8,690,94,6576,CASP3;CASP8;CD40LG;HLA-DQB2;HSPA8;MAP2K3;MAPK11;SOCS1,1.0,False
KEGG,8,MEASLES,0.7864085177576946,9,690,105,6576,CASP3;CASP8;EIF2AK1;EIF2S1;EIF3H;HSPA8;IL2RG;MMAB;TP73,1.0,False
KEGG,8,PHOSPHOLIPASE D SIGNALING PATHWAY,0.7875369519735835,12,690,137,6576,ADCY4;AGXT;EGF;GRM4;GRM6;INSR;PIP5K1C;PLA2G4B;PTGFR;RAPGEF3;RHOA;TTF2,1.0,False
KEGG,8,ASCORBATE AND ALDARATE METABOLISM,0.7884988155722175,1,690,14,6576,ALDH3A2,1.0,False
KEGG,8,GRAFT-VERSUS-HOST DISEASE,0.7884988155722175,1,690,14,6576,HLA-DQB2,1.0,False
KEGG,8,TRYPTOPHAN METABOLISM,0.791966417339872,3,690,39,6576,AFMID;ALDH3A2;DDC,1.0,False
KEGG,8,GABAERGIC SYNAPSE,0.7924739395292533,7,690,84,6576,ABAT;ADCY4;CACNA1S;GABRA1;GABRA5;SLC38A5;SLC6A13,1.0,False
KEGG,8,AMPHETAMINE ADDICTION,0.7936115148247509,5,690,62,6576,CAMK2G;DDC;GPRIN1;HDAC1;STX1A,1.0,False
KEGG,8,C-TYPE LECTIN RECEPTOR SIGNALING PATHWAY,0.7937162128967868,8,690,95,6576,CARD9;CASP8;MAP3K14;MAPK11;MMAB;NFATC4;PRKCD;RHOA,1.0,False
KEGG,8,SEROTONERGIC SYNAPSE,0.7937162128967868,8,690,95,6576,CACNA1S;CASP3;CYP2C18;DDC;HTR2C;PLA2G4B;RAPGEF3;TRPC1,1.0,False
KEGG,8,CHEMICAL CARCINOGENESIS - RECEPTOR ACTIVATION,0.7950928960913232,14,690,159,6576,ADCY4;ADRB2;ADRB3;AHR;AREG;CACNA1S;DLL1;E2F1;EGF;EPHX2;FGF20;FGF6;KLF4;KPNA3,1.0,False
KEGG,8,PATHOGENIC ESCHERICHIA COLI INFECTION,0.7988858732346875,15,690,170,6576,ACTG1;CASP3;CASP8;CLDN1;CLDN14;CLDN16;MAPK11;MYO10;MYO1B;MYO1D;RAB1A;RHOA;TIRAP;TTF2;WASL,1.0,False
KEGG,8,EPSTEIN-BARR VIRUS INFECTION,0.8025150933400704,14,690,160,6576,CASP3;CASP8;E2F1;HDAC1;HLA-DQB2;ICAM1;ISG15;MAP2K3;MAP3K14;MAPK11;NEDD4;PSMD11;PSMD4;SNW1,1.0,False
KEGG,8,PROTEIN EXPORT,0.8084348337405797,2,690,28,6576,BAG6;SEC61G,1.0,False
KEGG,8,CUSHING SYNDROME,0.8112609325553917,12,690,140,6576,ADCY4;AGXT;AHR;CACNA1S;CAMK2G;CYP17A1;DVL1;E2F1;PBX1;PDE8B;SCARB1;WNT8B,1.0,False
KEGG,8,CARDIAC MUSCLE CONTRACTION,0.8132098691836754,6,690,75,6576,ATP1B4;CACNA1S;COX6B2;COX7A2;RYR2;SLC9A1,1.0,False
KEGG,8,MICRORNAS IN CANCER,0.8139578692428551,13,690,151,6576,BRCA1;CASP3;CDCA5;DDIT4;E2F1;ERBB3;HDAC1;MAPK7;MMP16;RECK;RHOA;SERPINB5;SOCS1,1.0,False
KEGG,8,TNF SIGNALING PATHWAY,0.8215318303765655,9,690,109,6576,CASP3;CASP8;EDN1;ICAM1;MAP2K3;MAP3K14;MAPK11;RPS6KA4;VEGFD,1.0,False
KEGG,8,NUCLEOTIDE EXCISION REPAIR,0.8216689465684545,4,690,53,6576,ERCC8;POLR2F;RFC2;RFC5,1.0,False
KEGG,8,HEMATOPOIETIC CELL LINEAGE,0.8264935439599652,5,690,65,6576,FCGR1A;HLA-DQB2;IL4R;ITGA1;ITGA3,1.0,False
KEGG,8,PRIMARY BILE ACID BIOSYNTHESIS,0.8306424090834745,1,690,16,6576,CYP39A1,1.0,False
KEGG,8,FOXO SIGNALING PATHWAY,0.8377074895336343,10,690,122,6576,CDKN2D;EGF;FBXO25;IGF1;INSR;MAPK11;PRKAA2;PRKAG1;RAG2;SMAD3,1.0,False
KEGG,8,AUTOPHAGY - OTHER,0.8382370976926021,2,690,30,6576,BECN2;PPP2CB,1.0,False
KEGG,8,CIRCADIAN ENTRAINMENT,0.838932635627845,7,690,89,6576,ADCY4;CAMK2G;GPRIN1;PER1;PER3;PRKG1;RYR2,1.0,False
KEGG,8,PARKINSON DISEASE,0.8427603922248812,19,690,219,6576,ATP5PB;CAMK2G;CASP3;COX6B2;COX7A2;EIF2S1;GNAL;KIF5A;NDUFA10;NDUFA13;NDUFB4;NDUFB7;PSMA4;PSMB1;PSMD11;PSMD4;PSMD9;UBC;UBE2G1,1.0,False
KEGG,8,NEUTROPHIL EXTRACELLULAR TRAP FORMATION,0.8455231866583067,8,690,101,6576,ACTG1;AQP9;FCGR1A;H2AC19;H3-4;HDAC1;HDAC6;MAPK11,1.0,False
KEGG,8,CHAGAS DISEASE,0.8471531260511695,7,690,90,6576,C1QC;CASP8;GNAL;MAPK11;PPP2CB;PPP2R1A;TLR6,1.0,False
KEGG,8,SELENOCOMPOUND METABOLISM,0.8484559361768287,1,690,17,6576,VSIG2,1.0,False
KEGG,8,PATHWAYS OF NEURODEGENERATION - MULTIPLE DISEASES,0.8504446503757133,37,690,407,6576,ATP5PB;BECN2;CACNA1S;CAMK2G;CASP3;CASP8;CHRM1;COX6B2;COX7A2;DCTN5;DNAH2;DVL1;EIF2S1;GPRIN1;GPX1;KIF5A;MAP2K3;MAPK11;NDUFA10;NDUFA13;NDUFB4;NDUFB7;NRBF2;PPID;PSMA4;PSMB1;PSMD11;PSMD4;PSMD9;RAB1A;RAB5A;RYR2;STX1A;TARDBP;UBC;UBE2G1;WNT8B,1.0,False
KEGG,8,PROPANOATE METABOLISM,0.8515083981981195,2,690,31,6576,ABAT;ACSS2,1.0,False
KEGG,8,STEROID HORMONE BIOSYNTHESIS,0.8515083981981195,2,690,31,6576,CYP17A1;HSD17B6,1.0,False
KEGG,8,GLIOMA,0.8550003044459663,5,690,68,6576,CAMK1D;CAMK2G;E2F1;EGF;IGF1,1.0,False
KEGG,8,TOLL-LIKE RECEPTOR SIGNALING PATHWAY,0.8583526241821138,6,690,80,6576,CASP8;CXCL9;MAP2K3;MAPK11;TIRAP;TLR6,1.0,False
KEGG,8,THYROID HORMONE SIGNALING PATHWAY,0.859017276426707,9,690,114,6576,ACTG1;ATP1B4;HDAC1;MED12L;MED30;PLCD3;SLC16A2;SLC2A1;SLC9A1,1.0,False
KEGG,8,CHOLINERGIC SYNAPSE,0.860304846560771,8,690,103,6576,ADCY4;CACNA1S;CAMK2G;CHRM1;CHRM4;KCNJ2;KCNJ4;KCNQ2,1.0,False
KEGG,8,ADIPOCYTOKINE SIGNALING PATHWAY,0.8635921901307615,5,690,69,6576,ACSBG2;ACSL4;PRKAA2;PRKAG1;SLC2A1,1.0,False
KEGG,8,NOD-LIKE RECEPTOR SIGNALING PATHWAY,0.864900832893675,10,690,126,6576,CARD9;CASP8;DHX33;MAPK11;NEK7;NLRX1;PRKCD;RHOA;STING1;TRPM2,1.0,False
KEGG,8,PD-L1 EXPRESSION AND PD-1 CHECKPOINT PATHWAY IN CANCER,0.8662124147861459,6,690,81,6576,EGF;EML4;LCK;MAP2K3;MAPK11;TIRAP,1.0,False
KEGG,8,INSULIN SIGNALING PATHWAY,0.8710987586059218,10,690,127,6576,EIF4E2;INSR;LIPE;MMAB;PHKG1;PRKAA2;PRKAG1;PRKCZ;RPS6;SOCS1,1.0,False
KEGG,8,BACTERIAL INVASION OF EPITHELIAL CELLS,0.8717526685114982,5,690,70,6576,ACTG1;CTNNA2;RHOA;SEPTIN6;WASL,1.0,False
KEGG,8,CYSTEINE AND METHIONINE METABOLISM,0.8750827961332949,3,690,46,6576,GOLT1A;NPR2;VSIG2,1.0,False
KEGG,8,DNA REPLICATION,0.8751166647375289,2,690,33,6576,RFC2;RFC5,1.0,False
KEGG,8,RELAXIN SIGNALING PATHWAY,0.8783107883645475,9,690,117,6576,ADCY4;EDN1;MAPK11;MMP13;MMP2;PRKCZ;RLN3;VEGFB;VEGFD,1.0,False
KEGG,8,ECM-RECEPTOR INTERACTION,0.8808478176302401,6,690,83,6576,CHAD;FREM1;HMMR;ITGA1;ITGA3;THBS2,1.0,False
KEGG,8,NICOTINATE AND NICOTINAMIDE METABOLISM,0.8855778163884113,2,690,34,6576,SIRT6;SIRT7,1.0,False
KEGG,8,"GROWTH HORMONE SYNTHESIS, SECRETION AND ACTION",0.8864373102431553,8,690,107,6576,ADCY4;CACNA1S;IGF1;MAP2K3;MAPK11;SOCS1;SST;SSTR1,1.0,False
KEGG,8,NATURAL KILLER CELL MEDIATED CYTOTOXICITY,0.8868384211956338,5,690,72,6576,CASP3;ICAM1;LCK;SH2D1A;TYROBP,1.0,False
KEGG,8,PI3K-AKT SIGNALING PATHWAY,0.8869224254302244,27,690,313,6576,AREG;BRCA1;CHAD;CHRM1;DDIT4;EGF;EIF4E2;ERBB3;FGF1;FGF20;FGF6;FGFR4;IGF1;IL2RG;IL4R;INSR;ITGA1;ITGA3;PKN3;PPP2CB;PPP2R1A;PPP2R5A;PRKAA2;RPS6;THBS2;VEGFB;VEGFD,1.0,False
KEGG,8,PROGESTERONE-MEDIATED OOCYTE MATURATION,0.8876458082533929,6,690,84,6576,ADCY4;ANAPC13;ANAPC5;CPEB4;IGF1;MAPK11,1.0,False
KEGG,8,VIRAL PROTEIN INTERACTION WITH CYTOKINE AND CYTOKINE RECEPTOR,0.8880094390909329,4,690,60,6576,CX3CR1;CXCL9;IL18RAP;IL2RG,1.0,False
KEGG,8,LYSOSOME,0.895393568088894,9,690,120,6576,ACD;AP1S2;CTSC;CTSS;DMXL2;GALC;HEXA;HEXB;SLC11A1,1.0,False
KEGG,8,NECROPTOSIS,0.8979022054923802,8,690,109,6576,CAMK2G;CASP8;CHMP2A;H2AC19;PLA2G4B;PPID;SPATA2;STAT4,1.0,False
KEGG,8,MORPHINE ADDICTION,0.9002592936376642,6,690,86,6576,ADCY4;GABRA1;GABRA5;PDE1B;PDE2A;PDE8B,1.0,False
KEGG,8,GLYCEROPHOSPHOLIPID METABOLISM,0.9013730579458461,7,690,98,6576,ETNK2;LCAT;LPIN2;LYPLA1;PLA2G4B;PLD4;SELENOI,1.0,False
KEGG,8,ARGININE BIOSYNTHESIS,0.9028599955782038,1,690,21,6576,GOLT1A,1.0,False
KEGG,8,GLYCOSAMINOGLYCAN BIOSYNTHESIS - CHONDROITIN SULFATE / DERMATAN SULFATE,0.9028599955782038,1,690,21,6576,DSEL,1.0,False
KEGG,8,PROXIMAL TUBULE BICARBONATE RECLAMATION,0.9028599955782038,1,690,21,6576,ATP1B4,1.0,False
KEGG,8,FERROPTOSIS,0.9041065032675133,2,690,36,6576,ACSL4;GPX4,1.0,False
KEGG,8,OSTEOCLAST DIFFERENTIATION,0.9083791026416974,8,690,111,6576,FCGR1A;LCK;MAP3K14;MAPK11;SOCS1;TEC;TNFRSF11A;TYROBP,1.0,False
KEGG,8,PROLACTIN SIGNALING PATHWAY,0.9091050422930861,4,690,63,6576,CYP17A1;MAPK11;SOCS1;TNFRSF11A,1.0,False
KEGG,8,BREAST CANCER,0.9128177695533806,10,690,135,6576,BRCA1;DLL1;DVL1;E2F1;EGF;FGF1;FGF20;FGF6;IGF1;WNT8B,1.0,False
KEGG,8,ALPHA-LINOLENIC ACID METABOLISM,0.9130852592015507,1,690,22,6576,PLA2G4B,1.0,False
KEGG,8,LINOLEIC ACID METABOLISM,0.9130852592015507,1,690,22,6576,PLA2G4B,1.0,False
KEGG,8,MATURITY ONSET DIABETES OF THE YOUNG,0.9130852592015507,1,690,22,6576,BHLHA15,1.0,False
KEGG,8,HEDGEHOG SIGNALING PATHWAY,0.9149401215299747,3,690,51,6576,BOC;DISP1;FBXW11,1.0,False
KEGG,8,SPINOCEREBELLAR ATAXIA,0.9171305089399548,10,690,136,6576,BECN2;DNAAF3;GPRIN1;MYOD1;NRBF2;PSMA4;PSMB1;PSMD11;PSMD4;PSMD9,1.0,False
KEGG,8,GAP JUNCTION,0.9180432446636417,5,690,77,6576,ADCY4;EGF;HTR2C;MAPK7;PRKG1,1.0,False
KEGG,8,LIPID AND ATHEROSCLEROSIS,0.9208871465748805,13,690,171,6576,APOA4;CAMK2G;CASP3;CASP8;CD40LG;EIF2S1;HSPA8;ICAM1;MAP2K3;MAPK11;RHOA;TIRAP;TLR6,1.0,False
KEGG,8,TYPE I DIABETES MELLITUS,0.9222355752148145,1,690,23,6576,HLA-DQB2,1.0,False
KEGG,8,RAS SIGNALING PATHWAY,0.9226433386181956,17,690,216,6576,ABL2;EGF;FGF1;FGF20;FGF6;FGFR4;GPRIN1;IGF1;INSR;PLA2G4B;RAB5A;RALGAPA2;RASGRP2;RHOA;SYNGAP1;VEGFB;VEGFD,1.0,False
KEGG,8,HUMAN T-CELL LEUKEMIA VIRUS 1 INFECTION,0.9264498451830612,15,690,195,6576,ADCY4;ANAPC13;ANAPC5;BUB3;E2F1;ESPL1;HLA-DQB2;ICAM1;IL2RG;LCK;MAP3K14;NFATC4;SLC2A1;SMAD3;TLN1,1.0,False
KEGG,8,THYROID HORMONE SYNTHESIS,0.9265961841991739,4,690,66,6576,ADCY4;ATP1B4;GPX1;TTF2,1.0,False
KEGG,8,CHEMICAL CARCINOGENESIS - DNA ADDUCTS,0.9304238024545181,1,690,24,6576,CYP2C18,1.0,False
KEGG,8,GLYCOSAMINOGLYCAN BIOSYNTHESIS - HEPARAN SULFATE / HEPARIN,0.9304238024545181,1,690,24,6576,NDST1,1.0,False
KEGG,8,APOPTOSIS,0.9306475035697546,8,690,116,6576,ACTG1;CASP2;CASP3;CASP8;CTSC;CTSS;EIF2S1;MAP3K14,1.0,False
KEGG,8,ABC TRANSPORTERS,0.9330581440477177,2,690,40,6576,ABCB11;ABCB6,1.0,False
KEGG,8,COLORECTAL CANCER,0.9372752787739003,5,690,81,6576,AREG;CASP3;EGF;RHOA;SMAD3,1.0,False
KEGG,8,FATTY ACID ELONGATION,0.9377509661154434,1,690,25,6576,MBLAC2,1.0,False
KEGG,8,VEGF SIGNALING PATHWAY,0.9380802927551375,3,690,55,6576,MAPK11;PLA2G4B;SH2D2A,1.0,False
KEGG,8,ESTROGEN SIGNALING PATHWAY,0.9381429968207653,8,690,118,6576,ADCY4;HSPA8;KRT17;KRT32;KRT34;MMP2;PRKCD;RARA,1.0,False
KEGG,8,PHOSPHATIDYLINOSITOL SIGNALING SYSTEM,0.9392791731491724,6,690,94,6576,INPP5B;ITPKC;MTMR3;PIK3C2B;PIP5K1C;PLCD3,1.0,False
KEGG,8,NON-SMALL CELL LUNG CANCER,0.9409977773369623,4,690,69,6576,E2F1;EGF;EML4;KIF5A,1.0,False
KEGG,8,YERSINIA INFECTION,0.9416174653530153,8,690,119,6576,ACTG1;LCK;MAP2K3;MAPK11;PIP5K1C;RHOA;SKAP2;WASL,1.0,False
KEGG,8,WNT SIGNALING PATHWAY,0.9434951887337089,11,690,155,6576,CAMK2G;CCDC88C;DVL1;FBXW11;NFATC4;RHOA;SFRP1;SFRP2;SMAD3;TLE2;WNT8B,1.0,False
KEGG,8,RNA POLYMERASE,0.9443074969321651,1,690,26,6576,POLR2F,1.0,False
KEGG,8,STARCH AND SUCROSE METABOLISM,0.9443074969321651,1,690,26,6576,GBE1,1.0,False
KEGG,8,RETROGRADE ENDOCANNABINOID SIGNALING,0.9450247555759452,9,690,132,6576,ADCY4;CACNA1S;GABRA1;GABRA5;MAPK11;NDUFA10;NDUFA13;NDUFB4;NDUFB7,1.0,False
KEGG,8,PROTEIN DIGESTION AND ABSORPTION,0.9452848294786069,5,690,83,6576,ATP1B4;COL11A1;COL20A1;COL25A1;CPB2,1.0,False
KEGG,8,GLUTAMATERGIC SYNAPSE,0.9453778722131333,7,690,108,6576,ADCY4;GPRIN1;GRIK3;GRM4;GRM6;PLA2G4B;TRPC1,1.0,False
KEGG,8,ALZHEIMER DISEASE,0.9471839224429544,26,690,324,6576,ATP5PB;BACE2;BECN2;CACNA1S;CASP3;CASP8;CHRM1;COX6B2;COX7A2;DVL1;EIF2S1;GPRIN1;INSR;KIF5A;NDUFA10;NDUFA13;NDUFB4;NDUFB7;NRBF2;PPID;PSMA4;PSMB1;PSMD11;PSMD4;PSMD9;WNT8B,1.0,False
KEGG,8,AFRICAN TRYPANOSOMIASIS,0.950174340766792,1,690,27,6576,ICAM1,1.0,False
KEGG,8,AMINOACYL-TRNA BIOSYNTHESIS,0.950174340766792,1,690,27,6576,PARS2,1.0,False
KEGG,8,DOPAMINERGIC SYNAPSE,0.9510317539159816,8,690,122,6576,CAMK2G;DDC;GNAL;KIF5A;MAPK11;PPP2CB;PPP2R1A;PPP2R5A,1.0,False
KEGG,8,LEISHMANIASIS,0.951455291061942,3,690,58,6576,FCGR1A;HLA-DQB2;MAPK11,1.0,False
KEGG,8,ENDOCRINE AND OTHER FACTOR-REGULATED CALCIUM REABSORPTION,0.953599533924872,2,690,44,6576,ATP1B4;ATP2B4,1.0,False
KEGG,8,HEPATITIS B,0.9536083046325651,9,690,135,6576,CASP3;CASP8;E2F1;MAP2K3;MAPK11;NFATC4;SMAD3;STAT4;TIRAP,1.0,False
KEGG,8,LONG-TERM POTENTIATION,0.9552788336161241,3,690,59,6576,CAMK2G;GPRIN1;RAPGEF3,1.0,False
KEGG,8,FC GAMMA R-MEDIATED PHAGOCYTOSIS,0.9555751831507927,5,690,86,6576,FCGR1A;MYO10;PIP5K1C;PLA2G4B;PRKCD,1.0,False
KEGG,8,GASTRIC CANCER,0.9561933452721989,9,690,136,6576,CTNNA2;DVL1;E2F1;EGF;FGF1;FGF20;FGF6;SMAD3;WNT8B,1.0,False
KEGG,8,HUMAN PAPILLOMAVIRUS INFECTION,0.959887059468276,22,690,287,6576,ATP6V1D;ATP6V1G1;CASP3;CASP8;CHAD;DVL1;E2F1;EGF;HDAC1;HES2;HES6;ISG15;ITGA1;ITGA3;MAML1;PATJ;PPP2CB;PPP2R1A;PPP2R5A;PRKCZ;THBS2;WNT8B,1.0,False
KEGG,8,COCAINE ADDICTION,0.9614594690064328,2,690,46,6576,DDC;GPRIN1,1.0,False
KEGG,8,FC EPSILON RI SIGNALING PATHWAY,0.9620957524855714,3,690,61,6576,MAP2K3;MAPK11;PLA2G4B,1.0,False
KEGG,8,PROTEOGLYCANS IN CANCER,0.9639058845871233,13,690,187,6576,ACTG1;CAMK2G;CASP3;ERBB3;IGF1;MAPK11;MMP2;PPP1R12B;RHOA;RPS6;SLC9A1;TFAP4;WNT8B,1.0,False
KEGG,8,MELANOGENESIS,0.9640709169976941,5,690,89,6576,ADCY4;CAMK2G;DVL1;EDN1;WNT8B,1.0,False
KEGG,8,METABOLISM OF XENOBIOTICS BY CYTOCHROME P450,0.9643240833371831,1,690,30,6576,ADH5,1.0,False
KEGG,8,DRUG METABOLISM - OTHER ENZYMES,0.9648939595487154,2,690,47,6576,NME6;TK1,1.0,False
KEGG,8,CENTRAL CARBON METABOLISM IN CANCER,0.9651260348664475,3,690,62,6576,SIRT6;SLC2A1;TIGAR,1.0,False
KEGG,8,AMOEBIASIS,0.9677146895883605,4,690,77,6576,CASP3;GNAL;PRDX1;RAB5A,1.0,False
KEGG,8,RENAL CELL CARCINOMA,0.9679270844951156,3,690,63,6576,EGLN1;PRCC;SLC2A1,1.0,False
KEGG,8,"PARATHYROID HORMONE SYNTHESIS, SECRETION AND ACTION",0.9686367307804835,6,690,104,6576,ADCY4;MEF2C;MMP13;MMP16;RHOA;WNK4,1.0,False
KEGG,8,GLUCAGON SIGNALING PATHWAY,0.9730813691814733,5,690,93,6576,CAMK2G;PHKG1;PRKAA2;PRKAG1;SLC2A1,1.0,False
KEGG,8,PATHWAYS IN CANCER,0.9781155953623797,37,690,467,6576,ADCY4;AGXT;AREG;CAMK2G;CASP3;CASP8;CTNNA2;DLL1;DVL1;E2F1;EDN1;EGF;EGLN1;EML4;FGF1;FGF20;FGF6;FGFR4;HDAC1;IGF1;IL13RA1;IL2RG;IL4R;ITGA3;MMP2;PTGER3;RARA;RASGRP2;RHOA;SLC2A1;SMAD3;STAT4;TFG;TTF2;VEGFB;VEGFD;WNT8B,1.0,False
KEGG,8,JAK-STAT SIGNALING PATHWAY,0.9791592874516118,7,690,123,6576,EGF;IL13RA1;IL2RG;IL4R;PIAS3;SOCS1;STAT4,1.0,False
KEGG,8,ALCOHOLISM,0.97929634695831,6,690,110,6576,DDC;GPRIN1;H2AC19;H3-4;HDAC1;HDAC6,1.0,False
KEGG,8,PROSTATE CANCER,0.9799555959207,5,690,97,6576,AREG;E2F1;EGF;IGF1;TMPRSS2,1.0,False
KEGG,8,BASAL TRANSCRIPTION FACTORS,0.981718652067975,1,690,36,6576,TAF7,1.0,False
KEGG,8,THYROID CANCER,0.981718652067975,1,690,36,6576,TFG,1.0,False
KEGG,8,CELLULAR SENESCENCE,0.9818841830126629,8,690,138,6576,E2F1;FBXW11;MAP2K3;MAPK11;NFATC4;PPID;RRAD;SMAD3,1.0,False
KEGG,8,ENDOMETRIAL CANCER,0.9818979213548551,2,690,54,6576,CTNNA2;EGF,1.0,False
KEGG,8,CHRONIC MYELOID LEUKEMIA,0.9851535398560027,3,690,72,6576,E2F1;HDAC1;SMAD3,1.0,False
KEGG,8,CARBOHYDRATE DIGESTION AND ABSORPTION,0.9869166468633938,1,690,39,6576,ATP1B4,1.0,False
KEGG,8,GNRH SECRETION,0.9876789107831032,2,690,58,6576,CACNA1S;TRPC1,1.0,False
KEGG,8,PANCREATIC CANCER,0.9885843062007227,3,690,75,6576,E2F1;EGF;SMAD3,1.0,False
KEGG,8,BASAL CELL CARCINOMA,0.9907909410195943,2,690,61,6576,DVL1;WNT8B,1.0,False
KEGG,8,CHOLINE METABOLISM IN CANCER,0.9910277475414011,4,690,93,6576,EGF;LYPLA1;PIP5K1C;PLA2G4B,1.0,False
KEGG,8,ACUTE MYELOID LEUKEMIA,0.9916464378913659,2,690,62,6576,FCGR1A;RARA,1.0,False
KEGG,8,KAPOSI SARCOMA-ASSOCIATED HERPESVIRUS INFECTION,0.9933890821606701,8,690,153,6576,BECN2;CASP3;CASP8;E2F1;ICAM1;MAPK11;NFATC4;UBC,1.0,False
KEGG,8,HUMAN IMMUNODEFICIENCY VIRUS 1 INFECTION,0.9948670101283521,9,690,170,6576,AP1S2;CASP3;CASP8;CGAS;FBXW11;MAP2K3;MAPK11;NFATC4;STING1,1.0,False
KEGG,8,HUMAN CYTOMEGALOVIRUS INFECTION,0.9951454118824048,10,690,184,6576,ADCY4;CASP3;CASP8;CGAS;E2F1;MAPK11;NFATC4;PTGER3;RHOA;STING1,1.0,False
KEGG,8,HEPATOCELLULAR CARCINOMA,0.9958893955297348,7,690,146,6576,ACTG1;ACTL6B;DPF3;DVL1;E2F1;SMAD3;WNT8B,1.0,False
KEGG,8,SMALL CELL LUNG CANCER,0.9961090822876993,3,690,87,6576,CASP3;E2F1;ITGA3,1.0,False
KEGG,8,CHEMOKINE SIGNALING PATHWAY,0.9973729839600921,7,690,152,6576,ADCY4;CX3CR1;CXCL9;PRKCD;PRKCZ;RASGRP2;RHOA,1.0,False
KEGG,8,VIRAL CARCINOGENESIS,0.9991669046533991,6,690,152,6576,CASP3;CASP8;HDAC1;HDAC6;RHOA;SNW1,1.0,False
KEGG,8,B CELL RECEPTOR SIGNALING PATHWAY,1.0,0,690,66,6576,,1.0,False
KEGG,8,BIOSYNTHESIS OF UNSATURATED FATTY ACIDS,1.0,0,690,22,6576,,1.0,False
KEGG,8,CITRATE CYCLE (TCA CYCLE),1.0,0,690,28,6576,,1.0,False
KEGG,8,FOLATE BIOSYNTHESIS,1.0,0,690,17,6576,,1.0,False
KEGG,8,LIPOIC ACID METABOLISM,1.0,0,690,19,6576,,1.0,False
KEGG,8,PENTOSE AND GLUCURONATE INTERCONVERSIONS,1.0,0,690,15,6576,,1.0,False
KEGG,8,RIBOFLAVIN METABOLISM,1.0,0,690,8,6576,,1.0,False
KEGG,8,SULFUR METABOLISM,1.0,0,690,9,6576,,1.0,False
KEGG,8,THIAMINE METABOLISM,1.0,0,690,11,6576,,1.0,False
KEGG,8,"VIRION - EBOLAVIRUS, LYSSAVIRUS AND MORBILLIVIRUS",1.0,0,690,8,6576,,1.0,False
KEGG,8,VIRION - LASSA VIRUS AND SFTS VIRUS,1.0,0,690,13,6576,,1.0,False
KEGG,8,VITAMIN B6 METABOLISM,1.0,0,690,6,6576,,1.0,False
KEGG,9,PENTOSE AND GLUCURONATE INTERCONVERSIONS,0.003040233706142004,6,699,15,6576,AKR1A1;CRYL1;KL;SORD;UGP2;UGT2A1,0.5948579637517069,False
KEGG,9,PORPHYRIN METABOLISM,0.0070342597369656215,8,699,28,6576,ALAS1;BLVRB;CPOX;EARS2;FECH;FTMT;HEPHL1;UGT2A1,0.5948579637517069,False
KEGG,9,AMPK SIGNALING PATHWAY,0.008106140259857288,21,699,114,6576,ACACA;ACACB;AKT2;CAB39L;CCNA1;CCND1;CREB1;CRTC2;FOXO1;G6PC2;GYS2;IRS1;LEPROT;PFKFB1;PIK3R3;PPARG;PPP2R2A;PPP2R3C;PRKAB2;RAB10;RPTOR,0.5948579637517069,False
KEGG,9,APOPTOSIS,0.00988328839373931,21,699,116,6576,AIFM1;AKT2;BAK1;CAPN2;CTSF;FOS;GADD45A;GADD45G;ITPR1;LMNB1;MAPK3;MAPK8;NGF;NTRK1;PARP1;PARP2;PARP3;PIK3R3;TANK;TUBA8;TUBAL3,0.5948579637517069,False
KEGG,9,THYROID CANCER,0.011081816148999293,9,699,36,6576,BAK1;CCND1;GADD45A;GADD45G;MAPK3;NTRK1;PAX8;PPARG;TPR,0.5948579637517069,False
KEGG,9,BIOSYNTHESIS OF VARIOUS NUCLEOTIDE SUGARS,0.011382385670711093,6,699,19,6576,CYB5R1;CYB5R3;GMPPA;GNE;NANS;UGP2,0.5948579637517069,False
KEGG,9,ACUTE MYELOID LEUKEMIA,0.011965533753626287,13,699,62,6576,AKT2;ARAF;CCNA1;CCND1;CEBPA;CSF1R;MAPK3;NDUFA2;PER2;PIK3R3;PML;SPI1;STAT5B,0.5948579637517069,False
KEGG,9,FOXO SIGNALING PATHWAY,0.01715984253337301,21,699,122,6576,AKT2;ARAF;CCNB1;CCND1;CDKN1B;FBXO32;FOXO1;G6PC2;GABARAPL1;GADD45A;GADD45G;HOMER2;IL7R;IRS1;MAPK3;MAPK8;PIK3R3;PRKAB2;RBL2;S1PR1;STK4,0.746453150201726,False
KEGG,9,INSULIN SIGNALING PATHWAY,0.025974183368391458,21,699,127,6576,ACACA;ACACB;AKT2;ARAF;CALML4;EIF4E1B;FLOT1;FOXO1;G6PC2;GYS2;INPP5A;IRS1;MAPK3;MAPK8;PIK3R3;PRKAB2;PRKAR1A;PRKAR2A;PRKCI;RPTOR;SOCS4,0.8840736695639835,False
KEGG,9,GLYCEROLIPID METABOLISM,0.027740020572363133,11,699,55,6576,AKR1A1;ALDH1B1;DGKE;DGKZ;LIPG;MBOAT2;MGLL;PLPP2;PLPP3;PNLIPRP2;PNPLA2,0.8840736695639835,False
KEGG,9,NON-SMALL CELL LUNG CANCER,0.027944857371275344,13,699,69,6576,AKT2;ARAF;BAK1;CCND1;GADD45A;GADD45G;MAPK3;PIK3R3;PRKCB;RASSF3;SLTM;STAT5B;STK4,0.8840736695639835,False
KEGG,9,NEUTROPHIL EXTRACELLULAR TRAP FORMATION,0.03641493337801883,17,699,101,6576,AKT2;CLCN5;CYBA;CYBB;GSDMD;H2AJ;H2AX;HDAC4;ITGA2B;MACROH2A1;MAPK3;PIK3R3;PRKCB;TLR2;TLR4;TLR8;VDAC1,0.9395593217791275,False
KEGG,9,TRANSCRIPTIONAL MISREGULATION IN CANCER,0.03697522025998541,24,699,155,6576,BAK1;CCNA1;CCNT1;CDKN1B;CEBPA;CSF1R;ETV5;EWSR1;FOXO1;GADD45A;GADD45G;KDM6A;MAF;MAX;NDUFA2;NTRK1;PAX8;PER2;PML;PPARG;SIX1;SLTM;SPI1;TFE3,0.9395593217791275,False
KEGG,9,NECROPTOSIS,0.037798363519849956,18,699,109,6576,AIFM1;CAPN2;CYBB;GRID1;H2AJ;H2AX;IRF9;MACROH2A1;MAPK8;PARP1;SHARPIN;SPATA2L;STAT5B;TANK;TLR4;TYK2;VDAC1;VPS4B,0.9395593217791275,False
KEGG,9,CIRCADIAN RHYTHM,0.04718290707103881,7,699,32,6576,BHLHE40;CREB1;PER2;PRKAB2;RORA;RORB;RORC,0.9843290187554712,False
KEGG,9,ALZHEIMER DISEASE,0.05045399163235428,44,699,324,6576,ADAM10;ADAM17;AKT2;APBB1;ARAF;ATF6;CALML4;CAPN2;CHRM5;COX7C;CSNK2B;CYBB;FZD2;FZD8;GRIN2C;IRS1;ITPR1;LRP5;MAPK3;MAPK8;NDUFA12;NDUFA2;NDUFA3;NDUFB5;NDUFS2;NOX1;PIK3R3;PSENEN;PSMB5;PSMC2;PSMD1;PSMD2;PTGS1;RYR3;SLC39A1;SLC39A2;SLC39A4;TANK;TUBA8;TUBAL3;UQCRQ;VDAC1;WNT11;WNT6,0.9843290187554712,False
KEGG,9,ASCORBATE AND ALDARATE METABOLISM,0.05325451845174076,4,699,14,6576,AKR1A1;ALDH1B1;KL;UGT2A1,0.9843290187554712,False
KEGG,9,GLUCAGON SIGNALING PATHWAY,0.06489335783342091,15,699,93,6576,ACACA;ACACB;AKT2;CALML4;CREB1;CRTC2;FOXO1;G6PC2;GYS2;ITPR1;PDHB;PFKFB1;PKM;PPP4R3A;PRKAB2,0.9843290187554712,False
KEGG,9,SMALL CELL LUNG CANCER,0.0739397965002837,14,699,87,6576,AKT2;BAK1;CCND1;CCNE1;CDKN1B;CKS2;COL4A6;GADD45A;GADD45G;ITGA2B;LAMA4;MAX;PIK3R3;TANK,0.9843290187554712,False
KEGG,9,OSTEOCLAST DIFFERENTIATION,0.0771015532987322,17,699,111,6576,AKT2;CREB1;CSF1R;CYBA;FOS;FOSB;IRF9;ITPR1;MAPK3;MAPK8;NOX1;OSCAR;PIK3R3;PPARG;SPI1;TANK;TYK2,0.9843290187554712,False
KEGG,9,THERMOGENESIS,0.08268795420609364,26,699,185,6576,ACSL3;ACTL6A;ARID1A;COA4;COX16;COX7C;CREB1;KDM3B;MGLL;NDUFA12;NDUFA2;NDUFA3;NDUFAF4;NDUFAF5;NDUFAF7;NDUFB5;NDUFS2;NPPA;PLIN1;PNPLA2;PPARG;PRKAB2;PTGS1;RPS6KA1;RPTOR;UQCRQ,0.9843290187554712,False
KEGG,9,REGULATION OF LIPOLYSIS IN ADIPOCYTES,0.08631159437770942,9,699,51,6576,AKT2;FABP4;IRS1;MGLL;NPPA;PIK3R3;PLIN1;PNPLA2;PTGS1,0.9843290187554712,False
KEGG,9,MEASLES,0.08756349271630016,16,699,105,6576,AKT2;BAK1;CCND1;CCNE1;CDKN1B;CSNK2B;FOS;IRF9;MAPK8;PIK3R3;RAB9A;STAT5B;TLR2;TLR4;TLR9;TYK2,0.9843290187554712,False
KEGG,9,PYRUVATE METABOLISM,0.09134671923012558,7,699,37,6576,ACACA;ACACB;AKR1A1;ALDH1B1;MDH2;PDHB;PKM,0.9843290187554712,False
KEGG,9,CARDIAC MUSCLE CONTRACTION,0.09645795593652685,12,699,75,6576,ASPH;ATP1A2;CACNA2D3;CACNB2;CACNB4;CACNG7;COX7C;MYH6;PTGS1;SLC8A2;TPM2;UQCRQ,0.9843290187554712,False
KEGG,9,ANTIGEN PROCESSING AND PRESENTATION,0.10226129857998639,7,699,38,6576,CD74;CREB1;HLA-DOB;HSPA2;IFI30;KLRD1;RFXANK,0.9843290187554712,False
KEGG,9,PROPANOATE METABOLISM,0.10427693664809835,6,699,31,6576,ACACA;ACACB;ACADS;ALDH6A1;SUCLA2;SUCLG1,0.9843290187554712,False
KEGG,9,PROGESTERONE-MEDIATED OOCYTE MATURATION,0.10533877479362089,13,699,84,6576,AKT2;ANAPC15;ANAPC4;ARAF;CCNA1;CCNB1;CDC25B;MAD1L1;MAPK3;MAPK8;PIK3R3;RPS6KA1;SPDYA,0.9843290187554712,False
KEGG,9,ENDOMETRIAL CANCER,0.1140733444950908,9,699,54,6576,AKT2;ARAF;BAK1;CCND1;CTNNA3;GADD45A;GADD45G;MAPK3;PIK3R3,0.9843290187554712,False
KEGG,9,BACTERIAL INVASION OF EPITHELIAL CELLS,0.11926064731659516,11,699,70,6576,ARHGEF26;ARPC1A;ARPC3;CD2AP;CTNNA3;ELMO1;HCLS1;PIK3R3;SEPTIN2;SLTM;VCL,0.9843290187554712,False
KEGG,9,INSULIN RESISTANCE,0.12048609618233415,15,699,102,6576,ACACB;AKT2;CREB1;CRTC2;FOXO1;G6PC2;GYS2;IRS1;MAPK8;PIK3R3;PRKAB2;PRKCB;PTPRA;RPS6KA1;TBC1D4,0.9843290187554712,False
KEGG,9,FC GAMMA R-MEDIATED PHAGOCYTOSIS,0.12089860928548542,13,699,86,6576,AKT2;ARPC1A;ARPC3;ASAP1;BIN1;MAPK3;PIK3R3;PLPP2;PLPP3;PRKCB;VAV1;VAV2;VAV3,0.9843290187554712,False
KEGG,9,BREAST CANCER,0.12276344882880236,19,699,135,6576,AKT2;ARAF;BAK1;CCND1;ESR1;ESR2;FGF3;FOS;FZD2;FZD8;GADD45A;GADD45G;HEY2;LRP5;MAPK3;NCOA1;PIK3R3;WNT11;WNT6,0.9843290187554712,False
KEGG,9,VIRAL CARCINOGENESIS,0.12546338044024485,21,699,152,6576,BAK1;CCNA1;CCND1;CCNE1;CDKN1B;CREB1;EGR3;GTF2E2;HDAC4;IRF9;MAD1L1;MAPK3;PIK3R3;PKM;RASA2;RBL2;SRF;STAT5B;TANK;TBP;YWHAG,0.9843290187554712,False
KEGG,9,PROLACTIN SIGNALING PATHWAY,0.1269050867480492,10,699,63,6576,AKT2;CCND1;ESR1;ESR2;FOS;MAPK3;MAPK8;PIK3R3;SOCS4;STAT5B,0.9843290187554712,False
KEGG,9,PROTEOGLYCANS IN CANCER,0.13399838623058688,25,699,187,6576,AKT2;ARAF;CCND1;COL1A1;DROSHA;ERBB4;ESR1;FZD2;FZD8;HCLS1;HSPB2;IQGAP1;ITPR1;MAPK3;PIK3R3;PLAUR;PRKCB;SLTM;TLR2;TLR4;VAV1;VAV2;VAV3;WNT11;WNT6,0.9843290187554712,False
KEGG,9,"PARATHYROID HORMONE SYNTHESIS, SECRETION AND ACTION",0.13577314254154238,15,699,104,6576,ARAF;CREB1;FOS;GATA3;ITPR1;KL;LRP5;MAPK3;MMP15;PDE4B;PRKCB;SLC34A1;TRPV5;VDR;WNK2,0.9843290187554712,False
KEGG,9,CHRONIC MYELOID LEUKEMIA,0.13791134638541172,11,699,72,6576,AKT2;ARAF;BAK1;CCND1;CDKN1B;CTBP1;GADD45A;GADD45G;MAPK3;PIK3R3;STAT5B,0.9843290187554712,False
KEGG,9,PEROXISOME,0.13808912858418718,12,699,80,6576,ABCD2;ACOT8;ACSL3;AGPS;DAO;IDH1;NUDT7;PAOX;PECR;PEX11B;PEX26;PXMP4,0.9843290187554712,False
KEGG,9,TOLL-LIKE RECEPTOR SIGNALING PATHWAY,0.13808912858418718,12,699,80,6576,AKT2;FOS;IRF9;MAPK3;MAPK8;NDUFA2;PIK3R3;TLR2;TLR4;TLR8;TLR9;TYK2,0.9843290187554712,False
KEGG,9,ALDOSTERONE-REGULATED SODIUM REABSORPTION,0.14612644976948497,6,699,34,6576,ATP1A2;IRS1;MAPK3;PIK3R3;PRKCB;SCNN1G,0.9843290187554712,False
KEGG,9,P53 SIGNALING PATHWAY,0.14746096883772022,10,699,65,6576,ADGRB1;AIFM2;CCNB1;CCND1;CCNE1;GADD45A;GADD45G;RRM2B;SESN2;SESN3,0.9843290187554712,False
KEGG,9,DIABETIC CARDIOMYOPATHY,0.14857358028125395,22,699,164,6576,AKT2;COL1A1;COX7C;CYBA;CYBB;GYS2;IRS1;MAPK8;NDUFA12;NDUFA2;NDUFA3;NDUFB5;NDUFS2;PARP1;PDHB;PIK3R3;PRKCB;PTGS1;PTPRA;TBC1D4;UQCRQ;VDAC1,0.9843290187554712,False
KEGG,9,MTOR SIGNALING PATHWAY,0.15453934844380157,20,699,148,6576,AKT2;ATP6V1A;ATP6V1E2;CAB39L;CLIP1;EIF4E1B;FZD2;FZD8;IRS1;LAMTOR5;LRP5;MAPK3;PIK3R3;PRKCB;RPS6KA1;RPTOR;SESN2;SLC7A5;WNT11;WNT6,0.9843290187554712,False
KEGG,9,N-GLYCAN BIOSYNTHESIS,0.1560395109769695,8,699,50,6576,DPM3;MAN1A2;MAN1C1;MAN2A1;MGAT4D;MGAT5;MGAT5B;RPN2,0.9843290187554712,False
KEGG,9,PANTOTHENATE AND COA BIOSYNTHESIS,0.1561172874922207,4,699,20,6576,AASDHPPT;ALDH1B1;BCAT2;DPYD,0.9843290187554712,False
KEGG,9,B CELL RECEPTOR SIGNALING PATHWAY,0.15834012378721424,10,699,66,6576,AKT2;CD79B;FOS;MAPK3;PIK3R3;PRKCB;RASGRP3;VAV1;VAV2;VAV3,0.9843290187554712,False
KEGG,9,LEUKOCYTE TRANSENDOTHELIAL MIGRATION,0.16064208665276564,15,699,107,6576,CDH5;CLDN20;CTNNA3;CYBA;CYBB;OCLN;PIK3R3;PRKCB;PTK2B;RASSF3;RHOH;VAV1;VAV2;VAV3;VCL,0.9843290187554712,False
KEGG,9,AMINO SUGAR AND NUCLEOTIDE SUGAR METABOLISM,0.16154801569397426,6,699,35,6576,AMDHD2;GMPPA;GNE;NAGK;PMM2;UGP2,0.9843290187554712,False
KEGG,9,CELL CYCLE,0.16178476414947623,20,699,149,6576,ANAPC15;ANAPC4;CCNA1;CCNB1;CCND1;CCNE1;CDC25B;CDKN1B;GADD45A;GADD45G;MAD1L1;MAU2;MCM4;PMEPA1;PRKDC;RBL2;SMC1B;TFDP1;TTK;YWHAG,0.9843290187554712,False
KEGG,9,LONGEVITY REGULATING PATHWAY,0.1670789143118144,12,699,83,6576,AKT2;CREB1;EIF4E1B;FOXO1;IRS1;KL;PIK3R3;PPARG;PRKAB2;RPTOR;SESN2;SESN3,0.9843290187554712,False
KEGG,9,CITRATE CYCLE (TCA CYCLE),0.1703278366718757,5,699,28,6576,IDH1;MDH2;PDHB;SUCLA2;SUCLG1,0.9843290187554712,False
KEGG,9,PATHWAYS IN CANCER,0.1798301902593423,56,699,467,6576,AKT2;ARAF;BAK1;BMP4;CALML4;CCNA1;CCND1;CCNE1;CDKN1B;CEBPA;CKS2;COL4A6;CSF1R;CTBP1;CTNNA3;EGLN3;ELOB;ESR1;ESR2;FGF3;FOS;FOXO1;FZD2;FZD8;GADD45A;GADD45G;GNG7;HEY2;IL15RA;IL7;IL7R;ITGA2B;LAMA4;LRP5;MAPK3;MAPK8;MAX;MGST1;NCOA1;NTRK1;PAX8;PIK3R3;PML;PPARG;PRKCB;PTGER1;RASGRP3;RASSF3;SLTM;SPI1;STAT5B;STK4;TANK;TPR;WNT11;WNT6,0.9843290187554712,False
KEGG,9,ENDOCRINE AND OTHER FACTOR-REGULATED CALCIUM REABSORPTION,0.1811701414715023,7,699,44,6576,ATP1A2;ESR1;KL;PRKCB;SLC8A2;TRPV5;VDR,0.9843290187554712,False
KEGG,9,GLIOMA,0.18123801400955883,10,699,68,6576,AKT2;ARAF;BAK1;CALML4;CCND1;GADD45A;GADD45G;MAPK3;PIK3R3;PRKCB,0.9843290187554712,False
KEGG,9,MELANOMA,0.18123801400955883,10,699,68,6576,AKT2;ARAF;BAK1;CCND1;FGF3;GADD45A;GADD45G;MAPK3;PIK3R3;SLTM,0.9843290187554712,False
KEGG,9,YERSINIA INFECTION,0.19301413852676816,16,699,119,6576,AKT2;ARPC1A;ARPC3;ELMO1;FOS;MAPK3;MAPK8;PIK3R3;PTK2B;RPS6KA1;TANK;TLR4;VAV1;VAV2;VAV3;WIPF1,0.9843290187554712,False
KEGG,9,GASTRIC CANCER,0.19323150826671706,18,699,136,6576,AKT2;ARAF;BAK1;CCND1;CCNE1;CDKN1B;CTNNA3;FGF3;FZD2;FZD8;GADD45A;GADD45G;LRP5;MAPK3;PIK3R3;SLTM;WNT11;WNT6,0.9843290187554712,False
KEGG,9,"VALINE, LEUCINE AND ISOLEUCINE DEGRADATION",0.19630933709143095,7,699,45,6576,ACAD8;ACADS;ALDH1B1;ALDH6A1;BCAT2;HADH;MCCC2,0.9843290187554712,False
KEGG,9,NON-ALCOHOLIC FATTY LIVER DISEASE,0.20187657775032927,18,699,137,6576,AKT2;CEBPA;COX7C;FOS;IRS1;LEPROT;MAPK8;NDUFA12;NDUFA2;NDUFA3;NDUFB5;NDUFS2;PIK3R3;PPARG;PRKAB2;PTGS1;TANK;UQCRQ,0.9843290187554712,False
KEGG,9,AGE-RAGE SIGNALING PATHWAY IN DIABETIC COMPLICATIONS,0.20573294876251827,13,699,95,6576,AKT2;CCND1;CDKN1B;COL1A1;COL4A6;CYBB;FOXO1;MAPK3;MAPK8;NOX1;PIK3R3;PRKCB;STAT5B,0.9843290187554712,False
KEGG,9,RIBOFLAVIN METABOLISM,0.20575721905895722,2,699,8,6576,BLVRB;FLAD1,0.9843290187554712,False
KEGG,9,CENTRAL CARBON METABOLISM IN CANCER,0.20840944684555482,9,699,62,6576,AKT2;IDH1;MAPK3;NTRK1;PDHB;PIK3R3;PKM;SLC7A5;SLTM,0.9843290187554712,False
KEGG,9,SPLICEOSOME,0.2117326129570165,16,699,121,6576,BCAS2;CRNKL1;DDX23;DDX46;GPKOW;HNRNPM;LSM4;PCBP1;PRPF40A;PRPF8;PUF60;RBM22;SNRPF;SRSF7;THOC7;TRA2B,0.9843290187554712,False
KEGG,9,IGSF CAM SIGNALING,0.2176407728870085,32,699,261,6576,AKT2;ARPC1A;ARPC3;CASKIN1;CD2AP;CLMP;CNTNAP2;DOK2;DYNLL1;FOXO1;IQGAP1;ITGAX;KCNA2;KCNA4;MAGI2;MAPK3;MAPK8;PALS2;PIK3R3;PMP2;PPFIA2;PRKCB;PRKCI;RIMS1;SLITRK3;TRIO;TUBA8;TUBAL3;VAV1;VAV2;VAV3;VCL,0.9843290187554712,False
KEGG,9,MRNA SURVEILLANCE PATHWAY,0.22628885399128007,11,699,80,6576,DDX19B;PABPC5;PAPOLA;PCF11;PNN;PPP2R2A;PPP2R3C;PYM1;RNMT;SMG1;SMG6,0.9843290187554712,False
KEGG,9,OXIDATIVE PHOSPHORYLATION,0.22753080477180912,13,699,97,6576,ATP6V0A2;ATP6V1A;ATP6V1E2;COX7C;LHPP;NDUFA12;NDUFA2;NDUFA3;NDUFB5;NDUFS2;PPA2;PTGS1;UQCRQ,0.9843290187554712,False
KEGG,9,DRUG METABOLISM - OTHER ENZYMES,0.22798353690622516,7,699,47,6576,DPYD;MGST1;NME3;RRM2B;UCK1;UCK2;UGT2A1,0.9843290187554712,False
KEGG,9,MINERAL ABSORPTION,0.22798353690622516,7,699,47,6576,ATP1A2;HEPHL1;SLC34A1;SLC39A4;SLC46A1;SLC8A2;VDR,0.9843290187554712,False
KEGG,9,CARBOHYDRATE DIGESTION AND ABSORPTION,0.2293703362124017,6,699,39,6576,AKT2;ATP1A2;G6PC2;PIK3R3;PRKCB;TAS1R3,0.9843290187554712,False
KEGG,9,NATURAL KILLER CELL MEDIATED CYTOTOXICITY,0.2311539307525423,10,699,72,6576,ARAF;CD247;KLRD1;MAPK3;PIK3R3;PRKCB;PTK2B;VAV1;VAV2;VAV3,0.9843290187554712,False
KEGG,9,CIRCADIAN ENTRAINMENT,0.23305263971554707,12,699,89,6576,ADCYAP1;CALML4;CREB1;FOS;GNG7;GRIN2C;GUCY1A2;ITPR1;MAPK3;PER2;PRKCB;RYR3,0.9843290187554712,False
KEGG,9,PHAGOSOME,0.23732501267021403,15,699,115,6576,ATP6V0A2;ATP6V1A;ATP6V1E2;CORO1A;CYBA;CYBB;HLA-DOB;MARCO;MBL2;NDUFA2;STX18;TLR2;TLR4;TUBA8;TUBAL3,0.9843290187554712,False
KEGG,9,FATTY ACID BIOSYNTHESIS,0.23793632896700656,3,699,16,6576,ACACA;ACACB;ACSL3,0.9843290187554712,False
KEGG,9,VIRAL LIFE CYCLE - HIV-1,0.24443919573322948,7,699,48,6576,CCNT1;ELL3;LZTS1;NELFA;SUPT4H1;TNPO3;VPS4B,0.9843290187554712,False
KEGG,9,SULFUR METABOLISM,0.24693683702517108,2,699,9,6576,MPST;SQOR,0.9843290187554712,False
KEGG,9,HIF-1 SIGNALING PATHWAY,0.25022480304880146,13,699,99,6576,AKT2;CDKN1B;CYBB;EGLN3;EIF4E1B;ELOB;ENO2;MAPK3;NPPA;PDHB;PIK3R3;PRKCB;TLR4,0.9843290187554712,False
KEGG,9,LYSINE DEGRADATION,0.2557922789984067,8,699,57,6576,ALDH1B1;GCDH;HADH;HYKK;KMT5B;PLOD2;PRDM6;SMYD2,0.9843290187554712,False
KEGG,9,NITROGEN METABOLISM,0.267847615031718,3,699,17,6576,CA9;GRID1;PM20D1,0.9843290187554712,False
KEGG,9,LEISHMANIASIS,0.27147077620687343,8,699,58,6576,CYBA;CYBB;FOS;HLA-DOB;MAPK3;PRKCB;TLR2;TLR4,0.9843290187554712,False
KEGG,9,CHEMICAL CARCINOGENESIS - REACTIVE OXYGEN SPECIES,0.272713205104516,21,699,171,6576,AKR1A1;AKT2;ARAF;COX7C;CYBA;CYP1A1;FOS;MAPK3;MAPK8;MGST1;NDUFA12;NDUFA2;NDUFA3;NDUFB5;NDUFS2;NOX1;PIK3R3;PTGS1;SLTM;UQCRQ;VDAC1,0.9843290187554712,False
KEGG,9,LIPID AND ATHEROSCLEROSIS,0.272713205104516,21,699,171,6576,AKT2;ATF6;CALML4;CYBA;CYBB;CYP1A1;FOS;HSPA2;ITPR1;MAPK3;MAPK8;NDUFA2;NOX1;PIK3R3;PPARG;TANK;TLR2;TLR4;VAV1;VAV2;VAV3,0.9843290187554712,False
KEGG,9,SPINOCEREBELLAR ATAXIA,0.2748653022175433,17,699,136,6576,AKT2;ATXN10;ATXN2;GRIN2C;GRIN3B;ITPR1;MAPK8;PIK3R3;PRKCB;PSMB5;PSMC2;PSMD1;PSMD2;RORA;TANK;TBP;VDAC1,0.9843290187554712,False
KEGG,9,INFLAMMATORY BOWEL DISEASE,0.27837971361892944,7,699,50,6576,GATA3;HLA-DOB;MAF;RORA;RORC;TLR2;TLR4,0.9843290187554712,False
KEGG,9,CALCIUM SIGNALING PATHWAY,0.27924887501203094,28,699,234,6576,ASPH;CALML4;CCKAR;CHRM5;DRD5;ERBB4;FGF3;GNA14;GRIN2C;GRIN3B;HTR2B;HTR5A;ITPR1;NGF;NTRK1;NTRK2;NTSR1;ORAI2;P2RX5;PRKCB;PTGER1;PTK2B;RYR3;SLC8A2;SLTM;STK4;TACR2;VDAC1,0.9843290187554712,False
KEGG,9,HEPATOCELLULAR CARCINOMA,0.28708064473600015,18,699,146,6576,ACTL6A;AKT2;ARAF;ARID1A;BAK1;CCND1;FZD2;FZD8;GADD45A;GADD45G;LRP5;MAPK3;MGST1;PIK3R3;PRKCB;SLTM;WNT11;WNT6,0.9843290187554712,False
KEGG,9,WNT SIGNALING PATHWAY,0.28867588389847826,19,699,155,6576,BAMBI;CCND1;CSNK2B;CTBP1;DAAM1;FZD2;FZD8;LGR6;LRP5;MAPK8;NKD2;PRKCB;RORA;RSPO3;RSPO4;SERPINF1;TLE4;WNT11;WNT6,0.9843290187554712,False
KEGG,9,RNA DEGRADATION,0.2943197697142424,9,699,68,6576,CNOT4;CNOT9;DCP1A;ENO2;EXOSC2;EXOSC8;LSM4;MPHOSPH6;PABPC5,0.9843290187554712,False
KEGG,9,ADRENERGIC SIGNALING IN CARDIOMYOCYTES,0.29567271439685217,17,699,138,6576,AKT2;ATP1A2;CACNA2D3;CACNB2;CACNB4;CACNG7;CALML4;CREB1;CREM;KCNE1;MAPK3;MYH6;PPP2R2A;PPP2R3C;SCN7A;SLC8A2;TPM2,0.9843290187554712,False
KEGG,9,CELLULAR SENESCENCE,0.29567271439685217,17,699,138,6576,AKT2;CALML4;CAPN2;CCNA1;CCNB1;CCND1;CCNE1;FOXO1;GADD45A;GADD45G;ITPR1;MAPK3;PIK3R3;RAD50;RASSF3;RBL2;VDAC1,0.9843290187554712,False
KEGG,9,AMOEBIASIS,0.2997188466414355,10,699,77,6576,COL1A1;COL4A6;GNA14;LAMA4;NDUFA2;PIK3R3;PRKCB;TLR2;TLR4;VCL,0.9843290187554712,False
KEGG,9,SHIGELLOSIS,0.30274662306159217,25,699,210,6576,AKT2;ARPC1A;ARPC3;CAPN2;CAPNS1;CYTH1;ELMO1;ERC2;FOXO1;HCLS1;ITPR1;MAPK3;MAPK8;NDUFA2;PIK3R3;RPTOR;SEPTIN2;SHARPIN;TANK;TIFA;TLR4;UBE2D2;UBE2V1;VCL;VDAC1,0.9843290187554712,False
KEGG,9,ADIPOCYTOKINE SIGNALING PATHWAY,0.30948363698582787,9,699,69,6576,ACACB;ACSL3;AKT2;G6PC2;IRS1;LEPROT;MAPK8;PRKAB2;TANK,0.9843290187554712,False
KEGG,9,PRION DISEASE,0.3114962413731653,26,699,220,6576,COX7C;CREB1;CSNK2B;CYBA;CYBB;GRIN2C;GRIN3B;ITPR1;MAPK3;MAPK8;NDUFA12;NDUFA2;NDUFA3;NDUFB5;NDUFS2;PIK3R3;PSMB5;PSMC2;PSMD1;PSMD2;PTGS1;RYR3;TUBA8;TUBAL3;UQCRQ;VDAC1,0.9843290187554712,False
KEGG,9,BASAL CELL CARCINOMA,0.31994192934115157,8,699,61,6576,BAK1;BMP4;FZD2;FZD8;GADD45A;GADD45G;WNT11;WNT6,0.9843290187554712,False
KEGG,9,FC EPSILON RI SIGNALING PATHWAY,0.31994192934115157,8,699,61,6576,AKT2;ALOX5;MAPK3;MAPK8;PIK3R3;VAV1;VAV2;VAV3,0.9843290187554712,False
KEGG,9,AFRICAN TRYPANOSOMIASIS,0.3216260396897914,4,699,27,6576,LAMA4;NPPA;PRKCB;TLR9,0.9843290187554712,False
KEGG,9,GLUTATHIONE METABOLISM,0.32386743698286324,6,699,44,6576,GGT7;IDH1;MGST1;OPLAH;RRM2B;TXNDC12,0.9843290187554712,False
KEGG,9,TYPE II DIABETES MELLITUS,0.32386743698286324,6,699,44,6576,IRS1;MAPK3;MAPK8;PIK3R3;PKM;SOCS4,0.9843290187554712,False
KEGG,9,LIPOIC ACID METABOLISM,0.32862194297149755,3,699,19,6576,GLDC;LIPT1;PDHB,0.9843290187554712,False
KEGG,9,THIAMINE METABOLISM,0.32947386600999173,2,699,11,6576,AK1;AK5,0.9843290187554712,False
KEGG,9,PI3K-AKT SIGNALING PATHWAY,0.3309803489439436,36,699,313,6576,AKT2;CCND1;CCNE1;CDKN1B;COL1A1;COL4A6;CREB1;CRTC2;CSF1R;EIF4E1B;ERBB4;FGF3;G6PC2;GNG7;GYS2;IL7;IL7R;IRS1;ITGA2B;ITGB4;LAMA4;MAGI2;MAPK3;NGF;NRTN;NTRK1;NTRK2;PIK3R3;PPP2R2A;PPP2R3C;RBL2;RPTOR;SLTM;TLR2;TLR4;YWHAG,0.9843290187554712,False
KEGG,9,FATTY ACID DEGRADATION,0.3350148813650004,5,699,36,6576,ACADS;ACSL3;ALDH1B1;GCDH;HADH,0.9843290187554712,False
KEGG,9,EPSTEIN-BARR VIRUS INFECTION,0.3390852458529364,19,699,160,6576,AKT2;BAK1;CCNA1;CCND1;CCNE1;CD247;CDKN1B;GADD45A;GADD45G;HLA-DOB;IRF9;MAPK8;PIK3R3;PSMC2;PSMD1;PSMD2;TANK;TLR2;TYK2,0.9843290187554712,False
KEGG,9,HUMAN PAPILLOMAVIRUS INFECTION,0.3408778030282796,33,699,287,6576,AKT2;ATP6V0A2;ATP6V1A;ATP6V1E2;BAK1;CCNA1;CCND1;CCNE1;CDKN1B;COL1A1;COL4A6;CREB1;FOXO1;FZD2;FZD8;HEY2;IRF9;ITGA2B;ITGB4;LAMA4;LLGL2;MAPK3;PIK3R3;PKM;PPP2R2A;PPP2R3C;PRKCI;RBL2;TBP;TUBG2;TYK2;WNT11;WNT6,0.9843290187554712,False
KEGG,9,LONGEVITY REGULATING PATHWAY - MULTIPLE SPECIES,0.3491773855307447,7,699,54,6576,AKT2;EIF4EBP2;FOXO1;IRS1;PIK3R3;PRKAB2;RPTOR,0.9843290187554712,False
KEGG,9,RENAL CELL CARCINOMA,0.35311569691315753,8,699,63,6576,AKT2;ARAF;EGLN3;ELOB;MAPK3;PIK3R3;SLTM;TFE3,0.9843290187554712,False
KEGG,9,COLORECTAL CANCER,0.35783299615825587,10,699,81,6576,AKT2;ARAF;BAK1;CCND1;FOS;GADD45A;GADD45G;MAPK3;MAPK8;PIK3R3,0.9843290187554712,False
KEGG,9,PD-L1 EXPRESSION AND PD-1 CHECKPOINT PATHWAY IN CANCER,0.35783299615825587,10,699,81,6576,AKT2;BATF3;CD247;CSNK2B;FOS;MAPK3;PIK3R3;TLR2;TLR4;TLR9,0.9843290187554712,False
KEGG,9,CHAGAS DISEASE,0.35918255132766613,11,699,90,6576,AKT2;CD247;FOS;GNA14;MAPK3;MAPK8;PIK3R3;PPP2R2A;TLR2;TLR4;TLR9,0.9843290187554712,False
KEGG,9,HEPATITIS B,0.3608915440859289,16,699,135,6576,AKT2;ARAF;CCNA1;CCNE1;CREB1;EGR3;FOS;MAPK3;MAPK8;PIK3R3;PRKCB;PTK2B;STAT5B;TLR2;TLR4;TYK2,0.9843290187554712,False
KEGG,9,CYSTEINE AND METHIONINE METABOLISM,0.3632265093584661,6,699,46,6576,APIP;ATAT1;BCAT2;LACC1;MDH2;MPST,0.9843290187554712,False
KEGG,9,BETA-ALANINE METABOLISM,0.3720871174106437,4,699,29,6576,ACADS;ALDH1B1;ALDH6A1;DPYD,0.9843290187554712,False
KEGG,9,FRUCTOSE AND MANNOSE METABOLISM,0.3720871174106437,4,699,29,6576,GMPPA;PFKFB1;PMM2;SORD,0.9843290187554712,False
KEGG,9,ESTROGEN SIGNALING PATHWAY,0.3732455854858776,14,699,118,6576,AKT2;CALML4;CREB1;EBAG9;ESR1;ESR2;FOS;ITPR1;KRT15;KRT25;MAPK3;NCOA1;PIK3R3;TFF1,0.9843290187554712,False
KEGG,9,OOCYTE MEIOSIS,0.37346234468935213,13,699,109,6576,ANAPC15;ANAPC4;CALML4;CCNB1;CCNE1;ITPR1;MAD1L1;MAPK3;RPS6KA1;SLK;SMC1B;SPDYA;YWHAG,0.9843290187554712,False
KEGG,9,TUBERCULOSIS,0.3838865147131818,16,699,137,6576,AKT2;ATP6V0A2;CALML4;CD74;CORO1A;CREB1;HLA-DOB;ITGAX;MAPK3;MAPK8;NDUFA2;RFXANK;TLR2;TLR4;TLR9;VDR,0.9843290187554712,False
KEGG,9,ALCOHOLISM,0.38634407293064876,13,699,110,6576,ARAF;CALML4;CREB1;FOSB;GNG7;GRIN2C;GRIN3B;H2AJ;H2AX;HDAC4;MACROH2A1;MAPK3;NTRK2,0.9843290187554712,False
KEGG,9,ARGININE BIOSYNTHESIS,0.38929750286270576,3,699,21,6576,ASS1;GRID1;PM20D1,0.9843290187554712,False
KEGG,9,AUTOPHAGY - OTHER,0.3972555993825567,4,699,30,6576,ATG9A;ATG9B;GABARAPL1;RPTOR,0.9843290187554712,False
KEGG,9,METABOLISM OF XENOBIOTICS BY CYTOCHROME P450,0.3972555993825567,4,699,30,6576,AKR7L;CYP1A1;MGST1;UGT2A1,0.9843290187554712,False
KEGG,9,TRYPTOPHAN METABOLISM,0.4010344571175856,5,699,39,6576,ALDH1B1;CYP1A1;GCDH;HADH;TDO2,0.9843290187554712,False
KEGG,9,CHOLINE METABOLISM IN CANCER,0.4014663244959437,11,699,93,6576,AKT2;CHKA;DGKE;DGKZ;FOS;MAPK3;MAPK8;PIK3R3;PLPP2;PLPP3;PRKCB,0.9843290187554712,False
KEGG,9,PANCREATIC CANCER,0.4030811114582932,9,699,75,6576,AKT2;ARAF;BAK1;CCND1;GADD45A;GADD45G;MAPK3;MAPK8;PIK3R3,0.9843290187554712,False
KEGG,9,RIBOSOME BIOGENESIS IN EUKARYOTES,0.4035010224477096,8,699,66,6576,CSNK2B;DROSHA;FBL;GNL3L;REXO5;RPP25L;RPP30;TBL3,0.9843290187554712,False
KEGG,9,MAPK SIGNALING PATHWAY,0.4059377866860522,32,699,286,6576,AKT2;ARAF;CACNA2D3;CACNB2;CACNB4;CACNG7;CDC25B;CSF1R;ERBB4;FGF3;FOS;GADD45A;GADD45G;MAP4K4;MAPK3;MAPK8;MAPK8IP2;MAX;NDUFA2;NGF;NRTN;NTRK1;NTRK2;PRKCB;RASA2;RASGRP3;RPS6KA1;SLTM;SRF;STK24;STK4;TANK,0.9843290187554712,False
KEGG,9,NON-HOMOLOGOUS END-JOINING,0.40933902009217676,2,699,13,6576,PRKDC;RAD50,0.9843290187554712,False
KEGG,9,ERBB SIGNALING PATHWAY,0.41886634743121204,9,699,76,6576,AKT2;ARAF;CDKN1B;ERBB4;MAPK3;MAPK8;PIK3R3;PRKCB;STAT5B,0.9843290187554712,False
KEGG,9,MATURITY ONSET DIABETES OF THE YOUNG,0.41916548004656307,3,699,22,6576,IAPP;NEUROG3;RFX6,0.9843290187554712,False
KEGG,9,PHOTOTRANSDUCTION,0.41916548004656307,3,699,22,6576,CALML4;CNGB1;PDE6B,0.9843290187554712,False
KEGG,9,OTHER TYPES OF O-GLYCAN BIOSYNTHESIS,0.42295437360284505,5,699,40,6576,GALNT15;GALNT6;GXYLT1;POGLUT1;POMT1,0.9843290187554712,False
KEGG,9,CHEMICAL CARCINOGENESIS - RECEPTOR ACTIVATION,0.4255321559230805,18,699,159,6576,AKT2;CCND1;CREB1;CYP1A1;ESR1;ESR2;FGF3;FOS;MAPK3;MGST1;PAQR7;PIK3R3;PRKCB;PTGES3;RPS6KA1;STAT5B;UGT2A1;VDR,0.9843290187554712,False
KEGG,9,CORONAVIRUS DISEASE - COVID-19,0.4255321559230805,18,699,159,6576,ADAM17;CYBB;FOS;IRF9;MAPK3;MAPK8;MBL2;PIK3R3;PRKCB;RPL10A;RPL22L1;RPL32;RPL36;RPS21;TLR2;TLR4;TLR8;TYK2,0.9843290187554712,False
KEGG,9,SEROTONERGIC SYNAPSE,0.4297983759353638,11,699,95,6576,ALOX12;ALOX5;ARAF;GABRB2;GNG7;HTR2B;HTR5A;ITPR1;MAPK3;PRKCB;PTGS1,0.9843290187554712,False
KEGG,9,D-AMINO ACID METABOLISM,0.42997901624564716,1,699,5,6576,DAO,0.9843290187554712,False
KEGG,9,RETROGRADE ENDOCANNABINOID SIGNALING,0.43284093988035355,15,699,132,6576,DAGLA;GABRB2;GABRR2;GNG7;ITPR1;MAPK3;MAPK8;MGLL;NDUFA12;NDUFA2;NDUFA3;NDUFB5;NDUFS2;PRKCB;RIMS1,0.9843290187554712,False
KEGG,9,POLYCOMB REPRESSIVE COMPLEX,0.43463586959456424,9,699,77,6576,CSNK2B;FBRS;FBRSL1;FOXK2;MAX;RING1;TFDP1;UBE2D2;YAF2,0.9843290187554712,False
KEGG,9,JAK-STAT SIGNALING PATHWAY,0.43544957460864936,14,699,123,6576,AKT2;CCND1;IFNE;IL15RA;IL19;IL7;IL7R;IRF9;LEPROT;MPL;PIK3R3;SOCS4;STAT5B;TYK2,0.9843290187554712,False
KEGG,9,PROTEIN PROCESSING IN ENDOPLASMIC RETICULUM,0.4364902149460565,18,699,160,6576,ATF6;BAK1;CAPN2;DNAJA2;DNAJC5G;FBXO2;HSPBP1;MAN1A2;MAN1C1;MAPK8;RPN2;TANK;TXNDC5;UBE2D2;UBE2G2;UBQLN4;UBXN2A;YOD1,0.9843290187554712,False
KEGG,9,LONG-TERM POTENTIATION,0.4396780062382846,7,699,59,6576,ARAF;CALML4;GRIN2C;ITPR1;MAPK3;PRKCB;RPS6KA1,0.9843290187554712,False
KEGG,9,SALMONELLA INFECTION,0.44102031625924026,24,699,216,6576,AKT2;ARHGEF26;ARPC1A;ARPC3;BAK1;CYTH1;DCTN6;DYNLL1;DYNLRB2;ELMO1;FOS;GSDMD;MAPK3;MAPK8;NCKAP1L;NDUFA2;RAB9A;RHOH;TANK;TLR2;TLR4;TLR9;TUBA8;TUBAL3,0.9843290187554712,False
KEGG,9,HYPERTROPHIC CARDIOMYOPATHY,0.44395218147268617,11,699,96,6576,CACNA2D3;CACNB2;CACNB4;CACNG7;ITGA2B;ITGB4;MYH6;PRKAB2;SLC8A2;SNTA1;TPM2,0.9843290187554712,False
KEGG,9,FAT DIGESTION AND ABSORPTION,0.4447237453060423,5,699,41,6576,NPC1L1;PLA2G12B;PLPP2;PLPP3;PNLIPRP2,0.9843290187554712,False
KEGG,9,VARIOUS TYPES OF N-GLYCAN BIOSYNTHESIS,0.4447237453060423,5,699,41,6576,MAN1A2;MAN1C1;MAN2A1;MGAT4D;RPN2,0.9843290187554712,False
KEGG,9,UBIQUITIN MEDIATED PROTEOLYSIS,0.4448770528756078,15,699,133,6576,ANAPC15;ANAPC4;CUL3;ELOB;FBXO2;FBXO4;HERC3;PML;SAE1;UBE2D2;UBE2G2;UBE2QL1;UBE2R2;UBE3B;UBOX5,0.9843290187554712,False
KEGG,9,INFLAMMATORY MEDIATOR REGULATION OF TRP CHANNELS,0.4470683878384705,10,699,87,6576,ALOX12;CALML4;HTR2B;ITPR1;MAPK8;NGF;NTRK1;PIK3R3;PRKCB;TRPV1,0.9843290187554712,False
KEGG,9,GLYCOSPHINGOLIPID BIOSYNTHESIS - GLOBO AND ISOGLOBO SERIES,0.447516964357106,2,699,14,6576,B3GALNT1;NAGA,0.9843290187554712,False
KEGG,9,GRAFT-VERSUS-HOST DISEASE,0.447516964357106,2,699,14,6576,HLA-DOB;KLRD1,0.9843290187554712,False
KEGG,9,TAURINE AND HYPOTAURINE METABOLISM,0.447516964357106,2,699,14,6576,ADO;GGT7,0.9843290187554712,False
KEGG,9,BUTANOATE METABOLISM,0.44853125230432056,3,699,23,6576,ACADS;ACSM4;HADH,0.9843290187554712,False
KEGG,9,MANNOSE TYPE O-GLYCAN BIOSYNTHESIS,0.44853125230432056,3,699,23,6576,CHST10;MGAT5B;POMT1,0.9843290187554712,False
KEGG,9,MOTOR PROTEINS,0.45521942658107634,19,699,171,6576,BICDL2;CAPZA3;CENPE;DCTN6;DNAH6;DYNLL1;DYNLRB2;KIF26B;KIF27;KIF2B;KIF2C;MYH1;MYH6;MYO19;MYO1A;TPM2;TUBA8;TUBAL3;TUBG2,0.9843290187554712,False
KEGG,9,PROSTATE CANCER,0.4580742902878756,11,699,97,6576,AKT2;ARAF;CCND1;CCNE1;CDKN1B;CREB1;ETV5;FOXO1;MAPK3;PIK3R3;SLC46A1,0.9843290187554712,False
KEGG,9,PYRIMIDINE METABOLISM,0.4617570195535549,6,699,51,6576,DPYD;ENTPD6;NME3;RRM2B;UCK1;UCK2,0.9843290187554712,False
KEGG,9,INFLUENZA A,0.4640481324777845,13,699,116,6576,AKT2;BAK1;HLA-DOB;IRF9;MAPK3;NUP98;PIK3R3;PML;PRKCB;RSAD2;TLR4;TYK2;VDAC1,0.9843290187554712,False
KEGG,9,TH1 AND TH2 CELL DIFFERENTIATION,0.466031385443336,9,699,79,6576,CD247;FOS;GATA3;HLA-DOB;MAF;MAPK3;MAPK8;STAT5B;TYK2,0.9843290187554712,False
KEGG,9,PARKINSON DISEASE,0.46943860824524364,24,699,219,6576,ATF6;CALML4;COX7C;ITPR1;MAPK8;NDUFA12;NDUFA2;NDUFA3;NDUFB5;NDUFS2;PSMB5;PSMC2;PSMD1;PSMD2;PTGS1;RYR3;SLC39A1;SLC39A2;SLC39A4;TUBA8;TUBAL3;UBE2G2;UQCRQ;VDAC1,0.9843290187554712,False
KEGG,9,HEPATITIS C,0.4727961013344281,14,699,126,6576,AKT2;ARAF;BAK1;CCND1;CLDN20;IRF9;MAPK3;OCLN;PIK3R3;PPP2R2A;RSAD2;TANK;TYK2;YWHAG,0.9843290187554712,False
KEGG,9,NOD-LIKE RECEPTOR SIGNALING PATHWAY,0.4727961013344281,14,699,126,6576,CYBA;CYBB;GABARAPL1;GPSM3;GSDMD;IRF9;ITPR1;MAPK3;MAPK8;SHARPIN;TANK;TLR4;TYK2;VDAC1,0.9843290187554712,False
KEGG,9,CHEMICAL CARCINOGENESIS - DNA ADDUCTS,0.47727775551706014,3,699,24,6576,CYP1A1;MGST1;UGT2A1,0.9843290187554712,False
KEGG,9,GLYCOSPHINGOLIPID BIOSYNTHESIS - GANGLIO SERIES,0.48426456714698374,2,699,15,6576,SLC33A1;ST6GALNAC4,0.9843290187554712,False
KEGG,9,"PHENYLALANINE, TYROSINE AND TRYPTOPHAN BIOSYNTHESIS",0.4906158550288296,1,699,6,6576,ATAT1,0.9843290187554712,False
KEGG,9,VIRION - HERPESVIRUS,0.4906158550288296,1,699,6,6576,IGF2R,0.9843290187554712,False
KEGG,9,VITAMIN B6 METABOLISM,0.4906158550288296,1,699,6,6576,PDXK,0.9843290187554712,False
KEGG,9,AMPHETAMINE ADDICTION,0.493200730490361,7,699,62,6576,CALML4;CREB1;FOS;FOSB;GRIN2C;GRIN3B;PRKCB,0.9843290187554712,False
KEGG,9,"ALANINE, ASPARTATE AND GLUTAMATE METABOLISM",0.4953668815268194,4,699,34,6576,ASS1;GRID1;NAT8L;PM20D1,0.9843290187554712,False
KEGG,9,NICOTINATE AND NICOTINAMIDE METABOLISM,0.4953668815268194,4,699,34,6576,NMRK1;PGAP1;SIRT4;SIRT5,0.9843290187554712,False
KEGG,9,GLYCOLYSIS / GLUCONEOGENESIS,0.5002414295671422,6,699,53,6576,AKR1A1;ALDH1B1;ENO2;G6PC2;PDHB;PKM,0.9843290187554712,False
KEGG,9,COLLECTING DUCT ACID SECRETION,0.505306314094117,3,699,25,6576,ATP6V0A2;ATP6V1A;ATP6V1E2,0.9843290187554712,False
KEGG,9,FATTY ACID ELONGATION,0.505306314094117,3,699,25,6576,ELOVL7;HACD2;HADH,0.9843290187554712,False
KEGG,9,ARGININE AND PROLINE METABOLISM,0.508573601578482,5,699,44,6576,ALDH1B1;AZIN2;DAO;GAMT;L3HYPDH,0.9843290187554712,False
KEGG,9,HUMAN T-CELL LEUKEMIA VIRUS 1 INFECTION,0.5097333130513254,21,699,195,6576,AKT2;ANAPC15;ANAPC4;CCNA1;CCND1;CCNE1;CREB1;CRTC2;FOS;HLA-DOB;IL15RA;MAD1L1;MAPK3;MAPK8;MSX1;PIK3R3;SPI1;SRF;STAT5B;TBP;VDAC1,0.9843290187554712,False
KEGG,9,SALIVARY SECRETION,0.5107113596875115,7,699,63,6576,ATP1A2;CALML4;GUCY1A2;ITPR1;PGAP1;PRKCB;RYR3,0.9843290187554712,False
KEGG,9,HIPPO SIGNALING PATHWAY,0.5113455744672672,16,699,148,6576,AJUBA;BMP4;CCND1;CTNNA3;FZD2;FZD8;GDF7;LATS1;LLGL2;NKD2;PPP2R2A;PRKCI;STK24;WNT11;WNT6;YWHAG,0.9843290187554712,False
KEGG,9,"GLYCINE, SERINE AND THREONINE METABOLISM",0.5188779141766614,4,699,35,6576,ALAS1;DAO;GAMT;GLDC,0.9843290187554712,False
KEGG,9,PRIMARY BILE ACID BIOSYNTHESIS,0.5194543154584093,2,699,16,6576,ACOT8;CYP7B1,0.9843290187554712,False
KEGG,9,HORMONE SIGNALING,0.5197082992009714,21,699,196,6576,CCKAR;CRHR2;DRD5;ESR1;ESR2;GNA14;GNG7;HCRT;HEPHL1;IAPP;IRS1;LEPROT;MC4R;MPL;NPPA;OPRL1;PIK3R3;PMCH;SSTR4;STAT5B;VIPR2,0.9843290187554712,False
KEGG,9,MITOPHAGY - ANIMAL,0.5204098890848448,10,699,92,6576,ATG9A;ATG9B;CSNK2B;GABARAPL1;MAPK8;MUL1;RABGEF1;RHOT2;TANK;TFE3,0.9843290187554712,False
KEGG,9,TH17 CELL DIFFERENTIATION,0.5204098890848448,10,699,92,6576,CD247;FOS;GATA3;HLA-DOB;MAPK3;MAPK8;RORA;RORC;STAT5B;TYK2,0.9843290187554712,False
KEGG,9,PROTEIN DIGESTION AND ABSORPTION,0.5276239544378692,9,699,83,6576,ATP1A2;COL1A1;COL4A6;COL5A2;MEP1B;SLC1A1;SLC36A4;SLC7A7;SLC8A2,0.9843290187554712,False
KEGG,9,EPITHELIAL CELL SIGNALING IN HELICOBACTER PYLORI INFECTION,0.5280088846674209,7,699,64,6576,ADAM10;ADAM17;ATP6V0A2;ATP6V1A;ATP6V1E2;MAPK8;SLTM,0.9843290187554712,False
KEGG,9,RNA POLYMERASE,0.5325353482390318,3,699,26,6576,POLR1F;POLR2A;POLR2H,0.9843290187554712,False
KEGG,9,STARCH AND SUCROSE METABOLISM,0.5325353482390318,3,699,26,6576,G6PC2;GYS2;UGP2,0.9843290187554712,False
KEGG,9,HERPES SIMPLEX VIRUS 1 INFECTION,0.5340592990120456,14,699,131,6576,AKT2;BAK1;CD74;EIF2B2;HLA-DOB;IRF9;PIK3R3;PML;SRSF7;TANK;TLR2;TLR9;TYK2;ZC3HAV1,0.9843290187554712,False
KEGG,9,BASAL TRANSCRIPTION FACTORS,0.5418607932781195,4,699,36,6576,GTF2E2;GTF2H5;TAF6L;TBP,0.9843290187554712,False
KEGG,9,FERROPTOSIS,0.5418607932781195,4,699,36,6576,ACSL3;CYBB;FTMT;PCBP1,0.9843290187554712,False
KEGG,9,ARRHYTHMOGENIC RIGHT VENTRICULAR CARDIOMYOPATHY,0.5426540296914143,9,699,84,6576,CACNA2D3;CACNB2;CACNB4;CACNG7;CTNNA3;ITGA2B;ITGB4;SLC8A2;SNTA1,0.9843290187554712,False
KEGG,9,PPAR SIGNALING PATHWAY,0.5450675299920122,7,699,65,6576,ACSL3;FABP3;FABP4;FABP7;PLIN1;PLIN2;PPARG,0.9843290187554712,False
KEGG,9,ATP-DEPENDENT CHROMATIN REMODELING,0.5489202025861614,10,699,94,6576,ACTL6A;ARID1A;BRD8;CHD3;CHRAC1;EPC2;H2AJ;H2AX;MACROH2A1;MEAF6,0.9843290187554712,False
KEGG,9,ARACHIDONIC ACID METABOLISM,0.5494505784060095,5,699,46,6576,ALOX12;ALOX5;PLA2G12B;PTGES3;PTGS1,0.9843290187554712,False
KEGG,9,FOLATE BIOSYNTHESIS,0.5530018755153011,2,699,17,6576,MOCS1;QDPR,0.9843290187554712,False
KEGG,9,GLYCOSAMINOGLYCAN DEGRADATION,0.5530018755153011,2,699,17,6576,HGSNAT;SGSH,0.9843290187554712,False
KEGG,9,AMINOACYL-TRNA BIOSYNTHESIS,0.5588990118076871,3,699,27,6576,EARS2;FARSA;SEPSECS,0.9843290187554712,False
KEGG,9,HIPPO SIGNALING PATHWAY - MULTIPLE SPECIES,0.5588990118076871,3,699,27,6576,AJUBA;LATS1;STK24,0.9843290187554712,False
KEGG,9,THYROID HORMONE SIGNALING PATHWAY,0.560032221041986,12,699,114,6576,AKT2;ATP1A2;BMP4;CCND1;ESR1;FOXO1;MAPK3;MYH6;NCOA1;PIK3R3;PRKCB;TBC1D4,0.9843290187554712,False
KEGG,9,HOMOLOGOUS RECOMBINATION,0.5642686211927188,4,699,37,6576,RAD50;TOP3A;UIMC1;XRCC2,0.9843290187554712,False
KEGG,9,MALARIA,0.5642686211927188,4,699,37,6576,SLTM;TLR2;TLR4;TLR9,0.9843290187554712,False
KEGG,9,OLFACTORY TRANSDUCTION,0.5642686211927188,4,699,37,6576,CALML4;CNGB1;GNG7;SLC8A2,0.9843290187554712,False
KEGG,9,NUCLEOCYTOPLASMIC TRANSPORT,0.5721474907027042,9,699,86,6576,DDX19B;NUP133;NUP98;PHAX;PNN;PYM1;THOC7;TNPO3;TPR,0.9843290187554712,False
KEGG,9,EFFEROCYTOSIS,0.5742403296367278,15,699,144,6576,ADAM10;ADAM17;ADAM9;ADGRB1;ALOX5;ANO3;CREB1;ELMO1;GULP1;MAPK3;MEGF11;P2RY12;PPARG;S1PR1;TMEM30B,0.9843290187554712,False
KEGG,9,RHEUMATOID ARTHRITIS,0.5783752627985637,7,699,67,6576,ATP6V0A2;ATP6V1A;ATP6V1E2;FOS;HLA-DOB;TLR2;TLR4,0.9843290187554712,False
KEGG,9,MUCIN TYPE O-GLYCAN BIOSYNTHESIS,0.5843458044014767,3,699,28,6576,GALNT15;GALNT6;ST6GALNAC4,0.9843290187554712,False
KEGG,9,NICOTINE ADDICTION,0.5860618429226014,4,699,38,6576,GABRB2;GABRR2;GRIN2C;GRIN3B,0.9843290187554712,False
KEGG,9,GNRH SECRETION,0.5915279689937256,6,699,58,6576,AKT2;ESR2;ITPR1;MAPK3;PIK3R3;PRKCB,0.9843290187554712,False
KEGG,9,SULFUR RELAY SYSTEM,0.5932468047353058,1,699,8,6576,MPST,0.9843290187554712,False
KEGG,9,ADHERENS JUNCTION,0.6007833513608515,9,699,88,6576,CDH5;CSNK2B;CTNNA3;FARP2;IQGAP1;MAPK3;PTPRM;SLTM;VCL,0.9843290187554712,False
KEGG,9,PERTUSSIS,0.6087185308150964,6,699,59,6576,CALML4;FOS;MAPK3;MAPK8;NDUFA2;TLR4,0.9843290187554712,False
KEGG,9,NF-KAPPA B SIGNALING PATHWAY,0.614745755847248,9,699,89,6576,CARD10;CSNK2B;GADD45A;GADD45G;NDUFA2;PARP1;PRKCB;TANK;TLR4,0.9843290187554712,False
KEGG,9,OXYTOCIN SIGNALING PATHWAY,0.6156357108516793,14,699,138,6576,CACNA2D3;CACNB2;CACNB4;CACNG7;CALML4;CCND1;FOS;GUCY1A2;ITPR1;MAPK3;NPPA;PRKAB2;PRKCB;RYR3,0.9843290187554712,False
KEGG,9,DILATED CARDIOMYOPATHY,0.6170763775070249,10,699,99,6576,CACNA2D3;CACNB2;CACNB4;CACNG7;ITGA2B;ITGB4;MYH6;SLC8A2;SNTA1;TPM2,0.9843290187554712,False
KEGG,9,RAS SIGNALING PATHWAY,0.6189187711119299,22,699,216,6576,AKT2;CALML4;CSF1R;FGF3;GNG7;MAPK3;MAPK8;NGF;NTRK1;NTRK2;PIK3R3;PLA2G12B;PRKCB;RALGAPA1;RALGAPB;RASA2;RASAL3;RASGRP3;RASSF3;SHOC2;SLTM;STK4,0.9843290187554712,False
KEGG,9,T CELL RECEPTOR SIGNALING PATHWAY,0.6194657067583361,11,699,109,6576,AKT2;CD247;FOS;MAPK3;MAPK8;PIK3R3;PPP2R2A;PPP2R3C;VAV1;VAV2;VAV3,0.9843290187554712,False
KEGG,9,FLUID SHEAR STRESS AND ATHEROSCLEROSIS,0.6218847495945554,12,699,119,6576,AKT2;ASS1;BMP4;CALML4;CDH5;CYBA;FOS;ITGA2B;MAPK8;MGST1;NOX1;PIK3R3,0.9843290187554712,False
KEGG,9,BASE EXCISION REPAIR,0.6276804361238468,4,699,40,6576,PARP1;PARP2;PARP3;RFC3,0.9843290187554712,False
KEGG,9,VIRION - HEPATITIS VIRUSES,0.6276804361238468,4,699,40,6576,CLDN20;EPCAM;OCLN;VPS4B,0.9843290187554712,False
KEGG,9,TIGHT JUNCTION,0.6291589027686972,15,699,149,6576,ARPC1A;ARPC3;CCND1;CLDN20;EPB41L4B;HCLS1;LLGL2;MAPK8;MICALL2;OCLN;PPP2R2A;PRKAB2;PRKCI;TUBA8;TUBAL3,0.9843290187554712,False
KEGG,9,ALCOHOLIC LIVER DISEASE,0.6318514522409577,11,699,110,6576,ACACA;ACACB;AKT2;ALDH1B1;CCND1;FOXO1;MAPK8;NDUFA2;PRKAB2;TLR4;TRA2B,0.9843290187554712,False
KEGG,9,CAMP SIGNALING PATHWAY,0.6342426019877715,21,699,208,6576,ADCYAP1;AKT2;ATP1A2;CALML4;CNGB1;CNGB3;CREB1;CRHR2;DRD5;FOS;GRIN2C;GRIN3B;MAPK3;MAPK8;NPPA;PDE4B;PIK3R3;VAV1;VAV2;VAV3;VIPR2,0.9843290187554712,False
KEGG,9,HUMAN IMMUNODEFICIENCY VIRUS 1 INFECTION,0.6438407671179001,17,699,170,6576,AKT2;BAK1;CALML4;CCNB1;CD247;ELOB;FOS;GNG7;ITPR1;MAPK3;MAPK8;PIK3R3;PRKCB;PTK2B;TANK;TLR2;TLR4,0.9843290187554712,False
KEGG,9,PATHOGENIC ESCHERICHIA COLI INFECTION,0.6438407671179001,17,699,170,6576,ARPC1A;ARPC3;BAK1;CLDN20;CYTH1;FOS;HCLS1;MAPK3;MAPK8;MYO1A;NCKAP1L;OCLN;TANK;TLR4;TUBA8;TUBAL3;WIPF1,0.9843290187554712,False
KEGG,9,HUNTINGTON DISEASE,0.6462160383325395,26,699,258,6576,COX7C;CREB1;DCTN6;DNAH6;ITPR1;KCNJ10;MAPK8;NDUFA12;NDUFA2;NDUFA3;NDUFB5;NDUFS2;POLR2A;POLR2H;PPARG;PSMB5;PSMC2;PSMD1;PSMD2;PTGS1;TANK;TBP;TUBA8;TUBAL3;UQCRQ;VDAC1,0.9843290187554712,False
KEGG,9,VASOPRESSIN-REGULATED WATER REABSORPTION,0.6474595378338793,4,699,41,6576,AQP3;CREB1;DCTN6;DYNLL1,0.9843290187554712,False
KEGG,9,STEROID HORMONE BIOSYNTHESIS,0.6548564107950686,3,699,31,6576,CYP1A1;CYP7B1;UGT2A1,0.9843290187554712,False
KEGG,9,PANCREATIC SECRETION,0.6552418802062545,8,699,82,6576,ATP1A2;CCKAR;ITPR1;PGAP1;PLA2G12B;PNLIPRP2;PRKCB;RAB3D,0.9843290187554712,False
KEGG,9,PURINE METABOLISM,0.6559822785162521,11,699,112,6576,AK1;AK5;APRT;ENTPD6;GUCY1A2;LACC1;NME3;PAICS;PDE4B;PDE6B;RRM2B,0.9843290187554712,False
KEGG,9,RENIN SECRETION,0.6577955913709361,6,699,62,6576,ADCYAP1;CALML4;CREB1;GUCY1A2;ITPR1;NPPA,0.9843290187554712,False
KEGG,9,NEUROACTIVE LIGAND SIGNALING,0.664741813614393,18,699,182,6576,ACHE;CHRM5;DRD5;GABRB2;GABRR2;GNG7;GRIN2C;GRIN3B;HTR2B;HTR5A;MC4R;OPRL1;P2RX5;P2RY12;PRKCB;SLC1A1;SLC6A12;TACR2,0.9843290187554712,False
KEGG,9,LEGIONELLOSIS,0.666530564747463,4,699,42,6576,NDUFA2;RAB1B;TLR2;TLR4,0.9843290187554712,False
KEGG,9,CHOLINERGIC SYNAPSE,0.6676363733846749,10,699,103,6576,ACHE;AKT2;CHRM5;CREB1;FOS;GNG7;ITPR1;MAPK3;PIK3R3;PRKCB,0.9843290187554712,False
KEGG,9,GLYCOSAMINOGLYCAN BIOSYNTHESIS - CHONDROITIN SULFATE / DERMATAN SULFATE,0.6701936154024288,2,699,21,6576,CHSY1;CHSY3,0.9843290187554712,False
KEGG,9,PROXIMAL TUBULE BICARBONATE RECLAMATION,0.6701936154024288,2,699,21,6576,ATP1A2;GRID1,0.9843290187554712,False
KEGG,9,NUCLEOTIDE EXCISION REPAIR,0.6777253559449201,5,699,53,6576,ERCC6;GTF2H5;POLR2A;POLR2H;RFC3,0.9843290187554712,False
KEGG,9,PHOSPHATIDYLINOSITOL SIGNALING SYSTEM,0.6805736860218756,9,699,94,6576,CALML4;DGKE;DGKZ;INPP5A;IP6K3;ITPR1;PI4K2B;PIK3R3;PRKCB,0.9843290187554712,False
KEGG,9,TOXOPLASMOSIS,0.6805736860218756,9,699,94,6576,AKT2;ALOX5;HLA-DOB;LAMA4;MAPK3;MAPK8;TLR2;TLR4;TYK2,0.9843290187554712,False
KEGG,9,PROTEASOME,0.6848840314197551,4,699,43,6576,PSMB5;PSMC2;PSMD1;PSMD2,0.9843290187554712,False
KEGG,9,BIOSYNTHESIS OF UNSATURATED FATTY ACIDS,0.6952964289380155,2,699,22,6576,ELOVL7;HACD2,0.9843290187554712,False
KEGG,9,RETINOL METABOLISM,0.696857941510483,3,699,33,6576,CYP1A1;RDH10;UGT2A1,0.9843290187554712,False
KEGG,9,SYSTEMIC LUPUS ERYTHEMATOSUS,0.7025150744038824,4,699,44,6576,H2AJ;H2AX;HLA-DOB;MACROH2A1,0.9843290187554712,False
KEGG,9,HEMATOPOIETIC CELL LINEAGE,0.7028726199801915,6,699,65,6576,CSF1R;HLA-DOB;IL7;IL7R;ITGA2B;NDUFA2,0.9843290187554712,False
KEGG,9,LONG-TERM DEPRESSION,0.7095277244767386,5,699,55,6576,ARAF;GUCY1A2;ITPR1;MAPK3;PRKCB,0.9843290187554712,False
KEGG,9,NOTCH SIGNALING PATHWAY,0.7095277244767386,5,699,55,6576,ADAM17;CTBP1;HEY2;PSENEN;TLE4,0.9843290187554712,False
KEGG,9,SYNAPTIC VESICLE CYCLE,0.7115791769334129,7,699,76,6576,ATP6V0A2;ATP6V1A;ATP6V1E2;RIMS1;SLC1A1;SLC6A12;SYT1,0.9843290187554712,False
KEGG,9,"GROWTH HORMONE SYNTHESIS, SECRETION AND ACTION",0.7141114024505535,10,699,107,6576,AKT2;CREB1;FOS;IRS1;ITPR1;MAPK3;MAPK8;PIK3R3;PRKCB;STAT5B,0.9843290187554712,False
KEGG,9,THYROID HORMONE SYNTHESIS,0.716973526347128,6,699,66,6576,ATP1A2;CREB1;DUOX2;ITPR1;PAX8;PRKCB,0.9843290187554712,False
KEGG,9,RAP1 SIGNALING PATHWAY,0.7180788271871814,19,699,198,6576,AKT2;CALML4;CSF1R;FARP2;FGF3;ITGA2B;MAGI2;MAPK3;NGF;PIK3R3;PRKCB;PRKCI;RASGRP3;RASSF3;SIPA1L2;SLTM;VAV1;VAV2;VAV3,0.9843290187554712,False
KEGG,9,NEUROACTIVE LIGAND-RECEPTOR INTERACTION,0.7198508187766861,31,699,317,6576,ADCYAP1;BRS3;CCKAR;CHRM5;CRHR2;DRD5;GABRB2;GABRR2;GRID1;GRIN2C;GRIN3B;HCRT;HTR2B;HTR5A;IAPP;LEPROT;LYPD6;MC4R;NMU;NPY2R;NTSR1;OPRL1;P2RX5;PMCH;PTGER1;RXFP4;S1PR1;SSTR4;TACR2;TRPV1;VIPR2,0.9843290187554712,False
KEGG,9,GAP JUNCTION,0.7244795797807801,7,699,77,6576,GUCY1A2;HTR2B;ITPR1;MAPK3;PRKCB;TUBA8;TUBAL3,0.9843290187554712,False
KEGG,9,GLYCEROPHOSPHOLIPID METABOLISM,0.7280072417461334,9,699,98,6576,ACHE;CHKA;DGKE;DGKZ;GPD1;MBOAT2;PLA2G12B;PLPP2;PLPP3,0.9843290187554712,False
KEGG,9,CGMP-PKG SIGNALING PATHWAY,0.7282914216366285,14,699,149,6576,AKT2;ATP1A2;CALML4;CNGB1;CREB1;GUCY1A2;IRS1;ITPR1;MAPK3;MYH6;NPPA;SLC8A2;SRF;VDAC1,0.9843290187554712,False
KEGG,9,PATHWAYS OF NEURODEGENERATION - MULTIPLE DISEASES,0.7300261753670598,40,699,407,6576,ARAF;ATF6;ATXN2;BAK1;CALML4;CAPN2;CHRM5;COX7C;CSNK2B;CYBB;DCTN6;DNAH6;FZD2;FZD8;GRIN2C;ITPR1;LRP5;MAPK3;MAPK8;NDUFA12;NDUFA2;NDUFA3;NDUFB5;NDUFS2;NOX1;PRKCB;PSMB5;PSMC2;PSMD1;PSMD2;PTGS1;RYR3;TANK;TUBA8;TUBAL3;UBE2G2;UQCRQ;VDAC1;WNT11;WNT6,0.9843290187554712,False
KEGG,9,CHOLESTEROL METABOLISM,0.7356108502390798,4,699,46,6576,ANGPTL3;LIPG;VAPA;VDAC1,0.9843290187554712,False
KEGG,9,COCAINE ADDICTION,0.7356108502390798,4,699,46,6576,CREB1;FOSB;GRIN2C;GRIN3B,0.9843290187554712,False
KEGG,9,CUSHING SYNDROME,0.7388701023237921,13,699,140,6576,ASH2L;CCND1;CCNE1;CDKN1B;CREB1;CRHR2;FZD2;FZD8;ITPR1;KCNA4;MAPK3;WNT11;WNT6,0.9843290187554712,False
KEGG,9,UBIQUINONE AND OTHER TERPENOID-QUINONE BIOSYNTHESIS,0.7406969855460843,1,699,12,6576,ATAT1,0.9843290187554712,False
KEGG,9,GLYCOSAMINOGLYCAN BIOSYNTHESIS - HEPARAN SULFATE / HEPARIN,0.7407542487693952,2,699,24,6576,EXT2;NDST2,0.9843290187554712,False
KEGG,9,LYSOSOME,0.7431126881140634,11,699,120,6576,AP3B2;AP3M1;ATP6V0A2;CTSF;DNASE2B;GNPTAB;HGSNAT;IGF2R;LAPTM5;NAGA;SGSH,0.9843290187554712,False
KEGG,9,MELANOGENESIS,0.7434492850655955,8,699,89,6576,CALML4;CREB1;FZD2;FZD8;MAPK3;PRKCB;WNT11;WNT6,0.9843290187554712,False
KEGG,9,MICRORNAS IN CANCER,0.7463268034086432,14,699,151,6576,BAK1;BMF;CCND1;CCNE1;CDC25B;CDKN1B;HDAC4;IGF2BP1;IRS1;MAPK3;PIK3R3;PRKCB;RPTOR;SLTM,0.9843290187554712,False
KEGG,9,ETHER LIPID METABOLISM,0.7510849794622854,4,699,47,6576,AGPS;PLA2G12B;PLPP2;PLPP3,0.9843290187554712,False
KEGG,9,VIRAL MYOCARDITIS,0.7510849794622854,4,699,47,6576,CCND1;HLA-DOB;MYH6;SNTA1,0.9843290187554712,False
KEGG,9,CHEMOKINE SIGNALING PATHWAY,0.7550447518401402,14,699,152,6576,AKT2;CCR6;CXCR6;DOCK2;ELMO1;GNG7;MAPK3;PIK3R3;PRKCB;PTK2B;STAT5B;VAV1;VAV2;VAV3,0.9843290187554712,False
KEGG,9,DOPAMINERGIC SYNAPSE,0.7624022731961537,11,699,122,6576,AKT2;CALML4;CREB1;DRD5;FOS;GNG7;ITPR1;MAPK8;PPP2R2A;PPP2R3C;PRKCB,0.9843290187554712,False
KEGG,9,KAPOSI SARCOMA-ASSOCIATED HERPESVIRUS INFECTION,0.7635614994226668,14,699,153,6576,AKT2;BAK1;CALML4;CCND1;CREB1;FOS;GNG7;IRF9;ITPR1;MAPK3;MAPK8;PIK3R3;TANK;TYK2,0.9843290187554712,False
KEGG,9,NEUROTROPHIN SIGNALING PATHWAY,0.7660393444701309,10,699,112,6576,AKT2;CALML4;IRS1;MAPK3;MAPK8;NGF;NTRK1;NTRK2;PIK3R3;RPS6KA1,0.9843290187554712,False
KEGG,9,VIRION - LASSA VIRUS AND SFTS VIRUS,0.7683101493339097,1,699,13,6576,PCDH7,0.9843290187554712,False
KEGG,9,BLADDER CANCER,0.7690184443129816,3,699,37,6576,ARAF;CCND1;MAPK3,0.9843290187554712,False
KEGG,9,ALDOSTERONE SYNTHESIS AND SECRETION,0.7720825414130619,7,699,81,6576,ATP1A2;CALML4;CREB1;DAGLA;ITPR1;NPPA;PRKCB,0.9843290187554712,False
KEGG,9,GALACTOSE METABOLISM,0.7802857017177849,2,699,26,6576,G6PC2;UGP2,0.9843290187554712,False
KEGG,9,VITAMIN DIGESTION AND ABSORPTION,0.7802857017177849,2,699,26,6576,SLC19A2;SLC46A1,0.9843290187554712,False
KEGG,9,SPHINGOLIPID SIGNALING PATHWAY,0.7848521338070344,10,699,114,6576,AKT2;MAPK3;MAPK8;PIK3R3;PPP2R2A;PPP2R3C;PRKCB;S1PR1;SGPP1;TANK,0.9843290187554712,False
KEGG,9,ENDOCYTOSIS,0.7849067964564383,20,699,217,6576,ARFGAP2;ARPC1A;ARPC3;ASAP1;BIN1;CAPZA3;CYTH1;EHD3;IGF2R;PML;PRKCI;RAB10;RAB11FIP3;SMAP1;SMAP2;SNF8;SPG21;VPS25;VPS4B;WIPF1,0.9843290187554712,False
KEGG,9,APELIN SIGNALING PATHWAY,0.7894229412590756,11,699,125,6576,AKT2;CALML4;CCND1;GNG7;HDAC4;ITPR1;MAPK3;PLIN1;PRKAB2;RYR3;SLC8A2,0.9843290187554712,False
KEGG,9,PHENYLALANINE METABOLISM,0.7929865481782792,1,699,14,6576,ATAT1,0.9843290187554712,False
KEGG,9,FOCAL ADHESION,0.7960742789304411,17,699,188,6576,AKT2;CAPN2;CCND1;COL1A1;COL4A6;ITGA2B;ITGB4;LAMA4;MAPK3;MAPK8;PIK3R3;PRKCB;SLTM;VAV1;VAV2;VAV3;VCL,0.9843290187554712,False
KEGG,9,PENTOSE PHOSPHATE PATHWAY,0.7979966369105929,2,699,27,6576,SHPK;TKTL1,0.9843290187554712,False
KEGG,9,PLATELET ACTIVATION,0.8025516580545331,10,699,116,6576,AKT2;COL1A1;GUCY1A2;ITGA2B;ITPR1;MAPK3;P2RY12;PIK3R3;PRKCI;PTGS1,0.9843290187554712,False
KEGG,9,C-TYPE LECTIN RECEPTOR SIGNALING PATHWAY,0.8055463326740817,8,699,95,6576,AKT2;CALML4;EGR3;IRF9;ITPR1;MAPK3;MAPK8;PIK3R3,0.9843290187554712,False
KEGG,9,RIG-I-LIKE RECEPTOR SIGNALING PATHWAY,0.8060658176028356,4,699,51,6576,AZIN2;IFNE;MAPK8;TANK,0.9843290187554712,False
KEGG,9,STAPHYLOCOCCUS AUREUS INFECTION,0.8060658176028356,4,699,51,6576,HLA-DOB;KRT15;KRT25;MBL2,0.9843290187554712,False
KEGG,9,RELAXIN SIGNALING PATHWAY,0.8109885124673453,10,699,117,6576,AKT2;COL1A1;COL4A6;CREB1;FOS;GNG7;MAPK3;MAPK8;PIK3R3;RXFP4,0.9843290187554712,False
KEGG,9,CORNIFIED ENVELOPE FORMATION,0.8137084269396987,13,699,149,6576,CLDN20;COL4A6;DST;ITGB4;KRT15;KRT25;KRT77;LAMA4;OCLN;PNPLA1;PPP2R2A;PPP2R3C;SDR9C7,0.9843290187554712,False
KEGG,9,DRUG METABOLISM - CYTOCHROME P450,0.8144313163343709,2,699,28,6576,MGST1;UGT2A1,0.9843290187554712,False
KEGG,9,PROTEIN EXPORT,0.8144313163343709,2,699,28,6576,IMMP1L;UBL4B,0.9843290187554712,False
KEGG,9,GLUTAMATERGIC SYNAPSE,0.8250307139330708,9,699,108,6576,DLGAP1;GNG7;GRIN2C;GRIN3B;HOMER2;ITPR1;MAPK3;PRKCB;SLC1A1,0.9843290187554712,False
KEGG,9,CYTOSOLIC DNA-SENSING PATHWAY,0.8296199098806217,4,699,53,6576,DNASE2B;GSDMD;PCBP1;POLR2H,0.9843290187554712,False
KEGG,9,APOPTOSIS - MULTIPLE SPECIES,0.8296605107767719,2,699,29,6576,BAK1;MAPK8,0.9843290187554712,False
KEGG,9,GLYOXYLATE AND DICARBOXYLATE METABOLISM,0.8296605107767719,2,699,29,6576,GLDC;MDH2,0.9843290187554712,False
KEGG,9,INTESTINAL IMMUNE NETWORK FOR IGA PRODUCTION,0.8296605107767719,2,699,29,6576,HLA-DOB;IL15RA,0.9843290187554712,False
KEGG,9,CYTOKINE-CYTOKINE RECEPTOR INTERACTION,0.8326316582758155,18,699,204,6576,ACVR1C;BMP3;BMP4;CCR6;CSF1R;CXCL17;CXCR6;GDF7;IFNE;IL15RA;IL19;IL1RL1;IL7;IL7R;LEPROT;MPL;MSTN;NGF,0.9843290187554712,False
KEGG,9,GASTRIC ACID SECRETION,0.8351651291374285,5,699,65,6576,ATP1A2;CALML4;ITPR1;KCNJ10;PRKCB,0.9843290187554712,False
KEGG,9,CYTOSKELETON IN MUSCLE CELLS,0.8419020052330413,19,699,216,6576,ATP1A2;CAPZA3;COL1A1;COL4A6;COL5A2;DAAM1;ENO2;ITGA2B;ITGB4;LMNB1;MYH1;MYH6;MYOM1;PDLIM2;SNTA1;SUN2;TPM2;VCL;XIRP2,0.9843290187554712,False
KEGG,9,TYROSINE METABOLISM,0.8437543860367238,2,699,30,6576,ATAT1;HGD,0.9843290187554712,False
KEGG,9,INTEGRIN SIGNALING,0.8456523768169966,12,699,143,6576,AKT2;CCND1;COL1A1;COL4A6;ITGA2B;ITGAD;ITGAX;ITGB4;LAMA4;PIK3R3;SLTM;VCL,0.9843290187554712,False
KEGG,9,TGF-BETA SIGNALING PATHWAY,0.8480212416342969,8,699,100,6576,ACVR1C;BAMBI;BMP4;GDF7;GREM1;MAPK3;PITX2;TFDP1,0.9843290187554712,False
KEGG,9,VEGF SIGNALING PATHWAY,0.8507472863946224,4,699,55,6576,AKT2;MAPK3;PIK3R3;PRKCB,0.9843290187554712,False
KEGG,9,ALLOGRAFT REJECTION,0.8523525694541919,1,699,17,6576,HLA-DOB,0.9843290187554712,False
KEGG,9,ASTHMA,0.8523525694541919,1,699,17,6576,HLA-DOB,0.9843290187554712,False
KEGG,9,SELENOCOMPOUND METABOLISM,0.8523525694541919,1,699,17,6576,SEPSECS,0.9843290187554712,False
KEGG,9,AMYOTROPHIC LATERAL SCLEROSIS,0.8543826614435712,27,699,301,6576,ATF6;ATXN2;COX7C;DCTN6;DNAH6;ERBB4;GRIN2C;NDUFA12;NDUFA2;NDUFA3;NDUFB5;NDUFS2;NUP133;NUP98;PSMB5;PSMC2;PSMD1;PSMD2;PTGS1;SRSF7;TANK;TPR;TUBA8;TUBAL3;UBQLN4;UQCRQ;VDAC1,0.9843290187554712,False
KEGG,9,PRIMARY IMMUNODEFICIENCY,0.8567818326051138,2,699,31,6576,IL7R;RFXANK,0.9843290187554712,False
KEGG,9,SNARE INTERACTIONS IN VESICULAR TRANSPORT,0.8567818326051138,2,699,31,6576,GOSR1;STX18,0.9843290187554712,False
KEGG,9,REGULATION OF ACTIN CYTOSKELETON,0.8603054068759136,18,699,209,6576,AKT2;ARAF;ARPC1A;ARPC3;CHRM5;FGF3;IQGAP1;ITGA2B;ITGAD;ITGAX;ITGB4;MAPK3;NCKAP1L;PIK3R3;VAV1;VAV2;VAV3;VCL,0.9843290187554712,False
KEGG,9,FANCONI ANEMIA PATHWAY,0.8611969326715944,3,699,44,6576,RMI2;TOP3A;WDR48,0.9843290187554712,False
KEGG,9,GNRH SIGNALING PATHWAY,0.866717794504247,6,699,80,6576,CALML4;ITPR1;MAPK3;MAPK8;PRKCB;PTK2B,0.9843290187554712,False
KEGG,9,VIBRIO CHOLERAE INFECTION,0.8713236421113892,3,699,45,6576,ATP6V0A2;ATP6V1A;ATP6V1E2,0.9843290187554712,False
KEGG,9,DNA REPLICATION,0.8799036219112477,2,699,33,6576,MCM4;RFC3,0.9843290187554712,False
KEGG,9,HISTIDINE METABOLISM,0.8821477266818908,1,699,19,6576,ALDH1B1,0.9843290187554712,False
KEGG,9,STEROID BIOSYNTHESIS,0.8821477266818908,1,699,19,6576,MSMO1,0.9843290187554712,False
KEGG,9,SIGNALING PATHWAYS REGULATING PLURIPOTENCY OF STEM CELLS,0.8921215816259611,10,699,129,6576,ACVR1C;AKT2;BMP4;FZD2;FZD8;HOXD1;MAPK3;PIK3R3;WNT11;WNT6,0.9843290187554712,False
KEGG,9,AUTOIMMUNE THYROID DISEASE,0.894711206787024,1,699,20,6576,HLA-DOB,0.9843290187554712,False
KEGG,9,FOLATE TRANSPORT AND METABOLISM,0.894711206787024,1,699,20,6576,SLC46A1,0.9843290187554712,False
KEGG,9,TERPENOID BACKBONE BIOSYNTHESIS,0.894711206787024,1,699,20,6576,RCE1,0.9843290187554712,False
KEGG,9,GABAERGIC SYNAPSE,0.8948711407874035,6,699,84,6576,GABARAPL1;GABRB2;GABRR2;GNG7;PRKCB;SLC6A12,0.9843290187554712,False
KEGG,9,SPHINGOLIPID METABOLISM,0.9055804819330396,3,699,49,6576,PLPP2;PLPP3;SGPP1,0.9843290187554712,False
KEGG,9,TNF SIGNALING PATHWAY,0.9055924121409503,8,699,109,6576,ADAM17;AKT2;CREB1;FOS;MAPK3;MAPK8;PIK3R3;TANK,0.9843290187554712,False
KEGG,9,MISMATCH REPAIR,0.9059370863562537,1,699,21,6576,RFC3,0.9843290187554712,False
KEGG,9,CELL ADHESION MOLECULE (CAM) INTERACTION,0.9085760227045188,9,699,121,6576,CDH5;CLDN20;CNTNAP2;HLA-DOB;IGSF11;OCLN;PTPRM;SIGLEC1;SLITRK3,0.9843290187554712,False
KEGG,9,INSULIN SECRETION,0.9125092881206902,5,699,75,6576,ADCYAP1;ATP1A2;CCKAR;CREB1;PRKCB,0.9843290187554712,False
KEGG,9,TASTE TRANSDUCTION,0.9143795701491221,4,699,63,6576,PKD2L1;SCNN1G;TAS1R3;TAS2R60,0.9843290187554712,False
KEGG,9,ALPHA-LINOLENIC ACID METABOLISM,0.9159675938523603,1,699,22,6576,PLA2G12B,0.9843290187554712,False
KEGG,9,LINOLEIC ACID METABOLISM,0.9159675938523603,1,699,22,6576,PLA2G12B,0.9843290187554712,False
KEGG,9,IL-17 SIGNALING PATHWAY,0.9181382079573763,5,699,76,6576,FOS;FOSB;MAPK3;MAPK8;TANK,0.9843290187554712,False
KEGG,9,HEDGEHOG SIGNALING PATHWAY,0.9194128709601233,3,699,51,6576,CCND1;CUL3;SCUBE2,0.9843290187554712,False
KEGG,9,OVARIAN STEROIDOGENESIS,0.9234434655753516,2,699,38,6576,ALOX5;CYP1A1,0.9843290187554712,False
KEGG,9,INOSITOL PHOSPHATE METABOLISM,0.9234454614861302,5,699,77,6576,ALDH6A1;INPP5A;IP6K3;ISYNA1;PI4K2B,0.9843290187554712,False
KEGG,9,GLYCOSPHINGOLIPID BIOSYNTHESIS - LACTO AND NEOLACTO SERIES,0.9249298538305721,1,699,23,6576,B3GALNT1,0.9843290187554712,False
KEGG,9,TYPE I DIABETES MELLITUS,0.9249298538305721,1,699,23,6576,HLA-DOB,0.9843290187554712,False
KEGG,9,AUTOPHAGY - ANIMAL,0.9305797436814466,11,699,149,6576,AKT2;ATG9A;ATG9B;GABARAPL1;IRS1;ITPR1;MAPK3;MAPK8;PIK3R3;RPTOR;TANK,0.9873224109790958,False
KEGG,9,ABC TRANSPORTERS,0.9362868069711834,2,699,40,6576,ABCC12;ABCD2,0.9878123083779754,False
KEGG,9,CORTISOL SYNTHESIS AND SECRETION,0.9367185682894594,3,699,54,6576,CREB1;ITPR1;KCNA4,0.9878123083779754,False
KEGG,9,VASCULAR SMOOTH MUSCLE CONTRACTION,0.9401070203863209,8,699,117,6576,ARAF;CALML4;GUCY1A2;ITPR1;MAPK3;NPPA;PLA2G12B;PRKCB,0.9883904625209657,False
KEGG,9,ECM-RECEPTOR INTERACTION,0.9493322343554955,5,699,83,6576,COL1A1;COL4A6;ITGA2B;ITGB4;LAMA4,0.9886564254518344,False
KEGG,9,GLYCOSYLPHOSPHATIDYLINOSITOL (GPI)-ANCHOR BIOSYNTHESIS,0.957297742135004,1,699,28,6576,PGAP1,0.9886564254518344,False
KEGG,9,COMPLEMENT AND COAGULATION CASCADES,0.9581251755087418,3,699,59,6576,ITGAX;MBL2;PLAUR,0.9886564254518344,False
KEGG,9,MORPHINE ADDICTION,0.9590407992293167,5,699,86,6576,GABRB2;GABRR2;GNG7;PDE4B;PRKCB,0.9886564254518344,False
KEGG,9,VIRAL PROTEIN INTERACTION WITH CYTOKINE AND CYTOKINE RECEPTOR,0.9614973553020667,3,699,60,6576,CCR6;CSF1R;IL19,0.9886564254518344,False
KEGG,9,PHOSPHOLIPASE D SIGNALING PATHWAY,0.9628181032596591,9,699,137,6576,AKT2;CYTH1;DGKE;DGKZ;MAPK3;PIK3R3;PLPP2;PLPP3;PTK2B,0.9886564254518344,False
KEGG,9,HUMAN CYTOMEGALOVIRUS INFECTION,0.9628513644106513,13,699,184,6576,AKT2;BAK1;CALML4;CCND1;CREB1;GNG7;ITPR1;MAPK3;PIK3R3;PRKCB;PTGER1;PTK2B;TANK,0.9886564254518344,False
KEGG,9,RIBOSOME,0.9652357961735946,8,699,126,6576,MRPL15;MRPS18A;MRPS25;RPL10A;RPL22L1;RPL32;RPL36;RPS21,0.9886564254518344,False
KEGG,9,ONE CARBON POOL BY FOLATE,0.9659286915334014,1,699,30,6576,GLDC,0.9886564254518344,False
KEGG,9,BILE SECRETION,0.9923086455187433,2,699,62,6576,ATP1A2;UGT2A1,1.0,False
KEGG,9,AXON GUIDANCE,0.9984655742085184,8,699,171,6576,EPHB6;GDF7;MAPK3;PIK3R3;RGS3;SEMA3C;SEMA4B;SLTM,1.0,False
KEGG,9,COBALAMIN TRANSPORT AND METABOLISM,1.0,0,699,17,6576,,1.0,False
KEGG,9,GLYCOSAMINOGLYCAN BIOSYNTHESIS - KERATAN SULFATE,1.0,0,699,13,6576,,1.0,False
KEGG,9,OTHER GLYCAN DEGRADATION,1.0,0,699,16,6576,,1.0,False
KEGG,9,PHOSPHONATE AND PHOSPHINATE METABOLISM,1.0,0,699,6,6576,,1.0,False
KEGG,9,RENIN-ANGIOTENSIN SYSTEM,1.0,0,699,20,6576,,1.0,False
KEGG,9,"VIRION - EBOLAVIRUS, LYSSAVIRUS AND MORBILLIVIRUS",1.0,0,699,8,6576,,1.0,False
KEGG,10,"VIRION - EBOLAVIRUS, LYSSAVIRUS AND MORBILLIVIRUS",0.003925788431237475,4,616,8,6576,ASGR1;CHRNA1;NCAM2;NECTIN4,0.6781058586910612,False
KEGG,10,INTESTINAL IMMUNE NETWORK FOR IGA PRODUCTION,0.004106755694287309,8,616,29,6576,ACKR4;AICDA;CD40;CXCL12;CXCR4;HLA-DMA;ICOS;TGFB1,0.6781058586910612,False
KEGG,10,ENDOCRINE AND OTHER FACTOR-REGULATED CALCIUM REABSORPTION,0.00637691677534119,10,616,44,6576,AP2A1;ATP2B1;CLTC;DNM1;FXYD2;PLCB1;PLCB3;PLCB4;PTRH2;RAB11A,0.6781058586910612,False
KEGG,10,MELANOGENESIS,0.007794320214839784,16,616,89,6576,CALM1;CALM2;CAMK2A;CREB3L4;FZD1;FZD10;FZD5;GNAI1;GNAO1;MITF;PLCB1;PLCB3;PLCB4;TCF7L2;WNT2;WNT5B,0.6781058586910612,False
KEGG,10,CUSHING SYNDROME,0.010434377923579484,22,616,140,6576,AURKAIP1;AXIN2;CACNA1F;CACNA1H;CAMK2A;CREB3L4;FZD1;FZD10;FZD5;GNAI1;ITPR2;KCNK3;NR4A1;NR5A1;PDE11A;PLCB1;PLCB3;PLCB4;RBBP5;TCF7L2;WNT2;WNT5B,0.7262327034811321,False
KEGG,10,AXON GUIDANCE,0.016015983751370973,25,616,171,6576,ABLIM2;ABLIM3;ARHGEF12;CAMK2A;CFL2;CXCL12;CXCR4;EFNA3;EPHA8;FYN;GNAI1;ITGB1;LIMK1;NRP1;NTN3;PARD6B;PLXNB1;RGMA;SEMA3E;SEMA6B;SEMA6D;SLIT2;SMOX;VPS72;WNT5B,0.9289270575795164,False
KEGG,10,ECM-RECEPTOR INTERACTION,0.021024233520863092,14,616,83,6576,CD44;COL4A4;COL6A1;COL6A2;COL9A2;FRAS1;GP5;HSPG2;ITGA11;ITGA8;ITGA9;ITGB1;LAMC1;VTN,0.9802261531953256,False
KEGG,10,CORTISOL SYNTHESIS AND SECRETION,0.02638877719853863,10,616,54,6576,CACNA1F;CACNA1H;CREB3L4;ITPR2;KCNK3;NR4A1;NR5A1;PLCB1;PLCB3;PLCB4,0.9802261531953256,False
KEGG,10,CELL ADHESION MOLECULE (CAM) INTERACTION,0.03198657330569369,18,616,121,6576,CADM3;CD226;CD40;CLDN10;CLDN3;GLG1;HLA-DMA;ICAM2;ICOS;ITGA8;ITGA9;ITGB1;NCAM2;NFASC;PTPRD;PTPRS;SDC3;VTCN1,0.9802261531953256,False
KEGG,10,AFRICAN TRYPANOSOMIASIS,0.03546641364016135,6,616,27,6576,FASLG;IL1B;PLCB1;PLCB3;PLCB4;THOP1,0.9802261531953256,False
KEGG,10,HUMAN CYTOMEGALOVIRUS INFECTION,0.03612769585100375,25,616,184,6576,AKT1;ARHGEF1;ARHGEF12;CALM1;CALM2;CREB3L4;CXCL12;CXCR4;FASLG;GNAI1;GNAO1;GNGT1;IL1B;IRF3;ITPR2;MAPK12;MDM2;MTOR;NFKBIA;PLCB1;PLCB3;PLCB4;PXDN;TAPBP;TSC2,0.9802261531953256,False
KEGG,10,ALDOSTERONE SYNTHESIS AND SECRETION,0.03689619032737778,13,616,81,6576,ATP2B1;CACNA1F;CACNA1H;CALM1;CALM2;CAMK2A;CREB3L4;ITPR2;KCNK3;NR4A1;PLCB1;PLCB3;PLCB4,0.9802261531953256,False
KEGG,10,HUMAN IMMUNODEFICIENCY VIRUS 1 INFECTION,0.04498850272732909,23,616,170,6576,AKT1;AP1B1;AP1S1;AP1S3;BAD;CALM1;CALM2;CFL2;CHEK1;CXCR4;FASLG;GNAI1;GNAO1;GNGT1;IRF3;ITPR2;LIMK1;MAPK12;MTOR;NFKBIA;PXDN;TAPBP;VPS72,0.9802261531953256,False
KEGG,10,PYRIMIDINE METABOLISM,0.045042092168995504,9,616,51,6576,ACOD1;AK9;CMPK2;DCK;DCTPP1;DUT;ENTPD8;SCO2;UMPS,0.9802261531953256,False
KEGG,10,LYSOSOME,0.05420835333516639,17,616,120,6576,ABCB9;AP1B1;AP1S1;AP1S3;AP4S1;CLN5;CLTC;CTNS;CTSA;CTSZ;GAA;GNPTG;MANBA;NAGPA;NCOA7;SLC11A2;WDR7,0.9802261531953256,False
KEGG,10,RENIN SECRETION,0.0607361711354169,10,616,62,6576,ADORA1;CACNA1F;CALM1;CALM2;GNAI1;ITPR2;PDE1A;PLCB1;PLCB3;PLCB4,0.9802261531953256,False
KEGG,10,CYSTEINE AND METHIONINE METABOLISM,0.06132097214560344,8,616,46,6576,DNMT1;GCLC;IL4I1;LDHA;LDHB;MAT2A;MDH1;PHGDH,0.9802261531953256,False
KEGG,10,HYPERTROPHIC CARDIOMYOPATHY,0.0622924653173565,14,616,96,6576,CACNA1F;CACNA2D4;CACNG6;ITGA11;ITGA8;ITGA9;ITGB1;MYH7;SGCA;SGCB;SGCE;TGFB1;TPM3;TTR,0.9802261531953256,False
KEGG,10,STEROID HORMONE BIOSYNTHESIS,0.06431526413473114,6,616,31,6576,HSD17B2;HSD17B3;SRD5A3;SULT1E1;SULT2B1;TOMT,0.9802261531953256,False
KEGG,10,ASTHMA,0.06784340746877837,4,616,17,6576,CCL11;CD40;HLA-DMA;PLPPR3,0.9802261531953256,False
KEGG,10,VIRAL MYOCARDITIS,0.06813221712514095,8,616,47,6576,CD40;EIF4G3;FYN;HLA-DMA;MYH7;SGCA;SGCB;SGCE,0.9802261531953256,False
KEGG,10,CYTOSKELETON IN MUSCLE CELLS,0.07249175423477304,27,616,216,6576,ACTN3;AMPD3;COL4A4;COL6A1;COL6A2;COL9A2;FBN2;HSPG2;ITGA11;ITGA8;ITGA9;ITGB1;LMOD2;MYBPC1;MYH7;MYH8;MYL7;MYOM2;SDC3;SGCA;SGCB;SGCE;SPTBN1;SYNE1;SYNPO2;TPM3;TTR,0.9802261531953256,False
KEGG,10,DILATED CARDIOMYOPATHY,0.07660927381176068,14,616,99,6576,CACNA1F;CACNA2D4;CACNG6;ITGA11;ITGA8;ITGA9;ITGB1;MYH7;SGCA;SGCB;SGCE;TGFB1;TPM3;TTR,0.9802261531953256,False
KEGG,10,MOTOR PROTEINS,0.07687437618389921,22,616,171,6576,DCTN1;DCTN2;DNAI4;DNALI1;DYNC1H1;DYNC1LI1;DYNC2LI1;DYNLT4;KIF15;KIF18B;KIF19;KIF5B;MYH7;MYH8;MYL6B;MYL7;MYO18A;MYO5C;MYO7A;TPM3;TUBA1A;TUBG1,0.9802261531953256,False
KEGG,10,GASTRIC ACID SECRETION,0.0788488357560437,10,616,65,6576,CALM1;CALM2;CAMK2A;EZR;GNAI1;ITPR2;KCNK10;PLCB1;PLCB3;PLCB4,0.9802261531953256,False
KEGG,10,VASOPRESSIN-REGULATED WATER REABSORPTION,0.08382576775294093,7,616,41,6576,CREB3L4;DCTN1;DCTN2;DYNC1H1;DYNC1LI1;DYNC2LI1;RAB11A,0.9802261531953256,False
KEGG,10,THYROID HORMONE SYNTHESIS,0.08555529324998197,10,616,66,6576,ASGR1;CREB3L4;FXYD2;GPX8;ITPR2;PLCB1;PLCB3;PLCB4;SERPINA7;TTR,0.9802261531953256,False
KEGG,10,VITAMIN DIGESTION AND ABSORPTION,0.08988386407855652,5,616,26,6576,ABCD4;RIMBP2;SLC19A1;SP8;TCN2,0.9802261531953256,False
KEGG,10,ARRHYTHMOGENIC RIGHT VENTRICULAR CARDIOMYOPATHY,0.09070342838953335,12,616,84,6576,ACTN3;CACNA1F;CACNA2D4;CACNG6;ITGA11;ITGA8;ITGA9;ITGB1;SGCA;SGCB;SGCE;TCF7L2,0.9802261531953256,False
KEGG,10,GLUCAGON SIGNALING PATHWAY,0.09208810619167311,13,616,93,6576,AKT1;CALM1;CALM2;CAMK2A;CREB3L4;ITPR2;LDHA;LDHB;PCK2;PDHA2;PLCB1;PLCB3;PLCB4,0.9802261531953256,False
KEGG,10,ADRENERGIC SIGNALING IN CARDIOMYOCYTES,0.09251757845697407,18,616,138,6576,AKT1;ATP2B1;CACNA1F;CACNA2D4;CACNG6;CALM1;CALM2;CAMK2A;CREB3L4;FXYD2;GNAI1;MAPK12;MYH7;PLCB1;PLCB3;PLCB4;SCN1B;TPM3,0.9802261531953256,False
KEGG,10,PERTUSSIS,0.09642010289152214,9,616,59,6576,CALM1;CALM2;CFL2;GNAI1;IL1B;IRF3;ITGB1;MAPK12;VPS72,0.9802261531953256,False
KEGG,10,CHOLINERGIC SYNAPSE,0.09878554995684985,14,616,103,6576,AKT1;CACNA1F;CAMK2A;CHRM2;CREB3L4;FYN;GNAI1;GNAO1;GNGT1;ITPR2;KCNQ3;PLCB1;PLCB3;PLCB4,0.9802261531953256,False
KEGG,10,RIG-I-LIKE RECEPTOR SIGNALING PATHWAY,0.0998449047264848,8,616,51,6576,ATG5;DDX3X;DHX58;IRF3;IRF7;MAP3K1;MAPK12;NFKBIA,0.9802261531953256,False
KEGG,10,DOPAMINERGIC SYNAPSE,0.10428881735968401,16,616,122,6576,AKT1;CALM1;CALM2;CAMK2A;CREB3L4;GNAI1;GNAO1;GNGT1;ITPR2;KIF5B;MAPK12;PLCB1;PLCB3;PLCB4;SCN1A;TOMT,0.9802261531953256,False
KEGG,10,PROTEOGLYCANS IN CANCER,0.10512061567918969,23,616,187,6576,AKT1;ARHGEF1;ARHGEF12;CAMK2A;CD44;CTTN;EZR;FASLG;FZD1;FZD10;FZD5;HSPG2;ITGB1;ITPR2;MAPK12;MDM2;MTOR;PXDN;SMOX;TGFB1;VTN;WNT2;WNT5B,0.9802261531953256,False
KEGG,10,INFLAMMATORY MEDIATOR REGULATION OF TRP CHANNELS,0.11077850335987119,12,616,87,6576,CALM1;CALM2;CAMK2A;HTR2A;IL1B;ITPR2;MAPK12;PLA2G4E;PLCB1;PLCB3;PLCB4;TRPA1,0.9802261531953256,False
KEGG,10,THYROID HORMONE SIGNALING PATHWAY,0.11079379385942494,15,616,114,6576,AKT1;BAD;FXYD2;KAT2A;MBD4;MDM2;MED13;MED13L;MTOR;MYH7;PLCB1;PLCB3;PLCB4;RCAN1;TSC2,0.9802261531953256,False
KEGG,10,TERPENOID BACKBONE BIOSYNTHESIS,0.11083161286073853,4,616,20,6576,FDPS;MVD;MVK;PMVK,0.9802261531953256,False
KEGG,10,CITRATE CYCLE (TCA CYCLE),0.11541542920627758,5,616,28,6576,ACLY;DLST;MDH1;PCK2;PDHA2,0.9802261531953256,False
KEGG,10,INTEGRIN SIGNALING,0.11911277889308641,18,616,143,6576,AKT1;COL4A4;COL6A1;COL6A2;COL9A2;FLT4;FRAS1;ICAM2;ITGA11;ITGA8;ITGA9;ITGB1;LAMC1;MTOR;PXDN;TGFB1;VEGFC;VTN,0.9802261531953256,False
KEGG,10,PLATELET ACTIVATION,0.12349771259129504,15,616,116,6576,AKT1;APBB1IP;ARHGEF1;ARHGEF12;FYN;GNAI1;GP5;ITGB1;ITPR2;MAPK12;PLA2G4E;PLCB1;PLCB3;PLCB4;RASGRP1,0.9802261531953256,False
KEGG,10,GNRH SIGNALING PATHWAY,0.12518188209879802,11,616,80,6576,CACNA1F;CALM1;CALM2;CAMK2A;ITPR2;MAP3K1;MAPK12;PLA2G4E;PLCB1;PLCB3;PLCB4,0.9802261531953256,False
KEGG,10,PROXIMAL TUBULE BICARBONATE RECLAMATION,0.1273110410882406,4,616,21,6576,CA4;FXYD2;MDH1;PCK2,0.9802261531953256,False
KEGG,10,VASCULAR SMOOTH MUSCLE CONTRACTION,0.13015484929346477,15,616,117,6576,ADORA2B;ARHGEF1;ARHGEF12;CACNA1F;CALM1;CALM2;ITPR2;KCNMB4;MYL6B;PLA2G2E;PLA2G4E;PLCB1;PLCB3;PLCB4;RAMP3,0.9802261531953256,False
KEGG,10,GLUTAMATERGIC SYNAPSE,0.1315145801582885,14,616,108,6576,GNAI1;GNAO1;GNGT1;GRIK5;GRM2;GRM5;GRM8;ITPR2;PLA2G4E;PLCB1;PLCB3;PLCB4;SHANK1;SLC17A6,0.9802261531953256,False
KEGG,10,GRAFT-VERSUS-HOST DISEASE,0.13704361313102167,3,616,14,6576,FASLG;HLA-DMA;IL1B,0.9802261531953256,False
KEGG,10,PHENYLALANINE METABOLISM,0.13704361313102167,3,616,14,6576,ALDH3A1;AOC2;IL4I1,0.9802261531953256,False
KEGG,10,TYROSINE METABOLISM,0.1439857243694826,5,616,30,6576,ALDH3A1;AOC2;FAHD1;IL4I1;TOMT,0.9802261531953256,False
KEGG,10,PHOTOTRANSDUCTION,0.14474202745214368,4,616,22,6576,CALM1;CALM2;GNGT1;GRK1,0.9802261531953256,False
KEGG,10,OXYTOCIN SIGNALING PATHWAY,0.14609473880365387,17,616,138,6576,CACNA1F;CACNA2D4;CACNG6;CALM1;CALM2;CAMK2A;EEF2;GNAI1;GNAO1;ITPR2;MYL6B;OXT;PLA2G4E;PLCB1;PLCB3;PLCB4;RCAN1,0.9802261531953256,False
KEGG,10,CARBOHYDRATE DIGESTION AND ABSORPTION,0.15308752135938905,6,616,39,6576,AKT1;FXYD2;PLCB1;PLCB3;PLCB4;SLC2A5,0.9802261531953256,False
KEGG,10,INSULIN SECRETION,0.1607327573151876,10,616,75,6576,CACNA1F;CAMK2A;CREB3L4;FFAR1;FXYD2;KCNMB4;PLCB1;PLCB3;PLCB4;TRPM4,0.9802261531953256,False
KEGG,10,TYPE I DIABETES MELLITUS,0.16304060173731197,4,616,23,6576,FASLG;HLA-DMA;IL1B;LTA,0.9802261531953256,False
KEGG,10,PROTEIN PROCESSING IN ENDOPLASMIC RETICULUM,0.16633148388621447,19,616,160,6576,DNAJA1;DNAJB2;DNAJC1;DNAJC5B;EDEM2;MARCHF6;MBTPS1;NFE2L2;OS9;PRKN;SEC24C;SEC61B;SIL1;SSR1;SSR3;SYVN1;UBE2D3;UGGT2;VCP,0.9802261531953256,False
KEGG,10,PHOSPHATIDYLINOSITOL SIGNALING SYSTEM,0.16676048609874608,12,616,94,6576,CALM1;CALM2;DGKK;IMPA2;IPMK;ITPR2;MTMR2;MTMR6;PIK3C2G;PLCB1;PLCB3;PLCB4,0.9802261531953256,False
KEGG,10,TOXOPLASMOSIS,0.16676048609874608,12,616,94,6576,AKT1;BAD;BIRC2;CD40;GNAI1;GNAO1;HLA-DMA;ITGB1;LAMC1;MAPK12;NFKBIA;TGFB1,0.9802261531953256,False
KEGG,10,BASE EXCISION REPAIR,0.16681775090398657,6,616,40,6576,MBD4;PCNA;POLD2;SLC19A1;TDP1;UNG,0.9802261531953256,False
KEGG,10,HUMAN PAPILLOMAVIRUS INFECTION,0.168746412965568,32,616,287,6576,AKT1;ATP6V1B1;ATP6V1C2;AXIN2;BAD;COL4A4;COL6A1;COL6A2;COL9A2;CREB3L4;FASLG;FZD1;FZD10;FZD5;HEYL;IRF3;ITGA11;ITGA8;ITGA9;ITGB1;LAMC1;MDM2;MTOR;PALS1;PARD6B;PXDN;TCF7L2;TSC2;TUBG1;VTN;WNT2;WNT5B,0.9802261531953256,False
KEGG,10,PATHOGENIC ESCHERICHIA COLI INFECTION,0.16902039717260534,20,616,170,6576,ACTR3;ARHGEF1;ARHGEF12;ARHGEF2;BAIAP2L1;CLDN10;CLDN3;CTTN;EZR;FASLG;FYN;IL1B;ITGB1;LPAR4;MAPK12;MYO5C;NFKBIA;SEC24C;TJP1;TUBA1A,0.9802261531953256,False
KEGG,10,GNRH SECRETION,0.17182125099113466,8,616,58,6576,AKT1;CACNA1F;CACNA1H;HCN3;ITPR2;PLCB1;PLCB3;PLCB4,0.9802261531953256,False
KEGG,10,SHIGELLOSIS,0.1769433595714037,24,616,210,6576,ACTR3;AKT1;ARHGEF2;ATG5;BNIP3;CD44;CTTN;IL1B;IRF3;ITGB1;ITPR2;MAP1LC3A;MAPK12;MDM2;MTOR;MYL7;NFKBIA;PIK3R4;PLCB1;PLCB3;PLCB4;PXDN;SEPTIN9;UBE2D3,0.9931659537233627,False
KEGG,10,LONG-TERM POTENTIATION,0.18364888206558339,8,616,59,6576,CALM1;CALM2;CAMK2A;GRM5;ITPR2;PLCB1;PLCB3;PLCB4,1.0,False
KEGG,10,LEGIONELLOSIS,0.19573568106982095,6,616,42,6576,BNIP3;COLEC11;EEF1G;IL1B;NFKBIA;VCP,1.0,False
KEGG,10,NOD-LIKE RECEPTOR SIGNALING PATHWAY,0.19878612040475507,15,616,126,6576,ATG5;BIRC2;DNM1L;IL1B;IRF3;IRF7;ITPR2;MAP1LC3A;MAPK12;NFKBIA;NOD2;PLCB1;PLCB3;PLCB4;TRIP6,1.0,False
KEGG,10,BASAL CELL CARCINOMA,0.20830627045128183,8,616,61,6576,AXIN2;FZD1;FZD10;FZD5;SMOX;TCF7L2;WNT2;WNT5B,1.0,False
KEGG,10,CIRCADIAN ENTRAINMENT,0.20857966752423648,11,616,89,6576,CACNA1H;CALM1;CALM2;CAMK2A;GNAI1;GNAO1;GNGT1;MTNR1B;PLCB1;PLCB3;PLCB4,1.0,False
KEGG,10,ALLOGRAFT REJECTION,0.208961706598953,3,616,17,6576,CD40;FASLG;HLA-DMA,1.0,False
KEGG,10,COBALAMIN TRANSPORT AND METABOLISM,0.208961706598953,3,616,17,6576,ABCD4;TCN2;ZNF143,1.0,False
KEGG,10,PHOSPHOLIPASE D SIGNALING PATHWAY,0.21032456570573693,16,616,137,6576,AGPAT1;AKT1;DGKK;DNM1;FYN;GRM2;GRM5;GRM8;LPAR4;MTOR;PLA2G4E;PLCB1;PLCB3;PLCB4;RALGDS;TSC2,1.0,False
KEGG,10,ESTROGEN SIGNALING PATHWAY,0.21272222296137044,14,616,118,6576,AKT1;CALM1;CALM2;CREB3L4;GNAI1;GNAO1;GREB1;ITPR2;KRT14;KRT18;KRT36;PLCB1;PLCB3;PLCB4,1.0,False
KEGG,10,PEROXISOME,0.21301238402343917,10,616,80,6576,ABCD3;ABCD4;ECH1;FAR1;GSTK1;MVK;PEX5;PMVK;SLC25A17;ZNF260,1.0,False
KEGG,10,PATHWAYS OF NEURODEGENERATION - MULTIPLE DISEASES,0.21856941509142125,43,616,407,6576,AMBRA1;AXIN2;BAD;CACNA1F;CALM1;CALM2;CAMK2A;CCS;CDK5R1;COX6A2;DCTN1;DCTN2;DNALI1;FASLG;FZD1;FZD10;FZD5;GPR37;GPX8;GRM5;IFT57;IL1B;ITPR2;KIF5B;MAP1LC3A;MAPK12;MTOR;NDUFA11;NDUFB1;PIK3R4;PLCB1;PLCB3;PLCB4;PRKN;PSMB3;PSMB7;PSMD6;SNCAIP;TUBA1A;ULK1;VCP;WNT2;WNT5B,1.0,False
KEGG,10,CHAGAS DISEASE,0.219069839344992,11,616,90,6576,AKT1;FASLG;GNAI1;GNAO1;IL1B;MAPK12;NFKBIA;PLCB1;PLCB3;PLCB4;TGFB1,1.0,False
KEGG,10,CYTOSOLIC DNA-SENSING PATHWAY,0.22430383833714074,7,616,53,6576,IL1B;IRF3;IRF7;NFKBIA;POLR2E;POLR3C;POLR3D,1.0,False
KEGG,10,FANCONI ANEMIA PATHWAY,0.22636585524955713,6,616,44,6576,BRCA2;FANCA;FANCC;REV3L;RMI1;TOP3B,1.0,False
KEGG,10,GLUTATHIONE METABOLISM,0.22636585524955713,6,616,44,6576,CHAC1;GCLC;GPX8;GSTK1;PHGDH;SLC25A21,1.0,False
KEGG,10,CGMP-PKG SIGNALING PATHWAY,0.22935478650464805,17,616,149,6576,ADORA1;AKT1;ATP2B1;BAD;CACNA1F;CALM1;CALM2;CREB3L4;FXYD2;GNAI1;ITPR2;KCNMB4;MEF2B;MYH7;PLCB1;PLCB3;PLCB4,1.0,False
KEGG,10,SALIVARY SECRETION,0.23417227213772235,8,616,63,6576,ATP2B1;CALM1;CALM2;FXYD2;ITPR2;PLCB1;PLCB3;PLCB4,1.0,False
KEGG,10,HERPES SIMPLEX VIRUS 1 INFECTION,0.24300108017972263,15,616,131,6576,AKT1;BAD;BIRC2;EIF2B5;FASLG;HLA-DMA;IL1B;IRF3;IRF7;LTA;MTOR;NFKBIA;TAPBP;TNFSF14;TSC2,1.0,False
KEGG,10,HIPPO SIGNALING PATHWAY - MULTIPLE SPECIES,0.2431187737790942,4,616,27,6576,FAT4;FRMD6;RASSF2;RASSF6,1.0,False
KEGG,10,IGSF CAM SIGNALING,0.2493158497306684,28,616,261,6576,ACTR3;AKT1;CABLES1;CADM3;CASK;CD226;EZR;FYN;GIT1;GLDN;ICAM2;ITGB1;KCNQ3;MAPK12;MYL6B;NCAM2;NECTIN4;NFASC;NRP1;PARD6B;PPFIA3;PTPRD;PTPRS;PXDN;SLIT2;SPTBN1;TJP1;TUBA1A,1.0,False
KEGG,10,RETROGRADE ENDOCANNABINOID SIGNALING,0.2522871404791299,15,616,132,6576,CACNA1F;GNAI1;GNAO1;GNGT1;GRM5;ITPR2;MAPK12;NAPEPLD;NDUFA11;NDUFB1;PLCB1;PLCB3;PLCB4;SLC17A6;SLC32A1,1.0,False
KEGG,10,LONG-TERM DEPRESSION,0.2532037727812749,7,616,55,6576,GNAI1;GNAO1;ITPR2;PLA2G4E;PLCB1;PLCB3;PLCB4,1.0,False
KEGG,10,OLFACTORY TRANSDUCTION,0.26256450014322397,5,616,37,6576,CALM1;CALM2;CAMK2A;NCALD;PDE1A,1.0,False
KEGG,10,PYRUVATE METABOLISM,0.26256450014322397,5,616,37,6576,LDHA;LDHB;MDH1;PCK2;PDHA2,1.0,False
KEGG,10,C-TYPE LECTIN RECEPTOR SIGNALING PATHWAY,0.2744532029440206,11,616,95,6576,AKT1;ARHGEF12;CALM1;CALM2;EGR2;IL17D;IL1B;ITPR2;MAPK12;MDM2;NFKBIA,1.0,False
KEGG,10,RIBOSOME BIOGENESIS IN EUKARYOTES,0.27487524642178346,8,616,66,6576,GNL3;LSG1;MDN1;NMD3;NXT1;RRP7A;SNU13;UTP6,1.0,False
KEGG,10,HEPATITIS B,0.2809155827534584,15,616,135,6576,AKT1;BAD;CREB3L4;DDX3X;EGR2;FASLG;HSPG2;IRF3;IRF7;MAP3K1;MAPK12;NFKBIA;PCNA;TGFB1;YWHAB,1.0,False
KEGG,10,NUCLEOCYTOPLASMIC TRANSPORT,0.28340680220242004,10,616,86,6576,NMD3;NUP153;NUP155;NUP188;NUP210;NUP54;NUP85;NXT1;RANBP2;SNUPN,1.0,False
KEGG,10,AUTOIMMUNE THYROID DISEASE,0.2870781568403519,3,616,20,6576,CD40;FASLG;HLA-DMA,1.0,False
KEGG,10,RENIN-ANGIOTENSIN SYSTEM,0.2870781568403519,3,616,20,6576,CTSA;ENPEP;THOP1,1.0,False
KEGG,10,RHEUMATOID ARTHRITIS,0.28886338176544096,8,616,67,6576,ATP6V1B1;ATP6V1C2;CXCL12;HLA-DMA;IL11;IL1B;PTRH2;TGFB1,1.0,False
KEGG,10,VIRAL LIFE CYCLE - HIV-1,0.29156921602984126,6,616,48,6576,CHMP6;CXCR4;KAT2A;NELFE;NUP153;RANBP2,1.0,False
KEGG,10,GAP JUNCTION,0.2929052555001943,9,616,77,6576,GNAI1;GRM5;HTR2A;ITPR2;PLCB1;PLCB3;PLCB4;TJP1;TUBA1A,1.0,False
KEGG,10,ENDOCYTOSIS,0.29575526887924336,23,616,217,6576,ACAP2;ACTR3;AP2A1;ARFGEF1;CHMP1B;CHMP6;CLTC;CXCR4;DNM1;EEA1;EHD4;EPS15L1;GIT1;GRK1;GRK6;KIF5B;LDLRAP1;MDM2;PARD6B;PTGES2;RAB11A;RAB11FIP2;SNX12,1.0,False
KEGG,10,LEISHMANIASIS,0.29840991986348064,7,616,58,6576,HLA-DMA;IL1B;ITGB1;MAPK12;MARCKSL1;NFKBIA;TGFB1,1.0,False
KEGG,10,RELAXIN SIGNALING PATHWAY,0.2999545343389186,13,616,117,6576,AKT1;COL4A4;CREB3L4;GNAI1;GNAO1;GNGT1;MAPK12;NFKBIA;PLCB1;PLCB3;PLCB4;TGFB1;VEGFC,1.0,False
KEGG,10,RAP1 SIGNALING PATHWAY,0.30588726866467414,21,616,198,6576,ADORA2B;AKT1;APBB1IP;CALM1;CALM2;EFNA3;FGF5;FGF9;FLT4;GNAI1;GNAO1;ITGB1;LPAR4;MAPK12;PARD6B;PLCB1;PLCB3;PLCB4;RALGDS;RAP1GAP;VEGFC,1.0,False
KEGG,10,AUTOPHAGY - OTHER,0.30786293424149214,4,616,30,6576,ATG4B;ATG5;MTOR;PIK3R4,1.0,False
KEGG,10,MTOR SIGNALING PATHWAY,0.31010951358006617,16,616,148,6576,AKT1;ATP6V1B1;ATP6V1C2;CAB39;FZD1;FZD10;FZD5;LAMTOR4;LPIN1;MTOR;PRR5;TSC2;ULK1;WDR24;WNT2;WNT5B,1.0,False
KEGG,10,AMYOTROPHIC LATERAL SCLEROSIS,0.3135026119639983,31,616,301,6576,AMBRA1;BAD;CCS;CHCHD10;COX6A2;DCTN1;DCTN2;DNALI1;GPX8;KIF5B;MAP1LC3A;MAPK12;MTOR;NDUFA11;NDUFB1;NUP153;NUP155;NUP188;NUP210;NUP54;NUP85;NXT1;PIK3R4;PRKN;PSMB3;PSMB7;PSMD6;RANBP2;TUBA1A;ULK1;VCP,1.0,False
KEGG,10,MISMATCH REPAIR,0.31370600946570376,3,616,21,6576,PCNA;POLD2;SLC19A1,1.0,False
KEGG,10,PATHWAYS IN CANCER,0.31956448316731206,47,616,467,6576,AKT1;ARHGEF1;ARHGEF12;AXIN2;BAD;BIRC2;BRCA2;CALM1;CALM2;CAMK2A;COL4A4;CXCL12;CXCR4;FASLG;FGF5;FGF9;FLT4;FZD1;FZD10;FZD5;GNAI1;GNGT1;HEYL;IL5RA;ITGB1;LAMC1;LONP1;LPAR4;MDM2;MITF;MTOR;NFE2L2;NFKBIA;PLCB1;PLCB3;PLCB4;PPARD;RALGDS;RASGRP1;RUNX1T1;SMOX;TCF7L2;TGFB1;TPM3;VEGFC;WNT2;WNT5B,1.0,False
KEGG,10,TIGHT JUNCTION,0.31982436796507907,16,616,149,6576,ACTR3;AMOTL1;ARHGEF2;CLDN10;CLDN3;CTTN;EZR;ITGB1;MAP3K1;MYL6B;PALS1;PARD6B;PCNA;SYMPK;TJP1;TUBA1A,1.0,False
KEGG,10,VIRAL PROTEIN INTERACTION WITH CYTOKINE AND CYTOKINE RECEPTOR,0.3294489502939989,7,616,60,6576,ACKR4;CCL11;CXCL12;CXCR4;IL20RB;LTA;TNFSF14,1.0,False
KEGG,10,PRIMARY IMMUNODEFICIENCY,0.32987122572581407,4,616,31,6576,AICDA;CD40;ICOS;UNG,1.0,False
KEGG,10,ALZHEIMER DISEASE,0.33001922092845953,33,616,324,6576,AKT1;AMBRA1;AXIN2;BAD;CACNA1F;CALM1;CALM2;CDK5R1;COX6A2;FZD1;FZD10;FZD5;GRM5;IDE;IL1B;ITPR2;KIF5B;MTOR;NDUFA11;NDUFB1;PIK3R4;PLCB1;PLCB3;PLCB4;PSMB3;PSMB7;PSMD6;SLC11A2;SLC39A12;TUBA1A;ULK1;WNT2;WNT5B,1.0,False
KEGG,10,NON-HOMOLOGOUS END-JOINING,0.34753864840059123,2,616,13,6576,LIG4;XRCC4,1.0,False
KEGG,10,PANCREATIC SECRETION,0.36033412178492547,9,616,82,6576,ATP2B1;FXYD2;ITPR2;PLA2G2E;PLCB1;PLCB3;PLCB4;RAB11A;SCTR,1.0,False
KEGG,10,ACUTE MYELOID LEUKEMIA,0.36094137653419606,7,616,62,6576,AKT1;BAD;LONP1;MTOR;PPARD;RUNX1T1;TCF7L2,1.0,False
KEGG,10,CENTRAL CARBON METABOLISM IN CANCER,0.36094137653419606,7,616,62,6576,AKT1;LDHA;LDHB;MTOR;PDHA2;SCO2;SIRT3,1.0,False
KEGG,10,UBIQUITIN MEDIATED PROTEOLYSIS,0.36386438581785724,14,616,133,6576,BIRC2;CDC20;CDC26;FBXW8;KLHL9;MAP3K1;MDM2;PRKN;SYVN1;UBA2;UBE2D3;UBE2F;UBE2K;UBE2O,1.0,False
KEGG,10,DNA REPLICATION,0.3740526390528011,4,616,33,6576,PCNA;POLD2;PRIM2;SLC19A1,1.0,False
KEGG,10,GLYCOLYSIS / GLUCONEOGENESIS,0.37729749184371525,6,616,53,6576,ADPGK;ALDH3A1;LDHA;LDHB;PCK2;PDHA2,1.0,False
KEGG,10,GLYCOSPHINGOLIPID BIOSYNTHESIS - GLOBO AND ISOGLOBO SERIES,0.38262115427885296,2,616,14,6576,A4GALT;ST3GAL2,1.0,False
KEGG,10,"PARATHYROID HORMONE SYNTHESIS, SECRETION AND ACTION",0.3826351247685796,11,616,104,6576,ARHGEF1;CREB3L4;CYP24A1;GNAI1;ITPR2;MAFB;PLCB1;PLCB3;PLCB4;PTRH2;SLC34A3,1.0,False
KEGG,10,BREAST CANCER,0.38551678372515497,14,616,135,6576,AKT1;AXIN2;BRCA2;FGF5;FGF9;FLT4;FZD1;FZD10;FZD5;HEYL;MTOR;TCF7L2;WNT2;WNT5B,1.0,False
KEGG,10,APELIN SIGNALING PATHWAY,0.38861080909748386,13,616,125,6576,AKT1;CALM1;CALM2;GNAI1;GNGT1;ITPR2;MAP1LC3A;MEF2B;MTOR;PIK3R4;PLCB1;PLCB3;PLCB4,1.0,False
KEGG,10,PHAGOSOME,0.39177490096019807,12,616,115,6576,ATP6V1B1;ATP6V1C2;COLEC11;DYNC1H1;DYNC1LI1;EEA1;HLA-DMA;ITGB1;PRICKLE1;RAB7B;SEC61B;TUBA1A,1.0,False
KEGG,10,NICOTINATE AND NICOTINAMIDE METABOLISM,0.39608232014834244,4,616,34,6576,ASPDH;NADK;NNMT;SIRT3,1.0,False
KEGG,10,GASTRIC CANCER,0.39639831593636393,14,616,136,6576,AKT1;AXIN2;CDX2;FGF5;FGF9;FZD1;FZD10;FZD5;MTOR;REG4;TCF7L2;TGFB1;WNT2;WNT5B,1.0,False
KEGG,10,AGE-RAGE SIGNALING PATHWAY IN DIABETIC COMPLICATIONS,0.3983143214847969,10,616,95,6576,AKT1;COL4A4;IL1B;LONP1;MAPK12;PLCB1;PLCB3;PLCB4;TGFB1;VEGFC,1.0,False
KEGG,10,SEROTONERGIC SYNAPSE,0.3983143214847969,10,616,95,6576,CACNA1F;GNAI1;GNAO1;GNGT1;HTR2A;ITPR2;PLA2G4E;PLCB1;PLCB3;PLCB4,1.0,False
KEGG,10,REGULATION OF ACTIN CYTOSKELETON,0.4007225629743856,21,616,209,6576,ACTR3;AKT1;ARHGEF1;ARHGEF12;CFL2;CHRM2;CXCL12;CXCR4;EZR;FGF5;FGF9;GIT1;ITGA11;ITGA8;ITGA9;ITGB1;LIMK1;LPAR4;MYL7;PXDN;VPS72,1.0,False
KEGG,10,CARDIAC MUSCLE CONTRACTION,0.4051022175189092,8,616,75,6576,CACNA1F;CACNA2D4;CACNG6;COX6A2;FXYD2;HRC;MYH7;TPM3,1.0,False
KEGG,10,PPAR SIGNALING PATHWAY,0.40854452303384725,7,616,65,6576,ACADM;APOA5;CYP27A1;FABP5;NR1H3;PCK2;PPARD,1.0,False
KEGG,10,HIPPO SIGNALING PATHWAY,0.4140148113951437,15,616,148,6576,AXIN2;BIRC2;FRMD6;FZD1;FZD10;FZD5;PALS1;PARD6B;RASSF6;SMAD7;TCF7L2;TGFB1;WNT2;WNT5B;YWHAB,1.0,False
KEGG,10,VIBRIO CHOLERAE INFECTION,0.4151959922484681,5,616,45,6576,ATP6V1B1;ATP6V1C2;KDELR1;SEC61B;TJP1,1.0,False
KEGG,10,"GROWTH HORMONE SYNTHESIS, SECRETION AND ACTION",0.4198184346618296,11,616,107,6576,AKT1;CACNA1F;CREB3L4;GNAI1;ITPR2;MAP3K1;MAPK12;MTOR;PLCB1;PLCB3;PLCB4,1.0,False
KEGG,10,SYNAPTIC VESICLE CYCLE,0.4198428945032174,8,616,76,6576,AP2A1;ATP6V1B1;ATP6V1C2;CLTC;DNM1;SLC17A6;SLC32A1;SLC6A11,1.0,False
KEGG,10,PROSTATE CANCER,0.42442919059460776,10,616,97,6576,AKT1;BAD;CREB3L4;ERG;GRM5;MDM2;MTOR;NFKBIA;SLC19A1;TCF7L2,1.0,False
KEGG,10,CELL CYCLE,0.4245585177492559,15,616,149,6576,CDC20;CDC26;CDT1;CHEK1;ESCO2;MAD2L1BP;MDM2;ORC4;PCNA;PKMYT1;SMC1A;TGFB1;TICRR;WAPL;YWHAB,1.0,False
KEGG,10,ARACHIDONIC ACID METABOLISM,0.4343158971123528,5,616,46,6576,PLA2G2E;PLA2G4E;PRXL2B;PTGES;PTGES2,1.0,False
KEGG,10,CHOLESTEROL METABOLISM,0.4343158971123528,5,616,46,6576,APOC1;CIDEB;CYP27A1;LDLRAP1;MYLIP,1.0,False
KEGG,10,AMOEBIASIS,0.4345603019238577,8,616,77,6576,COL4A4;IL1B;LAMC1;PLCB1;PLCB3;PLCB4;RAB7B;TGFB1,1.0,False
KEGG,10,INOSITOL PHOSPHATE METABOLISM,0.4345603019238577,8,616,77,6576,IMPA2;IPMK;MTMR2;MTMR6;PIK3C2G;PLCB1;PLCB3;PLCB4,1.0,False
KEGG,10,LIPID AND ATHEROSCLEROSIS,0.4357503378214767,17,616,171,6576,AKT1;ARHGEF1;BAD;CALM1;CALM2;CAMK2A;CD40;FASLG;IL1B;IRF3;IRF7;MAPK12;NFE2L2;NFKBIA;PLCB1;PLCB3;PLCB4,1.0,False
KEGG,10,CALCIUM SIGNALING PATHWAY,0.4361193706761096,23,616,234,6576,ADORA2B;ATP2B1;CACNA1F;CACNA1H;CALM1;CALM2;CAMK2A;CHRM2;CXCR4;FGF5;FGF9;FLT4;GRM5;HRC;HTR2A;ITPR2;LHCGR;MCOLN3;PDE1A;PLCB1;PLCB3;PLCB4;VEGFC,1.0,False
KEGG,10,FERROPTOSIS,0.43969686074368725,4,616,36,6576,ATG5;GCLC;MAP1LC3A;SLC11A2,1.0,False
KEGG,10,NEUROACTIVE LIGAND SIGNALING,0.44075140640608945,18,616,182,6576,ADORA1;ADORA2B;CHRM2;GNAI1;GNAO1;GNGT1;GRIK5;GRM2;GRM5;GRM8;HTR2A;OGFRL1;PLCB1;PLCB3;PLCB4;SLC17A6;SLC32A1;SLC6A11,1.0,False
KEGG,10,OOCYTE MEIOSIS,0.4446236807182251,11,616,109,6576,CALM1;CALM2;CAMK2A;CDC20;CDC26;ITPR2;MAPK12;PKMYT1;REC8;SMC1A;YWHAB,1.0,False
KEGG,10,TNF SIGNALING PATHWAY,0.4446236807182251,11,616,109,6576,AKT1;BIRC2;CREB3L4;DNM1L;FRMD8;IL1B;LTA;MAPK12;NFKBIA;NOD2;VEGFC,1.0,False
KEGG,10,RNA POLYMERASE,0.445240507476726,3,616,26,6576,POLR2E;POLR3C;POLR3D,1.0,False
KEGG,10,"PHENYLALANINE, TYROSINE AND TRYPTOPHAN BIOSYNTHESIS",0.4458794158633998,1,616,6,6576,IL4I1,1.0,False
KEGG,10,VIRION - HERPESVIRUS,0.4458794158633998,1,616,6,6576,IDE,1.0,False
KEGG,10,VITAMIN B6 METABOLISM,0.4458794158633998,1,616,6,6576,PHOSPHO2,1.0,False
KEGG,10,OTHER GLYCAN DEGRADATION,0.4501255521521294,2,616,16,6576,MANBA;NEU4,1.0,False
KEGG,10,CHEMOKINE SIGNALING PATHWAY,0.4561911888858243,15,616,152,6576,ACKR4;AKT1;BAD;CCL11;CXCL12;CXCR4;GNAI1;GNGT1;GRK1;GRK6;NFKBIA;PLCB1;PLCB3;PLCB4;PXDN,1.0,False
KEGG,10,HUNTINGTON DISEASE,0.4603601025141206,25,616,258,6576,AMBRA1;AP2A1;CLTC;COX6A2;CREB3L4;DCTN1;DCTN2;DNALI1;GPX8;GRM5;IFT57;KIF5B;MTOR;NDUFA11;NDUFB1;PIK3R4;PLCB1;PLCB3;PLCB4;POLR2E;PSMB3;PSMB7;PSMD6;TUBA1A;ULK1,1.0,False
KEGG,10,HOMOLOGOUS RECOMBINATION,0.46116744990737996,4,616,37,6576,ARTN;BRCA2;POLD2;TOP3B,1.0,False
KEGG,10,SALMONELLA INFECTION,0.4628342423740728,21,616,216,6576,ACTR3;AKT1;BIRC2;DCTN1;DCTN2;DYNC1H1;DYNC1LI1;DYNC2LI1;EXOC5;EXOC7;FBXO22;IL1B;KIF5B;MAPK12;MYL7;NFKBIA;PIK3C2G;PRICKLE1;RAB7B;TCF7L2;TUBA1A,1.0,False
KEGG,10,PENTOSE PHOSPHATE PATHWAY,0.47050572418892994,3,616,27,6576,PHGDH;PRPS1L1;TKT,1.0,False
KEGG,10,PI3K-AKT SIGNALING PATHWAY,0.4760004962768725,30,616,313,6576,AKT1;ARTN;BAD;CHRM2;COL4A4;COL6A1;COL6A2;COL9A2;CREB3L4;EFNA3;FASLG;FGF5;FGF9;FLT4;GNGT1;ITGA11;ITGA8;ITGA9;ITGB1;LAMC1;LPAR4;MCL1;MDM2;MTOR;NR4A1;PCK2;TSC2;VEGFC;VTN;YWHAB,1.0,False
KEGG,10,TOLL-LIKE RECEPTOR SIGNALING PATHWAY,0.4783810853964464,8,616,80,6576,AKT1;CD40;IL1B;IRF3;IRF5;IRF7;MAPK12;NFKBIA,1.0,False
KEGG,10,FOLATE BIOSYNTHESIS,0.48228073155921963,2,616,17,6576,FPGS;GPHN,1.0,False
KEGG,10,SELENOCOMPOUND METABOLISM,0.48228073155921963,2,616,17,6576,MARS1;SEPHS2,1.0,False
KEGG,10,BACTERIAL INVASION OF EPITHELIAL CELLS,0.48714850829948714,7,616,70,6576,ACTR3;CLTC;CTTN;DNM1;ITGB1;PXDN;SEPTIN9,1.0,False
KEGG,10,WNT SIGNALING PATHWAY,0.4876731731581353,15,616,155,6576,AXIN2;CAMK2A;CBY1;FZD1;FZD10;FZD5;PLCB1;PLCB3;PLCB4;PPARD;PRICKLE1;TBL1XR1;TCF7L2;WNT2;WNT5B,1.0,False
KEGG,10,DRUG METABOLISM - CYTOCHROME P450,0.49523809134665403,3,616,28,6576,ALDH3A1;FMO5;GSTK1,1.0,False
KEGG,10,MUCIN TYPE O-GLYCAN BIOSYNTHESIS,0.49523809134665403,3,616,28,6576,GALNT12;GALNT9;ST3GAL2,1.0,False
KEGG,10,PROTEIN EXPORT,0.49523809134665403,3,616,28,6576,SEC11C;SEC61B;SRP14,1.0,False
KEGG,10,FOCAL ADHESION,0.49817468744494947,18,616,188,6576,AKT1;BAD;BIRC2;COL4A4;COL6A1;COL6A2;COL9A2;FLT4;FYN;ITGA11;ITGA8;ITGA9;ITGB1;LAMC1;MYL7;PXDN;VEGFC;VTN,1.0,False
KEGG,10,TRYPTOPHAN METABOLISM,0.5031869101490538,4,616,39,6576,AANAT;DLST;HAAO;IL4I1,1.0,False
KEGG,10,HEPATOCELLULAR CARCINOMA,0.5052371627146782,14,616,146,6576,AKT1;ARID2;AXIN2;BAD;FZD1;FZD10;FZD5;MTOR;NFE2L2;SMARCD3;TCF7L2;TGFB1;WNT2;WNT5B,1.0,False
KEGG,10,AMPK SIGNALING PATHWAY,0.5060095333935458,11,616,114,6576,AKT1;CAB39;CREB3L4;EEF2;MTOR;PCK2;PFKFB3;RAB2A;SLC2A4;TSC2;ULK1,1.0,False
KEGG,10,N-GLYCAN BIOSYNTHESIS,0.5090504849831344,5,616,50,6576,ALG14;ALG3;ALG6;MGAT4C;SRD5A3,1.0,False
KEGG,10,SPINOCEREBELLAR ATAXIA,0.5128834831446187,13,616,136,6576,AKT1;AMBRA1;BEAN1;ITPR2;MTOR;PIK3R4;PLCB1;PLCB3;PLCB4;PSMB3;PSMB7;PSMD6;ULK1,1.0,False
KEGG,10,BETA-ALANINE METABOLISM,0.5193794896260495,3,616,29,6576,ALDH3A1;AOC2;SMOX,1.0,False
KEGG,10,PROTEIN DIGESTION AND ABSORPTION,0.5213328675825037,8,616,83,6576,COL18A1;COL4A4;COL6A1;COL6A2;COL9A2;FXYD2;SLC3A1;SLC7A9,1.0,False
KEGG,10,ABC TRANSPORTERS,0.5236511029072408,4,616,40,6576,ABCB9;ABCD3;ABCD4;ABCG4,1.0,False
KEGG,10,VIRION - HEPATITIS VIRUSES,0.5236511029072408,4,616,40,6576,CHMP1B;CLDN10;CLDN3;HSPG2,1.0,False
KEGG,10,STAPHYLOCOCCUS AUREUS INFECTION,0.5271311781850876,5,616,51,6576,C3AR1;HLA-DMA;KRT14;KRT18;KRT36,1.0,False
KEGG,10,INFLUENZA A,0.5300861242928504,11,616,116,6576,AKT1;FASLG;FDPS;HLA-DMA;IL1B;IRF3;IRF7;NFKBIA;NXT1;RAB11A;TMPRSS4,1.0,False
KEGG,10,CELLULAR SENESCENCE,0.5349473806077081,13,616,138,6576,AKT1;ARTN;CALM1;CALM2;CHEK1;HIPK2;ITPR2;MAPK12;MDM2;MTOR;RAD9A;TGFB1;TSC2,1.0,False
KEGG,10,AUTOPHAGY - ANIMAL,0.5371796245492961,14,616,149,6576,AKT1;AMBRA1;ATG4B;ATG5;BAD;BNIP3;MAP1LC3A;MTOR;PIK3R4;RAB7B;SNAP29;TSC2;ULK1;WDFY3,1.0,False
KEGG,10,LIPOIC ACID METABOLISM,0.5429657490726424,2,616,19,6576,DLST;PDHA2,1.0,False
KEGG,10,STEROID BIOSYNTHESIS,0.5429657490726424,2,616,19,6576,CYP24A1;LMBR1,1.0,False
KEGG,10,TASTE TRANSDUCTION,0.54630154218829,6,616,63,6576,HCN4;PDE1A;PLCB1;PLCB3;PLCB4;SCN3A,1.0,False
KEGG,10,CYTOKINE-CYTOKINE RECEPTOR INTERACTION,0.5469763914208388,19,616,204,6576,ACKR4;CCL11;CD40;CERS1;CNTF;CXCL12;CXCR4;FASLG;IL11;IL16;IL17D;IL1B;IL20RB;IL36RN;IL5RA;INHBE;LTA;TGFB1;TNFSF14,1.0,False
KEGG,10,LEUKOCYTE TRANSENDOTHELIAL MIGRATION,0.5522843761119711,10,616,107,6576,CLDN10;CLDN3;CXCL12;CXCR4;EZR;GNAI1;ITGB1;MAPK12;MYL7;PXDN,1.0,False
KEGG,10,SIGNALING PATHWAYS REGULATING PLURIPOTENCY OF STEM CELLS,0.5552409835539478,12,616,129,6576,AKT1;AXIN2;ESRRB;FZD1;FZD10;FZD5;ID4;INHBE;MAPK12;WNT2;WNT5B;ZFHX3,1.0,False
KEGG,10,EPITHELIAL CELL SIGNALING IN HELICOBACTER PYLORI INFECTION,0.5621950809190448,6,616,64,6576,ATP6V1B1;ATP6V1C2;GIT1;MAPK12;NFKBIA;TJP1,1.0,False
KEGG,10,MORPHINE ADDICTION,0.5629921834582535,8,616,86,6576,ADORA1;GNAI1;GNAO1;GNGT1;GRK6;PDE11A;PDE1A;SLC32A1,1.0,False
KEGG,10,YERSINIA INFECTION,0.5654467688263347,11,616,119,6576,ACTR3;AKT1;ARHGEF1;ARHGEF12;IL1B;IRF3;ITGB1;LIMK1;MAPK12;NFKBIA;PXDN,1.0,False
KEGG,10,PROPANOATE METABOLISM,0.5657038401904456,3,616,31,6576,LDHA;LDHB;PCCB,1.0,False
KEGG,10,FOLATE TRANSPORT AND METABOLISM,0.5713977037651186,2,616,20,6576,FPGS;SLC19A1,1.0,False
KEGG,10,IL-17 SIGNALING PATHWAY,0.5769252397153062,7,616,76,6576,CCL11;IL17D;IL1B;MAPK12;MAPK4;NFKBIA;S100A8,1.0,False
KEGG,10,HEMATOPOIETIC CELL LINEAGE,0.5778205613819453,6,616,65,6576,CD44;GP5;HLA-DMA;IL11;IL1B;IL5RA,1.0,False
KEGG,10,ALCOHOLIC LIVER DISEASE,0.5886125561710909,10,616,110,6576,ACADM;AKT1;C3AR1;FASLG;IL1B;IRF3;LPIN1;MAPK12;NFKBIA;TCF7L2,1.0,False
KEGG,10,ADHERENS JUNCTION,0.5898693529756361,8,616,88,6576,FYN;MYL7;NECTIN4;PDCD10;PTPRJ;TCF7L2;TJP1;YES1,1.0,False
KEGG,10,VEGF SIGNALING PATHWAY,0.5962436994027993,5,616,55,6576,AKT1;BAD;MAPK12;PLA2G4E;PXDN,1.0,False
KEGG,10,ARGININE BIOSYNTHESIS,0.5985231452703208,2,616,21,6576,ACOD1;ASL,1.0,False
KEGG,10,GLYCOSAMINOGLYCAN BIOSYNTHESIS - CHONDROITIN SULFATE / DERMATAN SULFATE,0.5985231452703208,2,616,21,6576,B3GALT6;CSGALNACT2,1.0,False
KEGG,10,SYSTEMIC LUPUS ERYTHEMATOSUS,0.6010985356510533,4,616,44,6576,CD40;HLA-DMA;RO60;SNRPD3,1.0,False
KEGG,10,NF-KAPPA B SIGNALING PATHWAY,0.6030051852489997,8,616,89,6576,BIRC2;CD40;CXCL12;EDARADD;IL1B;LTA;NFKBIA;TNFSF14,1.0,False
KEGG,10,"VALINE, LEUCINE AND ISOLEUCINE DEGRADATION",0.6192353691537444,4,616,45,6576,ACADM;HADHB;IL4I1;PCCB,1.0,False
KEGG,10,GLIOMA,0.6229395869969006,6,616,68,6576,AKT1;CALM1;CALM2;CAMK2A;MDM2;MTOR,1.0,False
KEGG,10,MELANOMA,0.6229395869969006,6,616,68,6576,AKT1;BAD;FGF5;FGF9;MDM2;MITF,1.0,False
KEGG,10,ALPHA-LINOLENIC ACID METABOLISM,0.6243370065031999,2,616,22,6576,PLA2G2E;PLA2G4E,1.0,False
KEGG,10,LINOLEIC ACID METABOLISM,0.6243370065031999,2,616,22,6576,PLA2G2E;PLA2G4E,1.0,False
KEGG,10,INSULIN RESISTANCE,0.6257613547554728,9,616,102,6576,AKT1;CREB3L4;MLXIPL;MTOR;NFKBIA;NR1H3;PCK2;PPP1R3C;SLC2A4,1.0,False
KEGG,10,"ALANINE, ASPARTATE AND GLUTAMATE METABOLISM",0.6298151151008773,3,616,34,6576,ACOD1;ASL;IL4I1,1.0,False
KEGG,10,SPHINGOLIPID SIGNALING PATHWAY,0.6348497552554921,10,616,114,6576,ADORA1;AKT1;CERS1;FYN;GNAI1;MAPK12;PLCB1;PLCB3;PLCB4;SPTLC1,1.0,False
KEGG,10,COCAINE ADDICTION,0.6368467474434008,4,616,46,6576,CDK5R1;CREB3L4;GNAI1;GRM2,1.0,False
KEGG,10,MITOPHAGY - ANIMAL,0.641089115170113,8,616,92,6576,AMBRA1;BNIP3;MAP1LC3A;MITF;PRKN;RAB7B;ULK1;VCP,1.0,False
KEGG,10,TUBERCULOSIS,0.641167663703807,12,616,137,6576,AKT1;ARHGEF12;BAD;CALM1;CALM2;CAMK2A;EEA1;HLA-DMA;IL1B;MAPK12;NOD2;TGFB1,1.0,False
KEGG,10,COLORECTAL CANCER,0.6455669755358617,7,616,81,6576,AKT1;AXIN2;BAD;MTOR;RALGDS;TCF7L2;TGFB1,1.0,False
KEGG,10,GLYCOSPHINGOLIPID BIOSYNTHESIS - LACTO AND NEOLACTO SERIES,0.6488466144918703,2,616,23,6576,A4GALT;FUT7,1.0,False
KEGG,10,INSULIN SIGNALING PATHWAY,0.653825305653717,11,616,127,6576,AKT1;BAD;CALM1;CALM2;EXOC7;MKNK2;MTOR;PCK2;PPP1R3C;SLC2A4;TSC2,1.0,False
KEGG,10,DRUG METABOLISM - OTHER ENZYMES,0.6539211100953352,4,616,47,6576,DUT;SCO2;TPMT;UMPS,1.0,False
KEGG,10,ETHER LIPID METABOLISM,0.6539211100953352,4,616,47,6576,ENPP6;PAFAH2;PLA2G2E;PLA2G4E,1.0,False
KEGG,10,MINERAL ABSORPTION,0.6539211100953352,4,616,47,6576,ATP2B1;FXYD2;SLC11A2;SLC34A3,1.0,False
KEGG,10,THIAMINE METABOLISM,0.6613483744866893,1,616,11,6576,TPK1,1.0,False
KEGG,10,PARKINSON DISEASE,0.6741948461826774,19,616,219,6576,CALM1;CALM2;CAMK2A;COX6A2;GNAI1;GPR37;ITPR2;KIF5B;NDUFA11;NDUFB1;NFE2L2;PRKN;PSMB3;PSMB7;PSMD6;SLC11A2;SLC39A12;SNCAIP;TUBA1A,1.0,False
KEGG,10,VIRAL CARCINOGENESIS,0.6776236950726151,13,616,152,6576,BAD;CDC20;CHEK1;CREB3L4;DDX3X;EGR2;IRF3;IRF7;KAT2A;MDM2;NFKBIA;PXDN;YWHAB,1.0,False
KEGG,10,GABAERGIC SYNAPSE,0.6834592411322649,7,616,84,6576,CACNA1F;GNAI1;GNAO1;GNGT1;GPHN;SLC32A1;SLC6A11,1.0,False
KEGG,10,SPHINGOLIPID METABOLISM,0.6864279940175648,4,616,49,6576,ACER3;CERS1;NEU4;SPTLC1,1.0,False
KEGG,10,KAPOSI SARCOMA-ASSOCIATED HERPESVIRUS INFECTION,0.6868093571492937,13,616,153,6576,AKT1;CALM1;CALM2;GNGT1;IRF3;IRF7;ITPR2;MAP1LC3A;MAPK12;MTOR;NFKBIA;RCAN1;TCF7L2,1.0,False
KEGG,10,MALARIA,0.6870804492840534,3,616,37,6576,CD40;IL1B;TGFB1,1.0,False
KEGG,10,COLLECTING DUCT ACID SECRETION,0.6940310403731476,2,616,25,6576,ATP6V1B1;ATP6V1C2,1.0,False
KEGG,10,FATTY ACID ELONGATION,0.6940310403731476,2,616,25,6576,ELOVL3;HADHB,1.0,False
KEGG,10,INFLAMMATORY BOWEL DISEASE,0.7018521252379498,4,616,50,6576,HLA-DMA;IL1B;NOD2;TGFB1,1.0,False
KEGG,10,OVARIAN STEROIDOGENESIS,0.7046291408835487,3,616,38,6576,HSD17B2;LHCGR;PLA2G4E,1.0,False
KEGG,10,FC GAMMA R-MEDIATED PHAGOCYTOSIS,0.7072429699164118,7,616,86,6576,ACTR3;AKT1;CFL2;LIMK1;MARCKSL1;PLA2G4E;VPS72,1.0,False
KEGG,10,SPLICEOSOME,0.7086000480866614,10,616,121,6576,LSM3;PPIL1;PRPF31;RBM17;RBMX;SF3A1;SLU7;SNRPD3;SNU13;ZMAT2,1.0,False
KEGG,10,PANCREATIC CANCER,0.7166492403518654,6,616,75,6576,AKT1;BAD;BRCA2;MTOR;RALGDS;TGFB1,1.0,False
KEGG,10,HEDGEHOG SIGNALING PATHWAY,0.7167219930722357,4,616,51,6576,CSNK1G1;EVC2;HHAT;SMOX,1.0,False
KEGG,10,HIF-1 SIGNALING PATHWAY,0.7213739911383172,8,616,99,6576,AKT1;CAMK2A;LDHA;LDHB;MKNK2;MTOR;PDHA2;PFKFB3,1.0,False
KEGG,10,GLYCOSAMINOGLYCAN BIOSYNTHESIS - KERATAN SULFATE,0.7219231786103983,1,616,13,6576,ST3GAL2,1.0,False
KEGG,10,VIRION - LASSA VIRUS AND SFTS VIRUS,0.7219231786103983,1,616,13,6576,PCDH9,1.0,False
KEGG,10,TGF-BETA SIGNALING PATHWAY,0.7317990773128791,8,616,100,6576,CHRD;ID4;INHBE;LRRC32;RGMA;SMAD7;TGFB1;TGIF1,1.0,False
KEGG,10,NEUROTROPHIN SIGNALING PATHWAY,0.7342988072476566,9,616,112,6576,AKT1;BAD;CALM1;CALM2;CAMK2A;FASLG;MAP3K1;MAPK12;NFKBIA,1.0,False
KEGG,10,PURINE METABOLISM,0.7342988072476566,9,616,112,6576,AK3;AK9;AMPD3;DCK;DGUOK;ENTPD8;PDE11A;PDE1A;PRPS1L1,1.0,False
KEGG,10,AMINOACYL-TRNA BIOSYNTHESIS,0.7343042136285627,2,616,27,6576,GATC;MARS1,1.0,False
KEGG,10,OTHER TYPES OF O-GLYCAN BIOSYNTHESIS,0.7374509845694199,3,616,40,6576,GALNT12;GALNT9;XXYLT1,1.0,False
KEGG,10,P53 SIGNALING PATHWAY,0.7413063064379397,5,616,65,6576,CD82;CHEK1;MDM2;PPM1D;TSC2,1.0,False
KEGG,10,NUCLEOTIDE EXCISION REPAIR,0.7448080116352602,4,616,53,6576,PCNA;POLD2;POLR2E;SLC19A1,1.0,False
KEGG,10,TAURINE AND HYPOTAURINE METABOLISM,0.7480233343282097,1,616,14,6576,FMO5,1.0,False
KEGG,10,CORNIFIED ENVELOPE FORMATION,0.7516412937125655,12,616,149,6576,CLDN10;CLDN3;COL4A4;KRT14;KRT18;KRT36;KRT79;RCAN1;S100A6;S100A8;SPTLC1;TJP1,1.0,False
KEGG,10,VARIOUS TYPES OF N-GLYCAN BIOSYNTHESIS,0.7527468765412331,3,616,41,6576,ALG14;ALG3;MGAT4C,1.0,False
KEGG,10,HEPATITIS C,0.7550890984045646,10,616,126,6576,AKT1;BAD;CLDN10;CLDN3;FASLG;IRF3;IRF7;NFKBIA;NR1H3;YWHAB,1.0,False
KEGG,10,ENDOMETRIAL CANCER,0.7580334657441572,4,616,54,6576,AKT1;AXIN2;BAD;TCF7L2,1.0,False
KEGG,10,CAMP SIGNALING PATHWAY,0.7601396892652013,17,616,208,6576,ADORA1;AKT1;ATP2B1;BAD;CACNA1F;CALM1;CALM2;CAMK2A;CHRM2;CREB3L4;FXYD2;GNAI1;HCN4;LHCGR;NFKBIA;OXT;SUCNR1,1.0,False
KEGG,10,APOPTOSIS - MULTIPLE SPECIES,0.7699764653956301,2,616,29,6576,BIRC2;BOK,1.0,False
KEGG,10,FRUCTOSE AND MANNOSE METABOLISM,0.7699764653956301,2,616,29,6576,PFKFB3;PMM1,1.0,False
KEGG,10,GLYOXYLATE AND DICARBOXYLATE METABOLISM,0.7699764653956301,2,616,29,6576,MDH1;PCCB,1.0,False
KEGG,10,APOPTOSIS,0.77120388797443,9,616,116,6576,AKT1;BAD;BIRC2;CTSZ;FASLG;ITPR2;MCL1;NFKBIA;TUBA1A,1.0,False
KEGG,10,GLYCOSPHINGOLIPID BIOSYNTHESIS - GANGLIO SERIES,0.7716773462230317,1,616,15,6576,ST3GAL2,1.0,False
KEGG,10,RNA DEGRADATION,0.7764499463785376,5,616,68,6576,CNOT6L;DIS3;EDC4;EXOSC9;LSM3,1.0,False
KEGG,10,DIABETIC CARDIOMYOPATHY,0.7772805164271996,13,616,164,6576,AKT1;CAMK2A;COX6A2;MAPK12;MTOR;NDUFA11;NDUFB1;PDHA2;PLCB1;PLCB3;PLCB4;SLC2A4;TGFB1,1.0,False
KEGG,10,CHOLINE METABOLISM IN CANCER,0.7808722969541211,7,616,93,6576,AKT1;DGKK;MTOR;PLA2G4E;RALGDS;SLC22A4;TSC2,1.0,False
KEGG,10,PROTEASOME,0.7811838705918339,3,616,43,6576,PSMB3;PSMB7;PSMD6,1.0,False
KEGG,10,PD-L1 EXPRESSION AND PD-1 CHECKPOINT PATHWAY IN CANCER,0.7831319149839404,6,616,81,6576,AKT1;BATF;MAPK12;MTOR;NFKBIA;RASGRP1,1.0,False
KEGG,10,METABOLISM OF XENOBIOTICS BY CYTOCHROME P450,0.7861975465586594,2,616,30,6576,ALDH3A1;GSTK1,1.0,False
KEGG,10,ADIPOCYTOKINE SIGNALING PATHWAY,0.7873169872954083,5,616,69,6576,AKT1;MTOR;NFKBIA;PCK2;SLC2A4,1.0,False
KEGG,10,ATP-DEPENDENT CHROMATIN REMODELING,0.7901713269404945,7,616,94,6576,ACTR6;ARID2;BAZ2A;BCL7C;DMAP1;SMARCD3;VPS72,1.0,False
KEGG,10,PRIMARY BILE ACID BIOSYNTHESIS,0.7931141324944251,1,616,16,6576,CYP27A1,1.0,False
KEGG,10,LYSINE DEGRADATION,0.7945287955694601,4,616,57,6576,DLST;KMT5A;SETD2;SMYD1,1.0,False
KEGG,10,SNARE INTERACTIONS IN VESICULAR TRANSPORT,0.801404009066812,2,616,31,6576,SNAP29;STX16,1.0,False
KEGG,10,LONGEVITY REGULATING PATHWAY,0.8024673422524238,6,616,83,6576,AKT1;ATG5;CREB3L4;MTOR;TSC2;ULK1,1.0,False
KEGG,10,RAS SIGNALING PATHWAY,0.8107480103562751,17,616,216,6576,AKT1;BAD;CALM1;CALM2;EFNA3;FASLG;FGF5;FGF9;FLT4;GNGT1;PLA1A;PLA2G2E;PLA2G4E;RALGDS;RASAL2;RASGRP1;VEGFC,1.0,False
KEGG,10,NITROGEN METABOLISM,0.8125412200528754,1,616,17,6576,CA4,1.0,False
KEGG,10,NECROPTOSIS,0.8136090306323968,8,616,109,6576,BIRC2;CAMK2A;CHMP1B;CHMP6;DNM1L;FASLG;IL1B;PLA2G4E,1.0,False
KEGG,10,CHRONIC MYELOID LEUKEMIA,0.8174593328904813,5,616,72,6576,AKT1;BAD;MDM2;NFKBIA;TGFB1,1.0,False
KEGG,10,FOXO SIGNALING PATHWAY,0.8194587012939493,9,616,122,6576,AKT1;BNIP3;FASLG;MAPK12;MDM2;PCK2;PLK2;SLC2A4;TGFB1,1.0,False
KEGG,10,GLYCEROPHOSPHOLIPID METABOLISM,0.8244099674870675,7,616,98,6576,AGPAT1;DGKK;LPGAT1;LPIN1;PLA1A;PLA2G2E;PLA2G4E,1.0,False
KEGG,10,HUMAN T-CELL LEUKEMIA VIRUS 1 INFECTION,0.8256145439882742,15,616,195,6576,AKT1;CD40;CDC20;CDC26;CHEK1;CREB3L4;EGR2;FDPS;HLA-DMA;KAT2A;LTA;MAP3K1;NFKBIA;NRP1;TGFB1,1.0,False
KEGG,10,OSTEOCLAST DIFFERENTIATION,0.8289158191727416,8,616,111,6576,AKT1;FYN;IL1B;ITPR2;MAPK12;MITF;NFKBIA;TGFB1,1.0,False
KEGG,10,RETINOL METABOLISM,0.8289627115667103,2,616,33,6576,BCO1;CYP26C1,1.0,False
KEGG,10,EPSTEIN-BARR VIRUS INFECTION,0.8305971296553718,12,616,160,6576,AKT1;CD40;CD44;ENTPD8;HLA-DMA;IRF3;IRF7;MAPK12;MDM2;NFKBIA;PSMD6;TAPBP,1.0,False
KEGG,10,PRION DISEASE,0.8329824836562159,17,616,220,6576,BAD;CACNA1F;COX6A2;CREB3L4;FYN;IL1B;ITPR2;KIF5B;LAMC1;MAPK12;NCAM2;NDUFA11;NDUFB1;PSMB3;PSMB7;PSMD6;TUBA1A,1.0,False
KEGG,10,FC EPSILON RI SIGNALING PATHWAY,0.836156114994596,4,616,61,6576,AKT1;FYN;MAPK12;PLA2G4E,1.0,False
KEGG,10,SMALL CELL LUNG CANCER,0.8370976204160053,6,616,87,6576,AKT1;BIRC2;COL4A4;ITGB1;LAMC1;NFKBIA,1.0,False
KEGG,10,NON-ALCOHOLIC FATTY LIVER DISEASE,0.838611083942044,10,616,137,6576,AKT1;COX6A2;FASLG;IL1B;MAPK12;MLXIPL;NDUFA11;NDUFB1;NR1H3;TGFB1,1.0,False
KEGG,10,AMPHETAMINE ADDICTION,0.8453893642845891,4,616,62,6576,CALM1;CALM2;CAMK2A;CREB3L4,1.0,False
KEGG,10,BIOSYNTHESIS OF VARIOUS NUCLEOTIDE SUGARS,0.8461012399971463,1,616,19,6576,TGDS,1.0,False
KEGG,10,HISTIDINE METABOLISM,0.8461012399971463,1,616,19,6576,ALDH3A1,1.0,False
KEGG,10,AMINO SUGAR AND NUCLEOTIDE SUGAR METABOLISM,0.853029746475616,2,616,35,6576,PMM1;RENBP,1.0,False
KEGG,10,"GLYCINE, SERINE AND THREONINE METABOLISM",0.853029746475616,2,616,35,6576,AOC2;PHGDH,1.0,False
KEGG,10,PROLACTIN SIGNALING PATHWAY,0.8541805142801436,4,616,63,6576,AKT1;COPS2;LHCGR;MAPK12,1.0,False
KEGG,10,FATTY ACID DEGRADATION,0.863868956323339,2,616,36,6576,ACADM;HADHB,1.0,False
KEGG,10,THYROID CANCER,0.863868956323339,2,616,36,6576,TCF7L2;TPM3,1.0,False
KEGG,10,MAPK SIGNALING PATHWAY,0.8653557967222408,22,616,286,6576,AKT1;ARTN;CACNA1F;CACNA1H;CACNA2D4;CACNG6;DUSP4;EFNA3;FASLG;FGF5;FGF9;FLT4;IL1B;MAP3K1;MAP4K3;MAPK12;MKNK2;NR4A1;PLA2G4E;RASGRP1;TGFB1;VEGFC,1.0,False
KEGG,10,REGULATION OF LIPOLYSIS IN ADIPOCYTES,0.8691214613196127,3,616,51,6576,ADORA1;AKT1;GNAI1,1.0,False
KEGG,10,TH17 CELL DIFFERENTIATION,0.8733251119011399,6,616,92,6576,HLA-DMA;IL1B;MAPK12;MTOR;NFKBIA;TGFB1,1.0,False
KEGG,10,MEASLES,0.8736181282463764,7,616,105,6576,AKT1;BAD;FASLG;IL1B;IRF3;IRF7;NFKBIA,1.0,False
KEGG,10,BLADDER CANCER,0.8739711567255841,2,616,37,6576,MDM2;SCO2,1.0,False
KEGG,10,ANTIGEN PROCESSING AND PRESENTATION,0.883379046494586,2,616,38,6576,HLA-DMA;TAPBP,1.0,False
KEGG,10,NICOTINE ADDICTION,0.883379046494586,2,616,38,6576,SLC17A6;SLC32A1,1.0,False
KEGG,10,BIOSYNTHESIS OF UNSATURATED FATTY ACIDS,0.8855337069222977,1,616,22,6576,ELOVL3,1.0,False
KEGG,10,MATURITY ONSET DIABETES OF THE YOUNG,0.8855337069222977,1,616,22,6576,NKX2-2,1.0,False
KEGG,10,CHEMICAL CARCINOGENESIS - RECEPTOR ACTIVATION,0.891060167115869,11,616,159,6576,AKT1;AURKAIP1;BAD;CACNA1F;CREB3L4;EPHX4;FGF5;FGF9;GNAI1;MTOR;PAQR5,1.0,False
KEGG,10,LONGEVITY REGULATING PATHWAY - MULTIPLE SPECIES,0.8930419877770185,3,616,54,6576,AKT1;ATG5;MTOR,1.0,False
KEGG,10,BUTANOATE METABOLISM,0.8962922111236808,1,616,23,6576,BDH1,1.0,False
KEGG,10,GLYCEROLIPID METABOLISM,0.9000988605805371,3,616,55,6576,AGPAT1;DGKK;LPIN1,1.0,False
KEGG,10,NOTCH SIGNALING PATHWAY,0.9000988605805371,3,616,55,6576,HEYL;KAT2A;NUMBL,1.0,False
KEGG,10,JAK-STAT SIGNALING PATHWAY,0.901081071712602,8,616,123,6576,AKT1;CNTF;IL11;IL20RB;IL5RA;LONP1;MCL1;MTOR,1.0,False
KEGG,10,ALCOHOLISM,0.9013073021349952,7,616,110,6576,ADORA2B;CALM1;CALM2;CREB3L4;GNAI1;GNAO1;GNGT1,1.0,False
KEGG,10,OXIDATIVE PHOSPHORYLATION,0.9025677022396676,6,616,97,6576,ATP6V1B1;ATP6V1C2;COX11;COX6A2;NDUFA11;NDUFB1,1.0,False
KEGG,10,PROGESTERONE-MEDIATED OOCYTE MATURATION,0.9053281952911251,5,616,84,6576,AKT1;CDC26;GNAI1;MAPK12;PKMYT1,1.0,False
KEGG,10,CHEMICAL CARCINOGENESIS - DNA ADDUCTS,0.9060410281460847,1,616,24,6576,GSTK1,1.0,False
KEGG,10,GLYCOSAMINOGLYCAN BIOSYNTHESIS - HEPARAN SULFATE / HEPARIN,0.9060410281460847,1,616,24,6576,B3GALT6,1.0,False
KEGG,10,FAT DIGESTION AND ABSORPTION,0.9078405524177946,2,616,41,6576,AGPAT1;PLA2G2E,1.0,False
KEGG,10,MICRORNAS IN CANCER,0.9108871845759451,10,616,151,6576,BCL2L2;CD44;CYP24A1;DNMT1;EFNA3;EZR;LONP1;MCL1;MDM2;MTOR,1.0,False
KEGG,10,NATURAL KILLER CELL MEDIATED CYTOTOXICITY,0.9157930686878714,4,616,72,6576,FASLG;FYN;ICAM2;SH3BP2,1.0,False
KEGG,10,NEUTROPHIL EXTRACELLULAR TRAP FORMATION,0.9215979193253189,6,616,101,6576,AKT1;MAPK12;MTOR;PLCB1;PLCB3;PLCB4,1.0,False
KEGG,10,GALACTOSE METABOLISM,0.9228792253508413,1,616,26,6576,GAA,1.0,False
KEGG,10,STARCH AND SUCROSE METABOLISM,0.9228792253508413,1,616,26,6576,GAA,1.0,False
KEGG,10,ARGININE AND PROLINE METABOLISM,0.9274366509777477,2,616,44,6576,SLC25A21;SMOX,1.0,False
KEGG,10,TYPE II DIABETES MELLITUS,0.9274366509777477,2,616,44,6576,MTOR;SLC2A4,1.0,False
KEGG,10,ERBB SIGNALING PATHWAY,0.934788308609608,4,616,76,6576,AKT1;BAD;CAMK2A;MTOR,1.0,False
KEGG,10,CHEMICAL CARCINOGENESIS - REACTIVE OXYGEN SPECIES,0.9353781748089298,11,616,171,6576,AKT1;BAD;COX6A2;EPHX4;MAPK12;NDUFA11;NDUFB1;NFE2L2;NFKBIA;PTPRJ;SLC26A1,1.0,False
KEGG,10,GLYCOSYLPHOSPHATIDYLINOSITOL (GPI)-ANCHOR BIOSYNTHESIS,0.9367038954198431,1,616,28,6576,PIGN,1.0,False
KEGG,10,FLUID SHEAR STRESS AND ATHEROSCLEROSIS,0.9382497381603292,7,616,119,6576,AKT1;ARHGEF2;CALM1;CALM2;IL1B;MAPK12;NFE2L2,1.0,False
KEGG,10,CORONAVIRUS DISEASE - COVID-19,0.9383269226613551,10,616,159,6576,C3AR1;IL1B;IRF3;MAPK12;NFKBIA;NRP1;RPS13;RPS15;RPS7;RPS8,1.0,False
KEGG,10,BILE SECRETION,0.9388078815293555,3,616,62,6576,FXYD2;SCTR;SLC51A,1.0,False
KEGG,10,RENAL CELL CARCINOMA,0.943039249891816,3,616,63,6576,AKT1;BAD;TGFB1,1.0,False
KEGG,10,ONE CARBON POOL BY FOLATE,0.9480536499381184,1,616,30,6576,MAT2A,1.0,False
KEGG,10,MRNA SURVEILLANCE PATHWAY,0.9498172319496457,4,616,80,6576,CSTF1;GSPT1;NXT1;SYMPK,1.0,False
KEGG,10,T CELL RECEPTOR SIGNALING PATHWAY,0.9501386479149881,6,616,109,6576,AKT1;FYN;ICOS;MAPK12;NFKBIA;RASGRP1,1.0,False
KEGG,10,TRANSCRIPTIONAL MISREGULATION IN CANCER,0.9611526056066328,9,616,155,6576,BIRC2;CD40;ERG;ETV1;LDB2;MDM2;MITF;PROM1;RUNX1T1,1.0,False
KEGG,10,NON-SMALL CELL LUNG CANCER,0.9632253307484205,3,616,69,6576,AKT1;BAD;KIF5B,1.0,False
KEGG,10,ALDOSTERONE-REGULATED SODIUM REABSORPTION,0.9650193044256523,1,616,34,6576,FXYD2,1.0,False
KEGG,10,EFFEROCYTOSIS,0.966430740997647,8,616,144,6576,CAMK2A;DUSP4;MAPK12;NR1H3;PPARD;RAB7B;SLC25A21;TGFB1,1.0,False
KEGG,10,BASAL TRANSCRIPTION FACTORS,0.9712972337716018,1,616,36,6576,TAF3,1.0,False
KEGG,10,COMPLEMENT AND COAGULATION CASCADES,0.9789710856359202,2,616,59,6576,C3AR1;VTN,1.0,False
KEGG,10,POLYCOMB REPRESSIVE COMPLEX,0.9798477678936715,3,616,77,6576,MBD5;UBE2D3;USP21,1.0,False
KEGG,10,HORMONE SIGNALING,0.9808542329387581,11,616,196,6576,GNAI1;GNAO1;GNGT1;GUCA2A;LHCGR;OXT;PLCB1;PLCB3;PLCB4;PTRH2;RAMP3,1.0,False
KEGG,10,RIBOSOME,0.9822243622516472,6,616,126,6576,MRPL55;MRPS17;RPS13;RPS15;RPS7;RPS8,1.0,False
KEGG,10,NEUROACTIVE LIGAND-RECEPTOR INTERACTION,0.9823168250873656,20,616,317,6576,ADORA1;ADORA2B;C3AR1;CHRM2;CHRNA1;GLP2R;GPR156;GRIK5;GRM2;GRM5;GRM8;HTR2A;LHCGR;LPAR4;MTNR1B;OGFRL1;OXT;PGRMC2;PTRH2;SCTR,1.0,False
KEGG,10,TH1 AND TH2 CELL DIFFERENTIATION,0.9827109109379029,3,616,79,6576,HLA-DMA;MAPK12;NFKBIA,1.0,False
KEGG,10,THERMOGENESIS,0.9835418681113286,10,616,185,6576,COX11;COX14;COX6A2;CREB3L4;MAPK12;MTOR;NDUFA11;NDUFB1;SMARCD3;TSC2,1.0,False
KEGG,10,B CELL RECEPTOR SIGNALING PATHWAY,0.9884262330075007,2,616,66,6576,AKT1;NFKBIA,1.0,False
KEGG,10,ASCORBATE AND ALDARATE METABOLISM,1.0,0,616,14,6576,,1.0,False
KEGG,10,CIRCADIAN RHYTHM,1.0,0,616,32,6576,,1.0,False
KEGG,10,D-AMINO ACID METABOLISM,1.0,0,616,5,6576,,1.0,False
KEGG,10,FATTY ACID BIOSYNTHESIS,1.0,0,616,16,6576,,1.0,False
KEGG,10,GLYCOSAMINOGLYCAN DEGRADATION,1.0,0,616,17,6576,,1.0,False
KEGG,10,MANNOSE TYPE O-GLYCAN BIOSYNTHESIS,1.0,0,616,23,6576,,1.0,False
KEGG,10,PANTOTHENATE AND COA BIOSYNTHESIS,1.0,0,616,20,6576,,1.0,False
KEGG,10,PENTOSE AND GLUCURONATE INTERCONVERSIONS,1.0,0,616,15,6576,,1.0,False
KEGG,10,PHOSPHONATE AND PHOSPHINATE METABOLISM,1.0,0,616,6,6576,,1.0,False
KEGG,10,PORPHYRIN METABOLISM,1.0,0,616,28,6576,,1.0,False
KEGG,10,RIBOFLAVIN METABOLISM,1.0,0,616,8,6576,,1.0,False
KEGG,10,SULFUR METABOLISM,1.0,0,616,9,6576,,1.0,False
KEGG,10,SULFUR RELAY SYSTEM,1.0,0,616,8,6576,,1.0,False
KEGG,10,UBIQUINONE AND OTHER TERPENOID-QUINONE BIOSYNTHESIS,1.0,0,616,12,6576,,1.0,False
