RR1_group,RR3_group,source,pathway,overlap,set_size,p_value,genes,fdr
RR1 carcass,RR3-39,GO:BP,3'-UTR-mediated mRNA Stabilization (GO:0070935),1,37,0.035995283621887135,MAPK14,0.17169841457133939
RR1 carcass,RR3-39,GO:BP,Actin Filament Organization (GO:0007015),1,37,0.33154894363742154,WHAMM,0.36779545194504965
RR1 carcass,RR3-39,GO:BP,Actin Nucleation (GO:0045010),1,37,0.04069835869508317,WHAMM,0.17169841457133939
RR1 carcass,RR3-39,GO:BP,Alpha-amino Acid Metabolic Process (GO:1901605),1,37,0.08875213484025807,KYAT3,0.19137179074930646
RR1 carcass,RR3-39,GO:BP,Amino Acid Import Across Plasma Membrane (GO:0089718),1,37,0.07978334657707489,SLC7A2,0.18228645409993932
RR1 carcass,RR3-39,GO:BP,Amino Acid Metabolic Process (GO:0006520),1,37,0.05698396657512568,KYAT3,0.17169841457133939
RR1 carcass,RR3-39,GO:BP,Amino Acid Transport (GO:0006865),1,37,0.10643527653724708,SLC7A2,0.20514061678966614
RR1 carcass,RR3-39,GO:BP,Anterior/posterior Pattern Specification (GO:0009952),1,37,0.130205411937157,BHLHE40,0.2229323430189537
RR1 carcass,RR3-39,GO:BP,Aorta Development (GO:0035904),1,37,0.035995283621887135,LRP1,0.17169841457133939
RR1 carcass,RR3-39,GO:BP,Aorta Morphogenesis (GO:0035909),1,37,0.04304151691585698,LRP1,0.17169841457133939
RR1 carcass,RR3-39,GO:BP,Apoptotic Cell Clearance (GO:0043277),1,37,0.05003762900464389,LRP1,0.17169841457133939
RR1 carcass,RR3-39,GO:BP,Apoptotic Mitochondrial Changes (GO:0008637),1,37,0.07072869327404334,BNIP3,0.17554963438521548
RR1 carcass,RR3-39,GO:BP,Apoptotic Process (GO:0006915),2,37,0.10723895683562813,BNIP3;ERBB3,0.20611387246959167
RR1 carcass,RR3-39,GO:BP,Arp2/3 Complex-Mediated Actin Nucleation (GO:0034314),1,37,0.03126977738067423,WHAMM,0.17169841457133939
RR1 carcass,RR3-39,GO:BP,Artery Morphogenesis (GO:0048844),1,37,0.07072869327404334,LRP1,0.17554963438521548
RR1 carcass,RR3-39,GO:BP,Astrocyte Activation (GO:0048143),1,37,0.026521735972269547,LRP1,0.17169841457133939
RR1 carcass,RR3-39,GO:BP,Autophagy of Mitochondrion (GO:0000422),1,37,0.12378436835889704,BNIP3,0.2184430029862889
RR1 carcass,RR3-39,GO:BP,Axon Development (GO:0061564),1,37,0.23260971396455005,ZPR1,0.2923510066221121
RR1 carcass,RR3-39,GO:BP,Bile Acid Biosynthetic Process (GO:0006699),1,37,0.05698396657512568,AMACR,0.17169841457133939
RR1 carcass,RR3-39,GO:BP,Bile Acid Metabolic Process (GO:0008206),1,37,0.06845152006066099,AMACR,0.17554963438521548
RR1 carcass,RR3-39,GO:BP,Bile Acid and Bile Salt Transport (GO:0015721),1,37,0.05928841101318921,ABCC3,0.17188656974412
RR1 carcass,RR3-39,GO:BP,Branching Involved in Ureteric Bud Morphogenesis (GO:0001658),1,37,0.04304151691585698,SALL1,0.17169841457133939
RR1 carcass,RR3-39,GO:BP,Branching Morphogenesis of an Epithelial Tube (GO:0048754),1,37,0.09098100844446969,SALL1,0.19365226195658158
RR1 carcass,RR3-39,GO:BP,Carbohydrate Derivative Biosynthetic Process (GO:1901137),1,37,0.14710518564272662,ST3GAL5,0.23509722309329656
RR1 carcass,RR3-39,GO:BP,Carbohydrate Derivative Catabolic Process (GO:1901136),1,37,0.05698396657512568,GALK1,0.17169841457133939
RR1 carcass,RR3-39,GO:BP,Carboxylic Acid Transport (GO:0046942),1,37,0.0865179441961051,SLC7A2,0.19011904934812904
RR1 carcass,RR3-39,GO:BP,Cardiac Ventricle Development (GO:0003231),1,37,0.04537910613313523,SALL1,0.17169841457133939
RR1 carcass,RR3-39,GO:BP,Carnitine Metabolic Process (GO:0009437),1,37,0.024139231952622374,CPT1A,0.17169841457133939
RR1 carcass,RR3-39,GO:BP,Catecholamine Biosynthetic Process (GO:0042423),1,37,0.024139231952622374,GCH1,0.17169841457133939
RR1 carcass,RR3-39,GO:BP,Cell Surface Receptor Protein Tyrosine Kinase Signaling Pathway (GO:0007169),3,37,0.029389060637545754,ERBB3;MAPK14;SOCS2,0.17169841457133939
RR1 carcass,RR3-39,GO:BP,Cell Surface Receptor Signaling Pathway via JAK-STAT (GO:0007259),1,37,0.1365806637816744,SOCS2,0.22654004329171956
RR1 carcass,RR3-39,GO:BP,Cell Surface Receptor Signaling Pathway via STAT (GO:0097696),1,37,0.14919506035340344,SOCS2,0.23509722309329656
RR1 carcass,RR3-39,GO:BP,Cell-matrix Adhesion (GO:0007160),1,37,0.236376665572985,WHAMM,0.2951433358197454
RR1 carcass,RR3-39,GO:BP,Cell-substrate Junction Assembly (GO:0007044),1,37,0.07072869327404334,WHAMM,0.17554963438521548
RR1 carcass,RR3-39,GO:BP,Cellular Response to Amyloid-Beta (GO:1904646),1,37,0.0775277641871015,LRP1,0.18133612640372895
RR1 carcass,RR3-39,GO:BP,Cellular Response to Cytokine Stimulus (GO:0071345),2,37,0.13292288421610082,CISH;SOCS2,0.22369948807099893
RR1 carcass,RR3-39,GO:BP,Cellular Response to Decreased Oxygen Levels (GO:0036294),1,37,0.16982165013172282,BNIP3,0.24773137122809458
RR1 carcass,RR3-39,GO:BP,Cellular Response to Epidermal Growth Factor Stimulus (GO:0071364),1,37,0.05928841101318921,ZPR1,0.17188656974412
RR1 carcass,RR3-39,GO:BP,Cellular Response to Growth Factor Stimulus (GO:0071363),2,37,0.045666552813760954,MAPK14;ZPR1,0.17169841457133939
RR1 carcass,RR3-39,GO:BP,Cellular Response to Hormone Stimulus (GO:0032870),1,37,0.16368530961493158,SOCS2,0.24499536580109066
RR1 carcass,RR3-39,GO:BP,Cellular Response to Hypoxia (GO:0071456),2,37,0.014372857553349865,BNIP3;PDK1,0.17169841457133939
RR1 carcass,RR3-39,GO:BP,Cellular Response to Ionizing Radiation (GO:0071479),1,37,0.11298000032527047,MAPK14,0.21012452890683728
RR1 carcass,RR3-39,GO:BP,Cellular Response to Lipid (GO:0071396),1,37,0.37470256546731495,MAPK14,0.40651693423340773
RR1 carcass,RR3-39,GO:BP,Cellular Response to Lipopolysaccharide (GO:0071222),1,37,0.2057301268154787,MAPK14,0.2735140414309833
RR1 carcass,RR3-39,GO:BP,Cellular Response to Mechanical Stimulus (GO:0071260),1,37,0.10862205441727366,BNIP3,0.20704203742519012
RR1 carcass,RR3-39,GO:BP,Cellular Response to Metal Ion (GO:0071248),1,37,0.2076800959819459,BNIP3,0.27504657625248113
RR1 carcass,RR3-39,GO:BP,Cellular Response to Molecule of Bacterial Origin (GO:0071219),1,37,0.19788345102752913,MAPK14,0.26930883867651895
RR1 carcass,RR3-39,GO:BP,Cellular Response to Nitrogen Compound (GO:1901699),1,37,0.3131490257112598,LRP1,0.3513379312858037
RR1 carcass,RR3-39,GO:BP,Cellular Response to Oxygen-Containing Compound (GO:1901701),2,37,0.19128208491620627,LRP1;MAPK14,0.2664885504974878
RR1 carcass,RR3-39,GO:BP,Cellular Response to Radiation (GO:0071478),1,37,0.09542285371773586,MAPK14,0.19365226195658158
RR1 carcass,RR3-39,GO:BP,Cellular Response to Topologically Incorrect Protein (GO:0035967),1,37,0.05928841101318921,OPTN,0.17188656974412
RR1 carcass,RR3-39,GO:BP,Cellular Response to UV (GO:0034644),1,37,0.14710518564272662,MAPK14,0.23509722309329656
RR1 carcass,RR3-39,GO:BP,Cellular Response to UV-B (GO:0071493),1,37,0.024139231952622374,MAPK14,0.17169841457133939
RR1 carcass,RR3-39,GO:BP,Cellular Response to Unfolded Protein (GO:0034620),1,37,0.13446064815754025,OPTN,0.22410108026256706
RR1 carcass,RR3-39,GO:BP,Cellular Response to Vascular Endothelial Growth Factor Stimulus (GO:0035924),1,37,0.08203356243700796,MAPK14,0.18497764078933168
RR1 carcass,RR3-39,GO:BP,Cellular Response to Virus (GO:0098586),1,37,0.0775277641871015,MAPK14,0.18133612640372895
RR1 carcass,RR3-39,GO:BP,Ceramide Biosynthetic Process (GO:0046513),1,37,0.10862205441727366,ST3GAL5,0.20704203742519012
RR1 carcass,RR3-39,GO:BP,Cholesterol Efflux (GO:0033344),1,37,0.05235858831043023,ABCG8,0.17169841457133939
RR1 carcass,RR3-39,GO:BP,Cholesterol Homeostasis (GO:0042632),1,37,0.17995166499976106,ABCG8,0.25707380714251576
RR1 carcass,RR3-39,GO:BP,Cholesterol Transport (GO:0030301),1,37,0.11947807499571682,ABCG8,0.2158111825838864
RR1 carcass,RR3-39,GO:BP,Cilium Assembly (GO:0060271),1,37,0.43228567144006397,CFAP20,0.4567796528233448
RR1 carcass,RR3-39,GO:BP,Cilium Organization (GO:0044782),1,37,0.41803287088293056,CFAP20,0.44444172713285374
RR1 carcass,RR3-39,GO:BP,Circulatory System Development (GO:0072359),2,37,0.03884515121277523,ERBB3;SALL1,0.17169841457133939
RR1 carcass,RR3-39,GO:BP,Cranial Nerve Development (GO:0021545),2,37,0.0003764506707461091,ERBB3;SALL1,0.027296979613563293
RR1 carcass,RR3-39,GO:BP,Cytokine-mediated Signaling Pathway (GO:0019221),2,37,0.10182352699797767,CISH;SOCS2,0.2011764995719731
RR1 carcass,RR3-39,GO:BP,Cytoskeleton Organization (GO:0007010),1,37,0.2269253644769097,RANBP10,0.2904981474750792
RR1 carcass,RR3-39,GO:BP,DNA Damage Response (GO:0006974),1,37,0.6571971057941182,MAPK14,0.6591075624970081
RR1 carcass,RR3-39,GO:BP,DNA Metabolic Process (GO:0006259),1,37,0.5335519721641715,ZPR1,0.5446018650788141
RR1 carcass,RR3-39,GO:BP,DNA Repair (GO:0006281),1,37,0.5169884677424619,TEX264,0.5292611910123126
RR1 carcass,RR3-39,GO:BP,DNA Replication (GO:0006260),1,37,0.2096254069606235,ZPR1,0.2770910551778357
RR1 carcass,RR3-39,GO:BP,Defense Response to Bacterium (GO:0042742),1,37,0.27485910982565714,OPTN,0.3209014987812241
RR1 carcass,RR3-39,GO:BP,Defense Response to Gram-negative Bacterium (GO:0050829),1,37,0.09984357810903255,OPTN,0.19853622160009354
RR1 carcass,RR3-39,GO:BP,Defense Response to Virus (GO:0051607),1,37,0.29251433853277686,BNIP3,0.33478346350389687
RR1 carcass,RR3-39,GO:BP,Digestive Tract Development (GO:0048565),1,37,0.0932045773118209,SALL1,0.19365226195658158
RR1 carcass,RR3-39,GO:BP,Diol Biosynthetic Process (GO:0034312),1,37,0.03834961857277758,GCH1,0.17169841457133939
RR1 carcass,RR3-39,GO:BP,Diterpenoid Metabolic Process (GO:0016101),1,37,0.06616891782504804,LRP1,0.17554963438521548
RR1 carcass,RR3-39,GO:BP,Dopamine Metabolic Process (GO:0042417),1,37,0.04069835869508317,GCH1,0.17169841457133939
RR1 carcass,RR3-39,GO:BP,ERBB Signaling Pathway (GO:0038127),1,37,0.130205411937157,ERBB3,0.2229323430189537
RR1 carcass,RR3-39,GO:BP,Embryonic Digestive Tract Development (GO:0048566),1,37,0.04537910613313523,SALL1,0.17169841457133939
RR1 carcass,RR3-39,GO:BP,Embryonic Digit Morphogenesis (GO:0042733),1,37,0.04304151691585698,SALL1,0.17169841457133939
RR1 carcass,RR3-39,GO:BP,Embryonic Limb Morphogenesis (GO:0030326),1,37,0.08427842418121355,SALL1,0.18819453943377784
RR1 carcass,RR3-39,GO:BP,Embryonic Organ Development (GO:0048568),1,37,0.15956992234770948,SALL1,0.24084580564120223
RR1 carcass,RR3-39,GO:BP,Endocrine System Development (GO:0035270),1,37,0.05698396657512568,SALL1,0.17169841457133939
RR1 carcass,RR3-39,GO:BP,Endomembrane System Organization (GO:0010256),1,37,0.34462855237841394,OPTN,0.3774503192715962
RR1 carcass,RR3-39,GO:BP,Entrainment of Circadian Clock by Photoperiod (GO:0043153),1,37,0.05235858831043023,BHLHE40,0.17169841457133939
RR1 carcass,RR3-39,GO:BP,Enzyme-linked Receptor Protein Signaling Pathway (GO:0007167),2,37,0.038296026480240566,ERBB3;LRP1,0.17169841457133939
RR1 carcass,RR3-39,GO:BP,Epidermal Growth Factor Receptor Signaling Pathway (GO:0007173),1,37,0.11298000032527047,ERBB3,0.21012452890683728
RR1 carcass,RR3-39,GO:BP,Epithelial Cell Differentiation (GO:0030855),2,37,0.031949650818763095,ANXA7;CPT1A,0.17169841457133939
RR1 carcass,RR3-39,GO:BP,Epithelium Development (GO:0060429),3,37,0.005045745643321595,ANXA7;CPT1A;SALL1,0.0994732712540543
RR1 carcass,RR3-39,GO:BP,Establishment of Protein Localization to Organelle (GO:0072594),1,37,0.16982165013172282,PPP1R10,0.24773137122809458
RR1 carcass,RR3-39,GO:BP,Establishment of Protein Localization to Plasma Membrane (GO:0061951),1,37,0.0932045773118209,OPTN,0.19365226195658158
RR1 carcass,RR3-39,GO:BP,Extrinsic Apoptotic Signaling Pathway (GO:0097191),1,37,0.14710518564272662,ERBB3,0.23509722309329656
RR1 carcass,RR3-39,GO:BP,Extrinsic Apoptotic Signaling Pathway in Absence of Ligand (GO:0097192),1,37,0.028898580090589866,ERBB3,0.17169841457133939
RR1 carcass,RR3-39,GO:BP,Fatty Acid Beta-Oxidation (GO:0006635),3,37,0.00020133745726323962,AMACR;CPT1A;DECR1,0.027296979613563293
RR1 carcass,RR3-39,GO:BP,Fatty Acid Beta-Oxidation Using acyl-CoA Oxidase (GO:0033540),1,37,0.028898580090589866,AMACR,0.17169841457133939
RR1 carcass,RR3-39,GO:BP,Fatty Acid Catabolic Process (GO:0009062),3,37,0.0003390321875985007,CPT1A;DECR1;HACL1,0.027296979613563293
RR1 carcass,RR3-39,GO:BP,Fatty Acid Metabolic Process (GO:0006631),3,37,0.0024741881088073347,CPT1A;HACL1;HAO2,0.06566114596450234
RR1 carcass,RR3-39,GO:BP,Fatty Acid Oxidation (GO:0019395),4,37,5.40332481519095e-06,CPT1A;DECR1;HACL1;HAO2,0.0018641470612408778
RR1 carcass,RR3-39,GO:BP,Female Gamete Generation (GO:0007292),1,37,0.08203356243700796,TOB2,0.18497764078933168
RR1 carcass,RR3-39,GO:BP,Focal Adhesion Assembly (GO:0048041),1,37,0.054674029915958454,WHAMM,0.17169841457133939
RR1 carcass,RR3-39,GO:BP,Forebrain Neuron Differentiation (GO:0021879),1,37,0.028898580090589866,SALL1,0.17169841457133939
RR1 carcass,RR3-39,GO:BP,Galactose Metabolic Process (GO:0006012),1,37,0.024139231952622374,GALK1,0.17169841457133939
RR1 carcass,RR3-39,GO:BP,Ganglioside Biosynthetic Process (GO:0001574),1,37,0.033635340886278425,ST3GAL5,0.17169841457133939
RR1 carcass,RR3-39,GO:BP,Ganglioside Metabolic Process (GO:0001573),1,37,0.05698396657512568,ST3GAL5,0.17169841457133939
RR1 carcass,RR3-39,GO:BP,Generation of Neurons (GO:0048699),1,37,0.3854404056711402,ERBB3,0.415552937364198
RR1 carcass,RR3-39,GO:BP,Gland Development (GO:0048732),1,37,0.14919506035340344,SALL1,0.23509722309329656
RR1 carcass,RR3-39,GO:BP,Glial Cell Differentiation (GO:0010001),1,37,0.06616891782504804,ERBB3,0.17554963438521548
RR1 carcass,RR3-39,GO:BP,Glucose Metabolic Process (GO:0006006),1,37,0.13233556812979164,PDK1,0.22325560393534533
RR1 carcass,RR3-39,GO:BP,Glycolipid Biosynthetic Process (GO:0009247),1,37,0.13446064815754025,ST3GAL5,0.22410108026256706
RR1 carcass,RR3-39,GO:BP,Glycoprotein Biosynthetic Process (GO:0009101),1,37,0.31821548968993457,ST3GAL5,0.3564426751396994
RR1 carcass,RR3-39,GO:BP,Glycoprotein Metabolic Process (GO:0009100),1,37,0.1575048464496397,ST3GAL5,0.24084580564120223
RR1 carcass,RR3-39,GO:BP,Glycosphingolipid Biosynthetic Process (GO:0006688),1,37,0.08875213484025807,ST3GAL5,0.19137179074930646
RR1 carcass,RR3-39,GO:BP,Glycosphingolipid Metabolic Process (GO:0006687),1,37,0.09763584991004232,ST3GAL5,0.19698460946762925
RR1 carcass,RR3-39,GO:BP,Golgi Organization (GO:0007030),1,37,0.2269253644769097,OPTN,0.2904981474750792
RR1 carcass,RR3-39,GO:BP,Golgi to Plasma Membrane Protein Transport (GO:0043001),1,37,0.06845152006066099,OPTN,0.17554963438521548
RR1 carcass,RR3-39,GO:BP,Golgi to Plasma Membrane Transport (GO:0006893),1,37,0.12592982387942647,OPTN,0.21887047475265559
RR1 carcass,RR3-39,GO:BP,Gonad Development (GO:0008406),1,37,0.11080362499450344,SALL1,0.20832289167903917
RR1 carcass,RR3-39,GO:BP,Growth Hormone Receptor Signaling Pathway (GO:0060396),1,37,0.03834961857277758,SOCS2,0.17169841457133939
RR1 carcass,RR3-39,GO:BP,Heart Development (GO:0007507),2,37,0.062464458947112986,ERBB3;SALL1,0.17554963438521548
RR1 carcass,RR3-39,GO:BP,Heme Biosynthetic Process (GO:0006783),1,37,0.05003762900464389,ALAS1,0.17169841457133939
RR1 carcass,RR3-39,GO:BP,Heme Metabolic Process (GO:0042168),1,37,0.07978334657707489,ALAS1,0.18228645409993932
RR1 carcass,RR3-39,GO:BP,Hexose Metabolic Process (GO:0019318),2,37,0.005603402285864338,GALK1;PDK1,0.10547477734309862
RR1 carcass,RR3-39,GO:BP,Icosanoid Transport (GO:0071715),1,37,0.028898580090589866,ABCC3,0.17169841457133939
RR1 carcass,RR3-39,GO:BP,Intestinal Lipid Absorption (GO:0098856),1,37,0.024139231952622374,ABCG8,0.17169841457133939
RR1 carcass,RR3-39,GO:BP,Intracellular Lipid Transport (GO:0032365),2,37,0.000517451807819434,CPT1A;SLC25A20,0.029753478949617454
RR1 carcass,RR3-39,GO:BP,Intracellular Protein Transport (GO:0006886),1,37,0.4910652623176761,PPP1R10,0.5079985472251822
RR1 carcass,RR3-39,GO:BP,Intracellular Signaling Cassette (GO:0141124),3,37,0.05098360405179579,ERBB3;MAPK14;PDK1,0.17169841457133939
RR1 carcass,RR3-39,GO:BP,Intrinsic Apoptotic Signaling Pathway (GO:0097193),2,37,0.027018884244800895,BNIP3;PDK1,0.17169841457133939
RR1 carcass,RR3-39,GO:BP,Intrinsic Apoptotic Signaling Pathway in Response to Oxidative Stress (GO:0008631),1,37,0.028898580090589866,PDK1,0.17169841457133939
RR1 carcass,RR3-39,GO:BP,Kidney Development (GO:0001822),1,37,0.14710518564272662,SALL1,0.23509722309329656
RR1 carcass,RR3-39,GO:BP,L-alpha-amino Acid Transmembrane Transport (GO:1902475),1,37,0.08875213484025807,SLC7A2,0.19137179074930646
RR1 carcass,RR3-39,GO:BP,L-amino Acid Transport (GO:0015807),1,37,0.0865179441961051,SLC7A2,0.19011904934812904
RR1 carcass,RR3-39,GO:BP,Lamellipodium Assembly (GO:0030032),1,37,0.054674029915958454,WHAMM,0.17169841457133939
RR1 carcass,RR3-39,GO:BP,Lamellipodium Organization (GO:0097581),1,37,0.06845152006066099,WHAMM,0.17554963438521548
RR1 carcass,RR3-39,GO:BP,Limb Development (GO:0060173),1,37,0.07072869327404334,SALL1,0.17554963438521548
RR1 carcass,RR3-39,GO:BP,Lipid Metabolic Process (GO:0006629),3,37,0.01628449186395944,CPT1A;HACL1;LRP1,0.17169841457133939
RR1 carcass,RR3-39,GO:BP,Lipid Oxidation (GO:0034440),1,37,0.028898580090589866,HAO2,0.17169841457133939
RR1 carcass,RR3-39,GO:BP,Lipid Transport (GO:0006869),2,37,0.03043531132432171,ABCC3;ABCG8,0.17169841457133939
RR1 carcass,RR3-39,GO:BP,Lipoprotein Transport (GO:0042953),1,37,0.028898580090589866,LRP1,0.17169841457133939
RR1 carcass,RR3-39,GO:BP,Long-chain Fatty Acid Metabolic Process (GO:0001676),2,37,0.010302200310432306,CPT1A;HACL1,0.16531437707437888
RR1 carcass,RR3-39,GO:BP,Long-chain Fatty Acid Transport (GO:0015909),2,37,0.0011813434431273886,CPT1A;SLC25A20,0.04069380328910848
RR1 carcass,RR3-39,GO:BP,Lysosomal Transport (GO:0007041),1,37,0.10204605050752259,LRP1,0.2011764995719731
RR1 carcass,RR3-39,GO:BP,MAPK Cascade (GO:0000165),1,37,0.25126536815985656,MAPK14,0.303099832220806
RR1 carcass,RR3-39,GO:BP,MRNA Stabilization (GO:0048255),1,37,0.12378436835889704,MAPK14,0.2184430029862889
RR1 carcass,RR3-39,GO:BP,Macroautophagy (GO:0016236),2,37,0.057928629354786515,BNIP3;TEX264,0.17188656974412
RR1 carcass,RR3-39,GO:BP,Macromolecule Biosynthetic Process (GO:0009059),2,37,0.07746517783852258,ALAS1;ST3GAL5,0.18133612640372895
RR1 carcass,RR3-39,GO:BP,Mesenchymal to Epithelial Transition (GO:0060231),1,37,0.024139231952622374,SALL1,0.17169841457133939
RR1 carcass,RR3-39,GO:BP,Mesonephric Tubule Development (GO:0072164),1,37,0.03834961857277758,SALL1,0.17169841457133939
RR1 carcass,RR3-39,GO:BP,Mitochondrial Large Ribosomal Subunit Assembly (GO:1902775),1,37,0.033635340886278425,MTG1,0.17169841457133939
RR1 carcass,RR3-39,GO:BP,Mitochondrial Ribosome Assembly (GO:0061668),1,37,0.05928841101318921,MTG1,0.17188656974412
RR1 carcass,RR3-39,GO:BP,Mitochondrion Organization (GO:0007005),1,37,0.24199338079607063,BNIP3,0.2965815857003352
RR1 carcass,RR3-39,GO:BP,Mitophagy (GO:0000423),2,37,0.00469000983316863,BNIP3;OPTN,0.0951796113201869
RR1 carcass,RR3-39,GO:BP,Monocarboxylic Acid Biosynthetic Process (GO:0072330),1,37,0.13869562673699237,AMACR,0.2284009127649755
RR1 carcass,RR3-39,GO:BP,Monocarboxylic Acid Metabolic Process (GO:0032787),3,37,0.002055156581088757,AMACR;CPT1A;HACL1,0.05908575170630176
RR1 carcass,RR3-39,GO:BP,Monocarboxylic Acid Transport (GO:0015718),1,37,0.14919506035340344,ABCC3,0.23509722309329656
RR1 carcass,RR3-39,GO:BP,Myeloid Leukocyte Differentiation (GO:0002573),1,37,0.16778108685894486,MAPK14,0.2468421107306438
RR1 carcass,RR3-39,GO:BP,Neg Reg Transmembrane Rec Protein Serine/Threonine Kinase Signaling Pathway (GO:0090101),1,37,0.2567754927857213,LRP1,0.3081305913428656
RR1 carcass,RR3-39,GO:BP,Negative Regulation of Apoptotic Process (GO:0043066),4,37,0.022665297029000935,BNIP3;ERBB3;PIM3;SOCS2,0.17169841457133939
RR1 carcass,RR3-39,GO:BP,Negative Regulation of Cell Adhesion (GO:0007162),1,37,0.1450103165421411,ERBB3,0.23509722309329656
RR1 carcass,RR3-39,GO:BP,Negative Regulation of Cell Communication (GO:0010648),2,37,0.001297483583130995,ERBB3;SOCS2,0.04069380328910848
RR1 carcass,RR3-39,GO:BP,Negative Regulation of Cell Cycle Process (GO:0010948),1,37,0.07526680282481493,PPP1R10,0.18133612640372895
RR1 carcass,RR3-39,GO:BP,Negative Regulation of Cell Migration (GO:0030336),1,37,0.3462458900401228,LRP1,0.3786207038473609
RR1 carcass,RR3-39,GO:BP,Negative Regulation of Cell Population Proliferation (GO:0008285),1,37,0.5768324408841795,TOB2,0.5835988038271024
RR1 carcass,RR3-39,GO:BP,Negative Regulation of Cellular Process (GO:0048523),3,37,0.11694257471223983,BNIP3;ERBB3;TOB2,0.2135854279754135
RR1 carcass,RR3-39,GO:BP,Negative Regulation of Cold-Induced Thermogenesis (GO:0120163),1,37,0.09984357810903255,ARRDC3,0.19853622160009354
RR1 carcass,RR3-39,GO:BP,"Negative Regulation of DNA-templated Transcription, Elongation (GO:0032785)",1,37,0.05003762900464389,PPP1R10,0.17169841457133939
RR1 carcass,RR3-39,GO:BP,Negative Regulation of Developmental Process (GO:0051093),1,37,0.23825338848057706,BNIP3,0.2951433358197454
RR1 carcass,RR3-39,GO:BP,Negative Regulation of Gene Expression (GO:0010629),2,37,0.19749372050564398,ANXA7;LRP1,0.26930883867651895
RR1 carcass,RR3-39,GO:BP,Negative Regulation of Hippo Signaling (GO:0035331),1,37,0.054674029915958454,MAPK14,0.17169841457133939
RR1 carcass,RR3-39,GO:BP,Negative Regulation of Immune Response (GO:0050777),1,37,0.13869562673699237,MAPK14,0.2284009127649755
RR1 carcass,RR3-39,GO:BP,Negative Regulation of Inflammatory Response (GO:0050728),1,37,0.2640609874107765,MAPK14,0.3141415195059237
RR1 carcass,RR3-39,GO:BP,Negative Regulation of Inflammatory Response to Antigenic Stimulus (GO:0002862),1,37,0.04537910613313523,MAPK14,0.17169841457133939
RR1 carcass,RR3-39,GO:BP,Negative Regulation of Insulin Secretion (GO:0046676),1,37,0.04537910613313523,PIM3,0.17169841457133939
RR1 carcass,RR3-39,GO:BP,Negative Regulation of Intracellular Signal Transduction (GO:1902532),2,37,0.18510005155410827,LRP1;MAPK14,0.2606510930047647
RR1 carcass,RR3-39,GO:BP,Negative Regulation of Macromolecule Biosynthetic Process (GO:0010558),2,37,0.0698287737373265,ANXA7;LRP1,0.17554963438521548
RR1 carcass,RR3-39,GO:BP,Negative Regulation of Multicellular Organismal Process (GO:0051241),1,37,0.4420599468357071,ARRDC3,0.46497159042170416
RR1 carcass,RR3-39,GO:BP,Negative Regulation of Neuron Apoptotic Process (GO:0043524),2,37,0.015108844788121861,ERBB3;ZPR1,0.17169841457133939
RR1 carcass,RR3-39,GO:BP,Negative Regulation of Organelle Organization (GO:0010639),1,37,0.08427842418121355,BNIP3,0.18819453943377784
RR1 carcass,RR3-39,GO:BP,Negative Regulation of Platelet-Derived Growth Factor Receptor Signaling Pathway (GO:0010642),1,37,0.026521735972269547,LRP1,0.17169841457133939
RR1 carcass,RR3-39,GO:BP,Negative Regulation of Programmed Cell Death (GO:0043069),4,37,0.011983114519701113,BNIP3;ERBB3;PIM3;SOCS2,0.17169841457133939
RR1 carcass,RR3-39,GO:BP,Negative Regulation of RNA Biosynthetic Process (GO:1902679),2,37,0.29166127080850945,BHLHE40;SALL1,0.33478346350389687
RR1 carcass,RR3-39,GO:BP,Negative Regulation of Receptor Signaling Pathway via JAK-STAT (GO:0046426),2,37,0.001297483583130995,CISH;SOCS2,0.04069380328910848
RR1 carcass,RR3-39,GO:BP,Negative Regulation of Receptor Signaling Pathway via STAT (GO:1904893),2,37,0.0010704775586993383,CISH;SOCS2,0.038875237658028604
RR1 carcass,RR3-39,GO:BP,Negative Regulation of Response to Stimulus (GO:0048585),3,37,0.0003390321875985007,ERBB3;PIM3;SOCS2,0.027296979613563293
RR1 carcass,RR3-39,GO:BP,Negative Regulation of SMAD Protein Signal Transduction (GO:0060392),1,37,0.05235858831043023,LRP1,0.17169841457133939
RR1 carcass,RR3-39,GO:BP,Negative Regulation of Secretion (GO:0051048),1,37,0.024139231952622374,ERBB3,0.17169841457133939
RR1 carcass,RR3-39,GO:BP,Negative Regulation of Signal Transduction (GO:0009968),3,37,0.03304041327324218,ERBB3;LRP1;SOCS2,0.17169841457133939
RR1 carcass,RR3-39,GO:BP,Negative Regulation of Signaling (GO:0023057),3,37,3.755988830985503e-05,ERBB3;OPTN;SOCS2,0.006479080733449993
RR1 carcass,RR3-39,GO:BP,Negative Regulation of Smooth Muscle Cell Migration (GO:0014912),1,37,0.033635340886278425,LRP1,0.17169841457133939
RR1 carcass,RR3-39,GO:BP,Negative Regulation of Transcription Elongation by RNA Polymerase II (GO:0034244),1,37,0.035995283621887135,PPP1R10,0.17169841457133939
RR1 carcass,RR3-39,GO:BP,Negative Regulation of Transport (GO:0051051),1,37,0.0775277641871015,ERBB3,0.18133612640372895
RR1 carcass,RR3-39,GO:BP,Negative Regulation of Wnt Signaling Pathway (GO:0030178),1,37,0.2942566820813851,LRP1,0.336154156682377
RR1 carcass,RR3-39,GO:BP,Nervous System Development (GO:0007399),1,37,0.7082549381389102,ERBB3,0.7082549381389102
RR1 carcass,RR3-39,GO:BP,Neuromuscular Process (GO:0050905),1,37,0.04537910613313523,GCH1,0.17169841457133939
RR1 carcass,RR3-39,GO:BP,Neuron Apoptotic Process (GO:0051402),2,37,0.0009649110048489289,BNIP3;ERBB3,0.038875237658028604
RR1 carcass,RR3-39,GO:BP,Neuron Differentiation (GO:0030182),1,37,0.3716012290570159,ERBB3,0.4037871622824268
RR1 carcass,RR3-39,GO:BP,Neuron Projection Development (GO:0031175),1,37,0.39599875188796974,ZPR1,0.4256061352066965
RR1 carcass,RR3-39,GO:BP,Nitric Oxide Biosynthetic Process (GO:0006809),1,37,0.035995283621887135,GCH1,0.17169841457133939
RR1 carcass,RR3-39,GO:BP,Nitric Oxide Metabolic Process (GO:0046209),1,37,0.05235858831043023,GCH1,0.17169841457133939
RR1 carcass,RR3-39,GO:BP,Nitrogen Compound Transport (GO:0071705),1,37,0.26767763003180395,SLC7A2,0.3157223328580252
RR1 carcass,RR3-39,GO:BP,Non-proteinogenic Amino Acid Metabolic Process (GO:0170041),1,37,0.04069835869508317,KYAT3,0.17169841457133939
RR1 carcass,RR3-39,GO:BP,Nuclear Body Organization (GO:0030575),1,37,0.03126977738067423,ZPR1,0.17169841457133939
RR1 carcass,RR3-39,GO:BP,Organelle Assembly (GO:0070925),1,37,0.5529228731327708,CFAP20,0.5610540918553115
RR1 carcass,RR3-39,GO:BP,Organelle Fission (GO:0048285),1,37,0.05698396657512568,PEX11A,0.17169841457133939
RR1 carcass,RR3-39,GO:BP,Organelle Organization (GO:0006996),3,37,0.07065449332199343,OPTN;PEX11A;RANBP10,0.17554963438521548
RR1 carcass,RR3-39,GO:BP,Organic Cation Transport (GO:0015695),1,37,0.14919506035340344,SLC7A2,0.23509722309329656
RR1 carcass,RR3-39,GO:BP,Organic Hydroxy Compound Transport (GO:0015850),2,37,0.006337609117691824,ABCC3;ABCG8,0.11212693054377844
RR1 carcass,RR3-39,GO:BP,Organophosphate Catabolic Process (GO:0046434),1,37,0.035995283621887135,GALK1,0.17169841457133939
RR1 carcass,RR3-39,GO:BP,Osteoclast Differentiation (GO:0030316),1,37,0.06388087398421148,MAPK14,0.17554963438521548
RR1 carcass,RR3-39,GO:BP,P38MAPK Cascade (GO:0038066),1,37,0.028898580090589866,MAPK14,0.17169841457133939
RR1 carcass,RR3-39,GO:BP,Peptidyl-glutamic Acid Modification (GO:0018200),1,37,0.035995283621887135,CFAP20,0.17169841457133939
RR1 carcass,RR3-39,GO:BP,Peripheral Nervous System Development (GO:0007422),1,37,0.04304151691585698,ERBB3,0.17169841457133939
RR1 carcass,RR3-39,GO:BP,Peroxisome Fission (GO:0016559),1,37,0.024139231952622374,PEX11A,0.17169841457133939
RR1 carcass,RR3-39,GO:BP,Peroxisome Organization (GO:0007031),1,37,0.06158737592682934,PEX11A,0.17554963438521548
RR1 carcass,RR3-39,GO:BP,Phagocytosis (GO:0006909),1,37,0.19194899941630644,LRP1,0.2664885504974878
RR1 carcass,RR3-39,GO:BP,Phosphate-containing Compound Metabolic Process (GO:0006796),1,37,0.26767763003180395,GALK1,0.3157223328580252
RR1 carcass,RR3-39,GO:BP,Phosphatidylinositol 3-Kinase/Protein Kinase B Signal Transduction (GO:0043491),2,37,0.00469000983316863,ERBB3;PDK1,0.0951796113201869
RR1 carcass,RR3-39,GO:BP,Photoperiodism (GO:0009648),1,37,0.05698396657512568,BHLHE40,0.17169841457133939
RR1 carcass,RR3-39,GO:BP,Pigment Biosynthetic Process (GO:0046148),1,37,0.06616891782504804,ALAS1,0.17554963438521548
RR1 carcass,RR3-39,GO:BP,Plasma Membrane Bounded Cell Projection Assembly (GO:0120031),2,37,0.12474515468519444,CFAP20;WHAMM,0.21887047475265559
RR1 carcass,RR3-39,GO:BP,Plasma Membrane Organization (GO:0007009),1,37,0.14710518564272662,WHAMM,0.23509722309329656
RR1 carcass,RR3-39,GO:BP,Plasma Membrane Tubulation (GO:0097320),1,37,0.028898580090589866,WHAMM,0.17169841457133939
RR1 carcass,RR3-39,GO:BP,Porphyrin-containing Compound Biosynthetic Process (GO:0006779),1,37,0.054674029915958454,ALAS1,0.17169841457133939
RR1 carcass,RR3-39,GO:BP,Pos Reg Phosphatidylinositol 3-Kinase/Protein Kinase B Signal Transduction (GO:0051897),1,37,0.31989621637935234,ERBB3,0.35716567848180114
RR1 carcass,RR3-39,GO:BP,Positive Regulation of Actin Nucleation (GO:0051127),1,37,0.024139231952622374,WHAMM,0.17169841457133939
RR1 carcass,RR3-39,GO:BP,Positive Regulation of Apoptotic Process (GO:0043065),1,37,0.48341328403257233,BNIP3,0.5008335825562686
RR1 carcass,RR3-39,GO:BP,Positive Regulation of Autophagy (GO:0010508),2,37,0.019438310274582735,BNIP3;OPTN,0.17169841457133939
RR1 carcass,RR3-39,GO:BP,Positive Regulation of Behavior (GO:0048520),1,37,0.026521735972269547,CFAP20,0.17169841457133939
RR1 carcass,RR3-39,GO:BP,Positive Regulation of Blood Vessel Endothelial Cell Migration (GO:0043536),1,37,0.11080362499450344,MAPK14,0.20832289167903917
RR1 carcass,RR3-39,GO:BP,Positive Regulation of Catabolic Process (GO:0009896),2,37,0.05227870070247107,BNIP3;OPTN,0.17169841457133939
RR1 carcass,RR3-39,GO:BP,Positive Regulation of Catalytic Activity (GO:0043085),2,37,0.0030935453179798144,ARRDC3;MAPK14,0.07623379533593114
RR1 carcass,RR3-39,GO:BP,Positive Regulation of Cell Cycle (GO:0045787),1,37,0.12163378936249764,ZPR1,0.2168664461501896
RR1 carcass,RR3-39,GO:BP,Positive Regulation of Cell Differentiation (GO:0045597),1,37,0.5084935025270482,MAPK14,0.5228919772632835
RR1 carcass,RR3-39,GO:BP,Positive Regulation of Cell Motility (GO:2000147),1,37,0.4078493863730552,CFAP20,0.43698148539970194
RR1 carcass,RR3-39,GO:BP,Positive Regulation of Cell Population Proliferation (GO:0008284),1,37,0.6528608507982118,ERBB3,0.6557117715440555
RR1 carcass,RR3-39,GO:BP,Positive Regulation of Cellular Component Organization (GO:0051130),2,37,0.023321700379173606,BNIP3;LRP1,0.17169841457133939
RR1 carcass,RR3-39,GO:BP,Positive Regulation of Cholesterol Efflux (GO:0010875),1,37,0.05003762900464389,LRP1,0.17169841457133939
RR1 carcass,RR3-39,GO:BP,Positive Regulation of Cholesterol Transport (GO:0032376),1,37,0.06388087398421148,LRP1,0.17554963438521548
RR1 carcass,RR3-39,GO:BP,Positive Regulation of Chromosome Organization (GO:2001252),1,37,0.09984357810903255,PPP1R10,0.19853622160009354
RR1 carcass,RR3-39,GO:BP,Positive Regulation of Cold-Induced Thermogenesis (GO:0120162),1,37,0.21156607057084667,DECR1,0.27912158450073465
RR1 carcass,RR3-39,GO:BP,Positive Regulation of Cytokine Production (GO:0001819),1,37,0.49985323905512996,MAPK14,0.5163154714791013
RR1 carcass,RR3-39,GO:BP,Positive Regulation of Cytoskeleton Organization (GO:0051495),1,37,0.15956992234770948,WHAMM,0.24084580564120223
RR1 carcass,RR3-39,GO:BP,Positive Regulation of DNA Metabolic Process (GO:0051054),1,37,0.1959100277738567,PPP1R10,0.26821015707135143
RR1 carcass,RR3-39,GO:BP,"Positive Regulation of DNA-templated Transcription, Elongation (GO:0032786)",1,37,0.130205411937157,PPP1R10,0.2229323430189537
RR1 carcass,RR3-39,GO:BP,Positive Regulation of Defense Response (GO:0031349),2,37,0.02797804229850207,CPT1A;OPTN,0.17169841457133939
RR1 carcass,RR3-39,GO:BP,Positive Regulation of Developmental Process (GO:0051094),1,37,0.43509519433818306,BNIP3,0.4590453885219362
RR1 carcass,RR3-39,GO:BP,Positive Regulation of Endocytosis (GO:0045807),1,37,0.15956992234770948,LRP1,0.24084580564120223
RR1 carcass,RR3-39,GO:BP,Positive Regulation of Endothelial Cell Migration (GO:0010595),1,37,0.18196318637307116,MAPK14,0.2572840135193014
RR1 carcass,RR3-39,GO:BP,Positive Regulation of Epithelial Cell Proliferation (GO:0050679),1,37,0.23260971396455005,ERBB3,0.2923510066221121
RR1 carcass,RR3-39,GO:BP,Positive Regulation of Erythrocyte Differentiation (GO:0045648),1,37,0.05235858831043023,MAPK14,0.17169841457133939
RR1 carcass,RR3-39,GO:BP,Positive Regulation of Gene Expression (GO:0010628),2,37,0.22890475608004482,MAPK14;ZPR1,0.29087344695254314
RR1 carcass,RR3-39,GO:BP,Positive Regulation of Growth (GO:0045927),1,37,0.15127995225133867,ZPR1,0.23509722309329656
RR1 carcass,RR3-39,GO:BP,Positive Regulation of Hippo Signaling (GO:0035332),1,37,0.03126977738067423,ARRDC3,0.17169841457133939
RR1 carcass,RR3-39,GO:BP,Positive Regulation of Immune Response (GO:0050778),1,37,0.16368530961493158,CPT1A,0.24499536580109066
RR1 carcass,RR3-39,GO:BP,Positive Regulation of Innate Immune Response (GO:0045089),1,37,0.09098100844446969,CPT1A,0.19365226195658158
RR1 carcass,RR3-39,GO:BP,Positive Regulation of Interleukin-12 Production (GO:0032735),1,37,0.06388087398421148,MAPK14,0.17554963438521548
RR1 carcass,RR3-39,GO:BP,Positive Regulation of Intracellular Protein Transport (GO:0090316),1,37,0.1575048464496397,ZPR1,0.24084580564120223
RR1 carcass,RR3-39,GO:BP,Positive Regulation of Lipid Localization (GO:1905954),1,37,0.026521735972269547,LRP1,0.17169841457133939
RR1 carcass,RR3-39,GO:BP,Positive Regulation of Locomotion (GO:0040017),1,37,0.06616891782504804,CFAP20,0.17554963438521548
RR1 carcass,RR3-39,GO:BP,Positive Regulation of MAPK Cascade (GO:0043410),1,37,0.5736468591433946,ERBB3,0.5812280951673162
RR1 carcass,RR3-39,GO:BP,Positive Regulation of Macroautophagy (GO:0016239),2,37,0.014010913992743115,BNIP3;OPTN,0.17169841457133939
RR1 carcass,RR3-39,GO:BP,Positive Regulation of Macromolecule Biosynthetic Process (GO:0010557),2,37,0.1693588682922658,MAPK14;ZPR1,0.24773137122809458
RR1 carcass,RR3-39,GO:BP,Positive Regulation of Metabolic Process (GO:0009893),1,37,0.0775277641871015,MAPK14,0.18133612640372895
RR1 carcass,RR3-39,GO:BP,Positive Regulation of Mitochondrial Fission (GO:0090141),1,37,0.04304151691585698,BNIP3,0.17169841457133939
RR1 carcass,RR3-39,GO:BP,Positive Regulation of Mitotic Cell Cycle (GO:0045931),1,37,0.06388087398421148,PPP1R10,0.17554963438521548
RR1 carcass,RR3-39,GO:BP,Positive Regulation of Multicellular Organismal Process (GO:0051240),2,37,0.2397734957228323,DECR1;LRP1,0.29639835447735197
RR1 carcass,RR3-39,GO:BP,Positive Regulation of Muscle Cell Differentiation (GO:0051149),1,37,0.03834961857277758,MAPK14,0.17169841457133939
RR1 carcass,RR3-39,GO:BP,Positive Regulation of Myeloid Cell Differentiation (GO:0045639),1,37,0.07072869327404334,MAPK14,0.17554963438521548
RR1 carcass,RR3-39,GO:BP,Positive Regulation of Myoblast Differentiation (GO:0045663),1,37,0.09542285371773586,MAPK14,0.19365226195658158
RR1 carcass,RR3-39,GO:BP,Positive Regulation of Nucleocytoplasmic Transport (GO:0046824),1,37,0.10424327927091273,ZPR1,0.20318605281618582
RR1 carcass,RR3-39,GO:BP,Positive Regulation of Organelle Organization (GO:0010638),1,37,0.16368530961493158,BNIP3,0.24499536580109066
RR1 carcass,RR3-39,GO:BP,Positive Regulation of Programmed Cell Death (GO:0043068),1,37,0.42662578111355526,BNIP3,0.45149047387784225
RR1 carcass,RR3-39,GO:BP,Positive Regulation of Protein Import Into Nucleus (GO:0042307),1,37,0.06616891782504804,ZPR1,0.17554963438521548
RR1 carcass,RR3-39,GO:BP,Positive Regulation of Protein Localization to Cell Periphery (GO:1904377),1,37,0.12592982387942647,LRP1,0.21887047475265559
RR1 carcass,RR3-39,GO:BP,Positive Regulation of Protein Localization to Membrane (GO:1905477),1,37,0.12807016779183286,LRP1,0.22203119541800168
RR1 carcass,RR3-39,GO:BP,Positive Regulation of Protein Localization to Nucleus (GO:1900182),1,37,0.1575048464496397,ZPR1,0.24084580564120223
RR1 carcass,RR3-39,GO:BP,Positive Regulation of Protein Localization to Plasma Membrane (GO:1903078),1,37,0.12163378936249764,LRP1,0.2168664461501896
RR1 carcass,RR3-39,GO:BP,Positive Regulation of Protein Ubiquitination (GO:0031398),1,37,0.14919506035340344,ARRDC3,0.23509722309329656
RR1 carcass,RR3-39,GO:BP,Positive Regulation of Protein-Containing Complex Disassembly (GO:0043243),1,37,0.024139231952622374,BNIP3,0.17169841457133939
RR1 carcass,RR3-39,GO:BP,Positive Regulation of RNA Splicing (GO:0033120),1,37,0.054674029915958454,ZPR1,0.17169841457133939
RR1 carcass,RR3-39,GO:BP,Positive Regulation of Reactive Oxygen Species Metabolic Process (GO:2000379),1,37,0.09542285371773586,MAPK14,0.19365226195658158
RR1 carcass,RR3-39,GO:BP,Positive Regulation of Release of Cytochrome C From Mitochondria (GO:0090200),1,37,0.04537910613313523,BNIP3,0.17169841457133939
RR1 carcass,RR3-39,GO:BP,Positive Regulation of Response to Biotic Stimulus (GO:0002833),1,37,0.0865179441961051,CPT1A,0.19011904934812904
RR1 carcass,RR3-39,GO:BP,Positive Regulation of Response to External Stimulus (GO:0032103),2,37,0.04450054087422853,CPT1A;OPTN,0.17169841457133939
RR1 carcass,RR3-39,GO:BP,Positive Regulation of Signal Transduction (GO:0009967),1,37,0.4717250177838572,SALL1,0.4915588197791946
RR1 carcass,RR3-39,GO:BP,Positive Regulation of Striated Muscle Cell Differentiation (GO:0051155),1,37,0.054674029915958454,MAPK14,0.17169841457133939
RR1 carcass,RR3-39,GO:BP,Positive Regulation of Supramolecular Fiber Organization (GO:1902905),1,37,0.19194899941630644,WHAMM,0.2664885504974878
RR1 carcass,RR3-39,GO:BP,Positive Regulation of Syncytium Formation by Plasma Membrane Fusion (GO:0060143),1,37,0.03126977738067423,MAPK14,0.17169841457133939
RR1 carcass,RR3-39,GO:BP,Positive Regulation of Telomere Maintenance (GO:0032206),1,37,0.08875213484025807,PPP1R10,0.19137179074930646
RR1 carcass,RR3-39,GO:BP,Positive Regulation of Transcription Elongation by RNA Polymerase II (GO:0032968),1,37,0.11515119243879011,PPP1R10,0.2118781940873738
RR1 carcass,RR3-39,GO:BP,Positive Regulation of Transport (GO:0051050),1,37,0.12592982387942647,LRP1,0.21887047475265559
RR1 carcass,RR3-39,GO:BP,Positive Regulation of Wnt Signaling Pathway (GO:0030177),1,37,0.236376665572985,SALL1,0.2951433358197454
RR1 carcass,RR3-39,GO:BP,Proteasomal Protein Catabolic Process (GO:0010498),2,37,0.1598657666430009,RANBP10;SOCS2,0.24084580564120223
RR1 carcass,RR3-39,GO:BP,Proteasome-mediated Ubiquitin-Dependent Protein Catabolic Process (GO:0043161),2,37,0.23071353072512432,RANBP10;SOCS2,0.2923510066221121
RR1 carcass,RR3-39,GO:BP,Protein Catabolic Process (GO:0030163),1,37,0.31989621637935234,BNIP3,0.35716567848180114
RR1 carcass,RR3-39,GO:BP,Protein Import Into Nucleus (GO:0006606),1,37,0.15127995225133867,PPP1R10,0.23509722309329656
RR1 carcass,RR3-39,GO:BP,Protein Localization to Golgi Apparatus (GO:0034067),1,37,0.054674029915958454,OPTN,0.17169841457133939
RR1 carcass,RR3-39,GO:BP,Protein Localization to Nucleus (GO:0034504),1,37,0.23825338848057706,PPP1R10,0.2951433358197454
RR1 carcass,RR3-39,GO:BP,Protein Localization to Organelle (GO:0033365),1,37,0.3063367239161838,OPTN,0.34651203197076524
RR1 carcass,RR3-39,GO:BP,Protein Localization to Plasma Membrane (GO:0072659),1,37,0.3063367239161838,OPTN,0.34651203197076524
RR1 carcass,RR3-39,GO:BP,Protein Stabilization (GO:0050821),1,37,0.38239089583281327,PPP1R10,0.4135575519195003
RR1 carcass,RR3-39,GO:BP,Protein Targeting (GO:0006605),1,37,0.20377548861741898,HACL1,0.2735140414309833
RR1 carcass,RR3-39,GO:BP,Protein Transport (GO:0015031),2,37,0.15473345106396802,LRP1;OPTN,0.23885029358867546
RR1 carcass,RR3-39,GO:BP,RNA Catabolic Process (GO:0006401),1,37,0.19788345102752913,ZPR1,0.26930883867651895
RR1 carcass,RR3-39,GO:BP,Receptor Internalization (GO:0031623),1,37,0.10424327927091273,LRP1,0.20318605281618582
RR1 carcass,RR3-39,GO:BP,Receptor-mediated Endocytosis (GO:0006898),1,37,0.26947946057368594,LRP1,0.3167646129401078
RR1 carcass,RR3-39,GO:BP,Regulation of Actin Cytoskeleton Organization (GO:0032956),1,37,0.21736028501827562,LRP1,0.285130411906103
RR1 carcass,RR3-39,GO:BP,Regulation of Actin Filament-Based Process (GO:0032970),1,37,0.20377548861741898,LRP1,0.2735140414309833
RR1 carcass,RR3-39,GO:BP,Regulation of Actin Nucleation (GO:0051125),1,37,0.04069835869508317,WHAMM,0.17169841457133939
RR1 carcass,RR3-39,GO:BP,Regulation of Amyloid-Beta Clearance (GO:1900221),1,37,0.033635340886278425,LRP1,0.17169841457133939
RR1 carcass,RR3-39,GO:BP,Regulation of Autophagy (GO:0010506),2,37,0.09498139321175567,BNIP3;OPTN,0.19365226195658158
RR1 carcass,RR3-39,GO:BP,Regulation of Blood Vessel Endothelial Cell Migration (GO:0043535),1,37,0.12163378936249764,MAPK14,0.2168664461501896
RR1 carcass,RR3-39,GO:BP,Regulation of Canonical NF-kappaB Signal Transduction (GO:0043122),1,37,0.4717250177838572,OPTN,0.4915588197791946
RR1 carcass,RR3-39,GO:BP,Regulation of Carbohydrate Metabolic Process (GO:0006109),1,37,0.03834961857277758,PDK1,0.17169841457133939
RR1 carcass,RR3-39,GO:BP,Regulation of Cardiac Muscle Cell Apoptotic Process (GO:0010665),1,37,0.028898580090589866,PPP1R10,0.17169841457133939
RR1 carcass,RR3-39,GO:BP,Regulation of Cell Adhesion (GO:0030155),1,37,0.26587147567312996,ERBB3,0.3152084505403087
RR1 carcass,RR3-39,GO:BP,Regulation of Cell Communication (GO:0010646),1,37,0.130205411937157,SOCS2,0.2229323430189537
RR1 carcass,RR3-39,GO:BP,Regulation of Cell Cycle (GO:0051726),2,37,0.1676251861650468,PIM3;ZPR1,0.2468421107306438
RR1 carcass,RR3-39,GO:BP,Regulation of Cell Development (GO:0060284),1,37,0.11515119243879011,BHLHE40,0.2118781940873738
RR1 carcass,RR3-39,GO:BP,Regulation of Cell Growth (GO:0001558),2,37,0.07746517783852258,CISH;SOCS2,0.18133612640372895
RR1 carcass,RR3-39,GO:BP,Regulation of Cell Motility (GO:2000145),1,37,0.23825338848057706,CFAP20,0.2951433358197454
RR1 carcass,RR3-39,GO:BP,Regulation of Cellular Component Organization (GO:0051128),3,37,0.005868703518884148,CISH;LRP1;SOCS2,0.10656330073763322
RR1 carcass,RR3-39,GO:BP,Regulation of Cellular Component Size (GO:0032535),1,37,0.07978334657707489,PEX11A,0.18228645409993932
RR1 carcass,RR3-39,GO:BP,Regulation of Cholesterol Efflux (GO:0010874),1,37,0.07072869327404334,LRP1,0.17554963438521548
RR1 carcass,RR3-39,GO:BP,Regulation of Cold-Induced Thermogenesis (GO:0120161),2,37,0.046253817057296746,ARRDC3;DECR1,0.17169841457133939
RR1 carcass,RR3-39,GO:BP,Regulation of Cytokine Production (GO:0001817),1,37,0.28901708674597487,MAPK14,0.3329245239644786
RR1 carcass,RR3-39,GO:BP,Regulation of Cytokine Production Involved in Inflammatory Response (GO:1900015),1,37,0.12163378936249764,MAPK14,0.2168664461501896
RR1 carcass,RR3-39,GO:BP,Regulation of Cytoskeleton Organization (GO:0051493),1,37,0.27485910982565714,LRP1,0.3209014987812241
RR1 carcass,RR3-39,GO:BP,Regulation of Endocytosis (GO:0030100),1,37,0.15127995225133867,LRP1,0.23509722309329656
RR1 carcass,RR3-39,GO:BP,Regulation of Epithelial Cell Proliferation (GO:0050678),1,37,0.1959100277738567,ERBB3,0.26821015707135143
RR1 carcass,RR3-39,GO:BP,Regulation of Erythrocyte Differentiation (GO:0045646),1,37,0.0775277641871015,MAPK14,0.18133612640372895
RR1 carcass,RR3-39,GO:BP,Regulation of Extracellular Matrix Disassembly (GO:0010715),1,37,0.04304151691585698,LRP1,0.17169841457133939
RR1 carcass,RR3-39,GO:BP,Regulation of Extracellular Matrix Organization (GO:1903053),1,37,0.054674029915958454,LRP1,0.17169841457133939
RR1 carcass,RR3-39,GO:BP,Regulation of Feeding Behavior (GO:0060259),1,37,0.04069835869508317,CFAP20,0.17169841457133939
RR1 carcass,RR3-39,GO:BP,Regulation of Glucose Metabolic Process (GO:0010906),1,37,0.06845152006066099,PDK1,0.17554963438521548
RR1 carcass,RR3-39,GO:BP,Regulation of Hippo Signaling (GO:0035330),2,37,0.0044735210752255995,ARRDC3;MAPK14,0.0951796113201869
RR1 carcass,RR3-39,GO:BP,Regulation of Inflammatory Response to Antigenic Stimulus (GO:0002861),1,37,0.04537910613313523,MAPK14,0.17169841457133939
RR1 carcass,RR3-39,GO:BP,Regulation of Innate Immune Response (GO:0045088),1,37,0.15956992234770948,CPT1A,0.24084580564120223
RR1 carcass,RR3-39,GO:BP,Regulation of Insulin Secretion Involved in Cellular Response to Glucose Stimulus (GO:0061178),1,37,0.06388087398421148,PIM3,0.17554963438521548
RR1 carcass,RR3-39,GO:BP,Regulation of Interleukin-12 Production (GO:0032655),1,37,0.09098100844446969,MAPK14,0.19365226195658158
RR1 carcass,RR3-39,GO:BP,Regulation of Intracellular Signal Transduction (GO:1902531),1,37,0.5393325066692166,OPTN,0.5488782147518576
RR1 carcass,RR3-39,GO:BP,Regulation of Lipid Transport (GO:0032368),1,37,0.028898580090589866,LRP1,0.17169841457133939
RR1 carcass,RR3-39,GO:BP,Regulation of MAPK Cascade (GO:0043408),1,37,0.4730363135266452,ERBB3,0.4915588197791946
RR1 carcass,RR3-39,GO:BP,Regulation of Macroautophagy (GO:0016241),1,37,0.2269253644769097,BNIP3,0.2904981474750792
RR1 carcass,RR3-39,GO:BP,Regulation of Macromolecule Biosynthetic Process (GO:0010556),1,37,0.2766437455138609,TOB2,0.32189575784918045
RR1 carcass,RR3-39,GO:BP,Regulation of Mitochondrial Fission (GO:0090140),1,37,0.05928841101318921,BNIP3,0.17188656974412
RR1 carcass,RR3-39,GO:BP,Regulation of Mitochondrial Fusion (GO:0010635),1,37,0.03126977738067423,BNIP3,0.17169841457133939
RR1 carcass,RR3-39,GO:BP,Regulation of Mitochondrial Gene Expression (GO:0062125),1,37,0.024139231952622374,MTG1,0.17169841457133939
RR1 carcass,RR3-39,GO:BP,Regulation of Mitochondrial Membrane Permeability (GO:0046902),1,37,0.03834961857277758,BNIP3,0.17169841457133939
RR1 carcass,RR3-39,GO:BP,Regulation of Mitochondrial Translation (GO:0070129),1,37,0.047711139216000266,MTG1,0.17169841457133939
RR1 carcass,RR3-39,GO:BP,Regulation of Mitotic Cell Cycle (GO:0007346),1,37,0.25494318289986506,PIM3,0.30699964432968047
RR1 carcass,RR3-39,GO:BP,Regulation of Muscle Cell Differentiation (GO:0051147),1,37,0.05698396657512568,MAPK14,0.17169841457133939
RR1 carcass,RR3-39,GO:BP,Regulation of Myelination (GO:0031641),1,37,0.05928841101318921,ZPR1,0.17188656974412
RR1 carcass,RR3-39,GO:BP,Regulation of Myoblast Differentiation (GO:0045661),1,37,0.13233556812979164,MAPK14,0.22325560393534533
RR1 carcass,RR3-39,GO:BP,Regulation of Myoblast Fusion (GO:1901739),1,37,0.09542285371773586,MAPK14,0.19365226195658158
RR1 carcass,RR3-39,GO:BP,Regulation of Myotube Differentiation (GO:0010830),1,37,0.05235858831043023,MAPK14,0.17169841457133939
RR1 carcass,RR3-39,GO:BP,Regulation of Nervous System Development (GO:0051960),2,37,0.0044735210752255995,BHLHE40;ZPR1,0.0951796113201869
RR1 carcass,RR3-39,GO:BP,Regulation of Neurogenesis (GO:0050767),1,37,0.13233556812979164,BHLHE40,0.22325560393534533
RR1 carcass,RR3-39,GO:BP,Regulation of Neuron Apoptotic Process (GO:0043523),1,37,0.25126536815985656,ERBB3,0.303099832220806
RR1 carcass,RR3-39,GO:BP,Regulation of Phosphatidylinositol 3-Kinase/Protein Kinase B Signal Transduction (GO:0051896),1,37,0.4019526284867185,ERBB3,0.43133330273069326
RR1 carcass,RR3-39,GO:BP,Regulation of Programmed Cell Death (GO:0043067),1,37,0.3397531463200846,BNIP3,0.3744882922697418
RR1 carcass,RR3-39,GO:BP,Regulation of Protein Import Into Nucleus (GO:0042306),1,37,0.09542285371773586,ZPR1,0.19365226195658158
RR1 carcass,RR3-39,GO:BP,Regulation of Protein Localization to Plasma Membrane (GO:1903076),1,37,0.18796898852263766,LRP1,0.2636150448793089
RR1 carcass,RR3-39,GO:BP,Regulation of Protein-Containing Complex Disassembly (GO:0043244),1,37,0.03834961857277758,BNIP3,0.17169841457133939
RR1 carcass,RR3-39,GO:BP,Regulation of RNA Biosynthetic Process (GO:2001141),1,37,0.6331388769264699,BHLHE40,0.6386927267240705
RR1 carcass,RR3-39,GO:BP,Regulation of RNA Splicing (GO:0043484),1,37,0.20377548861741898,ZPR1,0.2735140414309833
RR1 carcass,RR3-39,GO:BP,Regulation of Reactive Oxygen Species Metabolic Process (GO:2000377),1,37,0.11947807499571682,MAPK14,0.2158111825838864
RR1 carcass,RR3-39,GO:BP,Regulation of Receptor Recycling (GO:0001919),1,37,0.035995283621887135,OPTN,0.17169841457133939
RR1 carcass,RR3-39,GO:BP,Regulation of Receptor Signaling Pathway via JAK-STAT (GO:0046425),2,37,0.007113268753875539,CISH;SOCS2,0.12270388600435304
RR1 carcass,RR3-39,GO:BP,Regulation of Release of Cytochrome C From Mitochondria (GO:0090199),1,37,0.08203356243700796,BNIP3,0.18497764078933168
RR1 carcass,RR3-39,GO:BP,Regulation of SMAD Protein Signal Transduction (GO:0060390),1,37,0.13446064815754025,LRP1,0.22410108026256706
RR1 carcass,RR3-39,GO:BP,Regulation of Secretion (GO:0051046),1,37,0.04069835869508317,ERBB3,0.17169841457133939
RR1 carcass,RR3-39,GO:BP,Regulation of Signal Transduction (GO:0009966),2,37,0.09422987691113405,ERBB3;SOCS2,0.19365226195658158
RR1 carcass,RR3-39,GO:BP,Regulation of Small Molecule Metabolic Process (GO:0062012),1,37,0.07978334657707489,PDK1,0.18228645409993932
RR1 carcass,RR3-39,GO:BP,Regulation of Smooth Muscle Cell Migration (GO:0014910),1,37,0.04537910613313523,LRP1,0.17169841457133939
RR1 carcass,RR3-39,GO:BP,Regulation of Telomere Maintenance (GO:0032204),1,37,0.11515119243879011,PPP1R10,0.2118781940873738
RR1 carcass,RR3-39,GO:BP,Regulation of Transcription Elongation by RNA Polymerase II (GO:0034243),1,37,0.18196318637307116,PPP1R10,0.2572840135193014
RR1 carcass,RR3-39,GO:BP,Regulation of Translation (GO:0006417),1,37,0.35904553786606774,MTG1,0.391376652650216
RR1 carcass,RR3-39,GO:BP,Regulation of Wnt Signaling Pathway (GO:0030111),2,37,0.02654446867583552,LRP1;SALL1,0.17169841457133939
RR1 carcass,RR3-39,GO:BP,Renal System Development (GO:0072001),1,37,0.12163378936249764,SALL1,0.2168664461501896
RR1 carcass,RR3-39,GO:BP,Response to Amyloid-Beta (GO:1904645),1,37,0.09542285371773586,LRP1,0.19365226195658158
RR1 carcass,RR3-39,GO:BP,Response to Cytokine (GO:0034097),1,37,0.24941984278659135,GCH1,0.303099832220806
RR1 carcass,RR3-39,GO:BP,Response to Epidermal Growth Factor (GO:0070849),1,37,0.06616891782504804,ZPR1,0.17554963438521548
RR1 carcass,RR3-39,GO:BP,Response to Estradiol (GO:0032355),1,37,0.06845152006066099,SOCS2,0.17554963438521548
RR1 carcass,RR3-39,GO:BP,Response to Ionizing Radiation (GO:0010212),1,37,0.15127995225133867,MAPK14,0.23509722309329656
RR1 carcass,RR3-39,GO:BP,Response to Lipopolysaccharide (GO:0032496),2,37,0.038296026480240566,GCH1;MAPK14,0.17169841457133939
RR1 carcass,RR3-39,GO:BP,Response to Molecule of Bacterial Origin (GO:0002237),1,37,0.13233556812979164,GCH1,0.22325560393534533
RR1 carcass,RR3-39,GO:BP,Response to Tumor Necrosis Factor (GO:0034612),1,37,0.1429104414483515,GCH1,0.2331163229299351
RR1 carcass,RR3-39,GO:BP,Response to Type II Interferon (GO:0034341),1,37,0.11298000032527047,GCH1,0.21012452890683728
RR1 carcass,RR3-39,GO:BP,Response to UV-B (GO:0010224),1,37,0.033635340886278425,MAPK14,0.17169841457133939
RR1 carcass,RR3-39,GO:BP,Response to Unfolded Protein (GO:0006986),1,37,0.09542285371773586,OPTN,0.19365226195658158
RR1 carcass,RR3-39,GO:BP,Reticulophagy (GO:0061709),2,37,0.0015454867551131944,BNIP3;TEX264,0.04636460265339583
RR1 carcass,RR3-39,GO:BP,Retinoid Metabolic Process (GO:0001523),1,37,0.11080362499450344,LRP1,0.20832289167903917
RR1 carcass,RR3-39,GO:BP,Ribosomal Large Subunit Assembly (GO:0000027),1,37,0.05698396657512568,MTG1,0.17169841457133939
RR1 carcass,RR3-39,GO:BP,Signal Transduction in Response to DNA Damage (GO:0042770),1,37,0.17793533137436177,MAPK14,0.25472070258985396
RR1 carcass,RR3-39,GO:BP,Sphingolipid Biosynthetic Process (GO:0030148),1,37,0.17793533137436177,ST3GAL5,0.25472070258985396
RR1 carcass,RR3-39,GO:BP,Steroid Metabolic Process (GO:0008202),1,37,0.1450103165421411,AMACR,0.23509722309329656
RR1 carcass,RR3-39,GO:BP,Sterol Homeostasis (GO:0055092),1,37,0.18196318637307116,ABCG8,0.2572840135193014
RR1 carcass,RR3-39,GO:BP,Sterol Transport (GO:0015918),1,37,0.05928841101318921,ABCG8,0.17188656974412
RR1 carcass,RR3-39,GO:BP,Stress-activated MAPK Cascade (GO:0051403),1,37,0.033635340886278425,MAPK14,0.17169841457133939
RR1 carcass,RR3-39,GO:BP,Stress-activated Protein Kinase Signaling Cascade (GO:0031098),1,37,0.03834961857277758,MAPK14,0.17169841457133939
RR1 carcass,RR3-39,GO:BP,Supramolecular Fiber Organization (GO:0097435),1,37,0.5010965493315985,WHAMM,0.5168260374272092
RR1 carcass,RR3-39,GO:BP,Transcription by RNA Polymerase II (GO:0006366),1,37,0.38239089583281327,PPP1R10,0.4135575519195003
RR1 carcass,RR3-39,GO:BP,Transport Across Blood-Brain Barrier (GO:0150104),3,37,0.0009652356982417088,ABCC3;LRP1;SLC7A2,0.038875237658028604
RR1 carcass,RR3-39,GO:BP,Ubiquitin-dependent Protein Catabolic Process (GO:0006511),2,37,0.29257163549688375,RANBP10;SOCS2,0.33478346350389687
RR1 carcass,RR3-39,GO:BP,Ureteric Bud Development (GO:0001657),1,37,0.04537910613313523,SALL1,0.17169841457133939
RR1 carcass,RR3-39,GO:BP,Ureteric Bud Morphogenesis (GO:0060675),1,37,0.04304151691585698,SALL1,0.17169841457133939
RR1 carcass,RR3-39,GO:BP,Vacuolar Transport (GO:0007034),1,37,0.07072869327404334,LRP1,0.17554963438521548
RR1 carcass,RR3-39,GO:BP,Vascular Endothelial Growth Factor Receptor Signaling Pathway (GO:0048010),1,37,0.06845152006066099,MAPK14,0.17554963438521548
RR1 carcass,RR3-39,GO:BP,Vascular Transport (GO:0010232),3,37,0.0008967591434883148,ABCC3;LRP1;SLC7A2,0.038875237658028604
RR1 carcass,RR3-39,GO:BP,Ventricular Septum Development (GO:0003281),1,37,0.08875213484025807,SALL1,0.19137179074930646
RR1 carcass,RR3-39,GO:BP,Wound Healing (GO:0042060),1,37,0.15956992234770948,ERBB3,0.24084580564120223
RR1 carcass,RR3-39,GO:BP,Xenobiotic Transport (GO:0042908),1,37,0.03126977738067423,ABCC3,0.17169841457133939
RR1 carcass,RR3-39,KEGG,ABC TRANSPORTERS,2,37,0.004054937880213274,ABCC3;ABCG8,0.0932635712449053
RR1 carcass,RR3-39,KEGG,ADIPOCYTOKINE SIGNALING PATHWAY,1,37,0.15335987288762823,CPT1A,0.23726078989341587
RR1 carcass,RR3-39,KEGG,ADRENERGIC SIGNALING IN CARDIOMYOCYTES,1,37,0.28550301678150497,MAPK14,0.32942655782481345
RR1 carcass,RR3-39,KEGG,AGE-RAGE SIGNALING PATHWAY IN DIABETIC COMPLICATIONS,1,37,0.2057301268154787,MAPK14,0.2735140414309833
RR1 carcass,RR3-39,KEGG,ALCOHOLIC LIVER DISEASE,2,37,0.028950845465004565,CPT1A;MAPK14,0.17169841457133939
RR1 carcass,RR3-39,KEGG,AMINO SUGAR AND NUCLEOTIDE SUGAR METABOLISM,1,37,0.07978334657707489,GALK1,0.18228645409993932
RR1 carcass,RR3-39,KEGG,AMPK SIGNALING PATHWAY,1,37,0.24199338079607063,CPT1A,0.2965815857003352
RR1 carcass,RR3-39,KEGG,AMYOTROPHIC LATERAL SCLEROSIS,3,37,0.03630808543318229,ANXA7;MAPK14;OPTN,0.17169841457133939
RR1 carcass,RR3-39,KEGG,AUTOPHAGY - ANIMAL,2,37,0.050442624892466224,BNIP3;OPTN,0.17169841457133939
RR1 carcass,RR3-39,KEGG,BILE SECRETION,2,37,0.009990385049054992,ABCC3;ABCG8,0.16531437707437888
RR1 carcass,RR3-39,KEGG,C-TYPE LECTIN RECEPTOR SIGNALING PATHWAY,1,37,0.2057301268154787,MAPK14,0.2735140414309833
RR1 carcass,RR3-39,KEGG,CALCIUM SIGNALING PATHWAY,1,37,0.4364948781130099,ERBB3,0.4598190319053082
RR1 carcass,RR3-39,KEGG,CELLULAR SENESCENCE,1,37,0.28550301678150497,MAPK14,0.32942655782481345
RR1 carcass,RR3-39,KEGG,CHAGAS DISEASE,1,37,0.1959100277738567,MAPK14,0.26821015707135143
RR1 carcass,RR3-39,KEGG,CHEMICAL CARCINOGENESIS - REACTIVE OXYGEN SPECIES,1,37,0.34138218963737965,MAPK14,0.3750855268308789
RR1 carcass,RR3-39,KEGG,CHOLESTEROL METABOLISM,1,37,0.10424327927091273,ABCG8,0.20318605281618582
RR1 carcass,RR3-39,KEGG,CORONAVIRUS DISEASE - COVID-19,1,37,0.3215729114748991,MAPK14,0.358457688073797
RR1 carcass,RR3-39,KEGG,CYSTEINE AND METHIONINE METABOLISM,1,37,0.10424327927091273,KYAT3,0.20318605281618582
RR1 carcass,RR3-39,KEGG,DIABETIC CARDIOMYOPATHY,1,37,0.3298962413931573,MAPK14,0.36655137932573034
RR1 carcass,RR3-39,KEGG,DOPAMINERGIC SYNAPSE,1,37,0.2567754927857213,MAPK14,0.3081305913428656
RR1 carcass,RR3-39,KEGG,EFFEROCYTOSIS,2,37,0.047436779775294494,CPT1A;MAPK14,0.17169841457133939
RR1 carcass,RR3-39,KEGG,EPITHELIAL CELL SIGNALING IN HELICOBACTER PYLORI INFECTION,1,37,0.1429104414483515,MAPK14,0.2331163229299351
RR1 carcass,RR3-39,KEGG,EPSTEIN-BARR VIRUS INFECTION,1,37,0.32491424447373257,MAPK14,0.36159811078528303
RR1 carcass,RR3-39,KEGG,ERBB SIGNALING PATHWAY,1,37,0.16778108685894486,ERBB3,0.2468421107306438
RR1 carcass,RR3-39,KEGG,FAT DIGESTION AND ABSORPTION,1,37,0.0932045773118209,ABCG8,0.19365226195658158
RR1 carcass,RR3-39,KEGG,FATTY ACID DEGRADATION,1,37,0.08427842418121355,CPT1A,0.18819453943377784
RR1 carcass,RR3-39,KEGG,FC EPSILON RI SIGNALING PATHWAY,1,37,0.1365806637816744,MAPK14,0.22654004329171956
RR1 carcass,RR3-39,KEGG,FLUID SHEAR STRESS AND ATHEROSCLEROSIS,1,37,0.25126536815985656,MAPK14,0.303099832220806
RR1 carcass,RR3-39,KEGG,FOLATE BIOSYNTHESIS,1,37,0.04069835869508317,GCH1,0.17169841457133939
RR1 carcass,RR3-39,KEGG,FOLATE TRANSPORT AND METABOLISM,1,37,0.04537910613313523,ABCC3,0.17169841457133939
RR1 carcass,RR3-39,KEGG,FOXO SIGNALING PATHWAY,2,37,0.035065996597133595,BNIP3;MAPK14,0.17169841457133939
RR1 carcass,RR3-39,KEGG,GALACTOSE METABOLISM,1,37,0.06158737592682934,GALK1,0.17554963438521548
RR1 carcass,RR3-39,KEGG,GLUCAGON SIGNALING PATHWAY,1,37,0.2018161705194439,CPT1A,0.2735140414309833
RR1 carcass,RR3-39,KEGG,"GLYCINE, SERINE AND THREONINE METABOLISM",1,37,0.07978334657707489,ALAS1,0.18228645409993932
RR1 carcass,RR3-39,KEGG,GLYCOSPHINGOLIPID BIOSYNTHESIS - GANGLIO SERIES,1,37,0.033635340886278425,ST3GAL5,0.17169841457133939
RR1 carcass,RR3-39,KEGG,GLYOXYLATE AND DICARBOXYLATE METABOLISM,1,37,0.06616891782504804,HAO2,0.17554963438521548
RR1 carcass,RR3-39,KEGG,GNRH SIGNALING PATHWAY,1,37,0.1759141743048457,MAPK14,0.253404551712617
RR1 carcass,RR3-39,KEGG,"GROWTH HORMONE SYNTHESIS, SECRETION AND ACTION",2,37,0.02749674834097328,MAPK14;SOCS2,0.17169841457133939
RR1 carcass,RR3-39,KEGG,HEPATITIS B,1,37,0.28020020567068027,MAPK14,0.32548508739523463
RR1 carcass,RR3-39,KEGG,HUMAN CYTOMEGALOVIRUS INFECTION,1,37,0.36220715351361416,MAPK14,0.39420021439178826
RR1 carcass,RR3-39,KEGG,HUMAN IMMUNODEFICIENCY VIRUS 1 INFECTION,1,37,0.3397531463200846,MAPK14,0.3744882922697418
RR1 carcass,RR3-39,KEGG,IGSF CAM SIGNALING,1,37,0.4730363135266452,MAPK14,0.4915588197791946
RR1 carcass,RR3-39,KEGG,IL-17 SIGNALING PATHWAY,1,37,0.16778108685894486,MAPK14,0.2468421107306438
RR1 carcass,RR3-39,KEGG,INFLAMMATORY MEDIATOR REGULATION OF TRP CHANNELS,1,37,0.18996137230411403,MAPK14,0.26586885778871944
RR1 carcass,RR3-39,KEGG,INSULIN RESISTANCE,1,37,0.2192824668605807,CPT1A,0.2871060761552195
RR1 carcass,RR3-39,KEGG,INSULIN SIGNALING PATHWAY,1,37,0.26587147567312996,SOCS2,0.3152084505403087
RR1 carcass,RR3-39,KEGG,JAK-STAT SIGNALING PATHWAY,2,37,0.035596543118191104,CISH;SOCS2,0.17169841457133939
RR1 carcass,RR3-39,KEGG,KAPOSI SARCOMA-ASSOCIATED HERPESVIRUS INFECTION,1,37,0.31145207819198345,MAPK14,0.3500031497597208
RR1 carcass,RR3-39,KEGG,LEGIONELLOSIS,1,37,0.09542285371773586,BNIP3,0.19365226195658158
RR1 carcass,RR3-39,KEGG,LEISHMANIASIS,1,37,0.130205411937157,MAPK14,0.2229323430189537
RR1 carcass,RR3-39,KEGG,LEUKOCYTE TRANSENDOTHELIAL MIGRATION,1,37,0.22882468463058542,MAPK14,0.29087344695254314
RR1 carcass,RR3-39,KEGG,LIPID AND ATHEROSCLEROSIS,1,37,0.34138218963737965,MAPK14,0.3750855268308789
RR1 carcass,RR3-39,KEGG,MAPK SIGNALING PATHWAY,2,37,0.15303032154787258,ERBB3;MAPK14,0.23726078989341587
RR1 carcass,RR3-39,KEGG,MICRORNAS IN CANCER,1,37,0.30975105174430395,ERBB3,0.34922912696661723
RR1 carcass,RR3-39,KEGG,MITOPHAGY - ANIMAL,2,37,0.02069949692614773,BNIP3;OPTN,0.17169841457133939
RR1 carcass,RR3-39,KEGG,NEUROTROPHIN SIGNALING PATHWAY,1,37,0.23825338848057706,MAPK14,0.2951433358197454
RR1 carcass,RR3-39,KEGG,NEUTROPHIL EXTRACELLULAR TRAP FORMATION,1,37,0.21736028501827562,MAPK14,0.285130411906103
RR1 carcass,RR3-39,KEGG,NOD-LIKE RECEPTOR SIGNALING PATHWAY,1,37,0.2640609874107765,MAPK14,0.3141415195059237
RR1 carcass,RR3-39,KEGG,NON-ALCOHOLIC FATTY LIVER DISEASE,1,37,0.2837396504275104,MAPK14,0.32849053489090974
RR1 carcass,RR3-39,KEGG,OOCYTE MEIOSIS,1,37,0.23260971396455005,MAPK14,0.2923510066221121
RR1 carcass,RR3-39,KEGG,OSTEOCLAST DIFFERENTIATION,1,37,0.236376665572985,MAPK14,0.2951433358197454
RR1 carcass,RR3-39,KEGG,PATHOGENIC ESCHERICHIA COLI INFECTION,1,37,0.3397531463200846,MAPK14,0.3744882922697418
RR1 carcass,RR3-39,KEGG,PATHWAYS OF NEURODEGENERATION - MULTIPLE DISEASES,2,37,0.2606853586841358,MAPK14;OPTN,0.3117381239030393
RR1 carcass,RR3-39,KEGG,PD-L1 EXPRESSION AND PD-1 CHECKPOINT PATHWAY IN CANCER,1,37,0.17793533137436177,MAPK14,0.25472070258985396
RR1 carcass,RR3-39,KEGG,PEROXISOME,3,37,0.0009305970885035857,AMACR;HAO2;PEX11A,0.038875237658028604
RR1 carcass,RR3-39,KEGG,PERTUSSIS,1,37,0.13233556812979164,MAPK14,0.22325560393534533
RR1 carcass,RR3-39,KEGG,PI3K-AKT SIGNALING PATHWAY,1,37,0.5370287058047161,ERBB3,0.5473409261525171
RR1 carcass,RR3-39,KEGG,PLATELET ACTIVATION,1,37,0.2457155045613631,MAPK14,0.30007734185370005
RR1 carcass,RR3-39,KEGG,PORPHYRIN METABOLISM,1,37,0.06388087398421148,ALAS1,0.17554963438521548
RR1 carcass,RR3-39,KEGG,PPAR SIGNALING PATHWAY,1,37,0.14710518564272662,CPT1A,0.23509722309329656
RR1 carcass,RR3-39,KEGG,PRIMARY BILE ACID BIOSYNTHESIS,1,37,0.035995283621887135,AMACR,0.17169841457133939
RR1 carcass,RR3-39,KEGG,PRION DISEASE,1,37,0.41803287088293056,MAPK14,0.44444172713285374
RR1 carcass,RR3-39,KEGG,PROGESTERONE-MEDIATED OOCYTE MATURATION,1,37,0.18396990666109045,MAPK14,0.25958943884693747
RR1 carcass,RR3-39,KEGG,PROLACTIN SIGNALING PATHWAY,3,37,0.00045792886882283033,CISH;MAPK14;SOCS2,0.028724629044341175
RR1 carcass,RR3-39,KEGG,PROTEOGLYCANS IN CANCER,2,37,0.075356620599313,ERBB3;MAPK14,0.18133612640372895
RR1 carcass,RR3-39,KEGG,RAP1 SIGNALING PATHWAY,1,37,0.3839174865772974,MAPK14,0.4145587883229033
RR1 carcass,RR3-39,KEGG,RELAXIN SIGNALING PATHWAY,1,37,0.24756989169300628,MAPK14,0.30180781849500765
RR1 carcass,RR3-39,KEGG,RETROGRADE ENDOCANNABINOID SIGNALING,1,37,0.27485910982565714,MAPK14,0.3209014987812241
RR1 carcass,RR3-39,KEGG,RIG-I-LIKE RECEPTOR SIGNALING PATHWAY,1,37,0.11515119243879011,MAPK14,0.2118781940873738
RR1 carcass,RR3-39,KEGG,RNA DEGRADATION,1,37,0.15127995225133867,TOB2,0.23509722309329656
RR1 carcass,RR3-39,KEGG,SALMONELLA INFECTION,1,37,0.4107765125167082,MAPK14,0.4394353389713623
RR1 carcass,RR3-39,KEGG,SELENOCOMPOUND METABOLISM,1,37,0.03834961857277758,KYAT3,0.17169841457133939
RR1 carcass,RR3-39,KEGG,SHIGELLOSIS,2,37,0.09198611884112814,BNIP3;MAPK14,0.19365226195658158
RR1 carcass,RR3-39,KEGG,SIGNALING PATHWAYS REGULATING PLURIPOTENCY OF STEM CELLS,1,37,0.26947946057368594,MAPK14,0.3167646129401078
RR1 carcass,RR3-39,KEGG,SPHINGOLIPID SIGNALING PATHWAY,1,37,0.24199338079607063,MAPK14,0.2965815857003352
RR1 carcass,RR3-39,KEGG,T CELL RECEPTOR SIGNALING PATHWAY,1,37,0.23260971396455005,MAPK14,0.2923510066221121
RR1 carcass,RR3-39,KEGG,TH1 AND TH2 CELL DIFFERENTIATION,1,37,0.17388818257390076,MAPK14,0.25206480247057045
RR1 carcass,RR3-39,KEGG,TH17 CELL DIFFERENTIATION,1,37,0.19985216162865574,MAPK14,0.2714527392200245
RR1 carcass,RR3-39,KEGG,THERMOGENESIS,3,37,0.010086994139412676,CPT1A;MAPK14;SLC25A20,0.16531437707437888
RR1 carcass,RR3-39,KEGG,TIGHT JUNCTION,1,37,0.3046234034078328,WHAMM,0.345707480841126
RR1 carcass,RR3-39,KEGG,TNF SIGNALING PATHWAY,1,37,0.23260971396455005,MAPK14,0.2923510066221121
RR1 carcass,RR3-39,KEGG,TOLL-LIKE RECEPTOR SIGNALING PATHWAY,1,37,0.1759141743048457,MAPK14,0.253404551712617
RR1 carcass,RR3-39,KEGG,TOXOPLASMOSIS,1,37,0.20377548861741898,MAPK14,0.2735140414309833
RR1 carcass,RR3-39,KEGG,TRYPTOPHAN METABOLISM,1,37,0.08875213484025807,KYAT3,0.19137179074930646
RR1 carcass,RR3-39,KEGG,TUBERCULOSIS,1,37,0.2837396504275104,MAPK14,0.32849053489090974
RR1 carcass,RR3-39,KEGG,TYPE II DIABETES MELLITUS,1,37,0.09984357810903255,SOCS2,0.19853622160009354
RR1 carcass,RR3-39,KEGG,VEGF SIGNALING PATHWAY,1,37,0.12378436835889704,MAPK14,0.2184430029862889
RR1 carcass,RR3-39,KEGG,YERSINIA INFECTION,1,37,0.25126536815985656,MAPK14,0.303099832220806
RR1 carcass,RR3-39,Reactome,ABC Transporter Disorders,1,37,0.1429104414483515,ABCG8,0.2331163229299351
RR1 carcass,RR3-39,Reactome,ABC Transporters in Lipid Homeostasis,1,37,0.04069835869508317,ABCG8,0.17169841457133939
RR1 carcass,RR3-39,Reactome,ABC-family Proteins Mediated Transport,2,37,0.018211109561171192,ABCC3;ABCG8,0.17169841457133939
RR1 carcass,RR3-39,Reactome,ADP Signalling Through P2Y Purinoceptor 1,1,37,0.054674029915958454,MAPK14,0.17169841457133939
RR1 carcass,RR3-39,Reactome,Activated TAK1 Mediates P38 MAPK Activation,1,37,0.05235858831043023,MAPK14,0.17169841457133939
RR1 carcass,RR3-39,Reactome,"Activation of IRF3, IRF7 Mediated by TBK1, IKKε (IKBKE)",1,37,0.03834961857277758,OPTN,0.17169841457133939
RR1 carcass,RR3-39,Reactome,Aerobic Respiration and Respiratory Electron Transport,1,37,0.41803287088293056,PDK1,0.44444172713285374
RR1 carcass,RR3-39,Reactome,Amino Acid Transport Across the Plasma Membrane,1,37,0.07072869327404334,SLC7A2,0.17554963438521548
RR1 carcass,RR3-39,Reactome,Anti-inflammatory Response Favouring Leishmania Parasite Infection,1,37,0.15127995225133867,MAPK14,0.23509722309329656
RR1 carcass,RR3-39,Reactome,Asparagine N-linked Glycosylation,1,37,0.5035741547502419,ST3GAL5,0.5186062190711447
RR1 carcass,RR3-39,Reactome,Aspirin ADME,1,37,0.033635340886278425,ABCC3,0.17169841457133939
RR1 carcass,RR3-39,Reactome,Autophagy,1,37,0.2907678100116744,OPTN,0.33438298151342555
RR1 carcass,RR3-39,Reactome,"BMAL1 CLOCK,NPAS2 Activates Circadian Gene Expression",1,37,0.05698396657512568,BHLHE40,0.17169841457133939
RR1 carcass,RR3-39,Reactome,Bile Acid and Bile Salt Metabolism,2,37,0.0034634013898120564,ABCC3;AMACR,0.08240506755070065
RR1 carcass,RR3-39,Reactome,Binding and Uptake of Ligands by Scavenger Receptors,1,37,0.07526680282481493,LRP1,0.18133612640372895
RR1 carcass,RR3-39,Reactome,Biosynthesis of the N-glycan Precursor (Dolichol LLO) and Transfer to a Nascent Protein,1,37,0.16778108685894486,ST3GAL5,0.2468421107306438
RR1 carcass,RR3-39,Reactome,Carnitine Shuttle,2,37,0.0003764506707461091,CPT1A;SLC25A20,0.027296979613563293
RR1 carcass,RR3-39,Reactome,"Cell Cycle, Mitotic",1,37,0.6756586521185766,OPTN,0.6766392887689664
RR1 carcass,RR3-39,Reactome,Cellular Response to Chemical Stress,1,37,0.347859344020146,ABCC3,0.37978314457895684
RR1 carcass,RR3-39,Reactome,Cellular Senescence,1,37,0.2766437455138609,MAPK14,0.32189575784918045
RR1 carcass,RR3-39,Reactome,Circadian Clock,2,37,0.011263329448737132,BHLHE40;CPT1A,0.17169841457133939
RR1 carcass,RR3-39,Reactome,Constitutive Signaling by Aberrant PI3K in Cancer,1,37,0.17388818257390076,ERBB3,0.25206480247057045
RR1 carcass,RR3-39,Reactome,Death Receptor Signaling,1,37,0.29945870028181004,OPTN,0.34153141023875855
RR1 carcass,RR3-39,Reactome,Diseases Associated With Glycosylation Precursor Biosynthesis,1,37,0.033635340886278425,GALK1,0.17169841457133939
RR1 carcass,RR3-39,Reactome,Diseases of Glycosylation,1,37,0.2622461551349965,GALK1,0.3130620191057916
RR1 carcass,RR3-39,Reactome,Diseases of Metabolism,1,37,0.42662578111355526,GALK1,0.45149047387784225
RR1 carcass,RR3-39,Reactome,Diseases of Signal Transduction by Growth Factor Receptors and Second Messengers,1,37,0.6519872180597772,ERBB3,0.6557117715440555
RR1 carcass,RR3-39,Reactome,Disorders of Transmembrane Transporters,1,37,0.31145207819198345,ABCG8,0.3500031497597208
RR1 carcass,RR3-39,Reactome,Downregulation of ERBB2 ERBB3 Signaling,1,37,0.026521735972269547,ERBB3,0.17169841457133939
RR1 carcass,RR3-39,Reactome,Downregulation of ERBB2 Signaling,1,37,0.06388087398421148,ERBB3,0.17554963438521548
RR1 carcass,RR3-39,Reactome,Drug ADME,1,37,0.12592982387942647,ABCC3,0.21887047475265559
RR1 carcass,RR3-39,Reactome,ERBB2 Activates PTK6 Signaling,1,37,0.026521735972269547,ERBB3,0.17169841457133939
RR1 carcass,RR3-39,Reactome,ERBB2 Regulates Cell Motility,1,37,0.03126977738067423,ERBB3,0.17169841457133939
RR1 carcass,RR3-39,Reactome,ERK MAPK Targets,1,37,0.05003762900464389,MAPK14,0.17169841457133939
RR1 carcass,RR3-39,Reactome,Epigenetic Regulation by WDR5-containing Histone Modifying Complexes,1,37,0.22502149323660411,PEX11A,0.2904981474750792
RR1 carcass,RR3-39,Reactome,Epigenetic Regulation of Adipogenesis Genes by MLL3 and MLL4 Complexes,1,37,0.1657356438015369,PEX11A,0.24646033237728548
RR1 carcass,RR3-39,Reactome,Epigenetic Regulation of Gene Expression,1,37,0.41658858999371334,PEX11A,0.44444172713285374
RR1 carcass,RR3-39,Reactome,Epigenetic Regulation of Gene Expression by MLL3 and MLL4 Complexes,1,37,0.1657356438015369,PEX11A,0.24646033237728548
RR1 carcass,RR3-39,Reactome,FLT3 Signaling,1,37,0.0865179441961051,SOCS2,0.19011904934812904
RR1 carcass,RR3-39,Reactome,Fatty Acid Metabolism,6,37,1.2045220667630425e-06,AMACR;CPT1A;DECR1;HACL1;HAO2;SLC25A20,0.0008311202260664994
RR1 carcass,RR3-39,Reactome,Formation of the Ureteric Bud,1,37,0.047711139216000266,SALL1,0.17169841457133939
RR1 carcass,RR3-39,Reactome,G2 M Transition,1,37,0.3397531463200846,OPTN,0.3744882922697418
RR1 carcass,RR3-39,Reactome,Glycosphingolipid Biosynthesis,1,37,0.04069835869508317,ST3GAL5,0.17169841457133939
RR1 carcass,RR3-39,Reactome,Glycosphingolipid Metabolism,1,37,0.11080362499450344,ST3GAL5,0.20832289167903917
RR1 carcass,RR3-39,Reactome,Growth Hormone Receptor Signaling,2,37,0.0009649110048489289,CISH;SOCS2,0.038875237658028604
RR1 carcass,RR3-39,Reactome,Heme Biosynthesis,1,37,0.03126977738067423,ALAS1,0.17169841457133939
RR1 carcass,RR3-39,Reactome,Interleukin-17 Signaling,1,37,0.1575048464496397,MAPK14,0.24084580564120223
RR1 carcass,RR3-39,Reactome,Interleukin-7 Signaling,2,37,0.0010704775586993383,CISH;SOCS2,0.038875237658028604
RR1 carcass,RR3-39,Reactome,Intracellular Signaling by Second Messengers,1,37,0.5109353571498502,ERBB3,0.5246211256449355
RR1 carcass,RR3-39,Reactome,KEAP1-NFE2L2 Pathway,1,37,0.22120005506598148,ABCC3,0.288521810955628
RR1 carcass,RR3-39,Reactome,KSRP (KHSRP) Binds and Destabilizes mRNA,1,37,0.03834961857277758,MAPK14,0.17169841457133939
RR1 carcass,RR3-39,Reactome,Kidney Development,1,37,0.10204605050752259,SALL1,0.2011764995719731
RR1 carcass,RR3-39,Reactome,Leishmania Infection,1,37,0.3046234034078328,MAPK14,0.345707480841126
RR1 carcass,RR3-39,Reactome,Leishmania Parasite Growth and Survival,1,37,0.15127995225133867,MAPK14,0.23509722309329656
RR1 carcass,RR3-39,Reactome,MAP Kinase Activation,1,37,0.13869562673699237,MAPK14,0.2284009127649755
RR1 carcass,RR3-39,Reactome,MAPK Family Signaling Cascades,1,37,0.5121518540766036,ERBB3,0.5250888251305446
RR1 carcass,RR3-39,Reactome,MAPK Targets Nuclear Events Mediated by MAP Kinases,1,37,0.06845152006066099,MAPK14,0.17554963438521548
RR1 carcass,RR3-39,Reactome,MAPK1 MAPK3 Signaling,1,37,0.46512077003149516,ERBB3,0.48626262321474495
RR1 carcass,RR3-39,Reactome,MITF-M-dependent Gene Expression,1,37,0.19393188090069405,MAPK14,0.26821015707135143
RR1 carcass,RR3-39,Reactome,MITF-M-regulated Melanocyte Development,1,37,0.26042696871313653,MAPK14,0.3117381239030393
RR1 carcass,RR3-39,Reactome,MLL4 and MLL3 Complexes Regulate Expression of PPARG Targets in Adipogenesis and Hepatic Steatosis,1,37,0.1657356438015369,PEX11A,0.24646033237728548
RR1 carcass,RR3-39,Reactome,Macroautophagy,1,37,0.26767763003180395,OPTN,0.3157223328580252
RR1 carcass,RR3-39,Reactome,Metabolism of Amino Acids and Derivatives,1,37,0.5181903121737689,KYAT3,0.5297056524442971
RR1 carcass,RR3-39,Reactome,Metabolism of Carbohydrates,1,37,0.47695122747758445,GALK1,0.49488172475117786
RR1 carcass,RR3-39,Reactome,Metabolism of Cofactors,1,37,0.054674029915958454,GCH1,0.17169841457133939
RR1 carcass,RR3-39,Reactome,Metabolism of Fat-Soluble Vitamins,1,37,0.09542285371773586,LRP1,0.19365226195658158
RR1 carcass,RR3-39,Reactome,Metabolism of Porphyrins,1,37,0.05235858831043023,ALAS1,0.17169841457133939
RR1 carcass,RR3-39,Reactome,Metabolism of Steroids,2,37,0.04163596616773528,ABCC3;AMACR,0.17169841457133939
RR1 carcass,RR3-39,Reactome,Metabolism of Vitamins and Cofactors,2,37,0.06914775996356169,GCH1;LRP1,0.17554963438521548
RR1 carcass,RR3-39,Reactome,Mitochondrial Biogenesis,2,37,0.01329923108014851,ALAS1;MAPK14,0.17169841457133939
RR1 carcass,RR3-39,Reactome,Mitochondrial Fatty Acid Beta-Oxidation,1,37,0.07072869327404334,DECR1,0.17554963438521548
RR1 carcass,RR3-39,Reactome,Mitochondrial Protein Degradation,2,37,0.017809688079749197,ALAS1;PDK1,0.17169841457133939
RR1 carcass,RR3-39,Reactome,Mitophagy,1,37,0.0775277641871015,OPTN,0.18133612640372895
RR1 carcass,RR3-39,Reactome,Mitotic G2-G2 M Phases,1,37,0.343007321947044,OPTN,0.37627194299437255
RR1 carcass,RR3-39,Reactome,MyD88 Cascade Initiated on Plasma Membrane,1,37,0.1959100277738567,MAPK14,0.26821015707135143
RR1 carcass,RR3-39,Reactome,MyD88 Dependent Cascade Initiated on Endosome,1,37,0.2076800959819459,MAPK14,0.27504657625248113
RR1 carcass,RR3-39,Reactome,MyD88 MAL(TIRAP) Cascade Initiated on Plasma Membrane,1,37,0.2269253644769097,MAPK14,0.2904981474750792
RR1 carcass,RR3-39,Reactome,MyD88-independent TLR4 Cascade,2,37,0.02560605811509419,MAPK14;OPTN,0.17169841457133939
RR1 carcass,RR3-39,Reactome,Myogenesis,1,37,0.06616891782504804,MAPK14,0.17554963438521548
RR1 carcass,RR3-39,Reactome,NOD1 2 Signaling Pathway,1,37,0.0775277641871015,MAPK14,0.18133612640372895
RR1 carcass,RR3-39,Reactome,NR1H2 and NR1H3-mediated Signaling,1,37,0.09763584991004232,ABCG8,0.19698460946762925
RR1 carcass,RR3-39,Reactome,NR1H3 & NR1H2 Regulate Gene Expression Linked to Cholesterol Transport and Efflux,1,37,0.07978334657707489,ABCG8,0.18228645409993932
RR1 carcass,RR3-39,Reactome,Neddylation,2,37,0.09952737904261097,CISH;SOCS2,0.19853622160009354
RR1 carcass,RR3-39,Reactome,Negative Regulation of FLT3,1,37,0.033635340886278425,SOCS2,0.17169841457133939
RR1 carcass,RR3-39,Reactome,Negative Regulation of the PI3K AKT Network,1,37,0.23825338848057706,ERBB3,0.2951433358197454
RR1 carcass,RR3-39,Reactome,Neutrophil Degranulation,1,37,0.6074409437465448,MAPK14,0.6136665463910921
RR1 carcass,RR3-39,Reactome,Nuclear Events (Kinase and Transcription Factor Activation),1,37,0.13446064815754025,MAPK14,0.22410108026256706
RR1 carcass,RR3-39,Reactome,Nuclear Events Mediated by NFE2L2,1,37,0.1759141743048457,ABCC3,0.253404551712617
RR1 carcass,RR3-39,Reactome,"Nucleotide-binding Domain, Leucine Rich Repeat Containing Receptor (NLR) Signaling Pathways",1,37,0.11731721333721988,MAPK14,0.2135854279754135
RR1 carcass,RR3-39,Reactome,Organelle Biogenesis and Maintenance,2,37,0.13209942040177708,ALAS1;MAPK14,0.22325560393534533
RR1 carcass,RR3-39,Reactome,Oxidative Stress Induced Senescence,1,37,0.14919506035340344,MAPK14,0.23509722309329656
RR1 carcass,RR3-39,Reactome,PI3K AKT Signaling in Cancer,1,37,0.22502149323660411,ERBB3,0.2904981474750792
RR1 carcass,RR3-39,Reactome,PI3K Events in ERBB2 Signaling,1,37,0.033635340886278425,ERBB3,0.17169841457133939
RR1 carcass,RR3-39,Reactome,"PI5P, PP2A and IER3 Regulate PI3K AKT Signaling",1,37,0.2269253644769097,ERBB3,0.2904981474750792
RR1 carcass,RR3-39,Reactome,PINK1-PRKN Mediated Mitophagy,1,37,0.06388087398421148,OPTN,0.17554963438521548
RR1 carcass,RR3-39,Reactome,PIP3 Activates AKT Signaling,1,37,0.46512077003149516,ERBB3,0.48626262321474495
RR1 carcass,RR3-39,Reactome,PPARA Activates Gene Expression,3,37,0.0024741881088073347,ALAS1;CPT1A;PEX11A,0.06566114596450234
RR1 carcass,RR3-39,Reactome,Paracetamol ADME,1,37,0.028898580090589866,ABCC3,0.17169841457133939
RR1 carcass,RR3-39,Reactome,Parasitic Infection Pathways,1,37,0.3046234034078328,MAPK14,0.345707480841126
RR1 carcass,RR3-39,Reactome,Peroxisomal Lipid Metabolism,3,37,2.9633730512100808e-05,AMACR;HACL1;HAO2,0.006479080733449993
RR1 carcass,RR3-39,Reactome,Peroxisomal Protein Import,3,37,0.00039560840019656944,AMACR;HACL1;HAO2,0.027296979613563293
RR1 carcass,RR3-39,Reactome,"Platelet Activation, Signaling and Aggregation",2,37,0.11909939865206269,MAPK14;TEX264,0.2158111825838864
RR1 carcass,RR3-39,Reactome,Platelet Degranulation,1,37,0.24199338079607063,TEX264,0.2965815857003352
RR1 carcass,RR3-39,Reactome,Platelet Homeostasis,1,37,0.18196318637307116,MAPK14,0.2572840135193014
RR1 carcass,RR3-39,Reactome,Platelet Sensitization by LDL,1,37,0.03834961857277758,MAPK14,0.17169841457133939
RR1 carcass,RR3-39,Reactome,Protein Localization,3,37,0.0056558938575284766,AMACR;HACL1;HAO2,0.10547477734309862
RR1 carcass,RR3-39,Reactome,Pyruvate Metabolism,1,37,0.10643527653724708,PDK1,0.20514061678966614
RR1 carcass,RR3-39,Reactome,RAF MAP Kinase Cascade,1,37,0.4584362175941067,ERBB3,0.48073098805461034
RR1 carcass,RR3-39,Reactome,RHO GTPase Cycle,1,37,0.6528608507982118,WHAMM,0.6557117715440555
RR1 carcass,RR3-39,Reactome,RHO GTPase Effectors,1,37,0.4570895872211884,MAPK14,0.4800484249354947
RR1 carcass,RR3-39,Reactome,RHO GTPases Activate NADPH Oxidases,1,37,0.05003762900464389,MAPK14,0.17169841457133939
RR1 carcass,RR3-39,Reactome,RHOD GTPase Cycle,1,37,0.11298000032527047,WHAMM,0.21012452890683728
RR1 carcass,RR3-39,Reactome,RORA Activates Gene Expression,1,37,0.03834961857277758,CPT1A,0.17169841457133939
RR1 carcass,RR3-39,Reactome,Rab Regulation of Trafficking,1,37,0.2457155045613631,OPTN,0.30007734185370005
RR1 carcass,RR3-39,Reactome,Recycling of Bile Acids and Salts,1,37,0.033635340886278425,ABCC3,0.17169841457133939
RR1 carcass,RR3-39,Reactome,Regulation of Lipid Metabolism by PPARalpha,3,37,0.0026029029308446043,ALAS1;CPT1A;PEX11A,0.06651863045491767
RR1 carcass,RR3-39,Reactome,Regulation of MITF-M-dependent Genes Involved in Pigmentation,1,37,0.09542285371773586,MAPK14,0.19365226195658158
RR1 carcass,RR3-39,Reactome,Regulation of PLK1 Activity at G2 M Transition,1,37,0.18196318637307116,OPTN,0.2572840135193014
RR1 carcass,RR3-39,Reactome,Regulation of Pyruvate Dehydrogenase (PDH) Complex,1,37,0.033635340886278425,PDK1,0.17169841457133939
RR1 carcass,RR3-39,Reactome,Regulation of Pyruvate Metabolism,1,37,0.07526680282481493,PDK1,0.18133612640372895
RR1 carcass,RR3-39,Reactome,"Regulation of TBK1, IKKε (IKBKE)-mediated Activation of IRF3, IRF7",1,37,0.028898580090589866,OPTN,0.17169841457133939
RR1 carcass,RR3-39,Reactome,"Regulation of TBK1, IKKε-mediated Activation of IRF3, IRF7 Upon TLR3 Ligation",1,37,0.024139231952622374,OPTN,0.17169841457133939
RR1 carcass,RR3-39,Reactome,Regulation of TNFR1 Signaling,1,37,0.10643527653724708,OPTN,0.20514061678966614
RR1 carcass,RR3-39,Reactome,Regulation of TP53 Activity,1,37,0.30804593683674203,MAPK14,0.3478751168860098
RR1 carcass,RR3-39,Reactome,Regulation of TP53 Activity Through Phosphorylation,1,37,0.185971837005444,MAPK14,0.26134535139257914
RR1 carcass,RR3-39,Reactome,Regulation of mRNA Stability by Proteins That Bind AU-rich Elements,1,37,0.15956992234770948,MAPK14,0.24084580564120223
RR1 carcass,RR3-39,Reactome,Response to Elevated Platelet Cytosolic Ca2+,1,37,0.25126536815985656,TEX264,0.303099832220806
RR1 carcass,RR3-39,Reactome,Retinoid Metabolism and Transport,1,37,0.0865179441961051,LRP1,0.19011904934812904
RR1 carcass,RR3-39,Reactome,SHC1 Events in ERBB2 Signaling,1,37,0.047711139216000266,ERBB3,0.17169841457133939
RR1 carcass,RR3-39,Reactome,SLC-mediated Transmembrane Transport,1,37,0.42662578111355526,SLC7A2,0.45149047387784225
RR1 carcass,RR3-39,Reactome,Selective Autophagy,1,37,0.17388818257390076,OPTN,0.25206480247057045
RR1 carcass,RR3-39,Reactome,Sensory Perception,1,37,0.38847526323169235,LRP1,0.41817150020260174
RR1 carcass,RR3-39,Reactome,Sialic Acid Metabolism,1,37,0.0730004500199211,ST3GAL5,0.17989396612051986
RR1 carcass,RR3-39,Reactome,Signal Amplification,1,37,0.0730004500199211,MAPK14,0.17989396612051986
RR1 carcass,RR3-39,Reactome,Signaling by ERBB2,1,37,0.11080362499450344,ERBB3,0.20832289167903917
RR1 carcass,RR3-39,Reactome,Signaling by ERBB2 KD Mutants,1,37,0.054674029915958454,ERBB3,0.17169841457133939
RR1 carcass,RR3-39,Reactome,Signaling by ERBB2 TMD JMD Mutants,1,37,0.047711139216000266,ERBB3,0.17169841457133939
RR1 carcass,RR3-39,Reactome,Signaling by ERBB2 in Cancer,1,37,0.05698396657512568,ERBB3,0.17169841457133939
RR1 carcass,RR3-39,Reactome,Signaling by ERBB4,1,37,0.12378436835889704,ERBB3,0.2184430029862889
RR1 carcass,RR3-39,Reactome,Signaling by Interleukins,3,37,0.06980922953208608,CISH;MAPK14;SOCS2,0.17554963438521548
RR1 carcass,RR3-39,Reactome,Signaling by MET,1,37,0.16982165013172282,RANBP10,0.24773137122809458
RR1 carcass,RR3-39,Reactome,Signaling by NTRK1 (TRKA),1,37,0.2401256234099127,MAPK14,0.29639835447735197
RR1 carcass,RR3-39,Reactome,Signaling by NTRKs,1,37,0.27485910982565714,MAPK14,0.3209014987812241
RR1 carcass,RR3-39,Reactome,Signaling by Non-Receptor Tyrosine Kinases,1,37,0.11731721333721988,ERBB3,0.2135854279754135
RR1 carcass,RR3-39,Reactome,Signaling by Nuclear Receptors,2,37,0.10490832702186591,ABCG8;PDK1,0.20390632576080978
RR1 carcass,RR3-39,Reactome,Signaling by PTK6,1,37,0.11731721333721988,ERBB3,0.2135854279754135
RR1 carcass,RR3-39,Reactome,Signaling by Retinoic Acid,1,37,0.08203356243700796,PDK1,0.18497764078933168
RR1 carcass,RR3-39,Reactome,Signaling by VEGF,1,37,0.22311306030813516,MAPK14,0.29046794643889295
RR1 carcass,RR3-39,Reactome,Signalling to ERKs,1,37,0.07526680282481493,MAPK14,0.18133612640372895
RR1 carcass,RR3-39,Reactome,Signalling to RAS,1,37,0.04304151691585698,MAPK14,0.17169841457133939
RR1 carcass,RR3-39,Reactome,Sphingolipid Metabolism,1,37,0.2057301268154787,ST3GAL5,0.2735140414309833
RR1 carcass,RR3-39,Reactome,Synthesis of Bile Acids and Bile Salts,1,37,0.06616891782504804,AMACR,0.17554963438521548
RR1 carcass,RR3-39,Reactome,Synthesis of Bile Acids and Bile Salts via 7Alpha-Hydroxycholesterol,1,37,0.04304151691585698,AMACR,0.17169841457133939
RR1 carcass,RR3-39,Reactome,Synthesis of Substrates in N-glycan Biosythesis,1,37,0.1408055487318767,ST3GAL5,0.23132340148808314
RR1 carcass,RR3-39,Reactome,TBC RABGAPs,1,37,0.09542285371773586,OPTN,0.19365226195658158
RR1 carcass,RR3-39,Reactome,TICAM1-dependent Activation of IRF3 IRF7,1,37,0.028898580090589866,OPTN,0.17169841457133939
RR1 carcass,RR3-39,Reactome,TNF Signaling,1,37,0.12592982387942647,OPTN,0.21887047475265559
RR1 carcass,RR3-39,Reactome,TNFR1-induced NF-kappa-B Signaling Pathway,1,37,0.07526680282481493,OPTN,0.18133612640372895
RR1 carcass,RR3-39,Reactome,TNFR1-induced Proapoptotic Signaling,1,37,0.05698396657512568,OPTN,0.17169841457133939
RR1 carcass,RR3-39,Reactome,TRAF6 Mediated Induction of NFkB and MAP Kinases Upon TLR7 8 or 9 Activation,1,37,0.2057301268154787,MAPK14,0.2735140414309833
RR1 carcass,RR3-39,Reactome,TRIF (TICAM1)-mediated TLR4 Signaling,2,37,0.02560605811509419,MAPK14;OPTN,0.17169841457133939
RR1 carcass,RR3-39,Reactome,Toll Like Receptor 10 (TLR10) Cascade,1,37,0.1959100277738567,MAPK14,0.26821015707135143
RR1 carcass,RR3-39,Reactome,Toll Like Receptor 2 (TLR2) Cascade,1,37,0.22882468463058542,MAPK14,0.29087344695254314
RR1 carcass,RR3-39,Reactome,Toll Like Receptor 3 (TLR3) Cascade,2,37,0.024224776702576962,MAPK14;OPTN,0.17169841457133939
RR1 carcass,RR3-39,Reactome,Toll Like Receptor 4 (TLR4) Cascade,2,37,0.04277306307971735,MAPK14;OPTN,0.17169841457133939
RR1 carcass,RR3-39,Reactome,Toll Like Receptor 5 (TLR5) Cascade,1,37,0.1959100277738567,MAPK14,0.26821015707135143
RR1 carcass,RR3-39,Reactome,Toll Like Receptor 7 8 (TLR7 8) Cascade,1,37,0.21543349884126314,MAPK14,0.28368151564975486
RR1 carcass,RR3-39,Reactome,Toll Like Receptor 9 (TLR9) Cascade,1,37,0.22120005506598148,MAPK14,0.288521810955628
RR1 carcass,RR3-39,Reactome,Toll Like Receptor TLR1 TLR2 Cascade,1,37,0.22882468463058542,MAPK14,0.29087344695254314
RR1 carcass,RR3-39,Reactome,Toll Like Receptor TLR6 TLR2 Cascade,1,37,0.2269253644769097,MAPK14,0.2904981474750792
RR1 carcass,RR3-39,Reactome,Toll-like Receptor Cascades,2,37,0.05602212614075118,MAPK14;OPTN,0.17169841457133939
RR1 carcass,RR3-39,Reactome,Transcriptional Activation of Mitochondrial Biogenesis,1,37,0.10862205441727366,ALAS1,0.20704203742519012
RR1 carcass,RR3-39,Reactome,Transcriptional Regulation by TP53,1,37,0.5495623155168906,MAPK14,0.5584653869022894
RR1 carcass,RR3-39,Reactome,Transcriptional Regulation of Pluripotent Stem Cells,1,37,0.05928841101318921,SALL1,0.17188656974412
RR1 carcass,RR3-39,Reactome,Transport of Inorganic Cations Anions and Amino Acids Oligopeptides,1,37,0.22502149323660411,SLC7A2,0.2904981474750792
RR1 carcass,RR3-39,Reactome,Tryptophan Catabolism,1,37,0.03126977738067423,KYAT3,0.17169841457133939
RR1 carcass,RR3-39,Reactome,VEGFA-VEGFR2 Pathway,1,37,0.2057301268154787,MAPK14,0.2735140414309833
RR1 carcass,RR3-39,Reactome,Visual Phototransduction,1,37,0.19194899941630644,LRP1,0.2664885504974878
RR1 carcass,RR3-39,Reactome,p38MAPK Events,1,37,0.028898580090589866,MAPK14,0.17169841457133939
RR1 carcass,RR3-40,GO:BP,Actin Filament Organization (GO:0007015),1,48,0.4071015405952294,WHAMM,0.46312468838356374
RR1 carcass,RR3-40,GO:BP,Actin Nucleation (GO:0045010),1,48,0.05249393729417798,WHAMM,0.19249185169891983
RR1 carcass,RR3-40,GO:BP,Acute Inflammatory Response (GO:0002526),1,48,0.06147320425223569,VNN1,0.19249185169891983
RR1 carcass,RR3-40,GO:BP,Acylglycerol Catabolic Process (GO:0046464),1,48,0.0994300174125386,ABHD2,0.21257451998542734
RR1 carcass,RR3-40,GO:BP,Acylglycerol Metabolic Process (GO:0006639),1,48,0.10797347938079992,ABHD2,0.21948707283965888
RR1 carcass,RR3-40,GO:BP,Adherens Junction Organization (GO:0034332),1,48,0.1164375646858237,MTSS1,0.22350244614616316
RR1 carcass,RR3-40,GO:BP,Amino Acid Import Across Plasma Membrane (GO:0089718),1,48,0.10228670252780421,SLC7A2,0.21424917421364395
RR1 carcass,RR3-40,GO:BP,Amino Acid Transport (GO:0006865),1,48,0.13588245332798352,SLC7A2,0.24002028792977145
RR1 carcass,RR3-40,GO:BP,Apoptotic Mitochondrial Changes (GO:0008637),1,48,0.09080645036578211,BNIP3,0.2031944728753621
RR1 carcass,RR3-40,GO:BP,Apoptotic Process (GO:0006915),2,48,0.16356936514961598,BNIP3;ERBB3,0.26341040621496603
RR1 carcass,RR3-40,GO:BP,Aromatic Amino Acid Family Catabolic Process (GO:0009074),1,48,0.06147320425223569,AFMID,0.19249185169891983
RR1 carcass,RR3-40,GO:BP,Arp2/3 Complex-Mediated Actin Nucleation (GO:0034314),1,48,0.040390623323130107,WHAMM,0.19249185169891983
RR1 carcass,RR3-40,GO:BP,Autophagy of Mitochondrion (GO:0000422),1,48,0.15759238527456157,BNIP3,0.2591705009820376
RR1 carcass,RR3-40,GO:BP,Axon Development (GO:0061564),1,48,0.2907856342186714,ZPR1,0.36718348923742616
RR1 carcass,RR3-40,GO:BP,Bile Acid Biosynthetic Process (GO:0006699),1,48,0.07331605462925843,AMACR,0.19694607167095177
RR1 carcass,RR3-40,GO:BP,Bile Acid Metabolic Process (GO:0008206),1,48,0.08791400004881211,AMACR,0.2031944728753621
RR1 carcass,RR3-40,GO:BP,Bile Acid and Bile Salt Transport (GO:0015721),1,48,0.07625382818303923,ABCC3,0.19781327813173358
RR1 carcass,RR3-40,GO:BP,Branching Involved in Ureteric Bud Morphogenesis (GO:0001658),1,48,0.05549633305664691,SALL1,0.19249185169891983
RR1 carcass,RR3-40,GO:BP,Branching Morphogenesis of an Epithelial Tube (GO:0048754),1,48,0.1164375646858237,SALL1,0.22350244614616316
RR1 carcass,RR3-40,GO:BP,Carbohydrate Derivative Biosynthetic Process (GO:1901137),1,48,0.18657368120965206,ST3GAL5,0.2832822041033948
RR1 carcass,RR3-40,GO:BP,Carboxylic Acid Transport (GO:0046942),1,48,0.11080362499450344,SLC7A2,0.22089468648421906
RR1 carcass,RR3-40,GO:BP,Cardiac Ventricle Development (GO:0003231),1,48,0.058489412611230716,SALL1,0.19249185169891983
RR1 carcass,RR3-40,GO:BP,Carnitine Metabolic Process (GO:0009437),1,48,0.031213918646142202,CPT1A,0.19249185169891983
RR1 carcass,RR3-40,GO:BP,Cell Surface Receptor Protein Tyrosine Kinase Signaling Pathway (GO:0007169),3,48,0.056636661649703504,ERBB3;MTSS1;SOCS2,0.19249185169891983
RR1 carcass,RR3-40,GO:BP,Cell Surface Receptor Signaling Pathway via JAK-STAT (GO:0007259),1,48,0.17352345524341783,SOCS2,0.2723659297491622
RR1 carcass,RR3-40,GO:BP,Cell Surface Receptor Signaling Pathway via STAT (GO:0097696),1,48,0.18915940725613778,SOCS2,0.2832822041033948
RR1 carcass,RR3-40,GO:BP,Cell-cell Junction Maintenance (GO:0045217),1,48,0.04343056855019517,MTSS1,0.19249185169891983
RR1 carcass,RR3-40,GO:BP,Cell-matrix Adhesion (GO:0007160),1,48,0.2953003655736807,WHAMM,0.3711855996051795
RR1 carcass,RR3-40,GO:BP,Cell-substrate Junction Assembly (GO:0007044),1,48,0.09080645036578211,WHAMM,0.2031944728753621
RR1 carcass,RR3-40,GO:BP,Cellular Response to Cytokine Stimulus (GO:0071345),1,48,0.5659561471356017,SOCS2,0.5967564816735936
RR1 carcass,RR3-40,GO:BP,Cellular Response to Decreased Oxygen Levels (GO:0036294),1,48,0.2145780048973041,BNIP3,0.30167429259938444
RR1 carcass,RR3-40,GO:BP,Cellular Response to Epidermal Growth Factor Stimulus (GO:0071364),1,48,0.07625382818303923,ZPR1,0.19781327813173358
RR1 carcass,RR3-40,GO:BP,Cellular Response to Fluid Shear Stress (GO:0071498),1,48,0.037341219146997055,MTSS1,0.19249185169891983
RR1 carcass,RR3-40,GO:BP,Cellular Response to Glucose Starvation (GO:0042149),1,48,0.13313048661883709,PLIN2,0.23718649914850287
RR1 carcass,RR3-40,GO:BP,Cellular Response to Growth Factor Stimulus (GO:0071363),1,48,0.3597382788704669,ZPR1,0.4248337769517895
RR1 carcass,RR3-40,GO:BP,Cellular Response to Hormone Stimulus (GO:0032870),1,48,0.20703549081192682,SOCS2,0.2964480468900569
RR1 carcass,RR3-40,GO:BP,Cellular Response to Hypoxia (GO:0071456),1,48,0.2120716722444036,BNIP3,0.3008797180584216
RR1 carcass,RR3-40,GO:BP,Cellular Response to Low-Density Lipoprotein Particle Stimulus (GO:0071404),1,48,0.07331605462925843,LDLR,0.19694607167095177
RR1 carcass,RR3-40,GO:BP,Cellular Response to Mechanical Stimulus (GO:0071260),1,48,0.13862586507745492,BNIP3,0.24279106313000579
RR1 carcass,RR3-40,GO:BP,Cellular Response to Metal Ion (GO:0071248),1,48,0.26074181566812965,BNIP3,0.34542719169709485
RR1 carcass,RR3-40,GO:BP,Cellular Response to Starvation (GO:0009267),2,48,0.07247971524445126,PLIN2;PPARA,0.19694607167095177
RR1 carcass,RR3-40,GO:BP,Cellular Response to Topologically Incorrect Protein (GO:0035967),1,48,0.07625382818303923,OPTN,0.19781327813173358
RR1 carcass,RR3-40,GO:BP,Cellular Response to Unfolded Protein (GO:0034620),1,48,0.17088891718070595,OPTN,0.2689114940407048
RR1 carcass,RR3-40,GO:BP,Ceramide Biosynthetic Process (GO:0046513),1,48,0.13862586507745492,ST3GAL5,0.24279106313000579
RR1 carcass,RR3-40,GO:BP,Cholesterol Efflux (GO:0033344),2,48,0.0021764286145819467,ABCG5;ABCG8,0.037061402871125027
RR1 carcass,RR3-40,GO:BP,Cholesterol Homeostasis (GO:0042632),3,48,0.0021355284307986756,ABCG5;ABCG8;LDLR,0.037061402871125027
RR1 carcass,RR3-40,GO:BP,Cholesterol Transport (GO:0030301),3,48,0.0005898437779692458,ABCG5;ABCG8;LDLR,0.016391663277254064
RR1 carcass,RR3-40,GO:BP,Circulatory System Development (GO:0072359),2,48,0.061992746165874815,ERBB3;SALL1,0.1931432292605145
RR1 carcass,RR3-40,GO:BP,Coenzyme A Metabolic Process (GO:0015936),1,48,0.040390623323130107,PANK1,0.19249185169891983
RR1 carcass,RR3-40,GO:BP,Cranial Nerve Development (GO:0021545),2,48,0.0006345159978291895,ERBB3;SALL1,0.016391663277254064
RR1 carcass,RR3-40,GO:BP,Cytokine-mediated Signaling Pathway (GO:0019221),1,48,0.5078501040322593,SOCS2,0.5485488928571441
RR1 carcass,RR3-40,GO:BP,Cytoskeleton Organization (GO:0007010),1,48,0.283960387162772,RANBP10,0.3615101438211881
RR1 carcass,RR3-40,GO:BP,DNA Metabolic Process (GO:0006259),1,48,0.6283094440424775,ZPR1,0.6481728041702763
RR1 carcass,RR3-40,GO:BP,DNA Repair (GO:0006281),1,48,0.6110906602326045,TEX264,0.6335722564284528
RR1 carcass,RR3-40,GO:BP,DNA Replication (GO:0006260),1,48,0.263096453547886,ZPR1,0.3478034140718323
RR1 carcass,RR3-40,GO:BP,Defense Response to Bacterium (GO:0042742),1,48,0.3410382159307375,OPTN,0.4081924592221183
RR1 carcass,RR3-40,GO:BP,Defense Response to Gram-negative Bacterium (GO:0050829),1,48,0.12760078381097825,OPTN,0.23064864712188488
RR1 carcass,RR3-40,GO:BP,Defense Response to Virus (GO:0051607),2,48,0.07337829444514493,BNIP3;PPARA,0.19694607167095177
RR1 carcass,RR3-40,GO:BP,Digestive Tract Development (GO:0048565),1,48,0.1192414121600456,SALL1,0.22471025999765432
RR1 carcass,RR3-40,GO:BP,ERBB Signaling Pathway (GO:0038127),1,48,0.1655951483081709,ERBB3,0.26393057056829294
RR1 carcass,RR3-40,GO:BP,Embryonic Digestive Tract Development (GO:0048566),1,48,0.058489412611230716,SALL1,0.19249185169891983
RR1 carcass,RR3-40,GO:BP,Embryonic Digit Morphogenesis (GO:0042733),1,48,0.05549633305664691,SALL1,0.19249185169891983
RR1 carcass,RR3-40,GO:BP,Embryonic Limb Morphogenesis (GO:0030326),1,48,0.10797347938079992,SALL1,0.21948707283965888
RR1 carcass,RR3-40,GO:BP,Embryonic Organ Development (GO:0048568),1,48,0.20196779455895095,SALL1,0.2932553457296243
RR1 carcass,RR3-40,GO:BP,Endocrine System Development (GO:0035270),1,48,0.07331605462925843,SALL1,0.19694607167095177
RR1 carcass,RR3-40,GO:BP,Endomembrane System Organization (GO:0010256),1,48,0.4221133032729891,OPTN,0.47411276816893705
RR1 carcass,RR3-40,GO:BP,Enzyme-linked Receptor Protein Signaling Pathway (GO:0007167),2,48,0.06114447109152602,ERBB3;MTSS1,0.19249185169891983
RR1 carcass,RR3-40,GO:BP,Epidermal Growth Factor Receptor Signaling Pathway (GO:0007173),1,48,0.1440871277416325,ERBB3,0.2481500533328115
RR1 carcass,RR3-40,GO:BP,Epithelial Cell Differentiation (GO:0030855),2,48,0.051294381364967896,ANXA7;CPT1A,0.19249185169891983
RR1 carcass,RR3-40,GO:BP,Epithelial Tube Morphogenesis (GO:0060562),1,48,0.0994300174125386,MTSS1,0.21257451998542734
RR1 carcass,RR3-40,GO:BP,Epithelium Development (GO:0060429),3,48,0.010418567358751208,ANXA7;CPT1A;SALL1,0.12919023524851497
RR1 carcass,RR3-40,GO:BP,Establishment of Protein Localization to Organelle (GO:0072594),1,48,0.2145780048973041,PPP1R10,0.30167429259938444
RR1 carcass,RR3-40,GO:BP,Establishment of Protein Localization to Plasma Membrane (GO:0061951),1,48,0.1192414121600456,OPTN,0.22471025999765432
RR1 carcass,RR3-40,GO:BP,Extrinsic Apoptotic Signaling Pathway (GO:0097191),1,48,0.18657368120965206,ERBB3,0.2832822041033948
RR1 carcass,RR3-40,GO:BP,Extrinsic Apoptotic Signaling Pathway in Absence of Ligand (GO:0097192),1,48,0.037341219146997055,ERBB3,0.19249185169891983
RR1 carcass,RR3-40,GO:BP,Fatty Acid Beta-Oxidation (GO:0006635),3,48,0.0004376014433734015,AMACR;CPT1A;DECR1,0.01369318165275353
RR1 carcass,RR3-40,GO:BP,Fatty Acid Beta-Oxidation Using acyl-CoA Oxidase (GO:0033540),1,48,0.037341219146997055,AMACR,0.19249185169891983
RR1 carcass,RR3-40,GO:BP,Fatty Acid Biosynthetic Process (GO:0006633),1,48,0.1655951483081709,ABHD2,0.26393057056829294
RR1 carcass,RR3-40,GO:BP,Fatty Acid Catabolic Process (GO:0009062),4,48,2.8753116468418203e-05,ABHD2;CPT1A;DECR1;HACL1,0.001980770245602143
RR1 carcass,RR3-40,GO:BP,Fatty Acid Metabolic Process (GO:0006631),4,48,0.00041276750089810395,CPT1A;HACL1;HAO2;PPARA,0.01369318165275353
RR1 carcass,RR3-40,GO:BP,Fatty Acid Oxidation (GO:0019395),4,48,1.5517909032779464e-05,CPT1A;DECR1;HACL1;HAO2,0.001980770245602143
RR1 carcass,RR3-40,GO:BP,Female Gamete Generation (GO:0007292),1,48,0.10513451419118822,TOB2,0.21727799599512235
RR1 carcass,RR3-40,GO:BP,Focal Adhesion Assembly (GO:0048041),1,48,0.0703691333772513,WHAMM,0.19694607167095177
RR1 carcass,RR3-40,GO:BP,Forebrain Neuron Differentiation (GO:0021879),1,48,0.037341219146997055,SALL1,0.19249185169891983
RR1 carcass,RR3-40,GO:BP,Ganglioside Biosynthetic Process (GO:0001574),1,48,0.04343056855019517,ST3GAL5,0.19249185169891983
RR1 carcass,RR3-40,GO:BP,Ganglioside Metabolic Process (GO:0001573),1,48,0.07331605462925843,ST3GAL5,0.19694607167095177
RR1 carcass,RR3-40,GO:BP,Generation of Neurons (GO:0048699),1,48,0.4683763848222505,ERBB3,0.51579637404937
RR1 carcass,RR3-40,GO:BP,Gland Development (GO:0048732),1,48,0.18915940725613778,SALL1,0.2832822041033948
RR1 carcass,RR3-40,GO:BP,Glial Cell Differentiation (GO:0010001),1,48,0.08501254017753794,ERBB3,0.2031944728753621
RR1 carcass,RR3-40,GO:BP,Glycerolipid Catabolic Process (GO:0046503),1,48,0.05249393729417798,ABHD2,0.19249185169891983
RR1 carcass,RR3-40,GO:BP,Glycolipid Biosynthetic Process (GO:0009247),1,48,0.17088891718070595,ST3GAL5,0.2689114940407048
RR1 carcass,RR3-40,GO:BP,Glycoprotein Biosynthetic Process (GO:0009101),1,48,0.3917081476223484,ST3GAL5,0.4519725534899224
RR1 carcass,RR3-40,GO:BP,Glycoprotein Metabolic Process (GO:0009100),1,48,0.19942206811107632,ST3GAL5,0.29229712110843337
RR1 carcass,RR3-40,GO:BP,Glycosphingolipid Biosynthetic Process (GO:0006688),1,48,0.11362497785015285,ST3GAL5,0.2222318178772706
RR1 carcass,RR3-40,GO:BP,Glycosphingolipid Metabolic Process (GO:0006687),1,48,0.1248229952619186,ST3GAL5,0.22828984384185705
RR1 carcass,RR3-40,GO:BP,Golgi Organization (GO:0007030),1,48,0.283960387162772,OPTN,0.3615101438211881
RR1 carcass,RR3-40,GO:BP,Golgi to Plasma Membrane Protein Transport (GO:0043001),1,48,0.08791400004881211,OPTN,0.2031944728753621
RR1 carcass,RR3-40,GO:BP,Golgi to Plasma Membrane Transport (GO:0006893),1,48,0.16026828796179757,OPTN,0.2594421371705339
RR1 carcass,RR3-40,GO:BP,Gonad Development (GO:0008406),1,48,0.14136074789768782,SALL1,0.24512883956497955
RR1 carcass,RR3-40,GO:BP,Growth Hormone Receptor Signaling Pathway (GO:0060396),1,48,0.04948219694520244,SOCS2,0.19249185169891983
RR1 carcass,RR3-40,GO:BP,Heart Development (GO:0007507),2,48,0.09793374100509052,ERBB3;SALL1,0.21257451998542734
RR1 carcass,RR3-40,GO:BP,Icosanoid Transport (GO:0071715),1,48,0.037341219146997055,ABCC3,0.19249185169891983
RR1 carcass,RR3-40,GO:BP,Inflammatory Response (GO:0006954),1,48,0.4998705396507579,VNN1,0.541817717803269
RR1 carcass,RR3-40,GO:BP,Intestinal Lipid Absorption (GO:0098856),2,48,0.00043437674451050955,ABCG8;LDLR,0.01369318165275353
RR1 carcass,RR3-40,GO:BP,Intracellular Cholesterol Transport (GO:0032367),1,48,0.05249393729417798,LDLR,0.19249185169891983
RR1 carcass,RR3-40,GO:BP,Intracellular Lipid Transport (GO:0032365),2,48,0.0008713353712843508,CPT1A;SLC25A20,0.020008441859122126
RR1 carcass,RR3-40,GO:BP,Intracellular Protein Transport (GO:0006886),1,48,0.5837886711823185,PPP1R10,0.6134728409034533
RR1 carcass,RR3-40,GO:BP,Intracellular Receptor Signaling Pathway (GO:0030522),2,48,0.005159408608775847,NR1I3;PPARA,0.0761626985105006
RR1 carcass,RR3-40,GO:BP,Intracellular Signaling Cassette (GO:0141124),2,48,0.2972756083690438,BRAP;ERBB3,0.3711855996051795
RR1 carcass,RR3-40,GO:BP,Intrinsic Apoptotic Signaling Pathway (GO:0097193),1,48,0.283960387162772,BNIP3,0.3615101438211881
RR1 carcass,RR3-40,GO:BP,Kidney Development (GO:0001822),1,48,0.18657368120965206,SALL1,0.2832822041033948
RR1 carcass,RR3-40,GO:BP,L-alpha-amino Acid Transmembrane Transport (GO:1902475),1,48,0.11362497785015285,SLC7A2,0.2222318178772706
RR1 carcass,RR3-40,GO:BP,L-amino Acid Catabolic Process (GO:0170035),2,48,0.02528933938091417,AFMID;CSAD,0.19249185169891983
RR1 carcass,RR3-40,GO:BP,L-amino Acid Transport (GO:0015807),1,48,0.11080362499450344,SLC7A2,0.22089468648421906
RR1 carcass,RR3-40,GO:BP,L-tryptophan Metabolic Process (GO:0006568),1,48,0.037341219146997055,AFMID,0.19249185169891983
RR1 carcass,RR3-40,GO:BP,Lamellipodium Assembly (GO:0030032),1,48,0.0703691333772513,WHAMM,0.19694607167095177
RR1 carcass,RR3-40,GO:BP,Lamellipodium Organization (GO:0097581),1,48,0.08791400004881211,WHAMM,0.2031944728753621
RR1 carcass,RR3-40,GO:BP,Limb Development (GO:0060173),1,48,0.09080645036578211,SALL1,0.2031944728753621
RR1 carcass,RR3-40,GO:BP,Lipid Droplet Organization (GO:0034389),1,48,0.10228670252780421,PLIN2,0.21424917421364395
RR1 carcass,RR3-40,GO:BP,Lipid Metabolic Process (GO:0006629),4,48,0.005090252931207088,CPT1A;HACL1;LDLR;PPARA,0.0761626985105006
RR1 carcass,RR3-40,GO:BP,Lipid Oxidation (GO:0034440),1,48,0.037341219146997055,HAO2,0.19249185169891983
RR1 carcass,RR3-40,GO:BP,Lipid Transport (GO:0006869),5,48,2.6702072923840394e-05,ABCA6;ABCC3;ABCG5;ABCG8;LDLR,0.001980770245602143
RR1 carcass,RR3-40,GO:BP,Long-chain Fatty Acid Metabolic Process (GO:0001676),2,48,0.01694670052200279,CPT1A;HACL1,0.19249185169891983
RR1 carcass,RR3-40,GO:BP,Long-chain Fatty Acid Transport (GO:0015909),2,48,0.00198256549899343,CPT1A;SLC25A20,0.036253439399792954
RR1 carcass,RR3-40,GO:BP,Long-term Memory (GO:0007616),1,48,0.06444773618989778,LDLR,0.194915104574325
RR1 carcass,RR3-40,GO:BP,MAPK Cascade (GO:0000165),1,48,0.3130795537911647,BRAP,0.3836152635385813
RR1 carcass,RR3-40,GO:BP,Macroautophagy (GO:0016236),2,48,0.09110977977314623,BNIP3;TEX264,0.2031944728753621
RR1 carcass,RR3-40,GO:BP,Macromolecule Biosynthetic Process (GO:0009059),1,48,0.4527881828759338,ST3GAL5,0.5021979845851144
RR1 carcass,RR3-40,GO:BP,Maintenance of Protein Location in Nucleus (GO:0051457),1,48,0.05549633305664691,SUN2,0.19249185169891983
RR1 carcass,RR3-40,GO:BP,Memory (GO:0007613),1,48,0.162935867192627,LDLR,0.26307353557142904
RR1 carcass,RR3-40,GO:BP,Mesenchymal to Epithelial Transition (GO:0060231),1,48,0.031213918646142202,SALL1,0.19249185169891983
RR1 carcass,RR3-40,GO:BP,Mesonephric Tubule Development (GO:0072164),1,48,0.04948219694520244,SALL1,0.19249185169891983
RR1 carcass,RR3-40,GO:BP,Metal Ion Transport (GO:0030001),1,48,0.44214832704807056,SLC17A2,0.49393146445009684
RR1 carcass,RR3-40,GO:BP,Microtubule Cytoskeleton Organization Involved in Mitosis (GO:1902850),1,48,0.17088891718070595,SUN2,0.2689114940407048
RR1 carcass,RR3-40,GO:BP,Mitochondrial Large Ribosomal Subunit Assembly (GO:1902775),1,48,0.04343056855019517,MTG1,0.19249185169891983
RR1 carcass,RR3-40,GO:BP,Mitochondrial Ribosome Assembly (GO:0061668),1,48,0.07625382818303923,MTG1,0.19781327813173358
RR1 carcass,RR3-40,GO:BP,Mitochondrion Organization (GO:0007005),1,48,0.30201974452779223,BNIP3,0.37375696927591057
RR1 carcass,RR3-40,GO:BP,Mitophagy (GO:0000423),2,48,0.007792162046744076,BNIP3;OPTN,0.10064875977044431
RR1 carcass,RR3-40,GO:BP,Mitotic Spindle Organization (GO:0007052),1,48,0.24405181874683976,SUN2,0.3296560514663195
RR1 carcass,RR3-40,GO:BP,Monocarboxylic Acid Biosynthetic Process (GO:0072330),1,48,0.176149795802724,AMACR,0.2750953989866219
RR1 carcass,RR3-40,GO:BP,Monocarboxylic Acid Metabolic Process (GO:0032787),5,48,1.865364400993247e-05,AMACR;CPT1A;HACL1;PPARA;VNN1,0.001980770245602143
RR1 carcass,RR3-40,GO:BP,Monocarboxylic Acid Transport (GO:0015718),1,48,0.18915940725613778,ABCC3,0.2832822041033948
RR1 carcass,RR3-40,GO:BP,Neg Reg Phosphatidylinositol 3-Kinase/Protein Kinase B Signal Transduction (GO:0051898),1,48,0.12760078381097825,PPARA,0.23064864712188488
RR1 carcass,RR3-40,GO:BP,Neg Reg Transmembrane Rec Protein Serine/Threonine Kinase Signaling Pathway (GO:0090101),1,48,0.3196328779244538,PPARA,0.3901031187266955
RR1 carcass,RR3-40,GO:BP,Negative Regulation of ATP Metabolic Process (GO:1903579),1,48,0.046461083546538,PPARA,0.19249185169891983
RR1 carcass,RR3-40,GO:BP,Negative Regulation of Amyloid Fibril Formation (GO:1905907),1,48,0.037341219146997055,LDLR,0.19249185169891983
RR1 carcass,RR3-40,GO:BP,Negative Regulation of Apoptotic Process (GO:0043066),3,48,0.16691802954674334,BNIP3;ERBB3;SOCS2,0.26535686748456633
RR1 carcass,RR3-40,GO:BP,Negative Regulation of Appetite (GO:0032099),1,48,0.04343056855019517,PPARA,0.19249185169891983
RR1 carcass,RR3-40,GO:BP,Negative Regulation of Biosynthetic Process (GO:0009890),1,48,0.12203654685203347,PPARA,0.2251864852626808
RR1 carcass,RR3-40,GO:BP,Negative Regulation of Carbohydrate Metabolic Process (GO:0045912),1,48,0.09080645036578211,PPARA,0.2031944728753621
RR1 carcass,RR3-40,GO:BP,Negative Regulation of Cell Activation (GO:0050866),1,48,0.040390623323130107,LDLR,0.19249185169891983
RR1 carcass,RR3-40,GO:BP,Negative Regulation of Cell Adhesion (GO:0007162),1,48,0.1839798817476222,ERBB3,0.28304597191941877
RR1 carcass,RR3-40,GO:BP,Negative Regulation of Cell Communication (GO:0010648),3,48,4.393434310825795e-05,BRAP;ERBB3;SOCS2,0.0024762993388290845
RR1 carcass,RR3-40,GO:BP,Negative Regulation of Cell Cycle Process (GO:0010948),1,48,0.09656443178680454,PPP1R10,0.21080967502753103
RR1 carcass,RR3-40,GO:BP,Negative Regulation of Cell Differentiation (GO:0045596),1,48,0.49012772499059787,PPARA,0.5349985730531175
RR1 carcass,RR3-40,GO:BP,Negative Regulation of Cell Population Proliferation (GO:0008285),2,48,0.3019786313643019,MTSS1;TOB2,0.37375696927591057
RR1 carcass,RR3-40,GO:BP,Negative Regulation of Cell-Cell Adhesion (GO:0022408),1,48,0.10228670252780421,PPARA,0.21424917421364395
RR1 carcass,RR3-40,GO:BP,Negative Regulation of Cellular Process (GO:0048523),3,48,0.20273840406900617,BNIP3;ERBB3;TOB2,0.29368647318407437
RR1 carcass,RR3-40,GO:BP,Negative Regulation of Cytokine Production (GO:0001818),1,48,0.40328933701412073,PPARA,0.4604776960382226
RR1 carcass,RR3-40,GO:BP,Negative Regulation of Cytokine Production Involved in Inflammatory Response (GO:1900016),1,48,0.07331605462925843,PPARA,0.19694607167095177
RR1 carcass,RR3-40,GO:BP,"Negative Regulation of DNA-templated Transcription, Elongation (GO:0032785)",1,48,0.06444773618989778,PPP1R10,0.194915104574325
RR1 carcass,RR3-40,GO:BP,Negative Regulation of Defense Response (GO:0031348),1,48,0.328275494671475,PPARA,0.39829903463075245
RR1 carcass,RR3-40,GO:BP,Negative Regulation of Developmental Process (GO:0051093),1,48,0.29754716613511967,BNIP3,0.3711855996051795
RR1 carcass,RR3-40,GO:BP,Negative Regulation of Epithelial Cell Apoptotic Process (GO:1904036),1,48,0.037341219146997055,PPARA,0.19249185169891983
RR1 carcass,RR3-40,GO:BP,Negative Regulation of Epithelial Cell Proliferation (GO:0050680),1,48,0.19430673741372723,MTSS1,0.2868337552297878
RR1 carcass,RR3-40,GO:BP,Negative Regulation of Gene Expression (GO:0010629),1,48,0.6594349074807279,ANXA7,0.6757845332860352
RR1 carcass,RR3-40,GO:BP,Negative Regulation of Glycolytic Process (GO:0045820),1,48,0.037341219146997055,PPARA,0.19249185169891983
RR1 carcass,RR3-40,GO:BP,Negative Regulation of Inflammatory Response (GO:0050728),1,48,0.328275494671475,PPARA,0.39829903463075245
RR1 carcass,RR3-40,GO:BP,Negative Regulation of Intracellular Signal Transduction (GO:1902532),1,48,0.6436286139052713,PPARA,0.6606783785120335
RR1 carcass,RR3-40,GO:BP,Negative Regulation of Leukocyte Cell-Cell Adhesion (GO:1903038),1,48,0.08791400004881211,PPARA,0.2031944728753621
RR1 carcass,RR3-40,GO:BP,Negative Regulation of Lipid Storage (GO:0010888),1,48,0.046461083546538,PPARA,0.19249185169891983
RR1 carcass,RR3-40,GO:BP,Negative Regulation of Macromolecule Biosynthetic Process (GO:0010558),1,48,0.4331272621448184,ANXA7,0.4856038020430152
RR1 carcass,RR3-40,GO:BP,Negative Regulation of Macrophage Activation (GO:0043031),1,48,0.04343056855019517,LDLR,0.19249185169891983
RR1 carcass,RR3-40,GO:BP,Negative Regulation of Macrophage Derived Foam Cell Differentiation (GO:0010745),1,48,0.034282327217899713,PPARA,0.19249185169891983
RR1 carcass,RR3-40,GO:BP,Negative Regulation of Neuroinflammatory Response (GO:0150079),1,48,0.037341219146997055,LDLR,0.19249185169891983
RR1 carcass,RR3-40,GO:BP,Negative Regulation of Neuron Apoptotic Process (GO:0043524),2,48,0.024690044254807347,ERBB3;ZPR1,0.19249185169891983
RR1 carcass,RR3-40,GO:BP,Negative Regulation of Organelle Organization (GO:0010639),1,48,0.10797347938079992,BNIP3,0.21948707283965888
RR1 carcass,RR3-40,GO:BP,Negative Regulation of Programmed Cell Death (GO:0043069),3,48,0.11048225787158084,BNIP3;ERBB3;SOCS2,0.22089468648421906
RR1 carcass,RR3-40,GO:BP,Negative Regulation of Protein Metabolic Process (GO:0051248),1,48,0.3473302292766813,LDLR,0.4141245041375815
RR1 carcass,RR3-40,GO:BP,Negative Regulation of Purine Nucleotide Catabolic Process (GO:0033122),1,48,0.037341219146997055,PPARA,0.19249185169891983
RR1 carcass,RR3-40,GO:BP,Negative Regulation of RNA Biosynthetic Process (GO:1902679),1,48,0.7571985123450142,SALL1,0.7608801906870484
RR1 carcass,RR3-40,GO:BP,Negative Regulation of Reactive Oxygen Species Metabolic Process (GO:2000378),1,48,0.05249393729417798,PPARA,0.19249185169891983
RR1 carcass,RR3-40,GO:BP,Negative Regulation of Receptor Signaling Pathway via JAK-STAT (GO:0046426),1,48,0.06741303655062712,SOCS2,0.19694607167095177
RR1 carcass,RR3-40,GO:BP,Negative Regulation of Receptor Signaling Pathway via STAT (GO:1904893),1,48,0.06147320425223569,SOCS2,0.19249185169891983
RR1 carcass,RR3-40,GO:BP,Negative Regulation of Response to External Stimulus (GO:0032102),1,48,0.3759236340610185,PPARA,0.43975972286383297
RR1 carcass,RR3-40,GO:BP,Negative Regulation of Response to Food (GO:0032096),1,48,0.034282327217899713,PPARA,0.19249185169891983
RR1 carcass,RR3-40,GO:BP,Negative Regulation of Response to Stimulus (GO:0048585),3,48,0.0007333074003821565,BRAP;ERBB3;SOCS2,0.01818602352947748
RR1 carcass,RR3-40,GO:BP,Negative Regulation of Secretion (GO:0051048),1,48,0.031213918646142202,ERBB3,0.19249185169891983
RR1 carcass,RR3-40,GO:BP,Negative Regulation of Signal Transduction (GO:0009968),3,48,0.06325393888813474,BRAP;ERBB3;SOCS2,0.194915104574325
RR1 carcass,RR3-40,GO:BP,Negative Regulation of Signaling (GO:0023057),5,48,1.9645528026628487e-08,BRAP;ERBB3;LDLR;OPTN;SOCS2,1.2180227376509661e-05
RR1 carcass,RR3-40,GO:BP,Negative Regulation of Supramolecular Fiber Organization (GO:1902904),1,48,0.2045055940727425,LDLR,0.29486853098860544
RR1 carcass,RR3-40,GO:BP,Negative Regulation of Transcription Elongation by RNA Polymerase II (GO:0034244),1,48,0.046461083546538,PPP1R10,0.19249185169891983
RR1 carcass,RR3-40,GO:BP,Negative Regulation of Transforming Growth Factor Beta Receptor Signaling Pathway (GO:0030512),1,48,0.21956727343957355,PPARA,0.30729505537818425
RR1 carcass,RR3-40,GO:BP,Negative Regulation of Transport (GO:0051051),1,48,0.0994300174125386,ERBB3,0.21257451998542734
RR1 carcass,RR3-40,GO:BP,Negative Regulation of miRNA Metabolic Process (GO:2000629),1,48,0.07331605462925843,PPARA,0.19694607167095177
RR1 carcass,RR3-40,GO:BP,Negative Regulation of miRNA Transcription (GO:1902894),1,48,0.0703691333772513,PPARA,0.19694607167095177
RR1 carcass,RR3-40,GO:BP,Nervous System Development (GO:0007399),1,48,0.7978406147815373,ERBB3,0.7978406147815373
RR1 carcass,RR3-40,GO:BP,Neuron Apoptotic Process (GO:0051402),2,48,0.001620901074138363,BNIP3;ERBB3,0.03140495831143079
RR1 carcass,RR3-40,GO:BP,Neuron Differentiation (GO:0030182),1,48,0.4527881828759338,ERBB3,0.5021979845851144
RR1 carcass,RR3-40,GO:BP,Neuron Projection Development (GO:0031175),1,48,0.4801991439462876,ZPR1,0.5269441933569882
RR1 carcass,RR3-40,GO:BP,Nitrogen Compound Transport (GO:0071705),1,48,0.33255639807146903,SLC7A2,0.3995832690006023
RR1 carcass,RR3-40,GO:BP,Nuclear Body Organization (GO:0030575),1,48,0.040390623323130107,ZPR1,0.19249185169891983
RR1 carcass,RR3-40,GO:BP,Nuclear Migration (GO:0007097),1,48,0.04948219694520244,SUN2,0.19249185169891983
RR1 carcass,RR3-40,GO:BP,Nuclear Receptor-Mediated Signaling Pathway (GO:0141193),1,48,0.09368991851130194,PPARA,0.2067179696690648
RR1 carcass,RR3-40,GO:BP,Nucleoside Phosphate Biosynthetic Process (GO:1901293),1,48,0.058489412611230716,PANK1,0.19249185169891983
RR1 carcass,RR3-40,GO:BP,Organelle Disassembly (GO:1903008),1,48,0.1303699388418653,PLIN2,0.23361087306923836
RR1 carcass,RR3-40,GO:BP,Organelle Fission (GO:0048285),1,48,0.07331605462925843,PEX11A,0.19694607167095177
RR1 carcass,RR3-40,GO:BP,Organelle Organization (GO:0006996),3,48,0.12835787124790668,OPTN;PEX11A;RANBP10,0.23134267492355276
RR1 carcass,RR3-40,GO:BP,Organic Cation Transport (GO:0015695),1,48,0.18915940725613778,SLC7A2,0.2832822041033948
RR1 carcass,RR3-40,GO:BP,Organic Hydroxy Compound Transport (GO:0015850),3,48,0.0004950152732488535,ABCC3;ABCG5;ABCG8,0.014614736638775674
RR1 carcass,RR3-40,GO:BP,Organophosphate Ester Transport (GO:0015748),1,48,0.07625382818303923,LDLR,0.19781327813173358
RR1 carcass,RR3-40,GO:BP,Peripheral Nervous System Development (GO:0007422),1,48,0.05549633305664691,ERBB3,0.19249185169891983
RR1 carcass,RR3-40,GO:BP,Peroxisome Fission (GO:0016559),1,48,0.031213918646142202,PEX11A,0.19249185169891983
RR1 carcass,RR3-40,GO:BP,Peroxisome Organization (GO:0007031),1,48,0.0791824818321287,PEX11A,0.2031944728753621
RR1 carcass,RR3-40,GO:BP,Phagocytosis (GO:0006909),1,48,0.24163761297836683,LDLR,0.32710768569123894
RR1 carcass,RR3-40,GO:BP,Phosphate-containing Compound Metabolic Process (GO:0006796),1,48,0.33255639807146903,SLC17A2,0.3995832690006023
RR1 carcass,RR3-40,GO:BP,Phosphatidylinositol 3-Kinase/Protein Kinase B Signal Transduction (GO:0043491),1,48,0.1248229952619186,ERBB3,0.22828984384185705
RR1 carcass,RR3-40,GO:BP,Phospholipid Transport (GO:0015914),1,48,0.18915940725613778,LDLR,0.2832822041033948
RR1 carcass,RR3-40,GO:BP,Phosphorylation (GO:0016310),1,48,0.5473761728537688,SGK2,0.5841191517544522
RR1 carcass,RR3-40,GO:BP,Plasma Membrane Bounded Cell Projection Assembly (GO:0120031),2,48,0.18846176072445875,MTSS1;WHAMM,0.2832822041033948
RR1 carcass,RR3-40,GO:BP,Plasma Membrane Organization (GO:0007009),1,48,0.18657368120965206,WHAMM,0.2832822041033948
RR1 carcass,RR3-40,GO:BP,Plasma Membrane Tubulation (GO:0097320),1,48,0.037341219146997055,WHAMM,0.19249185169891983
RR1 carcass,RR3-40,GO:BP,Pos Reg Phosphatidylinositol 3-Kinase/Protein Kinase B Signal Transduction (GO:0051897),1,48,0.3936535143299324,ERBB3,0.4519725534899224
RR1 carcass,RR3-40,GO:BP,Positive Regulation of ATP Metabolic Process (GO:1903580),1,48,0.08210204328744666,PPARA,0.2031944728753621
RR1 carcass,RR3-40,GO:BP,Positive Regulation of Actin Filament Bundle Assembly (GO:0032233),1,48,0.15221550778766454,MTSS1,0.2554959646125075
RR1 carcass,RR3-40,GO:BP,Positive Regulation of Actin Nucleation (GO:0051127),1,48,0.031213918646142202,WHAMM,0.19249185169891983
RR1 carcass,RR3-40,GO:BP,Positive Regulation of Alpha-Beta T Cell Activation (GO:0046635),1,48,0.034282327217899713,HSPH1,0.19249185169891983
RR1 carcass,RR3-40,GO:BP,Positive Regulation of Apoptotic Process (GO:0043065),1,48,0.5756492499959959,BNIP3,0.6059465789431535
RR1 carcass,RR3-40,GO:BP,Positive Regulation of Autophagy (GO:0010508),2,48,0.031601711121201186,BNIP3;OPTN,0.19249185169891983
RR1 carcass,RR3-40,GO:BP,Positive Regulation of Biosynthetic Process (GO:0009891),1,48,0.23678653160973048,PPARA,0.3239690177859279
RR1 carcass,RR3-40,GO:BP,Positive Regulation of Catabolic Process (GO:0009896),2,48,0.08255964460750581,BNIP3;OPTN,0.2031944728753621
RR1 carcass,RR3-40,GO:BP,Positive Regulation of Cell Cycle (GO:0045787),1,48,0.15490813371409815,ZPR1,0.25679957995385255
RR1 carcass,RR3-40,GO:BP,Positive Regulation of Cell Migration (GO:0030335),1,48,0.619795485742883,SUN2,0.6404553352676458
RR1 carcass,RR3-40,GO:BP,Positive Regulation of Cell Motility (GO:2000147),1,48,0.4933958012629324,SUN2,0.5376193265079404
RR1 carcass,RR3-40,GO:BP,Positive Regulation of Cell Population Proliferation (GO:0008284),1,48,0.7466757934165227,ERBB3,0.751524337529617
RR1 carcass,RR3-40,GO:BP,Positive Regulation of Cellular Component Biogenesis (GO:0044089),1,48,0.22452550461829318,MTSS1,0.3114224001417042
RR1 carcass,RR3-40,GO:BP,Positive Regulation of Cellular Component Organization (GO:0051130),1,48,0.26544374734506604,BNIP3,0.3494163977790678
RR1 carcass,RR3-40,GO:BP,Positive Regulation of Chromosome Organization (GO:2001252),1,48,0.12760078381097825,PPP1R10,0.23064864712188488
RR1 carcass,RR3-40,GO:BP,Positive Regulation of Cold-Induced Thermogenesis (GO:0120162),1,48,0.26544374734506604,DECR1,0.3494163977790678
RR1 carcass,RR3-40,GO:BP,Positive Regulation of Cytoskeleton Organization (GO:0051495),2,48,0.02122121675984857,MTSS1;WHAMM,0.19249185169891983
RR1 carcass,RR3-40,GO:BP,Positive Regulation of DNA Metabolic Process (GO:0051054),1,48,0.2464584986367485,PPP1R10,0.3314626228954101
RR1 carcass,RR3-40,GO:BP,"Positive Regulation of DNA-templated Transcription, Elongation (GO:0032786)",1,48,0.1655951483081709,PPP1R10,0.26393057056829294
RR1 carcass,RR3-40,GO:BP,Positive Regulation of Defense Response (GO:0031349),2,48,0.04508462465328939,CPT1A;OPTN,0.19249185169891983
RR1 carcass,RR3-40,GO:BP,Positive Regulation of Developmental Process (GO:0051094),1,48,0.5234370316135005,BNIP3,0.5614722484435474
RR1 carcass,RR3-40,GO:BP,Positive Regulation of Epithelial Cell Proliferation (GO:0050679),1,48,0.2907856342186714,ERBB3,0.36718348923742616
RR1 carcass,RR3-40,GO:BP,Positive Regulation of Fatty Acid Metabolic Process (GO:0045923),1,48,0.05549633305664691,PPARA,0.19249185169891983
RR1 carcass,RR3-40,GO:BP,Positive Regulation of Fatty Acid Oxidation (GO:0046321),1,48,0.034282327217899713,PPARA,0.19249185169891983
RR1 carcass,RR3-40,GO:BP,Positive Regulation of Gene Expression (GO:0010628),1,48,0.6960082703730583,ZPR1,0.7097452757093687
RR1 carcass,RR3-40,GO:BP,Positive Regulation of Growth (GO:0045927),1,48,0.19173708448321952,ZPR1,0.2839558854630803
RR1 carcass,RR3-40,GO:BP,Positive Regulation of Immune Response (GO:0050778),1,48,0.20703549081192682,CPT1A,0.2964480468900569
RR1 carcass,RR3-40,GO:BP,Positive Regulation of Innate Immune Response (GO:0045089),1,48,0.1164375646858237,CPT1A,0.22350244614616316
RR1 carcass,RR3-40,GO:BP,Positive Regulation of Intracellular Protein Transport (GO:0090316),1,48,0.19942206811107632,ZPR1,0.29229712110843337
RR1 carcass,RR3-40,GO:BP,Positive Regulation of Intrinsic Apoptotic Signaling Pathway (GO:2001244),1,48,0.0994300174125386,VNN1,0.21257451998542734
RR1 carcass,RR3-40,GO:BP,Positive Regulation of Lipid Biosynthetic Process (GO:0046889),2,48,0.006746678094661275,LDLR;PPARA,0.09506682769749979
RR1 carcass,RR3-40,GO:BP,Positive Regulation of Lipid Catabolic Process (GO:0050996),1,48,0.06444773618989778,PPARA,0.194915104574325
RR1 carcass,RR3-40,GO:BP,Positive Regulation of Lipid Metabolic Process (GO:0045834),1,48,0.08791400004881211,PPARA,0.2031944728753621
RR1 carcass,RR3-40,GO:BP,Positive Regulation of Lipid Storage (GO:0010884),1,48,0.046461083546538,PLIN2,0.19249185169891983
RR1 carcass,RR3-40,GO:BP,Positive Regulation of MAPK Cascade (GO:0043410),1,48,0.669231401989087,ERBB3,0.6835641997252618
RR1 carcass,RR3-40,GO:BP,Positive Regulation of Macroautophagy (GO:0016239),2,48,0.022928173014749073,BNIP3;OPTN,0.19249185169891983
RR1 carcass,RR3-40,GO:BP,Positive Regulation of Macromolecule Biosynthetic Process (GO:0010557),2,48,0.250155616273016,HSPH1;ZPR1,0.33498160278460026
RR1 carcass,RR3-40,GO:BP,Positive Regulation of Mitochondrial Fission (GO:0090141),1,48,0.05549633305664691,BNIP3,0.19249185169891983
RR1 carcass,RR3-40,GO:BP,Positive Regulation of Mitotic Cell Cycle (GO:0045931),1,48,0.08210204328744666,PPP1R10,0.2031944728753621
RR1 carcass,RR3-40,GO:BP,Positive Regulation of Multicellular Organismal Process (GO:0051240),1,48,0.7076394025426133,DECR1,0.7192400484859348
RR1 carcass,RR3-40,GO:BP,Positive Regulation of Nucleocytoplasmic Transport (GO:0046824),1,48,0.13313048661883709,ZPR1,0.23718649914850287
RR1 carcass,RR3-40,GO:BP,Positive Regulation of Organelle Organization (GO:0010638),1,48,0.20703549081192682,BNIP3,0.2964480468900569
RR1 carcass,RR3-40,GO:BP,Positive Regulation of Programmed Cell Death (GO:0043068),1,48,0.5141438773341701,BNIP3,0.5524596255583804
RR1 carcass,RR3-40,GO:BP,Positive Regulation of Protein Import Into Nucleus (GO:0042307),1,48,0.08501254017753794,ZPR1,0.2031944728753621
RR1 carcass,RR3-40,GO:BP,Positive Regulation of Protein Localization to Nucleus (GO:1900182),1,48,0.19942206811107632,ZPR1,0.29229712110843337
RR1 carcass,RR3-40,GO:BP,Positive Regulation of Protein-Containing Complex Disassembly (GO:0043243),1,48,0.031213918646142202,BNIP3,0.19249185169891983
RR1 carcass,RR3-40,GO:BP,Positive Regulation of RNA Splicing (GO:0033120),1,48,0.0703691333772513,ZPR1,0.19694607167095177
RR1 carcass,RR3-40,GO:BP,Positive Regulation of Release of Cytochrome C From Mitochondria (GO:0090200),1,48,0.058489412611230716,BNIP3,0.19249185169891983
RR1 carcass,RR3-40,GO:BP,Positive Regulation of Response to Biotic Stimulus (GO:0002833),1,48,0.11080362499450344,CPT1A,0.22089468648421906
RR1 carcass,RR3-40,GO:BP,Positive Regulation of Response to External Stimulus (GO:0032103),2,48,0.07069362397572146,CPT1A;OPTN,0.19694607167095177
RR1 carcass,RR3-40,GO:BP,Positive Regulation of Signal Transduction (GO:0009967),1,48,0.5631470932241466,SALL1,0.5962919584989398
RR1 carcass,RR3-40,GO:BP,Positive Regulation of Small Molecule Metabolic Process (GO:0062013),1,48,0.06444773618989778,PPARA,0.194915104574325
RR1 carcass,RR3-40,GO:BP,Positive Regulation of Supramolecular Fiber Organization (GO:1902905),2,48,0.03094495592279213,MTSS1;WHAMM,0.19249185169891983
RR1 carcass,RR3-40,GO:BP,Positive Regulation of T Cell Differentiation (GO:0045582),1,48,0.15759238527456157,VNN1,0.2591705009820376
RR1 carcass,RR3-40,GO:BP,Positive Regulation of Telomere Maintenance (GO:0032206),1,48,0.11362497785015285,PPP1R10,0.2222318178772706
RR1 carcass,RR3-40,GO:BP,Positive Regulation of Transcription Elongation by RNA Polymerase II (GO:0032968),1,48,0.14680503048497737,PPP1R10,0.250741374382055
RR1 carcass,RR3-40,GO:BP,Positive Regulation of Transport (GO:0051050),1,48,0.16026828796179757,SGK2,0.2594421371705339
RR1 carcass,RR3-40,GO:BP,Positive Regulation of Triglyceride Biosynthetic Process (GO:0010867),1,48,0.034282327217899713,LDLR,0.19249185169891983
RR1 carcass,RR3-40,GO:BP,Positive Regulation of Triglyceride Metabolic Process (GO:0090208),1,48,0.05549633305664691,LDLR,0.19249185169891983
RR1 carcass,RR3-40,GO:BP,Positive Regulation of Wnt Signaling Pathway (GO:0030177),1,48,0.2953003655736807,SALL1,0.3711855996051795
RR1 carcass,RR3-40,GO:BP,Proteasomal Protein Catabolic Process (GO:0010498),2,48,0.23722892592711498,RANBP10;SOCS2,0.3239690177859279
RR1 carcass,RR3-40,GO:BP,Proteasome-mediated Ubiquitin-Dependent Protein Catabolic Process (GO:0043161),2,48,0.3312496686174925,RANBP10;SOCS2,0.39956185708724773
RR1 carcass,RR3-40,GO:BP,Protein Catabolic Process (GO:0030163),1,48,0.3936535143299324,BNIP3,0.4519725534899224
RR1 carcass,RR3-40,GO:BP,Protein Import Into Nucleus (GO:0006606),1,48,0.19173708448321952,PPP1R10,0.2839558854630803
RR1 carcass,RR3-40,GO:BP,Protein Localization to Golgi Apparatus (GO:0034067),1,48,0.0703691333772513,OPTN,0.19694607167095177
RR1 carcass,RR3-40,GO:BP,Protein Localization to Nucleus (GO:0034504),1,48,0.29754716613511967,PPP1R10,0.3711855996051795
RR1 carcass,RR3-40,GO:BP,Protein Localization to Organelle (GO:0033365),1,48,0.3779184176772581,OPTN,0.44043123864642864
RR1 carcass,RR3-40,GO:BP,Protein Localization to Plasma Membrane (GO:0072659),1,48,0.3779184176772581,OPTN,0.44043123864642864
RR1 carcass,RR3-40,GO:BP,Protein Modification Process (GO:0036211),1,48,0.7304888207199737,SGK2,0.7388304548880648
RR1 carcass,RR3-40,GO:BP,Protein Modification by Small Protein Conjugation (GO:0032446),1,48,0.6047537550855094,BRAP,0.6291062552902951
RR1 carcass,RR3-40,GO:BP,Protein Phosphorylation (GO:0006468),1,48,0.6085679264380722,SGK2,0.6320135919457367
RR1 carcass,RR3-40,GO:BP,Protein Stabilization (GO:0050821),1,48,0.4649503629334476,PPP1R10,0.5138488859514038
RR1 carcass,RR3-40,GO:BP,Protein Targeting (GO:0006605),1,48,0.2560104176440418,HACL1,0.3406147187538754
RR1 carcass,RR3-40,GO:BP,Protein Transport (GO:0015031),1,48,0.6009031995587095,OPTN,0.627205359808754
RR1 carcass,RR3-40,GO:BP,Protein Ubiquitination (GO:0016567),1,48,0.669231401989087,BRAP,0.6835641997252618
RR1 carcass,RR3-40,GO:BP,Proteinogenic Amino Acid Catabolic Process (GO:0170040),2,48,0.024096723276865743,AFMID;CSAD,0.19249185169891983
RR1 carcass,RR3-40,GO:BP,Purine-containing Compound Biosynthetic Process (GO:0072522),1,48,0.07331605462925843,PANK1,0.19694607167095177
RR1 carcass,RR3-40,GO:BP,RNA Catabolic Process (GO:0006401),1,48,0.24885767561110736,ZPR1,0.333964846058196
RR1 carcass,RR3-40,GO:BP,Ras Protein Signal Transduction (GO:0007265),1,48,0.18137798420038456,BRAP,0.2804347885392479
RR1 carcass,RR3-40,GO:BP,Receptor-mediated Endocytosis (GO:0006898),1,48,0.3346868205274185,LDLR,0.40136523931721363
RR1 carcass,RR3-40,GO:BP,Regulation of Actin Filament Bundle Assembly (GO:0032231),1,48,0.0791824818321287,MTSS1,0.2031944728753621
RR1 carcass,RR3-40,GO:BP,Regulation of Actin Nucleation (GO:0051125),1,48,0.05249393729417798,WHAMM,0.19249185169891983
RR1 carcass,RR3-40,GO:BP,Regulation of Amyloid Fibril Formation (GO:1905906),1,48,0.046461083546538,LDLR,0.19249185169891983
RR1 carcass,RR3-40,GO:BP,Regulation of Autophagy (GO:0010506),2,48,0.1458935316964931,BNIP3;OPTN,0.2505650682876059
RR1 carcass,RR3-40,GO:BP,Regulation of Canonical NF-kappaB Signal Transduction (GO:0043122),1,48,0.5631470932241466,OPTN,0.5962919584989398
RR1 carcass,RR3-40,GO:BP,Regulation of Cardiac Muscle Cell Apoptotic Process (GO:0010665),1,48,0.037341219146997055,PPP1R10,0.19249185169891983
RR1 carcass,RR3-40,GO:BP,Regulation of Cell Adhesion (GO:0030155),1,48,0.3304192962842253,ERBB3,0.39933716120120794
RR1 carcass,RR3-40,GO:BP,Regulation of Cell Communication (GO:0010646),1,48,0.1655951483081709,SOCS2,0.26393057056829294
RR1 carcass,RR3-40,GO:BP,Regulation of Cell Cycle (GO:0051726),1,48,0.619795485742883,ZPR1,0.6404553352676458
RR1 carcass,RR3-40,GO:BP,Regulation of Cell Growth (GO:0001558),1,48,0.4527881828759338,SOCS2,0.5021979845851144
RR1 carcass,RR3-40,GO:BP,Regulation of Cell Migration (GO:0030334),1,48,0.7441847782663972,SUN2,0.7514569422233978
RR1 carcass,RR3-40,GO:BP,Regulation of Cellular Component Organization (GO:0051128),1,48,0.3818892730515659,SOCS2,0.4433920398726046
RR1 carcass,RR3-40,GO:BP,Regulation of Cellular Component Size (GO:0032535),1,48,0.10228670252780421,PEX11A,0.21424917421364395
RR1 carcass,RR3-40,GO:BP,Regulation of Cholesterol Storage (GO:0010885),1,48,0.04343056855019517,PPARA,0.19249185169891983
RR1 carcass,RR3-40,GO:BP,Regulation of Cold-Induced Thermogenesis (GO:0120161),1,48,0.3617837073306477,DECR1,0.4264370694771893
RR1 carcass,RR3-40,GO:BP,Regulation of Cytokine Production Involved in Inflammatory Response (GO:1900015),1,48,0.15490813371409815,PPARA,0.25679957995385255
RR1 carcass,RR3-40,GO:BP,Regulation of Epithelial Cell Proliferation (GO:0050678),2,48,0.032263988434884636,ERBB3;MTSS1,0.19249185169891983
RR1 carcass,RR3-40,GO:BP,Regulation of Fatty Acid Beta-Oxidation (GO:0031998),1,48,0.040390623323130107,PPARA,0.19249185169891983
RR1 carcass,RR3-40,GO:BP,Regulation of Fatty Acid Metabolic Process (GO:0019217),1,48,0.037341219146997055,PPARA,0.19249185169891983
RR1 carcass,RR3-40,GO:BP,Regulation of Fatty Acid Oxidation (GO:0046320),1,48,0.046461083546538,PPARA,0.19249185169891983
RR1 carcass,RR3-40,GO:BP,Regulation of Glycolytic Process (GO:0006110),1,48,0.13588245332798352,PPARA,0.24002028792977145
RR1 carcass,RR3-40,GO:BP,Regulation of Inflammatory Response (GO:0050727),1,48,0.5141438773341701,PPARA,0.5524596255583804
RR1 carcass,RR3-40,GO:BP,Regulation of Innate Immune Response (GO:0045088),1,48,0.20196779455895095,CPT1A,0.2932553457296243
RR1 carcass,RR3-40,GO:BP,Regulation of Intracellular Signal Transduction (GO:1902531),1,48,0.6342762587731532,OPTN,0.6521580106788639
RR1 carcass,RR3-40,GO:BP,Regulation of Ketone Metabolic Process (GO:0010565),1,48,0.034282327217899713,PPARA,0.19249185169891983
RR1 carcass,RR3-40,GO:BP,Regulation of Leukocyte Cell-Cell Adhesion (GO:1903037),1,48,0.034282327217899713,PPARA,0.19249185169891983
RR1 carcass,RR3-40,GO:BP,Regulation of Lipid Biosynthetic Process (GO:0046890),1,48,0.08210204328744666,PPARA,0.2031944728753621
RR1 carcass,RR3-40,GO:BP,Regulation of Lipid Metabolic Process (GO:0019216),1,48,0.16026828796179757,PPARA,0.2594421371705339
RR1 carcass,RR3-40,GO:BP,Regulation of Lipid Transport (GO:0032368),1,48,0.037341219146997055,PPARA,0.19249185169891983
RR1 carcass,RR3-40,GO:BP,Regulation of Low-Density Lipoprotein Particle Clearance (GO:0010988),1,48,0.034282327217899713,LDLR,0.19249185169891983
RR1 carcass,RR3-40,GO:BP,Regulation of MAPK Cascade (GO:0043408),1,48,0.564553838127222,ERBB3,0.5962919584989398
RR1 carcass,RR3-40,GO:BP,Regulation of Macroautophagy (GO:0016241),1,48,0.283960387162772,BNIP3,0.3615101438211881
RR1 carcass,RR3-40,GO:BP,Regulation of Macromolecule Biosynthetic Process (GO:0010556),1,48,0.34314212477970163,TOB2,0.4099193012782563
RR1 carcass,RR3-40,GO:BP,Regulation of Macromolecule Metabolic Process (GO:0060255),1,48,0.05249393729417798,LDLR,0.19249185169891983
RR1 carcass,RR3-40,GO:BP,Regulation of Macrophage Derived Foam Cell Differentiation (GO:0010743),1,48,0.08501254017753794,PPARA,0.2031944728753621
RR1 carcass,RR3-40,GO:BP,Regulation of Metabolic Process (GO:0019222),1,48,0.09080645036578211,PPARA,0.2031944728753621
RR1 carcass,RR3-40,GO:BP,Regulation of Microglial Cell Activation (GO:1903978),1,48,0.040390623323130107,LDLR,0.19249185169891983
RR1 carcass,RR3-40,GO:BP,Regulation of Mitochondrial Fission (GO:0090140),1,48,0.07625382818303923,BNIP3,0.19781327813173358
RR1 carcass,RR3-40,GO:BP,Regulation of Mitochondrial Fusion (GO:0010635),1,48,0.040390623323130107,BNIP3,0.19249185169891983
RR1 carcass,RR3-40,GO:BP,Regulation of Mitochondrial Gene Expression (GO:0062125),1,48,0.031213918646142202,MTG1,0.19249185169891983
RR1 carcass,RR3-40,GO:BP,Regulation of Mitochondrial Membrane Permeability (GO:0046902),1,48,0.04948219694520244,BNIP3,0.19249185169891983
RR1 carcass,RR3-40,GO:BP,Regulation of Mitochondrial Translation (GO:0070129),1,48,0.06147320425223569,MTG1,0.19249185169891983
RR1 carcass,RR3-40,GO:BP,Regulation of Myelination (GO:0031641),1,48,0.07625382818303923,ZPR1,0.19781327813173358
RR1 carcass,RR3-40,GO:BP,Regulation of Nervous System Development (GO:0051960),1,48,0.12203654685203347,ZPR1,0.2251864852626808
RR1 carcass,RR3-40,GO:BP,Regulation of Neuron Apoptotic Process (GO:0043523),1,48,0.3130795537911647,ERBB3,0.3836152635385813
RR1 carcass,RR3-40,GO:BP,Regulation of Oxidative Stress-Induced Intrinsic Apoptotic Signaling Pathway (GO:1902175),1,48,0.05549633305664691,VNN1,0.19249185169891983
RR1 carcass,RR3-40,GO:BP,Regulation of Phosphatidylinositol 3-Kinase/Protein Kinase B Signal Transduction (GO:0051896),2,48,0.14154213639397206,ERBB3;PPARA,0.24512883956497955
RR1 carcass,RR3-40,GO:BP,Regulation of Primary Metabolic Process (GO:0080090),1,48,0.283960387162772,LDLR,0.3615101438211881
RR1 carcass,RR3-40,GO:BP,Regulation of Programmed Cell Death (GO:0043067),1,48,0.4165280216072951,BNIP3,0.47125433101555286
RR1 carcass,RR3-40,GO:BP,Regulation of Protein Import Into Nucleus (GO:0042306),1,48,0.12203654685203347,ZPR1,0.2251864852626808
RR1 carcass,RR3-40,GO:BP,Regulation of Protein Metabolic Process (GO:0051246),1,48,0.22945288742843473,LDLR,0.3154341246244557
RR1 carcass,RR3-40,GO:BP,Regulation of Protein-Containing Complex Disassembly (GO:0043244),1,48,0.04948219694520244,BNIP3,0.19249185169891983
RR1 carcass,RR3-40,GO:BP,Regulation of RNA Splicing (GO:0043484),1,48,0.2560104176440418,ZPR1,0.3406147187538754
RR1 carcass,RR3-40,GO:BP,Regulation of Reactive Oxygen Species Biosynthetic Process (GO:1903426),1,48,0.07331605462925843,PPARA,0.19694607167095177
RR1 carcass,RR3-40,GO:BP,Regulation of Receptor Recycling (GO:0001919),2,48,0.0010033586013951563,LDLR;OPTN,0.02221722617374989
RR1 carcass,RR3-40,GO:BP,Regulation of Receptor Signaling Pathway via JAK-STAT (GO:0046425),1,48,0.15221550778766454,SOCS2,0.2554959646125075
RR1 carcass,RR3-40,GO:BP,Regulation of Release of Cytochrome C From Mitochondria (GO:0090199),1,48,0.10513451419118822,BNIP3,0.21727799599512235
RR1 carcass,RR3-40,GO:BP,Regulation of Secretion (GO:0051046),1,48,0.05249393729417798,ERBB3,0.19249185169891983
RR1 carcass,RR3-40,GO:BP,Regulation of Signal Transduction (GO:0009966),3,48,0.0293935684078696,BRAP;ERBB3;SOCS2,0.19249185169891983
RR1 carcass,RR3-40,GO:BP,Regulation of Small Molecule Metabolic Process (GO:0062012),1,48,0.10228670252780421,PPARA,0.21424917421364395
RR1 carcass,RR3-40,GO:BP,Regulation of T Cell Differentiation in Thymus (GO:0033081),1,48,0.037341219146997055,VNN1,0.19249185169891983
RR1 carcass,RR3-40,GO:BP,Regulation of Telomere Maintenance (GO:0032204),1,48,0.14680503048497737,PPP1R10,0.250741374382055
RR1 carcass,RR3-40,GO:BP,Regulation of Transcription Elongation by RNA Polymerase II (GO:0034243),1,48,0.22945288742843473,PPP1R10,0.3154341246244557
RR1 carcass,RR3-40,GO:BP,Regulation of Transforming Growth Factor Beta Receptor Signaling Pathway (GO:0017015),1,48,0.3108814083632965,PPARA,0.3831937836684768
RR1 carcass,RR3-40,GO:BP,Regulation of Translation (GO:0006417),1,48,0.43855689611361814,MTG1,0.4908037465531466
RR1 carcass,RR3-40,GO:BP,Regulation of Triglyceride Biosynthetic Process (GO:0010866),1,48,0.04948219694520244,LDLR,0.19249185169891983
RR1 carcass,RR3-40,GO:BP,Regulation of Wnt Signaling Pathway (GO:0030111),1,48,0.2816710444986685,SALL1,0.3615101438211881
RR1 carcass,RR3-40,GO:BP,Regulation of miRNA Transcription (GO:1902893),1,48,0.176149795802724,PPARA,0.2750953989866219
RR1 carcass,RR3-40,GO:BP,Renal System Development (GO:0072001),1,48,0.15490813371409815,SALL1,0.25679957995385255
RR1 carcass,RR3-40,GO:BP,Response to Epidermal Growth Factor (GO:0070849),1,48,0.08501254017753794,ZPR1,0.2031944728753621
RR1 carcass,RR3-40,GO:BP,Response to Estradiol (GO:0032355),1,48,0.08791400004881211,SOCS2,0.2031944728753621
RR1 carcass,RR3-40,GO:BP,Response to Ketone (GO:1901654),1,48,0.06444773618989778,ABHD2,0.194915104574325
RR1 carcass,RR3-40,GO:BP,Response to Steroid Hormone (GO:0048545),1,48,0.08210204328744666,ABHD2,0.2031944728753621
RR1 carcass,RR3-40,GO:BP,Response to Unfolded Protein (GO:0006986),2,48,0.007436024480527416,HSPH1;OPTN,0.10022467778102169
RR1 carcass,RR3-40,GO:BP,Reticulophagy (GO:0061709),2,48,0.0025899445810873313,BNIP3;TEX264,0.04225699053353014
RR1 carcass,RR3-40,GO:BP,Ribosomal Large Subunit Assembly (GO:0000027),1,48,0.07331605462925843,MTG1,0.19694607167095177
RR1 carcass,RR3-40,GO:BP,Small GTPase-mediated Signal Transduction (GO:0007264),1,48,0.4666660675616256,BRAP,0.5148273343206546
RR1 carcass,RR3-40,GO:BP,Sodium Ion Transport (GO:0006814),1,48,0.2724417881086815,SLC17A2,0.3556082286892264
RR1 carcass,RR3-40,GO:BP,Sphingolipid Biosynthetic Process (GO:0030148),1,48,0.22452550461829318,ST3GAL5,0.3114224001417042
RR1 carcass,RR3-40,GO:BP,Steroid Metabolic Process (GO:0008202),1,48,0.1839798817476222,AMACR,0.28304597191941877
RR1 carcass,RR3-40,GO:BP,Sterol Homeostasis (GO:0055092),3,48,0.002211728881018752,ABCG5;ABCG8;LDLR,0.037061402871125027
RR1 carcass,RR3-40,GO:BP,Sterol Transport (GO:0015918),3,48,6.517987062986803e-05,ABCG5;ABCG8;LDLR,0.0031085784454244754
RR1 carcass,RR3-40,GO:BP,Sulfur Amino Acid Catabolic Process (GO:0000098),1,48,0.031213918646142202,CSAD,0.19249185169891983
RR1 carcass,RR3-40,GO:BP,Sulfur Compound Biosynthetic Process (GO:0044272),1,48,0.08501254017753794,PANK1,0.2031944728753621
RR1 carcass,RR3-40,GO:BP,Supramolecular Fiber Organization (GO:0097435),1,48,0.5944038294586781,WHAMM,0.6235708532392225
RR1 carcass,RR3-40,GO:BP,Transcription by RNA Polymerase II (GO:0006366),1,48,0.4649503629334476,PPP1R10,0.5138488859514038
RR1 carcass,RR3-40,GO:BP,Transport Across Blood-Brain Barrier (GO:0150104),2,48,0.026505684012776885,ABCC3;SLC7A2,0.19249185169891983
RR1 carcass,RR3-40,GO:BP,Ubiquitin-dependent Protein Catabolic Process (GO:0006511),2,48,0.40894945161338103,RANBP10;SOCS2,0.46437483516537775
RR1 carcass,RR3-40,GO:BP,Ureteric Bud Development (GO:0001657),1,48,0.058489412611230716,SALL1,0.19249185169891983
RR1 carcass,RR3-40,GO:BP,Ureteric Bud Morphogenesis (GO:0060675),1,48,0.05549633305664691,SALL1,0.19249185169891983
RR1 carcass,RR3-40,GO:BP,Vascular Transport (GO:0010232),2,48,0.02528933938091417,ABCC3;SLC7A2,0.19249185169891983
RR1 carcass,RR3-40,GO:BP,Ventricular Septum Development (GO:0003281),1,48,0.11362497785015285,SALL1,0.2222318178772706
RR1 carcass,RR3-40,GO:BP,Wound Healing (GO:0042060),1,48,0.20196779455895095,ERBB3,0.2932553457296243
RR1 carcass,RR3-40,GO:BP,Xenobiotic Transport (GO:0042908),1,48,0.040390623323130107,ABCC3,0.19249185169891983
RR1 carcass,RR3-40,KEGG,ABC TRANSPORTERS,4,48,6.698017108430762e-06,ABCA6;ABCC3;ABCG5;ABCG8,0.001384256869075691
RR1 carcass,RR3-40,KEGG,ADIPOCYTOKINE SIGNALING PATHWAY,2,48,0.0195703381392027,CPT1A;PPARA,0.19249185169891983
RR1 carcass,RR3-40,KEGG,ALCOHOLIC LIVER DISEASE,2,48,0.04660902053663599,CPT1A;PPARA,0.19249185169891983
RR1 carcass,RR3-40,KEGG,ALDOSTERONE SYNTHESIS AND SECRETION,1,48,0.22452550461829318,LDLR,0.3114224001417042
RR1 carcass,RR3-40,KEGG,AMPK SIGNALING PATHWAY,1,48,0.30201974452779223,CPT1A,0.37375696927591057
RR1 carcass,RR3-40,KEGG,AMYOTROPHIC LATERAL SCLEROSIS,2,48,0.2454508689384436,ANXA7;OPTN,0.33082508422138046
RR1 carcass,RR3-40,KEGG,AUTOPHAGY - ANIMAL,2,48,0.07976875739899303,BNIP3;OPTN,0.2031944728753621
RR1 carcass,RR3-40,KEGG,BETA-ALANINE METABOLISM,1,48,0.08501254017753794,CSAD,0.2031944728753621
RR1 carcass,RR3-40,KEGG,BILE SECRETION,4,48,4.3067227212459926e-05,ABCC3;ABCG5;ABCG8;LDLR,0.0024762993388290845
RR1 carcass,RR3-40,KEGG,CALCIUM SIGNALING PATHWAY,1,48,0.5249688753476832,ERBB3,0.562142837159868
RR1 carcass,RR3-40,KEGG,CAMP SIGNALING PATHWAY,1,48,0.48352952428452733,PPARA,0.5296613163540759
RR1 carcass,RR3-40,KEGG,CHEMICAL CARCINOGENESIS - RECEPTOR ACTIVATION,2,48,0.08918742184528237,NR1I3;PPARA,0.2031944728753621
RR1 carcass,RR3-40,KEGG,CHOLESTEROL METABOLISM,3,48,0.00038465527906168627,ABCG5;ABCG8;LDLR,0.01369318165275353
RR1 carcass,RR3-40,KEGG,CITRATE CYCLE (TCA CYCLE),1,48,0.08210204328744666,LDLR,0.2031944728753621
RR1 carcass,RR3-40,KEGG,CORTISOL SYNTHESIS AND SECRETION,1,48,0.15490813371409815,LDLR,0.25679957995385255
RR1 carcass,RR3-40,KEGG,CUSHING SYNDROME,1,48,0.3576864319874239,LDLR,0.42402598055870516
RR1 carcass,RR3-40,KEGG,CYTOSKELETON IN MUSCLE CELLS,1,48,0.496643364137031,SUN2,0.5402085715174723
RR1 carcass,RR3-40,KEGG,DIABETIC CARDIOMYOPATHY,1,48,0.40519842931721556,PPARA,0.461807033413003
RR1 carcass,RR3-40,KEGG,EFFEROCYTOSIS,1,48,0.36585538753044117,CPT1A,0.4304181029769896
RR1 carcass,RR3-40,KEGG,ENDOCYTOSIS,1,48,0.4982594924662227,LDLR,0.5410173123100842
RR1 carcass,RR3-40,KEGG,ERBB SIGNALING PATHWAY,1,48,0.2120716722444036,ERBB3,0.3008797180584216
RR1 carcass,RR3-40,KEGG,FAT DIGESTION AND ABSORPTION,2,48,0.007087513191169587,ABCG5;ABCG8,0.0976501817450032
RR1 carcass,RR3-40,KEGG,FATTY ACID DEGRADATION,1,48,0.10797347938079992,CPT1A,0.21948707283965888
RR1 carcass,RR3-40,KEGG,FOLATE TRANSPORT AND METABOLISM,1,48,0.058489412611230716,ABCC3,0.19249185169891983
RR1 carcass,RR3-40,KEGG,FOXO SIGNALING PATHWAY,1,48,0.3196328779244538,BNIP3,0.3901031187266955
RR1 carcass,RR3-40,KEGG,GLUCAGON SIGNALING PATHWAY,2,48,0.0342835545573028,CPT1A;PPARA,0.19249185169891983
RR1 carcass,RR3-40,KEGG,GLYCOSPHINGOLIPID BIOSYNTHESIS - GANGLIO SERIES,1,48,0.04343056855019517,ST3GAL5,0.19249185169891983
RR1 carcass,RR3-40,KEGG,GLYOXYLATE AND DICARBOXYLATE METABOLISM,2,48,0.0035186272549806684,AFMID;HAO2,0.05593715123302601
RR1 carcass,RR3-40,KEGG,"GROWTH HORMONE SYNTHESIS, SECRETION AND ACTION",1,48,0.2862425851319742,SOCS2,0.36292515906303474
RR1 carcass,RR3-40,KEGG,HEPATITIS C,2,48,0.05946024542374902,LDLR;PPARA,0.19249185169891983
RR1 carcass,RR3-40,KEGG,IGSF CAM SIGNALING,1,48,0.564553838127222,MTSS1,0.5962919584989398
RR1 carcass,RR3-40,KEGG,INSULIN RESISTANCE,2,48,0.04062768807029309,CPT1A;PPARA,0.19249185169891983
RR1 carcass,RR3-40,KEGG,INSULIN SIGNALING PATHWAY,1,48,0.3304192962842253,SOCS2,0.39933716120120794
RR1 carcass,RR3-40,KEGG,JAK-STAT SIGNALING PATHWAY,1,48,0.32180368501429857,SOCS2,0.3919809129840179
RR1 carcass,RR3-40,KEGG,LEGIONELLOSIS,1,48,0.12203654685203347,BNIP3,0.2251864852626808
RR1 carcass,RR3-40,KEGG,LIPID AND ATHEROSCLEROSIS,1,48,0.4183956299670478,LDLR,0.4725050830228955
RR1 carcass,RR3-40,KEGG,MAPK SIGNALING PATHWAY,1,48,0.5983157815230784,ERBB3,0.6255578154204192
RR1 carcass,RR3-40,KEGG,MICRORNAS IN CANCER,1,48,0.3818892730515659,ERBB3,0.4433920398726046
RR1 carcass,RR3-40,KEGG,MITOPHAGY - ANIMAL,2,48,0.033604949816081454,BNIP3;OPTN,0.19249185169891983
RR1 carcass,RR3-40,KEGG,NON-ALCOHOLIC FATTY LIVER DISEASE,1,48,0.35149218339730737,PPARA,0.4174811373684494
RR1 carcass,RR3-40,KEGG,OVARIAN STEROIDOGENESIS,1,48,0.11362497785015285,LDLR,0.2222318178772706
RR1 carcass,RR3-40,KEGG,PANTOTHENATE AND COA BIOSYNTHESIS,3,48,2.7829525781404618e-05,CSAD;PANK1;VNN1,0.001980770245602143
RR1 carcass,RR3-40,KEGG,PATHWAYS IN CANCER,1,48,0.7769759394395033,LDLR,0.7782311509733312
RR1 carcass,RR3-40,KEGG,PATHWAYS OF NEURODEGENERATION - MULTIPLE DISEASES,1,48,0.7287271345201937,OPTN,0.7382529794158825
RR1 carcass,RR3-40,KEGG,PEROXISOME,3,48,0.001988091838053162,AMACR;HAO2;PEX11A,0.036253439399792954
RR1 carcass,RR3-40,KEGG,PI3K-AKT SIGNALING PATHWAY,1,48,0.631900873168602,ERBB3,0.6507949192101881
RR1 carcass,RR3-40,KEGG,PPAR SIGNALING PATHWAY,3,48,0.0011326989458706673,CPT1A;PLIN2;PPARA,0.023650573042477818
RR1 carcass,RR3-40,KEGG,PRIMARY BILE ACID BIOSYNTHESIS,1,48,0.046461083546538,AMACR,0.19249185169891983
RR1 carcass,RR3-40,KEGG,PROLACTIN SIGNALING PATHWAY,1,48,0.17876796382453725,SOCS2,0.2770903439280327
RR1 carcass,RR3-40,KEGG,PROTEIN PROCESSING IN ENDOPLASMIC RETICULUM,1,48,0.39752598971975606,HSPH1,0.455575071397872
RR1 carcass,RR3-40,KEGG,PROTEOGLYCANS IN CANCER,1,48,0.4474933328529593,ERBB3,0.49900335677847973
RR1 carcass,RR3-40,KEGG,PYRUVATE METABOLISM,1,48,0.10797347938079992,LDLR,0.21948707283965888
RR1 carcass,RR3-40,KEGG,RENAL CELL CARCINOMA,1,48,0.17876796382453725,LDLR,0.2770903439280327
RR1 carcass,RR3-40,KEGG,RNA DEGRADATION,1,48,0.19173708448321952,TOB2,0.2839558854630803
RR1 carcass,RR3-40,KEGG,SHIGELLOSIS,1,48,0.4868390085200166,BNIP3,0.5323460057890834
RR1 carcass,RR3-40,KEGG,TAURINE AND HYPOTAURINE METABOLISM,1,48,0.040390623323130107,CSAD,0.19249185169891983
RR1 carcass,RR3-40,KEGG,THERMOGENESIS,2,48,0.11507790285839331,CPT1A;SLC25A20,0.22350244614616316
RR1 carcass,RR3-40,KEGG,TIGHT JUNCTION,1,48,0.3759236340610185,WHAMM,0.43975972286383297
RR1 carcass,RR3-40,KEGG,TOXOPLASMOSIS,1,48,0.2560104176440418,LDLR,0.3406147187538754
RR1 carcass,RR3-40,KEGG,TRYPTOPHAN METABOLISM,1,48,0.11362497785015285,AFMID,0.2222318178772706
RR1 carcass,RR3-40,KEGG,TYPE II DIABETES MELLITUS,1,48,0.12760078381097825,SOCS2,0.23064864712188488
RR1 carcass,RR3-40,KEGG,VIRION - HEPATITIS VIRUSES,1,48,0.1164375646858237,LDLR,0.22350244614616316
RR1 carcass,RR3-40,Reactome,ABC Transporter Disorders,2,48,0.01694670052200279,ABCG5;ABCG8,0.19249185169891983
RR1 carcass,RR3-40,Reactome,ABC Transporters in Lipid Homeostasis,3,48,1.9616603902855115e-05,ABCA6;ABCG5;ABCG8,0.001980770245602143
RR1 carcass,RR3-40,Reactome,ABC-family Proteins Mediated Transport,4,48,0.0001482058036900579,ABCA6;ABCC3;ABCG5;ABCG8,0.006563399877702565
RR1 carcass,RR3-40,Reactome,Activation of Gene Expression by SREBF (SREBP),1,48,0.1164375646858237,PPARA,0.22350244614616316
RR1 carcass,RR3-40,Reactome,"Activation of IRF3, IRF7 Mediated by TBK1, IKKε (IKBKE)",1,48,0.04948219694520244,OPTN,0.19249185169891983
RR1 carcass,RR3-40,Reactome,Adipogenesis,1,48,0.2862425851319742,PPARA,0.36292515906303474
RR1 carcass,RR3-40,Reactome,Amino Acid Transport Across the Plasma Membrane,1,48,0.09080645036578211,SLC7A2,0.2031944728753621
RR1 carcass,RR3-40,Reactome,Asparagine N-linked Glycosylation,1,48,0.5970159202349454,ST3GAL5,0.6252531597055171
RR1 carcass,RR3-40,Reactome,Aspirin ADME,1,48,0.04343056855019517,ABCC3,0.19249185169891983
RR1 carcass,RR3-40,Reactome,Attenuation Phase,1,48,0.06147320425223569,HSPH1,0.19249185169891983
RR1 carcass,RR3-40,Reactome,Autophagy,2,48,0.07247971524445126,OPTN;PLIN2,0.19694607167095177
RR1 carcass,RR3-40,Reactome,"BMAL1 CLOCK,NPAS2 Activates Circadian Gene Expression",1,48,0.07331605462925843,PPARA,0.19694607167095177
RR1 carcass,RR3-40,Reactome,Bile Acid and Bile Salt Metabolism,2,48,0.0057707325547835964,ABCC3;AMACR,0.0832059112550193
RR1 carcass,RR3-40,Reactome,Binding and Uptake of Ligands by Scavenger Receptors,1,48,0.09656443178680454,HSPH1,0.21080967502753103
RR1 carcass,RR3-40,Reactome,Biosynthesis of the N-glycan Precursor (Dolichol LLO) and Transfer to a Nascent Protein,1,48,0.2120716722444036,ST3GAL5,0.3008797180584216
RR1 carcass,RR3-40,Reactome,Cargo Recognition for Clathrin-Mediated Endocytosis,1,48,0.2724417881086815,LDLR,0.3556082286892264
RR1 carcass,RR3-40,Reactome,Carnitine Shuttle,2,48,0.0006345159978291895,CPT1A;SLC25A20,0.016391663277254064
RR1 carcass,RR3-40,Reactome,"Cell Cycle, Mitotic",1,48,0.7680521072926421,OPTN,0.770537712817861
RR1 carcass,RR3-40,Reactome,Cellular Response to Chemical Stress,2,48,0.10489937710212723,ABCC3;PPARA,0.21727799599512235
RR1 carcass,RR3-40,Reactome,Cellular Response to Heat Stress,1,48,0.24163761297836683,HSPH1,0.32710768569123894
RR1 carcass,RR3-40,Reactome,Chaperone Mediated Autophagy,1,48,0.058489412611230716,PLIN2,0.19249185169891983
RR1 carcass,RR3-40,Reactome,Circadian Clock,2,48,0.018501488188070198,CPT1A;PPARA,0.19249185169891983
RR1 carcass,RR3-40,Reactome,Clathrin-mediated Endocytosis,1,48,0.3597382788704669,LDLR,0.4248337769517895
RR1 carcass,RR3-40,Reactome,Constitutive Signaling by Aberrant PI3K in Cancer,1,48,0.21956727343957355,ERBB3,0.30729505537818425
RR1 carcass,RR3-40,Reactome,Cytoprotection by HMOX1,1,48,0.14951448192637462,PPARA,0.2532758983452248
RR1 carcass,RR3-40,Reactome,Death Receptor Signaling,1,48,0.36990162909522456,OPTN,0.43435418567999856
RR1 carcass,RR3-40,Reactome,Degradation of Cysteine and Homocysteine,1,48,0.040390623323130107,CSAD,0.19249185169891983
RR1 carcass,RR3-40,Reactome,Diseases of Signal Transduction by Growth Factor Receptors and Second Messengers,2,48,0.3921251313842427,BRAP;ERBB3,0.4519725534899224
RR1 carcass,RR3-40,Reactome,Disorders of Transmembrane Transporters,2,48,0.08349666955334767,ABCG5;ABCG8,0.2031944728753621
RR1 carcass,RR3-40,Reactome,Downregulation of ERBB2 ERBB3 Signaling,1,48,0.034282327217899713,ERBB3,0.19249185169891983
RR1 carcass,RR3-40,Reactome,Downregulation of ERBB2 Signaling,1,48,0.08210204328744666,ERBB3,0.2031944728753621
RR1 carcass,RR3-40,Reactome,Drug ADME,1,48,0.16026828796179757,ABCC3,0.2594421371705339
RR1 carcass,RR3-40,Reactome,ERBB2 Activates PTK6 Signaling,1,48,0.034282327217899713,ERBB3,0.19249185169891983
RR1 carcass,RR3-40,Reactome,ERBB2 Regulates Cell Motility,1,48,0.040390623323130107,ERBB3,0.19249185169891983
RR1 carcass,RR3-40,Reactome,Epigenetic Regulation by WDR5-containing Histone Modifying Complexes,2,48,0.042834082605592,PEX11A;PLIN2,0.19249185169891983
RR1 carcass,RR3-40,Reactome,Epigenetic Regulation of Adipogenesis Genes by MLL3 and MLL4 Complexes,2,48,0.022928173014749073,PEX11A;PLIN2,0.19249185169891983
RR1 carcass,RR3-40,Reactome,Epigenetic Regulation of Gene Expression,2,48,0.15247339823649642,PEX11A;PLIN2,0.2554959646125075
RR1 carcass,RR3-40,Reactome,Epigenetic Regulation of Gene Expression by MLL3 and MLL4 Complexes,2,48,0.022928173014749073,PEX11A;PLIN2,0.19249185169891983
RR1 carcass,RR3-40,Reactome,FLT3 Signaling,1,48,0.11080362499450344,SOCS2,0.22089468648421906
RR1 carcass,RR3-40,Reactome,Fatty Acid Metabolism,6,48,5.835226393772601e-06,AMACR;CPT1A;DECR1;HACL1;HAO2;SLC25A20,0.001384256869075691
RR1 carcass,RR3-40,Reactome,Fertilization,1,48,0.046461083546538,IZUMO4,0.19249185169891983
RR1 carcass,RR3-40,Reactome,Formation of the Ureteric Bud,1,48,0.06147320425223569,SALL1,0.19249185169891983
RR1 carcass,RR3-40,Reactome,G2 M Transition,1,48,0.4165280216072951,OPTN,0.47125433101555286
RR1 carcass,RR3-40,Reactome,Glycosphingolipid Biosynthesis,1,48,0.05249393729417798,ST3GAL5,0.19249185169891983
RR1 carcass,RR3-40,Reactome,Glycosphingolipid Metabolism,1,48,0.14136074789768782,ST3GAL5,0.24512883956497955
RR1 carcass,RR3-40,Reactome,Growth Hormone Receptor Signaling,1,48,0.058489412611230716,SOCS2,0.19249185169891983
RR1 carcass,RR3-40,Reactome,HSF1 Activation,1,48,0.06741303655062712,HSPH1,0.19694607167095177
RR1 carcass,RR3-40,Reactome,HSF1-dependent Transactivation,1,48,0.08791400004881211,HSPH1,0.2031944728753621
RR1 carcass,RR3-40,Reactome,Heme Signaling,1,48,0.1248229952619186,PPARA,0.22828984384185705
RR1 carcass,RR3-40,Reactome,Interleukin-7 Signaling,1,48,0.06147320425223569,SOCS2,0.19249185169891983
RR1 carcass,RR3-40,Reactome,Intracellular Signaling by Second Messengers,1,48,0.6047537550855094,ERBB3,0.6291062552902951
RR1 carcass,RR3-40,Reactome,Ion Channel Transport,1,48,0.4202573845360099,SGK2,0.4728848973000475
RR1 carcass,RR3-40,Reactome,KEAP1-NFE2L2 Pathway,1,48,0.27707083746028477,ABCC3,0.35938058415350743
RR1 carcass,RR3-40,Reactome,Kidney Development,1,48,0.1303699388418653,SALL1,0.23361087306923836
RR1 carcass,RR3-40,Reactome,LDL Clearance,1,48,0.05249393729417798,LDLR,0.19249185169891983
RR1 carcass,RR3-40,Reactome,Late Endosomal Microautophagy,1,48,0.09080645036578211,PLIN2,0.2031944728753621
RR1 carcass,RR3-40,Reactome,MAPK Family Signaling Cascades,2,48,0.23488298337393193,BRAP;ERBB3,0.3221846232120305
RR1 carcass,RR3-40,Reactome,MAPK1 MAPK3 Signaling,2,48,0.19189921936940427,BRAP;ERBB3,0.2839558854630803
RR1 carcass,RR3-40,Reactome,MLL4 and MLL3 Complexes Regulate Expression of PPARG Targets in Adipogenesis and Hepatic Steatosis,2,48,0.022928173014749073,PEX11A;PLIN2,0.19249185169891983
RR1 carcass,RR3-40,Reactome,Macroautophagy,2,48,0.06114447109152602,OPTN;PLIN2,0.19249185169891983
RR1 carcass,RR3-40,Reactome,Meiosis,1,48,0.17088891718070595,SUN2,0.2689114940407048
RR1 carcass,RR3-40,Reactome,Meiotic Synapsis,1,48,0.10513451419118822,SUN2,0.21727799599512235
RR1 carcass,RR3-40,Reactome,Metabolism of Amino Acids and Derivatives,2,48,0.24075062989593232,AFMID;CSAD,0.32710768569123894
RR1 carcass,RR3-40,Reactome,Metabolism of Fat-Soluble Vitamins,1,48,0.12203654685203347,LDLR,0.2251864852626808
RR1 carcass,RR3-40,Reactome,Metabolism of Steroids,3,48,0.008554700075551525,ABCC3;AMACR;PPARA,0.10824314381310092
RR1 carcass,RR3-40,Reactome,Metabolism of Vitamins and Cofactors,3,48,0.018412900106335686,LDLR;PANK1;VNN1,0.19249185169891983
RR1 carcass,RR3-40,Reactome,Metabolism of Water-Soluble Vitamins and Cofactors,2,48,0.04893093796771702,PANK1;VNN1,0.19249185169891983
RR1 carcass,RR3-40,Reactome,Mitochondrial Biogenesis,1,48,0.2045055940727425,PPARA,0.29486853098860544
RR1 carcass,RR3-40,Reactome,Mitochondrial Fatty Acid Beta-Oxidation,1,48,0.09080645036578211,DECR1,0.2031944728753621
RR1 carcass,RR3-40,Reactome,Mitophagy,1,48,0.0994300174125386,OPTN,0.21257451998542734
RR1 carcass,RR3-40,Reactome,Mitotic G2-G2 M Phases,1,48,0.4202573845360099,OPTN,0.4728848973000475
RR1 carcass,RR3-40,Reactome,MyD88-independent TLR4 Cascade,1,48,0.27707083746028477,OPTN,0.35938058415350743
RR1 carcass,RR3-40,Reactome,NR1H2 and NR1H3-mediated Signaling,2,48,0.007792162046744076,ABCG5;ABCG8,0.10064875977044431
RR1 carcass,RR3-40,Reactome,NR1H3 & NR1H2 Regulate Gene Expression Linked to Cholesterol Transport and Efflux,2,48,0.005159408608775847,ABCG5;ABCG8,0.0761626985105006
RR1 carcass,RR3-40,Reactome,Neddylation,1,48,0.5030774530843161,SOCS2,0.5443420958329424
RR1 carcass,RR3-40,Reactome,Negative Regulation of FLT3,1,48,0.04343056855019517,SOCS2,0.19249185169891983
RR1 carcass,RR3-40,Reactome,Negative Regulation of MAPK Pathway,1,48,0.12203654685203347,BRAP,0.2251864852626808
RR1 carcass,RR3-40,Reactome,Negative Regulation of the PI3K AKT Network,1,48,0.29754716613511967,ERBB3,0.3711855996051795
RR1 carcass,RR3-40,Reactome,Neutrophil Degranulation,1,48,0.7028470353551035,VNN1,0.7155421377999412
RR1 carcass,RR3-40,Reactome,Nuclear Events Mediated by NFE2L2,1,48,0.22205025686072416,ABCC3,0.31007017849920937
RR1 carcass,RR3-40,Reactome,Nuclear Receptor Transcription Pathway,2,48,0.011762163000595042,NR1I3;PPARA,0.14024117423786395
RR1 carcass,RR3-40,Reactome,Oncogenic MAPK Signaling,1,48,0.2145780048973041,BRAP,0.30167429259938444
RR1 carcass,RR3-40,Reactome,Organelle Biogenesis and Maintenance,1,48,0.564553838127222,PPARA,0.5962919584989398
RR1 carcass,RR3-40,Reactome,PI3K AKT Signaling in Cancer,1,48,0.2816710444986685,ERBB3,0.3615101438211881
RR1 carcass,RR3-40,Reactome,PI3K Events in ERBB2 Signaling,1,48,0.04343056855019517,ERBB3,0.19249185169891983
RR1 carcass,RR3-40,Reactome,"PI5P, PP2A and IER3 Regulate PI3K AKT Signaling",1,48,0.283960387162772,ERBB3,0.3615101438211881
RR1 carcass,RR3-40,Reactome,PINK1-PRKN Mediated Mitophagy,1,48,0.08210204328744666,OPTN,0.2031944728753621
RR1 carcass,RR3-40,Reactome,PIP3 Activates AKT Signaling,1,48,0.5560463481928896,ERBB3,0.5923517798618412
RR1 carcass,RR3-40,Reactome,PPARA Activates Gene Expression,4,48,0.00041276750089810395,CPT1A;PEX11A;PLIN2;PPARA,0.01369318165275353
RR1 carcass,RR3-40,Reactome,Paracetamol ADME,1,48,0.037341219146997055,ABCC3,0.19249185169891983
RR1 carcass,RR3-40,Reactome,Paradoxical Activation of RAF Signaling by Kinase Inactive BRAF,1,48,0.1192414121600456,BRAP,0.22471025999765432
RR1 carcass,RR3-40,Reactome,Peroxisomal Lipid Metabolism,3,48,6.517987062986803e-05,AMACR;HACL1;HAO2,0.0031085784454244754
RR1 carcass,RR3-40,Reactome,Peroxisomal Protein Import,3,48,0.0008542963889496602,AMACR;HACL1;HAO2,0.020008441859122126
RR1 carcass,RR3-40,Reactome,"Plasma Lipoprotein Assembly, Remodeling, and Clearance",1,48,0.19173708448321952,LDLR,0.2839558854630803
RR1 carcass,RR3-40,Reactome,Plasma Lipoprotein Clearance,1,48,0.10228670252780421,LDLR,0.21424917421364395
RR1 carcass,RR3-40,Reactome,"Platelet Activation, Signaling and Aggregation",1,48,0.5415041744772009,TEX264,0.5788492899583872
RR1 carcass,RR3-40,Reactome,Platelet Degranulation,1,48,0.30201974452779223,TEX264,0.37375696927591057
RR1 carcass,RR3-40,Reactome,Post-translational Modification Synthesis of GPI-anchored Proteins,1,48,0.2120716722444036,VNN1,0.3008797180584216
RR1 carcass,RR3-40,Reactome,Protein Localization,3,48,0.011641500195226133,AMACR;HACL1;HAO2,0.14024117423786395
RR1 carcass,RR3-40,Reactome,RAF Activation,1,48,0.09368991851130194,BRAP,0.2067179696690648
RR1 carcass,RR3-40,Reactome,RAF MAP Kinase Cascade,2,48,0.18617525857149164,BRAP;ERBB3,0.2832822041033948
RR1 carcass,RR3-40,Reactome,RHO GTPase Cycle,1,48,0.7466757934165227,WHAMM,0.751524337529617
RR1 carcass,RR3-40,Reactome,RHOD GTPase Cycle,1,48,0.1440871277416325,WHAMM,0.2481500533328115
RR1 carcass,RR3-40,Reactome,RORA Activates Gene Expression,2,48,0.0011443825665715074,CPT1A;PPARA,0.023650573042477818
RR1 carcass,RR3-40,Reactome,Rab Regulation of Trafficking,1,48,0.306464435200439,OPTN,0.37850189208022345
RR1 carcass,RR3-40,Reactome,Recycling of Bile Acids and Salts,1,48,0.04343056855019517,ABCC3,0.19249185169891983
RR1 carcass,RR3-40,Reactome,Regulation of Cholesterol Biosynthesis by SREBP (SREBF),1,48,0.15221550778766454,PPARA,0.2554959646125075
RR1 carcass,RR3-40,Reactome,Regulation of HSF1-mediated Heat Shock Response,1,48,0.20196779455895095,HSPH1,0.2932553457296243
RR1 carcass,RR3-40,Reactome,Regulation of Lipid Metabolism by PPARalpha,4,48,0.00044171553718559773,CPT1A;PEX11A;PLIN2;PPARA,0.01369318165275353
RR1 carcass,RR3-40,Reactome,Regulation of PLK1 Activity at G2 M Transition,1,48,0.22945288742843473,OPTN,0.3154341246244557
RR1 carcass,RR3-40,Reactome,"Regulation of TBK1, IKKε (IKBKE)-mediated Activation of IRF3, IRF7",1,48,0.037341219146997055,OPTN,0.19249185169891983
RR1 carcass,RR3-40,Reactome,"Regulation of TBK1, IKKε-mediated Activation of IRF3, IRF7 Upon TLR3 Ligation",1,48,0.031213918646142202,OPTN,0.19249185169891983
RR1 carcass,RR3-40,Reactome,Regulation of TNFR1 Signaling,1,48,0.13588245332798352,OPTN,0.24002028792977145
RR1 carcass,RR3-40,Reactome,Reproduction,2,48,0.02900822530821621,IZUMO4;SUN2,0.19249185169891983
RR1 carcass,RR3-40,Reactome,Response to Elevated Platelet Cytosolic Ca2+,1,48,0.3130795537911647,TEX264,0.3836152635385813
RR1 carcass,RR3-40,Reactome,Retinoid Metabolism and Transport,1,48,0.11080362499450344,LDLR,0.22089468648421906
RR1 carcass,RR3-40,Reactome,SHC1 Events in ERBB2 Signaling,1,48,0.06147320425223569,ERBB3,0.19249185169891983
RR1 carcass,RR3-40,Reactome,SLC-mediated Transmembrane Transport,1,48,0.5141438773341701,SLC7A2,0.5524596255583804
RR1 carcass,RR3-40,Reactome,SUMO E3 Ligases SUMOylate Target Proteins,1,48,0.3917081476223484,PPARA,0.4519725534899224
RR1 carcass,RR3-40,Reactome,SUMOylation,1,48,0.401374245290176,PPARA,0.4591365905533379
RR1 carcass,RR3-40,Reactome,SUMOylation of Intracellular Receptors,1,48,0.08791400004881211,PPARA,0.2031944728753621
RR1 carcass,RR3-40,Reactome,Selective Autophagy,2,48,0.02528933938091417,OPTN;PLIN2,0.19249185169891983
RR1 carcass,RR3-40,Reactome,Sensory Perception,1,48,0.47178092342180783,LDLR,0.5186244193643986
RR1 carcass,RR3-40,Reactome,Sialic Acid Metabolism,1,48,0.09368991851130194,ST3GAL5,0.2067179696690648
RR1 carcass,RR3-40,Reactome,Signaling Downstream of RAS Mutants,1,48,0.1192414121600456,BRAP,0.22471025999765432
RR1 carcass,RR3-40,Reactome,Signaling by ERBB2,1,48,0.14136074789768782,ERBB3,0.24512883956497955
RR1 carcass,RR3-40,Reactome,Signaling by ERBB2 KD Mutants,1,48,0.0703691333772513,ERBB3,0.19694607167095177
RR1 carcass,RR3-40,Reactome,Signaling by ERBB2 TMD JMD Mutants,1,48,0.06147320425223569,ERBB3,0.19249185169891983
RR1 carcass,RR3-40,Reactome,Signaling by ERBB2 in Cancer,1,48,0.07331605462925843,ERBB3,0.19694607167095177
RR1 carcass,RR3-40,Reactome,Signaling by ERBB4,1,48,0.15759238527456157,ERBB3,0.2591705009820376
RR1 carcass,RR3-40,Reactome,Signaling by Interleukins,1,48,0.7160756750377342,SOCS2,0.7266234345718415
RR1 carcass,RR3-40,Reactome,Signaling by MET,1,48,0.2145780048973041,RANBP10,0.30167429259938444
RR1 carcass,RR3-40,Reactome,Signaling by Moderate Kinase Activity BRAF Mutants,1,48,0.1192414121600456,BRAP,0.22471025999765432
RR1 carcass,RR3-40,Reactome,Signaling by Non-Receptor Tyrosine Kinases,1,48,0.14951448192637462,ERBB3,0.2532758983452248
RR1 carcass,RR3-40,Reactome,Signaling by Nuclear Receptors,2,48,0.1602245099772734,ABCG5;ABCG8,0.2594421371705339
RR1 carcass,RR3-40,Reactome,Signaling by PTK6,1,48,0.14951448192637462,ERBB3,0.2532758983452248
RR1 carcass,RR3-40,Reactome,Signaling by RAS Mutants,1,48,0.1192414121600456,BRAP,0.22471025999765432
RR1 carcass,RR3-40,Reactome,Sphingolipid Metabolism,1,48,0.25837981121842385,ST3GAL5,0.34303101275251136
RR1 carcass,RR3-40,Reactome,Stimuli-sensing Channels,1,48,0.26778371947988416,SGK2,0.35174980101171227
RR1 carcass,RR3-40,Reactome,Sulfur Amino Acid Metabolism,1,48,0.07331605462925843,CSAD,0.19694607167095177
RR1 carcass,RR3-40,Reactome,Synthesis of Bile Acids and Bile Salts,1,48,0.08501254017753794,AMACR,0.2031944728753621
RR1 carcass,RR3-40,Reactome,Synthesis of Bile Acids and Bile Salts via 7Alpha-Hydroxycholesterol,1,48,0.05549633305664691,AMACR,0.19249185169891983
RR1 carcass,RR3-40,Reactome,Synthesis of Substrates in N-glycan Biosythesis,1,48,0.17876796382453725,ST3GAL5,0.2770903439280327
RR1 carcass,RR3-40,Reactome,TBC RABGAPs,1,48,0.12203654685203347,OPTN,0.2251864852626808
RR1 carcass,RR3-40,Reactome,TICAM1-dependent Activation of IRF3 IRF7,1,48,0.037341219146997055,OPTN,0.19249185169891983
RR1 carcass,RR3-40,Reactome,TNF Signaling,1,48,0.16026828796179757,OPTN,0.2594421371705339
RR1 carcass,RR3-40,Reactome,TNFR1-induced NF-kappa-B Signaling Pathway,1,48,0.09656443178680454,OPTN,0.21080967502753103
RR1 carcass,RR3-40,Reactome,TNFR1-induced Proapoptotic Signaling,1,48,0.07331605462925843,OPTN,0.19694607167095177
RR1 carcass,RR3-40,Reactome,TRIF (TICAM1)-mediated TLR4 Signaling,1,48,0.27707083746028477,OPTN,0.35938058415350743
RR1 carcass,RR3-40,Reactome,Toll Like Receptor 3 (TLR3) Cascade,1,48,0.27011639230559337,OPTN,0.35406377004115835
RR1 carcass,RR3-40,Reactome,Toll Like Receptor 4 (TLR4) Cascade,1,48,0.34941446512224866,OPTN,0.41580992010709056
RR1 carcass,RR3-40,Reactome,Toll-like Receptor Cascades,1,48,0.3936535143299324,OPTN,0.4519725534899224
RR1 carcass,RR3-40,Reactome,Transcriptional Activation of Mitochondrial Biogenesis,1,48,0.13862586507745492,PPARA,0.24279106313000579
RR1 carcass,RR3-40,Reactome,Transcriptional Regulation of Brown and Beige Adipocyte Differentiation,1,48,0.09080645036578211,PPARA,0.2031944728753621
RR1 carcass,RR3-40,Reactome,Transcriptional Regulation of Brown and Beige Adipocyte Differentiation by EBF2,1,48,0.09080645036578211,PPARA,0.2031944728753621
RR1 carcass,RR3-40,Reactome,Transcriptional Regulation of Pluripotent Stem Cells,1,48,0.07625382818303923,SALL1,0.19781327813173358
RR1 carcass,RR3-40,Reactome,Transcriptional Regulation of White Adipocyte Differentiation,1,48,0.22699304030131076,PPARA,0.31414215398842116
RR1 carcass,RR3-40,Reactome,Transport of Inorganic Cations Anions and Amino Acids Oligopeptides,1,48,0.2816710444986685,SLC7A2,0.3615101438211881
RR1 carcass,RR3-40,Reactome,Tryptophan Catabolism,1,48,0.040390623323130107,AFMID,0.19249185169891983
RR1 carcass,RR3-40,Reactome,Visual Phototransduction,1,48,0.24163761297836683,LDLR,0.32710768569123894
RR1 carcass,RR3-40,Reactome,Vitamin B5 (Pantothenate) Metabolism,2,48,0.0012943513615939946,PANK1;VNN1,0.02588702723187989
RR1 upon-euthanasia,RR3-39,GO:BP,Acylglycerol Biosynthetic Process (GO:0046463),1,25,0.03247940619282559,LPIN1,0.14744393694721936
RR1 upon-euthanasia,RR3-39,GO:BP,Amyloid Fibril Formation (GO:1990000),1,25,0.03726310406484271,FUS,0.14744393694721936
RR1 upon-euthanasia,RR3-39,GO:BP,Antibacterial Humoral Response (GO:0019731),1,25,0.03567106659967679,SLPI,0.14744393694721936
RR1 upon-euthanasia,RR3-39,GO:BP,Antimicrobial Humoral Response (GO:0019730),1,25,0.08538348658219302,SLPI,0.1896553869667189
RR1 upon-euthanasia,RR3-39,GO:BP,Apoptotic Process (GO:0006915),1,25,0.31661508118595816,MYC,0.34346803678950094
RR1 upon-euthanasia,RR3-39,GO:BP,Astrocyte Activation (GO:0048143),1,25,0.017991010052830773,C1QA,0.14744393694721936
RR1 upon-euthanasia,RR3-39,GO:BP,Astrocyte Development (GO:0014002),1,25,0.021228542437149348,C1QA,0.14744393694721936
RR1 upon-euthanasia,RR3-39,GO:BP,Axon Development (GO:0061564),1,25,0.16374408355117326,NREP,0.2245866482622077
RR1 upon-euthanasia,RR3-39,GO:BP,Branching Involved in Ureteric Bud Morphogenesis (GO:0001658),1,25,0.029277606160628022,MYC,0.14744393694721936
RR1 upon-euthanasia,RR3-39,GO:BP,Branching Morphogenesis of an Epithelial Tube (GO:0048754),1,25,0.06239511823811711,MYC,0.1641976795739924
RR1 upon-euthanasia,RR3-39,GO:BP,Cell Cycle G1/S Phase Transition (GO:0044843),1,25,0.09442648880842656,MYC,0.18978024289853287
RR1 upon-euthanasia,RR3-39,GO:BP,Cell Junction Organization (GO:0034330),1,25,0.11078287309867979,C1QA,0.19847094529079443
RR1 upon-euthanasia,RR3-39,GO:BP,Cell Surface Receptor Protein Serine/Threonine Kinase Signaling Pathway (GO:0007178),1,25,0.060842997853794045,JUN,0.16244489718245983
RR1 upon-euthanasia,RR3-39,GO:BP,Cell Surface Receptor Protein Tyrosine Kinase Signaling Pathway (GO:0007169),1,25,0.36843442687226263,SOCS2,0.3867155243888253
RR1 upon-euthanasia,RR3-39,GO:BP,Cell Surface Receptor Signaling Pathway via JAK-STAT (GO:0007259),1,25,0.09442648880842656,SOCS2,0.18978024289853287
RR1 upon-euthanasia,RR3-39,GO:BP,Cell Surface Receptor Signaling Pathway via STAT (GO:0097696),1,25,0.10338362341859533,SOCS2,0.1940648221168172
RR1 upon-euthanasia,RR3-39,GO:BP,Cell-matrix Adhesion (GO:0007160),1,25,0.16651883748636487,ACTN3,0.22633969075498256
RR1 upon-euthanasia,RR3-39,GO:BP,Cell-substrate Junction Assembly (GO:0007044),1,25,0.048336926170691547,ACTN3,0.15322867882130475
RR1 upon-euthanasia,RR3-39,GO:BP,Cellular Response to Cytokine Stimulus (GO:0071345),1,25,0.35232062949488546,SOCS2,0.3740856104675425
RR1 upon-euthanasia,RR3-39,GO:BP,Cellular Response to Decreased Oxygen Levels (GO:0036294),1,25,0.11812348420317412,MYC,0.20052065296110388
RR1 upon-euthanasia,RR3-39,GO:BP,Cellular Response to Hormone Stimulus (GO:0032870),1,25,0.1137261291492298,SOCS2,0.19986383688776033
RR1 upon-euthanasia,RR3-39,GO:BP,Cellular Response to Hypoxia (GO:0071456),1,25,0.116660031637962,MYC,0.20052065296110388
RR1 upon-euthanasia,RR3-39,GO:BP,Cellular Response to Insulin Stimulus (GO:0032869),1,25,0.1567683470808726,LPIN1,0.22279739249219618
RR1 upon-euthanasia,RR3-39,GO:BP,Cellular Response to Light Stimulus (GO:0071482),1,25,0.08082953895882654,MYC,0.18600939927763427
RR1 upon-euthanasia,RR3-39,GO:BP,Cellular Response to Peptide Hormone Stimulus (GO:0071375),1,25,0.14549083762403775,LPIN1,0.2133865618485887
RR1 upon-euthanasia,RR3-39,GO:BP,Cellular Response to Transforming Growth Factor Beta Stimulus (GO:0071560),1,25,0.14407100982532722,JUN,0.2133865618485887
RR1 upon-euthanasia,RR3-39,GO:BP,Cellular Response to UV (GO:0034644),1,25,0.1018966974209479,MYC,0.19392105045509114
RR1 upon-euthanasia,RR3-39,GO:BP,Cellular Response to Xenobiotic Stimulus (GO:0071466),1,25,0.038852618157986206,MYC,0.1480452603694821
RR1 upon-euthanasia,RR3-39,GO:BP,Central Nervous System Development (GO:0007417),1,25,0.3652427734293286,C1QA,0.3848343398201738
RR1 upon-euthanasia,RR3-39,GO:BP,Chromatin Organization (GO:0006325),1,25,0.4065530660894122,MYC,0.41795175018537706
RR1 upon-euthanasia,RR3-39,GO:BP,Chromatin Remodeling (GO:0006338),1,25,0.3631064083961661,MYC,0.38405485503440645
RR1 upon-euthanasia,RR3-39,GO:BP,Chromosome Organization (GO:0051276),1,25,0.06549197463404806,MYC,0.16753760952896013
RR1 upon-euthanasia,RR3-39,GO:BP,Cilium Assembly (GO:0060271),1,25,0.3177589364999876,RAB34,0.34403034463581333
RR1 upon-euthanasia,RR3-39,GO:BP,Cilium Organization (GO:0044782),1,25,0.3062371981658579,RAB34,0.3341874186333767
RR1 upon-euthanasia,RR3-39,GO:BP,Cytokine-mediated Signaling Pathway (GO:0019221),1,25,0.3085563875662925,SOCS2,0.3360515112108136
RR1 upon-euthanasia,RR3-39,GO:BP,DNA Damage Response (GO:0006974),1,25,0.5147481905506468,MYC,0.5166268335818536
RR1 upon-euthanasia,RR3-39,GO:BP,Defense Response to Bacterium (GO:0042742),1,25,0.19512518409071108,SLPI,0.24173374629878666
RR1 upon-euthanasia,RR3-39,GO:BP,Dephosphorylation (GO:0016311),1,25,0.1383690177052195,PTPRS,0.21123312814224762
RR1 upon-euthanasia,RR3-39,GO:BP,ERK1 and ERK2 Cascade (GO:0070371),1,25,0.03567106659967679,MYC,0.14744393694721936
RR1 upon-euthanasia,RR3-39,GO:BP,Endosome Transport via Multivesicular Body Sorting Pathway (GO:0032509),1,25,0.03726310406484271,LEPROT,0.14744393694721936
RR1 upon-euthanasia,RR3-39,GO:BP,Establishment of Protein Localization to Organelle (GO:0072594),1,25,0.11812348420317412,PPP1R10,0.20052065296110388
RR1 upon-euthanasia,RR3-39,GO:BP,Establishment of Protein Localization to Plasma Membrane (GO:0061951),1,25,0.0639447759165547,RAB34,0.16589446582125042
RR1 upon-euthanasia,RR3-39,GO:BP,Fatty Acid Catabolic Process (GO:0009062),1,25,0.08840741003826781,LPIN1,0.18978024289853287
RR1 upon-euthanasia,RR3-39,GO:BP,Fatty Acid Metabolic Process (GO:0006631),2,25,0.014272195379922085,HAO2;LPIN1,0.14744393694721936
RR1 upon-euthanasia,RR3-39,GO:BP,Fatty Acid Oxidation (GO:0019395),1,25,0.07625382818303923,HAO2,0.18234611087248512
RR1 upon-euthanasia,RR3-39,GO:BP,Focal Adhesion Assembly (GO:0048041),1,25,0.03726310406484271,ACTN3,0.14744393694721936
RR1 upon-euthanasia,RR3-39,GO:BP,G1/S Transition of Mitotic Cell Cycle (GO:0000082),1,25,0.09142173437848804,MYC,0.18978024289853287
RR1 upon-euthanasia,RR3-39,GO:BP,Gene Expression (GO:0010467),1,25,0.35232062949488546,CFD,0.3740856104675425
RR1 upon-euthanasia,RR3-39,GO:BP,Generation of Neurons (GO:0048699),1,25,0.2802282112315348,ITM2C,0.3126278218607386
RR1 upon-euthanasia,RR3-39,GO:BP,Glycerophospholipid Metabolic Process (GO:0006650),1,25,0.09142173437848804,LPIN1,0.18978024289853287
RR1 upon-euthanasia,RR3-39,GO:BP,Golgi to Plasma Membrane Protein Transport (GO:0043001),1,25,0.04676247200844332,RAB34,0.15309142621811803
RR1 upon-euthanasia,RR3-39,GO:BP,Golgi to Plasma Membrane Transport (GO:0006893),1,25,0.08689665002838758,RAB34,0.1896553869667189
RR1 upon-euthanasia,RR3-39,GO:BP,Growth Hormone Receptor Signaling Pathway (GO:0060396),1,25,0.026065635636663954,SOCS2,0.14744393694721936
RR1 upon-euthanasia,RR3-39,GO:BP,Host-mediated Activation of Viral Process (GO:0044794),1,25,0.05147834831925257,JUN,0.1547163474075897
RR1 upon-euthanasia,RR3-39,GO:BP,Host-mediated Activation of Viral Transcription (GO:0043923),1,25,0.026065635636663954,JUN,0.14744393694721936
RR1 upon-euthanasia,RR3-39,GO:BP,Host-mediated Perturbation of Viral Transcription (GO:0043921),1,25,0.040439612712246165,JUN,0.1480452603694821
RR1 upon-euthanasia,RR3-39,GO:BP,Host-mediated Suppression of Viral Proces (GO:0044793),1,25,0.021228542437149348,JUN,0.14744393694721936
RR1 upon-euthanasia,RR3-39,GO:BP,Host-mediated Suppression of Viral Transcription (GO:0043922),1,25,0.01636839110050565,JUN,0.14744393694721936
RR1 upon-euthanasia,RR3-39,GO:BP,Integrated Stress Response Signaling (GO:0140467),1,25,0.057731353960443536,JUN,0.15876122339121973
RR1 upon-euthanasia,RR3-39,GO:BP,Intracellular Iron Ion Homeostasis (GO:0006879),1,25,0.09592528641053116,MYC,0.18978024289853287
RR1 upon-euthanasia,RR3-39,GO:BP,Intracellular Monoatomic Cation Homeostasis (GO:0030003),1,25,0.28741293830754044,MYC,0.3193477092306005
RR1 upon-euthanasia,RR3-39,GO:BP,Intracellular Protein Transport (GO:0006886),1,25,0.3663083744677566,PPP1R10,0.3852191318494572
RR1 upon-euthanasia,RR3-39,GO:BP,Intracellular Signaling Cassette (GO:0141124),2,25,0.10943793689907455,JUN;MYC,0.19799626741608883
RR1 upon-euthanasia,RR3-39,GO:BP,JNK Cascade (GO:0007254),1,25,0.05147834831925257,JUN,0.1547163474075897
RR1 upon-euthanasia,RR3-39,GO:BP,Late Endosome to Vacuole Transport via Multivesicular Body Sorting Pathway (GO:0032511),1,25,0.040439612712246165,LEPROT,0.1480452603694821
RR1 upon-euthanasia,RR3-39,GO:BP,Lipid Catabolic Process (GO:0016042),1,25,0.07930672507373514,LPIN1,0.1848249948752302
RR1 upon-euthanasia,RR3-39,GO:BP,Lipid Oxidation (GO:0034440),1,25,0.019611059198183765,HAO2,0.14744393694721936
RR1 upon-euthanasia,RR3-39,GO:BP,Lysosome Localization (GO:0032418),1,25,0.06549197463404806,RAB34,0.16753760952896013
RR1 upon-euthanasia,RR3-39,GO:BP,MAPK Cascade (GO:0000165),2,25,0.016024878972393613,JUN;MYC,0.14744393694721936
RR1 upon-euthanasia,RR3-39,GO:BP,MRNA Stabilization (GO:0048255),1,25,0.08538348658219302,FUS,0.1896553869667189
RR1 upon-euthanasia,RR3-39,GO:BP,Macrophage Activation (GO:0042116),1,25,0.04990888367619089,C1QA,0.15421284281969094
RR1 upon-euthanasia,RR3-39,GO:BP,Membraneless Organelle Assembly (GO:0140694),1,25,0.19646360835555934,FUS,0.24173374629878666
RR1 upon-euthanasia,RR3-39,GO:BP,Microglial Cell Activation (GO:0001774),1,25,0.03247940619282559,C1QA,0.14744393694721936
RR1 upon-euthanasia,RR3-39,GO:BP,Mitochondrial Respiratory Chain Complex Assembly (GO:0033108),1,25,0.12395405279151708,UQCC2,0.20170038176134436
RR1 upon-euthanasia,RR3-39,GO:BP,Mitotic Cell Cycle Phase Transition (GO:0044772),1,25,0.1595653189298949,MYC,0.2233102427772066
RR1 upon-euthanasia,RR3-39,GO:BP,Monocarboxylic Acid Catabolic Process (GO:0072329),1,25,0.042024091555191635,LPIN1,0.1480452603694821
RR1 upon-euthanasia,RR3-39,GO:BP,Muscle Cell Development (GO:0055001),1,25,0.029277606160628022,ACTN3,0.14744393694721936
RR1 upon-euthanasia,RR3-39,GO:BP,Muscle Cell Differentiation (GO:0042692),1,25,0.05928841101318921,ACTN3,0.16063362589780328
RR1 upon-euthanasia,RR3-39,GO:BP,Muscle Contraction (GO:0006936),1,25,0.18026054997141117,CKMT2,0.2311032691941169
RR1 upon-euthanasia,RR3-39,GO:BP,Negative Regulation of Apoptotic Process (GO:0043066),3,25,0.035976621696809805,MYC;PIM3;SOCS2,0.14744393694721936
RR1 upon-euthanasia,RR3-39,GO:BP,Negative Regulation of Axon Extension (GO:0030517),1,25,0.02445582676994769,PTPRS,0.14744393694721936
RR1 upon-euthanasia,RR3-39,GO:BP,Negative Regulation of Axonogenesis (GO:0050771),1,25,0.038852618157986206,PTPRS,0.1480452603694821
RR1 upon-euthanasia,RR3-39,GO:BP,Negative Regulation of Binding (GO:0051100),2,25,0.000892950760613032,JUN;SLPI,0.05456921314857418
RR1 upon-euthanasia,RR3-39,GO:BP,Negative Regulation of Cell Communication (GO:0010648),1,25,0.03567106659967679,SOCS2,0.14744393694721936
RR1 upon-euthanasia,RR3-39,GO:BP,Negative Regulation of Cell Cycle Process (GO:0010948),1,25,0.05147834831925257,PPP1R10,0.1547163474075897
RR1 upon-euthanasia,RR3-39,GO:BP,Negative Regulation of Cell Growth (GO:0030308),1,25,0.16928475169891494,PTPRS,0.22653677234647984
RR1 upon-euthanasia,RR3-39,GO:BP,Negative Regulation of Cell Population Proliferation (GO:0008285),1,25,0.4405714147368258,MYC,0.4479006989006547
RR1 upon-euthanasia,RR3-39,GO:BP,Negative Regulation of Cell Projection Organization (GO:0031345),2,25,0.003044940324028008,ITM2C;PTPRS,0.06956290562371722
RR1 upon-euthanasia,RR3-39,GO:BP,Negative Regulation of Cellular Process (GO:0048523),1,25,0.5611008752977459,MYC,0.5611008752977459
RR1 upon-euthanasia,RR3-39,GO:BP,Negative Regulation of Cold-Induced Thermogenesis (GO:0120163),1,25,0.06857901013873625,ACTN3,0.17067174468916263
RR1 upon-euthanasia,RR3-39,GO:BP,Negative Regulation of Cytoplasmic Pattern Recognition Receptor Signaling Pathway (GO:0039532),1,25,0.057731353960443536,PTPRS,0.15876122339121973
RR1 upon-euthanasia,RR3-39,GO:BP,Negative Regulation of DNA-templated Transcription Initiation (GO:2000143),1,25,0.01636839110050565,MYC,0.14744393694721936
RR1 upon-euthanasia,RR3-39,GO:BP,"Negative Regulation of DNA-templated Transcription, Elongation (GO:0032785)",1,25,0.034076501923771735,PPP1R10,0.14744393694721936
RR1 upon-euthanasia,RR3-39,GO:BP,Negative Regulation of Developmental Growth (GO:0048640),1,25,0.04990888367619089,PTPRS,0.15421284281969094
RR1 upon-euthanasia,RR3-39,GO:BP,Negative Regulation of Developmental Process (GO:0051093),1,25,0.1679028978691507,PTPRS,0.22633969075498256
RR1 upon-euthanasia,RR3-39,GO:BP,Negative Regulation of Endothelial Cell Proliferation (GO:0001937),1,25,0.05460981416773477,ATOH8,0.1568248863645954
RR1 upon-euthanasia,RR3-39,GO:BP,Negative Regulation of Epithelial Cell Proliferation (GO:0050680),1,25,0.10635038856654074,ATOH8,0.19497571237199135
RR1 upon-euthanasia,RR3-39,GO:BP,Negative Regulation of Fibroblast Proliferation (GO:0048147),1,25,0.02445582676994769,MYC,0.14744393694721936
RR1 upon-euthanasia,RR3-39,GO:BP,Negative Regulation of Gene Expression (GO:0010629),1,25,0.4291245264890639,ATOH8,0.4378821698867999
RR1 upon-euthanasia,RR3-39,GO:BP,Negative Regulation of Gene Expression via Chromosomal CpG Island Methylation (GO:0044027),1,25,0.017991010052830773,MYC,0.14744393694721936
RR1 upon-euthanasia,RR3-39,GO:BP,"Negative Regulation of Gene Expression, Epigenetic (GO:0045814)",1,25,0.18162269595018918,MYC,0.23176910156056627
RR1 upon-euthanasia,RR3-39,GO:BP,Negative Regulation of Glycoprotein Biosynthetic Process (GO:0010561),1,25,0.019611059198183765,ITM2C,0.14744393694721936
RR1 upon-euthanasia,RR3-39,GO:BP,Negative Regulation of Insulin Secretion (GO:0046676),1,25,0.0308797755569431,PIM3,0.14744393694721936
RR1 upon-euthanasia,RR3-39,GO:BP,Negative Regulation of MAPK Cascade (GO:0043409),1,25,0.1651325671741539,MYC,0.2259276416561807
RR1 upon-euthanasia,RR3-39,GO:BP,Negative Regulation of Macromolecule Biosynthetic Process (GO:0010558),1,25,0.25577343786757667,ATOH8,0.29429998080997316
RR1 upon-euthanasia,RR3-39,GO:BP,Negative Regulation of Multicellular Organismal Process (GO:0051241),1,25,0.32571461419357484,ACTN3,0.35195095836240897
RR1 upon-euthanasia,RR3-39,GO:BP,Negative Regulation of Myeloid Leukocyte Differentiation (GO:0002762),1,25,0.04676247200844332,MYC,0.15309142621811803
RR1 upon-euthanasia,RR3-39,GO:BP,Negative Regulation of Neuron Projection Development (GO:0010977),2,25,0.0032893551671436417,ITM2C;PTPRS,0.06956290562371722
RR1 upon-euthanasia,RR3-39,GO:BP,Negative Regulation of Programmed Cell Death (GO:0043069),3,25,0.021949672361854675,MYC;PIM3;SOCS2,0.14744393694721936
RR1 upon-euthanasia,RR3-39,GO:BP,Negative Regulation of Protein Binding (GO:0032091),1,25,0.02767289414277545,SLPI,0.14744393694721936
RR1 upon-euthanasia,RR3-39,GO:BP,Negative Regulation of Protein Localization (GO:1903828),1,25,0.08991577027051632,LEPROT,0.18978024289853287
RR1 upon-euthanasia,RR3-39,GO:BP,Negative Regulation of RNA Biosynthetic Process (GO:1902679),2,25,0.1631100300956087,ATOH8;JUN,0.2245866482622077
RR1 upon-euthanasia,RR3-39,GO:BP,Negative Regulation of Receptor Signaling Pathway via JAK-STAT (GO:0046426),2,25,0.0005906437297661993,LEPROT;SOCS2,0.0406067564214262
RR1 upon-euthanasia,RR3-39,GO:BP,Negative Regulation of Receptor Signaling Pathway via STAT (GO:1904893),2,25,0.00048679347517548746,LEPROT;SOCS2,0.0382480587637883
RR1 upon-euthanasia,RR3-39,GO:BP,Negative Regulation of Response to External Stimulus (GO:0032102),1,25,0.21759000665367456,PTPRS,0.258476249804581
RR1 upon-euthanasia,RR3-39,GO:BP,Negative Regulation of Response to Stimulus (GO:0048585),2,25,0.0038048494849747803,PIM3;SOCS2,0.07473811488343318
RR1 upon-euthanasia,RR3-39,GO:BP,Negative Regulation of Response to Wounding (GO:1903035),1,25,0.03567106659967679,PTPRS,0.14744393694721936
RR1 upon-euthanasia,RR3-39,GO:BP,Negative Regulation of Signal Transduction (GO:0009968),2,25,0.08149419743967792,LEPROT;SOCS2,0.1867575357992619
RR1 upon-euthanasia,RR3-39,GO:BP,Negative Regulation of Signaling (GO:0023057),1,25,0.043606058508829273,SOCS2,0.1480452603694821
RR1 upon-euthanasia,RR3-39,GO:BP,Negative Regulation of Transcription Elongation by RNA Polymerase II (GO:0034244),1,25,0.02445582676994769,PPP1R10,0.14744393694721936
RR1 upon-euthanasia,RR3-39,GO:BP,Negative Regulation of Transcription Initiation by RNA Polymerase II (GO:0060633),1,25,0.019611059198183765,MYC,0.14744393694721936
RR1 upon-euthanasia,RR3-39,GO:BP,Negative Regulation of Type I Interferon Production (GO:0032480),1,25,0.05617182293422781,PTPRS,0.1568248863645954
RR1 upon-euthanasia,RR3-39,GO:BP,Negative Regulation of Viral Genome Replication (GO:0045071),1,25,0.040439612712246165,SLPI,0.1480452603694821
RR1 upon-euthanasia,RR3-39,GO:BP,Negative Regulation of Viral Process (GO:0048525),1,25,0.0639447759165547,SLPI,0.16589446582125042
RR1 upon-euthanasia,RR3-39,GO:BP,Negative Regulation of mRNA Catabolic Process (GO:1902373),1,25,0.07930672507373514,FUS,0.1848249948752302
RR1 upon-euthanasia,RR3-39,GO:BP,Neuron Differentiation (GO:0030182),1,25,0.2693205787641079,ITM2C,0.30478666321041015
RR1 upon-euthanasia,RR3-39,GO:BP,Neuron Maturation (GO:0042551),1,25,0.0308797755569431,C1QA,0.14744393694721936
RR1 upon-euthanasia,RR3-39,GO:BP,Nuclear Membrane Disassembly (GO:0051081),1,25,0.017991010052830773,LPIN1,0.14744393694721936
RR1 upon-euthanasia,RR3-39,GO:BP,Organelle Assembly (GO:0070925),2,25,0.10002313095825763,FUS;RAB34,0.19302709483172525
RR1 upon-euthanasia,RR3-39,GO:BP,Organelle Organization (GO:0006996),2,25,0.13675090407592858,MYC;RAB34,0.20979333608500633
RR1 upon-euthanasia,RR3-39,GO:BP,Peptidyl-tyrosine Dephosphorylation (GO:0035335),1,25,0.029277606160628022,PTPRS,0.14744393694721936
RR1 upon-euthanasia,RR3-39,GO:BP,Phagolysosome Assembly (GO:0001845),1,25,0.021228542437149348,RAB34,0.14744393694721936
RR1 upon-euthanasia,RR3-39,GO:BP,Phagosome Maturation (GO:0090382),1,25,0.02284346366464877,RAB34,0.14744393694721936
RR1 upon-euthanasia,RR3-39,GO:BP,Phagosome-lysosome Fusion (GO:0090385),1,25,0.01636839110050565,RAB34,0.14744393694721936
RR1 upon-euthanasia,RR3-39,GO:BP,Phosphatidic Acid Metabolic Process (GO:0046473),1,25,0.05617182293422781,LPIN1,0.1568248863645954
RR1 upon-euthanasia,RR3-39,GO:BP,Phosphatidylethanolamine Metabolic Process (GO:0046337),1,25,0.034076501923771735,LPIN1,0.14744393694721936
RR1 upon-euthanasia,RR3-39,GO:BP,Plasma Membrane Bounded Cell Projection Assembly (GO:0120031),1,25,0.3413596184730537,RAB34,0.3674125052058308
RR1 upon-euthanasia,RR3-39,GO:BP,Pos Reg Transmembrane Rec Protein Serine/Threonine Kinase Signaling Pathway (GO:0090100),1,25,0.12540590222341708,ATOH8,0.20286248889082176
RR1 upon-euthanasia,RR3-39,GO:BP,Positive Regulation of Apoptotic Process (GO:0043065),1,25,0.3598889134857533,GADD45G,0.3813851684338426
RR1 upon-euthanasia,RR3-39,GO:BP,Positive Regulation of Cell Migration (GO:0030335),1,25,0.395457523318928,ATOH8,0.4088376650853579
RR1 upon-euthanasia,RR3-39,GO:BP,Positive Regulation of Cell Population Proliferation (GO:0008284),1,25,0.5106109471498814,MYC,0.5134113728198076
RR1 upon-euthanasia,RR3-39,GO:BP,Positive Regulation of Chromosome Organization (GO:2001252),2,25,0.0022604537669745858,MYC;PPP1R10,0.056511344174364646
RR1 upon-euthanasia,RR3-39,GO:BP,Positive Regulation of Cold-Induced Thermogenesis (GO:0120162),2,25,0.011038749343047107,GADD45G;LPIN1,0.14744393694721936
RR1 upon-euthanasia,RR3-39,GO:BP,Positive Regulation of DNA Metabolic Process (GO:0051054),2,25,0.00935921639493329,MYC;PPP1R10,0.14707340049180884
RR1 upon-euthanasia,RR3-39,GO:BP,Positive Regulation of DNA Recombination (GO:0045911),1,25,0.08234993471944779,FUS,0.18742054655625967
RR1 upon-euthanasia,RR3-39,GO:BP,Positive Regulation of DNA-templated Transcription Initiation (GO:2000144),1,25,0.09292530601021755,JUN,0.18978024289853287
RR1 upon-euthanasia,RR3-39,GO:BP,"Positive Regulation of DNA-templated Transcription, Elongation (GO:0032786)",1,25,0.08991577027051632,PPP1R10,0.18978024289853287
RR1 upon-euthanasia,RR3-39,GO:BP,Positive Regulation of Double-Strand Break Repair (GO:2000781),1,25,0.13979792480686934,FUS,0.21123312814224762
RR1 upon-euthanasia,RR3-39,GO:BP,Positive Regulation of Double-Strand Break Repair via Homologous Recombination (GO:1905168),1,25,0.06239511823811711,FUS,0.1641976795739924
RR1 upon-euthanasia,RR3-39,GO:BP,Positive Regulation of Endothelial Cell Migration (GO:0010595),1,25,0.12685544163235465,ATOH8,0.20400728917483937
RR1 upon-euthanasia,RR3-39,GO:BP,Positive Regulation of Epithelial Cell Differentiation (GO:0030858),1,25,0.042024091555191635,ATOH8,0.1480452603694821
RR1 upon-euthanasia,RR3-39,GO:BP,Positive Regulation of Epithelial Cell Proliferation (GO:0050679),1,25,0.16374408355117326,MYC,0.2245866482622077
RR1 upon-euthanasia,RR3-39,GO:BP,Positive Regulation of Fibroblast Proliferation (GO:0048146),1,25,0.043606058508829273,MYC,0.1480452603694821
RR1 upon-euthanasia,RR3-39,GO:BP,Positive Regulation of Gene Expression (GO:0010628),1,25,0.46189837287858054,MYC,0.46871606103915003
RR1 upon-euthanasia,RR3-39,GO:BP,Positive Regulation of Immune Response (GO:0050778),1,25,0.1137261291492298,C8B,0.19986383688776033
RR1 upon-euthanasia,RR3-39,GO:BP,Positive Regulation of Immune System Process (GO:0002684),1,25,0.043606058508829273,C8B,0.1480452603694821
RR1 upon-euthanasia,RR3-39,GO:BP,Positive Regulation of Intrinsic Apoptotic Signaling Pathway (GO:2001244),1,25,0.053045323888671614,MYC,0.1551857879721776
RR1 upon-euthanasia,RR3-39,GO:BP,Positive Regulation of JNK Cascade (GO:0046330),1,25,0.12249988980896528,GADD45G,0.20052065296110388
RR1 upon-euthanasia,RR3-39,GO:BP,Positive Regulation of MAPK Cascade (GO:0043410),1,25,0.43773052746769187,GADD45G,0.4458366483467232
RR1 upon-euthanasia,RR3-39,GO:BP,Positive Regulation of Macromolecule Biosynthetic Process (GO:0010557),1,25,0.39748959743570167,MYC,0.41016750204434504
RR1 upon-euthanasia,RR3-39,GO:BP,Positive Regulation of Mitochondrial Translation (GO:0070131),1,25,0.021228542437149348,UQCC2,0.14744393694721936
RR1 upon-euthanasia,RR3-39,GO:BP,Positive Regulation of Mitotic Cell Cycle (GO:0045931),1,25,0.043606058508829273,PPP1R10,0.1480452603694821
RR1 upon-euthanasia,RR3-39,GO:BP,Positive Regulation of Multicellular Organismal Process (GO:0051240),2,25,0.13060950547846764,GADD45G;LPIN1,0.20701794816471816
RR1 upon-euthanasia,RR3-39,GO:BP,Positive Regulation of Programmed Cell Death (GO:0043068),1,25,0.31317245806941446,GADD45G,0.3404048457276244
RR1 upon-euthanasia,RR3-39,GO:BP,Positive Regulation of Protein Localization (GO:1903829),1,25,0.20046607355551765,LEPROT,0.2455597782974047
RR1 upon-euthanasia,RR3-39,GO:BP,Positive Regulation of Protein Localization to Mitochondrion (GO:1903749),1,25,0.048336926170691547,LEPROT,0.15322867882130475
RR1 upon-euthanasia,RR3-39,GO:BP,Positive Regulation of Response to Stimulus (GO:0048584),1,25,0.10338362341859533,C8B,0.1940648221168172
RR1 upon-euthanasia,RR3-39,GO:BP,Positive Regulation of SMAD Protein Signal Transduction (GO:0060391),1,25,0.060842997853794045,ATOH8,0.16244489718245983
RR1 upon-euthanasia,RR3-39,GO:BP,Positive Regulation of Signal Transduction (GO:0009967),1,25,0.35014253252755256,RAB34,0.37393862697117264
RR1 upon-euthanasia,RR3-39,GO:BP,Positive Regulation of Signal Transduction by P53 Class Mediator (GO:1901798),1,25,0.048336926170691547,MYC,0.15322867882130475
RR1 upon-euthanasia,RR3-39,GO:BP,Positive Regulation of Smooth Muscle Cell Proliferation (GO:0048661),1,25,0.07472373779044504,JUN,0.1794674925098025
RR1 upon-euthanasia,RR3-39,GO:BP,Positive Regulation of Smoothened Signaling Pathway (GO:0045880),1,25,0.05928841101318921,RAB34,0.16063362589780328
RR1 upon-euthanasia,RR3-39,GO:BP,Positive Regulation of Telomere Maintenance (GO:0032206),2,25,0.0017686979108095361,MYC;PPP1R10,0.056511344174364646
RR1 upon-euthanasia,RR3-39,GO:BP,Positive Regulation of Transcription Elongation by RNA Polymerase II (GO:0032968),1,25,0.07930672507373514,PPP1R10,0.1848249948752302
RR1 upon-euthanasia,RR3-39,GO:BP,Positive Regulation of Translation (GO:0045727),1,25,0.14832371315569295,UQCC2,0.21638737993536108
RR1 upon-euthanasia,RR3-39,GO:BP,Positive Regulation of Vascular Associated Smooth Muscle Cell Proliferation (GO:1904707),1,25,0.03567106659967679,JUN,0.14744393694721936
RR1 upon-euthanasia,RR3-39,GO:BP,Positive Regulation of miRNA Metabolic Process (GO:2000630),3,25,7.370195715629897e-05,ATOH8;JUN;MYC,0.020268038217982214
RR1 upon-euthanasia,RR3-39,GO:BP,Positive Regulation of miRNA Transcription (GO:1902895),3,25,5.0127592436303414e-05,ATOH8;JUN;MYC,0.020268038217982214
RR1 upon-euthanasia,RR3-39,GO:BP,Positive Regulation of p38MAPK Cascade (GO:1900745),1,25,0.03567106659967679,GADD45G,0.14744393694721936
RR1 upon-euthanasia,RR3-39,GO:BP,Proteasomal Protein Catabolic Process (GO:0010498),1,25,0.38623148562739096,SOCS2,0.4023244641951989
RR1 upon-euthanasia,RR3-39,GO:BP,Proteasome-mediated Ubiquitin-Dependent Protein Catabolic Process (GO:0043161),1,25,0.4637155457934438,SOCS2,0.4696934625900444
RR1 upon-euthanasia,RR3-39,GO:BP,Protein Complex Oligomerization (GO:0051259),1,25,0.16928475169891494,FUS,0.22653677234647984
RR1 upon-euthanasia,RR3-39,GO:BP,Protein Dephosphorylation (GO:0006470),1,25,0.11958460905537899,PTPRS,0.20052065296110388
RR1 upon-euthanasia,RR3-39,GO:BP,Protein Homooligomerization (GO:0051260),1,25,0.19244191212563833,FUS,0.24110034548770176
RR1 upon-euthanasia,RR3-39,GO:BP,Protein Import Into Nucleus (GO:0006606),1,25,0.10486818593363177,PPP1R10,0.19485642656586985
RR1 upon-euthanasia,RR3-39,GO:BP,Protein Localization to Cell Periphery (GO:1990778),1,25,0.18975005369597356,RAB34,0.2382706153716563
RR1 upon-euthanasia,RR3-39,GO:BP,Protein Localization to Membrane (GO:0072657),1,25,0.26196085419803844,RAB34,0.30016347876858573
RR1 upon-euthanasia,RR3-39,GO:BP,Protein Localization to Nucleus (GO:0034504),1,25,0.1679028978691507,PPP1R10,0.22633969075498256
RR1 upon-euthanasia,RR3-39,GO:BP,Protein Localization to Plasma Membrane (GO:0072659),1,25,0.2188925470967498,RAB34,0.2589051632327148
RR1 upon-euthanasia,RR3-39,GO:BP,Protein Maturation (GO:0051604),1,25,0.27175812517781384,CFD,0.30691369373264393
RR1 upon-euthanasia,RR3-39,GO:BP,Protein Modification Process (GO:0036211),1,25,0.49457843006352115,PTPRS,0.49820171526545165
RR1 upon-euthanasia,RR3-39,GO:BP,Protein Processing (GO:0016485),1,25,0.19646360835555934,CFD,0.24173374629878666
RR1 upon-euthanasia,RR3-39,GO:BP,Protein Stabilization (GO:0050821),1,25,0.27781788611618463,PPP1R10,0.31120129809348585
RR1 upon-euthanasia,RR3-39,GO:BP,Protein Transport (GO:0015031),1,25,0.3800058624992636,RAB34,0.39734453303154943
RR1 upon-euthanasia,RR3-39,GO:BP,Protein-DNA Complex Disassembly (GO:0032986),1,25,0.019611059198183765,MYC,0.14744393694721936
RR1 upon-euthanasia,RR3-39,GO:BP,Protein-containing Complex Disassembly (GO:0032984),1,25,0.09442648880842656,MYC,0.18978024289853287
RR1 upon-euthanasia,RR3-39,GO:BP,Proteolysis (GO:0006508),1,25,0.395457523318928,CFD,0.4088376650853579
RR1 upon-euthanasia,RR3-39,GO:BP,RNA Metabolic Process (GO:0016070),1,25,0.1078302349125589,MYC,0.19703199070401128
RR1 upon-euthanasia,RR3-39,GO:BP,RNA Processing (GO:0006396),1,25,0.3903485124120666,FUS,0.40584438908626963
RR1 upon-euthanasia,RR3-39,GO:BP,RNA Splicing (GO:0008380),1,25,0.14549083762403775,FUS,0.2133865618485887
RR1 upon-euthanasia,RR3-39,GO:BP,RNA Stabilization (GO:0043489),1,25,0.07011885438860613,FUS,0.17371788249429446
RR1 upon-euthanasia,RR3-39,GO:BP,RRNA Metabolic Process (GO:0016072),1,25,0.14549083762403775,MYC,0.2133865618485887
RR1 upon-euthanasia,RR3-39,GO:BP,Regulation of Aerobic Respiration (GO:1903715),2,25,0.0002012603305968313,ACTN3;UQCC2,0.025802312762252467
RR1 upon-euthanasia,RR3-39,GO:BP,Regulation of Amyloid Precursor Protein Biosynthetic Process (GO:0042984),1,25,0.021228542437149348,ITM2C,0.14744393694721936
RR1 upon-euthanasia,RR3-39,GO:BP,Regulation of Axon Extension (GO:0030516),1,25,0.06703671813009066,PTPRS,0.16912933473188008
RR1 upon-euthanasia,RR3-39,GO:BP,Regulation of Axon Regeneration (GO:0048679),1,25,0.017991010052830773,PTPRS,0.14744393694721936
RR1 upon-euthanasia,RR3-39,GO:BP,Regulation of Cardiac Muscle Cell Apoptotic Process (GO:0010665),1,25,0.019611059198183765,PPP1R10,0.14744393694721936
RR1 upon-euthanasia,RR3-39,GO:BP,Regulation of Cell Communication (GO:0010646),1,25,0.08991577027051632,SOCS2,0.18978024289853287
RR1 upon-euthanasia,RR3-39,GO:BP,Regulation of Cell Cycle (GO:0051726),4,25,0.0014015903914044807,GADD45G;JUN;MYC;PIM3,0.056511344174364646
RR1 upon-euthanasia,RR3-39,GO:BP,Regulation of Cell Cycle Process (GO:0010564),1,25,0.21759000665367456,MYC,0.258476249804581
RR1 upon-euthanasia,RR3-39,GO:BP,Regulation of Cell Differentiation (GO:0045595),2,25,0.03695149398501067,NREP;UQCC2,0.14744393694721936
RR1 upon-euthanasia,RR3-39,GO:BP,Regulation of Cell Division (GO:0051302),1,25,0.11812348420317412,MYC,0.20052065296110388
RR1 upon-euthanasia,RR3-39,GO:BP,Regulation of Cell Growth (GO:0001558),1,25,0.2693205787641079,SOCS2,0.30478666321041015
RR1 upon-euthanasia,RR3-39,GO:BP,Regulation of Cellular Component Organization (GO:0051128),1,25,0.22149138563964613,SOCS2,0.25974469531301786
RR1 upon-euthanasia,RR3-39,GO:BP,Regulation of Cellular Response to Transforming Growth Factor Beta Stimulus (GO:1903844),1,25,0.03247940619282559,NREP,0.14744393694721936
RR1 upon-euthanasia,RR3-39,GO:BP,Regulation of Chromosome Organization (GO:0033044),1,25,0.06703671813009066,MYC,0.16912933473188008
RR1 upon-euthanasia,RR3-39,GO:BP,Regulation of Cold-Induced Thermogenesis (GO:0120161),3,25,0.0015577103685125316,ACTN3;GADD45G;LPIN1,0.056511344174364646
RR1 upon-euthanasia,RR3-39,GO:BP,Regulation of DNA Binding (GO:0051101),1,25,0.03567106659967679,JUN,0.14744393694721936
RR1 upon-euthanasia,RR3-39,GO:BP,Regulation of DNA Metabolic Process (GO:0051052),1,25,0.17616104038149322,MYC,0.23013912638912415
RR1 upon-euthanasia,RR3-39,GO:BP,Regulation of DNA-templated Transcription Initiation (GO:2000142),1,25,0.017991010052830773,JUN,0.14744393694721936
RR1 upon-euthanasia,RR3-39,GO:BP,Regulation of Dendritic Spine Development (GO:0060998),1,25,0.0308797755569431,PTPRS,0.14744393694721936
RR1 upon-euthanasia,RR3-39,GO:BP,Regulation of Double-Strand Break Repair via Homologous Recombination (GO:0010569),1,25,0.1137261291492298,FUS,0.19986383688776033
RR1 upon-euthanasia,RR3-39,GO:BP,Regulation of Endothelial Cell Migration (GO:0010594),1,25,0.12974760446637945,ATOH8,0.2062461920708344
RR1 upon-euthanasia,RR3-39,GO:BP,Regulation of Endothelial Cell Proliferation (GO:0001936),1,25,0.12249988980896528,ATOH8,0.20052065296110388
RR1 upon-euthanasia,RR3-39,GO:BP,Regulation of Epithelial Cell Proliferation (GO:0050678),1,25,0.1369378320991223,MYC,0.20979333608500633
RR1 upon-euthanasia,RR3-39,GO:BP,Regulation of Fibroblast Proliferation (GO:0048145),1,25,0.06857901013873625,MYC,0.17067174468916263
RR1 upon-euthanasia,RR3-39,GO:BP,Regulation of Immune Response (GO:0050776),1,25,0.11958460905537899,C8B,0.20052065296110388
RR1 upon-euthanasia,RR3-39,GO:BP,Regulation of Insulin Secretion (GO:0050796),1,25,0.13406861144194823,UQCC2,0.2094822053780441
RR1 upon-euthanasia,RR3-39,GO:BP,Regulation of Insulin Secretion Involved in Cellular Response to Glucose Stimulus (GO:0061178),1,25,0.043606058508829273,PIM3,0.1480452603694821
RR1 upon-euthanasia,RR3-39,GO:BP,Regulation of Interferon-Alpha Production (GO:0032647),1,25,0.038852618157986206,PTPRS,0.1480452603694821
RR1 upon-euthanasia,RR3-39,GO:BP,Regulation of Interferon-Beta Production (GO:0032648),1,25,0.07319121449938637,PTPRS,0.17891185766516668
RR1 upon-euthanasia,RR3-39,GO:BP,Regulation of Intrinsic Apoptotic Signaling Pathway by P53 Class Mediator (GO:1902253),1,25,0.017991010052830773,MYC,0.14744393694721936
RR1 upon-euthanasia,RR3-39,GO:BP,Regulation of JNK Cascade (GO:0046328),1,25,0.16928475169891494,GADD45G,0.22653677234647984
RR1 upon-euthanasia,RR3-39,GO:BP,Regulation of Macromolecule Biosynthetic Process (GO:0010556),1,25,0.19646360835555934,MYC,0.24173374629878666
RR1 upon-euthanasia,RR3-39,GO:BP,Regulation of Mesenchymal Cell Proliferation (GO:0010464),1,25,0.017991010052830773,MYC,0.14744393694721936
RR1 upon-euthanasia,RR3-39,GO:BP,Regulation of Mitochondrial Translation (GO:0070129),1,25,0.03247940619282559,UQCC2,0.14744393694721936
RR1 upon-euthanasia,RR3-39,GO:BP,Regulation of Mitotic Cell Cycle (GO:0007346),1,25,0.18026054997141117,PIM3,0.2311032691941169
RR1 upon-euthanasia,RR3-39,GO:BP,Regulation of Monocyte Differentiation (GO:0045655),1,25,0.02284346366464877,MYC,0.14744393694721936
RR1 upon-euthanasia,RR3-39,GO:BP,Regulation of Neuron Differentiation (GO:0045664),1,25,0.10930772856168361,NREP,0.19799626741608883
RR1 upon-euthanasia,RR3-39,GO:BP,Regulation of Neuron Projection Development (GO:0010975),2,25,0.033037056789454566,ITM2C;PTPRS,0.14744393694721936
RR1 upon-euthanasia,RR3-39,GO:BP,Regulation of Oxidative Phosphorylation (GO:0002082),2,25,0.00023456647965684058,ACTN3;UQCC2,0.025802312762252467
RR1 upon-euthanasia,RR3-39,GO:BP,Regulation of Peptide Hormone Secretion (GO:0090276),1,25,0.07472373779044504,UQCC2,0.1794674925098025
RR1 upon-euthanasia,RR3-39,GO:BP,Regulation of Primary Metabolic Process (GO:0080090),1,25,0.1595653189298949,FUS,0.2233102427772066
RR1 upon-euthanasia,RR3-39,GO:BP,Regulation of Programmed Cell Death (GO:0043067),1,25,0.2445103822009766,ACTN3,0.2837145785032429
RR1 upon-euthanasia,RR3-39,GO:BP,Regulation of Protein Binding (GO:0043393),1,25,0.043606058508829273,SLPI,0.1480452603694821
RR1 upon-euthanasia,RR3-39,GO:BP,Regulation of Protein Localization to Cell Surface (GO:2000008),1,25,0.04990888367619089,LEPROT,0.15421284281969094
RR1 upon-euthanasia,RR3-39,GO:BP,Regulation of Protein Localization to Mitochondrion (GO:1903747),1,25,0.06549197463404806,LEPROT,0.16753760952896013
RR1 upon-euthanasia,RR3-39,GO:BP,Regulation of Protein Secretion (GO:0050708),1,25,0.13406861144194823,UQCC2,0.2094822053780441
RR1 upon-euthanasia,RR3-39,GO:BP,Regulation of RNA Biosynthetic Process (GO:2001141),2,25,0.1429590864941361,FUS;ONECUT1,0.2133865618485887
RR1 upon-euthanasia,RR3-39,GO:BP,Regulation of RNA Splicing (GO:0043484),1,25,0.14264891739797508,FUS,0.2133865618485887
RR1 upon-euthanasia,RR3-39,GO:BP,Regulation of Receptor Signaling Pathway via JAK-STAT (GO:0046425),2,25,0.0032893551671436417,LEPROT;SOCS2,0.06956290562371722
RR1 upon-euthanasia,RR3-39,GO:BP,Regulation of SMAD Protein Signal Transduction (GO:0060390),1,25,0.09292530601021755,ATOH8,0.18978024289853287
RR1 upon-euthanasia,RR3-39,GO:BP,Regulation of Signal Transduction (GO:0009966),1,25,0.2968855428880552,SOCS2,0.32657409717686076
RR1 upon-euthanasia,RR3-39,GO:BP,Regulation of Smoothened Signaling Pathway (GO:0008589),1,25,0.11958460905537899,RAB34,0.20052065296110388
RR1 upon-euthanasia,RR3-39,GO:BP,Regulation of Stem Cell Population Maintenance (GO:2000036),1,25,0.09742170244864923,MYC,0.19068304749735615
RR1 upon-euthanasia,RR3-39,GO:BP,Regulation of Stress-Activated MAPK Cascade (GO:0032872),1,25,0.038852618157986206,MYC,0.1480452603694821
RR1 upon-euthanasia,RR3-39,GO:BP,Regulation of Telomere Maintenance (GO:0032204),2,25,0.003044940324028008,MYC;PPP1R10,0.06956290562371722
RR1 upon-euthanasia,RR3-39,GO:BP,Regulation of Toll-Like Receptor 9 Signaling Pathway (GO:0034163),1,25,0.021228542437149348,PTPRS,0.14744393694721936
RR1 upon-euthanasia,RR3-39,GO:BP,Regulation of Transcription Elongation by RNA Polymerase II (GO:0034243),1,25,0.12685544163235465,PPP1R10,0.20400728917483937
RR1 upon-euthanasia,RR3-39,GO:BP,Regulation of Transcription Initiation by RNA Polymerase II (GO:0060260),1,25,0.1018966974209479,MYC,0.19392105045509114
RR1 upon-euthanasia,RR3-39,GO:BP,Regulation of Transforming Growth Factor Beta Receptor Signaling Pathway (GO:0017015),1,25,0.17616104038149322,NREP,0.23013912638912415
RR1 upon-euthanasia,RR3-39,GO:BP,Regulation of Transmembrane Receptor Protein Serine/Threonine Kinase Signaling Pathway (GO:0090092),1,25,0.053045323888671614,NREP,0.1551857879721776
RR1 upon-euthanasia,RR3-39,GO:BP,Regulation of Vascular Associated Smooth Muscle Cell Proliferation (GO:1904705),1,25,0.060842997853794045,JUN,0.16244489718245983
RR1 upon-euthanasia,RR3-39,GO:BP,Regulation of Viral Genome Replication (GO:0045069),1,25,0.06703671813009066,SLPI,0.16912933473188008
RR1 upon-euthanasia,RR3-39,GO:BP,Regulation of mRNA Stability (GO:0043488),1,25,0.12540590222341708,FUS,0.20286248889082176
RR1 upon-euthanasia,RR3-39,GO:BP,Regulation of miRNA Transcription (GO:1902893),3,25,0.00013372381109470416,ATOH8;JUN;MYC,0.024516032034029096
RR1 upon-euthanasia,RR3-39,GO:BP,Regulation of p38MAPK Cascade (GO:1900744),1,25,0.05460981416773477,GADD45G,0.1568248863645954
RR1 upon-euthanasia,RR3-39,GO:BP,Relaxation of Muscle (GO:0090075),1,25,0.02284346366464877,PVALB,0.14744393694721936
RR1 upon-euthanasia,RR3-39,GO:BP,Response to Axon Injury (GO:0048678),1,25,0.026065635636663954,NREP,0.14744393694721936
RR1 upon-euthanasia,RR3-39,GO:BP,Response to Endoplasmic Reticulum Stress (GO:0034976),1,25,0.1856961088161092,JUN,0.23641865705754644
RR1 upon-euthanasia,RR3-39,GO:BP,Response to Estradiol (GO:0032355),1,25,0.04676247200844332,SOCS2,0.15309142621811803
RR1 upon-euthanasia,RR3-39,GO:BP,Response to Insulin (GO:0032868),1,25,0.11958460905537899,LPIN1,0.20052065296110388
RR1 upon-euthanasia,RR3-39,GO:BP,Response to Lipopolysaccharide (GO:0032496),1,25,0.18975005369597356,SLPI,0.2382706153716563
RR1 upon-euthanasia,RR3-39,GO:BP,Response to Molecule of Bacterial Origin (GO:0002237),1,25,0.09142173437848804,SLPI,0.18978024289853287
RR1 upon-euthanasia,RR3-39,GO:BP,Response to Steroid Hormone (GO:0048545),1,25,0.043606058508829273,JUN,0.1480452603694821
RR1 upon-euthanasia,RR3-39,GO:BP,Response to UV (GO:0009411),1,25,0.13550436450694042,MYC,0.20979333608500633
RR1 upon-euthanasia,RR3-39,GO:BP,SMAD Protein Signal Transduction (GO:0060395),1,25,0.02767289414277545,JUN,0.14744393694721936
RR1 upon-euthanasia,RR3-39,GO:BP,Supramolecular Fiber Organization (GO:0097435),1,25,0.37477157722005905,FUS,0.39261784280196665
RR1 upon-euthanasia,RR3-39,GO:BP,Synapse Organization (GO:0050808),2,25,0.026064398460730574,C1QA;PTPRS,0.14744393694721936
RR1 upon-euthanasia,RR3-39,GO:BP,Synapse Pruning (GO:0098883),1,25,0.017991010052830773,C1QA,0.14744393694721936
RR1 upon-euthanasia,RR3-39,GO:BP,Synaptic Membrane Adhesion (GO:0099560),1,25,0.03567106659967679,PTPRS,0.14744393694721936
RR1 upon-euthanasia,RR3-39,GO:BP,Transcription by RNA Polymerase II (GO:0006366),1,25,0.27781788611618463,PPP1R10,0.31120129809348585
RR1 upon-euthanasia,RR3-39,GO:BP,Transforming Growth Factor Beta Receptor Signaling Pathway (GO:0007179),1,25,0.11519424780621823,JUN,0.19986383688776033
RR1 upon-euthanasia,RR3-39,GO:BP,Transforming Growth Factor Beta Receptor Superfamily Signaling Pathway (GO:0141091),1,25,0.1679028978691507,JUN,0.22633969075498256
RR1 upon-euthanasia,RR3-39,GO:BP,Triglyceride Biosynthetic Process (GO:0019432),1,25,0.026065635636663954,LPIN1,0.14744393694721936
RR1 upon-euthanasia,RR3-39,GO:BP,Triglyceride Metabolic Process (GO:0006641),1,25,0.077781489378741,LPIN1,0.1843957722340843
RR1 upon-euthanasia,RR3-39,GO:BP,Ubiquitin-dependent Protein Catabolic Process (GO:0006511),1,25,0.5221107622623004,SOCS2,0.5230617836871861
RR1 upon-euthanasia,RR3-39,GO:BP,Ureteric Bud Morphogenesis (GO:0060675),1,25,0.029277606160628022,MYC,0.14744393694721936
RR1 upon-euthanasia,RR3-39,GO:BP,Visual System Development (GO:0150063),1,25,0.06239511823811711,C1QA,0.1641976795739924
RR1 upon-euthanasia,RR3-39,GO:BP,Zymogen Activation (GO:0031638),1,25,0.048336926170691547,CFD,0.15322867882130475
RR1 upon-euthanasia,RR3-39,KEGG,ACUTE MYELOID LEUKEMIA,1,25,0.09592528641053116,MYC,0.18978024289853287
RR1 upon-euthanasia,RR3-39,KEGG,ADIPOCYTOKINE SIGNALING PATHWAY,1,25,0.10635038856654074,LEPROT,0.19497571237199135
RR1 upon-euthanasia,RR3-39,KEGG,AGE-RAGE SIGNALING PATHWAY IN DIABETIC COMPLICATIONS,1,25,0.14407100982532722,JUN,0.2133865618485887
RR1 upon-euthanasia,RR3-39,KEGG,ALCOHOLIC LIVER DISEASE,2,25,0.013787852269255845,C1QA;LPIN1,0.14744393694721936
RR1 upon-euthanasia,RR3-39,KEGG,AMINO SUGAR AND NUCLEOTIDE SUGAR METABOLISM,1,25,0.05460981416773477,SLPI,0.1568248863645954
RR1 upon-euthanasia,RR3-39,KEGG,AMOEBIASIS,1,25,0.11812348420317412,C8B,0.20052065296110388
RR1 upon-euthanasia,RR3-39,KEGG,AMPHETAMINE ADDICTION,1,25,0.09592528641053116,JUN,0.18978024289853287
RR1 upon-euthanasia,RR3-39,KEGG,AMPK SIGNALING PATHWAY,1,25,0.17066440234712643,LEPROT,0.2267280707510134
RR1 upon-euthanasia,RR3-39,KEGG,AMYOTROPHIC LATERAL SCLEROSIS,1,25,0.393418870697306,FUS,0.40826486581795907
RR1 upon-euthanasia,RR3-39,KEGG,APOPTOSIS,2,25,0.015262853882201754,GADD45G;JUN,0.14744393694721936
RR1 upon-euthanasia,RR3-39,KEGG,ARGININE AND PROLINE METABOLISM,2,25,0.0022604537669745858,CKM;CKMT2,0.056511344174364646
RR1 upon-euthanasia,RR3-39,KEGG,ARRHYTHMOGENIC RIGHT VENTRICULAR CARDIOMYOPATHY,1,25,0.1283026745408737,ACTN3,0.20513509010895506
RR1 upon-euthanasia,RR3-39,KEGG,B CELL RECEPTOR SIGNALING PATHWAY,1,25,0.1018966974209479,JUN,0.19392105045509114
RR1 upon-euthanasia,RR3-39,KEGG,BASAL CELL CARCINOMA,1,25,0.09442648880842656,GADD45G,0.18978024289853287
RR1 upon-euthanasia,RR3-39,KEGG,BLADDER CANCER,1,25,0.057731353960443536,MYC,0.15876122339121973
RR1 upon-euthanasia,RR3-39,KEGG,BREAST CANCER,3,25,0.0013457225169359018,GADD45G;JUN;MYC,0.056511344174364646
RR1 upon-euthanasia,RR3-39,KEGG,C-TYPE LECTIN RECEPTOR SIGNALING PATHWAY,1,25,0.14407100982532722,JUN,0.2133865618485887
RR1 upon-euthanasia,RR3-39,KEGG,CAMP SIGNALING PATHWAY,1,25,0.29097943349397687,JUN,0.3226586460114663
RR1 upon-euthanasia,RR3-39,KEGG,CELL ADHESION MOLECULE (CAM) INTERACTION,1,25,0.18026054997141117,PTPRS,0.2311032691941169
RR1 upon-euthanasia,RR3-39,KEGG,CELL CYCLE,2,25,0.024505435495040383,GADD45G;MYC,0.14744393694721936
RR1 upon-euthanasia,RR3-39,KEGG,CELLULAR SENESCENCE,2,25,0.021218839361963244,GADD45G;MYC,0.14744393694721936
RR1 upon-euthanasia,RR3-39,KEGG,CENTRAL CARBON METABOLISM IN CANCER,1,25,0.09592528641053116,MYC,0.18978024289853287
RR1 upon-euthanasia,RR3-39,KEGG,CHAGAS DISEASE,2,25,0.00935921639493329,C1QA;JUN,0.14707340049180884
RR1 upon-euthanasia,RR3-39,KEGG,CHEMICAL CARCINOGENESIS - REACTIVE OXYGEN SPECIES,1,25,0.2457698674267018,JUN,0.2839777879930378
RR1 upon-euthanasia,RR3-39,KEGG,CHEMICAL CARCINOGENESIS - RECEPTOR ACTIVATION,2,25,0.027663025082167187,JUN;MYC,0.14744393694721936
RR1 upon-euthanasia,RR3-39,KEGG,CHOLINE METABOLISM IN CANCER,1,25,0.14122455688062716,JUN,0.2128041268064245
RR1 upon-euthanasia,RR3-39,KEGG,CHRONIC MYELOID LEUKEMIA,2,25,0.006047610971948381,GADD45G;MYC,0.11087286781905366
RR1 upon-euthanasia,RR3-39,KEGG,COCAINE ADDICTION,1,25,0.07165625460289651,JUN,0.17673067278741295
RR1 upon-euthanasia,RR3-39,KEGG,COLORECTAL CANCER,3,25,0.00029903034746609733,GADD45G;JUN;MYC,0.027411115184392255
RR1 upon-euthanasia,RR3-39,KEGG,COMPLEMENT AND COAGULATION CASCADES,2,25,0.004075816116126997,C1QA;C8B,0.07729996082309823
RR1 upon-euthanasia,RR3-39,KEGG,CORONAVIRUS DISEASE - COVID-19,3,25,0.002156717313568254,C1QA;C8B;JUN,0.056511344174364646
RR1 upon-euthanasia,RR3-39,KEGG,CYTOKINE-CYTOKINE RECEPTOR INTERACTION,1,25,0.286220284056867,LEPROT,0.3186663081604795
RR1 upon-euthanasia,RR3-39,KEGG,CYTOSKELETON IN MUSCLE CELLS,2,25,0.04847598202710369,ACTN3;CKM,0.15322867882130475
RR1 upon-euthanasia,RR3-39,KEGG,EFFEROCYTOSIS,1,25,0.21104596483523144,C1QA,0.256236822647632
RR1 upon-euthanasia,RR3-39,KEGG,ENDOMETRIAL CANCER,2,25,0.003414906276073391,GADD45G;MYC,0.06956290562371722
RR1 upon-euthanasia,RR3-39,KEGG,EPITHELIAL CELL SIGNALING IN HELICOBACTER PYLORI INFECTION,1,25,0.0989157405496083,JUN,0.19156217359959354
RR1 upon-euthanasia,RR3-39,KEGG,EPSTEIN-BARR VIRUS INFECTION,3,25,0.0022353401107979972,GADD45G;JUN;MYC,0.056511344174364646
RR1 upon-euthanasia,RR3-39,KEGG,ERBB SIGNALING PATHWAY,2,25,0.006726244257182699,JUN;MYC,0.11560732317032764
RR1 upon-euthanasia,RR3-39,KEGG,ESTROGEN SIGNALING PATHWAY,1,25,0.17616104038149322,JUN,0.23013912638912415
RR1 upon-euthanasia,RR3-39,KEGG,FLUID SHEAR STRESS AND ATHEROSCLEROSIS,1,25,0.17752972552174207,JUN,0.2302862005588635
RR1 upon-euthanasia,RR3-39,KEGG,FOCAL ADHESION,1,25,0.2668752008812175,JUN,0.30389515628295993
RR1 upon-euthanasia,RR3-39,KEGG,FOXO SIGNALING PATHWAY,1,25,0.18162269595018918,GADD45G,0.23176910156056627
RR1 upon-euthanasia,RR3-39,KEGG,FRUCTOSE AND MANNOSE METABOLISM,1,25,0.04676247200844332,SLPI,0.15309142621811803
RR1 upon-euthanasia,RR3-39,KEGG,GASTRIC CANCER,2,25,0.020930012228163913,GADD45G;MYC,0.14744393694721936
RR1 upon-euthanasia,RR3-39,KEGG,GLIOMA,1,25,0.10486818593363177,GADD45G,0.19485642656586985
RR1 upon-euthanasia,RR3-39,KEGG,GLYCEROLIPID METABOLISM,1,25,0.08538348658219302,LPIN1,0.1896553869667189
RR1 upon-euthanasia,RR3-39,KEGG,GLYCEROPHOSPHOLIPID METABOLISM,1,25,0.14832371315569295,LPIN1,0.21638737993536108
RR1 upon-euthanasia,RR3-39,KEGG,GLYOXYLATE AND DICARBOXYLATE METABOLISM,1,25,0.045185517389611345,HAO2,0.15246646971954747
RR1 upon-euthanasia,RR3-39,KEGG,GNRH SIGNALING PATHWAY,1,25,0.12249988980896528,JUN,0.20052065296110388
RR1 upon-euthanasia,RR3-39,KEGG,"GROWTH HORMONE SYNTHESIS, SECRETION AND ACTION",1,25,0.1609604628227736,SOCS2,0.22355619836496335
RR1 upon-euthanasia,RR3-39,KEGG,HEPATITIS B,2,25,0.020357416709731988,JUN;MYC,0.14744393694721936
RR1 upon-euthanasia,RR3-39,KEGG,HEPATITIS C,1,25,0.18704958247341896,MYC,0.2364994720928286
RR1 upon-euthanasia,RR3-39,KEGG,HEPATOCELLULAR CARCINOMA,2,25,0.02358939089685351,GADD45G;MYC,0.14744393694721936
RR1 upon-euthanasia,RR3-39,KEGG,HIPPO SIGNALING PATHWAY,1,25,0.216285381172873,MYC,0.258476249804581
RR1 upon-euthanasia,RR3-39,KEGG,HORMONE SIGNALING,1,25,0.27660981968278897,LEPROT,0.31111533911152134
RR1 upon-euthanasia,RR3-39,KEGG,HUMAN CYTOMEGALOVIRUS INFECTION,1,25,0.26196085419803844,MYC,0.30016347876858573
RR1 upon-euthanasia,RR3-39,KEGG,HUMAN IMMUNODEFICIENCY VIRUS 1 INFECTION,1,25,0.2445103822009766,JUN,0.2837145785032429
RR1 upon-euthanasia,RR3-39,KEGG,HUMAN T-CELL LEUKEMIA VIRUS 1 INFECTION,2,25,0.040281668901984015,JUN;MYC,0.1480452603694821
RR1 upon-euthanasia,RR3-39,KEGG,IGSF CAM SIGNALING,1,25,0.3512324585094937,PTPRS,0.3740856104675425
RR1 upon-euthanasia,RR3-39,KEGG,IL-17 SIGNALING PATHWAY,1,25,0.116660031637962,JUN,0.20052065296110388
RR1 upon-euthanasia,RR3-39,KEGG,INFLAMMATORY BOWEL DISEASE,1,25,0.077781489378741,JUN,0.1843957722340843
RR1 upon-euthanasia,RR3-39,KEGG,INSULIN SIGNALING PATHWAY,1,25,0.18840089633233956,SOCS2,0.23766168115318065
RR1 upon-euthanasia,RR3-39,KEGG,JAK-STAT SIGNALING PATHWAY,3,25,0.0010266222985456724,LEPROT;MYC;SOCS2,0.056464226420011976
RR1 upon-euthanasia,RR3-39,KEGG,KAPOSI SARCOMA-ASSOCIATED HERPESVIRUS INFECTION,2,25,0.02574941020269815,JUN;MYC,0.14744393694721936
RR1 upon-euthanasia,RR3-39,KEGG,LEISHMANIASIS,1,25,0.08991577027051632,JUN,0.18978024289853287
RR1 upon-euthanasia,RR3-39,KEGG,LIPID AND ATHEROSCLEROSIS,1,25,0.2457698674267018,JUN,0.2839777879930378
RR1 upon-euthanasia,RR3-39,KEGG,MAPK SIGNALING PATHWAY,3,25,0.011125335915497307,GADD45G;JUN;MYC,0.14744393694721936
RR1 upon-euthanasia,RR3-39,KEGG,MATURITY ONSET DIABETES OF THE YOUNG,1,25,0.034076501923771735,ONECUT1,0.14744393694721936
RR1 upon-euthanasia,RR3-39,KEGG,MEASLES,1,25,0.15816794815131335,JUN,0.2233102427772066
RR1 upon-euthanasia,RR3-39,KEGG,MELANOMA,1,25,0.10486818593363177,GADD45G,0.19485642656586985
RR1 upon-euthanasia,RR3-39,KEGG,MICRORNAS IN CANCER,1,25,0.22149138563964613,MYC,0.25974469531301786
RR1 upon-euthanasia,RR3-39,KEGG,MITOPHAGY - ANIMAL,1,25,0.13979792480686934,JUN,0.21123312814224762
RR1 upon-euthanasia,RR3-39,KEGG,MRNA SURVEILLANCE PATHWAY,1,25,0.12249988980896528,FUS,0.20052065296110388
RR1 upon-euthanasia,RR3-39,KEGG,MTOR SIGNALING PATHWAY,1,25,0.216285381172873,LPIN1,0.258476249804581
RR1 upon-euthanasia,RR3-39,KEGG,NEUROACTIVE LIGAND-RECEPTOR INTERACTION,1,25,0.40954502872473797,LEPROT,0.4202421003705334
RR1 upon-euthanasia,RR3-39,KEGG,NEUROTROPHIN SIGNALING PATHWAY,1,25,0.1679028978691507,JUN,0.22633969075498256
RR1 upon-euthanasia,RR3-39,KEGG,NF-KAPPA B SIGNALING PATHWAY,1,25,0.13550436450694042,GADD45G,0.20979333608500633
RR1 upon-euthanasia,RR3-39,KEGG,NOD-LIKE RECEPTOR SIGNALING PATHWAY,1,25,0.18704958247341896,JUN,0.2364994720928286
RR1 upon-euthanasia,RR3-39,KEGG,NON-ALCOHOLIC FATTY LIVER DISEASE,2,25,0.020930012228163913,JUN;LEPROT,0.14744393694721936
RR1 upon-euthanasia,RR3-39,KEGG,NON-SMALL CELL LUNG CANCER,1,25,0.10635038856654074,GADD45G,0.19497571237199135
RR1 upon-euthanasia,RR3-39,KEGG,OSTEOCLAST DIFFERENTIATION,1,25,0.16651883748636487,JUN,0.22633969075498256
RR1 upon-euthanasia,RR3-39,KEGG,OXYTOCIN SIGNALING PATHWAY,1,25,0.2031237433277386,JUN,0.24826235295612498
RR1 upon-euthanasia,RR3-39,KEGG,P53 SIGNALING PATHWAY,1,25,0.10040740433495189,GADD45G,0.19309116218259978
RR1 upon-euthanasia,RR3-39,KEGG,PANCREATIC CANCER,1,25,0.11519424780621823,GADD45G,0.19986383688776033
RR1 upon-euthanasia,RR3-39,KEGG,PATHOGENIC ESCHERICHIA COLI INFECTION,1,25,0.2445103822009766,JUN,0.2837145785032429
RR1 upon-euthanasia,RR3-39,KEGG,PATHWAYS IN CANCER,3,25,0.04017525211598652,GADD45G;JUN;MYC,0.1480452603694821
RR1 upon-euthanasia,RR3-39,KEGG,PATHWAYS OF NEURODEGENERATION - MULTIPLE DISEASES,1,25,0.4928617626947315,FUS,0.49738343024238957
RR1 upon-euthanasia,RR3-39,KEGG,PD-L1 EXPRESSION AND PD-1 CHECKPOINT PATHWAY IN CANCER,1,25,0.12395405279151708,JUN,0.20170038176134436
RR1 upon-euthanasia,RR3-39,KEGG,PEROXISOME,1,25,0.12249988980896528,HAO2,0.20052065296110388
RR1 upon-euthanasia,RR3-39,KEGG,PERTUSSIS,1,25,0.09142173437848804,JUN,0.18978024289853287
RR1 upon-euthanasia,RR3-39,KEGG,PI3K-AKT SIGNALING PATHWAY,1,25,0.405552514879015,MYC,0.41770390109261846
RR1 upon-euthanasia,RR3-39,KEGG,PRION DISEASE,2,25,0.050510677819515196,C1QA;C8B,0.1547163474075897
RR1 upon-euthanasia,RR3-39,KEGG,PROLACTIN SIGNALING PATHWAY,1,25,0.09742170244864923,SOCS2,0.19068304749735615
RR1 upon-euthanasia,RR3-39,KEGG,PROTEOGLYCANS IN CANCER,1,25,0.26564956760731284,MYC,0.3031270999668508
RR1 upon-euthanasia,RR3-39,KEGG,REGULATION OF ACTIN CYTOSKELETON,1,25,0.2921644524913463,C8B,0.3233208226765402
RR1 upon-euthanasia,RR3-39,KEGG,RELAXIN SIGNALING PATHWAY,1,25,0.17479016884325688,JUN,0.22998706426744325
RR1 upon-euthanasia,RR3-39,KEGG,RENAL CELL CARCINOMA,1,25,0.09742170244864923,JUN,0.19068304749735615
RR1 upon-euthanasia,RR3-39,KEGG,RHEUMATOID ARTHRITIS,1,25,0.10338362341859533,JUN,0.1940648221168172
RR1 upon-euthanasia,RR3-39,KEGG,SALMONELLA INFECTION,2,25,0.04847598202710369,JUN;MYC,0.15322867882130475
RR1 upon-euthanasia,RR3-39,KEGG,SHIGELLOSIS,1,25,0.29334757000740685,JUN,0.3239782399680196
RR1 upon-euthanasia,RR3-39,KEGG,SIGNALING PATHWAYS REGULATING PLURIPOTENCY OF STEM CELLS,2,25,0.018680524535494437,MYC;ONECUT1,0.14744393694721936
RR1 upon-euthanasia,RR3-39,KEGG,SMALL CELL LUNG CANCER,2,25,0.008761803170976332,GADD45G;MYC,0.14603005284960555
RR1 upon-euthanasia,RR3-39,KEGG,SPLICEOSOME,1,25,0.18026054997141117,FUS,0.2311032691941169
RR1 upon-euthanasia,RR3-39,KEGG,SYSTEMIC LUPUS ERYTHEMATOSUS,2,25,0.0022604537669745858,C1QA;C8B,0.056511344174364646
RR1 upon-euthanasia,RR3-39,KEGG,T CELL RECEPTOR SIGNALING PATHWAY,1,25,0.16374408355117326,JUN,0.2245866482622077
RR1 upon-euthanasia,RR3-39,KEGG,TGF-BETA SIGNALING PATHWAY,1,25,0.1511475715828401,MYC,0.21819203246866678
RR1 upon-euthanasia,RR3-39,KEGG,TH1 AND TH2 CELL DIFFERENTIATION,1,25,0.12104340974291987,JUN,0.20052065296110388
RR1 upon-euthanasia,RR3-39,KEGG,TH17 CELL DIFFERENTIATION,1,25,0.13979792480686934,JUN,0.21123312814224762
RR1 upon-euthanasia,RR3-39,KEGG,THYROID CANCER,2,25,0.001501516106970405,GADD45G;MYC,0.056511344174364646
RR1 upon-euthanasia,RR3-39,KEGG,THYROID HORMONE SIGNALING PATHWAY,1,25,0.17066440234712643,MYC,0.2267280707510134
RR1 upon-euthanasia,RR3-39,KEGG,TIGHT JUNCTION,1,25,0.21759000665367456,JUN,0.258476249804581
RR1 upon-euthanasia,RR3-39,KEGG,TNF SIGNALING PATHWAY,1,25,0.16374408355117326,JUN,0.2245866482622077
RR1 upon-euthanasia,RR3-39,KEGG,TOLL-LIKE RECEPTOR SIGNALING PATHWAY,1,25,0.12249988980896528,JUN,0.20052065296110388
RR1 upon-euthanasia,RR3-39,KEGG,TRANSCRIPTIONAL MISREGULATION IN CANCER,3,25,0.0020047153090461626,FUS;GADD45G;MYC,0.056511344174364646
RR1 upon-euthanasia,RR3-39,KEGG,TYPE II DIABETES MELLITUS,1,25,0.06857901013873625,SOCS2,0.17067174468916263
RR1 upon-euthanasia,RR3-39,KEGG,VIRAL CARCINOGENESIS,1,25,0.22149138563964613,JUN,0.25974469531301786
RR1 upon-euthanasia,RR3-39,KEGG,WNT SIGNALING PATHWAY,2,25,0.026380973239042208,JUN;MYC,0.14744393694721936
RR1 upon-euthanasia,RR3-39,KEGG,YERSINIA INFECTION,1,25,0.17752972552174207,JUN,0.2302862005588635
RR1 upon-euthanasia,RR3-39,Reactome,Activation of Anterior HOX Genes in Hindbrain Development During Early Embryogenesis,1,25,0.0989157405496083,JUN,0.19156217359959354
RR1 upon-euthanasia,RR3-39,Reactome,Activation of HOX Genes During Differentiation,1,25,0.0989157405496083,JUN,0.19156217359959354
RR1 upon-euthanasia,RR3-39,Reactome,Aerobic Respiration and Respiratory Electron Transport,1,25,0.3062371981658579,UQCC2,0.3341874186333767
RR1 upon-euthanasia,RR3-39,Reactome,Beta-catenin Independent WNT Signaling,1,25,0.19646360835555934,MYC,0.24173374629878666
RR1 upon-euthanasia,RR3-39,Reactome,Ca2+ Pathway,1,25,0.09592528641053116,MYC,0.18978024289853287
RR1 upon-euthanasia,RR3-39,Reactome,"Cell Cycle, Mitotic",2,25,0.17131984649661927,LPIN1;MYC,0.22705039897142312
RR1 upon-euthanasia,RR3-39,Reactome,Cell-Cell Communication,1,25,0.20444939587077873,ACTN3,0.24932853154973017
RR1 upon-euthanasia,RR3-39,Reactome,Cellular Response to Chemical Stress,1,25,0.25078768074585933,MYC,0.28916818534637867
RR1 upon-euthanasia,RR3-39,Reactome,Cellular Senescence,1,25,0.19646360835555934,JUN,0.24173374629878666
RR1 upon-euthanasia,RR3-39,Reactome,Complement Cascade,2,25,0.001588237016676562,C8B;CFD,0.056511344174364646
RR1 upon-euthanasia,RR3-39,Reactome,Complex III Assembly,1,25,0.0308797755569431,UQCC2,0.14744393694721936
RR1 upon-euthanasia,RR3-39,Reactome,Constitutive Signaling by NOTCH1 HD+PEST Domain Mutants,1,25,0.08689665002838758,MYC,0.1896553869667189
RR1 upon-euthanasia,RR3-39,Reactome,Constitutive Signaling by NOTCH1 PEST Domain Mutants,1,25,0.08689665002838758,MYC,0.1896553869667189
RR1 upon-euthanasia,RR3-39,Reactome,Cyclin A Cdk2-associated Events at S Phase Entry,1,25,0.1137261291492298,MYC,0.19986383688776033
RR1 upon-euthanasia,RR3-39,Reactome,Cyclin E Associated Events During G1 S Transition,1,25,0.11078287309867979,MYC,0.19847094529079443
RR1 upon-euthanasia,RR3-39,Reactome,Defective Intrinsic Pathway for Apoptosis,1,25,0.03726310406484271,JUN,0.14744393694721936
RR1 upon-euthanasia,RR3-39,Reactome,Degradation of Beta-Catenin by the Destruction Complex,1,25,0.10635038856654074,MYC,0.19497571237199135
RR1 upon-euthanasia,RR3-39,Reactome,Depolymerization of the Nuclear Lamina,1,25,0.021228542437149348,LPIN1,0.14744393694721936
RR1 upon-euthanasia,RR3-39,Reactome,Deregulated CDK5 Triggers Multiple Neurodegenerative Pathways in Alzheimer's Disease Models,1,25,0.03247940619282559,JUN,0.14744393694721936
RR1 upon-euthanasia,RR3-39,Reactome,Deubiquitination,1,25,0.2957081122880287,MYC,0.3259307850870055
RR1 upon-euthanasia,RR3-39,Reactome,Diseases of Programmed Cell Death,1,25,0.07472373779044504,JUN,0.1794674925098025
RR1 upon-euthanasia,RR3-39,Reactome,Diseases of Signal Transduction by Growth Factor Receptors and Second Messengers,2,25,0.15498169324278344,JUN;MYC,0.2213771548421978
RR1 upon-euthanasia,RR3-39,Reactome,ECM Proteoglycans,1,25,0.1137261291492298,PTPRS,0.19986383688776033
RR1 upon-euthanasia,RR3-39,Reactome,ESR-mediated Signaling,2,25,0.028970012906849453,JUN;MYC,0.14744393694721936
RR1 upon-euthanasia,RR3-39,Reactome,Epigenetic Regulation by WDR5-containing Histone Modifying Complexes,1,25,0.15816794815131335,LPIN1,0.2233102427772066
RR1 upon-euthanasia,RR3-39,Reactome,Epigenetic Regulation of Adipogenesis Genes by MLL3 and MLL4 Complexes,1,25,0.11519424780621823,LPIN1,0.19986383688776033
RR1 upon-euthanasia,RR3-39,Reactome,Epigenetic Regulation of Gene Expression,1,25,0.3050748048915564,LPIN1,0.3341874186333767
RR1 upon-euthanasia,RR3-39,Reactome,Epigenetic Regulation of Gene Expression by MLL3 and MLL4 Complexes,1,25,0.11519424780621823,LPIN1,0.19986383688776033
RR1 upon-euthanasia,RR3-39,Reactome,Estrogen-dependent Gene Expression,2,25,0.009767378556744838,JUN;MYC,0.14744393694721936
RR1 upon-euthanasia,RR3-39,Reactome,Extracellular Matrix Organization,1,25,0.3652427734293286,PTPRS,0.3848343398201738
RR1 upon-euthanasia,RR3-39,Reactome,FCERI Mediated MAPK Activation,1,25,0.04990888367619089,JUN,0.15421284281969094
RR1 upon-euthanasia,RR3-39,Reactome,FLT3 Signaling,1,25,0.05928841101318921,SOCS2,0.16063362589780328
RR1 upon-euthanasia,RR3-39,Reactome,Fatty Acid Metabolism,1,25,0.21235896249726838,HAO2,0.2572630602940476
RR1 upon-euthanasia,RR3-39,Reactome,Fc Epsilon Receptor (FCERI) Signaling,1,25,0.1734171075601343,JUN,0.22927742586075445
RR1 upon-euthanasia,RR3-39,Reactome,Formation of the Beta-Catenin TCF Transactivating Complex,1,25,0.05617182293422781,MYC,0.1568248863645954
RR1 upon-euthanasia,RR3-39,Reactome,G0 and Early G1,1,25,0.042024091555191635,MYC,0.1480452603694821
RR1 upon-euthanasia,RR3-39,Reactome,G1 S Transition,1,25,0.17479016884325688,MYC,0.22998706426744325
RR1 upon-euthanasia,RR3-39,Reactome,Glycerophospholipid Biosynthesis,1,25,0.18026054997141117,LPIN1,0.2311032691941169
RR1 upon-euthanasia,RR3-39,Reactome,Growth Hormone Receptor Signaling,1,25,0.0308797755569431,SOCS2,0.14744393694721936
RR1 upon-euthanasia,RR3-39,Reactome,Initial Triggering of Complement,1,25,0.02445582676994769,CFD,0.14744393694721936
RR1 upon-euthanasia,RR3-39,Reactome,Interleukin-17 Signaling,1,25,0.10930772856168361,JUN,0.19799626741608883
RR1 upon-euthanasia,RR3-39,Reactome,Interleukin-4 and Interleukin-13 Signaling,1,25,0.149736767786109,MYC,0.21787095841894166
RR1 upon-euthanasia,RR3-39,Reactome,Interleukin-7 Signaling,1,25,0.03247940619282559,SOCS2,0.14744393694721936
RR1 upon-euthanasia,RR3-39,Reactome,Intracellular Signaling by Second Messengers,1,25,0.38312621365924143,JUN,0.3998470920542368
RR1 upon-euthanasia,RR3-39,Reactome,KEAP1-NFE2L2 Pathway,1,25,0.15536651230743337,MYC,0.2213771548421978
RR1 upon-euthanasia,RR3-39,Reactome,Killing Mechanisms,1,25,0.017991010052830773,JUN,0.14744393694721936
RR1 upon-euthanasia,RR3-39,Reactome,Leishmania Infection,1,25,0.21759000665367456,JUN,0.258476249804581
RR1 upon-euthanasia,RR3-39,Reactome,M Phase,1,25,0.4115316196455933,LPIN1,0.421494210065319
RR1 upon-euthanasia,RR3-39,Reactome,MAP Kinase Activation,1,25,0.09592528641053116,JUN,0.18978024289853287
RR1 upon-euthanasia,RR3-39,Reactome,MAPK Family Signaling Cascades,2,25,0.08246504048475425,JUN;MYC,0.18742054655625967
RR1 upon-euthanasia,RR3-39,Reactome,MAPK Targets Nuclear Events Mediated by MAP Kinases,1,25,0.04676247200844332,JUN,0.15309142621811803
RR1 upon-euthanasia,RR3-39,Reactome,MAPK6 MAPK4 Signaling,2,25,0.006382764780856131,JUN;MYC,0.11324260095067329
RR1 upon-euthanasia,RR3-39,Reactome,MLL4 and MLL3 Complexes Regulate Expression of PPARG Targets in Adipogenesis and Hepatic Steatosis,1,25,0.11519424780621823,LPIN1,0.19986383688776033
RR1 upon-euthanasia,RR3-39,Reactome,Metabolism of Amino Acids and Derivatives,2,25,0.08490820410031855,CKM;CKMT2,0.1896553869667189
RR1 upon-euthanasia,RR3-39,Reactome,Mitotic G1 Phase and G1 S Transition,1,25,0.19646360835555934,MYC,0.24173374629878666
RR1 upon-euthanasia,RR3-39,Reactome,Mitotic Prophase,1,25,0.12249988980896528,LPIN1,0.20052065296110388
RR1 upon-euthanasia,RR3-39,Reactome,Muscle Contraction,1,25,0.2693205787641079,ACTN3,0.30478666321041015
RR1 upon-euthanasia,RR3-39,Reactome,MyD88 Cascade Initiated on Plasma Membrane,1,25,0.1369378320991223,JUN,0.20979333608500633
RR1 upon-euthanasia,RR3-39,Reactome,MyD88 Dependent Cascade Initiated on Endosome,1,25,0.14549083762403775,JUN,0.2133865618485887
RR1 upon-euthanasia,RR3-39,Reactome,MyD88 MAL(TIRAP) Cascade Initiated on Plasma Membrane,1,25,0.1595653189298949,JUN,0.2233102427772066
RR1 upon-euthanasia,RR3-39,Reactome,MyD88-independent TLR4 Cascade,1,25,0.15536651230743337,JUN,0.2213771548421978
RR1 upon-euthanasia,RR3-39,Reactome,NOTCH1 Intracellular Domain Regulates Transcription,1,25,0.07319121449938637,MYC,0.17891185766516668
RR1 upon-euthanasia,RR3-39,Reactome,Neddylation,1,25,0.3050748048915564,SOCS2,0.3341874186333767
RR1 upon-euthanasia,RR3-39,Reactome,Negative Regulation of FLT3,1,25,0.02284346366464877,SOCS2,0.14744393694721936
RR1 upon-euthanasia,RR3-39,Reactome,Nephrin Family Interactions,1,25,0.034076501923771735,ACTN3,0.14744393694721936
RR1 upon-euthanasia,RR3-39,Reactome,Neurodegenerative Diseases,1,25,0.03247940619282559,JUN,0.14744393694721936
RR1 upon-euthanasia,RR3-39,Reactome,Neuronal System,1,25,0.4789254678939864,PTPRS,0.48420773408399365
RR1 upon-euthanasia,RR3-39,Reactome,Neutrophil Degranulation,2,25,0.12784118101046782,CFD;SLPI,0.20499314739287844
RR1 upon-euthanasia,RR3-39,Reactome,Nuclear Envelope Breakdown,1,25,0.07472373779044504,LPIN1,0.1794674925098025
RR1 upon-euthanasia,RR3-39,Reactome,Nuclear Events Mediated by NFE2L2,1,25,0.12249988980896528,MYC,0.20052065296110388
RR1 upon-euthanasia,RR3-39,Reactome,Oxidative Stress Induced Senescence,1,25,0.10338362341859533,JUN,0.1940648221168172
RR1 upon-euthanasia,RR3-39,Reactome,PIP3 Activates AKT Signaling,1,25,0.3446664825975528,JUN,0.3695254686718402
RR1 upon-euthanasia,RR3-39,Reactome,PTEN Regulation,1,25,0.18704958247341896,JUN,0.2364994720928286
RR1 upon-euthanasia,RR3-39,Reactome,Parasitic Infection Pathways,1,25,0.21759000665367456,JUN,0.258476249804581
RR1 upon-euthanasia,RR3-39,Reactome,Peroxisomal Lipid Metabolism,1,25,0.040439612712246165,HAO2,0.1480452603694821
RR1 upon-euthanasia,RR3-39,Reactome,Peroxisomal Protein Import,1,25,0.09292530601021755,HAO2,0.18978024289853287
RR1 upon-euthanasia,RR3-39,Reactome,Phospholipid Metabolism,1,25,0.2802282112315348,LPIN1,0.3126278218607386
RR1 upon-euthanasia,RR3-39,Reactome,"Platelet Activation, Signaling and Aggregation",1,25,0.33358118924958596,CFD,0.35974441977896526
RR1 upon-euthanasia,RR3-39,Reactome,Platelet Degranulation,1,25,0.17066440234712643,CFD,0.2267280707510134
RR1 upon-euthanasia,RR3-39,Reactome,Pre-NOTCH Expression and Processing,1,25,0.08082953895882654,JUN,0.18600939927763427
RR1 upon-euthanasia,RR3-39,Reactome,Pre-NOTCH Transcription and Translation,1,25,0.05617182293422781,JUN,0.1568248863645954
RR1 upon-euthanasia,RR3-39,Reactome,Processing of Capped Intron-Containing Pre-mRNA,1,25,0.34356596953682456,FUS,0.36906500633838574
RR1 upon-euthanasia,RR3-39,Reactome,Protein Localization,1,25,0.2188925470967498,HAO2,0.2589051632327148
RR1 upon-euthanasia,RR3-39,Reactome,Protein-protein Interactions at Synapses,1,25,0.1311902349211464,PTPRS,0.20734088852480034
RR1 upon-euthanasia,RR3-39,Reactome,RAB Geranylgeranylation,1,25,0.09442648880842656,RAB34,0.18978024289853287
RR1 upon-euthanasia,RR3-39,Reactome,Receptor-type Tyrosine-Protein Phosphatases,1,25,0.0308797755569431,PTPRS,0.14744393694721936
RR1 upon-euthanasia,RR3-39,Reactome,Regulation of Beta-Cell Development,1,25,0.0639447759165547,ONECUT1,0.16589446582125042
RR1 upon-euthanasia,RR3-39,Reactome,Regulation of Complement Cascade,1,25,0.043606058508829273,C8B,0.1480452603694821
RR1 upon-euthanasia,RR3-39,Reactome,Regulation of Gene Expression in Late Stage (Branching Morphogenesis) Pancreatic Bud Precursor Cells,1,25,0.02445582676994769,ONECUT1,0.14744393694721936
RR1 upon-euthanasia,RR3-39,Reactome,Regulation of PTEN Gene Transcription,1,25,0.09292530601021755,JUN,0.18978024289853287
RR1 upon-euthanasia,RR3-39,Reactome,Repression of WNT Target Genes,1,25,0.019611059198183765,MYC,0.14744393694721936
RR1 upon-euthanasia,RR3-39,Reactome,Respiratory Electron Transport,1,25,0.20973086609679173,UQCC2,0.2552034875071581
RR1 upon-euthanasia,RR3-39,Reactome,Response to Elevated Platelet Cytosolic Ca2+,1,25,0.17752972552174207,CFD,0.2302862005588635
RR1 upon-euthanasia,RR3-39,Reactome,S Phase,1,25,0.21497866745600777,MYC,0.258476249804581
RR1 upon-euthanasia,RR3-39,Reactome,SMAD2 SMAD3 SMAD4 Heterotrimer Regulates Transcription,1,25,0.05617182293422781,MYC,0.1568248863645954
RR1 upon-euthanasia,RR3-39,Reactome,Senescence-Associated Secretory Phenotype (SASP),1,25,0.08082953895882654,JUN,0.18600939927763427
RR1 upon-euthanasia,RR3-39,Reactome,Signaling by ALK,1,25,0.042024091555191635,MYC,0.1480452603694821
RR1 upon-euthanasia,RR3-39,Reactome,Signaling by ALK Fusions and Activated Point Mutants,1,25,0.13263056941232476,JUN,0.2084194662193675
RR1 upon-euthanasia,RR3-39,Reactome,Signaling by ALK in Cancer,1,25,0.13263056941232476,JUN,0.2084194662193675
RR1 upon-euthanasia,RR3-39,Reactome,Signaling by Interleukins,3,25,0.0258655961283057,JUN;MYC;SOCS2,0.14744393694721936
RR1 upon-euthanasia,RR3-39,Reactome,Signaling by NOTCH,2,25,0.028970012906849453,JUN;MYC,0.14744393694721936
RR1 upon-euthanasia,RR3-39,Reactome,Signaling by NOTCH1,1,25,0.11078287309867979,MYC,0.19847094529079443
RR1 upon-euthanasia,RR3-39,Reactome,Signaling by NOTCH1 HD+PEST Domain Mutants in Cancer,1,25,0.08689665002838758,MYC,0.1896553869667189
RR1 upon-euthanasia,RR3-39,Reactome,Signaling by NOTCH1 PEST Domain Mutants in Cancer,1,25,0.08689665002838758,MYC,0.1896553869667189
RR1 upon-euthanasia,RR3-39,Reactome,Signaling by NOTCH1 in Cancer,1,25,0.08689665002838758,MYC,0.1896553869667189
RR1 upon-euthanasia,RR3-39,Reactome,Signaling by NTRK3 (TRKC),1,25,0.026065635636663954,PTPRS,0.14744393694721936
RR1 upon-euthanasia,RR3-39,Reactome,Signaling by NTRKs,1,25,0.19512518409071108,PTPRS,0.24173374629878666
RR1 upon-euthanasia,RR3-39,Reactome,Signaling by Nuclear Receptors,2,25,0.05299306739507272,JUN;MYC,0.1551857879721776
RR1 upon-euthanasia,RR3-39,Reactome,Signaling by TGF-beta Receptor Complex,1,25,0.13979792480686934,MYC,0.21123312814224762
RR1 upon-euthanasia,RR3-39,Reactome,Signaling by TGFB Family Members,1,25,0.22149138563964613,MYC,0.25974469531301786
RR1 upon-euthanasia,RR3-39,Reactome,Signaling by WNT,1,25,0.3468621974590647,MYC,0.371156047864758
RR1 upon-euthanasia,RR3-39,Reactome,Striated Muscle Contraction,1,25,0.05617182293422781,ACTN3,0.1568248863645954
RR1 upon-euthanasia,RR3-39,Reactome,Synaptic Adhesion-Like Molecules,1,25,0.03247940619282559,PTPRS,0.14744393694721936
RR1 upon-euthanasia,RR3-39,Reactome,Synthesis of PC,1,25,0.042024091555191635,LPIN1,0.1480452603694821
RR1 upon-euthanasia,RR3-39,Reactome,Synthesis of PE,1,25,0.017991010052830773,LPIN1,0.14744393694721936
RR1 upon-euthanasia,RR3-39,Reactome,TCF Dependent Signaling in Response to WNT,1,25,0.2330837895275708,MYC,0.27217852280289584
RR1 upon-euthanasia,RR3-39,Reactome,TP53 Regulates Transcription of DNA Repair Genes,1,25,0.08991577027051632,JUN,0.18978024289853287
RR1 upon-euthanasia,RR3-39,Reactome,TRAF6 Mediated Induction of NFkB and MAP Kinases Upon TLR7 8 or 9 Activation,1,25,0.14407100982532722,JUN,0.2133865618485887
RR1 upon-euthanasia,RR3-39,Reactome,TRIF (TICAM1)-mediated TLR4 Signaling,1,25,0.15536651230743337,JUN,0.2213771548421978
RR1 upon-euthanasia,RR3-39,Reactome,Toll Like Receptor 10 (TLR10) Cascade,1,25,0.1369378320991223,JUN,0.20979333608500633
RR1 upon-euthanasia,RR3-39,Reactome,Toll Like Receptor 2 (TLR2) Cascade,1,25,0.1609604628227736,JUN,0.22355619836496335
RR1 upon-euthanasia,RR3-39,Reactome,Toll Like Receptor 3 (TLR3) Cascade,1,25,0.1511475715828401,JUN,0.21819203246866678
RR1 upon-euthanasia,RR3-39,Reactome,Toll Like Receptor 4 (TLR4) Cascade,1,25,0.20046607355551765,JUN,0.2455597782974047
RR1 upon-euthanasia,RR3-39,Reactome,Toll Like Receptor 5 (TLR5) Cascade,1,25,0.1369378320991223,JUN,0.20979333608500633
RR1 upon-euthanasia,RR3-39,Reactome,Toll Like Receptor 7 8 (TLR7 8) Cascade,1,25,0.1511475715828401,JUN,0.21819203246866678
RR1 upon-euthanasia,RR3-39,Reactome,Toll Like Receptor 9 (TLR9) Cascade,1,25,0.15536651230743337,JUN,0.2213771548421978
RR1 upon-euthanasia,RR3-39,Reactome,Toll Like Receptor TLR1 TLR2 Cascade,1,25,0.1609604628227736,JUN,0.22355619836496335
RR1 upon-euthanasia,RR3-39,Reactome,Toll Like Receptor TLR6 TLR2 Cascade,1,25,0.1595653189298949,JUN,0.2233102427772066
RR1 upon-euthanasia,RR3-39,Reactome,Toll-like Receptor Cascades,1,25,0.22923819154033515,JUN,0.26825745818549857
RR1 upon-euthanasia,RR3-39,Reactome,Transcription of E2F Targets Under Negative Control by DREAM Complex,1,25,0.029277606160628022,MYC,0.14744393694721936
RR1 upon-euthanasia,RR3-39,Reactome,Transcriptional Activity of SMAD2 SMAD3 SMAD4 Heterotrimer,1,25,0.07930672507373514,MYC,0.1848249948752302
RR1 upon-euthanasia,RR3-39,Reactome,Transcriptional Regulation by MECP2,1,25,0.08840741003826781,PVALB,0.18978024289853287
RR1 upon-euthanasia,RR3-39,Reactome,Transcriptional Regulation by RUNX3,1,25,0.12974760446637945,MYC,0.2062461920708344
RR1 upon-euthanasia,RR3-39,Reactome,Transcriptional Regulation by TP53,1,25,0.4164700642260674,JUN,0.4257593593389165
RR1 upon-euthanasia,RR3-39,Reactome,Transcriptional Regulation by the AP-2 (TFAP2) Family of Transcription Factors,1,25,0.053045323888671614,MYC,0.1551857879721776
RR1 upon-euthanasia,RR3-39,Reactome,Transcriptional Regulation of Granulopoiesis,1,25,0.053045323888671614,MYC,0.1551857879721776
RR1 upon-euthanasia,RR3-39,Reactome,Triglyceride Biosynthesis,1,25,0.01636839110050565,LPIN1,0.14744393694721936
RR1 upon-euthanasia,RR3-39,Reactome,Triglyceride Metabolism,1,25,0.05147834831925257,LPIN1,0.1547163474075897
RR1 upon-euthanasia,RR3-39,Reactome,Ub-specific Processing Proteases,1,25,0.21366986230004914,MYC,0.25828225113192754
RR1 upon-euthanasia,RR3-39,Reactome,WNT5 FZD7-mediated Leishmania Damping,1,25,0.017991010052830773,JUN,0.14744393694721936
RR1 upon-euthanasia,RR3-39,Reactome,mRNA Splicing,1,25,0.272973969098647,FUS,0.30765508812347514
RR1 upon-euthanasia,RR3-39,Reactome,mRNA Splicing - Major Pathway,1,25,0.264421967419428,FUS,0.3023536009993459
RR1 upon-euthanasia,RR3-40,GO:BP,3'-Phosphoadenosine 5'-Phosphosulfate Metabolic Process (GO:0050427),1,34,0.022201719405513083,TPST2,0.1676555669194543
RR1 upon-euthanasia,RR3-40,GO:BP,Acetyl-CoA Metabolic Process (GO:0006084),1,34,0.03529231403319618,MVD,0.1676555669194543
RR1 upon-euthanasia,RR3-40,GO:BP,Acyl-CoA Biosynthetic Process (GO:0071616),1,34,0.03312242376309355,FASN,0.1676555669194543
RR1 upon-euthanasia,RR3-40,GO:BP,Acylglycerol Biosynthetic Process (GO:0046463),1,34,0.043924706808188024,GPAM,0.16887822058551794
RR1 upon-euthanasia,RR3-40,GO:BP,Amino Acid Metabolic Process (GO:0006520),1,34,0.05248210738820894,DIO1,0.16943706919845605
RR1 upon-euthanasia,RR3-40,GO:BP,Astrocyte Activation (GO:0048143),1,34,0.02439539420196393,C1QA,0.1676555669194543
RR1 upon-euthanasia,RR3-40,GO:BP,Astrocyte Development (GO:0014002),1,34,0.02876842276216984,C1QA,0.1676555669194543
RR1 upon-euthanasia,RR3-40,GO:BP,Cell Junction Organization (GO:0034330),1,34,0.14762643769642858,C1QA,0.22452276396582133
RR1 upon-euthanasia,RR3-40,GO:BP,Cell Surface Receptor Protein Serine/Threonine Kinase Signaling Pathway (GO:0007178),1,34,0.08185152255647589,JUN,0.17903212884260983
RR1 upon-euthanasia,RR3-40,GO:BP,Cell Surface Receptor Protein Tyrosine Kinase Signaling Pathway (GO:0007169),2,34,0.12679063585369035,PDK4;SOCS2,0.20873245636551685
RR1 upon-euthanasia,RR3-40,GO:BP,Cell Surface Receptor Signaling Pathway via JAK-STAT (GO:0007259),1,34,0.12622664410768442,SOCS2,0.20835811387375108
RR1 upon-euthanasia,RR3-40,GO:BP,Cell Surface Receptor Signaling Pathway via STAT (GO:0097696),1,34,0.1379630815555738,SOCS2,0.21620037337443082
RR1 upon-euthanasia,RR3-40,GO:BP,Cellular Component Assembly (GO:0022607),1,34,0.5524492168367706,BBLN,0.5606001069212475
RR1 upon-euthanasia,RR3-40,GO:BP,Cellular Response to Cytokine Stimulus (GO:0071345),1,34,0.44617473948562564,SOCS2,0.46731330582335406
RR1 upon-euthanasia,RR3-40,GO:BP,Cellular Response to Fatty Acid (GO:0071398),1,34,0.030947796681526116,PDK4,0.1676555669194543
RR1 upon-euthanasia,RR3-40,GO:BP,Cellular Response to Hormone Stimulus (GO:0032870),1,34,0.15146226899066506,SOCS2,0.22591601085595586
RR1 upon-euthanasia,RR3-40,GO:BP,Cellular Response to Insulin Stimulus (GO:0032869),1,34,0.20702819563399755,PDK4,0.2658723093307977
RR1 upon-euthanasia,RR3-40,GO:BP,Cellular Response to Lipid (GO:0071396),1,34,0.3504107200838695,PDK4,0.3852650723479844
RR1 upon-euthanasia,RR3-40,GO:BP,Cellular Response to Oxygen-Containing Compound (GO:1901701),1,34,0.526005682451349,PDK4,0.5364044768325948
RR1 upon-euthanasia,RR3-40,GO:BP,Cellular Response to Starvation (GO:0009267),1,34,0.27070988962492365,PDK4,0.3143891588702209
RR1 upon-euthanasia,RR3-40,GO:BP,Cellular Response to Transforming Growth Factor Beta Stimulus (GO:0071560),1,34,0.19074028270927504,JUN,0.25282277301293626
RR1 upon-euthanasia,RR3-40,GO:BP,Central Nervous System Development (GO:0007417),1,34,0.4611524898874666,C1QA,0.48137165470546683
RR1 upon-euthanasia,RR3-40,GO:BP,Cholesterol Biosynthetic Process (GO:0006695),1,34,0.05885132451965759,MVD,0.16943706919845605
RR1 upon-euthanasia,RR3-40,GO:BP,Cholesterol Metabolic Process (GO:0008203),1,34,0.1379630815555738,MVD,0.21620037337443082
RR1 upon-euthanasia,RR3-40,GO:BP,Cilium Assembly (GO:0060271),1,34,0.40558763587244134,RAB34,0.4298951140497281
RR1 upon-euthanasia,RR3-40,GO:BP,Cilium Organization (GO:0044782),1,34,0.3918897704370365,RAB34,0.4175211151472041
RR1 upon-euthanasia,RR3-40,GO:BP,Circulatory System Development (GO:0072359),1,34,0.25062063203830753,ID2,0.29833494467636995
RR1 upon-euthanasia,RR3-40,GO:BP,Cytokine-mediated Signaling Pathway (GO:0019221),1,34,0.39465362714576485,SOCS2,0.4197432907271966
RR1 upon-euthanasia,RR3-40,GO:BP,DNA-templated Transcription (GO:0006351),1,34,0.35921185119050664,POLR2F,0.3894082940226333
RR1 upon-euthanasia,RR3-40,GO:BP,DNA-templated Transcription Elongation (GO:0006354),1,34,0.11433517940396175,POLR2F,0.20278932965917573
RR1 upon-euthanasia,RR3-40,GO:BP,DNA-templated Transcription Initiation (GO:0006352),1,34,0.17784786305870376,POLR2F,0.2446396160740836
RR1 upon-euthanasia,RR3-40,GO:BP,DNA-templated Transcription Termination (GO:0006353),1,34,0.06517897877168309,POLR2F,0.1713815013218223
RR1 upon-euthanasia,RR3-40,GO:BP,Diacylglycerol Metabolic Process (GO:0046339),1,34,0.04821274150713547,GPAM,0.16943706919845605
RR1 upon-euthanasia,RR3-40,GO:BP,Dicarboxylic Acid Transport (GO:0006835),1,34,0.05885132451965759,SLC22A7,0.16943706919845605
RR1 upon-euthanasia,RR3-40,GO:BP,Digestive Tract Morphogenesis (GO:0048546),1,34,0.03529231403319618,ID2,0.1676555669194543
RR1 upon-euthanasia,RR3-40,GO:BP,Embryonic Digestive Tract Development (GO:0048566),1,34,0.04177366393044041,ID2,0.16887822058551794
RR1 upon-euthanasia,RR3-40,GO:BP,Embryonic Organ Morphogenesis (GO:0048562),1,34,0.09416616428842849,ID2,0.1886370734451043
RR1 upon-euthanasia,RR3-40,GO:BP,Endosome Transport via Multivesicular Body Sorting Pathway (GO:0032509),1,34,0.05034975311571746,LEPROT,0.16943706919845605
RR1 upon-euthanasia,RR3-40,GO:BP,Entrainment of Circadian Clock by Photoperiod (GO:0043153),1,34,0.04821274150713547,ID2,0.16943706919845605
RR1 upon-euthanasia,RR3-40,GO:BP,Erythrocyte Differentiation (GO:0030218),1,34,0.10632043081871631,ID2,0.1964547661993594
RR1 upon-euthanasia,RR3-40,GO:BP,Establishment of Protein Localization to Organelle (GO:0072594),1,34,0.1571846198176253,PPP1R10,0.2273300926801637
RR1 upon-euthanasia,RR3-40,GO:BP,Establishment of Protein Localization to Plasma Membrane (GO:0061951),1,34,0.08597434869818145,RAB34,0.18040041303109938
RR1 upon-euthanasia,RR3-40,GO:BP,Fatty Acid Biosynthetic Process (GO:0006633),1,34,0.1203004136467247,FASN,0.20675856704419718
RR1 upon-euthanasia,RR3-40,GO:BP,Fatty Acid Derivative Biosynthetic Process (GO:1901570),1,34,0.04177366393044041,FASN,0.16887822058551794
RR1 upon-euthanasia,RR3-40,GO:BP,Fatty Acid Metabolic Process (GO:0006631),2,34,0.025576504582996772,FASN;HAO2,0.1676555669194543
RR1 upon-euthanasia,RR3-40,GO:BP,Fatty Acid Oxidation (GO:0019395),1,34,0.10228670252780421,HAO2,0.1960231234201573
RR1 upon-euthanasia,RR3-40,GO:BP,Fatty Acid Transport (GO:0015908),1,34,0.07978334657707489,SLC22A7,0.17903212884260983
RR1 upon-euthanasia,RR3-40,GO:BP,Fatty-acyl-CoA Biosynthetic Process (GO:0046949),1,34,0.05248210738820894,FASN,0.16943706919845605
RR1 upon-euthanasia,RR3-40,GO:BP,Fatty-acyl-CoA Metabolic Process (GO:0035337),1,34,0.043924706808188024,FASN,0.16887822058551794
RR1 upon-euthanasia,RR3-40,GO:BP,Generation of Neurons (GO:0048699),2,34,0.0724668604952914,ID2;IER2,0.17715359024793237
RR1 upon-euthanasia,RR3-40,GO:BP,Glucose Homeostasis (GO:0042593),2,34,0.01691525096128116,FOXA3;PDK4,0.1676555669194543
RR1 upon-euthanasia,RR3-40,GO:BP,Glycerolipid Metabolic Process (GO:0046486),1,34,0.02439539420196393,GPAM,0.1676555669194543
RR1 upon-euthanasia,RR3-40,GO:BP,Glycerophospholipid Biosynthetic Process (GO:0046474),1,34,0.24722061658110825,GPAM,0.29682398686908423
RR1 upon-euthanasia,RR3-40,GO:BP,Glycerophospholipid Metabolic Process (GO:0006650),1,34,0.12228014530783227,GPAM,0.20675856704419718
RR1 upon-euthanasia,RR3-40,GO:BP,Golgi to Plasma Membrane Protein Transport (GO:0043001),1,34,0.06307436251411702,RAB34,0.1713815013218223
RR1 upon-euthanasia,RR3-40,GO:BP,Golgi to Plasma Membrane Transport (GO:0006893),1,34,0.11632793990295362,RAB34,0.20398582096296966
RR1 upon-euthanasia,RR3-40,GO:BP,Growth Hormone Receptor Signaling Pathway (GO:0060396),1,34,0.03529231403319618,SOCS2,0.1676555669194543
RR1 upon-euthanasia,RR3-40,GO:BP,Heart Development (GO:0007507),1,34,0.31401815667824684,ID2,0.35022925943033295
RR1 upon-euthanasia,RR3-40,GO:BP,Hormone Catabolic Process (GO:0042447),1,34,0.026584291958142714,DIO1,0.1676555669194543
RR1 upon-euthanasia,RR3-40,GO:BP,Host-mediated Activation of Viral Process (GO:0044794),1,34,0.06937445442150952,JUN,0.1717711491476576
RR1 upon-euthanasia,RR3-40,GO:BP,Host-mediated Activation of Viral Transcription (GO:0043923),1,34,0.03529231403319618,JUN,0.1676555669194543
RR1 upon-euthanasia,RR3-40,GO:BP,Host-mediated Perturbation of Viral Process (GO:0044788),1,34,0.07355165217078936,FASN,0.17715359024793237
RR1 upon-euthanasia,RR3-40,GO:BP,Host-mediated Perturbation of Viral Transcription (GO:0043921),1,34,0.05460981416773477,JUN,0.16943706919845605
RR1 upon-euthanasia,RR3-40,GO:BP,Host-mediated Suppression of Viral Proces (GO:0044793),1,34,0.02876842276216984,JUN,0.1676555669194543
RR1 upon-euthanasia,RR3-40,GO:BP,Host-mediated Suppression of Viral Transcription (GO:0043922),1,34,0.022201719405513083,JUN,0.1676555669194543
RR1 upon-euthanasia,RR3-40,GO:BP,Icosanoid Transport (GO:0071715),1,34,0.026584291958142714,SLC22A7,0.1676555669194543
RR1 upon-euthanasia,RR3-40,GO:BP,Inorganic Anion Transport (GO:0015698),1,34,0.10833069250261732,SLC25A30,0.19722558429152975
RR1 upon-euthanasia,RR3-40,GO:BP,Insulin Receptor Signaling Pathway (GO:0008286),1,34,0.10833069250261732,PDK4,0.19722558429152975
RR1 upon-euthanasia,RR3-40,GO:BP,Integrated Stress Response Signaling (GO:0140467),1,34,0.07771064924574791,JUN,0.17903212884260983
RR1 upon-euthanasia,RR3-40,GO:BP,Intermediate Filament Organization (GO:0045109),1,34,0.11632793990295362,BBLN,0.20398582096296966
RR1 upon-euthanasia,RR3-40,GO:BP,Intracellular Glucose Homeostasis (GO:0001678),1,34,0.10430577060441026,FOXA3,0.1964547661993594
RR1 upon-euthanasia,RR3-40,GO:BP,Intracellular Protein Transport (GO:0006886),1,34,0.4623827353443443,PPP1R10,0.4818432881787022
RR1 upon-euthanasia,RR3-40,GO:BP,Intracellular Signaling Cassette (GO:0141124),1,34,0.5420482756138136,JUN,0.551855070073932
RR1 upon-euthanasia,RR3-40,GO:BP,JNK Cascade (GO:0007254),1,34,0.06937445442150952,JUN,0.1717711491476576
RR1 upon-euthanasia,RR3-40,GO:BP,Late Endosome to Vacuole Transport via Multivesicular Body Sorting Pathway (GO:0032511),1,34,0.05460981416773477,LEPROT,0.16943706919845605
RR1 upon-euthanasia,RR3-40,GO:BP,Lipid Biosynthetic Process (GO:0008610),2,34,0.030914600463471165,FASN;MVD,0.1676555669194543
RR1 upon-euthanasia,RR3-40,GO:BP,Lipid Metabolic Process (GO:0006629),1,34,0.3918897704370365,FASN,0.4175211151472041
RR1 upon-euthanasia,RR3-40,GO:BP,Lipid Oxidation (GO:0034440),1,34,0.026584291958142714,HAO2,0.1676555669194543
RR1 upon-euthanasia,RR3-40,GO:BP,Lymphocyte Differentiation (GO:0030098),1,34,0.15146226899066506,LY6D,0.22591601085595586
RR1 upon-euthanasia,RR3-40,GO:BP,Lysosome Localization (GO:0032418),1,34,0.0880290179308599,RAB34,0.18102977441595441
RR1 upon-euthanasia,RR3-40,GO:BP,MAPK Cascade (GO:0000165),1,34,0.23347020903811921,JUN,0.2844843688869996
RR1 upon-euthanasia,RR3-40,GO:BP,Macrophage Activation (GO:0042116),1,34,0.0672790061731871,C1QA,0.1713815013218223
RR1 upon-euthanasia,RR3-40,GO:BP,Maintenance of Protein Location in Nucleus (GO:0051457),1,34,0.039617924141757514,SUN2,0.16887822058551794
RR1 upon-euthanasia,RR3-40,GO:BP,Mammary Gland Epithelium Development (GO:0061180),1,34,0.03312242376309355,ID2,0.1676555669194543
RR1 upon-euthanasia,RR3-40,GO:BP,Microglial Cell Activation (GO:0001774),1,34,0.043924706808188024,C1QA,0.16887822058551794
RR1 upon-euthanasia,RR3-40,GO:BP,Microtubule Cytoskeleton Organization Involved in Mitosis (GO:1902850),1,34,0.12425555240782124,SUN2,0.20675856704419718
RR1 upon-euthanasia,RR3-40,GO:BP,Mitochondrial Respiratory Chain Complex Assembly (GO:0033108),1,34,0.1647561867728311,UQCC2,0.2328403644118321
RR1 upon-euthanasia,RR3-40,GO:BP,Mitotic Spindle Organization (GO:0007052),1,34,0.17970176759882875,SUN2,0.2464483537291177
RR1 upon-euthanasia,RR3-40,GO:BP,Modified Amino Acid Catabolic Process (GO:0042219),1,34,0.037457477497640786,DIO1,0.1676555669194543
RR1 upon-euthanasia,RR3-40,GO:BP,Monocarboxylic Acid Biosynthetic Process (GO:0072330),1,34,0.12819342954961352,FASN,0.2093713268897382
RR1 upon-euthanasia,RR3-40,GO:BP,Monocarboxylic Acid Metabolic Process (GO:0032787),1,34,0.2088181997070583,FASN,0.26761587084610583
RR1 upon-euthanasia,RR3-40,GO:BP,Mononuclear Cell Differentiation (GO:1903131),1,34,0.10430577060441026,LY6D,0.1964547661993594
RR1 upon-euthanasia,RR3-40,GO:BP,Negative Regulation of Apoptotic Process (GO:0043066),1,34,0.6379798524103303,SOCS2,0.6379798524103303
RR1 upon-euthanasia,RR3-40,GO:BP,Negative Regulation of B Cell Activation (GO:0050869),1,34,0.03529231403319618,ID2,0.1676555669194543
RR1 upon-euthanasia,RR3-40,GO:BP,Negative Regulation of Binding (GO:0051100),1,34,0.05885132451965759,JUN,0.16943706919845605
RR1 upon-euthanasia,RR3-40,GO:BP,Negative Regulation of Cell Communication (GO:0010648),1,34,0.04821274150713547,SOCS2,0.16943706919845605
RR1 upon-euthanasia,RR3-40,GO:BP,Negative Regulation of Cell Cycle Process (GO:0010948),1,34,0.06937445442150952,PPP1R10,0.1717711491476576
RR1 upon-euthanasia,RR3-40,GO:BP,Negative Regulation of Cell Differentiation (GO:0045596),1,34,0.37930010612047776,ID2,0.4083248098931752
RR1 upon-euthanasia,RR3-40,GO:BP,Negative Regulation of Cell Growth (GO:0030308),1,34,0.22299773603402223,OSGIN1,0.2766244461023242
RR1 upon-euthanasia,RR3-40,GO:BP,Negative Regulation of Cell Population Proliferation (GO:0008285),1,34,0.5462365023729411,RARRES1,0.5552059030687201
RR1 upon-euthanasia,RR3-40,GO:BP,Negative Regulation of Cellular Process (GO:0048523),2,34,0.3018833726752724,OSGIN1;RARRES1,0.33852501392390144
RR1 upon-euthanasia,RR3-40,GO:BP,"Negative Regulation of DNA-templated Transcription, Elongation (GO:0032785)",1,34,0.04607106269914353,PPP1R10,0.16943706919845605
RR1 upon-euthanasia,RR3-40,GO:BP,Negative Regulation of Endothelial Cell Proliferation (GO:0001937),1,34,0.07355165217078936,ATOH8,0.17715359024793237
RR1 upon-euthanasia,RR3-40,GO:BP,Negative Regulation of Epithelial Cell Proliferation (GO:0050680),1,34,0.14184111643404082,ATOH8,0.2206021383735459
RR1 upon-euthanasia,RR3-40,GO:BP,Negative Regulation of G Protein-Coupled Receptor Signaling Pathway (GO:0045744),1,34,0.10833069250261732,RGS16,0.19722558429152975
RR1 upon-euthanasia,RR3-40,GO:BP,Negative Regulation of Gene Expression (GO:0010629),2,34,0.1734195791349218,ATOH8;ID2,0.2417718907308932
RR1 upon-euthanasia,RR3-40,GO:BP,Negative Regulation of Growth (GO:0045926),1,34,0.1925659631809016,OSGIN1,0.2541542243261793
RR1 upon-euthanasia,RR3-40,GO:BP,Negative Regulation of Macromolecule Biosynthetic Process (GO:0010558),2,34,0.06016235139321756,ATOH8;ID2,0.1713815013218223
RR1 upon-euthanasia,RR3-40,GO:BP,Negative Regulation of Programmed Cell Death (GO:0043069),1,34,0.5666261945900999,SOCS2,0.5740451955012633
RR1 upon-euthanasia,RR3-40,GO:BP,Negative Regulation of Protein Localization (GO:1903828),1,34,0.1203004136467247,LEPROT,0.20675856704419718
RR1 upon-euthanasia,RR3-40,GO:BP,Negative Regulation of Protein Modification by Small Protein Conjugation or Removal (GO:1903321),1,34,0.0962029575173282,BEX3,0.19025441119241585
RR1 upon-euthanasia,RR3-40,GO:BP,Negative Regulation of Protein Ubiquitination (GO:0031397),1,34,0.0962029575173282,BEX3,0.19025441119241585
RR1 upon-euthanasia,RR3-40,GO:BP,Negative Regulation of RNA Biosynthetic Process (GO:1902679),3,34,0.07488324906859212,ATOH8;ID2;JUN,0.1780799103508668
RR1 upon-euthanasia,RR3-40,GO:BP,Negative Regulation of Receptor Signaling Pathway via JAK-STAT (GO:0046426),2,34,0.001095807731313955,LEPROT;SOCS2,0.056525415473611514
RR1 upon-euthanasia,RR3-40,GO:BP,Negative Regulation of Receptor Signaling Pathway via STAT (GO:1904893),2,34,0.0009038492532361847,LEPROT;SOCS2,0.056525415473611514
RR1 upon-euthanasia,RR3-40,GO:BP,Negative Regulation of Response to Stimulus (GO:0048585),1,34,0.11831634824466769,SOCS2,0.2063037170801389
RR1 upon-euthanasia,RR3-40,GO:BP,Negative Regulation of Signal Transduction (GO:0009968),3,34,0.026522136849466013,LEPROT;RGS16;SOCS2,0.1676555669194543
RR1 upon-euthanasia,RR3-40,GO:BP,Negative Regulation of Signaling (GO:0023057),1,34,0.05885132451965759,SOCS2,0.16943706919845605
RR1 upon-euthanasia,RR3-40,GO:BP,Negative Regulation of Transcription Elongation by RNA Polymerase II (GO:0034244),1,34,0.03312242376309355,PPP1R10,0.1676555669194543
RR1 upon-euthanasia,RR3-40,GO:BP,Neuron Differentiation (GO:0030182),2,34,0.06683269017825907,ID2;IER2,0.1713815013218223
RR1 upon-euthanasia,RR3-40,GO:BP,Neuron Fate Commitment (GO:0048663),1,34,0.037457477497640786,ID2,0.1676555669194543
RR1 upon-euthanasia,RR3-40,GO:BP,Neuron Maturation (GO:0042551),1,34,0.04177366393044041,C1QA,0.16887822058551794
RR1 upon-euthanasia,RR3-40,GO:BP,Nuclear Migration (GO:0007097),1,34,0.03529231403319618,SUN2,0.1676555669194543
RR1 upon-euthanasia,RR3-40,GO:BP,Nucleolar Large rRNA Transcription by RNA Polymerase I (GO:0042790),1,34,0.02876842276216984,POLR2F,0.1676555669194543
RR1 upon-euthanasia,RR3-40,GO:BP,Organelle Assembly (GO:0070925),1,34,0.5227323411968379,RAB34,0.5339460712885192
RR1 upon-euthanasia,RR3-40,GO:BP,Organelle Organization (GO:0006996),1,34,0.5918072766666078,RAB34,0.5956564296855776
RR1 upon-euthanasia,RR3-40,GO:BP,Organic Anion Transport (GO:0015711),1,34,0.18891059589002474,SLC22A7,0.25282277301293626
RR1 upon-euthanasia,RR3-40,GO:BP,Oxoacid Metabolic Process (GO:0043436),1,34,0.030947796681526116,TPST2,0.1676555669194543
RR1 upon-euthanasia,RR3-40,GO:BP,Peptidyl-tyrosine Modification (GO:0018212),1,34,0.08185152255647589,TPST2,0.17903212884260983
RR1 upon-euthanasia,RR3-40,GO:BP,Phagolysosome Assembly (GO:0001845),1,34,0.02876842276216984,RAB34,0.1676555669194543
RR1 upon-euthanasia,RR3-40,GO:BP,Phagosome Maturation (GO:0090382),1,34,0.030947796681526116,RAB34,0.1676555669194543
RR1 upon-euthanasia,RR3-40,GO:BP,Phagosome-lysosome Fusion (GO:0090385),1,34,0.022201719405513083,RAB34,0.1676555669194543
RR1 upon-euthanasia,RR3-40,GO:BP,Phosphatidic Acid Biosynthetic Process (GO:0006654),1,34,0.0672790061731871,GPAM,0.1713815013218223
RR1 upon-euthanasia,RR3-40,GO:BP,Phosphatidic Acid Metabolic Process (GO:0046473),1,34,0.07563342097828343,GPAM,0.1780799103508668
RR1 upon-euthanasia,RR3-40,GO:BP,Phosphatidylglycerol Metabolic Process (GO:0046471),1,34,0.05034975311571746,GPAM,0.16943706919845605
RR1 upon-euthanasia,RR3-40,GO:BP,Phospholipid Metabolic Process (GO:0006644),1,34,0.13406803946847873,GPAM,0.21443957734105512
RR1 upon-euthanasia,RR3-40,GO:BP,Photoperiodism (GO:0009648),1,34,0.05248210738820894,ID2,0.16943706919845605
RR1 upon-euthanasia,RR3-40,GO:BP,Plasma Membrane Bounded Cell Projection Assembly (GO:0120031),1,34,0.4333853079685096,RAB34,0.45779096524318674
RR1 upon-euthanasia,RR3-40,GO:BP,Pos Reg Transmembrane Rec Protein Serine/Threonine Kinase Signaling Pathway (GO:0090100),1,34,0.16663873829087722,ATOH8,0.23443040682284771
RR1 upon-euthanasia,RR3-40,GO:BP,Positive Regulation of Apoptotic Process (GO:0043065),2,34,0.1208372463521978,GADD45B;GADD45G,0.20675856704419718
RR1 upon-euthanasia,RR3-40,GO:BP,Positive Regulation of Blood Pressure (GO:0045777),1,34,0.022201719405513083,ID2,0.1676555669194543
RR1 upon-euthanasia,RR3-40,GO:BP,Positive Regulation of Cell Differentiation (GO:0045597),1,34,0.47932255418416553,ID2,0.4961549515719038
RR1 upon-euthanasia,RR3-40,GO:BP,Positive Regulation of Cell Migration (GO:0030335),2,34,0.14660679005816177,ATOH8;SUN2,0.22452276396582133
RR1 upon-euthanasia,RR3-40,GO:BP,Positive Regulation of Cell Motility (GO:2000147),1,34,0.3821194867877899,SUN2,0.41064576791951724
RR1 upon-euthanasia,RR3-40,GO:BP,Positive Regulation of Cell Population Proliferation (GO:0008284),2,34,0.2482693179492773,ID2;MVD,0.2972508855137382
RR1 upon-euthanasia,RR3-40,GO:BP,Positive Regulation of Chromosome Organization (GO:2001252),1,34,0.0921249162493117,PPP1R10,0.18635726522328086
RR1 upon-euthanasia,RR3-40,GO:BP,Positive Regulation of Cold-Induced Thermogenesis (GO:0120162),1,34,0.1962053390924823,GADD45G,0.25731166292001384
RR1 upon-euthanasia,RR3-40,GO:BP,Positive Regulation of DNA Metabolic Process (GO:0051054),1,34,0.18155161437880074,PPP1R10,0.2464483537291177
RR1 upon-euthanasia,RR3-40,GO:BP,Positive Regulation of DNA-templated Transcription Initiation (GO:2000144),1,34,0.12425555240782124,JUN,0.20675856704419718
RR1 upon-euthanasia,RR3-40,GO:BP,"Positive Regulation of DNA-templated Transcription, Elongation (GO:0032786)",1,34,0.1203004136467247,PPP1R10,0.20675856704419718
RR1 upon-euthanasia,RR3-40,GO:BP,Positive Regulation of Endothelial Cell Migration (GO:0010595),1,34,0.16851717125946045,ATOH8,0.23600029187693666
RR1 upon-euthanasia,RR3-40,GO:BP,Positive Regulation of Epithelial Cell Differentiation (GO:0030858),1,34,0.05673288327726559,ATOH8,0.16943706919845605
RR1 upon-euthanasia,RR3-40,GO:BP,Positive Regulation of Fat Cell Differentiation (GO:0045600),1,34,0.10632043081871631,ID2,0.1964547661993594
RR1 upon-euthanasia,RR3-40,GO:BP,Positive Regulation of GTPase Activity (GO:0043547),1,34,0.1552813438528138,RGS16,0.2266961128417258
RR1 upon-euthanasia,RR3-40,GO:BP,Positive Regulation of Gene Expression (GO:0010628),1,34,0.5696069075269778,ID2,0.5761220192143779
RR1 upon-euthanasia,RR3-40,GO:BP,Positive Regulation of Glial Cell Differentiation (GO:0045687),1,34,0.037457477497640786,ID2,0.1676555669194543
RR1 upon-euthanasia,RR3-40,GO:BP,Positive Regulation of Hydrolase Activity (GO:0051345),1,34,0.13406803946847873,RGS16,0.21443957734105512
RR1 upon-euthanasia,RR3-40,GO:BP,Positive Regulation of Immune Response (GO:0050778),1,34,0.15146226899066506,C8B,0.22591601085595586
RR1 upon-euthanasia,RR3-40,GO:BP,Positive Regulation of Immune System Process (GO:0002684),1,34,0.05885132451965759,C8B,0.16943706919845605
RR1 upon-euthanasia,RR3-40,GO:BP,Positive Regulation of Insulin Secretion (GO:0032024),1,34,0.09416616428842849,RAPGEF4,0.1886370734451043
RR1 upon-euthanasia,RR3-40,GO:BP,Positive Regulation of JNK Cascade (GO:0046330),2,34,0.013495130639412089,GADD45B;GADD45G,0.1676555669194543
RR1 upon-euthanasia,RR3-40,GO:BP,Positive Regulation of MAPK Cascade (GO:0043410),2,34,0.1806554297585523,GADD45B;GADD45G,0.2464483537291177
RR1 upon-euthanasia,RR3-40,GO:BP,Positive Regulation of Macromolecule Biosynthetic Process (GO:0010557),1,34,0.4980483029302777,ID2,0.5112635149483281
RR1 upon-euthanasia,RR3-40,GO:BP,Positive Regulation of Macrophage Differentiation (GO:0045651),1,34,0.022201719405513083,ID2,0.1676555669194543
RR1 upon-euthanasia,RR3-40,GO:BP,Positive Regulation of Mitochondrial Translation (GO:0070131),1,34,0.02876842276216984,UQCC2,0.1676555669194543
RR1 upon-euthanasia,RR3-40,GO:BP,Positive Regulation of Mitotic Cell Cycle (GO:0045931),1,34,0.05885132451965759,PPP1R10,0.16943706919845605
RR1 upon-euthanasia,RR3-40,GO:BP,Positive Regulation of Multicellular Organismal Process (GO:0051240),1,34,0.581332022325581,GADD45G,0.5860659964487535
RR1 upon-euthanasia,RR3-40,GO:BP,Positive Regulation of Myeloid Leukocyte Differentiation (GO:0002763),1,34,0.08185152255647589,ID2,0.17903212884260983
RR1 upon-euthanasia,RR3-40,GO:BP,Positive Regulation of Notch Signaling Pathway (GO:0045747),1,34,0.0672790061731871,ENHO,0.1713815013218223
RR1 upon-euthanasia,RR3-40,GO:BP,Positive Regulation of Peptide Hormone Secretion (GO:0090277),1,34,0.11233805751112014,RAPGEF4,0.2009747329461947
RR1 upon-euthanasia,RR3-40,GO:BP,Positive Regulation of Programmed Cell Death (GO:0043068),2,34,0.09092119165849569,GADD45B;GADD45G,0.18574329253006214
RR1 upon-euthanasia,RR3-40,GO:BP,Positive Regulation of Protein Localization (GO:1903829),1,34,0.262403709767513,LEPROT,0.3076285915645654
RR1 upon-euthanasia,RR3-40,GO:BP,Positive Regulation of Protein Localization to Mitochondrion (GO:1903749),1,34,0.06517897877168309,LEPROT,0.1713815013218223
RR1 upon-euthanasia,RR3-40,GO:BP,Positive Regulation of Protein Secretion (GO:0050714),1,34,0.14954645234584693,RAPGEF4,0.22522932847221228
RR1 upon-euthanasia,RR3-40,GO:BP,Positive Regulation of Response to Stimulus (GO:0048584),1,34,0.1379630815555738,C8B,0.21620037337443082
RR1 upon-euthanasia,RR3-40,GO:BP,Positive Regulation of SMAD Protein Signal Transduction (GO:0060391),1,34,0.08185152255647589,ATOH8,0.17903212884260983
RR1 upon-euthanasia,RR3-40,GO:BP,Positive Regulation of Signal Transduction (GO:0009967),2,34,0.11422975572038357,ENHO;RAB34,0.20278932965917573
RR1 upon-euthanasia,RR3-40,GO:BP,Positive Regulation of Smooth Muscle Cell Proliferation (GO:0048661),2,34,0.004951359176574416,ID2;JUN,0.13906990258885132
RR1 upon-euthanasia,RR3-40,GO:BP,Positive Regulation of Smoothened Signaling Pathway (GO:0045880),1,34,0.07978334657707489,RAB34,0.17903212884260983
RR1 upon-euthanasia,RR3-40,GO:BP,Positive Regulation of Telomere Maintenance (GO:0032206),1,34,0.08185152255647589,PPP1R10,0.17903212884260983
RR1 upon-euthanasia,RR3-40,GO:BP,Positive Regulation of Transcription Elongation by RNA Polymerase II (GO:0032968),1,34,0.10632043081871631,PPP1R10,0.1964547661993594
RR1 upon-euthanasia,RR3-40,GO:BP,Positive Regulation of Translation (GO:0045727),1,34,0.1962053390924823,UQCC2,0.25731166292001384
RR1 upon-euthanasia,RR3-40,GO:BP,Positive Regulation of Vascular Associated Smooth Muscle Cell Proliferation (GO:1904707),1,34,0.04821274150713547,JUN,0.16943706919845605
RR1 upon-euthanasia,RR3-40,GO:BP,Positive Regulation of miRNA Metabolic Process (GO:2000630),2,34,0.005587420103414511,ATOH8;JUN,0.13906990258885132
RR1 upon-euthanasia,RR3-40,GO:BP,Positive Regulation of miRNA Transcription (GO:1902895),2,34,0.004351250567291746,ATOH8;JUN,0.13467120505767954
RR1 upon-euthanasia,RR3-40,GO:BP,Positive Regulation of p38MAPK Cascade (GO:1900745),2,34,0.001095807731313955,GADD45B;GADD45G,0.056525415473611514
RR1 upon-euthanasia,RR3-40,GO:BP,Proteasomal Protein Catabolic Process (GO:0010498),1,34,0.4852460129849128,SOCS2,0.49977917144369555
RR1 upon-euthanasia,RR3-40,GO:BP,Proteasome-mediated Ubiquitin-Dependent Protein Catabolic Process (GO:0043161),1,34,0.571582984747417,SOCS2,0.577177597974961
RR1 upon-euthanasia,RR3-40,GO:BP,Protein Import Into Nucleus (GO:0006606),1,34,0.1399042203877554,PPP1R10,0.21868866772732476
RR1 upon-euthanasia,RR3-40,GO:BP,Protein Localization to Cell Periphery (GO:1990778),1,34,0.24892249164170027,RAB34,0.29745757205832524
RR1 upon-euthanasia,RR3-40,GO:BP,Protein Localization to Membrane (GO:0072657),1,34,0.33849318245611326,RAB34,0.37482518772868356
RR1 upon-euthanasia,RR3-40,GO:BP,Protein Localization to Nucleus (GO:0034504),1,34,0.22123887604901266,PPP1R10,0.27610254894019925
RR1 upon-euthanasia,RR3-40,GO:BP,Protein Localization to Plasma Membrane (GO:0072659),1,34,0.2854328043228441,RAB34,0.3247847534482362
RR1 upon-euthanasia,RR3-40,GO:BP,Protein Stabilization (GO:0050821),1,34,0.357753076697067,PPP1R10,0.3894082940226333
RR1 upon-euthanasia,RR3-40,GO:BP,Protein Transport (GO:0015031),1,34,0.47812994887846966,RAB34,0.49574947798286884
RR1 upon-euthanasia,RR3-40,GO:BP,Purine Ribonucleotide Metabolic Process (GO:0009150),1,34,0.09823530536418079,TPST2,0.19182225243037196
RR1 upon-euthanasia,RR3-40,GO:BP,RRNA Transcription (GO:0009303),1,34,0.05885132451965759,POLR2F,0.16943706919845605
RR1 upon-euthanasia,RR3-40,GO:BP,Rap Protein Signal Transduction (GO:0032486),1,34,0.02876842276216984,RAPGEF4,0.1676555669194543
RR1 upon-euthanasia,RR3-40,GO:BP,Regulation of Aerobic Respiration (GO:1903715),1,34,0.02876842276216984,UQCC2,0.1676555669194543
RR1 upon-euthanasia,RR3-40,GO:BP,Regulation of Apoptotic Signaling Pathway (GO:2001233),1,34,0.07978334657707489,BEX3,0.17903212884260983
RR1 upon-euthanasia,RR3-40,GO:BP,Regulation of Astrocyte Differentiation (GO:0048710),1,34,0.022201719405513083,ID2,0.1676555669194543
RR1 upon-euthanasia,RR3-40,GO:BP,Regulation of B Cell Differentiation (GO:0045577),1,34,0.039617924141757514,ID2,0.16887822058551794
RR1 upon-euthanasia,RR3-40,GO:BP,Regulation of Carbohydrate Metabolic Process (GO:0006109),1,34,0.03529231403319618,PDK4,0.1676555669194543
RR1 upon-euthanasia,RR3-40,GO:BP,Regulation of Cardiac Muscle Cell Apoptotic Process (GO:0010665),1,34,0.026584291958142714,PPP1R10,0.1676555669194543
RR1 upon-euthanasia,RR3-40,GO:BP,Regulation of Cell Communication (GO:0010646),1,34,0.1203004136467247,SOCS2,0.20675856704419718
RR1 upon-euthanasia,RR3-40,GO:BP,Regulation of Cell Cycle (GO:0051726),3,34,0.029690255838805222,GADD45B;GADD45G;JUN,0.1676555669194543
RR1 upon-euthanasia,RR3-40,GO:BP,Regulation of Cell Cycle G1/S Phase Transition (GO:1902806),1,34,0.16663873829087722,ID2,0.23443040682284771
RR1 upon-euthanasia,RR3-40,GO:BP,Regulation of Cell Differentiation (GO:0045595),2,34,0.0643789506314837,ID2;UQCC2,0.1713815013218223
RR1 upon-euthanasia,RR3-40,GO:BP,Regulation of Cell Growth (GO:0001558),2,34,0.06683269017825907,OSGIN1;SOCS2,0.1713815013218223
RR1 upon-euthanasia,RR3-40,GO:BP,Regulation of Cell Migration (GO:0030334),1,34,0.6190997366912075,SUN2,0.6211065429689748
RR1 upon-euthanasia,RR3-40,GO:BP,Regulation of Cellular Component Organization (GO:0051128),1,34,0.28866516800665076,SOCS2,0.3272595952309832
RR1 upon-euthanasia,RR3-40,GO:BP,Regulation of Cold-Induced Thermogenesis (GO:0120161),1,34,0.27236019669665434,GADD45G,0.31571341152664617
RR1 upon-euthanasia,RR3-40,GO:BP,Regulation of DNA Binding (GO:0051101),1,34,0.04821274150713547,JUN,0.16943706919845605
RR1 upon-euthanasia,RR3-40,GO:BP,Regulation of DNA-templated Transcription Initiation (GO:2000142),1,34,0.02439539420196393,JUN,0.1676555669194543
RR1 upon-euthanasia,RR3-40,GO:BP,Regulation of Endothelial Cell Migration (GO:0010594),1,34,0.17226171648183572,ATOH8,0.2406997799147998
RR1 upon-euthanasia,RR3-40,GO:BP,Regulation of Endothelial Cell Proliferation (GO:0001936),1,34,0.1628695079494373,ATOH8,0.23150470975773446
RR1 upon-euthanasia,RR3-40,GO:BP,Regulation of Fat Cell Differentiation (GO:0045598),1,34,0.14570221612293932,ID2,0.22379571161314998
RR1 upon-euthanasia,RR3-40,GO:BP,Regulation of Fatty Acid Biosynthetic Process (GO:0042304),1,34,0.060965147677692504,PDK4,0.1713815013218223
RR1 upon-euthanasia,RR3-40,GO:BP,Regulation of Fatty Acid Metabolic Process (GO:0019217),1,34,0.026584291958142714,PDK4,0.1676555669194543
RR1 upon-euthanasia,RR3-40,GO:BP,Regulation of Fatty Acid Oxidation (GO:0046320),1,34,0.03312242376309355,PDK4,0.1676555669194543
RR1 upon-euthanasia,RR3-40,GO:BP,Regulation of G Protein-Coupled Receptor Signaling Pathway (GO:0008277),1,34,0.1571846198176253,RGS16,0.2273300926801637
RR1 upon-euthanasia,RR3-40,GO:BP,Regulation of G1/S Transition of Mitotic Cell Cycle (GO:2000045),1,34,0.22999469918500742,ID2,0.28247364840380873
RR1 upon-euthanasia,RR3-40,GO:BP,Regulation of GTPase Activity (GO:0043087),1,34,0.18523916909223992,RGS16,0.24981055701110352
RR1 upon-euthanasia,RR3-40,GO:BP,Regulation of Glucose Metabolic Process (GO:0010906),1,34,0.06307436251411702,PDK4,0.1713815013218223
RR1 upon-euthanasia,RR3-40,GO:BP,Regulation of Immune Response (GO:0050776),1,34,0.1590837332728709,C8B,0.22900658347885366
RR1 upon-euthanasia,RR3-40,GO:BP,Regulation of Insulin Secretion (GO:0050796),2,34,0.01620439206685567,RAPGEF4;UQCC2,0.1676555669194543
RR1 upon-euthanasia,RR3-40,GO:BP,Regulation of JNK Cascade (GO:0046328),2,34,0.026005417712954147,GADD45B;GADD45G,0.1676555669194543
RR1 upon-euthanasia,RR3-40,GO:BP,Regulation of Ketone Metabolic Process (GO:0010565),1,34,0.02439539420196393,PDK4,0.1676555669194543
RR1 upon-euthanasia,RR3-40,GO:BP,Regulation of Lipid Biosynthetic Process (GO:0046890),1,34,0.05885132451965759,PDK4,0.16943706919845605
RR1 upon-euthanasia,RR3-40,GO:BP,Regulation of Lipid Metabolic Process (GO:0019216),1,34,0.11632793990295362,ID2,0.20398582096296966
RR1 upon-euthanasia,RR3-40,GO:BP,Regulation of Macrophage Differentiation (GO:0045649),1,34,0.02876842276216984,ID2,0.1676555669194543
RR1 upon-euthanasia,RR3-40,GO:BP,Regulation of Metabolic Process (GO:0019222),1,34,0.06517897877168309,PDK4,0.1713815013218223
RR1 upon-euthanasia,RR3-40,GO:BP,Regulation of Mitochondrial Translation (GO:0070129),1,34,0.043924706808188024,UQCC2,0.16887822058551794
RR1 upon-euthanasia,RR3-40,GO:BP,Regulation of Mitotic Cell Cycle Phase Transition (GO:1901990),1,34,0.19074028270927504,ID2,0.25282277301293626
RR1 upon-euthanasia,RR3-40,GO:BP,Regulation of Muscle Cell Differentiation (GO:0051147),1,34,0.05248210738820894,ID2,0.16943706919845605
RR1 upon-euthanasia,RR3-40,GO:BP,Regulation of Neural Precursor Cell Proliferation (GO:2000177),1,34,0.04821274150713547,ID2,0.16943706919845605
RR1 upon-euthanasia,RR3-40,GO:BP,Regulation of Neuron Differentiation (GO:0045664),1,34,0.14570221612293932,ID2,0.22379571161314998
RR1 upon-euthanasia,RR3-40,GO:BP,Regulation of Notch Signaling Pathway (GO:0008593),1,34,0.15337389653203262,ENHO,0.22658339368336083
RR1 upon-euthanasia,RR3-40,GO:BP,Regulation of Oxidative Phosphorylation (GO:0002082),1,34,0.030947796681526116,UQCC2,0.1676555669194543
RR1 upon-euthanasia,RR3-40,GO:BP,Regulation of Peptide Hormone Secretion (GO:0090276),1,34,0.10026321723782444,UQCC2,0.19334246563929386
RR1 upon-euthanasia,RR3-40,GO:BP,Regulation of Primary Metabolic Process (GO:0080090),1,34,0.21060428172086623,ID2,0.26823878680085633
RR1 upon-euthanasia,RR3-40,GO:BP,Regulation of Protein Localization to Cell Surface (GO:2000008),1,34,0.0672790061731871,LEPROT,0.1713815013218223
RR1 upon-euthanasia,RR3-40,GO:BP,Regulation of Protein Localization to Mitochondrion (GO:1903747),1,34,0.0880290179308599,LEPROT,0.18102977441595441
RR1 upon-euthanasia,RR3-40,GO:BP,Regulation of Protein Secretion (GO:0050708),1,34,0.17784786305870376,UQCC2,0.2446396160740836
RR1 upon-euthanasia,RR3-40,GO:BP,Regulation of Protein Ubiquitination (GO:0031396),1,34,0.20163456746399475,BEX3,0.26165995232749
RR1 upon-euthanasia,RR3-40,GO:BP,Regulation of Receptor Signaling Pathway via JAK-STAT (GO:0046425),2,34,0.00603119672383863,LEPROT;SOCS2,0.14349228761901134
RR1 upon-euthanasia,RR3-40,GO:BP,Regulation of SMAD Protein Signal Transduction (GO:0060390),1,34,0.12425555240782124,ATOH8,0.20675856704419718
RR1 upon-euthanasia,RR3-40,GO:BP,Regulation of Signal Transduction (GO:0009966),3,34,0.011718488461928845,BEX3;RGS16;SOCS2,0.1676555669194543
RR1 upon-euthanasia,RR3-40,GO:BP,Regulation of Small Molecule Metabolic Process (GO:0062012),1,34,0.07355165217078936,PDK4,0.17715359024793237
RR1 upon-euthanasia,RR3-40,GO:BP,Regulation of Smooth Muscle Cell Proliferation (GO:0048660),1,34,0.10430577060441026,ID2,0.1964547661993594
RR1 upon-euthanasia,RR3-40,GO:BP,Regulation of Smoothened Signaling Pathway (GO:0008589),1,34,0.1590837332728709,RAB34,0.22900658347885366
RR1 upon-euthanasia,RR3-40,GO:BP,Regulation of Telomere Maintenance (GO:0032204),1,34,0.10632043081871631,PPP1R10,0.1964547661993594
RR1 upon-euthanasia,RR3-40,GO:BP,Regulation of Transcription Elongation by RNA Polymerase II (GO:0034243),1,34,0.16851717125946045,PPP1R10,0.23600029187693666
RR1 upon-euthanasia,RR3-40,GO:BP,Regulation of Vascular Associated Smooth Muscle Cell Proliferation (GO:1904705),1,34,0.08185152255647589,JUN,0.17903212884260983
RR1 upon-euthanasia,RR3-40,GO:BP,Regulation of miRNA Transcription (GO:1902893),2,34,0.008219517591939753,ATOH8;JUN,0.16408190603308268
RR1 upon-euthanasia,RR3-40,GO:BP,Regulation of p38MAPK Cascade (GO:1900744),2,34,0.0026168071522062564,GADD45B;GADD45G,0.1225404550855619
RR1 upon-euthanasia,RR3-40,GO:BP,Response to Endoplasmic Reticulum Stress (GO:0034976),1,34,0.24380563059512916,JUN,0.29533402218862026
RR1 upon-euthanasia,RR3-40,GO:BP,Response to Estradiol (GO:0032355),1,34,0.06307436251411702,SOCS2,0.1713815013218223
RR1 upon-euthanasia,RR3-40,GO:BP,Response to Fatty Acid (GO:0070542),1,34,0.037457477497640786,PDK4,0.1676555669194543
RR1 upon-euthanasia,RR3-40,GO:BP,Response to Fibroblast Growth Factor (GO:0071774),1,34,0.037457477497640786,IER2,0.1676555669194543
RR1 upon-euthanasia,RR3-40,GO:BP,Response to Steroid Hormone (GO:0048545),1,34,0.05885132451965759,JUN,0.16943706919845605
RR1 upon-euthanasia,RR3-40,GO:BP,SMAD Protein Signal Transduction (GO:0060395),1,34,0.037457477497640786,JUN,0.1676555669194543
RR1 upon-euthanasia,RR3-40,GO:BP,Secondary Alcohol Biosynthetic Process (GO:1902653),1,34,0.05885132451965759,MVD,0.16943706919845605
RR1 upon-euthanasia,RR3-40,GO:BP,Sensory Perception of Light Stimulus (GO:0050953),1,34,0.2540057406138986,RGS16,0.3006301213001974
RR1 upon-euthanasia,RR3-40,GO:BP,Small GTPase-mediated Signal Transduction (GO:0007264),1,34,0.35921185119050664,RAPGEF4,0.3894082940226333
RR1 upon-euthanasia,RR3-40,GO:BP,Sterol Biosynthetic Process (GO:0016126),1,34,0.060965147677692504,MVD,0.1713815013218223
RR1 upon-euthanasia,RR3-40,GO:BP,Synapse Organization (GO:0050808),1,34,0.29188333816807666,C1QA,0.3303030828629606
RR1 upon-euthanasia,RR3-40,GO:BP,Synapse Pruning (GO:0098883),1,34,0.02439539420196393,C1QA,0.1676555669194543
RR1 upon-euthanasia,RR3-40,GO:BP,TRNA Transcription (GO:0009304),1,34,0.02439539420196393,POLR2F,0.1676555669194543
RR1 upon-euthanasia,RR3-40,GO:BP,TRNA Transcription by RNA Polymerase III (GO:0042797),1,34,0.022201719405513083,POLR2F,0.1676555669194543
RR1 upon-euthanasia,RR3-40,GO:BP,Termination of RNA Polymerase I Transcription (GO:0006363),1,34,0.026584291958142714,POLR2F,0.1676555669194543
RR1 upon-euthanasia,RR3-40,GO:BP,Termination of RNA Polymerase III Transcription (GO:0006386),1,34,0.030947796681526116,POLR2F,0.1676555669194543
RR1 upon-euthanasia,RR3-40,GO:BP,Thyroid Hormone Metabolic Process (GO:0042403),1,34,0.02439539420196393,DIO1,0.1676555669194543
RR1 upon-euthanasia,RR3-40,GO:BP,Transcription Elongation by RNA Polymerase I (GO:0006362),1,34,0.02439539420196393,POLR2F,0.1676555669194543
RR1 upon-euthanasia,RR3-40,GO:BP,Transcription Elongation by RNA Polymerase II (GO:0006368),1,34,0.11233805751112014,POLR2F,0.2009747329461947
RR1 upon-euthanasia,RR3-40,GO:BP,Transcription Initiation at RNA Polymerase I Promoter (GO:0006361),1,34,0.03529231403319618,POLR2F,0.1676555669194543
RR1 upon-euthanasia,RR3-40,GO:BP,Transcription Initiation at RNA Polymerase II Promoter (GO:0006367),1,34,0.26407225759638225,POLR2F,0.3084164668908691
RR1 upon-euthanasia,RR3-40,GO:BP,Transcription Initiation at RNA Polymerase III Promoter (GO:0006384),1,34,0.04821274150713547,POLR2F,0.16943706919845605
RR1 upon-euthanasia,RR3-40,GO:BP,Transcription by RNA Polymerase I (GO:0006360),1,34,0.04821274150713547,POLR2F,0.16943706919845605
RR1 upon-euthanasia,RR3-40,GO:BP,Transcription by RNA Polymerase II (GO:0006366),2,34,0.0712015570873493,POLR2F;PPP1R10,0.17489588824233815
RR1 upon-euthanasia,RR3-40,GO:BP,Transcription by RNA Polymerase III (GO:0006383),1,34,0.07355165217078936,POLR2F,0.17715359024793237
RR1 upon-euthanasia,RR3-40,GO:BP,Transforming Growth Factor Beta Receptor Signaling Pathway (GO:0007179),1,34,0.15337389653203262,JUN,0.22658339368336083
RR1 upon-euthanasia,RR3-40,GO:BP,Transforming Growth Factor Beta Receptor Superfamily Signaling Pathway (GO:0141091),1,34,0.22123887604901266,JUN,0.27610254894019925
RR1 upon-euthanasia,RR3-40,GO:BP,Triglyceride Biosynthetic Process (GO:0019432),1,34,0.03529231403319618,GPAM,0.1676555669194543
RR1 upon-euthanasia,RR3-40,GO:BP,Triglyceride Metabolic Process (GO:0006641),1,34,0.10430577060441026,GPAM,0.1964547661993594
RR1 upon-euthanasia,RR3-40,GO:BP,Ubiquitin-dependent Protein Catabolic Process (GO:0006511),1,34,0.6337703610406382,SOCS2,0.6347958794241991
RR1 upon-euthanasia,RR3-40,GO:BP,Ventricular Cardiac Muscle Tissue Development (GO:0003229),1,34,0.05248210738820894,ID2,0.16943706919845605
RR1 upon-euthanasia,RR3-40,GO:BP,Visual Perception (GO:0007601),1,34,0.2540057406138986,RGS16,0.3006301213001974
RR1 upon-euthanasia,RR3-40,GO:BP,Visual System Development (GO:0150063),1,34,0.08391518674852193,C1QA,0.18040041303109938
RR1 upon-euthanasia,RR3-40,KEGG,ADIPOCYTOKINE SIGNALING PATHWAY,1,34,0.14184111643404082,LEPROT,0.2206021383735459
RR1 upon-euthanasia,RR3-40,KEGG,ADRENERGIC SIGNALING IN CARDIOMYOCYTES,1,34,0.265737141703224,RAPGEF4,0.30919415547799933
RR1 upon-euthanasia,RR3-40,KEGG,AFRICAN TRYPANOSOMIASIS,1,34,0.05673288327726559,FASN,0.16943706919845605
RR1 upon-euthanasia,RR3-40,KEGG,AGE-RAGE SIGNALING PATHWAY IN DIABETIC COMPLICATIONS,1,34,0.19074028270927504,JUN,0.25282277301293626
RR1 upon-euthanasia,RR3-40,KEGG,ALCOHOLIC LIVER DISEASE,2,34,0.024727568851089326,C1QA;FASN,0.1676555669194543
RR1 upon-euthanasia,RR3-40,KEGG,ALLOGRAFT REJECTION,1,34,0.03529231403319618,FASN,0.1676555669194543
RR1 upon-euthanasia,RR3-40,KEGG,ALZHEIMER DISEASE,1,34,0.5194370639997835,FASN,0.5314570952328364
RR1 upon-euthanasia,RR3-40,KEGG,AMOEBIASIS,1,34,0.1571846198176253,C8B,0.2273300926801637
RR1 upon-euthanasia,RR3-40,KEGG,AMPHETAMINE ADDICTION,1,34,0.12819342954961352,JUN,0.2093713268897382
RR1 upon-euthanasia,RR3-40,KEGG,AMPK SIGNALING PATHWAY,2,34,0.026437274917803375,FASN;LEPROT,0.1676555669194543
RR1 upon-euthanasia,RR3-40,KEGG,APOPTOSIS,4,34,0.00012208847917893805,FASN;GADD45B;GADD45G;JUN,0.028379565805582804
RR1 upon-euthanasia,RR3-40,KEGG,AUTOIMMUNE THYROID DISEASE,1,34,0.04177366393044041,FASN,0.16887822058551794
RR1 upon-euthanasia,RR3-40,KEGG,B CELL RECEPTOR SIGNALING PATHWAY,1,34,0.13601769092587038,JUN,0.21588448893106094
RR1 upon-euthanasia,RR3-40,KEGG,BASAL CELL CARCINOMA,2,34,0.007961142115890153,GADD45B;GADD45G,0.16408190603308268
RR1 upon-euthanasia,RR3-40,KEGG,BILE SECRETION,1,34,0.1301559178570362,SLC22A7,0.2103564312101969
RR1 upon-euthanasia,RR3-40,KEGG,BREAST CANCER,3,34,0.0033042144592206084,GADD45B;GADD45G;JUN,0.12495871936980518
RR1 upon-euthanasia,RR3-40,KEGG,C-TYPE LECTIN RECEPTOR SIGNALING PATHWAY,1,34,0.19074028270927504,JUN,0.25282277301293626
RR1 upon-euthanasia,RR3-40,KEGG,CAMP SIGNALING PATHWAY,2,34,0.07825127844990908,JUN;RAPGEF4,0.17903212884260983
RR1 upon-euthanasia,RR3-40,KEGG,CELL CYCLE,2,34,0.043297290413221494,GADD45B;GADD45G,0.16887822058551794
RR1 upon-euthanasia,RR3-40,KEGG,CELLULAR SENESCENCE,2,34,0.03764801906591946,GADD45B;GADD45G,0.1676555669194543
RR1 upon-euthanasia,RR3-40,KEGG,CHAGAS DISEASE,3,34,0.0010250622028233959,C1QA;FASN;JUN,0.056525415473611514
RR1 upon-euthanasia,RR3-40,KEGG,CHEMICAL CARCINOGENESIS - REACTIVE OXYGEN SPECIES,1,34,0.3186731968446467,JUN,0.35478185044395016
RR1 upon-euthanasia,RR3-40,KEGG,CHEMICAL CARCINOGENESIS - RECEPTOR ACTIVATION,1,34,0.2998670629622129,JUN,0.33687425040582536
RR1 upon-euthanasia,RR3-40,KEGG,CHOLINE METABOLISM IN CANCER,1,34,0.1870768941984404,JUN,0.2517404293670317
RR1 upon-euthanasia,RR3-40,KEGG,CHRONIC MYELOID LEUKEMIA,2,34,0.011006705978692606,GADD45B;GADD45G,0.1676555669194543
RR1 upon-euthanasia,RR3-40,KEGG,COCAINE ADDICTION,1,34,0.0962029575173282,JUN,0.19025441119241585
RR1 upon-euthanasia,RR3-40,KEGG,COLORECTAL CANCER,3,34,0.0007518704247758372,GADD45B;GADD45G;JUN,0.056525415473611514
RR1 upon-euthanasia,RR3-40,KEGG,COMPLEMENT AND COAGULATION CASCADES,2,34,0.007455708963600114,C1QA;C8B,0.15914082236098176
RR1 upon-euthanasia,RR3-40,KEGG,CORONAVIRUS DISEASE - COVID-19,3,34,0.005240180988065988,C1QA;C8B;JUN,0.13906990258885132
RR1 upon-euthanasia,RR3-40,KEGG,CYTOKINE-CYTOKINE RECEPTOR INTERACTION,2,34,0.0756623851733085,FASN;LEPROT,0.1780799103508668
RR1 upon-euthanasia,RR3-40,KEGG,CYTOSKELETON IN MUSCLE CELLS,1,34,0.3849264360898354,SUN2,0.41223090646991023
RR1 upon-euthanasia,RR3-40,KEGG,CYTOSOLIC DNA-SENSING PATHWAY,1,34,0.1103365649688679,POLR2F,0.20028836866782765
RR1 upon-euthanasia,RR3-40,KEGG,DIABETIC CARDIOMYOPATHY,1,34,0.3077633929754933,PDK4,0.343872816339044
RR1 upon-euthanasia,RR3-40,KEGG,EFFEROCYTOSIS,1,34,0.2756499439340746,C1QA,0.3177417417042685
RR1 upon-euthanasia,RR3-40,KEGG,ENDOMETRIAL CANCER,2,34,0.006258952771750091,GADD45B;GADD45G,0.14349228761901134
RR1 upon-euthanasia,RR3-40,KEGG,EPITHELIAL CELL SIGNALING IN HELICOBACTER PYLORI INFECTION,1,34,0.13211411813465399,JUN,0.2124120496762359
RR1 upon-euthanasia,RR3-40,KEGG,EPSTEIN-BARR VIRUS INFECTION,4,34,0.00043245742286492095,FASN;GADD45B;GADD45G;JUN,0.04461519079223101
RR1 upon-euthanasia,RR3-40,KEGG,ERBB SIGNALING PATHWAY,1,34,0.1552813438528138,JUN,0.2266961128417258
RR1 upon-euthanasia,RR3-40,KEGG,ESTROGEN SIGNALING PATHWAY,1,34,0.23173436163618094,JUN,0.2840466729758337
RR1 upon-euthanasia,RR3-40,KEGG,FATTY ACID BIOSYNTHESIS,1,34,0.03312242376309355,FASN,0.1676555669194543
RR1 upon-euthanasia,RR3-40,KEGG,FLUID SHEAR STRESS AND ATHEROSCLEROSIS,1,34,0.23347020903811921,JUN,0.2844843688869996
RR1 upon-euthanasia,RR3-40,KEGG,FOCAL ADHESION,1,34,0.34447823715590226,JUN,0.3794164213514297
RR1 upon-euthanasia,RR3-40,KEGG,FOXO SIGNALING PATHWAY,2,34,0.02999638703089956,GADD45B;GADD45G,0.1676555669194543
RR1 upon-euthanasia,RR3-40,KEGG,GASTRIC CANCER,2,34,0.03714975287016693,GADD45B;GADD45G,0.1676555669194543
RR1 upon-euthanasia,RR3-40,KEGG,GLIOMA,2,34,0.009847918631585979,GADD45B;GADD45G,0.1676555669194543
RR1 upon-euthanasia,RR3-40,KEGG,GLYCEROLIPID METABOLISM,1,34,0.11433517940396175,GPAM,0.20278932965917573
RR1 upon-euthanasia,RR3-40,KEGG,GLYCEROPHOSPHOLIPID METABOLISM,1,34,0.1962053390924823,GPAM,0.25731166292001384
RR1 upon-euthanasia,RR3-40,KEGG,GLYOXYLATE AND DICARBOXYLATE METABOLISM,1,34,0.060965147677692504,HAO2,0.1713815013218223
RR1 upon-euthanasia,RR3-40,KEGG,GNRH SIGNALING PATHWAY,1,34,0.1628695079494373,JUN,0.23150470975773446
RR1 upon-euthanasia,RR3-40,KEGG,GRAFT-VERSUS-HOST DISEASE,1,34,0.02876842276216984,FASN,0.1676555669194543
RR1 upon-euthanasia,RR3-40,KEGG,"GROWTH HORMONE SYNTHESIS, SECRETION AND ACTION",1,34,0.21238645000914586,SOCS2,0.26830043378706386
RR1 upon-euthanasia,RR3-40,KEGG,HEPATITIS B,2,34,0.03616105902548651,FASN;JUN,0.1676555669194543
RR1 upon-euthanasia,RR3-40,KEGG,HEPATITIS C,1,34,0.24551499889243425,FASN,0.2956688410786319
RR1 upon-euthanasia,RR3-40,KEGG,HEPATOCELLULAR CARCINOMA,2,34,0.04172644766427658,GADD45B;GADD45G,0.16887822058551794
RR1 upon-euthanasia,RR3-40,KEGG,HERPES SIMPLEX VIRUS 1 INFECTION,1,34,0.2540057406138986,FASN,0.3006301213001974
RR1 upon-euthanasia,RR3-40,KEGG,HIPPO SIGNALING PATHWAY,1,34,0.28218618642215004,ID2,0.3240691083400944
RR1 upon-euthanasia,RR3-40,KEGG,HORMONE SIGNALING,2,34,0.070571714801214,LEPROT;RAPGEF4,0.1740394082149461
RR1 upon-euthanasia,RR3-40,KEGG,HUMAN CYTOMEGALOVIRUS INFECTION,1,34,0.33849318245611326,FASN,0.37482518772868356
RR1 upon-euthanasia,RR3-40,KEGG,HUMAN IMMUNODEFICIENCY VIRUS 1 INFECTION,2,34,0.054891415797084925,FASN;JUN,0.16943706919845605
RR1 upon-euthanasia,RR3-40,KEGG,HUMAN PAPILLOMAVIRUS INFECTION,1,34,0.4769346924461274,FASN,0.4953398903089813
RR1 upon-euthanasia,RR3-40,KEGG,HUMAN T-CELL LEUKEMIA VIRUS 1 INFECTION,1,34,0.354825851638567,JUN,0.38805159392981087
RR1 upon-euthanasia,RR3-40,KEGG,HUNTINGTON DISEASE,1,34,0.4410929500123412,POLR2F,0.4627737899282021
RR1 upon-euthanasia,RR3-40,KEGG,IL-17 SIGNALING PATHWAY,1,34,0.1552813438528138,JUN,0.2266961128417258
RR1 upon-euthanasia,RR3-40,KEGG,INFLAMMATORY BOWEL DISEASE,1,34,0.10430577060441026,JUN,0.1964547661993594
RR1 upon-euthanasia,RR3-40,KEGG,INFLUENZA A,1,34,0.22825121355449912,FASN,0.2820109804196307
RR1 upon-euthanasia,RR3-40,KEGG,INSULIN SECRETION,1,34,0.15337389653203262,RAPGEF4,0.22658339368336083
RR1 upon-euthanasia,RR3-40,KEGG,INSULIN SIGNALING PATHWAY,2,34,0.03231278780818204,FASN;SOCS2,0.1676555669194543
RR1 upon-euthanasia,RR3-40,KEGG,JAK-STAT SIGNALING PATHWAY,2,34,0.030454093246927865,LEPROT;SOCS2,0.1676555669194543
RR1 upon-euthanasia,RR3-40,KEGG,KAPOSI SARCOMA-ASSOCIATED HERPESVIRUS INFECTION,2,34,0.04542598940975091,FASN;JUN,0.16943706919845605
RR1 upon-euthanasia,RR3-40,KEGG,LEISHMANIASIS,1,34,0.1203004136467247,JUN,0.20675856704419718
RR1 upon-euthanasia,RR3-40,KEGG,LEUKOCYTE TRANSENDOTHELIAL MIGRATION,1,34,0.21238645000914586,RAPGEF4,0.26830043378706386
RR1 upon-euthanasia,RR3-40,KEGG,LIPID AND ATHEROSCLEROSIS,2,34,0.055468483421445114,FASN;JUN,0.16943706919845605
RR1 upon-euthanasia,RR3-40,KEGG,MAPK SIGNALING PATHWAY,4,34,0.003633694585874787,FASN;GADD45B;GADD45G;JUN,0.12495871936980518
RR1 upon-euthanasia,RR3-40,KEGG,MATURITY ONSET DIABETES OF THE YOUNG,1,34,0.04607106269914353,FOXA3,0.16943706919845605
RR1 upon-euthanasia,RR3-40,KEGG,MEASLES,2,34,0.022657776108719267,FASN;JUN,0.1676555669194543
RR1 upon-euthanasia,RR3-40,KEGG,MELANOMA,2,34,0.009847918631585979,GADD45B;GADD45G,0.1676555669194543
RR1 upon-euthanasia,RR3-40,KEGG,MITOPHAGY - ANIMAL,1,34,0.18523916909223992,JUN,0.24981055701110352
RR1 upon-euthanasia,RR3-40,KEGG,NATURAL KILLER CELL MEDIATED CYTOTOXICITY,1,34,0.14762643769642858,FASN,0.22452276396582133
RR1 upon-euthanasia,RR3-40,KEGG,NECROPTOSIS,1,34,0.21593907865827605,FASN,0.2716794505883595
RR1 upon-euthanasia,RR3-40,KEGG,NEUROACTIVE LIGAND-RECEPTOR INTERACTION,1,34,0.5116619751870359,LEPROT,0.5243688123191643
RR1 upon-euthanasia,RR3-40,KEGG,NEUROTROPHIN SIGNALING PATHWAY,2,34,0.025576504582996772,BEX3;JUN,0.1676555669194543
RR1 upon-euthanasia,RR3-40,KEGG,NF-KAPPA B SIGNALING PATHWAY,2,34,0.01655816806783266,GADD45B;GADD45G,0.1676555669194543
RR1 upon-euthanasia,RR3-40,KEGG,NOD-LIKE RECEPTOR SIGNALING PATHWAY,1,34,0.24551499889243425,JUN,0.2956688410786319
RR1 upon-euthanasia,RR3-40,KEGG,NON-ALCOHOLIC FATTY LIVER DISEASE,3,34,0.003445019971744242,FASN;JUN;LEPROT,0.12495871936980518
RR1 upon-euthanasia,RR3-40,KEGG,NON-SMALL CELL LUNG CANCER,2,34,0.01013218528663655,GADD45B;GADD45G,0.1676555669194543
RR1 upon-euthanasia,RR3-40,KEGG,NUCLEOTIDE EXCISION REPAIR,1,34,0.11233805751112014,POLR2F,0.2009747329461947
RR1 upon-euthanasia,RR3-40,KEGG,OSTEOCLAST DIFFERENTIATION,1,34,0.21947615198175133,JUN,0.2750116155398868
RR1 upon-euthanasia,RR3-40,KEGG,OXYTOCIN SIGNALING PATHWAY,1,34,0.265737141703224,JUN,0.30919415547799933
RR1 upon-euthanasia,RR3-40,KEGG,P53 SIGNALING PATHWAY,3,34,0.00039072341707196046,FASN;GADD45B;GADD45G,0.04461519079223101
RR1 upon-euthanasia,RR3-40,KEGG,PANCREATIC CANCER,2,34,0.011913458470842178,GADD45B;GADD45G,0.1676555669194543
RR1 upon-euthanasia,RR3-40,KEGG,PATHOGENIC ESCHERICHIA COLI INFECTION,2,34,0.054891415797084925,FASN;JUN,0.16943706919845605
RR1 upon-euthanasia,RR3-40,KEGG,PATHWAYS IN CANCER,4,34,0.01969671055182798,FASN;GADD45B;GADD45G;JUN,0.1676555669194543
RR1 upon-euthanasia,RR3-40,KEGG,PATHWAYS OF NEURODEGENERATION - MULTIPLE DISEASES,1,34,0.6029446943205544,FASN,0.6058811132864013
RR1 upon-euthanasia,RR3-40,KEGG,PD-L1 EXPRESSION AND PD-1 CHECKPOINT PATHWAY IN CANCER,1,34,0.1647561867728311,JUN,0.2328403644118321
RR1 upon-euthanasia,RR3-40,KEGG,PEROXISOME,1,34,0.1628695079494373,HAO2,0.23150470975773446
RR1 upon-euthanasia,RR3-40,KEGG,PERTUSSIS,1,34,0.12228014530783227,JUN,0.20675856704419718
RR1 upon-euthanasia,RR3-40,KEGG,PHOSPHOLIPASE D SIGNALING PATHWAY,1,34,0.26407225759638225,RAPGEF4,0.3084164668908691
RR1 upon-euthanasia,RR3-40,KEGG,PRION DISEASE,2,34,0.08685593747492752,C1QA;C8B,0.18102298079791293
RR1 upon-euthanasia,RR3-40,KEGG,PROLACTIN SIGNALING PATHWAY,1,34,0.1301559178570362,SOCS2,0.2103564312101969
RR1 upon-euthanasia,RR3-40,KEGG,PROTEOGLYCANS IN CANCER,1,34,0.34298691966264694,FASN,0.3784472429076265
RR1 upon-euthanasia,RR3-40,KEGG,RAP1 SIGNALING PATHWAY,1,34,0.35921185119050664,RAPGEF4,0.3894082940226333
RR1 upon-euthanasia,RR3-40,KEGG,REGULATION OF ACTIN CYTOSKELETON,1,34,0.3750476094795842,C8B,0.40515614357393126
RR1 upon-euthanasia,RR3-40,KEGG,RELAXIN SIGNALING PATHWAY,1,34,0.22999469918500742,JUN,0.28247364840380873
RR1 upon-euthanasia,RR3-40,KEGG,RENAL CELL CARCINOMA,1,34,0.1301559178570362,JUN,0.2103564312101969
RR1 upon-euthanasia,RR3-40,KEGG,RHEUMATOID ARTHRITIS,1,34,0.1379630815555738,JUN,0.21620037337443082
RR1 upon-euthanasia,RR3-40,KEGG,RNA POLYMERASE,1,34,0.05460981416773477,POLR2F,0.16943706919845605
RR1 upon-euthanasia,RR3-40,KEGG,SALMONELLA INFECTION,1,34,0.3849264360898354,JUN,0.41223090646991023
RR1 upon-euthanasia,RR3-40,KEGG,SHIGELLOSIS,1,34,0.37646824070761764,JUN,0.4059823013902706
RR1 upon-euthanasia,RR3-40,KEGG,SIGNALING PATHWAYS REGULATING PLURIPOTENCY OF STEM CELLS,1,34,0.25062063203830753,ID2,0.29833494467636995
RR1 upon-euthanasia,RR3-40,KEGG,SMALL CELL LUNG CANCER,2,34,0.01585393869040945,GADD45B;GADD45G,0.1676555669194543
RR1 upon-euthanasia,RR3-40,KEGG,SYSTEMIC LUPUS ERYTHEMATOSUS,2,34,0.004159287483753631,C1QA;C8B,0.13467120505767954
RR1 upon-euthanasia,RR3-40,KEGG,T CELL RECEPTOR SIGNALING PATHWAY,1,34,0.21593907865827605,JUN,0.2716794505883595
RR1 upon-euthanasia,RR3-40,KEGG,TERPENOID BACKBONE BIOSYNTHESIS,1,34,0.043924706808188024,MVD,0.16887822058551794
RR1 upon-euthanasia,RR3-40,KEGG,TGF-BETA SIGNALING PATHWAY,1,34,0.19982879147236196,ID2,0.26040846720293065
RR1 upon-euthanasia,RR3-40,KEGG,TH1 AND TH2 CELL DIFFERENTIATION,1,34,0.16097869304677873,JUN,0.2311967772527982
RR1 upon-euthanasia,RR3-40,KEGG,TH17 CELL DIFFERENTIATION,1,34,0.18523916909223992,JUN,0.24981055701110352
RR1 upon-euthanasia,RR3-40,KEGG,THYROID CANCER,2,34,0.0027715127159900913,GADD45B;GADD45G,0.1225404550855619
RR1 upon-euthanasia,RR3-40,KEGG,TIGHT JUNCTION,1,34,0.2838112809528233,JUN,0.3241313337819145
RR1 upon-euthanasia,RR3-40,KEGG,TNF SIGNALING PATHWAY,2,34,0.0243075755188451,FASN;JUN,0.1676555669194543
RR1 upon-euthanasia,RR3-40,KEGG,TOLL-LIKE RECEPTOR SIGNALING PATHWAY,1,34,0.1628695079494373,JUN,0.23150470975773446
RR1 upon-euthanasia,RR3-40,KEGG,TRANSCRIPTIONAL MISREGULATION IN CANCER,3,34,0.004879379827011616,GADD45B;GADD45G;ID2,0.13906990258885132
RR1 upon-euthanasia,RR3-40,KEGG,TYPE I DIABETES MELLITUS,1,34,0.04821274150713547,FASN,0.16943706919845605
RR1 upon-euthanasia,RR3-40,KEGG,TYPE II DIABETES MELLITUS,1,34,0.0921249162493117,SOCS2,0.18635726522328086
RR1 upon-euthanasia,RR3-40,KEGG,VIRAL CARCINOGENESIS,1,34,0.28866516800665076,JUN,0.3272595952309832
RR1 upon-euthanasia,RR3-40,KEGG,WNT SIGNALING PATHWAY,1,34,0.29348711957643553,JUN,0.3315119106164482
RR1 upon-euthanasia,RR3-40,KEGG,YERSINIA INFECTION,1,34,0.23347020903811921,JUN,0.2844843688869996
RR1 upon-euthanasia,RR3-40,Reactome,Abortive Elongation of HIV-1 Transcript in the Absence of Tat,1,34,0.04607106269914353,POLR2F,0.16943706919845605
RR1 upon-euthanasia,RR3-40,Reactome,Activation of Anterior HOX Genes in Hindbrain Development During Early Embryogenesis,2,34,0.008747500644736233,JUN;POLR2F,0.16408190603308268
RR1 upon-euthanasia,RR3-40,Reactome,Activation of Gene Expression by SREBF (SREBP),3,34,8.904882861664897e-05,FASN;GPAM;MVD,0.028379565805582804
RR1 upon-euthanasia,RR3-40,Reactome,Activation of HOX Genes During Differentiation,2,34,0.008747500644736233,JUN;POLR2F,0.16408190603308268
RR1 upon-euthanasia,RR3-40,Reactome,Aerobic Respiration and Respiratory Electron Transport,2,34,0.08685593747492752,PDK4;UQCC2,0.18102298079791293
RR1 upon-euthanasia,RR3-40,Reactome,Asparagine N-linked Glycosylation,1,34,0.4745362033319466,MVD,0.49367715943273105
RR1 upon-euthanasia,RR3-40,Reactome,Aspirin ADME,1,34,0.030947796681526116,SLC22A7,0.1676555669194543
RR1 upon-euthanasia,RR3-40,Reactome,B-WICH Complex Positively Regulates rRNA Expression,1,34,0.06937445442150952,POLR2F,0.1717711491476576
RR1 upon-euthanasia,RR3-40,Reactome,Biological Oxidations,1,34,0.27400687889262826,TPST2,0.3164370485718972
RR1 upon-euthanasia,RR3-40,Reactome,Biosynthesis of the N-glycan Precursor (Dolichol LLO) and Transfer to a Nascent Protein,1,34,0.1552813438528138,MVD,0.2266961128417258
RR1 upon-euthanasia,RR3-40,Reactome,"Cell Death Signalling via NRAGE, NRIF and NADE",1,34,0.14954645234584693,BEX3,0.22522932847221228
RR1 upon-euthanasia,RR3-40,Reactome,Cellular Senescence,1,34,0.2573760056928777,JUN,0.3034585667121739
RR1 upon-euthanasia,RR3-40,Reactome,Cholesterol Biosynthesis,1,34,0.05460981416773477,MVD,0.16943706919845605
RR1 upon-euthanasia,RR3-40,Reactome,Chromosome Maintenance,1,34,0.1759898921277629,POLR2F,0.24316460541760096
RR1 upon-euthanasia,RR3-40,Reactome,Complement Cascade,1,34,0.07771064924574791,C8B,0.17903212884260983
RR1 upon-euthanasia,RR3-40,Reactome,Complex III Assembly,1,34,0.04177366393044041,UQCC2,0.16887822058551794
RR1 upon-euthanasia,RR3-40,Reactome,Cytosolic Sensors of Pathogen-Associated DNA,1,34,0.11831634824466769,POLR2F,0.2063037170801389
RR1 upon-euthanasia,RR3-40,Reactome,Cytosolic Sulfonation of Small Molecules,1,34,0.037457477497640786,TPST2,0.1676555669194543
RR1 upon-euthanasia,RR3-40,Reactome,DNA Repair,1,34,0.4599195122076882,POLR2F,0.4808955710414848
RR1 upon-euthanasia,RR3-40,Reactome,Death Receptor Signaling,1,34,0.2789252533586641,BEX3,0.32091957589035885
RR1 upon-euthanasia,RR3-40,Reactome,Defective Intrinsic Pathway for Apoptosis,1,34,0.05034975311571746,JUN,0.16943706919845605
RR1 upon-euthanasia,RR3-40,Reactome,Defects of Contact Activation System (CAS) and Kallikrein Kinin System (KKS),1,34,0.03312242376309355,TPST2,0.1676555669194543
RR1 upon-euthanasia,RR3-40,Reactome,Deregulated CDK5 Triggers Multiple Neurodegenerative Pathways in Alzheimer's Disease Models,1,34,0.043924706808188024,JUN,0.16887822058551794
RR1 upon-euthanasia,RR3-40,Reactome,Diseases of Hemostasis,1,34,0.039617924141757514,TPST2,0.16887822058551794
RR1 upon-euthanasia,RR3-40,Reactome,Diseases of Programmed Cell Death,1,34,0.10026321723782444,JUN,0.19334246563929386
RR1 upon-euthanasia,RR3-40,Reactome,Diseases of Signal Transduction by Growth Factor Receptors and Second Messengers,2,34,0.24743324268892966,JUN;POLR2F,0.29682398686908423
RR1 upon-euthanasia,RR3-40,Reactome,Drug ADME,1,34,0.11632793990295362,SLC22A7,0.20398582096296966
RR1 upon-euthanasia,RR3-40,Reactome,Dual Incision in TC-NER,1,34,0.12228014530783227,POLR2F,0.20675856704419718
RR1 upon-euthanasia,RR3-40,Reactome,ESR-mediated Signaling,3,34,0.005616716582748438,GPAM;JUN;POLR2F,0.13906990258885132
RR1 upon-euthanasia,RR3-40,Reactome,Epigenetic Regulation by WDR5-containing Histone Modifying Complexes,2,34,0.022657776108719267,GPAM;PDK4,0.1676555669194543
RR1 upon-euthanasia,RR3-40,Reactome,Epigenetic Regulation of Adipogenesis Genes by MLL3 and MLL4 Complexes,2,34,0.011913458470842178,GPAM;PDK4,0.1676555669194543
RR1 upon-euthanasia,RR3-40,Reactome,Epigenetic Regulation of Gene Expression,3,34,0.01278745631490242,GPAM;PDK4;POLR2F,0.1676555669194543
RR1 upon-euthanasia,RR3-40,Reactome,Epigenetic Regulation of Gene Expression by MLL3 and MLL4 Complexes,2,34,0.011913458470842178,GPAM;PDK4,0.1676555669194543
RR1 upon-euthanasia,RR3-40,Reactome,Estrogen-dependent Gene Expression,3,34,0.0010932141777444063,GPAM;JUN;POLR2F,0.056525415473611514
RR1 upon-euthanasia,RR3-40,Reactome,FCERI Mediated MAPK Activation,1,34,0.0672790061731871,JUN,0.1713815013218223
RR1 upon-euthanasia,RR3-40,Reactome,FGFR2 Alternative Splicing,1,34,0.05248210738820894,POLR2F,0.16943706919845605
RR1 upon-euthanasia,RR3-40,Reactome,FGFR2 Mutant Receptor Activation,1,34,0.0672790061731871,POLR2F,0.1713815013218223
RR1 upon-euthanasia,RR3-40,Reactome,FLT3 Signaling,1,34,0.07978334657707489,SOCS2,0.17903212884260983
RR1 upon-euthanasia,RR3-40,Reactome,Fatty Acid Metabolism,2,34,0.0412077942474467,FASN;HAO2,0.16887822058551794
RR1 upon-euthanasia,RR3-40,Reactome,Fatty acyl-CoA Biosynthesis,1,34,0.06517897877168309,FASN,0.1713815013218223
RR1 upon-euthanasia,RR3-40,Reactome,Fc Epsilon Receptor (FCERI) Signaling,1,34,0.22825121355449912,JUN,0.2820109804196307
RR1 upon-euthanasia,RR3-40,Reactome,Fertilization,1,34,0.03312242376309355,IZUMO4,0.1676555669194543
RR1 upon-euthanasia,RR3-40,Reactome,Formation of HIV Elongation Complex in the Absence of HIV Tat,1,34,0.0880290179308599,POLR2F,0.18102977441595441
RR1 upon-euthanasia,RR3-40,Reactome,Formation of HIV-1 Elongation Complex Containing HIV-1 Tat,1,34,0.08597434869818145,POLR2F,0.18040041303109938
RR1 upon-euthanasia,RR3-40,Reactome,Formation of RNA Pol II Elongation Complex,1,34,0.11233805751112014,POLR2F,0.2009747329461947
RR1 upon-euthanasia,RR3-40,Reactome,Formation of TC-NER Pre-Incision Complex,1,34,0.10228670252780421,POLR2F,0.1960231234201573
RR1 upon-euthanasia,RR3-40,Reactome,Formation of the Early Elongation Complex,1,34,0.06517897877168309,POLR2F,0.1713815013218223
RR1 upon-euthanasia,RR3-40,Reactome,Formation of the HIV-1 Early Elongation Complex,1,34,0.06517897877168309,POLR2F,0.1713815013218223
RR1 upon-euthanasia,RR3-40,Reactome,G Alpha (I) Signalling Events,1,34,0.4410929500123412,RGS16,0.4627737899282021
RR1 upon-euthanasia,RR3-40,Reactome,G Alpha (Q) Signalling Events,1,34,0.35335738724947263,RGS16,0.3871295977122541
RR1 upon-euthanasia,RR3-40,Reactome,G Alpha (Z) Signalling Events,1,34,0.09823530536418079,RGS16,0.19182225243037196
RR1 upon-euthanasia,RR3-40,Reactome,"Gamma Carboxylation, Hypusinylation, Hydroxylation, and Arylsulfatase Activation",1,34,0.10632043081871631,TPST2,0.1964547661993594
RR1 upon-euthanasia,RR3-40,Reactome,Gap-filling DNA Repair Synthesis and Ligation in TC-NER,1,34,0.12228014530783227,POLR2F,0.20675856704419718
RR1 upon-euthanasia,RR3-40,Reactome,Gene Silencing by RNA,1,34,0.1571846198176253,POLR2F,0.2273300926801637
RR1 upon-euthanasia,RR3-40,Reactome,Glucagon-like Peptide-1 (GLP1) Regulates Insulin Secretion,1,34,0.08185152255647589,RAPGEF4,0.17903212884260983
RR1 upon-euthanasia,RR3-40,Reactome,Glycerophospholipid Biosynthesis,1,34,0.23693049113097434,GPAM,0.2881335442241122
RR1 upon-euthanasia,RR3-40,Reactome,Growth Hormone Receptor Signaling,1,34,0.04177366393044041,SOCS2,0.16887822058551794
RR1 upon-euthanasia,RR3-40,Reactome,HIV Elongation Arrest and Recovery,1,34,0.06517897877168309,POLR2F,0.1713815013218223
RR1 upon-euthanasia,RR3-40,Reactome,HIV Infection,1,34,0.357753076697067,POLR2F,0.3894082940226333
RR1 upon-euthanasia,RR3-40,Reactome,HIV Life Cycle,1,34,0.25905559165751824,POLR2F,0.3048581962661669
RR1 upon-euthanasia,RR3-40,Reactome,HIV Transcription Elongation,1,34,0.08597434869818145,POLR2F,0.18040041303109938
RR1 upon-euthanasia,RR3-40,Reactome,HIV Transcription Initiation,1,34,0.08597434869818145,POLR2F,0.18040041303109938
RR1 upon-euthanasia,RR3-40,Reactome,Influenza Infection,1,34,0.22999469918500742,POLR2F,0.28247364840380873
RR1 upon-euthanasia,RR3-40,Reactome,Influenza Viral RNA Transcription and Replication,1,34,0.20163456746399475,POLR2F,0.26165995232749
RR1 upon-euthanasia,RR3-40,Reactome,Inhibition of DNA Recombination at Telomere,1,34,0.04821274150713547,POLR2F,0.16943706919845605
RR1 upon-euthanasia,RR3-40,Reactome,Integration of Energy Metabolism,2,34,0.021851188474179724,FASN;RAPGEF4,0.1676555669194543
RR1 upon-euthanasia,RR3-40,Reactome,Integrin Signaling,1,34,0.05460981416773477,RAPGEF4,0.16943706919845605
RR1 upon-euthanasia,RR3-40,Reactome,Interleukin-17 Signaling,1,34,0.14570221612293932,JUN,0.22379571161314998
RR1 upon-euthanasia,RR3-40,Reactome,Interleukin-7 Signaling,1,34,0.043924706808188024,SOCS2,0.16887822058551794
RR1 upon-euthanasia,RR3-40,Reactome,Intracellular Signaling by Second Messengers,1,34,0.481699834213718,JUN,0.49778330113237307
RR1 upon-euthanasia,RR3-40,Reactome,Killing Mechanisms,1,34,0.02439539420196393,JUN,0.1676555669194543
RR1 upon-euthanasia,RR3-40,Reactome,Late Phase of HIV Life Cycle,1,34,0.23865494199847495,POLR2F,0.28966158646481566
RR1 upon-euthanasia,RR3-40,Reactome,Leishmania Infection,1,34,0.2838112809528233,JUN,0.3241313337819145
RR1 upon-euthanasia,RR3-40,Reactome,MAP Kinase Activation,1,34,0.12819342954961352,JUN,0.2093713268897382
RR1 upon-euthanasia,RR3-40,Reactome,MAPK Family Signaling Cascades,1,34,0.4828845203069431,JUN,0.49817586344999637
RR1 upon-euthanasia,RR3-40,Reactome,MAPK Targets Nuclear Events Mediated by MAP Kinases,1,34,0.06307436251411702,JUN,0.1713815013218223
RR1 upon-euthanasia,RR3-40,Reactome,MAPK6 MAPK4 Signaling,1,34,0.15146226899066506,JUN,0.22591601085595586
RR1 upon-euthanasia,RR3-40,Reactome,MLL4 and MLL3 Complexes Regulate Expression of PPARG Targets in Adipogenesis and Hepatic Steatosis,2,34,0.011913458470842178,GPAM;PDK4,0.1676555669194543
RR1 upon-euthanasia,RR3-40,Reactome,Meiosis,1,34,0.12425555240782124,SUN2,0.20675856704419718
RR1 upon-euthanasia,RR3-40,Reactome,Meiotic Synapsis,1,34,0.07563342097828343,SUN2,0.1780799103508668
RR1 upon-euthanasia,RR3-40,Reactome,Metabolism of Amine-Derived Hormones,1,34,0.03529231403319618,DIO1,0.1676555669194543
RR1 upon-euthanasia,RR3-40,Reactome,Metabolism of Amino Acids and Derivatives,1,34,0.48876863788059777,DIO1,0.5025710744984884
RR1 upon-euthanasia,RR3-40,Reactome,Metabolism of Steroids,3,34,0.0032351660455649323,FASN;GPAM;MVD,0.12495871936980518
RR1 upon-euthanasia,RR3-40,Reactome,Metabolism of Vitamins and Cofactors,1,34,0.3294160393545436,FASN,0.36608353386079445
RR1 upon-euthanasia,RR3-40,Reactome,Metabolism of Water-Soluble Vitamins and Cofactors,1,34,0.22299773603402223,FASN,0.2766244461023242
RR1 upon-euthanasia,RR3-40,Reactome,MicroRNA (miRNA) Biogenesis,1,34,0.04821274150713547,POLR2F,0.16943706919845605
RR1 upon-euthanasia,RR3-40,Reactome,MyD88 Cascade Initiated on Plasma Membrane,1,34,0.18155161437880074,JUN,0.2464483537291177
RR1 upon-euthanasia,RR3-40,Reactome,MyD88 Dependent Cascade Initiated on Endosome,1,34,0.1925659631809016,JUN,0.2541542243261793
RR1 upon-euthanasia,RR3-40,Reactome,MyD88 MAL(TIRAP) Cascade Initiated on Plasma Membrane,1,34,0.21060428172086623,JUN,0.26823878680085633
RR1 upon-euthanasia,RR3-40,Reactome,MyD88-independent TLR4 Cascade,1,34,0.2052342611507687,JUN,0.26466668260901216
RR1 upon-euthanasia,RR3-40,Reactome,NGF-stimulated Transcription,1,34,0.08185152255647589,ID2,0.17903212884260983
RR1 upon-euthanasia,RR3-40,Reactome,NR1H2 and NR1H3-mediated Signaling,1,34,0.09007920395243824,FASN,0.18463254055152076
RR1 upon-euthanasia,RR3-40,Reactome,Neddylation,1,34,0.39050325301448163,SOCS2,0.41748102524346137
RR1 upon-euthanasia,RR3-40,Reactome,Negative Epigenetic Regulation of rRNA Expression,1,34,0.10026321723782444,POLR2F,0.19334246563929386
RR1 upon-euthanasia,RR3-40,Reactome,Negative Regulation of FLT3,1,34,0.030947796681526116,SOCS2,0.1676555669194543
RR1 upon-euthanasia,RR3-40,Reactome,Neurodegenerative Diseases,1,34,0.043924706808188024,JUN,0.16887822058551794
RR1 upon-euthanasia,RR3-40,Reactome,NoRC Negatively Regulates rRNA Expression,1,34,0.09416616428842849,POLR2F,0.1886370734451043
RR1 upon-euthanasia,RR3-40,Reactome,Nuclear Events (Kinase and Transcription Factor Activation),1,34,0.12425555240782124,ID2,0.20675856704419718
RR1 upon-euthanasia,RR3-40,Reactome,Nucleotide Excision Repair,1,34,0.20702819563399755,POLR2F,0.2658723093307977
RR1 upon-euthanasia,RR3-40,Reactome,Organic Cation Anion Zwitterion Transport,1,34,0.022201719405513083,SLC22A7,0.1676555669194543
RR1 upon-euthanasia,RR3-40,Reactome,Oxidative Stress Induced Senescence,1,34,0.1379630815555738,JUN,0.21620037337443082
RR1 upon-euthanasia,RR3-40,Reactome,P75 NTR Receptor-Mediated Signalling,1,34,0.19074028270927504,BEX3,0.25282277301293626
RR1 upon-euthanasia,RR3-40,Reactome,PIP3 Activates AKT Signaling,1,34,0.4372519366374449,JUN,0.46030433465744625
RR1 upon-euthanasia,RR3-40,Reactome,PIWI-interacting RNA (piRNA) Biogenesis,1,34,0.05885132451965759,POLR2F,0.16943706919845605
RR1 upon-euthanasia,RR3-40,Reactome,PTEN Regulation,1,34,0.24551499889243425,JUN,0.2956688410786319
RR1 upon-euthanasia,RR3-40,Reactome,Parasitic Infection Pathways,1,34,0.2838112809528233,JUN,0.3241313337819145
RR1 upon-euthanasia,RR3-40,Reactome,Pausing and Recovery of HIV Elongation,1,34,0.06517897877168309,POLR2F,0.1713815013218223
RR1 upon-euthanasia,RR3-40,Reactome,Pausing and Recovery of Tat-mediated HIV Elongation,1,34,0.06307436251411702,POLR2F,0.1713815013218223
RR1 upon-euthanasia,RR3-40,Reactome,Peroxisomal Lipid Metabolism,1,34,0.05460981416773477,HAO2,0.16943706919845605
RR1 upon-euthanasia,RR3-40,Reactome,Peroxisomal Protein Import,1,34,0.12425555240782124,HAO2,0.20675856704419718
RR1 upon-euthanasia,RR3-40,Reactome,Phase II - Conjugation of Compounds,1,34,0.13601769092587038,TPST2,0.21588448893106094
RR1 upon-euthanasia,RR3-40,Reactome,Phospholipid Metabolism,1,34,0.36066740951890913,GPAM,0.39030266869266567
RR1 upon-euthanasia,RR3-40,Reactome,"Platelet Activation, Signaling and Aggregation",1,34,0.42426262712281826,RAPGEF4,0.4489206259641444
RR1 upon-euthanasia,RR3-40,Reactome,Platelet Aggregation (Plug Formation),1,34,0.07978334657707489,RAPGEF4,0.17903212884260983
RR1 upon-euthanasia,RR3-40,Reactome,Positive Epigenetic Regulation of rRNA Expression,1,34,0.10026321723782444,POLR2F,0.19334246563929386
RR1 upon-euthanasia,RR3-40,Reactome,Post-translational Modification Synthesis of GPI-anchored Proteins,1,34,0.1552813438528138,LY6D,0.2266961128417258
RR1 upon-euthanasia,RR3-40,Reactome,Pre-NOTCH Expression and Processing,1,34,0.10833069250261732,JUN,0.19722558429152975
RR1 upon-euthanasia,RR3-40,Reactome,Pre-NOTCH Transcription and Translation,1,34,0.07563342097828343,JUN,0.1780799103508668
RR1 upon-euthanasia,RR3-40,Reactome,Processing of Capped Intron-Containing Pre-mRNA,1,34,0.43596591471552465,POLR2F,0.45973237003221423
RR1 upon-euthanasia,RR3-40,Reactome,Protein Localization,1,34,0.2854328043228441,HAO2,0.3247847534482362
RR1 upon-euthanasia,RR3-40,Reactome,Pyruvate Metabolism,1,34,0.09823530536418079,PDK4,0.19182225243037196
RR1 upon-euthanasia,RR3-40,Reactome,RAB Geranylgeranylation,1,34,0.12622664410768442,RAB34,0.20835811387375108
RR1 upon-euthanasia,RR3-40,Reactome,RNA Pol II CTD Phosphorylation and Interaction With CE,1,34,0.05248210738820894,POLR2F,0.16943706919845605
RR1 upon-euthanasia,RR3-40,Reactome,RNA Pol II CTD Phosphorylation and Interaction With CE During HIV Infection,1,34,0.05248210738820894,POLR2F,0.16943706919845605
RR1 upon-euthanasia,RR3-40,Reactome,RNA Polymerase I Promoter Clearance,1,34,0.10632043081871631,POLR2F,0.1964547661993594
RR1 upon-euthanasia,RR3-40,Reactome,RNA Polymerase I Promoter Escape,1,34,0.0672790061731871,POLR2F,0.1713815013218223
RR1 upon-euthanasia,RR3-40,Reactome,RNA Polymerase I Transcription,1,34,0.10632043081871631,POLR2F,0.1964547661993594
RR1 upon-euthanasia,RR3-40,Reactome,RNA Polymerase I Transcription Initiation,1,34,0.0921249162493117,POLR2F,0.18635726522328086
RR1 upon-euthanasia,RR3-40,Reactome,RNA Polymerase I Transcription Termination,1,34,0.05673288327726559,POLR2F,0.16943706919845605
RR1 upon-euthanasia,RR3-40,Reactome,RNA Polymerase II HIV Promoter Escape,1,34,0.08597434869818145,POLR2F,0.18040041303109938
RR1 upon-euthanasia,RR3-40,Reactome,RNA Polymerase II Pre-transcription Events,1,34,0.14954645234584693,POLR2F,0.22522932847221228
RR1 upon-euthanasia,RR3-40,Reactome,RNA Polymerase II Promoter Escape,1,34,0.08597434869818145,POLR2F,0.18040041303109938
RR1 upon-euthanasia,RR3-40,Reactome,RNA Polymerase II Transcribes snRNA Genes,1,34,0.14377377868755087,POLR2F,0.223047541372416
RR1 upon-euthanasia,RR3-40,Reactome,RNA Polymerase II Transcription Elongation,1,34,0.11233805751112014,POLR2F,0.2009747329461947
RR1 upon-euthanasia,RR3-40,Reactome,RNA Polymerase II Transcription Initiation,1,34,0.08597434869818145,POLR2F,0.18040041303109938
RR1 upon-euthanasia,RR3-40,Reactome,RNA Polymerase II Transcription Initiation And Promoter Clearance,1,34,0.08597434869818145,POLR2F,0.18040041303109938
RR1 upon-euthanasia,RR3-40,Reactome,RNA Polymerase II Transcription Pre-Initiation And Promoter Opening,1,34,0.08597434869818145,POLR2F,0.18040041303109938
RR1 upon-euthanasia,RR3-40,Reactome,RNA Polymerase III Abortive And Retractive Initiation,1,34,0.07978334657707489,POLR2F,0.17903212884260983
RR1 upon-euthanasia,RR3-40,Reactome,RNA Polymerase III Chain Elongation,1,34,0.030947796681526116,POLR2F,0.1676555669194543
RR1 upon-euthanasia,RR3-40,Reactome,RNA Polymerase III Transcription,1,34,0.07978334657707489,POLR2F,0.17903212884260983
RR1 upon-euthanasia,RR3-40,Reactome,RNA Polymerase III Transcription Initiation,1,34,0.06937445442150952,POLR2F,0.1717711491476576
RR1 upon-euthanasia,RR3-40,Reactome,RNA Polymerase III Transcription Initiation From Type 1 Promoter,1,34,0.05248210738820894,POLR2F,0.16943706919845605
RR1 upon-euthanasia,RR3-40,Reactome,RNA Polymerase III Transcription Initiation From Type 2 Promoter,1,34,0.05034975311571746,POLR2F,0.16943706919845605
RR1 upon-euthanasia,RR3-40,Reactome,RNA Polymerase III Transcription Initiation From Type 3 Promoter,1,34,0.05248210738820894,POLR2F,0.16943706919845605
RR1 upon-euthanasia,RR3-40,Reactome,RNA Polymerase III Transcription Termination,1,34,0.04177366393044041,POLR2F,0.16887822058551794
RR1 upon-euthanasia,RR3-40,Reactome,Rap1 Signalling,1,34,0.030947796681526116,RAPGEF4,0.1676555669194543
RR1 upon-euthanasia,RR3-40,Reactome,Regulation of Beta-Cell Development,1,34,0.08597434869818145,FOXA3,0.18040041303109938
RR1 upon-euthanasia,RR3-40,Reactome,Regulation of Cholesterol Biosynthesis by SREBP (SREBF),3,34,0.0002110941193566907,FASN;GPAM;MVD,0.032666814970447884
RR1 upon-euthanasia,RR3-40,Reactome,Regulation of Complement Cascade,1,34,0.05885132451965759,C8B,0.16943706919845605
RR1 upon-euthanasia,RR3-40,Reactome,Regulation of Gene Expression in Beta Cells,1,34,0.04177366393044041,FOXA3,0.16887822058551794
RR1 upon-euthanasia,RR3-40,Reactome,Regulation of Insulin Secretion,1,34,0.14954645234584693,RAPGEF4,0.22522932847221228
RR1 upon-euthanasia,RR3-40,Reactome,Regulation of PTEN Gene Transcription,1,34,0.12425555240782124,JUN,0.20675856704419718
RR1 upon-euthanasia,RR3-40,Reactome,Regulation of Pyruvate Dehydrogenase (PDH) Complex,1,34,0.030947796681526116,PDK4,0.1676555669194543
RR1 upon-euthanasia,RR3-40,Reactome,Regulation of Pyruvate Metabolism,1,34,0.06937445442150952,PDK4,0.1717711491476576
RR1 upon-euthanasia,RR3-40,Reactome,Reproduction,2,34,0.015163062991147308,IZUMO4;SUN2,0.1676555669194543
RR1 upon-euthanasia,RR3-40,Reactome,Respiratory Electron Transport,1,34,0.27400687889262826,UQCC2,0.3164370485718972
RR1 upon-euthanasia,RR3-40,Reactome,SLC-mediated Transmembrane Transport,1,34,0.40014481110498185,SLC22A7,0.42485358160203046
RR1 upon-euthanasia,RR3-40,Reactome,Senescence-Associated Secretory Phenotype (SASP),1,34,0.10833069250261732,JUN,0.19722558429152975
RR1 upon-euthanasia,RR3-40,Reactome,Signaling by ALK Fusions and Activated Point Mutants,1,34,0.1759898921277629,JUN,0.24316460541760096
RR1 upon-euthanasia,RR3-40,Reactome,Signaling by ALK in Cancer,1,34,0.1759898921277629,JUN,0.24316460541760096
RR1 upon-euthanasia,RR3-40,Reactome,Signaling by FGFR,1,34,0.17412784615756124,POLR2F,0.24221379049782113
RR1 upon-euthanasia,RR3-40,Reactome,Signaling by FGFR in Disease,1,34,0.12622664410768442,POLR2F,0.20835811387375108
RR1 upon-euthanasia,RR3-40,Reactome,Signaling by FGFR2,1,34,0.14570221612293932,POLR2F,0.22379571161314998
RR1 upon-euthanasia,RR3-40,Reactome,Signaling by FGFR2 IIIa TM,1,34,0.037457477497640786,POLR2F,0.1676555669194543
RR1 upon-euthanasia,RR3-40,Reactome,Signaling by FGFR2 in Disease,1,34,0.0880290179308599,POLR2F,0.18102977441595441
RR1 upon-euthanasia,RR3-40,Reactome,Signaling by Interleukins,2,34,0.21912652900367788,JUN;SOCS2,0.2750116155398868
RR1 upon-euthanasia,RR3-40,Reactome,Signaling by NOTCH,1,34,0.30619107387342703,JUN,0.3427346740102194
RR1 upon-euthanasia,RR3-40,Reactome,Signaling by NTRK1 (TRKA),1,34,0.22299773603402223,ID2,0.2766244461023242
RR1 upon-euthanasia,RR3-40,Reactome,Signaling by NTRKs,1,34,0.2556927246391149,ID2,0.30204923006032847
RR1 upon-euthanasia,RR3-40,Reactome,Signaling by Nuclear Receptors,5,34,0.00013754232215952894,FASN;GPAM;JUN;PDK4;POLR2F,0.028379565805582804
RR1 upon-euthanasia,RR3-40,Reactome,Signaling by Retinoic Acid,1,34,0.07563342097828343,PDK4,0.1780799103508668
RR1 upon-euthanasia,RR3-40,Reactome,Synthesis of PA,1,34,0.07771064924574791,GPAM,0.17903212884260983
RR1 upon-euthanasia,RR3-40,Reactome,Synthesis of Substrates in N-glycan Biosythesis,1,34,0.1301559178570362,MVD,0.2103564312101969
RR1 upon-euthanasia,RR3-40,Reactome,TP53 Regulates Transcription of DNA Repair Genes,2,34,0.0072086857294679,JUN;POLR2F,0.15914082236098176
RR1 upon-euthanasia,RR3-40,Reactome,TRAF6 Mediated Induction of NFkB and MAP Kinases Upon TLR7 8 or 9 Activation,1,34,0.19074028270927504,JUN,0.25282277301293626
RR1 upon-euthanasia,RR3-40,Reactome,TRIF (TICAM1)-mediated TLR4 Signaling,1,34,0.2052342611507687,JUN,0.26466668260901216
RR1 upon-euthanasia,RR3-40,Reactome,Tat-mediated Elongation of the HIV-1 Transcript,1,34,0.08597434869818145,POLR2F,0.18040041303109938
RR1 upon-euthanasia,RR3-40,Reactome,Tat-mediated HIV Elongation Arrest and Recovery,1,34,0.06307436251411702,POLR2F,0.1713815013218223
RR1 upon-euthanasia,RR3-40,Reactome,Telomere Maintenance,1,34,0.13601769092587038,POLR2F,0.21588448893106094
RR1 upon-euthanasia,RR3-40,Reactome,Toll Like Receptor 10 (TLR10) Cascade,1,34,0.18155161437880074,JUN,0.2464483537291177
RR1 upon-euthanasia,RR3-40,Reactome,Toll Like Receptor 2 (TLR2) Cascade,1,34,0.21238645000914586,JUN,0.26830043378706386
RR1 upon-euthanasia,RR3-40,Reactome,Toll Like Receptor 3 (TLR3) Cascade,1,34,0.19982879147236196,JUN,0.26040846720293065
RR1 upon-euthanasia,RR3-40,Reactome,Toll Like Receptor 4 (TLR4) Cascade,1,34,0.262403709767513,JUN,0.3076285915645654
RR1 upon-euthanasia,RR3-40,Reactome,Toll Like Receptor 5 (TLR5) Cascade,1,34,0.18155161437880074,JUN,0.2464483537291177
RR1 upon-euthanasia,RR3-40,Reactome,Toll Like Receptor 7 8 (TLR7 8) Cascade,1,34,0.19982879147236196,JUN,0.26040846720293065
RR1 upon-euthanasia,RR3-40,Reactome,Toll Like Receptor 9 (TLR9) Cascade,1,34,0.2052342611507687,JUN,0.26466668260901216
RR1 upon-euthanasia,RR3-40,Reactome,Toll Like Receptor TLR1 TLR2 Cascade,1,34,0.21238645000914586,JUN,0.26830043378706386
RR1 upon-euthanasia,RR3-40,Reactome,Toll Like Receptor TLR6 TLR2 Cascade,1,34,0.21060428172086623,JUN,0.26823878680085633
RR1 upon-euthanasia,RR3-40,Reactome,Toll-like Receptor Cascades,1,34,0.29827733945084084,JUN,0.33569758749103723
RR1 upon-euthanasia,RR3-40,Reactome,Transcription of the HIV Genome,1,34,0.13211411813465399,POLR2F,0.2124120496762359
RR1 upon-euthanasia,RR3-40,Reactome,Transcription-Coupled Nucleotide Excision Repair (TC-NER),1,34,0.14762643769642858,POLR2F,0.22452276396582133
RR1 upon-euthanasia,RR3-40,Reactome,Transcriptional Regulation by RUNX1,1,34,0.29668411270902634,GPAM,0.33451268809997686
RR1 upon-euthanasia,RR3-40,Reactome,Transcriptional Regulation by Small RNAs,1,34,0.0962029575173282,POLR2F,0.19025441119241585
RR1 upon-euthanasia,RR3-40,Reactome,Transcriptional Regulation by TP53,2,34,0.16306309120253995,JUN;POLR2F,0.23150470975773446
RR1 upon-euthanasia,RR3-40,Reactome,"Transport of Bile Salts and Organic Acids, Metal Ions and Amine Compounds",1,34,0.15337389653203262,SLC22A7,0.22658339368336083
RR1 upon-euthanasia,RR3-40,Reactome,Triglyceride Biosynthesis,1,34,0.022201719405513083,GPAM,0.1676555669194543
RR1 upon-euthanasia,RR3-40,Reactome,Triglyceride Metabolism,1,34,0.06937445442150952,GPAM,0.1717711491476576
RR1 upon-euthanasia,RR3-40,Reactome,Viral Messenger RNA Synthesis,1,34,0.08185152255647589,POLR2F,0.17903212884260983
RR1 upon-euthanasia,RR3-40,Reactome,Vitamin B5 (Pantothenate) Metabolism,1,34,0.037457477497640786,FASN,0.1676555669194543
RR1 upon-euthanasia,RR3-40,Reactome,WNT5 FZD7-mediated Leishmania Damping,1,34,0.02439539420196393,JUN,0.1676555669194543
RR1 upon-euthanasia,RR3-40,Reactome,mRNA Capping,1,34,0.05673288327726559,POLR2F,0.16943706919845605
RR1 upon-euthanasia,RR3-40,Reactome,mRNA Splicing,1,34,0.3518856790472157,POLR2F,0.3862007718621037
RR1 upon-euthanasia,RR3-40,Reactome,mRNA Splicing - Major Pathway,1,34,0.3414923094169978,POLR2F,0.3774709634448601
RR1 upon-euthanasia,RR3-40,Reactome,mRNA Splicing - Minor Pathway,1,34,0.09823530536418079,POLR2F,0.19182225243037196
