token_id,gene,cluster,mean_log1p_tpm
1,A1CF,1,0.4521672
2,A2M,4,5.2201385
3,A3GALT2,1,0.3152917
4,A4GALT,2,1.7004544
5,A4GNT,5,0.18071476
6,AAAS,7,3.6107225
7,AACS,9,2.8732061
8,AADAC,1,1.1043695
9,AADACL2,1,0.043815397
10,AADACL3,5,0.058271177
11,AADAT,3,1.686091
12,AAGAB,7,2.958637
13,AAK1,2,1.9494294
14,AAMDC,3,1.7346178
15,AAMP,7,4.5622835
16,AANAT,1,0.50041914
17,AAR2,8,2.5269928
18,AARD,5,0.6700735
19,AARS2,6,2.154738
20,AARSD1,7,3.9018934
21,AASDH,2,1.8286297
22,AASDHPPT,10,3.2040951
23,AASS,6,2.1352086
24,AATF,10,3.2548158
25,AATK,1,0.0
26,ABAT,3,2.9231791
27,ABCA1,2,2.2073307
28,ABCA12,1,0.107758775
29,ABCA13,5,0.24292104
30,ABCA2,7,3.37712
31,ABCA3,2,2.5884702
32,ABCA4,1,0.3056853
33,ABCA5,10,2.8406317
34,ABCA6,6,1.4889586
35,ABCA7,9,2.556761
36,ABCA8,8,2.6158035
37,ABCA9,3,2.241571
38,ABCB10,8,2.311055
39,ABCB11,1,0.521071
40,ABCB4,6,1.0481591
41,ABCB5,5,0.14250886
42,ABCB6,10,3.3455572
43,ABCB7,8,2.2119615
44,ABCB8,10,2.8257911
45,ABCB9,10,2.886552
46,ABCC1,8,2.6144955
47,ABCC10,2,2.4653347
48,ABCC12,1,0.38480222
49,ABCC2,1,1.0709351
50,ABCC3,3,2.01514
51,ABCC4,3,1.2148871
52,ABCC5,8,2.963879
53,ABCC6,5,1.2496101
54,ABCC8,3,1.6600816
55,ABCC9,6,1.5057796
56,ABCD1,8,2.3563762
57,ABCD2,5,0.8252061
58,ABCD3,9,3.12207
59,ABCD4,7,3.5756707
60,ABCE1,10,3.1009154
61,ABCF1,7,3.8324258
62,ABCF2,10,3.0764005
63,ABCF3,7,3.9276872
64,ABCG1,2,1.5949554
65,ABCG4,5,1.0953082
66,ABCG5,5,0.60381764
67,ABCG8,5,0.33657676
68,ABHD1,2,1.7915143
69,ABHD10,8,2.9196126
70,ABHD11,10,3.1044147
71,ABHD12,9,3.5174358
72,ABHD12B,6,0.6201653
73,ABHD13,2,1.8365369
74,ABHD14A,7,3.4846816
75,ABHD14B,8,3.111507
76,ABHD15,2,2.062446
77,ABHD16A,7,3.7673147
78,ABHD16B,6,2.1805823
79,ABHD17A,10,3.546296
80,ABHD17B,8,2.045756
81,ABHD17C,8,2.1369884
82,ABHD18,2,1.7181114
83,ABHD2,8,3.340493
84,ABHD3,9,2.6103158
85,ABHD4,10,3.223296
86,ABHD5,2,1.6979129
87,ABHD6,2,2.0894804
88,ABHD8,9,3.32002
89,ABI1,9,3.1392238
90,ABI2,9,2.506245
91,ABI3,6,2.0503383
92,ABI3BP,2,1.7978863
93,ABITRAM,8,2.6475582
94,ABL1,9,3.2426157
95,ABL2,3,1.8125554
96,ABLIM1,7,3.9267302
97,ABLIM2,9,2.35113
98,ABLIM3,8,3.1442883
99,ABO,8,2.628397
100,ABR,8,3.4286559
101,ABRA,1,1.0284328
102,ABRACL,6,1.6737419
103,ABRAXAS1,3,1.9375842
104,ABRAXAS2,2,2.3334985
105,ABT1,9,2.6155713
106,ABTB1,4,4.377763
107,ABTB2,3,1.8933507
108,ACAA2,4,3.7054982
109,ACACA,8,2.4277349
110,ACACB,9,3.2683702
111,ACAD11,9,3.4461908
112,ACAD8,10,3.6985781
113,ACAD9,8,3.0013363
114,ACADL,3,1.8855909
115,ACADM,7,3.403477
116,ACADS,7,3.8441615
117,ACADSB,2,2.8238883
118,ACADVL,4,6.1545677
119,ACAN,1,0.31260726
120,ACAP1,3,2.2949693
121,ACAP2,3,2.420985
122,ACAP3,4,4.0932207
123,ACAT1,7,3.832451
124,ACBD3,9,3.042714
125,ACBD4,9,2.7406247
126,ACBD5,2,2.070998
127,ACBD6,9,2.563875
128,ACBD7,5,0.6384024
129,ACCS,7,3.187024
130,ACCSL,1,0.110683985
131,ACD,7,3.2522287
132,ACE,3,2.4472477
133,ACE2,1,0.70270044
134,ACER1,1,0.34264672
135,ACER2,6,1.0742633
136,ACER3,2,1.9263175
137,ACHE,3,1.7973069
138,ACIN1,7,4.163286
139,ACKR1,9,3.7216272
140,ACKR2,5,0.6749383
141,ACKR3,3,2.6808155
142,ACKR4,6,0.9936298
143,ACLY,7,3.4297204
144,ACMSD,1,0.7584236
145,ACO1,8,2.8046317
146,ACO2,4,4.3897686
147,ACOD1,1,0.028540447
148,ACOT11,6,0.9851953
149,ACOT12,1,0.44608897
150,ACOT13,10,2.7920494
151,ACOT4,2,1.5519236
152,ACOT6,5,0.5319257
153,ACOT7,7,2.8439918
154,ACOT8,7,3.5669224
155,ACOX1,8,2.9593327
156,ACOX2,3,2.01258
157,ACOX3,2,1.7546644
158,ACOXL,1,0.35970443
159,ACP1,7,3.572781
160,ACP2,8,3.023304
161,ACP4,1,0.34753743
162,ACP5,3,1.9000999
163,ACP6,2,1.6904385
164,ACP7,5,0.41822603
165,ACR,2,1.3534619
166,ACRBP,3,1.9369617
167,ACRV1,5,0.62930167
168,ACSBG1,8,2.86938
169,ACSBG2,1,0.7766571
170,ACSF2,9,3.3267384
171,ACSF3,8,2.6909819
172,ACSL1,4,3.9786856
173,ACSL3,8,2.569191
174,ACSL4,3,2.7349699
175,ACSL5,8,2.5127366
176,ACSL6,3,1.602612
177,ACSM1,5,0.73971784
178,ACSM3,2,1.6314149
179,ACSM4,5,0.26212773
180,ACSM5,6,1.5659342
181,ACSS1,9,3.3192556
182,ACSS2,7,3.8919444
183,ACSS3,8,1.962481
184,ACTA1,3,2.796337
185,ACTA2,4,4.0911727
186,ACTB,4,6.93411
187,ACTBL2,1,0.1211641
188,ACTC1,3,2.445604
189,ACTG1,4,6.1711226
190,ACTG2,3,1.8820376
191,ACTL10,6,1.1200002
192,ACTL6A,7,3.108967
193,ACTL6B,6,1.1503721
194,ACTL7A,1,0.67283505
195,ACTL7B,5,0.68523365
196,ACTL9,5,0.58491945
197,ACTN1,7,3.984417
198,ACTN2,8,2.5408342
199,ACTN3,6,0.9068974
200,ACTN4,4,4.5065126
201,ACTR10,7,3.519956
202,ACTR1A,4,4.511906
203,ACTR1B,4,4.3927474
204,ACTR2,10,4.08573
205,ACTR3,7,3.320459
206,ACTR5,8,2.4119568
207,ACTR6,9,2.8529925
208,ACTR8,2,1.8437151
209,ACTRT1,1,0.2378306
210,ACTRT2,5,0.60362387
211,ACTRT3,6,1.091386
212,ACVR1,8,2.181361
213,ACVR1B,10,2.9206054
214,ACVR1C,6,0.6818771
215,ACVR2A,8,1.9891267
216,ACVR2B,3,1.3269236
217,ACVRL1,3,2.4807265
218,ACY1,9,3.0037377
219,ACY3,1,0.735169
220,ACYP2,3,2.2376301
221,ADA,9,1.7833487
222,ADAD1,5,0.5157935
223,ADAD2,1,1.2441167
224,ADAM10,9,2.227714
225,ADAM11,3,1.7237289
226,ADAM12,6,0.59635186
227,ADAM15,7,4.036592
228,ADAM17,8,2.2827456
229,ADAM18,1,0.27389947
230,ADAM2,1,0.39259884
231,ADAM21,1,0.42714608
232,ADAM22,6,1.1981571
233,ADAM23,2,1.4870371
234,ADAM28,6,0.9041896
235,ADAM29,5,0.49232206
236,ADAM30,1,0.35909936
237,ADAM32,6,1.2162867
238,ADAM33,8,2.9600966
239,ADAM7,1,0.17126144
240,ADAM8,3,2.2139137
241,ADAM9,10,2.8582308
242,ADAMDEC1,5,0.4718047
243,ADAMTS1,7,3.5301783
244,ADAMTS10,8,2.4626558
245,ADAMTS12,5,0.73487693
246,ADAMTS13,6,1.9444276
247,ADAMTS14,5,0.5550631
248,ADAMTS15,1,1.4244678
249,ADAMTS16,6,0.5290828
250,ADAMTS17,3,1.273872
251,ADAMTS18,1,0.5980717
252,ADAMTS19,1,0.14872324
253,ADAMTS2,3,2.1410868
254,ADAMTS20,5,0.028735321
255,ADAMTS3,6,0.6268034
256,ADAMTS4,2,1.7581102
257,ADAMTS5,2,1.2497094
258,ADAMTS6,6,0.6047241
259,ADAMTS7,6,1.7222084
260,ADAMTS8,6,1.2404763
261,ADAMTS9,2,1.8400741
262,ADAMTSL1,1,0.6453577
263,ADAMTSL2,3,2.228612
264,ADAMTSL3,6,1.3377653
265,ADAMTSL4,10,2.8981562
266,ADAMTSL5,6,1.4110861
267,ADAP1,8,2.5180216
268,ADAP2,6,1.5693966
269,ADAR,7,3.8920426
270,ADARB1,8,2.5945306
271,ADARB2,5,0.7708789
272,ADAT1,2,1.6758734
273,ADAT2,3,1.617182
274,ADCK1,2,2.1042678
275,ADCK2,8,2.5285528
276,ADCK5,7,2.6962996
277,ADCY1,6,1.8046539
278,ADCY10,5,0.5662298
279,ADCY2,5,1.4733425
280,ADCY3,9,3.0054955
281,ADCY4,8,3.1297758
282,ADCY5,3,2.434159
283,ADCY6,8,3.228461
284,ADCY7,9,2.2315428
285,ADCY8,1,0.5888336
286,ADCY9,9,2.5650544
287,ADCYAP1,1,0.8991542
288,ADCYAP1R1,6,1.4232781
289,ADD1,4,4.589419
290,ADD2,6,1.1879433
291,ADD3,8,3.3449376
292,ADGB,5,0.3193109
293,ADGRA1,6,0.74514186
294,ADGRA2,9,2.617043
295,ADGRA3,2,2.3782425
296,ADGRB1,5,1.4244939
297,ADGRB2,2,1.790339
298,ADGRB3,5,1.1671491
299,ADGRD1,9,2.030176
300,ADGRE1,6,0.7232458
301,ADGRE5,3,3.0826752
302,ADGRF1,1,0.246139
303,ADGRF3,5,0.48961154
304,ADGRF4,1,0.25118676
305,ADGRF5,8,2.7788892
306,ADGRG1,9,2.768894
307,ADGRG2,6,0.6545259
308,ADGRG3,6,1.4325219
309,ADGRG4,1,0.07137731
310,ADGRG5,1,0.6803147
311,ADGRG6,3,1.3802909
312,ADGRG7,5,0.23947178
313,ADGRL1,3,2.5698202
314,ADGRL2,3,2.032144
315,ADGRL3,1,0.99088556
316,ADGRL4,8,2.3511078
317,ADGRV1,6,0.73669183
318,ADH4,5,1.0129415
319,ADH5,7,4.119317
320,ADH6,1,0.7040377
321,ADH7,5,0.16118047
322,ADHFE1,7,3.5899582
323,ADI1,10,3.5159867
324,ADIG,1,0.45708483
325,ADIPOQ,1,1.0186925
326,ADIPOR1,7,3.734036
327,ADIPOR2,10,3.580659
328,ADK,9,2.595656
329,ADM,9,3.1442502
330,ADM2,5,0.71056336
331,ADNP,8,2.9544866
332,ADNP2,3,2.2624948
333,ADO,2,2.5663211
334,ADORA1,3,1.8157681
335,ADORA2A,1,1.20568
336,ADORA2B,3,1.2977097
337,ADORA3,3,1.3138477
338,ADPGK,7,3.6303136
339,ADPRH,9,1.6611516
340,ADPRM,3,1.8622783
341,ADPRS,10,3.3700356
342,ADRA1A,6,1.0578926
343,ADRA1B,6,1.171907
344,ADRA1D,6,0.7683171
345,ADRA2A,10,2.0357423
346,ADRA2B,6,1.3992095
347,ADRA2C,2,1.9744987
348,ADRB1,8,1.3646142
349,ADRB2,3,1.957197
350,ADRB3,5,0.092034355
351,ADSL,8,2.916145
352,ADTRP,6,1.0750426
353,AEBP1,4,4.0628114
354,AEBP2,2,2.1386938
355,AEN,8,2.0702035
356,AFAP1,2,2.0835485
357,AFAP1L1,8,2.075778
358,AFAP1L2,2,2.2454784
359,AFDN,8,3.3148284
360,AFF1,9,2.9727597
361,AFF2,6,0.7147674
362,AFF3,6,1.550749
363,AFF4,9,3.0753496
364,AFG1L,6,1.1029421
365,AFG3L2,7,3.7261353
366,AFM,5,0.56305134
367,AFMID,10,3.0783162
368,AFP,5,0.16860142
369,AFTPH,8,2.809813
370,AGA,3,2.2747757
371,AGAP1,3,2.0147898
372,AGAP2,2,2.3365185
373,AGAP3,7,3.72745
374,AGBL1,5,0.23732133
375,AGBL2,6,1.0137298
376,AGBL3,6,1.2672467
377,AGBL4,6,0.4661047
378,AGBL5,10,3.1424613
379,AGER,9,2.9366872
380,AGFG1,8,2.875155
381,AGFG2,9,2.6878095
382,AGGF1,8,2.4958422
383,AGK,8,2.2401254
384,AGL,10,2.66939
385,AGMAT,5,0.9662307
386,AGMO,5,0.79376674
387,AGO1,3,2.0573313
388,AGO2,2,2.2676437
389,AGO3,2,1.4675965
390,AGO4,8,2.655684
391,AGPAT1,7,3.7134395
392,AGPAT2,7,4.0456743
393,AGPAT3,10,3.28057
394,AGPAT4,2,1.6570121
395,AGPAT5,3,2.1259015
396,AGPS,3,1.9894874
397,AGR2,5,0.48446304
398,AGR3,1,0.5503449
399,AGRN,10,2.9920208
400,AGRP,1,0.5210892
401,AGT,3,2.606152
402,AGTPBP1,3,2.5227158
403,AGTR2,1,0.20957597
404,AGTRAP,7,3.6072168
405,AGXT,5,0.8721748
406,AGXT2,5,0.38377818
407,AHCTF1,3,2.5179827
408,AHCYL1,7,4.16319
409,AHCYL2,2,2.619843
410,AHDC1,10,2.9862564
411,AHI1,3,1.7534491
412,AHNAK,4,4.2792654
413,AHR,3,2.262647
414,AHRR,6,1.0915464
415,AHSA1,7,4.1890993
416,AHSG,1,1.0099055
417,AICDA,1,0.113100424
418,AIDA,10,3.0647895
419,AIF1,8,2.896187
420,AIF1L,7,3.0694475
421,AIFM1,9,2.7894363
422,AIFM2,3,1.5844349
423,AIFM3,1,1.5322891
424,AIG1,8,1.9881668
425,AIM2,6,0.6710925
426,AIMP1,8,2.2478414
427,AIMP2,7,3.5948007
428,AIP,7,3.9986823
429,AIPL1,5,0.099811666
430,AIRE,1,0.3358136
431,AJAP1,6,0.7188027
432,AJM1,10,2.3746731
433,AJUBA,6,1.607509
434,AK1,4,3.7206948
435,AK2,8,2.8337958
436,AK3,9,3.4709778
437,AK5,6,0.9727228
438,AK7,6,0.6895987
439,AK8,5,1.0910026
440,AK9,3,1.0978805
441,AKAIN1,1,0.32431325
442,AKAP1,10,3.3295095
443,AKAP10,10,2.5738945
444,AKAP11,2,2.5265923
445,AKAP12,7,3.3491273
446,AKAP13,7,2.9041705
447,AKAP3,1,0.8324724
448,AKAP4,5,0.6355141
449,AKAP6,6,1.4594499
450,AKAP7,2,2.1198077
451,AKAP8,8,3.2343512
452,AKAP8L,4,4.6683397
453,AKAP9,2,2.4875162
454,AKIP1,2,2.4625263
455,AKIRIN1,10,3.7233095
456,AKIRIN2,10,3.7259483
457,AKNA,3,2.3603733
458,AKR1A1,7,3.8049595
459,AKR1D1,1,0.5410868
460,AKR1E2,3,1.4290729
461,AKR7L,3,1.8266082
462,AKT1,7,3.9535172
463,AKT1S1,10,2.7344105
464,AKT2,7,3.2240365
465,AKT3,3,2.2595952
466,AKTIP,10,2.968334
467,ALAD,9,3.2337599
468,ALAS1,8,3.4675038
469,ALAS2,6,0.79531544
470,ALB,3,2.3529055
471,ALCAM,8,2.45613
472,ALDH16A1,9,2.9691253
473,ALDH18A1,10,2.7644672
474,ALDH1A2,2,1.9796883
475,ALDH1A3,6,1.91481
476,ALDH1B1,8,2.516701
477,ALDH1L1,10,2.8863497
478,ALDH1L2,2,1.4079266
479,ALDH2,4,3.8317745
480,ALDH3A1,5,0.6536661
481,ALDH3A2,7,3.5104265
482,ALDH3B1,10,1.8855244
483,ALDH4A1,10,3.1615791
484,ALDH5A1,8,2.5354555
485,ALDH6A1,7,3.0435932
486,ALDH7A1,3,2.6953118
487,ALDH8A1,1,1.2676522
488,ALDOB,1,1.202094
489,ALDOC,4,4.068449
490,ALG11,6,1.0570043
491,ALG12,3,1.7986664
492,ALG13,9,2.461712
493,ALG14,6,0.9492427
494,ALG2,8,2.9184182
495,ALG3,9,3.3116348
496,ALG5,2,2.2486093
497,ALG6,3,1.8521615
498,ALG8,2,2.0113022
499,ALG9,2,2.1543536
500,ALK,5,0.31474945
501,ALKAL1,5,0.12064041
502,ALKAL2,6,1.3580003
503,ALKBH1,2,2.122192
504,ALKBH2,10,2.377412
505,ALKBH3,10,2.7925797
506,ALKBH4,8,2.3540027
507,ALKBH5,7,4.226991
508,ALKBH6,8,2.8010247
509,ALKBH7,7,4.399097
510,ALKBH8,3,1.3864177
511,ALLC,1,0.77648836
512,ALOX12,3,1.1906881
513,ALOX12B,5,0.4406882
514,ALOX15,1,0.4522124
515,ALOX15B,6,1.1377506
516,ALOX5,9,2.8882573
517,ALOX5AP,8,1.9599432
518,ALOXE3,5,0.45461702
519,ALPK1,2,1.969068
520,ALPK2,1,1.1254232
521,ALPK3,8,2.1030786
522,ALPL,10,2.920704
523,ALS2,3,2.008435
524,ALS2CL,10,3.0306559
525,ALX1,5,0.15898237
526,ALX3,3,1.4735258
527,ALX4,5,0.17754555
528,AMACR,8,2.0059276
529,AMBN,5,0.028608201
530,AMBP,5,1.4986281
531,AMBRA1,9,2.4964619
532,AMDHD1,6,1.2007284
533,AMDHD2,9,3.0801768
534,AMELX,1,0.07249667
535,AMER1,6,1.1084911
536,AMER2,8,0.8480537
537,AMER3,5,0.6451248
538,AMFR,7,3.9507399
539,AMH,2,1.6574112
540,AMHR2,3,0.91412634
541,AMIGO1,3,2.1128397
542,AMIGO2,2,1.6449238
543,AMIGO3,2,1.8738233
544,AMMECR1,2,1.1985846
545,AMMECR1L,10,2.5754373
546,AMN,7,3.9601665
547,AMN1,8,2.4909554
548,AMOT,2,1.4894873
549,AMOTL1,9,2.7812667
550,AMOTL2,10,3.0764043
551,AMPD1,5,0.8110985
552,AMPD2,10,3.1349394
553,AMPD3,2,1.7145455
554,AMPH,6,1.8610629
555,AMT,7,3.6772075
556,AMTN,1,0.03757283
557,AMZ1,5,0.34410098
558,AMZ2,10,3.165217
559,ANAPC1,9,2.1489875
560,ANAPC10,3,1.8146843
561,ANAPC11,7,3.1893692
562,ANAPC13,9,2.9782345
563,ANAPC15,9,2.6517808
564,ANAPC16,10,3.290045
565,ANAPC2,7,3.7629676
566,ANAPC4,10,2.8433144
567,ANAPC5,4,4.656732
568,ANAPC7,7,3.3190098
569,ANGEL1,10,2.9219704
570,ANGEL2,8,2.589679
571,ANGPT1,3,1.508638
572,ANGPT2,1,1.045611
573,ANGPT4,6,0.4951038
574,ANGPTL1,3,1.6342012
575,ANGPTL2,7,3.0765924
576,ANGPTL3,1,0.6005313
577,ANGPTL4,10,3.2269626
578,ANGPTL6,3,2.3115156
579,ANGPTL7,6,0.86645347
580,ANGPTL8,10,2.1185586
581,ANK1,3,1.6529437
582,ANK2,8,2.100359
583,ANKAR,6,1.165038
584,ANKDD1A,10,2.2877977
585,ANKDD1B,1,0.49178573
586,ANKEF1,3,1.1730937
587,ANKFN1,1,0.20927028
588,ANKFY1,2,2.9589665
589,ANKH,9,2.918237
590,ANKHD1,10,3.3329155
591,ANKIB1,2,2.483658
592,ANKK1,6,0.59322804
593,ANKLE1,5,0.9901707
594,ANKLE2,8,3.2458487
595,ANKMY1,2,2.0384417
596,ANKMY2,8,2.6778505
597,ANKRA2,8,2.6530256
598,ANKRD1,2,2.300179
599,ANKRD10,7,4.3653183
600,ANKRD11,9,3.0156906
601,ANKRD12,2,2.4375336
602,ANKRD13A,9,3.261466
603,ANKRD13B,3,2.4022264
604,ANKRD13C,2,2.0614316
605,ANKRD13D,4,3.653465
606,ANKRD16,2,1.7403125
607,ANKRD17,10,2.892876
608,ANKRD2,1,1.5323766
609,ANKRD22,5,0.481349
610,ANKRD23,8,2.8125355
611,ANKRD24,2,1.5932513
612,ANKRD27,8,2.252765
613,ANKRD28,9,2.7693481
614,ANKRD29,3,1.6586237
615,ANKRD31,5,0.31073794
616,ANKRD33,1,0.19245084
617,ANKRD33B,2,1.1795306
618,ANKRD34A,6,1.3548524
619,ANKRD34B,1,0.12262458
620,ANKRD34C,5,0.31970665
621,ANKRD35,2,1.6054778
622,ANKRD37,7,3.8691764
623,ANKRD39,7,4.25449
624,ANKRD40,9,3.525603
625,ANKRD40CL,5,0.07254626
626,ANKRD42,6,1.6775187
627,ANKRD44,2,1.274696
628,ANKRD45,5,0.5404248
629,ANKRD46,2,1.7758433
630,ANKRD49,8,2.2392132
631,ANKRD52,8,2.859849
632,ANKRD54,7,3.0391784
633,ANKRD55,1,0.6033673
634,ANKRD6,6,2.0337973
635,ANKRD60,1,0.12968963
636,ANKRD61,5,0.70977837
637,ANKRD63,1,0.04647939
638,ANKRD65,6,1.2642101
639,ANKRD66,5,0.08412025
640,ANKRD9,3,2.5260518
641,ANKS1A,10,2.7201064
642,ANKS1B,6,1.4093404
643,ANKS3,9,2.937679
644,ANKS4B,1,0.40503335
645,ANKS6,9,2.186071
646,ANKUB1,3,1.1545211
647,ANKZF1,4,4.1111994
648,ANLN,6,1.1418506
649,ANO1,3,1.9332844
650,ANO10,2,2.1137543
651,ANO2,3,1.2562377
652,ANO3,1,0.5522594
653,ANO4,5,0.57710963
654,ANO5,6,1.4288266
655,ANO6,9,2.7338934
656,ANO7,5,0.51080567
657,ANO8,2,2.7134352
658,ANO9,3,1.6063018
659,ANP32B,4,4.612967
660,ANP32E,3,3.1253927
661,ANPEP,7,3.1049962
662,ANTKMT,7,3.4433055
663,ANTXR1,10,2.5446017
664,ANTXR2,2,1.960304
665,ANXA1,8,3.3915143
666,ANXA10,5,0.67798424
667,ANXA11,7,3.5812347
668,ANXA13,1,0.41509584
669,ANXA2,7,3.5731242
670,ANXA3,10,2.6122568
671,ANXA4,3,2.3523257
672,ANXA5,4,4.79004
673,ANXA6,4,4.6825294
674,ANXA7,10,3.7246141
675,ANXA9,6,1.5764457
676,AOAH,3,1.0173073
677,AOC2,3,1.4586151
678,AOC3,3,2.9867554
679,AOPEP,10,3.1599312
680,AOX1,3,2.754156
681,AP1AR,2,1.8772475
682,AP1B1,7,3.8108509
683,AP1G1,8,3.1337662
684,AP1G2,7,4.062295
685,AP1M1,3,2.4397254
686,AP1M2,6,1.1691968
687,AP1S1,7,3.3321757
688,AP1S2,9,2.484415
689,AP1S3,5,0.47781804
690,AP2A1,10,4.523081
691,AP2A2,4,4.035471
692,AP2B1,4,4.083499
693,AP2M1,4,5.0812745
694,AP2S1,4,4.368827
695,AP3B1,6,1.5587499
696,AP3B2,5,1.2798057
697,AP3D1,7,4.258338
698,AP3M1,10,2.6317194
699,AP3M2,9,2.6742315
700,AP3S1,7,3.7761512
701,AP3S2,9,2.9176016
702,AP4B1,8,2.7007866
703,AP4E1,3,1.6970638
704,AP4M1,7,2.9198544
705,AP4S1,3,1.1256189
706,AP5B1,2,1.9733855
707,AP5M1,3,1.8300953
708,AP5S1,2,1.5850966
709,AP5Z1,8,2.8474774
710,APAF1,10,1.8641249
711,APBA1,10,1.9437546
712,APBA2,3,1.7207458
713,APBA3,8,2.88754
714,APBB1,9,3.4073343
715,APBB1IP,6,1.8823601
716,APBB2,9,2.3296885
717,APBB3,4,3.9687612
718,APC,3,2.1539733
719,APC2,5,1.2623665
720,APCDD1,8,2.4341764
721,APCS,1,0.975705
722,APEH,7,3.7078462
723,APEX1,4,4.380053
724,APEX2,2,2.3303604
725,APH1A,7,4.4186506
726,API5,7,3.4468668
727,APIP,8,2.538659
728,APLF,5,0.0
729,APLN,6,1.3164393
730,APLNR,8,2.2820067
731,APLP1,8,2.2998123
732,APLP2,4,5.060393
733,APMAP,7,4.477746
734,APOA1,6,2.428773
735,APOA2,5,1.3692976
736,APOA4,5,0.6251873
737,APOA5,1,0.6816717
738,APOB,1,0.9506629
739,APOBEC1,1,0.020987175
740,APOBEC2,5,1.0403987
741,APOBEC4,1,0.33806613
742,APOC1,10,2.7432663
743,APOC2,5,1.476582
744,APOC4,1,0.7438654
745,APOD,4,4.9158363
746,APOE,4,4.888662
747,APOF,5,0.6169597
748,APOH,1,1.2119375
749,APOLD1,9,3.65499
750,APOM,10,2.6539087
751,APOO,3,1.9978024
752,APOOL,2,2.0039134
753,APP,4,5.2368655
754,APPBP2,9,2.5785754
755,APPL1,8,2.7797368
756,APPL2,3,2.9317973
757,APRT,7,4.095658
758,APTX,3,2.4553933
759,AQP1,7,4.3420463
760,AQP11,3,1.3035283
761,AQP2,1,0.12218526
762,AQP3,9,3.0644593
763,AQP4,1,1.6881043
764,AQP5,3,1.3869203
765,AQP6,1,0.49187067
766,AQP8,6,0.9802653
767,AQP9,5,1.8046352
768,AQR,2,2.1891394
769,AR,6,1.3692899
770,ARAF,10,3.3795114
771,ARAP1,7,3.2187002
772,ARAP2,2,1.7765045
773,ARAP3,10,2.511547
774,ARC,2,1.1739326
775,ARCN1,7,3.9693985
776,AREG,6,1.7165449
777,AREL1,8,2.7216108
778,ARF1,4,4.7787027
779,ARF3,4,3.7472126
780,ARF4,4,4.573438
781,ARF5,4,5.1502447
782,ARF6,7,3.3853319
783,ARFGAP1,7,4.0060277
784,ARFGAP2,4,4.1750593
785,ARFGAP3,7,3.7190757
786,ARFGEF1,9,2.7718692
787,ARFGEF2,10,2.6242692
788,ARFGEF3,2,1.2869136
789,ARFIP1,2,1.6786857
790,ARFIP2,8,3.0784423
791,ARFRP1,9,3.2590783
792,ARG1,6,1.6010268
793,ARG2,10,3.4018712
794,ARGLU1,4,4.6690073
795,ARHGAP1,4,3.7165263
796,ARHGAP10,10,2.694146
797,ARHGAP11A,1,0.84626275
798,ARHGAP12,9,2.7219472
799,ARHGAP15,5,1.2515545
800,ARHGAP17,7,3.6477025
801,ARHGAP18,3,1.9785249
802,ARHGAP19,10,1.9200916
803,ARHGAP20,2,1.2685531
804,ARHGAP21,7,3.3381543
805,ARHGAP22,6,1.2921231
806,ARHGAP23,7,2.9534986
807,ARHGAP24,8,1.9883462
808,ARHGAP25,3,1.7553911
809,ARHGAP26,3,2.4437828
810,ARHGAP27,10,2.5295985
811,ARHGAP28,3,1.1228489
812,ARHGAP29,9,2.677883
813,ARHGAP30,2,1.9857029
814,ARHGAP31,6,1.892775
815,ARHGAP32,10,2.1084428
816,ARHGAP33,10,2.8435812
817,ARHGAP35,9,3.130542
818,ARHGAP36,5,0.36232418
819,ARHGAP39,8,1.7878803
820,ARHGAP4,10,3.7143264
821,ARHGAP40,1,0.31771415
822,ARHGAP42,6,1.1245062
823,ARHGAP44,3,2.2196248
824,ARHGAP45,9,2.5411417
825,ARHGAP5,8,2.585982
826,ARHGAP6,5,1.4888843
827,ARHGAP8,6,1.6005383
828,ARHGAP9,10,2.4935842
829,ARHGDIA,4,5.260269
830,ARHGDIB,7,3.665206
831,ARHGDIG,8,3.1383302
832,ARHGEF1,10,3.2411444
833,ARHGEF10,10,2.458674
834,ARHGEF10L,10,3.5708048
835,ARHGEF11,10,3.1304371
836,ARHGEF12,9,3.333321
837,ARHGEF15,3,2.2312403
838,ARHGEF16,3,1.5627999
839,ARHGEF17,10,3.2202847
840,ARHGEF18,8,3.1757982
841,ARHGEF19,3,1.0968546
842,ARHGEF2,9,3.4243653
843,ARHGEF25,10,3.2982874
844,ARHGEF26,3,1.9152389
845,ARHGEF28,3,1.4662824
846,ARHGEF3,9,2.4366193
847,ARHGEF33,6,0.8816894
848,ARHGEF37,2,2.1130576
849,ARHGEF38,1,0.9636461
850,ARHGEF39,9,2.8010678
851,ARHGEF40,9,3.2577853
852,ARHGEF5,6,1.2961491
853,ARHGEF6,10,2.5146592
854,ARHGEF7,10,3.264321
855,ARHGEF9,2,1.9555048
856,ARID1A,10,3.0672584
857,ARID1B,3,2.590231
858,ARID2,2,1.9800262
859,ARID3A,3,1.6438545
860,ARID3B,3,1.697984
861,ARID3C,5,0.36146387
862,ARID4A,8,2.3681376
863,ARID4B,7,3.1503384
864,ARID5A,8,3.1705468
865,ARID5B,6,2.4823554
866,ARIH1,8,2.1302588
867,ARIH2,7,3.284571
868,ARL1,9,3.3812418
869,ARL10,3,1.4798709
870,ARL11,6,0.4887883
871,ARL13B,2,1.4104137
872,ARL14,5,0.2519307
873,ARL14EP,2,2.1277237
874,ARL14EPL,1,0.064587265
875,ARL15,6,2.0513918
876,ARL16,7,3.6390154
877,ARL2,4,3.7686424
878,ARL2BP,7,3.8447587
879,ARL3,10,2.6366956
880,ARL4A,3,2.3019235
881,ARL4C,8,2.3775644
882,ARL4D,8,2.5495472
883,ARL5A,2,2.199824
884,ARL5B,2,2.09263
885,ARL5C,1,0.3009078
886,ARL6,2,1.4264454
887,ARL6IP1,4,4.3899527
888,ARL6IP4,4,4.598628
889,ARL6IP5,7,4.290281
890,ARL6IP6,6,1.757445
891,ARL8A,7,4.0032735
892,ARL8B,7,3.9693592
893,ARMC1,3,2.2008107
894,ARMC10,2,2.1041515
895,ARMC12,6,1.5063237
896,ARMC2,3,1.3675587
897,ARMC3,5,0.5508642
898,ARMC5,8,2.3048236
899,ARMC6,10,2.8044393
900,ARMC7,8,2.269448
901,ARMC8,10,2.7810752
902,ARMC9,5,1.0642365
903,ARMCX1,3,2.3469324
904,ARMCX2,8,2.3334942
905,ARMCX3,8,3.2352874
906,ARMCX4,3,1.9257606
907,ARMCX5,2,1.6565589
908,ARMCX6,9,2.329724
909,ARMH1,2,1.8256229
910,ARMH2,6,0.5459463
911,ARMH3,9,2.6740923
912,ARMH4,5,1.104075
913,ARMT1,5,0.0
914,ARNT,9,3.1146822
915,ARNT2,6,2.0585806
916,ARPC1A,4,4.528245
917,ARPC2,4,5.1159606
918,ARPC3,4,4.701104
919,ARPC4,4,5.1639442
920,ARPC5,10,3.005352
921,ARPC5L,7,3.6316218
922,ARPIN,9,2.2250087
923,ARPP19,7,3.627637
924,ARPP21,6,1.177382
925,ARR3,5,0.29965776
926,ARRB1,8,2.1763718
927,ARRB2,7,3.7462285
928,ARRDC1,9,3.714946
929,ARRDC2,7,3.382865
930,ARRDC3,10,3.2925396
931,ARRDC4,9,2.6407757
932,ARRDC5,5,0.66029644
933,ARSA,9,3.2584255
934,ARSB,3,1.3227502
935,ARSG,3,2.1807544
936,ARSI,1,0.6025705
937,ARSJ,6,0.92695856
938,ARSK,2,1.2596995
939,ART1,5,0.1977541
940,ART3,8,1.8156176
941,ART4,5,0.8639346
942,ART5,6,0.8062187
943,ARTN,5,0.6743672
944,ARV1,2,2.0389292
945,ARVCF,10,3.123659
946,ARX,5,0.8208722
947,AS3MT,8,2.5686693
948,ASAH1,7,4.041972
949,ASAP1,8,2.9254768
950,ASAP2,8,2.4387658
951,ASAP3,7,2.850688
952,ASB1,9,2.6287074
953,ASB10,5,0.5858194
954,ASB11,5,0.5980514
955,ASB12,1,0.82460415
956,ASB13,7,2.9889164
957,ASB14,6,1.2950212
958,ASB15,6,0.58581746
959,ASB16,3,1.9170395
960,ASB17,1,0.43624455
961,ASB18,5,0.16456072
962,ASB2,9,1.7125807
963,ASB3,8,2.1789308
964,ASB4,5,0.48725435
965,ASB5,1,0.78345305
966,ASB6,8,3.1077204
967,ASB7,3,1.6273496
968,ASB8,8,3.1049807
969,ASB9,1,1.3878016
970,ASCC1,9,2.5411265
971,ASCC2,10,3.3223405
972,ASCC3,2,1.761007
973,ASCL1,5,0.6210276
974,ASCL2,1,0.6450422
975,ASCL3,1,0.09933787
976,ASCL4,1,0.048732005
977,ASCL5,5,0.29944286
978,ASF1A,8,2.4530993
979,ASF1B,5,1.1883088
980,ASGR1,6,1.9666293
981,ASGR2,5,1.0803413
982,ASH1L,9,2.7349768
983,ASH2L,10,2.9113376
984,ASIC1,3,1.1857275
985,ASIC2,5,0.58151436
986,ASIC3,10,2.4373746
987,ASIC4,5,0.903533
988,ASIC5,5,0.023543227
989,ASIP,6,0.4798967
990,ASL,10,3.1418765
991,ASNS,8,2.9275768
992,ASNSD1,9,3.2853372
993,ASPA,2,1.5930264
994,ASPDH,6,1.4896414
995,ASPG,6,1.0840435
996,ASPH,9,2.6511219
997,ASPHD1,2,1.8113723
998,ASPHD2,2,1.1368504
999,ASPM,1,0.4313151
1000,ASPN,5,1.3685015
1001,ASPRV1,3,1.8010176
1002,ASPSCR1,9,3.7308493
1003,ASRGL1,4,2.9719746
1004,ASS1,9,3.01311
1005,ASTE1,3,1.620256
1006,ASTL,1,0.24802715
1007,ASTN1,6,0.99829215
1008,ASTN2,3,1.2173069
1009,ASXL1,9,3.438276
1010,ASXL2,3,1.8053664
1011,ASXL3,6,0.55492586
1012,ASZ1,5,0.38201562
1013,ATAD1,10,2.6793537
1014,ATAD2,2,1.820964
1015,ATAD2B,2,1.7623885
1016,ATAD3A,9,3.18257
1017,ATAD5,5,0.8887264
1018,ATAT1,8,2.4347749
1019,ATCAY,5,1.023327
1020,ATE1,6,1.866116
1021,ATF1,3,1.6400875
1022,ATF2,8,2.7303295
1023,ATF3,10,3.0013578
1024,ATF4,4,5.51933
1025,ATF5,9,3.3302546
1026,ATF6,3,2.2679443
1027,ATF6B,7,4.0662265
1028,ATF7,10,2.8405719
1029,ATF7IP,3,2.547305
1030,ATG10,7,3.4174657
1031,ATG101,7,3.3343623
1032,ATG12,2,3.1217759
1033,ATG13,7,3.3955472
1034,ATG14,8,2.647348
1035,ATG16L1,7,3.1656635
1036,ATG16L2,7,3.6579967
1037,ATG2A,9,3.0055547
1038,ATG2B,9,2.510032
1039,ATG3,10,3.2835054
1040,ATG4B,7,4.0821476
1041,ATG4C,3,1.6757373
1042,ATG4D,7,3.364564
1043,ATG5,9,2.4444873
1044,ATG7,10,3.0651076
1045,ATG9A,7,4.035653
1046,ATG9B,2,2.1698062
1047,ATIC,7,3.5605023
1048,ATL1,3,1.5025201
1049,ATL2,9,2.886503
1050,ATL3,10,2.810902
1051,ATM,2,1.9666526
1052,ATMIN,10,2.917868
1053,ATN1,7,4.57813
1054,ATOH1,1,0.015254601
1055,ATOH7,5,0.5271718
1056,ATOH8,6,2.4101903
1057,ATOX1,3,2.2517343
1058,ATP10A,3,1.2547144
1059,ATP10B,5,0.41915327
1060,ATP10D,2,1.758115
1061,ATP11A,2,2.5556035
1062,ATP11B,8,2.4955733
1063,ATP11C,8,1.8634735
1064,ATP12A,1,0.19184215
1065,ATP13A1,9,3.6812387
1066,ATP13A2,7,3.3689053
1067,ATP13A3,8,2.8380508
1068,ATP13A4,3,0.784282
1069,ATP13A5,1,0.28580523
1070,ATP1A1,4,5.1860285
1071,ATP1A2,8,3.4721198
1072,ATP1A3,9,2.3617795
1073,ATP1A4,5,0.82795715
1074,ATP1B1,7,3.601214
1075,ATP1B2,9,2.580548
1076,ATP1B3,4,4.042047
1077,ATP1B4,5,0.27479658
1078,ATP23,3,1.5618987
1079,ATP2A1,6,1.9017415
1080,ATP2A2,4,4.436049
1081,ATP2A3,3,2.6801503
1082,ATP2B1,3,2.6259716
1083,ATP2B2,6,1.5035349
1084,ATP2B3,1,0.7052091
1085,ATP2B4,10,3.2469494
1086,ATP2C1,9,3.142329
1087,ATP2C2,6,0.9159707
1088,ATP4A,5,0.68667597
1089,ATP4B,5,0.23033567
1090,ATP5PB,7,3.4798133
1091,ATP6AP1,4,4.716936
1092,ATP6AP2,4,4.088419
1093,ATP6V0A1,10,3.3020625
1094,ATP6V0A2,2,2.0491977
1095,ATP6V0A4,1,0.16813566
1096,ATP6V0B,4,4.4878683
1097,ATP6V0C,4,5.432012
1098,ATP6V0D1,4,4.6745944
1099,ATP6V0D2,5,0.21283832
1100,ATP6V0E1,7,4.5553794
1101,ATP6V1A,10,3.0065103
1102,ATP6V1B1,1,0.8126213
1103,ATP6V1B2,10,3.1880174
1104,ATP6V1C1,9,2.9768224
1105,ATP6V1C2,9,3.5944488
1106,ATP6V1D,7,3.9083362
1107,ATP6V1E1,4,5.0386357
1108,ATP6V1E2,1,1.2894115
1109,ATP6V1F,4,5.0081835
1110,ATP6V1G1,10,3.8333333
1111,ATP6V1G2,10,2.6960478
1112,ATP6V1G3,1,0.013229374
1113,ATP6V1H,7,3.3339024
1114,ATP7A,5,0.80082875
1115,ATP7B,6,1.5204862
1116,ATP8A1,10,2.144291
1117,ATP8A2,6,1.0034809
1118,ATP8B1,3,1.6052126
1119,ATP8B2,9,2.748107
1120,ATP8B3,2,1.0112183
1121,ATP8B4,3,1.1249795
1122,ATP9A,3,2.8935938
1123,ATP9B,2,2.297533
1124,ATPAF1,7,3.2916667
1125,ATPAF2,2,3.1324427
1126,ATPSCKMT,2,1.786842
1127,ATR,8,2.190858
1128,ATRAID,4,4.416764
1129,ATRIP,3,1.6967579
1130,ATRN,10,2.751306
1131,ATRNL1,6,0.8198657
1132,ATRX,10,2.4741325
1133,ATXN1,8,2.368336
1134,ATXN10,4,3.8464706
1135,ATXN1L,2,2.2409096
1136,ATXN2,8,2.9815385
1137,ATXN2L,4,4.515656
1138,ATXN7,3,2.368692
1139,ATXN7L1,6,1.4769462
1140,ATXN7L2,8,2.7566116
1141,ATXN7L3,10,3.3343766
1142,ATXN7L3B,9,3.1448267
1143,AUH,10,3.0067074
1144,AUNIP,9,2.649609
1145,AUP1,4,5.1344914
1146,AURKA,6,1.2607025
1147,AURKAIP1,4,4.6859584
1148,AURKB,3,0.7503941
1149,AUTS2,3,1.8823566
1150,AVEN,8,2.7174897
1151,AVIL,8,2.0507362
1152,AVL9,3,2.5017605
1153,AVP,1,0.35512987
1154,AVPI1,9,2.8349612
1155,AVPR1A,6,0.9438895
1156,AVPR1B,5,0.0461618
1157,AVPR2,6,0.99159396
1158,AWAT1,5,0.03139437
1159,AWAT2,5,0.15807894
1160,AXDND1,1,0.42767176
1161,AXIN1,10,3.1158354
1162,AXIN2,2,2.0725207
1163,AXL,9,2.8205006
1164,AZGP1,9,2.9735293
1165,AZI2,8,2.8055174
1166,AZIN1,7,3.6582272
1167,AZIN2,6,1.5449635
1168,B2M,4,6.7040296
1169,B3GALNT1,6,1.6285357
1170,B3GALNT2,6,1.3674408
1171,B3GALT1,5,0.6381265
1172,B3GALT2,1,0.83297956
1173,B3GALT4,3,2.274248
1174,B3GALT5,1,0.1925158
1175,B3GALT6,9,2.5653007
1176,B3GALT9,1,0.0
1177,B3GAT1,5,1.2201707
1178,B3GAT2,8,2.422696
1179,B3GAT3,10,3.56679
1180,B3GLCT,6,1.8028591
1181,B3GNT2,8,2.222909
1182,B3GNT3,1,0.24581558
1183,B3GNT4,2,2.4078012
1184,B3GNT5,3,1.4722995
1185,B3GNT6,1,0.03486751
1186,B3GNT7,5,1.1305797
1187,B3GNT8,3,1.2679814
1188,B3GNT9,10,2.3369358
1189,B3GNTL1,5,0.0
1190,B4GALNT1,3,1.9017447
1191,B4GALNT2,5,0.046052266
1192,B4GALNT3,6,1.5521697
1193,B4GALNT4,6,1.5092018
1194,B4GALT1,10,3.0188456
1195,B4GALT2,9,2.7276905
1196,B4GALT3,7,3.0244968
1197,B4GALT4,2,1.4999886
1198,B4GALT5,9,3.3498852
1199,B4GALT6,6,1.3016714
1200,B4GALT7,8,3.0208936
1201,B4GAT1,10,3.588348
1202,B9D1,1,1.2348597
1203,B9D2,6,1.7097895
1204,BAALC,8,2.1852546
1205,BAAT,1,0.58557856
1206,BABAM1,7,3.7801425
1207,BABAM2,10,2.9439461
1208,BACE1,8,3.0667703
1209,BACE2,6,1.722034
1210,BACH1,3,2.0593772
1211,BACH2,3,1.1687856
1212,BAD,8,3.520657
1213,BAG1,10,3.6803646
1214,BAG2,2,1.9808915
1215,BAG3,4,4.093363
1216,BAG4,2,2.1282856
1217,BAG5,8,2.8762019
1218,BAG6,4,4.53331
1219,BAHCC1,8,2.235082
1220,BAHD1,9,2.6518042
1221,BAIAP2,10,3.105418
1222,BAIAP2L1,8,2.2491648
1223,BAIAP2L2,3,1.6163092
1224,BAIAP3,3,2.4898157
1225,BAK1,8,2.0297706
1226,BAMBI,8,2.4816265
1227,BANF1,4,4.2857604
1228,BANF2,1,0.61803526
1229,BANK1,6,1.2932227
1230,BANP,3,1.7889951
1231,BAP1,4,4.2446895
1232,BARD1,6,1.1078775
1233,BARHL1,5,0.44879103
1234,BARHL2,5,0.6685919
1235,BARX1,5,0.32522592
1236,BARX2,6,0.685413
1237,BASP1,7,2.810278
1238,BATF,3,1.2521595
1239,BATF2,6,1.4778804
1240,BATF3,6,1.8833467
1241,BAX,10,3.6271636
1242,BAZ1A,2,2.3042798
1243,BAZ1B,8,3.2257485
1244,BAZ2A,7,3.4773414
1245,BAZ2B,3,2.3769689
1246,BBC3,6,1.5982566
1247,BBIP1,7,3.3604364
1248,BBLN,4,4.5876637
1249,BBOF1,2,2.2130733
1250,BBOX1,5,0.8318664
1251,BBS1,10,3.660527
1252,BBS10,3,2.1001089
1253,BBS12,2,1.1858289
1254,BBS2,9,2.781386
1255,BBS4,3,2.105789
1256,BBS5,8,2.4300413
1257,BBS7,3,1.8914584
1258,BBS9,6,1.6580055
1259,BBX,9,2.2544472
1260,BCAM,4,3.862924
1261,BCAN,5,1.2562408
1262,BCAP29,8,2.7838235
1263,BCAP31,4,3.953952
1264,BCAR1,10,3.5427778
1265,BCAR3,2,1.9881957
1266,BCAS1,6,1.2738748
1267,BCAS2,7,3.507697
1268,BCAS3,9,2.729202
1269,BCAT1,3,1.5774662
1270,BCAT2,8,3.2824924
1271,BCCIP,9,3.0886312
1272,BCDIN3D,3,1.494913
1273,BCHE,6,1.2909244
1274,BCKDHA,9,3.9470804
1275,BCKDHB,10,2.2711244
1276,BCKDK,7,3.7800837
1277,BCL10,3,2.0335896
1278,BCL11A,6,0.61542886
1279,BCL11B,5,0.6041121
1280,BCL2,6,1.4239576
1281,BCL2L1,7,3.9155633
1282,BCL2L11,3,2.0160701
1283,BCL2L12,9,2.259865
1284,BCL2L13,8,2.702143
1285,BCL2L14,1,0.4493819
1286,BCL2L15,5,0.600393
1287,BCL2L2,10,3.414423
1288,BCL3,7,3.7354732
1289,BCL6,4,4.6637635
1290,BCL6B,8,1.9795109
1291,BCL7A,6,1.9990062
1292,BCL7B,7,3.9924517
1293,BCL7C,9,2.939102
1294,BCL9,2,2.1101289
1295,BCL9L,10,2.9111142
1296,BCLAF1,10,3.386261
1297,BCLAF3,2,1.6688836
1298,BCO1,5,0.20096116
1299,BCO2,2,1.3213263
1300,BCOR,2,1.8632591
1301,BCORL1,3,1.7950283
1302,BCR,8,3.0588202
1303,BCS1L,7,3.2390184
1304,BDH1,2,2.1585712
1305,BDH2,10,2.6606874
1306,BDKRB1,6,0.4633552
1307,BDKRB2,6,0.7343189
1308,BDNF,1,0.48955622
1309,BDP1,10,2.0219958
1310,BEAN1,6,1.0983387
1311,BECN1,7,3.6200628
1312,BECN2,1,0.016802885
1313,BEGAIN,8,1.9876041
1314,BEND3,1,0.6548184
1315,BEND4,1,0.48629194
1316,BEND5,3,1.8620665
1317,BEND6,5,0.82783234
1318,BEND7,9,2.470993
1319,BEST1,4,5.753891
1320,BEST2,1,0.14375228
1321,BEST3,1,0.70719904
1322,BET1L,7,3.6330311
1323,BEX3,7,4.081979
1324,BFAR,7,3.0672293
1325,BFSP1,6,1.2355626
1326,BFSP2,1,0.14758669
1327,BGN,4,4.156578
1328,BHLHA15,1,0.6460358
1329,BHLHA9,6,0.10809825
1330,BHLHE22,6,1.007754
1331,BHLHE23,1,0.070080034
1332,BHLHE40,4,4.403092
1333,BHLHE41,9,2.6493363
1334,BHMT2,6,2.0303614
1335,BICC1,6,1.6201543
1336,BICD1,6,1.3668728
1337,BICD2,9,2.7461665
1338,BICDL1,8,2.0016522
1339,BICDL2,1,1.0709814
1340,BICRA,10,2.315822
1341,BICRAL,2,1.9282734
1342,BID,8,2.3679702
1343,BIN1,7,4.1266994
1344,BIN2,3,2.020647
1345,BIN3,8,3.0185971
1346,BIRC2,9,3.0149453
1347,BIRC3,6,1.7592019
1348,BIRC5,5,1.0384746
1349,BIRC6,10,2.5086794
1350,BIRC7,1,0.34230018
1351,BLCAP,7,3.718905
1352,BLK,6,0.893
1353,BLM,2,0.96094024
1354,BLMH,9,3.2145617
1355,BLNK,5,1.1896267
1356,BLOC1S1,7,3.9541075
1357,BLOC1S2,9,3.0517485
1358,BLOC1S3,2,2.0407856
1359,BLOC1S4,8,2.514344
1360,BLOC1S5,3,1.9624312
1361,BLOC1S6,10,3.0380304
1362,BLVRA,10,2.9536982
1363,BLVRB,4,4.34984
1364,BLZF1,2,1.857957
1365,BMERB1,7,3.6703196
1366,BMF,6,1.4479052
1367,BMI1,9,2.9939504
1368,BMP1,8,3.1475027
1369,BMP10,1,0.2667413
1370,BMP15,1,0.038846288
1371,BMP2,3,1.5669333
1372,BMP2K,8,2.128157
1373,BMP3,1,0.2320504
1374,BMP4,6,1.2560723
1375,BMP5,6,0.745209
1376,BMP6,6,1.4698904
1377,BMP7,3,1.1265029
1378,BMPER,6,1.1202536
1379,BMPR1A,3,1.3870487
1380,BMPR1B,6,0.8821842
1381,BMPR2,8,2.5104103
1382,BMS1,2,2.5786464
1383,BMX,1,1.0108113
1384,BNC1,1,0.45603684
1385,BNC2,6,0.82155037
1386,BNIP1,9,2.553863
1387,BNIP2,10,2.961649
1388,BNIP3,9,3.6489978
1389,BNIP3L,7,3.7124915
1390,BNIPL,6,0.8222445
1391,BOC,3,1.9649887
1392,BOD1L1,10,2.5240047
1393,BOK,8,2.9681265
1394,BOLA1,8,2.6126695
1395,BOLA3,7,3.520304
1396,BOLL,1,0.48354745
1397,BOP1,7,3.7107732
1398,BORA,3,1.4916449
1399,BORCS5,2,1.3436354
1400,BORCS6,10,2.834541
1401,BORCS7,7,3.712117
1402,BORCS8,2,2.7134445
1403,BPGM,8,2.4696813
1404,BPHL,8,2.7271554
1405,BPI,5,0.9399473
1406,BPIFA3,5,0.54947305
1407,BPIFB1,1,0.4556478
1408,BPIFB2,1,0.31950817
1409,BPIFB3,5,0.09772704
1410,BPIFB4,1,0.13556916
1411,BPIFB6,5,0.013616666
1412,BPIFC,1,0.19760792
1413,BPNT1,2,2.1243649
1414,BPNT2,10,3.0911255
1415,BPTF,9,2.638767
1416,BRAF,2,1.9905139
1417,BRAP,10,2.5496595
1418,BRAT1,9,3.2536361
1419,BRCA1,6,0.9870079
1420,BRCA2,5,0.4634491
1421,BRD1,10,2.8452964
1422,BRD2,4,4.57201
1423,BRD3,9,2.808381
1424,BRD4,7,3.2335038
1425,BRD7,8,3.2138097
1426,BRD8,7,3.477477
1427,BRD9,10,3.5801637
1428,BRDT,1,0.5208257
1429,BRF1,10,2.9489744
1430,BRF2,8,2.9260633
1431,BRI3,4,5.0276165
1432,BRI3BP,6,1.5943385
1433,BRICD5,7,3.507715
1434,BRINP1,6,1.1090789
1435,BRINP2,6,0.8020065
1436,BRINP3,6,0.87711257
1437,BRIP1,1,0.3331123
1438,BRIX1,8,2.5563388
1439,BRK1,4,5.124365
1440,BRMS1,7,3.5198827
1441,BRMS1L,2,2.1647387
1442,BROX,3,2.259949
1443,BRPF1,9,2.2515996
1444,BRPF3,8,2.8719902
1445,BRS3,1,0.08929709
1446,BRSK1,3,2.055409
1447,BRSK2,10,1.906436
1448,BRWD1,2,2.1601214
1449,BRWD3,2,1.4992144
1450,BSCL2,9,3.691518
1451,BSDC1,10,3.6526914
1452,BSG,4,5.738178
1453,BSN,1,1.2151822
1454,BSND,5,0.08778014
1455,BSPRY,6,1.5505056
1456,BST1,3,1.5847514
1457,BSX,1,0.08000227
1458,BTAF1,2,2.990602
1459,BTBD1,4,3.700919
1460,BTBD10,3,2.196374
1461,BTBD16,6,0.6344597
1462,BTBD17,5,0.46921912
1463,BTBD18,5,0.26359996
1464,BTBD19,3,1.46969
1465,BTBD2,7,4.4708805
1466,BTBD3,10,2.7686322
1467,BTBD6,7,3.9371476
1468,BTBD7,8,2.0261648
1469,BTBD8,3,1.9278864
1470,BTBD9,6,1.8070815
1471,BTC,1,0.43597615
1472,BTD,3,0.9123083
1473,BTF3,4,5.3535023
1474,BTG1,7,4.0766344
1475,BTG2,4,4.4166193
1476,BTG3,6,1.9342979
1477,BTG4,5,0.34571826
1478,BTK,6,1.3971081
1479,BTLA,1,0.2747265
1480,BTN1A1,1,0.17738748
1481,BTN2A2,2,2.0425057
1482,BTNL2,5,0.15816864
1483,BTNL9,8,3.363677
1484,BTRC,2,2.474536
1485,BUB1,5,0.8058076
1486,BUB1B,6,0.88184094
1487,BUB3,10,2.7096448
1488,BUD13,7,2.7854931
1489,BUD23,4,4.770416
1490,BUD31,10,3.5274193
1491,BYSL,10,2.489735
1492,BZW1,10,2.9575112
1493,BZW2,10,3.1555216
1494,C1D,3,1.8994304
1495,C1GALT1,3,1.4733965
1496,C1GALT1C1,3,1.9727483
1497,C1QA,9,2.8698082
1498,C1QB,8,3.233464
1499,C1QBP,7,4.4447007
1500,C1QC,7,3.0270457
1501,C1QL1,6,1.0272794
1502,C1QL2,1,0.5345672
1503,C1QL3,6,0.7319963
1504,C1QL4,2,0.31112817
1505,C1QTNF1,8,2.7613115
1506,C1QTNF12,2,1.3681402
1507,C1QTNF2,6,0.99692535
1508,C1QTNF3,3,1.5964789
1509,C1QTNF4,6,1.4138561
1510,C1QTNF5,9,2.8669977
1511,C1QTNF6,3,1.9672948
1512,C1QTNF7,6,0.90150225
1513,C1RL,7,3.534633
1514,C2,2,2.2695608
1515,C2CD2,6,2.3748615
1516,C2CD2L,2,2.670074
1517,C2CD3,6,1.7676784
1518,C2CD4C,6,1.2646109
1519,C2CD4D,5,0.3909579
1520,C2CD5,8,2.8783772
1521,C3,7,4.10066
1522,C3AR1,2,1.4176097
1523,C5AR1,3,2.3487425
1524,C5AR2,2,0.9827818
1525,C6,1,1.4859731
1526,C7,9,3.3478127
1527,C8A,1,0.6210805
1528,C8B,1,0.83493346
1529,C8G,6,1.5790294
1530,C9,5,1.1555507
1531,CA1,5,0.5180132
1532,CA10,5,1.0623388
1533,CA11,3,2.9449284
1534,CA12,6,1.2066165
1535,CA13,3,1.1671432
1536,CA14,6,1.1365858
1537,CA2,7,3.3214922
1538,CA3,3,2.1822517
1539,CA4,9,2.773408
1540,CA5A,5,0.5170776
1541,CA5B,6,1.5288866
1542,CA6,5,0.09170145
1543,CA7,1,0.59620553
1544,CA8,5,1.0099585
1545,CA9,6,1.1054736
1546,CAAP1,3,2.2689383
1547,CAB39,10,3.474484
1548,CAB39L,9,2.333529
1549,CABCOCO1,5,0.7082757
1550,CABIN1,9,3.2145677
1551,CABLES1,2,1.9802854
1552,CABLES2,3,2.284683
1553,CABP1,1,1.601439
1554,CABP2,1,0.029018234
1555,CABP4,5,0.6996303
1556,CABP5,5,0.052781887
1557,CABP7,3,1.6976762
1558,CABS1,1,0.5404777
1559,CABYR,3,1.3775553
1560,CACFD1,8,2.8968568
1561,CACHD1,3,1.7366327
1562,CACNA1A,3,1.4960732
1563,CACNA1B,6,0.9973574
1564,CACNA1C,2,1.7036574
1565,CACNA1D,3,1.3810854
1566,CACNA1E,1,0.6498858
1567,CACNA1F,1,0.48110574
1568,CACNA1G,6,0.8588816
1569,CACNA1H,2,1.9924495
1570,CACNA1I,3,0.94482964
1571,CACNA1S,5,0.57878476
1572,CACNA2D1,2,1.9443274
1573,CACNA2D2,2,1.92478
1574,CACNA2D3,6,1.6435812
1575,CACNA2D4,6,0.9813151
1576,CACNB1,8,2.6716776
1577,CACNB2,8,1.4622273
1578,CACNB3,10,2.483659
1579,CACNB4,5,1.5144179
1580,CACNG1,1,0.6933164
1581,CACNG2,5,0.41758636
1582,CACNG3,5,0.68509483
1583,CACNG4,1,0.9048884
1584,CACNG5,1,0.016349267
1585,CACNG6,6,0.69499964
1586,CACNG7,1,1.0986646
1587,CACNG8,6,0.65325385
1588,CACTIN,10,3.1387563
1589,CACUL1,2,2.3346474
1590,CACYBP,9,3.090892
1591,CAD,8,2.5906224
1592,CADM1,8,2.2162127
1593,CADM2,6,0.99489343
1594,CADM3,6,2.570123
1595,CADM4,10,2.6393163
1596,CADPS2,3,2.2971778
1597,CAGE1,1,0.2829157
1598,CALB1,6,1.074983
1599,CALB2,1,1.9694457
1600,CALCB,5,0.175207
1601,CALCOCO1,4,4.0468564
1602,CALCR,5,0.0969832
1603,CALCRL,6,1.4959779
1604,CALD1,10,4.080969
1605,CALHM1,5,0.28702763
1606,CALHM2,7,2.4895246
1607,CALHM3,1,0.19502732
1608,CALHM4,5,0.03631789
1609,CALHM5,6,0.74950916
1610,CALHM6,5,1.2300179
1611,CALM1,4,5.3569374
1612,CALM2,4,6.3858843
1613,CALM3,1,0.0
1614,CALML3,1,0.68205774
1615,CALML4,8,2.1972523
1616,CALN1,6,0.863635
1617,CALR,4,5.6975923
1618,CALR3,5,0.53422487
1619,CALU,10,3.2746696
1620,CALY,6,1.0725999
1621,CAMK1,9,3.2134466
1622,CAMK1D,3,2.3398275
1623,CAMK1G,1,0.94834274
1624,CAMK2A,3,1.7075759
1625,CAMK2B,2,2.0922003
1626,CAMK2G,10,3.39026
1627,CAMK2N1,7,3.5158274
1628,CAMK2N2,1,1.5126458
1629,CAMK4,6,1.2393569
1630,CAMKK1,8,2.41663
1631,CAMKK2,8,3.2909684
1632,CAMKMT,3,1.6666279
1633,CAMKV,5,0.8653571
1634,CAMLG,9,3.233487
1635,CAMP,1,0.89278406
1636,CAMSAP1,10,2.6248019
1637,CAMSAP2,10,2.4419825
1638,CAMSAP3,10,2.081163
1639,CAMTA1,3,1.9818089
1640,CAMTA2,7,3.8700182
1641,CAND1,9,2.7264302
1642,CAND2,9,2.3622184
1643,CANT1,10,2.3799906
1644,CANX,4,4.1120396
1645,CAP1,7,3.959901
1646,CAP2,10,2.4747825
1647,CAPG,9,2.1093931
1648,CAPN1,7,4.1826468
1649,CAPN10,9,3.0124032
1650,CAPN11,5,0.84789747
1651,CAPN12,9,3.0382905
1652,CAPN13,1,0.5253511
1653,CAPN15,8,3.1147146
1654,CAPN2,7,4.519821
1655,CAPN3,9,2.6770988
1656,CAPN5,2,2.4629912
1657,CAPN6,1,0.51983356
1658,CAPN7,10,2.844345
1659,CAPN8,1,0.69756514
1660,CAPN9,5,0.31459612
1661,CAPNS1,4,5.3854547
1662,CAPNS2,1,0.22384113
1663,CAPRIN1,10,3.5506215
1664,CAPRIN2,10,3.0730321
1665,CAPS2,6,1.2112
1666,CAPSL,5,0.47583956
1667,CAPZA2,9,3.3454301
1668,CAPZA3,1,0.6608983
1669,CAPZB,7,3.8065083
1670,CARD10,9,2.3373482
1671,CARD11,5,1.2329855
1672,CARD14,6,1.0904787
1673,CARD19,7,4.184101
1674,CARD6,2,1.621173
1675,CARD9,2,2.3538666
1676,CARF,3,1.3366413
1677,CARHSP1,10,2.5656526
1678,CARM1,7,4.008724
1679,CARMIL1,2,1.9377719
1680,CARMIL2,6,1.6311226
1681,CARMIL3,5,1.3727019
1682,CARNMT1,3,1.9041948
1683,CARNS1,2,1.8632189
1684,CARS2,4,3.9947643
1685,CARTPT,1,0.9016782
1686,CASC3,7,4.0419555
1687,CASD1,10,2.605044
1688,CASK,8,1.7151136
1689,CASKIN1,2,2.5679176
1690,CASKIN2,7,3.0997403
1691,CASP14,5,0.2998833
1692,CASP2,8,2.5605023
1693,CASP3,2,2.2741652
1694,CASP6,3,2.1188886
1695,CASP7,3,1.9389025
1696,CASP8,2,1.958737
1697,CASP8AP2,9,1.938646
1698,CASP9,8,2.5117173
1699,CASQ1,3,2.0389397
1700,CASQ2,6,1.7051184
1701,CASR,6,0.23500936
1702,CASS4,5,0.7850056
1703,CAST,7,3.3391633
1704,CASTOR1,3,2.6232224
1705,CASTOR2,1,0.61179
1706,CAT,7,4.170247
1707,CATIP,6,1.1986923
1708,CATSPER2,8,2.1612043
1709,CATSPER3,6,1.23431
1710,CATSPER4,1,0.41090602
1711,CAV1,4,3.7583625
1712,CAV2,8,3.0542455
1713,CAV3,6,0.97880656
1714,CAVIN1,7,4.5435886
1715,CAVIN2,8,3.0171487
1716,CAVIN3,7,3.4591525
1717,CAVIN4,6,1.1527514
1718,CBARP,5,1.10791
1719,CBFA2T2,9,2.288263
1720,CBFA2T3,8,2.6952987
1721,CBFB,9,2.9228535
1722,CBL,3,2.1175787
1723,CBLB,2,2.4069593
1724,CBLC,6,0.60658777
1725,CBLIF,1,0.23438093
1726,CBLL1,8,2.4365735
1727,CBLN1,6,1.7401408
1728,CBLN2,1,0.3575407
1729,CBLN3,6,1.721403
1730,CBLN4,5,0.52859104
1731,CBR3,2,2.0115042
1732,CBR4,9,2.6079583
1733,CBS,8,2.0533996
1734,CBX1,10,3.3804195
1735,CBX2,1,0.94096416
1736,CBX3,7,3.793894
1737,CBX4,8,2.8337061
1738,CBX5,9,2.6336155
1739,CBX6,7,3.184914
1740,CBX7,7,3.9729548
1741,CBX8,6,1.3478223
1742,CBY1,2,2.7365339
1743,CBY2,5,0.50469774
1744,CC2D1A,7,3.5712216
1745,CC2D1B,10,2.7421422
1746,CC2D2A,6,1.1664631
1747,CC2D2B,5,0.48605356
1748,CCAR1,7,3.2352583
1749,CCAR2,7,3.90071
1750,CCBE1,6,0.8582625
1751,CCDC102A,6,1.4648553
1752,CCDC106,8,2.9002974
1753,CCDC107,7,3.8523197
1754,CCDC112,3,1.782047
1755,CCDC116,6,0.77785546
1756,CCDC117,10,2.683315
1757,CCDC12,7,3.5909173
1758,CCDC120,3,1.9852676
1759,CCDC122,2,1.1141274
1760,CCDC124,10,3.4682453
1761,CCDC125,3,1.6719109
1762,CCDC126,2,1.1037126
1763,CCDC127,6,1.7452
1764,CCDC13,2,1.5169294
1765,CCDC134,1,0.51072866
1766,CCDC136,8,1.9478976
1767,CCDC137,10,3.0217612
1768,CCDC138,6,1.097208
1769,CCDC14,3,2.274631
1770,CCDC141,5,0.44223598
1771,CCDC142,10,2.7360249
1772,CCDC146,8,2.0213382
1773,CCDC148,5,0.47538653
1774,CCDC149,8,1.9956754
1775,CCDC15,5,0.7072979
1776,CCDC150,6,0.89137596
1777,CCDC152,4,4.3184423
1778,CCDC154,6,1.6209875
1779,CCDC157,6,1.5360732
1780,CCDC158,1,0.6768836
1781,CCDC159,7,4.0192184
1782,CCDC160,1,0.35172537
1783,CCDC167,7,3.151411
1784,CCDC169,5,0.42773706
1785,CCDC17,2,1.71801
1786,CCDC170,6,0.63999575
1787,CCDC171,6,0.87026536
1788,CCDC172,1,0.3427549
1789,CCDC174,10,2.68602
1790,CCDC177,6,0.46029362
1791,CCDC178,6,0.5867296
1792,CCDC18,6,1.3444833
1793,CCDC180,2,1.8538872
1794,CCDC181,6,0.87487733
1795,CCDC182,5,0.41122413
1796,CCDC184,6,1.4877313
1797,CCDC185,1,0.43612462
1798,CCDC186,2,2.1017976
1799,CCDC188,3,1.5626504
1800,CCDC190,5,0.115002826
1801,CCDC191,3,1.8229712
1802,CCDC192,2,1.0362847
1803,CCDC194,1,0.0
1804,CCDC195,1,0.0
1805,CCDC22,8,2.8969743
1806,CCDC24,8,2.388262
1807,CCDC25,7,3.0210824
1808,CCDC28A,7,3.338012
1809,CCDC28B,8,2.1855805
1810,CCDC3,8,2.7978344
1811,CCDC32,2,2.092509
1812,CCDC34,2,1.5680217
1813,CCDC38,6,0.5071488
1814,CCDC39,8,2.2152367
1815,CCDC40,6,1.5191813
1816,CCDC42,1,0.56992644
1817,CCDC43,7,2.742138
1818,CCDC47,7,3.4727836
1819,CCDC50,9,2.9773612
1820,CCDC51,3,2.1499033
1821,CCDC54,1,0.63781196
1822,CCDC57,9,2.9176779
1823,CCDC59,10,3.1244798
1824,CCDC6,8,2.8059914
1825,CCDC60,5,0.384602
1826,CCDC61,2,1.8570883
1827,CCDC62,5,0.73970515
1828,CCDC65,1,0.0
1829,CCDC66,9,2.7800965
1830,CCDC68,3,1.5376524
1831,CCDC70,5,0.5929308
1832,CCDC71,8,2.081342
1833,CCDC71L,3,1.6817523
1834,CCDC73,2,1.4569217
1835,CCDC77,6,1.5039539
1836,CCDC78,2,2.0781713
1837,CCDC80,8,2.0807526
1838,CCDC81,6,0.7526755
1839,CCDC82,2,1.58199
1840,CCDC83,1,0.3692634
1841,CCDC85A,2,1.3289317
1842,CCDC85B,4,4.5373583
1843,CCDC85C,8,2.5180922
1844,CCDC86,10,3.0764682
1845,CCDC87,1,0.52412426
1846,CCDC88A,2,2.2263873
1847,CCDC88B,10,2.662159
1848,CCDC88C,6,1.8342913
1849,CCDC89,6,0.7108701
1850,CCDC9,4,3.1244256
1851,CCDC90B,8,2.5611527
1852,CCDC91,9,2.8116052
1853,CCDC92,7,2.804237
1854,CCDC92B,5,0.0
1855,CCDC93,9,2.9374354
1856,CCDC97,10,2.9993653
1857,CCDC9B,8,2.7164044
1858,CCER1,5,0.4578639
1859,CCER2,2,1.2043895
1860,CCHCR1,7,3.017817
1861,CCIN,5,0.6333674
1862,CCK,5,0.71092737
1863,CCKAR,1,0.053498022
1864,CCKBR,6,0.924075
1865,CCL11,1,0.4827251
1866,CCL17,6,0.45801476
1867,CCL19,6,1.6043752
1868,CCL20,5,0.80224633
1869,CCL22,1,0.3716897
1870,CCL24,5,0.61115474
1871,CCL28,3,1.05164
1872,CCL5,3,1.889898
1873,CCL7,5,0.11533437
1874,CCM2,7,3.7405148
1875,CCM2L,8,2.2678947
1876,CCN1,4,4.3941884
1877,CCN2,7,4.258913
1878,CCN3,2,1.7951059
1879,CCN4,3,0.73461354
1880,CCN5,8,2.8608677
1881,CCN6,6,1.3415363
1882,CCNA1,5,0.9143008
1883,CCNA2,8,1.7655289
1884,CCNB1,3,1.7258588
1885,CCNB1IP1,3,2.0889482
1886,CCNB2,5,1.0515424
1887,CCNC,10,2.8702872
1888,CCND1,9,3.0943897
1889,CCND2,2,2.6245086
1890,CCND3,7,3.4473624
1891,CCNDBP1,7,3.4104347
1892,CCNE1,6,1.2704384
1893,CCNE2,2,1.2163755
1894,CCNF,3,1.4113718
1895,CCNG1,8,3.483391
1896,CCNG2,3,2.40188
1897,CCNH,3,2.347219
1898,CCNI,7,4.6452966
1899,CCNJ,3,1.4499004
1900,CCNJL,6,1.2197555
1901,CCNK,7,3.4119296
1902,CCNL1,4,4.606733
1903,CCNL2,4,4.9448404
1904,CCNO,6,1.3750774
1905,CCNT1,10,2.4079068
1906,CCNT2,8,2.886272
1907,CCNY,7,3.3596344
1908,CCNYL1,3,2.191012
1909,CCP110,2,1.8625724
1910,CCPG1,9,3.226446
1911,CCR10,6,1.5899011
1912,CCR2,1,0.713693
1913,CCR3,1,0.14264162
1914,CCR4,5,0.43777168
1915,CCR5,1,0.63729507
1916,CCR6,6,0.6742218
1917,CCR7,6,0.7636444
1918,CCR8,5,0.023384962
1919,CCR9,5,0.105902374
1920,CCS,4,4.2353187
1921,CCSAP,8,1.8686749
1922,CCSER1,1,0.44956023
1923,CCSER2,7,2.759163
1924,CCT2,4,4.3244634
1925,CCT3,4,4.8105183
1926,CCT4,4,4.5090823
1927,CCT5,7,3.9144955
1928,CCT6A,4,4.394288
1929,CCT6B,8,1.694317
1930,CCT7,4,4.993211
1931,CCT8,4,4.6319113
1932,CCT8L2,1,0.3732157
1933,CD101,6,0.52019346
1934,CD109,6,1.2151265
1935,CD14,9,3.5965855
1936,CD151,4,4.4543366
1937,CD160,6,0.8511456
1938,CD163,9,2.9687204
1939,CD164,7,4.500735
1940,CD164L2,1,0.44680482
1941,CD180,1,0.62873
1942,CD19,3,1.060459
1943,CD2,6,1.1673837
1944,CD200,3,1.765578
1945,CD207,5,0.23203878
1946,CD22,6,1.7713894
1947,CD226,1,0.48138738
1948,CD247,6,1.0869423
1949,CD248,2,2.7194333
1950,CD27,2,1.8550193
1951,CD274,2,1.5142432
1952,CD276,8,2.3026884
1953,CD28,5,0.51785886
1954,CD2AP,10,2.4389899
1955,CD2BP2,10,3.6018016
1956,CD300E,6,1.1107996
1957,CD302,7,3.1402297
1958,CD320,7,3.666586
1959,CD34,9,2.6220036
1960,CD36,10,2.6150281
1961,CD37,2,2.8964658
1962,CD38,3,1.3706017
1963,CD3D,5,0.46253124
1964,CD3E,6,1.5029625
1965,CD3G,5,0.5255127
1966,CD4,10,2.602876
1967,CD40,9,2.9562914
1968,CD40LG,5,0.5171649
1969,CD44,10,2.955309
1970,CD47,8,3.3637578
1971,CD5,5,0.8797729
1972,CD53,8,2.7555032
1973,CD5L,1,1.0096128
1974,CD6,3,1.209273
1975,CD63,4,4.907015
1976,CD69,6,1.387794
1977,CD70,1,0.4417003
1978,CD72,7,3.1273937
1979,CD74,4,5.888362
1980,CD79A,1,1.1772598
1981,CD79B,2,1.6848754
1982,CD81,4,5.644458
1983,CD82,8,2.5185204
1984,CD83,2,1.4968019
1985,CD84,2,1.106065
1986,CD9,7,3.7037306
1987,CD93,10,2.635064
1988,CD96,1,0.7101865
1989,CD99L2,10,3.9260616
1990,CDA,3,1.8689307
1991,CDADC1,8,2.153251
1992,CDAN1,8,2.5266383
1993,CDC123,7,3.7119586
1994,CDC14A,3,1.4531246
1995,CDC16,9,4.046991
1996,CDC20,5,1.3236146
1997,CDC20B,1,0.24068598
1998,CDC23,8,2.540542
1999,CDC25A,1,0.7988177
2000,CDC25B,7,3.308197
2001,CDC25C,1,0.6361451
2002,CDC26,2,1.8239771
2003,CDC27,8,2.817487
2004,CDC37,4,5.204909
2005,CDC37L1,2,2.9114316
2006,CDC40,8,2.4232795
2007,CDC42,8,2.3493192
2008,CDC42BPA,8,2.7165534
2009,CDC42BPB,7,3.8114045
2010,CDC42BPG,6,1.5000635
2011,CDC42EP1,10,3.2677157
2012,CDC42EP2,3,2.1616063
2013,CDC42EP3,2,2.2845645
2014,CDC42EP4,7,3.515841
2015,CDC42EP5,6,1.7096901
2016,CDC42SE1,9,3.8778894
2017,CDC42SE2,10,2.9756818
2018,CDC45,6,0.98010975
2019,CDC6,6,0.9462257
2020,CDC7,3,1.3901148
2021,CDC73,3,1.4972421
2022,CDCA2,5,0.6664519
2023,CDCA3,3,1.8190649
2024,CDCA4,2,0.97753155
2025,CDCA5,6,1.3704462
2026,CDCA7,5,0.9592736
2027,CDCA7L,3,1.8868902
2028,CDCA8,6,1.2030048
2029,CDCP1,6,0.77545667
2030,CDCP2,1,0.19010124
2031,CDH1,6,1.6487312
2032,CDH10,6,0.768708
2033,CDH11,3,1.9846058
2034,CDH12,5,0.27636555
2035,CDH13,6,1.5517011
2036,CDH15,5,1.4268466
2037,CDH16,1,0.10341261
2038,CDH17,1,0.09454658
2039,CDH18,6,0.6438727
2040,CDH19,6,0.9515547
2041,CDH2,6,2.1536908
2042,CDH20,3,0.9189958
2043,CDH22,5,1.1137838
2044,CDH23,3,1.6458116
2045,CDH24,6,1.902085
2046,CDH26,6,0.69104296
2047,CDH3,2,0.8885053
2048,CDH4,6,0.9230222
2049,CDH5,10,3.0079513
2050,CDH6,5,0.7746442
2051,CDH7,5,0.2578567
2052,CDH8,5,0.24525777
2053,CDH9,5,0.21662673
2054,CDHR1,5,0.7999041
2055,CDHR2,6,0.9577662
2056,CDHR3,2,1.1244457
2057,CDHR4,1,0.53934735
2058,CDHR5,6,0.824458
2059,CDIN1,6,1.7285365
2060,CDIP1,9,2.836691
2061,CDIPT,4,4.410795
2062,CDK1,5,0.9600686
2063,CDK10,7,3.8798609
2064,CDK12,3,2.4343905
2065,CDK13,9,2.5684545
2066,CDK14,3,1.8471713
2067,CDK15,5,0.33958027
2068,CDK16,7,3.5995038
2069,CDK17,3,2.6715562
2070,CDK18,8,2.7726555
2071,CDK19,2,2.1476736
2072,CDK2,2,2.745124
2073,CDK20,3,1.913107
2074,CDK2AP2,7,3.8625998
2075,CDK3,9,3.8895538
2076,CDK4,7,4.0776744
2077,CDK5,8,1.8702081
2078,CDK5R1,6,1.9423143
2079,CDK5R2,5,0.94556355
2080,CDK5RAP1,8,2.6578364
2081,CDK5RAP2,10,2.8665977
2082,CDK5RAP3,4,5.23578
2083,CDK6,2,1.4524122
2084,CDK7,8,2.7503839
2085,CDK8,10,2.3156874
2086,CDK9,4,4.2482343
2087,CDKAL1,2,1.573659
2088,CDKL1,5,1.0294948
2089,CDKL2,6,0.65296733
2090,CDKL3,3,1.2166829
2091,CDKL4,1,0.17626491
2092,CDKL5,6,1.2605035
2093,CDKN1A,7,3.3568928
2094,CDKN1B,9,3.4484868
2095,CDKN2A,1,0.85992825
2096,CDKN2AIP,8,2.4228609
2097,CDKN2AIPNL,5,0.0
2098,CDKN2B,2,1.6371634
2099,CDKN2C,10,2.0334187
2100,CDKN2D,7,3.109157
2101,CDKN3,2,1.3693804
2102,CDNF,2,1.1876007
2103,CDO1,9,3.114959
2104,CDON,2,1.3457412
2105,CDPF1,2,1.6843264
2106,CDR2,9,3.1242807
2107,CDR2L,10,2.398334
2108,CDS1,1,1.478112
2109,CDS2,9,2.9220195
2110,CDSN,5,0.4919214
2111,CDT1,3,1.0629864
2112,CDV3,7,4.1388226
2113,CDX1,5,0.33544776
2114,CDX2,1,0.119351774
2115,CDX4,5,0.018160066
2116,CDYL2,3,1.5871543
2117,CEACAM16,1,0.12974316
2118,CEACAM18,1,0.006366978
2119,CEACAM19,9,2.515914
2120,CEACAM20,5,0.14796565
2121,CEBPA,10,2.8889334
2122,CEBPB,10,4.164986
2123,CEBPD,4,4.8081164
2124,CEBPE,1,0.43910804
2125,CEBPG,9,2.998041
2126,CEBPZ,7,3.284456
2127,CEBPZOS,10,2.2711425
2128,CECR2,3,1.6533568
2129,CEL,10,2.6965215
2130,CELA1,5,0.19851808
2131,CELF1,10,3.4399407
2132,CELF2,7,2.707059
2133,CELF3,1,1.2162845
2134,CELF4,6,1.4538239
2135,CELF5,6,1.2421125
2136,CELF6,9,2.8969498
2137,CELSR1,6,1.0563276
2138,CELSR2,2,1.9733765
2139,CELSR3,5,1.3134698
2140,CEMIP,1,1.1933386
2141,CEMIP2,7,2.8665771
2142,CEND1,5,1.4768165
2143,CENPA,5,0.90267605
2144,CENPB,9,3.9634387
2145,CENPE,1,0.4698665
2146,CENPF,6,0.60937417
2147,CENPH,10,1.6821841
2148,CENPI,1,0.22571097
2149,CENPK,6,0.68193555
2150,CENPL,3,1.1089602
2151,CENPM,3,0.78311956
2152,CENPN,6,1.2822771
2153,CENPO,10,2.5338235
2154,CENPP,3,1.7701596
2155,CENPQ,3,1.285131
2156,CENPS,3,2.4351947
2157,CENPT,4,4.125524
2158,CENPU,3,1.7583244
2159,CENPV,7,3.5894475
2160,CENPW,6,1.5540699
2161,CEP104,10,2.2320862
2162,CEP112,8,1.9571289
2163,CEP120,2,2.1478758
2164,CEP126,6,1.5647748
2165,CEP128,1,0.6728455
2166,CEP131,3,2.3963916
2167,CEP135,6,1.2466756
2168,CEP152,3,1.2074304
2169,CEP162,3,1.6496307
2170,CEP170,8,2.3642962
2171,CEP170B,10,3.1612961
2172,CEP19,6,1.1261272
2173,CEP192,3,2.1435683
2174,CEP20,10,3.0024252
2175,CEP250,2,1.7544421
2176,CEP290,3,1.7813351
2177,CEP295,2,1.9114769
2178,CEP350,3,2.2848332
2179,CEP41,6,1.0668297
2180,CEP43,6,1.4157922
2181,CEP44,3,1.701154
2182,CEP55,5,0.7411099
2183,CEP57,10,2.8867462
2184,CEP57L1,6,0.6812716
2185,CEP63,3,1.9227732
2186,CEP68,10,2.192576
2187,CEP70,8,2.1805296
2188,CEP72,3,1.5956689
2189,CEP76,2,1.7081351
2190,CEP78,3,1.3555002
2191,CEP83,3,1.8108218
2192,CEP85,2,2.4573238
2193,CEP85L,2,1.843406
2194,CEP89,2,1.6316909
2195,CEP95,7,3.337205
2196,CEP97,2,1.4299628
2197,CEPT1,10,2.9015439
2198,CER1,1,0.11301961
2199,CERCAM,8,2.6477802
2200,CERK,10,3.415581
2201,CERKL,3,1.1387674
2202,CERS1,1,0.0
2203,CERS2,7,3.859557
2204,CERS3,5,0.44318098
2205,CERS4,6,2.027074
2206,CERS5,8,3.2277458
2207,CERS6,9,2.5554245
2208,CERT1,2,2.388044
2209,CES4A,10,2.824758
2210,CES5A,5,0.24246594
2211,CETN1,5,0.5870585
2212,CETN2,10,3.4754794
2213,CETN3,3,1.951288
2214,CFAP100,5,0.78894114
2215,CFAP126,9,2.2962506
2216,CFAP157,3,2.0152702
2217,CFAP161,5,0.5727202
2218,CFAP20,9,3.4659042
2219,CFAP206,8,2.6628313
2220,CFAP20DC,1,0.48843962
2221,CFAP221,6,1.10471
2222,CFAP298,8,2.8091455
2223,CFAP299,5,0.695132
2224,CFAP300,6,0.79845345
2225,CFAP36,7,3.3182383
2226,CFAP410,10,3.640721
2227,CFAP418,3,1.0727786
2228,CFAP43,5,0.7492728
2229,CFAP44,8,2.098622
2230,CFAP45,6,1.2213298
2231,CFAP46,5,0.8993977
2232,CFAP52,1,0.66161513
2233,CFAP54,5,0.35997772
2234,CFAP57,6,1.1230065
2235,CFAP58,6,0.77426267
2236,CFAP61,1,0.86518604
2237,CFAP65,6,0.49150622
2238,CFAP69,6,1.673375
2239,CFAP70,3,1.985342
2240,CFAP73,8,2.6413574
2241,CFAP74,5,0.99783254
2242,CFAP77,5,0.67767966
2243,CFAP91,3,1.7618594
2244,CFAP97,8,2.0735955
2245,CFAP97D1,1,0.43098247
2246,CFAP99,1,0.9005095
2247,CFB,3,3.042053
2248,CFD,7,3.5926466
2249,CFDP1,4,3.9490092
2250,CFI,8,2.7899082
2251,CFL1,4,5.6826553
2252,CFL2,10,3.3799415
2253,CFLAR,9,3.1779203
2254,CFP,6,1.5687144
2255,CFTR,1,0.88620174
2256,CGA,1,0.43030137
2257,CGAS,2,1.0702068
2258,CGGBP1,7,3.1647062
2259,CGN,3,1.9589242
2260,CGNL1,2,2.0211408
2261,CGREF1,3,2.1193726
2262,CGRRF1,8,2.5564775
2263,CH25H,5,1.1334525
2264,CHAC1,3,1.7381467
2265,CHAC2,2,1.4496241
2266,CHAD,10,2.0239844
2267,CHADL,2,1.6773819
2268,CHAF1A,3,2.0547867
2269,CHAF1B,2,1.2933291
2270,CHAMP1,2,1.8424088
2271,CHAT,1,0.025234886
2272,CHCHD1,10,3.1992252
2273,CHCHD10,4,4.6177773
2274,CHCHD2,4,5.361991
2275,CHCHD3,4,3.6252103
2276,CHCHD5,8,2.037263
2277,CHCHD6,3,2.5488636
2278,CHCHD7,9,2.795232
2279,CHD1,3,2.516999
2280,CHD1L,9,3.225057
2281,CHD2,10,2.9586775
2282,CHD3,7,3.4935358
2283,CHD4,10,3.9509342
2284,CHD5,6,1.3784407
2285,CHD6,2,2.2032032
2286,CHD7,2,1.980848
2287,CHD8,10,2.724464
2288,CHD9,2,2.1756723
2289,CHDH,2,1.8199166
2290,CHEK1,1,0.93477786
2291,CHEK2,2,1.1263275
2292,CHERP,10,3.5218596
2293,CHFR,8,2.0514092
2294,CHGA,6,1.7141933
2295,CHGB,3,2.371631
2296,CHIC1,3,1.6147579
2297,CHIC2,9,2.9956908
2298,CHID1,9,2.7703416
2299,CHIT1,1,0.9588272
2300,CHKA,7,3.6401105
2301,CHKB,4,4.513161
2302,CHL1,2,1.5212331
2303,CHM,2,1.6928636
2304,CHML,1,1.4418768
2305,CHMP1A,10,4.044059
2306,CHMP1B,7,3.740011
2307,CHMP2A,4,4.3298407
2308,CHMP2B,10,3.1565185
2309,CHMP3,4,3.984373
2310,CHMP4C,6,1.3293786
2311,CHMP5,9,3.5843165
2312,CHMP6,10,3.2778432
2313,CHMP7,8,3.086942
2314,CHN1,10,2.324877
2315,CHN2,10,2.2770815
2316,CHODL,6,0.7864153
2317,CHORDC1,8,2.2360518
2318,CHP1,7,3.876159
2319,CHP2,6,0.38427442
2320,CHPF,7,3.8966026
2321,CHPF2,7,2.8140123
2322,CHPT1,9,3.6912096
2323,CHRAC1,9,2.7785103
2324,CHRD,8,3.2408934
2325,CHRDL1,8,2.481354
2326,CHRDL2,5,1.0369486
2327,CHRM1,5,0.6728311
2328,CHRM2,1,0.47909954
2329,CHRM3,6,0.6116489
2330,CHRM4,1,0.5646076
2331,CHRM5,1,0.28196386
2332,CHRNA1,1,0.6924633
2333,CHRNA10,6,1.2825159
2334,CHRNA2,5,0.36264512
2335,CHRNA3,1,0.49276352
2336,CHRNA4,5,1.2242589
2337,CHRNA5,1,0.49882802
2338,CHRNA6,5,0.17839332
2339,CHRNA9,5,0.031734653
2340,CHRNB1,2,2.3109663
2341,CHRNB2,5,0.7780157
2342,CHRNB3,1,0.2667312
2343,CHRNB4,5,0.3763485
2344,CHRND,1,0.54540807
2345,CHRNE,9,2.5284042
2346,CHRNG,5,0.3158049
2347,CHST1,5,1.1659486
2348,CHST10,3,1.690273
2349,CHST11,3,1.8484082
2350,CHST12,3,1.4310336
2351,CHST13,1,1.1196852
2352,CHST14,8,2.4588873
2353,CHST15,3,2.0601466
2354,CHST2,6,2.1425965
2355,CHST3,3,2.2312536
2356,CHST4,5,0.18783706
2357,CHST7,9,1.6777357
2358,CHST8,5,0.8022745
2359,CHST9,6,0.5060523
2360,CHSY1,8,2.5641391
2361,CHSY3,6,0.86081415
2362,CHTF18,8,2.6167462
2363,CHTF8,7,3.640658
2364,CHTOP,8,3.6142719
2365,CHUK,9,2.5928488
2366,CHURC1,8,2.93306
2367,CIAO1,10,3.5363486
2368,CIAO2A,9,2.723313
2369,CIAO2B,4,4.9687805
2370,CIAO3,9,3.0527778
2371,CIAPIN1,10,3.0582104
2372,CIART,2,2.2352948
2373,CIB1,4,4.4017067
2374,CIB2,8,2.1500626
2375,CIB3,5,0.15433201
2376,CIB4,1,0.56150115
2377,CIBAR1,2,2.3922958
2378,CIBAR2,5,0.4885068
2379,CIC,10,3.5653794
2380,CIDEA,5,1.0305635
2381,CIDEB,10,3.0168555
2382,CIDEC,5,1.4815029
2383,CIITA,8,1.890662
2384,CILK1,2,1.9413818
2385,CILP,5,1.5917517
2386,CILP2,1,0.5692594
2387,CINP,7,4.1557508
2388,CIP2A,6,1.0236375
2389,CIPC,8,3.015477
2390,CIR1,1,0.0
2391,CIRBP,4,4.9595137
2392,CISD1,10,2.9283838
2393,CISD2,10,1.9730124
2394,CISD3,7,3.5557268
2395,CISH,9,2.5759418
2396,CIT,5,1.6780591
2397,CITED1,5,1.0098921
2398,CITED2,9,3.8129246
2399,CITED4,9,3.1223378
2400,CIZ1,9,3.385413
2401,CKAP2,3,1.7259122
2402,CKAP2L,2,0.47387835
2403,CKAP4,7,3.3451817
2404,CKAP5,9,3.1836371
2405,CKB,4,5.1312413
2406,CKLF,10,2.9945955
2407,CKM,9,3.258583
2408,CKMT2,3,2.4929194
2409,CKS2,9,2.5523515
2410,CLASP1,10,2.9920068
2411,CLASP2,3,2.756838
2412,CLASRP,7,4.042511
2413,CLBA1,2,1.7891504
2414,CLCA1,1,0.112248406
2415,CLCA2,5,0.27588272
2416,CLCC1,10,2.0312316
2417,CLCF1,3,1.6976187
2418,CLCN1,1,0.47485456
2419,CLCN2,3,1.8231542
2420,CLCN3,8,2.7847102
2421,CLCN4,3,1.8453647
2422,CLCN5,3,1.4606699
2423,CLCN6,10,3.0216167
2424,CLCN7,7,4.1127267
2425,CLDN1,2,1.6376435
2426,CLDN10,5,1.3232161
2427,CLDN11,3,2.2077622
2428,CLDN12,8,2.6554666
2429,CLDN14,5,0.26661113
2430,CLDN15,10,2.587631
2431,CLDN16,1,0.16215071
2432,CLDN17,1,0.06677552
2433,CLDN18,1,0.85631263
2434,CLDN19,1,0.08672553
2435,CLDN2,5,0.51783293
2436,CLDN20,5,0.3612571
2437,CLDN23,6,1.2289467
2438,CLDN25,5,0.02495645
2439,CLDN3,5,1.5243083
2440,CLDN5,7,3.4456294
2441,CLDN6,1,0.21097064
2442,CLDN7,3,1.6020116
2443,CLDN8,1,0.12678997
2444,CLDN9,3,1.5361508
2445,CLDND1,7,3.4354413
2446,CLDND2,6,1.7293774
2447,CLEC11A,8,2.5236638
2448,CLEC12B,1,0.6316067
2449,CLEC14A,8,3.0416296
2450,CLEC16A,8,2.664465
2451,CLEC1A,6,1.5972575
2452,CLEC1B,1,0.5522067
2453,CLEC2L,3,1.0114468
2454,CLEC3A,5,0.05519383
2455,CLEC3B,9,4.2449007
2456,CLEC4A,6,1.5451181
2457,CLEC4D,6,0.5322307
2458,CLEC4E,6,1.249955
2459,CLEC4G,1,1.4909375
2460,CLEC5A,5,0.5501824
2461,CLEC6A,1,0.05205549
2462,CLEC9A,1,0.5794895
2463,CLGN,6,1.4205909
2464,CLHC1,6,1.0584677
2465,CLIC1,7,3.7831192
2466,CLIC3,6,1.622036
2467,CLIC4,4,3.8890753
2468,CLIC6,3,1.1124738
2469,CLINT1,8,3.476103
2470,CLIP1,8,3.3756611
2471,CLIP2,8,2.5347166
2472,CLIP3,8,2.986796
2473,CLIP4,3,2.000533
2474,CLK1,4,4.817102
2475,CLK2,7,4.0191274
2476,CLK3,7,3.7884438
2477,CLK4,7,3.4383183
2478,CLMN,3,2.2943003
2479,CLMP,10,1.7679551
2480,CLN3,10,3.3367455
2481,CLN5,3,1.7313156
2482,CLN6,9,3.0561185
2483,CLN8,8,2.053577
2484,CLNK,1,0.16945916
2485,CLNS1A,2,2.0686445
2486,CLOCK,3,1.9899817
2487,CLP1,2,1.6281197
2488,CLPB,2,1.4496508
2489,CLPP,7,3.3694735
2490,CLPS,5,2.5270178
2491,CLPSL2,5,0.19339384
2492,CLPTM1,4,4.409719
2493,CLPTM1L,4,4.091754
2494,CLPX,10,3.01354
2495,CLRN1,5,0.054242197
2496,CLRN2,5,0.062552094
2497,CLRN3,1,0.44428527
2498,CLSPN,1,0.37074307
2499,CLSTN1,7,4.0545206
2500,CLSTN2,5,1.1889743
2501,CLSTN3,7,3.1769152
2502,CLTA,4,5.030737
2503,CLTB,4,5.0102553
2504,CLTC,7,3.9174018
2505,CLTRN,1,0.5593944
2506,CLU,4,5.4355893
2507,CLUAP1,1,0.0
2508,CLUH,4,4.0300307
2509,CLVS1,3,1.8738972
2510,CLVS2,5,0.60708135
2511,CLYBL,2,1.1428248
2512,CMA1,5,0.45664695
2513,CMAS,7,3.7951114
2514,CMBL,2,2.2898185
2515,CMC1,8,2.7408876
2516,CMC2,8,1.797089
2517,CMC4,10,3.1043859
2518,CMIP,10,2.548329
2519,CMKLR1,3,1.3365005
2520,CMPK1,7,3.8105583
2521,CMPK2,6,1.2953079
2522,CMSS1,3,2.2121658
2523,CMTM3,8,2.610168
2524,CMTM4,3,2.1385477
2525,CMTM5,3,1.5119575
2526,CMTM6,8,3.0435772
2527,CMTM7,9,2.7483585
2528,CMTM8,2,1.7935222
2529,CMTR1,9,3.4603846
2530,CMTR2,2,1.7438983
2531,CMYA5,6,1.961264
2532,CNBD2,6,1.0867826
2533,CNBP,4,4.284714
2534,CNDP1,5,1.0135171
2535,CNDP2,7,3.3112464
2536,CNEP1R1,10,2.4360847
2537,CNFN,2,1.1017214
2538,CNGA1,6,0.54017
2539,CNGA2,1,0.03955206
2540,CNGA3,1,0.17593016
2541,CNGA4,1,0.5570859
2542,CNGB1,5,0.24033192
2543,CNGB3,1,0.1918646
2544,CNIH1,10,2.9374337
2545,CNIH2,5,1.7657527
2546,CNIH3,3,1.3614823
2547,CNIH4,10,2.616997
2548,CNKSR1,3,2.1401188
2549,CNKSR2,5,0.9759733
2550,CNKSR3,3,1.1040393
2551,CNMD,6,0.3277082
2552,CNN1,10,3.2260158
2553,CNN2,7,3.5951624
2554,CNN3,4,4.5387588
2555,CNNM1,5,1.1272607
2556,CNNM2,2,2.22586
2557,CNNM3,8,2.8487124
2558,CNNM4,2,2.3972301
2559,CNOT1,7,3.5196464
2560,CNOT10,8,2.6022341
2561,CNOT11,9,3.343865
2562,CNOT2,8,2.7972183
2563,CNOT3,9,2.8632102
2564,CNOT4,2,2.1046333
2565,CNOT6,3,2.2324011
2566,CNOT6L,3,2.217261
2567,CNOT7,10,2.5717597
2568,CNOT8,8,2.8787851
2569,CNOT9,9,2.9710097
2570,CNP,7,3.5844607
2571,CNPPD1,7,3.51304
2572,CNPY2,10,3.120666
2573,CNPY3,7,3.506614
2574,CNPY4,10,2.5054607
2575,CNR1,1,1.2198153
2576,CNR2,5,0.35641488
2577,CNRIP1,10,2.490503
2578,CNST,9,2.5231001
2579,CNTD1,8,2.8867633
2580,CNTF,3,0.8074936
2581,CNTFR,2,2.1298325
2582,CNTLN,6,1.2506626
2583,CNTN1,1,1.3897555
2584,CNTN2,5,1.178487
2585,CNTN3,6,1.1497128
2586,CNTN4,3,1.1919367
2587,CNTN5,5,0.17630295
2588,CNTN6,1,0.55161035
2589,CNTNAP1,10,2.64212
2590,CNTNAP2,1,0.76437485
2591,CNTNAP4,6,0.7792613
2592,CNTRL,3,2.051708
2593,CNTROB,8,2.9838996
2594,COA3,4,4.425682
2595,COA4,10,2.4254797
2596,COA5,10,3.0290756
2597,COA7,9,2.062525
2598,COA8,10,2.9182937
2599,COASY,7,4.039444
2600,COBL,8,2.1988282
2601,COBLL1,3,1.9758309
2602,COCH,6,1.4249411
2603,COG1,7,3.6829321
2604,COG2,8,2.9724598
2605,COG3,2,2.8531473
2606,COG4,7,3.783242
2607,COG5,10,2.8504305
2608,COG6,2,1.9240043
2609,COG7,10,2.7932758
2610,COG8,7,3.5083656
2611,COIL,9,2.6961017
2612,COL11A1,6,0.6747619
2613,COL11A2,2,1.4146216
2614,COL12A1,2,1.9057568
2615,COL13A1,3,1.5986695
2616,COL14A1,8,1.6993818
2617,COL15A1,3,2.2618108
2618,COL16A1,8,3.003993
2619,COL17A1,1,0.6762542
2620,COL18A1,4,4.0960755
2621,COL19A1,3,0.34160236
2622,COL1A1,9,3.5740445
2623,COL1A2,4,4.022712
2624,COL20A1,1,0.6904932
2625,COL23A1,6,1.4841361
2626,COL25A1,1,0.6759279
2627,COL26A1,5,0.9435719
2628,COL27A1,9,2.828501
2629,COL28A1,6,1.3400074
2630,COL2A1,5,0.3286642
2631,COL3A1,10,3.645001
2632,COL4A1,8,3.035745
2633,COL4A2,10,3.1835933
2634,COL4A3,3,1.5762434
2635,COL4A4,2,1.2744174
2636,COL4A5,6,1.6470354
2637,COL4A6,6,0.9146792
2638,COL5A1,8,2.5308738
2639,COL5A2,2,2.3701875
2640,COL5A3,10,2.8243246
2641,COL6A1,7,5.1123877
2642,COL6A2,7,4.380832
2643,COL6A3,8,3.0663576
2644,COL6A5,5,0.33348987
2645,COL6A6,5,0.6861646
2646,COL8A1,6,1.176587
2647,COL8A2,2,1.3707066
2648,COL9A1,5,0.78920853
2649,COL9A2,3,1.7852181
2650,COLEC10,1,0.30925083
2651,COLEC11,6,1.2269127
2652,COLEC12,3,1.7831479
2653,COLGALT1,9,3.8565602
2654,COLGALT2,6,1.3951983
2655,COLQ,3,1.9363616
2656,COMMD1,9,2.3679376
2657,COMMD10,10,2.8518226
2658,COMMD2,3,1.9587543
2659,COMMD3,4,4.2198334
2660,COMMD4,4,4.28039
2661,COMMD5,10,2.7217486
2662,COMMD6,7,3.4390593
2663,COMMD7,10,3.635709
2664,COMMD8,10,2.6330614
2665,COMMD9,8,2.912163
2666,COMP,3,1.6049856
2667,COMT,10,3.106203
2668,COMTD1,9,2.8551533
2669,COP1,7,2.9682379
2670,COPA,4,4.10231
2671,COPB1,7,3.397744
2672,COPB2,9,3.461299
2673,COPE,4,5.096075
2674,COPG1,7,4.1600437
2675,COPG2,8,2.6056893
2676,COPS2,9,2.8189547
2677,COPS3,7,3.7828212
2678,COPS4,9,3.2578564
2679,COPS5,7,4.1703277
2680,COPS6,4,4.3354106
2681,COPS7A,7,4.0052714
2682,COPS7B,9,2.8770716
2683,COPS8,7,3.363732
2684,COPZ1,4,3.9859776
2685,COPZ2,7,3.3646657
2686,COQ10A,10,3.2061899
2687,COQ10B,8,2.8799214
2688,COQ2,8,1.9876409
2689,COQ3,2,2.4029543
2690,COQ4,7,3.6579528
2691,COQ5,10,3.4520578
2692,COQ6,9,3.3406682
2693,COQ7,8,2.2742
2694,COQ8A,10,3.7833536
2695,COQ8B,9,2.8686492
2696,COQ9,7,4.133814
2697,CORIN,3,0.773524
2698,CORO1A,9,3.1259303
2699,CORO1B,9,3.1592765
2700,CORO1C,7,3.3271918
2701,CORO2A,3,1.455487
2702,CORO2B,3,2.2670844
2703,CORO6,7,3.3936596
2704,CORO7,10,3.2115638
2705,CORT,3,1.2797501
2706,COTL1,4,4.0601063
2707,COX10,2,2.4427311
2708,COX11,10,3.2086387
2709,COX14,7,3.105349
2710,COX15,10,2.6367571
2711,COX16,7,3.3661125
2712,COX17,2,1.8710202
2713,COX18,3,1.6755676
2714,COX19,8,2.510581
2715,COX20,4,4.345216
2716,COX4I1,4,5.017579
2717,COX4I2,6,1.8761767
2718,COX5A,4,4.6920166
2719,COX6A1,4,5.1567254
2720,COX6A2,6,2.7541685
2721,COX6B1,4,4.8565655
2722,COX6B2,5,0.78913677
2723,COX6C,7,3.8454363
2724,COX7A1,4,4.610406
2725,COX7A2,4,4.80207
2726,COX7A2L,7,3.59559
2727,COX7B2,1,0.51096594
2728,COX7C,4,5.0414915
2729,COX8A,4,5.8906827
2730,CP,8,2.574547
2731,CPA1,3,2.9155405
2732,CPA2,6,1.9504138
2733,CPA3,1,1.4392025
2734,CPA4,5,0.6816744
2735,CPA5,5,0.54568744
2736,CPA6,5,0.14509861
2737,CPB1,9,2.4975753
2738,CPB2,5,0.5926742
2739,CPD,2,2.6393538
2740,CPE,4,4.254532
2741,CPEB1,2,1.3111482
2742,CPEB2,2,2.30457
2743,CPEB3,3,1.803842
2744,CPEB4,10,2.731323
2745,CPED1,6,1.6126183
2746,CPLANE1,2,1.6224129
2747,CPLANE2,2,1.4872826
2748,CPLX1,10,2.716933
2749,CPLX2,1,1.5051994
2750,CPLX3,2,2.0945632
2751,CPLX4,1,0.12247768
2752,CPM,3,2.1482363
2753,CPN1,5,0.53464776
2754,CPN2,1,0.62583846
2755,CPNE2,8,3.015985
2756,CPNE3,10,2.7340262
2757,CPNE4,1,0.606946
2758,CPNE5,6,2.1897268
2759,CPNE6,1,1.2254831
2760,CPNE7,1,0.97987384
2761,CPNE8,3,2.119154
2762,CPNE9,1,0.99775267
2763,CPOX,9,3.0023708
2764,CPPED1,2,2.0018508
2765,CPQ,10,2.5876203
2766,CPS1,5,1.3212539
2767,CPSF1,4,4.0249267
2768,CPSF2,2,1.817282
2769,CPSF3,10,2.5882392
2770,CPSF4,7,3.4662645
2771,CPSF6,3,2.5012095
2772,CPSF7,7,3.8506436
2773,CPT1A,7,3.0305715
2774,CPT1B,4,3.7851155
2775,CPT1C,6,1.9290562
2776,CPT2,9,2.9887993
2777,CPTP,8,3.024643
2778,CPVL,3,2.080466
2779,CPXM1,6,1.2552217
2780,CPXM2,3,1.8933303
2781,CPZ,1,0.99139965
2782,CRABP1,6,1.109425
2783,CRABP2,6,1.6585195
2784,CRACD,5,0.75394136
2785,CRACDL,2,1.7964408
2786,CRACR2A,5,0.86572635
2787,CRACR2B,3,2.5082178
2788,CRADD,9,2.1808598
2789,CRAMP1,8,2.7157977
2790,CRAT,4,3.9792643
2791,CRB1,1,0.46882305
2792,CRB2,6,1.2053832
2793,CRB3,6,1.0501729
2794,CRBN,8,3.2500446
2795,CRCP,8,3.0476444
2796,CREB1,6,1.9658436
2797,CREB3,7,3.2823462
2798,CREB3L1,8,2.1388783
2799,CREB3L2,8,2.4255543
2800,CREB3L3,5,0.87530476
2801,CREB3L4,3,1.8838251
2802,CREB5,2,1.5873195
2803,CREBBP,10,3.1389425
2804,CREBL2,10,3.1675563
2805,CREBRF,3,2.1816201
2806,CREBZF,7,3.352079
2807,CREG1,4,3.9747398
2808,CREG2,5,0.45374304
2809,CRELD1,10,3.1957383
2810,CRELD2,7,3.8034258
2811,CREM,8,2.4410348
2812,CRH,5,0.45139837
2813,CRHBP,5,1.399569
2814,CRHR1,1,1.320629
2815,CRHR2,1,0.54780173
2816,CRIM1,9,3.2102692
2817,CRIP1,10,2.9461713
2818,CRIP2,4,4.6073184
2819,CRIP3,8,1.8669661
2820,CRIPT,3,1.4385164
2821,CRISP1,5,0.14381889
2822,CRISP2,5,0.6155586
2823,CRISPLD1,5,0.66596025
2824,CRISPLD2,10,2.8658822
2825,CRK,9,3.4808986
2826,CRKL,7,3.4871817
2827,CRLF1,9,2.5792217
2828,CRLF3,2,2.4262352
2829,CRLS1,9,3.0625741
2830,CRMP1,3,2.3888338
2831,CRNKL1,8,2.420383
2832,CRNN,5,0.9190075
2833,CROCC,3,2.738381
2834,CROCC2,1,0.4690436
2835,CROT,3,1.8624685
2836,CRP,1,1.423791
2837,CRPPA,1,0.5513241
2838,CRTAC1,6,1.5219632
2839,CRTAM,6,0.8753743
2840,CRTAP,7,3.5086257
2841,CRTC1,9,2.661045
2842,CRTC2,7,3.908485
2843,CRTC3,3,2.932746
2844,CRX,5,0.043687724
2845,CRY1,9,2.87691
2846,CRY2,7,3.382379
2847,CRYAA,1,0.28603274
2848,CRYAB,4,4.4350986
2849,CRYBA1,5,0.16024597
2850,CRYBA2,1,0.42226863
2851,CRYBA4,1,0.2780296
2852,CRYBB1,5,0.4474413
2853,CRYBB2,5,0.3517897
2854,CRYBB3,5,0.42327297
2855,CRYBG1,2,1.4577751
2856,CRYBG2,1,0.35247037
2857,CRYBG3,10,2.1086571
2858,CRYGA,5,0.05562398
2859,CRYGB,1,0.069526866
2860,CRYGC,5,0.17113705
2861,CRYGN,1,0.20426223
2862,CRYGS,8,2.6285737
2863,CRYL1,7,3.5174804
2864,CRYM,3,2.3199773
2865,CRYZ,2,1.7732124
2866,CRYZL1,2,2.592655
2867,CSAD,10,3.3197453
2868,CSDC2,8,2.9543931
2869,CSDE1,4,4.561638
2870,CSE1L,7,3.4133937
2871,CSF1,10,2.917603
2872,CSF1R,8,2.568235
2873,CSF2,5,0.14009385
2874,CSF3,6,1.2068107
2875,CSF3R,8,2.572565
2876,CSGALNACT1,3,1.7452831
2877,CSGALNACT2,2,2.341043
2878,CSK,10,3.0207813
2879,CSMD1,1,0.6304065
2880,CSMD2,1,0.542585
2881,CSMD3,1,0.35808492
2882,CSNK1A1,4,3.993055
2883,CSNK1D,4,4.629815
2884,CSNK1E,7,3.4267914
2885,CSNK1G1,2,1.6105124
2886,CSNK1G2,10,3.4916584
2887,CSNK1G3,2,2.189423
2888,CSNK2A2,10,3.0403407
2889,CSNK2B,4,5.098602
2890,CSPG4,10,2.3379536
2891,CSPG5,1,1.0852826
2892,CSPP1,2,2.096136
2893,CSRNP1,9,3.2616243
2894,CSRNP2,2,2.3226612
2895,CSRNP3,6,0.6764208
2896,CSRP1,4,4.8104105
2897,CSRP2,2,2.085043
2898,CSRP3,5,1.01987
2899,CST11,1,0.057342265
2900,CST6,6,1.0814835
2901,CST7,3,1.993202
2902,CST8,5,0.37468746
2903,CSTB,10,3.9478962
2904,CSTF1,2,1.966323
2905,CSTF2,3,1.8816886
2906,CSTF2T,9,2.7165709
2907,CSTF3,2,2.6645927
2908,CSTL1,1,0.28696674
2909,CTBP1,7,3.2954721
2910,CTBS,3,1.7838744
2911,CTC1,8,2.7643585
2912,CTCF,10,2.7758522
2913,CTCFL,6,0.2706609
2914,CTDNEP1,4,4.5133233
2915,CTDP1,9,2.7507193
2916,CTDSP1,7,3.9458928
2917,CTDSP2,4,4.46331
2918,CTDSPL,7,2.9012797
2919,CTDSPL2,3,2.216429
2920,CTF1,2,1.8899045
2921,CTH,6,1.2340765
2922,CTHRC1,3,1.482087
2923,CTIF,10,3.09288
2924,CTLA4,5,0.65665144
2925,CTNNA1,7,3.9631982
2926,CTNNA2,1,1.1085888
2927,CTNNA3,6,0.8216559
2928,CTNNAL1,10,3.0588872
2929,CTNNB1,7,3.942317
2930,CTNNBIP1,8,2.1565726
2931,CTNNBL1,7,3.486423
2932,CTNND1,10,3.6455798
2933,CTNND2,6,1.7582736
2934,CTNS,3,2.3943617
2935,CTPS2,2,1.8315974
2936,CTR9,9,2.9590385
2937,CTRL,8,3.1536674
2938,CTSA,4,4.1306987
2939,CTSB,4,4.159317
2940,CTSC,6,1.9360213
2941,CTSD,4,5.9707093
2942,CTSE,5,0.474281
2943,CTSF,4,4.4083686
2944,CTSG,5,1.3848988
2945,CTSH,8,3.4166512
2946,CTSK,8,2.35668
2947,CTSO,2,1.8917176
2948,CTSS,2,2.1689925
2949,CTSW,6,1.3204234
2950,CTSZ,9,2.834426
2951,CTTN,7,4.4872727
2952,CTTNBP2,2,1.3263556
2953,CTTNBP2NL,2,1.9389045
2954,CTU1,2,1.6536442
2955,CTU2,8,2.7871008
2956,CTXN1,6,1.899578
2957,CTXN2,5,0.3754552
2958,CTXN3,5,0.39773387
2959,CUBN,6,0.7049386
2960,CUEDC1,10,2.4306567
2961,CUEDC2,4,3.9018722
2962,CUL1,8,3.2674263
2963,CUL2,10,2.508547
2964,CUL3,8,3.0769222
2965,CUL4A,9,3.3235333
2966,CUL4B,2,1.664945
2967,CUL5,3,2.5665653
2968,CUL7,8,2.714436
2969,CUL9,8,2.7120967
2970,CUTA,7,4.639246
2971,CUTC,10,3.5227818
2972,CUX1,10,2.5524561
2973,CUX2,5,0.8103289
2974,CUZD1,3,2.1214578
2975,CWC15,8,3.4619677
2976,CWC25,10,3.0482266
2977,CWC27,6,0.6759637
2978,CWF19L1,9,2.8978658
2979,CWF19L2,3,1.438861
2980,CWH43,1,0.13687412
2981,CX3CL1,10,2.6047657
2982,CX3CR1,6,0.71521413
2983,CXCL10,6,1.003829
2984,CXCL12,9,3.30531
2985,CXCL14,3,3.0942278
2986,CXCL17,1,0.8894766
2987,CXCL6,5,0.8947075
2988,CXCL9,5,1.0047239
2989,CXCR1,5,1.0837667
2990,CXCR2,5,0.87848973
2991,CXCR3,5,0.4948613
2992,CXCR4,2,2.443976
2993,CXCR5,8,3.0065272
2994,CXCR6,6,0.6816504
2995,CXXC1,4,4.0283813
2996,CXXC4,1,0.78607297
2997,CXXC5,8,2.922638
2998,CYB561,8,2.5619614
2999,CYB561A3,2,2.5130086
3000,CYB561D1,2,2.0044007
3001,CYB561D2,7,3.3308108
3002,CYB5A,8,3.582717
3003,CYB5B,3,2.6426475
3004,CYB5D1,9,2.6019042
3005,CYB5D2,7,2.901864
3006,CYB5R1,7,4.0503373
3007,CYB5R2,2,1.9880252
3008,CYB5R3,4,4.6342053
3009,CYB5R4,3,1.633711
3010,CYB5RL,3,1.3133862
3011,CYBA,10,2.9440646
3012,CYBB,6,1.9098724
3013,CYBC1,7,3.658605
3014,CYBRD1,9,3.4313352
3015,CYC1,4,5.048982
3016,CYFIP1,8,2.8335543
3017,CYFIP2,6,2.6234148
3018,CYGB,8,3.165807
3019,CYLD,8,2.4760544
3020,CYP11A1,3,1.3812968
3021,CYP17A1,6,1.7522203
3022,CYP19A1,5,0.47323847
3023,CYP1A1,2,0.7198791
3024,CYP1A2,5,0.48077023
3025,CYP1B1,2,1.8165454
3026,CYP20A1,1,0.91567445
3027,CYP21A2,2,2.075349
3028,CYP24A1,5,0.08384829
3029,CYP26A1,1,0.3674135
3030,CYP26B1,10,2.01477
3031,CYP26C1,5,0.18973519
3032,CYP27A1,10,3.5926108
3033,CYP27B1,6,0.97408557
3034,CYP2C18,1,0.5261996
3035,CYP2E1,10,2.8940902
3036,CYP2F1,5,0.28012195
3037,CYP2R1,2,2.3321283
3038,CYP2S1,5,0.91055894
3039,CYP2U1,2,1.8303127
3040,CYP2W1,5,0.291783
3041,CYP39A1,3,1.1992346
3042,CYP46A1,2,1.8078688
3043,CYP4B1,6,1.9158281
3044,CYP4F22,5,0.4425608
3045,CYP4V2,8,2.6398344
3046,CYP4X1,9,1.9712888
3047,CYP51A1,10,3.0613472
3048,CYP7A1,5,0.30259055
3049,CYP7B1,5,0.5278351
3050,CYP8B1,1,0.7090508
3051,CYREN,3,2.008125
3052,CYRIA,3,1.9906263
3053,CYRIB,8,2.3839896
3054,CYS1,2,1.4384732
3055,CYSLTR1,5,0.6417915
3056,CYSRT1,6,1.5012025
3057,CYSTM1,10,4.0657916
3058,CYTH1,7,3.953425
3059,CYTH2,9,3.4490669
3060,CYTH3,10,3.0572433
3061,CYTH4,6,2.086922
3062,CYTIP,6,1.0259676
3063,CYTL1,1,0.78112185
3064,CYYR1,3,2.229524
3065,CZIB,4,4.3570695
3066,D2HGDH,9,3.3316529
3067,DAAM1,3,2.5803607
3068,DAAM2,10,3.129668
3069,DAB1,3,1.1506096
3070,DAB2,8,2.900916
3071,DAB2IP,10,3.4162052
3072,DACH1,3,1.250795
3073,DACH2,1,0.36648664
3074,DACT1,2,1.8493574
3075,DACT2,6,0.69787437
3076,DACT3,8,1.9746261
3077,DAD1,8,3.0332112
3078,DAG1,7,3.238457
3079,DAGLA,2,1.8007237
3080,DAGLB,2,2.6509137
3081,DALRD3,7,3.7544928
3082,DAND5,6,0.42583922
3083,DAO,1,0.8736327
3084,DAP,9,4.0516405
3085,DAP3,9,3.6234834
3086,DAPK1,3,2.4955566
3087,DAPK2,6,1.7469581
3088,DAPK3,4,4.0302544
3089,DAPL1,6,0.6684992
3090,DAPP1,5,0.93459547
3091,DARS2,2,1.8391374
3092,DAW1,5,0.6317626
3093,DAXX,9,3.327464
3094,DAZAP1,4,4.5354915
3095,DAZAP2,4,4.51819
3096,DAZL,1,0.4727574
3097,DBF4,2,1.5027695
3098,DBH,6,1.057765
3099,DBN1,9,3.202808
3100,DBNDD1,9,2.1156063
3101,DBNDD2,7,3.2997067
3102,DBNL,4,3.5964026
3103,DBP,9,2.7097006
3104,DBR1,3,2.208738
3105,DBT,3,1.6601212
3106,DBX1,5,0.08411476
3107,DBX2,5,0.32542014
3108,DCAF1,10,2.7012277
3109,DCAF10,2,2.2286303
3110,DCAF11,7,3.580282
3111,DCAF12,8,2.9735527
3112,DCAF13,3,2.429251
3113,DCAF15,7,3.4839833
3114,DCAF17,2,1.858156
3115,DCAF5,9,3.1844816
3116,DCAF6,4,4.0499344
3117,DCAF7,10,2.9235673
3118,DCAF8,7,3.9042346
3119,DCAKD,3,2.2885187
3120,DCBLD1,2,2.1618736
3121,DCBLD2,3,2.237781
3122,DCC,1,0.44410226
3123,DCDC2,5,0.6962882
3124,DCDC2B,3,1.5961471
3125,DCHS1,10,2.2014217
3126,DCHS2,6,0.28931057
3127,DCK,8,2.300452
3128,DCLK1,5,1.3777491
3129,DCLK2,6,2.003286
3130,DCLK3,5,0.4131331
3131,DCLRE1A,6,1.6008111
3132,DCLRE1B,6,1.3140606
3133,DCLRE1C,6,0.95851433
3134,DCN,7,3.5503726
3135,DCP1A,9,2.3624132
3136,DCP1B,2,1.9167109
3137,DCP2,2,2.0351214
3138,DCPS,3,1.6111584
3139,DCST1,5,0.8057008
3140,DCST2,2,1.3528256
3141,DCSTAMP,1,0.38781303
3142,DCT,5,0.42412814
3143,DCTD,7,3.2133167
3144,DCTN1,4,4.4035244
3145,DCTN2,4,4.65888
3146,DCTN3,7,4.0748773
3147,DCTN4,9,2.9935231
3148,DCTN5,2,2.5103042
3149,DCTN6,9,3.4730384
3150,DCTPP1,7,3.0324197
3151,DCUN1D2,2,2.9149895
3152,DCUN1D3,3,1.9071163
3153,DCUN1D4,9,3.0435789
3154,DCUN1D5,6,1.2044271
3155,DCX,5,0.17413102
3156,DCXR,4,4.955423
3157,DDA1,7,2.989303
3158,DDAH1,10,3.0572004
3159,DDAH2,8,3.4650116
3160,DDB1,7,4.2652216
3161,DDB2,10,3.1994014
3162,DDC,1,0.5469069
3163,DDHD1,8,1.9162412
3164,DDHD2,8,2.5001707
3165,DDI1,1,0.4126224
3166,DDIT3,7,3.794971
3167,DDIT4,4,5.158492
3168,DDIT4L,5,1.4763603
3169,DDN,6,1.2797879
3170,DDO,5,1.1768525
3171,DDOST,4,4.8315516
3172,DDR1,8,2.869576
3173,DDR2,6,2.0015037
3174,DDRGK1,10,3.4885232
3175,DDX1,4,4.157245
3176,DDX10,3,1.823957
3177,DDX11,3,2.0391295
3178,DDX17,4,5.90229
3179,DDX18,8,3.2763896
3180,DDX19A,7,3.8565369
3181,DDX19B,7,2.8530874
3182,DDX20,3,2.0783525
3183,DDX21,8,3.2341337
3184,DDX23,10,3.9217808
3185,DDX24,4,4.1330605
3186,DDX25,5,0.9861426
3187,DDX27,7,3.7350686
3188,DDX28,2,2.2292528
3189,DDX31,2,1.8295268
3190,DDX39A,7,3.8482625
3191,DDX39B,4,5.415589
3192,DDX3X,4,4.021998
3193,DDX3Y,7,2.5721366
3194,DDX4,1,0.64094925
3195,DDX41,7,4.014997
3196,DDX42,7,4.0789623
3197,DDX46,9,3.11675
3198,DDX47,4,3.8877144
3199,DDX49,10,3.6599798
3200,DDX5,4,5.731375
3201,DDX50,9,3.170879
3202,DDX51,9,2.9874847
3203,DDX52,3,2.1056774
3204,DDX54,7,3.295801
3205,DDX55,8,2.7551432
3206,DDX56,4,4.1190767
3207,DDX59,2,1.82714
3208,DDX6,10,3.2030122
3209,DDX60,6,1.4677248
3210,DEAF1,8,3.0321398
3211,DECR1,7,3.5422015
3212,DECR2,10,3.2321777
3213,DEDD,8,2.4500096
3214,DEDD2,8,2.9955833
3215,DEF6,8,2.3639824
3216,DEF8,8,2.953942
3217,DEFB110,5,0.0043654703
3218,DEFB113,1,0.0023984115
3219,DEFB119,1,0.650942
3220,DEFB123,5,0.62293124
3221,DEFB124,2,1.0652103
3222,DEFB136,5,0.031789966
3223,DEGS2,3,2.2977087
3224,DEK,10,3.218623
3225,DELE1,10,3.4284492
3226,DENND10,2,2.2831135
3227,DENND11,8,2.6680393
3228,DENND1A,3,2.3111453
3229,DENND1B,3,1.2646966
3230,DENND1C,6,1.9540825
3231,DENND2A,3,2.0092497
3232,DENND2C,6,1.2376981
3233,DENND2D,10,1.9607208
3234,DENND3,8,2.9996057
3235,DENND4A,3,2.253611
3236,DENND4B,4,3.691272
3237,DENND4C,9,2.306254
3238,DENND5A,7,3.581257
3239,DENND5B,2,1.8747675
3240,DENND6A,8,2.4143932
3241,DENND6B,8,2.1085713
3242,DENR,8,3.09292
3243,DEPDC1,5,0.41294393
3244,DEPDC1B,5,0.6494986
3245,DEPDC5,3,1.7684628
3246,DEPDC7,3,1.4196014
3247,DEPP1,4,4.740392
3248,DEPTOR,2,2.2760975
3249,DERA,10,2.9558263
3250,DERL1,7,3.4880233
3251,DERL2,8,2.8205717
3252,DERL3,2,1.9529837
3253,DERPC,1,0.0
3254,DES,7,4.370696
3255,DESI1,7,3.4234655
3256,DESI2,3,2.8495634
3257,DET1,8,1.6838326
3258,DEUP1,1,0.36439162
3259,DEXI,9,2.7019775
3260,DFFA,2,2.4064896
3261,DFFB,8,1.9467206
3262,DGAT1,9,3.8118234
3263,DGAT2,7,2.8300316
3264,DGAT2L6,5,0.033978216
3265,DGCR2,7,3.825143
3266,DGCR8,10,3.1692545
3267,DGKA,10,3.1351902
3268,DGKB,1,0.37222528
3269,DGKD,9,3.2407985
3270,DGKE,2,1.7778457
3271,DGKG,3,1.6126616
3272,DGKH,6,1.4420826
3273,DGKI,1,0.54879636
3274,DGKK,1,0.07466795
3275,DGKQ,3,2.717868
3276,DGKZ,7,3.6769753
3277,DGLUCY,9,2.9031563
3278,DGUOK,7,3.7141035
3279,DHCR24,4,4.3118606
3280,DHCR7,8,2.6709235
3281,DHDDS,2,2.7956648
3282,DHDH,5,0.8763625
3283,DHH,5,0.47686735
3284,DHODH,3,2.100425
3285,DHPS,4,4.325406
3286,DHRS1,7,3.2462933
3287,DHRS11,9,2.8588068
3288,DHRS13,8,2.3277035
3289,DHRS2,5,0.97329134
3290,DHRS3,7,3.4141338
3291,DHRS7B,10,3.2110925
3292,DHRS7C,1,0.843831
3293,DHRS9,1,0.7558886
3294,DHTKD1,8,2.548734
3295,DHX15,7,4.1970944
3296,DHX16,7,3.4434311
3297,DHX29,10,2.7746909
3298,DHX30,9,3.2144434
3299,DHX32,7,2.676249
3300,DHX33,10,2.3303132
3301,DHX34,9,2.4140673
3302,DHX35,10,2.4542012
3303,DHX36,10,2.7669659
3304,DHX37,9,2.457155
3305,DHX38,7,3.645333
3306,DHX40,9,2.8330138
3307,DHX57,8,2.206104
3308,DHX58,3,2.4301753
3309,DHX8,10,2.5584462
3310,DHX9,7,3.8612874
3311,DIABLO,7,3.5983598
3312,DIAPH1,4,3.8189864
3313,DIAPH2,2,1.681906
3314,DIAPH3,6,0.57920617
3315,DICER1,9,2.5183797
3316,DIDO1,8,2.6693294
3317,DIMT1,8,2.647225
3318,DIO1,5,0.7123863
3319,DIO2,5,1.0896193
3320,DIO3,6,0.9114876
3321,DIP2A,3,2.880083
3322,DIP2B,3,2.444835
3323,DIP2C,3,2.4510663
3324,DIPK1A,3,1.939912
3325,DIPK1B,8,2.711248
3326,DIPK1C,5,0.8325188
3327,DIPK2A,6,1.9920614
3328,DIPK2B,2,1.7680376
3329,DIRAS1,6,2.0356095
3330,DIRAS2,5,1.0847939
3331,DIS3,3,2.205319
3332,DIS3L,10,2.8386128
3333,DIS3L2,10,2.208837
3334,DISC1,3,0.8660047
3335,DISP1,2,1.6769481
3336,DISP2,5,0.86899513
3337,DISP3,6,0.6859394
3338,DIXDC1,3,2.0828323
3339,DKC1,9,2.9684658
3340,DKK1,6,0.85785145
3341,DKK2,5,0.48602477
3342,DKK3,8,2.9854507
3343,DKK4,1,0.3680813
3344,DKKL1,1,0.8655258
3345,DLAT,8,2.7930565
3346,DLC1,3,2.4748247
3347,DLD,7,3.8059025
3348,DLEC1,10,2.429528
3349,DLEU7,5,0.54774886
3350,DLG1,2,2.598059
3351,DLG2,1,1.0016706
3352,DLG3,3,2.1068852
3353,DLG4,8,2.6022136
3354,DLG5,10,2.6634161
3355,DLGAP1,6,1.0575242
3356,DLGAP2,5,0.6215542
3357,DLGAP3,10,1.476004
3358,DLGAP4,7,3.5434237
3359,DLGAP5,1,0.6150964
3360,DLK1,6,0.8126143
3361,DLK2,1,0.9090825
3362,DLL1,2,2.3261473
3363,DLL3,5,0.52650577
3364,DLL4,10,2.2803884
3365,DLST,4,4.3049855
3366,DLX1,5,0.36088172
3367,DLX2,1,0.20625032
3368,DLX3,1,0.24371624
3369,DLX4,6,0.39638397
3370,DLX5,1,0.5325721
3371,DLX6,5,0.45579153
3372,DMAC1,9,3.2317338
3373,DMAC2,10,3.6048589
3374,DMAC2L,8,2.4550786
3375,DMAP1,4,4.092628
3376,DMBX1,1,0.09712236
3377,DMC1,1,0.6722891
3378,DMD,3,1.7721568
3379,DMGDH,6,1.2061425
3380,DMKN,9,1.9963382
3381,DMP1,5,0.12318241
3382,DMPK,4,4.4844136
3383,DMRT1,1,0.4098124
3384,DMRT2,1,0.4650555
3385,DMRT3,5,0.5370121
3386,DMRTA1,1,0.5739574
3387,DMRTA2,1,0.2228177
3388,DMRTC2,1,0.5205198
3389,DMTN,9,3.562122
3390,DMWD,9,3.339252
3391,DMXL1,8,2.0540404
3392,DMXL2,2,2.1930754
3393,DNA2,6,1.3292912
3394,DNAAF1,10,2.5935972
3395,DNAAF10,8,1.8946543
3396,DNAAF2,9,1.9190868
3397,DNAAF3,5,1.0610586
3398,DNAAF4,6,0.8340592
3399,DNAAF5,8,2.4175313
3400,DNAAF9,10,2.7058175
3401,DNAH1,3,2.063486
3402,DNAH10,3,0.7868409
3403,DNAH11,3,0.8026126
3404,DNAH12,5,0.3892531
3405,DNAH14,5,0.46301085
3406,DNAH17,2,1.1273056
3407,DNAH2,1,0.55985194
3408,DNAH3,6,0.39755315
3409,DNAH5,1,0.39588505
3410,DNAH6,1,0.50859
3411,DNAH8,1,0.3543379
3412,DNAH9,1,0.42724633
3413,DNAI1,5,0.82298523
3414,DNAI2,5,0.65417504
3415,DNAI3,1,0.5037506
3416,DNAI4,1,0.85054064
3417,DNAJA1,4,4.4356947
3418,DNAJA2,10,3.836848
3419,DNAJA3,7,3.6300075
3420,DNAJA4,10,3.4197989
3421,DNAJB1,7,3.403777
3422,DNAJB11,9,3.6857784
3423,DNAJB12,9,3.0249484
3424,DNAJB13,5,0.6967392
3425,DNAJB14,3,2.4267771
3426,DNAJB2,4,4.53224
3427,DNAJB4,8,2.440505
3428,DNAJB5,9,2.8271177
3429,DNAJB6,7,3.5229366
3430,DNAJB7,6,1.0227429
3431,DNAJB8,1,0.4512266
3432,DNAJB9,10,3.1162724
3433,DNAJC1,7,2.9876533
3434,DNAJC10,2,2.1722596
3435,DNAJC11,10,3.657525
3436,DNAJC12,3,2.026316
3437,DNAJC13,2,2.6218336
3438,DNAJC14,10,2.7666419
3439,DNAJC15,8,2.2661247
3440,DNAJC16,3,1.9723196
3441,DNAJC17,8,2.6133697
3442,DNAJC18,3,2.156502
3443,DNAJC19,8,2.7232678
3444,DNAJC2,8,2.6533594
3445,DNAJC21,10,2.6378381
3446,DNAJC22,5,0.66294193
3447,DNAJC24,3,2.0552695
3448,DNAJC25,2,2.4912922
3449,DNAJC27,3,1.8940566
3450,DNAJC28,1,0.77592963
3451,DNAJC3,10,2.8693023
3452,DNAJC30,10,2.4675257
3453,DNAJC4,7,4.2460895
3454,DNAJC5,4,3.5753903
3455,DNAJC5B,1,0.6620851
3456,DNAJC5G,1,0.6735768
3457,DNAJC6,6,1.5053693
3458,DNAJC7,7,3.7038853
3459,DNAJC8,7,4.1817064
3460,DNAJC9,9,3.166141
3461,DNAL1,6,1.5576851
3462,DNAL4,2,2.4771793
3463,DNALI1,9,2.3790786
3464,DNASE1,8,2.940398
3465,DNASE1L1,9,2.6199665
3466,DNASE1L2,3,1.3644655
3467,DNASE1L3,3,1.6028516
3468,DNASE2,3,3.1497414
3469,DNASE2B,6,0.4075912
3470,DND1,10,2.6988227
3471,DNER,1,1.3670709
3472,DNHD1,6,1.926004
3473,DNLZ,3,1.9338536
3474,DNM1,3,2.8608794
3475,DNM1L,9,3.360092
3476,DNM2,4,4.2220926
3477,DNM3,6,1.2138072
3478,DNMBP,2,2.113285
3479,DNMT1,10,2.8072476
3480,DNMT3A,2,2.0188398
3481,DNMT3L,5,0.15784295
3482,DNPEP,10,3.3360014
3483,DNPH1,4,3.5641088
3484,DNTT,1,0.08455034
3485,DNTTIP1,10,3.420341
3486,DNTTIP2,8,2.7247987
3487,DOC2A,3,2.63175
3488,DOC2B,3,2.1050222
3489,DOCK1,9,2.64055
3490,DOCK10,2,1.515588
3491,DOCK11,5,1.5493362
3492,DOCK2,2,1.6796488
3493,DOCK3,3,1.5482612
3494,DOCK4,3,2.18343
3495,DOCK5,8,2.0502636
3496,DOCK6,10,2.9506094
3497,DOCK7,3,2.0343893
3498,DOCK8,2,1.744724
3499,DOCK9,9,2.827836
3500,DOHH,9,2.6751442
3501,DOK1,6,1.868318
3502,DOK2,2,1.7426152
3503,DOK3,3,2.1275508
3504,DOK4,7,2.5517056
3505,DOK5,1,1.306073
3506,DOK6,5,0.96009547
3507,DOK7,3,1.646842
3508,DOLK,8,2.4779043
3509,DOLPP1,8,2.4565191
3510,DONSON,9,3.1768835
3511,DOP1A,10,2.7393043
3512,DOP1B,2,1.9336375
3513,DOT1L,8,2.967234
3514,DPAGT1,9,2.9365659
3515,DPCD,8,3.1028776
3516,DPEP1,6,1.2533238
3517,DPEP2NB,5,0.0
3518,DPEP3,5,0.8420148
3519,DPF1,1,0.9804723
3520,DPF2,8,3.2003682
3521,DPF3,6,1.0400939
3522,DPH1,4,4.2006254
3523,DPH2,8,3.0162163
3524,DPH3,2,2.4243472
3525,DPH5,8,2.463189
3526,DPH6,3,1.1184866
3527,DPH7,10,3.4100451
3528,DPM1,7,3.4762943
3529,DPM2,7,3.6838682
3530,DPM3,7,3.7225642
3531,DPP10,1,0.67121106
3532,DPP3,8,2.4959693
3533,DPP4,6,1.3000078
3534,DPP6,1,1.3477045
3535,DPP7,4,5.030599
3536,DPP8,9,2.3219993
3537,DPP9,7,3.2808197
3538,DPPA4,1,0.37743792
3539,DPPA5,5,0.15960295
3540,DPT,7,2.8604312
3541,DPY19L1,3,2.3903375
3542,DPY19L2,3,2.0078347
3543,DPY19L3,2,2.123247
3544,DPY19L4,8,2.1188562
3545,DPY30,7,3.6899283
3546,DPYD,3,1.9683086
3547,DPYS,5,0.59285754
3548,DPYSL2,4,3.739754
3549,DPYSL3,9,3.1676228
3550,DPYSL4,8,1.8196739
3551,DPYSL5,5,0.9096408
3552,DQX1,5,0.43805993
3553,DR1,2,2.3659425
3554,DRAM1,3,2.1291542
3555,DRAM2,3,2.2419045
3556,DRAP1,4,4.8411193
3557,DRAXIN,5,0.29223636
3558,DRC1,5,0.72129095
3559,DRC3,2,2.1444058
3560,DRC7,1,0.64597064
3561,DRD1,6,0.39348763
3562,DRD2,5,0.33760816
3563,DRD3,5,0.067195036
3564,DRD4,6,1.2795986
3565,DRD5,5,0.14226243
3566,DRG1,7,3.8779702
3567,DRG2,7,3.674813
3568,DROSHA,9,2.5315204
3569,DRP2,5,0.5415905
3570,DSC1,1,0.2997757
3571,DSC2,1,0.77811396
3572,DSC3,1,0.21525966
3573,DSCAM,6,0.46682784
3574,DSCAML1,5,0.8900066
3575,DSCC1,6,1.1710067
3576,DSE,2,2.1584153
3577,DSEL,6,1.2377988
3578,DSG2,3,1.0873365
3579,DSG3,1,0.2019953
3580,DSG4,1,0.06088939
3581,DSN1,2,1.6954004
3582,DSP,3,1.8184563
3583,DST,10,2.8912096
3584,DSTN,4,4.7018886
3585,DSTYK,2,2.1424873
3586,DTD1,3,2.164977
3587,DTD2,8,1.9868695
3588,DTHD1,1,0.33472273
3589,DTL,1,0.6971777
3590,DTNA,3,2.2016196
3591,DTNBP1,8,2.5576587
3592,DTWD1,2,1.3630685
3593,DTWD2,6,1.1104919
3594,DTX1,8,2.4534585
3595,DTX2,3,2.0215898
3596,DTX3,10,3.3673725
3597,DTX3L,10,2.362387
3598,DTX4,9,2.3377414
3599,DTYMK,9,2.9941185
3600,DUOX1,6,1.2965928
3601,DUOX2,1,0.55692
3602,DUOXA1,1,0.6321132
3603,DUOXA2,1,0.5856689
3604,DUS1L,4,4.3546753
3605,DUS2,2,1.9206183
3606,DUS3L,7,3.3921604
3607,DUS4L,6,1.3579749
3608,DUSP1,4,5.1840777
3609,DUSP10,2,1.7354448
3610,DUSP11,3,2.1465101
3611,DUSP12,10,2.7822902
3612,DUSP14,2,1.6203538
3613,DUSP15,5,1.3619289
3614,DUSP16,8,2.2878919
3615,DUSP18,6,1.2729701
3616,DUSP19,6,0.8045703
3617,DUSP2,10,2.2493732
3618,DUSP21,1,0.30671784
3619,DUSP22,7,3.194977
3620,DUSP23,10,3.716606
3621,DUSP26,3,2.0966766
3622,DUSP28,8,1.5695943
3623,DUSP29,5,0.36658376
3624,DUSP4,2,1.5653971
3625,DUSP5,10,2.9441612
3626,DUSP6,7,2.9285731
3627,DUSP7,8,3.068652
3628,DUSP8,2,2.5510137
3629,DUSP9,1,0.2454546
3630,DUT,7,3.4903648
3631,DVL1,4,4.1233025
3632,DVL2,7,3.1575305
3633,DVL3,7,3.742991
3634,DXO,7,3.6358836
3635,DYDC1,1,0.53303295
3636,DYM,8,2.2250092
3637,DYNC1H1,9,3.4863932
3638,DYNC1I1,6,1.5621017
3639,DYNC1I2,8,2.970245
3640,DYNC1LI1,10,3.3788528
3641,DYNC1LI2,7,4.1922665
3642,DYNC2H1,6,1.2271687
3643,DYNC2I1,10,2.9281852
3644,DYNC2I2,4,3.4921618
3645,DYNC2LI1,6,2.1323197
3646,DYNLL1,4,4.110824
3647,DYNLL2,7,3.4014924
3648,DYNLRB1,7,3.9286377
3649,DYNLRB2,1,1.2494062
3650,DYNLT2B,2,2.1574228
3651,DYNLT3,8,2.7903674
3652,DYNLT4,6,0.49632034
3653,DYNLT5,6,0.98628557
3654,DYRK1A,2,2.2576222
3655,DYRK1B,10,3.017242
3656,DYRK2,2,1.8553427
3657,DYRK3,5,0.9053434
3658,DYRK4,2,2.2631621
3659,DYSF,3,2.647328
3660,DYTN,5,0.06607394
3661,DZANK1,1,1.0774289
3662,DZIP1,9,1.9775386
3663,DZIP1L,2,1.4224715
3664,DZIP3,3,1.9858067
3665,E2F1,2,1.5070066
3666,E2F2,1,0.6942842
3667,E2F3,2,1.7435582
3668,E2F4,4,4.1050963
3669,E2F5,9,2.989401
3670,E2F6,2,2.0462525
3671,E2F7,1,0.34835857
3672,E2F8,1,0.5819161
3673,E4F1,7,3.4522552
3674,EAF1,10,2.6172585
3675,EAF2,3,1.6743715
3676,EAPP,9,3.6060607
3677,EARS2,3,2.184872
3678,EBAG9,2,1.8922777
3679,EBF1,6,1.9068375
3680,EBF2,6,0.89563257
3681,EBF3,6,1.1016966
3682,EBF4,3,2.2079065
3683,EBI3,5,1.2445614
3684,EBNA1BP2,7,3.8968892
3685,EBP,10,3.0959663
3686,EBPL,8,2.8306024
3687,ECD,9,2.7149968
3688,ECE1,10,3.8620048
3689,ECE2,6,2.245713
3690,ECEL1,5,0.52295756
3691,ECH1,4,5.358738
3692,ECHDC1,7,3.1187482
3693,ECHDC2,4,5.173469
3694,ECHDC3,7,3.2414768
3695,ECHS1,4,4.6285253
3696,ECI1,10,3.6848125
3697,ECM1,9,3.1064103
3698,ECM2,6,1.5765179
3699,ECPAS,10,3.5170457
3700,ECRG4,9,2.494913
3701,ECSIT,3,3.3212671
3702,ECT2,2,1.4332854
3703,ECT2L,6,0.4292111
3704,EDA,5,1.0475761
3705,EDA2R,6,0.7648996
3706,EDAR,5,0.12580399
3707,EDARADD,3,2.0513687
3708,EDC3,3,2.6210032
3709,EDC4,7,3.6707795
3710,EDEM1,10,2.8731892
3711,EDEM2,7,3.1230295
3712,EDEM3,3,2.5991445
3713,EDF1,4,5.403354
3714,EDIL3,6,1.8312734
3715,EDN1,6,1.8489298
3716,EDN2,5,0.43267322
3717,EDN3,1,0.8487208
3718,EDNRA,8,1.752075
3719,EDNRB,9,2.6038277
3720,EDRF1,10,2.5722795
3721,EEA1,2,1.9457582
3722,EED,8,2.2073917
3723,EEF1A2,5,2.2679846
3724,EEF1AKMT1,6,1.7145509
3725,EEF1AKMT2,8,1.88698
3726,EEF1AKMT3,3,1.8479465
3727,EEF1AKMT4,1,0.0
3728,EEF1B2,4,5.226368
3729,EEF1D,7,4.339331
3730,EEF1E1,8,2.7740564
3731,EEF1G,4,6.0255575
3732,EEF2,4,6.99399
3733,EEF2K,2,2.67503
3734,EEFSEC,9,2.7433178
3735,EEPD1,8,2.1528444
3736,EFCAB11,5,0.93671316
3737,EFCAB12,3,1.4582915
3738,EFCAB14,7,3.319564
3739,EFCAB2,1,0.0
3740,EFCAB5,6,0.51467824
3741,EFCAB6,6,0.810369
3742,EFCAB7,2,2.1573625
3743,EFCAB8,5,0.3993354
3744,EFCAB9,1,0.37851694
3745,EFCC1,3,1.4577726
3746,EFEMP1,8,3.025046
3747,EFEMP2,10,3.34834
3748,EFHB,5,0.6838317
3749,EFHC1,2,1.6971307
3750,EFHC2,5,0.62523556
3751,EFHD1,9,3.1467066
3752,EFHD2,4,4.0845175
3753,EFL1,2,1.957907
3754,EFNA1,4,3.7923632
3755,EFNA2,5,0.32365513
3756,EFNA3,2,1.4657825
3757,EFNA4,2,1.6907741
3758,EFNA5,5,1.3425333
3759,EFNB1,7,2.92875
3760,EFNB2,9,2.461977
3761,EFNB3,5,1.1285322
3762,EFR3A,7,3.185233
3763,EFR3B,6,1.3935494
3764,EFS,3,1.8191932
3765,EFTUD2,10,3.3476849
3766,EGF,6,0.9054718
3767,EGFL6,1,0.72435945
3768,EGFL7,8,2.8614595
3769,EGFL8,10,3.4680572
3770,EGFLAM,6,1.4946418
3771,EGFR,3,2.333982
3772,EGLN1,7,3.6007688
3773,EGLN2,4,4.158213
3774,EGLN3,10,1.825264
3775,EGR1,7,4.0693173
3776,EGR2,6,1.2725816
3777,EGR3,6,1.488757
3778,EGR4,1,0.7824283
3779,EHBP1,8,2.7460065
3780,EHBP1L1,10,3.6034737
3781,EHD1,7,3.6111884
3782,EHD2,10,3.6773958
3783,EHD3,2,2.1010256
3784,EHD4,9,2.5252256
3785,EHF,1,0.43304828
3786,EHHADH,6,1.6544352
3787,EHMT1,2,2.6671674
3788,EHMT2,8,3.2803247
3789,EI24,10,3.71906
3790,EID1,4,4.773552
3791,EID2,8,2.7413273
3792,EID2B,3,1.795694
3793,EID3,6,1.5823656
3794,EIF1,4,6.151469
3795,EIF1AD,2,2.4214013
3796,EIF1AX,10,3.3827868
3797,EIF1B,4,4.8812118
3798,EIF2A,9,3.4942763
3799,EIF2AK1,7,3.8098378
3800,EIF2AK2,2,1.7848095
3801,EIF2AK3,2,2.299941
3802,EIF2AK4,10,2.3569102
3803,EIF2B1,9,3.319059
3804,EIF2B2,2,2.6094255
3805,EIF2B3,10,3.0810695
3806,EIF2B4,4,3.7151237
3807,EIF2B5,4,3.982439
3808,EIF2D,7,3.7845771
3809,EIF2S1,8,2.8974524
3810,EIF2S2,10,3.7074509
3811,EIF3A,7,4.1168175
3812,EIF3B,4,4.3444567
3813,EIF3D,7,4.2718534
3814,EIF3E,9,3.1572855
3815,EIF3F,10,3.3614454
3816,EIF3G,4,5.30701
3817,EIF3H,10,4.022444
3818,EIF3I,7,3.8942451
3819,EIF3K,4,5.0037456
3820,EIF3L,4,4.8897285
3821,EIF3M,7,3.5047154
3822,EIF4A1,4,5.7380686
3823,EIF4A2,4,6.1291757
3824,EIF4E,10,2.8274305
3825,EIF4E1B,1,0.44923285
3826,EIF4E2,7,3.1081161
3827,EIF4E3,6,2.1234002
3828,EIF4EBP2,7,3.7248387
3829,EIF4EBP3,7,3.8463812
3830,EIF4ENIF1,10,2.7312715
3831,EIF4G1,7,4.6311812
3832,EIF4G2,4,5.390988
3833,EIF4G3,10,2.957981
3834,EIF4H,4,5.1764565
3835,EIF5,4,4.0971136
3836,EIF5A2,2,1.1557107
3837,EIF5B,7,4.0285087
3838,EIF6,7,4.2195425
3839,EIPR1,3,2.442781
3840,ELAC1,2,1.3226985
3841,ELAC2,7,3.5359397
3842,ELANE,6,1.3298779
3843,ELAPOR1,5,1.2858095
3844,ELAPOR2,8,1.7071683
3845,ELAVL1,10,2.8242214
3846,ELAVL2,6,0.83395827
3847,ELAVL3,6,1.233285
3848,ELAVL4,1,0.77960145
3849,ELF1,2,2.5340266
3850,ELF2,9,2.891661
3851,ELF3,6,1.4060304
3852,ELF4,2,1.5467454
3853,ELF5,1,0.22638832
3854,ELFN1,3,0.85828215
3855,ELFN2,6,0.7214367
3856,ELK1,8,2.529544
3857,ELK3,9,2.376315
3858,ELK4,2,2.252153
3859,ELL,9,2.9954383
3860,ELL2,8,3.3627336
3861,ELL3,2,2.1003728
3862,ELMO1,2,2.2417345
3863,ELMO2,8,3.4492013
3864,ELMO3,10,2.1524668
3865,ELMOD1,5,1.1666871
3866,ELMOD2,2,1.9501618
3867,ELMOD3,8,2.7017043
3868,ELN,7,3.9956129
3869,ELOA,7,3.1713026
3870,ELOB,7,3.521898
3871,ELOC,3,1.8995439
3872,ELOF1,7,2.8079228
3873,ELOVL1,9,3.1327572
3874,ELOVL2,2,1.3382752
3875,ELOVL3,5,0.5814707
3876,ELOVL4,5,1.1255356
3877,ELOVL5,8,2.9277387
3878,ELOVL6,6,1.4637221
3879,ELOVL7,6,1.263123
3880,ELP1,10,3.0023444
3881,ELP2,9,2.8128972
3882,ELP3,9,2.9047244
3883,ELP4,6,0.71352226
3884,ELP5,8,3.1467924
3885,ELP6,10,3.2182817
3886,EMB,2,1.7735727
3887,EMC1,10,2.7017145
3888,EMC10,10,3.2523744
3889,EMC2,10,2.918198
3890,EMC3,7,3.6789997
3891,EMC4,4,4.077978
3892,EMC6,7,3.797019
3893,EMC7,7,4.2551785
3894,EMC8,8,2.907655
3895,EMC9,7,3.1605277
3896,EMCN,6,1.34518
3897,EMD,4,4.462138
3898,EME1,3,2.0942135
3899,EME2,7,3.6634686
3900,EMG1,10,3.4584424
3901,EMID1,2,2.0935166
3902,EMILIN1,10,3.1416543
3903,EMILIN2,6,1.6509244
3904,EMILIN3,3,1.6252906
3905,EML1,3,1.8632193
3906,EML2,9,2.912158
3907,EML3,7,3.6154728
3908,EML4,10,2.9583347
3909,EML5,2,1.6611356
3910,EML6,2,1.2391993
3911,EMP1,8,2.5203376
3912,EMP2,10,2.7144694
3913,EMP3,9,2.9202611
3914,EMSY,9,2.0346484
3915,EMX1,1,0.62720084
3916,EMX2,5,0.92619604
3917,EN1,5,0.50122046
3918,EN2,5,0.6497053
3919,ENAH,9,2.4216468
3920,ENAM,1,0.78507185
3921,ENC1,3,2.0166893
3922,ENDOD1,8,2.8969452
3923,ENDOG,7,3.7326117
3924,ENDOU,6,0.65628636
3925,ENDOV,10,2.2911592
3926,ENG,4,4.4852185
3927,ENGASE,7,3.327409
3928,ENHO,10,2.222485
3929,ENKD1,10,3.566455
3930,ENKUR,6,0.60111517
3931,ENO2,10,3.565969
3932,ENO3,7,4.1128497
3933,ENO4,1,0.8369349
3934,ENOPH1,7,3.1083996
3935,ENOX1,6,0.90969515
3936,ENOX2,3,1.320784
3937,ENPEP,3,1.3675933
3938,ENPP1,8,1.474393
3939,ENPP2,8,2.8463027
3940,ENPP3,1,0.6013436
3941,ENPP4,10,2.465701
3942,ENPP5,3,1.5504848
3943,ENPP6,6,0.48611128
3944,ENPP7,1,0.22782576
3945,ENSA,4,4.0104895
3946,ENTHD1,5,0.32836738
3947,ENTPD1,6,1.6760283
3948,ENTPD2,2,1.4101433
3949,ENTPD3,6,1.1594183
3950,ENTPD5,9,2.172596
3951,ENTPD6,7,3.7580945
3952,ENTPD7,1,0.70802385
3953,ENTPD8,6,0.5532547
3954,ENTR1,7,3.483249
3955,ENY2,7,3.3656943
3956,EOGT,8,2.381213
3957,EOMES,6,0.9340273
3958,EP300,10,3.1438127
3959,EP400,10,2.70536
3960,EPAS1,4,4.733148
3961,EPB41,3,2.4465237
3962,EPB41L1,8,2.3427267
3963,EPB41L2,7,3.0555167
3964,EPB41L3,10,2.611335
3965,EPB41L4A,3,2.4322672
3966,EPB41L4B,10,2.107381
3967,EPB41L5,8,2.4381244
3968,EPB42,3,1.5025853
3969,EPC1,9,2.8054838
3970,EPC2,2,2.2108715
3971,EPCAM,2,1.7563659
3972,EPDR1,10,3.2117422
3973,EPG5,10,2.093658
3974,EPGN,1,0.102872685
3975,EPHA1,8,2.5751595
3976,EPHA2,3,2.323239
3977,EPHA3,2,0.83668584
3978,EPHA4,3,1.6792586
3979,EPHA5,5,0.29314882
3980,EPHA6,1,0.23283765
3981,EPHA7,6,0.7657608
3982,EPHA8,1,0.5781475
3983,EPHB1,3,1.3202448
3984,EPHB2,5,0.75192153
3985,EPHB3,6,1.4580166
3986,EPHB4,10,2.886103
3987,EPHB6,9,2.604593
3988,EPHX1,7,3.6765108
3989,EPHX2,2,2.4903743
3990,EPHX3,6,0.6698887
3991,EPHX4,6,0.62596154
3992,EPM2A,3,2.240032
3993,EPM2AIP1,10,2.6580257
3994,EPN1,8,3.0396304
3995,EPN2,8,2.7121403
3996,EPN3,6,0.90489715
3997,EPO,5,0.5158126
3998,EPOP,6,1.5143468
3999,EPOR,8,2.6591125
4000,EPPIN,1,0.57385874
4001,EPPK1,6,0.6702256
4002,EPS15,7,3.3579807
4003,EPS15L1,7,2.8364732
4004,EPS8,9,2.501583
4005,EPS8L1,5,0.8091821
4006,EPS8L2,10,2.714214
4007,EPS8L3,5,0.34108058
4008,EPSTI1,3,1.5990154
4009,EPX,6,0.5047728
4010,EPYC,5,0.041164644
4011,ERAL1,7,3.7728674
4012,ERAP1,9,2.6273613
4013,ERAS,1,0.43907472
4014,ERBB2,8,2.9024255
4015,ERBB3,2,1.8715782
4016,ERBB4,1,0.87490225
4017,ERBIN,10,2.5657144
4018,ERC1,2,2.3818417
4019,ERC2,1,0.6211408
4020,ERCC1,9,3.3333275
4021,ERCC2,3,2.4509404
4022,ERCC3,7,3.7810001
4023,ERCC4,2,1.3395203
4024,ERCC6,2,1.3202244
4025,ERCC6L,1,0.3044209
4026,ERCC8,6,0.79532886
4027,EREG,5,0.3935285
4028,ERF,7,3.4801526
4029,ERFE,6,1.1931611
4030,ERFL,5,0.0
4031,ERG,3,2.0886056
4032,ERG28,10,2.935395
4033,ERGIC1,10,3.9405642
4034,ERGIC2,2,2.3416853
4035,ERGIC3,4,4.925943
4036,ERI1,3,1.7777531
4037,ERI2,2,1.928907
4038,ERI3,7,3.6789432
4039,ERICH4,5,0.55472136
4040,ERICH5,1,0.61404616
4041,ERICH6,5,0.51613986
4042,ERLEC1,8,3.0901315
4043,ERLIN1,2,2.9567668
4044,ERLIN2,10,2.3274062
4045,ERMAP,3,1.7235668
4046,ERMN,1,1.1758476
4047,ERMP1,8,2.1192195
4048,ERN1,3,1.5738134
4049,ERN2,1,0.24451981
4050,ERO1A,10,2.7771256
4051,ERO1B,10,2.581951
4052,ERP27,5,1.3049554
4053,ERP29,9,3.5559392
4054,ERP44,8,2.7521806
4055,ERRFI1,9,3.431011
4056,ESAM,7,3.7079864
4057,ESCO1,2,1.9784273
4058,ESCO2,1,0.41151115
4059,ESD,9,2.8890424
4060,ESF1,3,2.069107
4061,ESM1,5,0.5876405
4062,ESPL1,5,0.7689926
4063,ESPNL,6,0.6959668
4064,ESR1,3,0.827644
4065,ESR2,6,0.4981603
4066,ESRP1,1,0.8544006
4067,ESRP2,2,1.8037095
4068,ESRRA,7,3.5935934
4069,ESRRB,6,0.4719012
4070,ESRRG,1,0.77557176
4071,ESS2,2,2.3297381
4072,ESYT1,7,3.8433206
4073,ESYT2,9,3.457725
4074,ESYT3,5,1.180623
4075,ETAA1,2,1.7200223
4076,ETF1,7,3.7193348
4077,ETFA,4,4.0779643
4078,ETFB,9,3.5436246
4079,ETFBKMT,2,1.6810275
4080,ETFDH,9,2.9887419
4081,ETFRF1,8,2.1072028
4082,ETHE1,8,2.9351225
4083,ETNK1,9,2.5958905
4084,ETNK2,8,2.5459049
4085,ETNPPL,3,1.5520993
4086,ETS1,10,3.0400023
4087,ETS2,7,3.4696453
4088,ETV1,3,1.7731662
4089,ETV2,5,0.82776713
4090,ETV3,8,2.0306654
4091,ETV3L,5,0.114107616
4092,ETV4,3,0.78499293
4093,ETV5,9,2.3867698
4094,ETV6,10,2.27485
4095,EVA1A,1,0.72023904
4096,EVA1B,9,2.713611
4097,EVA1C,3,2.2717373
4098,EVC,2,1.4697429
4099,EVC2,5,0.9753621
4100,EVI2A,3,1.3836364
4101,EVI2B,2,1.9999825
4102,EVI5,2,1.7672012
4103,EVI5L,2,2.9114165
4104,EVL,10,3.6962569
4105,EVPL,6,0.8129326
4106,EVX1,5,0.200524
4107,EVX2,5,0.2070562
4108,EWSR1,4,5.1889343
4109,EXD1,5,0.39831254
4110,EXD2,8,2.0790899
4111,EXO1,6,0.36148617
4112,EXO5,3,1.2731047
4113,EXOC1,7,3.1068213
4114,EXOC1L,1,0.0
4115,EXOC2,2,2.3578734
4116,EXOC3,7,3.946008
4117,EXOC3L1,3,1.888444
4118,EXOC3L2,6,0.89079744
4119,EXOC3L4,5,0.88735074
4120,EXOC4,10,2.954303
4121,EXOC5,3,2.2502656
4122,EXOC6,3,1.9393553
4123,EXOC6B,3,2.129047
4124,EXOC7,9,3.9372127
4125,EXOC8,3,1.9839141
4126,EXOG,6,2.0341663
4127,EXOSC1,8,3.068793
4128,EXOSC10,4,3.9584572
4129,EXOSC2,7,2.8711224
4130,EXOSC3,6,1.5277183
4131,EXOSC4,9,2.7608004
4132,EXOSC5,8,2.9869854
4133,EXOSC6,9,2.6778476
4134,EXOSC7,7,4.617868
4135,EXOSC8,3,2.5969164
4136,EXOSC9,9,3.2850993
4137,EXPH5,6,0.9050139
4138,EXT1,8,2.0822263
4139,EXT2,10,2.132272
4140,EXTL1,6,1.2444425
4141,EXTL2,8,2.2281704
4142,EXTL3,2,2.3385074
4143,EYA1,1,0.49198672
4144,EYA2,2,1.2735242
4145,EYA3,3,2.267765
4146,EYA4,5,0.9944627
4147,EZH1,7,3.771063
4148,EZH2,2,1.9486971
4149,EZR,4,4.188688
4150,F10,9,2.4662967
4151,F11,5,0.67163956
4152,F11R,10,2.8771064
4153,F12,6,1.4348732
4154,F13A1,6,2.2827
4155,F13B,5,0.41928157
4156,F2,5,0.8676264
4157,F2R,8,2.0927377
4158,F2RL1,2,1.0264087
4159,F2RL2,1,0.28085062
4160,F2RL3,6,1.453206
4161,F3,10,3.3370857
4162,F5,6,0.97659135
4163,F7,1,0.8743447
4164,F8,6,1.850346
4165,F9,5,0.57726556
4166,FA2H,5,1.0968994
4167,FAAH,8,2.5987432
4168,FAAP100,9,3.116023
4169,FAAP20,4,4.227423
4170,FAAP24,6,0.8224242
4171,FABP1,1,1.0280669
4172,FABP12,1,0.15206352
4173,FABP2,1,0.062300347
4174,FABP3,3,3.1059225
4175,FABP4,9,2.9956007
4176,FABP5,8,2.9054623
4177,FABP6,5,0.7349591
4178,FABP7,1,0.9906313
4179,FABP9,1,0.15000473
4180,FADD,8,2.5655184
4181,FADS1,3,2.509034
4182,FADS2,9,3.0053568
4183,FADS3,7,4.1465225
4184,FADS6,5,0.94418794
4185,FAF1,8,2.7113316
4186,FAF2,7,3.0099003
4187,FAH,8,2.7239532
4188,FAHD1,2,2.5041533
4189,FAHD2A,3,2.7241602
4190,FAIM2,6,1.8960978
4191,FAM107A,10,3.0479102
4192,FAM107B,7,2.9607162
4193,FAM110A,2,1.6345167
4194,FAM110B,2,1.9526018
4195,FAM110D,6,0.9750067
4196,FAM114A1,2,2.5573516
4197,FAM114A2,3,1.8916523
4198,FAM117A,10,2.8289971
4199,FAM117B,3,1.6135166
4200,FAM118A,1,0.0
4201,FAM118B,1,0.0
4202,FAM120A,9,3.563013
4203,FAM120B,9,2.5391307
4204,FAM120C,2,1.3267449
4205,FAM124A,5,1.2157027
4206,FAM124B,5,0.48038867
4207,FAM131A,8,2.4021518
4208,FAM131B,1,1.2244364
4209,FAM131C,1,1.2251669
4210,FAM133B,8,2.2985833
4211,FAM135A,2,1.6752322
4212,FAM135B,5,0.78792334
4213,FAM136A,5,0.0
4214,FAM13A,9,2.64635
4215,FAM13B,9,2.418729
4216,FAM13C,8,1.9592475
4217,FAM149A,3,1.6124067
4218,FAM149B1,10,2.6891112
4219,FAM151A,2,1.1904019
4220,FAM151B,6,0.8712498
4221,FAM161B,10,2.607365
4222,FAM162A,8,2.8262808
4223,FAM162B,6,1.2654212
4224,FAM163A,1,0.52953774
4225,FAM163B,1,0.8670254
4226,FAM167A,6,1.240168
4227,FAM167B,3,1.7945127
4228,FAM168A,7,2.9787078
4229,FAM168B,9,3.5386693
4230,FAM169A,6,1.0642853
4231,FAM170A,5,0.41332096
4232,FAM171A1,3,2.7638602
4233,FAM171A2,6,1.0805751
4234,FAM171B,3,1.3438418
4235,FAM174A,7,3.2374606
4236,FAM174B,9,2.494454
4237,FAM174C,7,3.7517579
4238,FAM178B,5,0.86139053
4239,FAM180A,6,0.9669282
4240,FAM181A,6,0.9245521
4241,FAM181B,3,0.8509093
4242,FAM184A,8,1.5488613
4243,FAM184B,8,1.9491702
4244,FAM185A,3,1.5940298
4245,FAM186B,5,0.70176506
4246,FAM187A,1,0.0
4247,FAM193A,8,2.825873
4248,FAM193B,4,4.28495
4249,FAM199X,8,2.5424078
4250,FAM204A,3,1.7943971
4251,FAM20A,2,2.1773708
4252,FAM20B,10,2.735695
4253,FAM20C,9,3.1164439
4254,FAM210A,1,0.0
4255,FAM210B,1,0.0
4256,FAM216A,8,2.1193547
4257,FAM216B,1,0.28985426
4258,FAM217B,2,1.6539248
4259,FAM219A,7,3.3944473
4260,FAM219B,10,3.690654
4261,FAM221A,10,2.272873
4262,FAM222A,3,1.6689898
4263,FAM222B,8,2.4246824
4264,FAM227B,6,1.5957726
4265,FAM228B,3,2.5142462
4266,FAM229A,10,3.7828555
4267,FAM229B,3,1.7163498
4268,FAM234A,10,3.5555785
4269,FAM234B,6,1.8732508
4270,FAM240A,5,0.0
4271,FAM240B,1,0.0
4272,FAM241A,3,1.5865792
4273,FAM241B,3,1.7229457
4274,FAM32A,4,4.153997
4275,FAM3A,7,3.6461315
4276,FAM3B,5,1.2661104
4277,FAM3C,9,2.375243
4278,FAM3D,1,0.36023962
4279,FAM43A,2,2.2649586
4280,FAM43B,6,1.0386212
4281,FAM47E,5,1.0312532
4282,FAM50A,4,4.478049
4283,FAM50B,8,2.7212157
4284,FAM53A,3,1.0394356
4285,FAM53B,9,2.5381098
4286,FAM53C,10,3.0169716
4287,FAM76A,8,2.191994
4288,FAM76B,3,2.6157181
4289,FAM78A,3,2.0862577
4290,FAM78B,5,1.7498399
4291,FAM81A,1,0.7602198
4292,FAM81B,5,0.92159426
4293,FAM83A,5,0.0
4294,FAM83B,1,0.0
4295,FAM83C,1,0.0
4296,FAM83D,1,0.0
4297,FAM83E,5,0.0
4298,FAM83F,1,0.0
4299,FAM83G,5,0.0
4300,FAM83H,1,0.0
4301,FAM89A,8,2.4929793
4302,FAM89B,7,4.0739617
4303,FAM8A1,8,3.0388854
4304,FAM91A1,9,2.597931
4305,FAM98A,5,0.0
4306,FAM98B,5,0.0
4307,FAM98C,1,0.0
4308,FAN1,8,2.7546668
4309,FANCA,10,2.6245847
4310,FANCC,6,1.5265129
4311,FANCD2,5,1.147433
4312,FANCD2OS,6,0.96491796
4313,FANCE,3,1.9171673
4314,FANCG,6,1.807935
4315,FANCI,3,2.1699233
4316,FANCL,2,1.7038338
4317,FANCM,6,0.7217628
4318,FANK1,5,1.3912599
4319,FAP,6,1.1979582
4320,FAR1,9,2.953168
4321,FAR2,6,1.4413571
4322,FARP1,9,2.428627
4323,FARP2,10,2.98737
4324,FARS2,6,1.574699
4325,FARSA,7,3.6864035
4326,FARSB,10,2.3966715
4327,FASLG,6,0.37886322
4328,FASN,7,3.9924529
4329,FASTK,4,4.563916
4330,FASTKD1,3,1.9641489
4331,FASTKD2,9,2.1272428
4332,FASTKD3,2,1.6402392
4333,FASTKD5,2,2.400541
4334,FAT1,3,1.9822758
4335,FAT2,1,1.0210989
4336,FAT3,1,0.49570155
4337,FAT4,3,1.0528572
4338,FAU,4,5.5883594
4339,FAXC,5,0.6175272
4340,FBF1,3,2.1002743
4341,FBH1,9,3.6537757
4342,FBL,4,4.623007
4343,FBLIM1,8,2.3643703
4344,FBLL1,1,0.0
4345,FBLN1,7,3.3124735
4346,FBLN2,10,2.8707094
4347,FBLN5,9,3.4231472
4348,FBLN7,3,1.4973843
4349,FBN1,3,2.0590367
4350,FBN2,5,0.42609137
4351,FBP1,6,2.1747005
4352,FBP2,5,0.96197623
4353,FBRS,7,3.7571363
4354,FBRSL1,9,3.2779765
4355,FBXL12,8,2.7317822
4356,FBXL13,5,0.49973223
4357,FBXL14,3,2.1754074
4358,FBXL15,7,3.0655494
4359,FBXL16,1,2.06733
4360,FBXL17,9,2.4391263
4361,FBXL18,6,0.8507093
4362,FBXL19,9,2.3908455
4363,FBXL2,3,1.6498814
4364,FBXL20,3,1.8722471
4365,FBXL22,3,0.9553082
4366,FBXL3,10,2.9330068
4367,FBXL4,3,1.6739911
4368,FBXL5,10,3.9742465
4369,FBXL6,7,3.549967
4370,FBXL7,8,1.9840404
4371,FBXL8,3,2.3211768
4372,FBXO10,10,2.968579
4373,FBXO11,7,3.524196
4374,FBXO15,6,1.0193678
4375,FBXO16,8,3.1793342
4376,FBXO17,3,2.099701
4377,FBXO2,7,3.030971
4378,FBXO21,8,3.0091648
4379,FBXO22,3,1.8905089
4380,FBXO24,6,1.1797205
4381,FBXO25,2,2.1775625
4382,FBXO27,2,1.5166348
4383,FBXO28,3,2.417541
4384,FBXO3,8,2.336451
4385,FBXO30,6,1.2177043
4386,FBXO31,8,3.5585282
4387,FBXO32,10,2.4548876
4388,FBXO33,9,2.191428
4389,FBXO34,10,2.468493
4390,FBXO36,1,1.1198548
4391,FBXO38,10,2.8768106
4392,FBXO39,1,0.7076557
4393,FBXO4,9,1.976055
4394,FBXO40,1,0.8309953
4395,FBXO41,6,1.8505912
4396,FBXO42,3,2.4118934
4397,FBXO43,5,0.44498777
4398,FBXO44,10,3.1560643
4399,FBXO45,8,1.9104102
4400,FBXO46,9,2.5498643
4401,FBXO47,5,0.17901781
4402,FBXO48,6,0.72697145
4403,FBXO5,2,1.3773881
4404,FBXO6,8,2.455122
4405,FBXO7,7,4.3904
4406,FBXO8,10,2.6014977
4407,FBXO9,10,3.3922832
4408,FBXW11,9,3.066307
4409,FBXW2,10,2.487318
4410,FBXW4,4,3.984726
4411,FBXW5,4,4.836112
4412,FBXW7,2,2.8092852
4413,FBXW8,3,1.6889936
4414,FBXW9,2,2.0846863
4415,FCER1G,8,3.0743554
4416,FCER2,6,0.89954615
4417,FCF1,8,2.4339654
4418,FCGR1A,5,1.0843142
4419,FCGRT,7,4.1036572
4420,FCHO1,6,1.705999
4421,FCHO2,8,2.5594122
4422,FCHSD1,9,2.6349335
4423,FCHSD2,8,2.9310193
4424,FCMR,6,1.399907
4425,FCN1,5,1.0351552
4426,FCRLA,5,0.53646153
4427,FCRLB,6,0.79660845
4428,FCSK,9,2.722934
4429,FDFT1,7,3.686745
4430,FDPS,9,3.4610028
4431,FDX1,8,2.3960783
4432,FDX2,8,2.9056182
4433,FDXACB1,3,1.1798896
4434,FECH,3,1.924962
4435,FEM1B,7,3.0363867
4436,FEM1C,3,2.5486786
4437,FEN1,10,2.3728583
4438,FER,3,1.3954664
4439,FER1L5,1,0.6689436
4440,FER1L6,5,0.24104746
4441,FERD3L,1,0.06940186
4442,FERMT1,5,0.257181
4443,FERMT2,7,3.6136458
4444,FERMT3,2,2.1714816
4445,FES,8,2.7071455
4446,FETUB,5,0.42061925
4447,FEV,1,0.13892634
4448,FEZ1,3,2.243346
4449,FEZ2,7,3.7309623
4450,FEZF1,5,0.17127621
4451,FEZF2,1,0.30319455
4452,FFAR1,1,0.15081874
4453,FFAR2,5,0.8752978
4454,FFAR4,1,0.5145942
4455,FGB,1,1.2312018
4456,FGD1,2,1.8282378
4457,FGD2,2,2.262013
4458,FGD3,2,1.902765
4459,FGD4,3,2.0268652
4460,FGD5,3,2.1850655
4461,FGD6,6,1.3553655
4462,FGF1,6,1.4624426
4463,FGF10,1,0.403184
4464,FGF11,3,1.2460328
4465,FGF12,5,1.3234127
4466,FGF13,6,0.6461304
4467,FGF14,2,1.1466004
4468,FGF16,5,0.11073268
4469,FGF17,6,1.727063
4470,FGF18,5,0.8749484
4471,FGF2,3,1.7892762
4472,FGF20,1,0.34343997
4473,FGF21,5,0.34673202
4474,FGF22,6,0.91277856
4475,FGF23,1,0.1027222
4476,FGF3,5,0.2949869
4477,FGF4,1,0.06837491
4478,FGF5,1,0.33699083
4479,FGF6,5,0.1564812
4480,FGF7,1,1.1903208
4481,FGF8,1,0.26830772
4482,FGF9,6,0.92304194
4483,FGFBP1,5,0.2305005
4484,FGFBP3,5,1.0771333
4485,FGFR1,7,3.5662584
4486,FGFR1OP2,7,3.178953
4487,FGFR2,2,1.5510235
4488,FGFR3,9,2.755701
4489,FGFR4,3,2.1692355
4490,FGFRL1,10,2.9277096
4491,FGG,5,1.6511029
4492,FGGY,2,1.98331
4493,FGL1,5,1.2972916
4494,FGL2,2,2.2240438
4495,FGR,8,2.3505132
4496,FH,7,3.623295
4497,FHAD1,5,0.6264226
4498,FHDC1,3,0.837282
4499,FHIP1A,1,0.5132443
4500,FHIP1B,10,3.3551238
4501,FHIP2A,2,2.6769373
4502,FHIP2B,4,3.880463
4503,FHIT,2,1.4466791
4504,FHL2,3,1.8872539
4505,FHL3,8,1.9683881
4506,FHL5,6,1.2206544
4507,FHOD1,7,3.3572075
4508,FHOD3,6,1.7202972
4509,FIBCD1,1,0.42044064
4510,FIBIN,3,2.0355158
4511,FIBP,7,4.015297
4512,FICD,2,1.4566618
4513,FIG4,8,2.1680973
4514,FIGLA,1,0.14754729
4515,FIGN,3,1.2006938
4516,FIGNL1,3,1.2531825
4517,FIGNL2,1,0.0
4518,FILIP1,6,1.4007136
4519,FILIP1L,8,2.2998066
4520,FIS1,4,4.7797766
4521,FITM1,6,1.888142
4522,FITM2,8,2.331269
4523,FIZ1,8,2.4066262
4524,FJX1,8,1.6509298
4525,FKBP10,8,2.9743552
4526,FKBP11,7,3.219205
4527,FKBP14,2,1.7326952
4528,FKBP15,3,2.613279
4529,FKBP1B,9,2.358596
4530,FKBP2,4,4.7239804
4531,FKBP3,7,4.1312814
4532,FKBP4,4,3.951199
4533,FKBP5,7,3.0804694
4534,FKBP6,1,1.0403111
4535,FKBP7,6,1.657438
4536,FKBP8,4,4.952062
4537,FKBP9,7,3.3702147
4538,FKBPL,8,1.6335701
4539,FKRP,2,2.1760948
4540,FKTN,2,1.2257465
4541,FLACC1,5,1.0105308
4542,FLAD1,9,2.6532285
4543,FLCN,10,3.3571637
4544,FLI1,8,2.361591
4545,FLII,4,4.523774
4546,FLNA,4,4.837897
4547,FLNB,10,3.3312342
4548,FLNC,3,2.614188
4549,FLOT1,4,4.985979
4550,FLOT2,4,4.164425
4551,FLRT1,3,0.7504391
4552,FLRT2,6,0.91364837
4553,FLRT3,6,1.0159895
4554,FLT1,3,2.4313762
4555,FLT3,6,1.0588337
4556,FLT3LG,3,1.7856576
4557,FLT4,3,2.0973277
4558,FLVCR1,2,1.4752476
4559,FLVCR2,3,1.8117995
4560,FLYWCH1,8,3.2119246
4561,FLYWCH2,2,1.7108384
4562,FMC1,10,3.3567164
4563,FMN1,5,0.75972414
4564,FMN2,6,0.87734103
4565,FMNL1,8,3.0582988
4566,FMNL2,10,3.1206107
4567,FMNL3,10,2.5978317
4568,FMO1,3,0.5918492
4569,FMO2,2,1.9619343
4570,FMO3,5,1.5320181
4571,FMO4,6,1.0789653
4572,FMO5,6,1.5193964
4573,FMOD,10,2.584839
4574,FMR1,10,2.6867626
4575,FN1,4,4.032915
4576,FN3K,7,3.5426836
4577,FN3KRP,7,3.4153793
4578,FNBP1,10,3.2770438
4579,FNBP1L,9,2.6132314
4580,FNBP4,7,4.0218987
4581,FNDC1,6,0.6058048
4582,FNDC10,9,1.5775387
4583,FNDC11,5,0.5835798
4584,FNDC3A,10,2.88436
4585,FNDC3B,2,2.0481255
4586,FNDC4,9,3.1825392
4587,FNDC5,3,2.1848059
4588,FNDC7,5,0.12626785
4589,FNDC8,6,1.3004752
4590,FNDC9,1,0.59122986
4591,FNIP1,8,2.492869
4592,FNIP2,9,2.507428
4593,FNTA,7,3.963696
4594,FNTB,9,2.8186512
4595,FOCAD,3,2.2589357
4596,FOLH1,1,0.81604666
4597,FOLR2,6,1.5581845
4598,FOS,9,4.1538873
4599,FOSB,3,1.6243981
4600,FOSL1,6,1.3486756
4601,FOSL2,10,3.5842047
4602,FOXA1,5,0.6449161
4603,FOXA2,1,0.93298143
4604,FOXA3,5,0.8962202
4605,FOXB1,5,0.14761432
4606,FOXB2,5,0.00923363
4607,FOXC1,6,1.505655
4608,FOXC2,6,0.76949877
4609,FOXD1,6,0.6431071
4610,FOXD2,6,0.6144027
4611,FOXD3,5,0.3054041
4612,FOXE1,5,0.13031176
4613,FOXE3,5,0.25013763
4614,FOXF1,6,1.3054286
4615,FOXF2,6,1.1376154
4616,FOXG1,1,0.63033247
4617,FOXH1,8,3.2068207
4618,FOXI1,1,0.08352723
4619,FOXI2,1,0.24552909
4620,FOXI3,5,0.072002426
4621,FOXJ1,5,0.816224
4622,FOXJ2,9,2.620566
4623,FOXJ3,10,2.7551908
4624,FOXK1,10,2.3149436
4625,FOXK2,9,3.2805707
4626,FOXL1,5,0.4905315
4627,FOXL2,6,0.241307
4628,FOXL3,1,0.0
4629,FOXM1,3,1.567793
4630,FOXN1,1,0.110026345
4631,FOXN2,2,1.9548644
4632,FOXN3,9,2.949313
4633,FOXN4,5,0.4624509
4634,FOXO1,3,2.631862
4635,FOXO3,9,3.0534077
4636,FOXO4,9,3.037607
4637,FOXO6,6,1.1998228
4638,FOXP1,8,2.035159
4639,FOXP2,6,0.725904
4640,FOXP3,1,0.74010843
4641,FOXP4,8,2.6990466
4642,FOXQ1,5,0.8935532
4643,FOXR2,1,0.09671698
4644,FOXRED1,10,3.3067715
4645,FOXRED2,2,1.9509597
4646,FOXS1,3,1.386627
4647,FPGS,10,3.7240462
4648,FPGT,3,1.6341828
4649,FPR1,6,1.7770562
4650,FRA10AC1,3,2.416957
4651,FRAS1,5,0.7563458
4652,FREM1,5,1.005791
4653,FREM2,5,0.42226717
4654,FREM3,5,0.1209906
4655,FRK,6,0.7447136
4656,FRMD3,3,1.6597981
4657,FRMD4A,8,2.4410958
4658,FRMD4B,6,1.8737193
4659,FRMD5,5,0.97703236
4660,FRMD6,3,2.098427
4661,FRMD7,5,0.056954738
4662,FRMD8,10,3.1223524
4663,FRMPD1,1,0.7372734
4664,FRMPD2,5,0.5734595
4665,FRMPD3,5,0.60097265
4666,FRMPD4,6,0.4496819
4667,FRRS1,1,0.5315414
4668,FRRS1L,1,0.90130067
4669,FRS2,3,1.74047
4670,FRS3,3,2.2236419
4671,FRY,2,2.23606
4672,FRYL,10,2.2487602
4673,FRZB,10,2.3349435
4674,FSBP,5,0.63161373
4675,FSCN1,7,3.3734539
4676,FSCN2,5,0.6736145
4677,FSCN3,10,3.3140426
4678,FSD1,6,1.6718558
4679,FSD1L,6,1.1948133
4680,FSD2,3,1.3304577
4681,FSHB,1,0.032520723
4682,FSHR,5,0.18691133
4683,FSIP1,5,0.4637811
4684,FSIP2,5,0.38908228
4685,FST,6,1.5477417
4686,FSTL1,4,3.6584666
4687,FSTL3,7,3.657452
4688,FSTL4,1,0.742186
4689,FSTL5,1,0.6379245
4690,FTCD,5,1.5485876
4691,FTH1,4,7.174535
4692,FTMT,5,0.52441645
4693,FTO,8,1.951528
4694,FTSJ1,7,3.023658
4695,FTSJ3,10,3.5470948
4696,FUBP1,9,3.178822
4697,FUBP3,9,3.41922
4698,FUCA1,2,3.0558565
4699,FUCA2,8,2.7943459
4700,FUNDC1,8,2.7831485
4701,FUOM,6,1.8092567
4702,FURIN,10,3.7506495
4703,FUS,4,4.3558574
4704,FUT1,2,1.8466794
4705,FUT10,1,0.0
4706,FUT11,5,0.0
4707,FUT4,6,1.31494
4708,FUT7,1,0.82980937
4709,FUT8,10,1.7212297
4710,FUT9,1,0.6416965
4711,FUZ,7,3.4426122
4712,FXN,2,1.2607949
4713,FXR1,9,3.2249444
4714,FXR2,7,3.892357
4715,FXYD1,7,3.366053
4716,FXYD2,6,1.0615124
4717,FXYD3,6,0.7133695
4718,FXYD4,1,0.28993535
4719,FXYD6,8,3.2734718
4720,FXYD7,6,1.7448707
4721,FYB2,5,1.0225052
4722,FYCO1,10,2.4346466
4723,FYN,8,2.958822
4724,FYTTD1,8,2.867433
4725,FZD1,3,1.7435628
4726,FZD10,5,0.46359786
4727,FZD2,1,0.69331485
4728,FZD3,6,0.9264259
4729,FZD4,8,2.961553
4730,FZD5,3,1.4318172
4731,FZD6,3,1.9389409
4732,FZD7,8,1.810725
4733,FZD8,2,1.7983502
4734,FZD9,1,0.9547377
4735,FZR1,8,2.7925832
4736,G0S2,7,4.0943108
4737,G2E3,3,1.6818808
4738,G3BP1,3,2.8293846
4739,G3BP2,7,2.8150358
4740,G6PC2,5,0.3602669
4741,G6PC3,10,3.2786796
4742,GAA,10,3.9475305
4743,GAB1,3,2.0064056
4744,GAB2,3,2.5720274
4745,GAB3,6,1.7998999
4746,GABARAP,4,5.5423555
4747,GABARAPL1,4,4.7507787
4748,GABARAPL2,7,4.9052935
4749,GABBR1,7,3.6197662
4750,GABBR2,1,1.0671637
4751,GABPA,9,2.0430272
4752,GABPB1,9,2.534191
4753,GABPB2,3,1.8038723
4754,GABRA1,1,0.83462733
4755,GABRA2,5,0.47581688
4756,GABRA3,1,0.46657687
4757,GABRA4,1,0.36667272
4758,GABRA5,1,0.52675724
4759,GABRA6,5,0.7392995
4760,GABRB1,1,0.37682086
4761,GABRB2,1,0.98612475
4762,GABRB3,6,1.2034806
4763,GABRD,5,1.6318371
4764,GABRG1,1,0.58881694
4765,GABRG2,1,0.525016
4766,GABRG3,5,0.33223116
4767,GABRP,1,0.30387756
4768,GABRQ,1,0.22384967
4769,GABRR1,1,0.14454678
4770,GABRR2,1,0.39004582
4771,GABRR3,5,0.04910393
4772,GAD1,1,1.0257763
4773,GAD2,5,0.6994765
4774,GADD45A,7,3.9644213
4775,GADD45B,4,4.3617654
4776,GADD45G,8,3.6057901
4777,GADD45GIP1,4,4.495873
4778,GADL1,5,0.22799161
4779,GAK,7,4.015221
4780,GAL,5,0.47469434
4781,GAL3ST1,6,0.7157769
4782,GAL3ST3,6,0.7201582
4783,GAL3ST4,6,1.5799013
4784,GALC,10,2.6703978
4785,GALE,8,2.691105
4786,GALK1,10,2.990251
4787,GALK2,2,1.7688602
4788,GALM,3,2.2868233
4789,GALNS,10,2.7853532
4790,GALNT1,2,2.2978334
4791,GALNT10,3,1.9908414
4792,GALNT11,8,2.1611247
4793,GALNT12,2,1.4735485
4794,GALNT13,6,0.6942647
4795,GALNT14,2,0.9671686
4796,GALNT15,8,2.4130993
4797,GALNT16,3,2.0497675
4798,GALNT17,10,2.3142698
4799,GALNT18,8,2.9111586
4800,GALNT2,7,3.7934344
4801,GALNT3,2,1.4211209
4802,GALNT4,6,1.1902064
4803,GALNT5,6,0.37752122
4804,GALNT6,6,0.9306332
4805,GALNT7,3,2.0684083
4806,GALNT9,1,1.2359846
4807,GALNTL5,1,0.56449205
4808,GALNTL6,1,0.4516636
4809,GALP,5,0.057449464
4810,GALR1,1,0.12459849
4811,GALR2,5,0.19166213
4812,GALR3,1,0.2041296
4813,GALT,9,3.1459363
4814,GAMT,7,3.520487
4815,GAN,5,1.1423563
4816,GANAB,4,4.633055
4817,GANC,3,2.0376124
4818,GAP43,1,1.5248036
4819,GAPDHS,6,2.0423496
4820,GAPT,6,0.55289185
4821,GAPVD1,2,2.378896
4822,GAR1,2,2.11104
4823,GAREM1,2,1.7007124
4824,GAREM2,6,1.3097699
4825,GARNL3,2,2.094515
4826,GARRE1,9,2.7304811
4827,GART,8,2.8262231
4828,GAS1,8,2.0040827
4829,GAS2,3,1.1248665
4830,GAS2L1,3,2.9322398
4831,GAS2L2,5,0.38839626
4832,GAS2L3,5,0.5536559
4833,GAS6,7,4.4714518
4834,GAS7,7,2.8695483
4835,GAS8,5,0.0
4836,GASK1A,3,1.2275267
4837,GASK1B,3,1.9852765
4838,GAST,1,0.08444765
4839,GATA1,6,0.5806365
4840,GATA2,2,1.8050839
4841,GATA3,6,0.92975754
4842,GATA4,5,1.2748969
4843,GATA5,1,0.6277564
4844,GATA6,6,1.7536683
4845,GATAD1,9,3.085586
4846,GATAD2A,7,2.8636937
4847,GATAD2B,9,2.695525
4848,GATB,8,2.736919
4849,GATC,7,3.4451585
4850,GATD1,10,3.376754
4851,GATD3,9,3.4722767
4852,GATM,9,3.78249
4853,GBA2,7,4.0283318
4854,GBE1,7,3.178829
4855,GBF1,9,3.6091788
4856,GBGT1,2,1.4269834
4857,GBP5,5,0.87717855
4858,GBX1,1,0.40820935
4859,GBX2,5,0.1726862
4860,GC,1,0.85860884
4861,GCA,10,2.32233
4862,GCAT,2,2.533821
4863,GCC1,8,2.846905
4864,GCC2,2,2.514596
4865,GCDH,3,2.2952867
4866,GCFC2,2,2.1581614
4867,GCG,5,0.63180405
4868,GCGR,1,0.6235668
4869,GCH1,8,2.0009613
4870,GCHFR,8,2.7245421
4871,GCK,6,0.78341717
4872,GCKR,5,1.3609015
4873,GCLC,8,2.5664592
4874,GCLM,3,2.0861428
4875,GCM1,1,0.20636548
4876,GCM2,1,0.12739217
4877,GCN1,9,3.3094683
4878,GCNT1,6,0.9712251
4879,GCNT3,5,0.22818495
4880,GCNT4,6,0.7107504
4881,GCSAM,1,0.6508497
4882,GCSH,2,1.7827489
4883,GDA,5,0.88650334
4884,GDAP1,5,1.3014883
4885,GDAP1L1,5,0.90678155
4886,GDAP2,6,1.2184944
4887,GDE1,9,3.6803346
4888,GDF1,6,2.2537308
4889,GDF10,6,1.6541419
4890,GDF11,3,1.6697508
4891,GDF15,10,1.8155793
4892,GDF2,5,0.21767026
4893,GDF3,1,0.19632798
4894,GDF5,5,0.36899304
4895,GDF6,5,0.39264542
4896,GDF7,6,0.727129
4897,GDF9,3,1.5631944
4898,GDI1,4,5.1447587
4899,GDI2,4,4.6579194
4900,GDNF,6,0.5379689
4901,GDPD1,1,1.0267177
4902,GDPD2,1,0.87794375
4903,GDPD3,9,2.7658248
4904,GDPD4,6,0.5068964
4905,GDPD5,8,2.652951
4906,GDPGP1,6,1.1102943
4907,GEM,9,2.099272
4908,GEMIN2,3,1.5688885
4909,GEMIN4,2,2.5091865
4910,GEMIN5,8,2.2168815
4911,GEMIN6,2,1.4522617
4912,GEMIN7,3,1.4271991
4913,GEMIN8,2,1.4248203
4914,GEN1,6,1.091828
4915,GET1,10,3.0448973
4916,GET3,7,4.107455
4917,GET4,9,3.4371707
4918,GFAP,5,2.058297
4919,GFER,10,2.9382575
4920,GFI1,3,0.64709127
4921,GFI1B,6,0.55321354
4922,GFM1,10,2.700031
4923,GFM2,9,2.8611538
4924,GFOD1,3,2.2260084
4925,GFOD2,3,2.2934277
4926,GFPT1,10,2.6576889
4927,GFPT2,2,2.537125
4928,GFRA1,3,1.6246662
4929,GFRA2,6,1.2262772
4930,GFRA3,1,0.88625973
4931,GFRA4,5,0.09649963
4932,GFRAL,1,0.067742236
4933,GFUS,4,3.6003287
4934,GFY,1,0.2659404
4935,GGA1,7,3.8258672
4936,GGA2,7,3.5404012
4937,GGA3,7,3.6771882
4938,GGACT,2,1.3833334
4939,GGCT,8,3.2385204
4940,GGCX,7,3.3251586
4941,GGH,8,2.451696
4942,GGN,5,0.8980653
4943,GGNBP2,7,3.5237312
4944,GGPS1,8,2.1168976
4945,GGT5,9,2.825809
4946,GGT6,6,0.613243
4947,GGT7,8,3.5489697
4948,GHDC,10,2.904447
4949,GHITM,4,4.292011
4950,GHR,6,1.7052776
4951,GHRH,5,0.08574448
4952,GHRHR,5,0.21649908
4953,GHRL,1,0.9159695
4954,GHSR,1,0.008880367
4955,GID4,2,2.3219125
4956,GID8,9,2.533923
4957,GIGYF1,7,3.5672178
4958,GIGYF2,8,2.6245432
4959,GIMAP1,6,1.4659272
4960,GIMAP4,3,2.350939
4961,GIMAP7,8,2.8565285
4962,GIMAP8,3,1.7896236
4963,GIMD1,1,0.0030712262
4964,GIN1,2,1.5058683
4965,GINM1,10,3.6212819
4966,GINS1,6,0.84452814
4967,GINS2,6,1.0321338
4968,GINS3,3,1.759063
4969,GINS4,5,0.63692856
4970,GIP,1,0.0664365
4971,GIPC1,7,3.7267425
4972,GIPC2,3,1.4252303
4973,GIPC3,3,1.1199119
4974,GIPR,3,1.1882201
4975,GIT1,7,3.9814756
4976,GIT2,10,3.0390105
4977,GJA1,9,3.1965263
4978,GJA10,1,0.063048266
4979,GJA3,1,0.27567813
4980,GJA4,8,2.61222
4981,GJA5,6,1.4410182
4982,GJA8,5,0.24977548
4983,GJB1,2,1.194417
4984,GJB2,6,0.76788473
4985,GJB3,1,0.5083345
4986,GJB4,1,0.119487554
4987,GJB5,1,0.5599619
4988,GJB6,5,0.77290493
4989,GJC1,6,1.3110166
4990,GJC2,5,1.1677439
4991,GJC3,3,0.92927396
4992,GJD2,5,0.36930537
4993,GJD3,5,0.37976038
4994,GJD4,1,0.13644235
4995,GJE1,1,0.0
4996,GK2,5,0.50391066
4997,GK5,8,1.9513838
4998,GKAP1,8,2.5269854
4999,GKN1,6,0.5913641
5000,GKN2,1,0.38318935
5001,GLA,10,2.5450587
5002,GLB1,10,3.08595
5003,GLB1L,2,1.6873106
5004,GLB1L2,6,1.5453166
5005,GLB1L3,6,0.7976282
5006,GLCCI1,3,2.2190242
5007,GLCE,8,2.2750628
5008,GLDC,6,1.1521719
5009,GLDN,3,1.3458872
5010,GLE1,9,2.707583
5011,GLG1,9,3.595708
5012,GLI1,5,1.0901057
5013,GLI2,6,0.88194776
5014,GLI3,2,0.88829046
5015,GLIPR1,9,2.3693974
5016,GLIPR1L2,6,0.83389866
5017,GLIPR2,8,2.68828
5018,GLIS1,1,0.7254417
5019,GLIS2,8,2.4285223
5020,GLIS3,3,1.2726457
5021,GLMN,3,1.7673615
5022,GLMP,9,3.1427052
5023,GLO1,7,4.131918
5024,GLOD4,7,3.8362694
5025,GLOD5,1,0.340426
5026,GLP1R,1,0.245064
5027,GLP2R,6,0.48547885
5028,GLRA1,5,0.12354104
5029,GLRA2,5,0.43048376
5030,GLRA3,5,0.21597165
5031,GLRB,6,1.446323
5032,GLRX,10,3.2091222
5033,GLRX3,9,2.871501
5034,GLRX5,7,4.3115683
5035,GLS,10,3.1791847
5036,GLS2,3,2.261133
5037,GLT1D1,6,1.9920963
5038,GLT6D1,5,0.15554288
5039,GLT8D1,7,2.972979
5040,GLT8D2,6,1.1144549
5041,GLTP,9,3.190814
5042,GLTPD2,5,1.2148995
5043,GLUL,4,5.4025526
5044,GLYAT,5,0.68637437
5045,GLYATL3,5,0.013172812
5046,GLYCTK,2,2.0259683
5047,GLYR1,7,3.987597
5048,GM2A,10,2.9851828
5049,GMDS,10,2.5514324
5050,GMEB1,3,1.4188619
5051,GMEB2,10,2.2009861
5052,GMFB,8,2.5231805
5053,GMFG,8,2.78361
5054,GMIP,3,2.1248858
5055,GMNC,5,0.27775246
5056,GMNN,8,2.622199
5057,GMPPA,7,3.3734813
5058,GMPPB,8,3.0196242
5059,GMPR,7,2.9507034
5060,GMPR2,7,3.5120986
5061,GMPS,2,2.3869114
5062,GNA11,4,4.073824
5063,GNA12,10,3.0312154
5064,GNA13,10,2.7624986
5065,GNA14,2,1.5212764
5066,GNA15,6,1.6018224
5067,GNAI1,3,1.674047
5068,GNAI2,4,4.660988
5069,GNAI3,8,2.4213092
5070,GNAL,2,2.241844
5071,GNAO1,3,2.0371852
5072,GNAT1,1,0.152611
5073,GNAT2,1,0.26825118
5074,GNAT3,1,0.043183267
5075,GNAZ,3,1.665597
5076,GNB1,7,4.013141
5077,GNB1L,5,0.9619624
5078,GNB2,4,4.612291
5079,GNB3,2,2.2168999
5080,GNB4,3,1.7147202
5081,GNB5,3,2.0413835
5082,GNE,8,2.3934703
5083,GNG10,8,2.4914126
5084,GNG11,9,2.9746654
5085,GNG12,8,2.358679
5086,GNG13,1,0.92589283
5087,GNG2,8,2.1810932
5088,GNG3,3,1.2226248
5089,GNG4,6,0.8237961
5090,GNG5,10,3.0659869
5091,GNG7,2,2.393602
5092,GNG8,1,0.43308842
5093,GNGT1,1,0.099385105
5094,GNGT2,5,0.45886055
5095,GNL1,10,3.2059634
5096,GNL2,10,3.4724545
5097,GNL3,7,3.4973593
5098,GNL3L,1,0.6987844
5099,GNMT,8,2.0957885
5100,GNPAT,7,3.6403632
5101,GNPDA1,10,2.8693628
5102,GNPDA2,3,1.7663156
5103,GNPNAT1,2,2.208313
5104,GNPTAB,8,2.6199527
5105,GNPTG,9,4.0862994
5106,GNRH1,2,1.8032429
5107,GNRHR,1,0.086854786
5108,GNS,7,3.5736904
5109,GOLGA1,8,2.7518983
5110,GOLGA3,10,2.9062943
5111,GOLGA4,10,3.489471
5112,GOLGA5,7,3.0796814
5113,GOLGA7,7,2.7572415
5114,GOLGA7B,2,1.7783504
5115,GOLGB1,10,3.2312815
5116,GOLIM4,9,2.806068
5117,GOLM1,10,3.176354
5118,GOLM2,7,3.4876583
5119,GOLPH3,7,3.8700147
5120,GOLPH3L,8,2.4080644
5121,GOLT1A,6,1.5771486
5122,GOLT1B,10,3.015888
5123,GON7,8,2.464723
5124,GOPC,9,2.9177997
5125,GORAB,2,1.940653
5126,GORASP1,8,3.3465204
5127,GORASP2,7,4.041927
5128,GOSR1,8,2.6386683
5129,GOSR2,8,2.49001
5130,GOT1,7,4.4389677
5131,GOT1L1,5,0.32138166
5132,GOT2,7,4.3899126
5133,GP1BA,6,0.78499484
5134,GP1BB,4,3.5246978
5135,GP2,3,1.7721046
5136,GP5,1,0.11311213
5137,GP6,5,0.8482013
5138,GP9,1,0.5302283
5139,GPA33,6,0.3455576
5140,GPAA1,7,4.352312
5141,GPAM,8,2.0515246
5142,GPANK1,9,2.671611
5143,GPAT2,3,2.2559268
5144,GPAT3,3,1.9017082
5145,GPAT4,7,3.2241306
5146,GPATCH1,8,2.0789073
5147,GPATCH11,6,2.0020669
5148,GPATCH2,6,1.3743109
5149,GPATCH2L,2,2.007534
5150,GPATCH3,8,2.5894535
5151,GPATCH4,10,3.4128165
5152,GPATCH8,10,3.2667675
5153,GPBAR1,5,1.0356941
5154,GPBP1,8,3.1330492
5155,GPBP1L1,9,3.4971762
5156,GPC1,4,4.11606
5157,GPC2,1,1.0922956
5158,GPC3,3,2.0596707
5159,GPC4,2,2.049223
5160,GPC5,5,0.6698381
5161,GPC6,2,1.0521779
5162,GPCPD1,10,3.0949488
5163,GPD1,8,2.7809408
5164,GPD1L,8,3.1884184
5165,GPD2,2,2.2249625
5166,GPER1,3,1.5403941
5167,GPHA2,1,0.8432003
5168,GPHB5,1,0.06594341
5169,GPHN,2,2.3535109
5170,GPI,4,4.8759465
5171,GPKOW,7,3.1691363
5172,GPLD1,6,1.3588302
5173,GPM6A,1,1.789634
5174,GPM6B,3,2.4627666
5175,GPN1,10,2.9943533
5176,GPN2,8,2.598305
5177,GPN3,9,3.0563514
5178,GPNMB,10,2.982322
5179,GPR101,1,0.005196097
5180,GPR107,7,3.1260107
5181,GPR108,4,3.7730095
5182,GPR119,5,0.011452928
5183,GPR12,6,0.5687965
5184,GPR135,3,1.2790625
5185,GPR137,10,3.5152073
5186,GPR137B,3,1.613573
5187,GPR137C,3,1.2158339
5188,GPR139,1,0.0048857606
5189,GPR141,1,0.21933775
5190,GPR142,1,0.3077268
5191,GPR143,5,0.49505773
5192,GPR146,3,1.6296663
5193,GPR149,1,0.022368079
5194,GPR15,1,0.18167244
5195,GPR151,1,0.03600397
5196,GPR152,5,0.17977463
5197,GPR153,3,1.9662887
5198,GPR155,2,1.8318939
5199,GPR156,5,0.34126064
5200,GPR157,3,1.6035515
5201,GPR158,5,0.81514275
5202,GPR160,1,0.4675635
5203,GPR161,1,0.89028764
5204,GPR162,6,2.2651556
5205,GPR17,3,1.4369246
5206,GPR171,5,0.7077115
5207,GPR173,6,1.472532
5208,GPR174,5,0.18193078
5209,GPR176,9,2.0787756
5210,GPR179,5,0.33760405
5211,GPR18,1,0.7284494
5212,GPR180,3,1.4253869
5213,GPR182,5,0.0
5214,GPR183,6,1.6811683
5215,GPR19,5,0.42345113
5216,GPR20,1,0.22437632
5217,GPR21,7,4.4508452
5218,GPR22,5,0.6419494
5219,GPR25,5,0.27126008
5220,GPR26,1,0.14085345
5221,GPR27,3,1.4807266
5222,GPR3,5,0.898868
5223,GPR31,1,0.032289114
5224,GPR33,1,0.009747439
5225,GPR34,6,1.0502827
5226,GPR35,6,0.71795726
5227,GPR37,3,1.0642458
5228,GPR37L1,6,1.296004
5229,GPR39,2,1.3933221
5230,GPR4,2,1.9021218
5231,GPR45,5,0.222569
5232,GPR50,5,0.03646053
5233,GPR52,1,0.1252912
5234,GPR55,6,0.53928524
5235,GPR6,5,0.1844123
5236,GPR61,6,0.58594114
5237,GPR62,1,0.5200755
5238,GPR63,1,0.5940862
5239,GPR65,6,0.8291973
5240,GPR68,2,1.1418332
5241,GPR75,2,1.034011
5242,GPR82,1,0.18609834
5243,GPR83,5,0.67231494
5244,GPR85,6,0.93479633
5245,GPR87,5,0.25213283
5246,GPR88,1,0.602441
5247,GPRASP1,2,2.3835764
5248,GPRASP2,2,1.9558945
5249,GPRC5A,6,1.1059084
5250,GPRC5B,9,3.133115
5251,GPRC5C,8,2.870994
5252,GPRC5D,1,0.5786913
5253,GPRC6A,1,0.0074935504
5254,GPRIN1,5,1.1644948
5255,GPRIN2,5,0.35616532
5256,GPRIN3,5,1.3310885
5257,GPS1,4,4.297705
5258,GPS2,4,4.9575357
5259,GPSM1,7,2.8301923
5260,GPSM2,3,2.017259
5261,GPSM3,8,2.9126065
5262,GPT,8,2.6785827
5263,GPT2,10,2.9008083
5264,GPX1,4,4.975092
5265,GPX2,6,1.5582981
5266,GPX3,4,6.3319583
5267,GPX4,4,5.671104
5268,GPX6,1,0.07768072
5269,GPX7,3,2.1225245
5270,GPX8,2,1.3210756
5271,GRAMD1A,7,3.8954859
5272,GRAMD1B,2,1.6275165
5273,GRAMD1C,2,1.7687979
5274,GRAMD4,9,3.0156503
5275,GRAP2,1,0.8944295
5276,GRB10,10,3.5011523
5277,GRB14,2,1.8504516
5278,GRB2,7,3.8280058
5279,GRB7,5,1.2918122
5280,GREB1,6,1.1632918
5281,GREB1L,6,0.84448874
5282,GREM1,1,0.45242187
5283,GREM2,3,0.9623152
5284,GRHL1,2,1.4336551
5285,GRHL2,5,0.52775633
5286,GRHL3,5,0.3268131
5287,GRHPR,4,4.1057625
5288,GRIA1,5,1.2424074
5289,GRIA2,5,0.9870465
5290,GRIA3,5,0.957458
5291,GRIA4,6,0.7060924
5292,GRID1,6,1.0590467
5293,GRID2,1,0.6601764
5294,GRID2IP,1,0.3957706
5295,GRIFIN,1,0.2739473
5296,GRIK1,1,0.5080573
5297,GRIK2,6,1.0178695
5298,GRIK3,6,0.67445445
5299,GRIK4,1,0.7064941
5300,GRIK5,6,1.7540693
5301,GRIN1,1,1.358239
5302,GRIN2A,1,0.69607985
5303,GRIN2B,5,0.30297112
5304,GRIN2C,3,1.6836677
5305,GRIN2D,6,0.6951752
5306,GRIN3A,5,0.35584563
5307,GRIN3B,6,1.316406
5308,GRINA,4,5.0435586
5309,GRIP1,5,0.6118098
5310,GRIP2,2,1.4388494
5311,GRIPAP1,10,3.615875
5312,GRK1,1,0.11586068
5313,GRK2,4,4.5693665
5314,GRK3,2,2.0345993
5315,GRK4,2,1.7088957
5316,GRK5,3,2.4766288
5317,GRK6,7,3.1419554
5318,GRM1,1,0.6198641
5319,GRM2,6,1.1242653
5320,GRM3,1,0.8287807
5321,GRM4,1,0.8413501
5322,GRM5,6,0.47431138
5323,GRM6,5,0.29953945
5324,GRM7,1,0.46724465
5325,GRM8,5,0.5220785
5326,GRN,7,4.3965135
5327,GRP,1,0.535843
5328,GRPEL1,9,3.14445
5329,GRPEL2,10,2.1443236
5330,GRPR,5,0.23884697
5331,GRSF1,10,3.251287
5332,GRTP1,3,1.9798578
5333,GRWD1,8,2.409734
5334,GRXCR1,5,0.04461967
5335,GRXCR2,1,0.07032893
5336,GSAP,8,2.7719526
5337,GSC,5,0.3874321
5338,GSC2,5,0.11011689
5339,GSDMD,10,3.0952592
5340,GSDME,2,1.8993037
5341,GSE1,7,3.3269043
5342,GSG1,1,0.8177048
5343,GSG1L,6,0.5525004
5344,GSG1L2,5,0.03591885
5345,GSK3A,7,3.6765842
5346,GSK3B,8,2.6595414
5347,GSKIP,8,1.900115
5348,GSN,4,5.0010824
5349,GSPT1,8,3.4276822
5350,GSPT2,3,2.1896105
5351,GSR,9,3.2885568
5352,GSS,8,2.9249668
5353,GSTCD,5,0.99800843
5354,GSTK1,4,4.218649
5355,GSTM2,8,2.7709744
5356,GSTM3,10,3.1989086
5357,GSTM4,9,2.8635535
5358,GSTO1,4,4.5259686
5359,GSTO2,6,1.1546992
5360,GSTT4,5,0.39542243
5361,GSTZ1,10,2.9848907
5362,GSX1,1,0.0313817
5363,GSX2,1,0.1183825
5364,GTDC1,5,0.0
5365,GTF2A1,6,2.4224815
5366,GTF2A1L,6,0.9847808
5367,GTF2A2,10,3.038455
5368,GTF2B,10,3.163323
5369,GTF2E1,6,1.0364095
5370,GTF2E2,10,2.8702974
5371,GTF2F1,4,4.1644
5372,GTF2F2,9,2.756505
5373,GTF2H1,2,2.8550282
5374,GTF2H3,10,2.4067705
5375,GTF2H4,10,2.807635
5376,GTF2H5,2,1.7485363
5377,GTF2I,10,3.6424086
5378,GTF2IRD1,2,1.8667896
5379,GTF3A,4,4.7901697
5380,GTF3C1,9,3.385178
5381,GTF3C2,10,2.640855
5382,GTF3C3,9,2.233143
5383,GTF3C4,2,1.9220028
5384,GTF3C5,7,3.877072
5385,GTF3C6,9,3.3538566
5386,GTPBP1,7,3.8491683
5387,GTPBP10,6,1.6999323
5388,GTPBP2,7,3.7970216
5389,GTPBP3,8,2.6728256
5390,GTPBP4,10,3.01505
5391,GTPBP6,7,3.102154
5392,GTPBP8,8,1.8493516
5393,GTSE1,6,0.78986716
5394,GTSF1,5,0.89449483
5395,GTSF1L,1,0.7115786
5396,GUCA1A,5,0.52865684
5397,GUCA1B,6,0.8993095
5398,GUCA2A,5,0.21150726
5399,GUCA2B,5,0.21287955
5400,GUCD1,10,3.8404584
5401,GUCY1A1,3,1.027895
5402,GUCY1A2,6,1.216159
5403,GUCY1B1,2,2.291544
5404,GUCY2C,5,0.27831718
5405,GUCY2D,5,0.29543442
5406,GUCY2F,5,0.06455737
5407,GUF1,3,2.4706125
5408,GUK1,4,5.4996853
5409,GULP1,6,1.3201181
5410,GUSB,9,3.8489685
5411,GXYLT1,2,1.731587
5412,GXYLT2,3,1.0566837
5413,GYPC,10,3.1660163
5414,GYS1,7,3.4945543
5415,GYS2,5,0.70864666
5416,GZF1,8,2.270262
5417,GZMA,6,1.3158987
5418,GZMK,5,0.9396981
5419,GZMM,5,1.3705714
5420,H1-0,4,4.843199
5421,H1-1,5,0.063227534
5422,H1-10,4,4.8260183
5423,H1-2,10,3.0646908
5424,H1-3,5,0.30290726
5425,H1-4,6,0.72622746
5426,H1-5,5,0.09973157
5427,H1-6,1,0.18252252
5428,H2AC1,1,0.25926936
5429,H2AC19,10,3.306229
5430,H2AC20,2,1.186403
5431,H2AC21,1,0.179154
5432,H2AJ,4,4.905375
5433,H2AX,7,3.2344358
5434,H2AZ2,10,3.387574
5435,H2BC1,5,0.23218684
5436,H2BC18,2,1.8615773
5437,H3-4,5,0.31816962
5438,H3C1,5,0.22704187
5439,H3C14,5,0.9599798
5440,H6PD,7,3.152295
5441,HAAO,6,1.6636869
5442,HABP2,6,1.6234967
5443,HABP4,7,3.326093
5444,HACD1,2,1.56735
5445,HACD2,10,2.7762244
5446,HACD3,7,3.1240995
5447,HACD4,1,0.9211177
5448,HACE1,8,2.1066668
5449,HACL1,8,2.679128
5450,HADH,8,3.825643
5451,HADHA,4,4.71162
5452,HADHB,4,4.6344533
5453,HAGH,8,3.2712142
5454,HAGHL,3,2.6182344
5455,HAL,1,1.1165297
5456,HAND1,1,0.27870026
5457,HAND2,6,1.4063101
5458,HAO1,5,0.6107961
5459,HAO2,1,0.5302561
5460,HAP1,6,0.90691346
5461,HAPLN1,1,0.20476872
5462,HAPLN2,5,1.3318616
5463,HAPLN3,10,1.8978916
5464,HAPLN4,5,1.0706749
5465,HARBI1,2,1.2585224
5466,HARS2,9,3.3981102
5467,HAS1,6,0.7805286
5468,HAS2,6,0.75723517
5469,HAS3,3,1.7294183
5470,HASPIN,1,0.69686484
5471,HAT1,7,2.640094
5472,HAUS1,3,2.1444588
5473,HAUS2,3,2.0882063
5474,HAUS3,3,1.8146636
5475,HAUS4,10,2.8427193
5476,HAUS5,8,2.4759102
5477,HAUS6,3,1.7070736
5478,HAUS7,9,2.781289
5479,HAVCR2,3,1.6056664
5480,HAX1,7,4.409068
5481,HBE1,5,0.46184164
5482,HBEGF,9,2.6141677
5483,HBP1,8,3.099224
5484,HBS1L,3,2.2212293
5485,HBZ,1,0.55000293
5486,HCAR1,5,0.49483475
5487,HCCS,10,2.5514739
5488,HCFC1,2,2.8416536
5489,HCFC1R1,4,4.338599
5490,HCFC2,10,2.160169
5491,HCK,3,2.1922574
5492,HCLS1,7,3.413085
5493,HCN1,1,0.4583865
5494,HCN2,6,1.5472089
5495,HCN3,3,1.8074172
5496,HCN4,6,0.65803415
5497,HCRT,5,0.12183401
5498,HCRTR1,1,0.6912732
5499,HCRTR2,6,0.10419449
5500,HCST,3,1.938357
5501,HDAC1,7,3.804105
5502,HDAC10,10,3.5762196
5503,HDAC11,8,2.8944705
5504,HDAC2,2,2.4935586
5505,HDAC3,7,3.8624163
5506,HDAC4,10,2.2708771
5507,HDAC5,10,3.5954218
5508,HDAC6,9,3.484216
5509,HDAC7,7,3.8919482
5510,HDAC8,6,1.1490515
5511,HDAC9,3,1.033116
5512,HDC,5,1.1492445
5513,HDDC2,7,3.8104842
5514,HDDC3,8,2.3522449
5515,HDGF,7,4.748167
5516,HDGFL2,10,3.8430526
5517,HDGFL3,2,2.0671248
5518,HDHD2,2,2.266327
5519,HDHD3,10,2.5884643
5520,HDHD5,7,3.5873067
5521,HDLBP,4,4.2674055
5522,HDX,3,0.7211829
5523,HEATR1,2,2.6703987
5524,HEATR3,3,2.3350012
5525,HEATR4,6,0.95518136
5526,HEATR5A,2,1.9231616
5527,HEATR5B,8,2.4076455
5528,HEATR6,6,1.8432072
5529,HEATR9,1,0.62456566
5530,HEBP1,10,3.2976608
5531,HEBP2,9,2.4704711
5532,HECA,8,2.844869
5533,HECTD1,7,3.3900568
5534,HECTD2,3,1.8147259
5535,HECTD3,7,3.5469725
5536,HECTD4,8,2.6583936
5537,HECW1,1,0.6426636
5538,HECW2,5,1.4176267
5539,HEG1,3,2.5418897
5540,HELB,2,1.2953398
5541,HELLS,1,1.0652893
5542,HELQ,2,2.1210234
5543,HELT,1,0.08200279
5544,HELZ,8,2.2709577
5545,HELZ2,2,1.755967
5546,HEMK1,2,1.6058118
5547,HENMT1,6,1.5993097
5548,HEPACAM,3,1.4244381
5549,HEPACAM2,6,0.284185
5550,HEPH,2,1.5518225
5551,HEPHL1,5,0.09560827
5552,HERC1,9,2.8101194
5553,HERC2,9,2.8220315
5554,HERC3,7,3.3915365
5555,HERC4,10,2.4342544
5556,HERC6,3,1.7412244
5557,HERPUD1,4,4.270863
5558,HERPUD2,8,3.1241972
5559,HES1,7,3.5771837
5560,HES2,5,0.24888837
5561,HES3,5,0.049198385
5562,HES5,5,0.7180952
5563,HES6,8,2.548787
5564,HES7,1,0.68109804
5565,HESX1,3,0.88159007
5566,HEXA,8,3.1661177
5567,HEXB,7,3.762928
5568,HEXIM1,10,3.376939
5569,HEXIM2,2,1.786869
5570,HEY1,3,2.0776768
5571,HEY2,3,1.9832866
5572,HEYL,8,2.5608568
5573,HFE,6,1.0744811
5574,HFM1,6,0.9341095
5575,HGD,6,1.18044
5576,HGF,6,1.0855774
5577,HGFAC,6,1.4906247
5578,HGH1,10,2.77669
5579,HGS,7,4.3119516
5580,HGSNAT,7,3.234787
5581,HHAT,5,0.7344907
5582,HHATL,6,2.024996
5583,HHIP,6,0.704121
5584,HHIPL1,6,0.89541024
5585,HHIPL2,5,0.42934176
5586,HHLA1,5,0.023043068
5587,HIBADH,10,3.5130723
5588,HIBCH,3,2.272284
5589,HIC1,9,2.7198875
5590,HIC2,3,1.4392254
5591,HID1,10,3.4468317
5592,HIF1A,9,3.5695803
5593,HIF1AN,10,2.4196827
5594,HIF3A,2,2.759747
5595,HIGD1A,9,3.1464787
5596,HIGD1B,3,1.765365
5597,HIGD1C,5,0.2262952
5598,HIKESHI,9,3.089463
5599,HILPDA,10,2.7512958
5600,HINFP,7,2.5528631
5601,HINT1,4,4.1446385
5602,HINT2,7,3.8497467
5603,HINT3,7,3.1185632
5604,HIP1,10,2.581792
5605,HIP1R,7,3.5956488
5606,HIPK1,10,2.9719493
5607,HIPK2,8,2.6953661
5608,HIPK3,9,3.199351
5609,HIPK4,1,1.022235
5610,HIRA,8,3.0461528
5611,HIRIP3,8,3.064991
5612,HIVEP1,3,1.6985731
5613,HIVEP2,2,1.7463627
5614,HIVEP3,3,1.2058209
5615,HJV,6,1.3083563
5616,HK1,7,3.7584517
5617,HK3,3,2.231294
5618,HKDC1,1,0.7709851
5619,HLA-DMA,7,3.8482316
5620,HLA-DOA,2,1.5437421
5621,HLA-DOB,6,1.4134252
5622,HLA-DQB2,1,1.3639861
5623,HLA-DRA,10,4.3761606
5624,HLCS,2,1.5496303
5625,HLF,10,2.3439634
5626,HLTF,10,2.4922783
5627,HLX,8,2.4972816
5628,HM13,10,3.1474059
5629,HMBOX1,8,2.0963588
5630,HMBS,10,2.488975
5631,HMCES,7,3.3323824
5632,HMCN1,6,0.8882035
5633,HMCN2,1,1.0322764
5634,HMG20A,10,2.7222135
5635,HMG20B,7,3.7261097
5636,HMGA2,1,0.14578743
5637,HMGB2,7,3.8903902
5638,HMGB3,2,2.133762
5639,HMGB4,5,0.643527
5640,HMGCL,10,3.506461
5641,HMGCLL1,5,0.76541716
5642,HMGCR,3,2.1493182
5643,HMGCS1,10,3.0473154
5644,HMGCS2,6,1.3770967
5645,HMGN1,4,4.7159076
5646,HMGN3,7,4.177006
5647,HMGXB3,8,3.0538218
5648,HMGXB4,3,2.13891
5649,HMMR,1,0.816593
5650,HMOX1,7,3.5651984
5651,HMOX2,8,2.7295017
5652,HMX1,1,0.23162776
5653,HMX2,5,0.034825858
5654,HMX3,5,0.02737952
5655,HNF1A,5,0.9044652
5656,HNF1B,5,1.0834702
5657,HNF4A,1,0.81504345
5658,HNF4G,1,0.4919024
5659,HNMT,8,2.2937467
5660,HNRNPA0,10,3.2580254
5661,HNRNPA1,4,4.242908
5662,HNRNPA2B1,4,5.1751585
5663,HNRNPAB,7,4.352675
5664,HNRNPD,7,4.063899
5665,HNRNPF,9,3.3239489
5666,HNRNPH1,4,5.0508947
5667,HNRNPH2,7,4.087578
5668,HNRNPH3,7,3.5804548
5669,HNRNPK,4,4.9106627
5670,HNRNPL,4,5.144108
5671,HNRNPLL,2,2.5133228
5672,HNRNPM,4,4.9274974
5673,HNRNPR,10,3.0134737
5674,HNRNPU,4,4.4643583
5675,HNRNPUL1,7,4.406463
5676,HNRNPUL2,7,4.049988
5677,HOATZ,5,0.41753143
5678,HOGA1,2,1.7140586
5679,HOMER1,6,1.4284163
5680,HOMER2,3,2.2633421
5681,HOMER3,9,2.9116793
5682,HOMEZ,2,1.7674745
5683,HOOK1,2,1.823927
5684,HOOK2,4,3.89212
5685,HOOK3,2,2.0035498
5686,HOPX,3,2.6650593
5687,HORMAD1,1,0.6941662
5688,HORMAD2,5,0.5055668
5689,HOXA1,1,0.29611918
5690,HOXA10,1,0.7798149
5691,HOXA11,5,0.4732266
5692,HOXA13,5,0.1708584
5693,HOXA2,6,0.6283722
5694,HOXA3,6,0.7209346
5695,HOXA4,6,1.2640055
5696,HOXA5,6,1.2363607
5697,HOXA6,1,0.5281814
5698,HOXA7,2,1.100063
5699,HOXA9,5,0.7645911
5700,HOXB1,1,0.07100651
5701,HOXB13,1,0.09459544
5702,HOXB2,3,2.0323684
5703,HOXB3,2,1.5489703
5704,HOXB4,6,1.3512433
5705,HOXB5,1,0.82271224
5706,HOXB6,1,0.7565594
5707,HOXB7,6,1.0313721
5708,HOXB8,5,0.22587447
5709,HOXB9,5,0.18400468
5710,HOXC10,5,0.99196273
5711,HOXC11,5,0.28869516
5712,HOXC12,1,0.16598429
5713,HOXC13,5,0.16745892
5714,HOXC4,6,0.9334616
5715,HOXC5,1,0.7990004
5716,HOXC6,5,0.8238047
5717,HOXC8,5,0.6081156
5718,HOXC9,5,0.8784536
5719,HOXD1,1,0.64768434
5720,HOXD10,1,0.3148441
5721,HOXD11,1,0.12916663
5722,HOXD12,5,0.00712255
5723,HOXD13,5,0.09213212
5724,HOXD3,1,0.54717284
5725,HOXD4,6,1.6426314
5726,HOXD8,3,1.160411
5727,HOXD9,1,0.9391275
5728,HP1BP3,9,3.7681108
5729,HPCA,6,1.6635642
5730,HPCAL4,6,1.7035782
5731,HPD,3,1.6083186
5732,HPDL,5,0.7263983
5733,HPF1,8,3.1198134
5734,HPGD,6,1.5513239
5735,HPGDS,5,0.72075117
5736,HPN,2,2.4231205
5737,HPS1,10,3.0988417
5738,HPS3,9,2.7929614
5739,HPS4,10,2.94866
5740,HPS5,2,1.75732
5741,HPS6,10,2.207707
5742,HPSE,3,0.80749947
5743,HPSE2,1,0.7385517
5744,HPX,2,1.9402918
5745,HR,6,1.7032899
5746,HRAS,10,2.8737085
5747,HRC,6,2.1015081
5748,HRCT1,3,1.6137571
5749,HRG,5,0.78740996
5750,HRH1,5,0.72229373
5751,HRH2,3,1.5486549
5752,HRH3,1,0.92514277
5753,HRH4,1,0.12729566
5754,HRK,1,0.3984677
5755,HROB,6,1.000555
5756,HS1BP3,3,2.0654535
5757,HS2ST1,9,1.9772167
5758,HS3ST1,6,0.9713315
5759,HS3ST2,5,1.1235682
5760,HS3ST3A1,5,0.5347644
5761,HS3ST3B1,2,1.0750574
5762,HS3ST4,5,0.8132127
5763,HS3ST5,1,0.21437253
5764,HS3ST6,1,0.19464915
5765,HS6ST1,10,3.3859322
5766,HS6ST2,1,0.6693178
5767,HS6ST3,6,0.7419619
5768,HSBP1,9,2.6208332
5769,HSBP1L1,9,3.4961843
5770,HSCB,10,2.677341
5771,HSD11B1,2,2.484776
5772,HSD11B2,2,1.6422123
5773,HSD17B1,7,3.327809
5774,HSD17B10,4,4.120422
5775,HSD17B11,7,3.6102235
5776,HSD17B12,10,3.2507386
5777,HSD17B13,3,1.2052535
5778,HSD17B14,3,2.1877346
5779,HSD17B2,1,0.9005363
5780,HSD17B3,5,1.3029679
5781,HSD17B4,7,4.1708455
5782,HSD17B6,2,1.5672927
5783,HSD17B7,10,2.5359175
5784,HSD3B7,8,2.7580926
5785,HSDL1,10,2.434262
5786,HSDL2,10,3.5229309
5787,HSF1,4,4.636646
5788,HSF2,8,2.7893832
5789,HSF2BP,5,0.6315033
5790,HSF4,7,4.0109987
5791,HSF5,1,0.5025861
5792,HSH2D,1,1.3494642
5793,HSP90AA1,4,5.7282596
5794,HSP90AB1,4,5.982107
5795,HSP90B1,4,5.219482
5796,HSPA12A,2,2.0316098
5797,HSPA12B,3,2.2597568
5798,HSPA13,2,2.4365046
5799,HSPA14,10,3.1573844
5800,HSPA1L,6,1.475007
5801,HSPA2,9,2.7036414
5802,HSPA4,9,3.6080763
5803,HSPA4L,3,1.9464271
5804,HSPA5,4,5.088596
5805,HSPA8,4,6.2073183
5806,HSPA9,7,4.4739013
5807,HSPB1,4,5.3318777
5808,HSPB2,9,3.8833952
5809,HSPB3,6,1.7701352
5810,HSPB6,7,4.7814817
5811,HSPB7,4,3.6481287
5812,HSPB8,7,4.2613783
5813,HSPBAP1,9,2.673296
5814,HSPBP1,8,3.3958182
5815,HSPD1,4,4.5032053
5816,HSPG2,7,3.2298017
5817,HSPH1,7,3.3338804
5818,HTATIP2,8,2.6831102
5819,HTATSF1,7,3.449602
5820,HTR1A,5,0.081993505
5821,HTR1B,1,0.34702924
5822,HTR1F,5,0.23117833
5823,HTR2A,5,0.43945965
5824,HTR2B,6,0.51106375
5825,HTR2C,5,0.08755517
5826,HTR3A,1,0.27696264
5827,HTR3B,1,0.09241437
5828,HTR4,1,0.073204674
5829,HTR5A,1,0.57664734
5830,HTR6,1,0.10450995
5831,HTR7,6,0.50390965
5832,HTRA1,7,4.0787992
5833,HTRA2,4,3.8557355
5834,HTRA3,10,2.2193174
5835,HTRA4,1,0.41959393
5836,HTT,10,2.8875763
5837,HUNK,6,0.72020525
5838,HUS1,3,1.8454725
5839,HUS1B,1,0.4558493
5840,HUWE1,8,3.523998
5841,HVCN1,3,1.869657
5842,HYAL1,3,2.3626397
5843,HYAL2,9,3.1022894
5844,HYAL3,3,1.5674964
5845,HYAL4,5,0.30159804
5846,HYDIN,5,0.46597978
5847,HYKK,6,0.94137317
5848,HYLS1,6,1.4175384
5849,HYOU1,7,3.867203
5850,HYPK,8,2.7560172
5851,IAH1,7,3.713393
5852,IAPP,5,0.2802524
5853,IARS2,7,3.711082
5854,IBA57,2,1.608652
5855,IBSP,1,0.050862025
5856,IBTK,9,2.8711889
5857,ICA1,8,2.6733508
5858,ICA1L,3,1.3461906
5859,ICAM1,10,3.1357284
5860,ICAM2,3,2.8881495
5861,ICAM4,1,0.53712875
5862,ICAM5,6,1.2648576
5863,ICE1,9,2.5267675
5864,ICE2,2,1.8792473
5865,ICMT,9,3.1329267
5866,ICOS,5,0.37671015
5867,ID1,8,3.655745
5868,ID2,7,3.7576005
5869,ID3,7,3.7170599
5870,ID4,3,2.5898912
5871,IDE,3,2.4229343
5872,IDH1,3,2.8331625
5873,IDH2,7,4.1810455
5874,IDH3A,7,3.5675356
5875,IDH3B,7,4.507336
5876,IDH3G,10,4.1276417
5877,IDI1,10,3.6604476
5878,IDNK,8,2.3654819
5879,IDO1,5,0.7647258
5880,IDO2,1,0.51273036
5881,IDS,8,3.6156807
5882,IDUA,9,2.935366
5883,IER2,7,3.4855194
5884,IER3,7,3.3948932
5885,IER3IP1,8,2.9312332
5886,IER5,10,2.8064806
5887,IER5L,3,2.246343
5888,IFFO1,9,3.4319558
5889,IFFO2,2,2.2770786
5890,IFI30,4,3.931216
5891,IFI35,7,3.0262814
5892,IFI44,8,2.292249
5893,IFIH1,2,1.7568697
5894,IFIT2,9,1.5944469
5895,IFITM10,8,2.2868466
5896,IFITM5,5,0.36304903
5897,IFNE,1,0.14436097
5898,IFNGR1,7,4.0052123
5899,IFNGR2,7,4.0012336
5900,IFNLR1,3,1.2800779
5901,IFRD1,7,3.1796207
5902,IFRD2,7,3.884553
5903,IFT122,7,3.0366576
5904,IFT140,10,2.1468177
5905,IFT172,8,2.666635
5906,IFT20,10,3.5990396
5907,IFT22,2,1.8525256
5908,IFT27,7,3.7086403
5909,IFT43,10,2.909175
5910,IFT46,7,3.1290853
5911,IFT52,8,2.6357
5912,IFT57,3,2.8077478
5913,IFT74,3,1.5800039
5914,IFT80,2,2.321367
5915,IFT81,6,1.6597087
5916,IFT88,8,2.1451411
5917,IFTAP,3,1.3810173
5918,IGDCC3,5,0.6553709
5919,IGDCC4,6,0.90464914
5920,IGF1,3,1.5221149
5921,IGF1R,3,2.379424
5922,IGF2,8,2.9025092
5923,IGF2BP1,5,0.25178328
5924,IGF2BP2,8,1.7990279
5925,IGF2BP3,1,0.50864136
5926,IGF2R,10,2.874979
5927,IGFALS,1,1.1344588
5928,IGFBP1,6,0.73387736
5929,IGFBP2,4,3.9320638
5930,IGFBP3,10,3.6779451
5931,IGFBP4,4,5.283722
5932,IGFBP5,4,4.1915503
5933,IGFBP6,4,3.5855846
5934,IGFBP7,4,5.324477
5935,IGFBPL1,1,0.21378788
5936,IGFLR1,6,2.373942
5937,IGHMBP2,9,2.861158
5938,IGIP,8,2.7587175
5939,IGLON5,6,1.2680691
5940,IGSF1,5,0.6991715
5941,IGSF10,6,1.2708447
5942,IGSF11,3,1.1287894
5943,IGSF21,3,1.98483
5944,IGSF3,6,1.2045767
5945,IGSF6,6,1.246998
5946,IGSF8,9,3.6718147
5947,IGSF9,6,0.968738
5948,IGSF9B,1,0.5402665
5949,IHH,5,0.30503258
5950,IHO1,5,0.74664104
5951,IKBKB,7,3.5109296
5952,IKBKE,2,1.2286363
5953,IKBKG,10,2.677442
5954,IKZF1,5,1.0571136
5955,IKZF2,5,0.9181515
5956,IKZF3,6,0.86702377
5957,IKZF4,3,1.8867543
5958,IKZF5,2,2.1480825
5959,IL10,5,0.5604639
5960,IL10RA,3,2.18646
5961,IL10RB,2,2.3022122
5962,IL11,5,0.55222696
5963,IL12A,5,0.78826785
5964,IL12B,5,0.06065685
5965,IL12RB2,6,0.4991839
5966,IL13,6,0.6203563
5967,IL13RA1,9,3.045338
5968,IL13RA2,5,0.78073007
5969,IL15,1,0.8560962
5970,IL15RA,2,2.2467906
5971,IL16,10,2.2587037
5972,IL17A,1,0.0073774494
5973,IL17B,6,0.7802036
5974,IL17C,1,0.2951273
5975,IL17D,6,2.2614162
5976,IL17F,1,0.12816449
5977,IL17RA,3,2.11636
5978,IL17RB,3,2.071878
5979,IL17RC,8,3.2728646
5980,IL17RD,5,1.0036994
5981,IL17RE,3,1.772706
5982,IL18,2,2.1343157
5983,IL18BP,7,3.6491463
5984,IL18R1,3,1.6114651
5985,IL18RAP,6,1.2330617
5986,IL19,1,0.061089482
5987,IL1A,5,0.46303245
5988,IL1B,6,1.06884
5989,IL1F10,5,0.01845091
5990,IL1R1,9,2.8097982
5991,IL1R2,6,1.4792145
5992,IL1RAP,5,1.1014003
5993,IL1RAPL1,5,0.17900726
5994,IL1RAPL2,6,0.108382545
5995,IL1RL1,1,0.0
5996,IL1RL2,1,0.0
5997,IL1RN,6,1.7594079
5998,IL2,5,0.08058501
5999,IL20,1,0.087363094
6000,IL20RA,3,0.8954804
6001,IL20RB,6,1.4539534
6002,IL21,1,0.05606682
6003,IL21R,5,0.8429998
6004,IL22RA1,1,0.94643116
6005,IL22RA2,5,0.024287688
6006,IL23A,2,1.048687
6007,IL23R,5,0.10117459
6008,IL24,6,0.8761318
6009,IL25,1,0.14470105
6010,IL27,1,0.6679071
6011,IL27RA,3,1.8406862
6012,IL2RA,5,0.5339311
6013,IL2RB,6,0.9715887
6014,IL2RG,6,2.0729158
6015,IL31RA,5,0.08462535
6016,IL33,2,2.1306908
6017,IL34,6,1.3862245
6018,IL36A,5,0.07415968
6019,IL36RN,5,0.076218635
6020,IL4I1,2,1.7526541
6021,IL4R,7,2.6256957
6022,IL5,5,0.32347387
6023,IL5RA,5,0.25218433
6024,IL6R,9,2.4374187
6025,IL6ST,7,3.657086
6026,IL7,3,1.3815436
6027,IL7R,6,1.5503045
6028,IL9,1,0.058253393
6029,IL9R,5,0.111545995
6030,ILDR1,5,0.44441298
6031,ILDR2,5,0.78209406
6032,ILF2,4,4.3690205
6033,ILF3,7,3.9475548
6034,ILK,4,4.7400093
6035,ILKAP,9,3.7821803
6036,ILRUN,4,4.2851872
6037,ILVBL,1,0.0
6038,IMMP1L,8,2.1173296
6039,IMMP2L,3,1.6427456
6040,IMMT,9,3.8193989
6041,IMP3,7,3.6660779
6042,IMP4,7,3.6196756
6043,IMPA1,8,2.082667
6044,IMPA2,9,3.5153778
6045,IMPACT,2,2.4516628
6046,IMPDH1,9,3.406001
6047,IMPDH2,4,4.590865
6048,IMPG1,5,0.42462102
6049,IMPG2,5,0.17338558
6050,INA,1,1.2663529
6051,INAFM1,7,3.6575568
6052,INAFM2,1,0.0
6053,INAVA,5,0.6713103
6054,INCA1,6,1.2963778
6055,INCENP,2,1.5645616
6056,INF2,8,3.2804806
6057,ING1,6,1.8867344
6058,ING2,2,2.0200982
6059,ING3,3,1.8798705
6060,ING4,7,3.5543675
6061,ING5,10,2.5328903
6062,INHA,3,1.7889555
6063,INHBA,6,0.8092029
6064,INHBB,2,2.053516
6065,INHBC,5,0.50567883
6066,INHBE,5,0.7939291
6067,INIP,2,2.0169556
6068,INKA1,3,1.7726345
6069,INKA2,10,2.0865793
6070,INMT,2,2.6400523
6071,INO80,8,2.5805843
6072,INO80B,7,3.8682113
6073,INO80C,9,2.1643963
6074,INO80D,3,1.8048471
6075,INO80E,4,4.5464034
6076,INPP1,10,2.9791315
6077,INPP4A,3,2.1251435
6078,INPP4B,6,1.2847807
6079,INPP5A,7,3.5043423
6080,INPP5B,3,2.337857
6081,INPP5D,3,2.3414922
6082,INPP5E,8,3.1649206
6083,INPP5F,10,2.2968094
6084,INPP5J,2,1.8783059
6085,INPP5K,9,3.482376
6086,INPPL1,10,3.74764
6087,INSC,5,0.37287205
6088,INSIG1,8,2.9771626
6089,INSIG2,8,2.3127577
6090,INSL3,5,1.1975226
6091,INSL5,1,0.13647942
6092,INSM1,1,0.66191757
6093,INSM2,5,0.29053366
6094,INSR,10,3.1312034
6095,INSRR,1,0.43045512
6096,INSYN1,2,1.4671826
6097,INSYN2A,5,0.37939596
6098,INSYN2B,5,0.16627704
6099,INTS1,7,3.776806
6100,INTS10,8,3.3584511
6101,INTS11,7,4.431089
6102,INTS12,8,1.7504826
6103,INTS13,8,2.1000164
6104,INTS14,8,2.859997
6105,INTS2,3,1.5078739
6106,INTS3,9,3.9518793
6107,INTS4,2,1.8526644
6108,INTS5,9,2.5680332
6109,INTS6,6,1.4333974
6110,INTS6L,2,2.425432
6111,INTS7,2,1.9223944
6112,INTS8,9,2.7945952
6113,INTS9,9,2.4739497
6114,INTU,6,1.3630114
6115,INVS,2,1.2391264
6116,IP6K1,9,3.2415862
6117,IP6K2,7,3.4650822
6118,IP6K3,1,1.3356166
6119,IPCEF1,2,1.0911628
6120,IPMK,3,1.4311312
6121,IPO11,3,1.9978745
6122,IPO13,7,3.3328476
6123,IPO4,9,3.0011082
6124,IPO5,4,3.8875048
6125,IPO7,10,3.423418
6126,IPO8,9,2.870209
6127,IPO9,10,2.577117
6128,IPP,10,1.7489718
6129,IPPK,2,2.3906105
6130,IQANK1,5,0.7694732
6131,IQCA1L,5,0.0
6132,IQCB1,3,1.965158
6133,IQCC,3,1.8098465
6134,IQCD,6,0.0
6135,IQCF1,6,0.6558545
6136,IQCF5,1,0.5206442
6137,IQCF6,5,0.3470589
6138,IQCG,1,0.0
6139,IQCH,5,0.54182667
6140,IQCJ,5,0.121425964
6141,IQCK,8,2.8890524
6142,IQCM,1,0.0
6143,IQGAP1,10,3.3333108
6144,IQGAP2,8,1.9171891
6145,IQGAP3,6,0.7104663
6146,IQSEC1,10,3.258126
6147,IQSEC2,10,2.2437272
6148,IQSEC3,1,1.5411395
6149,IQUB,1,0.6152432
6150,IRAG1,3,2.4327636
6151,IRAG2,5,1.4010756
6152,IRAK1,7,3.847877
6153,IRAK1BP1,6,1.0915848
6154,IRAK2,3,1.907934
6155,IRAK3,2,1.8301605
6156,IRAK4,3,2.1798747
6157,IREB2,10,2.4011152
6158,IRF1,9,2.8977435
6159,IRF2,8,2.2479134
6160,IRF2BP1,10,3.1267142
6161,IRF2BP2,10,3.5472145
6162,IRF2BPL,7,3.3165302
6163,IRF3,7,3.8192585
6164,IRF4,5,0.9635268
6165,IRF5,3,1.6890438
6166,IRF6,3,1.7183707
6167,IRF7,9,2.9805038
6168,IRF8,6,1.6055298
6169,IRF9,7,3.2277992
6170,IRGQ,2,2.2746449
6171,IRS1,3,1.6875436
6172,IRS2,7,2.7589436
6173,IRS4,5,0.009139292
6174,IRX1,1,0.7002059
6175,IRX2,1,0.8557987
6176,IRX3,2,1.478737
6177,IRX4,1,0.25704452
6178,IRX5,6,0.76686853
6179,IRX6,6,0.8048252
6180,ISCA2,2,2.4334385
6181,ISCU,4,4.7067595
6182,ISG15,8,1.8785299
6183,ISG20L2,8,2.6613522
6184,ISL1,5,0.26759905
6185,ISL2,5,0.30922556
6186,ISLR,8,2.8434625
6187,ISLR2,5,0.9633218
6188,ISM1,6,1.2762972
6189,ISM2,1,0.24673156
6190,ISOC1,8,2.7320337
6191,IST1,10,3.5686376
6192,ISY1,8,2.7031484
6193,ISYNA1,7,3.6921477
6194,ITCH,9,3.0961685
6195,ITFG1,7,3.3519804
6196,ITFG2,7,2.8652961
6197,ITGA1,10,2.4990113
6198,ITGA10,3,2.0327063
6199,ITGA11,5,1.0327138
6200,ITGA2,3,1.0325345
6201,ITGA2B,6,1.4783084
6202,ITGA3,7,2.9696858
6203,ITGA4,5,0.9874444
6204,ITGA5,7,3.3798947
6205,ITGA6,10,2.845568
6206,ITGA7,4,3.7493439
6207,ITGA8,3,1.5391121
6208,ITGA9,3,1.8647621
6209,ITGAD,5,0.5686614
6210,ITGAE,6,2.0839095
6211,ITGAL,3,1.697362
6212,ITGAM,3,1.8755356
6213,ITGAV,10,3.0679383
6214,ITGAX,8,2.1587722
6215,ITGB1,8,2.8567054
6216,ITGB1BP1,8,2.7390566
6217,ITGB1BP2,3,1.4367392
6218,ITGB2,9,2.243831
6219,ITGB3,6,1.3613843
6220,ITGB3BP,3,2.2790937
6221,ITGB4,2,2.234468
6222,ITGB5,10,3.5212789
6223,ITGB6,2,0.98713964
6224,ITGB7,2,1.5397613
6225,ITGB8,1,1.2067649
6226,ITGBL1,2,1.5474726
6227,ITIH1,5,1.0255561
6228,ITIH2,1,0.79280436
6229,ITIH3,3,1.8991451
6230,ITIH4,8,3.2879791
6231,ITIH5,3,2.0223677
6232,ITK,6,1.0274948
6233,ITM2A,7,3.1223803
6234,ITM2B,7,4.26192
6235,ITM2C,10,4.249376
6236,ITPA,10,3.464976
6237,ITPK1,10,3.3994892
6238,ITPKA,1,1.4357369
6239,ITPKB,3,2.6302001
6240,ITPKC,9,3.0477285
6241,ITPR1,8,2.2542903
6242,ITPR2,6,1.736674
6243,ITPR3,8,2.8242028
6244,ITPRID1,5,0.16542108
6245,ITPRID2,4,4.1007547
6246,ITPRIP,2,2.1576474
6247,ITPRIPL1,6,0.95636135
6248,ITPRIPL2,2,2.0154889
6249,ITSN1,10,2.0149996
6250,ITSN2,7,2.9314363
6251,IVD,7,3.5921812
6252,IVNS1ABP,7,3.2484496
6253,IWS1,10,3.481542
6254,IYD,5,0.273414
6255,IZUMO1R,5,0.032447238
6256,IZUMO2,5,0.54340965
6257,IZUMO3,5,0.30527985
6258,IZUMO4,3,2.792227
6259,JADE1,8,2.366554
6260,JADE2,2,2.0567598
6261,JADE3,8,1.7563969
6262,JAG1,9,2.7543077
6263,JAG2,9,2.5856926
6264,JAGN1,7,3.3553748
6265,JAK1,7,3.9182258
6266,JAK2,2,1.9726474
6267,JAK3,2,2.086226
6268,JAKMIP1,5,1.0894629
6269,JAKMIP2,6,0.8253187
6270,JAKMIP3,5,0.8817529
6271,JAM2,8,2.2722814
6272,JAM3,8,3.0143237
6273,JARID2,3,2.4232113
6274,JAZF1,9,2.6978245
6275,JCAD,3,2.1785378
6276,JCHAIN,6,2.1629941
6277,JDP2,3,2.0813475
6278,JHY,5,0.7925614
6279,JMJD1C,10,2.8563557
6280,JMJD4,8,2.6033468
6281,JMJD6,8,2.7846625
6282,JMJD7,9,3.1586792
6283,JMJD8,4,4.7580056
6284,JMY,10,2.03928
6285,JOSD1,7,3.4191456
6286,JOSD2,9,3.058907
6287,JPH1,3,1.7073106
6288,JPH2,5,1.1474289
6289,JPH3,1,1.3439989
6290,JPH4,1,1.5761762
6291,JPT1,9,3.287432
6292,JRK,8,1.9267173
6293,JRKL,2,1.9336562
6294,JSRP1,4,4.667028
6295,JTB,4,4.915687
6296,JUN,4,4.747233
6297,JUNB,4,4.9261165
6298,JUND,4,5.1710463
6299,JUP,8,3.1272342
6300,KALRN,8,1.7330656
6301,KANK1,9,2.764138
6302,KANK2,7,3.528842
6303,KANK3,10,2.5639756
6304,KANK4,6,0.5056334
6305,KANSL1,10,3.109313
6306,KANSL1L,8,2.291321
6307,KANSL2,8,2.942197
6308,KANSL3,7,3.4741476
6309,KANTR,1,0.0
6310,KASH5,1,1.0287391
6311,KAT14,8,2.4477255
6312,KAT2A,4,4.496173
6313,KAT2B,9,3.029354
6314,KAT5,7,3.847924
6315,KAT6A,2,2.386152
6316,KAT6B,2,1.8141334
6317,KAT7,9,2.4067466
6318,KAT8,4,4.0246778
6319,KATNA1,2,2.5020783
6320,KATNAL1,2,1.5461506
6321,KATNAL2,6,1.0786989
6322,KATNB1,8,2.5497313
6323,KATNBL1,3,2.4946263
6324,KATNIP,2,2.210629
6325,KAZALD1,5,1.0308014
6326,KAZN,9,2.3084364
6327,KBTBD11,8,2.0062413
6328,KBTBD12,6,0.9061809
6329,KBTBD13,5,0.15845694
6330,KBTBD2,9,2.7686021
6331,KBTBD3,3,1.0809101
6332,KBTBD4,8,2.7579343
6333,KBTBD6,6,1.7875146
6334,KBTBD7,3,1.5776567
6335,KBTBD8,2,1.0070977
6336,KCMF1,9,2.8716302
6337,KCNA1,1,0.63018924
6338,KCNA10,5,0.09679873
6339,KCNA2,2,0.98835486
6340,KCNA3,5,0.64553505
6341,KCNA4,1,0.2560994
6342,KCNA5,6,1.0054201
6343,KCNA6,2,1.3064166
6344,KCNA7,5,0.3855537
6345,KCNAB1,3,1.6614392
6346,KCNAB2,3,2.5711439
6347,KCNAB3,2,1.6723117
6348,KCNB1,2,1.2815509
6349,KCNC1,5,0.9025906
6350,KCNC2,1,0.43715394
6351,KCNC3,6,1.6674336
6352,KCNC4,2,1.3291202
6353,KCND1,5,1.199267
6354,KCND2,1,0.81321615
6355,KCND3,8,1.9561936
6356,KCNE1,6,0.95221573
6357,KCNE2,1,0.3403783
6358,KCNE3,2,1.263102
6359,KCNE4,3,1.7150745
6360,KCNF1,1,0.7718351
6361,KCNG1,5,0.5179367
6362,KCNG2,5,0.5031637
6363,KCNG3,5,0.18182915
6364,KCNG4,1,0.043506313
6365,KCNH1,1,0.5375944
6366,KCNH2,6,1.9435215
6367,KCNH3,6,1.5049621
6368,KCNH4,5,0.40162134
6369,KCNH5,5,0.15661293
6370,KCNH6,5,0.343968
6371,KCNH7,5,0.38472447
6372,KCNH8,6,0.84336823
6373,KCNIP1,5,0.9301159
6374,KCNIP2,8,2.7673776
6375,KCNIP3,3,1.8765562
6376,KCNIP4,1,1.015788
6377,KCNJ1,1,0.06804594
6378,KCNJ10,5,1.0527204
6379,KCNJ11,3,1.6511198
6380,KCNJ13,5,0.18039232
6381,KCNJ14,6,0.98122716
6382,KCNJ15,5,0.7566782
6383,KCNJ16,1,0.71825796
6384,KCNJ2,2,1.032762
6385,KCNJ3,1,1.1248713
6386,KCNJ4,1,0.98714024
6387,KCNJ5,6,0.8775224
6388,KCNJ6,5,0.4134522
6389,KCNJ8,10,2.4404798
6390,KCNJ9,6,1.0396553
6391,KCNK1,8,2.2321882
6392,KCNK10,1,0.48039266
6393,KCNK12,6,0.54321015
6394,KCNK13,6,0.72300804
6395,KCNK15,2,1.4803293
6396,KCNK18,5,0.015171912
6397,KCNK2,5,0.42563477
6398,KCNK3,2,1.8183004
6399,KCNK4,5,0.49938035
6400,KCNK5,6,1.2176214
6401,KCNK6,2,1.7123401
6402,KCNK7,3,0.9193543
6403,KCNK9,5,0.68636703
6404,KCNMA1,2,1.4443822
6405,KCNMB1,3,0.9628371
6406,KCNMB2,1,0.5530105
6407,KCNMB3,6,1.5809458
6408,KCNMB4,6,1.7316947
6409,KCNN1,5,0.8193079
6410,KCNN2,6,1.1720856
6411,KCNN3,5,0.8623264
6412,KCNN4,5,1.4183042
6413,KCNQ1,3,1.6140877
6414,KCNQ2,3,1.2603782
6415,KCNQ3,1,0.85426474
6416,KCNQ4,6,1.3802435
6417,KCNQ5,5,0.78356594
6418,KCNRG,6,1.3607812
6419,KCNS1,1,0.51488817
6420,KCNS2,1,0.3769717
6421,KCNS3,2,1.1481918
6422,KCNT1,3,1.7922616
6423,KCNT2,6,0.92029226
6424,KCNV1,1,0.25269103
6425,KCNV2,1,0.4423229
6426,KCP,3,1.8848397
6427,KCTD1,3,1.6505738
6428,KCTD10,9,3.1169229
6429,KCTD11,8,2.1737497
6430,KCTD12,6,3.160183
6431,KCTD13,8,2.288181
6432,KCTD15,8,2.4050465
6433,KCTD16,1,0.39882898
6434,KCTD17,2,2.86122
6435,KCTD18,6,1.8263935
6436,KCTD19,1,0.770677
6437,KCTD2,7,3.6647167
6438,KCTD20,8,2.897372
6439,KCTD21,3,1.8566662
6440,KCTD3,7,2.9352212
6441,KCTD4,5,0.3086754
6442,KCTD5,10,2.9539177
6443,KCTD6,3,2.013904
6444,KCTD7,8,3.2413354
6445,KCTD8,6,0.7564468
6446,KCTD9,10,2.7623782
6447,KDELR1,4,4.1849475
6448,KDELR2,7,4.340598
6449,KDELR3,8,1.8677294
6450,KDF1,6,0.97084266
6451,KDM1A,10,3.2262979
6452,KDM1B,2,2.057438
6453,KDM2A,7,3.6716604
6454,KDM2B,3,2.0099452
6455,KDM3A,9,3.471414
6456,KDM3B,7,3.2613416
6457,KDM4A,9,2.575939
6458,KDM4B,9,2.9578059
6459,KDM4C,8,2.8067367
6460,KDM4D,5,0.85601956
6461,KDM5A,8,2.2577915
6462,KDM5B,10,2.1285894
6463,KDM5D,8,2.260498
6464,KDM6A,2,2.4061728
6465,KDM6B,10,3.0466318
6466,KDM7A,3,2.3204226
6467,KDM8,1,1.1282202
6468,KDR,3,2.1802309
6469,KDSR,9,2.7468767
6470,KEAP1,9,3.2435637
6471,KEL,6,1.1772926
6472,KERA,1,0.0347908
6473,KHDC4,7,3.5388956
6474,KHDRBS1,4,4.056224
6475,KHDRBS2,5,0.5512955
6476,KHDRBS3,9,2.8137074
6477,KHK,3,2.333979
6478,KHNYN,7,3.6343603
6479,KHSRP,7,4.085131
6480,KIAA0040,8,2.1992366
6481,KIAA0232,7,2.8433352
6482,KIAA0319,6,0.8885221
6483,KIAA0319L,7,3.2812645
6484,KIAA0408,3,1.5564543
6485,KIAA0513,2,2.526996
6486,KIAA0586,3,1.551333
6487,KIAA0753,2,2.1912577
6488,KIAA0825,5,0.43771234
6489,KIAA0930,9,3.111736
6490,KIAA1143,2,2.1937404
6491,KIAA1191,7,3.5306923
6492,KIAA1217,2,2.3765152
6493,KIAA1328,3,1.1645477
6494,KIAA1549,6,0.87977105
6495,KIAA1549L,5,0.8183628
6496,KIAA1614,6,1.2443291
6497,KIAA1671,3,2.0533316
6498,KIAA1755,5,1.1783459
6499,KIAA1958,2,0.92588407
6500,KIAA2012,5,0.517378
6501,KIAA2013,7,3.6014767
6502,KICS2,6,1.2701005
6503,KIDINS220,10,2.4496152
6504,KIF11,5,0.8551393
6505,KIF12,1,1.5628126
6506,KIF13A,10,2.5922234
6507,KIF13B,8,2.343222
6508,KIF14,1,0.33755013
6509,KIF15,1,0.71222323
6510,KIF17,3,1.7182302
6511,KIF18A,1,0.55730724
6512,KIF18B,6,0.61594874
6513,KIF19,6,1.1257217
6514,KIF1A,6,2.0231018
6515,KIF1B,8,2.8872516
6516,KIF1C,4,4.025074
6517,KIF20A,5,0.72020245
6518,KIF20B,6,0.97185934
6519,KIF21A,2,2.3796463
6520,KIF21B,3,1.7372899
6521,KIF22,10,3.0573037
6522,KIF23,5,0.925773
6523,KIF24,1,1.0287957
6524,KIF26A,6,1.4950275
6525,KIF26B,1,0.6084644
6526,KIF27,1,0.99299073
6527,KIF2A,6,1.6903368
6528,KIF2B,1,0.51594937
6529,KIF2C,6,1.1989218
6530,KIF3A,2,1.8915526
6531,KIF3B,9,2.8734684
6532,KIF3C,3,1.8467505
6533,KIF4A,5,0.5249308
6534,KIF4B,1,0.22306786
6535,KIF5A,6,1.7464806
6536,KIF5B,7,3.8339179
6537,KIF5C,6,2.0554464
6538,KIF6,1,0.3531333
6539,KIF7,2,1.3560727
6540,KIF9,6,1.5509918
6541,KIFAP3,8,2.8795116
6542,KIFBP,10,2.576916
6543,KIFC2,7,3.6463327
6544,KIFC3,9,2.727905
6545,KIN,3,1.6745086
6546,KIRREL2,5,0.5745922
6547,KIRREL3,6,1.0182426
6548,KISS1R,6,0.23530895
6549,KIT,6,1.6167014
6550,KITLG,2,1.4075567
6551,KIZ,7,3.3496847
6552,KL,5,0.79731804
6553,KLB,1,0.8685522
6554,KLC1,9,2.9324162
6555,KLC2,8,3.2367756
6556,KLC3,6,1.2530459
6557,KLC4,7,3.3914804
6558,KLF1,5,0.30831543
6559,KLF10,10,3.2849538
6560,KLF11,3,2.8546352
6561,KLF12,2,1.4962833
6562,KLF13,10,3.6235762
6563,KLF14,5,0.3427094
6564,KLF15,3,2.5163467
6565,KLF16,9,2.5836496
6566,KLF2,10,3.3763697
6567,KLF3,8,2.3085845
6568,KLF4,7,3.4034584
6569,KLF5,9,1.872806
6570,KLF6,9,3.8444622
6571,KLF7,10,2.236788
6572,KLF8,6,1.3777567
6573,KLF9,10,3.8990984
6574,KLHDC1,2,1.7558845
6575,KLHDC10,2,2.9500916
6576,KLHDC2,7,3.5315406
6577,KLHDC3,10,3.9004927
6578,KLHDC4,8,2.610617
6579,KLHDC7A,5,0.4241639
6580,KLHDC7B,1,0.31184468
6581,KLHDC8A,3,0.8330588
6582,KLHDC8B,9,3.184051
6583,KLHDC9,8,2.2753727
6584,KLHL1,1,0.23099448
6585,KLHL10,5,0.6674195
6586,KLHL11,1,0.6168681
6587,KLHL12,9,3.0410223
6588,KLHL13,6,0.98307604
6589,KLHL14,5,0.444923
6590,KLHL15,3,1.6453303
6591,KLHL18,8,2.3509493
6592,KLHL2,8,2.6972854
6593,KLHL20,8,2.3453376
6594,KLHL21,8,3.3367434
6595,KLHL22,2,2.3340933
6596,KLHL23,2,1.4473509
6597,KLHL24,10,2.3655484
6598,KLHL25,3,1.7958648
6599,KLHL26,8,2.2021341
6600,KLHL28,6,1.4536036
6601,KLHL29,8,1.9964662
6602,KLHL3,2,2.0760202
6603,KLHL30,3,1.2584633
6604,KLHL31,1,0.97205937
6605,KLHL32,6,0.7745634
6606,KLHL33,6,0.6817679
6607,KLHL34,1,0.5241464
6608,KLHL35,6,1.2042245
6609,KLHL36,8,2.5121238
6610,KLHL38,1,0.6955251
6611,KLHL4,1,0.6332611
6612,KLHL40,5,0.7162736
6613,KLHL41,8,2.2876513
6614,KLHL42,9,2.396879
6615,KLHL5,2,1.7697644
6616,KLHL6,6,1.1213597
6617,KLHL7,3,2.1868443
6618,KLHL8,2,1.6847547
6619,KLHL9,9,2.3329806
6620,KLK10,5,0.6906312
6621,KLK11,6,1.0653263
6622,KLK12,6,0.30420858
6623,KLK13,1,0.49871784
6624,KLK14,1,0.5938007
6625,KLK15,1,0.17446604
6626,KLK4,1,0.2786547
6627,KLK5,5,0.62882674
6628,KLK6,6,0.9751291
6629,KLK7,1,0.67534584
6630,KLK8,5,0.2909634
6631,KLK9,1,0.28424737
6632,KLKB1,3,1.3688024
6633,KLRD1,1,0.5794663
6634,KLRG1,3,1.1021072
6635,KLRG2,6,0.1274015
6636,KLRK1,3,1.8153
6637,KMO,2,1.619693
6638,KMT2A,10,2.400972
6639,KMT2B,9,3.304092
6640,KMT2C,9,2.3704195
6641,KMT2D,8,2.7058766
6642,KMT2E,8,3.0319862
6643,KMT5A,9,3.1009462
6644,KMT5B,7,2.668717
6645,KMT5C,2,2.1437206
6646,KNCN,1,0.24520122
6647,KNDC1,5,1.0321823
6648,KNL1,5,0.57646155
6649,KNOP1,2,1.581299
6650,KNSTRN,8,2.3451362
6651,KNTC1,2,1.605542
6652,KPNA1,9,3.126223
6653,KPNA3,3,2.8030024
6654,KPNA4,3,2.8575015
6655,KPNA6,10,3.2350957
6656,KPNA7,1,0.0825747
6657,KPNB1,10,3.9029796
6658,KPRP,6,0.17586239
6659,KPTN,3,2.5005941
6660,KRAS,2,2.3104546
6661,KRBA1,5,0.0
6662,KRCC1,2,2.4293754
6663,KREMEN1,2,2.2858872
6664,KREMEN2,1,0.5554053
6665,KRI1,9,3.497677
6666,KRIT1,8,2.4249365
6667,KRR1,2,2.2514226
6668,KRT1,6,1.773708
6669,KRT10,9,3.4111452
6670,KRT12,5,0.08634742
6671,KRT14,3,1.612565
6672,KRT15,3,0.97852975
6673,KRT16,5,0.7256379
6674,KRT17,6,1.3602284
6675,KRT18,9,3.1589403
6676,KRT19,2,2.290789
6677,KRT2,3,1.0263226
6678,KRT20,1,0.084447235
6679,KRT222,9,3.5537634
6680,KRT23,6,0.87395436
6681,KRT24,5,0.14778727
6682,KRT25,1,0.20516056
6683,KRT26,1,0.086551055
6684,KRT27,5,0.18475236
6685,KRT28,1,0.062024992
6686,KRT32,5,0.06794552
6687,KRT34,5,0.23102342
6688,KRT35,5,0.07594124
6689,KRT36,1,0.12733315
6690,KRT39,5,0.066771515
6691,KRT4,3,1.7669176
6692,KRT40,5,0.07664113
6693,KRT7,2,1.9902549
6694,KRT71,5,0.10802795
6695,KRT72,5,0.73283744
6696,KRT73,5,0.22367677
6697,KRT75,5,0.10478717
6698,KRT76,5,0.042425625
6699,KRT77,1,0.25659302
6700,KRT79,5,0.25521186
6701,KRT8,3,2.5511587
6702,KRT80,5,0.7021097
6703,KRT82,5,0.05183508
6704,KRT84,6,0.050315958
6705,KRT9,1,0.06850631
6706,KRTAP11-1,5,0.10575014
6707,KRTAP16-1,5,0.05512429
6708,KRTAP24-1,5,0.014651751
6709,KRTAP26-1,5,0.038209524
6710,KRTAP27-1,1,0.011464586
6711,KRTAP3-1,5,0.10928192
6712,KRTAP7-1,5,0.04925238
6713,KRTAP8-1,5,0.07293124
6714,KRTCAP2,4,4.8209066
6715,KRTCAP3,3,1.6838629
6716,KRTDAP,6,1.3672936
6717,KSR1,9,2.8413413
6718,KSR2,5,0.6256513
6719,KTI12,2,2.1606517
6720,KTN1,10,4.0236278
6721,KXD1,7,3.4065063
6722,KY,5,0.3536294
6723,KYAT1,2,1.3037018
6724,KYAT3,9,2.950772
6725,KYNU,5,0.6366976
6726,L1CAM,3,2.1420026
6727,L2HGDH,2,1.3835843
6728,L3HYPDH,9,2.924173
6729,L3MBTL1,3,2.1353445
6730,L3MBTL2,7,3.214211
6731,L3MBTL3,6,1.373313
6732,L3MBTL4,6,0.9762617
6733,LACC1,3,1.2683072
6734,LACTB,8,2.487931
6735,LACTB2,2,2.266944
6736,LACTBL1,5,0.07577802
6737,LAD1,3,1.6537577
6738,LAG3,1,1.3054463
6739,LALBA,1,0.14481375
6740,LAMA1,3,0.77226806
6741,LAMA2,10,2.5942128
6742,LAMA3,3,1.4284239
6743,LAMA4,3,2.018397
6744,LAMA5,7,3.78972
6745,LAMB1,10,3.717482
6746,LAMB2,4,4.1888404
6747,LAMB3,3,1.4687569
6748,LAMC1,9,3.3630538
6749,LAMC2,5,1.2039691
6750,LAMC3,8,1.7332734
6751,LAMP1,4,4.872135
6752,LAMP2,8,2.8444521
6753,LAMP5,5,1.0253097
6754,LAMTOR1,4,4.029962
6755,LAMTOR2,7,4.0785623
6756,LAMTOR3,8,2.6059155
6757,LAMTOR4,4,4.407809
6758,LAMTOR5,7,4.159935
6759,LANCL1,8,2.669309
6760,LANCL2,2,2.250481
6761,LANCL3,5,0.24274738
6762,LAP3,7,4.0851564
6763,LAPTM4A,4,5.448129
6764,LAPTM4B,9,3.525519
6765,LAPTM5,10,3.5368571
6766,LARGE1,3,1.9639261
6767,LARGE2,6,0.921288
6768,LARP1,7,3.901314
6769,LARP4,9,2.627523
6770,LARP6,3,2.3501973
6771,LARS2,3,1.5395272
6772,LAS1L,10,3.533321
6773,LASP1,7,3.8599415
6774,LAT,3,2.6388905
6775,LAT2,2,1.5735238
6776,LATS1,9,2.162733
6777,LATS2,2,2.379461
6778,LAX1,5,0.36883926
6779,LAYN,3,1.5258754
6780,LBH,7,3.103714
6781,LBP,6,1.3510273
6782,LBR,6,2.260036
6783,LBX1,5,0.43480882
6784,LBX2,6,0.9758667
6785,LCA5,3,1.0872746
6786,LCA5L,1,1.0218526
6787,LCAT,7,3.849197
6788,LCE7A,1,0.0
6789,LCK,5,1.1017432
6790,LCLAT1,5,1.2420459
6791,LCMT1,7,3.6539426
6792,LCMT2,2,1.1978419
6793,LCN10,2,2.0925226
6794,LCN12,10,2.6809027
6795,LCN2,3,1.7050205
6796,LCN6,9,2.7656782
6797,LCN8,1,0.9286663
6798,LCOR,3,1.3101807
6799,LCORL,2,0.9407435
6800,LCP1,3,3.008763
6801,LCP2,3,2.0437417
6802,LCT,1,0.05006129
6803,LCTL,1,0.71692455
6804,LDAH,2,1.5512013
6805,LDB1,7,3.5167296
6806,LDB2,9,2.9833353
6807,LDB3,3,2.1305413
6808,LDHA,4,5.107265
6809,LDHAL6B,1,0.5601379
6810,LDHB,4,4.5176654
6811,LDHC,1,0.744537
6812,LDHD,9,2.9487422
6813,LDLR,9,2.6426299
6814,LDLRAD1,5,0.23350565
6815,LDLRAD2,10,3.448069
6816,LDLRAD3,8,1.9336518
6817,LDLRAD4,3,1.4250803
6818,LDLRAP1,8,3.2624896
6819,LDOC1,10,2.2560384
6820,LEAP2,9,2.5846336
6821,LECT2,5,0.64028585
6822,LEF1,6,1.2324232
6823,LEKR1,5,0.44417247
6824,LEMD1,5,0.94682485
6825,LEMD2,7,3.7002723
6826,LEMD3,8,2.488931
6827,LENEP,1,0.11939863
6828,LENG1,9,3.100147
6829,LENG8,4,5.3223557
6830,LENG9,9,3.2304912
6831,LEO1,2,2.7088814
6832,LEP,1,0.77982396
6833,LEPR,3,1.3839777
6834,LEPROT,7,3.3487592
6835,LEPROTL1,10,2.9085171
6836,LETM1,9,3.027714
6837,LETM2,6,1.2215263
6838,LETMD1,10,3.865056
6839,LFNG,8,2.2827368
6840,LGALS1,4,6.117509
6841,LGALS12,5,0.62995595
6842,LGALS2,5,1.1864417
6843,LGALS3,10,2.6265607
6844,LGALS3BP,4,4.0397716
6845,LGALS4,3,1.8365313
6846,LGALS8,9,3.14211
6847,LGI1,6,0.8706825
6848,LGI2,6,0.9791575
6849,LGI3,1,1.3875558
6850,LGI4,8,2.9736998
6851,LGMN,7,3.798344
6852,LGR4,10,2.6689272
6853,LGR5,6,0.7193246
6854,LGR6,3,1.3301709
6855,LGSN,5,0.14942753
6856,LHCGR,1,0.24082191
6857,LHFPL1,1,0.039138075
6858,LHFPL2,2,1.7918065
6859,LHFPL3,6,0.34705174
6860,LHFPL4,5,0.83514297
6861,LHFPL5,6,1.3757617
6862,LHPP,10,2.9881785
6863,LHX1,1,0.47804913
6864,LHX2,1,0.8517397
6865,LHX3,5,0.061632704
6866,LHX4,6,1.1739649
6867,LHX5,5,0.20097533
6868,LHX6,6,1.2540573
6869,LHX8,1,0.08144697
6870,LHX9,1,0.13261494
6871,LIAS,2,1.8536305
6872,LIF,5,0.9457478
6873,LIFR,8,2.7421296
6874,LIG1,8,2.555111
6875,LIG3,3,2.3505003
6876,LIG4,2,1.8295532
6877,LIM2,5,0.072091684
6878,LIMA1,7,3.1648984
6879,LIMCH1,8,2.7488804
6880,LIMD1,10,2.1170382
6881,LIMD2,3,2.4073627
6882,LIME1,10,3.2379649
6883,LIMK1,10,3.0470192
6884,LIMK2,7,2.948639
6885,LIMS2,9,3.393308
6886,LIN28A,5,0.2834921
6887,LIN28B,1,0.21765801
6888,LIN37,7,3.4935524
6889,LIN52,3,2.0930724
6890,LIN54,6,1.4644442
6891,LIN7A,3,1.6686137
6892,LIN7B,7,3.0617828
6893,LIN7C,3,2.3934038
6894,LIN9,6,1.1085384
6895,LINGO1,6,1.7665266
6896,LINGO2,5,0.13255157
6897,LINGO3,1,0.697373
6898,LINGO4,3,0.885176
6899,LINS1,3,1.7560444
6900,LIPA,2,2.642362
6901,LIPC,5,0.48121646
6902,LIPE,9,2.510446
6903,LIPF,6,1.2819234
6904,LIPG,6,0.9438139
6905,LIPH,6,0.7606045
6906,LIPI,1,0.13781844
6907,LIPK,1,0.01971526
6908,LIPM,5,0.17020491
6909,LIPN,1,0.16596788
6910,LIPT1,2,1.3988153
6911,LIPT2,2,0.8441576
6912,LITAF,10,3.0778503
6913,LIX1,1,0.48758924
6914,LIX1L,10,2.9208732
6915,LKAAEAR1,1,0.8478649
6916,LLGL1,9,2.8283274
6917,LLGL2,8,2.443466
6918,LLPH,2,1.5683004
6919,LMAN1,10,3.5933955
6920,LMAN1L,6,1.7931851
6921,LMAN2,7,3.779235
6922,LMAN2L,8,2.5554845
6923,LMBR1,3,2.223969
6924,LMBR1L,7,3.958524
6925,LMBRD1,10,2.9442382
6926,LMBRD2,2,1.7177774
6927,LMCD1,10,2.2584596
6928,LMF1,10,3.3129678
6929,LMF2,7,4.2121077
6930,LMLN,3,1.6994898
6931,LMNA,4,4.1029625
6932,LMNB1,8,1.8427676
6933,LMNB2,9,2.8710365
6934,LMNTD1,1,0.29782394
6935,LMO1,1,0.61166483
6936,LMO2,10,2.73334
6937,LMO3,6,1.6438825
6938,LMO4,10,2.8014722
6939,LMO7,10,2.4173822
6940,LMOD1,9,3.2398818
6941,LMOD2,6,1.3142617
6942,LMOD3,1,0.9772727
6943,LMTK2,10,2.443397
6944,LMTK3,6,1.2374151
6945,LMX1A,6,0.26806337
6946,LMX1B,5,0.30696106
6947,LNP1,6,1.3840168
6948,LNPEP,2,2.2975605
6949,LNPK,10,2.062743
6950,LNX1,10,2.0442371
6951,LNX2,2,1.9391931
6952,LONP1,7,3.8482175
6953,LONP2,7,3.3575702
6954,LONRF1,7,2.685822
6955,LONRF2,3,1.6750855
6956,LONRF3,2,1.2675414
6957,LOX,2,1.5897819
6958,LOXHD1,6,0.5918241
6959,LOXL1,2,2.0361578
6960,LOXL2,6,1.7967275
6961,LOXL3,3,2.039922
6962,LOXL4,3,1.5151726
6963,LPAR1,3,1.96513
6964,LPAR2,8,2.1185384
6965,LPAR3,6,0.89824873
6966,LPAR4,1,0.08203033
6967,LPAR5,5,0.97144574
6968,LPAR6,8,2.500889
6969,LPCAT1,7,3.2411258
6970,LPCAT2,3,1.5738183
6971,LPCAT3,7,3.84675
6972,LPCAT4,7,3.4718385
6973,LPGAT1,8,2.657637
6974,LPIN1,7,3.2142196
6975,LPIN2,8,2.7063117
6976,LPIN3,8,2.4612641
6977,LPL,10,2.9621403
6978,LPO,1,0.52204394
6979,LPP,8,2.2048357
6980,LPXN,2,2.5349789
6981,LRAT,6,0.49377537
6982,LRATD1,6,1.2660356
6983,LRATD2,8,1.886821
6984,LRBA,6,1.8161039
6985,LRCH1,9,2.069476
6986,LRCH2,6,1.171416
6987,LRCH3,8,2.3145583
6988,LRCH4,7,4.2141666
6989,LRFN1,2,1.1279145
6990,LRFN2,5,0.6762162
6991,LRFN3,2,1.9224273
6992,LRFN4,10,2.6346726
6993,LRFN5,6,0.52208877
6994,LRG1,2,1.9528948
6995,LRIF1,3,2.0675433
6996,LRIG1,7,3.4837444
6997,LRIG2,2,1.7083822
6998,LRIG3,3,1.9318063
6999,LRIT1,5,0.27536726
7000,LRIT2,5,0.1215339
7001,LRIT3,5,0.40493518
7002,LRMDA,6,1.1656623
7003,LRP1,7,3.9277806
7004,LRP10,10,3.591085
7005,LRP11,8,2.150222
7006,LRP12,2,1.7109354
7007,LRP1B,6,0.5841753
7008,LRP2,1,0.31486937
7009,LRP2BP,6,1.2357594
7010,LRP3,9,3.481773
7011,LRP4,8,1.781436
7012,LRP5,10,2.7580247
7013,LRP6,2,2.0717974
7014,LRP8,1,1.4952122
7015,LRPAP1,10,3.1198363
7016,LRPPRC,10,3.379959
7017,LRR1,10,2.152723
7018,LRRC1,2,1.8582819
7019,LRRC10,1,0.31442472
7020,LRRC10B,6,1.1427392
7021,LRRC14,9,2.7458284
7022,LRRC14B,6,0.5956318
7023,LRRC15,5,0.18698072
7024,LRRC17,3,1.2838458
7025,LRRC18,1,0.4620235
7026,LRRC19,5,0.115478516
7027,LRRC2,3,1.3920913
7028,LRRC20,8,2.6159005
7029,LRRC23,8,2.2890575
7030,LRRC24,8,3.0675175
7031,LRRC26,5,0.40957138
7032,LRRC27,3,1.3311087
7033,LRRC28,2,1.9375217
7034,LRRC3,3,0.9979792
7035,LRRC30,1,0.21623856
7036,LRRC31,1,0.13729078
7037,LRRC32,9,3.021373
7038,LRRC34,2,1.6632663
7039,LRRC36,5,0.9587136
7040,LRRC38,5,0.7871939
7041,LRRC39,6,1.7893507
7042,LRRC3B,1,0.8337021
7043,LRRC3C,5,0.5501164
7044,LRRC4,6,1.6491399
7045,LRRC40,2,1.9427471
7046,LRRC41,4,3.751642
7047,LRRC42,8,2.409943
7048,LRRC43,5,0.87247634
7049,LRRC45,8,2.605047
7050,LRRC46,3,1.4008042
7051,LRRC47,9,3.498237
7052,LRRC49,3,1.318868
7053,LRRC4B,2,1.7260267
7054,LRRC4C,6,0.5333419
7055,LRRC51,5,0.0
7056,LRRC52,5,0.41124815
7057,LRRC55,5,0.31513545
7058,LRRC56,6,1.24108
7059,LRRC57,2,1.7907801
7060,LRRC58,8,2.133952
7061,LRRC59,10,3.5714922
7062,LRRC61,2,2.1889577
7063,LRRC69,5,0.8441504
7064,LRRC7,5,0.3113756
7065,LRRC71,6,0.89738405
7066,LRRC73,2,1.3778574
7067,LRRC74A,5,0.46234304
7068,LRRC74B,1,0.5800074
7069,LRRC75A,7,3.9442468
7070,LRRC75B,9,3.0916123
7071,LRRC8A,8,3.0434487
7072,LRRC8B,3,1.6392902
7073,LRRC8C,3,1.6695341
7074,LRRC8D,2,1.821182
7075,LRRC8E,6,0.53816545
7076,LRRC9,5,0.22806542
7077,LRRCC1,6,1.5708398
7078,LRRD1,9,2.950352
7079,LRRFIP2,8,3.3477805
7080,LRRIQ1,1,0.4380348
7081,LRRIQ3,6,0.49435353
7082,LRRIQ4,1,0.17980807
7083,LRRK1,6,1.4795041
7084,LRRK2,3,1.8349342
7085,LRRN1,6,0.88819975
7086,LRRN2,6,1.4430063
7087,LRRN3,5,1.5931132
7088,LRRN4,1,0.25615928
7089,LRRN4CL,3,1.3050199
7090,LRRTM1,1,0.5404511
7091,LRRTM2,6,0.70600986
7092,LRRTM3,6,0.519571
7093,LRRTM4,6,0.36427236
7094,LRSAM1,8,2.4040027
7095,LRTM1,5,0.28281733
7096,LRTM2,1,0.44726947
7097,LRWD1,8,3.1995769
7098,LSAMP,3,1.4555823
7099,LSG1,10,3.1839757
7100,LSM1,9,3.6213095
7101,LSM10,10,3.2654555
7102,LSM11,6,1.4722025
7103,LSM12,2,2.3830624
7104,LSM14A,7,3.9326193
7105,LSM14B,9,3.2117128
7106,LSM2,7,3.7425165
7107,LSM3,9,2.9224277
7108,LSM4,4,4.089482
7109,LSM5,8,2.537699
7110,LSM6,2,1.8337756
7111,LSM7,4,4.1996055
7112,LSM8,3,1.205615
7113,LSMEM1,3,1.2397324
7114,LSMEM2,10,2.742521
7115,LSP1,3,2.207821
7116,LSR,8,2.909352
7117,LSS,7,3.7332773
7118,LTA,6,0.7613066
7119,LTA4H,7,4.026756
7120,LTB,6,1.785328
7121,LTB4R2,2,2.1550844
7122,LTBP1,2,2.2173164
7123,LTBP2,9,2.4257402
7124,LTBP3,4,4.1350493
7125,LTBP4,7,3.9781964
7126,LTBR,7,3.5976446
7127,LTC4S,3,1.9448683
7128,LTF,6,1.7088428
7129,LTK,2,1.5588914
7130,LTN1,2,2.2557824
7131,LTO1,10,3.002416
7132,LTV1,7,3.2865212
7133,LUC7L,4,4.2112684
7134,LUC7L2,7,3.884675
7135,LUC7L3,7,4.3291287
7136,LUM,2,2.9015937
7137,LURAP1,2,1.5317582
7138,LURAP1L,8,2.0367618
7139,LUZP1,2,2.1994302
7140,LUZP2,6,0.40976614
7141,LVRN,5,0.65348136
7142,LXN,9,2.3324804
7143,LY6D,6,0.853271
7144,LY6E,4,3.4778512
7145,LY6G5B,4,4.621322
7146,LY6G5C,9,1.9050394
7147,LY6G6C,5,0.6364897
7148,LY6G6D,5,0.3457913
7149,LY6G6F,5,0.43168575
7150,LY6H,1,1.2002501
7151,LY75,6,0.9763498
7152,LY86,3,1.4282268
7153,LY9,1,0.6912597
7154,LY96,2,2.146006
7155,LYAR,9,2.6310067
7156,LYG1,1,0.68137664
7157,LYG2,1,0.27928743
7158,LYL1,3,2.1367342
7159,LYN,8,2.067605
7160,LYPD1,5,1.120081
7161,LYPD2,5,0.36492988
7162,LYPD3,1,1.0721598
7163,LYPD4,1,0.5733098
7164,LYPD5,5,1.2351463
7165,LYPD6,5,0.7297503
7166,LYPD6B,2,1.0017548
7167,LYPLA1,9,3.2591195
7168,LYPLA2,7,3.2001615
7169,LYPLAL1,3,2.054176
7170,LYRM1,2,1.7207677
7171,LYRM2,8,2.5170255
7172,LYRM4,10,2.6885297
7173,LYRM7,3,2.01444
7174,LYRM9,6,2.2342186
7175,LYSMD1,2,2.1063178
7176,LYSMD2,8,2.5315287
7177,LYSMD3,2,2.166687
7178,LYSMD4,10,2.6378732
7179,LYST,2,1.9354901
7180,LYVE1,8,2.5640738
7181,LYZL4,5,0.53287035
7182,LYZL6,5,0.4547558
7183,LZIC,2,1.7549678
7184,LZTFL1,2,2.155906
7185,LZTR1,9,3.675212
7186,LZTS1,6,1.59823
7187,LZTS2,9,3.1549425
7188,LZTS3,3,2.4981582
7189,M1AP,6,0.78718156
7190,M6PR,7,3.4014966
7191,MAB21L1,5,0.8189119
7192,MAB21L2,5,0.20025611
7193,MAB21L3,5,0.1384294
7194,MAB21L4,6,0.49222556
7195,MACC1,1,0.4357224
7196,MACF1,9,3.2458472
7197,MACIR,3,1.1789141
7198,MACO1,10,2.9983702
7199,MACROD1,10,3.2971256
7200,MACROD2,2,1.1208019
7201,MACROH2A1,7,4.1095834
7202,MACROH2A2,2,2.1141481
7203,MAD1L1,8,2.6502051
7204,MAD2L1,3,0.8814145
7205,MAD2L1BP,9,2.8589103
7206,MAD2L2,8,2.8405495
7207,MADD,7,3.5033226
7208,MAEA,7,3.9308379
7209,MAEL,5,1.074854
7210,MAF,9,2.8136404
7211,MAF1,4,4.1106486
7212,MAFA,5,0.69783103
7213,MAFB,2,2.8154216
7214,MAFF,10,2.581278
7215,MAFG,10,2.7058818
7216,MAFK,9,3.1333926
7217,MAG,6,0.7666675
7218,MAGEB18,5,0.10807912
7219,MAGED1,8,3.154717
7220,MAGED2,7,4.0493703
7221,MAGEE1,6,1.4387197
7222,MAGEE2,5,0.41700527
7223,MAGEH1,10,3.3747866
7224,MAGEL2,5,0.48921925
7225,MAGI1,3,2.5051537
7226,MAGI2,6,1.1663034
7227,MAGI3,3,1.7047821
7228,MAGIX,5,1.1933229
7229,MAGOH,7,3.5315187
7230,MAGOHB,2,1.8031043
7231,MAGT1,8,2.8282862
7232,MAIP1,8,2.6565337
7233,MAJIN,6,0.60953444
7234,MAK,5,0.7706275
7235,MAK16,2,2.1947734
7236,MAL,5,1.8203101
7237,MAL2,2,1.7285843
7238,MALL,2,1.272275
7239,MALRD1,1,0.23434512
7240,MALSU1,9,2.6357102
7241,MALT1,2,2.0683298
7242,MAMDC2,3,2.0285757
7243,MAMDC4,10,2.9256048
7244,MAML1,7,3.07689
7245,MAML2,3,1.7654625
7246,MAML3,2,1.5505958
7247,MAMLD1,8,2.047901
7248,MAMSTR,6,1.49152
7249,MAN1A1,8,2.8711524
7250,MAN1A2,2,2.4410007
7251,MAN1B1,7,3.8100064
7252,MAN1C1,3,2.2406871
7253,MAN2A1,2,2.5206096
7254,MAN2A2,7,4.0537834
7255,MAN2B1,10,2.978543
7256,MAN2B2,7,2.9015727
7257,MAN2C1,4,4.675552
7258,MANBA,9,2.4530003
7259,MANBAL,9,2.1092136
7260,MANEA,6,1.2826596
7261,MANEAL,8,1.5392118
7262,MANF,4,4.320321
7263,MANSC1,2,1.9691863
7264,MANSC4,5,0.29302523
7265,MAOA,9,3.1840878
7266,MAOB,4,3.3748248
7267,MAP1A,8,2.2122686
7268,MAP1B,10,2.8562262
7269,MAP1LC3A,4,4.101343
7270,MAP1S,9,3.3267908
7271,MAP2,2,1.9398471
7272,MAP2K1,7,3.7349668
7273,MAP2K2,4,4.6870465
7274,MAP2K3,7,3.6816163
7275,MAP2K4,7,2.9485388
7276,MAP2K5,9,2.7213826
7277,MAP2K6,6,0.54073405
7278,MAP2K7,7,3.5588117
7279,MAP3K1,3,2.0274918
7280,MAP3K10,10,3.0368605
7281,MAP3K11,7,3.416144
7282,MAP3K12,7,3.3748798
7283,MAP3K13,3,1.6255133
7284,MAP3K14,8,2.6529107
7285,MAP3K15,3,1.6465187
7286,MAP3K19,5,0.3604663
7287,MAP3K2,2,2.3037639
7288,MAP3K20,2,2.4215908
7289,MAP3K21,3,1.1262369
7290,MAP3K3,10,3.3370752
7291,MAP3K4,8,2.6493132
7292,MAP3K5,9,2.6847293
7293,MAP3K6,10,3.3332863
7294,MAP3K7,10,2.9332457
7295,MAP3K8,6,1.8493521
7296,MAP3K9,2,1.4662708
7297,MAP4K1,6,1.5483547
7298,MAP4K2,3,2.3708224
7299,MAP4K3,9,2.8986926
7300,MAP4K4,7,3.4164689
7301,MAP4K5,9,2.7867696
7302,MAP6,2,1.7723839
7303,MAP6D1,6,1.960215
7304,MAP7,2,2.025224
7305,MAP7D1,4,4.4057965
7306,MAP7D2,1,1.196401
7307,MAP9,6,1.3271819
7308,MAPK1,9,3.280498
7309,MAPK10,2,1.0171218
7310,MAPK11,10,3.0902693
7311,MAPK12,7,4.2152395
7312,MAPK13,2,2.1556983
7313,MAPK14,10,3.0407014
7314,MAPK15,5,1.351815
7315,MAPK3,9,3.6341944
7316,MAPK4,3,1.4303355
7317,MAPK6,9,2.6480324
7318,MAPK7,9,2.676522
7319,MAPK8,2,2.492987
7320,MAPK8IP1,9,2.801423
7321,MAPK8IP2,3,1.7649438
7322,MAPK8IP3,7,4.3501315
7323,MAPK9,8,2.8689246
7324,MAPKAP1,8,3.599335
7325,MAPKAPK2,7,4.2155113
7326,MAPKAPK3,10,2.7125936
7327,MAPKAPK5,2,2.1315224
7328,MAPKBP1,9,2.7761703
7329,MAPRE1,8,2.7723808
7330,MAPRE2,9,3.2349105
7331,MAPRE3,10,3.568714
7332,MAPT,2,2.269793
7333,MARCHF1,2,1.4325933
7334,MARCHF10,1,0.6632486
7335,MARCHF11,1,0.8736346
7336,MARCHF2,7,3.4317026
7337,MARCHF3,6,1.3689742
7338,MARCHF4,5,0.3636143
7339,MARCHF5,10,2.9398878
7340,MARCHF6,9,3.4901314
7341,MARCHF7,7,2.8592186
7342,MARCHF8,2,2.7138903
7343,MARCHF9,8,2.5321016
7344,MARCKS,7,3.5375764
7345,MARCKSL1,7,3.9689083
7346,MARCO,6,1.9057841
7347,MARF1,10,3.2016163
7348,MARK1,6,1.6456063
7349,MARK2,10,3.099726
7350,MARK3,7,4.011288
7351,MARK4,10,3.0080037
7352,MARS1,4,4.327078
7353,MARS2,8,1.5921851
7354,MARVELD1,10,2.7108405
7355,MARVELD2,6,0.86663544
7356,MARVELD3,5,0.8501155
7357,MAS1,1,0.11405093
7358,MASP1,6,1.2940722
7359,MASP2,6,1.9098005
7360,MAST1,6,1.4065804
7361,MAST2,9,3.4142516
7362,MAST3,10,2.4958901
7363,MAST4,2,2.037578
7364,MASTL,2,1.4137086
7365,MAT1A,5,1.1898625
7366,MAT2A,4,5.139529
7367,MAT2B,10,3.052295
7368,MATK,6,1.5656278
7369,MATN1,5,0.43690535
7370,MATN2,3,2.3402627
7371,MATN3,5,0.90604675
7372,MATN4,6,0.5070088
7373,MATR3,4,4.723832
7374,MAU2,7,3.706402
7375,MAX,7,3.4701407
7376,MAZ,4,4.475441
7377,MB,2,2.8393066
7378,MB21D2,6,1.5626049
7379,MBD1,8,3.3104727
7380,MBD2,10,3.035729
7381,MBD3,7,3.5652652
7382,MBD3L1,1,0.391202
7383,MBD4,9,3.1671257
7384,MBD5,2,1.3150468
7385,MBD6,10,3.8704422
7386,MBIP,9,2.9053411
7387,MBL2,1,0.45844668
7388,MBLAC1,3,1.5178317
7389,MBLAC2,3,1.2330576
7390,MBNL1,7,3.397266
7391,MBNL2,9,3.231913
7392,MBNL3,6,1.2530863
7393,MBOAT1,6,1.0896415
7394,MBOAT2,3,1.7771562
7395,MBOAT4,6,0.32678592
7396,MBOAT7,10,3.643607
7397,MBP,9,3.535821
7398,MBTD1,8,2.2168036
7399,MBTPS1,10,3.7504325
7400,MBTPS2,6,1.5353341
7401,MC1R,8,2.2909846
7402,MC2R,5,0.050646756
7403,MC3R,1,0.038927935
7404,MC4R,1,0.17535277
7405,MC5R,1,0.072610125
7406,MCAM,10,4.05402
7407,MCAT,8,2.551272
7408,MCC,3,1.8827274
7409,MCCC1,10,3.1126378
7410,MCCC2,9,3.112389
7411,MCEE,10,3.1134326
7412,MCF2,5,0.7551891
7413,MCF2L,2,2.833561
7414,MCFD2,7,3.7770784
7415,MCHR1,5,0.6534695
7416,MCIDAS,1,0.15349767
7417,MCL1,4,4.8356495
7418,MCM10,1,0.4253078
7419,MCM2,6,2.0845568
7420,MCM3,10,3.1441202
7421,MCM3AP,10,3.6072545
7422,MCM4,9,2.4651573
7423,MCM5,10,2.6656501
7424,MCM6,3,2.4092908
7425,MCM7,10,3.523175
7426,MCM8,6,1.4507542
7427,MCM9,3,1.5348307
7428,MCMBP,10,2.941729
7429,MCMDC2,6,1.2762089
7430,MCOLN1,10,3.3452256
7431,MCOLN2,6,0.910574
7432,MCOLN3,5,1.0866063
7433,MCPH1,6,1.213896
7434,MCRIP1,10,3.3777757
7435,MCRIP2,4,4.356451
7436,MCRS1,7,3.8050733
7437,MCTP1,6,1.5430344
7438,MCTP2,6,1.0622376
7439,MCTS1,3,1.5279946
7440,MCU,8,2.6190696
7441,MCUB,6,1.7926307
7442,MCUR1,3,2.2614522
7443,MDFI,6,1.2287745
7444,MDFIC,3,1.9143978
7445,MDFIC2,1,0.0
7446,MDGA1,5,1.4440374
7447,MDGA2,1,0.28270456
7448,MDH1,4,4.8651996
7449,MDH1B,6,1.0909137
7450,MDH2,4,4.8681707
7451,MDK,9,2.5030143
7452,MDM1,5,0.0
7453,MDM2,9,2.9970233
7454,MDM4,8,2.596004
7455,MDN1,8,2.3646786
7456,ME1,9,2.5245159
7457,ME2,3,2.1017942
7458,ME3,8,2.4756658
7459,MEA1,7,3.3673918
7460,MEAF6,8,2.7571445
7461,MEAK7,6,1.2995778
7462,MECOM,2,1.749365
7463,MECP2,9,2.7587047
7464,MECR,10,2.679514
7465,MED1,2,2.0295653
7466,MED10,7,3.6274595
7467,MED11,8,2.789851
7468,MED12,8,2.7275307
7469,MED12L,6,0.88909495
7470,MED13,2,2.539174
7471,MED13L,7,3.0244825
7472,MED14,6,2.394871
7473,MED15,4,4.132895
7474,MED16,7,3.5957942
7475,MED17,8,2.321062
7476,MED18,9,2.2747128
7477,MED19,10,2.6475587
7478,MED20,2,2.1900463
7479,MED21,9,2.6326616
7480,MED22,2,2.2424998
7481,MED23,8,2.6723254
7482,MED24,7,3.6334233
7483,MED25,9,3.4342659
7484,MED26,10,2.3941479
7485,MED27,2,1.9529359
7486,MED28,9,2.6374178
7487,MED29,8,3.313746
7488,MED30,8,2.7413805
7489,MED31,2,2.3387954
7490,MED4,9,3.4123735
7491,MED6,3,2.509161
7492,MED7,10,2.1925728
7493,MED8,9,3.3878806
7494,MED9,9,2.9524024
7495,MEDAG,3,1.8726163
7496,MEF2A,10,2.9009216
7497,MEF2B,2,1.9382559
7498,MEF2C,3,2.270027
7499,MEF2D,7,3.0558496
7500,MEGF10,1,0.6289169
7501,MEGF11,6,0.86047703
7502,MEGF6,6,2.0661397
7503,MEGF8,10,2.6638377
7504,MEGF9,3,2.5278637
7505,MEI1,6,1.1073341
7506,MEI4,6,0.33244163
7507,MEIG1,1,0.49028334
7508,MEIKIN,5,0.4744937
7509,MEIOB,1,0.70451885
7510,MEIOC,5,1.0549381
7511,MEIS1,2,2.183516
7512,MEIS2,2,1.7423558
7513,MELK,5,0.38784266
7514,MELTF,3,1.5357423
7515,MEMO1,3,2.0682817
7516,MEN1,7,3.0659475
7517,MEOX1,1,1.327312
7518,MEOX2,6,1.4973971
7519,MEP1B,1,0.17186879
7520,MEPCE,7,3.5613792
7521,MERTK,8,2.6788876
7522,MESD,8,2.5187914
7523,MESP1,8,1.8415765
7524,MESP2,1,0.31413224
7525,MEST,9,2.6693666
7526,MET,6,1.6593904
7527,METAP1,9,3.0408535
7528,METAP1D,2,2.0724409
7529,METAP2,4,3.5546284
7530,METRN,8,2.7338555
7531,METRNL,7,2.9959824
7532,METTL1,8,2.634799
7533,METTL14,2,1.9377339
7534,METTL15,6,1.5111324
7535,METTL16,2,2.2784035
7536,METTL17,4,4.400438
7537,METTL18,3,1.560617
7538,METTL21A,2,1.8181951
7539,METTL21C,1,0.24013335
7540,METTL22,9,2.2603123
7541,METTL23,9,2.660199
7542,METTL24,5,0.35451922
7543,METTL25,6,1.706241
7544,METTL26,4,4.139802
7545,METTL27,3,1.0443461
7546,METTL3,7,4.1158934
7547,METTL5,7,3.54311
7548,METTL6,3,1.421042
7549,METTL8,6,1.1717693
7550,METTL9,10,3.4739592
7551,MEX3A,6,0.48512903
7552,MEX3B,2,1.43422
7553,MEX3C,10,2.6628466
7554,MEX3D,2,2.1981502
7555,MFAP2,6,1.5670223
7556,MFAP3,2,1.461368
7557,MFAP3L,6,1.4016396
7558,MFAP4,7,3.8464751
7559,MFAP5,6,1.6459523
7560,MFF,7,2.994801
7561,MFGE8,7,3.5483012
7562,MFHAS1,8,2.1455247
7563,MFN1,3,2.7914705
7564,MFN2,4,3.699978
7565,MFNG,3,2.350742
7566,MFRP,8,2.0171626
7567,MFSD1,9,3.4272187
7568,MFSD10,5,0.0
7569,MFSD11,7,3.5458646
7570,MFSD12,10,3.901451
7571,MFSD13A,1,0.0
7572,MFSD14A,1,0.0
7573,MFSD14B,1,0.0
7574,MFSD2A,6,2.3946893
7575,MFSD2B,6,1.2876778
7576,MFSD3,5,0.0
7577,MFSD4A,1,0.0
7578,MFSD5,5,0.0
7579,MFSD6,2,2.3926458
7580,MFSD6L,1,0.6618843
7581,MFSD8,2,1.951712
7582,MFSD9,1,0.0
7583,MGA,2,1.8348058
7584,MGAM,6,0.7641349
7585,MGAM2,5,0.45843527
7586,MGAT1,7,3.2982976
7587,MGAT2,2,2.8261359
7588,MGAT3,2,2.0150292
7589,MGAT4A,3,2.0175328
7590,MGAT4B,7,4.051817
7591,MGAT4C,1,0.19073385
7592,MGAT4D,5,0.312943
7593,MGAT5,9,2.451005
7594,MGAT5B,5,1.1801479
7595,MGLL,7,3.9367046
7596,MGME1,10,2.0155962
7597,MGMT,6,1.7924987
7598,MGP,7,4.0196767
7599,MGRN1,7,3.5172384
7600,MGST1,9,3.049715
7601,MGST2,3,2.4689577
7602,MGST3,9,3.2773902
7603,MIA,3,1.9708759
7604,MIA3,2,2.937966
7605,MIB1,3,2.195881
7606,MIB2,8,3.3650918
7607,MICAL1,7,3.359021
7608,MICAL2,2,2.7166164
7609,MICAL3,9,3.0169635
7610,MICALL1,6,2.4349227
7611,MICALL2,10,3.585299
7612,MICOS10,4,4.245853
7613,MICOS13,7,4.2564297
7614,MICU1,7,3.4623141
7615,MICU2,9,3.5971684
7616,MICU3,8,1.6512473
7617,MID1,2,1.4640586
7618,MID1IP1,8,3.1393392
7619,MID2,6,0.9304066
7620,MIDEAS,9,2.6230412
7621,MIDN,10,3.8442023
7622,MIEF1,8,2.4431942
7623,MIEF2,3,1.7364379
7624,MIEN1,7,3.730336
7625,MIER1,3,2.2141712
7626,MIER2,8,3.197224
7627,MIER3,8,2.1785338
7628,MIF,4,5.986196
7629,MIF4GD,8,2.761452
7630,MIGA1,2,1.7967579
7631,MIGA2,2,2.7919056
7632,MIIP,10,3.4570565
7633,MINAR1,5,0.567012
7634,MINAR2,1,0.02355562
7635,MINDY1,10,2.4613373
7636,MINDY2,3,2.0732577
7637,MINDY3,8,2.5597312
7638,MINDY4,2,1.9069676
7639,MINDY4B,1,0.0
7640,MINK1,7,4.097833
7641,MINPP1,3,2.2666762
7642,MIOS,2,2.5148396
7643,MIOX,5,0.20077208
7644,MIP,6,0.7137981
7645,MIPEP,8,2.3734574
7646,MIPOL1,6,0.6166811
7647,MIS12,8,2.2969415
7648,MIS18A,6,1.9771091
7649,MISP,5,0.33206943
7650,MISP3,3,2.096493
7651,MITD1,7,3.583925
7652,MITF,8,1.6657958
7653,MIXL1,6,0.285832
7654,MKKS,8,2.4801672
7655,MKLN1,8,2.6887417
7656,MKNK1,10,2.9574013
7657,MKNK2,4,4.8166904
7658,MKRN1,7,3.9723856
7659,MKRN2,10,2.6754487
7660,MKRN2OS,6,1.1501089
7661,MKRN3,1,0.27845135
7662,MKS1,10,2.1054287
7663,MKX,5,0.52507913
7664,MLANA,5,0.28149027
7665,MLC1,5,1.5145069
7666,MLEC,9,3.4669578
7667,MLF1,3,2.2931023
7668,MLF2,4,4.675616
7669,MLH1,10,2.9788456
7670,MLH3,3,1.8384898
7671,MLIP,5,1.2745774
7672,MLKL,3,2.312237
7673,MLLT1,7,3.836613
7674,MLLT10,10,2.7824597
7675,MLLT11,8,2.6008391
7676,MLLT3,2,1.2817829
7677,MLLT6,7,4.06394
7678,MLPH,6,1.9203968
7679,MLST8,10,3.5272176
7680,MLX,7,3.7999744
7681,MLXIP,7,3.5644302
7682,MLXIPL,9,3.2939696
7683,MLYCD,2,1.8199466
7684,MMAA,2,1.3068326
7685,MMAB,10,2.4754796
7686,MMACHC,7,3.3522732
7687,MMADHC,4,4.020069
7688,MMD,3,2.5425165
7689,MMD2,5,0.72659993
7690,MME,6,1.3558174
7691,MMEL1,6,1.7588543
7692,MMGT1,3,2.2494686
7693,MMP11,3,1.3702936
7694,MMP12,5,0.24742016
7695,MMP13,1,0.053864677
7696,MMP14,10,3.3807766
7697,MMP15,9,2.7375886
7698,MMP16,6,0.5829678
7699,MMP17,2,1.7249749
7700,MMP19,10,3.0496943
7701,MMP2,4,3.6705842
7702,MMP20,6,0.1361119
7703,MMP21,5,0.16557911
7704,MMP23B,6,1.4423778
7705,MMP24,8,2.3353689
7706,MMP25,3,1.9273734
7707,MMP27,5,0.1620301
7708,MMP28,6,1.7207503
7709,MMP3,1,0.7525052
7710,MMP7,1,0.91825455
7711,MMP8,5,0.64019054
7712,MMP9,9,1.7394086
7713,MMRN1,6,1.2612269
7714,MMRN2,7,2.8126152
7715,MMS19,9,3.617561
7716,MMS22L,3,0.8666823
7717,MMUT,9,2.9614465
7718,MN1,2,1.4819258
7719,MNAT1,2,2.2691314
7720,MND1,5,0.69144726
7721,MNS1,2,1.4941356
7722,MNT,10,2.8086317
7723,MNX1,1,0.3981359
7724,MOAP1,7,3.5295386
7725,MOB1A,10,3.186394
7726,MOB1B,2,2.1487703
7727,MOB2,7,3.8214278
7728,MOB3A,8,2.7875834
7729,MOB3B,3,1.4934995
7730,MOB3C,8,2.4239128
7731,MOB4,2,2.6552098
7732,MOBP,1,1.1773891
7733,MOCOS,6,0.80381566
7734,MOCS1,9,3.381789
7735,MOCS2,8,2.4612143
7736,MOCS3,6,1.3156452
7737,MOG,5,0.698114
7738,MOGAT1,5,0.37764695
7739,MOGAT2,5,0.4728062
7740,MOGS,7,3.8176227
7741,MOK,10,2.2523985
7742,MON1A,2,1.8716437
7743,MON1B,8,2.8023849
7744,MON2,2,2.3876069
7745,MORC1,1,0.3143689
7746,MORC3,9,2.979719
7747,MORC4,10,2.3473544
7748,MORF4L1,4,4.347903
7749,MORF4L2,9,3.3353853
7750,MORN1,3,1.6253142
7751,MORN2,7,3.077823
7752,MORN3,1,0.8866925
7753,MORN4,10,1.7753185
7754,MORN5,1,0.8902886
7755,MOS,1,0.12123771
7756,MOSMO,8,2.1507363
7757,MOSPD1,3,1.8306385
7758,MOSPD2,2,1.8221166
7759,MOSPD3,8,2.7008064
7760,MOV10,2,2.9015625
7761,MOV10L1,5,0.7134108
7762,MOXD1,3,1.1273503
7763,MPC1L,1,0.3786531
7764,MPC2,7,3.5668187
7765,MPDU1,7,3.502043
7766,MPDZ,2,2.5544426
7767,MPG,4,3.965741
7768,MPHOSPH10,7,2.8991632
7769,MPHOSPH6,8,2.8340578
7770,MPHOSPH8,10,3.6157954
7771,MPHOSPH9,2,1.9305912
7772,MPI,7,3.3679523
7773,MPIG6B,3,0.79651356
7774,MPL,1,0.2531821
7775,MPND,8,3.013749
7776,MPO,6,1.1160564
7777,MPP1,4,3.7193608
7778,MPP2,2,1.5338273
7779,MPP3,9,2.41335
7780,MPP4,5,0.4822029
7781,MPP7,3,1.4390907
7782,MPPE1,10,2.6447718
7783,MPPED1,1,0.9324266
7784,MPPED2,6,0.6983214
7785,MPRIP,7,3.6282227
7786,MPST,7,3.6983364
7787,MPV17,7,3.0937257
7788,MPV17L,6,1.5067345
7789,MPV17L2,8,2.7072659
7790,MPZ,6,1.9314896
7791,MPZL1,10,3.1419497
7792,MPZL2,9,2.0352798
7793,MPZL3,3,1.5670198
7794,MR1,2,1.4095687
7795,MRAP2,1,0.9472726
7796,MRAS,2,2.8480804
7797,MRC1,2,2.004655
7798,MRC2,2,2.6161666
7799,MRE11,3,1.9427954
7800,MREG,6,1.5597095
7801,MRGBP,3,2.786745
7802,MRGPRD,5,0.1283673
7803,MRGPRE,5,0.07845209
7804,MRGPRF,2,2.0143132
7805,MRGPRG,1,0.14881437
7806,MRI1,10,3.0117934
7807,MRLN,6,1.0286036
7808,MRM1,3,1.9547771
7809,MRM2,8,3.0611897
7810,MRM3,10,2.940237
7811,MRNIP,4,4.8333735
7812,MRO,3,1.3965096
7813,MROH1,9,3.0498965
7814,MROH2A,6,0.3003456
7815,MROH2B,1,0.44259185
7816,MROH5,1,0.6856873
7817,MROH6,8,1.9650712
7818,MROH7,3,2.0128467
7819,MROH8,3,1.6430626
7820,MROH9,5,0.17278291
7821,MRPL1,8,3.0613797
7822,MRPL10,7,3.5341048
7823,MRPL11,7,3.2601476
7824,MRPL12,10,4.3743167
7825,MRPL13,8,3.143355
7826,MRPL14,3,2.229748
7827,MRPL15,8,2.84557
7828,MRPL16,4,4.035222
7829,MRPL17,10,3.0040889
7830,MRPL18,7,3.3397539
7831,MRPL19,2,1.6954547
7832,MRPL2,9,3.564642
7833,MRPL20,4,4.3254175
7834,MRPL21,9,3.8635833
7835,MRPL24,9,3.1007082
7836,MRPL27,10,3.0357847
7837,MRPL28,10,3.44106
7838,MRPL3,7,3.781539
7839,MRPL30,10,2.5136375
7840,MRPL32,4,4.3822246
7841,MRPL33,4,5.027235
7842,MRPL34,4,4.2950487
7843,MRPL35,10,2.8948612
7844,MRPL36,8,2.9017477
7845,MRPL37,7,4.0660634
7846,MRPL38,7,4.503817
7847,MRPL39,9,3.3398905
7848,MRPL4,7,3.5408654
7849,MRPL40,4,4.0664344
7850,MRPL41,4,5.384593
7851,MRPL42,6,1.5590831
7852,MRPL43,8,2.7039752
7853,MRPL44,10,3.1259537
7854,MRPL45,7,3.2722538
7855,MRPL46,7,3.3034577
7856,MRPL47,10,3.2134604
7857,MRPL48,8,2.3253062
7858,MRPL49,10,3.6035974
7859,MRPL50,8,2.518089
7860,MRPL51,4,4.3049545
7861,MRPL52,4,3.7240205
7862,MRPL53,7,4.6221423
7863,MRPL54,7,4.0044556
7864,MRPL55,8,3.1308212
7865,MRPL57,10,3.2263117
7866,MRPL58,7,3.4869215
7867,MRPL9,7,3.9484704
7868,MRPS10,8,3.243481
7869,MRPS11,2,2.7520125
7870,MRPS12,8,3.46717
7871,MRPS14,9,3.0239112
7872,MRPS15,4,4.5155563
7873,MRPS16,9,3.6707103
7874,MRPS17,2,2.3662548
7875,MRPS18A,10,3.485789
7876,MRPS18B,4,4.3115664
7877,MRPS18C,8,2.7227626
7878,MRPS2,7,3.8546567
7879,MRPS21,7,4.169643
7880,MRPS22,2,2.2017205
7881,MRPS23,9,2.3606555
7882,MRPS24,4,4.8222795
7883,MRPS25,9,3.0282345
7884,MRPS26,7,4.089616
7885,MRPS27,2,2.381682
7886,MRPS28,9,3.090871
7887,MRPS30,8,3.4931483
7888,MRPS31,10,2.926422
7889,MRPS33,3,1.7764719
7890,MRPS34,7,4.30136
7891,MRPS35,8,3.4432392
7892,MRPS5,8,3.4023213
7893,MRPS6,7,4.220107
7894,MRPS7,9,3.137252
7895,MRPS9,9,3.6093605
7896,MRRF,3,2.039792
7897,MRS2,10,2.764717
7898,MRTFA,7,3.0235744
7899,MRTFB,8,2.3970175
7900,MRTO4,9,3.3077693
7901,MS4A1,5,0.94840765
7902,MS4A12,1,0.07680841
7903,MS4A15,5,0.5014478
7904,MS4A2,1,0.5655818
7905,MS4A3,5,0.4715106
7906,MS4A5,5,0.43800062
7907,MS4A8,1,0.5562502
7908,MSANTD1,6,0.80411136
7909,MSANTD2,9,2.2458904
7910,MSANTD3,2,2.341977
7911,MSANTD4,2,1.6811061
7912,MSC,8,1.7737361
7913,MSGN1,1,0.01877353
7914,MSH2,2,1.5096071
7915,MSH3,2,1.6451412
7916,MSH4,1,0.6364462
7917,MSH5,10,2.3721538
7918,MSH6,9,3.0570753
7919,MSI1,6,0.9095972
7920,MSI2,8,2.5251932
7921,MSL1,10,3.9029799
7922,MSL2,10,2.4523594
7923,MSL3,2,2.5024018
7924,MSLN,6,0.5944355
7925,MSLNL,1,0.0
7926,MSMO1,9,3.0771668
7927,MSMP,10,2.7800593
7928,MSN,4,4.382304
7929,MSR1,1,1.4908745
7930,MSRA,8,2.6513395
7931,MSRB1,7,3.8912969
7932,MSRB2,10,3.2804325
7933,MSRB3,10,2.6232927
7934,MSS51,2,1.8761337
7935,MST1,8,2.9757664
7936,MST1R,6,1.0498174
7937,MSTN,5,0.5280749
7938,MSTO1,8,2.8109717
7939,MSX1,2,1.7398928
7940,MSX2,5,0.9943688
7941,MT-ATP6,4,10.696582
7942,MT-CO1,1,0.0
7943,MT-CO2,5,0.0
7944,MT-CO3,4,10.457493
7945,MT-CYB,4,10.035575
7946,MT-ND1,1,0.0
7947,MT-ND2,4,10.142272
7948,MT-ND3,4,9.670134
7949,MT-ND4,4,10.561737
7950,MT-ND4L,4,9.832001
7951,MT-ND5,4,8.695761
7952,MT-ND6,4,8.855717
7953,MT1X,4,5.394207
7954,MT3,6,2.2230978
7955,MT4,5,0.25990418
7956,MTA1,7,4.0769167
7957,MTA2,7,3.7082999
7958,MTA3,2,2.3998713
7959,MTAP,6,1.387301
7960,MTARC1,2,1.6316843
7961,MTARC2,8,2.5275326
7962,MTBP,6,1.4065162
7963,MTCH1,7,4.3352413
7964,MTCH2,9,3.4836645
7965,MTCL1,2,1.7634667
7966,MTCP1,8,2.153004
7967,MTDH,8,3.058119
7968,MTERF2,9,2.3344817
7969,MTERF3,2,1.7348402
7970,MTERF4,7,3.386318
7971,MTF1,2,1.7996886
7972,MTF2,10,2.4588122
7973,MTFMT,2,2.0104733
7974,MTFP1,8,2.6802132
7975,MTFR1,2,2.2448242
7976,MTFR1L,7,3.6363297
7977,MTFR2,1,0.6604298
7978,MTG1,7,3.2205768
7979,MTG2,8,2.4473877
7980,MTHFD1,9,2.5599158
7981,MTHFD1L,3,2.1982226
7982,MTHFD2,8,2.3738644
7983,MTHFD2L,8,2.349547
7984,MTHFR,8,2.6559236
7985,MTHFSD,8,2.418508
7986,MTIF2,8,2.4704988
7987,MTIF3,8,3.1170435
7988,MTLN,1,0.0
7989,MTM1,9,1.7960994
7990,MTMR1,9,2.7627504
7991,MTMR10,7,3.295388
7992,MTMR11,3,2.4202209
7993,MTMR12,9,2.640864
7994,MTMR14,10,3.6537716
7995,MTMR2,2,2.258286
7996,MTMR3,9,2.997824
7997,MTMR4,9,3.0447888
7998,MTMR6,2,2.4750884
7999,MTMR7,6,1.1197592
8000,MTMR9,2,2.026712
8001,MTNR1A,1,0.048614502
8002,MTNR1B,5,0.07421262
8003,MTO1,3,1.758309
8004,MTOR,8,2.9505172
8005,MTPAP,3,2.2691216
8006,MTPN,7,3.900707
8007,MTR,9,2.6726005
8008,MTRES1,2,1.888184
8009,MTREX,7,3.384673
8010,MTRF1,3,1.7029201
8011,MTRF1L,2,2.4419909
8012,MTRFR,2,1.5879456
8013,MTRR,8,2.6807024
8014,MTSS1,10,3.3985162
8015,MTSS2,10,4.0467577
8016,MTTP,1,0.7525351
8017,MTURN,9,3.433435
8018,MTUS1,10,3.2606833
8019,MTUS2,1,1.1135219
8020,MTX1,9,3.3275356
8021,MTX2,9,3.4940438
8022,MTX3,8,2.0648177
8023,MUC15,5,0.36084586
8024,MUL1,9,3.2361498
8025,MUS81,7,3.5432837
8026,MUSK,1,0.23738965
8027,MUSTN1,7,3.7826016
8028,MUTYH,8,2.1920493
8029,MVB12A,10,3.2952688
8030,MVB12B,3,2.2219443
8031,MVD,7,3.8412683
8032,MVK,3,2.462373
8033,MVP,4,4.0272264
8034,MXD1,9,2.7427456
8035,MXD3,10,3.9621198
8036,MXD4,10,4.2229548
8037,MXI1,10,3.3175614
8038,MXRA8,10,3.5553298
8039,MYADM,8,3.1378806
8040,MYADML2,5,0.76769274
8041,MYB,6,0.46806836
8042,MYBBP1A,7,3.4653537
8043,MYBL1,2,1.2597029
8044,MYBL2,6,1.2382631
8045,MYBPC1,6,1.9742808
8046,MYBPC2,6,1.0158825
8047,MYBPC3,1,1.5075119
8048,MYBPH,1,0.51621145
8049,MYBPHL,1,0.4949846
8050,MYC,9,2.6001248
8051,MYCBP,10,2.7402945
8052,MYCBP2,8,2.5511708
8053,MYCBPAP,6,1.0667735
8054,MYCL,6,0.9549007
8055,MYCT1,10,2.1694887
8056,MYD88,10,3.1111972
8057,MYDGF,4,4.2360563
8058,MYF5,5,0.125236
8059,MYF6,1,0.7221454
8060,MYG1,7,3.9831655
8061,MYH1,5,1.1542342
8062,MYH10,8,2.6969361
8063,MYH11,10,3.5313985
8064,MYH13,1,0.31893945
8065,MYH14,2,2.7822409
8066,MYH15,1,0.40117654
8067,MYH3,2,1.5402608
8068,MYH6,1,1.6718608
8069,MYH7,3,2.4375906
8070,MYH7B,2,1.9443772
8071,MYH8,1,0.31308323
8072,MYH9,7,4.7510886
8073,MYL1,1,1.4755608
8074,MYL10,6,0.09854401
8075,MYL12A,7,4.258226
8076,MYL12B,4,4.340252
8077,MYL2,5,2.0076582
8078,MYL3,1,1.3175848
8079,MYL4,6,1.3990725
8080,MYL6B,7,4.3238397
8081,MYL7,1,1.3580796
8082,MYL9,7,4.060842
8083,MYLIP,3,2.2924385
8084,MYLK,8,2.3510528
8085,MYLK2,5,1.197677
8086,MYLK3,5,0.9056863
8087,MYMK,1,0.14213936
8088,MYMX,1,0.0
8089,MYNN,2,2.0726984
8090,MYO10,2,2.241658
8091,MYO15B,7,3.407545
8092,MYO16,6,0.6529517
8093,MYO18A,10,3.66438
8094,MYO18B,1,1.2298621
8095,MYO19,10,2.7910907
8096,MYO1A,5,0.33216485
8097,MYO1B,8,2.6908996
8098,MYO1C,4,3.9635463
8099,MYO1D,9,2.6364841
8100,MYO1E,2,1.9104514
8101,MYO1F,8,1.8487864
8102,MYO1G,6,1.6590043
8103,MYO1H,5,0.33869106
8104,MYO3A,5,0.3133098
8105,MYO3B,5,0.2119217
8106,MYO5A,3,2.115212
8107,MYO5B,6,1.139912
8108,MYO5C,8,2.2138891
8109,MYO6,3,2.5528665
8110,MYO7A,3,1.9782394
8111,MYO7B,6,1.5052705
8112,MYO9A,2,2.0468588
8113,MYO9B,9,3.5627456
8114,MYOC,5,1.3428319
8115,MYOCD,6,0.8971505
8116,MYOD1,5,0.44708034
8117,MYOF,9,2.1319542
8118,MYOG,1,0.5605067
8119,MYOM1,8,2.5961027
8120,MYOM2,3,2.2729294
8121,MYOM3,5,1.3429165
8122,MYORG,2,1.9810807
8123,MYOT,6,1.5465406
8124,MYOZ1,6,1.4947519
8125,MYOZ2,1,1.4219353
8126,MYOZ3,6,0.767049
8127,MYPN,1,1.0176029
8128,MYPOP,2,2.3833106
8129,MYRF,6,2.092175
8130,MYRFL,1,0.37661108
8131,MYRIP,3,1.61838
8132,MYSM1,2,2.4501538
8133,MYT1,1,0.74248636
8134,MYT1L,5,0.68688494
8135,MYZAP,8,1.9608207
8136,MZB1,6,1.4042648
8137,MZF1,7,3.1764152
8138,MZT1,8,2.474082
8139,N4BP1,9,2.6314194
8140,N4BP2,1,1.0833122
8141,N4BP2L1,8,3.025689
8142,N4BP2L2,9,2.8984468
8143,N4BP3,5,1.0495783
8144,NAA10,4,4.19702
8145,NAA15,10,2.4255373
8146,NAA16,2,2.4426467
8147,NAA20,4,3.8312483
8148,NAA25,2,2.4251804
8149,NAA30,3,2.1421711
8150,NAA35,3,1.6318659
8151,NAA38,10,3.5139172
8152,NAA40,2,2.8185055
8153,NAA50,8,3.190683
8154,NAA60,10,3.240534
8155,NAA80,8,2.7878377
8156,NAAA,2,2.0169039
8157,NAALAD2,6,1.4603107
8158,NAALADL1,2,1.4416653
8159,NAALADL2,5,0.5102432
8160,NAB1,2,2.1900074
8161,NAB2,7,3.2494323
8162,NABP1,3,1.7585242
8163,NABP2,9,3.0896602
8164,NACAD,8,1.9035838
8165,NACC1,8,2.84093
8166,NACC2,10,3.0280285
8167,NADK,7,3.3864472
8168,NADK2,10,3.0336041
8169,NADSYN1,10,3.6931984
8170,NAE1,7,3.5602987
8171,NAF1,6,1.4056826
8172,NAGA,10,2.5550508
8173,NAGK,4,3.882942
8174,NAGLU,9,3.1912026
8175,NAGPA,10,2.707726
8176,NAGS,6,0.9974495
8177,NAIF1,8,1.761786
8178,NALCN,10,0.8155684
8179,NALF1,1,0.6479461
8180,NALF2,1,0.9826797
8181,NAMPT,9,3.2291803
8182,NANOS1,6,1.0527039
8183,NANOS2,1,0.27606034
8184,NANOS3,5,0.8800556
8185,NANP,6,1.3187845
8186,NANS,7,3.8065536
8187,NAP1L1,7,3.5439074
8188,NAP1L2,3,1.6784527
8189,NAP1L3,6,1.9409727
8190,NAP1L4,8,3.2833698
8191,NAP1L5,3,2.3183868
8192,NAPA,4,5.362361
8193,NAPB,3,2.943233
8194,NAPEPLD,3,2.1201138
8195,NAPG,10,2.9376287
8196,NAPRT,7,3.588421
8197,NAPSA,3,1.8932059
8198,NARF,8,3.5802217
8199,NARS2,10,2.1829891
8200,NASP,7,4.016017
8201,NAT10,9,3.1770527
8202,NAT14,3,2.3873649
8203,NAT8L,1,0.0
8204,NAT9,7,3.421283
8205,NATD1,9,2.557918
8206,NAV1,2,2.0245256
8207,NAV2,8,2.081924
8208,NAV3,6,1.2271903
8209,NAXD,7,3.812936
8210,NAXE,10,2.4172857
8211,NBAS,8,2.5624804
8212,NBDY,1,0.0
8213,NBEA,6,1.27194
8214,NBEAL1,10,2.553205
8215,NBEAL2,10,3.0872946
8216,NBL1,9,2.5179532
8217,NBN,2,2.0826404
8218,NBR1,7,3.754066
8219,NCALD,8,2.3966782
8220,NCAM1,8,2.1120892
8221,NCAM2,6,1.0686488
8222,NCAN,5,0.8712418
8223,NCAPD2,9,2.5055447
8224,NCAPD3,8,1.8896918
8225,NCAPG,6,1.19987
8226,NCAPG2,2,1.1563573
8227,NCAPH,1,0.6280889
8228,NCAPH2,9,3.2010007
8229,NCBP1,9,2.656692
8230,NCBP2,7,3.6663818
8231,NCBP3,10,2.3484657
8232,NCCRP1,1,0.5857152
8233,NCDN,9,3.375047
8234,NCEH1,3,1.9031209
8235,NCF1,2,1.7580886
8236,NCF2,3,1.922532
8237,NCF4,2,2.2591918
8238,NCK1,2,2.019763
8239,NCK2,8,2.8271642
8240,NCKAP1,2,2.6463213
8241,NCKAP1L,6,1.4852337
8242,NCKAP5,1,0.7579877
8243,NCKAP5L,9,2.9105387
8244,NCKIPSD,7,3.2619538
8245,NCL,1,0.0
8246,NCLN,7,3.573929
8247,NCMAP,6,0.44665444
8248,NCOA1,9,2.844501
8249,NCOA2,10,2.337496
8250,NCOA3,7,2.680984
8251,NCOA4,4,3.9523776
8252,NCOA5,9,2.8344536
8253,NCOA6,10,2.552481
8254,NCOA7,3,2.3613186
8255,NCOR1,9,2.9234855
8256,NCOR2,7,3.8504117
8257,NCR1,1,0.44040114
8258,NCS1,3,2.2462952
8259,NCSTN,4,3.9587708
8260,NDC1,2,1.879982
8261,NDC80,6,0.74031526
8262,NDE1,3,2.5198798
8263,NDEL1,9,3.3087444
8264,NDFIP1,7,3.4945648
8265,NDFIP2,3,2.3626146
8266,NDN,10,3.0619254
8267,NDNF,6,0.9309338
8268,NDOR1,9,2.7142282
8269,NDP,5,0.68531066
8270,NDRG1,4,4.487809
8271,NDRG2,4,4.8973765
8272,NDRG3,8,3.1905987
8273,NDRG4,7,3.5776207
8274,NDST1,10,3.2615354
8275,NDST2,4,4.090468
8276,NDST3,1,0.57030994
8277,NDST4,1,0.06296824
8278,NDUFA1,4,5.484012
8279,NDUFA10,10,3.2912605
8280,NDUFA11,7,3.6376827
8281,NDUFA12,4,4.527114
8282,NDUFA13,4,5.105961
8283,NDUFA2,4,4.7942233
8284,NDUFA3,4,3.9465637
8285,NDUFA4,1,0.0
8286,NDUFA4L2,1,0.0
8287,NDUFA5,10,3.0534925
8288,NDUFA6,4,4.2289753
8289,NDUFA7,4,4.9018
8290,NDUFA8,7,4.531578
8291,NDUFA9,9,2.6093788
8292,NDUFAB1,4,4.4118075
8293,NDUFAF1,8,2.6308935
8294,NDUFAF2,2,1.6682291
8295,NDUFAF3,4,4.213448
8296,NDUFAF4,9,2.7008076
8297,NDUFAF5,3,1.9782511
8298,NDUFAF6,2,2.3788369
8299,NDUFAF7,3,2.3424191
8300,NDUFAF8,7,4.0090265
8301,NDUFB1,7,3.493433
8302,NDUFB10,4,5.0382195
8303,NDUFB2,9,3.3352394
8304,NDUFB3,8,2.7416043
8305,NDUFB4,4,4.3420005
8306,NDUFB5,7,3.3000543
8307,NDUFB6,7,3.8071923
8308,NDUFB7,4,5.142483
8309,NDUFB8,4,5.6034436
8310,NDUFB9,7,4.576873
8311,NDUFC1,9,2.8217118
8312,NDUFC2,7,3.9769354
8313,NDUFS1,9,2.766912
8314,NDUFS2,4,4.682111
8315,NDUFS3,4,4.490788
8316,NDUFS4,4,4.244214
8317,NDUFS5,4,5.146553
8318,NDUFS6,7,4.2778015
8319,NDUFS7,4,4.061198
8320,NDUFS8,4,4.132459
8321,NDUFV1,4,4.9852176
8322,NDUFV2,7,4.1337023
8323,NDUFV3,10,2.8570297
8324,NEB,2,1.3129424
8325,NEBL,6,2.198999
8326,NECAB1,5,1.5959593
8327,NECAB2,5,1.2869929
8328,NECAB3,7,3.5938637
8329,NECAP1,7,3.3085546
8330,NECAP2,7,3.721152
8331,NECTIN1,8,1.9509356
8332,NECTIN2,7,3.3272758
8333,NECTIN3,6,1.3358241
8334,NECTIN4,1,0.57697797
8335,NEDD1,3,1.7793659
8336,NEDD4,2,1.6774255
8337,NEDD4L,3,2.205059
8338,NEDD8,4,4.7070346
8339,NEDD9,8,2.632765
8340,NEFH,6,1.4570643
8341,NEFL,1,1.2329386
8342,NEGR1,6,1.4066162
8343,NEIL1,7,3.6626906
8344,NEIL2,8,2.881363
8345,NEIL3,5,0.29138875
8346,NEK1,2,1.8114449
8347,NEK10,5,0.6033267
8348,NEK11,6,1.0077147
8349,NEK2,5,0.70088804
8350,NEK3,3,1.9268316
8351,NEK4,2,2.1939106
8352,NEK5,6,0.5999155
8353,NEK6,2,2.3237429
8354,NEK7,10,2.8856616
8355,NEK8,10,1.5486785
8356,NEK9,10,3.3500652
8357,NELFA,7,3.3468587
8358,NELFB,4,4.025939
8359,NELFCD,7,4.1745853
8360,NELFE,4,4.129614
8361,NELL1,5,0.41763455
8362,NELL2,5,1.2892678
8363,NEMF,9,3.2247531
8364,NEMP1,6,1.9804158
8365,NEMP2,6,1.1952033
8366,NENF,4,4.257412
8367,NEO1,3,2.4602826
8368,NEPRO,5,0.0
8369,NES,9,3.2784588
8370,NET1,8,2.9055805
8371,NETO1,5,0.35610828
8372,NETO2,6,1.2112304
8373,NEU1,9,2.904824
8374,NEU2,5,0.0013785379
8375,NEU3,2,2.1619728
8376,NEU4,6,0.8928432
8377,NEURL1,2,2.1111531
8378,NEURL1B,8,2.2786233
8379,NEURL2,8,2.1966653
8380,NEURL3,1,0.75744104
8381,NEURL4,7,3.1903455
8382,NEUROD1,1,0.9440571
8383,NEUROD2,1,0.92363405
8384,NEUROD4,1,0.0719915
8385,NEUROD6,1,0.5634938
8386,NEUROG1,5,0.021618443
8387,NEUROG2,1,0.32643288
8388,NEUROG3,5,0.062167954
8389,NEXMIF,1,0.4162274
8390,NEXN,8,2.8291664
8391,NF1,3,2.355029
8392,NF2,10,2.5790076
8393,NFASC,9,2.317884
8394,NFAT5,8,2.6277537
8395,NFATC1,10,1.8682245
8396,NFATC2,2,1.2657255
8397,NFATC2IP,10,3.3414767
8398,NFATC3,10,2.88739
8399,NFATC4,10,2.5596068
8400,NFE2,1,1.0217175
8401,NFE2L1,4,4.7543592
8402,NFE2L2,2,2.678127
8403,NFE2L3,3,1.9742954
8404,NFIA,3,2.284441
8405,NFIB,10,2.5979033
8406,NFIC,7,3.782076
8407,NFIL3,9,2.9433262
8408,NFIX,9,3.6095378
8409,NFKB1,8,2.8114746
8410,NFKB2,9,3.0016851
8411,NFKBIA,4,4.6806355
8412,NFKBIB,8,3.280033
8413,NFKBID,2,1.9038713
8414,NFKBIE,3,2.2377157
8415,NFKBIL1,9,3.3255541
8416,NFKBIZ,9,2.842769
8417,NFRKB,9,2.5655196
8418,NFS1,10,2.8761759
8419,NFU1,7,3.5905988
8420,NFX1,8,2.9728868
8421,NFXL1,2,1.9913197
8422,NFYA,2,1.7692512
8423,NFYB,8,2.579704
8424,NFYC,9,2.5783772
8425,NGB,1,0.74029106
8426,NGDN,10,3.065084
8427,NGEF,6,1.4372245
8428,NGF,1,0.44822863
8429,NGFR,3,2.4274528
8430,NGLY1,10,3.2533245
8431,NGRN,4,5.340343
8432,NHEJ1,3,1.3192813
8433,NHLH1,5,0.48541966
8434,NHLH2,1,0.3149247
8435,NHLRC1,6,0.71162015
8436,NHLRC2,2,2.2657216
8437,NHLRC3,8,2.8455458
8438,NHLRC4,6,0.89970696
8439,NHP2,10,4.5492554
8440,NHS,1,0.9744185
8441,NHSL1,2,1.5403976
8442,NHSL2,3,1.4813138
8443,NIBAN1,7,2.450895
8444,NIBAN2,7,3.7666018
8445,NIBAN3,6,0.79220855
8446,NICN1,4,4.238993
8447,NID1,10,3.3000636
8448,NID2,3,1.8612237
8449,NIF3L1,2,1.756413
8450,NIFK,10,3.2045665
8451,NIM1K,5,0.59504086
8452,NIN,10,2.1073172
8453,NINJ1,8,2.9760303
8454,NINJ2,3,1.4007004
8455,NINL,10,1.6617818
8456,NIP7,2,2.223928
8457,NIPA1,3,1.8793368
8458,NIPA2,3,2.4520013
8459,NIPAL1,6,0.51480275
8460,NIPAL2,8,2.4977224
8461,NIPAL3,2,1.7803441
8462,NIPAL4,5,0.429616
8463,NIPBL,2,2.6158798
8464,NIPSNAP1,10,3.3861082
8465,NIPSNAP2,4,4.034579
8466,NISCH,4,4.2308836
8467,NIT1,9,3.315799
8468,NIT2,8,2.4164972
8469,NKAIN1,5,0.8894335
8470,NKAIN2,5,0.6832932
8471,NKAIN3,5,0.02071141
8472,NKAIN4,6,0.9575017
8473,NKAP,3,1.9409949
8474,NKAPD1,2,2.6917393
8475,NKAPL,6,1.3646342
8476,NKD1,1,1.1432598
8477,NKD2,6,1.5052413
8478,NKG7,3,2.0018375
8479,NKIRAS1,3,1.5521562
8480,NKIRAS2,8,2.9570742
8481,NKPD1,5,0.33188158
8482,NKRF,10,2.0033717
8483,NKTR,7,3.957509
8484,NKX1-1,1,0.0979352
8485,NKX1-2,1,0.085930794
8486,NKX2-1,1,0.5647765
8487,NKX2-2,5,0.6237582
8488,NKX2-3,1,0.54976934
8489,NKX2-4,5,0.19816901
8490,NKX2-5,6,0.9832677
8491,NKX2-6,5,0.03718886
8492,NKX2-8,5,0.3170489
8493,NKX3-1,5,1.1290933
8494,NKX3-2,5,0.3633394
8495,NKX6-1,1,0.3726716
8496,NKX6-2,2,2.1256442
8497,NKX6-3,1,0.39681607
8498,NLE1,8,2.0822828
8499,NLGN1,1,0.40607426
8500,NLGN2,7,3.0292175
8501,NLGN3,6,0.96539205
8502,NLK,3,2.4962802
8503,NLN,2,1.5157233
8504,NLRC3,6,1.233896
8505,NLRC4,6,1.0589626
8506,NLRC5,3,2.0664444
8507,NLRP10,1,0.011780319
8508,NLRP12,5,0.4632768
8509,NLRP14,1,0.12523976
8510,NLRP3,6,0.84968203
8511,NLRP6,5,0.6911695
8512,NLRX1,2,2.2270167
8513,NMB,10,2.1589065
8514,NMBR,5,0.09987671
8515,NMD3,8,2.6430025
8516,NME1,7,3.275615
8517,NME2,4,4.7137685
8518,NME3,7,4.208735
8519,NME4,7,4.0686965
8520,NME5,6,1.5487746
8521,NME6,2,1.5355979
8522,NME7,7,3.2643774
8523,NME8,5,0.6062955
8524,NME9,6,0.881572
8525,NMI,3,1.9773444
8526,NMNAT1,3,1.6253159
8527,NMNAT2,6,1.7945263
8528,NMNAT3,5,0.9102092
8529,NMRAL1,8,2.9759834
8530,NMRK1,10,2.6806512
8531,NMRK2,1,1.3008785
8532,NMS,5,0.07045437
8533,NMT1,7,3.604017
8534,NMT2,8,2.4457638
8535,NMU,5,0.12581682
8536,NMUR1,5,1.0832528
8537,NMUR2,1,0.27587453
8538,NNMT,7,3.1167624
8539,NOA1,10,2.747214
8540,NOB1,10,3.5445812
8541,NOC2L,7,3.4723828
8542,NOC3L,2,2.2238908
8543,NOC4L,10,3.1945746
8544,NOCT,2,1.5869726
8545,NOD1,8,2.1402059
8546,NOD2,5,0.9279015
8547,NODAL,1,0.81791395
8548,NOG,1,0.65024793
8549,NOL10,2,1.9524912
8550,NOL11,10,2.953752
8551,NOL12,9,3.2865734
8552,NOL3,9,2.7831886
8553,NOL4,5,0.8316898
8554,NOL4L,10,2.399304
8555,NOL6,10,3.194128
8556,NOL7,10,3.231797
8557,NOL8,10,2.5357296
8558,NOL9,8,2.112785
8559,NOLC1,4,3.576388
8560,NOM1,8,2.1192596
8561,NONO,7,4.157459
8562,NOP10,10,3.6074512
8563,NOP14,7,3.2011921
8564,NOP16,7,3.576332
8565,NOP2,10,3.0851672
8566,NOP53,4,5.763432
8567,NOP56,4,4.4677253
8568,NOP58,7,3.785524
8569,NOP9,7,3.2983196
8570,NOPCHAP1,6,0.6878987
8571,NOS1,6,0.72409195
8572,NOS1AP,5,0.9625826
8573,NOS2,3,0.6351995
8574,NOS3,9,2.3178208
8575,NOSIP,7,3.4107823
8576,NOSTRIN,3,2.1538155
8577,NOTCH1,8,2.6866982
8578,NOTCH2,10,2.8071458
8579,NOTCH3,8,2.9940116
8580,NOTO,1,0.042619072
8581,NOTUM,6,0.90334594
8582,NOVA1,3,1.5474441
8583,NOVA2,2,1.6791509
8584,NOX1,1,0.28315115
8585,NOX3,5,0.026457472
8586,NOX4,1,0.5428222
8587,NOXA1,7,2.7150679
8588,NOXO1,2,0.8386835
8589,NOXRED1,1,0.7038268
8590,NPAS1,6,0.55200464
8591,NPAS2,9,2.8412488
8592,NPAS3,1,0.64156103
8593,NPAS4,1,0.44793478
8594,NPAT,3,1.6406139
8595,NPB,6,1.4873053
8596,NPBWR1,5,0.08227148
8597,NPC1,8,2.7922885
8598,NPC1L1,1,0.7435792
8599,NPC2,7,4.022861
8600,NPDC1,7,4.3505774
8601,NPEPL1,4,4.2474165
8602,NPEPPS,7,3.7898953
8603,NPFF,8,2.661153
8604,NPFFR1,5,0.47538453
8605,NPFFR2,6,0.09873112
8606,NPHP1,2,1.413186
8607,NPHP3,8,2.5318835
8608,NPHP4,3,2.0806818
8609,NPHS1,5,0.48520797
8610,NPHS2,1,0.25354227
8611,NPL,2,1.4166929
8612,NPLOC4,10,3.5426776
8613,NPM2,8,1.7271061
8614,NPM3,2,2.7370398
8615,NPNT,9,1.9718615
8616,NPPA,9,2.8715463
8617,NPPC,1,0.25572342
8618,NPR1,3,2.1066325
8619,NPR2,9,2.6560514
8620,NPR3,5,1.1732951
8621,NPRL2,10,3.6572876
8622,NPRL3,10,3.1941185
8623,NPS,5,0.0041481457
8624,NPSR1,5,0.038433295
8625,NPTN,7,3.9277606
8626,NPTX1,5,1.6034876
8627,NPTX2,2,2.1902401
8628,NPTXR,3,2.1293986
8629,NPVF,1,0.011075315
8630,NPW,5,0.8272929
8631,NPY,5,0.54495347
8632,NPY1R,2,1.3266139
8633,NPY2R,1,0.16293238
8634,NPY5R,1,0.4280768
8635,NQO1,3,2.4136078
8636,NQO2,10,2.5405936
8637,NR0B1,1,0.5551272
8638,NR0B2,6,1.5795857
8639,NR1D1,4,4.040418
8640,NR1D2,9,2.8763132
8641,NR1H2,7,3.3345833
8642,NR1H3,9,2.8347247
8643,NR1H4,1,0.5280307
8644,NR1I2,1,0.5356047
8645,NR1I3,6,2.2142613
8646,NR2C1,9,2.9094431
8647,NR2C2,10,3.0251312
8648,NR2C2AP,10,2.7948394
8649,NR2E1,1,0.3691369
8650,NR2E3,5,0.27312845
8651,NR2F1,8,2.4503372
8652,NR2F2,10,3.1298892
8653,NR2F6,9,3.4546618
8654,NR3C1,3,2.6941268
8655,NR3C2,3,1.8718835
8656,NR4A1,7,3.8262413
8657,NR4A2,3,2.008885
8658,NR4A3,3,1.5985154
8659,NR5A1,1,0.91692746
8660,NR5A2,5,1.1420873
8661,NR6A1,6,1.2825122
8662,NRAP,6,1.9425436
8663,NRARP,2,1.7479836
8664,NRAS,9,2.486126
8665,NRBF2,10,2.8623881
8666,NRBP1,4,4.190384
8667,NRBP2,7,4.1415415
8668,NRCAM,8,1.9142507
8669,NRDE2,2,2.0246217
8670,NREP,6,2.4868805
8671,NRF1,9,2.1777844
8672,NRG2,6,1.3188341
8673,NRG3,5,0.6044383
8674,NRG4,2,1.8729042
8675,NRGN,8,2.8573256
8676,NRIP1,8,2.4035327
8677,NRIP2,3,2.0594234
8678,NRIP3,3,1.465082
8679,NRK,5,0.48509404
8680,NRL,5,0.7554408
8681,NRM,8,2.4036636
8682,NRN1,7,2.629327
8683,NRN1L,3,1.5981244
8684,NRP1,8,2.4330103
8685,NRP2,2,1.5425906
8686,NRROS,6,1.5084145
8687,NRSN1,1,0.6746215
8688,NRSN2,9,2.5586586
8689,NRTN,5,0.9571395
8690,NRXN1,6,0.8637227
8691,NRXN2,6,1.7900484
8692,NRXN3,1,1.0203223
8693,NSA2,10,3.2544436
8694,NSD1,2,2.3933125
8695,NSD2,2,2.1156704
8696,NSD3,9,2.5836203
8697,NSDHL,10,2.4532616
8698,NSF,10,3.1919434
8699,NSFL1C,4,3.9218507
8700,NSG1,6,1.456025
8701,NSG2,5,1.5220643
8702,NSL1,2,1.1909426
8703,NSMAF,10,2.8512223
8704,NSMCE1,9,3.1790745
8705,NSMCE2,2,2.0124714
8706,NSMCE4A,8,3.0562003
8707,NSMF,7,3.6951687
8708,NSRP1,9,3.1387227
8709,NSUN2,10,3.6663883
8710,NSUN3,6,1.1215508
8711,NSUN5,10,3.2366471
8712,NSUN6,9,2.8625858
8713,NSUN7,6,0.9703213
8714,NT5C,7,3.6364682
8715,NT5C1A,5,0.20355757
8716,NT5C1B,1,0.6330028
8717,NT5C2,7,3.0175793
8718,NT5C3A,8,2.897896
8719,NT5C3B,7,3.8368773
8720,NT5DC1,2,2.1434355
8721,NT5DC2,7,3.486
8722,NT5DC3,3,1.781077
8723,NT5E,2,1.8671312
8724,NT5M,3,1.9902058
8725,NTAN1,7,3.6830127
8726,NTF3,6,1.2862042
8727,NTF4,1,0.34333605
8728,NTHL1,10,2.9952264
8729,NTM,8,1.6361855
8730,NTMT1,9,2.2954407
8731,NTN1,3,1.7165706
8732,NTN3,5,0.21691535
8733,NTN4,8,2.8205993
8734,NTN5,5,0.969622
8735,NTNG1,5,0.62936234
8736,NTNG2,2,1.2874271
8737,NTPCR,6,2.274822
8738,NTRK1,5,0.60771906
8739,NTRK2,6,1.6312532
8740,NTRK3,1,1.1015431
8741,NTS,1,0.30844873
8742,NTSR1,1,0.4026417
8743,NTSR2,5,0.74434435
8744,NUAK1,10,2.535154
8745,NUAK2,3,1.7969527
8746,NUB1,7,3.647661
8747,NUBP1,10,3.4071589
8748,NUBP2,7,4.053529
8749,NUBPL,3,1.9609092
8750,NUCB1,4,4.844532
8751,NUCB2,9,2.5217636
8752,NUCKS1,4,4.1148267
8753,NUDC,4,4.535311
8754,NUDCD1,2,2.0982246
8755,NUDCD2,3,1.7946992
8756,NUDCD3,10,3.3122952
8757,NUDT1,2,2.1789167
8758,NUDT12,2,1.8997203
8759,NUDT13,3,1.6381354
8760,NUDT14,7,3.4748678
8761,NUDT15,3,1.4331825
8762,NUDT16L1,8,3.1984177
8763,NUDT17,3,2.6685498
8764,NUDT18,2,1.8343412
8765,NUDT19,3,2.0844965
8766,NUDT2,2,2.0679321
8767,NUDT21,8,3.2761824
8768,NUDT22,4,4.3067026
8769,NUDT3,7,3.4342713
8770,NUDT5,9,2.6839125
8771,NUDT6,9,2.594036
8772,NUDT7,10,2.2303648
8773,NUDT9,10,3.0994728
8774,NUF2,1,0.92291677
8775,NUFIP1,3,1.5774329
8776,NUFIP2,10,2.923334
8777,NUMA1,9,4.3941684
8778,NUMB,10,2.8964922
8779,NUMBL,7,3.1134033
8780,NUP107,2,2.2546148
8781,NUP133,9,2.8399854
8782,NUP153,10,2.8866465
8783,NUP155,2,1.8621459
8784,NUP160,8,2.4807365
8785,NUP188,8,3.0760233
8786,NUP205,8,2.593266
8787,NUP210,8,2.4884505
8788,NUP210L,1,0.45285207
8789,NUP214,8,2.9367828
8790,NUP35,2,1.8585423
8791,NUP37,2,2.0329068
8792,NUP43,2,2.4994357
8793,NUP54,2,2.189393
8794,NUP58,9,2.3427439
8795,NUP62,10,2.79472
8796,NUP85,7,3.3904839
8797,NUP88,3,2.3244977
8798,NUP93,2,2.0372949
8799,NUP98,9,3.0441062
8800,NUPR1,7,3.3986204
8801,NUS1,2,2.6200762
8802,NUSAP1,2,1.4015536
8803,NUTM1,5,0.4181461
8804,NVL,3,2.486474
8805,NWD1,6,0.5545575
8806,NWD2,5,0.27585942
8807,NXF1,7,4.119795
8808,NXN,10,2.982052
8809,NXNL1,1,0.34591803
8810,NXNL2,5,0.3302852
8811,NXPE2,1,0.09732336
8812,NXPE3,3,1.5828139
8813,NXPE4,1,0.04036685
8814,NXPH1,1,0.41887024
8815,NXPH2,1,0.06866439
8816,NXPH3,6,1.4645787
8817,NXPH4,6,1.0218432
8818,NXT1,9,2.5214555
8819,NXT2,2,1.5337213
8820,NYAP1,9,1.410866
8821,NYAP2,1,0.12132104
8822,NYNRIN,10,2.1733303
8823,NYX,1,0.053098246
8824,OAF,7,3.4842572
8825,OARD1,8,2.664953
8826,OAS2,6,1.4592059
8827,OAS3,3,1.3258166
8828,OASL,6,0.7806575
8829,OAT,4,3.166559
8830,OAZ1,4,6.695356
8831,OAZ2,4,4.5654445
8832,OAZ3,3,1.6417506
8833,OBI1,3,2.0779927
8834,OBSCN,2,2.1536186
8835,OBSL1,10,3.7018242
8836,OC90,1,0.04567256
8837,OCA2,6,0.500903
8838,OCIAD1,4,3.764724
8839,OCIAD2,2,1.9599802
8840,OCLN,5,0.8854382
8841,OCRL,7,2.9915915
8842,OCSTAMP,1,0.06815242
8843,ODAD2,5,0.5401502
8844,ODAD3,2,1.4548932
8845,ODAD4,6,0.99777347
8846,ODAM,1,0.09675709
8847,ODAPH,5,0.18825594
8848,ODC1,7,3.278768
8849,ODF1,1,0.7567112
8850,ODF2,10,3.1727898
8851,ODF2L,3,2.019644
8852,ODR4,2,2.6375773
8853,OFD1,10,2.94062
8854,OGA,7,4.2671285
8855,OGDH,7,4.089104
8856,OGDHL,6,1.7977965
8857,OGFOD1,10,2.645479
8858,OGFOD2,10,2.929451
8859,OGFOD3,9,2.6623347
8860,OGFRL1,3,2.4113085
8861,OGG1,9,3.4937706
8862,OGN,2,1.3900328
8863,OGT,4,4.843753
8864,OIP5,6,1.2190347
8865,OIT3,6,0.82191473
8866,OLA1,9,2.8507001
8867,OLAH,5,0.964242
8868,OLFM1,8,2.8059807
8869,OLFM2,10,2.5634177
8870,OLFM3,5,0.5425859
8871,OLFM4,5,1.1946547
8872,OLFML2A,9,1.9115542
8873,OLFML2B,6,1.8006685
8874,OLFML3,8,2.5450094
8875,OLIG1,5,1.2600247
8876,OLIG2,5,0.58536667
8877,OLIG3,1,0.011412581
8878,OMA1,8,1.8788128
8879,OMD,5,0.8637844
8880,OMG,6,1.5620546
8881,OMP,1,0.22360623
8882,ONECUT1,1,0.5501983
8883,ONECUT2,5,0.47350335
8884,ONECUT3,5,0.14612512
8885,OPA1,8,2.7963903
8886,OPA3,3,1.8504145
8887,OPALIN,5,0.64889616
8888,OPCML,5,0.92906135
8889,OPHN1,6,1.2216407
8890,OPLAH,9,2.7236123
8891,OPN1SW,3,1.1664344
8892,OPN3,2,2.1953151
8893,OPN4,1,0.44020733
8894,OPN5,5,0.2497273
8895,OPRD1,5,0.29872376
8896,OPRK1,5,0.29751492
8897,OPRL1,3,1.2569894
8898,OPRM1,5,0.13389385
8899,OPTC,5,0.13523279
8900,OPTN,4,3.7331128
8901,ORAI1,5,0.0
8902,ORAI2,2,1.7913417
8903,ORAI3,10,2.957435
8904,ORC1,1,0.66893536
8905,ORC2,8,2.4685502
8906,ORC3,9,2.8060646
8907,ORC4,3,2.150047
8908,ORC5,10,2.3899872
8909,ORC6,6,1.3858845
8910,ORMDL1,10,2.9057598
8911,ORMDL2,9,3.0046914
8912,ORMDL3,9,3.306698
8913,OS9,4,4.825258
8914,OSBP,7,3.5080457
8915,OSBP2,3,1.7260758
8916,OSBPL10,3,1.5459116
8917,OSBPL11,8,2.4055693
8918,OSBPL1A,3,2.7280326
8919,OSBPL2,3,2.7107196
8920,OSBPL3,3,1.5280672
8921,OSBPL5,3,2.6172965
8922,OSBPL6,6,1.155683
8923,OSBPL7,7,2.5708404
8924,OSBPL8,8,2.445084
8925,OSBPL9,7,3.8543453
8926,OSCAR,3,1.5073566
8927,OSCP1,6,1.5919386
8928,OSER1,8,2.71583
8929,OSGEP,7,3.613129
8930,OSGEPL1,6,1.7279651
8931,OSGIN1,9,1.9025443
8932,OSGIN2,8,2.275341
8933,OSMR,8,2.6258996
8934,OSR1,3,1.3228484
8935,OSR2,8,1.2576839
8936,OST4,9,4.5304303
8937,OSTC,7,3.8959022
8938,OSTF1,10,2.7113454
8939,OSTM1,8,2.5499027
8940,OSTN,5,0.17027518
8941,OTC,5,0.3829888
8942,OTOA,6,0.5159913
8943,OTOF,1,0.36015198
8944,OTOG,1,0.16526507
8945,OTOGL,5,0.25715342
8946,OTOL1,1,0.023569
8947,OTOP1,1,0.031243268
8948,OTOP2,1,0.24628873
8949,OTOP3,1,0.0568508
8950,OTOR,5,0.01565611
8951,OTOS,5,0.2905243
8952,OTP,5,0.087115094
8953,OTUB1,4,4.199804
8954,OTUB2,1,0.7664919
8955,OTUD1,10,2.567273
8956,OTUD3,3,2.118474
8957,OTUD4,9,2.8073049
8958,OTUD5,7,3.753258
8959,OTUD6A,1,0.26985914
8960,OTUD6B,10,2.0116053
8961,OTUD7A,2,1.1235656
8962,OTUD7B,3,2.1091247
8963,OTULIN,3,1.6155047
8964,OTULINL,1,1.164315
8965,OTX1,5,0.35747564
8966,OTX2,1,0.33486226
8967,OVCA2,7,4.501997
8968,OVCH2,5,0.30523166
8969,OVGP1,3,2.0763087
8970,OVOL1,6,0.6877958
8971,OVOL2,2,1.4977317
8972,OVOL3,1,0.4118721
8973,OXA1L,4,4.223258
8974,OXCT1,8,2.7367167
8975,OXGR1,1,0.28372598
8976,OXR1,10,2.8718758
8977,OXSM,2,1.3201348
8978,OXSR1,10,3.0878215
8979,OXT,1,0.87322205
8980,OXTR,5,0.45535278
8981,P2RX1,3,1.9607
8982,P2RX2,1,0.66813934
8983,P2RX3,5,0.28543916
8984,P2RX4,9,3.0291023
8985,P2RX5,3,1.8988979
8986,P2RX6,3,1.9218291
8987,P2RX7,6,1.7005563
8988,P2RY1,2,1.3236231
8989,P2RY10,5,0.3683674
8990,P2RY12,1,0.5325395
8991,P2RY13,5,1.052864
8992,P2RY14,6,0.7966381
8993,P2RY2,5,0.5688522
8994,P2RY4,1,0.10253586
8995,P2RY6,1,0.4357904
8996,P3H1,9,3.0213099
8997,P3H2,2,1.7178723
8998,P3H3,10,2.6675062
8999,P3H4,8,2.045565
9000,P3R3URF,1,0.0
9001,P4HA1,8,2.606206
9002,P4HA2,2,2.0828261
9003,P4HA3,6,1.1966139
9004,P4HB,4,5.4518704
9005,P4HTM,7,3.7156703
9006,PA2G4,7,4.08673
9007,PABPC1L,9,3.0838938
9008,PABPC4,4,4.7100086
9009,PABPC4L,5,0.3120925
9010,PABPC5,6,0.64597565
9011,PABPN1,4,4.997868
9012,PABPN1L,5,0.43016213
9013,PACC1,3,1.693864
9014,PACRG,5,1.2647704
9015,PACRGL,3,1.2213832
9016,PACS1,7,3.6377683
9017,PACS2,7,3.5961692
9018,PACSIN1,6,1.6887544
9019,PACSIN2,7,3.268379
9020,PACSIN3,8,2.3939378
9021,PADI1,5,0.21257192
9022,PADI2,8,2.222124
9023,PADI3,1,0.07184013
9024,PADI4,5,0.9740002
9025,PADI6,5,0.035255563
9026,PAF1,7,4.023376
9027,PAFAH1B1,7,3.9399252
9028,PAFAH1B2,9,2.8111284
9029,PAFAH1B3,9,2.6148925
9030,PAFAH2,2,1.9001219
9031,PAG1,8,1.8002412
9032,PAH,5,1.229976
9033,PAICS,9,2.6230917
9034,PAIP1,9,3.061813
9035,PAIP2,4,4.0128527
9036,PAIP2B,9,2.2762282
9037,PAK1,2,2.6967704
9038,PAK1IP1,2,2.0916593
9039,PAK2,9,3.0532613
9040,PAK3,1,0.92934406
9041,PAK4,8,2.2622042
9042,PAK5,1,0.6541705
9043,PAK6,3,1.5037928
9044,PALB2,2,1.619922
9045,PALD1,2,1.9888272
9046,PALLD,10,3.6125777
9047,PALM,7,3.59577
9048,PALM2AKAP2,5,0.0
9049,PALM3,6,1.4167678
9050,PALMD,8,2.882285
9051,PALS1,3,2.022409
9052,PALS2,6,1.3761986
9053,PAM,7,3.366757
9054,PAMR1,2,1.5891985
9055,PAN2,7,3.7524385
9056,PAN3,10,2.8503666
9057,PANK1,3,1.3145452
9058,PANK2,2,2.1142702
9059,PANK3,10,2.567113
9060,PANK4,7,3.1424353
9061,PANX1,8,2.196391
9062,PANX2,3,1.8351207
9063,PANX3,1,0.10301836
9064,PAOX,3,2.0192692
9065,PAPLN,8,1.9434695
9066,PAPOLA,7,3.6248033
9067,PAPOLB,1,0.3698942
9068,PAPOLG,2,1.7107008
9069,PAPPA,6,0.60370797
9070,PAPPA2,5,0.35535938
9071,PAPSS1,9,3.0940306
9072,PAPSS2,8,2.7927284
9073,PAQR3,2,2.283784
9074,PAQR4,10,2.4966047
9075,PAQR5,1,0.81292456
9076,PAQR6,3,2.0075276
9077,PAQR7,6,1.9497863
9078,PAQR8,3,1.736535
9079,PAQR9,5,0.47960076
9080,PARD3,10,2.3432965
9081,PARD3B,6,1.4776381
9082,PARD6A,10,2.5168054
9083,PARD6B,2,1.1327685
9084,PARD6G,6,1.2389798
9085,PARG,2,1.693021
9086,PARK7,4,4.698038
9087,PARL,7,3.6150413
9088,PARM1,9,2.783931
9089,PARN,10,2.3697152
9090,PARP1,4,3.9987543
9091,PARP10,7,3.3753293
9092,PARP11,6,1.5487028
9093,PARP12,10,2.7608333
9094,PARP14,2,2.7105923
9095,PARP16,3,2.2109025
9096,PARP2,7,3.47177
9097,PARP3,10,2.6718955
9098,PARP4,9,2.5823503
9099,PARP6,7,3.8416247
9100,PARP8,2,1.7581671
9101,PARP9,10,2.2337997
9102,PARPBP,6,0.6230573
9103,PARS2,6,1.2155463
9104,PARVA,3,2.4320633
9105,PARVB,9,2.6776762
9106,PARVG,3,1.9313568
9107,PASK,6,1.4642217
9108,PATE1,5,0.015090617
9109,PATE3,5,0.038637824
9110,PATJ,2,2.1135008
9111,PATL1,7,3.1384346
9112,PATL2,1,0.9084894
9113,PATZ1,2,2.439877
9114,PAWR,2,1.8404471
9115,PAX1,1,0.05246745
9116,PAX2,5,0.25999287
9117,PAX3,5,0.45367298
9118,PAX4,5,0.10374779
9119,PAX5,5,0.4295673
9120,PAX6,6,0.9793195
9121,PAX7,1,0.19544229
9122,PAX8,6,1.0201054
9123,PAX9,5,0.24339584
9124,PAXBP1,7,3.2556179
9125,PAXIP1,9,2.5006468
9126,PAXX,7,4.176051
9127,PBDC1,9,2.7712367
9128,PBK,1,0.75658494
9129,PBRM1,8,2.4060102
9130,PBX1,3,2.501328
9131,PBX2,4,3.9035947
9132,PBX3,9,2.4714859
9133,PBX4,6,1.3675264
9134,PBXIP1,7,4.020734
9135,PC,8,2.535075
9136,PCARE,1,0.16727842
9137,PCBD1,4,4.5106525
9138,PCBD2,6,1.2884005
9139,PCBP1,4,5.7137394
9140,PCBP2,4,5.399247
9141,PCBP3,3,1.9455073
9142,PCBP4,9,2.8860135
9143,PCCA,10,2.911489
9144,PCCB,8,2.7174647
9145,PCDH1,8,2.552092
9146,PCDH10,6,0.64569324
9147,PCDH12,2,1.8883045
9148,PCDH15,1,0.30582756
9149,PCDH17,2,1.5638404
9150,PCDH18,6,1.2651789
9151,PCDH19,5,0.4788847
9152,PCDH20,6,0.90975964
9153,PCDH7,1,0.8454919
9154,PCDH8,5,0.4232585
9155,PCDH9,1,0.76041186
9156,PCDHA1,6,1.4743677
9157,PCDHA10,1,0.9943825
9158,PCDHA11,2,1.4140851
9159,PCDHA13,2,1.4859223
9160,PCDHA2,2,1.4364386
9161,PCDHA3,5,1.3363119
9162,PCDHA5,3,1.3241832
9163,PCDHAC1,5,1.3407737
9164,PCDHAC2,6,1.4835335
9165,PCDHB1,1,0.07245144
9166,PCDHB13,6,0.8354977
9167,PCDHB14,3,1.4989693
9168,PCDHB15,8,1.5802159
9169,PCDHB16,6,1.1295627
9170,PCDHB2,1,0.9567315
9171,PCDHB3,1,0.86903805
9172,PCDHB6,5,0.7983183
9173,PCDHB7,6,0.9321044
9174,PCDHGA1,8,3.5862737
9175,PCDHGA10,7,3.5441542
9176,PCDHGA11,10,3.6680875
9177,PCDHGA12,9,3.838671
9178,PCDHGA2,7,3.544174
9179,PCDHGA3,4,3.8391247
9180,PCDHGA4,9,3.8299227
9181,PCDHGA5,4,3.6670449
9182,PCDHGA6,9,3.3922033
9183,PCDHGA7,4,3.7286491
9184,PCDHGA8,10,3.2902253
9185,PCDHGA9,7,3.8296404
9186,PCDHGB1,4,3.8466835
9187,PCDHGB2,4,3.8467917
9188,PCDHGB4,7,3.514135
9189,PCDHGB5,7,3.8446305
9190,PCDHGB6,7,3.5358708
9191,PCDHGB7,7,3.8464646
9192,PCDHGC3,4,4.5437174
9193,PCDHGC4,1,0.0
9194,PCDHGC5,10,3.8083062
9195,PCED1A,7,3.6084445
9196,PCED1B,3,1.067787
9197,PCF11,8,3.06943
9198,PCGF1,10,2.8624167
9199,PCGF2,9,2.6253572
9200,PCGF3,9,3.0204268
9201,PCGF5,3,2.5562165
9202,PCGF6,2,2.1067762
9203,PCID2,7,3.6223836
9204,PCIF1,4,3.4902446
9205,PCK1,5,1.4219213
9206,PCK2,8,2.71344
9207,PCLAF,6,1.6324583
9208,PCLO,5,0.8664228
9209,PCM1,9,3.242476
9210,PCMT1,4,4.1357317
9211,PCMTD1,10,2.870301
9212,PCMTD2,8,2.8620923
9213,PCNA,9,3.6379895
9214,PCNP,4,4.3116374
9215,PCNT,9,2.7994235
9216,PCNX2,3,1.6097648
9217,PCNX3,9,2.9904275
9218,PCNX4,2,1.8365842
9219,PCOLCE,10,3.7733312
9220,PCOLCE2,6,2.0823765
9221,PCP2,3,1.7369939
9222,PCP4,3,1.8731989
9223,PCP4L1,6,1.2244301
9224,PCSK1,5,0.64008784
9225,PCSK1N,3,2.56506
9226,PCSK2,2,1.1493005
9227,PCSK4,3,1.8060491
9228,PCSK5,3,1.0456496
9229,PCSK6,9,2.412437
9230,PCSK7,4,4.2604403
9231,PCSK9,1,1.2379229
9232,PCTP,10,2.610987
9233,PCYOX1,9,3.107332
9234,PCYOX1L,3,2.3566077
9235,PCYT1A,9,3.2063498
9236,PCYT1B,5,0.9274307
9237,PCYT2,7,3.0438893
9238,PDAP1,4,4.1334405
9239,PDC,1,0.1895733
9240,PDCD1,6,0.7435837
9241,PDCD10,2,2.154646
9242,PDCD11,8,2.6671495
9243,PDCD1LG2,6,0.9449031
9244,PDCD2,2,2.580986
9245,PDCD2L,8,2.3809807
9246,PDCD4,10,3.4551432
9247,PDCD5,4,3.9411585
9248,PDCD6,7,4.1136484
9249,PDCD7,9,2.8270733
9250,PDCL,6,1.7857058
9251,PDCL2,5,0.4853558
9252,PDCL3,2,2.466058
9253,PDE10A,6,0.85156405
9254,PDE11A,5,0.5117814
9255,PDE12,6,1.6192786
9256,PDE1A,6,1.3960106
9257,PDE1B,6,2.3305895
9258,PDE1C,3,1.0608404
9259,PDE2A,7,3.191992
9260,PDE3A,6,1.272883
9261,PDE3B,2,1.9008579
9262,PDE4A,2,2.6639538
9263,PDE4B,9,2.1993694
9264,PDE4C,6,1.1314471
9265,PDE4D,6,1.6690228
9266,PDE4DIP,3,2.761918
9267,PDE5A,6,1.9426442
9268,PDE6A,5,0.27958426
9269,PDE6B,2,1.3644181
9270,PDE6C,5,0.5087639
9271,PDE6D,7,3.2167358
9272,PDE6G,5,0.6113671
9273,PDE6H,1,0.17223692
9274,PDE7A,3,2.2352374
9275,PDE7B,6,1.2284558
9276,PDE8A,2,2.7510061
9277,PDE8B,3,1.9230905
9278,PDE9A,3,2.0416675
9279,PDF,8,2.1051416
9280,PDGFA,8,2.800507
9281,PDGFB,3,2.4855711
9282,PDGFC,3,1.8093321
9283,PDGFD,2,1.5865453
9284,PDGFRA,8,2.506188
9285,PDGFRB,10,3.5768976
9286,PDGFRL,8,2.9002187
9287,PDHA1,7,3.8560376
9288,PDHA2,5,0.49000862
9289,PDHB,7,4.2175694
9290,PDHX,8,3.1453326
9291,PDIA2,6,2.4534762
9292,PDIA3,7,4.151409
9293,PDIA4,7,3.7237937
9294,PDIA5,10,3.0008466
9295,PDIA6,4,4.281894
9296,PDIK1L,2,1.5851613
9297,PDILT,5,0.39429462
9298,PDK1,2,1.3289509
9299,PDK2,7,3.7492187
9300,PDK3,5,0.6756147
9301,PDK4,4,4.526734
9302,PDLIM1,4,4.5855002
9303,PDLIM2,9,2.5608265
9304,PDLIM3,10,3.6316125
9305,PDLIM4,3,1.9553185
9306,PDLIM5,9,2.9208238
9307,PDLIM7,7,3.5538518
9308,PDP1,2,1.868063
9309,PDP2,2,1.5990685
9310,PDPK1,10,2.931019
9311,PDPR,8,2.840872
9312,PDRG1,9,2.885802
9313,PDS5A,9,2.9745111
9314,PDS5B,9,2.2353752
9315,PDSS1,3,1.9143095
9316,PDSS2,2,1.981975
9317,PDX1,1,0.26679328
9318,PDXDC1,4,3.601178
9319,PDXK,7,3.3402274
9320,PDXP,7,3.3379512
9321,PDYN,5,0.37595528
9322,PDZD11,8,2.8906412
9323,PDZD2,2,1.794628
9324,PDZD4,3,2.6618068
9325,PDZD7,1,1.346786
9326,PDZD8,3,2.3026447
9327,PDZD9,5,0.657766
9328,PDZK1,5,0.91247046
9329,PDZK1IP1,6,1.1842726
9330,PDZRN3,3,2.0278614
9331,PDZRN4,1,0.6741236
9332,PEA15,7,3.947125
9333,PEAK1,2,2.0962296
9334,PEAR1,2,2.5465512
9335,PECAM1,7,3.3807368
9336,PECR,3,2.094585
9337,PEDS1,8,2.3646953
9338,PEF1,7,4.286837
9339,PEG3,3,1.8886772
9340,PELI1,8,2.359185
9341,PELI2,3,2.1089077
9342,PELI3,8,1.8787414
9343,PELO,2,2.1450622
9344,PELP1,2,3.3024993
9345,PEMT,7,3.5374727
9346,PENK,1,1.1467063
9347,PEPD,9,3.4672444
9348,PER1,7,4.4415317
9349,PER2,10,2.1799576
9350,PER3,9,2.5532515
9351,PERCC1,1,0.0
9352,PERM1,5,1.1654903
9353,PERP,10,2.7184181
9354,PES1,10,3.4843345
9355,PET100,10,3.3680415
9356,PET117,9,2.8822925
9357,PEX1,9,2.828901
9358,PEX10,7,3.7530327
9359,PEX11A,3,2.148398
9360,PEX11B,9,3.4785106
9361,PEX11G,6,1.763841
9362,PEX12,2,1.9170483
9363,PEX13,3,2.0437722
9364,PEX14,10,3.275637
9365,PEX16,8,2.9711592
9366,PEX19,7,3.5719657
9367,PEX2,3,1.8336254
9368,PEX26,10,2.2328653
9369,PEX3,3,2.2113972
9370,PEX5,7,3.1669343
9371,PEX5L,5,0.7793476
9372,PEX6,10,2.881293
9373,PEX7,6,1.5968325
9374,PFAS,3,2.3319283
9375,PFDN1,4,4.0455785
9376,PFDN2,4,4.5066695
9377,PFDN4,9,2.624002
9378,PFDN5,4,5.952706
9379,PFDN6,9,2.7739704
9380,PFKFB1,6,0.91413814
9381,PFKFB2,2,2.020589
9382,PFKFB3,9,3.8415442
9383,PFKFB4,9,1.9836223
9384,PFKL,4,4.370026
9385,PFKM,9,3.3355894
9386,PFKP,9,3.3314872
9387,PFN1,4,5.1281567
9388,PFN2,8,3.5362654
9389,PFN3,5,0.39158428
9390,PFN4,1,0.74214137
9391,PGAM2,4,3.9912372
9392,PGAM5,8,2.7879486
9393,PGAP1,2,1.4146651
9394,PGAP2,8,2.680561
9395,PGAP3,10,3.103448
9396,PGAP4,10,1.9016521
9397,PGAP6,7,3.6930425
9398,PGBD5,2,1.4162728
9399,PGC,6,1.869284
9400,PGD,4,4.1222477
9401,PGF,2,2.0251544
9402,PGGHG,4,3.8380516
9403,PGGT1B,3,1.5881912
9404,PGK1,4,4.4971485
9405,PGK2,1,0.6212218
9406,PGLS,4,4.0139375
9407,PGLYRP1,5,1.1275876
9408,PGLYRP2,5,0.62351555
9409,PGLYRP3,5,0.054662336
9410,PGLYRP4,1,0.0881712
9411,PGM1,7,3.9584963
9412,PGM2,3,2.1901553
9413,PGM2L1,3,1.3564436
9414,PGM3,8,2.6558943
9415,PGM5,3,1.8959036
9416,PGP,10,3.2480094
9417,PGPEP1,3,2.44082
9418,PGR,6,0.7188328
9419,PGRMC1,7,4.0845833
9420,PGRMC2,9,3.281351
9421,PGS1,8,2.628693
9422,PHACTR1,6,1.7762408
9423,PHACTR2,3,1.7151161
9424,PHACTR3,6,1.537003
9425,PHACTR4,2,2.4822385
9426,PHAF1,3,3.0548363
9427,PHAX,3,2.598581
9428,PHB2,4,4.988337
9429,PHC1,9,2.772059
9430,PHC2,4,4.2651067
9431,PHC3,2,2.1590228
9432,PHETA1,3,1.9580414
9433,PHETA2,6,1.3165417
9434,PHEX,5,0.3648479
9435,PHF1,4,4.3854403
9436,PHF10,7,3.4394424
9437,PHF12,10,2.7294223
9438,PHF13,9,2.6490216
9439,PHF14,2,1.6392412
9440,PHF19,8,2.340274
9441,PHF2,10,3.2498002
9442,PHF20,9,2.7013612
9443,PHF20L1,10,2.5371609
9444,PHF21A,10,2.5803998
9445,PHF21B,6,0.73434734
9446,PHF23,10,3.17251
9447,PHF24,3,1.3260652
9448,PHF3,6,2.0823617
9449,PHF5A,7,3.3375845
9450,PHF6,2,1.4926836
9451,PHF7,3,2.027029
9452,PHF8,10,2.802637
9453,PHGDH,8,3.1775327
9454,PHIP,8,2.3510664
9455,PHKA1,2,1.9536104
9456,PHKA2,8,3.1020544
9457,PHKB,8,3.2697945
9458,PHKG1,10,2.9093003
9459,PHKG2,8,2.8238661
9460,PHLDA1,9,2.6528378
9461,PHLDA2,2,1.3903006
9462,PHLDA3,9,3.0982022
9463,PHLDB1,7,3.6951954
9464,PHLDB2,2,1.7843759
9465,PHLDB3,6,1.4490545
9466,PHLPP1,8,2.291194
9467,PHLPP2,2,1.6268313
9468,PHOSPHO1,3,1.4553423
9469,PHOSPHO2,5,0.56697816
9470,PHOX2A,1,0.1792183
9471,PHOX2B,5,0.027101034
9472,PHPT1,4,4.966324
9473,PHRF1,9,3.059617
9474,PHTF1,2,2.2308571
9475,PHTF2,3,2.1116736
9476,PHYH,10,3.6183841
9477,PHYHD1,8,2.997125
9478,PHYHIP,8,2.585338
9479,PHYHIPL,2,2.2749033
9480,PHYKPL,7,3.037512
9481,PI15,5,0.501508
9482,PI16,6,1.5915513
9483,PI4K2A,9,2.8399293
9484,PI4K2B,8,2.2498236
9485,PI4KA,4,3.8251839
9486,PI4KB,7,3.5163116
9487,PIANP,6,1.4596428
9488,PIAS1,10,2.5408187
9489,PIAS2,3,1.9519376
9490,PIAS3,7,3.4996443
9491,PIAS4,10,2.9978395
9492,PIBF1,2,1.7951086
9493,PICALM,4,4.1707478
9494,PICK1,7,3.6869137
9495,PID1,8,2.6757898
9496,PIDD1,7,3.4182374
9497,PIEZO1,10,3.2705092
9498,PIEZO2,1,0.80761683
9499,PIF1,5,0.96051776
9500,PIGA,8,1.995972
9501,PIGB,10,2.6254237
9502,PIGBOS1,10,2.5365922
9503,PIGC,2,2.6864433
9504,PIGF,10,3.0848987
9505,PIGG,9,3.0556629
9506,PIGH,7,3.1894126
9507,PIGK,8,2.037582
9508,PIGL,8,3.4228425
9509,PIGM,3,1.2945564
9510,PIGN,3,1.1219292
9511,PIGO,3,2.1400833
9512,PIGP,2,1.9919456
9513,PIGQ,10,3.0546637
9514,PIGR,6,0.9892202
9515,PIGS,7,3.4367983
9516,PIGT,7,3.9533281
9517,PIGU,7,2.7764592
9518,PIGV,6,1.5169268
9519,PIGW,8,1.6619109
9520,PIGX,3,2.3163476
9521,PIH1D1,7,3.8967986
9522,PIH1D2,2,1.0421851
9523,PIK3AP1,2,1.6948261
9524,PIK3C2A,9,2.7607098
9525,PIK3C2B,8,2.2341864
9526,PIK3C2G,5,0.31351325
9527,PIK3C3,2,1.9830298
9528,PIK3CA,3,2.0303533
9529,PIK3CB,3,2.3091094
9530,PIK3CD,3,2.083671
9531,PIK3CG,5,0.592604
9532,PIK3IP1,10,3.5247993
9533,PIK3R1,9,2.7705755
9534,PIK3R2,4,4.0469594
9535,PIK3R3,9,3.027977
9536,PIK3R4,9,2.50777
9537,PIK3R5,2,1.768291
9538,PIK3R6,6,1.0662855
9539,PIKFYVE,8,2.4197252
9540,PIM1,10,3.49814
9541,PIM2,9,2.6361415
9542,PIM3,7,4.364359
9543,PIMREG,5,0.9517067
9544,PIN4,3,2.1530387
9545,PINK1,4,4.818486
9546,PINLYP,3,1.2474501
9547,PINX1,2,1.9375963
9548,PIP4K2A,9,2.9760103
9549,PIP4K2B,7,3.7035792
9550,PIP4K2C,10,3.1698241
9551,PIP4P1,7,3.8758218
9552,PIP4P2,3,1.9697638
9553,PIP5K1A,7,3.2805665
9554,PIP5K1B,6,1.8956506
9555,PIP5K1C,9,3.4694421
9556,PIP5KL1,6,0.9544235
9557,PIPOX,6,1.4272054
9558,PIR,2,2.045128
9559,PIRT,1,0.31843928
9560,PITHD1,10,4.1513863
9561,PITPNA,7,3.9403791
9562,PITPNB,10,3.628457
9563,PITPNM1,7,3.1314306
9564,PITPNM2,8,2.7406247
9565,PITPNM3,6,2.0968502
9566,PITRM1,7,4.119551
9567,PITX1,2,0.7735422
9568,PITX2,1,0.40870577
9569,PITX3,5,0.4938145
9570,PIWIL1,5,0.5423837
9571,PIWIL2,6,0.9556516
9572,PIWIL4,6,1.6346812
9573,PJA1,10,2.857108
9574,PJA2,7,3.7881534
9575,PJVK,3,1.2413658
9576,PKD1,9,3.7914302
9577,PKD1L1,5,0.41989738
9578,PKD1L2,5,0.6359922
9579,PKD2,10,2.748058
9580,PKD2L1,5,0.68371904
9581,PKD2L2,6,1.5368164
9582,PKDCC,8,3.6535234
9583,PKDREJ,5,0.33874547
9584,PKHD1,1,0.37422568
9585,PKHD1L1,5,0.36546418
9586,PKIA,8,1.8427873
9587,PKIB,5,0.54873776
9588,PKIG,9,2.7155836
9589,PKLR,5,0.6369808
9590,PKM,4,4.6808662
9591,PKMYT1,9,2.251992
9592,PKN1,7,4.3692822
9593,PKN2,3,2.6171877
9594,PKN3,3,2.3436093
9595,PKNOX1,3,1.8733605
9596,PKNOX2,3,1.8828537
9597,PKP1,6,1.0643117
9598,PKP2,2,1.6275405
9599,PKP3,6,1.0842575
9600,PKP4,9,3.0338802
9601,PLA1A,3,1.9190445
9602,PLA2G10,6,0.85136276
9603,PLA2G12A,8,2.5314045
9604,PLA2G12B,5,0.37795094
9605,PLA2G15,10,3.0772943
9606,PLA2G1B,6,2.2872527
9607,PLA2G2C,5,0.094179615
9608,PLA2G2D,1,0.24212201
9609,PLA2G2E,1,0.021640792
9610,PLA2G2F,5,0.06567008
9611,PLA2G3,1,0.3097675
9612,PLA2G4A,2,1.3245769
9613,PLA2G4B,7,3.5783062
9614,PLA2G4C,10,2.8595734
9615,PLA2G4D,5,0.09649268
9616,PLA2G4E,5,0.20987538
9617,PLA2G4F,5,0.52731633
9618,PLA2G5,5,0.9117524
9619,PLA2G6,9,3.0681648
9620,PLA2G7,5,1.183808
9621,PLA2R1,1,1.0506562
9622,PLAA,8,2.5264735
9623,PLAAT1,6,0.9410757
9624,PLAAT3,8,3.5827613
9625,PLAAT5,6,1.4117856
9626,PLAC8,5,0.5751024
9627,PLAC8L1,1,0.6177314
9628,PLAC9,9,2.5882404
9629,PLAG1,3,1.0135062
9630,PLAGL2,3,2.0823958
9631,PLAT,3,2.3380685
9632,PLAU,5,2.0295446
9633,PLAUR,10,1.8831344
9634,PLB1,6,1.1665573
9635,PLBD1,10,2.5351057
9636,PLBD2,10,3.4328563
9637,PLCB1,2,1.2722043
9638,PLCB2,3,2.2203448
9639,PLCB3,3,2.6022341
9640,PLCB4,3,1.3904663
9641,PLCD1,8,2.8010995
9642,PLCD3,8,2.4433053
9643,PLCD4,3,2.003453
9644,PLCE1,2,1.3495063
9645,PLCG1,7,3.5189984
9646,PLCG2,3,1.5106838
9647,PLCH1,6,0.96312267
9648,PLCH2,2,2.0212605
9649,PLCL1,3,1.3430767
9650,PLCL2,2,2.5191948
9651,PLCXD1,3,1.7700843
9652,PLCXD2,1,0.7771281
9653,PLCXD3,3,1.403929
9654,PLCZ1,5,0.43765283
9655,PLD1,3,1.7795192
9656,PLD2,9,2.7961702
9657,PLD3,7,3.9858959
9658,PLD4,2,1.6533855
9659,PLD5,2,0.46729943
9660,PLD6,2,2.251467
9661,PLEC,7,3.953089
9662,PLEK,2,2.0595007
9663,PLEK2,5,0.6426274
9664,PLEKHA1,8,2.5865166
9665,PLEKHA2,10,2.2812617
9666,PLEKHA3,6,1.4753798
9667,PLEKHA4,8,2.536212
9668,PLEKHA5,8,1.7646512
9669,PLEKHA6,2,2.1720645
9670,PLEKHA7,8,1.9632537
9671,PLEKHA8,3,1.2886306
9672,PLEKHB1,3,2.720194
9673,PLEKHB2,7,3.2890081
9674,PLEKHD1,6,0.6594232
9675,PLEKHF1,3,2.1695487
9676,PLEKHF2,8,2.1297264
9677,PLEKHG1,3,1.9216838
9678,PLEKHG2,9,2.2684205
9679,PLEKHG3,10,2.823808
9680,PLEKHG4,8,1.6465355
9681,PLEKHG5,9,2.7556121
9682,PLEKHG6,1,0.63198054
9683,PLEKHH1,3,2.2784872
9684,PLEKHH2,9,2.0057757
9685,PLEKHH3,7,3.418697
9686,PLEKHJ1,8,3.124775
9687,PLEKHM1,8,2.3971283
9688,PLEKHM2,4,4.1672378
9689,PLEKHM3,2,1.5346272
9690,PLEKHN1,6,0.8569292
9691,PLEKHO1,7,3.725043
9692,PLEKHO2,10,2.600115
9693,PLEKHS1,6,0.5361809
9694,PLG,1,0.758481
9695,PLGRKT,8,1.3020117
9696,PLIN1,3,1.9316984
9697,PLIN2,10,3.7636843
9698,PLIN3,7,3.2989228
9699,PLIN4,2,3.0853379
9700,PLIN5,3,2.8426142
9701,PLK1,2,1.9933172
9702,PLK2,7,3.331833
9703,PLK3,2,2.559566
9704,PLK4,6,0.78497237
9705,PLLP,8,2.7972293
9706,PLN,6,2.260463
9707,PLOD1,7,3.672353
9708,PLOD2,9,2.2952762
9709,PLOD3,10,3.3506982
9710,PLP1,5,1.8851918
9711,PLPBP,7,3.4624038
9712,PLPP1,7,4.0778747
9713,PLPP2,6,1.5384917
9714,PLPP3,4,4.141353
9715,PLPP4,6,0.6238016
9716,PLPP5,10,3.1393454
9717,PLPP6,3,2.1396508
9718,PLPP7,3,2.2584617
9719,PLPPR1,1,0.6532795
9720,PLPPR2,10,3.5902863
9721,PLPPR3,5,0.77621156
9722,PLPPR4,6,1.0157932
9723,PLPPR5,5,0.39502767
9724,PLRG1,7,3.1691968
9725,PLS1,6,0.74260443
9726,PLS3,8,3.2550828
9727,PLSCR3,8,2.8317323
9728,PLSCR4,8,2.758577
9729,PLSCR5,1,0.05172057
9730,PLTP,4,4.0039825
9731,PLVAP,3,3.2161298
9732,PLXDC1,6,1.9405544
9733,PLXDC2,3,1.8709875
9734,PLXNA1,10,2.8382683
9735,PLXNA2,2,2.5043848
9736,PLXNA3,2,2.3841321
9737,PLXNA4,6,1.1457598
9738,PLXNB1,9,3.4446716
9739,PLXNB2,7,4.0164347
9740,PLXNB3,6,2.109847
9741,PLXNC1,8,1.8173896
9742,PLXND1,9,3.285962
9743,PM20D1,5,0.62997377
9744,PM20D2,10,2.3422985
9745,PMCH,1,0.76297575
9746,PMEL,5,1.1108063
9747,PMEPA1,3,2.3964238
9748,PMF1,10,3.622551
9749,PMFBP1,6,2.023093
9750,PML,9,2.6739562
9751,PMM1,7,3.5046492
9752,PMM2,9,2.856717
9753,PMP2,5,1.1588832
9754,PMP22,3,2.800625
9755,PMPCA,7,3.709851
9756,PMPCB,7,3.067623
9757,PMS1,6,1.6723688
9758,PMS2,3,1.5126508
9759,PMVK,10,3.761706
9760,PNCK,2,1.4013708
9761,PNISR,4,4.229761
9762,PNKD,7,3.5222554
9763,PNKP,4,4.351415
9764,PNLDC1,1,0.8112526
9765,PNLIP,2,2.3658395
9766,PNLIPRP1,6,1.4452654
9767,PNLIPRP2,1,1.3754936
9768,PNMA1,7,3.4525716
9769,PNMA2,6,1.4645088
9770,PNMA3,3,1.6268672
9771,PNMA8A,2,1.9160404
9772,PNMA8B,6,1.5682428
9773,PNMA8C,1,0.0
9774,PNMT,9,1.8910397
9775,PNN,4,4.427484
9776,PNO1,8,2.5972283
9777,PNOC,1,0.3887899
9778,PNPLA1,5,0.18562838
9779,PNPLA2,4,5.0118046
9780,PNPLA3,2,1.5533053
9781,PNPLA5,5,0.12282548
9782,PNPLA6,7,3.623035
9783,PNPLA7,8,2.935021
9784,PNPLA8,8,2.7041152
9785,PNPO,8,2.5360818
9786,PNPT1,8,2.6249537
9787,PNRC1,4,4.350214
9788,PNRC2,10,3.5823514
9789,POC1A,6,1.1730489
9790,POC1B,2,2.1695974
9791,POC5,8,2.0130146
9792,PODN,3,1.7924595
9793,PODNL1,1,0.89038336
9794,PODXL2,3,2.4142618
9795,POF1B,6,0.5248699
9796,POFUT1,10,2.5727208
9797,POFUT2,8,2.9233732
9798,POGK,2,2.2700899
9799,POGLUT1,8,2.2745125
9800,POGLUT2,5,1.0719438
9801,POGLUT3,3,2.1853848
9802,POGZ,7,3.4295733
9803,POLA1,3,1.552898
9804,POLA2,2,1.9606724
9805,POLB,8,3.251525
9806,POLD1,2,2.2195325
9807,POLD2,9,3.6312535
9808,POLD4,7,3.9409208
9809,POLDIP2,7,4.195803
9810,POLDIP3,7,3.859338
9811,POLE,10,2.9474845
9812,POLE2,6,0.94957787
9813,POLE3,7,3.6756184
9814,POLE4,7,3.6136801
9815,POLG,8,3.3707006
9816,POLG2,10,2.8040507
9817,POLH,2,1.1867484
9818,POLI,8,2.3231103
9819,POLK,3,1.4866531
9820,POLL,8,2.4785526
9821,POLM,3,2.6728187
9822,POLN,3,1.5617607
9823,POLQ,5,0.45275947
9824,POLR1A,8,2.0794837
9825,POLR1B,6,1.651015
9826,POLR1C,8,2.5800898
9827,POLR1D,9,2.729295
9828,POLR1E,9,2.623951
9829,POLR1F,6,1.9907117
9830,POLR1H,7,3.3756192
9831,POLR2A,7,4.3544626
9832,POLR2B,7,3.8771076
9833,POLR2C,7,4.18934
9834,POLR2D,3,2.4701471
9835,POLR2E,7,3.7355113
9836,POLR2F,10,2.98943
9837,POLR2G,4,4.2605557
9838,POLR2H,10,3.328278
9839,POLR2I,4,4.9747367
9840,POLR2K,7,3.2228193
9841,POLR2L,4,5.134416
9842,POLR2M,10,2.893623
9843,POLR3A,8,2.2929828
9844,POLR3B,2,1.7209256
9845,POLR3C,6,2.0136547
9846,POLR3D,10,2.2647438
9847,POLR3E,10,3.136323
9848,POLR3F,8,2.4458318
9849,POLR3H,7,4.075294
9850,POLRMT,7,3.4852593
9851,POMC,2,2.0212321
9852,POMGNT1,4,3.6540692
9853,POMGNT2,8,2.919995
9854,POMK,1,0.22650132
9855,POMP,7,3.6109936
9856,POMT1,7,3.4378467
9857,POMT2,10,2.78927
9858,PON1,5,0.7193438
9859,PON2,7,4.0355372
9860,PON3,6,1.3475599
9861,POP1,3,1.2116302
9862,POP4,7,2.939195
9863,POP5,10,3.2253618
9864,POP7,9,3.1381226
9865,POPDC2,2,1.7729126
9866,POPDC3,6,1.0446949
9867,POR,9,3.318681
9868,PORCN,9,2.3755507
9869,POSTN,2,1.9131092
9870,POU1F1,1,0.09550424
9871,POU2AF1,5,1.1200619
9872,POU2F1,2,1.7992209
9873,POU2F2,3,1.3857121
9874,POU2F3,5,0.2826038
9875,POU3F1,5,0.3255909
9876,POU3F2,5,0.4742107
9877,POU3F3,5,0.7861671
9878,POU3F4,1,0.2794206
9879,POU4F1,5,0.22171135
9880,POU4F2,1,0.13949205
9881,POU4F3,1,0.03604164
9882,POU5F2,5,0.2238028
9883,POU6F1,8,2.5110655
9884,POU6F2,5,0.30671486
9885,PP2D1,3,1.457526
9886,PPA1,4,4.839613
9887,PPA2,7,3.500108
9888,PPAN,10,3.133419
9889,PPARA,2,1.8791479
9890,PPARD,8,2.4449215
9891,PPARG,6,1.3198068
9892,PPARGC1A,2,1.7834827
9893,PPARGC1B,6,1.2253228
9894,PPAT,3,1.7568083
9895,PPCDC,3,1.8264792
9896,PPCS,10,3.0232127
9897,PPDPF,7,3.850361
9898,PPEF1,5,0.5343276
9899,PPEF2,6,0.30461654
9900,PPFIA1,7,3.193263
9901,PPFIA2,6,1.1697403
9902,PPFIA3,3,2.0087502
9903,PPFIA4,8,2.022517
9904,PPFIBP1,10,2.5306354
9905,PPFIBP2,2,2.4061997
9906,PPHLN1,9,2.762774
9907,PPIB,4,5.469061
9908,PPIC,8,2.767718
9909,PPID,10,3.7418935
9910,PPIE,8,2.7738502
9911,PPIF,7,4.1451373
9912,PPIG,9,2.8476572
9913,PPIH,3,1.681727
9914,PPIL1,9,3.009327
9915,PPIL2,7,3.2152016
9916,PPIL3,8,2.5777142
9917,PPIL4,3,2.6563103
9918,PPIL6,5,1.2168461
9919,PPIP5K1,9,2.3150845
9920,PPIP5K2,3,1.6701833
9921,PPL,9,2.402524
9922,PPM1A,3,2.1885815
9923,PPM1B,10,2.9405348
9924,PPM1D,6,1.7604004
9925,PPM1E,6,0.9590968
9926,PPM1F,8,2.793925
9927,PPM1G,4,4.329118
9928,PPM1H,6,1.5289655
9929,PPM1J,2,1.897085
9930,PPM1K,8,2.5453522
9931,PPM1L,2,1.7790846
9932,PPM1M,3,2.8857148
9933,PPM1N,5,1.4133333
9934,PPME1,7,3.4431028
9935,PPOX,8,2.840869
9936,PPP1CA,4,4.533686
9937,PPP1CB,4,4.1361623
9938,PPP1CC,7,3.8286173
9939,PPP1R10,9,2.7327156
9940,PPP1R11,10,3.7085402
9941,PPP1R12A,9,3.087664
9942,PPP1R12B,9,2.8075027
9943,PPP1R12C,4,4.629576
9944,PPP1R13B,8,3.1464307
9945,PPP1R13L,8,2.4267185
9946,PPP1R14A,7,3.390508
9947,PPP1R14C,3,1.8236599
9948,PPP1R14D,1,0.132829
9949,PPP1R15B,8,2.963384
9950,PPP1R16A,7,3.2182271
9951,PPP1R16B,6,2.1413743
9952,PPP1R17,6,0.6185985
9953,PPP1R18,10,2.9964833
9954,PPP1R1A,10,2.9477644
9955,PPP1R1B,6,2.5322208
9956,PPP1R1C,5,0.8263457
9957,PPP1R21,7,2.8499467
9958,PPP1R26,2,1.920732
9959,PPP1R27,5,0.9639262
9960,PPP1R35,7,3.6322863
9961,PPP1R36,6,1.1463165
9962,PPP1R37,7,3.4003398
9963,PPP1R3A,1,0.6964224
9964,PPP1R3B,8,2.6359484
9965,PPP1R3C,8,3.0590892
9966,PPP1R3D,3,1.6679435
9967,PPP1R3E,9,2.5878613
9968,PPP1R3F,2,2.182825
9969,PPP1R3G,5,1.073649
9970,PPP1R42,3,2.542034
9971,PPP1R8,10,3.013516
9972,PPP1R9A,3,1.4999743
9973,PPP1R9B,7,3.784317
9974,PPP2CA,7,3.7030673
9975,PPP2CB,7,4.22951
9976,PPP2R1A,10,4.1805034
9977,PPP2R1B,9,2.7262604
9978,PPP2R2A,9,3.1339006
9979,PPP2R2B,3,0.93929607
9980,PPP2R2C,3,1.3944858
9981,PPP2R2D,8,3.0382993
9982,PPP2R3A,2,1.4629501
9983,PPP2R3C,9,2.9743764
9984,PPP2R5A,7,3.5749025
9985,PPP2R5B,7,3.175562
9986,PPP2R5C,8,3.1579616
9987,PPP2R5D,7,3.8203883
9988,PPP2R5E,3,2.2328885
9989,PPP3CA,10,3.112646
9990,PPP3CB,7,3.4394405
9991,PPP3CC,10,3.1465912
9992,PPP3R1,9,3.674079
9993,PPP3R2,1,0.45788428
9994,PPP4C,7,4.181853
9995,PPP4R1,10,3.335059
9996,PPP4R3A,7,3.3906393
9997,PPP4R3B,10,3.1171587
9998,PPP4R4,6,1.0242293
9999,PPP5C,7,4.061551
10000,PPP6C,9,3.3605928
10001,PPP6R1,7,3.559193
10002,PPP6R2,7,3.8139775
10003,PPP6R3,7,3.2970483
10004,PPRC1,8,2.8468668
10005,PPT2,9,2.9258194
10006,PPTC7,8,2.9619572
10007,PPWD1,10,3.3852832
10008,PPY,5,0.35383612
10009,PQBP1,9,3.3548207
10010,PRADC1,10,3.7295325
10011,PRAF2,10,3.3533425
10012,PRAG1,8,2.106027
10013,PRAM1,6,1.8294961
10014,PRC1,9,1.9119409
10015,PRCC,9,3.730997
10016,PRCD,9,2.4067988
10017,PRCP,9,3.1061873
10018,PRDM1,6,1.2595624
10019,PRDM10,6,1.6975261
10020,PRDM11,2,1.3723083
10021,PRDM12,5,0.17015503
10022,PRDM13,1,0.0459684
10023,PRDM14,1,0.03013442
10024,PRDM15,2,1.6303695
10025,PRDM16,3,1.0557787
10026,PRDM2,9,2.686637
10027,PRDM4,9,2.6958833
10028,PRDM5,6,1.0328048
10029,PRDM6,5,0.4498265
10030,PRDM8,6,1.2663574
10031,PRDX1,4,4.506824
10032,PRDX2,4,5.1440396
10033,PRDX3,4,4.685746
10034,PRDX4,7,4.0432935
10035,PRDX5,4,5.548786
10036,PREB,7,4.2841287
10037,PRELID1,4,4.423044
10038,PRELID2,5,0.20245059
10039,PRELID3A,2,1.4782513
10040,PRELID3B,10,3.1702976
10041,PRELP,8,3.4612167
10042,PREP,9,2.3325925
10043,PREPL,7,3.0882332
10044,PREX1,9,2.968606
10045,PREX2,3,1.456265
10046,PRF1,1,1.1127324
10047,PRG2,6,0.9726035
10048,PRG3,1,0.19146104
10049,PRG4,6,2.1841497
10050,PRICKLE1,6,1.4762421
10051,PRICKLE2,2,1.6659839
10052,PRICKLE3,8,1.9410795
10053,PRICKLE4,4,4.35686
10054,PRIM1,3,1.6244028
10055,PRIM2,6,1.2245376
10056,PRIMA1,6,1.1283925
10057,PRIMPOL,8,1.9995046
10058,PRKAA1,9,3.1230457
10059,PRKAA2,6,1.5736884
10060,PRKAB1,10,3.3213234
10061,PRKAB2,7,3.0671484
10062,PRKACA,4,4.153345
10063,PRKACB,10,2.4479077
10064,PRKAG1,7,3.975254
10065,PRKAG2,8,2.7156339
10066,PRKAG3,1,0.31277916
10067,PRKAR1A,4,4.2578106
10068,PRKAR1B,10,2.6724122
10069,PRKAR2A,8,2.7920237
10070,PRKAR2B,3,2.6063855
10071,PRKCA,6,2.052947
10072,PRKCB,6,1.966099
10073,PRKCD,8,2.4409044
10074,PRKCE,8,2.3209572
10075,PRKCG,6,1.1693697
10076,PRKCH,3,2.6537032
10077,PRKCI,2,2.2851512
10078,PRKCQ,3,1.2259995
10079,PRKCSH,7,4.1678457
10080,PRKCZ,10,3.2329028
10081,PRKD1,8,1.8365653
10082,PRKD2,8,2.9536731
10083,PRKD3,9,2.6052709
10084,PRKDC,2,2.7729619
10085,PRKG1,2,1.2196238
10086,PRKG2,1,0.41076225
10087,PRKN,6,1.4059293
10088,PRKRA,9,3.5682676
10089,PRKRIP1,7,3.1914806
10090,PRKX,6,1.5227461
10091,PRLH,5,0.03437899
10092,PRLHR,5,0.09698464
10093,PRLR,5,0.3483436
10094,PRM2,6,1.8862032
10095,PRM3,1,0.5062625
10096,PRMT1,4,4.563852
10097,PRMT2,10,3.2637317
10098,PRMT3,2,2.2793403
10099,PRMT5,7,3.607193
10100,PRMT6,8,1.9825052
10101,PRMT7,10,2.915657
10102,PRMT8,6,0.97190976
10103,PRMT9,8,1.6881701
10104,PRND,1,0.5869579
10105,PRNP,4,4.1434836
10106,PROB1,2,1.5259743
10107,PROCR,8,2.574824
10108,PRODH2,1,0.8079475
10109,PROK1,6,1.0248314
10110,PROK2,3,1.2381395
10111,PROKR2,5,0.03400166
10112,PROM1,6,0.7334912
10113,PROM2,6,0.8493078
10114,PROP1,1,0.065564804
10115,PRORP,9,3.3948078
10116,PROS1,9,2.6137223
10117,PROSER1,9,2.830741
10118,PROSER2,3,1.6459726
10119,PROSER3,2,1.8098912
10120,PROX1,8,1.5683837
10121,PROX2,5,0.5412876
10122,PROZ,5,0.90555274
10123,PRPF18,10,2.5770977
10124,PRPF19,7,4.243361
10125,PRPF3,7,3.6899247
10126,PRPF31,9,3.6628675
10127,PRPF38A,8,2.7235315
10128,PRPF39,9,3.6779249
10129,PRPF4,8,2.5750155
10130,PRPF40A,9,2.8516426
10131,PRPF40B,10,3.307924
10132,PRPF6,4,4.074416
10133,PRPF8,4,4.413138
10134,PRPH,2,1.4366621
10135,PRPH2,2,1.1453507
10136,PRPS1,10,3.2693346
10137,PRPS1L1,5,0.4278334
10138,PRPS2,10,2.516948
10139,PRPSAP1,8,3.1567256
10140,PRPSAP2,2,2.2775116
10141,PRR11,1,0.42750826
10142,PRR12,9,2.6222832
10143,PRR14,7,3.5997777
10144,PRR14L,8,2.037407
10145,PRR15,1,0.32201406
10146,PRR15L,5,0.84378725
10147,PRR16,6,1.5032232
10148,PRR18,6,0.6992935
10149,PRR19,5,1.128018
10150,PRR22,3,2.0548177
10151,PRR3,10,2.8499577
10152,PRR30,5,0.6009125
10153,PRR32,5,0.19071734
10154,PRR33,5,0.0
10155,PRR5,9,2.431789
10156,PRR5L,1,0.8297918
10157,PRR7,5,1.0575613
10158,PRR9,1,0.22490883
10159,PRRC1,10,2.2535055
10160,PRRC2A,4,4.403576
10161,PRRC2B,10,3.8524156
10162,PRRC2C,9,3.3644629
10163,PRRG1,3,1.2707332
10164,PRRG2,6,1.0053267
10165,PRRG3,1,0.5869591
10166,PRRG4,3,0.9570774
10167,PRRT1,2,2.5953636
10168,PRRT2,9,2.7479343
10169,PRRT3,6,1.4587932
10170,PRRT4,5,0.9657541
10171,PRRX1,6,2.0220752
10172,PRRX2,6,1.2081305
10173,PRSS12,2,0.990052
10174,PRSS16,1,1.0016115
10175,PRSS22,3,0.9105335
10176,PRSS23,10,2.6076636
10177,PRSS27,6,1.1800319
10178,PRSS33,1,0.053150635
10179,PRSS35,1,0.5924716
10180,PRSS36,6,1.0068878
10181,PRSS37,1,0.5790835
10182,PRSS38,1,0.2815976
10183,PRSS48,5,0.10420617
10184,PRSS50,6,1.7277246
10185,PRSS51,1,0.0
10186,PRSS53,10,2.7548134
10187,PRSS54,5,1.0389957
10188,PRSS55,1,0.5874007
10189,PRSS56,5,0.47106883
10190,PRSS57,5,0.26364025
10191,PRSS58,1,0.38344696
10192,PRSS8,6,1.6761346
10193,PRTG,5,0.45630088
10194,PRTN3,1,1.0412232
10195,PRUNE1,8,2.8184524
10196,PRUNE2,2,1.7507055
10197,PRX,3,1.596425
10198,PRXL2A,10,2.9399588
10199,PRXL2B,8,2.8156493
10200,PRXL2C,8,2.1317089
10201,PSAP,4,6.5690203
10202,PSAPL1,5,0.3084325
10203,PSAT1,8,2.6886759
10204,PSCA,5,0.4487334
10205,PSD,8,2.1366124
10206,PSD2,1,1.0617871
10207,PSD3,8,2.315178
10208,PSD4,6,1.6766917
10209,PSEN1,8,2.4451804
10210,PSEN2,2,1.7401836
10211,PSENEN,7,3.4874506
10212,PSIP1,7,3.3999138
10213,PSKH1,8,2.8634465
10214,PSMA1,7,3.9679875
10215,PSMA2,4,5.0799465
10216,PSMA3,4,4.6193905
10217,PSMA4,8,3.220852
10218,PSMA5,8,3.0631618
10219,PSMA6,7,3.9964738
10220,PSMA7,4,4.947641
10221,PSMA8,5,0.41447616
10222,PSMB1,4,5.2972393
10223,PSMB10,7,4.110273
10224,PSMB11,5,0.081281364
10225,PSMB2,10,3.32453
10226,PSMB3,7,4.763806
10227,PSMB4,4,5.619728
10228,PSMB5,4,4.4621596
10229,PSMB6,4,4.8518715
10230,PSMB7,4,4.529388
10231,PSMB8,10,3.4880667
10232,PSMB9,8,2.4385533
10233,PSMC1,3,2.6116855
10234,PSMC2,7,3.3850062
10235,PSMC3,4,4.7766914
10236,PSMC3IP,2,3.1991735
10237,PSMC4,7,4.17788
10238,PSMC5,4,4.88607
10239,PSMC6,4,3.8485987
10240,PSMD1,7,3.5821998
10241,PSMD10,7,3.4128976
10242,PSMD11,7,3.7115483
10243,PSMD12,8,3.0519514
10244,PSMD13,7,4.6593204
10245,PSMD14,7,3.3841941
10246,PSMD2,4,4.664792
10247,PSMD3,4,4.680991
10248,PSMD4,7,4.9822245
10249,PSMD5,8,2.7430847
10250,PSMD6,4,4.5920844
10251,PSMD7,7,4.462695
10252,PSMD8,4,4.4449205
10253,PSMD9,9,3.062025
10254,PSME1,4,4.76518
10255,PSME3,7,3.3766873
10256,PSME3IP1,2,2.371154
10257,PSME4,8,3.04971
10258,PSMF1,9,3.257703
10259,PSMG1,10,3.04753
10260,PSMG2,9,3.3161516
10261,PSMG3,10,2.7489154
10262,PSMG4,2,2.3340995
10263,PSORS1C2,1,0.62100905
10264,PSPC1,10,3.2566366
10265,PSPH,3,1.6448842
10266,PSPN,6,1.0433981
10267,PSRC1,2,1.6946427
10268,PSTK,3,2.0269406
10269,PSTPIP1,3,1.790201
10270,PSTPIP2,6,1.8439262
10271,PTAFR,2,1.152985
10272,PTAR1,2,2.2410395
10273,PTBP1,7,4.3765006
10274,PTBP2,2,1.778441
10275,PTBP3,3,2.2602684
10276,PTCD1,8,2.5235603
10277,PTCD2,6,1.1384577
10278,PTCD3,8,3.237111
10279,PTCH1,8,1.9014883
10280,PTCH2,6,1.596984
10281,PTCHD1,1,0.6199468
10282,PTCHD3,5,0.22393778
10283,PTCHD4,5,0.040565226
10284,PTDSS1,7,3.102986
10285,PTDSS2,4,3.4503376
10286,PTER,2,1.5570939
10287,PTF1A,1,0.542968
10288,PTGDR,5,0.73862165
10289,PTGDR2,2,1.1959641
10290,PTGDS,4,4.49784
10291,PTGER1,1,0.53180915
10292,PTGER2,3,0.9471737
10293,PTGER3,6,0.6086619
10294,PTGER4,3,1.7369356
10295,PTGES,6,1.8606147
10296,PTGES2,7,3.5559654
10297,PTGES3,4,5.0456247
10298,PTGES3L,2,1.424778
10299,PTGFR,6,0.6561554
10300,PTGFRN,3,2.0927823
10301,PTGIR,6,1.4058657
10302,PTGIS,2,1.864202
10303,PTGR1,10,3.022868
10304,PTGR2,8,2.505521
10305,PTGS1,8,1.348642
10306,PTGS2,5,1.0674434
10307,PTH,5,0.0095363995
10308,PTH1R,8,2.45057
10309,PTH2,1,0.17680691
10310,PTH2R,5,0.41725224
10311,PTHLH,6,0.45557672
10312,PTK2,8,2.8953607
10313,PTK2B,8,3.1585987
10314,PTK6,6,1.0403172
10315,PTK7,9,2.036487
10316,PTMA,4,5.925524
10317,PTN,3,2.313196
10318,PTOV1,4,5.081257
10319,PTP4A2,7,4.2779913
10320,PTP4A3,2,2.4907506
10321,PTPA,7,4.050648
10322,PTPDC1,3,1.8874488
10323,PTPMT1,7,3.3457446
10324,PTPN1,10,3.41753
10325,PTPN11,7,3.4506292
10326,PTPN12,7,3.688121
10327,PTPN13,3,1.731311
10328,PTPN14,2,1.7225007
10329,PTPN18,9,3.5636082
10330,PTPN2,2,2.6599627
10331,PTPN20,6,1.1304975
10332,PTPN21,9,2.40441
10333,PTPN22,2,1.0373101
10334,PTPN23,9,3.5656626
10335,PTPN3,8,1.7917976
10336,PTPN4,3,1.5990264
10337,PTPN5,6,1.0442493
10338,PTPN6,8,2.6788206
10339,PTPN7,6,1.2392646
10340,PTPN9,8,2.0485098
10341,PTPRA,7,3.3626575
10342,PTPRB,3,2.3187335
10343,PTPRC,6,1.6772134
10344,PTPRCAP,8,2.8043506
10345,PTPRD,6,1.4745357
10346,PTPRE,8,2.1589332
10347,PTPRF,7,2.7152638
10348,PTPRH,6,1.1283525
10349,PTPRJ,3,1.923321
10350,PTPRK,8,2.3438637
10351,PTPRM,9,3.3478122
10352,PTPRN,6,1.3691548
10353,PTPRN2,10,2.2615557
10354,PTPRO,6,0.5544975
10355,PTPRQ,5,0.35510623
10356,PTPRR,1,0.8448975
10357,PTPRS,8,3.4156332
10358,PTPRT,1,0.5953554
10359,PTPRU,8,2.560644
10360,PTPRZ1,5,1.1211967
10361,PTRH1,8,1.9345129
10362,PTRH2,6,1.7631358
10363,PTRHD1,10,3.0840755
10364,PTS,8,3.4335344
10365,PTTG1IP,4,4.636454
10366,PTX3,3,2.129979
10367,PTX4,5,0.21654126
10368,PUDP,2,2.266659
10369,PUF60,7,4.018363
10370,PUM1,10,3.2318244
10371,PUM2,8,3.4268737
10372,PUM3,3,1.2513065
10373,PURA,8,1.9884272
10374,PURB,8,2.6309805
10375,PURG,1,0.7399676
10376,PUS1,9,2.1508734
10377,PUS10,1,1.1450588
10378,PUS3,8,2.357077
10379,PUS7,3,2.0132382
10380,PUS7L,2,1.2323158
10381,PUSL1,10,2.9036467
10382,PVALB,5,1.3991762
10383,PWP1,10,3.1441472
10384,PWP2,3,2.2142606
10385,PWWP2A,3,2.006749
10386,PWWP2B,10,2.8660321
10387,PWWP3A,5,0.0
10388,PWWP3B,6,0.7499188
10389,PXDC1,7,3.6141026
10390,PXDN,9,2.4362836
10391,PXK,8,2.7346983
10392,PXMP2,7,3.189156
10393,PXMP4,2,1.6907665
10394,PXN,7,4.0084934
10395,PXYLP1,2,1.6034052
10396,PYCARD,9,2.7929952
10397,PYCR1,8,2.5015929
10398,PYCR2,4,4.013772
10399,PYGB,7,3.991196
10400,PYGL,9,2.849176
10401,PYGM,8,2.9492455
10402,PYGO1,1,1.1091326
10403,PYGO2,7,3.5774326
10404,PYM1,10,2.9561796
10405,PYROXD1,8,2.6194804
10406,PYROXD2,8,2.2079546
10407,PYY,5,0.23569432
10408,QDPR,7,3.6682289
10409,QPCT,2,1.7189263
10410,QPCTL,8,2.235138
10411,QPRT,8,2.6398475
10412,QRFP,1,0.3598582
10413,QRICH1,9,3.3140237
10414,QRSL1,8,1.9700685
10415,QSER1,2,1.9172143
10416,QSOX1,10,3.399211
10417,QSOX2,8,2.7410207
10418,QTRT1,4,4.1906333
10419,QTRT2,2,1.9210188
10420,R3HCC1,7,3.6109228
10421,R3HCC1L,2,1.8396854
10422,R3HDM1,8,2.6518455
10423,R3HDM2,7,3.4750676
10424,R3HDM4,9,3.8785853
10425,R3HDML,1,0.15772474
10426,RAB10,7,3.4357364
10427,RAB11A,10,3.5615654
10428,RAB11B,4,4.5119963
10429,RAB11FIP1,2,2.2028315
10430,RAB11FIP2,2,2.1624875
10431,RAB11FIP3,7,3.5862334
10432,RAB11FIP4,2,2.0816274
10433,RAB11FIP5,10,3.110818
10434,RAB12,10,3.7205184
10435,RAB13,9,3.8927126
10436,RAB14,7,3.516382
10437,RAB15,2,2.7069268
10438,RAB17,6,1.8232622
10439,RAB18,9,2.8356829
10440,RAB19,1,0.059752148
10441,RAB1A,4,4.3284254
10442,RAB1B,4,5.0602036
10443,RAB20,9,2.7174287
10444,RAB21,3,2.2610245
10445,RAB22A,3,2.1738818
10446,RAB23,6,0.99993175
10447,RAB24,7,4.020659
10448,RAB25,5,1.3300896
10449,RAB26,3,2.0392053
10450,RAB27A,3,2.1650486
10451,RAB27B,5,0.78513587
10452,RAB28,8,2.9261062
10453,RAB29,3,2.4923737
10454,RAB2A,4,4.0097666
10455,RAB2B,8,2.775414
10456,RAB30,6,1.4353503
10457,RAB31,4,3.1292083
10458,RAB33A,5,1.6291212
10459,RAB33B,2,1.8404218
10460,RAB34,8,2.501413
10461,RAB35,9,3.17436
10462,RAB36,3,1.1660465
10463,RAB37,2,1.8752376
10464,RAB38,5,0.84593534
10465,RAB39A,5,0.4906058
10466,RAB39B,6,0.98608077
10467,RAB3A,3,2.1179178
10468,RAB3B,1,0.42289987
10469,RAB3C,1,0.78696924
10470,RAB3D,8,2.5705528
10471,RAB3GAP1,9,3.0363042
10472,RAB3GAP2,8,2.288105
10473,RAB3IL1,8,2.5365012
10474,RAB3IP,2,1.7275184
10475,RAB40B,10,2.506983
10476,RAB40C,10,3.2131932
10477,RAB42,1,0.7805511
10478,RAB43,2,2.3091662
10479,RAB44,5,0.44748473
10480,RAB4A,10,3.0267067
10481,RAB4B,4,4.5743003
10482,RAB5A,7,3.288527
10483,RAB5B,7,3.916462
10484,RAB5C,10,3.4504793
10485,RAB5IF,4,4.506442
10486,RAB6A,4,4.116983
10487,RAB6B,2,2.3145797
10488,RAB7B,6,1.0606637
10489,RAB8A,7,3.3532128
10490,RAB8B,10,2.5899138
10491,RAB9A,3,1.6019561
10492,RAB9B,3,1.1415199
10493,RABAC1,4,5.1118755
10494,RABEP1,10,3.293856
10495,RABEP2,7,2.7964835
10496,RABEPK,10,2.3230734
10497,RABGAP1,1,0.0
10498,RABGAP1L,8,2.0942163
10499,RABGEF1,8,2.3560743
10500,RABGGTA,7,3.4133737
10501,RABGGTB,7,4.3367295
10502,RABIF,2,1.965852
10503,RABL3,3,2.049316
10504,RABL6,7,4.390607
10505,RAC1,4,4.69497
10506,RAC2,3,2.0916514
10507,RAC3,3,2.3057427
10508,RACGAP1,2,1.7318445
10509,RACK1,4,6.2948456
10510,RAD1,3,1.9505793
10511,RAD17,8,2.433471
10512,RAD18,6,1.37871
10513,RAD21,7,4.024743
10514,RAD21L1,5,0.47538233
10515,RAD23A,4,5.001959
10516,RAD23B,4,4.136001
10517,RAD50,8,2.545571
10518,RAD51,6,0.7864116
10519,RAD51AP1,3,0.97647524
10520,RAD51B,6,0.6209538
10521,RAD51C,2,1.7974037
10522,RAD51D,6,1.3766357
10523,RAD52,3,2.0903761
10524,RAD54B,3,1.213
10525,RAD54L,3,1.2603452
10526,RAD54L2,2,2.1406748
10527,RAD9A,7,3.4730003
10528,RAD9B,1,0.6020706
10529,RADIL,3,1.5834104
10530,RADX,3,1.1395366
10531,RAE1,3,2.8475668
10532,RAF1,7,3.6308239
10533,RAG1,6,0.36024785
10534,RAG2,1,0.38109988
10535,RAI1,3,2.5636208
10536,RAI14,8,2.3283687
10537,RAI2,3,2.2332702
10538,RALA,8,2.6946676
10539,RALB,8,2.6631813
10540,RALBP1,3,2.6511393
10541,RALGAPA1,2,1.9685291
10542,RALGAPA2,3,2.7876108
10543,RALGAPB,9,2.7953691
10544,RALGDS,7,3.8320403
10545,RALGPS1,3,1.8994296
10546,RALGPS2,3,1.8738415
10547,RALY,9,3.0287023
10548,RALYL,1,0.95927346
10549,RAMP1,7,3.5248334
10550,RAMP2,10,3.4155676
10551,RAMP3,2,2.1921277
10552,RAN,4,4.4147787
10553,RANBP1,7,3.9661627
10554,RANBP10,7,3.045934
10555,RANBP17,6,1.1766615
10556,RANBP2,8,3.078781
10557,RANBP3,9,3.7374377
10558,RANBP3L,6,0.87617576
10559,RANBP6,2,2.4314804
10560,RANBP9,9,3.428406
10561,RANGAP1,7,3.4611022
10562,RANGRF,7,3.556969
10563,RAP1A,10,2.4745991
10564,RAP1B,2,1.7820951
10565,RAP1GAP,8,2.183056
10566,RAP1GAP2,10,2.4130118
10567,RAP1GDS1,10,2.8425887
10568,RAP2A,2,2.4609718
10569,RAP2B,6,1.5679617
10570,RAP2C,10,2.0450006
10571,RAPGEF1,4,3.655921
10572,RAPGEF2,2,2.6384995
10573,RAPGEF3,7,2.5467896
10574,RAPGEF4,10,2.2407286
10575,RAPGEF5,8,2.5201855
10576,RAPGEF6,8,2.2122731
10577,RAPGEFL1,3,2.5464873
10578,RAPH1,3,2.3864338
10579,RAPSN,5,0.85074294
10580,RARA,9,2.9518013
10581,RARB,2,0.8036351
10582,RARG,2,2.0961545
10583,RARRES1,3,1.7383544
10584,RARRES2,7,3.873225
10585,RARS2,8,2.5740101
10586,RASA1,3,2.8473933
10587,RASA2,10,2.3052952
10588,RASA3,10,2.875718
10589,RASAL1,5,0.5582792
10590,RASAL2,3,1.605168
10591,RASAL3,8,1.7020347
10592,RASD1,4,4.1125245
10593,RASD2,6,1.1546861
10594,RASEF,6,0.63225985
10595,RASGEF1A,6,1.1582178
10596,RASGEF1B,2,1.2492963
10597,RASGEF1C,5,0.96924216
10598,RASGRF1,3,1.168601
10599,RASGRF2,6,1.3331944
10600,RASGRP1,5,1.2216196
10601,RASGRP2,9,2.7748725
10602,RASGRP3,8,1.2030655
10603,RASGRP4,6,1.4267294
10604,RASIP1,9,2.9608576
10605,RASL10A,2,1.406267
10606,RASL10B,2,1.6659853
10607,RASL11A,6,2.026801
10608,RASL11B,6,1.9244316
10609,RASL12,8,2.5752487
10610,RASSF1,7,3.6916673
10611,RASSF10,5,0.2572967
10612,RASSF2,7,2.5677378
10613,RASSF3,10,2.6028256
10614,RASSF4,7,3.7607498
10615,RASSF5,10,2.0990038
10616,RASSF6,1,0.34132057
10617,RASSF7,10,2.765378
10618,RASSF8,3,1.9019603
10619,RASSF9,5,0.72950107
10620,RAVER1,8,3.2485507
10621,RAVER2,2,2.1762133
10622,RAX,5,0.038694143
10623,RB1,8,2.5916328
10624,RB1CC1,9,3.011299
10625,RBAK,2,1.8939718
10626,RBBP4,9,3.4213557
10627,RBBP5,2,2.2308102
10628,RBBP6,8,3.2120643
10629,RBBP7,7,4.0206037
10630,RBBP8,3,1.8287512
10631,RBBP8NL,1,0.37437963
10632,RBBP9,2,1.9501553
10633,RBCK1,7,3.8129003
10634,RBFA,2,1.9661181
10635,RBFOX1,1,1.2451804
10636,RBFOX2,7,3.3330786
10637,RBFOX3,5,1.3700098
10638,RBIS,7,2.5583217
10639,RBKS,3,2.1677322
10640,RBL1,3,1.2420386
10641,RBL2,9,3.8825636
10642,RBM10,7,3.429187
10643,RBM11,6,1.0223173
10644,RBM14,10,3.1596203
10645,RBM15,2,1.6982465
10646,RBM15B,10,2.8524542
10647,RBM17,9,3.565226
10648,RBM18,8,1.919884
10649,RBM19,10,2.7440417
10650,RBM20,6,1.2252651
10651,RBM22,10,3.5642555
10652,RBM24,6,1.83602
10653,RBM25,9,3.7510648
10654,RBM26,10,3.3631728
10655,RBM27,9,2.3873026
10656,RBM28,2,1.9222507
10657,RBM3,7,3.894837
10658,RBM33,7,3.034744
10659,RBM34,8,3.315003
10660,RBM38,7,3.5545318
10661,RBM39,4,4.580807
10662,RBM4,8,3.0445223
10663,RBM41,1,0.75408214
10664,RBM42,7,3.6243992
10665,RBM43,6,1.2449383
10666,RBM44,5,0.7665297
10667,RBM45,6,1.5085453
10668,RBM46,5,0.3218643
10669,RBM47,6,1.4419945
10670,RBM48,2,1.7970359
10671,RBM4B,2,2.1689026
10672,RBM5,4,4.3940115
10673,RBM6,4,4.5302258
10674,RBM7,2,2.0752237
10675,RBMS1,8,2.9553416
10676,RBMS2,2,2.486553
10677,RBMS3,3,1.7623996
10678,RBMX,7,4.011391
10679,RBMX2,2,2.391356
10680,RBP1,9,2.4871905
10681,RBP2,5,0.30956253
10682,RBP3,1,0.10791429
10683,RBP4,6,2.2666953
10684,RBP7,9,2.545409
10685,RBPJ,10,3.0941923
10686,RBPJL,5,0.8626402
10687,RBPMS,10,2.60295
10688,RBPMS2,8,2.3398294
10689,RBSN,8,2.1286137
10690,RBX1,7,3.906307
10691,RC3H1,2,2.094577
10692,RC3H2,3,2.2155654
10693,RCAN1,7,2.9080198
10694,RCAN2,8,3.0921285
10695,RCAN3,3,1.5197725
10696,RCBTB1,8,2.5160375
10697,RCBTB2,2,1.9040391
10698,RCC1,8,1.9200227
10699,RCC1L,7,3.3631935
10700,RCC2,10,3.2305999
10701,RCCD1,10,1.9081981
10702,RCE1,7,3.276633
10703,RCHY1,8,2.4884734
10704,RCL1,8,2.6342013
10705,RCN1,7,3.8092265
10706,RCN2,8,2.6707363
10707,RCN3,9,2.59644
10708,RCOR1,3,2.5419128
10709,RCOR2,5,0.9930624
10710,RCOR3,8,3.2323844
10711,RCSD1,3,1.9232231
10712,RCVRN,1,0.42005506
10713,RD3,5,0.106810205
10714,RD3L,1,0.2907174
10715,RDH10,8,2.3268883
10716,RDH11,7,3.515686
10717,RDH12,1,0.6685029
10718,RDH13,9,2.9350739
10719,RDH14,10,3.132262
10720,RDH5,10,3.2691839
10721,RDH8,6,0.21423379
10722,RDX,10,3.2589972
10723,REC114,5,0.61777216
10724,REC8,8,2.7150605
10725,RECK,2,2.0576305
10726,RECQL,9,2.5313997
10727,RECQL4,9,2.053452
10728,RECQL5,2,2.454688
10729,REEP1,8,2.1229172
10730,REEP2,9,2.143407
10731,REEP3,8,2.5916765
10732,REEP4,9,3.016616
10733,REEP5,4,4.413354
10734,REG4,6,0.44996628
10735,REL,9,1.6265253
10736,RELA,7,4.0300894
10737,RELB,10,2.4184268
10738,RELCH,9,2.2582045
10739,RELL1,6,1.0507303
10740,RELL2,8,2.3757162
10741,RELN,5,1.2024285
10742,RELT,3,1.8710152
10743,REM1,6,1.2422861
10744,REM2,3,1.0504334
10745,REN,5,0.27873215
10746,RENBP,10,2.4742181
10747,REP15,6,1.0838617
10748,REPIN1,7,3.908693
10749,REPS1,10,3.0395663
10750,REPS2,2,1.7632833
10751,RER1,10,3.5578506
10752,RERE,7,3.7807546
10753,RERG,3,2.0817027
10754,RERGL,2,1.6192477
10755,REST,2,1.6731583
10756,RET,1,0.7402458
10757,RETN,5,1.1922383
10758,RETREG1,7,2.8607862
10759,RETREG2,7,3.8883047
10760,RETREG3,7,3.538673
10761,RETSAT,9,3.6545005
10762,REV1,9,2.994918
10763,REV3L,2,2.334858
10764,REX1BD,4,4.579573
10765,REXO1,8,3.3816736
10766,REXO2,4,3.950615
10767,REXO4,9,3.1577916
10768,REXO5,1,0.0
10769,RFC1,7,2.925503
10770,RFC2,3,2.19684
10771,RFC3,3,1.7788072
10772,RFC4,8,2.3298833
10773,RFC5,2,2.132664
10774,RFESD,5,0.870303
10775,RFFL,9,2.259689
10776,RFK,10,2.8158553
10777,RFLNA,6,1.1983435
10778,RFLNB,8,2.3987083
10779,RFNG,7,4.141577
10780,RFT1,9,1.6115474
10781,RFTN1,7,3.0517378
10782,RFTN2,3,1.2794844
10783,RFWD3,2,2.0570235
10784,RFX1,8,2.3977456
10785,RFX2,3,1.9883504
10786,RFX3,2,1.4577223
10787,RFX4,5,0.9760588
10788,RFX5,10,2.7225223
10789,RFX6,5,0.15208484
10790,RFX7,3,1.6615429
10791,RFX8,5,0.54793876
10792,RFXANK,10,2.809036
10793,RFXAP,2,1.9529066
10794,RGCC,4,4.1749854
10795,RGL1,10,2.7380135
10796,RGL2,10,3.947249
10797,RGL3,10,2.785998
10798,RGMA,6,1.8857266
10799,RGMB,8,2.2094285
10800,RGN,3,2.0574913
10801,RGP1,3,2.5250726
10802,RGR,1,0.49315208
10803,RGS1,8,2.6428761
10804,RGS10,2,2.1183667
10805,RGS11,9,3.13471
10806,RGS12,8,2.6637733
10807,RGS13,5,0.40482825
10808,RGS14,2,2.6052916
10809,RGS16,2,1.9250337
10810,RGS17,1,0.68827724
10811,RGS18,5,0.87299573
10812,RGS19,6,1.6511469
10813,RGS2,7,3.9012578
10814,RGS20,6,0.68282086
10815,RGS21,5,0.0063718837
10816,RGS22,1,0.77984333
10817,RGS3,8,2.5911705
10818,RGS4,5,1.2115328
10819,RGS5,7,3.6999285
10820,RGS6,5,1.162731
10821,RGS7,1,0.8627444
10822,RGS7BP,1,0.79163414
10823,RGS8,1,0.55879676
10824,RGS9,6,1.5574445
10825,RGS9BP,1,0.41711214
10826,RGSL1,5,0.32285306
10827,RHAG,5,0.31278577
10828,RHBDD1,2,1.6597304
10829,RHBDD2,7,4.389102
10830,RHBDD3,7,3.0513382
10831,RHBDF1,9,2.576836
10832,RHBDF2,2,2.3437765
10833,RHBDL1,6,1.8965024
10834,RHBDL2,1,0.7802213
10835,RHBDL3,5,1.0119839
10836,RHBG,5,0.9302998
10837,RHCG,6,1.1777942
10838,RHEB,7,3.8543236
10839,RHEBL1,1,1.1780591
10840,RHNO1,8,2.2733612
10841,RHO,1,0.12379998
10842,RHOA,4,4.626502
10843,RHOB,4,5.6018343
10844,RHOBTB1,2,2.2999945
10845,RHOBTB2,10,2.5573282
10846,RHOBTB3,8,3.1294663
10847,RHOC,9,3.8654907
10848,RHOD,9,2.5942028
10849,RHOF,3,3.0411973
10850,RHOG,8,3.4650853
10851,RHOH,5,0.5781113
10852,RHOJ,8,2.2109745
10853,RHOQ,10,3.617282
10854,RHOT1,8,2.617703
10855,RHOT2,4,4.7078166
10856,RHOU,9,2.9577034
10857,RHOV,6,0.9014997
10858,RHPN1,3,2.2615175
10859,RHPN2,3,1.5914388
10860,RIBC1,5,0.6762076
10861,RIBC2,1,0.67797107
10862,RIC1,9,2.421811
10863,RIC3,9,2.0499063
10864,RIC8A,7,3.620095
10865,RIC8B,10,2.214805
10866,RICTOR,3,2.444476
10867,RIDA,10,3.4450533
10868,RIF1,2,2.2854407
10869,RIIAD1,1,0.76181203
10870,RILP,7,3.096434
10871,RILPL1,3,2.5766752
10872,RILPL2,3,1.8971031
10873,RIMBP2,5,0.7044222
10874,RIMKLA,3,0.89321405
10875,RIMKLB,10,2.7564614
10876,RIMS1,1,0.9813822
10877,RIMS2,5,0.8220088
10878,RIMS3,3,1.7468647
10879,RIMS4,5,1.3612629
10880,RIN1,9,1.9365867
10881,RIN2,9,2.1386223
10882,RIN3,9,2.6119146
10883,RING1,7,4.127204
10884,RINL,2,1.6695207
10885,RINT1,10,2.75471
10886,RIOK1,8,2.577526
10887,RIOK2,2,2.057401
10888,RIOK3,7,3.613315
10889,RIOX1,3,2.115248
10890,RIOX2,9,2.6667771
10891,RIPK1,10,2.6473844
10892,RIPK2,2,2.0212984
10893,RIPK3,2,2.0174906
10894,RIPK4,5,1.0212641
10895,RIPOR1,4,4.593705
10896,RIPOR2,8,2.0373669
10897,RIPOR3,2,2.1268413
10898,RIPPLY2,5,1.0743251
10899,RIPPLY3,5,0.12566167
10900,RIT1,2,2.5070686
10901,RIT2,1,0.7706609
10902,RITA1,8,2.1779985
10903,RLBP1,5,0.40979385
10904,RLF,9,2.3778598
10905,RLIM,8,2.2130637
10906,RLN3,5,0.19544834
10907,RMC1,7,3.25697
10908,RMDN1,9,3.1317453
10909,RMDN2,3,1.2744591
10910,RMDN3,7,3.1334257
10911,RMI1,6,1.0068369
10912,RMI2,5,0.80623156
10913,RMND1,3,2.051342
10914,RMND5A,10,3.1115253
10915,RMND5B,9,2.822981
10916,RNASE1,4,5.16163
10917,RNASE10,5,0.06648054
10918,RNASE12,5,0.16845433
10919,RNASE13,1,0.35530105
10920,RNASE4,8,2.5935338
10921,RNASE6,3,1.9352932
10922,RNASEH1,2,1.6797843
10923,RNASEH2A,8,2.5375075
10924,RNASEH2B,2,1.4748504
10925,RNASEH2C,4,3.8490386
10926,RNASEK,4,5.2221146
10927,RNASEL,3,1.3117405
10928,RND1,2,1.9987087
10929,RND2,6,1.5652715
10930,RND3,2,2.6567788
10931,RNF10,4,4.6418757
10932,RNF103,7,3.5097063
10933,RNF11,7,3.9627593
10934,RNF111,3,2.0090196
10935,RNF112,6,2.0332165
10936,RNF114,7,4.2352295
10937,RNF115,10,2.7625492
10938,RNF121,9,2.7132094
10939,RNF122,9,2.5662866
10940,RNF123,9,3.4082515
10941,RNF125,2,1.2953413
10942,RNF126,7,3.9977748
10943,RNF128,5,1.1927072
10944,RNF13,9,3.0213163
10945,RNF130,10,2.8001132
10946,RNF133,1,0.6541806
10947,RNF138,3,2.504651
10948,RNF139,9,2.8902042
10949,RNF14,8,2.596875
10950,RNF141,8,2.8676403
10951,RNF144A,8,2.3506956
10952,RNF144B,2,2.2882833
10953,RNF145,9,3.2245982
10954,RNF146,7,3.4778624
10955,RNF148,6,0.6660952
10956,RNF149,9,3.2209835
10957,RNF150,3,1.443612
10958,RNF151,5,0.6992454
10959,RNF152,3,1.6224232
10960,RNF157,3,2.5104446
10961,RNF166,9,2.926506
10962,RNF167,4,4.4441495
10963,RNF168,6,2.4180157
10964,RNF169,9,2.0659378
10965,RNF17,1,0.4437739
10966,RNF170,2,1.8219436
10967,RNF180,2,1.200432
10968,RNF182,6,0.95640016
10969,RNF183,5,0.27143362
10970,RNF185,7,3.030867
10971,RNF186,1,0.43554002
10972,RNF19B,3,2.0311563
10973,RNF2,2,1.5556633
10974,RNF20,10,3.0092742
10975,RNF207,8,2.1783087
10976,RNF208,10,2.4749334
10977,RNF212,2,1.2816396
10978,RNF212B,5,0.5547478
10979,RNF213,2,2.5990784
10980,RNF214,10,2.7290661
10981,RNF215,8,2.9460852
10982,RNF216,10,3.132184
10983,RNF217,6,1.6821682
10984,RNF220,4,3.9492538
10985,RNF222,5,0.08525071
10986,RNF223,5,0.13144623
10987,RNF224,1,0.53843844
10988,RNF225,1,0.07270112
10989,RNF227,5,0.0
10990,RNF24,3,2.2187283
10991,RNF25,10,3.2868943
10992,RNF31,8,3.4873106
10993,RNF32,1,0.9815468
10994,RNF34,8,3.0727658
10995,RNF38,9,2.935276
10996,RNF39,6,1.240622
10997,RNF4,10,3.1617453
10998,RNF40,7,3.396077
10999,RNF41,10,2.7270544
11000,RNF43,3,1.4615128
11001,RNF44,10,3.2988777
11002,RNF5,7,4.1259947
11003,RNF6,8,2.5803697
11004,RNF8,8,2.0657911
11005,RNFT1,9,2.7289426
11006,RNFT2,6,0.9420488
11007,RNGTT,2,1.9654461
11008,RNH1,4,3.9187667
11009,RNLS,2,1.24357
11010,RNMT,8,2.6238394
11011,RNPC3,9,3.1297545
11012,RNPEP,10,3.5767677
11013,RNPEPL1,1,0.0
11014,RNPS1,4,4.4311495
11015,RO60,2,2.0867608
11016,ROBO1,6,1.8050267
11017,ROBO2,5,0.7554075
11018,ROBO3,9,2.161174
11019,ROBO4,7,2.925313
11020,ROCK1,3,2.6029537
11021,ROCK2,8,2.8857663
11022,ROGDI,7,3.9299731
11023,ROM1,10,2.418925
11024,ROMO1,4,4.1717114
11025,ROPN1L,2,1.3795812
11026,ROR1,6,0.9256862
11027,ROR2,5,1.0680008
11028,RORA,3,2.416018
11029,RORB,1,0.5402708
11030,RORC,8,2.5027945
11031,ROS1,1,0.3568842
11032,RP1,1,0.1827915
11033,RP2,2,1.5139942
11034,RP9,8,2.5060968
11035,RPA1,8,3.1890554
11036,RPA2,7,3.5826848
11037,RPA3,3,1.7748797
11038,RPAIN,7,3.5236335
11039,RPAP1,10,2.6514628
11040,RPAP2,6,1.3249409
11041,RPAP3,9,2.1702945
11042,RPE65,1,0.09896431
11043,RPF1,7,2.9662154
11044,RPF2,3,2.4646642
11045,RPGRIP1,1,0.6535987
11046,RPGRIP1L,6,0.8544775
11047,RPH3A,5,1.2394254
11048,RPH3AL,2,1.7279623
11049,RPIA,8,2.843613
11050,RPL10,4,5.9981856
11051,RPL10A,4,6.4458923
11052,RPL10L,1,0.7103942
11053,RPL11,4,6.350036
11054,RPL12,4,5.9836364
11055,RPL13,4,5.5289226
11056,RPL13A,4,6.1614785
11057,RPL14,4,4.336476
11058,RPL15,4,4.9413667
11059,RPL18A,4,4.4792037
11060,RPL19,4,6.465499
11061,RPL22,4,4.7071104
11062,RPL22L1,2,2.591789
11063,RPL23,4,5.251427
11064,RPL23A,4,5.058115
11065,RPL26,4,5.191523
11066,RPL27,4,6.175623
11067,RPL27A,4,4.4033904
11068,RPL28,4,4.546063
11069,RPL3,4,6.8668146
11070,RPL32,4,5.451162
11071,RPL34,4,4.754684
11072,RPL35A,4,5.455874
11073,RPL36,4,5.58969
11074,RPL37,4,4.4459224
11075,RPL37A,4,5.4913373
11076,RPL38,4,5.1854944
11077,RPL39,4,4.9242306
11078,RPL3L,1,1.5343963
11079,RPL4,4,6.1021485
11080,RPL5,4,6.6874604
11081,RPL6,7,4.7764654
11082,RPL7A,4,6.566439
11083,RPL7L1,7,3.519547
11084,RPL8,4,6.851841
11085,RPN1,7,4.563227
11086,RPN2,4,4.4507236
11087,RPP14,8,2.1790907
11088,RPP21,10,3.8642595
11089,RPP25,8,2.2224386
11090,RPP25L,9,3.1890593
11091,RPP30,7,2.636219
11092,RPP38,8,2.5612524
11093,RPP40,6,1.6077733
11094,RPRD1A,10,3.3253002
11095,RPRD1B,8,3.089499
11096,RPRD2,9,2.484342
11097,RPRM,6,0.79293275
11098,RPRML,1,0.775968
11099,RPS11,4,7.1169953
11100,RPS13,4,6.583811
11101,RPS14,4,5.1145945
11102,RPS15,4,5.7511406
11103,RPS15A,4,4.6193094
11104,RPS16,4,6.496749
11105,RPS17,4,5.677251
11106,RPS18,4,7.3962913
11107,RPS19BP1,4,4.775449
11108,RPS2,4,5.847743
11109,RPS20,4,5.687518
11110,RPS21,4,4.9026327
11111,RPS23,4,5.1450124
11112,RPS27A,4,5.6041613
11113,RPS27L,8,2.5844495
11114,RPS28,10,3.617882
11115,RPS5,4,5.304646
11116,RPS6,4,6.417568
11117,RPS6KA1,9,2.6753914
11118,RPS6KA2,7,3.1329112
11119,RPS6KA3,9,2.6427832
11120,RPS6KA4,9,3.1635857
11121,RPS6KA5,6,0.7946322
11122,RPS6KA6,6,0.7262874
11123,RPS6KB1,2,2.5718465
11124,RPS6KB2,7,3.957059
11125,RPS6KC1,8,2.229143
11126,RPS6KL1,3,2.0777547
11127,RPS7,4,5.441718
11128,RPS8,4,6.890969
11129,RPS9,4,5.978357
11130,RPTOR,10,2.5271242
11131,RPUSD1,8,2.759585
11132,RPUSD2,8,1.8526334
11133,RPUSD3,8,3.1640313
11134,RPUSD4,10,3.275452
11135,RRAD,8,2.727223
11136,RRAGA,4,4.4550734
11137,RRAGB,3,2.6684046
11138,RRAGC,9,3.129778
11139,RRAGD,3,2.7266788
11140,RRAS,4,4.231558
11141,RRAS2,8,2.6322458
11142,RRBP1,7,4.1045275
11143,RREB1,3,2.374274
11144,RRH,5,0.2778894
11145,RRM1,7,2.9258955
11146,RRM2,5,0.8836274
11147,RRM2B,10,2.514515
11148,RRN3,7,3.1305742
11149,RRP1,10,2.7535112
11150,RRP12,8,2.888641
11151,RRP15,3,1.6721059
11152,RRP1B,9,2.6592605
11153,RRP36,7,3.722879
11154,RRP7A,9,2.712575
11155,RRP8,8,1.9962506
11156,RRP9,10,3.0207047
11157,RRS1,9,2.9817474
11158,RS1,1,0.39299
11159,RSAD1,4,3.938762
11160,RSAD2,1,1.089506
11161,RSBN1,3,2.1196058
11162,RSBN1L,8,2.2167575
11163,RSF1,3,2.0702875
11164,RSKR,2,2.3073828
11165,RSL1D1,10,3.5613017
11166,RSL24D1,4,3.6776733
11167,RSPH1,3,1.4164562
11168,RSPH14,5,1.5535339
11169,RSPH4A,5,0.86616725
11170,RSPH6A,1,0.42459407
11171,RSPH9,8,2.539983
11172,RSPO1,6,0.39338014
11173,RSPO2,5,0.6162963
11174,RSPO3,6,0.9934382
11175,RSPO4,1,0.84754103
11176,RSPRY1,8,2.3110633
11177,RSRC1,2,2.098108
11178,RSRC2,7,3.834949
11179,RSRP1,7,4.0913243
11180,RSU1,9,3.0597172
11181,RTBDN,1,0.4402524
11182,RTCA,7,2.983723
11183,RTCB,7,4.0871534
11184,RTEL1,7,3.764199
11185,RTF1,7,3.2680385
11186,RTF2,4,4.2623467
11187,RTKN,8,2.5248556
11188,RTKN2,1,0.619585
11189,RTL3,1,0.1098089
11190,RTL4,5,0.046874996
11191,RTL5,8,2.2091115
11192,RTL6,2,2.6004508
11193,RTL9,1,0.4612635
11194,RTN1,3,2.5564017
11195,RTN2,3,2.627341
11196,RTN3,4,4.0133686
11197,RTN4,4,4.6484427
11198,RTN4IP1,3,1.6196568
11199,RTN4R,6,2.020642
11200,RTN4RL1,2,1.4335866
11201,RTN4RL2,2,1.6397827
11202,RTP1,5,0.2507295
11203,RTP2,1,0.1934489
11204,RTRAF,10,3.2236338
11205,RTTN,3,1.5423192
11206,RUBCN,8,2.3944116
11207,RUBCNL,6,0.86267996
11208,RUFY1,7,3.4206524
11209,RUFY2,3,2.4874706
11210,RUFY3,10,2.8229516
11211,RUFY4,5,0.38004577
11212,RUNDC1,3,2.1609135
11213,RUNDC3A,6,1.9377611
11214,RUNDC3B,2,1.1110158
11215,RUNX1,2,1.7758828
11216,RUNX1T1,6,1.2856795
11217,RUNX2,6,0.7977975
11218,RUNX3,5,1.3272115
11219,RUSC1,8,2.7296813
11220,RUSC2,9,3.3100622
11221,RUSF1,4,4.1863837
11222,RUVBL1,9,3.093211
11223,RUVBL2,7,4.087697
11224,RWDD1,9,2.8197222
11225,RWDD2A,3,1.7849854
11226,RWDD2B,10,2.3629541
11227,RWDD3,10,2.7439823
11228,RWDD4,8,2.3764634
11229,RXFP1,1,0.50434184
11230,RXFP2,1,0.095463686
11231,RXFP4,1,0.10396879
11232,RXRA,10,3.692366
11233,RXRB,4,4.0299535
11234,RXRG,6,1.251073
11235,RXYLT1,10,2.7408435
11236,RYBP,3,2.3841264
11237,RYK,6,2.1875951
11238,RYR1,6,1.6376424
11239,RYR2,3,1.6129094
11240,RYR3,6,1.1696415
11241,S100A1,7,3.5690372
11242,S100A10,7,4.2630954
11243,S100A11,4,5.005621
11244,S100A13,10,2.971981
11245,S100A14,6,1.6492155
11246,S100A16,7,3.627403
11247,S100A3,5,0.7054917
11248,S100A4,8,3.6937888
11249,S100A5,1,0.19873783
11250,S100A6,4,4.9661345
11251,S100A8,7,3.9847972
11252,S100B,3,2.4627907
11253,S100G,1,0.01838654
11254,S100PBP,2,2.4105582
11255,S100Z,1,0.13332313
11256,S1PR1,7,3.3665814
11257,S1PR2,6,1.7235595
11258,S1PR3,2,1.4213347
11259,S1PR4,5,1.377436
11260,S1PR5,6,1.0460923
11261,SAA4,5,1.092279
11262,SAAL1,2,2.261252
11263,SAC3D1,2,2.3429737
11264,SACM1L,8,2.4765923
11265,SACS,6,1.5852058
11266,SAE1,7,3.729122
11267,SAFB,4,4.3818536
11268,SAFB2,7,4.261334
11269,SAG,5,0.4083606
11270,SALL1,1,0.8942281
11271,SALL2,6,1.6213785
11272,SALL3,1,0.348366
11273,SALL4,6,0.6351477
11274,SAMD10,3,2.0682495
11275,SAMD12,6,1.0972441
11276,SAMD13,6,0.85680264
11277,SAMD14,8,3.116104
11278,SAMD3,5,0.5314023
11279,SAMD4A,10,3.0273018
11280,SAMD4B,9,3.4332457
11281,SAMD5,6,0.8692072
11282,SAMD7,5,0.040759612
11283,SAMD8,8,2.484188
11284,SAMD9L,6,1.5149512
11285,SAMHD1,10,3.3592172
11286,SAMM50,4,3.8988695
11287,SAMSN1,3,1.3407052
11288,SANBR,2,1.5355533
11289,SAP130,8,2.4997602
11290,SAP30,10,2.884476
11291,SAP30BP,7,3.7687807
11292,SAP30L,8,2.6864338
11293,SAPCD1,9,2.4836173
11294,SAPCD2,2,0.80914074
11295,SAR1A,7,3.1317291
11296,SAR1B,8,2.7013605
11297,SARAF,4,5.298106
11298,SARDH,3,1.2514656
11299,SARM1,8,2.3298633
11300,SARNP,7,4.215152
11301,SARS2,10,3.022445
11302,SART1,7,3.5882351
11303,SART3,9,3.1003406
11304,SASH1,8,2.7253253
11305,SASH3,6,1.8681775
11306,SASS6,2,1.3669337
11307,SAT1,4,6.1202908
11308,SAT2,4,4.9937396
11309,SATB1,10,2.3530297
11310,SATB2,6,1.0086588
11311,SAV1,9,3.2890596
11312,SAXO2,1,0.8020551
11313,SAYSD1,8,2.6358724
11314,SBDS,4,4.662052
11315,SBF1,10,3.8170102
11316,SBF2,3,1.7807887
11317,SBK1,2,1.5803959
11318,SBK2,1,0.40448338
11319,SBK3,5,0.33022764
11320,SBNO1,8,2.3515089
11321,SBNO2,4,3.270964
11322,SBSPON,2,1.3059242
11323,SC5D,3,1.8122474
11324,SCAF1,4,3.7582
11325,SCAF11,9,2.8502378
11326,SCAF4,8,3.0961752
11327,SCAF8,10,2.7766464
11328,SCAI,3,1.295385
11329,SCAMP1,3,2.1816752
11330,SCAMP2,4,3.9209814
11331,SCAMP3,7,3.7867844
11332,SCAMP4,7,3.6469955
11333,SCAMP5,8,2.5204237
11334,SCAND1,7,3.736511
11335,SCAP,7,3.6143737
11336,SCAPER,2,2.1727293
11337,SCARA3,8,2.1076875
11338,SCARA5,3,1.9274971
11339,SCARB1,7,2.647151
11340,SCARB2,7,3.947617
11341,SCARF1,10,2.8277133
11342,SCARF2,2,2.1611292
11343,SCCPDH,7,3.624726
11344,SCEL,6,0.72314304
11345,SCFD1,3,2.3699536
11346,SCFD2,2,2.0217056
11347,SCG2,6,1.2987338
11348,SCG3,1,1.3596145
11349,SCG5,3,2.2914057
11350,SCGB1A1,5,0.85624576
11351,SCGB3A1,3,1.5580075
11352,SCGN,3,1.2917973
11353,SCHIP1,7,2.9724677
11354,SCIMP,5,1.1040366
11355,SCIN,5,0.49968117
11356,SCLT1,3,1.6269828
11357,SCLY,9,2.5411947
11358,SCMH1,9,3.2873166
11359,SCML4,1,0.6528779
11360,SCN10A,1,0.054356325
11361,SCN11A,5,0.40641153
11362,SCN1A,1,0.58304256
11363,SCN1B,9,2.7523155
11364,SCN2A,5,0.9712443
11365,SCN2B,1,1.2711859
11366,SCN3A,1,0.85189354
11367,SCN3B,3,1.5128155
11368,SCN4A,1,1.1784825
11369,SCN4B,6,2.191225
11370,SCN5A,5,0.68555975
11371,SCN7A,5,1.3230311
11372,SCN8A,6,1.048579
11373,SCN9A,5,0.8912656
11374,SCNM1,10,3.003902
11375,SCNN1A,6,1.4298191
11376,SCNN1B,1,1.2612149
11377,SCNN1G,6,0.7837924
11378,SCO1,9,2.0382047
11379,SCO2,7,3.3200755
11380,SCOC,3,2.204294
11381,SCP2,7,3.3286912
11382,SCP2D1,5,0.47158787
11383,SCPEP1,7,3.753723
11384,SCRG1,6,1.3282366
11385,SCRIB,7,3.5002778
11386,SCRN1,9,2.8755925
11387,SCRN2,7,3.4899862
11388,SCRN3,2,1.8553693
11389,SCRT1,1,1.202599
11390,SCRT2,6,0.39572588
11391,SCT,6,0.8336693
11392,SCTR,1,1.0237274
11393,SCUBE1,5,1.0352222
11394,SCUBE2,8,1.456841
11395,SCUBE3,5,0.5947061
11396,SCX,3,1.904209
11397,SCYL1,4,4.2488384
11398,SCYL2,3,2.6238823
11399,SCYL3,6,1.8188546
11400,SDAD1,10,2.7485359
11401,SDC1,8,2.296584
11402,SDC2,9,3.4735959
11403,SDC3,2,2.9857144
11404,SDC4,7,4.331086
11405,SDCBP,9,3.6350958
11406,SDCBP2,3,2.1843476
11407,SDCCAG8,8,2.712279
11408,SDE2,9,2.3940537
11409,SDF2,7,3.5310206
11410,SDF2L1,4,3.6921737
11411,SDF4,10,3.9953225
11412,SDHA,4,4.593138
11413,SDHAF1,7,3.1287682
11414,SDHAF2,4,4.17372
11415,SDHAF3,9,2.7314181
11416,SDHAF4,8,2.506845
11417,SDHB,4,4.552778
11418,SDHC,4,4.492816
11419,SDHD,10,3.9160745
11420,SDK1,6,1.4424661
11421,SDK2,5,0.8359845
11422,SDR16C5,6,0.68207693
11423,SDR39U1,4,4.751775
11424,SDR42E1,1,0.42381877
11425,SDR9C7,5,0.4068455
11426,SDS,5,1.2302197
11427,SDSL,1,1.4254583
11428,SEBOX,5,0.08326491
11429,SEC11A,7,4.2936425
11430,SEC11C,9,3.221855
11431,SEC13,7,4.1648583
11432,SEC14L1,7,3.5492737
11433,SEC14L2,6,1.758202
11434,SEC14L3,5,0.17573318
11435,SEC14L4,5,0.881973
11436,SEC14L5,6,0.8549442
11437,SEC16A,7,3.3301818
11438,SEC16B,2,1.7729571
11439,SEC22A,6,1.4169143
11440,SEC22B,9,2.847884
11441,SEC22C,10,2.693696
11442,SEC23A,10,2.7359984
11443,SEC23B,10,2.9670126
11444,SEC23IP,2,2.229969
11445,SEC24A,9,2.1912558
11446,SEC24B,9,2.9404478
11447,SEC24C,7,4.0463758
11448,SEC24D,8,2.9336665
11449,SEC31A,7,3.475137
11450,SEC31B,10,3.0636952
11451,SEC61A1,7,4.3234057
11452,SEC61A2,10,2.5895875
11453,SEC61B,4,4.7470465
11454,SEC61G,7,3.255473
11455,SEC62,9,3.507068
11456,SEC63,9,3.2607038
11457,SECISBP2,7,3.2103853
11458,SECISBP2L,10,2.869008
11459,SEH1L,8,2.8621018
11460,SEL1L,9,3.2622402
11461,SEL1L2,1,0.35914704
11462,SEL1L3,6,2.5471992
11463,SELE,1,0.8910352
11464,SELENOF,7,4.4518824
11465,SELENOI,3,2.16397
11466,SELENOK,7,4.103574
11467,SELENOM,4,4.353049
11468,SELENON,9,3.8903806
11469,SELENOO,9,3.851652
11470,SELENOP,4,5.0464954
11471,SELENOS,7,3.6115534
11472,SELENOT,7,3.3777707
11473,SELENOW,4,5.9905415
11474,SELL,3,1.600462
11475,SELP,3,1.0885154
11476,SEM1,10,2.8332596
11477,SEMA3A,5,0.6373859
11478,SEMA3B,9,3.0044165
11479,SEMA3C,8,1.6347163
11480,SEMA3D,6,0.85850513
11481,SEMA3E,5,0.30724385
11482,SEMA3F,6,2.179177
11483,SEMA3G,3,2.4903774
11484,SEMA4A,2,1.8020227
11485,SEMA4B,10,3.288625
11486,SEMA4C,9,2.8324268
11487,SEMA4D,10,2.0316072
11488,SEMA4F,6,1.4521048
11489,SEMA4G,2,1.8115737
11490,SEMA5A,3,1.2811246
11491,SEMA5B,5,0.7356411
11492,SEMA6A,2,2.110125
11493,SEMA6B,9,2.6954205
11494,SEMA6C,10,2.653683
11495,SEMA6D,6,1.4770513
11496,SEMA7A,9,2.4050684
11497,SENP1,3,1.4891162
11498,SENP3,4,5.283461
11499,SENP5,10,2.6252728
11500,SENP6,9,3.116932
11501,SENP7,8,2.4075005
11502,SENP8,6,0.8793119
11503,SEPHS1,10,2.9016309
11504,SEPHS2,10,3.7993274
11505,SEPSECS,2,1.9489588
11506,SEPTIN1,10,2.377919
11507,SEPTIN10,3,2.9445863
11508,SEPTIN11,2,2.8759482
11509,SEPTIN12,6,0.9367276
11510,SEPTIN14,5,0.3566114
11511,SEPTIN2,4,4.1892715
11512,SEPTIN3,6,1.3475715
11513,SEPTIN5,4,3.920565
11514,SEPTIN6,10,2.4598846
11515,SEPTIN7,10,3.712185
11516,SEPTIN8,9,2.9464314
11517,SEPTIN9,10,3.9362104
11518,SERAC1,6,1.548151
11519,SERBP1,7,3.7706528
11520,SERF1A,8,2.8483758
11521,SERGEF,10,3.0769699
11522,SERHL2,9,2.4663107
11523,SERINC1,4,4.8508086
11524,SERINC2,10,2.4627469
11525,SERINC3,7,4.220488
11526,SERINC4,7,3.1766188
11527,SERINC5,8,2.1844347
11528,SERP1,7,3.9063134
11529,SERP2,8,2.4093273
11530,SERPINA10,6,0.56189686
11531,SERPINA11,5,0.5614467
11532,SERPINA12,5,0.20362708
11533,SERPINA5,2,2.254718
11534,SERPINA6,5,0.7475672
11535,SERPINA7,5,0.42456186
11536,SERPINA9,1,0.03822475
11537,SERPINB10,6,0.29129657
11538,SERPINB11,1,0.3095012
11539,SERPINB12,5,0.027214257
11540,SERPINB13,1,0.1309127
11541,SERPINB2,5,0.38624385
11542,SERPINB5,5,0.38211516
11543,SERPINB7,1,0.12049481
11544,SERPINB8,3,1.4749264
11545,SERPINC1,1,0.95539296
11546,SERPIND1,1,0.83610857
11547,SERPINE1,6,2.6179514
11548,SERPINE2,2,2.5705793
11549,SERPINE3,5,0.72432697
11550,SERPINF1,4,4.589897
11551,SERPINF2,6,2.0799298
11552,SERPING1,4,5.0254173
11553,SERPINH1,8,2.7571626
11554,SERPINI1,3,2.0092096
11555,SERPINI2,5,1.0744219
11556,SERTAD1,8,2.2359614
11557,SERTAD2,8,2.4046376
11558,SERTAD3,8,2.1964262
11559,SERTAD4,5,0.6000691
11560,SERTM1,1,0.41588077
11561,SESN1,8,3.0822518
11562,SESN2,9,2.499851
11563,SESN3,8,2.2510386
11564,SESTD1,9,2.1926138
11565,SETBP1,3,1.7383527
11566,SETD1B,10,2.7093158
11567,SETD2,9,3.0360866
11568,SETD3,9,2.8337567
11569,SETD4,8,2.334841
11570,SETD5,7,3.3605397
11571,SETD6,9,2.895468
11572,SETD7,9,2.3556917
11573,SETDB1,8,3.026642
11574,SETDB2,3,1.9128753
11575,SETX,10,2.8271203
11576,SEZ6,5,0.907133
11577,SEZ6L,1,0.87385434
11578,SEZ6L2,8,2.1284897
11579,SF1,4,5.004919
11580,SF3A1,7,3.8527749
11581,SF3A2,7,4.1390615
11582,SF3A3,7,3.5188599
11583,SF3B1,4,4.5195923
11584,SF3B2,4,4.6752486
11585,SF3B3,7,2.9903648
11586,SF3B4,7,3.9714499
11587,SF3B5,4,4.7916346
11588,SF3B6,7,4.184428
11589,SFI1,9,2.8547761
11590,SFMBT1,3,1.755771
11591,SFMBT2,2,1.5129321
11592,SFN,6,1.5350751
11593,SFPQ,4,4.933021
11594,SFRP1,2,2.0800207
11595,SFRP2,3,1.7007734
11596,SFRP4,6,1.6614342
11597,SFRP5,5,1.4098401
11598,SFSWAP,9,3.7636783
11599,SFT2D2,6,2.097043
11600,SFT2D3,2,1.8905544
11601,SFTA2,5,1.2684175
11602,SFTPB,6,1.1675153
11603,SFTPC,6,1.7503608
11604,SFTPD,6,0.89103824
11605,SFXN1,8,2.7063553
11606,SFXN2,6,1.1786383
11607,SFXN3,7,3.3595462
11608,SFXN4,7,3.2626438
11609,SFXN5,9,2.7639563
11610,SGCA,8,2.6907141
11611,SGCB,9,3.0711882
11612,SGCD,3,1.1971517
11613,SGCE,2,2.100215
11614,SGCG,1,1.3608874
11615,SGCZ,1,0.063139185
11616,SGF29,9,3.184872
11617,SGIP1,3,1.1292118
11618,SGK1,10,3.3569992
11619,SGK2,2,1.2850153
11620,SGK3,3,1.8037081
11621,SGMS1,2,1.7778951
11622,SGMS2,2,1.4393048
11623,SGO1,5,0.3750131
11624,SGPL1,2,2.1009717
11625,SGPP1,10,2.497614
11626,SGPP2,3,1.0718609
11627,SGSH,9,3.121434
11628,SGSM1,5,1.361165
11629,SGSM2,4,3.8296158
11630,SGSM3,7,4.167638
11631,SGTA,9,3.4192665
11632,SGTB,2,1.7520301
11633,SH2B1,7,3.4555254
11634,SH2B2,2,1.9309452
11635,SH2B3,8,2.6994665
11636,SH2D1A,5,0.4482724
11637,SH2D2A,6,0.9792473
11638,SH2D3C,10,2.7314873
11639,SH2D4A,6,1.395438
11640,SH2D4B,5,0.1693668
11641,SH2D5,1,0.79815805
11642,SH2D6,6,0.81058836
11643,SH2D7,6,0.9894265
11644,SH3BGRL,7,3.9916856
11645,SH3BGRL2,3,2.1963518
11646,SH3BGRL3,4,5.08875
11647,SH3BP1,7,3.548964
11648,SH3BP2,9,2.5966592
11649,SH3BP4,9,2.3619664
11650,SH3BP5,4,3.6438212
11651,SH3BP5L,8,3.0824425
11652,SH3D19,4,3.8903713
11653,SH3GL1,4,4.006781
11654,SH3GL2,1,1.6379175
11655,SH3GL3,5,1.3604429
11656,SH3GLB1,10,3.4638388
11657,SH3GLB2,4,4.26209
11658,SH3KBP1,8,2.3928857
11659,SH3PXD2A,9,2.9706535
11660,SH3PXD2B,3,2.3572087
11661,SH3RF1,2,2.1005976
11662,SH3RF2,2,1.761267
11663,SH3RF3,3,1.710385
11664,SH3TC1,2,2.19128
11665,SH3TC2,1,0.3148749
11666,SH3YL1,10,2.3289235
11667,SHANK1,1,0.8359871
11668,SHANK2,5,1.0443043
11669,SHANK3,4,3.7807293
11670,SHARPIN,9,3.5071583
11671,SHB,2,1.8497527
11672,SHBG,5,0.842643
11673,SHC1,7,3.9835932
11674,SHC3,6,1.0461291
11675,SHC4,5,0.66939175
11676,SHCBP1,6,0.86022013
11677,SHCBP1L,1,0.596279
11678,SHD,5,0.970453
11679,SHE,9,2.1032557
11680,SHFL,7,3.6481235
11681,SHH,5,0.5580955
11682,SHISA2,1,0.47287887
11683,SHISA3,6,0.934209
11684,SHISA4,7,3.3155906
11685,SHISA5,9,4.0596085
11686,SHISA6,6,0.823966
11687,SHISA7,1,0.7748315
11688,SHISA8,1,0.922953
11689,SHISA9,5,0.2678873
11690,SHISAL1,6,0.8901471
11691,SHISAL2A,5,0.8250845
11692,SHISAL2B,1,0.2699558
11693,SHKBP1,7,3.3464756
11694,SHLD1,3,1.3580973
11695,SHLD2,8,2.1470175
11696,SHLD3,5,0.0
11697,SHMT1,10,2.5645983
11698,SHMT2,4,3.5834956
11699,SHOC1,1,0.41430855
11700,SHOC2,2,2.1439352
11701,SHOX2,5,0.7851563
11702,SHPK,8,2.9623013
11703,SHPRH,3,2.0095458
11704,SHQ1,2,2.172885
11705,SHROOM1,3,1.8675262
11706,SHROOM2,1,1.119826
11707,SHROOM3,3,1.4574952
11708,SHROOM4,2,1.1114961
11709,SHTN1,9,2.4945188
11710,SI,5,0.1647195
11711,SIAE,10,3.0963197
11712,SIAH2,7,2.9853683
11713,SIAH3,1,0.2964269
11714,SIDT1,6,1.3139646
11715,SIDT2,7,3.7208312
11716,SIGIRR,3,2.7615666
11717,SIGLEC1,2,1.7374214
11718,SIGLEC15,1,0.31710953
11719,SIGLECL1,1,0.35421896
11720,SIGMAR1,9,3.788741
11721,SIK1,9,2.7763116
11722,SIK2,10,2.8428388
11723,SIK3,8,3.1178894
11724,SIKE1,2,2.2734334
11725,SIL1,10,2.9295206
11726,SIM1,1,0.28836176
11727,SIM2,1,0.7762398
11728,SIMC1,3,2.0696752
11729,SIN3A,8,2.4056525
11730,SIN3B,7,3.4736404
11731,SINHCAF,2,2.0377853
11732,SIPA1,8,2.5632079
11733,SIPA1L1,3,2.4385345
11734,SIPA1L2,2,1.9682959
11735,SIPA1L3,2,1.9633936
11736,SIRT1,2,2.4390662
11737,SIRT2,7,4.3700395
11738,SIRT3,7,3.086734
11739,SIRT4,5,0.8889092
11740,SIRT5,3,1.5588673
11741,SIRT6,9,3.0058732
11742,SIRT7,7,3.6365979
11743,SIT1,1,0.75918406
11744,SIVA1,7,4.208408
11745,SIX1,5,0.8595578
11746,SIX2,6,0.88060534
11747,SIX3,6,0.36631364
11748,SIX4,5,0.70656204
11749,SIX5,9,2.556413
11750,SIX6,1,0.07680702
11751,SKA1,6,0.5771655
11752,SKA2,9,2.4569798
11753,SKA3,6,0.535351
11754,SKAP1,5,1.2739207
11755,SKAP2,10,2.3171322
11756,SKI,7,3.6344655
11757,SKIDA1,5,0.5905783
11758,SKIL,10,2.198473
11759,SKOR1,1,0.7755212
11760,SKOR2,5,0.16381782
11761,SKP1,9,3.4192982
11762,SKP2,3,1.2083572
11763,SLA,2,1.9463077
11764,SLA2,2,1.8517413
11765,SLAIN1,3,1.9837965
11766,SLAIN2,8,2.7997468
11767,SLAMF1,5,0.5739458
11768,SLAMF8,8,1.8273606
11769,SLAMF9,1,0.3510628
11770,SLBP,7,3.53782
11771,SLC10A1,5,0.5978079
11772,SLC10A2,1,0.015620356
11773,SLC10A3,8,2.7536204
11774,SLC10A5,5,0.7835237
11775,SLC10A6,5,0.6558462
11776,SLC10A7,2,1.1672567
11777,SLC11A1,2,2.754472
11778,SLC11A2,8,2.7691967
11779,SLC12A1,5,0.31775156
11780,SLC12A2,10,2.18267
11781,SLC12A3,1,0.11495163
11782,SLC12A4,10,3.4069731
11783,SLC12A5,5,1.235595
11784,SLC12A6,10,2.4319654
11785,SLC12A7,10,3.3107748
11786,SLC12A8,6,0.9945226
11787,SLC12A9,8,2.89024
11788,SLC13A1,1,0.023685463
11789,SLC13A2,1,0.13674445
11790,SLC13A3,6,1.3565198
11791,SLC13A4,6,1.4020263
11792,SLC13A5,6,1.5252352
11793,SLC14A1,5,0.97315043
11794,SLC15A1,5,0.54227537
11795,SLC15A2,3,1.5870678
11796,SLC15A3,8,2.6499875
11797,SLC15A4,9,3.1210198
11798,SLC15A5,1,0.08169368
11799,SLC16A1,8,2.5042799
11800,SLC16A10,5,1.1962348
11801,SLC16A11,6,1.1908109
11802,SLC16A12,6,0.94167495
11803,SLC16A13,5,1.306265
11804,SLC16A14,6,1.1684792
11805,SLC16A2,2,2.214913
11806,SLC16A3,9,2.4591196
11807,SLC16A4,3,1.439591
11808,SLC16A6,3,1.2025361
11809,SLC16A7,3,1.480364
11810,SLC16A8,5,0.9673275
11811,SLC16A9,3,1.3447543
11812,SLC17A1,1,0.4294323
11813,SLC17A2,5,0.3091987
11814,SLC17A3,5,0.2771997
11815,SLC17A4,5,0.51628476
11816,SLC17A5,10,2.4588847
11817,SLC17A6,1,0.16170171
11818,SLC17A7,3,2.1039777
11819,SLC17A8,5,0.063650265
11820,SLC17A9,3,2.1734035
11821,SLC18A1,5,0.08134276
11822,SLC18A2,3,1.7024165
11823,SLC18A3,5,0.023911068
11824,SLC18B1,8,2.2423055
11825,SLC19A1,8,2.8734703
11826,SLC19A2,8,2.889139
11827,SLC19A3,6,1.0503037
11828,SLC1A1,6,1.6839949
11829,SLC1A2,6,1.4378176
11830,SLC1A3,3,2.6673
11831,SLC1A4,9,2.6810763
11832,SLC1A5,10,2.7466702
11833,SLC1A6,1,0.961808
11834,SLC1A7,3,1.0353308
11835,SLC20A1,7,3.4240725
11836,SLC20A2,8,2.6460776
11837,SLC22A1,1,0.98402923
11838,SLC22A12,5,0.058969922
11839,SLC22A14,1,0.73143566
11840,SLC22A15,2,1.5203316
11841,SLC22A17,7,3.910146
11842,SLC22A2,5,0.07145893
11843,SLC22A23,9,2.4871666
11844,SLC22A3,8,1.8672293
11845,SLC22A4,2,1.3487421
11846,SLC22A6,1,0.16227287
11847,SLC22A7,1,0.93520516
11848,SLC22A8,1,0.052547842
11849,SLC23A1,5,0.77225864
11850,SLC23A2,8,2.8169887
11851,SLC23A3,5,1.0920827
11852,SLC24A1,6,1.3465486
11853,SLC24A2,5,0.58784616
11854,SLC24A3,2,1.7977629
11855,SLC24A4,6,0.84970236
11856,SLC24A5,6,1.3556753
11857,SLC25A1,10,4.061191
11858,SLC25A10,3,2.4823017
11859,SLC25A11,7,3.362623
11860,SLC25A12,8,2.4494262
11861,SLC25A13,3,2.5701811
11862,SLC25A14,8,2.3303494
11863,SLC25A15,3,1.2188503
11864,SLC25A16,8,2.02218
11865,SLC25A17,9,2.612541
11866,SLC25A18,6,1.8800136
11867,SLC25A19,8,1.770172
11868,SLC25A2,1,0.376111
11869,SLC25A20,7,3.354417
11870,SLC25A21,5,0.6285766
11871,SLC25A22,9,2.9535658
11872,SLC25A23,7,3.732435
11873,SLC25A24,2,1.6761115
11874,SLC25A25,7,3.1810167
11875,SLC25A26,10,3.0784976
11876,SLC25A27,10,3.0680013
11877,SLC25A28,4,3.8970282
11878,SLC25A29,7,3.2516334
11879,SLC25A3,4,4.463273
11880,SLC25A30,9,2.276266
11881,SLC25A31,5,0.446987
11882,SLC25A32,3,2.7893376
11883,SLC25A33,3,1.8534585
11884,SLC25A34,3,2.0735292
11885,SLC25A35,8,2.5597057
11886,SLC25A36,9,2.8533514
11887,SLC25A37,7,3.6696029
11888,SLC25A38,7,3.4138303
11889,SLC25A39,7,3.9092293
11890,SLC25A4,7,3.8796291
11891,SLC25A40,2,1.8312572
11892,SLC25A41,6,1.0956308
11893,SLC25A42,9,2.7791793
11894,SLC25A43,3,2.1188695
11895,SLC25A44,2,2.3309789
11896,SLC25A45,10,2.5577433
11897,SLC25A46,3,2.9196994
11898,SLC25A47,1,0.74423856
11899,SLC25A48,1,0.28683746
11900,SLC25A5,4,5.2984447
11901,SLC25A53,1,0.5766098
11902,SLC26A1,6,1.1336519
11903,SLC26A11,3,2.423
11904,SLC26A2,3,1.5746145
11905,SLC26A3,5,0.1631092
11906,SLC26A4,5,0.44038534
11907,SLC26A5,6,0.45803016
11908,SLC26A6,8,2.9739683
11909,SLC26A7,5,0.2972331
11910,SLC26A8,3,1.2162597
11911,SLC26A9,5,0.70477074
11912,SLC27A1,10,2.99083
11913,SLC27A2,6,1.1472358
11914,SLC27A3,10,3.1726925
11915,SLC27A4,8,2.6311843
11916,SLC27A5,2,2.506071
11917,SLC27A6,1,0.4405686
11918,SLC28A1,1,0.44891092
11919,SLC28A3,5,0.48921007
11920,SLC29A1,10,3.0222573
11921,SLC29A2,8,2.7970555
11922,SLC29A3,2,1.7207091
11923,SLC29A4,3,1.5666469
11924,SLC2A1,9,2.6447177
11925,SLC2A10,2,1.6034789
11926,SLC2A12,6,1.0660899
11927,SLC2A13,3,1.2315782
11928,SLC2A2,5,0.52883685
11929,SLC2A4,6,1.8219552
11930,SLC2A5,6,1.419564
11931,SLC2A6,8,2.2154064
11932,SLC2A7,1,0.05167671
11933,SLC2A8,7,3.1065977
11934,SLC2A9,6,0.8389027
11935,SLC30A1,2,2.3655977
11936,SLC30A10,6,0.5710956
11937,SLC30A2,1,0.6505387
11938,SLC30A3,1,1.1589539
11939,SLC30A4,3,1.3726647
11940,SLC30A5,2,2.6260858
11941,SLC30A6,3,2.0839858
11942,SLC30A7,3,1.9313633
11943,SLC30A8,5,0.36174944
11944,SLC30A9,3,2.8582432
11945,SLC31A1,2,2.2883554
11946,SLC31A2,10,3.3485067
11947,SLC32A1,1,0.61827713
11948,SLC33A1,2,2.0110693
11949,SLC34A1,1,0.11975557
11950,SLC34A2,1,1.070345
11951,SLC34A3,5,0.4291027
11952,SLC35A1,7,3.2048264
11953,SLC35A2,8,2.2646003
11954,SLC35A3,6,1.3212966
11955,SLC35A4,7,3.8531723
11956,SLC35A5,2,1.8926318
11957,SLC35B1,7,3.88026
11958,SLC35B2,10,3.458087
11959,SLC35B3,3,1.8365102
11960,SLC35B4,2,1.8823915
11961,SLC35C1,10,2.660271
11962,SLC35C2,5,0.0
11963,SLC35D1,2,2.174132
11964,SLC35D2,8,2.029579
11965,SLC35D3,5,0.06071325
11966,SLC35E1,10,2.9302678
11967,SLC35E2B,7,3.0121315
11968,SLC35E3,6,0.9817172
11969,SLC35E4,2,1.6415303
11970,SLC35F1,6,0.8390935
11971,SLC35F2,6,1.308183
11972,SLC35F3,1,0.75606793
11973,SLC35F4,5,0.5599804
11974,SLC35F5,2,1.7872851
11975,SLC35F6,8,2.8640518
11976,SLC35G1,6,1.4024334
11977,SLC35G2,6,1.4322182
11978,SLC36A1,7,2.1636083
11979,SLC36A2,5,0.5231526
11980,SLC36A3,5,0.2636734
11981,SLC36A4,9,1.7353352
11982,SLC37A1,3,2.0840406
11983,SLC37A2,6,1.5910734
11984,SLC37A4,9,3.386434
11985,SLC38A1,9,2.5294235
11986,SLC38A10,7,3.8177905
11987,SLC38A11,6,0.8565335
11988,SLC38A2,7,4.2873855
11989,SLC38A3,3,1.738684
11990,SLC38A4,1,0.7631048
11991,SLC38A5,3,1.8981146
11992,SLC38A6,10,2.1928785
11993,SLC38A7,3,2.232907
11994,SLC38A8,1,0.24471854
11995,SLC38A9,3,1.5349402
11996,SLC39A1,7,3.3575356
11997,SLC39A10,2,1.5541949
11998,SLC39A11,2,2.0041559
11999,SLC39A12,5,0.49569952
12000,SLC39A13,7,3.3306434
12001,SLC39A14,9,3.1167006
12002,SLC39A2,1,0.20072728
12003,SLC39A3,3,2.3952816
12004,SLC39A4,8,1.840167
12005,SLC39A5,6,1.2314763
12006,SLC39A6,10,2.7960432
12007,SLC39A7,7,4.272298
12008,SLC39A8,2,1.9842288
12009,SLC39A9,7,2.8442476
12010,SLC3A1,8,2.2641485
12011,SLC3A2,7,4.167907
12012,SLC40A1,10,3.414044
12013,SLC41A1,10,3.2747898
12014,SLC41A2,2,1.4133941
12015,SLC41A3,10,3.3315642
12016,SLC43A1,3,2.474409
12017,SLC43A2,2,2.1137433
12018,SLC43A3,8,3.0540733
12019,SLC44A1,9,2.3048317
12020,SLC44A2,4,4.49051
12021,SLC44A3,6,1.5209496
12022,SLC44A4,5,0.86155134
12023,SLC44A5,6,0.6310365
12024,SLC45A1,6,1.6567336
12025,SLC45A2,1,0.25321603
12026,SLC45A3,6,1.5083096
12027,SLC45A4,3,1.8999904
12028,SLC46A1,9,2.6736152
12029,SLC46A2,6,0.8816588
12030,SLC46A3,8,2.5715191
12031,SLC47A1,8,2.0041173
12032,SLC48A1,9,3.3629196
12033,SLC49A4,8,2.13217
12034,SLC4A1,5,0.57969916
12035,SLC4A10,5,0.90454423
12036,SLC4A11,5,1.2059772
12037,SLC4A1AP,8,2.9552774
12038,SLC4A2,7,3.3200336
12039,SLC4A3,6,2.3535159
12040,SLC4A4,6,1.7060817
12041,SLC4A5,2,1.4490216
12042,SLC4A7,3,1.7943864
12043,SLC4A8,6,1.2042719
12044,SLC4A9,5,0.2670703
12045,SLC50A1,8,3.0919223
12046,SLC51A,8,2.366534
12047,SLC51B,6,1.0374062
12048,SLC52A3,1,0.78840905
12049,SLC5A1,6,0.956692
12050,SLC5A10,3,1.6070052
12051,SLC5A11,1,0.616076
12052,SLC5A12,5,0.18693952
12053,SLC5A2,4,3.953613
12054,SLC5A3,3,1.7128313
12055,SLC5A4,6,0.55690724
12056,SLC5A5,1,0.35222247
12057,SLC5A6,10,3.1840465
12058,SLC5A7,1,0.070826694
12059,SLC5A8,1,0.17318353
12060,SLC5A9,6,1.3022962
12061,SLC66A1,8,2.866659
12062,SLC66A2,4,4.105346
12063,SLC6A1,6,1.6212296
12064,SLC6A11,5,0.65365106
12065,SLC6A12,6,1.1781578
12066,SLC6A13,6,1.0737672
12067,SLC6A15,1,0.5088614
12068,SLC6A17,1,1.17567
12069,SLC6A18,1,0.015372678
12070,SLC6A19,1,0.11934894
12071,SLC6A2,5,0.24983738
12072,SLC6A3,1,0.18088052
12073,SLC6A4,5,0.57436836
12074,SLC6A5,1,0.1914623
12075,SLC6A6,10,2.7484117
12076,SLC6A7,1,1.088612
12077,SLC6A9,2,1.2792412
12078,SLC7A1,2,2.1994643
12079,SLC7A10,1,1.3387754
12080,SLC7A11,1,0.9164529
12081,SLC7A13,5,0.038554695
12082,SLC7A14,5,0.53166425
12083,SLC7A2,7,2.8573043
12084,SLC7A3,5,0.19123067
12085,SLC7A4,2,1.0012459
12086,SLC7A5,8,3.096668
12087,SLC7A6,7,3.2709599
12088,SLC7A6OS,7,3.505844
12089,SLC7A7,8,2.2762442
12090,SLC7A8,9,2.981192
12091,SLC7A9,5,0.8328995
12092,SLC8A1,5,0.9483064
12093,SLC8A2,1,1.3148124
12094,SLC8A3,5,0.66449153
12095,SLC8B1,8,2.865833
12096,SLC9A1,8,2.593437
12097,SLC9A2,5,0.47815904
12098,SLC9A3,2,1.5609198
12099,SLC9A4,1,0.08659212
12100,SLC9A5,6,2.3365083
12101,SLC9A6,2,2.1223025
12102,SLC9A7,3,1.4882675
12103,SLC9A8,8,2.66092
12104,SLC9A9,6,1.6695523
12105,SLC9B1,8,1.5479313
12106,SLC9B2,2,2.0151353
12107,SLC9C1,1,0.3530834
12108,SLCO1C1,3,0.6902639
12109,SLCO2A1,10,2.447892
12110,SLCO2B1,7,3.410104
12111,SLCO3A1,3,2.6285844
12112,SLCO4A1,10,2.8102815
12113,SLCO4C1,5,0.59696513
12114,SLCO5A1,5,0.39474934
12115,SLF1,6,1.4121227
12116,SLF2,2,2.4939187
12117,SLFN14,5,0.10886558
12118,SLFN5,2,1.6480463
12119,SLFNL1,1,0.9174714
12120,SLIRP,7,3.5674195
12121,SLIT1,1,0.7912825
12122,SLIT2,2,1.5874448
12123,SLIT3,8,2.305077
12124,SLITRK1,5,0.40029344
12125,SLITRK2,5,0.8537794
12126,SLITRK3,5,0.54797333
12127,SLITRK4,5,0.9059693
12128,SLITRK5,1,0.4582883
12129,SLITRK6,6,0.38886696
12130,SLK,10,2.9456906
12131,SLMAP,10,2.0747309
12132,SLPI,10,3.3984983
12133,SLTM,7,3.7344651
12134,SLU7,9,2.7734222
12135,SLURP1,5,0.43157467
12136,SLX4,6,1.844472
12137,SLX4IP,3,1.2971982
12138,SMAD1,8,1.4692159
12139,SMAD2,6,1.39879
12140,SMAD3,7,2.9133706
12141,SMAD4,10,2.7357626
12142,SMAD5,8,2.4431155
12143,SMAD6,3,2.2839627
12144,SMAD7,9,2.5753298
12145,SMAGP,3,1.7243258
12146,SMAP1,10,3.0495136
12147,SMAP2,7,3.868712
12148,SMARCA1,10,3.0432107
12149,SMARCA2,8,2.9046059
12150,SMARCA4,7,3.3107693
12151,SMARCA5,10,2.9881625
12152,SMARCAD1,9,2.4118872
12153,SMARCAL1,3,2.2178216
12154,SMARCB1,7,3.040648
12155,SMARCC1,9,2.9035285
12156,SMARCC2,7,3.8424149
12157,SMARCD1,10,3.438669
12158,SMARCD2,7,3.850436
12159,SMARCD3,4,4.1385446
12160,SMARCE1,2,2.5089645
12161,SMC1A,9,2.6725223
12162,SMC1B,6,0.49237257
12163,SMC2,1,1.2746054
12164,SMC3,9,2.8418207
12165,SMC4,10,2.3065352
12166,SMC5,9,2.6096785
12167,SMC6,9,2.42484
12168,SMCHD1,10,2.9243088
12169,SMCO1,5,0.63427013
12170,SMCO3,1,0.45446515
12171,SMCO4,6,1.4343088
12172,SMCR8,2,2.2792425
12173,SMDT1,9,2.8359547
12174,SMG1,7,3.0028987
12175,SMG5,7,4.0408487
12176,SMG6,10,2.9383707
12177,SMG7,8,3.3189168
12178,SMG8,2,1.9741474
12179,SMG9,8,2.4890416
12180,SMIM1,6,0.7423953
12181,SMIM10L1,8,2.4250677
12182,SMIM11,6,1.1295452
12183,SMIM12,3,2.182135
12184,SMIM13,6,2.1266553
12185,SMIM14,3,2.361951
12186,SMIM15,2,2.0787575
12187,SMIM17,5,0.4074022
12188,SMIM18,5,0.30952618
12189,SMIM19,10,2.4540632
12190,SMIM20,7,3.5716507
12191,SMIM22,1,1.2579522
12192,SMIM24,5,0.7713734
12193,SMIM3,8,3.2446396
12194,SMIM30,10,3.3975458
12195,SMIM31,5,0.07174041
12196,SMIM34,1,0.0
12197,SMIM38,1,0.0
12198,SMIM43,5,0.0
12199,SMIM44,5,0.0
12200,SMIM45,1,0.7204089
12201,SMIM5,1,0.5249807
12202,SMIM7,7,3.8248427
12203,SMIM8,6,1.2318387
12204,SMNDC1,8,2.4326072
12205,SMO,2,2.0109267
12206,SMOC1,3,2.5648603
12207,SMOC2,8,2.6139681
12208,SMOX,6,1.6488575
12209,SMPD1,7,3.6568465
12210,SMPD2,10,2.538252
12211,SMPD3,3,1.7115844
12212,SMPD4,10,3.620025
12213,SMPDL3A,9,2.8139942
12214,SMPDL3B,3,0.9884299
12215,SMPX,1,0.8096286
12216,SMS,7,3.6104164
12217,SMTN,7,3.671402
12218,SMTNL1,5,1.2037665
12219,SMTNL2,1,1.3667818
12220,SMU1,9,2.698832
12221,SMUG1,2,1.7853757
12222,SMURF1,8,2.908141
12223,SMURF2,2,2.2812772
12224,SMYD1,5,1.0824524
12225,SMYD2,7,3.6001582
12226,SMYD3,3,2.2055454
12227,SMYD4,2,2.2780604
12228,SMYD5,7,3.160087
12229,SNAI1,8,2.0029302
12230,SNAI2,8,2.240835
12231,SNAI3,2,1.3841258
12232,SNAP23,7,3.3313277
12233,SNAP25,6,2.0172598
12234,SNAP29,9,2.8499658
12235,SNAP47,3,2.30478
12236,SNAP91,1,1.3617303
12237,SNAPC1,2,1.9087698
12238,SNAPC2,3,3.1393545
12239,SNAPC3,8,2.8917694
12240,SNAPC4,8,2.7224677
12241,SNAPC5,7,3.4332268
12242,SNAPIN,7,3.551746
12243,SNCA,6,1.4703054
12244,SNCAIP,6,1.1983001
12245,SNCB,1,1.4562759
12246,SNCG,10,3.171165
12247,SND1,7,4.2123866
12248,SNED1,10,2.9139502
12249,SNF8,7,3.790926
12250,SNIP1,8,2.0618474
12251,SNN,7,2.6643233
12252,SNORC,2,1.9199692
12253,SNPH,3,1.7378619
12254,SNRK,9,2.8825507
12255,SNRNP200,10,4.0866795
12256,SNRNP25,7,3.8759646
12257,SNRNP27,9,3.1451402
12258,SNRNP35,10,3.187082
12259,SNRNP40,10,3.0182807
12260,SNRNP48,2,2.3186321
12261,SNRNP70,4,5.858644
12262,SNRPA,7,3.7633364
12263,SNRPA1,7,4.082345
12264,SNRPB,4,4.48957
12265,SNRPB2,3,2.6841736
12266,SNRPC,4,4.155884
12267,SNRPD1,3,2.2861967
12268,SNRPD2,4,4.6145387
12269,SNRPD3,9,2.8729768
12270,SNRPE,9,2.9006152
12271,SNRPF,8,3.0363724
12272,SNRPN,4,4.439045
12273,SNTA1,9,3.6238794
12274,SNTB1,8,2.3628623
12275,SNTB2,8,2.0791755
12276,SNTG1,6,0.34101087
12277,SNTG2,6,1.0472401
12278,SNTN,5,0.12135436
12279,SNU13,4,4.2928696
12280,SNUPN,9,2.5776906
12281,SNURF,4,5.561924
12282,SNW1,7,3.8985968
12283,SNX1,7,3.3457832
12284,SNX10,3,1.9788373
12285,SNX11,8,2.4662027
12286,SNX12,7,3.3638875
12287,SNX13,2,2.0682414
12288,SNX14,9,2.8290064
12289,SNX15,10,3.151914
12290,SNX16,2,1.4253876
12291,SNX17,4,4.272554
12292,SNX18,10,2.104284
12293,SNX19,10,2.4124174
12294,SNX2,2,2.6493573
12295,SNX20,6,0.90049124
12296,SNX21,10,3.0250475
12297,SNX22,9,4.0396748
12298,SNX24,8,2.3561425
12299,SNX25,6,2.3499663
12300,SNX27,10,2.7965415
12301,SNX29,8,1.9898952
12302,SNX3,4,4.8452616
12303,SNX30,2,2.134326
12304,SNX31,5,0.35402903
12305,SNX32,4,3.9402251
12306,SNX33,2,2.4337685
12307,SNX4,9,2.891435
12308,SNX5,7,3.8368714
12309,SNX6,10,3.2149022
12310,SNX7,8,2.388577
12311,SNX8,10,2.6615984
12312,SNX9,7,2.9412265
12313,SOAT1,8,2.0860121
12314,SOAT2,6,0.53844696
12315,SOBP,2,1.5004302
12316,SOCS1,3,0.9032405
12317,SOCS2,3,1.7983048
12318,SOCS3,7,3.1251726
12319,SOCS4,8,1.8528564
12320,SOCS5,3,2.1636827
12321,SOCS6,3,1.7188612
12322,SOCS7,2,2.4440303
12323,SOD1,4,5.6103587
12324,SOD2,4,3.958569
12325,SOD3,7,3.32349
12326,SON,9,3.9491642
12327,SORBS1,8,3.3205812
12328,SORBS2,3,1.9808072
12329,SORBS3,4,4.3234687
12330,SORCS1,5,0.7071604
12331,SORCS2,6,1.1839647
12332,SORCS3,5,0.49523908
12333,SORD,8,1.9156307
12334,SORL1,9,2.3878658
12335,SORT1,7,3.4198196
12336,SOS1,8,2.2718332
12337,SOS2,9,2.7389517
12338,SOST,1,0.14734715
12339,SOSTDC1,1,0.8041378
12340,SOWAHA,6,1.0954262
12341,SOWAHB,1,0.5466503
12342,SOWAHC,2,1.6025474
12343,SOWAHD,5,0.8376428
12344,SOX1,1,0.33044308
12345,SOX10,6,1.2479793
12346,SOX11,6,0.15871397
12347,SOX12,9,2.1672537
12348,SOX13,10,2.940512
12349,SOX14,1,0.017706621
12350,SOX15,6,1.5571494
12351,SOX17,2,2.0350702
12352,SOX18,8,2.9268801
12353,SOX2,1,1.1303049
12354,SOX21,5,0.46978325
12355,SOX3,1,0.322256
12356,SOX30,1,0.5581648
12357,SOX4,3,2.2202153
12358,SOX5,1,1.0681984
12359,SOX6,6,1.1113482
12360,SOX7,2,1.9858305
12361,SOX8,6,1.476293
12362,SOX9,9,2.2257357
12363,SP1,9,3.0937548
12364,SP2,7,2.946172
12365,SP3,3,2.3655906
12366,SP4,6,1.4466007
12367,SP5,1,0.64275277
12368,SP6,1,0.58155715
12369,SP7,5,0.19257957
12370,SP8,1,0.12509035
12371,SP9,5,0.24631085
12372,SPA17,6,0.99457604
12373,SPAAR,2,1.4542795
12374,SPACA1,1,0.46696237
12375,SPACA3,5,0.6674927
12376,SPACA4,6,0.70794016
12377,SPACA6,8,2.821765
12378,SPACA9,3,2.022318
12379,SPAG1,6,1.7838663
12380,SPAG16,2,1.8337903
12381,SPAG17,5,0.7754422
12382,SPAG4,3,1.7660805
12383,SPAG5,3,2.0976694
12384,SPAG7,7,3.8485105
12385,SPAG8,7,2.3184228
12386,SPAG9,7,3.525934
12387,SPARC,4,5.238934
12388,SPARCL1,4,4.6829267
12389,SPAST,3,2.0179348
12390,SPATA1,5,0.0
12391,SPATA13,10,2.4683864
12392,SPATA16,1,0.44474548
12393,SPATA17,5,0.48843744
12394,SPATA18,6,1.2380464
12395,SPATA19,1,0.5949788
12396,SPATA2,3,2.222065
12397,SPATA20,7,3.9365711
12398,SPATA22,1,0.87036675
12399,SPATA24,3,1.8288953
12400,SPATA25,6,1.6744488
12401,SPATA2L,6,2.075558
12402,SPATA4,5,0.59435606
12403,SPATA45,5,0.44871572
12404,SPATA46,1,0.6187234
12405,SPATA6,6,1.8327149
12406,SPATA6L,3,1.3601097
12407,SPATA7,8,2.4364562
12408,SPATA9,5,1.3868262
12409,SPATC1,1,0.9759037
12410,SPATC1L,9,1.8640853
12411,SPATS1,5,0.31391016
12412,SPATS2,2,2.0046642
12413,SPATS2L,9,2.3032355
12414,SPC24,6,1.2706321
12415,SPC25,5,0.65019566
12416,SPCS1,7,3.5215473
12417,SPCS2,7,3.200141
12418,SPDEF,5,0.4535567
12419,SPDL1,10,1.6590948
12420,SPDYA,8,3.3188024
12421,SPECC1,6,1.6066344
12422,SPECC1L,8,2.9107187
12423,SPEF1,6,1.0377183
12424,SPEF2,5,1.0273376
12425,SPEG,3,2.401137
12426,SPEM1,1,0.54366755
12427,SPEM2,1,0.6258751
12428,SPEN,7,3.0525906
12429,SPG11,8,2.790662
12430,SPG21,8,2.9120243
12431,SPG7,4,3.8558772
12432,SPHK1,2,1.8493593
12433,SPHK2,10,2.4867814
12434,SPHKAP,1,0.8929065
12435,SPI1,3,2.044157
12436,SPIB,5,0.5314154
12437,SPIC,5,0.38150278
12438,SPICE1,2,1.5052588
12439,SPIDR,8,3.273204
12440,SPIN1,8,2.1937933
12441,SPIN4,6,1.0618247
12442,SPINDOC,10,2.7984455
12443,SPINK1,6,1.6861454
12444,SPINK13,1,0.39263484
12445,SPINK14,1,0.014347351
12446,SPINK4,5,0.087294556
12447,SPINK5,5,0.7520067
12448,SPINK6,1,0.35267493
12449,SPINK7,1,0.25617176
12450,SPINK8,1,0.15761824
12451,SPINT1,6,1.7674122
12452,SPINT2,7,3.729582
12453,SPIRE1,10,2.7034736
12454,SPIRE2,10,1.7474355
12455,SPN,6,0.78968185
12456,SPNS1,7,3.6935863
12457,SPNS2,9,3.0627708
12458,SPNS3,1,0.7095709
12459,SPO11,1,0.27414227
12460,SPOCK1,7,2.7125661
12461,SPOCK2,8,2.990499
12462,SPOCK3,1,0.7431942
12463,SPON1,8,2.3654351
12464,SPON2,10,3.2114644
12465,SPOPL,3,2.084453
12466,SPOUT1,7,3.2807
12467,SPP1,6,2.3295932
12468,SPP2,1,0.23556243
12469,SPPL2A,8,2.5953918
12470,SPPL2B,9,3.6980004
12471,SPPL2C,1,0.63261354
12472,SPPL3,7,3.2253616
12473,SPR,9,3.2053375
12474,SPRED1,2,2.099968
12475,SPRED2,10,2.6212392
12476,SPRED3,3,0.8363331
12477,SPRING1,2,1.9006708
12478,SPRN,3,2.074885
12479,SPRR4,1,0.2988705
12480,SPRTN,3,1.482362
12481,SPRY1,10,2.6597364
12482,SPRY2,10,2.779597
12483,SPRY4,2,1.8673258
12484,SPRYD3,9,3.8189995
12485,SPRYD4,3,2.1370358
12486,SPRYD7,10,2.3609831
12487,SPSB1,2,2.0116944
12488,SPSB2,6,1.7116646
12489,SPSB3,7,4.1806765
12490,SPSB4,6,0.96592224
12491,SPTA1,1,0.32577267
12492,SPTAN1,4,4.3365264
12493,SPTB,10,2.2508745
12494,SPTBN1,4,4.2893686
12495,SPTBN2,8,1.9473538
12496,SPTBN4,5,1.4357048
12497,SPTBN5,2,1.1967095
12498,SPTLC1,9,2.2549162
12499,SPTLC2,9,2.3298523
12500,SPTLC3,6,1.0884235
12501,SPTSSA,8,3.0448406
12502,SPTSSB,5,0.46483606
12503,SPTY2D1,3,2.0135217
12504,SPX,6,1.7019362
12505,SQLE,10,2.5183997
12506,SQOR,8,2.509586
12507,SQSTM1,4,5.537219
12508,SRA1,4,4.2667513
12509,SRBD1,3,1.8366423
12510,SRC,8,2.4000654
12511,SRCAP,7,3.911154
12512,SRCIN1,2,1.4995543
12513,SRD5A1,2,1.4978914
12514,SRD5A2,5,0.5071091
12515,SRD5A3,6,1.81407
12516,SREBF1,7,3.8907714
12517,SREBF2,7,4.026391
12518,SREK1IP1,2,1.7787305
12519,SRF,7,3.5508666
12520,SRFBP1,2,1.7379044
12521,SRGAP1,6,1.0251557
12522,SRGAP3,2,1.5144563
12523,SRGN,7,4.247441
12524,SRI,10,3.534725
12525,SRM,4,4.46186
12526,SRMS,5,0.23044413
12527,SRP14,4,5.277352
12528,SRP19,3,2.3714354
12529,SRP68,4,3.9907098
12530,SRP72,7,3.468729
12531,SRP9,4,4.3472095
12532,SRPK1,8,3.080912
12533,SRPK2,10,2.733148
12534,SRPK3,7,3.0530975
12535,SRPRB,9,3.6056392
12536,SRPX,10,2.956834
12537,SRPX2,2,1.212338
12538,SRR,9,2.7794857
12539,SRRM1,7,4.2048244
12540,SRRM2,4,5.6385036
12541,SRRM3,6,1.9220698
12542,SRRM4,6,0.89851534
12543,SRRT,4,4.3855534
12544,SRSF1,7,3.9543257
12545,SRSF10,7,3.2280118
12546,SRSF11,4,4.8433456
12547,SRSF12,5,0.9747742
12548,SRSF2,4,4.845039
12549,SRSF3,4,4.166865
12550,SRSF4,7,4.6401477
12551,SRSF5,4,5.0137014
12552,SRSF6,7,4.2434225
12553,SRSF7,4,4.4135594
12554,SRSF9,4,4.7431154
12555,SRXN1,8,3.297259
12556,SS18,9,3.3833952
12557,SS18L1,7,2.9065216
12558,SS18L2,10,2.138373
12559,SSB,4,4.0968547
12560,SSBP1,8,3.103603
12561,SSBP2,2,1.8642426
12562,SSBP3,9,3.7139893
12563,SSBP4,7,3.5337236
12564,SSC4D,5,0.72283125
12565,SSC5D,8,1.8908464
12566,SSH1,10,2.2727818
12567,SSH2,10,2.5564322
12568,SSH3,10,3.0304377
12569,SSMEM1,1,0.3962455
12570,SSNA1,4,4.4868402
12571,SSPN,2,2.1934621
12572,SSR1,9,2.778542
12573,SSR2,4,4.7526155
12574,SSR3,8,3.6404552
12575,SSR4,4,4.691118
12576,SSRP1,7,4.2107472
12577,SST,6,1.0848383
12578,SSTR1,6,0.99120486
12579,SSTR2,6,1.2873435
12580,SSTR3,1,0.7162825
12581,SSTR4,5,0.09943284
12582,SSTR5,1,0.12420484
12583,SSU72,9,3.790777
12584,SSUH2,1,0.7273286
12585,SSX2IP,2,1.5748382
12586,ST13,7,4.3182635
12587,ST14,8,1.9196874
12588,ST18,1,0.7176163
12589,ST3GAL1,2,2.2112534
12590,ST3GAL2,8,2.0671716
12591,ST3GAL3,8,2.4215412
12592,ST3GAL4,3,1.8734668
12593,ST3GAL5,8,2.444665
12594,ST3GAL6,3,1.3669549
12595,ST6GAL1,2,2.3369741
12596,ST6GAL2,6,0.70115626
12597,ST6GALNAC1,3,1.2473004
12598,ST6GALNAC3,3,1.0768254
12599,ST6GALNAC4,9,3.0528867
12600,ST6GALNAC5,1,0.5871327
12601,ST6GALNAC6,4,3.9360666
12602,ST7,2,2.3102622
12603,ST7L,9,2.096505
12604,ST8SIA1,6,0.7781087
12605,ST8SIA2,5,0.19229162
12606,ST8SIA3,6,0.8193483
12607,ST8SIA4,2,0.9574379
12608,ST8SIA5,3,0.87875056
12609,ST8SIA6,1,0.23474847
12610,STAB1,9,3.544146
12611,STAB2,5,1.0260645
12612,STAC,6,1.0490597
12613,STAC2,6,1.2616867
12614,STAC3,3,2.5081756
12615,STAG1,9,2.5223906
12616,STAG2,8,2.5552218
12617,STAG3,10,2.9909759
12618,STAM,2,2.5758414
12619,STAM2,2,2.369464
12620,STAMBP,3,1.8294603
12621,STAMBPL1,3,1.104859
12622,STAP1,5,0.62518597
12623,STAP2,8,1.9393798
12624,STAR,5,1.1025364
12625,STARD10,9,3.203423
12626,STARD13,3,2.0694833
12627,STARD3,10,3.5952024
12628,STARD3NL,2,2.5142593
12629,STARD4,9,1.9634336
12630,STARD5,8,2.2712812
12631,STARD6,1,0.35865095
12632,STARD7,4,4.2882895
12633,STARD8,2,2.2711606
12634,STAT1,8,2.7669032
12635,STAT2,7,4.0224156
12636,STAT3,4,4.361627
12637,STAT4,6,1.7626177
12638,STAT5A,10,2.8687992
12639,STAT5B,10,3.5581753
12640,STAT6,7,3.8117783
12641,STAU1,7,3.663732
12642,STAU2,2,2.1637356
12643,STBD1,10,3.165871
12644,STC1,1,1.2149793
12645,STC2,3,1.8351051
12646,STEAP2,2,1.7927101
12647,STEAP3,2,2.0781724
12648,STEAP4,8,2.0749996
12649,STEEP1,9,2.1588085
12650,STIL,1,0.71464634
12651,STIM1,7,3.426288
12652,STIM2,9,2.5579126
12653,STIMATE,10,2.6824515
12654,STING1,10,3.1422403
12655,STIP1,4,4.343417
12656,STK10,8,2.8172464
12657,STK11,7,3.324348
12658,STK11IP,7,2.8683715
12659,STK16,8,2.9335594
12660,STK17B,6,1.6990782
12661,STK24,9,3.1861587
12662,STK25,4,4.1460814
12663,STK26,3,1.3524655
12664,STK3,9,2.2663233
12665,STK31,5,0.85541457
12666,STK32A,5,0.9525945
12667,STK32B,6,0.8593079
12668,STK32C,3,2.2677476
12669,STK33,1,1.1115594
12670,STK35,9,2.4806912
12671,STK36,8,2.7989209
12672,STK38,9,3.0714865
12673,STK38L,10,2.523358
12674,STK39,2,2.347576
12675,STK4,8,1.951063
12676,STK40,8,2.9699733
12677,STKLD1,5,1.0329634
12678,STMN1,8,3.1327045
12679,STMN2,2,1.863306
12680,STMN3,8,3.294476
12681,STMN4,5,1.0058445
12682,STMND1,5,0.56294644
12683,STN1,3,1.1672142
12684,STOM,7,4.6129427
12685,STOML1,2,1.9159555
12686,STOML2,4,4.307764
12687,STOML3,1,0.11427414
12688,STON1,6,1.4789839
12689,STON2,6,1.073385
12690,STOX1,1,0.98429644
12691,STOX2,6,1.4589895
12692,STPG1,3,1.7513188
12693,STPG3,6,1.3570298
12694,STPG4,5,0.41158673
12695,STRA6,1,0.35718673
12696,STRA8,5,0.17187555
12697,STRADA,10,3.2323503
12698,STRADB,10,2.601738
12699,STRAP,4,4.5694227
12700,STRBP,2,1.8785316
12701,STRC,3,1.0644999
12702,STRIP1,8,3.2905576
12703,STRIP2,2,1.6947237
12704,STRIT1,1,0.0
12705,STRN,3,1.7154536
12706,STRN3,9,2.7999375
12707,STRN4,7,4.0335155
12708,STT3A,7,3.273185
12709,STT3B,7,3.593946
12710,STUB1,4,4.864339
12711,STUM,6,1.3117288
12712,STX11,1,0.9895863
12713,STX12,7,3.5687048
12714,STX16,4,4.0857754
12715,STX17,6,1.6074046
12716,STX18,7,3.2232473
12717,STX19,1,0.22640482
12718,STX1A,8,2.4166956
12719,STX1B,6,2.0281708
12720,STX2,8,2.5260105
12721,STX3,3,2.1428008
12722,STX4,7,4.01655
12723,STX5,9,3.5002787
12724,STX6,2,2.5191164
12725,STX7,3,2.0397773
12726,STX8,7,3.911404
12727,STXBP1,8,2.8881257
12728,STXBP2,10,3.433764
12729,STXBP3,10,3.3395257
12730,STXBP4,6,0.6771414
12731,STXBP5,3,2.0818095
12732,STXBP5L,6,0.7669839
12733,STXBP6,6,1.547399
12734,STYK1,5,0.40909684
12735,STYXL1,8,2.4803581
12736,SUB1,9,3.1189933
12737,SUCLA2,7,2.7363062
12738,SUCLG1,4,4.5429807
12739,SUCLG2,7,2.942876
12740,SUCNR1,5,0.42890826
12741,SUCO,3,2.372853
12742,SUDS3,8,2.927334
12743,SUFU,3,2.0519075
12744,SUGCT,5,0.8177511
12745,SUGP1,9,3.2982886
12746,SUGP2,7,4.007718
12747,SUGT1,8,2.006091
12748,SULF1,8,1.5310886
12749,SULF2,9,2.8136237
12750,SULT1B1,5,0.7030256
12751,SULT1C2,6,0.81097955
12752,SULT1C3,1,0.0033120017
12753,SULT1E1,1,0.30571294
12754,SULT2B1,5,0.7232494
12755,SULT4A1,2,1.7787037
12756,SULT6B1,1,0.21794002
12757,SUMF1,8,2.7563267
12758,SUMF2,4,4.1973963
12759,SUMO1,4,4.06852
12760,SUMO2,10,3.8348415
12761,SUMO3,7,4.1749926
12762,SUN1,7,3.887338
12763,SUN2,4,4.084688
12764,SUN3,1,0.4754382
12765,SUN5,5,0.40125734
12766,SUOX,8,2.2327163
12767,SUPT16H,9,3.493788
12768,SUPT20H,9,3.2708209
12769,SUPT3H,3,1.5662141
12770,SUPT4H1,8,3.7783806
12771,SUPT5H,4,4.497099
12772,SUPT6H,7,3.730999
12773,SUPT7L,9,3.258095
12774,SUPV3L1,9,3.1306212
12775,SURF1,7,4.1978517
12776,SURF2,8,2.6518085
12777,SURF4,4,4.4362903
12778,SURF6,8,2.9467537
12779,SUSD1,6,1.7209209
12780,SUSD2,8,2.1798828
12781,SUSD3,6,1.7341236
12782,SUSD4,3,1.507431
12783,SUSD5,1,1.1708037
12784,SUSD6,8,3.0991938
12785,SUV39H1,3,1.8914839
12786,SUV39H2,2,1.4539787
12787,SUZ12,10,2.663219
12788,SV2A,6,1.7225672
12789,SV2B,5,1.0813868
12790,SV2C,5,0.26245284
12791,SVBP,8,2.8474448
12792,SVEP1,2,1.9531102
12793,SVIL,2,2.8427656
12794,SVIP,8,2.345317
12795,SVOP,6,0.908735
12796,SVOPL,1,0.29402268
12797,SWAP70,9,2.7858858
12798,SWI5,8,2.857391
12799,SWSAP1,1,1.4250813
12800,SWT1,3,1.4278973
12801,SYAP1,3,2.5410058
12802,SYBU,8,2.1941047
12803,SYCE1,3,1.5532091
12804,SYCE1L,2,2.0059144
12805,SYCE2,2,1.5732313
12806,SYCE3,5,0.827268
12807,SYCN,5,1.8123808
12808,SYCP1,1,0.4536895
12809,SYCP2,3,1.4191567
12810,SYCP2L,6,1.0504776
12811,SYDE1,8,2.2616663
12812,SYDE2,5,0.6940184
12813,SYF2,10,3.8034587
12814,SYK,6,1.7142912
12815,SYMPK,9,3.3652964
12816,SYN1,3,1.9777884
12817,SYN2,9,1.9739168
12818,SYN3,5,0.47377658
12819,SYNC,10,2.6442327
12820,SYNCRIP,9,3.1045163
12821,SYNDIG1,6,1.0790806
12822,SYNDIG1L,1,0.42442247
12823,SYNE1,3,2.566948
12824,SYNE2,9,2.7332149
12825,SYNE3,8,1.5778043
12826,SYNE4,1,1.6591685
12827,SYNGAP1,10,2.7570322
12828,SYNGR1,3,2.8684528
12829,SYNGR2,4,4.3989635
12830,SYNGR3,6,1.5126382
12831,SYNGR4,1,0.7513839
12832,SYNJ1,8,2.089932
12833,SYNJ2,2,1.9695014
12834,SYNJ2BP,8,2.5248165
12835,SYNM,10,3.0117023
12836,SYNPO,9,3.8485503
12837,SYNPO2,8,2.2281861
12838,SYNPO2L,5,1.1975714
12839,SYNPR,1,0.94171304
12840,SYNRG,3,2.195334
12841,SYP,3,2.1286833
12842,SYPL2,6,1.9921414
12843,SYS1,3,2.2960439
12844,SYT1,1,1.1740428
12845,SYT10,5,0.07591699
12846,SYT11,10,2.6220708
12847,SYT12,6,1.143106
12848,SYT13,1,1.1814765
12849,SYT14,1,0.49992096
12850,SYT16,6,0.42618746
12851,SYT17,5,0.9821836
12852,SYT2,6,1.0626209
12853,SYT3,5,0.7740585
12854,SYT4,1,1.0554278
12855,SYT5,6,0.8940973
12856,SYT6,1,0.28279066
12857,SYT7,6,2.2113986
12858,SYT8,6,0.64077693
12859,SYT9,5,0.86675817
12860,SYTL1,9,2.5193136
12861,SYTL2,8,1.7128851
12862,SYTL3,5,1.1613288
12863,SYTL4,3,1.5916722
12864,SYTL5,6,0.56864476
12865,SYVN1,4,4.303419
12866,SZRD1,4,3.8895028
12867,SZT2,10,2.7999978
12868,TAAR1,5,0.0097669875
12869,TAAR2,1,0.036301598
12870,TAAR5,5,0.0053581027
12871,TAAR9,5,0.002477964
12872,TAB1,10,3.0211978
12873,TAB2,10,3.2485747
12874,TAB3,2,2.3798862
12875,TAC1,6,0.96709514
12876,TAC3,5,0.44461656
12877,TACC1,9,3.193767
12878,TACC2,10,2.5417001
12879,TACO1,7,3.2487407
12880,TACR1,1,0.45863208
12881,TACR2,6,0.6087737
12882,TACR3,5,0.042557936
12883,TACSTD2,6,1.8086697
12884,TADA1,10,2.5149543
12885,TADA2A,2,2.2304478
12886,TADA2B,8,2.8337083
12887,TADA3,7,3.679735
12888,TAF10,4,4.2740073
12889,TAF11,9,3.4155712
12890,TAF12,2,1.8039967
12891,TAF13,8,2.58181
12892,TAF15,4,4.7263193
12893,TAF1A,6,1.2273804
12894,TAF1B,9,1.8610237
12895,TAF1C,7,3.696621
12896,TAF2,8,2.1641746
12897,TAF3,3,2.0622487
12898,TAF4,8,2.531559
12899,TAF4B,3,1.3743491
12900,TAF5,2,1.7434642
12901,TAF5L,8,2.0834465
12902,TAF6,10,3.336388
12903,TAF6L,9,2.7091718
12904,TAF7,7,4.4009066
12905,TAF8,2,1.8432624
12906,TAF9B,2,2.6779575
12907,TAFA1,5,0.4273652
12908,TAFA2,5,0.744945
12909,TAFA3,5,0.47330907
12910,TAFA4,5,0.24805014
12911,TAFA5,6,1.6267477
12912,TAFAZZIN,7,3.7132995
12913,TAGLN,7,3.9738376
12914,TAGLN2,7,4.0107603
12915,TAGLN3,1,1.4042956
12916,TAL1,6,1.598203
12917,TAL2,1,0.2735627
12918,TALDO1,4,4.841521
12919,TAMALIN,7,3.3311036
12920,TAMM41,8,2.3181221
12921,TANC1,8,2.474338
12922,TANC2,2,1.6994119
12923,TANGO2,3,2.704994
12924,TANGO6,2,1.7497396
12925,TANK,8,2.2964175
12926,TAOK1,8,2.5618262
12927,TAOK2,9,3.3462772
12928,TAOK3,2,2.626219
12929,TAP1,7,3.5520122
12930,TAP2,8,2.6571996
12931,TAPBP,7,4.132774
12932,TAPBPL,8,2.9471924
12933,TAPT1,3,2.907172
12934,TARBP1,9,2.993081
12935,TARBP2,7,3.4048529
12936,TARDBP,10,3.9610627
12937,TARS2,10,3.0929077
12938,TAS1R1,1,0.43186408
12939,TAS1R2,5,0.019845417
12940,TAS1R3,5,0.8212886
12941,TAS2R16,1,0.009217768
12942,TAS2R3,5,0.16486406
12943,TAS2R38,5,0.023071336
12944,TAS2R39,1,0.013679683
12945,TAS2R4,1,0.51417196
12946,TAS2R40,1,0.1587218
12947,TAS2R41,1,0.008345476
12948,TAS2R60,1,0.032162968
12949,TAS2R7,5,0.010234986
12950,TASL,5,0.53534967
12951,TASOR,10,2.5611022
12952,TASOR2,10,2.5557208
12953,TASP1,2,1.7708794
12954,TAT,1,0.9868216
12955,TATDN1,7,3.7065318
12956,TATDN2,10,3.4121685
12957,TATDN3,8,2.3575962
12958,TAX1BP1,10,3.8576329
12959,TAX1BP3,7,4.1728363
12960,TBATA,5,0.5774639
12961,TBC1D1,10,3.0820146
12962,TBC1D10A,7,3.1650617
12963,TBC1D10B,7,3.6317565
12964,TBC1D10C,2,1.8900548
12965,TBC1D12,2,2.043815
12966,TBC1D13,9,3.090064
12967,TBC1D14,10,3.2031672
12968,TBC1D15,10,2.8412192
12969,TBC1D16,3,2.366565
12970,TBC1D17,4,4.390708
12971,TBC1D19,3,1.3719057
12972,TBC1D2,2,2.2607946
12973,TBC1D20,9,3.468934
12974,TBC1D21,1,0.4674032
12975,TBC1D22A,10,2.7209966
12976,TBC1D22B,9,2.4880724
12977,TBC1D23,8,2.7446952
12978,TBC1D24,2,1.9048786
12979,TBC1D25,8,2.6050441
12980,TBC1D2B,10,3.1624684
12981,TBC1D30,6,1.1526002
12982,TBC1D31,9,1.9402086
12983,TBC1D32,3,1.0557474
12984,TBC1D4,9,2.5443177
12985,TBC1D5,9,2.3398128
12986,TBC1D7,3,1.5962473
12987,TBC1D8,7,3.082183
12988,TBC1D8B,6,0.8693817
12989,TBC1D9,3,2.4010766
12990,TBC1D9B,4,4.137459
12991,TBCA,7,3.488005
12992,TBCB,4,4.453178
12993,TBCC,9,3.0319607
12994,TBCCD1,6,1.807868
12995,TBCD,9,3.2456262
12996,TBCE,2,2.2011304
12997,TBCEL,3,1.6613528
12998,TBCK,3,1.9164486
12999,TBK1,2,2.2187712
13000,TBKBP1,9,2.7747226
13001,TBL1XR1,9,2.7754445
13002,TBL2,10,2.648446
13003,TBL3,9,2.6634395
13004,TBP,9,2.9155965
13005,TBPL1,9,2.2481003
13006,TBPL2,5,0.10484631
13007,TBR1,1,0.5811484
13008,TBRG1,7,3.1913881
13009,TBRG4,10,2.7089827
13010,TBX1,6,1.3516932
13011,TBX15,6,1.4216355
13012,TBX18,6,0.77346325
13013,TBX19,2,1.261312
13014,TBX2,9,3.0201538
13015,TBX20,5,0.35253257
13016,TBX21,1,0.7735083
13017,TBX22,5,0.39724147
13018,TBX3,2,2.3318958
13019,TBX4,1,0.6057527
13020,TBX5,1,0.79702103
13021,TBX6,5,0.95037854
13022,TBXA2R,3,1.1538434
13023,TBXAS1,6,1.6345472
13024,TBXT,1,0.05535051
13025,TC2N,3,1.6502652
13026,TCAF1,8,2.470038
13027,TCAIM,3,2.0126374
13028,TCAP,8,3.6702378
13029,TCEA1,8,3.2098775
13030,TCEA2,7,4.0414953
13031,TCEA3,3,2.2619631
13032,TCEAL1,9,3.3731058
13033,TCEAL7,8,1.7320281
13034,TCEAL8,9,3.0013793
13035,TCEAL9,10,3.267374
13036,TCEANC,6,0.9582585
13037,TCEANC2,3,1.1852576
13038,TCERG1,7,3.516279
13039,TCERG1L,1,0.6544711
13040,TCF12,8,1.9583021
13041,TCF15,6,1.2096639
13042,TCF19,3,1.6099969
13043,TCF21,1,1.6947267
13044,TCF23,1,0.40792036
13045,TCF24,1,0.20989838
13046,TCF25,4,4.259381
13047,TCF3,9,2.7439494
13048,TCF4,9,2.6337671
13049,TCF7,3,1.5568798
13050,TCF7L1,2,2.828907
13051,TCF7L2,10,2.5643952
13052,TCFL5,2,2.1483703
13053,TCIM,10,3.5685258
13054,TCIRG1,7,4.0702887
13055,TCN2,10,2.8095274
13056,TCOF1,10,2.8693483
13057,TCP1,4,4.834284
13058,TCP11,5,0.7660173
13059,TCP11L1,3,1.5690688
13060,TCP11L2,3,1.2790321
13061,TCTA,9,3.493644
13062,TCTE1,1,0.0
13063,TCTN1,8,2.6246262
13064,TCTN2,3,2.1454444
13065,TCTN3,3,2.2533336
13066,TDG,3,2.4373417
13067,TDO2,5,1.0254778
13068,TDP1,3,1.6448807
13069,TDP2,7,3.3630373
13070,TDRD1,5,0.31546453
13071,TDRD12,1,0.41256267
13072,TDRD3,8,1.8940424
13073,TDRD5,1,0.44395247
13074,TDRD6,1,1.119051
13075,TDRD7,8,2.423807
13076,TDRD9,6,1.3116635
13077,TDRKH,2,1.758653
13078,TDRP,8,2.4457932
13079,TEAD1,3,2.568036
13080,TEAD2,3,2.423489
13081,TEAD3,9,2.8300571
13082,TEAD4,8,2.6147208
13083,TEC,6,0.9653822
13084,TECPR1,8,2.9660954
13085,TECPR2,3,2.3452392
13086,TECR,4,4.310458
13087,TECRL,5,0.69308794
13088,TECTA,5,0.7478473
13089,TECTB,1,0.042605493
13090,TEDC1,2,2.048057
13091,TEDC2,6,1.037034
13092,TEF,7,3.239805
13093,TEFM,8,2.0361328
13094,TEK,3,1.9074808
13095,TEKT1,6,0.5476899
13096,TEKT2,1,0.9694003
13097,TEKT3,6,0.94797975
13098,TEKT5,6,0.5953585
13099,TELO2,8,3.2172751
13100,TENM1,1,1.2050462
13101,TENM2,5,0.79649836
13102,TENM3,6,1.0480009
13103,TENM4,1,0.58467007
13104,TENT2,3,2.415812
13105,TENT4A,10,2.946244
13106,TENT4B,3,1.8122308
13107,TENT5A,8,2.037373
13108,TENT5B,2,1.6248802
13109,TENT5C,6,2.0142934
13110,TENT5D,1,0.15214899
13111,TEP1,2,2.0897532
13112,TEPSIN,7,3.577065
13113,TERB1,5,0.35777906
13114,TERB2,5,0.38448313
13115,TERF1,2,2.5232387
13116,TERF2,8,2.9930205
13117,TERF2IP,4,4.0152555
13118,TERT,1,0.21068357
13119,TESK1,10,3.9273157
13120,TESK2,6,1.8070604
13121,TESMIN,1,0.6930221
13122,TESPA1,5,0.8459393
13123,TET1,5,0.36329916
13124,TET2,3,1.352605
13125,TET3,6,1.5606558
13126,TEX10,8,2.8140292
13127,TEX101,1,0.5688722
13128,TEX11,1,0.6021266
13129,TEX12,1,0.5499905
13130,TEX14,1,0.8261705
13131,TEX2,7,3.1059494
13132,TEX26,1,0.60557365
13133,TEX261,9,3.9819784
13134,TEX264,10,2.7939036
13135,TEX28,5,0.21904196
13136,TEX30,2,1.4748619
13137,TEX36,1,0.36925477
13138,TEX38,1,0.8199388
13139,TEX47,5,0.39171556
13140,TEX50,5,0.0
13141,TEX52,5,0.0
13142,TEX9,5,1.0091166
13143,TF,5,1.6250832
13144,TFAM,9,2.3992164
13145,TFAP2A,5,0.5580396
13146,TFAP2B,5,0.31849113
13147,TFAP2C,1,0.49190113
13148,TFAP2D,5,0.016702276
13149,TFAP2E,2,1.4566998
13150,TFAP4,8,2.3221526
13151,TFB1M,9,1.9074924
13152,TFB2M,10,2.5883546
13153,TFCP2,9,2.697021
13154,TFCP2L1,6,1.045893
13155,TFDP1,8,3.2080777
13156,TFDP2,9,2.1091032
13157,TFE3,7,3.8477738
13158,TFEB,8,2.15501
13159,TFEC,5,0.84524256
13160,TFF1,5,0.34927565
13161,TFF2,5,0.39368942
13162,TFF3,6,1.6160749
13163,TFG,7,3.540406
13164,TFIP11,8,2.9611623
13165,TFPI,2,1.923946
13166,TFPI2,6,1.1183134
13167,TFPT,9,3.068005
13168,TFR2,2,1.5957681
13169,TFRC,8,3.0470254
13170,TG,5,0.96563774
13171,TGDS,3,2.3242145
13172,TGFA,5,1.0782847
13173,TGFB1,7,3.3918128
13174,TGFB1I1,8,2.944427
13175,TGFB2,2,1.2775949
13176,TGFB3,8,2.5332282
13177,TGFBI,10,3.3918316
13178,TGFBR1,3,2.3290675
13179,TGFBR2,7,3.6418908
13180,TGFBR3,2,2.63905
13181,TGFBR3L,6,1.1939784
13182,TGFBRAP1,2,2.3099375
13183,TGIF1,2,2.0504963
13184,TGIF2,2,1.4841434
13185,TGM1,2,1.3031758
13186,TGM2,9,4.145806
13187,TGM3,5,0.67433774
13188,TGM4,1,0.22248736
13189,TGM5,1,0.26328486
13190,TGM6,1,0.010690627
13191,TGM7,1,0.23084864
13192,TGS1,8,2.0755246
13193,TH,5,0.2856832
13194,THADA,8,1.8652352
13195,THAP1,2,2.1104918
13196,THAP11,7,3.407445
13197,THAP12,10,3.0589018
13198,THAP2,3,1.5633969
13199,THAP3,7,3.4277608
13200,THAP4,4,3.7118495
13201,THAP7,7,3.4408088
13202,THBD,7,2.7008278
13203,THBS1,10,3.0905015
13204,THBS2,3,2.1832833
13205,THBS3,9,3.2138393
13206,THBS4,3,2.0550811
13207,THEM4,8,2.2581854
13208,THEM5,6,0.86124915
13209,THEM6,9,2.9141052
13210,THEMIS,5,0.36627924
13211,THEMIS2,2,2.6112359
13212,THG1L,3,1.9130299
13213,THNSL1,6,1.1048925
13214,THNSL2,8,2.6140287
13215,THOC1,4,3.6082902
13216,THOC3,3,2.0553288
13217,THOC5,3,2.6237242
13218,THOC6,9,2.7700052
13219,THOC7,4,4.1094627
13220,THOP1,9,3.0908318
13221,THPO,5,1.1478362
13222,THRA,10,3.4446929
13223,THRAP3,9,3.7637765
13224,THRB,3,1.5585618
13225,THRSP,1,1.4961951
13226,THSD1,6,1.5872492
13227,THSD4,5,1.369561
13228,THSD7A,6,0.78747356
13229,THSD7B,5,0.27472308
13230,THSD8,5,0.0
13231,THTPA,7,3.314086
13232,THUMPD1,10,2.8188658
13233,THUMPD2,2,2.4736853
13234,THUMPD3,8,2.4200501
13235,THY1,8,2.3864162
13236,THYN1,7,3.8771656
13237,TIA1,7,3.5197203
13238,TIAL1,7,3.5654602
13239,TIAM1,8,1.5799727
13240,TIAM2,8,1.9715618
13241,TICAM1,2,2.4605649
13242,TICRR,6,0.73559195
13243,TIE1,7,2.9749112
13244,TIFA,6,1.3565159
13245,TIFAB,1,0.1948801
13246,TIGAR,6,0.95868766
13247,TIGD2,3,1.5020578
13248,TIGD3,6,0.80724126
13249,TIGD4,5,0.32184806
13250,TIGD5,2,1.6979035
13251,TIGIT,5,0.4191749
13252,TIMELESS,2,2.0176296
13253,TIMM10,10,3.0594115
13254,TIMM10B,8,3.0129073
13255,TIMM13,4,3.9208608
13256,TIMM17A,7,3.8847804
13257,TIMM17B,7,3.5696254
13258,TIMM21,3,2.2499454
13259,TIMM22,9,2.6663048
13260,TIMM29,9,2.9324481
13261,TIMM44,4,3.935515
13262,TIMM50,8,2.95403
13263,TIMM8A,6,1.2857504
13264,TIMM8B,4,3.9806952
13265,TIMM9,8,2.379916
13266,TIMMDC1,7,3.6278367
13267,TIMP1,4,4.663009
13268,TIMP2,4,4.6437697
13269,TIMP3,4,5.024155
13270,TIMP4,8,2.66
13271,TINAG,1,0.0680989
13272,TINAGL1,8,3.8586044
13273,TINCR,5,0.7400512
13274,TINF2,7,3.704928
13275,TIPARP,8,2.629685
13276,TIPIN,6,1.2980342
13277,TIPRL,8,2.9513383
13278,TIRAP,6,1.2424163
13279,TJAP1,10,3.2873611
13280,TJP1,7,3.02316
13281,TJP2,9,3.474717
13282,TJP3,5,1.1274757
13283,TK1,6,1.342332
13284,TK2,9,2.6229641
13285,TKFC,9,2.8176932
13286,TKT,4,4.421124
13287,TKTL1,1,0.9224477
13288,TKTL2,1,0.46987057
13289,TLCD1,8,1.6441014
13290,TLCD2,6,1.2680864
13291,TLCD3A,3,2.0844038
13292,TLCD3B,3,1.5756342
13293,TLCD4,8,1.6951182
13294,TLCD5,6,1.6067427
13295,TLDC2,9,2.024849
13296,TLE1,8,3.0395286
13297,TLE2,7,3.9829485
13298,TLE3,3,2.7379463
13299,TLE4,8,2.6716778
13300,TLE5,4,6.027738
13301,TLE7,5,0.0
13302,TLK1,8,2.6401653
13303,TLK2,3,2.1234152
13304,TLL1,6,0.6971486
13305,TLL2,5,0.34419426
13306,TLN1,4,4.3725405
13307,TLN2,2,2.0667167
13308,TLNRD1,8,2.377896
13309,TLR1,1,0.552236
13310,TLR2,2,1.6072131
13311,TLR3,1,0.78260493
13312,TLR4,3,1.3371248
13313,TLR5,6,0.8996786
13314,TLR6,1,0.7109917
13315,TLR7,5,0.3474127
13316,TLR8,5,0.72014546
13317,TLR9,6,1.0254661
13318,TLX1,5,0.69484633
13319,TLX2,5,0.23073827
13320,TLX3,1,0.41359025
13321,TM2D1,8,2.335123
13322,TM2D2,9,2.7102365
13323,TM2D3,7,3.520484
13324,TM4SF1,9,3.5565805
13325,TM4SF19,5,1.3294338
13326,TM4SF20,5,0.22967757
13327,TM4SF4,5,1.0095856
13328,TM4SF5,1,0.5644176
13329,TM6SF1,3,2.33432
13330,TM6SF2,6,0.88579726
13331,TM7SF2,7,3.530967
13332,TM7SF3,10,2.7351482
13333,TM9SF1,10,3.1075773
13334,TM9SF2,10,3.7701428
13335,TM9SF3,7,3.6783001
13336,TM9SF4,9,3.5281806
13337,TMA16,2,2.3946016
13338,TMA7,4,4.880518
13339,TMBIM1,9,3.981954
13340,TMBIM4,7,3.7911525
13341,TMBIM6,4,5.141055
13342,TMC1,1,0.15242343
13343,TMC2,5,0.64371705
13344,TMC3,5,0.23721498
13345,TMC4,6,1.6868991
13346,TMC5,5,0.66727394
13347,TMC6,3,2.039968
13348,TMC7,3,1.1151981
13349,TMC8,3,1.9044344
13350,TMCC1,2,1.9357065
13351,TMCC2,6,2.0266414
13352,TMCC3,3,1.7119473
13353,TMCO1,10,2.8105445
13354,TMCO2,1,0.62283814
13355,TMCO3,1,0.0
13356,TMCO4,8,1.4893832
13357,TMCO5A,5,0.4219236
13358,TMCO6,10,2.711118
13359,TMED1,8,3.29434
13360,TMED10,4,4.3880553
13361,TMED2,7,4.102931
13362,TMED3,3,1.5505124
13363,TMED4,7,3.452239
13364,TMED5,9,2.9410036
13365,TMED6,6,1.2851279
13366,TMED7,9,3.2791045
13367,TMED8,8,2.0126128
13368,TMED9,4,4.19505
13369,TMEFF1,3,1.3034701
13370,TMEFF2,5,0.64475614
13371,TMEM100,1,1.4394658
13372,TMEM101,10,2.9209554
13373,TMEM102,8,1.7945868
13374,TMEM104,1,0.0
13375,TMEM106A,6,1.3067704
13376,TMEM106B,3,1.9299806
13377,TMEM106C,7,3.4898772
13378,TMEM107,3,1.5427848
13379,TMEM108,6,1.076419
13380,TMEM109,4,3.823078
13381,TMEM11,7,3.3536181
13382,TMEM114,1,0.02581843
13383,TMEM115,7,3.5320752
13384,TMEM116,2,2.0109549
13385,TMEM117,2,1.2620196
13386,TMEM119,2,1.8629383
13387,TMEM120A,4,4.2379456
13388,TMEM120B,8,2.7927685
13389,TMEM121,6,1.1376289
13390,TMEM121B,6,0.94140434
13391,TMEM123,7,3.7121077
13392,TMEM125,5,1.1242263
13393,TMEM126A,8,2.4254456
13394,TMEM126B,8,3.5594926
13395,TMEM127,9,3.2393084
13396,TMEM128,2,2.1994576
13397,TMEM129,7,3.739999
13398,TMEM130,3,1.6744791
13399,TMEM131,7,3.0403686
13400,TMEM131L,3,2.11042
13401,TMEM132A,8,2.4953446
13402,TMEM132B,5,0.65691096
13403,TMEM132C,6,1.308554
13404,TMEM132D,1,0.38476646
13405,TMEM132E,5,0.85213315
13406,TMEM134,9,2.9561417
13407,TMEM135,3,1.4918442
13408,TMEM138,9,2.0520144
13409,TMEM139,6,1.0617805
13410,TMEM140,9,2.2911372
13411,TMEM141,7,4.0240746
13412,TMEM143,8,2.6401312
13413,TMEM144,5,1.300311
13414,TMEM145,3,1.3676163
13415,TMEM147,4,4.4914002
13416,TMEM14A,7,2.812163
13417,TMEM14C,4,4.2349524
13418,TMEM150A,10,3.2582386
13419,TMEM150B,6,1.0863999
13420,TMEM150C,10,2.0650406
13421,TMEM151A,5,0.95228034
13422,TMEM151B,5,1.5425441
13423,TMEM154,5,0.5679603
13424,TMEM158,6,1.2404647
13425,TMEM160,9,3.1763608
13426,TMEM161A,10,3.1215227
13427,TMEM161B,2,2.3827937
13428,TMEM163,3,2.076443
13429,TMEM164,2,2.1033506
13430,TMEM165,7,3.3937936
13431,TMEM167A,7,3.3780107
13432,TMEM168,3,1.7746096
13433,TMEM169,6,0.51391643
13434,TMEM17,2,1.3125744
13435,TMEM170A,3,2.0926888
13436,TMEM170B,3,1.789167
13437,TMEM171,1,0.7079254
13438,TMEM174,1,0.011685979
13439,TMEM175,10,3.629091
13440,TMEM176A,9,2.7532635
13441,TMEM176B,8,2.2709005
13442,TMEM177,2,1.5488808
13443,TMEM178A,10,2.4883432
13444,TMEM178B,6,1.0074173
13445,TMEM179,1,0.92401093
13446,TMEM179B,7,3.9164357
13447,TMEM18,2,2.027866
13448,TMEM181,3,2.3743863
13449,TMEM182,5,1.1256603
13450,TMEM183A,9,3.105344
13451,TMEM184A,8,2.5809522
13452,TMEM184B,9,3.4026017
13453,TMEM184C,8,2.4781613
13454,TMEM185A,8,2.532507
13455,TMEM185B,2,1.6088815
13456,TMEM186,9,2.766538
13457,TMEM19,2,1.8153638
13458,TMEM190,5,1.0015123
13459,TMEM192,3,1.7583128
13460,TMEM198,2,1.8011023
13461,TMEM200A,1,0.58233136
13462,TMEM200B,8,2.7862334
13463,TMEM200C,6,0.4133144
13464,TMEM201,2,2.0585132
13465,TMEM203,8,3.6654372
13466,TMEM204,10,3.212483
13467,TMEM205,7,4.378254
13468,TMEM207,5,0.032333963
13469,TMEM208,9,3.6674826
13470,TMEM209,2,2.0202587
13471,TMEM210,1,0.621454
13472,TMEM212,1,0.11436706
13473,TMEM213,5,0.1897169
13474,TMEM214,4,4.108314
13475,TMEM215,5,0.2042746
13476,TMEM216,8,2.7134855
13477,TMEM218,3,1.7406466
13478,TMEM219,7,3.7774837
13479,TMEM220,3,2.0800893
13480,TMEM221,6,0.7011582
13481,TMEM222,9,3.631199
13482,TMEM223,7,3.196517
13483,TMEM229A,5,0.5888243
13484,TMEM229B,1,1.3451836
13485,TMEM230,8,3.4036427
13486,TMEM231,2,1.7120597
13487,TMEM232,5,0.6957566
13488,TMEM233,5,0.9307827
13489,TMEM234,8,3.0479054
13490,TMEM235,1,0.41905925
13491,TMEM236,5,0.39678615
13492,TMEM237,8,1.9096763
13493,TMEM238,2,1.2551049
13494,TMEM238L,1,0.2524342
13495,TMEM239,1,0.38447002
13496,TMEM240,6,1.4045279
13497,TMEM241,1,0.0
13498,TMEM242,8,2.1054301
13499,TMEM243,9,2.949994
13500,TMEM245,7,3.0455866
13501,TMEM247,5,0.47260812
13502,TMEM248,10,3.262804
13503,TMEM249,1,0.0
13504,TMEM25,10,2.3736334
13505,TMEM252,5,0.50546336
13506,TMEM253,6,0.56544966
13507,TMEM254,8,2.7088497
13508,TMEM255A,6,0.6708378
13509,TMEM255B,6,1.6226174
13510,TMEM256,7,4.095203
13511,TMEM258,9,3.1937542
13512,TMEM259,4,5.1364193
13513,TMEM26,1,0.680664
13514,TMEM260,8,2.2667618
13515,TMEM262,5,0.0
13516,TMEM263,8,2.4974358
13517,TMEM266,3,1.7371498
13518,TMEM267,3,1.2906513
13519,TMEM268,3,2.0836701
13520,TMEM270,5,0.58764917
13521,TMEM273,2,1.8849282
13522,TMEM30A,1,0.0
13523,TMEM30B,1,0.0
13524,TMEM33,8,2.2041485
13525,TMEM35A,6,1.3542769
13526,TMEM35B,7,3.1181753
13527,TMEM37,10,2.2345245
13528,TMEM38A,3,2.5981138
13529,TMEM38B,8,2.0162165
13530,TMEM39A,8,2.380794
13531,TMEM39B,8,2.6441734
13532,TMEM40,6,0.5201372
13533,TMEM41B,8,2.8211248
13534,TMEM42,7,3.5528026
13535,TMEM43,7,3.8598077
13536,TMEM44,8,2.087235
13537,TMEM45B,5,0.63121897
13538,TMEM47,8,2.6095483
13539,TMEM50A,7,3.296524
13540,TMEM50B,7,3.9058309
13541,TMEM51,6,1.8318632
13542,TMEM52,6,2.2410715
13543,TMEM52B,6,0.24481077
13544,TMEM53,10,2.6443763
13545,TMEM54,7,2.9967608
13546,TMEM59,9,3.557454
13547,TMEM59L,6,2.1988428
13548,TMEM60,2,2.4799094
13549,TMEM62,8,2.4363039
13550,TMEM63A,10,3.2442346
13551,TMEM63B,7,3.3675847
13552,TMEM63C,2,2.113513
13553,TMEM64,3,2.0358841
13554,TMEM65,2,1.8974615
13555,TMEM67,2,1.4253579
13556,TMEM68,3,1.5924095
13557,TMEM69,3,2.162314
13558,TMEM70,7,3.3238852
13559,TMEM71,2,1.3045684
13560,TMEM72,5,0.39124176
13561,TMEM74,5,0.22788548
13562,TMEM74B,2,1.5572793
13563,TMEM79,2,2.371691
13564,TMEM80,10,2.9244199
13565,TMEM81,2,1.9441439
13566,TMEM82,5,0.39906946
13567,TMEM86A,2,1.5419211
13568,TMEM86B,10,2.9881349
13569,TMEM87A,10,2.9194624
13570,TMEM87B,3,2.1709888
13571,TMEM88,8,2.4899762
13572,TMEM88B,5,0.0
13573,TMEM89,5,0.53537136
13574,TMEM8B,3,1.7027804
13575,TMEM9,8,3.8153272
13576,TMEM91,2,2.0024137
13577,TMEM94,7,3.6258895
13578,TMEM95,5,0.34062842
13579,TMEM97,8,3.039309
13580,TMEM98,2,2.1628382
13581,TMEM9B,7,3.552083
13582,TMF1,8,2.6016948
13583,TMIE,6,1.0150433
13584,TMIGD1,5,0.026092483
13585,TMOD1,7,3.4039428
13586,TMOD2,6,2.006685
13587,TMOD3,2,2.1368873
13588,TMOD4,2,1.1738423
13589,TMPPE,1,0.43344685
13590,TMPRSS11A,5,0.056727104
13591,TMPRSS11D,5,0.0821908
13592,TMPRSS11E,1,0.16828254
13593,TMPRSS11F,5,0.09230408
13594,TMPRSS12,5,0.29420707
13595,TMPRSS13,5,0.44830254
13596,TMPRSS15,1,0.056676682
13597,TMPRSS2,6,1.1132658
13598,TMPRSS3,5,0.6329313
13599,TMPRSS4,1,0.2669863
13600,TMPRSS5,5,1.2292755
13601,TMPRSS6,5,0.79603267
13602,TMPRSS7,5,0.15290584
13603,TMPRSS9,5,1.2737044
13604,TMSB4Y,3,0.7954713
13605,TMTC1,6,2.0914087
13606,TMTC2,3,1.4298056
13607,TMTC3,3,1.6048328
13608,TMTC4,3,2.0446496
13609,TMUB2,10,3.405298
13610,TMX1,2,2.490861
13611,TMX2,7,3.8943343
13612,TMX3,9,2.899527
13613,TMX4,8,3.2398417
13614,TNC,6,1.8352109
13615,TNF,1,0.63370913
13616,TNFAIP1,7,3.6783059
13617,TNFAIP2,9,3.1251507
13618,TNFAIP3,8,2.188297
13619,TNFAIP6,6,1.425361
13620,TNFAIP8,6,1.2413089
13621,TNFAIP8L1,5,0.0
13622,TNFAIP8L2,5,0.0
13623,TNFAIP8L3,5,0.0
13624,TNFRSF11A,6,0.5986976
13625,TNFRSF11B,1,1.2298884
13626,TNFRSF12A,7,2.906414
13627,TNFRSF17,1,0.68108284
13628,TNFRSF19,6,1.2269931
13629,TNFRSF1A,4,4.319337
13630,TNFRSF1B,10,3.026848
13631,TNFRSF21,2,2.612444
13632,TNFRSF25,9,3.3157601
13633,TNFRSF4,3,1.4814013
13634,TNFRSF9,5,0.1751872
13635,TNFSF10,10,3.0486958
13636,TNFSF11,5,0.18128437
13637,TNFSF12,7,3.4001849
13638,TNFSF13,7,2.9921808
13639,TNFSF13B,2,1.2912976
13640,TNFSF14,1,1.0813701
13641,TNFSF15,5,0.20025958
13642,TNFSF18,5,0.11203339
13643,TNFSF8,5,0.44648147
13644,TNIK,3,1.7202255
13645,TNIP1,7,4.025112
13646,TNIP2,9,3.3950064
13647,TNK1,2,1.6901177
13648,TNK2,7,3.777329
13649,TNKS,2,2.347336
13650,TNKS1BP1,1,0.0
13651,TNKS2,10,3.0475469
13652,TNMD,1,0.5649649
13653,TNN,5,0.3811248
13654,TNNC1,3,3.6070125
13655,TNNC2,2,2.476122
13656,TNNI1,5,1.0787604
13657,TNNI2,6,2.1801603
13658,TNNI3,2,2.041594
13659,TNNI3K,2,1.5553476
13660,TNNT1,2,2.4718664
13661,TNNT2,6,1.916492
13662,TNNT3,3,2.3848052
13663,TNP1,1,1.4225391
13664,TNPO1,8,2.7555978
13665,TNPO2,10,3.481049
13666,TNPO3,7,2.7420347
13667,TNR,5,0.8460778
13668,TNRC6A,9,3.2067547
13669,TNRC6B,8,1.9463767
13670,TNRC6C,3,2.1785097
13671,TNS1,7,4.0829735
13672,TNS2,7,4.528426
13673,TNS3,9,3.252718
13674,TNS4,1,0.32568696
13675,TNXB,8,2.7268023
13676,TOB1,10,3.4714909
13677,TOB2,10,3.5069973
13678,TOE1,8,2.5025434
13679,TOGARAM1,2,1.9913158
13680,TOGARAM2,3,1.8070321
13681,TOLLIP,4,3.944758
13682,TOM1,7,3.8496807
13683,TOM1L1,2,1.7014096
13684,TOM1L2,9,3.587368
13685,TOMM20,4,4.275336
13686,TOMM20L,5,1.0985706
13687,TOMM22,7,3.5905235
13688,TOMM34,7,3.322402
13689,TOMM40,8,2.9975326
13690,TOMM40L,2,2.1634605
13691,TOMM6,4,4.882876
13692,TOMM7,4,5.686073
13693,TOMM70,9,3.476678
13694,TOMT,5,0.0
13695,TONSL,2,1.6781377
13696,TOP1,9,3.4263031
13697,TOP1MT,10,2.5288336
13698,TOP2A,5,1.042237
13699,TOP2B,9,3.6206007
13700,TOP3A,3,2.0826664
13701,TOP3B,9,2.9288466
13702,TOPAZ1,1,0.21336748
13703,TOPBP1,8,2.2474396
13704,TOPORS,3,2.3874016
13705,TOR1A,7,3.1300044
13706,TOR1AIP1,9,3.3730743
13707,TOR1AIP2,3,2.0556328
13708,TOR1B,10,2.765598
13709,TOR2A,10,2.52879
13710,TOR3A,7,2.9960413
13711,TOR4A,3,1.6569796
13712,TOX,6,1.2292114
13713,TOX2,10,1.7932361
13714,TOX3,5,0.4848647
13715,TOX4,7,3.6179385
13716,TP53,8,2.2236164
13717,TP53BP1,9,2.7194476
13718,TP53BP2,9,2.8588028
13719,TP53I11,9,3.0957656
13720,TP53I13,4,3.9446728
13721,TP53INP1,7,3.1178877
13722,TP53INP2,7,3.3822532
13723,TP63,6,0.6487824
13724,TP73,5,0.8132856
13725,TPBG,2,1.79645
13726,TPBGL,1,0.6014973
13727,TPCN1,7,3.8856907
13728,TPCN2,10,2.4964292
13729,TPD52,9,2.5400708
13730,TPD52L1,10,2.6958237
13731,TPD52L2,7,4.4516587
13732,TPGS1,9,2.884765
13733,TPGS2,8,2.999428
13734,TPH1,5,0.5083433
13735,TPH2,5,0.14206167
13736,TPI1,4,5.5166154
13737,TPK1,6,1.5312968
13738,TPM1,7,4.2464094
13739,TPM2,4,5.3273406
13740,TPM3,7,3.838083
13741,TPM4,4,4.497229
13742,TPMT,2,2.3719854
13743,TPO,3,1.0353638
13744,TPP1,10,4.026293
13745,TPP2,10,2.7380984
13746,TPPP,9,2.3718352
13747,TPPP2,8,2.046422
13748,TPPP3,6,2.3756044
13749,TPR,10,3.3353922
13750,TPRA1,9,2.3637292
13751,TPRKB,2,2.2779226
13752,TPRN,8,3.1600244
13753,TPSG1,6,0.87861055
13754,TPST1,3,1.6858066
13755,TPST2,2,2.0786338
13756,TPX2,3,1.3143021
13757,TRA2A,4,4.1531434
13758,TRA2B,7,3.854932
13759,TRABD,7,3.1798472
13760,TRABD2B,6,1.1354382
13761,TRADD,9,1.9302919
13762,TRAF1,10,1.931069
13763,TRAF2,2,1.4340917
13764,TRAF3,3,1.9154379
13765,TRAF3IP1,1,0.0
13766,TRAF3IP2,2,1.6223904
13767,TRAF3IP3,2,1.7409453
13768,TRAF4,9,2.8661833
13769,TRAF5,9,2.3663
13770,TRAF6,3,1.584142
13771,TRAF7,7,3.52024
13772,TRAFD1,9,3.0029209
13773,TRAIP,2,1.2446312
13774,TRAK1,8,2.858869
13775,TRAK2,9,2.7926972
13776,TRAM1,9,3.7421403
13777,TRAM1L1,5,0.9891104
13778,TRAM2,10,2.5000796
13779,TRANK1,2,2.1831706
13780,TRAP1,7,4.2744093
13781,TRAPPC1,4,4.6650376
13782,TRAPPC10,10,2.4181921
13783,TRAPPC11,7,2.6221232
13784,TRAPPC12,7,3.2715147
13785,TRAPPC13,9,2.7927723
13786,TRAPPC14,8,3.2252727
13787,TRAPPC2,6,2.0631824
13788,TRAPPC2L,9,2.9762392
13789,TRAPPC3,7,3.8022258
13790,TRAPPC3L,1,0.2832072
13791,TRAPPC4,4,3.8828156
13792,TRAPPC5,10,2.5686846
13793,TRAPPC6A,7,3.36287
13794,TRAPPC6B,7,3.092488
13795,TRAPPC8,2,2.7042937
13796,TRAPPC9,8,2.4016185
13797,TRARG1,5,0.8877752
13798,TRAT1,5,0.4841474
13799,TRDMT1,1,0.6912692
13800,TRDN,5,0.9977423
13801,TREH,9,3.3495903
13802,TREM2,6,1.1205482
13803,TREML1,5,0.6222434
13804,TREML2,6,0.6039883
13805,TRERF1,6,1.419409
13806,TREX1,4,4.1083565
13807,TREX2,2,2.6611042
13808,TRH,1,0.40992638
13809,TRHDE,6,1.0517498
13810,TRHR,5,0.017223818
13811,TRIAP1,9,3.2609975
13812,TRIB1,7,2.9908013
13813,TRIB2,9,3.3075552
13814,TRIB3,3,1.7156732
13815,TRIL,6,1.3840352
13816,TRIM10,1,0.23345943
13817,TRIM11,2,2.0851486
13818,TRIM13,6,2.202987
13819,TRIM14,2,1.6702834
13820,TRIM16,2,2.0724897
13821,TRIM17,6,1.2737563
13822,TRIM2,8,2.0754716
13823,TRIM21,8,2.2250266
13824,TRIM23,2,2.313854
13825,TRIM24,3,1.9811959
13826,TRIM25,8,3.1564481
13827,TRIM26,9,2.7784827
13828,TRIM27,7,3.730232
13829,TRIM28,4,4.7383556
13830,TRIM29,6,0.9563658
13831,TRIM3,8,3.0625587
13832,TRIM32,3,2.0510776
13833,TRIM33,2,2.549063
13834,TRIM35,2,2.2260456
13835,TRIM36,5,0.89036024
13836,TRIM37,8,2.597641
13837,TRIM38,2,1.7790434
13838,TRIM39,9,2.1504874
13839,TRIM40,5,0.12054968
13840,TRIM41,7,3.5897298
13841,TRIM42,1,0.35989526
13842,TRIM44,8,2.8410633
13843,TRIM45,3,1.7185206
13844,TRIM46,3,1.2219255
13845,TRIM47,8,3.1743982
13846,TRIM50,5,0.92040175
13847,TRIM54,6,1.6863102
13848,TRIM55,1,1.3832276
13849,TRIM56,10,2.3402953
13850,TRIM58,6,0.46209586
13851,TRIM59,3,1.612641
13852,TRIM6,5,0.90102273
13853,TRIM60,1,0.11280918
13854,TRIM61,5,0.36479306
13855,TRIM62,2,1.774152
13856,TRIM63,1,1.6805937
13857,TRIM65,8,2.7354882
13858,TRIM66,2,2.014202
13859,TRIM67,1,0.4390512
13860,TRIM68,10,2.2710972
13861,TRIM69,10,3.0401473
13862,TRIM7,3,1.8883759
13863,TRIM71,5,0.33637986
13864,TRIM72,5,0.77163017
13865,TRIM8,7,3.1974518
13866,TRIM9,6,1.265279
13867,TRIML1,5,0.3299938
13868,TRIML2,1,0.26800308
13869,TRIO,10,2.8501868
13870,TRIOBP,9,2.6883202
13871,TRIP10,4,3.996854
13872,TRIP11,2,2.1858723
13873,TRIP12,10,3.3061028
13874,TRIP13,6,1.2293761
13875,TRIP4,9,2.8226
13876,TRIP6,7,3.5567887
13877,TRIQK,8,2.003937
13878,TRIR,4,5.4870677
13879,TRIT1,3,2.103735
13880,TRMO,3,2.0557241
13881,TRMT1,7,3.5575187
13882,TRMT10A,2,1.2634171
13883,TRMT10B,8,2.36829
13884,TRMT10C,10,2.7454853
13885,TRMT11,10,2.8417716
13886,TRMT112,4,4.513596
13887,TRMT12,1,0.0
13888,TRMT13,8,2.482758
13889,TRMT1L,8,2.4151824
13890,TRMT2A,9,3.5178242
13891,TRMT2B,2,2.0414302
13892,TRMT44,9,2.1362543
13893,TRMT5,2,1.9024141
13894,TRMT6,8,2.4546144
13895,TRMT61A,8,2.2192247
13896,TRMT9B,6,1.5288688
13897,TRMU,7,3.598932
13898,TRNAU1AP,8,2.8127894
13899,TRNP1,2,2.119973
13900,TRNT1,3,1.5924358
13901,TROAP,1,0.943743
13902,TRPA1,1,0.30640066
13903,TRPC1,3,1.758461
13904,TRPC3,1,0.32849446
13905,TRPC4,1,0.32023767
13906,TRPC4AP,4,3.9187114
13907,TRPC5,5,0.050789297
13908,TRPC5OS,5,0.37395367
13909,TRPC6,6,0.8801052
13910,TRPC7,5,0.10730718
13911,TRPM1,1,0.19477335
13912,TRPM2,3,1.3095596
13913,TRPM3,1,0.6667655
13914,TRPM4,8,2.5917552
13915,TRPM5,1,0.20420136
13916,TRPM6,1,0.48934272
13917,TRPM7,3,2.339557
13918,TRPM8,5,0.33942154
13919,TRPS1,6,1.3084311
13920,TRPT1,4,3.6403723
13921,TRPV1,8,2.2412934
13922,TRPV2,3,2.3363879
13923,TRPV3,6,0.9575493
13924,TRPV4,6,0.9518881
13925,TRPV5,5,0.13277674
13926,TRPV6,6,1.3128489
13927,TRRAP,10,2.4709258
13928,TRUB1,8,2.021853
13929,TRUB2,3,2.3988936
13930,TSACC,1,1.1337588
13931,TSC1,9,2.8047972
13932,TSC2,9,3.7443752
13933,TSC22D1,7,4.0271654
13934,TSC22D2,2,2.1505294
13935,TSC22D3,7,4.5708113
13936,TSEN15,9,2.2119043
13937,TSEN2,3,1.5505499
13938,TSEN34,9,2.8102784
13939,TSEN54,8,3.0656157
13940,TSFM,8,2.8095243
13941,TSG101,7,3.4107816
13942,TSGA10,5,0.9544912
13943,TSGA10IP,5,0.49711266
13944,TSGA13,1,0.42964917
13945,TSHB,1,0.29623413
13946,TSHR,5,0.114686355
13947,TSHZ1,8,2.4504333
13948,TSHZ2,6,1.028498
13949,TSHZ3,2,1.6350764
13950,TSKS,6,0.99769175
13951,TSKU,3,2.111231
13952,TSN,7,3.22067
13953,TSNAX,9,3.1985855
13954,TSNAXIP1,3,2.5318744
13955,TSPAN1,6,1.4932194
13956,TSPAN10,1,0.5752135
13957,TSPAN11,6,1.1124959
13958,TSPAN12,3,2.0825808
13959,TSPAN13,10,3.5773494
13960,TSPAN14,2,2.069893
13961,TSPAN15,10,3.1167142
13962,TSPAN17,7,3.2436714
13963,TSPAN18,2,2.3095596
13964,TSPAN2,2,1.0579567
13965,TSPAN3,4,3.820299
13966,TSPAN31,9,3.4928303
13967,TSPAN32,3,1.5200403
13968,TSPAN33,3,2.5162263
13969,TSPAN4,10,2.6249182
13970,TSPAN5,9,2.2585332
13971,TSPAN6,6,2.2433074
13972,TSPAN7,4,4.1005473
13973,TSPAN8,6,1.3780727
13974,TSPAN9,9,3.0350535
13975,TSPEAR,1,0.5199915
13976,TSPO,9,2.9035125
13977,TSPO2,6,0.31325907
13978,TSPOAP1,8,2.452996
13979,TSPYL1,10,3.6616323
13980,TSPYL2,4,4.8781276
13981,TSPYL4,8,2.9956279
13982,TSPYL5,8,2.3602917
13983,TSR1,10,3.193697
13984,TSR2,10,3.0267994
13985,TSR3,7,4.2415366
13986,TSSC4,9,3.0409393
13987,TSSK1B,5,0.5218905
13988,TSSK2,2,1.7352875
13989,TSSK3,9,3.063924
13990,TSSK4,6,1.6262921
13991,TSSK6,6,1.496147
13992,TST,10,2.872588
13993,TSTD1,3,3.4939964
13994,TSTD2,7,3.3453395
13995,TTBK1,5,0.86338764
13996,TTBK2,3,2.0885587
13997,TTC1,7,4.004152
13998,TTC12,8,1.8288639
13999,TTC13,3,1.932562
14000,TTC14,7,3.214624
14001,TTC17,7,3.4125328
14002,TTC19,7,3.528583
14003,TTC21A,2,1.612513
14004,TTC21B,2,1.4872286
14005,TTC22,5,0.81286645
14006,TTC23,2,1.6760806
14007,TTC23L,1,0.6441708
14008,TTC27,2,2.252265
14009,TTC28,2,1.8512695
14010,TTC29,5,0.5862215
14011,TTC3,9,3.2391152
14012,TTC32,8,2.9914806
14013,TTC33,6,1.2324342
14014,TTC34,2,0.7245808
14015,TTC36,6,1.5533595
14016,TTC38,10,2.94264
14017,TTC39A,6,0.94719356
14018,TTC39B,6,1.4702375
14019,TTC39C,2,1.7663208
14020,TTC4,10,3.2278934
14021,TTC5,2,1.7828773
14022,TTC6,1,0.38875622
14023,TTC7A,10,2.9059894
14024,TTC7B,2,1.7537366
14025,TTC8,2,1.7398152
14026,TTC9,2,1.531586
14027,TTC9B,1,1.6479458
14028,TTC9C,8,2.2991247
14029,TTF2,6,1.2359543
14030,TTI1,2,2.5768137
14031,TTI2,2,2.3087678
14032,TTK,1,0.563229
14033,TTL,2,1.9029127
14034,TTLL1,3,1.8738409
14035,TTLL10,1,0.5839565
14036,TTLL11,3,0.9243133
14037,TTLL12,8,3.24094
14038,TTLL13,5,0.753119
14039,TTLL2,6,0.50689507
14040,TTLL3,7,3.2961953
14041,TTLL4,3,2.3432941
14042,TTLL6,1,0.74297595
14043,TTLL7,2,2.0207722
14044,TTLL8,5,0.26058212
14045,TTLL9,1,0.904591
14046,TTN,6,1.9207294
14047,TTPA,5,0.63581026
14048,TTPAL,8,1.7186767
14049,TTR,5,1.2974972
14050,TTYH1,3,2.3507512
14051,TTYH2,8,2.412616
14052,TTYH3,10,3.1834183
14053,TUB,6,2.0944643
14054,TUBA1A,7,4.332831
14055,TUBA1B,4,6.060871
14056,TUBA1C,4,3.9011478
14057,TUBA3C,5,0.8782418
14058,TUBA4A,7,4.123339
14059,TUBA8,2,2.2449129
14060,TUBAL3,5,0.24418081
14061,TUBB,4,5.125638
14062,TUBB1,6,1.0772171
14063,TUBB2A,7,3.77111
14064,TUBB2B,8,3.1576211
14065,TUBB3,6,2.1152687
14066,TUBB4A,10,2.77471
14067,TUBB4B,4,5.411821
14068,TUBB6,7,3.766838
14069,TUBD1,2,1.9328846
14070,TUBE1,7,3.3596442
14071,TUBG1,7,3.7614799
14072,TUBG2,7,3.6849067
14073,TUBGCP2,7,2.8681083
14074,TUBGCP3,2,2.4986966
14075,TUBGCP4,2,2.835548
14076,TUBGCP5,8,2.36298
14077,TUBGCP6,4,3.79245
14078,TUFM,4,4.9360456
14079,TUFT1,8,2.1042717
14080,TUG1,1,0.0
14081,TULP1,1,0.1804641
14082,TULP2,1,0.7140225
14083,TULP3,9,2.8246224
14084,TULP4,2,1.8571231
14085,TUNAR,5,0.6834937
14086,TUSC1,9,3.0696876
14087,TUSC2,7,4.1815743
14088,TUSC3,2,1.7131447
14089,TUT1,7,3.2469082
14090,TUT4,9,2.7731817
14091,TUT7,2,2.17514
14092,TVP23A,3,2.0816605
14093,TWF1,8,2.7864451
14094,TWF2,7,3.7465062
14095,TWIST1,6,1.1148732
14096,TWIST2,1,0.82323754
14097,TWNK,2,2.0772574
14098,TWSG1,8,2.2000034
14099,TXK,1,0.57204354
14100,TXLNA,7,3.2284553
14101,TXLNB,1,1.4060001
14102,TXLNG,8,2.4244187
14103,TXN,4,4.782008
14104,TXN2,9,3.9999633
14105,TXNDC11,7,3.5033667
14106,TXNDC12,10,3.3047295
14107,TXNDC15,9,3.3311193
14108,TXNDC16,3,1.7539515
14109,TXNDC17,9,2.8894722
14110,TXNDC5,4,4.1639643
14111,TXNDC8,5,0.25075975
14112,TXNDC9,2,2.0065043
14113,TXNIP,4,5.96061
14114,TXNL1,9,2.8354633
14115,TXNL4A,10,3.101467
14116,TXNL4B,2,1.9789907
14117,TXNRD1,7,3.3989964
14118,TXNRD2,8,2.7773924
14119,TXNRD3,2,1.8660545
14120,TYK2,10,3.8010926
14121,TYMP,7,3.4915035
14122,TYMS,2,1.6430427
14123,TYR,1,0.046978075
14124,TYRO3,2,2.0922303
14125,TYROBP,9,3.3955324
14126,TYRP1,6,0.63421285
14127,TYSND1,10,2.6100774
14128,TYW3,3,2.3666139
14129,TYW5,10,1.5913527
14130,U2AF1,7,3.8571846
14131,U2AF1L4,7,4.12585
14132,U2AF2,4,4.4822845
14133,U2SURP,7,3.243046
14134,UACA,10,2.93234
14135,UAP1,7,3.1851428
14136,UAP1L1,2,2.546168
14137,UBA1,4,3.9644694
14138,UBA2,9,3.6223152
14139,UBA3,7,3.6171138
14140,UBA5,9,2.9601376
14141,UBA52,4,4.9674964
14142,UBA6,2,2.1828551
14143,UBA7,7,3.2338529
14144,UBAC1,4,3.7900534
14145,UBAC2,10,3.3941898
14146,UBALD1,9,3.2457645
14147,UBALD2,9,3.6541767
14148,UBAP1,10,3.1842918
14149,UBAP1L,10,3.1048512
14150,UBAP2,9,2.8604279
14151,UBAP2L,4,3.7862272
14152,UBASH3A,1,0.51927555
14153,UBASH3B,6,1.4606441
14154,UBB,4,6.775593
14155,UBC,4,6.8942723
14156,UBD,2,1.3142693
14157,UBE2A,9,3.2479765
14158,UBE2B,7,3.9473817
14159,UBE2C,3,1.1368595
14160,UBE2D1,8,2.7120225
14161,UBE2D2,7,3.6687758
14162,UBE2D3,7,4.2126923
14163,UBE2E1,8,3.6647997
14164,UBE2E2,8,2.6977024
14165,UBE2E3,7,3.4127913
14166,UBE2F,10,2.5333302
14167,UBE2G1,10,2.6163678
14168,UBE2G2,7,4.3055506
14169,UBE2H,10,3.8891077
14170,UBE2I,10,3.0049717
14171,UBE2J1,10,3.2053657
14172,UBE2J2,9,3.1370285
14173,UBE2K,7,3.2158644
14174,UBE2L6,4,3.734234
14175,UBE2M,4,4.5666466
14176,UBE2N,8,3.0792527
14177,UBE2O,10,3.123131
14178,UBE2Q1,7,3.8538594
14179,UBE2Q2,8,2.863154
14180,UBE2QL1,8,1.6030309
14181,UBE2R2,7,3.7606916
14182,UBE2T,3,1.6349632
14183,UBE2V1,4,4.093018
14184,UBE2V2,8,2.787917
14185,UBE2W,2,2.1328456
14186,UBE2Z,7,3.863204
14187,UBE3A,9,2.5509686
14188,UBE3B,3,2.6835015
14189,UBE3C,10,3.2953928
14190,UBE4A,7,3.214539
14191,UBE4B,10,2.9723268
14192,UBFD1,10,3.3443563
14193,UBIAD1,8,2.3121707
14194,UBL3,7,3.3401544
14195,UBL4A,9,3.5156121
14196,UBL4B,5,0.72380644
14197,UBL5,4,5.087715
14198,UBL7,9,3.4534607
14199,UBLCP1,8,3.120746
14200,UBN1,9,3.0558329
14201,UBN2,2,2.0411224
14202,UBOX5,8,2.074314
14203,UBP1,10,3.4502566
14204,UBQLN1,7,3.6264534
14205,UBQLN2,9,2.9571543
14206,UBQLN3,1,0.6149985
14207,UBQLN4,7,3.520982
14208,UBR1,10,2.3535886
14209,UBR2,2,2.7664418
14210,UBR3,2,2.9078984
14211,UBR4,9,3.3442998
14212,UBR5,10,2.9423735
14213,UBR7,10,3.046166
14214,UBTD1,7,3.2629843
14215,UBTD2,10,2.6322358
14216,UBTF,10,3.4322908
14217,UBTFL1,5,0.012526128
14218,UBXN1,4,4.861579
14219,UBXN10,6,0.85244364
14220,UBXN11,10,3.5829651
14221,UBXN2A,2,1.5418013
14222,UBXN2B,9,2.4217656
14223,UBXN4,4,4.0720468
14224,UBXN6,4,5.0505157
14225,UBXN7,2,2.2082384
14226,UBXN8,10,2.0704715
14227,UCHL1,7,3.5571535
14228,UCHL5,3,2.3109589
14229,UCK1,4,3.7263324
14230,UCK2,2,2.2434893
14231,UCKL1,4,3.9730792
14232,UCMA,1,0.052097943
14233,UCN,2,1.8850446
14234,UCN2,3,0.43679306
14235,UCN3,5,0.20398875
14236,UCP1,5,0.115688734
14237,UCP2,9,2.7190466
14238,UCP3,2,1.740073
14239,UEVLD,3,2.0178838
14240,UFC1,4,4.739099
14241,UFD1,7,4.1316876
14242,UFL1,10,2.8068893
14243,UFM1,10,3.5272222
14244,UFSP1,6,1.113486
14245,UFSP2,10,3.3212976
14246,UGCG,10,2.9319072
14247,UGDH,2,2.2330105
14248,UGGT1,8,2.4193947
14249,UGGT2,3,1.8387923
14250,UGP2,4,4.7194223
14251,UGT1A1,1,0.82420576
14252,UGT2A1,1,0.15313925
14253,UGT2A2,5,0.10373816
14254,UGT8,6,0.7890237
14255,UHMK1,8,2.8676937
14256,UHRF1,5,0.6649103
14257,UHRF2,10,3.2375436
14258,UIMC1,8,2.55711
14259,ULK1,4,3.9930525
14260,ULK2,3,2.2155232
14261,ULK3,4,4.0212765
14262,ULK4,3,1.2943923
14263,UMAD1,2,2.0773482
14264,UMOD,1,0.12729493
14265,UMODL1,5,0.29576522
14266,UMPS,3,1.7323989
14267,UNC119,10,2.6889987
14268,UNC119B,10,2.9510636
14269,UNC13A,3,1.2013377
14270,UNC13B,9,2.2727637
14271,UNC13C,5,0.9584224
14272,UNC13D,9,2.7429707
14273,UNC45A,7,3.5472913
14274,UNC45B,1,1.1034074
14275,UNC50,9,3.235498
14276,UNC5A,1,1.2743024
14277,UNC5B,8,2.2128885
14278,UNC5C,5,0.91550756
14279,UNC5CL,6,1.7338696
14280,UNC5D,5,0.3640168
14281,UNC79,1,0.9568334
14282,UNC80,5,1.0190806
14283,UNC93B1,10,2.6891994
14284,UNCX,5,0.40460563
14285,UNG,3,2.438893
14286,UNK,8,3.0198812
14287,UNKL,9,2.6727812
14288,UPB1,6,0.96589696
14289,UPF1,7,3.8169136
14290,UPF2,3,2.6943421
14291,UPF3A,7,3.838338
14292,UPF3B,8,2.6066613
14293,UPK1A,1,0.3251235
14294,UPK1B,5,0.27064043
14295,UPK2,6,0.74586093
14296,UPK3A,6,0.37691128
14297,UPK3B,6,1.080088
14298,UPP1,7,3.5802522
14299,UPP2,1,0.37170526
14300,UPRT,3,1.67848
14301,UQCC1,8,2.9868019
14302,UQCC2,8,3.1062677
14303,UQCC3,2,2.3770554
14304,UQCR10,4,4.6655893
14305,UQCR11,4,4.7861443
14306,UQCRC1,4,5.2938657
14307,UQCRC2,7,4.264843
14308,UQCRQ,4,4.456672
14309,URB1,3,2.2004998
14310,URB2,2,1.4034232
14311,URGCP,9,2.9217782
14312,URI1,7,3.3176477
14313,URM1,9,3.117285
14314,UROC1,6,0.53050023
14315,UROD,7,3.7820852
14316,UROS,10,3.0586503
14317,USB1,8,2.6929443
14318,USE1,10,2.8265207
14319,USF1,4,4.0108404
14320,USF2,4,5.1685886
14321,USF3,2,1.6537575
14322,USH1C,1,0.46958256
14323,USH1G,1,0.26638028
14324,USH2A,1,0.22146843
14325,USHBP1,6,1.9777676
14326,USO1,7,3.829568
14327,USP1,2,2.2801049
14328,USP10,7,3.3724167
14329,USP11,7,4.0751166
14330,USP12,10,2.8955798
14331,USP13,2,2.1893039
14332,USP14,10,3.1423264
14333,USP15,2,2.2871757
14334,USP16,9,2.9203184
14335,USP18,2,1.3540041
14336,USP19,10,3.4660416
14337,USP2,10,2.6963499
14338,USP20,10,2.9152603
14339,USP21,7,3.3759224
14340,USP22,4,4.3379183
14341,USP24,8,2.901218
14342,USP25,9,2.9956744
14343,USP27X,3,1.45067
14344,USP28,8,2.6340911
14345,USP3,8,2.6772103
14346,USP30,8,2.3515782
14347,USP31,3,2.1186023
14348,USP33,8,3.0095048
14349,USP34,7,3.357349
14350,USP35,8,2.0519686
14351,USP36,10,2.9192936
14352,USP37,2,1.5976769
14353,USP38,2,1.8882287
14354,USP39,7,3.3979151
14355,USP4,9,3.065057
14356,USP40,7,2.8450897
14357,USP42,10,2.159379
14358,USP43,3,1.0124216
14359,USP44,1,0.72692734
14360,USP45,2,1.6282545
14361,USP46,2,2.0045986
14362,USP47,9,3.1131728
14363,USP48,10,3.039972
14364,USP49,2,1.4023197
14365,USP5,9,3.7764103
14366,USP50,3,1.5553566
14367,USP51,5,0.75430816
14368,USP53,10,2.6893072
14369,USP54,10,2.6728756
14370,USP6NL,9,1.8925837
14371,USP7,7,3.749665
14372,USP8,3,1.8321911
14373,USP9X,8,2.9473305
14374,USP9Y,6,1.5183274
14375,USPL1,3,2.2197049
14376,UST,2,1.9074622
14377,UTP11,10,3.0680792
14378,UTP15,2,1.5345365
14379,UTP18,8,3.0454543
14380,UTP20,8,1.8402708
14381,UTP23,2,2.153564
14382,UTP25,3,1.5096339
14383,UTP3,10,3.0075774
14384,UTP4,3,2.4116488
14385,UTP6,2,2.8549163
14386,UTRN,3,2.5035033
14387,UVRAG,8,2.3162785
14388,UVSSA,6,1.6380647
14389,UXS1,8,2.9155061
14390,UXT,4,4.417165
14391,VAC14,9,3.0212421
14392,VAMP1,10,3.0306928
14393,VAMP2,4,4.7537093
14394,VAMP3,7,3.9313195
14395,VAMP4,8,2.5010862
14396,VAMP5,4,4.1633244
14397,VAMP8,10,3.5776267
14398,VANGL1,6,0.9760022
14399,VANGL2,2,1.6511104
14400,VAPA,10,3.5269592
14401,VAPB,8,2.8327727
14402,VARS2,7,3.637905
14403,VASH1,8,2.8888483
14404,VASH2,1,0.52514833
14405,VASN,9,2.9381394
14406,VASP,10,3.3399732
14407,VAT1,4,4.1970224
14408,VAT1L,5,1.3581923
14409,VAV1,5,1.5451171
14410,VAV2,9,2.4478621
14411,VAV3,3,1.5272636
14412,VAX1,5,0.1079352
14413,VAX2,1,0.73208064
14414,VBP1,9,3.440698
14415,VCAM1,8,2.1557949
14416,VCAN,2,2.1825492
14417,VCL,7,3.8038201
14418,VCP,4,4.377344
14419,VCPIP1,2,1.776302
14420,VCPKMT,10,2.5640137
14421,VDAC1,7,3.5357432
14422,VDAC2,7,3.7390633
14423,VDAC3,10,3.8586042
14424,VDR,5,1.0615066
14425,VEGFA,4,4.54512
14426,VEGFB,4,4.2438455
14427,VEGFC,6,1.7246569
14428,VEGFD,6,1.6482415
14429,VEPH1,5,0.878545
14430,VEZF1,9,3.0013955
14431,VEZT,9,2.9666686
14432,VGF,6,0.8633963
14433,VGLL2,5,0.60357535
14434,VGLL3,6,1.2466295
14435,VGLL4,8,3.2389605
14436,VHL,3,2.4887037
14437,VIL1,6,1.6116003
14438,VILL,9,1.8460957
14439,VIM,4,5.8321795
14440,VIP,6,0.8655177
14441,VIPAS39,9,2.7140517
14442,VIPR1,9,2.7934287
14443,VIPR2,3,1.204175
14444,VIRMA,9,2.5768907
14445,VIT,6,1.3023036
14446,VKORC1,7,3.7967439
14447,VKORC1L1,10,2.5931916
14448,VLDLR,8,2.0760355
14449,VMA21,7,2.4595819
14450,VMAC,3,1.843225
14451,VMO1,6,1.6505355
14452,VMP1,4,3.4538143
14453,VNN1,6,1.0906775
14454,VOPP1,10,2.991484
14455,VPREB3,3,1.1247169
14456,VPS11,9,3.236803
14457,VPS13A,2,2.228124
14458,VPS13B,8,1.8976088
14459,VPS13C,8,2.4182801
14460,VPS13D,3,2.6025975
14461,VPS16,7,3.5300121
14462,VPS18,10,2.6867495
14463,VPS25,7,3.7726896
14464,VPS26A,7,3.0564086
14465,VPS26B,10,3.5966108
14466,VPS26C,8,3.179153
14467,VPS28,7,4.319584
14468,VPS29,7,4.0138083
14469,VPS33A,2,3.0766912
14470,VPS33B,2,2.7457156
14471,VPS35,10,3.0807192
14472,VPS35L,7,2.7943726
14473,VPS36,10,3.0643072
14474,VPS37A,3,2.3350604
14475,VPS37B,7,3.4627335
14476,VPS37C,9,2.4884446
14477,VPS37D,2,1.6455374
14478,VPS39,7,3.7976866
14479,VPS41,9,2.732488
14480,VPS45,3,2.5267067
14481,VPS4A,4,4.4179783
14482,VPS4B,9,3.0252295
14483,VPS50,10,2.176919
14484,VPS51,4,4.5723286
14485,VPS52,7,3.7855284
14486,VPS53,6,1.6620178
14487,VPS54,2,2.533354
14488,VPS72,8,3.769554
14489,VPS8,8,2.4410455
14490,VPS9D1,7,3.1020591
14491,VRK1,6,0.7802414
14492,VRK2,3,1.6032192
14493,VRK3,9,2.5811377
14494,VRTN,5,0.139663
14495,VSIG1,1,0.5526937
14496,VSIG10,2,2.1613498
14497,VSIG10L,3,1.2041242
14498,VSIG2,3,1.5503533
14499,VSIG8,6,0.73722714
14500,VSIR,8,3.1128724
14501,VSNL1,1,1.4173138
14502,VSTM2A,1,0.34960437
14503,VSTM2B,5,0.71856487
14504,VSTM2L,7,2.3858855
14505,VSTM4,2,1.827854
14506,VSTM5,1,0.42662624
14507,VSX1,1,0.5217653
14508,VSX2,1,0.08844494
14509,VTA1,8,2.1662521
14510,VTCN1,5,0.33349937
14511,VTI1A,2,1.9352329
14512,VTI1B,7,3.4132612
14513,VTN,3,1.9089948
14514,VWA1,10,2.7348268
14515,VWA2,1,0.38750675
14516,VWA3A,6,0.94027096
14517,VWA3B,1,0.5976935
14518,VWA5B1,5,0.2345307
14519,VWA5B2,5,1.3129666
14520,VWA7,3,1.4873655
14521,VWA8,8,2.1019504
14522,VWC2,1,0.59131646
14523,VWC2L,5,0.1502904
14524,VWCE,5,1.0409377
14525,VWF,7,3.653917
14526,VXN,3,2.116436
14527,WAC,4,3.7871213
14528,WAPL,8,2.4976509
14529,WARS2,3,1.8015227
14530,WAS,8,1.810994
14531,WASF1,6,2.0289986
14532,WASF2,8,3.3868542
14533,WASF3,3,2.5746944
14534,WASHC3,10,2.9905562
14535,WASHC4,9,2.8462892
14536,WASHC5,10,2.6553946
14537,WASL,9,3.2097828
14538,WBP1,4,4.600724
14539,WBP1L,9,3.367799
14540,WBP2,4,5.3491917
14541,WBP2NL,6,1.235022
14542,WBP4,10,2.8365707
14543,WDCP,2,1.7227714
14544,WDFY1,9,2.8302076
14545,WDFY2,2,1.7602783
14546,WDFY3,3,2.2629042
14547,WDFY4,6,0.9396597
14548,WDHD1,6,0.86715055
14549,WDPCP,6,0.8185665
14550,WDR1,4,4.6385856
14551,WDR11,7,3.371444
14552,WDR12,3,1.6997862
14553,WDR13,7,3.718288
14554,WDR17,5,0.9636154
14555,WDR18,9,3.283398
14556,WDR19,9,2.7979977
14557,WDR24,8,2.6386125
14558,WDR25,2,1.8485146
14559,WDR26,7,3.5286741
14560,WDR27,10,2.3949676
14561,WDR3,2,1.7178566
14562,WDR31,6,0.9686898
14563,WDR33,2,2.5156927
14564,WDR35,6,1.6878023
14565,WDR36,8,2.2614448
14566,WDR37,8,2.4742925
14567,WDR38,1,0.5861903
14568,WDR4,3,1.613574
14569,WDR41,10,2.750409
14570,WDR43,9,2.744909
14571,WDR44,2,2.1311388
14572,WDR45,7,3.9189134
14573,WDR45B,7,4.181445
14574,WDR46,7,3.5326955
14575,WDR47,3,2.3877885
14576,WDR48,10,3.2046432
14577,WDR49,1,0.31220815
14578,WDR5,10,3.1820781
14579,WDR53,6,1.0970058
14580,WDR54,8,2.4776587
14581,WDR55,10,3.331924
14582,WDR59,9,2.8793988
14583,WDR5B,2,1.4820361
14584,WDR6,4,4.407049
14585,WDR62,6,1.4408069
14586,WDR64,5,0.23439667
14587,WDR7,2,2.1306598
14588,WDR70,10,2.725267
14589,WDR72,5,0.43430686
14590,WDR73,9,2.9245872
14591,WDR74,7,3.3728788
14592,WDR75,3,2.5042863
14593,WDR76,2,0.93607694
14594,WDR77,10,3.367923
14595,WDR81,8,2.6467333
14596,WDR82,7,3.8219094
14597,WDR83,7,3.4804764
14598,WDR83OS,4,5.416838
14599,WDR86,2,2.529409
14600,WDR89,3,1.5904018
14601,WDR90,9,2.6976576
14602,WDR91,9,2.636299
14603,WDR93,1,0.5686587
14604,WDSUB1,2,1.8337688
14605,WDTC1,8,3.635398
14606,WEE1,8,2.1383386
14607,WEE2,5,0.21437171
14608,WFDC1,6,1.4756347
14609,WFDC5,5,0.3370718
14610,WFDC9,1,0.012699937
14611,WFIKKN1,2,1.788224
14612,WFIKKN2,1,0.53374374
14613,WFS1,9,3.4317744
14614,WHAMM,2,2.4414544
14615,WHRN,9,2.3189638
14616,WIF1,1,1.0676802
14617,WIPF1,3,2.0474224
14618,WIPF2,2,2.3153517
14619,WIPF3,2,1.6337968
14620,WIPI1,10,3.5459585
14621,WIPI2,7,3.5746253
14622,WIZ,8,2.78231
14623,WLS,10,3.1401298
14624,WNK1,10,3.443462
14625,WNK2,10,2.5423872
14626,WNK3,1,0.78025556
14627,WNK4,5,0.41211852
14628,WNT1,5,0.25619763
14629,WNT10A,5,0.44301254
14630,WNT10B,3,1.102724
14631,WNT11,6,1.2914633
14632,WNT16,5,0.28139162
14633,WNT2,5,0.7383661
14634,WNT2B,6,1.4064194
14635,WNT3,3,1.0899315
14636,WNT3A,1,0.25020322
14637,WNT4,1,0.5655012
14638,WNT5A,6,1.1443402
14639,WNT5B,6,0.91660625
14640,WNT6,6,1.0451295
14641,WNT7A,1,0.66830975
14642,WNT7B,1,0.5374959
14643,WNT8A,5,0.21750024
14644,WNT8B,1,0.26093814
14645,WNT9A,6,1.4146237
14646,WNT9B,5,0.1480509
14647,WRAP53,2,1.76469
14648,WRAP73,8,3.4094226
14649,WRN,6,1.4769943
14650,WRNIP1,10,3.1852574
14651,WSB1,7,4.2255893
14652,WSB2,7,3.7323456
14653,WSCD1,6,1.6996846
14654,WSCD2,1,1.033014
14655,WT1,6,0.9296785
14656,WTAP,10,3.378927
14657,WTIP,3,1.3521899
14658,WWC1,2,1.5469571
14659,WWC2,2,1.9634207
14660,WWOX,2,1.7433374
14661,WWP1,9,3.1673303
14662,WWP2,8,2.5988169
14663,WWTR1,9,2.6733024
14664,XAB2,7,3.8896372
14665,XBP1,4,4.6826806
14666,XCR1,1,0.18223295
14667,XDH,1,0.4905437
14668,XIAP,3,2.1552413
14669,XIRP1,1,1.1924682
14670,XIRP2,5,0.9595782
14671,XK,6,1.0999056
14672,XKR4,5,0.29474288
14673,XKR5,1,0.03159345
14674,XKR6,5,0.6502154
14675,XKR7,1,0.540165
14676,XKR8,8,2.4642737
14677,XKR9,5,0.43916065
14678,XKRX,5,0.2754378
14679,XPA,8,3.0168185
14680,XPC,8,3.3562043
14681,XPNPEP1,7,3.6848052
14682,XPNPEP2,6,0.82815516
14683,XPNPEP3,3,1.8925312
14684,XPO1,7,3.4461787
14685,XPO4,3,2.0115075
14686,XPO5,10,2.811265
14687,XPO6,7,3.7688994
14688,XPO7,8,3.3984673
14689,XPOT,8,2.9796402
14690,XPR1,2,2.1366725
14691,XRCC1,10,3.3298197
14692,XRCC2,6,0.5301825
14693,XRCC3,3,2.3006396
14694,XRCC4,6,1.3674285
14695,XRCC5,7,4.434023
14696,XRCC6,4,4.7892923
14697,XRN1,8,2.2536662
14698,XRN2,9,3.5884724
14699,XRRA1,8,2.388745
14700,XXYLT1,3,1.6681226
14701,XYLB,5,0.7912435
14702,XYLT1,6,1.5917077
14703,XYLT2,8,2.7771153
14704,YAE1,2,1.6803855
14705,YAF2,2,1.7884865
14706,YAP1,9,3.032976
14707,YARS2,2,2.2858937
14708,YBEY,3,2.5006135
14709,YBX1,4,4.8701286
14710,YBX2,3,1.9156662
14711,YBX3,7,4.69523
14712,YDJC,9,2.8901587
14713,YEATS2,2,2.554013
14714,YEATS4,9,2.6669674
14715,YES1,3,2.5747876
14716,YIF1A,4,3.9607499
14717,YIF1B,9,2.8363307
14718,YIPF1,9,1.9330614
14719,YIPF2,10,3.5666578
14720,YIPF3,4,4.626105
14721,YIPF4,2,2.2370362
14722,YIPF5,8,2.8065383
14723,YIPF6,9,2.6255863
14724,YIPF7,1,0.41028744
14725,YJEFN3,7,4.022027
14726,YJU2,10,3.197823
14727,YKT6,4,3.9647238
14728,YLPM1,8,3.0256197
14729,YME1L1,7,3.344451
14730,YOD1,2,1.8288524
14731,YPEL1,8,2.7864993
14732,YPEL2,9,2.824354
14733,YPEL3,7,4.287868
14734,YPEL4,3,1.598386
14735,YPEL5,7,3.2265773
14736,YRDC,8,2.7145026
14737,YTHDC1,10,3.3252645
14738,YTHDC2,10,2.7834792
14739,YTHDF1,7,3.578026
14740,YTHDF2,9,3.5503106
14741,YTHDF3,9,3.0588758
14742,YWHAB,7,4.3075285
14743,YWHAE,4,5.7474484
14744,YWHAG,4,4.587313
14745,YWHAH,4,4.7078795
14746,YWHAZ,9,4.177867
14747,YY1,9,3.3417199
14748,ZAP70,2,1.7147111
14749,ZAR1L,1,0.1254879
14750,ZBED3,3,1.6596094
14751,ZBED4,2,1.4986879
14752,ZBTB1,3,1.6185288
14753,ZBTB10,2,1.937146
14754,ZBTB11,3,2.1528585
14755,ZBTB12,2,1.3638686
14756,ZBTB14,2,1.7283704
14757,ZBTB16,3,1.6414
14758,ZBTB17,3,2.6810048
14759,ZBTB18,9,3.388302
14760,ZBTB2,2,1.5823367
14761,ZBTB20,2,1.619318
14762,ZBTB21,3,1.6757685
14763,ZBTB22,8,2.6288776
14764,ZBTB24,6,1.3626474
14765,ZBTB25,3,1.4746987
14766,ZBTB26,3,1.5346938
14767,ZBTB3,6,1.0093704
14768,ZBTB32,1,0.9586762
14769,ZBTB33,2,1.6482292
14770,ZBTB34,2,1.8023119
14771,ZBTB37,6,1.3990932
14772,ZBTB38,8,2.347819
14773,ZBTB39,6,1.4703462
14774,ZBTB4,9,3.0912478
14775,ZBTB40,8,2.4854758
14776,ZBTB41,2,1.6931263
14777,ZBTB42,2,1.541669
14778,ZBTB43,3,1.844443
14779,ZBTB44,2,2.561168
14780,ZBTB45,9,2.1999552
14781,ZBTB46,2,2.0424938
14782,ZBTB48,7,3.1683233
14783,ZBTB49,2,1.6039745
14784,ZBTB5,8,1.8567826
14785,ZBTB6,2,1.5114896
14786,ZBTB7A,8,2.3932185
14787,ZBTB7B,3,2.6097791
14788,ZBTB7C,6,1.1279359
14789,ZBTB8A,3,1.1237149
14790,ZBTB8B,5,0.13828376
14791,ZBTB8OS,5,0.0
14792,ZBTB9,2,1.8083494
14793,ZC2HC1A,3,1.8507422
14794,ZC2HC1B,1,0.4469205
14795,ZC2HC1C,6,1.0971847
14796,ZC3H10,3,1.455294
14797,ZC3H12A,2,2.3011308
14798,ZC3H12B,5,0.65346456
14799,ZC3H12C,3,1.5253385
14800,ZC3H12D,1,0.6682777
14801,ZC3H13,2,2.705332
14802,ZC3H14,2,2.1905878
14803,ZC3H15,10,3.0879006
14804,ZC3H18,10,3.1625354
14805,ZC3H3,9,3.128911
14806,ZC3H4,10,2.6752357
14807,ZC3H6,2,1.6849868
14808,ZC3H7A,10,3.1311119
14809,ZC3H7B,7,3.7140949
14810,ZC3H8,3,1.4292125
14811,ZC3HAV1,3,1.866849
14812,ZC3HAV1L,6,1.0449495
14813,ZC3HC1,10,2.7769961
14814,ZC4H2,6,1.275679
14815,ZCCHC10,9,2.326954
14816,ZCCHC13,1,0.3794187
14817,ZCCHC14,10,2.8591821
14818,ZCCHC17,9,3.0739691
14819,ZCCHC2,3,2.613651
14820,ZCCHC24,10,3.4326043
14821,ZCCHC3,10,2.7072437
14822,ZCCHC4,2,1.5164666
14823,ZCCHC7,2,1.8868397
14824,ZCCHC8,2,2.4419527
14825,ZCCHC9,2,1.9750514
14826,ZCRB1,2,3.0355177
14827,ZCWPW1,3,2.206414
14828,ZCWPW2,3,1.2900506
14829,ZDHHC1,8,2.4631484
14830,ZDHHC12,7,2.9828491
14831,ZDHHC13,2,2.0002198
14832,ZDHHC14,2,2.0264976
14833,ZDHHC15,1,0.5079083
14834,ZDHHC16,10,2.8198195
14835,ZDHHC17,7,3.0586445
14836,ZDHHC18,9,2.8076944
14837,ZDHHC19,5,1.4170897
14838,ZDHHC2,8,2.0299106
14839,ZDHHC20,10,2.5451028
14840,ZDHHC21,8,1.7022575
14841,ZDHHC22,5,0.67538124
14842,ZDHHC23,2,1.6678038
14843,ZDHHC24,9,2.0488427
14844,ZDHHC3,10,2.3063662
14845,ZDHHC4,10,2.64342
14846,ZDHHC5,8,3.1183255
14847,ZDHHC6,8,2.5901957
14848,ZDHHC7,10,3.1980388
14849,ZDHHC8,9,3.1753836
14850,ZDHHC9,8,2.6398275
14851,ZEB1,7,2.927968
14852,ZEB2,9,2.421919
14853,ZER1,7,3.614193
14854,ZFAND1,10,3.1423943
14855,ZFAND2A,9,2.3650968
14856,ZFAND2B,10,3.5542886
14857,ZFAND3,4,3.860853
14858,ZFAND4,2,1.4999105
14859,ZFAND5,7,3.9446733
14860,ZFAND6,2,2.0176399
14861,ZFAT,3,1.6609225
14862,ZFC3H1,10,2.9662457
14863,ZFHX2,6,0.9580961
14864,ZFHX3,3,1.435665
14865,ZFHX4,6,0.8929871
14866,ZFP1,2,1.6237506
14867,ZFP14,3,1.1757321
14868,ZFP2,6,1.0011699
14869,ZFP28,2,1.5479257
14870,ZFP3,3,1.7346048
14871,ZFP30,3,1.3049667
14872,ZFP36,4,5.1802382
14873,ZFP36L1,4,4.3686805
14874,ZFP36L2,4,4.3256745
14875,ZFP37,6,0.782325
14876,ZFP41,2,1.8188647
14877,ZFP42,5,0.11733159
14878,ZFP62,2,2.3618877
14879,ZFP64,2,1.4843673
14880,ZFP69,5,1.0580212
14881,ZFP82,6,0.9271967
14882,ZFP90,10,2.3730364
14883,ZFP91,7,3.5839357
14884,ZFP92,6,1.0342637
14885,ZFPL1,7,3.559003
14886,ZFPM1,2,1.7016037
14887,ZFPM2,8,1.8554488
14888,ZFR,9,3.637741
14889,ZFR2,1,0.76707315
14890,ZFTA,3,2.413166
14891,ZFX,3,2.0200956
14892,ZFYVE1,10,2.6680145
14893,ZFYVE19,7,2.9247632
14894,ZFYVE21,7,3.9963977
14895,ZFYVE26,8,2.0955892
14896,ZFYVE27,10,3.4644592
14897,ZFYVE28,3,1.984847
14898,ZFYVE9,8,2.2587178
14899,ZG16,5,0.31759378
14900,ZGLP1,2,1.7589778
14901,ZGPAT,4,4.2085867
14902,ZHX1,9,2.3596122
14903,ZHX2,2,2.3788695
14904,ZHX3,8,2.516564
14905,ZIC1,5,1.3457525
14906,ZIC2,1,1.0570953
14907,ZIC3,1,0.38645628
14908,ZIC4,1,1.0128131
14909,ZIC5,6,0.78340393
14910,ZIK1,1,1.2214673
14911,ZKSCAN1,8,2.9245372
14912,ZKSCAN2,6,1.1527941
14913,ZKSCAN5,6,1.5411065
14914,ZKSCAN7,3,1.257355
14915,ZKSCAN8,10,2.409311
14916,ZMAT1,9,2.9706612
14917,ZMAT2,4,4.291177
14918,ZMAT3,3,1.7196817
14919,ZMAT4,1,0.46602878
14920,ZMAT5,6,1.4256498
14921,ZMIZ1,4,3.3840456
14922,ZMIZ2,4,4.051045
14923,ZMPSTE24,9,2.9420834
14924,ZMYM1,6,1.0872729
14925,ZMYM2,10,2.7673218
14926,ZMYM3,7,2.7313292
14927,ZMYM4,10,2.6090434
14928,ZMYM5,10,2.0586324
14929,ZMYM6,3,2.0426617
14930,ZMYND10,3,1.8377895
14931,ZMYND11,9,2.9037375
14932,ZMYND12,6,1.4502592
14933,ZMYND15,2,1.3642517
14934,ZMYND19,10,3.1569731
14935,ZMYND8,7,2.7920554
14936,ZNF106,10,3.2864516
14937,ZNF112,6,1.3070624
14938,ZNF12,3,2.4759545
14939,ZNF131,5,0.0
14940,ZNF142,6,1.7922593
14941,ZNF143,8,2.0618145
14942,ZNF146,10,2.6304166
14943,ZNF148,3,1.9539841
14944,ZNF169,1,0.89949936
14945,ZNF174,3,2.0356512
14946,ZNF18,8,2.168484
14947,ZNF180,6,0.872377
14948,ZNF182,3,1.7884085
14949,ZNF189,9,2.7556286
14950,ZNF2,2,1.2745122
14951,ZNF202,3,1.597512
14952,ZNF205,8,2.3918872
14953,ZNF207,10,3.1235466
14954,ZNF212,8,2.3121767
14955,ZNF213,8,2.6649776
14956,ZNF217,9,2.1565552
14957,ZNF219,10,3.014296
14958,ZNF22,7,3.05702
14959,ZNF23,10,2.2476952
14960,ZNF236,3,1.4963075
14961,ZNF24,8,2.5958726
14962,ZNF248,2,2.191332
14963,ZNF25,3,1.9340593
14964,ZNF250,6,1.254175
14965,ZNF251,10,2.7829483
14966,ZNF260,2,1.5487057
14967,ZNF263,9,2.3396902
14968,ZNF266,9,2.6704755
14969,ZNF276,9,3.3367717
14970,ZNF277,5,0.82074475
14971,ZNF280B,1,0.8434031
14972,ZNF280C,2,1.1650245
14973,ZNF280D,9,2.4446216
14974,ZNF281,2,2.1021247
14975,ZNF282,10,2.8597405
14976,ZNF286A,3,1.6447011
14977,ZNF287,1,0.6684655
14978,ZNF292,3,1.9782463
14979,ZNF296,6,1.2694771
14980,ZNF316,9,2.7038019
14981,ZNF317,9,2.4620547
14982,ZNF318,8,2.4964826
14983,ZNF319,2,1.8421425
14984,ZNF32,2,2.6811771
14985,ZNF322,2,1.6907107
14986,ZNF326,2,2.1191795
14987,ZNF329,2,1.7065507
14988,ZNF330,5,0.0
14989,ZNF334,3,1.4233631
14990,ZNF335,10,3.0407872
14991,ZNF341,2,1.781374
14992,ZNF346,6,1.6726713
14993,ZNF35,6,1.2555468
14994,ZNF354A,2,2.1425867
14995,ZNF354B,9,2.3671849
14996,ZNF354C,3,1.7669712
14997,ZNF358,7,3.5647933
14998,ZNF362,9,2.943535
14999,ZNF365,3,0.95115364
15000,ZNF366,6,0.7388127
15001,ZNF367,2,1.0988714
15002,ZNF382,1,0.98996955
15003,ZNF383,3,1.2712358
15004,ZNF384,7,3.625787
15005,ZNF385A,7,3.0447075
15006,ZNF385B,8,1.9133935
15007,ZNF385C,6,1.7815809
15008,ZNF394,10,2.6699982
15009,ZNF395,9,2.7467406
15010,ZNF397,2,2.0255022
15011,ZNF398,2,1.7629378
15012,ZNF407,3,1.4872624
15013,ZNF408,2,2.3737853
15014,ZNF410,10,2.6655934
15015,ZNF414,9,2.6288035
15016,ZNF423,6,1.4218856
15017,ZNF426,3,1.3768691
15018,ZNF428,8,3.3230636
15019,ZNF436,9,2.0638478
15020,ZNF438,3,1.9194185
15021,ZNF444,8,2.910616
15022,ZNF445,3,1.7024755
15023,ZNF449,3,1.5623724
15024,ZNF45,6,1.0024852
15025,ZNF451,2,1.9341512
15026,ZNF454,6,0.53117657
15027,ZNF462,3,1.4085566
15028,ZNF467,6,1.6948944
15029,ZNF474,1,0.31576318
15030,ZNF48,3,2.4051538
15031,ZNF483,6,0.34267598
15032,ZNF488,1,0.43808964
15033,ZNF496,8,2.5898185
15034,ZNF503,2,2.3323057
15035,ZNF507,10,2.0258934
15036,ZNF511,9,3.1300375
15037,ZNF512,10,2.9902964
15038,ZNF512B,7,2.8022957
15039,ZNF513,10,3.2603931
15040,ZNF516,2,1.9424536
15041,ZNF518A,6,1.713951
15042,ZNF518B,6,1.652865
15043,ZNF521,8,2.055644
15044,ZNF524,10,2.9359834
15045,ZNF526,3,1.6560156
15046,ZNF532,3,2.800533
15047,ZNF536,5,0.77215344
15048,ZNF541,5,0.69353276
15049,ZNF551,6,1.4118546
15050,ZNF558,2,1.8367717
15051,ZNF566,6,1.272565
15052,ZNF569,6,1.224954
15053,ZNF574,3,2.301842
15054,ZNF575,6,1.1318359
15055,ZNF579,8,2.365704
15056,ZNF580,10,3.31707
15057,ZNF583,6,0.9644389
15058,ZNF592,9,2.7636192
15059,ZNF593,7,3.4364822
15060,ZNF597,5,1.1319712
15061,ZNF598,7,3.6921794
15062,ZNF605,2,1.7445794
15063,ZNF606,2,1.5190002
15064,ZNF608,3,2.004525
15065,ZNF609,10,2.3055377
15066,ZNF618,6,1.5718838
15067,ZNF622,10,3.4653807
15068,ZNF623,3,1.7469485
15069,ZNF627,3,2.0489233
15070,ZNF628,3,2.0119226
15071,ZNF629,2,2.2576034
15072,ZNF638,8,3.1560683
15073,ZNF639,8,2.0998785
15074,ZNF641,9,2.0132039
15075,ZNF644,2,2.1267765
15076,ZNF646,2,2.0910573
15077,ZNF648,1,0.13236862
15078,ZNF652,2,1.8337953
15079,ZNF653,2,2.3571153
15080,ZNF654,2,1.7106653
15081,ZNF655,7,3.3101852
15082,ZNF664,8,3.404859
15083,ZNF667,6,1.0006945
15084,ZNF668,2,1.7965738
15085,ZNF672,10,2.8167753
15086,ZNF687,3,2.56541
15087,ZNF688,3,2.600083
15088,ZNF689,3,2.0268145
15089,ZNF691,3,1.518627
15090,ZNF692,4,3.7259834
15091,ZNF697,2,1.42695
15092,ZNF7,3,2.167548
15093,ZNF703,9,2.9676366
15094,ZNF704,3,1.8849308
15095,ZNF706,9,2.9024227
15096,ZNF711,6,1.4920087
15097,ZNF740,3,2.283606
15098,ZNF746,2,2.0366886
15099,ZNF750,1,0.67840517
15100,ZNF76,7,3.6009326
15101,ZNF768,7,3.6580331
15102,ZNF770,2,2.4940877
15103,ZNF771,6,1.4719068
15104,ZNF777,9,2.3337417
15105,ZNF784,9,2.479157
15106,ZNF786,2,1.4999498
15107,ZNF787,8,2.5376754
15108,ZNF791,3,2.1646588
15109,ZNF8,3,1.3735787
15110,ZNF800,3,2.130362
15111,ZNF804A,6,0.51107866
15112,ZNF804B,1,0.04276254
15113,ZNF821,3,2.1032953
15114,ZNF827,6,1.5605851
15115,ZNF830,10,2.527656
15116,ZNF831,1,0.42410448
15117,ZNF839,8,2.6066198
15118,ZNF853,3,2.1112149
15119,ZNF865,8,2.827308
15120,ZNF879,6,1.0648276
15121,ZNFX1,8,2.734583
15122,ZNHIT1,4,4.8547816
15123,ZNHIT2,8,2.769932
15124,ZNHIT3,7,3.6971438
15125,ZNHIT6,3,1.9009291
15126,ZNRD2,4,4.335817
15127,ZNRF1,8,2.4308293
15128,ZNRF2,3,1.6808188
15129,ZNRF3,2,1.7772111
15130,ZP1,6,0.6220552
15131,ZP2,5,0.46782345
15132,ZPBP,5,0.49564788
15133,ZPBP2,5,0.54469687
15134,ZPLD1,5,0.053852573
15135,ZPR1,8,2.5782511
15136,ZRANB1,10,3.3425884
15137,ZRANB2,4,4.3153353
15138,ZRANB3,6,0.94159
15139,ZSCAN10,1,0.1375125
15140,ZSCAN12,5,0.8144613
15141,ZSCAN2,6,1.6763561
15142,ZSCAN20,1,0.4201446
15143,ZSCAN21,8,2.0190501
15144,ZSCAN22,2,1.0067059
15145,ZSCAN25,2,1.8030874
15146,ZSCAN26,3,1.7191092
15147,ZSCAN29,2,2.1975646
15148,ZSWIM1,2,2.2233498
15149,ZSWIM2,5,0.25300422
15150,ZSWIM3,3,1.3148865
15151,ZSWIM4,3,1.5470731
15152,ZSWIM5,6,1.3484441
15153,ZSWIM6,9,2.3409135
15154,ZSWIM7,8,2.8104444
15155,ZSWIM8,4,3.9712436
15156,ZSWIM9,8,1.8781033
15157,ZUP1,2,1.946112
15158,ZW10,3,2.4311664
15159,ZWILCH,3,1.4824806
15160,ZXDC,10,3.0327377
15161,ZYG11A,1,0.36669287
15162,ZYG11B,8,2.4914255
15163,ZYX,4,4.998405
15164,ZZEF1,3,2.9080849
15165,ZZZ3,2,2.0769844
