token_id,gene,cluster,mean_log1p_tpm
1,A1CF,10,0.89417034
2,A2M,1,6.2039647
3,A3GALT2,3,0.11512369
4,A4GALT,2,1.8490154
5,A4GNT,3,0.28531855
6,AAAS,9,3.8886013
7,AACS,6,3.500986
8,AADAC,3,1.083996
9,AADACL2,3,0.070175074
10,AADACL3,3,0.004961645
11,AADAT,8,2.090916
12,AAGAB,7,3.8305404
13,AAK1,2,2.010624
14,AAMDC,8,2.170717
15,AAMP,1,5.2997346
16,AANAT,3,0.22288778
17,AAR2,9,3.5897765
18,AARD,10,0.7645132
19,AARS2,8,2.8262732
20,AARSD1,7,4.162669
21,AASDH,4,2.2086833
22,AASDHPPT,7,3.8656654
23,AASS,5,1.6647997
24,AATF,7,4.22551
25,AATK,5,1.2126302
26,ABAT,2,3.120209
27,ABCA1,8,2.7570076
28,ABCA12,3,0.68096936
29,ABCA13,10,0.34965488
30,ABCA2,9,3.5265114
31,ABCA3,4,3.0058663
32,ABCA4,3,0.4595807
33,ABCA5,8,2.0701993
34,ABCA6,3,0.84476584
35,ABCA7,2,2.2565937
36,ABCA8,5,1.4835007
37,ABCA9,10,0.78804475
38,ABCB10,8,2.8459089
39,ABCB11,3,0.26958448
40,ABCB4,10,1.2347051
41,ABCB5,3,0.3065284
42,ABCB6,9,3.6009781
43,ABCB7,4,2.8114526
44,ABCB8,9,3.2437136
45,ABCB9,9,2.9097424
46,ABCC1,6,3.3834572
47,ABCC10,4,2.7759888
48,ABCC12,3,0.07567497
49,ABCC2,10,1.3227816
50,ABCC3,6,3.3121293
51,ABCC4,9,2.7688239
52,ABCC5,4,2.465014
53,ABCC6,5,1.919639
54,ABCC8,5,0.63655514
55,ABCC9,10,1.287427
56,ABCD1,6,2.9843822
57,ABCD2,10,0.5380307
58,ABCD3,6,3.9716353
59,ABCD4,9,3.5928273
60,ABCE1,7,3.956899
61,ABCF1,7,4.4749937
62,ABCF2,9,3.75195
63,ABCF3,7,4.294509
64,ABCG1,8,2.297175
65,ABCG4,3,0.3695351
66,ABCG5,3,0.6177343
67,ABCG8,10,0.3718007
68,ABHD1,8,1.6855265
69,ABHD10,7,3.7138731
70,ABHD11,6,4.447748
71,ABHD12,7,4.636985
72,ABHD12B,5,0.7452521
73,ABHD13,4,2.576792
74,ABHD14A,7,4.1791615
75,ABHD14B,7,4.241157
76,ABHD15,8,3.0169752
77,ABHD16A,7,4.420216
78,ABHD16B,2,2.300986
79,ABHD17A,9,3.1399658
80,ABHD17B,4,2.6026797
81,ABHD17C,9,3.7619238
82,ABHD18,8,1.8349262
83,ABHD2,9,4.1456285
84,ABHD3,6,3.4092975
85,ABHD4,6,3.8568714
86,ABHD5,8,2.117454
87,ABHD6,8,2.444181
88,ABHD8,2,3.1469314
89,ABI1,6,3.9125907
90,ABI2,9,2.9234843
91,ABI3,9,3.000093
92,ABI3BP,8,1.9855238
93,ABITRAM,6,3.3651953
94,ABL1,9,3.9150014
95,ABL2,8,2.4436648
96,ABLIM1,6,3.711146
97,ABLIM2,2,1.6352051
98,ABLIM3,2,2.5808873
99,ABO,2,2.607561
100,ABR,6,3.9306047
101,ABRA,3,0.13272248
102,ABRACL,9,2.9925094
103,ABRAXAS1,8,2.4012961
104,ABRAXAS2,4,3.0564322
105,ABT1,6,3.5984323
106,ABTB1,6,3.6982572
107,ABTB2,4,2.3751593
108,ACAA2,7,4.1997585
109,ACACA,6,3.0898538
110,ACACB,8,2.2716053
111,ACAD11,9,3.1901064
112,ACAD8,9,3.699268
113,ACAD9,6,3.57654
114,ACADL,5,1.6071645
115,ACADM,6,3.6487086
116,ACADS,9,3.8896222
117,ACADSB,4,3.1488543
118,ACADVL,1,5.8036017
119,ACAN,5,1.0702913
120,ACAP1,5,2.0498521
121,ACAP2,9,3.0741842
122,ACAP3,6,3.432518
123,ACAT1,7,3.9983034
124,ACBD3,7,4.1352577
125,ACBD4,4,2.9236531
126,ACBD5,9,2.7792556
127,ACBD6,6,3.0313628
128,ACBD7,5,0.64575905
129,ACCS,6,2.7919254
130,ACCSL,3,0.10001828
131,ACD,9,3.4793234
132,ACE,6,3.4643142
133,ACE2,3,0.9644265
134,ACER1,3,0.32514307
135,ACER2,5,1.404329
136,ACER3,4,2.7008865
137,ACHE,10,1.4061563
138,ACIN1,7,4.442536
139,ACKR1,8,3.0076659
140,ACKR2,5,0.6931803
141,ACKR3,8,2.8020499
142,ACKR4,5,1.0957723
143,ACLY,7,4.851382
144,ACMSD,5,1.1397767
145,ACO1,9,3.2369437
146,ACO2,1,4.7691073
147,ACOD1,3,0.06940552
148,ACOT11,8,1.5062581
149,ACOT12,3,0.41486692
150,ACOT13,9,3.5127993
151,ACOT4,8,2.360272
152,ACOT6,3,0.46075106
153,ACOT7,7,3.7819908
154,ACOT8,7,3.9392018
155,ACOX1,6,3.6713924
156,ACOX2,9,2.3582706
157,ACOX3,4,2.470381
158,ACOXL,10,0.4402753
159,ACP1,7,4.362584
160,ACP2,7,3.9168265
161,ACP4,10,0.2376163
162,ACP5,6,3.8823888
163,ACP6,8,2.322604
164,ACP7,3,0.25253707
165,ACR,10,0.52651006
166,ACRBP,2,1.5810684
167,ACRV1,3,0.3548485
168,ACSBG1,4,2.9853368
169,ACSBG2,3,0.20706026
170,ACSF2,9,3.4467697
171,ACSF3,8,2.9624984
172,ACSL1,7,3.700529
173,ACSL3,9,3.701903
174,ACSL4,4,3.4344416
175,ACSL5,9,3.4650042
176,ACSL6,5,1.0973604
177,ACSM1,3,1.2286639
178,ACSM3,8,2.206743
179,ACSM4,3,0.07549675
180,ACSM5,10,1.2991
181,ACSS1,9,3.4536812
182,ACSS2,7,4.081677
183,ACSS3,2,1.8939296
184,ACTA1,5,1.111859
185,ACTA2,7,4.816394
186,ACTB,1,8.294611
187,ACTBL2,10,0.29786265
188,ACTC1,5,1.0945857
189,ACTG1,1,7.6697016
190,ACTG2,2,2.7007885
191,ACTL10,2,1.6954355
192,ACTL6A,7,4.372906
193,ACTL6B,3,0.3206926
194,ACTL7A,3,0.017596275
195,ACTL7B,3,0.041297037
196,ACTL9,3,0.052314404
197,ACTN1,7,5.008565
198,ACTN2,3,0.7485257
199,ACTN3,5,0.38035887
200,ACTN4,1,5.799223
201,ACTR10,7,4.159197
202,ACTR1A,7,4.8758006
203,ACTR1B,7,4.6067376
204,ACTR2,7,5.2964454
205,ACTR3,7,4.454504
206,ACTR5,2,2.706201
207,ACTR6,6,3.5522523
208,ACTR8,4,2.4801047
209,ACTRT1,3,0.007321688
210,ACTRT2,3,0.0041655027
211,ACTRT3,2,1.2149082
212,ACVR1,6,3.3464866
213,ACVR1B,6,3.5330455
214,ACVR1C,5,0.5192127
215,ACVR2A,8,2.3303983
216,ACVR2B,5,1.5942655
217,ACVRL1,6,2.7905884
218,ACY1,7,4.3912525
219,ACY3,4,1.8105708
220,ACYP2,8,2.204569
221,ADA,4,1.9911243
222,ADAD1,3,0.0146163255
223,ADAD2,3,0.3586419
224,ADAM10,9,3.3953135
225,ADAM11,10,0.6158129
226,ADAM12,8,1.6768432
227,ADAM15,7,4.8718224
228,ADAM17,8,2.9227176
229,ADAM18,3,0.09772324
230,ADAM2,5,0.14664961
231,ADAM21,10,0.21565586
232,ADAM22,5,1.264718
233,ADAM23,5,1.178756
234,ADAM28,5,1.6060941
235,ADAM29,3,0.07136448
236,ADAM30,3,0.00432382
237,ADAM32,10,0.7381313
238,ADAM33,10,1.288328
239,ADAM7,3,0.10757092
240,ADAM8,8,2.5449278
241,ADAM9,6,4.055174
242,ADAMDEC1,5,1.7716178
243,ADAMTS1,9,3.3040404
244,ADAMTS10,2,1.8240749
245,ADAMTS12,10,1.4986614
246,ADAMTS13,5,1.2795783
247,ADAMTS14,5,1.1782774
248,ADAMTS15,10,1.5569522
249,ADAMTS16,10,0.704511
250,ADAMTS17,5,1.0396839
251,ADAMTS18,10,0.41340244
252,ADAMTS19,10,0.17296624
253,ADAMTS2,2,2.2575355
254,ADAMTS20,3,0.06217555
255,ADAMTS3,10,0.7882988
256,ADAMTS4,2,2.072509
257,ADAMTS5,8,1.3159496
258,ADAMTS6,5,0.66261905
259,ADAMTS7,5,1.7030171
260,ADAMTS8,5,0.97121924
261,ADAMTS9,2,2.069876
262,ADAMTSL1,10,0.94423676
263,ADAMTSL2,2,2.0244598
264,ADAMTSL3,10,1.2458152
265,ADAMTSL4,2,2.3295755
266,ADAMTSL5,2,1.4006155
267,ADAP1,9,3.0579486
268,ADAP2,2,2.4244092
269,ADAR,7,4.878827
270,ADARB1,2,2.3455427
271,ADARB2,3,0.34419855
272,ADAT1,8,2.3709733
273,ADAT2,5,1.4526781
274,ADCK1,2,2.3862975
275,ADCK2,9,3.7184148
276,ADCK5,4,2.8332014
277,ADCY1,10,1.3791895
278,ADCY10,3,0.2467366
279,ADCY2,3,1.1047257
280,ADCY3,9,3.266089
281,ADCY4,5,2.1555843
282,ADCY5,5,1.566147
283,ADCY6,9,3.3265631
284,ADCY7,2,2.5531747
285,ADCY8,10,0.57913566
286,ADCY9,9,2.8392756
287,ADCYAP1,3,0.53814435
288,ADCYAP1R1,10,0.83588004
289,ADD1,7,4.8440967
290,ADD2,5,0.71233517
291,ADD3,6,3.6806734
292,ADGB,3,0.08008013
293,ADGRA1,3,0.33599132
294,ADGRA2,6,3.2536964
295,ADGRA3,8,3.0959144
296,ADGRB1,10,0.99583805
297,ADGRB2,10,1.777744
298,ADGRB3,3,0.5489754
299,ADGRD1,10,1.3074415
300,ADGRE1,10,0.7442038
301,ADGRE5,9,4.194787
302,ADGRF1,3,0.940702
303,ADGRF3,3,0.47800228
304,ADGRF4,10,0.5993202
305,ADGRF5,4,2.8702097
306,ADGRG1,7,4.425756
307,ADGRG2,10,0.8787316
308,ADGRG3,3,0.722715
309,ADGRG4,3,0.019332986
310,ADGRG5,10,1.2449938
311,ADGRG6,8,2.2568402
312,ADGRG7,10,0.52660763
313,ADGRL1,2,2.8882787
314,ADGRL2,4,2.4132755
315,ADGRL3,10,0.741346
316,ADGRL4,6,2.8004112
317,ADGRV1,10,0.8587315
318,ADH4,3,0.7564654
319,ADH5,7,4.8709755
320,ADH6,10,1.0851059
321,ADH7,3,0.2019813
322,ADHFE1,9,2.9632797
323,ADI1,7,4.217124
324,ADIG,10,0.16750428
325,ADIPOQ,10,0.33729777
326,ADIPOR1,7,4.6354384
327,ADIPOR2,7,4.1511755
328,ADK,6,3.569944
329,ADM,6,3.291039
330,ADM2,2,2.3269615
331,ADNP,9,3.8095198
332,ADNP2,9,2.8797789
333,ADO,4,3.2759302
334,ADORA1,5,1.6289188
335,ADORA2A,10,1.1757367
336,ADORA2B,8,2.1567733
337,ADORA3,2,2.0688288
338,ADPGK,7,4.28736
339,ADPRH,8,2.279955
340,ADPRM,9,2.361082
341,ADPRS,7,4.272525
342,ADRA1A,10,0.40737173
343,ADRA1B,10,0.9295775
344,ADRA1D,10,0.49696937
345,ADRA2A,8,1.7207531
346,ADRA2B,5,0.77572554
347,ADRA2C,10,1.7153125
348,ADRB1,5,0.9884246
349,ADRB2,10,1.8263495
350,ADRB3,3,0.11153666
351,ADSL,6,3.6335242
352,ADTRP,8,1.6790775
353,AEBP1,1,5.2109904
354,AEBP2,4,2.8847287
355,AEN,9,3.0385218
356,AFAP1,8,2.991851
357,AFAP1L1,8,2.0865908
358,AFAP1L2,4,2.6822786
359,AFDN,6,3.521947
360,AFF1,6,3.3904557
361,AFF2,10,0.43763277
362,AFF3,10,1.6658703
363,AFF4,9,3.622041
364,AFG1L,10,1.3782321
365,AFG3L2,7,4.3593607
366,AFM,3,0.491748
367,AFMID,6,3.6939664
368,AFP,5,0.5928681
369,AFTPH,9,3.7172577
370,AGA,9,3.605954
371,AGAP1,6,2.5784655
372,AGAP2,2,1.9059262
373,AGAP3,6,3.8565857
374,AGBL1,10,0.07883676
375,AGBL2,5,0.85507125
376,AGBL3,10,1.2532556
377,AGBL4,10,0.38350508
378,AGBL5,6,3.988009
379,AGER,8,2.3413742
380,AGFG1,9,3.3698893
381,AGFG2,9,3.2244163
382,AGGF1,9,3.284082
383,AGK,8,2.677415
384,AGL,4,2.9604828
385,AGMAT,2,2.1866238
386,AGMO,10,1.3676606
387,AGO1,8,2.5488284
388,AGO2,8,2.597127
389,AGO3,2,1.5196567
390,AGO4,4,2.4724576
391,AGPAT1,7,4.3843656
392,AGPAT2,7,4.8976007
393,AGPAT3,6,3.8478427
394,AGPAT4,8,1.357013
395,AGPAT5,6,3.0982606
396,AGPS,2,2.8054433
397,AGR2,9,3.2545838
398,AGR3,5,2.3069477
399,AGRN,7,4.762324
400,AGRP,3,0.33081007
401,AGT,9,2.7921796
402,AGTPBP1,9,2.3449788
403,AGTR2,3,0.1646636
404,AGTRAP,7,4.7655134
405,AGXT,10,0.799571
406,AGXT2,3,0.6969683
407,AHCTF1,6,2.8557436
408,AHCYL1,7,4.7506595
409,AHCYL2,9,3.4046962
410,AHDC1,9,2.8501558
411,AHI1,2,1.5400834
412,AHNAK,7,4.718182
413,AHR,7,3.9420114
414,AHRR,5,1.1263088
415,AHSA1,7,4.880758
416,AHSG,3,0.9328348
417,AICDA,3,0.13560344
418,AIDA,9,3.8897045
419,AIF1,7,4.2657967
420,AIF1L,9,3.3552616
421,AIFM1,6,3.6132033
422,AIFM2,2,1.9644196
423,AIFM3,10,1.2165978
424,AIG1,6,3.0165734
425,AIM2,10,0.9497909
426,AIMP1,6,3.0199316
427,AIMP2,7,4.5295444
428,AIP,7,4.755717
429,AIPL1,3,0.024768546
430,AIRE,3,0.21450527
431,AJAP1,10,0.39050195
432,AJM1,2,1.7344832
433,AJUBA,4,2.8956914
434,AK1,9,3.6076152
435,AK2,7,3.670768
436,AK3,7,4.0000224
437,AK5,10,0.830392
438,AK7,10,0.88747966
439,AK8,5,1.6120131
440,AK9,5,1.1231927
441,AKAIN1,3,0.026517496
442,AKAP1,6,3.7062447
443,AKAP10,9,2.91797
444,AKAP11,2,2.8909664
445,AKAP12,6,2.784718
446,AKAP13,9,3.2860653
447,AKAP3,10,0.57787937
448,AKAP4,3,0.03150169
449,AKAP6,10,1.02699
450,AKAP7,8,2.148583
451,AKAP8,6,3.4791808
452,AKAP8L,7,4.246693
453,AKAP9,8,2.7865834
454,AKIP1,4,3.0820808
455,AKIRIN1,7,4.2519116
456,AKIRIN2,6,4.077024
457,AKNA,2,2.769339
458,AKR1A1,1,5.039399
459,AKR1D1,3,0.3910959
460,AKR1E2,10,1.1913782
461,AKR7L,5,1.908029
462,AKT1,7,4.681334
463,AKT1S1,4,3.3541367
464,AKT2,6,3.3815544
465,AKT3,2,2.411236
466,AKTIP,8,2.958207
467,ALAD,9,3.6693435
468,ALAS1,9,4.109549
469,ALAS2,10,0.27937388
470,ALB,5,1.5460411
471,ALCAM,7,4.1216297
472,ALDH16A1,6,3.5431697
473,ALDH18A1,7,4.436793
474,ALDH1A2,5,1.4223756
475,ALDH1A3,9,2.7644293
476,ALDH1B1,7,3.8821518
477,ALDH1L1,5,2.1214292
478,ALDH1L2,2,1.3478451
479,ALDH2,7,4.0182123
480,ALDH3A1,2,1.5049311
481,ALDH3A2,7,4.3834963
482,ALDH3B1,6,3.1614902
483,ALDH4A1,9,3.651948
484,ALDH5A1,9,3.1030467
485,ALDH6A1,6,3.4574003
486,ALDH7A1,9,3.6488147
487,ALDH8A1,10,1.1379943
488,ALDOB,3,1.3524934
489,ALDOC,7,3.9143844
490,ALG11,8,1.8405596
491,ALG12,9,2.5817125
492,ALG13,4,2.7118838
493,ALG14,2,1.7170433
494,ALG2,9,3.8580785
495,ALG3,9,4.420059
496,ALG5,6,3.4098203
497,ALG6,4,2.8186188
498,ALG8,9,3.238894
499,ALG9,4,2.6838238
500,ALK,3,0.4288968
501,ALKAL1,10,0.7715178
502,ALKAL2,3,0.6644296
503,ALKBH1,4,2.6823475
504,ALKBH2,6,3.2640586
505,ALKBH3,6,3.3885746
506,ALKBH4,4,3.238205
507,ALKBH5,7,4.6148124
508,ALKBH6,6,2.9400895
509,ALKBH7,7,4.6780005
510,ALKBH8,2,1.9040084
511,ALLC,3,0.13638844
512,ALOX12,5,1.0365796
513,ALOX12B,3,0.6064751
514,ALOX15,10,0.6957162
515,ALOX15B,5,2.0981438
516,ALOX5,9,3.1430717
517,ALOX5AP,4,2.9009352
518,ALOXE3,3,0.3423835
519,ALPK1,8,2.362873
520,ALPK2,5,0.9728498
521,ALPK3,2,1.7396195
522,ALPL,4,2.9332957
523,ALS2,8,1.9528497
524,ALS2CL,8,2.2345235
525,ALX1,3,0.60000175
526,ALX3,2,1.6106054
527,ALX4,10,0.27832687
528,AMACR,9,3.6596632
529,AMBN,3,0.046793558
530,AMBP,5,1.5216316
531,AMBRA1,4,3.2102246
532,AMDHD1,10,1.2121468
533,AMDHD2,9,3.3489149
534,AMELX,3,0.11148598
535,AMER1,8,1.5185642
536,AMER2,10,0.32691476
537,AMER3,3,0.10587641
538,AMFR,7,4.745981
539,AMH,10,1.1544057
540,AMHR2,3,0.16373128
541,AMIGO1,8,2.229037
542,AMIGO2,4,2.3703825
543,AMIGO3,4,1.9012845
544,AMMECR1,9,2.2969937
545,AMMECR1L,6,3.0783255
546,AMN,7,4.5545096
547,AMN1,5,2.4966714
548,AMOT,2,2.3912508
549,AMOTL1,4,2.9321675
550,AMOTL2,6,3.620179
551,AMPD1,3,0.34855875
552,AMPD2,6,3.4459596
553,AMPD3,2,2.0127358
554,AMPH,10,1.0261078
555,AMT,9,2.8891718
556,AMTN,3,0.25975326
557,AMZ1,10,0.3488189
558,AMZ2,6,3.6370723
559,ANAPC1,6,2.629314
560,ANAPC10,2,2.4001021
561,ANAPC11,7,3.9663374
562,ANAPC13,9,3.839835
563,ANAPC15,6,3.147723
564,ANAPC16,6,3.7611804
565,ANAPC2,6,3.7607048
566,ANAPC4,9,2.8251398
567,ANAPC5,7,4.988673
568,ANAPC7,7,3.8196495
569,ANGEL1,4,2.9121377
570,ANGEL2,9,2.9985685
571,ANGPT1,8,1.6679612
572,ANGPT2,8,2.1137056
573,ANGPT4,10,0.27214184
574,ANGPTL1,10,1.06976
575,ANGPTL2,6,3.665035
576,ANGPTL3,10,0.74996907
577,ANGPTL4,9,3.7941306
578,ANGPTL6,2,2.5632389
579,ANGPTL7,10,0.56536305
580,ANGPTL8,8,2.220737
581,ANK1,5,0.6594336
582,ANK2,5,1.502634
583,ANKAR,10,1.0522082
584,ANKDD1A,2,1.7215527
585,ANKDD1B,3,0.6827335
586,ANKEF1,8,1.9566242
587,ANKFN1,3,0.26829115
588,ANKFY1,4,3.506036
589,ANKH,6,3.5331397
590,ANKHD1,6,3.7523816
591,ANKIB1,6,3.312462
592,ANKK1,10,0.51489174
593,ANKLE1,5,0.61543256
594,ANKLE2,6,3.6124518
595,ANKMY1,8,2.101231
596,ANKMY2,6,3.210069
597,ANKRA2,9,3.097731
598,ANKRD1,3,0.66649896
599,ANKRD10,7,4.361821
600,ANKRD11,9,3.1424935
601,ANKRD12,8,2.5112555
602,ANKRD13A,6,3.8641207
603,ANKRD13B,2,2.1469412
604,ANKRD13C,4,2.6078134
605,ANKRD13D,7,3.704885
606,ANKRD16,4,2.0555918
607,ANKRD17,6,3.424157
608,ANKRD2,3,0.33077836
609,ANKRD22,2,1.7885064
610,ANKRD23,2,2.3911622
611,ANKRD24,10,1.0263032
612,ANKRD27,4,2.8804832
613,ANKRD28,9,3.0823908
614,ANKRD29,5,1.5916402
615,ANKRD31,10,0.19743423
616,ANKRD33,3,0.1687161
617,ANKRD33B,5,1.0191153
618,ANKRD34A,10,0.97515005
619,ANKRD34B,3,0.15247919
620,ANKRD34C,3,0.024712203
621,ANKRD35,5,1.194718
622,ANKRD37,7,4.112009
623,ANKRD39,6,3.9443836
624,ANKRD40,6,3.893234
625,ANKRD40CL,10,0.5659879
626,ANKRD42,8,2.1705098
627,ANKRD44,8,1.458147
628,ANKRD45,10,0.65835166
629,ANKRD46,8,2.222275
630,ANKRD49,8,2.6450849
631,ANKRD52,4,3.2088695
632,ANKRD54,7,3.440464
633,ANKRD55,3,0.32686096
634,ANKRD6,2,2.076637
635,ANKRD60,3,0.0065057524
636,ANKRD61,3,0.5750139
637,ANKRD63,3,0.0169343
638,ANKRD65,5,1.4544443
639,ANKRD66,3,0.12361981
640,ANKRD9,8,2.2946117
641,ANKS1A,8,2.8652425
642,ANKS1B,2,1.5735506
643,ANKS3,8,2.869221
644,ANKS4B,10,1.2398419
645,ANKS6,4,2.5505579
646,ANKUB1,2,1.8474427
647,ANKZF1,6,3.749341
648,ANLN,8,2.6514606
649,ANO1,9,3.0755816
650,ANO10,4,3.0280886
651,ANO2,5,0.6757855
652,ANO3,3,0.5952149
653,ANO4,3,0.7014138
654,ANO5,10,0.97338843
655,ANO6,7,3.7282138
656,ANO7,5,1.411401
657,ANO8,8,2.4716496
658,ANO9,4,2.4431713
659,ANP32B,1,5.5532365
660,ANP32E,9,3.9770396
661,ANPEP,9,3.701562
662,ANTKMT,6,3.5586507
663,ANTXR1,9,3.6306028
664,ANTXR2,8,2.8167908
665,ANXA1,1,4.891492
666,ANXA10,10,0.9336279
667,ANXA11,7,4.2563214
668,ANXA13,10,1.5634631
669,ANXA2,1,5.2503986
670,ANXA3,7,3.3026233
671,ANXA4,6,3.957273
672,ANXA5,1,6.155603
673,ANXA6,7,4.851388
674,ANXA7,7,4.4422817
675,ANXA9,8,2.3932145
676,AOAH,8,1.6422218
677,AOC2,2,0.7277955
678,AOC3,8,2.8775764
679,AOPEP,9,3.1590145
680,AOX1,5,1.9753178
681,AP1AR,4,2.5885522
682,AP1B1,7,4.5925055
683,AP1G1,9,3.6624167
684,AP1G2,6,4.031369
685,AP1M1,2,2.8227198
686,AP1M2,7,3.7971
687,AP1S1,7,4.9101443
688,AP1S2,6,2.8939157
689,AP1S3,2,1.5792099
690,AP2A1,7,4.6539965
691,AP2A2,9,4.084389
692,AP2B1,1,4.895401
693,AP2M1,1,5.7927675
694,AP2S1,1,5.233082
695,AP3B1,8,2.578317
696,AP3B2,3,0.7561727
697,AP3D1,7,4.736078
698,AP3M1,6,3.5009604
699,AP3M2,9,3.023207
700,AP3S1,7,4.401529
701,AP3S2,6,3.4916675
702,AP4B1,2,2.6373897
703,AP4E1,2,2.0027525
704,AP4M1,7,3.5413315
705,AP4S1,8,1.3262491
706,AP5B1,8,2.4343746
707,AP5M1,8,2.433069
708,AP5S1,8,2.2763977
709,AP5Z1,2,3.1812446
710,APAF1,4,2.4444096
711,APBA1,2,1.5938194
712,APBA2,5,1.4914743
713,APBA3,4,3.1833212
714,APBB1,9,2.976967
715,APBB1IP,2,2.4033995
716,APBB2,6,2.895543
717,APBB3,6,3.1532443
718,APC,8,2.3724148
719,APC2,5,1.1414447
720,APCDD1,9,2.90537
721,APCS,3,0.71214825
722,APEH,7,4.6689215
723,APEX1,1,5.556254
724,APEX2,6,3.505295
725,APH1A,1,5.697558
726,API5,7,4.3101544
727,APIP,9,3.0976853
728,APLF,3,0.0
729,APLN,8,2.5433903
730,APLNR,6,3.1266222
731,APLP1,10,2.0194838
732,APLP2,1,6.369372
733,APMAP,7,5.4225507
734,APOA1,10,1.4787598
735,APOA2,3,1.1800807
736,APOA4,3,0.3972782
737,APOA5,10,0.47704256
738,APOB,3,0.88987154
739,APOBEC1,3,0.5472782
740,APOBEC2,3,0.20061277
741,APOBEC4,3,0.09957304
742,APOC1,7,4.8481064
743,APOC2,2,3.22148
744,APOC4,3,0.929642
745,APOD,7,4.515732
746,APOE,1,6.2916756
747,APOF,3,0.7912035
748,APOH,3,1.191968
749,APOLD1,6,4.1911974
750,APOM,9,3.296916
751,APOO,2,2.7333734
752,APOOL,8,2.796766
753,APP,1,6.526118
754,APPBP2,9,3.1337605
755,APPL1,9,3.3328326
756,APPL2,9,3.448512
757,APRT,7,5.3132234
758,APTX,8,3.0338757
759,AQP1,1,5.1711226
760,AQP11,5,1.6159531
761,AQP2,3,0.23023714
762,AQP3,9,3.847373
763,AQP4,3,1.4085128
764,AQP5,5,1.710365
765,AQP6,3,0.5774932
766,AQP8,10,0.42028603
767,AQP9,5,1.6688676
768,AQR,4,2.8928468
769,AR,2,1.8087076
770,ARAF,6,3.9478807
771,ARAP1,6,3.782222
772,ARAP2,8,2.236067
773,ARAP3,4,2.6166816
774,ARC,2,1.2743229
775,ARCN1,7,4.973686
776,AREG,6,2.3752491
777,AREL1,6,3.207718
778,ARF1,1,5.7042346
779,ARF3,1,4.9937644
780,ARF4,1,5.8510427
781,ARF5,1,5.925799
782,ARF6,7,4.7520065
783,ARFGAP1,9,4.231721
784,ARFGAP2,7,4.52213
785,ARFGAP3,7,4.346214
786,ARFGEF1,6,3.4749715
787,ARFGEF2,6,3.3188794
788,ARFGEF3,8,2.2731516
789,ARFIP1,8,2.8266816
790,ARFIP2,9,3.7879338
791,ARFRP1,6,3.6108155
792,ARG1,10,0.88916695
793,ARG2,7,4.2672763
794,ARGLU1,7,4.001398
795,ARHGAP1,7,4.6426973
796,ARHGAP10,8,2.5488694
797,ARHGAP11A,4,2.0563846
798,ARHGAP12,9,3.4381468
799,ARHGAP15,5,1.7223353
800,ARHGAP17,7,3.9017732
801,ARHGAP18,9,3.3416286
802,ARHGAP19,4,2.2723222
803,ARHGAP20,10,0.98089063
804,ARHGAP21,9,3.2063677
805,ARHGAP22,8,1.5072198
806,ARHGAP23,6,2.815588
807,ARHGAP24,8,2.0564065
808,ARHGAP25,2,2.2920296
809,ARHGAP26,8,2.385021
810,ARHGAP27,4,2.8161607
811,ARHGAP28,10,1.0207382
812,ARHGAP29,9,2.6516933
813,ARHGAP30,4,2.670204
814,ARHGAP31,6,2.5432184
815,ARHGAP32,9,2.6887066
816,ARHGAP33,8,2.1602485
817,ARHGAP35,9,3.6877675
818,ARHGAP36,3,0.5096146
819,ARHGAP39,4,2.3323715
820,ARHGAP4,7,4.0264835
821,ARHGAP40,10,0.63951665
822,ARHGAP42,8,1.8715235
823,ARHGAP44,8,2.125645
824,ARHGAP45,9,3.0946565
825,ARHGAP5,4,3.2676792
826,ARHGAP6,8,1.6700678
827,ARHGAP8,6,2.7456136
828,ARHGAP9,8,2.0554495
829,ARHGDIA,1,6.1636667
830,ARHGDIB,1,5.148314
831,ARHGDIG,10,1.7429959
832,ARHGEF1,9,3.4781384
833,ARHGEF10,4,2.4919949
834,ARHGEF10L,6,3.571792
835,ARHGEF11,4,3.4099805
836,ARHGEF12,9,4.049772
837,ARHGEF15,2,2.096351
838,ARHGEF16,9,2.9065819
839,ARHGEF17,9,3.0753706
840,ARHGEF18,9,3.8713574
841,ARHGEF19,9,1.8810358
842,ARHGEF2,6,3.8786619
843,ARHGEF25,9,2.6384265
844,ARHGEF26,2,2.2584841
845,ARHGEF28,8,2.0910406
846,ARHGEF3,9,2.9109762
847,ARHGEF33,10,0.39242324
848,ARHGEF37,8,2.3189545
849,ARHGEF38,2,2.0075002
850,ARHGEF39,6,3.3024905
851,ARHGEF40,9,3.3594234
852,ARHGEF5,9,2.7216492
853,ARHGEF6,9,2.5419853
854,ARHGEF7,8,3.1388805
855,ARHGEF9,4,2.1448507
856,ARID1A,4,3.5802972
857,ARID1B,9,3.0628743
858,ARID2,8,2.4708042
859,ARID3A,2,2.0342848
860,ARID3B,2,1.6149578
861,ARID3C,3,0.25557053
862,ARID4A,2,2.6264803
863,ARID4B,7,3.7476172
864,ARID5A,6,3.3039248
865,ARID5B,2,3.0982592
866,ARIH1,4,2.5187812
867,ARIH2,9,3.2884014
868,ARL1,7,4.4901333
869,ARL10,5,1.7095543
870,ARL11,10,0.95732933
871,ARL13B,2,2.2042031
872,ARL14,3,0.992884
873,ARL14EP,8,2.640242
874,ARL14EPL,3,0.09897533
875,ARL15,9,3.0585876
876,ARL16,7,4.0302463
877,ARL2,7,4.2064514
878,ARL2BP,7,4.6697063
879,ARL3,4,3.1406853
880,ARL4A,4,3.0277781
881,ARL4C,9,3.4567726
882,ARL4D,9,2.7150235
883,ARL5A,8,3.140549
884,ARL5B,4,2.8012052
885,ARL5C,3,0.18745025
886,ARL6,2,1.8022699
887,ARL6IP1,1,5.8115373
888,ARL6IP4,1,4.9496493
889,ARL6IP5,1,5.280749
890,ARL6IP6,2,2.4330628
891,ARL8A,1,4.72251
892,ARL8B,7,4.641303
893,ARMC1,9,3.1076205
894,ARMC10,4,3.1018841
895,ARMC12,5,0.70896846
896,ARMC2,10,1.1611006
897,ARMC3,3,0.40958944
898,ARMC5,4,2.546569
899,ARMC6,7,3.597157
900,ARMC7,9,3.1035542
901,ARMC8,4,2.8935902
902,ARMC9,9,1.9522514
903,ARMCX1,8,2.4005227
904,ARMCX2,8,2.870097
905,ARMCX3,6,3.766739
906,ARMCX4,5,1.6743999
907,ARMCX5,8,2.4726133
908,ARMCX6,9,3.2079775
909,ARMH1,5,1.0815278
910,ARMH2,3,0.10497494
911,ARMH3,6,2.943099
912,ARMH4,5,1.4289006
913,ARMT1,9,3.5322075
914,ARNT,6,3.4211125
915,ARNT2,2,2.620111
916,ARPC1A,1,5.7332797
917,ARPC2,1,5.8147516
918,ARPC3,1,5.791633
919,ARPC4,1,5.9419007
920,ARPC5,7,4.3043513
921,ARPC5L,6,3.9601347
922,ARPIN,6,3.1111841
923,ARPP19,7,4.3149676
924,ARPP21,3,0.25456473
925,ARR3,3,0.27472812
926,ARRB1,9,2.4986186
927,ARRB2,7,4.0118318
928,ARRDC1,6,4.096402
929,ARRDC2,6,3.5662384
930,ARRDC3,7,4.3320613
931,ARRDC4,8,3.2359483
932,ARRDC5,3,0.32072532
933,ARSA,6,3.6360407
934,ARSB,2,2.2260206
935,ARSG,5,2.6799376
936,ARSI,10,1.3093233
937,ARSJ,2,1.7227876
938,ARSK,2,1.9287359
939,ART1,3,0.02747228
940,ART3,3,0.43880308
941,ART4,3,0.58148545
942,ART5,5,0.5014976
943,ARTN,10,0.8020882
944,ARV1,4,2.80517
945,ARVCF,9,2.8933818
946,ARX,5,0.769042
947,AS3MT,9,2.4972432
948,ASAH1,1,5.058897
949,ASAP1,8,3.2205257
950,ASAP2,6,3.2682552
951,ASAP3,9,3.0136223
952,ASB1,4,2.5647693
953,ASB10,3,0.02645248
954,ASB11,3,0.22545488
955,ASB12,3,0.385584
956,ASB13,7,3.6302264
957,ASB14,10,1.3058034
958,ASB15,3,0.031231543
959,ASB16,2,1.5801233
960,ASB17,3,0.04132386
961,ASB18,3,0.021615842
962,ASB2,10,1.1520073
963,ASB3,8,2.6455398
964,ASB4,5,0.3571974
965,ASB5,3,0.37848505
966,ASB6,4,3.447332
967,ASB7,2,2.4510553
968,ASB8,6,3.43959
969,ASB9,8,1.9525213
970,ASCC1,6,3.060545
971,ASCC2,9,4.0060697
972,ASCC3,8,2.6571212
973,ASCL1,3,0.72396445
974,ASCL2,10,1.8365104
975,ASCL3,3,0.059496425
976,ASCL4,3,0.09162642
977,ASCL5,3,0.38789082
978,ASF1A,6,3.3213208
979,ASF1B,4,3.2101552
980,ASGR1,5,1.6307266
981,ASGR2,3,0.93475163
982,ASH1L,4,3.073826
983,ASH2L,9,3.4744213
984,ASIC1,8,1.5950108
985,ASIC2,3,0.21354192
986,ASIC3,5,1.1446415
987,ASIC4,3,0.4963377
988,ASIC5,3,0.036121562
989,ASIP,10,0.4269705
990,ASL,7,4.1748075
991,ASNS,9,3.166171
992,ASNSD1,6,4.0111966
993,ASPA,10,1.1196111
994,ASPDH,3,0.9224285
995,ASPG,5,0.6841705
996,ASPH,6,3.6648839
997,ASPHD1,4,2.501195
998,ASPHD2,8,1.558229
999,ASPM,8,1.5578095
1000,ASPN,5,2.5720356
1001,ASPRV1,5,1.5634841
1002,ASPSCR1,9,3.854252
1003,ASRGL1,6,2.9994953
1004,ASS1,6,3.7167115
1005,ASTE1,2,2.233302
1006,ASTL,3,0.1676769
1007,ASTN1,10,0.5768746
1008,ASTN2,2,1.5760306
1009,ASXL1,9,3.4679768
1010,ASXL2,8,2.4995863
1011,ASXL3,3,0.37152722
1012,ASZ1,3,0.056232642
1013,ATAD1,4,3.1308208
1014,ATAD2,6,3.0513632
1015,ATAD2B,2,1.9349407
1016,ATAD3A,6,3.6840332
1017,ATAD5,5,1.2593782
1018,ATAT1,2,2.6933746
1019,ATCAY,3,0.5521211
1020,ATE1,9,2.4734273
1021,ATF1,8,2.3106236
1022,ATF2,9,3.3837838
1023,ATF3,6,3.8758852
1024,ATF4,1,5.8047395
1025,ATF5,7,4.1599174
1026,ATF6,9,3.1859303
1027,ATF6B,7,4.9269376
1028,ATF7,6,3.2885888
1029,ATF7IP,6,3.2679508
1030,ATG10,7,4.3222737
1031,ATG101,7,4.266119
1032,ATG12,8,3.4578872
1033,ATG13,7,3.8581274
1034,ATG14,9,2.9021332
1035,ATG16L1,6,3.5580664
1036,ATG16L2,9,2.9925156
1037,ATG2A,4,3.2255697
1038,ATG2B,8,2.3432422
1039,ATG3,6,3.9363143
1040,ATG4B,6,3.9126422
1041,ATG4C,2,2.2886643
1042,ATG4D,6,3.4951231
1043,ATG5,6,3.2665615
1044,ATG7,9,3.8804476
1045,ATG9A,7,4.264278
1046,ATG9B,8,2.004817
1047,ATIC,7,4.82921
1048,ATL1,8,1.8084334
1049,ATL2,6,3.583175
1050,ATL3,9,3.7718058
1051,ATM,8,2.1281378
1052,ATMIN,6,3.558699
1053,ATN1,7,4.6468744
1054,ATOH1,3,0.4406032
1055,ATOH7,3,0.30404824
1056,ATOH8,10,1.8549817
1057,ATOX1,9,3.3880172
1058,ATP10A,5,1.5500675
1059,ATP10B,10,1.3568856
1060,ATP10D,4,2.2055178
1061,ATP11A,4,3.3469622
1062,ATP11B,4,3.2586637
1063,ATP11C,8,2.342065
1064,ATP12A,3,0.33102596
1065,ATP13A1,7,4.276449
1066,ATP13A2,7,3.971245
1067,ATP13A3,6,3.756512
1068,ATP13A4,10,1.1802999
1069,ATP13A5,3,0.36937335
1070,ATP1A1,1,6.441456
1071,ATP1A2,5,1.5710727
1072,ATP1A3,10,1.1879337
1073,ATP1A4,3,0.29721558
1074,ATP1B1,1,4.9013863
1075,ATP1B2,8,2.06706
1076,ATP1B3,7,4.947743
1077,ATP1B4,3,0.06440194
1078,ATP23,2,1.9152539
1079,ATP2A1,5,1.1449412
1080,ATP2A2,7,4.763178
1081,ATP2A3,8,3.1977177
1082,ATP2B1,2,3.0410144
1083,ATP2B2,5,0.8722909
1084,ATP2B3,3,0.096552014
1085,ATP2B4,6,3.777916
1086,ATP2C1,6,4.1454062
1087,ATP2C2,2,1.9263964
1088,ATP4A,3,0.111985296
1089,ATP4B,3,0.22104923
1090,ATP5PB,7,4.134984
1091,ATP6AP1,1,5.8310184
1092,ATP6AP2,7,5.4120655
1093,ATP6V0A1,6,3.4174335
1094,ATP6V0A2,2,2.4977682
1095,ATP6V0A4,5,0.59130085
1096,ATP6V0B,1,5.333654
1097,ATP6V0C,1,5.9793634
1098,ATP6V0D1,1,5.262995
1099,ATP6V0D2,10,0.90188605
1100,ATP6V0E1,1,5.8466425
1101,ATP6V1A,6,4.013873
1102,ATP6V1B1,10,1.276366
1103,ATP6V1B2,6,3.4673212
1104,ATP6V1C1,9,3.7445471
1105,ATP6V1C2,7,4.951612
1106,ATP6V1D,1,4.801892
1107,ATP6V1E1,1,5.4963174
1108,ATP6V1E2,5,1.6733646
1109,ATP6V1F,1,6.059126
1110,ATP6V1G1,7,5.0400767
1111,ATP6V1G2,2,2.3328397
1112,ATP6V1G3,3,0.07816483
1113,ATP6V1H,7,4.0828443
1114,ATP7A,2,1.6621405
1115,ATP7B,10,1.8653667
1116,ATP8A1,2,2.332183
1117,ATP8A2,5,0.7037278
1118,ATP8B1,6,3.1662183
1119,ATP8B2,8,2.8769257
1120,ATP8B3,10,0.7681099
1121,ATP8B4,8,1.3755437
1122,ATP9A,9,3.8014035
1123,ATP9B,8,2.612475
1124,ATPAF1,7,3.6105623
1125,ATPAF2,4,3.5879073
1126,ATPSCKMT,4,2.6931522
1127,ATR,2,2.55004
1128,ATRAID,1,5.5548773
1129,ATRIP,2,2.1590614
1130,ATRN,9,3.5554986
1131,ATRNL1,10,0.673421
1132,ATRX,4,3.0781715
1133,ATXN1,2,2.622139
1134,ATXN10,7,4.5704823
1135,ATXN1L,4,2.7130954
1136,ATXN2,9,3.171905
1137,ATXN2L,7,4.585645
1138,ATXN7,2,2.4143176
1139,ATXN7L1,5,1.7542614
1140,ATXN7L2,5,2.1035206
1141,ATXN7L3,6,3.7043874
1142,ATXN7L3B,7,4.089472
1143,AUH,9,3.4568405
1144,AUNIP,2,2.666465
1145,AUP1,1,5.6353493
1146,AURKA,2,2.5756564
1147,AURKAIP1,7,5.1143675
1148,AURKB,6,2.6414216
1149,AUTS2,8,2.3562748
1150,AVEN,6,3.1055815
1151,AVIL,5,1.7459803
1152,AVL9,4,3.4121134
1153,AVP,3,0.07371028
1154,AVPI1,9,3.168546
1155,AVPR1A,5,1.1411875
1156,AVPR1B,3,0.15772538
1157,AVPR2,10,0.79650307
1158,AWAT1,3,0.05759406
1159,AWAT2,3,0.063395366
1160,AXDND1,3,0.29800585
1161,AXIN1,7,3.7170498
1162,AXIN2,2,2.2563136
1163,AXL,6,3.274377
1164,AZGP1,9,4.1720886
1165,AZI2,4,3.1336894
1166,AZIN1,7,4.7480664
1167,AZIN2,5,1.5750055
1168,B2M,1,8.340955
1169,B3GALNT1,8,2.156545
1170,B3GALNT2,10,1.6751524
1171,B3GALT1,3,0.4956212
1172,B3GALT2,5,0.73876
1173,B3GALT4,9,2.9225736
1174,B3GALT5,10,0.627957
1175,B3GALT6,6,3.5012805
1176,B3GALT9,3,0.0
1177,B3GAT1,5,1.2411768
1178,B3GAT2,9,2.8733237
1179,B3GAT3,6,4.1821327
1180,B3GLCT,2,2.520434
1181,B3GNT2,6,3.3988957
1182,B3GNT3,4,2.319834
1183,B3GNT4,4,3.2355952
1184,B3GNT5,8,2.3952093
1185,B3GNT6,10,0.6372601
1186,B3GNT7,5,1.970335
1187,B3GNT8,8,2.003961
1188,B3GNT9,6,3.341921
1189,B3GNTL1,2,2.3860219
1190,B4GALNT1,10,1.3396164
1191,B4GALNT2,3,0.48197535
1192,B4GALNT3,2,2.3512657
1193,B4GALNT4,5,1.8800536
1194,B4GALT1,6,4.0429177
1195,B4GALT2,6,3.3885732
1196,B4GALT3,7,3.7319534
1197,B4GALT4,4,2.2889094
1198,B4GALT5,7,4.2275066
1199,B4GALT6,10,1.6225426
1200,B4GALT7,9,3.6922631
1201,B4GAT1,6,4.148978
1202,B9D1,5,1.7808787
1203,B9D2,8,2.5748308
1204,BAALC,5,1.8538263
1205,BAAT,3,0.74640286
1206,BABAM1,7,4.332897
1207,BABAM2,9,3.5686383
1208,BACE1,6,3.238619
1209,BACE2,6,3.4228559
1210,BACH1,9,2.7356546
1211,BACH2,10,0.8495933
1212,BAD,6,4.207662
1213,BAG1,6,4.160859
1214,BAG2,8,2.5701966
1215,BAG3,7,4.392371
1216,BAG4,8,2.9136975
1217,BAG5,6,3.532949
1218,BAG6,7,5.0881753
1219,BAHCC1,2,2.197816
1220,BAHD1,7,3.1467662
1221,BAIAP2,9,3.7898731
1222,BAIAP2L1,6,3.5847814
1223,BAIAP2L2,4,2.4405174
1224,BAIAP3,4,2.649413
1225,BAK1,6,2.9679844
1226,BAMBI,6,3.4940436
1227,BANF1,1,5.3177257
1228,BANF2,3,0.13477811
1229,BANK1,8,1.5836532
1230,BANP,2,1.907593
1231,BAP1,7,4.313559
1232,BARD1,2,1.9496467
1233,BARHL1,3,0.08423079
1234,BARHL2,3,0.042898506
1235,BARX1,3,0.90966016
1236,BARX2,2,1.9287502
1237,BASP1,6,3.3025713
1238,BATF,4,2.6576576
1239,BATF2,9,2.5651572
1240,BATF3,2,2.1886
1241,BAX,7,4.9201803
1242,BAZ1A,6,3.0924294
1243,BAZ1B,9,4.105429
1244,BAZ2A,9,3.6315358
1245,BAZ2B,9,2.6186087
1246,BBC3,2,2.2257178
1247,BBIP1,6,3.664348
1248,BBLN,1,5.3052807
1249,BBOF1,2,2.5553877
1250,BBOX1,5,1.7292688
1251,BBS1,7,4.2739415
1252,BBS10,8,2.7012553
1253,BBS12,8,1.9015036
1254,BBS2,9,2.9780557
1255,BBS4,8,2.4437714
1256,BBS5,8,2.4435616
1257,BBS7,2,2.2127686
1258,BBS9,2,2.2690716
1259,BBX,9,2.9411776
1260,BCAM,1,4.866688
1261,BCAN,3,1.8970544
1262,BCAP29,4,3.4047081
1263,BCAP31,1,5.1491513
1264,BCAR1,6,3.7386785
1265,BCAR3,4,2.5109637
1266,BCAS1,2,1.9685001
1267,BCAS2,7,4.180871
1268,BCAS3,6,3.1964977
1269,BCAT1,8,1.8053063
1270,BCAT2,6,3.699148
1271,BCCIP,7,3.8339226
1272,BCDIN3D,8,2.2881334
1273,BCHE,10,1.6985015
1274,BCKDHA,6,4.475291
1275,BCKDHB,4,2.8949654
1276,BCKDK,7,4.3753734
1277,BCL10,9,3.1898947
1278,BCL11A,5,0.8419275
1279,BCL11B,5,1.1199173
1280,BCL2,2,2.1212635
1281,BCL2L1,7,4.8087564
1282,BCL2L11,2,2.8042123
1283,BCL2L12,6,3.0437224
1284,BCL2L13,6,3.3933482
1285,BCL2L14,10,0.90864384
1286,BCL2L15,10,0.9284651
1287,BCL2L2,4,3.3909218
1288,BCL3,7,4.487349
1289,BCL6,9,3.6472008
1290,BCL6B,8,2.4243515
1291,BCL7A,2,2.6496108
1292,BCL7B,7,4.5131826
1293,BCL7C,6,4.0019608
1294,BCL9,6,3.0861213
1295,BCL9L,6,3.2432756
1296,BCLAF1,6,3.8416095
1297,BCLAF3,2,1.9324135
1298,BCO1,5,0.9650508
1299,BCO2,10,0.5242394
1300,BCOR,8,2.6123922
1301,BCORL1,8,2.331558
1302,BCR,6,3.6258957
1303,BCS1L,6,3.4373643
1304,BDH1,8,2.7016
1305,BDH2,8,2.8962564
1306,BDKRB1,5,0.58102393
1307,BDKRB2,8,1.6480277
1308,BDNF,3,0.60497546
1309,BDP1,6,2.3823395
1310,BEAN1,10,1.1660267
1311,BECN1,7,4.3959503
1312,BECN2,3,0.04626166
1313,BEGAIN,5,0.9328718
1314,BEND3,8,1.3366226
1315,BEND4,3,0.39763334
1316,BEND5,2,1.8627139
1317,BEND6,10,0.7792347
1318,BEND7,2,2.551565
1319,BEST1,1,6.542275
1320,BEST2,3,0.1979749
1321,BEST3,3,0.35963127
1322,BET1L,6,4.396567
1323,BEX3,7,4.7882094
1324,BFAR,7,4.1045823
1325,BFSP1,8,1.7964786
1326,BFSP2,3,0.3142758
1327,BGN,1,5.2992244
1328,BHLHA15,10,0.7823899
1329,BHLHA9,3,0.03796603
1330,BHLHE22,5,0.71254086
1331,BHLHE23,3,0.020127868
1332,BHLHE40,1,5.3192034
1333,BHLHE41,6,3.4154522
1334,BHMT2,5,2.1523004
1335,BICC1,4,2.1151764
1336,BICD1,2,2.0099492
1337,BICD2,9,3.0377276
1338,BICDL1,2,2.4439995
1339,BICDL2,6,2.26738
1340,BICRA,9,2.354226
1341,BICRAL,4,2.402876
1342,BID,4,3.1204333
1343,BIN1,7,3.8915482
1344,BIN2,2,2.3451595
1345,BIN3,9,3.47339
1346,BIRC2,6,3.5767887
1347,BIRC3,9,2.7873466
1348,BIRC5,6,3.0082493
1349,BIRC6,9,2.9120338
1350,BIRC7,10,1.4710394
1351,BLCAP,9,3.935953
1352,BLK,5,0.66342753
1353,BLM,8,1.5660392
1354,BLMH,6,3.8326354
1355,BLNK,8,2.296301
1356,BLOC1S1,7,4.8067436
1357,BLOC1S2,6,3.640039
1358,BLOC1S3,8,2.8530285
1359,BLOC1S4,6,3.510959
1360,BLOC1S5,9,3.1403217
1361,BLOC1S6,6,3.799215
1362,BLVRA,9,3.9059014
1363,BLVRB,1,5.2919636
1364,BLZF1,4,2.6628885
1365,BMERB1,9,3.2219138
1366,BMF,2,2.6251137
1367,BMI1,9,3.7090943
1368,BMP1,6,3.548909
1369,BMP10,3,0.0074441205
1370,BMP15,3,0.009775445
1371,BMP2,5,2.2160704
1372,BMP2K,6,2.6640646
1373,BMP3,3,0.4779558
1374,BMP4,8,2.0571077
1375,BMP5,10,0.6379243
1376,BMP6,5,1.3330393
1377,BMP7,9,2.0048556
1378,BMPER,10,0.73576266
1379,BMPR1A,2,2.045606
1380,BMPR1B,10,1.4355792
1381,BMPR2,6,3.26955
1382,BMS1,8,3.0110972
1383,BMX,3,0.84316194
1384,BNC1,3,0.3210128
1385,BNC2,5,1.1270696
1386,BNIP1,6,3.2196934
1387,BNIP2,6,3.3103719
1388,BNIP3,6,3.4378586
1389,BNIP3L,7,4.4029665
1390,BNIPL,10,1.2569804
1391,BOC,2,2.1461177
1392,BOD1L1,6,2.7718294
1393,BOK,6,3.5497901
1394,BOLA1,9,3.3447912
1395,BOLA3,6,4.2501707
1396,BOLL,3,0.046269424
1397,BOP1,7,4.361013
1398,BORA,8,2.265154
1399,BORCS5,2,1.7661089
1400,BORCS6,6,3.0488505
1401,BORCS7,7,4.128481
1402,BORCS8,8,2.9373255
1403,BPGM,4,3.3742518
1404,BPHL,9,3.5065246
1405,BPI,3,0.3799783
1406,BPIFA3,3,0.0076691676
1407,BPIFB1,10,0.9029552
1408,BPIFB2,10,0.8324784
1409,BPIFB3,3,0.007940747
1410,BPIFB4,3,0.09700824
1411,BPIFB6,3,0.032848362
1412,BPIFC,3,0.111565895
1413,BPNT1,9,3.5281353
1414,BPNT2,7,4.021273
1415,BPTF,9,3.08084
1416,BRAF,8,2.2206593
1417,BRAP,4,3.1102839
1418,BRAT1,6,3.762544
1419,BRCA1,2,1.8148998
1420,BRCA2,5,1.0461134
1421,BRD1,9,2.9643095
1422,BRD2,1,4.9560347
1423,BRD3,6,3.4035852
1424,BRD4,9,3.5656924
1425,BRD7,6,3.6365685
1426,BRD8,9,3.5597067
1427,BRD9,6,3.7731502
1428,BRDT,3,0.12883976
1429,BRF1,4,3.089678
1430,BRF2,6,3.5815306
1431,BRI3,1,5.7927575
1432,BRI3BP,9,2.9067085
1433,BRICD5,4,2.8206344
1434,BRINP1,10,0.9015114
1435,BRINP2,10,0.5304822
1436,BRINP3,10,0.84485877
1437,BRIP1,10,0.9945025
1438,BRIX1,7,3.6938083
1439,BRK1,1,5.8707976
1440,BRMS1,7,4.480508
1441,BRMS1L,8,2.5005293
1442,BROX,9,3.3395734
1443,BRPF1,2,2.5777125
1444,BRPF3,9,3.419781
1445,BRS3,3,0.083915055
1446,BRSK1,5,1.6510553
1447,BRSK2,5,1.1363106
1448,BRWD1,4,2.2917705
1449,BRWD3,4,1.8361408
1450,BSCL2,9,4.226507
1451,BSDC1,9,4.0464435
1452,BSG,1,6.7691946
1453,BSN,10,0.50994265
1454,BSND,10,0.042100035
1455,BSPRY,9,2.81337
1456,BST1,2,2.0188115
1457,BSX,3,0.0086338185
1458,BTAF1,8,2.6453824
1459,BTBD1,7,4.1757293
1460,BTBD10,8,2.7495801
1461,BTBD16,10,0.81622106
1462,BTBD17,3,0.3960269
1463,BTBD18,3,0.1029079
1464,BTBD19,5,1.4994283
1465,BTBD2,7,4.9267263
1466,BTBD3,6,3.271776
1467,BTBD6,7,4.268905
1468,BTBD7,8,2.5865452
1469,BTBD8,2,1.7144315
1470,BTBD9,2,2.3631332
1471,BTC,2,1.4500178
1472,BTD,2,1.6784794
1473,BTF3,1,6.3182883
1474,BTG1,7,4.6867847
1475,BTG2,7,5.002726
1476,BTG3,2,2.9429145
1477,BTG4,3,0.046577368
1478,BTK,4,1.8871529
1479,BTLA,3,0.3466536
1480,BTN1A1,10,0.19550227
1481,BTN2A2,4,2.6766145
1482,BTNL2,3,0.104641624
1483,BTNL9,2,1.7845076
1484,BTRC,8,2.684464
1485,BUB1,8,2.2159379
1486,BUB1B,9,2.263062
1487,BUB3,6,3.5692687
1488,BUD13,7,3.3578074
1489,BUD23,1,5.4637465
1490,BUD31,1,4.643817
1491,BYSL,6,3.639827
1492,BZW1,7,4.0567966
1493,BZW2,7,4.320387
1494,C1D,2,2.3348734
1495,C1GALT1,2,2.244357
1496,C1GALT1C1,6,3.3633354
1497,C1QA,7,4.5689993
1498,C1QB,7,4.748685
1499,C1QBP,1,5.3853197
1500,C1QC,7,4.736735
1501,C1QL1,10,1.852631
1502,C1QL2,10,0.27024454
1503,C1QL3,10,0.8161418
1504,C1QL4,8,0.9042498
1505,C1QTNF1,4,2.9107685
1506,C1QTNF12,10,1.3867065
1507,C1QTNF2,10,0.9772072
1508,C1QTNF3,2,2.051223
1509,C1QTNF4,10,0.546992
1510,C1QTNF5,9,3.8983831
1511,C1QTNF6,6,2.8914363
1512,C1QTNF7,5,0.7387601
1513,C1RL,7,4.2645073
1514,C2,6,3.9219027
1515,C2CD2,2,2.6766477
1516,C2CD2L,8,2.6022248
1517,C2CD3,5,2.217223
1518,C2CD4C,10,0.9397579
1519,C2CD4D,10,0.97970366
1520,C2CD5,6,3.2088702
1521,C3,1,5.5858912
1522,C3AR1,8,2.4123147
1523,C5AR1,2,2.8054585
1524,C5AR2,5,0.94551957
1525,C6,10,0.7834753
1526,C7,2,2.1873095
1527,C8A,3,0.58103794
1528,C8B,3,0.68877006
1529,C8G,10,1.3742338
1530,C9,5,1.2506268
1531,CA1,3,0.3141347
1532,CA10,10,0.3588617
1533,CA11,2,2.7578762
1534,CA12,9,3.2927115
1535,CA13,2,1.9310985
1536,CA14,2,1.612688
1537,CA2,7,3.888008
1538,CA3,5,1.5745105
1539,CA4,5,1.4405693
1540,CA5A,3,0.5311878
1541,CA5B,8,2.0194557
1542,CA6,3,0.14903153
1543,CA7,3,0.36393338
1544,CA8,10,0.962103
1545,CA9,8,2.3565238
1546,CAAP1,6,3.1422136
1547,CAB39,7,4.060723
1548,CAB39L,2,2.5980272
1549,CABCOCO1,3,0.9084186
1550,CABIN1,6,3.5619435
1551,CABLES1,2,2.789558
1552,CABLES2,8,2.5022373
1553,CABP1,3,0.8286844
1554,CABP2,3,0.009381348
1555,CABP4,10,0.8736088
1556,CABP5,3,0.014173087
1557,CABP7,2,2.1006792
1558,CABS1,3,0.012550562
1559,CABYR,2,1.3725389
1560,CACFD1,6,3.860728
1561,CACHD1,5,1.948153
1562,CACNA1A,10,0.5856761
1563,CACNA1B,3,0.23177636
1564,CACNA1C,10,1.2304091
1565,CACNA1D,8,1.7938783
1566,CACNA1E,3,0.2730006
1567,CACNA1F,3,0.35313737
1568,CACNA1G,10,0.41135868
1569,CACNA1H,8,1.8371626
1570,CACNA1I,10,0.39327708
1571,CACNA1S,3,0.10003318
1572,CACNA2D1,2,1.7153457
1573,CACNA2D2,8,1.6136076
1574,CACNA2D3,5,0.6902364
1575,CACNA2D4,5,1.0575485
1576,CACNB1,2,1.8769894
1577,CACNB2,10,0.88724697
1578,CACNB3,9,2.9681203
1579,CACNB4,5,1.7995238
1580,CACNG1,10,0.41199994
1581,CACNG2,3,0.054998845
1582,CACNG3,3,0.11992258
1583,CACNG4,10,1.8472745
1584,CACNG5,3,0.017401839
1585,CACNG6,10,0.29469302
1586,CACNG7,3,0.48729026
1587,CACNG8,5,0.36428437
1588,CACTIN,6,3.215822
1589,CACUL1,4,2.8109562
1590,CACYBP,6,3.7996893
1591,CAD,6,3.3494556
1592,CADM1,8,2.8878171
1593,CADM2,3,0.59778696
1594,CADM3,10,1.5349342
1595,CADM4,7,3.456121
1596,CADPS2,8,2.826134
1597,CAGE1,3,0.09134591
1598,CALB1,10,0.4922256
1599,CALB2,3,1.1375986
1600,CALCB,3,0.22393054
1601,CALCOCO1,6,3.5458248
1602,CALCR,3,0.3061192
1603,CALCRL,4,2.311842
1604,CALD1,7,4.8612747
1605,CALHM1,3,0.076330855
1606,CALHM2,4,2.5831804
1607,CALHM3,3,0.10807169
1608,CALHM4,3,0.015493876
1609,CALHM5,5,1.0101583
1610,CALHM6,9,2.1089442
1611,CALM1,1,5.55986
1612,CALM2,1,7.0140247
1613,CALM3,3,0.0
1614,CALML3,3,0.9080123
1615,CALML4,4,2.817912
1616,CALN1,10,0.19556198
1617,CALR,1,7.502919
1618,CALR3,3,0.13307369
1619,CALU,7,4.6093407
1620,CALY,10,0.23249044
1621,CAMK1,6,3.4563937
1622,CAMK1D,8,2.3383095
1623,CAMK1G,10,0.5781241
1624,CAMK2A,5,0.5579828
1625,CAMK2B,10,1.0885013
1626,CAMK2G,6,3.3113172
1627,CAMK2N1,7,4.672452
1628,CAMK2N2,10,1.5853652
1629,CAMK4,10,0.7202393
1630,CAMKK1,2,2.162706
1631,CAMKK2,9,3.5077193
1632,CAMKMT,5,2.1500068
1633,CAMKV,3,0.3740492
1634,CAMLG,7,3.7817414
1635,CAMP,3,0.60743123
1636,CAMSAP1,9,2.7835207
1637,CAMSAP2,6,3.017033
1638,CAMSAP3,6,3.0439177
1639,CAMTA1,8,2.2139742
1640,CAMTA2,9,3.531135
1641,CAND1,6,3.5741696
1642,CAND2,10,1.3752595
1643,CANT1,7,3.900806
1644,CANX,1,5.5915856
1645,CAP1,1,5.105416
1646,CAP2,4,2.6203218
1647,CAPG,7,4.22827
1648,CAPN1,1,5.290474
1649,CAPN10,9,3.0093496
1650,CAPN11,10,0.5308896
1651,CAPN12,6,4.1428237
1652,CAPN13,10,1.2907467
1653,CAPN15,6,3.1202755
1654,CAPN2,7,5.20566
1655,CAPN3,2,1.7996044
1656,CAPN5,4,3.573283
1657,CAPN6,10,1.3423357
1658,CAPN7,9,3.197681
1659,CAPN8,10,1.6632787
1660,CAPN9,10,0.76199234
1661,CAPNS1,1,6.282223
1662,CAPNS2,3,0.39993027
1663,CAPRIN1,7,4.6929407
1664,CAPRIN2,4,2.4001396
1665,CAPS2,10,0.9618034
1666,CAPSL,3,0.46543607
1667,CAPZA2,7,4.2958646
1668,CAPZA3,3,0.10625034
1669,CAPZB,7,4.5880837
1670,CARD10,9,2.9266624
1671,CARD11,2,1.9547282
1672,CARD14,5,1.4176425
1673,CARD19,7,4.2765794
1674,CARD6,2,2.095634
1675,CARD9,8,2.656167
1676,CARF,2,1.261147
1677,CARHSP1,6,3.1886559
1678,CARM1,7,4.4934797
1679,CARMIL1,4,2.6785555
1680,CARMIL2,5,1.1250411
1681,CARMIL3,5,0.9158937
1682,CARNMT1,4,2.6824117
1683,CARNS1,2,1.3120539
1684,CARS2,7,4.3126307
1685,CARTPT,3,0.39755064
1686,CASC3,7,4.240525
1687,CASD1,6,3.1894033
1688,CASK,9,3.0124092
1689,CASKIN1,4,2.698396
1690,CASKIN2,9,3.2367527
1691,CASP14,3,0.3677767
1692,CASP2,6,3.4939816
1693,CASP3,4,3.1399891
1694,CASP6,9,3.5157123
1695,CASP7,4,2.8684769
1696,CASP8,2,3.1054494
1697,CASP8AP2,9,2.237293
1698,CASP9,8,2.512765
1699,CASQ1,5,0.7385772
1700,CASQ2,10,0.77478224
1701,CASR,3,0.1291469
1702,CASS4,5,1.0269593
1703,CAST,7,4.050565
1704,CASTOR1,8,2.8306863
1705,CASTOR2,10,0.67606837
1706,CAT,7,4.9894166
1707,CATIP,5,1.2783203
1708,CATSPER2,2,1.444566
1709,CATSPER3,5,1.0918311
1710,CATSPER4,3,0.037813406
1711,CAV1,7,4.562176
1712,CAV2,6,3.6771605
1713,CAV3,3,0.13442652
1714,CAVIN1,7,5.1765866
1715,CAVIN2,4,2.901423
1716,CAVIN3,6,3.7367864
1717,CAVIN4,5,0.4529715
1718,CBARP,10,1.0124283
1719,CBFA2T2,9,2.7146358
1720,CBFA2T3,2,1.5203971
1721,CBFB,7,3.9934282
1722,CBL,4,2.4350157
1723,CBLB,8,2.476531
1724,CBLC,5,2.137114
1725,CBLIF,3,0.23190728
1726,CBLL1,9,3.229355
1727,CBLN1,10,0.7575668
1728,CBLN2,10,0.23767912
1729,CBLN3,10,1.3922262
1730,CBLN4,3,0.5835598
1731,CBR3,6,3.2217042
1732,CBR4,2,2.9974947
1733,CBS,4,1.9884413
1734,CBX1,7,4.129256
1735,CBX2,2,1.7707778
1736,CBX3,7,4.9549084
1737,CBX4,7,3.9345698
1738,CBX5,6,3.565822
1739,CBX6,9,3.611425
1740,CBX7,6,3.488129
1741,CBX8,2,2.356947
1742,CBY1,8,3.4608648
1743,CBY2,3,0.19173433
1744,CC2D1A,7,3.8512034
1745,CC2D1B,9,2.9988894
1746,CC2D2A,8,1.8457702
1747,CC2D2B,3,0.3777327
1748,CCAR1,9,3.6069891
1749,CCAR2,7,4.298526
1750,CCBE1,10,0.5300095
1751,CCDC102A,8,2.2057958
1752,CCDC106,4,3.119152
1753,CCDC107,9,4.042796
1754,CCDC112,8,2.3315313
1755,CCDC116,3,0.24510178
1756,CCDC117,6,3.3156378
1757,CCDC12,7,4.2318554
1758,CCDC120,9,2.6790552
1759,CCDC122,2,1.7079412
1760,CCDC124,7,4.0513067
1761,CCDC125,8,2.724241
1762,CCDC126,8,1.4622307
1763,CCDC127,2,2.2563128
1764,CCDC13,5,0.7218385
1765,CCDC134,10,0.9360073
1766,CCDC136,5,1.1155078
1767,CCDC137,6,3.7234576
1768,CCDC138,2,1.6517588
1769,CCDC14,2,2.4731894
1770,CCDC141,3,0.21139246
1771,CCDC142,6,3.4363673
1772,CCDC146,4,2.0538044
1773,CCDC148,10,0.78304124
1774,CCDC149,2,2.2581844
1775,CCDC15,5,1.1147279
1776,CCDC150,10,0.9460063
1777,CCDC152,1,4.977272
1778,CCDC154,5,1.0742728
1779,CCDC157,2,1.5374385
1780,CCDC158,3,0.40711898
1781,CCDC159,7,4.5938506
1782,CCDC160,3,0.75455517
1783,CCDC167,7,4.360008
1784,CCDC169,5,0.42771843
1785,CCDC17,5,0.92868257
1786,CCDC170,10,1.2206033
1787,CCDC171,10,0.8326041
1788,CCDC172,3,0.014603651
1789,CCDC174,4,3.085674
1790,CCDC177,3,0.11695376
1791,CCDC178,10,0.3650462
1792,CCDC18,5,1.7074376
1793,CCDC180,5,1.1465131
1794,CCDC181,5,0.58027864
1795,CCDC182,5,0.06575399
1796,CCDC184,10,1.1065313
1797,CCDC185,3,0.083223164
1798,CCDC186,2,2.4299529
1799,CCDC188,5,0.7166725
1800,CCDC190,3,0.14041853
1801,CCDC191,8,1.989027
1802,CCDC192,8,1.1553017
1803,CCDC194,3,0.0
1804,CCDC195,3,0.0
1805,CCDC22,6,3.6221578
1806,CCDC24,4,2.9376686
1807,CCDC25,7,3.6057007
1808,CCDC28A,6,3.8953424
1809,CCDC28B,4,2.0706983
1810,CCDC3,9,2.7525325
1811,CCDC32,8,2.5596488
1812,CCDC34,4,2.718347
1813,CCDC38,3,0.16816892
1814,CCDC39,5,1.4721184
1815,CCDC40,10,1.4585992
1816,CCDC42,3,0.111536145
1817,CCDC43,7,3.6367881
1818,CCDC47,7,4.53344
1819,CCDC50,9,3.405903
1820,CCDC51,4,2.7998924
1821,CCDC54,3,0.09678279
1822,CCDC57,8,2.7925956
1823,CCDC59,6,3.7551916
1824,CCDC6,7,3.7478018
1825,CCDC60,3,0.34586442
1826,CCDC61,8,2.1960979
1827,CCDC62,3,0.21054612
1828,CCDC65,10,1.2149359
1829,CCDC66,4,2.6249986
1830,CCDC68,5,1.3985286
1831,CCDC70,3,0.04517597
1832,CCDC71,9,3.0876245
1833,CCDC71L,9,2.5702279
1834,CCDC73,2,2.2427094
1835,CCDC77,2,2.004989
1836,CCDC78,5,1.7111033
1837,CCDC80,6,2.9109838
1838,CCDC81,5,0.5682723
1839,CCDC82,2,1.4850664
1840,CCDC83,3,0.0786662
1841,CCDC85A,10,1.1054535
1842,CCDC85B,7,4.143033
1843,CCDC85C,9,2.883473
1844,CCDC86,7,4.0488634
1845,CCDC87,10,0.6256802
1846,CCDC88A,2,2.0750253
1847,CCDC88B,2,2.3323462
1848,CCDC88C,2,2.454066
1849,CCDC89,5,0.64426893
1850,CCDC9,7,3.3223042
1851,CCDC90B,6,3.328579
1852,CCDC91,6,3.2307227
1853,CCDC92,6,2.826548
1854,CCDC92B,3,0.0
1855,CCDC93,4,2.8581846
1856,CCDC97,9,3.7552197
1857,CCDC9B,4,2.336425
1858,CCER1,3,0.008791942
1859,CCER2,10,0.79432464
1860,CCHCR1,6,3.4237244
1861,CCIN,10,0.2929752
1862,CCK,3,0.47628525
1863,CCKAR,3,0.12227823
1864,CCKBR,5,0.27231228
1865,CCL11,10,1.1669661
1866,CCL17,2,1.2633139
1867,CCL19,8,2.6183362
1868,CCL20,9,2.862131
1869,CCL22,2,1.2941567
1870,CCL24,10,0.7314967
1871,CCL28,6,2.3848915
1872,CCL5,6,3.888778
1873,CCL7,10,0.49561206
1874,CCM2,7,4.016361
1875,CCM2L,8,1.7206444
1876,CCN1,7,4.895473
1877,CCN2,7,5.2243695
1878,CCN3,8,2.5977385
1879,CCN4,8,1.6412286
1880,CCN5,10,1.6776611
1881,CCN6,10,1.2122039
1882,CCNA1,3,0.4666386
1883,CCNA2,4,2.9876215
1884,CCNB1,7,3.6668324
1885,CCNB1IP1,8,2.5446799
1886,CCNB2,2,2.785143
1887,CCNC,6,3.6708047
1888,CCND1,1,5.40825
1889,CCND2,9,3.396156
1890,CCND3,7,4.1433806
1891,CCNDBP1,6,3.7501493
1892,CCNE1,2,1.9029254
1893,CCNE2,4,1.9145805
1894,CCNF,4,2.4189503
1895,CCNG1,7,4.5319633
1896,CCNG2,9,3.245793
1897,CCNH,8,2.6861112
1898,CCNI,1,5.500091
1899,CCNJ,5,1.9171716
1900,CCNJL,2,1.3560317
1901,CCNK,6,3.9209976
1902,CCNL1,7,4.2342725
1903,CCNL2,7,4.2810044
1904,CCNO,8,2.149942
1905,CCNT1,4,2.8463664
1906,CCNT2,9,2.896251
1907,CCNY,6,3.916302
1908,CCNYL1,4,2.9322722
1909,CCP110,2,2.0926847
1910,CCPG1,6,3.7253633
1911,CCR10,10,1.036763
1912,CCR2,5,1.1470951
1913,CCR3,3,0.2798509
1914,CCR4,5,0.8528374
1915,CCR5,8,1.8667399
1916,CCR6,10,1.1294599
1917,CCR7,10,0.9962282
1918,CCR8,3,0.21343789
1919,CCR9,3,0.070629105
1920,CCS,7,4.5894413
1921,CCSAP,4,2.2752035
1922,CCSER1,3,0.49360543
1923,CCSER2,6,2.9789088
1924,CCT2,7,5.220746
1925,CCT3,1,6.060381
1926,CCT4,1,5.4307175
1927,CCT5,7,5.047381
1928,CCT6A,1,5.4574733
1929,CCT6B,2,1.7229943
1930,CCT7,1,5.95796
1931,CCT8,1,5.4569635
1932,CCT8L2,3,0.009368906
1933,CD101,5,0.87430876
1934,CD109,4,2.246578
1935,CD14,7,4.8718066
1936,CD151,1,5.662663
1937,CD160,3,0.40067813
1938,CD163,9,2.9741275
1939,CD164,1,5.8115454
1940,CD164L2,10,0.78164065
1941,CD180,2,1.2873039
1942,CD19,5,0.90269303
1943,CD2,9,2.6723194
1944,CD200,8,2.5837798
1945,CD207,5,1.0931646
1946,CD22,2,1.6582769
1947,CD226,3,0.5138766
1948,CD247,10,1.3545232
1949,CD248,9,3.571988
1950,CD27,2,2.9101226
1951,CD274,5,1.5843459
1952,CD276,6,3.806449
1953,CD28,5,0.89144367
1954,CD2AP,6,3.7327895
1955,CD2BP2,7,4.210626
1956,CD300E,5,0.89019644
1957,CD302,7,3.64267
1958,CD320,7,4.61794
1959,CD34,9,2.97998
1960,CD36,5,1.972755
1961,CD37,4,3.5034735
1962,CD38,2,1.6815178
1963,CD3D,2,1.2644769
1964,CD3E,9,3.0920887
1965,CD3G,5,1.3961854
1966,CD4,7,3.743957
1967,CD40,9,3.3274865
1968,CD40LG,3,0.9380552
1969,CD44,1,5.116406
1970,CD47,9,4.2774496
1971,CD5,2,1.6806501
1972,CD53,9,3.8536353
1973,CD5L,10,0.46156096
1974,CD6,4,1.8920647
1975,CD63,1,6.3486996
1976,CD69,5,1.9682894
1977,CD70,5,1.301003
1978,CD72,9,3.1685843
1979,CD74,1,7.9733133
1980,CD79A,8,2.1472208
1981,CD79B,2,2.1842487
1982,CD81,1,6.3558674
1983,CD82,6,3.621435
1984,CD83,8,2.2125602
1985,CD84,2,1.7229446
1986,CD9,1,5.6687274
1987,CD93,6,3.5275326
1988,CD96,5,1.4494175
1989,CD99L2,6,3.9711852
1990,CDA,2,2.5087306
1991,CDADC1,2,2.217804
1992,CDAN1,8,2.5814688
1993,CDC123,1,4.588313
1994,CDC14A,5,1.8097341
1995,CDC16,7,4.564345
1996,CDC20,4,3.3336747
1997,CDC20B,3,0.22987406
1998,CDC23,9,3.4102888
1999,CDC25A,8,1.8203255
2000,CDC25B,9,3.8400533
2001,CDC25C,5,1.6460172
2002,CDC26,8,2.4058788
2003,CDC27,6,3.4824636
2004,CDC37,1,5.544864
2005,CDC37L1,8,2.9103613
2006,CDC40,4,2.8555822
2007,CDC42,4,3.4051461
2008,CDC42BPA,9,3.0448298
2009,CDC42BPB,7,4.2549715
2010,CDC42BPG,2,2.3055248
2011,CDC42EP1,7,4.3026195
2012,CDC42EP2,2,2.6932375
2013,CDC42EP3,9,2.6910732
2014,CDC42EP4,7,3.9202113
2015,CDC42EP5,4,2.8066983
2016,CDC42SE1,7,4.402837
2017,CDC42SE2,7,4.0226755
2018,CDC45,2,2.3857977
2019,CDC6,8,2.2895074
2020,CDC7,2,1.6419963
2021,CDC73,9,2.3367698
2022,CDCA2,5,1.7426558
2023,CDCA3,4,2.2024531
2024,CDCA4,8,2.0703194
2025,CDCA5,4,2.846816
2026,CDCA7,2,2.6406562
2027,CDCA7L,4,3.0247838
2028,CDCA8,2,2.768241
2029,CDCP1,9,2.7694087
2030,CDCP2,3,0.078599125
2031,CDH1,7,4.9517593
2032,CDH10,5,0.5427685
2033,CDH11,8,3.0018754
2034,CDH12,3,0.16108774
2035,CDH13,2,1.9453714
2036,CDH15,5,0.7250144
2037,CDH16,10,0.9481836
2038,CDH17,10,1.1210711
2039,CDH18,3,0.10734873
2040,CDH19,3,0.70230716
2041,CDH2,4,2.4799883
2042,CDH20,5,0.42682862
2043,CDH22,3,0.4967331
2044,CDH23,10,0.72888225
2045,CDH24,2,2.1754758
2046,CDH26,5,0.76209795
2047,CDH3,4,2.8377905
2048,CDH4,5,0.9473358
2049,CDH5,8,3.2434554
2050,CDH6,5,1.7445762
2051,CDH7,3,0.16606045
2052,CDH8,3,0.20564562
2053,CDH9,10,0.10586259
2054,CDHR1,3,0.9583153
2055,CDHR2,10,1.3042324
2056,CDHR3,5,1.1048025
2057,CDHR4,3,0.19973566
2058,CDHR5,9,1.9570054
2059,CDIN1,5,2.0554767
2060,CDIP1,6,2.7696056
2061,CDIPT,7,4.9893284
2062,CDK1,9,2.8090384
2063,CDK10,9,3.7417083
2064,CDK12,4,3.163292
2065,CDK13,9,3.0165105
2066,CDK14,8,2.104807
2067,CDK15,3,0.33723503
2068,CDK16,9,3.9541454
2069,CDK17,9,3.0113606
2070,CDK18,4,3.2024808
2071,CDK19,6,2.9367807
2072,CDK2,6,3.965975
2073,CDK20,2,2.1508946
2074,CDK2AP2,7,4.788754
2075,CDK3,6,4.094658
2076,CDK4,1,5.500598
2077,CDK5,4,2.892852
2078,CDK5R1,8,1.7721598
2079,CDK5R2,5,0.4749417
2080,CDK5RAP1,6,2.930162
2081,CDK5RAP2,6,3.2770412
2082,CDK5RAP3,7,5.084195
2083,CDK6,8,2.5426285
2084,CDK7,9,3.590693
2085,CDK8,9,2.7579668
2086,CDK9,7,4.3115196
2087,CDKAL1,8,2.4887488
2088,CDKL1,5,1.2307321
2089,CDKL2,10,0.5994081
2090,CDKL3,10,1.187244
2091,CDKL4,3,0.058148056
2092,CDKL5,10,1.4041232
2093,CDKN1A,7,4.1712923
2094,CDKN1B,7,3.9138997
2095,CDKN2A,6,2.3797233
2096,CDKN2AIP,6,2.974339
2097,CDKN2AIPNL,9,3.622093
2098,CDKN2B,8,2.4801672
2099,CDKN2C,6,2.9968157
2100,CDKN2D,6,2.8333342
2101,CDKN3,8,2.522674
2102,CDNF,2,1.1297534
2103,CDO1,2,2.1864872
2104,CDON,2,1.6881428
2105,CDPF1,4,2.182894
2106,CDR2,6,3.7648475
2107,CDR2L,6,2.9487808
2108,CDS1,4,2.7892427
2109,CDS2,6,3.4007692
2110,CDSN,5,1.2864937
2111,CDT1,4,2.8339663
2112,CDV3,7,4.7522655
2113,CDX1,5,1.1635565
2114,CDX2,3,0.9304352
2115,CDX4,3,0.005613866
2116,CDYL2,8,1.8576016
2117,CEACAM16,3,0.09590085
2118,CEACAM18,3,0.13641647
2119,CEACAM19,2,2.06077
2120,CEACAM20,3,0.35332298
2121,CEBPA,7,3.8876348
2122,CEBPB,7,4.499127
2123,CEBPD,7,5.079326
2124,CEBPE,10,0.29090676
2125,CEBPG,4,3.6520612
2126,CEBPZ,7,4.079122
2127,CEBPZOS,9,2.9976637
2128,CECR2,5,0.8578885
2129,CEL,10,1.1943469
2130,CELA1,3,0.10098568
2131,CELF1,9,3.6435852
2132,CELF2,9,2.5075014
2133,CELF3,3,0.39442712
2134,CELF4,10,0.7057502
2135,CELF5,10,0.71218204
2136,CELF6,8,2.0656855
2137,CELSR1,8,2.6412387
2138,CELSR2,2,2.8185065
2139,CELSR3,5,1.2415673
2140,CEMIP,2,1.9061401
2141,CEMIP2,7,3.675856
2142,CEND1,5,0.9839932
2143,CENPA,4,2.5532439
2144,CENPB,7,4.8663
2145,CENPE,5,1.3677077
2146,CENPF,8,2.3552732
2147,CENPH,4,2.8577137
2148,CENPI,5,0.93584746
2149,CENPK,8,1.758421
2150,CENPL,8,2.1113107
2151,CENPM,8,2.2900083
2152,CENPN,4,2.3544822
2153,CENPO,4,3.0483685
2154,CENPP,4,1.9615952
2155,CENPQ,2,2.1031306
2156,CENPS,9,3.5156531
2157,CENPT,9,3.480143
2158,CENPU,6,2.884489
2159,CENPV,6,3.6265626
2160,CENPW,9,2.9483888
2161,CEP104,4,2.712915
2162,CEP112,2,1.9160974
2163,CEP120,8,2.5734606
2164,CEP126,5,1.2819953
2165,CEP128,2,1.0206376
2166,CEP131,2,2.7070842
2167,CEP135,2,1.5843581
2168,CEP152,5,1.267608
2169,CEP162,2,1.7669932
2170,CEP170,8,2.6464908
2171,CEP170B,9,3.4897664
2172,CEP19,2,1.3066108
2173,CEP192,8,2.2847064
2174,CEP20,7,3.8866432
2175,CEP250,8,2.1701696
2176,CEP290,5,1.9848727
2177,CEP295,8,2.0849354
2178,CEP350,8,2.5146835
2179,CEP41,2,1.64406
2180,CEP43,5,1.585166
2181,CEP44,4,1.8601512
2182,CEP55,2,2.4937742
2183,CEP57,6,3.3061047
2184,CEP57L1,5,0.7884644
2185,CEP63,8,2.1165164
2186,CEP68,2,2.4128504
2187,CEP70,9,2.7196395
2188,CEP72,2,1.8349885
2189,CEP76,4,2.1142123
2190,CEP78,8,1.8515925
2191,CEP83,2,2.0972054
2192,CEP85,8,2.4094396
2193,CEP85L,5,1.192711
2194,CEP89,8,2.3854816
2195,CEP95,6,3.2409515
2196,CEP97,2,1.7463248
2197,CEPT1,6,3.3721662
2198,CER1,3,0.07715769
2199,CERCAM,6,3.2598157
2200,CERK,9,3.5601811
2201,CERKL,2,1.6950856
2202,CERS1,3,0.0
2203,CERS2,1,5.16008
2204,CERS3,3,0.21757628
2205,CERS4,9,2.8180766
2206,CERS5,9,3.7746959
2207,CERS6,9,3.6360974
2208,CERT1,8,2.7242594
2209,CES4A,5,1.7251706
2210,CES5A,3,0.13693254
2211,CETN1,3,0.02928103
2212,CETN2,7,4.822017
2213,CETN3,4,2.6383996
2214,CFAP100,10,0.26156095
2215,CFAP126,9,2.5473392
2216,CFAP157,2,2.3983157
2217,CFAP161,3,0.4079943
2218,CFAP20,7,4.2933884
2219,CFAP206,6,3.1158652
2220,CFAP20DC,10,0.84084725
2221,CFAP221,10,0.8813683
2222,CFAP298,4,3.3567007
2223,CFAP299,3,0.23933604
2224,CFAP300,5,1.0649966
2225,CFAP36,6,3.9211044
2226,CFAP410,6,3.6332345
2227,CFAP418,2,1.6899357
2228,CFAP43,3,0.65987056
2229,CFAP44,2,1.879486
2230,CFAP45,10,0.97748524
2231,CFAP46,10,0.42541268
2232,CFAP52,3,0.4834912
2233,CFAP54,3,0.29145283
2234,CFAP57,5,1.3611537
2235,CFAP58,10,0.3901471
2236,CFAP61,3,0.41467798
2237,CFAP65,10,0.37435946
2238,CFAP69,2,1.6132698
2239,CFAP70,2,1.4276925
2240,CFAP73,4,3.2370918
2241,CFAP74,3,0.3390593
2242,CFAP77,3,0.3171
2243,CFAP91,5,1.249437
2244,CFAP97,4,2.9745657
2245,CFAP97D1,3,0.047995593
2246,CFAP99,10,0.55501115
2247,CFB,9,4.8222613
2248,CFD,9,2.794981
2249,CFDP1,7,4.703199
2250,CFI,9,3.8573086
2251,CFL1,1,6.982654
2252,CFL2,6,3.2021751
2253,CFLAR,6,2.8705816
2254,CFP,10,0.94269735
2255,CFTR,10,1.304543
2256,CGA,3,0.36898136
2257,CGAS,8,1.9144409
2258,CGGBP1,7,3.79874
2259,CGN,9,3.2291958
2260,CGNL1,9,2.6158476
2261,CGREF1,6,2.9841154
2262,CGRRF1,9,2.891982
2263,CH25H,8,1.9571618
2264,CHAC1,5,1.9648523
2265,CHAC2,4,1.9685599
2266,CHAD,8,1.2997466
2267,CHADL,2,2.2079554
2268,CHAF1A,4,2.998046
2269,CHAF1B,8,1.9700829
2270,CHAMP1,4,2.8091197
2271,CHAT,3,0.027918588
2272,CHCHD1,7,4.148327
2273,CHCHD10,7,4.995977
2274,CHCHD2,1,6.285962
2275,CHCHD3,1,4.8771505
2276,CHCHD5,6,2.9854658
2277,CHCHD6,4,3.3221507
2278,CHCHD7,9,3.4093392
2279,CHD1,9,2.804909
2280,CHD1L,9,3.847764
2281,CHD2,9,3.1175654
2282,CHD3,7,3.9362164
2283,CHD4,7,4.826579
2284,CHD5,10,0.32309303
2285,CHD6,4,2.825051
2286,CHD7,8,2.2369
2287,CHD8,4,3.3369746
2288,CHD9,2,2.5206132
2289,CHDH,8,2.4795787
2290,CHEK1,8,2.2359195
2291,CHEK2,4,2.0862625
2292,CHERP,7,4.1127214
2293,CHFR,2,2.073402
2294,CHGA,10,1.054814
2295,CHGB,10,1.1484694
2296,CHIC1,5,1.8552792
2297,CHIC2,6,3.570002
2298,CHID1,6,3.7589726
2299,CHIT1,10,1.9303291
2300,CHKA,9,3.740042
2301,CHKB,7,4.0256834
2302,CHL1,5,1.5996145
2303,CHM,8,2.3705173
2304,CHML,5,2.2787216
2305,CHMP1A,7,4.743608
2306,CHMP1B,7,4.475602
2307,CHMP2A,1,5.297807
2308,CHMP2B,7,4.0674667
2309,CHMP3,7,4.829513
2310,CHMP4C,6,3.0875657
2311,CHMP5,7,4.4494047
2312,CHMP6,7,4.0091944
2313,CHMP7,9,3.5384624
2314,CHN1,5,2.2996147
2315,CHN2,9,2.442255
2316,CHODL,5,0.69761366
2317,CHORDC1,8,2.31078
2318,CHP1,1,4.9080906
2319,CHP2,10,0.6459506
2320,CHPF,7,4.9631925
2321,CHPF2,7,3.9427874
2322,CHPT1,7,4.316577
2323,CHRAC1,7,3.9050958
2324,CHRD,2,1.9989245
2325,CHRDL1,5,1.7667346
2326,CHRDL2,5,1.5115272
2327,CHRM1,5,1.1166055
2328,CHRM2,3,0.16682361
2329,CHRM3,2,0.9690688
2330,CHRM4,3,0.22169863
2331,CHRM5,3,0.10666414
2332,CHRNA1,3,0.6914754
2333,CHRNA10,5,0.75022703
2334,CHRNA2,3,0.5333151
2335,CHRNA3,10,0.59239465
2336,CHRNA4,3,0.33941063
2337,CHRNA5,10,1.3378782
2338,CHRNA6,3,0.371594
2339,CHRNA9,3,0.36725384
2340,CHRNB1,2,2.5765042
2341,CHRNB2,3,0.47317404
2342,CHRNB3,3,0.039862655
2343,CHRNB4,5,0.35587955
2344,CHRND,3,0.16053581
2345,CHRNE,9,2.5608895
2346,CHRNG,3,0.067370735
2347,CHST1,5,1.1779796
2348,CHST10,8,2.1151252
2349,CHST11,6,2.7416036
2350,CHST12,8,1.717009
2351,CHST13,5,1.2534442
2352,CHST14,6,3.6610777
2353,CHST15,2,2.4775276
2354,CHST2,5,2.6028898
2355,CHST3,8,2.4098644
2356,CHST4,3,0.31267932
2357,CHST7,2,1.4498467
2358,CHST8,10,0.57828134
2359,CHST9,10,0.83619773
2360,CHSY1,9,3.557144
2361,CHSY3,10,1.2987875
2362,CHTF18,2,2.6027393
2363,CHTF8,7,4.5318227
2364,CHTOP,7,4.086081
2365,CHUK,4,3.1716726
2366,CHURC1,6,3.6506324
2367,CIAO1,9,4.1926384
2368,CIAO2A,7,3.845705
2369,CIAO2B,1,5.678681
2370,CIAO3,4,3.3133712
2371,CIAPIN1,9,3.6208212
2372,CIART,2,2.2353604
2373,CIB1,1,5.549146
2374,CIB2,2,2.5063355
2375,CIB3,3,0.18278666
2376,CIB4,3,0.32092592
2377,CIBAR1,8,2.4584765
2378,CIBAR2,3,0.3553967
2379,CIC,6,3.5446727
2380,CIDEA,3,0.39522544
2381,CIDEB,4,3.3054893
2382,CIDEC,5,0.8997482
2383,CIITA,8,2.2402706
2384,CILK1,9,2.9107323
2385,CILP,3,1.2531189
2386,CILP2,10,1.0593506
2387,CINP,7,4.6786838
2388,CIP2A,5,1.8009558
2389,CIPC,6,3.0964227
2390,CIR1,7,4.1920996
2391,CIRBP,7,4.9934096
2392,CISD1,7,3.3877287
2393,CISD2,6,3.0095174
2394,CISD3,7,4.3593955
2395,CISH,9,3.5107648
2396,CIT,2,2.3007889
2397,CITED1,3,1.7434298
2398,CITED2,9,4.0449014
2399,CITED4,9,3.2857645
2400,CIZ1,9,3.6835098
2401,CKAP2,6,3.051622
2402,CKAP2L,2,1.6650736
2403,CKAP4,7,4.8110604
2404,CKAP5,7,3.7797434
2405,CKB,7,5.15794
2406,CKLF,7,4.344421
2407,CKM,3,0.518871
2408,CKMT2,10,1.3884332
2409,CKS2,7,4.608522
2410,CLASP1,4,3.1300457
2411,CLASP2,9,2.8702116
2412,CLASRP,6,3.5348864
2413,CLBA1,8,2.5116138
2414,CLCA1,3,0.40602186
2415,CLCA2,3,0.5105011
2416,CLCC1,9,2.645712
2417,CLCF1,8,2.6369493
2418,CLCN1,3,0.19366634
2419,CLCN2,2,2.1655543
2420,CLCN3,9,3.8515558
2421,CLCN4,2,1.7771691
2422,CLCN5,2,1.9534738
2423,CLCN6,4,2.5331461
2424,CLCN7,7,4.395671
2425,CLDN1,7,3.7318158
2426,CLDN10,5,1.3446785
2427,CLDN11,5,1.6609544
2428,CLDN12,9,3.6701093
2429,CLDN14,3,0.48142293
2430,CLDN15,9,2.7654822
2431,CLDN16,3,0.7602034
2432,CLDN17,3,0.03220737
2433,CLDN18,3,1.0555508
2434,CLDN19,3,0.19086923
2435,CLDN2,5,1.9550966
2436,CLDN20,3,0.26932684
2437,CLDN23,2,2.4814355
2438,CLDN25,3,0.05425931
2439,CLDN3,9,4.31459
2440,CLDN5,9,2.6992235
2441,CLDN6,10,0.31683406
2442,CLDN7,6,4.025389
2443,CLDN8,5,1.2238215
2444,CLDN9,5,1.2255343
2445,CLDND1,7,3.8060532
2446,CLDND2,5,1.3477752
2447,CLEC11A,6,3.1518276
2448,CLEC12B,3,0.12062584
2449,CLEC14A,6,3.4076402
2450,CLEC16A,4,2.8370554
2451,CLEC1A,10,1.3957529
2452,CLEC1B,3,0.13584168
2453,CLEC2L,5,0.42012414
2454,CLEC3A,3,0.40260425
2455,CLEC3B,9,3.7116628
2456,CLEC4A,8,1.8625507
2457,CLEC4D,5,0.25360852
2458,CLEC4E,5,1.1682774
2459,CLEC4G,3,0.36293477
2460,CLEC5A,10,1.252661
2461,CLEC6A,3,0.17651889
2462,CLEC9A,3,0.6610445
2463,CLGN,8,1.4017339
2464,CLHC1,10,1.0387543
2465,CLIC1,1,5.8999887
2466,CLIC3,2,2.6910782
2467,CLIC4,1,4.8685308
2468,CLIC6,10,1.9101279
2469,CLINT1,6,4.3334117
2470,CLIP1,6,3.5895429
2471,CLIP2,6,3.126429
2472,CLIP3,9,2.9516525
2473,CLIP4,10,1.6538912
2474,CLK1,7,4.2660823
2475,CLK2,7,4.048625
2476,CLK3,7,3.7341518
2477,CLK4,4,2.7732627
2478,CLMN,2,2.3380547
2479,CLMP,8,1.5216635
2480,CLN3,7,4.46019
2481,CLN5,4,2.3361232
2482,CLN6,6,4.1802297
2483,CLN8,4,2.1633227
2484,CLNK,3,0.30146387
2485,CLNS1A,8,2.9648209
2486,CLOCK,2,2.3995874
2487,CLP1,8,2.4052017
2488,CLPB,8,1.8534747
2489,CLPP,7,4.1682706
2490,CLPS,3,0.149042
2491,CLPSL2,3,0.41271925
2492,CLPTM1,1,5.1837187
2493,CLPTM1L,1,5.1724205
2494,CLPX,6,3.5941148
2495,CLRN1,3,0.020038737
2496,CLRN2,3,0.012671595
2497,CLRN3,10,1.7106689
2498,CLSPN,10,0.98267657
2499,CLSTN1,7,5.055857
2500,CLSTN2,3,0.9882337
2501,CLSTN3,6,3.4616272
2502,CLTA,1,5.925586
2503,CLTB,1,5.367928
2504,CLTC,1,5.095744
2505,CLTRN,3,1.4113458
2506,CLU,1,5.706436
2507,CLUAP1,2,2.2291074
2508,CLUH,7,4.16321
2509,CLVS1,2,2.6929405
2510,CLVS2,3,0.20559229
2511,CLYBL,10,1.4489409
2512,CMA1,3,0.4885141
2513,CMAS,7,4.28708
2514,CMBL,4,3.4430776
2515,CMC1,8,3.0372782
2516,CMC2,2,2.175577
2517,CMC4,6,3.7446127
2518,CMIP,9,3.3128548
2519,CMKLR1,2,1.6826619
2520,CMPK1,7,4.926802
2521,CMPK2,2,2.212334
2522,CMSS1,8,2.756478
2523,CMTM3,6,3.636549
2524,CMTM4,9,3.2102122
2525,CMTM5,5,0.75702053
2526,CMTM6,7,4.5492673
2527,CMTM7,7,3.9422145
2528,CMTM8,6,2.6486492
2529,CMTR1,6,3.6420696
2530,CMTR2,8,2.4144492
2531,CMYA5,5,1.0975025
2532,CNBD2,10,1.1109312
2533,CNBP,7,4.8756657
2534,CNDP1,5,0.6210737
2535,CNDP2,7,4.6688876
2536,CNEP1R1,4,2.6069021
2537,CNFN,4,2.2059011
2538,CNGA1,10,0.8319719
2539,CNGA2,3,0.015379125
2540,CNGA3,10,0.45145676
2541,CNGA4,3,0.23101583
2542,CNGB1,3,0.15232815
2543,CNGB3,3,0.09817237
2544,CNIH1,7,4.0624504
2545,CNIH2,5,1.4808745
2546,CNIH3,2,1.9608444
2547,CNIH4,6,3.5524669
2548,CNKSR1,2,2.53415
2549,CNKSR2,3,0.47187123
2550,CNKSR3,5,1.4877051
2551,CNMD,5,0.41723108
2552,CNN1,4,3.2167861
2553,CNN2,1,4.9797482
2554,CNN3,1,5.508875
2555,CNNM1,5,0.97012585
2556,CNNM2,4,2.6511211
2557,CNNM3,6,3.3069546
2558,CNNM4,4,2.9883087
2559,CNOT1,7,4.20468
2560,CNOT10,4,3.3111365
2561,CNOT11,7,4.2034583
2562,CNOT2,9,3.353094
2563,CNOT3,9,3.075375
2564,CNOT4,2,2.6027818
2565,CNOT6,4,3.0885663
2566,CNOT6L,8,2.8527985
2567,CNOT7,9,3.2260497
2568,CNOT8,4,3.4758036
2569,CNOT9,6,3.6545136
2570,CNP,7,4.545381
2571,CNPPD1,7,4.225042
2572,CNPY2,7,4.332028
2573,CNPY3,7,4.549356
2574,CNPY4,6,3.337196
2575,CNR1,10,0.70118004
2576,CNR2,5,0.23408835
2577,CNRIP1,8,2.207172
2578,CNST,2,2.7432685
2579,CNTD1,9,3.469179
2580,CNTF,5,0.7366309
2581,CNTFR,10,0.7487728
2582,CNTLN,5,1.397875
2583,CNTN1,5,1.2184923
2584,CNTN2,3,0.44529033
2585,CNTN3,3,0.7347819
2586,CNTN4,10,1.2362015
2587,CNTN5,3,0.15542044
2588,CNTN6,10,0.40330473
2589,CNTNAP1,2,2.0483756
2590,CNTNAP2,10,1.2590592
2591,CNTNAP4,10,0.30763194
2592,CNTRL,2,2.103519
2593,CNTROB,4,3.2953115
2594,COA3,1,5.60963
2595,COA4,6,3.5540392
2596,COA5,9,3.3872771
2597,COA7,6,3.0650742
2598,COA8,9,3.3891242
2599,COASY,7,4.6220694
2600,COBL,2,2.623899
2601,COBLL1,8,2.6470718
2602,COCH,8,1.7710009
2603,COG1,7,3.9325821
2604,COG2,6,3.6291585
2605,COG3,4,3.25682
2606,COG4,7,4.275088
2607,COG5,6,3.5798943
2608,COG6,8,2.5814986
2609,COG7,6,3.529218
2610,COG8,6,4.0602865
2611,COIL,9,3.2889705
2612,COL11A1,2,1.5372564
2613,COL11A2,10,0.90227515
2614,COL12A1,6,2.941221
2615,COL13A1,5,1.3876388
2616,COL14A1,9,2.6575687
2617,COL15A1,9,3.5030813
2618,COL16A1,9,3.214826
2619,COL17A1,5,1.6850291
2620,COL18A1,1,4.6553745
2621,COL19A1,5,0.23052165
2622,COL1A1,1,6.1186666
2623,COL1A2,1,6.056095
2624,COL20A1,3,0.38203207
2625,COL23A1,5,1.636054
2626,COL25A1,3,0.4587561
2627,COL26A1,10,0.8052474
2628,COL27A1,8,2.419446
2629,COL28A1,5,1.1059088
2630,COL2A1,3,0.6268341
2631,COL3A1,1,5.920978
2632,COL4A1,7,4.4958363
2633,COL4A2,7,4.3720193
2634,COL4A3,2,1.0575334
2635,COL4A4,10,1.2427924
2636,COL4A5,2,1.9238945
2637,COL4A6,5,0.7819563
2638,COL5A1,7,3.736169
2639,COL5A2,9,3.799166
2640,COL5A3,9,2.7362938
2641,COL6A1,7,5.349232
2642,COL6A2,7,5.132329
2643,COL6A3,6,4.1048684
2644,COL6A5,3,0.20710625
2645,COL6A6,3,0.34203285
2646,COL8A1,4,2.7345152
2647,COL8A2,8,2.3403778
2648,COL9A1,5,0.81262463
2649,COL9A2,8,2.7580676
2650,COLEC10,3,0.22777835
2651,COLEC11,5,1.020821
2652,COLEC12,2,2.0993705
2653,COLGALT1,7,4.5107903
2654,COLGALT2,10,1.2732197
2655,COLQ,5,1.2201433
2656,COMMD1,6,3.533234
2657,COMMD10,6,3.8211772
2658,COMMD2,4,2.8973181
2659,COMMD3,7,4.564739
2660,COMMD4,1,5.0977387
2661,COMMD5,9,3.616886
2662,COMMD6,7,4.537641
2663,COMMD7,7,4.5229106
2664,COMMD8,6,3.4031322
2665,COMMD9,6,3.7255187
2666,COMP,8,2.1969736
2667,COMT,7,4.060768
2668,COMTD1,2,2.9965718
2669,COP1,7,3.7967536
2670,COPA,1,5.1696706
2671,COPB1,7,4.409201
2672,COPB2,7,4.5945277
2673,COPE,1,6.017381
2674,COPG1,1,5.42902
2675,COPG2,9,3.5002866
2676,COPS2,9,3.5359654
2677,COPS3,7,4.270328
2678,COPS4,6,3.7504592
2679,COPS5,7,4.544997
2680,COPS6,1,5.21345
2681,COPS7A,7,4.70191
2682,COPS7B,9,3.153942
2683,COPS8,9,3.9003985
2684,COPZ1,1,5.2566648
2685,COPZ2,6,3.7022593
2686,COQ10A,2,2.6959245
2687,COQ10B,6,3.7499058
2688,COQ2,6,2.8999958
2689,COQ3,2,2.7602577
2690,COQ4,6,4.233609
2691,COQ5,6,4.13991
2692,COQ6,9,3.7701385
2693,COQ7,9,3.0313678
2694,COQ8A,9,3.4343457
2695,COQ8B,6,3.3940508
2696,COQ9,7,4.592809
2697,CORIN,5,0.715236
2698,CORO1A,6,3.8750575
2699,CORO1B,7,4.468234
2700,CORO1C,7,4.233309
2701,CORO2A,8,2.5242174
2702,CORO2B,2,1.6912906
2703,CORO6,5,1.2398452
2704,CORO7,9,3.6046853
2705,CORT,2,1.2936379
2706,COTL1,1,5.394509
2707,COX10,4,2.7629244
2708,COX11,6,3.9270036
2709,COX14,7,3.6283464
2710,COX15,6,3.3179018
2711,COX16,7,4.3670993
2712,COX17,2,2.2071834
2713,COX18,4,2.3529193
2714,COX19,9,2.9884455
2715,COX20,7,4.402985
2716,COX4I1,1,5.6127367
2717,COX4I2,2,2.1889942
2718,COX5A,7,5.10482
2719,COX6A1,1,6.480871
2720,COX6A2,3,0.6706553
2721,COX6B1,1,5.9558086
2722,COX6B2,10,0.4510224
2723,COX6C,7,4.5672736
2724,COX7A1,7,3.739539
2725,COX7A2,1,5.492189
2726,COX7A2L,7,4.5151815
2727,COX7B2,3,0.27152538
2728,COX7C,1,5.7276564
2729,COX8A,1,6.8293004
2730,CP,9,3.6300933
2731,CPA1,3,0.12942791
2732,CPA2,3,0.47487426
2733,CPA3,5,2.1327903
2734,CPA4,10,0.58282924
2735,CPA5,3,0.16371946
2736,CPA6,3,0.6318171
2737,CPB1,10,0.7901711
2738,CPB2,3,0.6510541
2739,CPD,4,3.91694
2740,CPE,1,4.6472435
2741,CPEB1,10,0.8602963
2742,CPEB2,8,2.7592568
2743,CPEB3,5,1.4029155
2744,CPEB4,4,2.806564
2745,CPED1,8,1.7242012
2746,CPLANE1,5,1.8172222
2747,CPLANE2,4,2.1057868
2748,CPLX1,5,1.7217873
2749,CPLX2,10,0.572228
2750,CPLX3,3,0.46485186
2751,CPLX4,3,0.022918152
2752,CPM,8,2.8015294
2753,CPN1,3,0.84478056
2754,CPN2,3,0.5679095
2755,CPNE2,6,3.730609
2756,CPNE3,7,4.087811
2757,CPNE4,3,0.91567135
2758,CPNE5,10,1.9567872
2759,CPNE6,3,0.57273746
2760,CPNE7,10,1.5410084
2761,CPNE8,2,2.1530588
2762,CPNE9,3,0.27371368
2763,CPOX,9,3.53235
2764,CPPED1,8,2.883894
2765,CPQ,6,3.6971965
2766,CPS1,5,1.5707536
2767,CPSF1,7,4.1411743
2768,CPSF2,9,2.614642
2769,CPSF3,7,3.6787663
2770,CPSF4,6,3.6900284
2771,CPSF6,4,2.8551207
2772,CPSF7,9,4.0353584
2773,CPT1A,9,3.9176722
2774,CPT1B,4,2.7217002
2775,CPT1C,5,1.5346737
2776,CPT2,6,3.8437812
2777,CPTP,6,3.4342217
2778,CPVL,9,3.223759
2779,CPXM1,9,2.7389247
2780,CPXM2,2,2.385967
2781,CPZ,5,2.1960669
2782,CRABP1,5,1.395259
2783,CRABP2,4,3.2353482
2784,CRACD,5,1.1535997
2785,CRACDL,2,2.270933
2786,CRACR2A,5,1.4539454
2787,CRACR2B,2,2.8124807
2788,CRADD,9,2.5695455
2789,CRAMP1,8,2.5822368
2790,CRAT,7,3.9771907
2791,CRB1,3,0.33230355
2792,CRB2,4,1.6218052
2793,CRB3,6,3.1854377
2794,CRBN,9,3.3812335
2795,CRCP,6,3.9956303
2796,CREB1,4,2.582451
2797,CREB3,6,3.9491417
2798,CREB3L1,4,3.567812
2799,CREB3L2,4,3.7649984
2800,CREB3L3,5,1.1893374
2801,CREB3L4,9,3.2390525
2802,CREB5,5,1.5140777
2803,CREBBP,9,3.5014467
2804,CREBL2,7,4.147072
2805,CREBRF,5,2.3365018
2806,CREBZF,6,3.1497514
2807,CREG1,1,4.789894
2808,CREG2,5,0.4619182
2809,CRELD1,9,3.2458806
2810,CRELD2,7,4.134143
2811,CREM,9,2.6559684
2812,CRH,3,0.08675038
2813,CRHBP,3,0.8174394
2814,CRHR1,5,1.0659536
2815,CRHR2,3,0.2595064
2816,CRIM1,6,3.7040474
2817,CRIP1,7,4.657188
2818,CRIP2,1,5.002719
2819,CRIP3,10,1.0898969
2820,CRIPT,4,2.3494124
2821,CRISP1,3,0.019409493
2822,CRISP2,3,0.110241435
2823,CRISPLD1,8,2.1466117
2824,CRISPLD2,6,3.1361363
2825,CRK,7,4.2973576
2826,CRKL,7,4.032369
2827,CRLF1,4,2.5167198
2828,CRLF3,4,2.9170039
2829,CRLS1,7,3.8024182
2830,CRMP1,8,2.4921787
2831,CRNKL1,9,3.417367
2832,CRNN,3,0.07982442
2833,CROCC,5,2.4169545
2834,CROCC2,3,0.17512314
2835,CROT,8,2.9378374
2836,CRP,3,0.6887751
2837,CRPPA,10,0.9889575
2838,CRTAC1,5,1.6633441
2839,CRTAM,10,0.7501964
2840,CRTAP,7,4.5032234
2841,CRTC1,4,2.5048316
2842,CRTC2,7,4.1316633
2843,CRTC3,8,3.3512912
2844,CRX,10,0.041433185
2845,CRY1,4,3.1791613
2846,CRY2,9,3.052804
2847,CRYAA,3,0.2670056
2848,CRYAB,9,3.8880992
2849,CRYBA1,3,0.109932706
2850,CRYBA2,3,0.30724528
2851,CRYBA4,3,0.24626881
2852,CRYBB1,3,0.756506
2853,CRYBB2,3,0.58088905
2854,CRYBB3,3,0.5681018
2855,CRYBG1,2,2.759261
2856,CRYBG2,5,0.8738317
2857,CRYBG3,4,2.4561183
2858,CRYGA,3,0.052085243
2859,CRYGB,3,0.033103738
2860,CRYGC,3,0.014235793
2861,CRYGN,10,0.5534544
2862,CRYGS,8,2.429672
2863,CRYL1,7,4.696592
2864,CRYM,5,2.2991798
2865,CRYZ,6,2.8808165
2866,CRYZL1,8,2.7549825
2867,CSAD,8,2.5660982
2868,CSDC2,8,2.138543
2869,CSDE1,7,5.0993853
2870,CSE1L,7,4.4167137
2871,CSF1,4,3.3487334
2872,CSF1R,9,3.5540147
2873,CSF2,3,0.5894952
2874,CSF3,10,0.7788143
2875,CSF3R,8,2.1632872
2876,CSGALNACT1,8,2.316358
2877,CSGALNACT2,2,2.5367823
2878,CSK,6,3.9439573
2879,CSMD1,3,0.3707895
2880,CSMD2,3,0.5242082
2881,CSMD3,3,0.13750648
2882,CSNK1A1,1,4.8637185
2883,CSNK1D,7,4.993251
2884,CSNK1E,7,3.8318877
2885,CSNK1G1,4,2.256226
2886,CSNK1G2,9,3.548111
2887,CSNK1G3,8,2.9650826
2888,CSNK2A2,9,3.5798411
2889,CSNK2B,1,5.84605
2890,CSPG4,4,2.8902285
2891,CSPG5,3,1.2376685
2892,CSPP1,8,2.2232482
2893,CSRNP1,9,3.5013752
2894,CSRNP2,8,2.6388197
2895,CSRNP3,10,0.67387295
2896,CSRP1,7,5.556921
2897,CSRP2,8,2.486811
2898,CSRP3,10,0.10022653
2899,CST11,3,0.029205158
2900,CST6,8,1.7108861
2901,CST7,9,2.6382456
2902,CST8,3,0.02137951
2903,CSTB,7,5.3156285
2904,CSTF1,6,2.9263036
2905,CSTF2,4,2.9352734
2906,CSTF2T,6,3.4078915
2907,CSTF3,6,3.3070705
2908,CSTL1,3,0.15888602
2909,CTBP1,6,3.7001462
2910,CTBS,9,2.7305214
2911,CTC1,8,2.550675
2912,CTCF,6,3.5936255
2913,CTCFL,5,0.07709712
2914,CTDNEP1,1,4.8453565
2915,CTDP1,4,3.13451
2916,CTDSP1,7,4.8548527
2917,CTDSP2,1,4.9164753
2918,CTDSPL,7,3.6086056
2919,CTDSPL2,2,2.887908
2920,CTF1,8,2.1679301
2921,CTH,2,1.5990835
2922,CTHRC1,6,3.4499445
2923,CTIF,5,2.7321875
2924,CTLA4,10,1.0715456
2925,CTNNA1,1,5.124949
2926,CTNNA2,10,0.6777722
2927,CTNNA3,3,0.253396
2928,CTNNAL1,6,3.6620884
2929,CTNNB1,1,5.1292043
2930,CTNNBIP1,4,2.6576996
2931,CTNNBL1,7,4.3476877
2932,CTNND1,7,4.6328664
2933,CTNND2,10,1.3027921
2934,CTNS,2,2.6607451
2935,CTPS2,4,2.8797348
2936,CTR9,6,3.7945242
2937,CTRL,8,2.690716
2938,CTSA,1,5.2307844
2939,CTSB,1,5.7278767
2940,CTSC,6,3.559951
2941,CTSD,1,7.1859727
2942,CTSE,10,1.7297219
2943,CTSF,7,4.3947563
2944,CTSG,10,1.068012
2945,CTSH,7,4.8633213
2946,CTSK,6,3.4717917
2947,CTSO,6,3.0949104
2948,CTSS,9,4.167571
2949,CTSW,5,2.1768353
2950,CTSZ,7,4.1325808
2951,CTTN,7,5.080197
2952,CTTNBP2,8,1.5473433
2953,CTTNBP2NL,8,2.8547332
2954,CTU1,4,1.9361237
2955,CTU2,6,3.2980375
2956,CTXN1,9,2.8691332
2957,CTXN2,3,0.13681369
2958,CTXN3,3,0.16079925
2959,CUBN,5,1.0992274
2960,CUEDC1,8,2.8853288
2961,CUEDC2,7,4.4044194
2962,CUL1,6,3.6924474
2963,CUL2,6,3.009141
2964,CUL3,9,3.5409071
2965,CUL4A,6,3.7690609
2966,CUL4B,8,2.3581111
2967,CUL5,8,3.051118
2968,CUL7,6,3.3966897
2969,CUL9,4,2.7614315
2970,CUTA,1,5.765657
2971,CUTC,2,3.3716798
2972,CUX1,6,3.3692102
2973,CUX2,5,0.7971762
2974,CUZD1,10,1.3436675
2975,CWC15,6,3.9869642
2976,CWC25,4,3.1001244
2977,CWC27,5,1.0412436
2978,CWF19L1,6,3.334084
2979,CWF19L2,2,1.959851
2980,CWH43,3,0.8989962
2981,CX3CL1,7,3.4194338
2982,CX3CR1,2,1.6282218
2983,CXCL10,6,3.5931115
2984,CXCL12,4,3.1639285
2985,CXCL14,9,4.0802846
2986,CXCL17,9,1.9172364
2987,CXCL6,8,1.0914998
2988,CXCL9,6,3.180278
2989,CXCR1,3,0.4870841
2990,CXCR2,10,0.6415303
2991,CXCR3,8,1.7036257
2992,CXCR4,6,3.9718153
2993,CXCR5,6,3.2902727
2994,CXCR6,2,1.294074
2995,CXXC1,7,3.9447727
2996,CXXC4,10,1.0817354
2997,CXXC5,9,3.6137278
2998,CYB561,6,4.0188007
2999,CYB561A3,8,3.2262096
3000,CYB561D1,4,2.2007213
3001,CYB561D2,7,4.2681174
3002,CYB5A,6,4.1597285
3003,CYB5B,6,3.7541647
3004,CYB5D1,9,3.008834
3005,CYB5D2,7,3.5152838
3006,CYB5R1,7,4.402519
3007,CYB5R2,8,2.1878216
3008,CYB5R3,1,5.238023
3009,CYB5R4,8,1.9207256
3010,CYB5RL,2,1.6599814
3011,CYBA,7,4.4663415
3012,CYBB,6,3.1050456
3013,CYBC1,7,4.232244
3014,CYBRD1,6,4.103738
3015,CYC1,1,5.728358
3016,CYFIP1,6,3.964041
3017,CYFIP2,2,2.9954877
3018,CYGB,9,3.2437332
3019,CYLD,4,2.6461802
3020,CYP11A1,10,0.7859755
3021,CYP17A1,5,0.8185781
3022,CYP19A1,10,0.28584412
3023,CYP1A1,10,0.377936
3024,CYP1A2,3,0.33838478
3025,CYP1B1,9,2.4907851
3026,CYP20A1,10,1.5954437
3027,CYP21A2,10,1.4255679
3028,CYP24A1,3,0.67646325
3029,CYP26A1,10,0.41665602
3030,CYP26B1,8,1.3465468
3031,CYP26C1,3,0.114718154
3032,CYP27A1,7,4.41532
3033,CYP27B1,2,1.8746116
3034,CYP2C18,3,1.0422734
3035,CYP2E1,10,1.5915587
3036,CYP2F1,3,0.18470386
3037,CYP2R1,4,2.5205774
3038,CYP2S1,5,2.4793222
3039,CYP2U1,8,2.2852106
3040,CYP2W1,3,0.70971435
3041,CYP39A1,5,1.8582442
3042,CYP46A1,10,0.96910375
3043,CYP4B1,10,1.603007
3044,CYP4F22,3,0.68505293
3045,CYP4V2,9,2.9712884
3046,CYP4X1,4,1.865897
3047,CYP51A1,7,4.2655025
3048,CYP7A1,3,0.37761104
3049,CYP7B1,10,0.9535126
3050,CYP8B1,3,0.6344119
3051,CYREN,8,2.7050881
3052,CYRIA,8,2.1149228
3053,CYRIB,4,3.0369039
3054,CYS1,8,1.7951733
3055,CYSLTR1,8,1.2734491
3056,CYSRT1,5,2.0272183
3057,CYSTM1,7,4.994253
3058,CYTH1,6,3.8619595
3059,CYTH2,7,4.091079
3060,CYTH3,9,3.3741598
3061,CYTH4,8,2.53079
3062,CYTIP,8,1.42517
3063,CYTL1,5,1.7287626
3064,CYYR1,4,2.5890348
3065,CZIB,7,4.65291
3066,D2HGDH,9,3.1653867
3067,DAAM1,8,2.881409
3068,DAAM2,8,2.544827
3069,DAB1,2,1.1253695
3070,DAB2,9,3.7094986
3071,DAB2IP,6,3.4605203
3072,DACH1,2,1.45805
3073,DACH2,3,0.2808835
3074,DACT1,2,1.9503008
3075,DACT2,5,0.9206686
3076,DACT3,2,1.6665478
3077,DAD1,7,4.203819
3078,DAG1,7,4.223097
3079,DAGLA,4,2.029346
3080,DAGLB,4,3.2099917
3081,DALRD3,7,4.1464252
3082,DAND5,10,0.3387808
3083,DAO,3,0.61337006
3084,DAP,1,5.5679746
3085,DAP3,7,4.5367866
3086,DAPK1,4,2.9779267
3087,DAPK2,5,1.8021424
3088,DAPK3,7,4.265745
3089,DAPL1,2,1.491149
3090,DAPP1,10,1.6609207
3091,DARS2,4,3.1149437
3092,DAW1,10,0.2603994
3093,DAXX,7,4.1018944
3094,DAZAP1,7,4.7652836
3095,DAZAP2,1,5.5674896
3096,DAZL,3,0.122105725
3097,DBF4,8,2.3080363
3098,DBH,5,0.5574698
3099,DBN1,9,3.9267285
3100,DBNDD1,6,3.3985412
3101,DBNDD2,6,3.47558
3102,DBNL,7,3.8057232
3103,DBP,9,3.2348914
3104,DBR1,4,3.0870302
3105,DBT,8,2.1914616
3106,DBX1,3,0.05376095
3107,DBX2,3,0.2859944
3108,DCAF1,6,3.0583982
3109,DCAF10,4,2.8977876
3110,DCAF11,7,4.09116
3111,DCAF12,6,4.00125
3112,DCAF13,6,3.5468385
3113,DCAF15,7,3.6509864
3114,DCAF17,4,2.3681786
3115,DCAF5,9,3.2146492
3116,DCAF6,7,4.2760916
3117,DCAF7,7,4.036465
3118,DCAF8,6,3.8295014
3119,DCAKD,2,3.0609505
3120,DCBLD1,8,2.6014967
3121,DCBLD2,9,3.154344
3122,DCC,3,0.25944903
3123,DCDC2,2,1.6992818
3124,DCDC2B,2,1.2608789
3125,DCHS1,9,2.4174073
3126,DCHS2,10,0.3670248
3127,DCK,6,3.4179797
3128,DCLK1,10,1.4565568
3129,DCLK2,10,1.9152133
3130,DCLK3,3,0.28867733
3131,DCLRE1A,4,2.4548745
3132,DCLRE1B,8,2.211905
3133,DCLRE1C,5,1.558992
3134,DCN,9,3.4982138
3135,DCP1A,8,2.8438892
3136,DCP1B,4,2.5708706
3137,DCP2,8,2.4585872
3138,DCPS,2,2.4314916
3139,DCST1,5,0.6642645
3140,DCST2,5,0.8964455
3141,DCSTAMP,10,0.97119516
3142,DCT,3,0.8663478
3143,DCTD,7,4.1988263
3144,DCTN1,7,4.775646
3145,DCTN2,7,5.1408706
3146,DCTN3,7,4.5611997
3147,DCTN4,6,3.789706
3148,DCTN5,2,3.1716104
3149,DCTN6,6,4.0908756
3150,DCTPP1,7,4.4058323
3151,DCUN1D2,2,2.4914486
3152,DCUN1D3,8,2.1449134
3153,DCUN1D4,9,3.2321231
3154,DCUN1D5,8,1.7641375
3155,DCX,10,0.37405878
3156,DCXR,7,5.3082495
3157,DDA1,4,3.56865
3158,DDAH1,7,4.1779833
3159,DDAH2,7,4.644349
3160,DDB1,7,5.0945034
3161,DDB2,6,3.770873
3162,DDC,10,1.5349994
3163,DDHD1,2,1.6787444
3164,DDHD2,9,2.6548424
3165,DDI1,10,0.014458695
3166,DDIT3,7,4.188452
3167,DDIT4,1,5.317609
3168,DDIT4L,5,1.3639165
3169,DDN,10,0.62012273
3170,DDO,5,1.490361
3171,DDOST,1,6.021585
3172,DDR1,9,4.677782
3173,DDR2,8,2.3166835
3174,DDRGK1,7,4.199223
3175,DDX1,7,4.846678
3176,DDX10,8,2.4561546
3177,DDX11,2,2.1870353
3178,DDX17,1,5.6953506
3179,DDX18,9,4.170232
3180,DDX19A,7,4.4297996
3181,DDX19B,9,3.4978502
3182,DDX20,8,2.3746755
3183,DDX21,7,4.0777316
3184,DDX23,7,4.6308765
3185,DDX24,7,4.4194245
3186,DDX25,3,0.32056668
3187,DDX27,7,4.3691535
3188,DDX28,6,3.0545237
3189,DDX31,8,2.4273643
3190,DDX39A,6,4.4631634
3191,DDX39B,7,5.451036
3192,DDX3X,7,4.5828643
3193,DDX3Y,2,1.9156636
3194,DDX4,3,0.06600504
3195,DDX41,7,4.7470813
3196,DDX42,7,4.4473085
3197,DDX46,6,3.5965161
3198,DDX47,7,4.464269
3199,DDX49,7,4.5125732
3200,DDX5,1,5.8434086
3201,DDX50,9,3.7377377
3202,DDX51,4,2.9847028
3203,DDX52,9,2.911936
3204,DDX54,7,4.136941
3205,DDX55,9,3.1070323
3206,DDX56,7,4.674491
3207,DDX59,8,2.3823988
3208,DDX6,7,4.053495
3209,DDX60,9,2.7143137
3210,DEAF1,6,3.4896657
3211,DECR1,9,4.144716
3212,DECR2,6,3.7123017
3213,DEDD,4,2.8412898
3214,DEDD2,9,3.5454142
3215,DEF6,4,3.0992224
3216,DEF8,4,2.930411
3217,DEFB110,3,0.0055500255
3218,DEFB113,3,0.002625339
3219,DEFB119,3,0.0092315
3220,DEFB123,3,0.031995006
3221,DEFB124,10,0.58208364
3222,DEFB136,3,0.028160444
3223,DEGS2,8,2.9074485
3224,DEK,7,4.262605
3225,DELE1,9,3.49576
3226,DENND10,2,2.863162
3227,DENND11,4,3.2121274
3228,DENND1A,8,2.8841946
3229,DENND1B,2,2.0577953
3230,DENND1C,9,3.200122
3231,DENND2A,8,2.05112
3232,DENND2C,5,0.9003068
3233,DENND2D,6,3.1962066
3234,DENND3,2,2.6075027
3235,DENND4A,2,2.460575
3236,DENND4B,7,3.2548785
3237,DENND4C,9,2.8041716
3238,DENND5A,9,3.7110069
3239,DENND5B,8,1.8058561
3240,DENND6A,6,2.9694738
3241,DENND6B,8,2.146053
3242,DENR,7,4.1237087
3243,DEPDC1,8,1.50905
3244,DEPDC1B,4,2.1008449
3245,DEPDC5,2,1.9597229
3246,DEPDC7,8,1.7260127
3247,DEPP1,7,4.573151
3248,DEPTOR,6,3.399353
3249,DERA,7,4.186416
3250,DERL1,7,4.5497885
3251,DERL2,4,3.5004492
3252,DERL3,8,2.1767938
3253,DERPC,3,0.0
3254,DES,5,2.498138
3255,DESI1,7,3.8608942
3256,DESI2,6,3.6979403
3257,DET1,2,2.0428789
3258,DEUP1,3,0.22055589
3259,DEXI,8,2.8415673
3260,DFFA,4,3.335184
3261,DFFB,2,2.0384696
3262,DGAT1,9,3.9895976
3263,DGAT2,6,3.0053325
3264,DGAT2L6,3,0.033150204
3265,DGCR2,7,4.636964
3266,DGCR8,6,3.1725469
3267,DGKA,4,3.1354585
3268,DGKB,3,0.32523808
3269,DGKD,6,3.122681
3270,DGKE,2,1.3380188
3271,DGKG,10,1.3237948
3272,DGKH,10,1.6096365
3273,DGKI,10,0.6758465
3274,DGKK,3,0.083221965
3275,DGKQ,2,2.8302193
3276,DGKZ,6,3.3514016
3277,DGLUCY,4,2.7534106
3278,DGUOK,7,4.7161236
3279,DHCR24,1,5.210022
3280,DHCR7,9,3.7545886
3281,DHDDS,2,3.237925
3282,DHDH,10,1.4811237
3283,DHH,3,0.29095823
3284,DHODH,8,2.343585
3285,DHPS,1,4.6422825
3286,DHRS1,7,3.929098
3287,DHRS11,6,3.2849252
3288,DHRS13,6,3.375138
3289,DHRS2,5,1.2824305
3290,DHRS3,7,4.406501
3291,DHRS7B,7,4.087628
3292,DHRS7C,3,0.034058668
3293,DHRS9,5,0.8058544
3294,DHTKD1,9,3.4231758
3295,DHX15,7,4.792743
3296,DHX16,6,3.7323678
3297,DHX29,9,3.2998304
3298,DHX30,6,3.5719137
3299,DHX32,7,3.4646282
3300,DHX33,6,2.8305266
3301,DHX34,4,2.624492
3302,DHX35,9,2.706433
3303,DHX36,6,3.181949
3304,DHX37,6,3.0936992
3305,DHX38,6,3.8357503
3306,DHX40,6,3.7929497
3307,DHX57,9,2.8216925
3308,DHX58,9,2.8870482
3309,DHX8,9,3.3284037
3310,DHX9,7,4.773754
3311,DIABLO,7,4.515004
3312,DIAPH1,7,4.484717
3313,DIAPH2,8,2.3648837
3314,DIAPH3,2,1.5694525
3315,DICER1,9,2.626689
3316,DIDO1,6,3.0250585
3317,DIMT1,4,3.3499715
3318,DIO1,5,1.1561435
3319,DIO2,5,2.1179225
3320,DIO3,10,0.62522423
3321,DIP2A,2,2.8209934
3322,DIP2B,8,3.1652257
3323,DIP2C,8,2.6140184
3324,DIPK1A,8,2.490347
3325,DIPK1B,2,2.6030548
3326,DIPK1C,3,0.88210255
3327,DIPK2A,8,2.6949692
3328,DIPK2B,2,2.171606
3329,DIRAS1,5,1.6444389
3330,DIRAS2,3,0.8409064
3331,DIS3,4,2.7949808
3332,DIS3L,6,3.2661893
3333,DIS3L2,4,2.5624409
3334,DISC1,5,1.3186635
3335,DISP1,4,2.292343
3336,DISP2,10,0.7172983
3337,DISP3,5,0.5119154
3338,DIXDC1,2,2.3638465
3339,DKC1,7,4.046112
3340,DKK1,5,1.4752219
3341,DKK2,5,0.89593256
3342,DKK3,2,2.822857
3343,DKK4,3,0.39502487
3344,DKKL1,3,0.5258996
3345,DLAT,4,3.5132072
3346,DLC1,8,2.7700012
3347,DLD,7,4.3787255
3348,DLEC1,2,2.560998
3349,DLEU7,10,0.69581926
3350,DLG1,4,3.1838324
3351,DLG2,3,0.59123236
3352,DLG3,9,2.9560983
3353,DLG4,2,1.8844343
3354,DLG5,9,3.359327
3355,DLGAP1,10,0.8696794
3356,DLGAP2,3,0.20550765
3357,DLGAP3,10,0.57659507
3358,DLGAP4,7,3.915487
3359,DLGAP5,8,2.125867
3360,DLK1,3,0.35918644
3361,DLK2,5,1.1418909
3362,DLL1,2,2.1136498
3363,DLL3,5,1.0009183
3364,DLL4,6,2.8752387
3365,DLST,7,4.6593394
3366,DLX1,2,0.9838089
3367,DLX2,10,0.43933186
3368,DLX3,10,0.8121224
3369,DLX4,10,0.806552
3370,DLX5,10,1.175768
3371,DLX6,3,0.59660554
3372,DMAC1,6,3.8112664
3373,DMAC2,7,4.129539
3374,DMAC2L,4,2.8343794
3375,DMAP1,7,4.052985
3376,DMBX1,10,0.32162946
3377,DMC1,3,0.5585915
3378,DMD,2,1.5317138
3379,DMGDH,5,1.514855
3380,DMKN,6,2.901088
3381,DMP1,3,0.11067925
3382,DMPK,9,3.5811167
3383,DMRT1,3,0.1443386
3384,DMRT2,3,0.37916368
3385,DMRT3,3,0.43678325
3386,DMRTA1,5,1.0721871
3387,DMRTA2,3,0.43846044
3388,DMRTC2,3,0.05458957
3389,DMTN,9,3.4980023
3390,DMWD,6,3.4003675
3391,DMXL1,4,2.5714312
3392,DMXL2,8,2.2446918
3393,DNA2,5,1.5789539
3394,DNAAF1,8,1.8937329
3395,DNAAF10,9,2.5485234
3396,DNAAF2,9,2.7787998
3397,DNAAF3,5,1.1972983
3398,DNAAF4,2,1.664344
3399,DNAAF5,9,3.521502
3400,DNAAF9,2,2.4718754
3401,DNAH1,2,1.3026851
3402,DNAH10,10,0.5057744
3403,DNAH11,2,1.5554553
3404,DNAH12,10,0.16132872
3405,DNAH14,10,0.7548392
3406,DNAH17,10,0.7212532
3407,DNAH2,3,0.5264329
3408,DNAH3,5,0.25512484
3409,DNAH5,10,0.8757942
3410,DNAH6,10,0.466318
3411,DNAH8,3,0.21507247
3412,DNAH9,3,0.40507147
3413,DNAI1,10,0.4123931
3414,DNAI2,5,0.18718047
3415,DNAI3,3,0.57528853
3416,DNAI4,8,1.3297538
3417,DNAJA1,1,5.37794
3418,DNAJA2,7,4.4205422
3419,DNAJA3,7,4.1739817
3420,DNAJA4,4,3.3386667
3421,DNAJB1,7,4.2106423
3422,DNAJB11,9,4.627123
3423,DNAJB12,7,3.5665624
3424,DNAJB13,3,0.6061948
3425,DNAJB14,8,2.9669387
3426,DNAJB2,7,4.634464
3427,DNAJB4,4,2.3592508
3428,DNAJB5,2,2.614371
3429,DNAJB6,6,3.6983023
3430,DNAJB7,10,0.98748875
3431,DNAJB8,3,0.008614408
3432,DNAJB9,6,3.7337165
3433,DNAJC1,7,4.2015314
3434,DNAJC10,4,2.96324
3435,DNAJC11,9,3.9695156
3436,DNAJC12,2,2.0718699
3437,DNAJC13,4,3.218144
3438,DNAJC14,6,3.66913
3439,DNAJC15,9,2.9195156
3440,DNAJC16,4,2.6214452
3441,DNAJC17,6,3.1614668
3442,DNAJC18,2,1.998332
3443,DNAJC19,4,3.240086
3444,DNAJC2,9,3.247098
3445,DNAJC21,6,3.1985426
3446,DNAJC22,2,2.5529292
3447,DNAJC24,2,2.2719417
3448,DNAJC25,2,2.8753917
3449,DNAJC27,10,1.6193268
3450,DNAJC28,10,0.8213189
3451,DNAJC3,7,4.1258116
3452,DNAJC30,4,3.3073475
3453,DNAJC4,7,4.3788176
3454,DNAJC5,7,4.1299143
3455,DNAJC5B,10,0.6786006
3456,DNAJC5G,3,0.102641866
3457,DNAJC6,5,1.4053473
3458,DNAJC7,7,4.1868763
3459,DNAJC8,7,4.9216757
3460,DNAJC9,6,3.7294905
3461,DNAL1,2,2.0608048
3462,DNAL4,4,3.1575606
3463,DNALI1,6,2.8838096
3464,DNASE1,6,3.2803857
3465,DNASE1L1,9,3.1893122
3466,DNASE1L2,2,1.1029278
3467,DNASE1L3,5,1.2461371
3468,DNASE2,7,4.7475886
3469,DNASE2B,5,0.79310817
3470,DND1,2,2.8760717
3471,DNER,3,1.165014
3472,DNHD1,10,1.0359069
3473,DNLZ,8,2.2725923
3474,DNM1,8,2.287365
3475,DNM1L,6,3.7885828
3476,DNM2,7,4.746783
3477,DNM3,5,0.869393
3478,DNMBP,8,2.740829
3479,DNMT1,9,3.5150962
3480,DNMT3A,2,2.418574
3481,DNMT3L,3,0.13701245
3482,DNPEP,6,4.020493
3483,DNPH1,1,4.8431416
3484,DNTT,3,0.03234666
3485,DNTTIP1,7,4.429467
3486,DNTTIP2,6,3.433961
3487,DOC2A,5,2.3641658
3488,DOC2B,5,1.5671582
3489,DOCK1,9,3.4539044
3490,DOCK10,2,2.1034203
3491,DOCK11,8,2.0631106
3492,DOCK2,8,2.1629314
3493,DOCK3,10,0.94067883
3494,DOCK4,8,2.270201
3495,DOCK5,2,2.2452164
3496,DOCK6,4,3.3353932
3497,DOCK7,6,2.8735502
3498,DOCK8,2,2.4152045
3499,DOCK9,6,3.107186
3500,DOHH,4,3.1409626
3501,DOK1,8,2.7557762
3502,DOK2,4,2.2649753
3503,DOK3,8,1.9534987
3504,DOK4,9,3.3956618
3505,DOK5,5,1.5666778
3506,DOK6,10,0.695665
3507,DOK7,10,1.0643543
3508,DOLK,6,3.6600788
3509,DOLPP1,6,3.4751654
3510,DONSON,9,3.3467522
3511,DOP1A,4,2.6372437
3512,DOP1B,4,2.9780142
3513,DOT1L,8,2.8157036
3514,DPAGT1,6,3.8265982
3515,DPCD,7,3.8927507
3516,DPEP1,10,1.435633
3517,DPEP2NB,3,0.0
3518,DPEP3,3,0.26562452
3519,DPF1,10,0.7770081
3520,DPF2,9,3.6888819
3521,DPF3,10,0.49869058
3522,DPH1,1,4.3292327
3523,DPH2,4,3.5300734
3524,DPH3,4,3.1491082
3525,DPH5,6,3.2718627
3526,DPH6,8,1.8401756
3527,DPH7,9,3.2819362
3528,DPM1,7,4.1744075
3529,DPM2,7,4.722864
3530,DPM3,7,4.757663
3531,DPP10,3,0.5867784
3532,DPP3,6,3.7175512
3533,DPP4,6,3.2102695
3534,DPP6,3,0.67910886
3535,DPP7,1,5.443352
3536,DPP8,9,2.7090695
3537,DPP9,7,3.8817632
3538,DPPA4,3,0.19435582
3539,DPPA5,3,0.045499254
3540,DPT,5,2.1861858
3541,DPY19L1,9,3.2249343
3542,DPY19L2,10,1.1796733
3543,DPY19L3,4,2.7044356
3544,DPY19L4,6,3.1171472
3545,DPY30,7,4.603657
3546,DPYD,8,2.628585
3547,DPYS,10,0.8800998
3548,DPYSL2,7,4.077604
3549,DPYSL3,7,4.0193143
3550,DPYSL4,10,1.5528722
3551,DPYSL5,5,0.5560066
3552,DQX1,10,0.7797925
3553,DR1,8,3.0456865
3554,DRAM1,6,3.3663425
3555,DRAM2,4,2.9714837
3556,DRAP1,7,5.491072
3557,DRAXIN,5,0.6157016
3558,DRC1,3,0.37695798
3559,DRC3,2,1.9743099
3560,DRC7,3,0.34555635
3561,DRD1,10,0.37785685
3562,DRD2,3,0.4027641
3563,DRD3,3,0.010461836
3564,DRD4,10,0.9203574
3565,DRD5,3,0.12750638
3566,DRG1,7,4.450553
3567,DRG2,7,4.0741105
3568,DROSHA,6,3.1996255
3569,DRP2,3,0.4873575
3570,DSC1,3,0.1977798
3571,DSC2,8,2.2268515
3572,DSC3,10,0.89784294
3573,DSCAM,3,0.28353885
3574,DSCAML1,5,0.71696603
3575,DSCC1,2,2.1766798
3576,DSE,4,2.7913754
3577,DSEL,2,1.4968112
3578,DSG2,6,3.2611003
3579,DSG3,3,0.6529355
3580,DSG4,3,0.11453782
3581,DSN1,4,2.6376426
3582,DSP,7,3.6539876
3583,DST,8,2.6529958
3584,DSTN,1,5.6328363
3585,DSTYK,8,2.5715327
3586,DTD1,8,3.0668042
3587,DTD2,6,3.0243433
3588,DTHD1,3,0.28606778
3589,DTL,4,2.2220106
3590,DTNA,5,1.5520684
3591,DTNBP1,4,3.18373
3592,DTWD1,2,1.4527243
3593,DTWD2,2,1.7191586
3594,DTX1,2,1.879997
3595,DTX2,8,2.7577908
3596,DTX3,6,3.1054454
3597,DTX3L,7,3.9483335
3598,DTX4,9,3.1473303
3599,DTYMK,6,4.2800565
3600,DUOX1,5,1.6862468
3601,DUOX2,10,1.690318
3602,DUOXA1,5,1.490522
3603,DUOXA2,10,1.699023
3604,DUS1L,7,4.656909
3605,DUS2,2,2.2656522
3606,DUS3L,9,3.618703
3607,DUS4L,8,2.1200762
3608,DUSP1,1,5.280002
3609,DUSP10,2,2.3688238
3610,DUSP11,4,2.9816353
3611,DUSP12,6,3.428929
3612,DUSP14,4,2.6713665
3613,DUSP15,10,1.2372305
3614,DUSP16,4,3.2301586
3615,DUSP18,8,1.9241571
3616,DUSP19,5,1.2161745
3617,DUSP2,9,2.7133815
3618,DUSP21,3,0.008580729
3619,DUSP22,9,3.2142208
3620,DUSP23,7,4.7425275
3621,DUSP26,5,0.64496493
3622,DUSP28,10,1.4679692
3623,DUSP29,3,0.027298054
3624,DUSP4,6,2.8465238
3625,DUSP5,7,3.6570013
3626,DUSP6,7,4.469638
3627,DUSP7,6,3.2093475
3628,DUSP8,8,2.3011947
3629,DUSP9,3,0.51225257
3630,DUT,7,3.9168727
3631,DVL1,7,4.046891
3632,DVL2,6,3.6333115
3633,DVL3,7,4.1531677
3634,DXO,9,3.4500904
3635,DYDC1,3,0.11117001
3636,DYM,2,2.6909711
3637,DYNC1H1,9,4.0759974
3638,DYNC1I1,10,1.1065272
3639,DYNC1I2,7,3.6757042
3640,DYNC1LI1,7,3.8121183
3641,DYNC1LI2,7,4.463957
3642,DYNC2H1,5,1.3394704
3643,DYNC2I1,8,2.89474
3644,DYNC2I2,1,4.799815
3645,DYNC2LI1,2,2.7192116
3646,DYNLL1,1,5.237091
3647,DYNLL2,7,3.9335244
3648,DYNLRB1,1,5.022816
3649,DYNLRB2,10,1.1105696
3650,DYNLT2B,9,2.8091924
3651,DYNLT3,9,3.551517
3652,DYNLT4,10,0.62351704
3653,DYNLT5,10,0.7690714
3654,DYRK1A,8,2.51758
3655,DYRK1B,6,3.3206863
3656,DYRK2,4,2.6463413
3657,DYRK3,10,1.2135613
3658,DYRK4,4,2.8560383
3659,DYSF,8,2.5942326
3660,DYTN,3,0.023421165
3661,DZANK1,10,1.2270375
3662,DZIP1,2,1.6780896
3663,DZIP1L,10,1.3268856
3664,DZIP3,5,2.0902603
3665,E2F1,4,2.9657843
3666,E2F2,8,1.4576819
3667,E2F3,2,2.7496243
3668,E2F4,7,4.4105725
3669,E2F5,6,3.9077923
3670,E2F6,8,2.4378238
3671,E2F7,5,1.149282
3672,E2F8,8,1.4283938
3673,E4F1,6,3.5500069
3674,EAF1,6,3.4314106
3675,EAF2,2,2.2183852
3676,EAPP,7,4.5190434
3677,EARS2,4,3.0142019
3678,EBAG9,8,2.6142583
3679,EBF1,5,1.625625
3680,EBF2,10,0.87599206
3681,EBF3,5,0.8823285
3682,EBF4,2,2.496887
3683,EBI3,2,1.9624989
3684,EBNA1BP2,7,4.7310224
3685,EBP,7,4.217998
3686,EBPL,9,4.0024204
3687,ECD,9,3.502467
3688,ECE1,7,4.6989927
3689,ECE2,2,2.49556
3690,ECEL1,3,0.59504986
3691,ECH1,1,6.03426
3692,ECHDC1,7,3.8152475
3693,ECHDC2,7,4.493044
3694,ECHDC3,4,2.930348
3695,ECHS1,1,5.411604
3696,ECI1,6,4.4219723
3697,ECM1,6,3.7872205
3698,ECM2,2,2.0369244
3699,ECPAS,6,3.7616084
3700,ECRG4,4,2.1591587
3701,ECSIT,9,3.66093
3702,ECT2,6,2.9524782
3703,ECT2L,10,0.4001565
3704,EDA,5,1.3310381
3705,EDA2R,5,1.4283948
3706,EDAR,3,0.631571
3707,EDARADD,9,3.7663271
3708,EDC3,9,3.2083719
3709,EDC4,6,3.7627585
3710,EDEM1,6,3.533827
3711,EDEM2,7,4.1951613
3712,EDEM3,4,3.3603632
3713,EDF1,1,6.313122
3714,EDIL3,4,2.6796114
3715,EDN1,10,2.090822
3716,EDN2,10,1.388212
3717,EDN3,10,0.93073523
3718,EDNRA,4,2.5846984
3719,EDNRB,6,3.0738466
3720,EDRF1,2,2.4888992
3721,EEA1,4,2.5130897
3722,EED,4,2.6083655
3723,EEF1A2,5,1.5474033
3724,EEF1AKMT1,8,2.53022
3725,EEF1AKMT2,4,2.279834
3726,EEF1AKMT3,4,2.7252212
3727,EEF1AKMT4,3,0.0
3728,EEF1B2,1,5.8043604
3729,EEF1D,7,4.989605
3730,EEF1E1,6,3.5957968
3731,EEF1G,1,7.1139235
3732,EEF2,1,7.8862305
3733,EEF2K,9,3.0154355
3734,EEFSEC,9,3.3760705
3735,EEPD1,4,2.445873
3736,EFCAB11,8,1.8389988
3737,EFCAB12,5,1.2557235
3738,EFCAB14,7,4.167476
3739,EFCAB2,8,2.1619503
3740,EFCAB5,5,0.3612423
3741,EFCAB6,5,0.81359035
3742,EFCAB7,4,2.2419055
3743,EFCAB8,3,0.11136826
3744,EFCAB9,3,0.052668154
3745,EFCC1,2,1.4255855
3746,EFEMP1,6,3.5578954
3747,EFEMP2,6,3.7638779
3748,EFHB,10,0.55235696
3749,EFHC1,10,1.7653961
3750,EFHC2,5,0.78937685
3751,EFHD1,4,3.0089242
3752,EFHD2,1,4.9089894
3753,EFL1,6,2.9381895
3754,EFNA1,1,5.2428155
3755,EFNA2,10,0.8641094
3756,EFNA3,4,2.6401927
3757,EFNA4,6,3.3941498
3758,EFNA5,5,1.6167713
3759,EFNB1,9,3.7159936
3760,EFNB2,6,3.4537764
3761,EFNB3,5,1.5448232
3762,EFR3A,7,3.8946364
3763,EFR3B,5,1.261735
3764,EFS,5,1.8320425
3765,EFTUD2,7,4.158815
3766,EGF,5,0.87746644
3767,EGFL6,5,1.2245604
3768,EGFL7,2,2.4796267
3769,EGFL8,8,3.0546649
3770,EGFLAM,8,1.5312107
3771,EGFR,8,3.4405484
3772,EGLN1,7,3.927279
3773,EGLN2,7,4.359217
3774,EGLN3,9,2.865491
3775,EGR1,7,5.40601
3776,EGR2,2,2.6087263
3777,EGR3,8,2.1324792
3778,EGR4,3,0.34036556
3779,EHBP1,9,3.3429782
3780,EHBP1L1,9,3.556503
3781,EHD1,7,3.9209855
3782,EHD2,7,4.320412
3783,EHD3,2,2.2778294
3784,EHD4,6,3.6749485
3785,EHF,8,2.1008675
3786,EHHADH,4,2.7974706
3787,EHMT1,4,2.9210024
3788,EHMT2,6,4.0313687
3789,EI24,7,4.6034417
3790,EID1,1,5.5093894
3791,EID2,6,3.4113996
3792,EID2B,10,1.6282257
3793,EID3,2,1.279849
3794,EIF1,1,6.541134
3795,EIF1AD,6,3.1725953
3796,EIF1AX,7,4.1752543
3797,EIF1B,1,4.825247
3798,EIF2A,6,4.344028
3799,EIF2AK1,1,5.0829396
3800,EIF2AK2,2,2.9239223
3801,EIF2AK3,6,3.1053288
3802,EIF2AK4,9,3.2640097
3803,EIF2B1,6,3.8736868
3804,EIF2B2,8,3.2602494
3805,EIF2B3,6,3.4827642
3806,EIF2B4,7,3.9689727
3807,EIF2B5,7,4.169079
3808,EIF2D,7,4.463127
3809,EIF2S1,6,3.6584077
3810,EIF2S2,6,4.4379916
3811,EIF3A,7,4.7985225
3812,EIF3B,1,5.1676617
3813,EIF3D,7,5.2395587
3814,EIF3E,7,4.151736
3815,EIF3F,6,3.8109422
3816,EIF3G,1,5.8512383
3817,EIF3H,1,5.0817847
3818,EIF3I,7,5.0257277
3819,EIF3K,1,5.8277187
3820,EIF3L,1,5.6041517
3821,EIF3M,7,4.4808984
3822,EIF4A1,1,6.595931
3823,EIF4A2,1,6.328382
3824,EIF4E,6,3.4835334
3825,EIF4E1B,3,0.044961177
3826,EIF4E2,7,3.7331948
3827,EIF4E3,5,2.13993
3828,EIF4EBP2,7,4.3070745
3829,EIF4EBP3,7,4.613636
3830,EIF4ENIF1,6,2.9115207
3831,EIF4G1,7,5.262154
3832,EIF4G2,1,6.4072175
3833,EIF4G3,6,3.3155146
3834,EIF4H,1,5.7573156
3835,EIF5,7,4.534107
3836,EIF5A2,8,1.6872232
3837,EIF5B,1,4.4351034
3838,EIF6,1,5.674393
3839,EIPR1,9,3.3684986
3840,ELAC1,8,1.9035671
3841,ELAC2,7,3.9938295
3842,ELANE,3,0.34895727
3843,ELAPOR1,5,2.4340322
3844,ELAPOR2,5,1.718227
3845,ELAVL1,6,3.6632261
3846,ELAVL2,5,0.48041752
3847,ELAVL3,3,0.48006153
3848,ELAVL4,3,0.34250218
3849,ELF1,4,3.5908844
3850,ELF2,2,3.143411
3851,ELF3,7,3.7894442
3852,ELF4,4,2.5864382
3853,ELF5,10,0.7086345
3854,ELFN1,5,1.2230805
3855,ELFN2,10,0.9146175
3856,ELK1,4,2.9599
3857,ELK3,6,3.4762094
3858,ELK4,6,2.7803574
3859,ELL,2,3.0211844
3860,ELL2,6,3.4819403
3861,ELL3,4,2.9088533
3862,ELMO1,2,2.2071939
3863,ELMO2,8,3.6165822
3864,ELMO3,7,3.2751687
3865,ELMOD1,3,0.54421055
3866,ELMOD2,8,2.8882089
3867,ELMOD3,6,2.6869495
3868,ELN,9,3.4816887
3869,ELOA,6,3.8074276
3870,ELOB,7,4.3995275
3871,ELOC,2,2.4256754
3872,ELOF1,7,3.3918724
3873,ELOVL1,7,4.3077106
3874,ELOVL2,8,2.059871
3875,ELOVL3,3,0.44060394
3876,ELOVL4,5,1.1864737
3877,ELOVL5,9,3.8426054
3878,ELOVL6,2,2.2991898
3879,ELOVL7,2,2.5117755
3880,ELP1,6,3.1246567
3881,ELP2,6,3.3858805
3882,ELP3,6,3.4613776
3883,ELP4,10,1.2186067
3884,ELP5,4,3.4849603
3885,ELP6,6,3.892258
3886,EMB,4,2.9789884
3887,EMC1,7,3.5669112
3888,EMC10,7,4.2330866
3889,EMC2,9,3.512754
3890,EMC3,7,4.404134
3891,EMC4,7,4.8665576
3892,EMC6,7,4.2187324
3893,EMC7,1,5.162559
3894,EMC8,7,3.5334406
3895,EMC9,6,3.4585767
3896,EMCN,10,1.8328576
3897,EMD,7,5.032098
3898,EME1,9,3.1622226
3899,EME2,6,3.2348356
3900,EMG1,9,4.41221
3901,EMID1,8,2.4698648
3902,EMILIN1,6,3.6519952
3903,EMILIN2,2,2.482032
3904,EMILIN3,5,1.9469832
3905,EML1,5,2.1114132
3906,EML2,9,3.6244602
3907,EML3,6,3.7656639
3908,EML4,9,3.9033873
3909,EML5,2,1.9335128
3910,EML6,10,0.832052
3911,EMP1,9,3.6504476
3912,EMP2,7,3.9239986
3913,EMP3,6,4.031744
3914,EMSY,8,2.213674
3915,EMX1,3,0.73040235
3916,EMX2,3,0.88312644
3917,EN1,3,0.68633366
3918,EN2,3,0.74118465
3919,ENAH,9,3.2056415
3920,ENAM,5,1.3746842
3921,ENC1,9,3.1211753
3922,ENDOD1,6,3.8503723
3923,ENDOG,7,4.0236416
3924,ENDOU,5,0.41025743
3925,ENDOV,9,2.4637964
3926,ENG,7,4.6724606
3927,ENGASE,4,2.832471
3928,ENHO,5,1.7259426
3929,ENKD1,6,3.4581764
3930,ENKUR,10,0.6674457
3931,ENO2,6,3.6733303
3932,ENO3,7,4.5793567
3933,ENO4,5,0.71854603
3934,ENOPH1,7,4.3476734
3935,ENOX1,10,1.026485
3936,ENOX2,10,1.9570384
3937,ENPEP,2,2.025478
3938,ENPP1,9,2.0671878
3939,ENPP2,9,3.6904905
3940,ENPP3,5,1.4864641
3941,ENPP4,4,2.792249
3942,ENPP5,2,2.1853986
3943,ENPP6,10,0.57680625
3944,ENPP7,3,0.37834594
3945,ENSA,7,4.675538
3946,ENTHD1,3,0.353508
3947,ENTPD1,2,2.700084
3948,ENTPD2,8,2.5450554
3949,ENTPD3,5,1.1106153
3950,ENTPD5,6,3.0879033
3951,ENTPD6,7,4.128058
3952,ENTPD7,2,1.5386463
3953,ENTPD8,5,1.1825098
3954,ENTR1,7,3.8239942
3955,ENY2,7,4.024327
3956,EOGT,8,2.6060832
3957,EOMES,10,0.95493793
3958,EP300,6,3.5715556
3959,EP400,8,2.872173
3960,EPAS1,7,4.9771214
3961,EPB41,2,2.7509413
3962,EPB41L1,9,3.0553706
3963,EPB41L2,9,3.2455544
3964,EPB41L3,8,2.206995
3965,EPB41L4A,9,2.581345
3966,EPB41L4B,2,2.2651508
3967,EPB41L5,8,2.6516376
3968,EPB42,10,1.1011257
3969,EPC1,6,3.134946
3970,EPC2,4,2.72912
3971,EPCAM,1,4.7353487
3972,EPDR1,6,3.5717084
3973,EPG5,9,2.2847474
3974,EPGN,3,0.13471307
3975,EPHA1,9,3.2089531
3976,EPHA2,6,3.4632592
3977,EPHA3,4,1.5021738
3978,EPHA4,4,1.823194
3979,EPHA5,3,0.2997399
3980,EPHA6,3,0.13736004
3981,EPHA7,3,0.78608173
3982,EPHA8,3,0.17371666
3983,EPHB1,10,1.2705474
3984,EPHB2,2,1.9117365
3985,EPHB3,9,3.0047474
3986,EPHB4,7,4.0002003
3987,EPHB6,2,1.9915019
3988,EPHX1,7,4.203822
3989,EPHX2,4,3.0717144
3990,EPHX3,2,1.0781462
3991,EPHX4,2,1.3233508
3992,EPM2A,2,2.015157
3993,EPM2AIP1,4,2.8165092
3994,EPN1,8,3.3949707
3995,EPN2,9,2.931872
3996,EPN3,2,1.850706
3997,EPO,3,0.5674913
3998,EPOP,8,2.0751152
3999,EPOR,8,2.5020266
4000,EPPIN,3,0.047214773
4001,EPPK1,2,1.8411214
4002,EPS15,6,3.8027632
4003,EPS15L1,4,3.040393
4004,EPS8,6,3.3806825
4005,EPS8L1,4,2.2732968
4006,EPS8L2,7,3.9229934
4007,EPS8L3,10,1.4189595
4008,EPSTI1,9,2.8028808
4009,EPX,10,0.19855377
4010,EPYC,3,0.4990872
4011,ERAL1,7,4.56079
4012,ERAP1,6,3.6024692
4013,ERAS,3,0.19184625
4014,ERBB2,7,4.5694594
4015,ERBB3,7,4.6032906
4016,ERBB4,3,0.6649146
4017,ERBIN,6,3.4550972
4018,ERC1,4,2.9390314
4019,ERC2,3,0.358307
4020,ERCC1,9,3.90178
4021,ERCC2,4,3.054602
4022,ERCC3,7,3.9975853
4023,ERCC4,4,1.7760646
4024,ERCC6,8,1.6560694
4025,ERCC6L,5,1.1780438
4026,ERCC8,5,1.2772979
4027,EREG,10,0.8776556
4028,ERF,6,4.2606983
4029,ERFE,5,1.2288963
4030,ERFL,3,0.0
4031,ERG,5,2.2230737
4032,ERG28,7,3.993202
4033,ERGIC1,7,5.1304846
4034,ERGIC2,6,3.2434313
4035,ERGIC3,1,6.210825
4036,ERI1,2,2.4558015
4037,ERI2,4,2.6706796
4038,ERI3,7,4.2411356
4039,ERICH4,10,0.31882763
4040,ERICH5,5,1.177508
4041,ERICH6,3,0.33328828
4042,ERLEC1,7,4.018204
4043,ERLIN1,9,3.9105217
4044,ERLIN2,9,3.4395864
4045,ERMAP,4,2.3022456
4046,ERMN,3,0.66969067
4047,ERMP1,6,3.193552
4048,ERN1,8,1.9380887
4049,ERN2,10,1.3028826
4050,ERO1A,7,3.9849865
4051,ERO1B,8,2.322904
4052,ERP27,5,2.1434216
4053,ERP29,7,4.7804456
4054,ERP44,6,3.7917378
4055,ERRFI1,9,3.6477458
4056,ESAM,7,4.089445
4057,ESCO1,9,2.6330469
4058,ESCO2,10,1.5066017
4059,ESD,6,3.7047958
4060,ESF1,8,2.6869833
4061,ESM1,4,2.6802874
4062,ESPL1,8,1.7882531
4063,ESPNL,3,0.5649385
4064,ESR1,8,1.1608192
4065,ESR2,10,0.24218863
4066,ESRP1,7,3.2619488
4067,ESRP2,7,3.2543228
4068,ESRRA,7,3.9003496
4069,ESRRB,3,0.19103456
4070,ESRRG,5,0.88036156
4071,ESS2,2,2.6213481
4072,ESYT1,7,4.6337247
4073,ESYT2,7,4.2294087
4074,ESYT3,10,0.88829756
4075,ETAA1,2,2.318658
4076,ETF1,7,4.4429045
4077,ETFA,7,4.600557
4078,ETFB,6,4.310745
4079,ETFBKMT,10,1.695401
4080,ETFDH,6,3.0029218
4081,ETFRF1,4,2.5432584
4082,ETHE1,7,4.276998
4083,ETNK1,9,3.3163006
4084,ETNK2,6,3.092921
4085,ETNPPL,5,0.8373241
4086,ETS1,6,3.9592285
4087,ETS2,7,3.8619459
4088,ETV1,5,2.2380517
4089,ETV2,10,1.1663513
4090,ETV3,6,2.8989038
4091,ETV3L,5,0.34629008
4092,ETV4,8,2.9250903
4093,ETV5,7,3.102795
4094,ETV6,9,3.2387226
4095,EVA1A,5,1.3449099
4096,EVA1B,6,3.250338
4097,EVA1C,2,2.3091226
4098,EVC,4,2.3593419
4099,EVC2,5,1.3199627
4100,EVI2A,8,2.1942046
4101,EVI2B,4,3.0578513
4102,EVI5,8,2.205782
4103,EVI5L,8,2.893475
4104,EVL,9,3.4733963
4105,EVPL,6,2.6539254
4106,EVX1,10,0.4607346
4107,EVX2,3,0.108958155
4108,EWSR1,1,5.337355
4109,EXD1,3,0.048782285
4110,EXD2,6,2.633161
4111,EXO1,2,1.4020202
4112,EXO5,2,1.7503567
4113,EXOC1,7,3.5274482
4114,EXOC1L,3,0.0
4115,EXOC2,4,3.0704632
4116,EXOC3,7,4.234661
4117,EXOC3L1,5,1.8681198
4118,EXOC3L2,5,1.5248058
4119,EXOC3L4,10,0.99986845
4120,EXOC4,7,3.855565
4121,EXOC5,9,2.825369
4122,EXOC6,2,2.5364542
4123,EXOC6B,2,2.3764148
4124,EXOC7,7,4.5299053
4125,EXOC8,9,2.6099186
4126,EXOG,5,2.0477536
4127,EXOSC1,9,3.7884243
4128,EXOSC10,7,4.294039
4129,EXOSC2,6,3.4444292
4130,EXOSC3,2,2.222288
4131,EXOSC4,6,3.885257
4132,EXOSC5,9,4.1556664
4133,EXOSC6,4,3.1495547
4134,EXOSC7,7,4.6995416
4135,EXOSC8,4,2.8543444
4136,EXOSC9,6,3.767059
4137,EXPH5,10,1.4007024
4138,EXT1,6,3.129416
4139,EXT2,6,3.1066167
4140,EXTL1,3,0.919504
4141,EXTL2,9,2.6784277
4142,EXTL3,4,2.744306
4143,EYA1,10,0.7271815
4144,EYA2,2,2.1187456
4145,EYA3,8,2.7318428
4146,EYA4,10,0.69243073
4147,EZH1,4,3.231764
4148,EZH2,8,2.7051435
4149,EZR,1,5.739792
4150,F10,2,2.2365031
4151,F11,3,0.42574885
4152,F11R,1,4.364242
4153,F12,2,2.530805
4154,F13A1,9,2.693753
4155,F13B,3,0.4483682
4156,F2,10,0.8830892
4157,F2R,6,3.740827
4158,F2RL1,6,3.0890708
4159,F2RL2,10,1.5517461
4160,F2RL3,5,1.7140148
4161,F3,6,3.5775905
4162,F5,5,1.7155793
4163,F7,10,0.94162154
4164,F8,10,1.8671242
4165,F9,3,0.4740951
4166,FA2H,5,2.1466465
4167,FAAH,9,2.970974
4168,FAAP100,6,3.5483828
4169,FAAP20,7,4.542693
4170,FAAP24,4,1.7771846
4171,FABP1,3,1.6288949
4172,FABP12,3,0.011962871
4173,FABP2,3,0.34464943
4174,FABP3,10,2.4305596
4175,FABP4,4,1.6013228
4176,FABP5,9,3.4250426
4177,FABP6,5,1.1380328
4178,FABP7,10,1.4455999
4179,FABP9,3,0.026919436
4180,FADD,7,3.9108615
4181,FADS1,4,2.8096697
4182,FADS2,4,3.7403507
4183,FADS3,9,3.4358213
4184,FADS6,3,0.3453233
4185,FAF1,6,3.278375
4186,FAF2,7,4.002939
4187,FAH,6,3.4515045
4188,FAHD1,9,3.677388
4189,FAHD2A,2,2.4291134
4190,FAIM2,10,1.2869827
4191,FAM107A,8,2.0070727
4192,FAM107B,6,3.7321246
4193,FAM110A,8,2.863844
4194,FAM110B,10,1.7973404
4195,FAM110D,5,0.971117
4196,FAM114A1,6,3.7306957
4197,FAM114A2,4,2.323291
4198,FAM117A,4,3.115488
4199,FAM117B,2,2.4403322
4200,FAM118A,4,2.355029
4201,FAM118B,4,3.1134942
4202,FAM120A,7,4.630593
4203,FAM120B,9,2.9497201
4204,FAM120C,8,1.8851626
4205,FAM124A,10,1.1156478
4206,FAM124B,3,0.6573807
4207,FAM131A,8,2.2659938
4208,FAM131B,10,0.9555146
4209,FAM131C,10,0.91215956
4210,FAM133B,4,2.6081917
4211,FAM135A,8,2.170225
4212,FAM135B,3,0.39750078
4213,FAM136A,7,4.2218633
4214,FAM13A,6,2.638962
4215,FAM13B,6,2.7664638
4216,FAM13C,8,1.754792
4217,FAM149A,2,1.8388594
4218,FAM149B1,9,3.2436044
4219,FAM151A,8,1.8534652
4220,FAM151B,10,1.2231798
4221,FAM161B,6,3.138224
4222,FAM162A,6,3.585399
4223,FAM162B,10,1.086588
4224,FAM163A,3,0.28245366
4225,FAM163B,3,0.20677716
4226,FAM167A,2,1.4461638
4227,FAM167B,8,3.0450554
4228,FAM168A,7,3.5341687
4229,FAM168B,6,4.0046964
4230,FAM169A,5,1.41889
4231,FAM170A,3,0.07603199
4232,FAM171A1,4,3.122867
4233,FAM171A2,4,1.4386909
4234,FAM171B,8,1.669712
4235,FAM174A,7,3.7796323
4236,FAM174B,9,3.468135
4237,FAM174C,7,4.859265
4238,FAM178B,5,0.9435356
4239,FAM180A,10,0.96761495
4240,FAM181A,5,0.5369727
4241,FAM181B,10,0.7818143
4242,FAM184A,10,1.1968193
4243,FAM184B,2,1.7545202
4244,FAM185A,2,2.0996318
4245,FAM186B,3,0.5371147
4246,FAM187A,3,0.0
4247,FAM193A,8,3.025883
4248,FAM193B,6,3.50285
4249,FAM199X,9,3.2527332
4250,FAM204A,8,2.094214
4251,FAM20A,8,2.2916987
4252,FAM20B,4,3.4959643
4253,FAM20C,6,3.76284
4254,FAM210A,8,2.4197297
4255,FAM210B,7,4.7804146
4256,FAM216A,2,2.1027193
4257,FAM216B,3,0.24936326
4258,FAM217B,8,2.149595
4259,FAM219A,9,3.0533454
4260,FAM219B,6,3.7076268
4261,FAM221A,2,2.2621827
4262,FAM222A,5,1.8580438
4263,FAM222B,4,3.1907988
4264,FAM227B,2,2.1978617
4265,FAM228B,8,2.5635085
4266,FAM229A,2,2.6386046
4267,FAM229B,8,1.7333194
4268,FAM234A,7,4.198326
4269,FAM234B,2,2.2466161
4270,FAM240A,3,0.0
4271,FAM240B,3,0.0
4272,FAM241A,2,1.7281382
4273,FAM241B,8,2.307292
4274,FAM32A,1,5.0808277
4275,FAM3A,7,4.2336655
4276,FAM3B,9,2.4008899
4277,FAM3C,6,3.122717
4278,FAM3D,10,1.7444998
4279,FAM43A,9,2.707214
4280,FAM43B,10,0.7512718
4281,FAM47E,2,1.2156578
4282,FAM50A,1,5.080751
4283,FAM50B,4,2.7490475
4284,FAM53A,10,0.9812489
4285,FAM53B,9,2.8857756
4286,FAM53C,4,3.0700512
4287,FAM76A,8,2.4379783
4288,FAM76B,2,2.5879421
4289,FAM78A,2,1.944053
4290,FAM78B,5,1.6017702
4291,FAM81A,10,1.4373062
4292,FAM81B,3,0.69453526
4293,FAM83A,3,0.8243522
4294,FAM83B,5,0.7937399
4295,FAM83C,3,0.21937375
4296,FAM83D,4,2.676419
4297,FAM83E,5,1.4055878
4298,FAM83F,10,1.2425951
4299,FAM83G,4,2.690751
4300,FAM83H,6,3.4153743
4301,FAM89A,6,2.9257956
4302,FAM89B,7,4.638756
4303,FAM8A1,6,3.6238732
4304,FAM91A1,6,3.5727339
4305,FAM98A,7,3.7818792
4306,FAM98B,6,2.8596914
4307,FAM98C,7,3.829566
4308,FAN1,9,2.7557137
4309,FANCA,4,2.6972034
4310,FANCC,2,1.9119273
4311,FANCD2,4,1.8512133
4312,FANCD2OS,10,1.2091306
4313,FANCE,4,2.341799
4314,FANCG,2,2.416052
4315,FANCI,9,2.9615662
4316,FANCL,8,2.2845094
4317,FANCM,2,0.93967396
4318,FANK1,8,1.9635602
4319,FAP,4,2.4990807
4320,FAR1,6,3.2287068
4321,FAR2,8,2.2585034
4322,FARP1,9,3.4670985
4323,FARP2,6,3.4417496
4324,FARS2,8,2.3398538
4325,FARSA,7,4.6279693
4326,FARSB,6,3.1612012
4327,FASLG,10,0.8223437
4328,FASN,7,4.6544633
4329,FASTK,1,4.8183975
4330,FASTKD1,2,2.3292181
4331,FASTKD2,6,2.740143
4332,FASTKD3,4,2.4094176
4333,FASTKD5,4,2.9788165
4334,FAT1,9,3.5802095
4335,FAT2,10,0.49225596
4336,FAT3,3,0.41458383
4337,FAT4,10,1.1832829
4338,FAU,1,6.3970485
4339,FAXC,5,0.9572804
4340,FBF1,8,2.1577868
4341,FBH1,7,4.0010915
4342,FBL,1,5.819407
4343,FBLIM1,6,3.3778603
4344,FBLL1,3,0.0
4345,FBLN1,9,3.6369739
4346,FBLN2,6,3.1154892
4347,FBLN5,9,3.1597173
4348,FBLN7,8,2.2355201
4349,FBN1,9,2.7472613
4350,FBN2,3,0.7431377
4351,FBP1,9,3.962348
4352,FBP2,5,0.5802699
4353,FBRS,7,4.037661
4354,FBRSL1,6,3.073206
4355,FBXL12,6,3.1614463
4356,FBXL13,5,0.48614225
4357,FBXL14,9,2.8608127
4358,FBXL15,9,2.979353
4359,FBXL16,4,2.2888613
4360,FBXL17,6,2.965939
4361,FBXL18,5,1.2428852
4362,FBXL19,4,2.8174794
4363,FBXL2,5,1.7391291
4364,FBXL20,4,2.2349772
4365,FBXL22,10,1.0318747
4366,FBXL3,7,3.6027827
4367,FBXL4,8,2.3301167
4368,FBXL5,7,4.6059995
4369,FBXL6,6,3.974953
4370,FBXL7,2,2.3180976
4371,FBXL8,2,2.2839694
4372,FBXO10,4,3.284346
4373,FBXO11,6,3.7929158
4374,FBXO15,2,0.9779235
4375,FBXO16,6,3.9283714
4376,FBXO17,4,2.1422553
4377,FBXO2,6,3.0185068
4378,FBXO21,9,3.4843605
4379,FBXO22,2,2.3138423
4380,FBXO24,5,0.74624634
4381,FBXO25,4,2.5298402
4382,FBXO27,2,1.5997024
4383,FBXO28,4,3.3666818
4384,FBXO3,9,2.5472727
4385,FBXO30,8,1.5750258
4386,FBXO31,4,3.262542
4387,FBXO32,6,3.1900964
4388,FBXO33,8,2.7383564
4389,FBXO34,4,3.108398
4390,FBXO36,10,1.8021426
4391,FBXO38,6,3.3140743
4392,FBXO39,3,0.3978447
4393,FBXO4,8,2.7494407
4394,FBXO40,3,0.05254042
4395,FBXO41,4,1.8095143
4396,FBXO42,4,2.7515225
4397,FBXO43,5,0.537684
4398,FBXO44,4,2.9088786
4399,FBXO45,4,2.593178
4400,FBXO46,6,3.2372952
4401,FBXO47,3,0.03335764
4402,FBXO48,10,1.1020454
4403,FBXO5,4,2.4758525
4404,FBXO6,6,3.2756674
4405,FBXO7,7,5.0906973
4406,FBXO8,4,3.3556042
4407,FBXO9,9,3.4914083
4408,FBXW11,6,3.5520425
4409,FBXW2,4,2.842314
4410,FBXW4,1,4.1745367
4411,FBXW5,7,4.8095427
4412,FBXW7,8,2.3870769
4413,FBXW8,8,2.4161317
4414,FBXW9,6,3.0774112
4415,FCER1G,9,4.3661084
4416,FCER2,10,0.57058525
4417,FCF1,4,3.3040926
4418,FCGR1A,2,2.1565316
4419,FCGRT,7,5.0456896
4420,FCHO1,10,1.796461
4421,FCHO2,9,3.1540976
4422,FCHSD1,4,2.609783
4423,FCHSD2,4,3.1501048
4424,FCMR,2,1.9548002
4425,FCN1,5,0.9224777
4426,FCRLA,10,1.2599347
4427,FCRLB,5,1.2820907
4428,FCSK,9,3.0855112
4429,FDFT1,7,4.371465
4430,FDPS,7,4.2726307
4431,FDX1,9,3.0918007
4432,FDX2,6,3.602142
4433,FDXACB1,4,1.8526324
4434,FECH,2,2.4632986
4435,FEM1B,9,3.541622
4436,FEM1C,4,3.0161412
4437,FEN1,6,3.617631
4438,FER,2,1.7606072
4439,FER1L5,10,0.17692119
4440,FER1L6,3,0.41862983
4441,FERD3L,3,0.016811332
4442,FERMT1,8,1.5845236
4443,FERMT2,9,3.6971238
4444,FERMT3,4,2.8676662
4445,FES,8,2.577194
4446,FETUB,3,0.4429588
4447,FEV,10,0.592011
4448,FEZ1,5,1.7792886
4449,FEZ2,7,4.0862827
4450,FEZF1,3,0.3875335
4451,FEZF2,3,0.16680568
4452,FFAR1,3,0.02665318
4453,FFAR2,5,0.9985934
4454,FFAR4,10,0.81670773
4455,FGB,3,1.3422247
4456,FGD1,8,2.5269415
4457,FGD2,8,2.042474
4458,FGD3,2,2.0754158
4459,FGD4,2,2.2141469
4460,FGD5,2,2.3281572
4461,FGD6,2,2.0606842
4462,FGF1,5,1.5030755
4463,FGF10,3,0.32928142
4464,FGF11,5,1.4975767
4465,FGF12,10,0.8120588
4466,FGF13,5,0.8743687
4467,FGF14,10,1.2891695
4468,FGF16,3,0.10756587
4469,FGF17,10,0.5051222
4470,FGF18,10,0.9368751
4471,FGF2,5,1.9442321
4472,FGF20,3,0.38567978
4473,FGF21,3,0.37681645
4474,FGF22,5,0.4614838
4475,FGF23,3,0.077874415
4476,FGF3,3,0.040561445
4477,FGF4,3,0.046274196
4478,FGF5,3,0.12213101
4479,FGF6,3,0.014277806
4480,FGF7,10,1.2318562
4481,FGF8,3,0.21182348
4482,FGF9,5,0.4124913
4483,FGFBP1,5,0.93145096
4484,FGFBP3,5,1.3916167
4485,FGFR1,9,3.214051
4486,FGFR1OP2,9,3.3375468
4487,FGFR2,8,2.2561238
4488,FGFR3,4,2.8343396
4489,FGFR4,2,2.4078107
4490,FGFRL1,4,3.4340298
4491,FGG,3,1.5451428
4492,FGGY,4,2.4576023
4493,FGL1,10,0.89116377
4494,FGL2,2,3.0288224
4495,FGR,2,2.000346
4496,FH,7,4.184918
4497,FHAD1,5,0.86508834
4498,FHDC1,8,1.7217946
4499,FHIP1A,10,0.8003911
4500,FHIP1B,4,3.3848138
4501,FHIP2A,4,2.7561386
4502,FHIP2B,9,3.590801
4503,FHIT,8,2.005739
4504,FHL2,8,2.4385788
4505,FHL3,8,2.2814448
4506,FHL5,5,0.692622
4507,FHOD1,9,3.1649666
4508,FHOD3,8,1.8463284
4509,FIBCD1,10,0.7236979
4510,FIBIN,5,2.300207
4511,FIBP,7,4.7940936
4512,FICD,2,2.0453892
4513,FIG4,4,2.6291661
4514,FIGLA,3,0.05312641
4515,FIGN,5,0.99856627
4516,FIGNL1,2,2.0423303
4517,FIGNL2,3,0.0
4518,FILIP1,10,1.1124132
4519,FILIP1L,9,2.738359
4520,FIS1,1,5.321183
4521,FITM1,5,0.72905034
4522,FITM2,4,2.841803
4523,FIZ1,9,2.9027638
4524,FJX1,4,2.3935158
4525,FKBP10,7,4.5407467
4526,FKBP11,9,4.031609
4527,FKBP14,8,2.5063512
4528,FKBP15,2,2.9232516
4529,FKBP1B,8,2.5996358
4530,FKBP2,1,5.7040205
4531,FKBP3,7,4.6573067
4532,FKBP4,1,4.746992
4533,FKBP5,6,2.991096
4534,FKBP6,3,0.4636884
4535,FKBP7,8,2.5422275
4536,FKBP8,1,5.3177385
4537,FKBP9,7,4.619145
4538,FKBPL,4,2.7258976
4539,FKRP,8,2.3745346
4540,FKTN,2,1.719205
4541,FLACC1,3,0.4989897
4542,FLAD1,6,3.5711305
4543,FLCN,8,2.9968321
4544,FLI1,8,2.5080206
4545,FLII,7,4.6732635
4546,FLNA,1,5.697875
4547,FLNB,7,4.555523
4548,FLNC,10,2.178904
4549,FLOT1,1,5.6049833
4550,FLOT2,1,4.9498577
4551,FLRT1,10,0.68254715
4552,FLRT2,10,0.6004274
4553,FLRT3,2,1.9866159
4554,FLT1,8,2.767139
4555,FLT3,3,0.5626831
4556,FLT3LG,2,2.1918175
4557,FLT4,2,2.0908725
4558,FLVCR1,8,2.3487287
4559,FLVCR2,8,2.1435845
4560,FLYWCH1,9,3.0135577
4561,FLYWCH2,2,2.3187242
4562,FMC1,6,4.0694494
4563,FMN1,5,1.5009619
4564,FMN2,3,0.5910257
4565,FMNL1,4,2.9761305
4566,FMNL2,9,3.3021085
4567,FMNL3,4,2.824197
4568,FMO1,8,1.5237147
4569,FMO2,10,1.5454991
4570,FMO3,10,1.50285
4571,FMO4,10,1.6854025
4572,FMO5,8,2.1945226
4573,FMOD,7,3.6592875
4574,FMR1,9,3.2875016
4575,FN1,1,6.320207
4576,FN3K,7,4.2304287
4577,FN3KRP,7,4.3413095
4578,FNBP1,6,3.4226243
4579,FNBP1L,6,3.6258106
4580,FNBP4,9,3.722034
4581,FNDC1,8,1.9128798
4582,FNDC10,6,2.6295757
4583,FNDC11,5,0.41588756
4584,FNDC3A,4,3.5461857
4585,FNDC3B,4,3.0551124
4586,FNDC4,4,2.8815799
4587,FNDC5,5,1.1510538
4588,FNDC7,10,0.049020533
4589,FNDC8,10,1.1923087
4590,FNDC9,3,0.17430446
4591,FNIP1,4,2.843858
4592,FNIP2,9,3.0728369
4593,FNTA,7,4.4916406
4594,FNTB,6,3.461445
4595,FOCAD,9,2.7952342
4596,FOLH1,2,2.0371048
4597,FOLR2,8,2.386027
4598,FOS,7,5.285525
4599,FOSB,9,3.0181296
4600,FOSL1,2,2.4417229
4601,FOSL2,7,4.053054
4602,FOXA1,2,2.6736188
4603,FOXA2,10,1.6776915
4604,FOXA3,3,1.841871
4605,FOXB1,3,0.12522678
4606,FOXB2,3,0.045901302
4607,FOXC1,8,2.1866968
4608,FOXC2,5,0.9075188
4609,FOXD1,5,1.2538009
4610,FOXD2,8,1.5898026
4611,FOXD3,10,0.6359919
4612,FOXE1,5,0.72937137
4613,FOXE3,3,0.163745
4614,FOXF1,2,1.8364075
4615,FOXF2,5,1.735274
4616,FOXG1,3,0.4910239
4617,FOXH1,8,2.8590512
4618,FOXI1,3,0.4065725
4619,FOXI2,3,0.23282798
4620,FOXI3,3,0.18669714
4621,FOXJ1,5,1.3609089
4622,FOXJ2,6,2.807492
4623,FOXJ3,9,3.1218705
4624,FOXK1,6,2.8185482
4625,FOXK2,6,3.7539713
4626,FOXL1,10,0.83641523
4627,FOXL2,10,0.32974815
4628,FOXL3,3,0.0
4629,FOXM1,2,3.248821
4630,FOXN1,3,0.34384605
4631,FOXN2,4,2.5078251
4632,FOXN3,9,3.196241
4633,FOXN4,3,0.23158967
4634,FOXO1,8,2.7217982
4635,FOXO3,6,3.243104
4636,FOXO4,4,3.0396137
4637,FOXO6,5,1.7093025
4638,FOXP1,6,2.7167015
4639,FOXP2,5,0.8409218
4640,FOXP3,5,1.6477259
4641,FOXP4,7,3.7438524
4642,FOXQ1,8,2.4464982
4643,FOXR2,3,0.03123127
4644,FOXRED1,6,3.6011462
4645,FOXRED2,8,3.003999
4646,FOXS1,2,1.9814916
4647,FPGS,7,4.163435
4648,FPGT,4,2.484606
4649,FPR1,8,1.9116837
4650,FRA10AC1,2,2.3692176
4651,FRAS1,5,1.2116636
4652,FREM1,10,0.7649679
4653,FREM2,5,1.0694731
4654,FREM3,3,0.091721885
4655,FRK,4,1.7133238
4656,FRMD3,5,1.7914684
4657,FRMD4A,8,2.500567
4658,FRMD4B,8,2.657817
4659,FRMD5,5,1.1886432
4660,FRMD6,9,2.5999367
4661,FRMD7,3,0.1002273
4662,FRMD8,6,3.684854
4663,FRMPD1,3,0.40429482
4664,FRMPD2,3,0.32149252
4665,FRMPD3,5,0.81342405
4666,FRMPD4,10,0.08520529
4667,FRRS1,10,1.0862223
4668,FRRS1L,3,0.46194407
4669,FRS2,2,2.4487174
4670,FRS3,8,1.9888633
4671,FRY,8,1.9213884
4672,FRYL,9,2.740439
4673,FRZB,9,3.0094442
4674,FSBP,5,1.311142
4675,FSCN1,7,4.274547
4676,FSCN2,10,0.960403
4677,FSCN3,7,3.8916872
4678,FSD1,10,0.8374341
4679,FSD1L,5,1.1364187
4680,FSD2,10,0.7705723
4681,FSHB,3,0.010487932
4682,FSHR,3,0.01925274
4683,FSIP1,10,0.7044469
4684,FSIP2,3,0.24600779
4685,FST,8,1.8594342
4686,FSTL1,1,4.7612457
4687,FSTL3,9,3.6290584
4688,FSTL4,3,0.70252275
4689,FSTL5,3,0.24188082
4690,FTCD,3,1.0357668
4691,FTH1,1,7.8627634
4692,FTMT,3,0.064994834
4693,FTO,9,2.5708218
4694,FTSJ1,7,3.8330283
4695,FTSJ3,7,4.2016735
4696,FUBP1,9,3.5278854
4697,FUBP3,6,4.1133237
4698,FUCA1,7,4.7044654
4699,FUCA2,7,4.3608975
4700,FUNDC1,7,3.7371597
4701,FUOM,2,2.5777295
4702,FURIN,7,4.370042
4703,FUS,1,4.83075
4704,FUT1,2,1.7742097
4705,FUT10,2,1.9255015
4706,FUT11,6,3.380133
4707,FUT4,5,2.1026514
4708,FUT7,3,0.71177495
4709,FUT8,7,2.652211
4710,FUT9,3,0.35349044
4711,FUZ,6,3.6365228
4712,FXN,8,1.675298
4713,FXR1,6,3.6047678
4714,FXR2,6,3.8740997
4715,FXYD1,5,2.0749013
4716,FXYD2,10,1.239665
4717,FXYD3,9,2.9021637
4718,FXYD4,3,0.41119647
4719,FXYD6,2,2.7727666
4720,FXYD7,10,0.80685365
4721,FYB2,5,0.82469434
4722,FYCO1,9,3.0518787
4723,FYN,4,3.1229887
4724,FYTTD1,6,3.3916929
4725,FZD1,6,3.0571094
4726,FZD10,5,0.83821785
4727,FZD2,2,1.5830319
4728,FZD3,2,1.4839333
4729,FZD4,6,2.9766843
4730,FZD5,6,2.7744434
4731,FZD6,9,3.0420594
4732,FZD7,4,2.6891556
4733,FZD8,2,2.2338524
4734,FZD9,3,0.88457257
4735,FZR1,4,3.1843185
4736,G0S2,9,3.4740942
4737,G2E3,8,2.0756624
4738,G3BP1,9,3.7703924
4739,G3BP2,7,3.735244
4740,G6PC2,10,0.07202984
4741,G6PC3,7,4.46201
4742,GAA,7,4.6864095
4743,GAB1,2,2.44305
4744,GAB2,2,2.964862
4745,GAB3,2,1.3876573
4746,GABARAP,1,6.203571
4747,GABARAPL1,9,4.020569
4748,GABARAPL2,7,5.2850037
4749,GABBR1,6,3.8001084
4750,GABBR2,10,0.8463295
4751,GABPA,8,2.6103418
4752,GABPB1,9,2.942731
4753,GABPB2,2,1.9100089
4754,GABRA1,3,0.15787765
4755,GABRA2,3,0.2207929
4756,GABRA3,10,0.54583645
4757,GABRA4,3,0.0921596
4758,GABRA5,3,0.26001263
4759,GABRA6,3,0.031555198
4760,GABRB1,3,0.27632338
4761,GABRB2,10,0.73018163
4762,GABRB3,5,1.392864
4763,GABRD,5,1.5803599
4764,GABRG1,3,0.14140205
4765,GABRG2,3,0.07801437
4766,GABRG3,5,0.34269598
4767,GABRP,5,1.2782003
4768,GABRQ,3,0.4040519
4769,GABRR1,10,0.1598347
4770,GABRR2,3,0.17177397
4771,GABRR3,10,0.066958666
4772,GAD1,3,0.8414107
4773,GAD2,3,0.12162903
4774,GADD45A,7,4.378571
4775,GADD45B,7,4.3604717
4776,GADD45G,9,3.2225785
4777,GADD45GIP1,1,5.1953435
4778,GADL1,3,0.12912129
4779,GAK,7,4.1443586
4780,GAL,10,1.2864646
4781,GAL3ST1,2,1.4023716
4782,GAL3ST3,10,0.5987785
4783,GAL3ST4,2,2.702519
4784,GALC,6,3.244746
4785,GALE,7,4.1415358
4786,GALK1,6,3.7147274
4787,GALK2,9,2.6440284
4788,GALM,6,3.6574378
4789,GALNS,6,3.259177
4790,GALNT1,8,3.567429
4791,GALNT10,9,3.083508
4792,GALNT11,4,2.9327726
4793,GALNT12,2,2.3392437
4794,GALNT13,5,0.49330103
4795,GALNT14,5,1.6371613
4796,GALNT15,10,1.6283776
4797,GALNT16,10,1.2267325
4798,GALNT17,10,1.2304918
4799,GALNT18,9,3.1921792
4800,GALNT2,7,4.4704432
4801,GALNT3,9,2.8380144
4802,GALNT4,6,2.736549
4803,GALNT5,5,1.2627907
4804,GALNT6,4,2.3410954
4805,GALNT7,9,3.5145147
4806,GALNT9,3,0.7374957
4807,GALNTL5,3,0.036045216
4808,GALNTL6,3,0.35596648
4809,GALP,3,0.057017207
4810,GALR1,3,0.18794711
4811,GALR2,3,0.290583
4812,GALR3,3,0.10759165
4813,GALT,9,3.1229236
4814,GAMT,9,3.3849676
4815,GAN,5,1.4390314
4816,GANAB,1,5.9093585
4817,GANC,2,2.4144802
4818,GAP43,10,1.3257891
4819,GAPDHS,10,1.586525
4820,GAPT,10,1.1088798
4821,GAPVD1,8,2.7550347
4822,GAR1,9,3.2771685
4823,GAREM1,8,2.1777124
4824,GAREM2,2,1.654582
4825,GARNL3,8,1.8367232
4826,GARRE1,6,2.9247224
4827,GART,7,3.696883
4828,GAS1,4,2.1710973
4829,GAS2,5,1.250582
4830,GAS2L1,4,3.1054373
4831,GAS2L2,3,0.27225202
4832,GAS2L3,10,1.6096127
4833,GAS6,7,4.413308
4834,GAS7,9,2.5115685
4835,GAS8,4,3.645809
4836,GASK1A,5,0.9532791
4837,GASK1B,4,3.09462
4838,GAST,3,0.28060073
4839,GATA1,5,0.19228557
4840,GATA2,2,1.7201595
4841,GATA3,10,1.7953018
4842,GATA4,3,0.9074001
4843,GATA5,3,0.546227
4844,GATA6,10,1.870591
4845,GATAD1,9,3.609587
4846,GATAD2A,6,3.571252
4847,GATAD2B,9,2.993052
4848,GATB,9,3.0484982
4849,GATC,7,4.3295927
4850,GATD1,6,3.886026
4851,GATD3,6,3.8696828
4852,GATM,6,3.5643852
4853,GBA2,6,3.790781
4854,GBE1,6,3.5846136
4855,GBF1,9,3.8850007
4856,GBGT1,8,1.6773914
4857,GBP5,10,1.5773091
4858,GBX1,3,0.03527028
4859,GBX2,3,0.4096035
4860,GC,3,0.95511156
4861,GCA,2,2.7236962
4862,GCAT,9,3.2028675
4863,GCC1,6,3.6955466
4864,GCC2,4,3.1313477
4865,GCDH,9,2.8246932
4866,GCFC2,8,2.6661444
4867,GCG,3,0.20352642
4868,GCGR,3,0.29323676
4869,GCH1,8,2.653286
4870,GCHFR,6,3.3818545
4871,GCK,10,0.39821634
4872,GCKR,3,0.7003697
4873,GCLC,9,3.2905648
4874,GCLM,9,2.950825
4875,GCM1,10,0.14396036
4876,GCM2,3,0.022298407
4877,GCN1,7,3.868936
4878,GCNT1,2,2.1598608
4879,GCNT3,5,1.4232529
4880,GCNT4,10,0.8778441
4881,GCSAM,3,0.82047474
4882,GCSH,2,2.5084512
4883,GDA,5,1.2523683
4884,GDAP1,5,1.5360024
4885,GDAP1L1,3,0.3845138
4886,GDAP2,2,1.8297378
4887,GDE1,7,4.6215286
4888,GDF1,10,2.016191
4889,GDF10,5,0.6822608
4890,GDF11,2,2.136782
4891,GDF15,7,4.608418
4892,GDF2,10,0.04348162
4893,GDF3,3,0.27255094
4894,GDF5,3,0.44841254
4895,GDF6,3,0.61695486
4896,GDF7,10,0.68844295
4897,GDF9,8,2.3975096
4898,GDI1,1,5.297289
4899,GDI2,1,5.7874217
4900,GDNF,5,0.56506836
4901,GDPD1,5,1.6393374
4902,GDPD2,3,0.7007366
4903,GDPD3,4,2.3453667
4904,GDPD4,3,0.12845656
4905,GDPD5,8,1.9607841
4906,GDPGP1,4,2.0858922
4907,GEM,6,3.1390371
4908,GEMIN2,8,2.001466
4909,GEMIN4,2,3.0365582
4910,GEMIN5,4,2.9117727
4911,GEMIN6,4,2.3544242
4912,GEMIN7,2,2.1776857
4913,GEMIN8,8,1.9949281
4914,GEN1,2,1.4483225
4915,GET1,6,3.5926282
4916,GET3,1,5.035879
4917,GET4,6,3.6134734
4918,GFAP,3,1.2294626
4919,GFER,6,3.4996963
4920,GFI1,5,0.73995495
4921,GFI1B,3,0.2514979
4922,GFM1,8,3.2718685
4923,GFM2,9,3.5143247
4924,GFOD1,5,1.5763396
4925,GFOD2,2,2.576513
4926,GFPT1,9,3.9072783
4927,GFPT2,2,2.2998512
4928,GFRA1,5,1.4523818
4929,GFRA2,5,0.92990154
4930,GFRA3,3,0.8500952
4931,GFRA4,3,0.058894396
4932,GFRAL,10,0.010581
4933,GFUS,1,4.941875
4934,GFY,3,0.06753214
4935,GGA1,7,3.8988273
4936,GGA2,7,3.7570145
4937,GGA3,9,3.5509186
4938,GGACT,2,2.0680797
4939,GGCT,7,4.6440864
4940,GGCX,6,3.8071983
4941,GGH,9,3.7667546
4942,GGN,10,0.6038258
4943,GGNBP2,7,3.7412553
4944,GGPS1,4,3.1097474
4945,GGT5,9,3.1645331
4946,GGT6,10,1.6829724
4947,GGT7,9,3.3274791
4948,GHDC,7,3.9593503
4949,GHITM,7,4.7746935
4950,GHR,10,1.4356842
4951,GHRH,3,0.05882284
4952,GHRHR,3,0.23557964
4953,GHRL,5,0.8555625
4954,GHSR,3,0.009873019
4955,GID4,2,2.4039083
4956,GID8,9,3.513029
4957,GIGYF1,6,3.3301094
4958,GIGYF2,9,3.0528412
4959,GIMAP1,10,1.5992699
4960,GIMAP4,9,3.0585518
4961,GIMAP7,9,3.1841898
4962,GIMAP8,2,1.8394673
4963,GIMD1,3,0.02165332
4964,GIN1,2,1.7916445
4965,GINM1,7,4.1857677
4966,GINS1,2,2.1773312
4967,GINS2,2,2.6410565
4968,GINS3,2,2.425011
4969,GINS4,8,1.6060457
4970,GIP,3,0.08618717
4971,GIPC1,7,4.86197
4972,GIPC2,10,1.6594565
4973,GIPC3,2,1.7135018
4974,GIPR,10,0.87155867
4975,GIT1,7,4.217432
4976,GIT2,6,3.3357413
4977,GJA1,7,4.231496
4978,GJA10,3,0.01967367
4979,GJA3,3,0.41480348
4980,GJA4,9,2.8238828
4981,GJA5,10,2.0900567
4982,GJA8,3,0.013526681
4983,GJB1,4,2.6273243
4984,GJB2,8,2.6770563
4985,GJB3,4,1.5847505
4986,GJB4,10,0.54836786
4987,GJB5,5,0.9683611
4988,GJB6,3,0.6466589
4989,GJC1,5,1.7662511
4990,GJC2,10,1.3069847
4991,GJC3,10,1.2157499
4992,GJD2,3,0.0508198
4993,GJD3,5,0.8308994
4994,GJD4,3,0.10636443
4995,GJE1,3,0.0
4996,GK2,3,0.008494465
4997,GK5,4,2.2377038
4998,GKAP1,8,2.0219722
4999,GKN1,3,0.22296537
5000,GKN2,3,0.4022506
5001,GLA,7,3.777276
5002,GLB1,7,4.5896373
5003,GLB1L,4,2.6218798
5004,GLB1L2,9,3.0888712
5005,GLB1L3,10,0.7661149
5006,GLCCI1,9,2.6339002
5007,GLCE,9,3.1429822
5008,GLDC,5,1.5620002
5009,GLDN,5,1.0333526
5010,GLE1,6,3.4439657
5011,GLG1,7,4.3449945
5012,GLI1,5,0.9416948
5013,GLI2,10,1.0316417
5014,GLI3,8,1.5285413
5015,GLIPR1,9,3.1003003
5016,GLIPR1L2,10,0.6470829
5017,GLIPR2,7,3.6228535
5018,GLIS1,10,0.7541074
5019,GLIS2,9,3.0160506
5020,GLIS3,2,1.8868924
5021,GLMN,2,2.0753732
5022,GLMP,7,4.8968573
5023,GLO1,7,5.461077
5024,GLOD4,7,4.6904416
5025,GLOD5,5,1.2950796
5026,GLP1R,10,0.25112954
5027,GLP2R,3,0.24748527
5028,GLRA1,3,0.07290152
5029,GLRA2,3,0.29615557
5030,GLRA3,3,0.1722042
5031,GLRB,10,1.4629055
5032,GLRX,6,3.304789
5033,GLRX3,6,3.476824
5034,GLRX5,7,4.866043
5035,GLS,6,3.6830132
5036,GLS2,2,1.974694
5037,GLT1D1,10,1.0549
5038,GLT6D1,3,0.007862905
5039,GLT8D1,7,3.6317046
5040,GLT8D2,5,1.5910124
5041,GLTP,7,4.2825847
5042,GLTPD2,10,1.5442395
5043,GLUL,1,5.296399
5044,GLYAT,3,0.7820227
5045,GLYATL3,3,0.045117524
5046,GLYCTK,2,2.2603643
5047,GLYR1,7,4.5814543
5048,GM2A,7,4.438412
5049,GMDS,6,3.956812
5050,GMEB1,2,2.0479355
5051,GMEB2,2,2.6320655
5052,GMFB,6,3.4318545
5053,GMFG,6,3.568498
5054,GMIP,9,3.0739493
5055,GMNC,3,0.25471154
5056,GMNN,4,3.5458782
5057,GMPPA,9,4.0175066
5058,GMPPB,4,3.2984006
5059,GMPR,9,2.9919813
5060,GMPR2,7,4.2298775
5061,GMPS,6,3.1942644
5062,GNA11,7,4.3505273
5063,GNA12,9,3.6499197
5064,GNA13,6,3.651816
5065,GNA14,2,1.9583397
5066,GNA15,8,2.5399225
5067,GNAI1,10,1.9392431
5068,GNAI2,1,5.4619956
5069,GNAI3,9,3.5244813
5070,GNAL,4,2.403527
5071,GNAO1,2,1.4027312
5072,GNAT1,3,0.06797273
5073,GNAT2,3,0.32575193
5074,GNAT3,3,0.037831753
5075,GNAZ,8,1.6962601
5076,GNB1,1,4.949767
5077,GNB1L,2,1.4732945
5078,GNB2,1,5.5538607
5079,GNB3,10,1.2767675
5080,GNB4,2,2.6632397
5081,GNB5,2,2.2744765
5082,GNE,6,3.2426834
5083,GNG10,6,3.4278939
5084,GNG11,9,3.3062186
5085,GNG12,9,3.7044427
5086,GNG13,10,0.43587878
5087,GNG2,8,2.3957415
5088,GNG3,5,0.5414713
5089,GNG4,5,1.4930617
5090,GNG5,7,4.019432
5091,GNG7,2,2.2007341
5092,GNG8,3,0.21580487
5093,GNGT1,10,0.44877946
5094,GNGT2,10,0.69521016
5095,GNL1,6,3.5708203
5096,GNL2,6,4.3612046
5097,GNL3,7,4.2018075
5098,GNL3L,5,1.5038385
5099,GNMT,5,1.6245494
5100,GNPAT,7,4.2737465
5101,GNPDA1,7,3.9989893
5102,GNPDA2,4,2.1253304
5103,GNPNAT1,9,3.3687127
5104,GNPTAB,6,3.444322
5105,GNPTG,7,4.666939
5106,GNRH1,2,0.97055274
5107,GNRHR,3,0.08422771
5108,GNS,7,4.862849
5109,GOLGA1,6,2.9068952
5110,GOLGA3,9,3.4931924
5111,GOLGA4,6,3.7477906
5112,GOLGA5,7,4.0214677
5113,GOLGA7,6,3.6058915
5114,GOLGA7B,2,1.4091686
5115,GOLGB1,4,3.7568192
5116,GOLIM4,6,3.9371023
5117,GOLM1,1,5.152907
5118,GOLM2,7,4.598614
5119,GOLPH3,7,5.070489
5120,GOLPH3L,7,3.6061208
5121,GOLT1A,4,2.8052855
5122,GOLT1B,7,3.7739997
5123,GON7,6,3.4278588
5124,GOPC,9,3.3591974
5125,GORAB,8,2.415964
5126,GORASP1,6,3.4744678
5127,GORASP2,1,5.022082
5128,GOSR1,9,3.3871212
5129,GOSR2,4,3.020847
5130,GOT1,7,4.5740066
5131,GOT1L1,3,0.009045692
5132,GOT2,7,5.0703692
5133,GP1BA,5,0.8059076
5134,GP1BB,9,2.7978525
5135,GP2,5,0.79865426
5136,GP5,3,0.15029131
5137,GP6,3,0.34215948
5138,GP9,3,0.10149537
5139,GPA33,10,0.90228826
5140,GPAA1,7,5.22957
5141,GPAM,8,1.9937497
5142,GPANK1,9,3.2234492
5143,GPAT2,2,1.7415004
5144,GPAT3,2,1.9172142
5145,GPAT4,9,3.5707235
5146,GPATCH1,6,2.5413635
5147,GPATCH11,2,2.4803154
5148,GPATCH2,8,2.0689778
5149,GPATCH2L,8,1.9789188
5150,GPATCH3,9,3.1111138
5151,GPATCH4,7,4.035106
5152,GPATCH8,6,3.2577674
5153,GPBAR1,5,0.7993606
5154,GPBP1,9,3.6222303
5155,GPBP1L1,7,4.0736055
5156,GPC1,7,4.0391774
5157,GPC2,10,1.0979544
5158,GPC3,2,2.443721
5159,GPC4,9,3.1020906
5160,GPC5,3,0.50979704
5161,GPC6,8,2.0740545
5162,GPCPD1,8,3.055548
5163,GPD1,8,2.0586736
5164,GPD1L,4,3.5743427
5165,GPD2,4,3.175723
5166,GPER1,8,1.6422261
5167,GPHA2,3,0.20832647
5168,GPHB5,5,0.014434438
5169,GPHN,9,2.7763572
5170,GPI,1,5.666022
5171,GPKOW,7,3.9540236
5172,GPLD1,5,1.3739958
5173,GPM6A,5,1.2530105
5174,GPM6B,2,2.2625437
5175,GPN1,6,3.8297963
5176,GPN2,4,3.0364873
5177,GPN3,7,3.7156115
5178,GPNMB,7,4.721967
5179,GPR101,3,0.0018079416
5180,GPR107,7,3.9918249
5181,GPR108,7,4.6214967
5182,GPR119,3,0.008493551
5183,GPR12,5,0.21396703
5184,GPR135,5,0.918807
5185,GPR137,6,3.944904
5186,GPR137B,8,2.614903
5187,GPR137C,5,0.96357447
5188,GPR139,3,0.047253706
5189,GPR141,3,0.36373383
5190,GPR142,3,0.10166023
5191,GPR143,8,1.6833827
5192,GPR146,5,1.3477411
5193,GPR149,3,0.00636458
5194,GPR15,3,0.24958074
5195,GPR151,3,0.031580668
5196,GPR152,3,0.269071
5197,GPR153,8,2.4321752
5198,GPR155,2,1.9356363
5199,GPR156,3,0.35227588
5200,GPR157,2,2.2036376
5201,GPR158,3,0.7559881
5202,GPR160,8,1.722706
5203,GPR161,8,1.394728
5204,GPR162,10,1.5723261
5205,GPR17,3,0.46907693
5206,GPR171,5,1.080711
5207,GPR173,5,1.1019654
5208,GPR174,3,0.2735511
5209,GPR176,9,2.4121954
5210,GPR179,3,0.1013377
5211,GPR18,10,0.7223712
5212,GPR180,2,2.058378
5213,GPR182,3,0.18868428
5214,GPR183,2,2.5684028
5215,GPR19,5,0.56526995
5216,GPR20,3,0.21863951
5217,GPR21,7,4.831664
5218,GPR22,3,0.093495004
5219,GPR25,3,0.32310155
5220,GPR26,3,0.0642442
5221,GPR27,5,1.6282042
5222,GPR3,5,1.2501302
5223,GPR31,3,0.08778127
5224,GPR33,3,0.048074786
5225,GPR34,2,1.879726
5226,GPR35,5,1.1348342
5227,GPR37,5,1.4091783
5228,GPR37L1,10,1.3139834
5229,GPR39,4,2.872614
5230,GPR4,2,2.0598857
5231,GPR45,3,0.15115766
5232,GPR50,3,0.07477807
5233,GPR52,3,0.035949554
5234,GPR55,10,0.41091385
5235,GPR6,3,0.025372481
5236,GPR61,10,0.17872283
5237,GPR62,3,0.4810188
5238,GPR63,3,0.54301375
5239,GPR65,5,1.3548976
5240,GPR68,2,1.3814034
5241,GPR75,8,1.1186877
5242,GPR82,10,0.6438605
5243,GPR83,3,0.32682166
5244,GPR85,5,0.8713603
5245,GPR87,10,0.72366905
5246,GPR88,10,0.51051176
5247,GPRASP1,5,1.5577016
5248,GPRASP2,8,2.1231375
5249,GPRC5A,4,3.0861304
5250,GPRC5B,6,3.3353546
5251,GPRC5C,6,3.632812
5252,GPRC5D,3,0.7153332
5253,GPRC6A,3,0.061338637
5254,GPRIN1,8,1.916154
5255,GPRIN2,5,0.49575046
5256,GPRIN3,5,1.5592388
5257,GPS1,7,4.7865276
5258,GPS2,1,5.273788
5259,GPSM1,9,2.4840283
5260,GPSM2,2,2.6744506
5261,GPSM3,7,3.6619706
5262,GPT,2,1.8120762
5263,GPT2,9,3.2180843
5264,GPX1,1,6.1509657
5265,GPX2,5,3.2131724
5266,GPX3,7,5.713468
5267,GPX4,1,6.384327
5268,GPX6,3,0.015011199
5269,GPX7,8,3.2077909
5270,GPX8,4,2.8338842
5271,GRAMD1A,7,4.3289385
5272,GRAMD1B,2,1.1984972
5273,GRAMD1C,8,1.9307477
5274,GRAMD4,6,3.4616048
5275,GRAP2,10,1.0509143
5276,GRB10,6,3.3698885
5277,GRB14,5,1.4722313
5278,GRB2,7,4.6776395
5279,GRB7,9,2.5978785
5280,GREB1,10,1.6957988
5281,GREB1L,10,0.75001943
5282,GREM1,8,1.5572153
5283,GREM2,10,0.9386008
5284,GRHL1,8,2.1069713
5285,GRHL2,8,2.3312654
5286,GRHL3,5,1.0159386
5287,GRHPR,7,4.71564
5288,GRIA1,3,0.5279836
5289,GRIA2,3,0.43388286
5290,GRIA3,3,0.7196648
5291,GRIA4,10,0.53656113
5292,GRID1,5,1.1877731
5293,GRID2,3,0.28643256
5294,GRID2IP,3,0.47436154
5295,GRIFIN,3,0.100220084
5296,GRIK1,3,0.38356975
5297,GRIK2,5,0.58048713
5298,GRIK3,3,1.0396988
5299,GRIK4,3,0.6328557
5300,GRIK5,10,1.2059703
5301,GRIN1,10,0.727162
5302,GRIN2A,10,0.37392735
5303,GRIN2B,3,0.12548333
5304,GRIN2C,5,0.7152659
5305,GRIN2D,2,1.3899165
5306,GRIN3A,10,0.44049004
5307,GRIN3B,10,1.0007026
5308,GRINA,1,5.679041
5309,GRIP1,5,0.9876318
5310,GRIP2,10,0.7755648
5311,GRIPAP1,9,3.5054038
5312,GRK1,3,0.22141728
5313,GRK2,7,4.719554
5314,GRK3,5,2.1578705
5315,GRK4,8,1.4527891
5316,GRK5,8,2.263952
5317,GRK6,7,3.7757387
5318,GRM1,10,0.16561358
5319,GRM2,3,0.34156886
5320,GRM3,10,0.36771062
5321,GRM4,10,0.25454527
5322,GRM5,10,0.21267074
5323,GRM6,3,0.13853535
5324,GRM7,3,0.24540514
5325,GRM8,10,0.7580793
5326,GRN,1,6.061138
5327,GRP,10,0.92211455
5328,GRPEL1,9,3.7480686
5329,GRPEL2,9,2.806327
5330,GRPR,10,0.63432974
5331,GRSF1,9,3.9416456
5332,GRTP1,8,2.837331
5333,GRWD1,9,3.30188
5334,GRXCR1,3,0.0059900614
5335,GRXCR2,3,0.013398464
5336,GSAP,9,3.075045
5337,GSC,10,0.86122435
5338,GSC2,3,0.008147678
5339,GSDMD,6,3.916538
5340,GSDME,4,2.4282138
5341,GSE1,7,3.5961306
5342,GSG1,3,0.11611894
5343,GSG1L,3,0.4003182
5344,GSG1L2,3,0.086735025
5345,GSK3A,7,4.2242265
5346,GSK3B,4,3.387159
5347,GSKIP,4,2.987528
5348,GSN,1,5.6974983
5349,GSPT1,9,4.2368426
5350,GSPT2,2,2.5845973
5351,GSR,6,4.3802266
5352,GSS,6,4.0960274
5353,GSTCD,8,1.803054
5354,GSTK1,1,5.0359473
5355,GSTM2,8,1.966377
5356,GSTM3,2,3.1373816
5357,GSTM4,9,3.0889063
5358,GSTO1,1,5.4549704
5359,GSTO2,2,1.8776678
5360,GSTT4,3,0.055298895
5361,GSTZ1,6,3.7811885
5362,GSX1,3,0.21787041
5363,GSX2,3,0.20085146
5364,GTDC1,5,1.6061865
5365,GTF2A1,9,3.237894
5366,GTF2A1L,5,0.5920125
5367,GTF2A2,6,3.7714305
5368,GTF2B,9,3.9990673
5369,GTF2E1,10,1.6322048
5370,GTF2E2,6,3.3808937
5371,GTF2F1,1,4.873552
5372,GTF2F2,6,3.617347
5373,GTF2H1,4,3.491979
5374,GTF2H3,6,3.3408015
5375,GTF2H4,6,3.2194233
5376,GTF2H5,4,2.4302888
5377,GTF2I,7,4.33452
5378,GTF2IRD1,2,2.7866054
5379,GTF3A,1,5.4784436
5380,GTF3C1,6,4.0294724
5381,GTF3C2,4,3.3431752
5382,GTF3C3,6,2.7817094
5383,GTF3C4,8,2.7847078
5384,GTF3C5,7,4.271059
5385,GTF3C6,7,4.173288
5386,GTPBP1,7,4.0763717
5387,GTPBP10,2,2.4477694
5388,GTPBP2,9,4.0053477
5389,GTPBP3,8,3.0512462
5390,GTPBP4,6,3.6097615
5391,GTPBP6,6,3.1748984
5392,GTPBP8,4,2.331026
5393,GTSE1,4,2.1193233
5394,GTSF1,3,0.7513618
5395,GTSF1L,10,0.13504465
5396,GUCA1A,10,0.1363717
5397,GUCA1B,5,0.5577209
5398,GUCA2A,3,0.5246013
5399,GUCA2B,10,0.5038454
5400,GUCD1,7,4.623911
5401,GUCY1A1,8,1.8430599
5402,GUCY1A2,2,1.082099
5403,GUCY1B1,4,2.6211536
5404,GUCY2C,5,1.0729885
5405,GUCY2D,10,0.4205091
5406,GUCY2F,3,0.015733251
5407,GUF1,8,3.167152
5408,GUK1,1,5.975522
5409,GULP1,2,1.8819419
5410,GUSB,7,4.945861
5411,GXYLT1,8,2.41766
5412,GXYLT2,2,1.9867657
5413,GYPC,6,3.5685296
5414,GYS1,7,4.00697
5415,GYS2,3,0.4078163
5416,GZF1,9,2.5496206
5417,GZMA,6,2.6894374
5418,GZMK,5,1.944021
5419,GZMM,10,1.6496739
5420,H1-0,1,5.8069515
5421,H1-1,5,0.06898763
5422,H1-10,1,5.3195343
5423,H1-2,6,4.2226562
5424,H1-3,3,0.580548
5425,H1-4,5,1.0224471
5426,H1-5,3,0.4083953
5427,H1-6,3,0.13447908
5428,H2AC1,3,0.0288758
5429,H2AC19,7,4.277874
5430,H2AC20,8,1.9011234
5431,H2AC21,10,0.36778858
5432,H2AJ,1,5.839585
5433,H2AX,7,4.439726
5434,H2AZ2,7,4.1801124
5435,H2BC1,3,0.020361241
5436,H2BC18,2,2.0726554
5437,H3-4,3,0.10449078
5438,H3C1,3,0.20717707
5439,H3C14,5,1.423895
5440,H6PD,7,3.6154163
5441,HAAO,2,2.3146687
5442,HABP2,5,1.5673746
5443,HABP4,9,3.214753
5444,HACD1,5,1.4248412
5445,HACD2,7,4.031297
5446,HACD3,7,4.8265023
5447,HACD4,10,1.4737087
5448,HACE1,4,2.0848558
5449,HACL1,9,3.171308
5450,HADH,7,4.3563437
5451,HADHA,1,5.2917
5452,HADHB,7,4.9092407
5453,HAGH,6,3.341391
5454,HAGHL,2,2.6867774
5455,HAL,3,0.90330815
5456,HAND1,3,0.12656419
5457,HAND2,10,0.74229527
5458,HAO1,3,0.651607
5459,HAO2,3,0.6951208
5460,HAP1,10,0.6330822
5461,HAPLN1,10,0.93830246
5462,HAPLN2,3,0.55368096
5463,HAPLN3,4,2.5513203
5464,HAPLN4,5,0.53393227
5465,HARBI1,2,1.8089589
5466,HARS2,6,3.667904
5467,HAS1,5,0.39932966
5468,HAS2,2,1.5446934
5469,HAS3,4,2.618695
5470,HASPIN,10,1.2449071
5471,HAT1,6,3.510721
5472,HAUS1,9,3.1853795
5473,HAUS2,8,2.922396
5474,HAUS3,2,2.0620906
5475,HAUS4,9,3.668739
5476,HAUS5,9,2.7381573
5477,HAUS6,2,2.1460557
5478,HAUS7,6,3.1639643
5479,HAVCR2,2,2.66366
5480,HAX1,7,5.1235037
5481,HBE1,3,0.34546304
5482,HBEGF,6,3.2194397
5483,HBP1,6,3.6841068
5484,HBS1L,2,2.7125022
5485,HBZ,3,0.092100695
5486,HCAR1,5,1.1199276
5487,HCCS,9,3.3069882
5488,HCFC1,4,3.511429
5489,HCFC1R1,1,4.9685683
5490,HCFC2,4,2.2802436
5491,HCK,2,3.022854
5492,HCLS1,7,3.9651382
5493,HCN1,3,0.11658341
5494,HCN2,5,1.11877
5495,HCN3,2,1.9891365
5496,HCN4,3,0.31063992
5497,HCRT,3,0.14032374
5498,HCRTR1,10,0.78574216
5499,HCRTR2,10,0.0431777
5500,HCST,2,3.0134425
5501,HDAC1,7,5.1836157
5502,HDAC10,6,3.5903602
5503,HDAC11,6,3.239082
5504,HDAC2,6,3.334295
5505,HDAC3,7,4.3720536
5506,HDAC4,2,2.1096308
5507,HDAC5,9,3.6673088
5508,HDAC6,6,3.396088
5509,HDAC7,9,3.9888182
5510,HDAC8,10,1.8170874
5511,HDAC9,5,1.1817491
5512,HDC,5,0.80001736
5513,HDDC2,7,4.3262916
5514,HDDC3,9,3.1478844
5515,HDGF,1,5.879568
5516,HDGFL2,7,4.3164473
5517,HDGFL3,2,2.2038648
5518,HDHD2,4,2.8650558
5519,HDHD3,6,3.4973936
5520,HDHD5,7,4.0546627
5521,HDLBP,1,5.0240517
5522,HDX,8,0.9156006
5523,HEATR1,9,3.3550632
5524,HEATR3,2,2.8639758
5525,HEATR4,10,0.8501916
5526,HEATR5A,2,2.523782
5527,HEATR5B,9,2.7537453
5528,HEATR6,2,2.3567767
5529,HEATR9,3,0.15446135
5530,HEBP1,6,4.0140185
5531,HEBP2,2,3.034645
5532,HECA,9,3.0856757
5533,HECTD1,7,3.6730096
5534,HECTD2,8,1.8110074
5535,HECTD3,9,3.9279056
5536,HECTD4,10,2.5891874
5537,HECW1,3,0.3674276
5538,HECW2,3,1.3426156
5539,HEG1,9,3.2025547
5540,HELB,8,1.9603002
5541,HELLS,5,2.0265486
5542,HELQ,4,2.34949
5543,HELT,3,0.036433734
5544,HELZ,8,2.5544934
5545,HELZ2,8,2.9804876
5546,HEMK1,5,1.6634424
5547,HENMT1,2,2.019109
5548,HEPACAM,3,0.84428906
5549,HEPACAM2,3,0.74353313
5550,HEPH,8,2.2808323
5551,HEPHL1,3,0.23146181
5552,HERC1,2,2.6068225
5553,HERC2,6,2.8415408
5554,HERC3,7,3.928785
5555,HERC4,4,2.6196258
5556,HERC6,9,2.8277414
5557,HERPUD1,7,4.9513807
5558,HERPUD2,4,3.6450124
5559,HES1,7,4.709319
5560,HES2,5,0.9215825
5561,HES3,3,0.017279277
5562,HES5,3,0.56738555
5563,HES6,9,3.246083
5564,HES7,3,0.27541074
5565,HESX1,10,1.0155274
5566,HEXA,6,4.187214
5567,HEXB,1,5.134746
5568,HEXIM1,9,3.951641
5569,HEXIM2,4,2.1364517
5570,HEY1,4,2.2954109
5571,HEY2,8,2.0096617
5572,HEYL,6,2.722512
5573,HFE,2,2.0657828
5574,HFM1,3,0.3211807
5575,HGD,9,2.839044
5576,HGF,2,1.0874754
5577,HGFAC,10,0.6485103
5578,HGH1,6,3.8999257
5579,HGS,7,4.5425715
5580,HGSNAT,7,3.951613
5581,HHAT,8,1.7053812
5582,HHATL,5,0.79878247
5583,HHIP,10,0.6381292
5584,HHIPL1,5,0.984773
5585,HHIPL2,10,0.48213685
5586,HHLA1,3,0.10629116
5587,HIBADH,7,4.538372
5588,HIBCH,4,2.9000318
5589,HIC1,4,2.9199576
5590,HIC2,2,1.5178524
5591,HID1,6,3.6197958
5592,HIF1A,7,4.6151185
5593,HIF1AN,4,2.642485
5594,HIF3A,5,1.02485
5595,HIGD1A,9,3.6718414
5596,HIGD1B,5,1.9270613
5597,HIGD1C,3,0.09777091
5598,HIKESHI,6,3.449628
5599,HILPDA,9,3.8443108
5600,HINFP,9,2.5964684
5601,HINT1,1,5.0415707
5602,HINT2,7,4.4666505
5603,HINT3,9,3.675061
5604,HIP1,4,3.2961001
5605,HIP1R,7,3.748255
5606,HIPK1,9,3.2685828
5607,HIPK2,9,3.3382196
5608,HIPK3,9,3.5751526
5609,HIPK4,3,0.26684946
5610,HIRA,6,3.6228487
5611,HIRIP3,6,3.4599316
5612,HIVEP1,8,2.2073033
5613,HIVEP2,10,1.8779963
5614,HIVEP3,2,1.5224617
5615,HJV,3,0.5373024
5616,HK1,7,4.0639625
5617,HK3,10,1.5407925
5618,HKDC1,2,2.1516666
5619,HLA-DMA,1,5.2208753
5620,HLA-DOA,4,3.0539699
5621,HLA-DOB,8,1.916597
5622,HLA-DQB2,6,3.217107
5623,HLA-DRA,1,6.707705
5624,HLCS,2,2.423985
5625,HLF,8,1.8742366
5626,HLTF,4,3.20221
5627,HLX,4,2.585317
5628,HM13,6,4.4578867
5629,HMBOX1,8,2.0379004
5630,HMBS,6,3.326716
5631,HMCES,7,3.9211028
5632,HMCN1,8,1.5174977
5633,HMCN2,3,0.7195948
5634,HMG20A,6,3.09446
5635,HMG20B,7,4.916978
5636,HMGA2,10,0.8076263
5637,HMGB2,7,4.8591533
5638,HMGB3,4,3.468876
5639,HMGB4,3,0.009188214
5640,HMGCL,7,4.3896675
5641,HMGCLL1,10,0.30809507
5642,HMGCR,9,3.0690374
5643,HMGCS1,6,3.744794
5644,HMGCS2,9,2.2582104
5645,HMGN1,1,5.557059
5646,HMGN3,7,4.4929614
5647,HMGXB3,6,3.6172252
5648,HMGXB4,9,2.8852537
5649,HMMR,2,2.2090244
5650,HMOX1,7,4.562668
5651,HMOX2,4,3.1642652
5652,HMX1,10,0.16632846
5653,HMX2,3,0.10290399
5654,HMX3,3,0.067651354
5655,HNF1A,5,1.8928306
5656,HNF1B,8,2.0757732
5657,HNF4A,5,1.9360579
5658,HNF4G,10,1.7726389
5659,HNMT,6,3.5372372
5660,HNRNPA0,9,4.1770687
5661,HNRNPA1,1,4.864117
5662,HNRNPA2B1,1,5.6469436
5663,HNRNPAB,1,5.61161
5664,HNRNPD,7,4.690296
5665,HNRNPF,7,4.5090876
5666,HNRNPH1,7,4.9361033
5667,HNRNPH2,7,4.9234266
5668,HNRNPH3,6,3.7198455
5669,HNRNPK,1,5.701561
5670,HNRNPL,1,5.8352556
5671,HNRNPLL,4,3.2094223
5672,HNRNPM,1,5.502289
5673,HNRNPR,6,3.8419273
5674,HNRNPU,1,5.1493397
5675,HNRNPUL1,7,5.335673
5676,HNRNPUL2,7,4.738795
5677,HOATZ,5,0.23106922
5678,HOGA1,8,1.4138447
5679,HOMER1,2,1.7310612
5680,HOMER2,2,2.3476746
5681,HOMER3,4,3.2020328
5682,HOMEZ,4,2.5007446
5683,HOOK1,2,2.7246187
5684,HOOK2,7,3.894629
5685,HOOK3,4,2.5722144
5686,HOPX,9,3.1710703
5687,HORMAD1,3,0.4089062
5688,HORMAD2,3,0.20727533
5689,HOXA1,5,0.85568446
5690,HOXA10,2,2.2813776
5691,HOXA11,5,1.3338145
5692,HOXA13,5,1.3408477
5693,HOXA2,10,0.9483342
5694,HOXA3,10,1.2738173
5695,HOXA4,8,1.7810801
5696,HOXA5,2,2.0722625
5697,HOXA6,5,1.284937
5698,HOXA7,4,1.8778923
5699,HOXA9,2,1.6978985
5700,HOXB1,3,0.04339449
5701,HOXB13,10,1.5971215
5702,HOXB2,8,2.505293
5703,HOXB3,8,1.8532963
5704,HOXB4,2,1.8117344
5705,HOXB5,10,1.5139298
5706,HOXB6,4,1.5540599
5707,HOXB7,8,2.6658926
5708,HOXB8,5,1.0206939
5709,HOXB9,5,1.3050963
5710,HOXC10,3,1.8350335
5711,HOXC11,10,0.8625497
5712,HOXC12,3,0.31657544
5713,HOXC13,5,0.75945175
5714,HOXC4,5,1.7628486
5715,HOXC5,10,1.5247163
5716,HOXC6,8,1.6144266
5717,HOXC8,5,0.93507344
5718,HOXC9,10,1.4457436
5719,HOXD1,10,1.0670228
5720,HOXD10,3,1.4640365
5721,HOXD11,10,0.98375714
5722,HOXD12,3,0.099287316
5723,HOXD13,10,0.8959502
5724,HOXD3,10,0.76116556
5725,HOXD4,8,2.0077796
5726,HOXD8,2,1.8659233
5727,HOXD9,2,2.0451279
5728,HP1BP3,9,4.0960183
5729,HPCA,9,2.4609215
5730,HPCAL4,3,0.6765339
5731,HPD,10,1.1939692
5732,HPDL,2,1.5042168
5733,HPF1,9,3.7158074
5734,HPGD,5,2.3277342
5735,HPGDS,10,1.4788862
5736,HPN,8,3.2864263
5737,HPS1,6,3.6053138
5738,HPS3,9,3.9293687
5739,HPS4,6,3.2041357
5740,HPS5,2,2.324096
5741,HPS6,6,3.2880082
5742,HPSE,8,1.6823387
5743,HPSE2,10,0.62107646
5744,HPX,5,1.7449353
5745,HR,8,1.9827448
5746,HRAS,6,3.3121107
5747,HRC,5,1.0586548
5748,HRCT1,2,1.9731979
5749,HRG,5,0.72597706
5750,HRH1,2,1.5736797
5751,HRH2,2,1.4460585
5752,HRH3,3,0.15743129
5753,HRH4,3,0.09554635
5754,HRK,10,0.6278221
5755,HROB,8,1.6374352
5756,HS1BP3,6,3.0988455
5757,HS2ST1,6,3.0934908
5758,HS3ST1,10,1.5857016
5759,HS3ST2,5,1.3501202
5760,HS3ST3A1,5,0.6443234
5761,HS3ST3B1,10,1.3927702
5762,HS3ST4,10,0.4077304
5763,HS3ST5,3,0.17499982
5764,HS3ST6,10,0.31321698
5765,HS6ST1,6,3.6760092
5766,HS6ST2,10,1.2526238
5767,HS6ST3,3,0.50027156
5768,HSBP1,6,3.6662068
5769,HSBP1L1,9,3.954857
5770,HSCB,6,3.498984
5771,HSD11B1,2,1.8988425
5772,HSD11B2,9,3.0439482
5773,HSD17B1,9,3.8735464
5774,HSD17B10,1,5.344218
5775,HSD17B11,7,4.6619196
5776,HSD17B12,7,4.2421875
5777,HSD17B13,10,0.7585424
5778,HSD17B14,6,3.043152
5779,HSD17B2,5,1.7790709
5780,HSD17B3,5,0.69679874
5781,HSD17B4,7,4.8143
5782,HSD17B6,5,1.6941152
5783,HSD17B7,9,3.0381467
5784,HSD3B7,6,3.8426716
5785,HSDL1,4,2.8495538
5786,HSDL2,6,4.0945797
5787,HSF1,7,4.9080806
5788,HSF2,9,2.7226555
5789,HSF2BP,2,0.87471324
5790,HSF4,4,3.2342954
5791,HSF5,3,0.074755944
5792,HSH2D,2,2.4354746
5793,HSP90AA1,1,6.3729696
5794,HSP90AB1,1,6.7945914
5795,HSP90B1,1,6.574658
5796,HSPA12A,8,1.7126366
5797,HSPA12B,8,1.8393941
5798,HSPA13,6,3.4898384
5799,HSPA14,6,3.723455
5800,HSPA1L,10,1.5361973
5801,HSPA2,4,2.4357102
5802,HSPA4,6,4.472771
5803,HSPA4L,4,2.2393644
5804,HSPA5,1,6.360997
5805,HSPA8,1,6.894168
5806,HSPA9,7,5.2128005
5807,HSPB1,1,6.153521
5808,HSPB2,6,3.8616874
5809,HSPB3,10,0.40981728
5810,HSPB6,4,3.4090743
5811,HSPB7,2,1.7172815
5812,HSPB8,6,3.9508464
5813,HSPBAP1,8,2.682616
5814,HSPBP1,6,4.152099
5815,HSPD1,1,5.492206
5816,HSPG2,7,4.368335
5817,HSPH1,6,4.1117163
5818,HTATIP2,9,3.7531235
5819,HTATSF1,7,4.112899
5820,HTR1A,3,0.005572539
5821,HTR1B,3,0.30163944
5822,HTR1F,10,0.28464782
5823,HTR2A,3,0.2548451
5824,HTR2B,5,1.1482201
5825,HTR2C,3,0.1421278
5826,HTR3A,3,0.32763696
5827,HTR3B,3,0.017328534
5828,HTR4,3,0.046120252
5829,HTR5A,3,0.029602718
5830,HTR6,3,0.14349885
5831,HTR7,10,0.3980482
5832,HTRA1,1,5.0219636
5833,HTRA2,7,4.400763
5834,HTRA3,9,2.8973289
5835,HTRA4,10,0.63968486
5836,HTT,2,3.101334
5837,HUNK,10,1.2572885
5838,HUS1,4,2.575713
5839,HUS1B,3,0.33169314
5840,HUWE1,9,4.0709357
5841,HVCN1,8,2.0005994
5842,HYAL1,5,1.9676447
5843,HYAL2,6,3.7050607
5844,HYAL3,2,2.056115
5845,HYAL4,3,0.10100908
5846,HYDIN,3,0.3371909
5847,HYKK,5,1.296536
5848,HYLS1,2,1.8658149
5849,HYOU1,6,4.8730955
5850,HYPK,4,3.1523259
5851,IAH1,7,4.3353915
5852,IAPP,3,0.03666482
5853,IARS2,7,4.715718
5854,IBA57,8,1.7027588
5855,IBSP,10,0.6617741
5856,IBTK,9,3.4705946
5857,ICA1,9,3.0388055
5858,ICA1L,10,1.1359962
5859,ICAM1,7,4.6267867
5860,ICAM2,8,2.8826768
5861,ICAM4,5,1.1275506
5862,ICAM5,10,1.0134761
5863,ICE1,6,2.9442053
5864,ICE2,6,2.5328026
5865,ICMT,7,4.1681566
5866,ICOS,5,0.83693486
5867,ID1,4,4.1633797
5868,ID2,7,4.6026936
5869,ID3,7,4.517618
5870,ID4,9,2.7913609
5871,IDE,9,3.1252236
5872,IDH1,7,4.309067
5873,IDH2,7,5.099611
5874,IDH3A,6,3.7783632
5875,IDH3B,7,4.9009886
5876,IDH3G,7,4.6578636
5877,IDI1,9,3.945744
5878,IDNK,9,2.6961093
5879,IDO1,6,2.359794
5880,IDO2,3,0.2153693
5881,IDS,6,4.018812
5882,IDUA,9,2.8915102
5883,IER2,7,4.3929234
5884,IER3,1,5.088834
5885,IER3IP1,7,3.9949617
5886,IER5,6,3.250474
5887,IER5L,9,3.078942
5888,IFFO1,8,2.537986
5889,IFFO2,2,2.7582624
5890,IFI30,1,6.1527286
5891,IFI35,7,4.6005154
5892,IFI44,6,2.9446206
5893,IFIH1,4,3.0759063
5894,IFIT2,4,2.6666386
5895,IFITM10,8,2.0909693
5896,IFITM5,3,0.14654012
5897,IFNE,3,0.31347644
5898,IFNGR1,7,4.588766
5899,IFNGR2,7,5.180535
5900,IFNLR1,2,1.8882343
5901,IFRD1,6,3.168394
5902,IFRD2,7,4.375968
5903,IFT122,9,3.022665
5904,IFT140,4,2.5300303
5905,IFT172,6,2.7478914
5906,IFT20,9,3.8444908
5907,IFT22,4,2.886673
5908,IFT27,9,3.9624135
5909,IFT43,6,3.4729736
5910,IFT46,7,3.645897
5911,IFT52,6,3.7679467
5912,IFT57,6,3.593548
5913,IFT74,2,2.0509782
5914,IFT80,8,2.6377263
5915,IFT81,8,2.1827261
5916,IFT88,4,2.6386755
5917,IFTAP,5,1.6747919
5918,IGDCC3,5,0.4841821
5919,IGDCC4,5,1.3191863
5920,IGF1,5,1.6096712
5921,IGF1R,2,3.0082707
5922,IGF2,8,2.9362354
5923,IGF2BP1,10,0.46762434
5924,IGF2BP2,8,2.360695
5925,IGF2BP3,10,1.5003262
5926,IGF2R,9,3.685193
5927,IGFALS,10,1.0481521
5928,IGFBP1,5,1.1173863
5929,IGFBP2,1,5.2185783
5930,IGFBP3,1,5.2852387
5931,IGFBP4,1,6.320828
5932,IGFBP5,1,5.2952237
5933,IGFBP6,7,3.2994673
5934,IGFBP7,1,6.230221
5935,IGFBPL1,10,0.40241718
5936,IGFLR1,5,2.8641214
5937,IGHMBP2,8,2.7908733
5938,IGIP,9,2.680092
5939,IGLON5,5,0.6867241
5940,IGSF1,3,1.0811698
5941,IGSF10,3,0.7233918
5942,IGSF11,10,0.9230001
5943,IGSF21,2,1.5357049
5944,IGSF3,2,2.996756
5945,IGSF6,9,2.6152418
5946,IGSF8,7,4.3762965
5947,IGSF9,2,2.0034618
5948,IGSF9B,3,0.4057866
5949,IHH,5,1.4387861
5950,IHO1,3,0.3079634
5951,IKBKB,7,3.5802348
5952,IKBKE,4,2.5300379
5953,IKBKG,9,2.8887691
5954,IKZF1,10,1.6000328
5955,IKZF2,10,1.3684466
5956,IKZF3,5,1.449461
5957,IKZF4,2,1.9903061
5958,IKZF5,8,2.28731
5959,IL10,3,0.51683664
5960,IL10RA,8,2.8540647
5961,IL10RB,6,3.3625708
5962,IL11,3,0.783062
5963,IL12A,5,0.72831774
5964,IL12B,3,0.20185053
5965,IL12RB2,5,0.6409274
5966,IL13,3,0.15348814
5967,IL13RA1,7,4.4982004
5968,IL13RA2,10,1.2738907
5969,IL15,10,0.908405
5970,IL15RA,6,2.579632
5971,IL16,8,2.076464
5972,IL17A,3,0.10732294
5973,IL17B,10,0.7427637
5974,IL17C,3,0.31460363
5975,IL17D,2,2.51876
5976,IL17F,3,0.094972335
5977,IL17RA,2,2.6747663
5978,IL17RB,2,2.709084
5979,IL17RC,6,3.768754
5980,IL17RD,5,1.6143483
5981,IL17RE,8,2.5954628
5982,IL18,4,3.2085106
5983,IL18BP,7,4.1138506
5984,IL18R1,5,1.2272624
5985,IL18RAP,10,0.6425914
5986,IL19,3,0.118864074
5987,IL1A,3,0.5462432
5988,IL1B,5,2.4457693
5989,IL1F10,3,0.036830947
5990,IL1R1,6,3.1109824
5991,IL1R2,5,1.3966229
5992,IL1RAP,8,2.0253
5993,IL1RAPL1,3,0.26349255
5994,IL1RAPL2,3,0.1899464
5995,IL1RL1,10,0.8354417
5996,IL1RL2,5,1.0407286
5997,IL1RN,2,2.7436435
5998,IL2,3,0.1090842
5999,IL20,3,0.2406884
6000,IL20RA,5,1.5457578
6001,IL20RB,8,1.7074364
6002,IL21,3,0.032248225
6003,IL21R,5,1.2199246
6004,IL22RA1,2,1.6882205
6005,IL22RA2,5,0.23346642
6006,IL23A,4,1.3770822
6007,IL23R,3,0.1282736
6008,IL24,10,1.2704154
6009,IL25,3,0.028398873
6010,IL27,10,0.54447573
6011,IL27RA,9,2.6873176
6012,IL2RA,5,1.2943436
6013,IL2RB,8,1.9210714
6014,IL2RG,6,3.826919
6015,IL31RA,3,0.100800075
6016,IL33,4,2.6899307
6017,IL34,5,1.297405
6018,IL36A,3,0.037645575
6019,IL36RN,3,0.3651431
6020,IL4I1,2,2.728098
6021,IL4R,9,3.0326154
6022,IL5,3,0.13996781
6023,IL5RA,3,0.29594016
6024,IL6R,4,2.536674
6025,IL6ST,7,4.3075743
6026,IL7,5,2.0054104
6027,IL7R,4,2.1865864
6028,IL9,3,0.034132075
6029,IL9R,3,0.17555475
6030,ILDR1,8,2.0684946
6031,ILDR2,3,0.746525
6032,ILF2,1,5.4972534
6033,ILF3,7,4.4628124
6034,ILK,1,5.218961
6035,ILKAP,9,3.9334757
6036,ILRUN,7,4.652369
6037,ILVBL,7,4.4378376
6038,IMMP1L,9,2.5961583
6039,IMMP2L,9,2.5260694
6040,IMMT,9,4.3136125
6041,IMP3,7,4.561839
6042,IMP4,6,4.235838
6043,IMPA1,4,2.642301
6044,IMPA2,9,4.199859
6045,IMPACT,6,3.4898915
6046,IMPDH1,6,3.9855237
6047,IMPDH2,1,5.5245967
6048,IMPG1,3,0.23610231
6049,IMPG2,3,0.16772023
6050,INA,5,0.58187646
6051,INAFM1,6,3.684145
6052,INAFM2,3,0.0
6053,INAVA,9,2.3878906
6054,INCA1,10,1.0739236
6055,INCENP,2,2.4167693
6056,INF2,9,3.8463578
6057,ING1,9,2.5266879
6058,ING2,8,2.56676
6059,ING3,2,2.1854646
6060,ING4,6,4.022418
6061,ING5,8,2.560787
6062,INHA,10,0.96310514
6063,INHBA,2,2.2040453
6064,INHBB,6,3.098206
6065,INHBC,3,0.46755674
6066,INHBE,3,0.8191139
6067,INIP,4,2.9882362
6068,INKA1,2,2.033821
6069,INKA2,2,1.866218
6070,INMT,8,2.372003
6071,INO80,4,2.9605982
6072,INO80B,7,4.2037644
6073,INO80C,4,2.5381575
6074,INO80D,4,1.923593
6075,INO80E,7,4.5220933
6076,INPP1,4,2.9049683
6077,INPP4A,8,2.189486
6078,INPP4B,2,1.9165466
6079,INPP5A,6,3.3902593
6080,INPP5B,2,2.2657769
6081,INPP5D,9,2.8797927
6082,INPP5E,9,2.847334
6083,INPP5F,4,2.5241175
6084,INPP5J,8,2.112705
6085,INPP5K,6,3.801921
6086,INPPL1,9,4.142593
6087,INSC,3,0.47740623
6088,INSIG1,4,3.4477055
6089,INSIG2,9,2.945142
6090,INSL3,10,0.60563457
6091,INSL5,10,0.14417721
6092,INSM1,3,0.7874398
6093,INSM2,3,0.07498115
6094,INSR,9,3.581453
6095,INSRR,3,0.16059285
6096,INSYN1,10,0.90062386
6097,INSYN2A,3,0.44854704
6098,INSYN2B,3,0.25326237
6099,INTS1,6,4.0753884
6100,INTS10,7,3.8347855
6101,INTS11,6,4.399481
6102,INTS12,4,2.4846032
6103,INTS13,4,3.0543594
6104,INTS14,6,3.8509505
6105,INTS2,2,1.9229295
6106,INTS3,6,3.9483814
6107,INTS4,8,2.3132763
6108,INTS5,6,3.635647
6109,INTS6,10,1.7801278
6110,INTS6L,8,1.9781926
6111,INTS7,6,3.0058963
6112,INTS8,6,3.3803096
6113,INTS9,6,3.08886
6114,INTU,10,1.2944282
6115,INVS,2,1.5134053
6116,IP6K1,6,3.6502793
6117,IP6K2,7,3.8558106
6118,IP6K3,3,0.7174886
6119,IPCEF1,8,0.9355725
6120,IPMK,2,2.0645542
6121,IPO11,8,2.6128602
6122,IPO13,6,3.5213256
6123,IPO4,6,3.9000773
6124,IPO5,7,4.3625894
6125,IPO7,9,4.382267
6126,IPO8,6,3.5163789
6127,IPO9,9,3.3252416
6128,IPP,9,2.6703613
6129,IPPK,8,2.5920432
6130,IQANK1,8,2.2364895
6131,IQCA1L,3,0.023753876
6132,IQCB1,4,2.2453015
6133,IQCC,2,2.0709784
6134,IQCD,3,0.0
6135,IQCF1,3,0.04698447
6136,IQCF5,3,0.007735828
6137,IQCF6,3,0.04770054
6138,IQCG,5,1.9926347
6139,IQCH,10,0.8765082
6140,IQCJ,3,0.0308652
6141,IQCK,6,3.3103924
6142,IQCM,3,0.0
6143,IQGAP1,7,4.7003922
6144,IQGAP2,9,3.1991165
6145,IQGAP3,8,2.3406672
6146,IQSEC1,8,3.1409352
6147,IQSEC2,8,2.1608968
6148,IQSEC3,3,0.7167835
6149,IQUB,10,0.6756376
6150,IRAG1,2,2.2718685
6151,IRAG2,5,1.3483728
6152,IRAK1,1,4.7144804
6153,IRAK1BP1,8,1.5941921
6154,IRAK2,2,2.3299172
6155,IRAK3,8,1.447329
6156,IRAK4,8,2.7287443
6157,IREB2,4,2.9770687
6158,IRF1,6,3.9122198
6159,IRF2,9,3.043149
6160,IRF2BP1,7,3.8613539
6161,IRF2BP2,7,4.548212
6162,IRF2BPL,7,3.8040164
6163,IRF3,7,4.2424617
6164,IRF4,10,1.2914977
6165,IRF5,8,2.3537447
6166,IRF6,9,3.2153482
6167,IRF7,9,3.729237
6168,IRF8,8,2.3249166
6169,IRF9,7,4.0472746
6170,IRGQ,8,2.5359602
6171,IRS1,8,2.477009
6172,IRS2,7,3.1993651
6173,IRS4,3,0.054924812
6174,IRX1,10,0.81693435
6175,IRX2,10,1.4408541
6176,IRX3,8,2.7271225
6177,IRX4,10,0.4664902
6178,IRX5,2,1.7695174
6179,IRX6,5,0.72534114
6180,ISCA2,9,3.2247007
6181,ISCU,7,4.786971
6182,ISG15,6,3.6923258
6183,ISG20L2,9,3.5460126
6184,ISL1,3,0.6103134
6185,ISL2,3,0.58730114
6186,ISLR,9,3.7822468
6187,ISLR2,3,0.6218872
6188,ISM1,10,1.5335315
6189,ISM2,10,0.33480978
6190,ISOC1,6,3.8397286
6191,IST1,6,3.9349108
6192,ISY1,9,3.3838756
6193,ISYNA1,7,3.852597
6194,ITCH,9,3.7048593
6195,ITFG1,7,4.145552
6196,ITFG2,9,3.5424623
6197,ITGA1,9,3.150022
6198,ITGA10,3,1.1645036
6199,ITGA11,2,1.7234395
6200,ITGA2,9,2.7716322
6201,ITGA2B,3,0.56664747
6202,ITGA3,7,4.4697366
6203,ITGA4,5,1.6314235
6204,ITGA5,7,4.269998
6205,ITGA6,7,4.1959643
6206,ITGA7,9,2.9187386
6207,ITGA8,2,1.6279507
6208,ITGA9,2,2.4165938
6209,ITGAD,3,0.45577636
6210,ITGAE,2,2.4720504
6211,ITGAL,8,2.4588382
6212,ITGAM,4,2.1681435
6213,ITGAV,7,4.1943626
6214,ITGAX,9,2.466508
6215,ITGB1,7,4.1004663
6216,ITGB1BP1,6,3.3206198
6217,ITGB1BP2,10,0.82091874
6218,ITGB2,6,3.6123104
6219,ITGB3,8,2.1399767
6220,ITGB3BP,8,2.7753005
6221,ITGB4,6,3.649474
6222,ITGB5,7,4.625746
6223,ITGB6,8,2.253263
6224,ITGB7,4,2.4581838
6225,ITGB8,9,2.450166
6226,ITGBL1,8,2.0246992
6227,ITIH1,3,0.8093793
6228,ITIH2,3,1.0087049
6229,ITIH3,3,1.1573131
6230,ITIH4,10,1.9555819
6231,ITIH5,8,2.410759
6232,ITK,10,1.2840403
6233,ITM2A,9,3.3126526
6234,ITM2B,7,5.231144
6235,ITM2C,1,5.4796395
6236,ITPA,7,4.657332
6237,ITPK1,7,3.9921832
6238,ITPKA,10,1.584646
6239,ITPKB,9,3.244006
6240,ITPKC,6,3.7484295
6241,ITPR1,2,2.1947834
6242,ITPR2,8,2.602245
6243,ITPR3,6,3.6486921
6244,ITPRID1,3,0.14794931
6245,ITPRID2,7,4.337855
6246,ITPRIP,8,2.7026498
6247,ITPRIPL1,10,0.97089684
6248,ITPRIPL2,4,3.4014597
6249,ITSN1,4,1.9450517
6250,ITSN2,6,3.139089
6251,IVD,6,4.218054
6252,IVNS1ABP,7,3.9037297
6253,IWS1,7,3.9964678
6254,IYD,5,1.2931442
6255,IZUMO1R,3,0.058003876
6256,IZUMO2,3,0.23831798
6257,IZUMO3,3,0.004787263
6258,IZUMO4,2,1.6857516
6259,JADE1,2,2.6066995
6260,JADE2,4,2.511655
6261,JADE3,9,2.5711505
6262,JAG1,4,3.8345037
6263,JAG2,6,2.8105638
6264,JAGN1,7,4.3345375
6265,JAK1,7,4.445111
6266,JAK2,2,1.9782685
6267,JAK3,8,2.1847417
6268,JAKMIP1,10,0.7705692
6269,JAKMIP2,3,0.61711997
6270,JAKMIP3,3,0.36447096
6271,JAM2,6,2.3598695
6272,JAM3,6,3.1913507
6273,JARID2,2,2.73373
6274,JAZF1,9,2.9601355
6275,JCAD,4,2.595676
6276,JCHAIN,7,4.1360188
6277,JDP2,8,2.069834
6278,JHY,10,0.9573066
6279,JMJD1C,6,3.0143332
6280,JMJD4,6,3.4116893
6281,JMJD6,4,2.780258
6282,JMJD7,9,3.0640278
6283,JMJD8,1,5.4028687
6284,JMY,6,2.2689066
6285,JOSD1,7,3.9991593
6286,JOSD2,6,3.5421646
6287,JPH1,5,1.6719385
6288,JPH2,10,0.88533145
6289,JPH3,3,0.4953872
6290,JPH4,10,0.919257
6291,JPT1,7,4.4351025
6292,JRK,8,2.1571991
6293,JRKL,4,2.603612
6294,JSRP1,7,5.2844787
6295,JTB,1,5.7183867
6296,JUN,1,5.459609
6297,JUNB,1,5.745298
6298,JUND,1,5.6409583
6299,JUP,7,4.6089144
6300,KALRN,4,1.4799887
6301,KANK1,9,2.9237223
6302,KANK2,7,3.9245915
6303,KANK3,8,1.9607594
6304,KANK4,5,0.5844052
6305,KANSL1,4,3.3683321
6306,KANSL1L,4,2.5191371
6307,KANSL2,9,3.3952131
6308,KANSL3,9,3.6046584
6309,KANTR,3,0.0
6310,KASH5,3,0.16581276
6311,KAT14,4,3.1069977
6312,KAT2A,6,4.1529255
6313,KAT2B,6,3.1542106
6314,KAT5,7,4.3186846
6315,KAT6A,4,2.7874775
6316,KAT6B,8,2.0721219
6317,KAT7,4,2.844084
6318,KAT8,7,4.090514
6319,KATNA1,8,2.9132328
6320,KATNAL1,5,1.6062385
6321,KATNAL2,5,0.9472153
6322,KATNB1,8,2.8945713
6323,KATNBL1,2,2.5635378
6324,KATNIP,4,2.8157566
6325,KAZALD1,8,1.5967579
6326,KAZN,2,2.0835
6327,KBTBD11,6,2.0961835
6328,KBTBD12,5,0.3745228
6329,KBTBD13,3,0.011403464
6330,KBTBD2,9,3.3674293
6331,KBTBD3,2,1.4386954
6332,KBTBD4,9,3.450635
6333,KBTBD6,8,2.4202268
6334,KBTBD7,8,2.3824174
6335,KBTBD8,10,1.0029551
6336,KCMF1,6,3.260328
6337,KCNA1,3,0.11451154
6338,KCNA10,3,0.024282787
6339,KCNA2,5,0.43791994
6340,KCNA3,10,0.7344092
6341,KCNA4,3,0.05559432
6342,KCNA5,10,0.5655978
6343,KCNA6,5,0.90281534
6344,KCNA7,3,0.074021064
6345,KCNAB1,5,1.5188305
6346,KCNAB2,2,2.3637512
6347,KCNAB3,10,0.9536295
6348,KCNB1,5,0.6614058
6349,KCNC1,3,0.217396
6350,KCNC2,5,0.46810472
6351,KCNC3,10,1.5310986
6352,KCNC4,10,1.0491259
6353,KCND1,5,1.0072926
6354,KCND2,10,0.6703822
6355,KCND3,2,1.5513129
6356,KCNE1,10,0.3599279
6357,KCNE2,3,0.39724734
6358,KCNE3,4,2.6561468
6359,KCNE4,8,2.5208592
6360,KCNF1,10,0.97105974
6361,KCNG1,3,0.43111748
6362,KCNG2,3,0.29141262
6363,KCNG3,3,0.3544912
6364,KCNG4,3,0.03974862
6365,KCNH1,3,0.28702524
6366,KCNH2,3,1.3984282
6367,KCNH3,3,0.7568088
6368,KCNH4,10,0.3318108
6369,KCNH5,3,0.041017048
6370,KCNH6,3,0.4686845
6371,KCNH7,3,0.11170076
6372,KCNH8,10,0.6901635
6373,KCNIP1,3,0.7034253
6374,KCNIP2,5,1.0741265
6375,KCNIP3,2,1.8305348
6376,KCNIP4,3,0.99365526
6377,KCNJ1,3,0.11780263
6378,KCNJ10,10,0.94353193
6379,KCNJ11,5,1.3824928
6380,KCNJ13,3,0.42470297
6381,KCNJ14,8,1.1004734
6382,KCNJ15,5,1.2603213
6383,KCNJ16,3,1.2829591
6384,KCNJ2,4,1.6467485
6385,KCNJ3,10,1.0246514
6386,KCNJ4,3,0.37295112
6387,KCNJ5,10,1.1959106
6388,KCNJ6,3,0.12173872
6389,KCNJ8,9,2.3722239
6390,KCNJ9,5,0.29294312
6391,KCNK1,9,3.1553168
6392,KCNK10,3,0.33884776
6393,KCNK12,5,0.10709244
6394,KCNK13,10,1.1094865
6395,KCNK15,2,1.5306927
6396,KCNK18,3,0.0033764993
6397,KCNK2,5,0.92709064
6398,KCNK3,2,1.3708965
6399,KCNK4,3,0.12798637
6400,KCNK5,2,2.4052167
6401,KCNK6,8,2.3955748
6402,KCNK7,5,0.70033705
6403,KCNK9,5,0.42974597
6404,KCNMA1,10,1.404798
6405,KCNMB1,5,1.4650301
6406,KCNMB2,10,0.6135665
6407,KCNMB3,5,1.6874014
6408,KCNMB4,10,1.6168368
6409,KCNN1,3,0.47484982
6410,KCNN2,10,1.1501988
6411,KCNN3,10,1.211593
6412,KCNN4,9,3.1659005
6413,KCNQ1,4,2.8718667
6414,KCNQ2,10,0.48177755
6415,KCNQ3,10,1.005883
6416,KCNQ4,10,0.8709161
6417,KCNQ5,5,0.7595066
6418,KCNRG,2,1.9060334
6419,KCNS1,3,0.35022718
6420,KCNS2,3,0.13427277
6421,KCNS3,8,1.9377679
6422,KCNT1,3,0.206651
6423,KCNT2,5,0.73914075
6424,KCNV1,3,0.24520664
6425,KCNV2,3,0.09990943
6426,KCP,9,2.7748032
6427,KCTD1,8,2.402683
6428,KCTD10,9,3.8714228
6429,KCTD11,6,3.129004
6430,KCTD12,8,3.726276
6431,KCTD13,4,2.4510336
6432,KCTD15,9,2.6576965
6433,KCTD16,3,0.2419277
6434,KCTD17,2,3.1581059
6435,KCTD18,8,2.4356432
6436,KCTD19,3,0.29859513
6437,KCTD2,6,3.8490527
6438,KCTD20,9,3.7811935
6439,KCTD21,8,2.513867
6440,KCTD3,7,3.9308474
6441,KCTD4,3,0.21950442
6442,KCTD5,6,3.947398
6443,KCTD6,5,2.2775424
6444,KCTD7,9,3.4814258
6445,KCTD8,10,0.36631712
6446,KCTD9,9,3.010139
6447,KDELR1,1,5.623585
6448,KDELR2,1,5.8668466
6449,KDELR3,9,3.8188932
6450,KDF1,9,2.3988652
6451,KDM1A,9,3.752756
6452,KDM1B,4,2.933877
6453,KDM2A,6,3.9178786
6454,KDM2B,2,2.374858
6455,KDM3A,9,3.7167048
6456,KDM3B,6,3.8748736
6457,KDM4A,6,3.4860013
6458,KDM4B,6,3.2719936
6459,KDM4C,9,3.0268176
6460,KDM4D,5,0.9406196
6461,KDM5A,9,2.9182076
6462,KDM5B,9,2.980125
6463,KDM5D,5,1.5306991
6464,KDM6A,8,2.7696376
6465,KDM6B,9,3.1484969
6466,KDM7A,8,2.4478195
6467,KDM8,10,1.2285461
6468,KDR,9,3.054355
6469,KDSR,9,3.7074711
6470,KEAP1,6,4.061315
6471,KEL,5,0.49474767
6472,KERA,3,0.18741041
6473,KHDC4,6,3.4054909
6474,KHDRBS1,1,5.1760345
6475,KHDRBS2,3,0.35087597
6476,KHDRBS3,8,3.0688238
6477,KHK,4,3.0293272
6478,KHNYN,7,3.810054
6479,KHSRP,7,4.901337
6480,KIAA0040,4,2.8628356
6481,KIAA0232,9,3.1729538
6482,KIAA0319,10,0.4932927
6483,KIAA0319L,7,3.8948226
6484,KIAA0408,5,1.0539428
6485,KIAA0513,8,2.0515583
6486,KIAA0586,2,1.9002916
6487,KIAA0753,8,2.5037265
6488,KIAA0825,3,0.5837006
6489,KIAA0930,6,3.7710826
6490,KIAA1143,6,3.0977814
6491,KIAA1191,7,4.4685764
6492,KIAA1217,4,3.03675
6493,KIAA1328,5,1.1623281
6494,KIAA1549,2,1.7005435
6495,KIAA1549L,2,0.8333293
6496,KIAA1614,5,1.2028229
6497,KIAA1671,6,2.9946563
6498,KIAA1755,2,1.4241047
6499,KIAA1958,10,1.4889342
6500,KIAA2012,5,0.33072978
6501,KIAA2013,7,4.4682655
6502,KICS2,2,1.9532871
6503,KIDINS220,2,3.0154443
6504,KIF11,8,2.4311218
6505,KIF12,6,2.7247198
6506,KIF13A,9,3.177709
6507,KIF13B,6,3.2453668
6508,KIF14,10,1.1920096
6509,KIF15,5,1.6010959
6510,KIF17,10,0.9873486
6511,KIF18A,10,1.6044364
6512,KIF18B,4,1.8350866
6513,KIF19,10,0.65447503
6514,KIF1A,3,1.1175467
6515,KIF1B,8,2.743928
6516,KIF1C,7,4.052007
6517,KIF20A,2,2.4453652
6518,KIF20B,8,1.8898189
6519,KIF21A,8,2.784411
6520,KIF21B,5,1.5745175
6521,KIF22,6,4.2257824
6522,KIF23,4,2.3435013
6523,KIF24,5,1.4958805
6524,KIF26A,10,1.2498057
6525,KIF26B,9,1.4704217
6526,KIF27,10,0.994856
6527,KIF2A,2,2.3192027
6528,KIF2B,3,0.008955084
6529,KIF2C,4,2.5892332
6530,KIF3A,2,2.2804487
6531,KIF3B,6,3.7955637
6532,KIF3C,8,2.3133123
6533,KIF4A,9,2.1497025
6534,KIF4B,5,0.560987
6535,KIF5A,5,0.73146164
6536,KIF5B,7,4.557793
6537,KIF5C,5,1.5343993
6538,KIF6,3,0.38777754
6539,KIF7,8,1.6835712
6540,KIF9,8,2.0543435
6541,KIFAP3,9,3.2919033
6542,KIFBP,9,3.0897822
6543,KIFC2,4,3.0996456
6544,KIFC3,2,2.7777915
6545,KIN,2,2.04423
6546,KIRREL2,3,0.31785163
6547,KIRREL3,3,0.45740682
6548,KISS1R,10,0.7746277
6549,KIT,5,2.1449325
6550,KITLG,8,2.3009818
6551,KIZ,9,3.3171618
6552,KL,10,1.2299552
6553,KLB,3,0.65433836
6554,KLC1,2,2.5837622
6555,KLC2,9,3.1130505
6556,KLC3,2,1.924422
6557,KLC4,7,3.83763
6558,KLF1,3,0.20611964
6559,KLF10,7,4.0394382
6560,KLF11,9,2.9765718
6561,KLF12,8,1.6833165
6562,KLF13,9,3.7821102
6563,KLF14,3,0.15884562
6564,KLF15,2,1.9413999
6565,KLF16,7,3.5101936
6566,KLF2,9,3.309587
6567,KLF3,6,3.248587
6568,KLF4,6,3.504291
6569,KLF5,6,3.4413872
6570,KLF6,6,4.528521
6571,KLF7,2,2.3327792
6572,KLF8,10,1.0747172
6573,KLF9,6,3.637671
6574,KLHDC1,5,1.3338265
6575,KLHDC10,8,3.517385
6576,KLHDC2,7,3.7492983
6577,KLHDC3,6,4.2219315
6578,KLHDC4,4,2.6529639
6579,KLHDC7A,10,1.3360392
6580,KLHDC7B,10,0.9797393
6581,KLHDC8A,10,1.1950159
6582,KLHDC8B,6,3.4431295
6583,KLHDC9,9,2.5604074
6584,KLHL1,3,0.028034205
6585,KLHL10,10,0.20053987
6586,KLHL11,5,0.73047674
6587,KLHL12,6,3.7567148
6588,KLHL13,5,1.5025659
6589,KLHL14,5,0.5668504
6590,KLHL15,2,1.9487954
6591,KLHL18,4,2.6559038
6592,KLHL2,4,2.8435369
6593,KLHL20,4,2.8045313
6594,KLHL21,4,3.2757456
6595,KLHL22,2,2.728404
6596,KLHL23,4,2.2387094
6597,KLHL24,4,2.7764847
6598,KLHL25,2,2.1419396
6599,KLHL26,2,2.3962345
6600,KLHL28,2,1.954837
6601,KLHL29,8,1.784217
6602,KLHL3,8,1.158799
6603,KLHL30,3,0.5068451
6604,KLHL31,3,0.5686683
6605,KLHL32,5,0.7640707
6606,KLHL33,10,0.2131796
6607,KLHL34,3,0.21167807
6608,KLHL35,5,1.4601374
6609,KLHL36,9,2.7439826
6610,KLHL38,3,0.37427515
6611,KLHL4,10,0.6951263
6612,KLHL40,3,0.055428285
6613,KLHL41,10,0.8951562
6614,KLHL42,9,2.8458812
6615,KLHL5,8,2.4115205
6616,KLHL6,5,1.4981841
6617,KLHL7,9,2.7390842
6618,KLHL8,8,2.4228745
6619,KLHL9,9,3.251678
6620,KLK10,8,1.4930768
6621,KLK11,2,1.5509384
6622,KLK12,3,0.8295696
6623,KLK13,3,0.64672506
6624,KLK14,3,0.56283337
6625,KLK15,10,0.3707621
6626,KLK4,5,1.4270431
6627,KLK5,3,0.58577245
6628,KLK6,10,1.4977257
6629,KLK7,3,1.0040954
6630,KLK8,3,0.668083
6631,KLK9,10,0.62051296
6632,KLKB1,10,1.2429032
6633,KLRD1,3,0.47290555
6634,KLRG1,5,1.2055278
6635,KLRG2,10,0.57209635
6636,KLRK1,2,1.9503908
6637,KMO,8,2.5983539
6638,KMT2A,8,2.614712
6639,KMT2B,6,3.2371464
6640,KMT2C,8,2.5461156
6641,KMT2D,2,2.7857466
6642,KMT2E,6,3.4857285
6643,KMT5A,9,3.5590522
6644,KMT5B,9,3.218246
6645,KMT5C,8,2.2645655
6646,KNCN,3,0.042511493
6647,KNDC1,10,0.5920091
6648,KNL1,8,1.4263797
6649,KNOP1,2,2.5573032
6650,KNSTRN,6,3.2324343
6651,KNTC1,8,2.2187011
6652,KPNA1,9,3.506592
6653,KPNA3,2,3.308711
6654,KPNA4,4,3.4878957
6655,KPNA6,4,3.6455314
6656,KPNA7,3,0.50610787
6657,KPNB1,7,4.785724
6658,KPRP,10,0.14484447
6659,KPTN,8,2.7718909
6660,KRAS,4,2.9914844
6661,KRBA1,2,2.2696738
6662,KRCC1,8,3.2192142
6663,KREMEN1,8,2.6742637
6664,KREMEN2,10,0.9861146
6665,KRI1,6,3.820903
6666,KRIT1,9,2.7539396
6667,KRR1,9,2.9349418
6668,KRT1,3,0.5593496
6669,KRT10,6,3.745775
6670,KRT12,10,0.21190298
6671,KRT14,5,1.6988243
6672,KRT15,4,1.8011074
6673,KRT16,5,1.4357136
6674,KRT17,2,3.142303
6675,KRT18,1,5.786603
6676,KRT19,1,5.1980457
6677,KRT2,3,0.2423078
6678,KRT20,10,1.0018572
6679,KRT222,7,4.3315897
6680,KRT23,2,1.6369582
6681,KRT24,3,0.09930872
6682,KRT25,3,0.0524694
6683,KRT26,3,0.009104742
6684,KRT27,3,0.29647478
6685,KRT28,3,0.013274572
6686,KRT32,3,0.14576723
6687,KRT34,3,0.10201534
6688,KRT35,3,0.031444035
6689,KRT36,3,0.18589354
6690,KRT39,3,0.09238069
6691,KRT4,10,0.7145083
6692,KRT40,10,0.17945689
6693,KRT7,9,3.973997
6694,KRT71,3,0.08076123
6695,KRT72,3,0.16574617
6696,KRT73,3,0.14068322
6697,KRT75,3,0.63860524
6698,KRT76,3,0.3739659
6699,KRT77,3,0.14164189
6700,KRT79,3,0.37634018
6701,KRT8,1,5.1957917
6702,KRT80,8,2.249452
6703,KRT82,3,0.042021513
6704,KRT84,5,0.20242621
6705,KRT9,3,0.09832285
6706,KRTAP11-1,3,0.016043335
6707,KRTAP16-1,3,0.019603336
6708,KRTAP24-1,3,0.0065999883
6709,KRTAP26-1,3,0.009445407
6710,KRTAP27-1,3,0.0036397062
6711,KRTAP3-1,5,0.12556438
6712,KRTAP7-1,3,0.017422546
6713,KRTAP8-1,3,0.0045607407
6714,KRTCAP2,1,5.8294616
6715,KRTCAP3,2,2.8533363
6716,KRTDAP,3,0.6651655
6717,KSR1,8,2.394693
6718,KSR2,3,0.37098417
6719,KTI12,4,2.965277
6720,KTN1,7,4.522232
6721,KXD1,6,3.8600478
6722,KY,3,0.26548362
6723,KYAT1,10,1.3054187
6724,KYAT3,7,3.7150621
6725,KYNU,10,0.958367
6726,L1CAM,8,1.7589417
6727,L2HGDH,8,1.9003656
6728,L3HYPDH,4,2.676358
6729,L3MBTL1,5,1.355831
6730,L3MBTL2,9,3.7440085
6731,L3MBTL3,2,1.759968
6732,L3MBTL4,10,1.0155532
6733,LACC1,8,1.7722766
6734,LACTB,9,2.9159079
6735,LACTB2,4,3.420059
6736,LACTBL1,3,0.0051264353
6737,LAD1,7,3.6183288
6738,LAG3,2,1.8374462
6739,LALBA,3,0.043198105
6740,LAMA1,8,1.1982373
6741,LAMA2,5,1.7427372
6742,LAMA3,8,2.1077237
6743,LAMA4,9,3.1647232
6744,LAMA5,6,3.8279905
6745,LAMB1,6,4.2034245
6746,LAMB2,7,4.8585744
6747,LAMB3,9,3.3656075
6748,LAMC1,7,4.4816613
6749,LAMC2,8,2.741056
6750,LAMC3,8,1.5833943
6751,LAMP1,1,5.993445
6752,LAMP2,6,4.2660055
6753,LAMP5,5,1.7152196
6754,LAMTOR1,7,4.882667
6755,LAMTOR2,1,5.1646943
6756,LAMTOR3,9,3.4685998
6757,LAMTOR4,1,5.2523036
6758,LAMTOR5,7,5.0555344
6759,LANCL1,6,3.1285045
6760,LANCL2,6,3.2416105
6761,LANCL3,3,0.33030057
6762,LAP3,7,5.0191436
6763,LAPTM4A,1,6.5744095
6764,LAPTM4B,7,4.8133516
6765,LAPTM5,7,5.2778854
6766,LARGE1,2,1.9641534
6767,LARGE2,9,2.3688078
6768,LARP1,7,4.560398
6769,LARP4,6,3.3252087
6770,LARP6,8,2.1937988
6771,LARS2,8,2.2072861
6772,LAS1L,6,3.8406157
6773,LASP1,1,5.2264323
6774,LAT,8,2.5010006
6775,LAT2,8,2.1145709
6776,LATS1,6,2.6999624
6777,LATS2,4,2.777714
6778,LAX1,5,0.6743611
6779,LAYN,5,2.129869
6780,LBH,7,4.1894536
6781,LBP,3,1.1366081
6782,LBR,9,3.1778457
6783,LBX1,3,0.15302677
6784,LBX2,8,1.869674
6785,LCA5,8,1.4169259
6786,LCA5L,10,0.9405397
6787,LCAT,8,2.9526687
6788,LCE7A,3,0.0
6789,LCK,2,2.165249
6790,LCLAT1,2,2.3480222
6791,LCMT1,7,4.3482027
6792,LCMT2,8,2.0156343
6793,LCN10,5,1.0061206
6794,LCN12,8,2.3380406
6795,LCN2,4,3.6481504
6796,LCN6,5,1.5294709
6797,LCN8,3,0.24993509
6798,LCOR,2,1.8313673
6799,LCORL,8,1.5512186
6800,LCP1,6,4.3916097
6801,LCP2,4,2.8478098
6802,LCT,3,0.0759407
6803,LCTL,10,1.2602522
6804,LDAH,2,2.480334
6805,LDB1,9,3.8287096
6806,LDB2,9,2.7911012
6807,LDB3,5,0.8961513
6808,LDHA,1,6.3386602
6809,LDHAL6B,3,0.15756159
6810,LDHB,7,4.9007545
6811,LDHC,10,0.45436823
6812,LDHD,4,2.7251847
6813,LDLR,4,3.4278646
6814,LDLRAD1,3,0.49934906
6815,LDLRAD2,7,4.5031285
6816,LDLRAD3,4,2.9595463
6817,LDLRAD4,2,1.9938369
6818,LDLRAP1,4,3.5972543
6819,LDOC1,4,2.8129752
6820,LEAP2,10,2.0947087
6821,LECT2,3,0.51266605
6822,LEF1,8,2.533928
6823,LEKR1,10,0.50458854
6824,LEMD1,5,1.1997939
6825,LEMD2,7,4.005658
6826,LEMD3,9,3.0065207
6827,LENEP,3,0.17877336
6828,LENG1,9,3.570309
6829,LENG8,7,4.2480316
6830,LENG9,6,3.0310338
6831,LEO1,6,3.6875706
6832,LEP,3,0.22816327
6833,LEPR,10,1.7986617
6834,LEPROT,7,4.262921
6835,LEPROTL1,7,3.764433
6836,LETM1,9,3.5039785
6837,LETM2,10,1.0176088
6838,LETMD1,7,4.2907877
6839,LFNG,9,3.4969025
6840,LGALS1,1,7.044472
6841,LGALS12,5,0.4078377
6842,LGALS2,8,2.5130227
6843,LGALS3,7,4.259671
6844,LGALS3BP,1,6.231627
6845,LGALS4,5,2.9703126
6846,LGALS8,6,3.5679142
6847,LGI1,3,0.26092625
6848,LGI2,10,1.1037911
6849,LGI3,3,1.1154158
6850,LGI4,8,1.9953128
6851,LGMN,7,4.993284
6852,LGR4,7,3.4984105
6853,LGR5,5,1.0809537
6854,LGR6,10,1.3174852
6855,LGSN,3,0.31563887
6856,LHCGR,3,0.055880833
6857,LHFPL1,3,0.1422675
6858,LHFPL2,6,3.0095196
6859,LHFPL3,10,0.71207684
6860,LHFPL4,3,0.47696304
6861,LHFPL5,2,1.8074083
6862,LHPP,7,3.5810134
6863,LHX1,10,0.2327087
6864,LHX2,3,0.8250958
6865,LHX3,3,0.05855042
6866,LHX4,5,0.8005161
6867,LHX5,3,0.13094902
6868,LHX6,5,1.2457196
6869,LHX8,3,0.101061046
6870,LHX9,3,0.2261452
6871,LIAS,2,2.1181157
6872,LIF,4,2.497718
6873,LIFR,2,2.2679555
6874,LIG1,6,3.4515855
6875,LIG3,9,2.9963555
6876,LIG4,2,1.9090306
6877,LIM2,3,0.035095587
6878,LIMA1,7,4.0656385
6879,LIMCH1,9,2.5222769
6880,LIMD1,6,2.8294978
6881,LIMD2,8,2.867612
6882,LIME1,4,3.2787054
6883,LIMK1,6,3.7828617
6884,LIMK2,6,3.4698994
6885,LIMS2,8,2.8257036
6886,LIN28A,10,0.096748054
6887,LIN28B,3,0.15188149
6888,LIN37,6,3.6324062
6889,LIN52,8,2.5924308
6890,LIN54,2,2.2117963
6891,LIN7A,5,1.3450197
6892,LIN7B,6,2.7363377
6893,LIN7C,9,3.2631528
6894,LIN9,8,1.816619
6895,LINGO1,4,2.2482564
6896,LINGO2,3,0.08462915
6897,LINGO3,3,0.3391308
6898,LINGO4,10,0.62147105
6899,LINS1,9,2.2642019
6900,LIPA,6,3.7786274
6901,LIPC,5,0.8848246
6902,LIPE,2,1.9619154
6903,LIPF,3,0.3699286
6904,LIPG,8,1.6896446
6905,LIPH,2,2.2862346
6906,LIPI,3,0.087830275
6907,LIPK,10,0.077898875
6908,LIPM,10,0.6309547
6909,LIPN,3,0.08665284
6910,LIPT1,2,1.7999105
6911,LIPT2,2,1.2653182
6912,LITAF,7,4.543401
6913,LIX1,3,0.7425208
6914,LIX1L,6,3.3715453
6915,LKAAEAR1,3,0.295123
6916,LLGL1,9,3.3480957
6917,LLGL2,6,3.4636726
6918,LLPH,4,2.2763572
6919,LMAN1,7,4.722127
6920,LMAN1L,5,0.44562563
6921,LMAN2,1,5.1174946
6922,LMAN2L,9,3.4122336
6923,LMBR1,4,3.0855243
6924,LMBR1L,6,3.536935
6925,LMBRD1,6,3.7194233
6926,LMBRD2,8,2.371127
6927,LMCD1,4,2.253489
6928,LMF1,6,3.4803362
6929,LMF2,7,4.5626698
6930,LMLN,8,1.91537
6931,LMNA,1,5.3921213
6932,LMNB1,6,3.4987552
6933,LMNB2,7,3.8836865
6934,LMNTD1,5,0.28376567
6935,LMO1,3,0.53737634
6936,LMO2,8,2.9233942
6937,LMO3,5,1.6477869
6938,LMO4,9,3.252684
6939,LMO7,4,3.1227589
6940,LMOD1,4,2.7841203
6941,LMOD2,5,0.13378346
6942,LMOD3,3,0.2386949
6943,LMTK2,6,2.9132314
6944,LMTK3,5,1.5302883
6945,LMX1A,10,0.0754335
6946,LMX1B,3,0.67495954
6947,LNP1,10,1.507942
6948,LNPEP,2,2.76355
6949,LNPK,6,2.9706714
6950,LNX1,4,2.6364362
6951,LNX2,8,2.7281907
6952,LONP1,7,4.556445
6953,LONP2,7,3.9784977
6954,LONRF1,2,2.6716397
6955,LONRF2,5,1.4105875
6956,LONRF3,10,1.2920705
6957,LOX,4,2.7835786
6958,LOXHD1,3,0.12601025
6959,LOXL1,6,3.044036
6960,LOXL2,6,3.2752297
6961,LOXL3,4,2.5719445
6962,LOXL4,8,1.9734035
6963,LPAR1,2,1.776188
6964,LPAR2,9,2.6731794
6965,LPAR3,5,0.77382195
6966,LPAR4,3,0.18875355
6967,LPAR5,9,2.1798565
6968,LPAR6,6,3.1293087
6969,LPCAT1,7,4.2197824
6970,LPCAT2,9,2.8165364
6971,LPCAT3,7,4.670717
6972,LPCAT4,9,3.4357684
6973,LPGAT1,6,3.3916001
6974,LPIN1,6,2.6131957
6975,LPIN2,4,3.3145754
6976,LPIN3,6,2.7768657
6977,LPL,4,2.7845342
6978,LPO,3,0.5913288
6979,LPP,9,2.8207085
6980,LPXN,9,3.2665873
6981,LRAT,5,0.96090156
6982,LRATD1,2,2.4917514
6983,LRATD2,6,3.5259173
6984,LRBA,6,2.995328
6985,LRCH1,9,2.51168
6986,LRCH2,10,1.16287
6987,LRCH3,8,2.5472147
6988,LRCH4,6,3.99097
6989,LRFN1,5,1.1365558
6990,LRFN2,3,0.27194312
6991,LRFN3,8,2.4206436
6992,LRFN4,4,2.787455
6993,LRFN5,3,0.29033524
6994,LRG1,6,3.0467181
6995,LRIF1,2,2.702742
6996,LRIG1,9,3.8906562
6997,LRIG2,8,1.9804083
6998,LRIG3,6,3.029828
6999,LRIT1,3,0.009072604
7000,LRIT2,3,0.1154965
7001,LRIT3,3,0.22311631
7002,LRMDA,8,1.8779594
7003,LRP1,7,4.2284546
7004,LRP10,7,4.681067
7005,LRP11,9,3.3041356
7006,LRP12,2,2.373051
7007,LRP1B,10,0.32726645
7008,LRP2,5,1.428765
7009,LRP2BP,10,0.8784585
7010,LRP3,9,3.6082072
7011,LRP4,9,2.1457338
7012,LRP5,7,4.1386814
7013,LRP6,4,2.7073298
7014,LRP8,10,1.7911717
7015,LRPAP1,6,3.847878
7016,LRPPRC,6,4.1572876
7017,LRR1,6,3.054176
7018,LRRC1,6,3.1422923
7019,LRRC10,3,0.018296761
7020,LRRC10B,10,1.1093681
7021,LRRC14,6,2.9432106
7022,LRRC14B,3,0.13886665
7023,LRRC15,5,1.3641865
7024,LRRC17,5,1.8639593
7025,LRRC18,3,0.1953968
7026,LRRC19,3,0.69478303
7027,LRRC2,10,0.96470964
7028,LRRC20,4,2.7110634
7029,LRRC23,8,2.7476547
7030,LRRC24,6,2.9871123
7031,LRRC26,10,1.4695343
7032,LRRC27,8,1.4202231
7033,LRRC28,4,2.2418745
7034,LRRC3,10,1.2957249
7035,LRRC30,3,0.007247009
7036,LRRC31,3,0.8464122
7037,LRRC32,9,3.156991
7038,LRRC34,5,1.6087209
7039,LRRC36,5,0.8801105
7040,LRRC38,3,0.09236754
7041,LRRC39,10,1.1898826
7042,LRRC3B,3,0.27361473
7043,LRRC3C,10,0.3326348
7044,LRRC4,10,1.2065991
7045,LRRC40,8,2.4725034
7046,LRRC41,7,4.396479
7047,LRRC42,4,3.4713795
7048,LRRC43,10,0.8047658
7049,LRRC45,6,3.2416716
7050,LRRC46,8,1.4385029
7051,LRRC47,6,3.854958
7052,LRRC49,5,1.2070444
7053,LRRC4B,5,1.2969376
7054,LRRC4C,5,0.6316812
7055,LRRC51,3,0.0
7056,LRRC52,3,0.21317026
7057,LRRC55,5,0.64955044
7058,LRRC56,5,1.2918694
7059,LRRC57,8,2.3719378
7060,LRRC58,6,3.2030823
7061,LRRC59,7,4.893926
7062,LRRC61,4,3.254368
7063,LRRC69,10,0.8757031
7064,LRRC7,3,0.13154987
7065,LRRC71,3,0.29740137
7066,LRRC73,2,1.3009827
7067,LRRC74A,3,0.09541749
7068,LRRC74B,3,0.12810552
7069,LRRC75A,7,5.140355
7070,LRRC75B,6,3.5010924
7071,LRRC8A,9,3.6760943
7072,LRRC8B,4,2.283904
7073,LRRC8C,2,2.0971954
7074,LRRC8D,4,2.9337592
7075,LRRC8E,4,2.0883758
7076,LRRC9,3,0.119240865
7077,LRRCC1,2,2.472159
7078,LRRD1,6,4.1107306
7079,LRRFIP2,4,3.2946053
7080,LRRIQ1,10,0.49405032
7081,LRRIQ3,10,0.5503321
7082,LRRIQ4,3,0.22985756
7083,LRRK1,5,1.7726294
7084,LRRK2,2,2.0860925
7085,LRRN1,5,1.2803633
7086,LRRN2,10,1.3565485
7087,LRRN3,3,1.0877472
7088,LRRN4,3,0.30426604
7089,LRRN4CL,2,1.5512073
7090,LRRTM1,3,0.5490738
7091,LRRTM2,5,0.51255643
7092,LRRTM3,3,0.24398944
7093,LRRTM4,5,0.38471135
7094,LRSAM1,8,2.6830459
7095,LRTM1,3,0.066149235
7096,LRTM2,3,0.16931613
7097,LRWD1,6,3.376179
7098,LSAMP,8,1.6026762
7099,LSG1,9,3.8154843
7100,LSM1,7,4.4240317
7101,LSM10,9,3.8343544
7102,LSM11,2,1.6764716
7103,LSM12,8,3.3721852
7104,LSM14A,7,4.7929487
7105,LSM14B,4,3.69834
7106,LSM2,7,4.865225
7107,LSM3,7,3.709018
7108,LSM4,7,5.0364923
7109,LSM5,6,3.6414728
7110,LSM6,8,2.329706
7111,LSM7,1,5.2863436
7112,LSM8,4,1.7652465
7113,LSMEM1,3,0.564153
7114,LSMEM2,4,3.1980321
7115,LSP1,4,3.0097964
7116,LSR,7,4.768895
7117,LSS,6,3.616946
7118,LTA,10,0.6838378
7119,LTA4H,7,4.8294444
7120,LTB,9,2.9672692
7121,LTB4R2,8,1.985514
7122,LTBP1,9,3.1288185
7123,LTBP2,4,3.3212328
7124,LTBP3,7,4.4402437
7125,LTBP4,7,3.9920268
7126,LTBR,7,4.870664
7127,LTC4S,5,2.0161114
7128,LTF,2,2.9882994
7129,LTK,3,1.0333369
7130,LTN1,2,2.5867724
7131,LTO1,7,4.059397
7132,LTV1,6,3.709679
7133,LUC7L,7,3.8259747
7134,LUC7L2,6,4.0865803
7135,LUC7L3,9,3.8512409
7136,LUM,7,4.6671596
7137,LURAP1,8,1.5122702
7138,LURAP1L,9,2.8159242
7139,LUZP1,8,2.6348202
7140,LUZP2,5,0.80708855
7141,LVRN,5,0.17716672
7142,LXN,7,3.6412244
7143,LY6D,5,1.0334678
7144,LY6E,1,4.625775
7145,LY6G5B,7,4.9619865
7146,LY6G5C,9,1.9339173
7147,LY6G6C,5,0.7890068
7148,LY6G6D,3,0.71653306
7149,LY6G6F,3,0.19142681
7150,LY6H,10,1.0431143
7151,LY75,8,2.3219104
7152,LY86,9,2.6600893
7153,LY9,10,0.93535954
7154,LY96,4,3.3372724
7155,LYAR,9,3.2465923
7156,LYG1,10,0.62001246
7157,LYG2,3,0.18517777
7158,LYL1,8,2.1765256
7159,LYN,6,3.219104
7160,LYPD1,2,2.3548522
7161,LYPD2,3,0.44453382
7162,LYPD3,5,2.1740086
7163,LYPD4,3,0.02782219
7164,LYPD5,5,1.5035845
7165,LYPD6,10,1.29113
7166,LYPD6B,8,1.4113944
7167,LYPLA1,7,4.334093
7168,LYPLA2,7,4.1862855
7169,LYPLAL1,9,2.9381754
7170,LYRM1,2,2.2146246
7171,LYRM2,6,3.1440322
7172,LYRM4,7,3.4242978
7173,LYRM7,8,2.452375
7174,LYRM9,2,2.2573593
7175,LYSMD1,8,2.651362
7176,LYSMD2,9,2.9495747
7177,LYSMD3,8,2.9118943
7178,LYSMD4,2,2.430233
7179,LYST,8,2.1478376
7180,LYVE1,2,1.5668104
7181,LYZL4,3,0.06482068
7182,LYZL6,3,0.011666934
7183,LZIC,4,2.6330936
7184,LZTFL1,9,2.803757
7185,LZTR1,9,3.7104437
7186,LZTS1,2,2.352611
7187,LZTS2,9,3.4816992
7188,LZTS3,5,2.3968482
7189,M1AP,5,0.7226527
7190,M6PR,7,4.1020694
7191,MAB21L1,3,0.37479535
7192,MAB21L2,5,0.5757576
7193,MAB21L3,3,0.23571624
7194,MAB21L4,8,1.305056
7195,MACC1,4,1.8785888
7196,MACF1,9,3.3066404
7197,MACIR,2,1.8200341
7198,MACO1,7,3.600007
7199,MACROD1,9,3.6465323
7200,MACROD2,2,1.4557548
7201,MACROH2A1,7,5.043305
7202,MACROH2A2,6,2.980419
7203,MAD1L1,6,3.5280156
7204,MAD2L1,2,2.2241094
7205,MAD2L1BP,6,3.8630352
7206,MAD2L2,6,3.4796999
7207,MADD,6,3.348056
7208,MAEA,7,4.2534366
7209,MAEL,3,0.64406896
7210,MAF,6,3.162179
7211,MAF1,7,4.749264
7212,MAFA,3,0.23935239
7213,MAFB,8,3.5078151
7214,MAFF,6,3.3055735
7215,MAFG,4,2.7612379
7216,MAFK,4,3.0840924
7217,MAG,10,0.5366907
7218,MAGEB18,3,0.012484545
7219,MAGED1,7,4.390889
7220,MAGED2,1,5.3577576
7221,MAGEE1,5,1.5282694
7222,MAGEE2,3,0.26316893
7223,MAGEH1,7,3.8094068
7224,MAGEL2,3,0.49553525
7225,MAGI1,8,2.5547452
7226,MAGI2,10,1.2824773
7227,MAGI3,2,2.372539
7228,MAGIX,10,1.5972396
7229,MAGOH,7,4.54891
7230,MAGOHB,2,2.8446977
7231,MAGT1,9,4.3374987
7232,MAIP1,4,3.5761533
7233,MAJIN,5,0.32437176
7234,MAK,5,0.72848237
7235,MAK16,4,2.896143
7236,MAL,5,1.8546776
7237,MAL2,6,3.5576632
7238,MALL,8,2.7631028
7239,MALRD1,3,0.3479772
7240,MALSU1,6,3.403747
7241,MALT1,8,2.5844681
7242,MAMDC2,10,1.2734008
7243,MAMDC4,4,2.400244
7244,MAML1,6,3.4642482
7245,MAML2,8,2.599573
7246,MAML3,2,2.2672777
7247,MAMLD1,2,1.788153
7248,MAMSTR,10,0.97597456
7249,MAN1A1,9,3.333593
7250,MAN1A2,4,3.1456513
7251,MAN1B1,7,4.345903
7252,MAN1C1,8,2.5189455
7253,MAN2A1,6,3.2514274
7254,MAN2A2,9,3.606945
7255,MAN2B1,7,4.269141
7256,MAN2B2,7,3.7591057
7257,MAN2C1,7,4.122839
7258,MANBA,6,3.2521393
7259,MANBAL,4,3.0709634
7260,MANEA,8,2.218619
7261,MANEAL,6,2.9894636
7262,MANF,1,5.4402084
7263,MANSC1,4,2.9818432
7264,MANSC4,3,0.10932305
7265,MAOA,9,3.677236
7266,MAOB,7,3.6667182
7267,MAP1A,5,1.90759
7268,MAP1B,9,2.7222505
7269,MAP1LC3A,6,3.8241477
7270,MAP1S,6,3.8182323
7271,MAP2,8,2.166238
7272,MAP2K1,7,4.1459656
7273,MAP2K2,1,4.9966426
7274,MAP2K3,7,4.25835
7275,MAP2K4,6,3.3413756
7276,MAP2K5,6,2.9743974
7277,MAP2K6,5,0.9238837
7278,MAP2K7,6,3.657364
7279,MAP3K1,2,2.9947457
7280,MAP3K10,4,2.5685525
7281,MAP3K11,7,4.1724586
7282,MAP3K12,9,3.6460142
7283,MAP3K13,8,2.5508633
7284,MAP3K14,8,2.674875
7285,MAP3K15,2,1.857078
7286,MAP3K19,3,0.1966486
7287,MAP3K2,4,2.8569965
7288,MAP3K20,4,2.879045
7289,MAP3K21,8,1.5720906
7290,MAP3K3,4,3.2942395
7291,MAP3K4,4,2.7138991
7292,MAP3K5,4,2.9061468
7293,MAP3K6,4,3.1408148
7294,MAP3K7,4,3.2822626
7295,MAP3K8,2,1.8709939
7296,MAP3K9,2,1.3825477
7297,MAP4K1,8,1.8744674
7298,MAP4K2,8,2.3209043
7299,MAP4K3,9,3.2786956
7300,MAP4K4,9,3.945731
7301,MAP4K5,6,3.166105
7302,MAP6,10,1.4405242
7303,MAP6D1,10,1.7518826
7304,MAP7,6,3.2227142
7305,MAP7D1,1,4.464951
7306,MAP7D2,10,1.0115916
7307,MAP9,8,1.729671
7308,MAPK1,6,4.0045805
7309,MAPK10,2,0.93526125
7310,MAPK11,4,2.6643171
7311,MAPK12,6,3.9654188
7312,MAPK13,6,3.2117796
7313,MAPK14,9,3.5086825
7314,MAPK15,10,1.5912446
7315,MAPK3,9,4.241205
7316,MAPK4,3,0.9889901
7317,MAPK6,9,3.3845944
7318,MAPK7,9,2.937422
7319,MAPK8,4,2.7557335
7320,MAPK8IP1,6,2.7118878
7321,MAPK8IP2,2,1.7305087
7322,MAPK8IP3,4,3.3437517
7323,MAPK9,6,3.2370515
7324,MAPKAP1,6,4.2230606
7325,MAPKAPK2,7,4.7874727
7326,MAPKAPK3,6,3.4679253
7327,MAPKAPK5,8,2.5337105
7328,MAPKBP1,2,2.3312025
7329,MAPRE1,6,4.0469756
7330,MAPRE2,6,3.5166655
7331,MAPRE3,9,2.9553196
7332,MAPT,10,1.9907602
7333,MARCHF1,10,1.609094
7334,MARCHF10,3,0.42180845
7335,MARCHF11,3,0.17764355
7336,MARCHF2,9,3.7278216
7337,MARCHF3,5,1.6924865
7338,MARCHF4,5,0.3761058
7339,MARCHF5,6,3.5764108
7340,MARCHF6,6,3.9036114
7341,MARCHF7,6,3.2642298
7342,MARCHF8,8,2.9971597
7343,MARCHF9,4,3.1183965
7344,MARCKS,7,4.9150524
7345,MARCKSL1,1,5.9964647
7346,MARCO,5,1.6313947
7347,MARF1,9,3.5113235
7348,MARK1,2,1.5333103
7349,MARK2,6,3.722451
7350,MARK3,7,3.935169
7351,MARK4,6,3.2674263
7352,MARS1,7,4.6509614
7353,MARS2,9,2.5384848
7354,MARVELD1,6,3.7696066
7355,MARVELD2,8,2.540379
7356,MARVELD3,2,2.3419654
7357,MAS1,3,0.027150704
7358,MASP1,5,1.5475634
7359,MASP2,10,1.2751563
7360,MAST1,10,0.7668969
7361,MAST2,9,3.4413235
7362,MAST3,4,2.5934145
7363,MAST4,8,2.1892517
7364,MASTL,4,2.2322035
7365,MAT1A,3,1.0114058
7366,MAT2A,1,5.1867046
7367,MAT2B,6,3.8784623
7368,MATK,10,1.4335059
7369,MATN1,10,0.51312333
7370,MATN2,4,3.3136292
7371,MATN3,2,1.5274612
7372,MATN4,10,0.20236835
7373,MATR3,1,5.4705276
7374,MAU2,6,3.755795
7375,MAX,7,3.93198
7376,MAZ,1,5.4615307
7377,MB,10,1.324096
7378,MB21D2,5,1.9914933
7379,MBD1,4,3.2593675
7380,MBD2,6,3.6645317
7381,MBD3,7,3.9051502
7382,MBD3L1,3,0.01450516
7383,MBD4,6,3.5202606
7384,MBD5,2,1.6870409
7385,MBD6,6,3.983536
7386,MBIP,6,3.763894
7387,MBL2,10,0.42590842
7388,MBLAC1,8,1.7836484
7389,MBLAC2,2,1.8321676
7390,MBNL1,7,3.9813123
7391,MBNL2,6,3.6193173
7392,MBNL3,2,1.9790262
7393,MBOAT1,8,1.8894111
7394,MBOAT2,4,2.840451
7395,MBOAT4,5,0.37196302
7396,MBOAT7,7,4.4471364
7397,MBP,6,3.559126
7398,MBTD1,4,2.487099
7399,MBTPS1,7,4.4270344
7400,MBTPS2,2,2.5727143
7401,MC1R,8,2.1776392
7402,MC2R,3,0.01623508
7403,MC3R,3,0.02731088
7404,MC4R,3,0.1176309
7405,MC5R,3,0.10858535
7406,MCAM,7,4.5767
7407,MCAT,9,3.350524
7408,MCC,8,2.13028
7409,MCCC1,8,3.4543953
7410,MCCC2,6,4.312186
7411,MCEE,9,3.5164998
7412,MCF2,3,0.20085067
7413,MCF2L,8,2.7140126
7414,MCFD2,7,4.37891
7415,MCHR1,5,0.9877477
7416,MCIDAS,10,0.6648805
7417,MCL1,1,5.563834
7418,MCM10,10,1.4229288
7419,MCM2,6,3.7541583
7420,MCM3,7,4.494745
7421,MCM3AP,7,3.847221
7422,MCM4,6,3.939733
7423,MCM5,6,3.9178724
7424,MCM6,9,3.602639
7425,MCM7,7,4.529565
7426,MCM8,8,1.9007188
7427,MCM9,2,2.0971243
7428,MCMBP,7,3.7841835
7429,MCMDC2,5,1.6263372
7430,MCOLN1,7,3.5831037
7431,MCOLN2,5,1.338107
7432,MCOLN3,5,0.97714794
7433,MCPH1,2,1.6001761
7434,MCRIP1,7,3.7875204
7435,MCRIP2,7,4.5928187
7436,MCRS1,7,4.3654943
7437,MCTP1,5,1.430261
7438,MCTP2,5,1.7482885
7439,MCTS1,2,2.34274
7440,MCU,4,3.2913175
7441,MCUB,2,2.8747544
7442,MCUR1,6,3.2884598
7443,MDFI,9,2.7334235
7444,MDFIC,9,2.8712173
7445,MDFIC2,3,0.0
7446,MDGA1,5,0.95808715
7447,MDGA2,3,0.2806623
7448,MDH1,1,5.264363
7449,MDH1B,10,1.0519826
7450,MDH2,1,5.62386
7451,MDK,7,5.079751
7452,MDM1,2,2.0012195
7453,MDM2,6,3.8085582
7454,MDM4,8,2.5774868
7455,MDN1,9,2.2695196
7456,ME1,8,2.5176303
7457,ME2,8,2.640696
7458,ME3,2,2.1618614
7459,MEA1,7,4.340758
7460,MEAF6,9,3.675461
7461,MEAK7,4,2.1405022
7462,MECOM,8,2.3147974
7463,MECP2,4,3.0502176
7464,MECR,9,3.1427758
7465,MED1,8,2.8636765
7466,MED10,7,4.234735
7467,MED11,6,3.530457
7468,MED12,8,3.138508
7469,MED12L,5,0.6099808
7470,MED13,2,3.3047884
7471,MED13L,7,3.3067808
7472,MED14,9,3.199109
7473,MED15,7,4.481226
7474,MED16,7,4.126864
7475,MED17,8,2.9508064
7476,MED18,9,3.277988
7477,MED19,6,3.3187351
7478,MED20,4,3.1974862
7479,MED21,4,3.341833
7480,MED22,4,2.7872038
7481,MED23,6,2.952726
7482,MED24,7,3.9213388
7483,MED25,9,3.7440212
7484,MED26,4,2.8066025
7485,MED27,4,2.5646436
7486,MED28,6,2.9825523
7487,MED29,6,4.2695746
7488,MED30,6,3.3850577
7489,MED31,6,2.9987984
7490,MED4,6,4.0777907
7491,MED6,8,3.1758847
7492,MED7,4,2.7707763
7493,MED8,7,4.140106
7494,MED9,6,3.2877753
7495,MEDAG,2,1.8126074
7496,MEF2A,9,2.9158309
7497,MEF2B,2,1.9878095
7498,MEF2C,8,2.3394227
7499,MEF2D,6,3.0213115
7500,MEGF10,10,0.68202
7501,MEGF11,5,0.59340596
7502,MEGF6,2,1.9924905
7503,MEGF8,6,3.0192316
7504,MEGF9,9,3.318521
7505,MEI1,10,0.9563145
7506,MEI4,10,0.357852
7507,MEIG1,10,0.41767213
7508,MEIKIN,3,0.25676897
7509,MEIOB,3,0.46723586
7510,MEIOC,10,1.2026091
7511,MEIS1,2,1.6179143
7512,MEIS2,2,1.9579539
7513,MELK,2,1.5974256
7514,MELTF,4,2.470459
7515,MEMO1,4,2.3410957
7516,MEN1,6,3.6830728
7517,MEOX1,3,1.0532856
7518,MEOX2,5,1.358323
7519,MEP1B,3,0.19790338
7520,MEPCE,7,4.255906
7521,MERTK,4,2.7114565
7522,MESD,7,3.725315
7523,MESP1,8,2.1844275
7524,MESP2,10,0.7105016
7525,MEST,6,3.5817676
7526,MET,9,3.6118495
7527,METAP1,6,3.726488
7528,METAP1D,4,2.2002723
7529,METAP2,7,4.298002
7530,METRN,9,3.2847471
7531,METRNL,7,3.5237055
7532,METTL1,4,3.8122942
7533,METTL14,9,2.4792876
7534,METTL15,10,2.1489584
7535,METTL16,4,3.0515332
7536,METTL17,7,4.185051
7537,METTL18,8,2.5098403
7538,METTL21A,4,2.483011
7539,METTL21C,3,0.060553253
7540,METTL22,8,2.0508034
7541,METTL23,6,3.3385694
7542,METTL24,3,0.43000984
7543,METTL25,10,2.1558146
7544,METTL26,1,4.831702
7545,METTL27,2,2.0188808
7546,METTL3,6,4.074921
7547,METTL5,7,4.2556233
7548,METTL6,2,1.912893
7549,METTL8,5,1.7498018
7550,METTL9,1,4.6768847
7551,MEX3A,8,2.00841
7552,MEX3B,10,1.2711618
7553,MEX3C,9,3.4476025
7554,MEX3D,4,3.2329519
7555,MFAP2,5,2.932091
7556,MFAP3,2,2.1157048
7557,MFAP3L,8,1.6521361
7558,MFAP4,9,3.832218
7559,MFAP5,10,1.6402128
7560,MFF,6,3.3480124
7561,MFGE8,6,3.9333694
7562,MFHAS1,4,2.9388223
7563,MFN1,8,3.1033034
7564,MFN2,7,3.94698
7565,MFNG,4,2.7792366
7566,MFRP,6,2.9562643
7567,MFSD1,9,4.586024
7568,MFSD10,7,4.2812085
7569,MFSD11,7,3.9644227
7570,MFSD12,7,4.773629
7571,MFSD13A,8,2.2151313
7572,MFSD14A,6,3.835518
7573,MFSD14B,6,4.0999374
7574,MFSD2A,2,2.7409413
7575,MFSD2B,8,1.8233298
7576,MFSD3,7,3.9049325
7577,MFSD4A,2,1.8172116
7578,MFSD5,6,3.9078958
7579,MFSD6,4,3.3868163
7580,MFSD6L,10,1.1244967
7581,MFSD8,8,2.1935773
7582,MFSD9,2,2.2076457
7583,MGA,8,2.247445
7584,MGAM,10,0.7422779
7585,MGAM2,3,0.6593892
7586,MGAT1,7,3.8485281
7587,MGAT2,6,3.940511
7588,MGAT3,10,1.7713546
7589,MGAT4A,9,2.751367
7590,MGAT4B,7,4.925057
7591,MGAT4C,3,0.2914825
7592,MGAT4D,3,0.012938338
7593,MGAT5,9,3.3802252
7594,MGAT5B,3,0.77649426
7595,MGLL,6,4.087319
7596,MGME1,9,3.0483906
7597,MGMT,5,2.449543
7598,MGP,1,5.1766486
7599,MGRN1,7,3.9959984
7600,MGST1,7,4.445647
7601,MGST2,9,3.5074375
7602,MGST3,6,3.869714
7603,MIA,8,2.8893945
7604,MIA3,4,3.6820576
7605,MIB1,8,2.9232304
7606,MIB2,8,2.7883391
7607,MICAL1,6,3.2071202
7608,MICAL2,8,2.7883036
7609,MICAL3,8,2.8761923
7610,MICALL1,6,3.2484484
7611,MICALL2,6,3.6130197
7612,MICOS10,7,5.1124883
7613,MICOS13,7,4.8304377
7614,MICU1,7,4.04973
7615,MICU2,6,4.200501
7616,MICU3,10,0.9219497
7617,MID1,8,2.2263072
7618,MID1IP1,9,3.5602093
7619,MID2,5,1.3955065
7620,MIDEAS,9,2.9106266
7621,MIDN,7,4.4742126
7622,MIEF1,9,3.108887
7623,MIEF2,2,2.2680643
7624,MIEN1,7,4.73514
7625,MIER1,8,2.9073765
7626,MIER2,6,3.3275428
7627,MIER3,9,2.8201723
7628,MIF,1,7.4197755
7629,MIF4GD,9,3.4087205
7630,MIGA1,8,2.4972932
7631,MIGA2,2,2.594554
7632,MIIP,6,3.7313883
7633,MINAR1,10,0.64950573
7634,MINAR2,3,0.032573964
7635,MINDY1,4,2.8633072
7636,MINDY2,8,2.423284
7637,MINDY3,6,3.026385
7638,MINDY4,9,2.4789822
7639,MINDY4B,3,0.0
7640,MINK1,7,4.1387916
7641,MINPP1,9,3.2781343
7642,MIOS,2,2.950516
7643,MIOX,5,0.9576497
7644,MIP,2,1.0276527
7645,MIPEP,6,3.4815514
7646,MIPOL1,10,1.0008051
7647,MIS12,2,2.6939952
7648,MIS18A,2,3.1318893
7649,MISP,5,2.1940904
7650,MISP3,2,2.7299852
7651,MITD1,7,4.001961
7652,MITF,4,2.293867
7653,MIXL1,10,0.4237267
7654,MKKS,6,3.1091866
7655,MKLN1,9,3.0947845
7656,MKNK1,4,2.4328024
7657,MKNK2,7,4.712277
7658,MKRN1,7,4.6401715
7659,MKRN2,4,2.9132292
7660,MKRN2OS,10,1.4157331
7661,MKRN3,3,0.35283273
7662,MKS1,4,2.5956147
7663,MKX,5,0.8161466
7664,MLANA,10,0.9718663
7665,MLC1,3,1.0066235
7666,MLEC,7,4.808956
7667,MLF1,8,2.4601355
7668,MLF2,1,5.4325404
7669,MLH1,9,3.4082286
7670,MLH3,5,2.1375847
7671,MLIP,3,0.5646736
7672,MLKL,8,2.6053243
7673,MLLT1,7,4.085429
7674,MLLT10,2,2.8075104
7675,MLLT11,4,2.5140042
7676,MLLT3,4,2.2535486
7677,MLLT6,6,3.9326189
7678,MLPH,7,3.495398
7679,MLST8,7,4.107223
7680,MLX,7,4.370626
7681,MLXIP,6,3.6467533
7682,MLXIPL,8,2.1425138
7683,MLYCD,10,1.749398
7684,MMAA,2,1.884307
7685,MMAB,6,3.090897
7686,MMACHC,7,4.4072328
7687,MMADHC,1,4.720538
7688,MMD,9,2.9996562
7689,MMD2,10,0.27130806
7690,MME,10,1.6769342
7691,MMEL1,8,2.6062908
7692,MMGT1,9,3.229815
7693,MMP11,6,3.7150176
7694,MMP12,10,1.6340241
7695,MMP13,3,0.8827911
7696,MMP14,7,5.226541
7697,MMP15,7,3.848031
7698,MMP16,10,1.1125189
7699,MMP17,5,1.6855251
7700,MMP19,4,2.949417
7701,MMP2,1,4.5141096
7702,MMP20,10,0.12066353
7703,MMP21,10,0.08445295
7704,MMP23B,5,1.2362853
7705,MMP24,9,2.740537
7706,MMP25,2,1.4661832
7707,MMP27,10,0.087352715
7708,MMP28,2,1.8491472
7709,MMP3,10,1.4551172
7710,MMP7,4,3.4452605
7711,MMP8,3,0.3151499
7712,MMP9,7,3.3913708
7713,MMRN1,10,1.334966
7714,MMRN2,6,3.0150611
7715,MMS19,9,3.7758465
7716,MMS22L,5,1.6094749
7717,MMUT,9,3.6296403
7718,MN1,8,1.370822
7719,MNAT1,4,2.81831
7720,MND1,8,1.9811709
7721,MNS1,8,2.0407364
7722,MNT,4,3.0942004
7723,MNX1,5,1.014933
7724,MOAP1,6,3.9037356
7725,MOB1A,7,4.4621863
7726,MOB1B,4,2.8153841
7727,MOB2,7,3.9807127
7728,MOB3A,6,3.5522535
7729,MOB3B,8,2.0158143
7730,MOB3C,2,2.426841
7731,MOB4,6,3.5119107
7732,MOBP,3,0.35792246
7733,MOCOS,8,1.7237792
7734,MOCS1,4,3.0384777
7735,MOCS2,6,3.0603855
7736,MOCS3,8,2.278533
7737,MOG,3,0.37020814
7738,MOGAT1,3,0.15398741
7739,MOGAT2,10,0.9415906
7740,MOGS,7,4.4576235
7741,MOK,8,2.3933623
7742,MON1A,2,2.2631614
7743,MON1B,6,3.617193
7744,MON2,2,2.470685
7745,MORC1,3,0.10272412
7746,MORC3,9,3.2236736
7747,MORC4,6,3.198278
7748,MORF4L1,7,4.618719
7749,MORF4L2,6,4.125039
7750,MORN1,8,1.766014
7751,MORN2,7,3.8740644
7752,MORN3,10,0.79516983
7753,MORN4,2,2.0818346
7754,MORN5,10,0.7297015
7755,MOS,3,0.0075597474
7756,MOSMO,2,2.1903024
7757,MOSPD1,2,2.7453594
7758,MOSPD2,4,2.5931695
7759,MOSPD3,6,3.4905431
7760,MOV10,9,3.445396
7761,MOV10L1,3,0.32718793
7762,MOXD1,8,2.1972268
7763,MPC1L,3,0.05589625
7764,MPC2,7,4.417638
7765,MPDU1,7,4.498862
7766,MPDZ,8,2.3340185
7767,MPG,7,4.7777343
7768,MPHOSPH10,7,3.6195588
7769,MPHOSPH6,4,3.4949908
7770,MPHOSPH8,9,3.7485178
7771,MPHOSPH9,2,2.1316433
7772,MPI,6,3.704558
7773,MPIG6B,10,0.46811175
7774,MPL,10,0.16584212
7775,MPND,7,3.933449
7776,MPO,3,0.2744406
7777,MPP1,7,3.7059069
7778,MPP2,10,1.1565707
7779,MPP3,10,1.5947927
7780,MPP4,3,0.233363
7781,MPP7,8,2.010343
7782,MPPE1,6,2.9314945
7783,MPPED1,3,0.3811446
7784,MPPED2,5,0.9494973
7785,MPRIP,9,3.3981647
7786,MPST,7,4.352475
7787,MPV17,7,3.9477127
7788,MPV17L,2,2.0038097
7789,MPV17L2,6,3.4904633
7790,MPZ,5,1.5982635
7791,MPZL1,6,4.3842726
7792,MPZL2,7,3.777338
7793,MPZL3,4,2.4882746
7794,MR1,8,2.6138966
7795,MRAP2,10,0.8497027
7796,MRAS,8,2.6476462
7797,MRC1,8,2.06025
7798,MRC2,6,3.6208637
7799,MRE11,8,2.3996596
7800,MREG,9,2.7864804
7801,MRGBP,9,3.3167644
7802,MRGPRD,3,0.046070926
7803,MRGPRE,3,0.11915528
7804,MRGPRF,10,1.7264477
7805,MRGPRG,3,0.010614298
7806,MRI1,4,3.2646744
7807,MRLN,10,0.21322042
7808,MRM1,8,2.6926296
7809,MRM2,6,4.149062
7810,MRM3,6,3.4173534
7811,MRNIP,1,5.4028096
7812,MRO,5,0.8291106
7813,MROH1,6,3.1578197
7814,MROH2A,10,0.23132451
7815,MROH2B,3,0.025986968
7816,MROH5,3,0.117105
7817,MROH6,9,2.2979968
7818,MROH7,10,1.0291985
7819,MROH8,8,2.0247812
7820,MROH9,3,0.050886404
7821,MRPL1,6,3.871985
7822,MRPL10,7,4.1964073
7823,MRPL11,7,4.1697826
7824,MRPL12,7,5.2550364
7825,MRPL13,7,4.4158244
7826,MRPL14,4,3.3335514
7827,MRPL15,6,3.8923464
7828,MRPL16,1,4.693055
7829,MRPL17,7,4.2729487
7830,MRPL18,7,4.2328267
7831,MRPL19,4,2.6327991
7832,MRPL2,7,4.100582
7833,MRPL20,7,5.0589566
7834,MRPL21,7,4.5927644
7835,MRPL24,7,4.1779947
7836,MRPL27,9,3.8819373
7837,MRPL28,7,4.0609317
7838,MRPL3,1,4.9174833
7839,MRPL30,6,3.5718946
7840,MRPL32,7,4.9531546
7841,MRPL33,1,5.4144864
7842,MRPL34,7,4.7547655
7843,MRPL35,6,3.526666
7844,MRPL36,6,3.6693711
7845,MRPL37,7,4.928479
7846,MRPL38,7,4.886408
7847,MRPL39,6,3.8745706
7848,MRPL4,7,4.290628
7849,MRPL40,1,4.9749045
7850,MRPL41,1,5.3481297
7851,MRPL42,8,2.4457674
7852,MRPL43,6,3.366732
7853,MRPL44,6,4.09774
7854,MRPL45,7,4.194895
7855,MRPL46,7,3.7266455
7856,MRPL47,6,4.260292
7857,MRPL48,6,3.2561455
7858,MRPL49,7,4.63545
7859,MRPL50,6,3.3296103
7860,MRPL51,1,5.2638035
7861,MRPL52,1,4.510833
7862,MRPL53,1,5.418234
7863,MRPL54,7,4.9256196
7864,MRPL55,6,3.799581
7865,MRPL57,7,4.2698374
7866,MRPL58,7,4.3556333
7867,MRPL9,7,4.8855433
7868,MRPS10,7,4.1175885
7869,MRPS11,6,3.411291
7870,MRPS12,7,4.437769
7871,MRPS14,6,3.749023
7872,MRPS15,1,5.0623107
7873,MRPS16,7,4.611914
7874,MRPS17,4,3.2442052
7875,MRPS18A,7,4.434365
7876,MRPS18B,7,5.166068
7877,MRPS18C,6,3.2570949
7878,MRPS2,7,4.5736537
7879,MRPS21,7,4.815147
7880,MRPS22,4,2.719579
7881,MRPS23,6,3.3397923
7882,MRPS24,1,5.5722494
7883,MRPS25,9,2.9418626
7884,MRPS26,7,4.953693
7885,MRPS27,4,2.9890552
7886,MRPS28,6,4.021162
7887,MRPS30,7,4.4134784
7888,MRPS31,4,3.470046
7889,MRPS33,8,2.7671685
7890,MRPS34,7,5.266131
7891,MRPS35,7,4.6785398
7892,MRPS5,8,3.6788404
7893,MRPS6,7,5.047616
7894,MRPS7,6,3.7595103
7895,MRPS9,6,4.0404515
7896,MRRF,2,2.2290964
7897,MRS2,9,3.2898476
7898,MRTFA,6,3.327439
7899,MRTFB,2,2.7328286
7900,MRTO4,6,4.230779
7901,MS4A1,3,0.9558266
7902,MS4A12,3,0.27091265
7903,MS4A15,5,0.5418024
7904,MS4A2,5,0.7655605
7905,MS4A3,3,0.060798444
7906,MS4A5,3,0.009720011
7907,MS4A8,5,1.1503178
7908,MSANTD1,10,0.3221759
7909,MSANTD2,2,2.1902478
7910,MSANTD3,6,3.1493616
7911,MSANTD4,8,2.0082645
7912,MSC,4,2.4850924
7913,MSGN1,3,0.010017748
7914,MSH2,4,2.4695275
7915,MSH3,8,2.6080039
7916,MSH4,3,0.16412866
7917,MSH5,4,2.653582
7918,MSH6,7,3.5947845
7919,MSI1,5,1.357063
7920,MSI2,6,3.3272166
7921,MSL1,9,3.887414
7922,MSL2,6,3.0120263
7923,MSL3,4,2.587882
7924,MSLN,5,1.5176414
7925,MSLNL,3,0.0
7926,MSMO1,7,4.152796
7927,MSMP,6,3.4512408
7928,MSN,1,5.6126595
7929,MSR1,8,2.5698345
7930,MSRA,4,2.915103
7931,MSRB1,7,4.491611
7932,MSRB2,7,4.034617
7933,MSRB3,6,2.5610662
7934,MSS51,5,0.92828035
7935,MST1,4,2.6062884
7936,MST1R,4,1.9353435
7937,MSTN,3,0.52298987
7938,MSTO1,9,3.1244009
7939,MSX1,8,2.0353115
7940,MSX2,5,1.494085
7941,MT-ATP6,1,10.204608
7942,MT-CO1,3,0.0
7943,MT-CO2,3,0.0
7944,MT-CO3,1,10.306175
7945,MT-CYB,1,9.568332
7946,MT-ND1,3,0.0
7947,MT-ND2,1,9.558418
7948,MT-ND3,1,9.463391
7949,MT-ND4,1,10.159036
7950,MT-ND4L,1,9.4917145
7951,MT-ND5,1,8.563891
7952,MT-ND6,1,8.97773
7953,MT1X,7,4.804512
7954,MT3,5,1.534619
7955,MT4,3,0.14986302
7956,MTA1,6,4.0714426
7957,MTA2,7,4.4978704
7958,MTA3,8,2.9927502
7959,MTAP,4,2.2541883
7960,MTARC1,8,2.254563
7961,MTARC2,9,2.7726755
7962,MTBP,2,2.0753055
7963,MTCH1,7,4.786415
7964,MTCH2,7,4.551082
7965,MTCL1,8,1.6856086
7966,MTCP1,9,2.6966012
7967,MTDH,7,4.131187
7968,MTERF2,8,2.1090431
7969,MTERF3,2,2.3707354
7970,MTERF4,6,3.2001967
7971,MTF1,8,2.204868
7972,MTF2,9,2.7896876
7973,MTFMT,8,2.595978
7974,MTFP1,9,3.9055724
7975,MTFR1,6,3.1246288
7976,MTFR1L,9,3.511625
7977,MTFR2,10,1.2956336
7978,MTG1,9,3.3888676
7979,MTG2,4,2.8992925
7980,MTHFD1,9,3.4461129
7981,MTHFD1L,9,3.1684744
7982,MTHFD2,6,3.3358612
7983,MTHFD2L,2,2.8449402
7984,MTHFR,8,2.746277
7985,MTHFSD,9,2.795001
7986,MTIF2,4,3.2711987
7987,MTIF3,9,3.5067182
7988,MTLN,3,0.0
7989,MTM1,6,2.2772062
7990,MTMR1,9,3.2113445
7991,MTMR10,6,3.382128
7992,MTMR11,4,3.073828
7993,MTMR12,6,3.2522914
7994,MTMR14,6,4.012035
7995,MTMR2,4,3.0942545
7996,MTMR3,9,3.0093958
7997,MTMR4,9,3.2266681
7998,MTMR6,4,3.0905967
7999,MTMR7,10,0.85284793
8000,MTMR9,2,2.0658052
8001,MTNR1A,3,0.04159712
8002,MTNR1B,3,0.04146183
8003,MTO1,5,2.0038154
8004,MTOR,9,3.3016305
8005,MTPAP,2,2.664689
8006,MTPN,7,5.006094
8007,MTR,8,2.833234
8008,MTRES1,2,2.492403
8009,MTREX,7,4.085795
8010,MTRF1,8,1.6910967
8011,MTRF1L,4,2.6889198
8012,MTRFR,8,2.1786077
8013,MTRR,4,3.1723487
8014,MTSS1,6,3.167332
8015,MTSS2,9,3.8077722
8016,MTTP,3,0.9673476
8017,MTURN,8,3.017193
8018,MTUS1,6,3.4370177
8019,MTUS2,3,0.26621866
8020,MTX1,6,4.2098274
8021,MTX2,7,4.229681
8022,MTX3,8,2.2847269
8023,MUC15,5,1.0711907
8024,MUL1,7,3.9901304
8025,MUS81,9,3.655836
8026,MUSK,3,0.08094396
8027,MUSTN1,4,2.3464215
8028,MUTYH,9,2.4607751
8029,MVB12A,7,4.303318
8030,MVB12B,8,2.417523
8031,MVD,6,3.897437
8032,MVK,4,3.0630424
8033,MVP,1,5.1585937
8034,MXD1,4,2.9329817
8035,MXD3,7,4.596558
8036,MXD4,9,4.3853073
8037,MXI1,6,3.7378714
8038,MXRA8,7,3.9119673
8039,MYADM,7,4.2132807
8040,MYADML2,3,0.3662735
8041,MYB,5,1.7431408
8042,MYBBP1A,7,3.8647993
8043,MYBL1,4,1.4024668
8044,MYBL2,9,3.0782304
8045,MYBPC1,3,1.1171595
8046,MYBPC2,10,0.3925205
8047,MYBPC3,3,0.13095532
8048,MYBPH,3,0.49488238
8049,MYBPHL,10,0.27148914
8050,MYC,7,3.920908
8051,MYCBP,6,3.8275087
8052,MYCBP2,2,2.5041203
8053,MYCBPAP,3,0.4198974
8054,MYCL,2,1.8970326
8055,MYCT1,4,2.1859071
8056,MYD88,7,4.23031
8057,MYDGF,1,5.5937467
8058,MYF5,3,0.013978571
8059,MYF6,3,0.105939135
8060,MYG1,7,4.6884303
8061,MYH1,3,0.087349124
8062,MYH10,9,3.2971597
8063,MYH11,6,3.6216538
8064,MYH13,3,0.12152555
8065,MYH14,6,3.9478247
8066,MYH15,10,0.29233408
8067,MYH3,5,0.80239016
8068,MYH6,3,0.13101766
8069,MYH7,10,0.34607193
8070,MYH7B,5,0.7148878
8071,MYH8,3,0.12273901
8072,MYH9,1,5.7338314
8073,MYL1,3,0.22448817
8074,MYL10,10,0.119889505
8075,MYL12A,7,5.066701
8076,MYL12B,1,5.5107055
8077,MYL2,3,0.1670923
8078,MYL3,3,0.244338
8079,MYL4,3,0.63079363
8080,MYL6B,7,5.146395
8081,MYL7,3,0.077441715
8082,MYL9,7,4.3847303
8083,MYLIP,9,2.912353
8084,MYLK,9,2.8891845
8085,MYLK2,3,0.44367453
8086,MYLK3,3,0.21279024
8087,MYMK,3,0.09747227
8088,MYMX,3,0.0
8089,MYNN,8,2.628532
8090,MYO10,6,3.1697662
8091,MYO15B,9,2.6700978
8092,MYO16,10,0.4376624
8093,MYO18A,4,3.499222
8094,MYO18B,3,0.20272653
8095,MYO19,6,3.106189
8096,MYO1A,3,0.9533189
8097,MYO1B,6,3.8241346
8098,MYO1C,1,4.8031735
8099,MYO1D,6,4.0487123
8100,MYO1E,6,3.18594
8101,MYO1F,2,2.1867049
8102,MYO1G,2,2.2570953
8103,MYO1H,3,0.21904695
8104,MYO3A,10,0.36562833
8105,MYO3B,3,0.4350378
8106,MYO5A,2,2.2700522
8107,MYO5B,8,2.973643
8108,MYO5C,4,2.7770605
8109,MYO6,9,3.5438685
8110,MYO7A,5,1.7085837
8111,MYO7B,10,1.2870622
8112,MYO9A,2,2.2432685
8113,MYO9B,9,3.801448
8114,MYOC,3,0.6068255
8115,MYOCD,10,0.71530217
8116,MYOD1,3,0.060291424
8117,MYOF,7,3.7673
8118,MYOG,3,0.13103954
8119,MYOM1,2,1.2094185
8120,MYOM2,5,0.9534004
8121,MYOM3,3,0.93362385
8122,MYORG,8,2.5179112
8123,MYOT,5,0.7355928
8124,MYOZ1,10,0.69542634
8125,MYOZ2,3,0.22144663
8126,MYOZ3,10,0.39462414
8127,MYPN,3,0.13452342
8128,MYPOP,8,2.362045
8129,MYRF,4,2.4460106
8130,MYRFL,3,0.47119772
8131,MYRIP,5,1.3530946
8132,MYSM1,2,2.2435205
8133,MYT1,3,0.51910716
8134,MYT1L,3,0.08933482
8135,MYZAP,5,1.2560986
8136,MZB1,9,2.7352624
8137,MZF1,7,2.781081
8138,MZT1,6,3.417859
8139,N4BP1,9,3.1762824
8140,N4BP2,8,1.7500086
8141,N4BP2L1,8,2.7528992
8142,N4BP2L2,9,2.8910768
8143,N4BP3,10,1.2209414
8144,NAA10,1,4.668716
8145,NAA15,4,3.2136943
8146,NAA16,8,2.324347
8147,NAA20,1,4.7504306
8148,NAA25,8,2.6678636
8149,NAA30,4,2.5563755
8150,NAA35,8,2.113809
8151,NAA38,7,4.2215652
8152,NAA40,4,2.8859942
8153,NAA50,6,4.0334134
8154,NAA60,7,3.9036884
8155,NAA80,8,2.768246
8156,NAAA,2,2.8355916
8157,NAALAD2,10,0.732921
8158,NAALADL1,10,1.4170096
8159,NAALADL2,10,1.4889016
8160,NAB1,9,2.862098
8161,NAB2,9,3.8455884
8162,NABP1,5,1.5672301
8163,NABP2,7,4.0060945
8164,NACAD,2,1.4574552
8165,NACC1,9,3.841679
8166,NACC2,4,3.1092339
8167,NADK,7,3.7063055
8168,NADK2,6,3.463485
8169,NADSYN1,6,3.9289672
8170,NAE1,7,4.251078
8171,NAF1,5,1.8488625
8172,NAGA,7,3.8761842
8173,NAGK,7,4.23443
8174,NAGLU,7,4.218583
8175,NAGPA,4,3.1979573
8176,NAGS,2,1.5971606
8177,NAIF1,2,2.3763645
8178,NALCN,10,0.61288077
8179,NALF1,10,0.58917576
8180,NALF2,5,1.1824461
8181,NAMPT,6,3.8215082
8182,NANOS1,5,1.2564224
8183,NANOS2,3,0.03299369
8184,NANOS3,10,1.03995
8185,NANP,2,2.1698096
8186,NANS,7,5.0383987
8187,NAP1L1,7,4.1584315
8188,NAP1L2,2,1.4094524
8189,NAP1L3,5,1.5381142
8190,NAP1L4,9,3.7353642
8191,NAP1L5,8,2.4197698
8192,NAPA,1,5.7771897
8193,NAPB,2,2.5161383
8194,NAPEPLD,4,2.6502473
8195,NAPG,6,3.384096
8196,NAPRT,7,4.2310996
8197,NAPSA,2,2.1441214
8198,NARF,9,3.5226214
8199,NARS2,6,3.1104608
8200,NASP,7,4.2475886
8201,NAT10,9,3.9332156
8202,NAT14,9,3.1207411
8203,NAT8L,10,1.5995269
8204,NAT9,6,3.6602175
8205,NATD1,2,2.5854616
8206,NAV1,8,2.4330895
8207,NAV2,8,2.7100904
8208,NAV3,5,0.8239735
8209,NAXD,7,4.027439
8210,NAXE,6,3.6462817
8211,NBAS,6,3.1410346
8212,NBDY,3,0.0
8213,NBEA,5,1.2343465
8214,NBEAL1,7,3.9467957
8215,NBEAL2,4,3.0142827
8216,NBL1,4,3.5582519
8217,NBN,6,3.2001772
8218,NBR1,7,4.458849
8219,NCALD,9,2.7854054
8220,NCAM1,10,1.4856465
8221,NCAM2,5,1.0120267
8222,NCAN,3,0.5659519
8223,NCAPD2,6,3.726095
8224,NCAPD3,4,2.7195637
8225,NCAPG,9,2.3789096
8226,NCAPG2,8,2.1401377
8227,NCAPH,10,1.6745675
8228,NCAPH2,9,3.6267488
8229,NCBP1,9,3.2992506
8230,NCBP2,7,4.574774
8231,NCBP3,2,2.503357
8232,NCCRP1,10,0.9279285
8233,NCDN,7,3.4961872
8234,NCEH1,6,2.9691954
8235,NCF1,4,2.2592714
8236,NCF2,8,2.6078022
8237,NCF4,4,2.6379783
8238,NCK1,8,2.6571298
8239,NCK2,8,3.3954985
8240,NCKAP1,9,3.3727665
8241,NCKAP1L,4,2.1882758
8242,NCKAP5,5,1.082164
8243,NCKAP5L,9,2.8651915
8244,NCKIPSD,7,3.555069
8245,NCL,1,5.95073
8246,NCLN,7,4.279484
8247,NCMAP,2,1.1636131
8248,NCOA1,2,3.0420723
8249,NCOA2,6,2.963601
8250,NCOA3,6,3.1249886
8251,NCOA4,7,4.9084787
8252,NCOA5,9,3.4769387
8253,NCOA6,6,3.267811
8254,NCOA7,9,3.1263695
8255,NCOR1,6,3.5240395
8256,NCOR2,7,4.295992
8257,NCR1,3,0.32730198
8258,NCS1,2,2.9247572
8259,NCSTN,1,5.104415
8260,NDC1,6,3.097574
8261,NDC80,2,2.1415815
8262,NDE1,9,3.6089053
8263,NDEL1,9,3.2533972
8264,NDFIP1,7,4.2659407
8265,NDFIP2,9,3.2919168
8266,NDN,9,3.2404568
8267,NDNF,10,1.0846808
8268,NDOR1,4,2.7860286
8269,NDP,10,0.8868529
8270,NDRG1,1,5.739957
8271,NDRG2,9,3.884576
8272,NDRG3,6,3.7641025
8273,NDRG4,5,1.6863744
8274,NDST1,6,3.8269534
8275,NDST2,7,3.9289944
8276,NDST3,3,0.15069762
8277,NDST4,3,0.099980466
8278,NDUFA1,1,6.359131
8279,NDUFA10,6,3.3288093
8280,NDUFA11,7,4.2445583
8281,NDUFA12,1,5.219279
8282,NDUFA13,1,5.8884897
8283,NDUFA2,1,5.5843673
8284,NDUFA3,1,4.658957
8285,NDUFA4,7,5.2625465
8286,NDUFA4L2,6,4.1196747
8287,NDUFA5,6,3.6385496
8288,NDUFA6,1,4.938837
8289,NDUFA7,1,5.926728
8290,NDUFA8,7,5.2028623
8291,NDUFA9,9,3.259832
8292,NDUFAB1,7,4.9746146
8293,NDUFAF1,9,3.0196886
8294,NDUFAF2,8,2.198559
8295,NDUFAF3,7,4.7182302
8296,NDUFAF4,6,3.0941908
8297,NDUFAF5,5,2.003219
8298,NDUFAF6,6,2.962246
8299,NDUFAF7,8,2.3909338
8300,NDUFAF8,7,4.63434
8301,NDUFB1,6,3.9075952
8302,NDUFB10,1,5.5929117
8303,NDUFB2,7,4.1088405
8304,NDUFB3,6,3.4182155
8305,NDUFB4,1,4.9758797
8306,NDUFB5,7,4.0185833
8307,NDUFB6,7,4.444228
8308,NDUFB7,1,5.8427396
8309,NDUFB8,1,6.0002937
8310,NDUFB9,7,5.276737
8311,NDUFC1,4,3.4742517
8312,NDUFC2,7,5.037464
8313,NDUFS1,6,3.3230445
8314,NDUFS2,1,4.909212
8315,NDUFS3,1,5.169969
8316,NDUFS4,7,4.91487
8317,NDUFS5,1,5.857329
8318,NDUFS6,7,5.1154246
8319,NDUFS7,7,3.9901292
8320,NDUFS8,7,4.7810044
8321,NDUFV1,1,5.120013
8322,NDUFV2,7,4.6136518
8323,NDUFV3,9,3.331359
8324,NEB,10,0.54817
8325,NEBL,8,2.6366932
8326,NECAB1,10,1.1164781
8327,NECAB2,5,0.75444365
8328,NECAB3,6,3.928649
8329,NECAP1,6,3.5816252
8330,NECAP2,1,4.6951933
8331,NECTIN1,6,2.9947078
8332,NECTIN2,7,4.7321525
8333,NECTIN3,2,2.1306622
8334,NECTIN4,5,2.170765
8335,NEDD1,8,2.6393504
8336,NEDD4,8,2.277868
8337,NEDD4L,9,3.1081324
8338,NEDD8,1,5.4111457
8339,NEDD9,9,3.4597926
8340,NEFH,5,1.3154308
8341,NEFL,10,0.8210731
8342,NEGR1,5,0.92574936
8343,NEIL1,9,3.0574183
8344,NEIL2,6,3.1744034
8345,NEIL3,5,1.2811499
8346,NEK1,8,2.1235688
8347,NEK10,3,0.38203663
8348,NEK11,2,1.6294281
8349,NEK2,2,2.1368315
8350,NEK3,2,2.0781631
8351,NEK4,8,2.7282765
8352,NEK5,10,0.87548536
8353,NEK6,7,3.720571
8354,NEK7,9,3.3773398
8355,NEK8,4,2.2784827
8356,NEK9,6,3.4408858
8357,NELFA,6,3.8542333
8358,NELFB,7,4.6345825
8359,NELFCD,7,4.9777684
8360,NELFE,1,4.8783836
8361,NELL1,3,0.55084586
8362,NELL2,2,1.890667
8363,NEMF,9,3.474008
8364,NEMP1,2,2.7484467
8365,NEMP2,10,1.6302216
8366,NENF,1,5.2988396
8367,NEO1,9,3.572363
8368,NEPRO,4,3.3101583
8369,NES,7,3.9027088
8370,NET1,6,4.216526
8371,NETO1,3,0.24793716
8372,NETO2,2,1.9988868
8373,NEU1,7,4.344008
8374,NEU2,3,0.0045246514
8375,NEU3,4,2.0854812
8376,NEU4,3,0.8360711
8377,NEURL1,10,0.99429095
8378,NEURL1B,9,2.9208136
8379,NEURL2,2,1.9900637
8380,NEURL3,10,1.1423581
8381,NEURL4,4,2.8547003
8382,NEUROD1,3,0.35504144
8383,NEUROD2,3,0.20807596
8384,NEUROD4,3,0.058484267
8385,NEUROD6,3,0.04693668
8386,NEUROG1,3,0.006003154
8387,NEUROG2,10,0.14095283
8388,NEUROG3,3,0.1540763
8389,NEXMIF,5,0.4441862
8390,NEXN,2,2.1618817
8391,NF1,9,3.024006
8392,NF2,4,3.0456114
8393,NFASC,5,1.7258724
8394,NFAT5,9,2.8237221
8395,NFATC1,2,1.9599507
8396,NFATC2,4,2.3063328
8397,NFATC2IP,6,3.4041958
8398,NFATC3,9,3.4699519
8399,NFATC4,8,2.2491555
8400,NFE2,3,0.6614138
8401,NFE2L1,7,5.153045
8402,NFE2L2,6,3.551783
8403,NFE2L3,9,3.136905
8404,NFIA,2,2.8136187
8405,NFIB,7,3.1597447
8406,NFIC,6,4.0689464
8407,NFIL3,8,3.0753758
8408,NFIX,7,4.2095323
8409,NFKB1,9,3.6241663
8410,NFKB2,7,3.829577
8411,NFKBIA,7,5.094199
8412,NFKBIB,9,3.719738
8413,NFKBID,2,1.8863541
8414,NFKBIE,6,3.3989336
8415,NFKBIL1,7,3.9087758
8416,NFKBIZ,6,2.9888926
8417,NFRKB,4,2.8139775
8418,NFS1,6,3.2988958
8419,NFU1,7,4.256661
8420,NFX1,4,3.290106
8421,NFXL1,8,2.3448324
8422,NFYA,8,2.3712885
8423,NFYB,4,2.8180368
8424,NFYC,4,2.9787786
8425,NGB,3,0.158557
8426,NGDN,4,3.4849977
8427,NGEF,2,2.1118963
8428,NGF,10,0.38037828
8429,NGFR,8,2.3477206
8430,NGLY1,6,3.4527476
8431,NGRN,1,5.843137
8432,NHEJ1,2,1.8555487
8433,NHLH1,5,0.38224927
8434,NHLH2,3,0.1418585
8435,NHLRC1,5,1.4194893
8436,NHLRC2,8,2.4677725
8437,NHLRC3,6,3.3488753
8438,NHLRC4,10,0.94291043
8439,NHP2,7,5.529344
8440,NHS,10,1.2923964
8441,NHSL1,2,2.3006632
8442,NHSL2,2,2.268181
8443,NIBAN1,9,3.0358388
8444,NIBAN2,7,5.147571
8445,NIBAN3,10,0.48170072
8446,NICN1,6,3.8826294
8447,NID1,6,4.0372376
8448,NID2,4,2.9004662
8449,NIF3L1,4,2.54816
8450,NIFK,7,4.32445
8451,NIM1K,3,0.64692456
8452,NIN,9,2.5519328
8453,NINJ1,7,4.0767145
8454,NINJ2,5,1.6686643
8455,NINL,4,1.7033589
8456,NIP7,6,3.4905992
8457,NIPA1,8,2.4830403
8458,NIPA2,9,3.5279696
8459,NIPAL1,5,1.49079
8460,NIPAL2,9,3.1012166
8461,NIPAL3,4,2.7174346
8462,NIPAL4,3,0.66800237
8463,NIPBL,4,3.0983522
8464,NIPSNAP1,7,4.8070226
8465,NIPSNAP2,1,4.7689
8466,NISCH,7,3.763383
8467,NIT1,6,3.77523
8468,NIT2,6,3.117022
8469,NKAIN1,10,1.1058166
8470,NKAIN2,3,0.42736256
8471,NKAIN3,3,0.057681806
8472,NKAIN4,10,1.4022791
8473,NKAP,9,2.6121645
8474,NKAPD1,4,3.4079783
8475,NKAPL,10,0.57421905
8476,NKD1,10,1.1286154
8477,NKD2,2,1.3447756
8478,NKG7,2,2.9383829
8479,NKIRAS1,8,1.5938364
8480,NKIRAS2,9,3.7541606
8481,NKPD1,3,0.36093697
8482,NKRF,9,2.6758904
8483,NKTR,4,3.1927955
8484,NKX1-1,3,0.010985186
8485,NKX1-2,3,0.1815149
8486,NKX2-1,3,1.2121539
8487,NKX2-2,10,0.66526186
8488,NKX2-3,3,0.5523465
8489,NKX2-4,3,0.09699246
8490,NKX2-5,3,0.4252471
8491,NKX2-6,3,0.035847344
8492,NKX2-8,3,0.470747
8493,NKX3-1,5,1.8009787
8494,NKX3-2,10,0.61880547
8495,NKX6-1,3,0.49105844
8496,NKX6-2,8,1.9226639
8497,NKX6-3,3,0.21399641
8498,NLE1,4,2.6864963
8499,NLGN1,3,0.6836293
8500,NLGN2,6,2.7450526
8501,NLGN3,10,0.8289881
8502,NLK,2,2.8914285
8503,NLN,8,2.6646318
8504,NLRC3,10,1.3199558
8505,NLRC4,5,1.0424216
8506,NLRC5,4,2.7581973
8507,NLRP10,3,0.02208265
8508,NLRP12,5,0.3457985
8509,NLRP14,3,0.10993987
8510,NLRP3,5,1.1033894
8511,NLRP6,3,0.59556615
8512,NLRX1,9,2.8094797
8513,NMB,6,3.3658159
8514,NMBR,3,0.052944295
8515,NMD3,9,3.4980469
8516,NME1,1,4.894615
8517,NME2,1,6.0324154
8518,NME3,7,4.668937
8519,NME4,7,5.03973
8520,NME5,8,1.9613894
8521,NME6,4,2.209087
8522,NME7,7,4.2538548
8523,NME8,3,0.31782842
8524,NME9,3,0.46818197
8525,NMI,4,3.3699496
8526,NMNAT1,2,2.2641482
8527,NMNAT2,5,1.1267979
8528,NMNAT3,10,1.1041412
8529,NMRAL1,7,4.250856
8530,NMRK1,9,2.737873
8531,NMRK2,3,0.19251932
8532,NMS,10,0.007048001
8533,NMT1,7,4.1311707
8534,NMT2,9,2.6339686
8535,NMU,5,0.63149345
8536,NMUR1,5,0.7666422
8537,NMUR2,3,0.31537256
8538,NNMT,6,3.8230305
8539,NOA1,7,3.6279263
8540,NOB1,7,4.5849423
8541,NOC2L,7,3.990214
8542,NOC3L,8,2.8836708
8543,NOC4L,6,3.747133
8544,NOCT,2,2.190899
8545,NOD1,9,2.4736192
8546,NOD2,10,1.191794
8547,NODAL,3,0.4857777
8548,NOG,3,0.712408
8549,NOL10,6,2.7950954
8550,NOL11,6,3.797245
8551,NOL12,9,3.533101
8552,NOL3,6,3.0430455
8553,NOL4,3,0.4528074
8554,NOL4L,8,2.978511
8555,NOL6,6,3.7092938
8556,NOL7,6,4.03979
8557,NOL8,9,2.9778638
8558,NOL9,6,2.550691
8559,NOLC1,7,4.4341893
8560,NOM1,4,2.5963497
8561,NONO,7,5.201241
8562,NOP10,7,4.7477837
8563,NOP14,7,3.8674216
8564,NOP16,7,4.4484587
8565,NOP2,6,3.6814933
8566,NOP53,1,6.296812
8567,NOP56,1,5.1395264
8568,NOP58,7,4.6023445
8569,NOP9,7,3.713242
8570,NOPCHAP1,5,1.0552254
8571,NOS1,3,0.21606459
8572,NOS1AP,3,0.89431095
8573,NOS2,10,1.1883655
8574,NOS3,2,2.1749852
8575,NOSIP,9,3.8529747
8576,NOSTRIN,8,2.246604
8577,NOTCH1,6,3.210941
8578,NOTCH2,6,3.633979
8579,NOTCH3,6,3.7989242
8580,NOTO,3,0.041216932
8581,NOTUM,10,1.0470095
8582,NOVA1,10,1.1616715
8583,NOVA2,10,1.2201608
8584,NOX1,10,1.2139235
8585,NOX3,3,0.017157549
8586,NOX4,2,1.3243017
8587,NOXA1,9,2.673071
8588,NOXO1,10,1.1360531
8589,NOXRED1,3,0.56125635
8590,NPAS1,10,0.6806874
8591,NPAS2,4,2.8912566
8592,NPAS3,10,0.8913184
8593,NPAS4,3,0.12919521
8594,NPAT,8,2.18705
8595,NPB,2,1.7265002
8596,NPBWR1,3,0.10239331
8597,NPC1,9,3.4349093
8598,NPC1L1,10,0.8161975
8599,NPC2,1,5.74096
8600,NPDC1,9,4.3133035
8601,NPEPL1,6,3.97778
8602,NPEPPS,7,4.0545373
8603,NPFF,5,1.9302359
8604,NPFFR1,3,0.35165706
8605,NPFFR2,5,0.25978243
8606,NPHP1,2,1.452832
8607,NPHP3,4,2.238774
8608,NPHP4,4,2.1693916
8609,NPHS1,3,0.17349516
8610,NPHS2,3,0.10445481
8611,NPL,8,1.9883828
8612,NPLOC4,4,3.848137
8613,NPM2,4,1.6556493
8614,NPM3,6,4.079988
8615,NPNT,7,3.597797
8616,NPPA,10,0.87773967
8617,NPPC,3,0.28566462
8618,NPR1,8,1.8532143
8619,NPR2,8,2.2063136
8620,NPR3,5,1.5264996
8621,NPRL2,6,3.8267736
8622,NPRL3,7,3.7668655
8623,NPS,3,0.011090956
8624,NPSR1,3,0.3053335
8625,NPTN,7,4.615292
8626,NPTX1,5,0.77466303
8627,NPTX2,8,1.9637148
8628,NPTXR,8,2.3335235
8629,NPVF,3,0.01068566
8630,NPW,10,1.521379
8631,NPY,5,1.0382661
8632,NPY1R,5,0.88766485
8633,NPY2R,3,0.1537269
8634,NPY5R,3,0.10969149
8635,NQO1,6,4.463115
8636,NQO2,8,2.6028292
8637,NR0B1,10,0.36274508
8638,NR0B2,3,1.2853161
8639,NR1D1,6,3.7641387
8640,NR1D2,6,3.2862306
8641,NR1H2,6,3.814677
8642,NR1H3,9,3.1645105
8643,NR1H4,10,0.980402
8644,NR1I2,10,0.9228129
8645,NR1I3,2,2.465312
8646,NR2C1,9,2.6119633
8647,NR2C2,9,2.9478123
8648,NR2C2AP,7,3.9930959
8649,NR2E1,3,0.47547156
8650,NR2E3,10,0.21524283
8651,NR2F1,4,2.8750927
8652,NR2F2,6,3.4207346
8653,NR2F6,7,4.34691
8654,NR3C1,4,2.9903786
8655,NR3C2,2,1.9178988
8656,NR4A1,6,3.8261333
8657,NR4A2,8,2.2031271
8658,NR4A3,8,1.5640192
8659,NR5A1,3,0.060979154
8660,NR5A2,5,1.657282
8661,NR6A1,10,1.2295289
8662,NRAP,3,0.89433235
8663,NRARP,4,2.5383573
8664,NRAS,6,3.8639297
8665,NRBF2,6,3.4545813
8666,NRBP1,1,4.670235
8667,NRBP2,6,3.6674924
8668,NRCAM,2,2.1023042
8669,NRDE2,8,2.1839893
8670,NREP,9,3.431294
8671,NRF1,2,2.4962487
8672,NRG2,10,0.8066217
8673,NRG3,3,0.6176483
8674,NRG4,10,1.2231609
8675,NRGN,9,2.6992357
8676,NRIP1,6,3.243547
8677,NRIP2,8,1.8734707
8678,NRIP3,2,1.2479573
8679,NRK,3,0.43563825
8680,NRL,10,0.99445885
8681,NRM,6,3.4722376
8682,NRN1,9,2.3907254
8683,NRN1L,5,1.0205301
8684,NRP1,4,3.336225
8685,NRP2,4,2.9501922
8686,NRROS,4,2.0853672
8687,NRSN1,10,0.2783914
8688,NRSN2,6,3.2396004
8689,NRTN,10,1.2912369
8690,NRXN1,10,0.348308
8691,NRXN2,5,1.5969198
8692,NRXN3,10,0.77197057
8693,NSA2,6,3.9446883
8694,NSD1,4,2.9531147
8695,NSD2,4,2.5640755
8696,NSD3,8,2.9796393
8697,NSDHL,7,3.5393624
8698,NSF,6,3.6856399
8699,NSFL1C,7,4.4942436
8700,NSG1,10,1.4275777
8701,NSG2,3,0.50656545
8702,NSL1,8,2.0031648
8703,NSMAF,6,3.3013167
8704,NSMCE1,6,4.299729
8705,NSMCE2,4,2.9295683
8706,NSMCE4A,9,3.4031212
8707,NSMF,9,3.852668
8708,NSRP1,9,3.6059992
8709,NSUN2,7,4.246551
8710,NSUN3,8,1.7536126
8711,NSUN5,9,3.8205934
8712,NSUN6,9,2.7863903
8713,NSUN7,8,1.4640617
8714,NT5C,7,4.1773314
8715,NT5C1A,3,0.037441898
8716,NT5C1B,3,0.4011407
8717,NT5C2,4,3.4347098
8718,NT5C3A,6,3.74575
8719,NT5C3B,6,4.320017
8720,NT5DC1,4,2.857487
8721,NT5DC2,7,4.2732534
8722,NT5DC3,9,2.2964332
8723,NT5E,6,3.2588403
8724,NT5M,10,2.028722
8725,NTAN1,7,4.2095976
8726,NTF3,10,0.815438
8727,NTF4,10,0.49326387
8728,NTHL1,6,3.9286172
8729,NTM,2,1.9803878
8730,NTMT1,4,2.6157098
8731,NTN1,2,1.777869
8732,NTN3,3,0.21365654
8733,NTN4,4,2.9666507
8734,NTN5,5,0.61947125
8735,NTNG1,3,0.5692662
8736,NTNG2,10,0.7626302
8737,NTPCR,8,3.005762
8738,NTRK1,3,0.35640833
8739,NTRK2,10,1.5957265
8740,NTRK3,3,0.5108503
8741,NTS,10,0.855974
8742,NTSR1,3,0.41003278
8743,NTSR2,3,0.3073213
8744,NUAK1,4,2.3545988
8745,NUAK2,8,2.6000764
8746,NUB1,7,4.3446374
8747,NUBP1,6,4.21216
8748,NUBP2,7,4.6245837
8749,NUBPL,4,2.6645148
8750,NUCB1,1,5.815158
8751,NUCB2,9,3.3724203
8752,NUCKS1,7,5.1308503
8753,NUDC,7,5.024787
8754,NUDCD1,9,2.8924203
8755,NUDCD2,8,2.4796925
8756,NUDCD3,9,3.8083377
8757,NUDT1,8,3.3039343
8758,NUDT12,8,2.737786
8759,NUDT13,2,1.5881016
8760,NUDT14,7,4.299625
8761,NUDT15,8,2.315699
8762,NUDT16L1,9,3.8540254
8763,NUDT17,4,3.0773027
8764,NUDT18,8,2.238674
8765,NUDT19,9,3.147307
8766,NUDT2,6,2.6230571
8767,NUDT21,7,4.137313
8768,NUDT22,7,4.6640344
8769,NUDT3,7,3.873312
8770,NUDT5,6,3.6986103
8771,NUDT6,8,2.7780592
8772,NUDT7,2,2.346525
8773,NUDT9,9,3.7099624
8774,NUF2,4,2.3311186
8775,NUFIP1,8,2.2610018
8776,NUFIP2,9,3.4433155
8777,NUMA1,7,4.897725
8778,NUMB,9,3.254428
8779,NUMBL,8,2.855014
8780,NUP107,4,2.9422193
8781,NUP133,6,3.4826837
8782,NUP153,6,3.408266
8783,NUP155,8,2.7899947
8784,NUP160,9,3.191015
8785,NUP188,6,3.5352814
8786,NUP205,6,3.4171195
8787,NUP210,9,3.255444
8788,NUP210L,3,0.14142643
8789,NUP214,9,3.384341
8790,NUP35,4,2.63695
8791,NUP37,6,3.2314003
8792,NUP43,4,3.2162056
8793,NUP54,4,2.7979097
8794,NUP58,4,2.877215
8795,NUP62,6,3.5143914
8796,NUP85,9,3.669827
8797,NUP88,8,2.8428824
8798,NUP93,2,2.8282566
8799,NUP98,9,3.5992398
8800,NUPR1,7,3.971331
8801,NUS1,6,3.4332418
8802,NUSAP1,2,3.2311072
8803,NUTM1,3,0.04085117
8804,NVL,4,3.2653797
8805,NWD1,5,0.8649859
8806,NWD2,3,0.078555405
8807,NXF1,6,4.0347233
8808,NXN,9,3.378444
8809,NXNL1,3,0.13145046
8810,NXNL2,10,0.6568715
8811,NXPE2,3,0.27321416
8812,NXPE3,2,1.5365007
8813,NXPE4,3,0.30465117
8814,NXPH1,3,0.44380397
8815,NXPH2,3,0.07565955
8816,NXPH3,10,1.155491
8817,NXPH4,2,2.0493786
8818,NXT1,6,3.6522272
8819,NXT2,4,2.801997
8820,NYAP1,5,0.62578434
8821,NYAP2,10,0.065484405
8822,NYNRIN,9,2.4295058
8823,NYX,3,0.10336572
8824,OAF,7,4.1761665
8825,OARD1,9,3.249102
8826,OAS2,6,3.0716877
8827,OAS3,9,2.8801517
8828,OASL,2,1.9333013
8829,OAT,7,3.7871299
8830,OAZ1,1,7.1754804
8831,OAZ2,1,4.9333844
8832,OAZ3,2,2.052037
8833,OBI1,8,2.7321305
8834,OBSCN,10,1.1571907
8835,OBSL1,4,3.3978846
8836,OC90,3,0.052796368
8837,OCA2,5,0.6981933
8838,OCIAD1,7,4.4567337
8839,OCIAD2,6,3.8333676
8840,OCLN,8,2.0733082
8841,OCRL,6,3.505157
8842,OCSTAMP,3,0.0475542
8843,ODAD2,3,0.4367851
8844,ODAD3,8,1.8816884
8845,ODAD4,5,1.1515529
8846,ODAM,10,0.5551634
8847,ODAPH,3,0.12861603
8848,ODC1,7,4.3815913
8849,ODF1,3,0.04388914
8850,ODF2,9,3.4752738
8851,ODF2L,2,2.027771
8852,ODR4,6,3.3524044
8853,OFD1,6,3.2917655
8854,OGA,7,4.2563224
8855,OGDH,7,4.579071
8856,OGDHL,10,1.6931521
8857,OGFOD1,6,3.3734183
8858,OGFOD2,9,2.9937494
8859,OGFOD3,4,3.3984141
8860,OGFRL1,9,2.67872
8861,OGG1,9,3.8218954
8862,OGN,5,1.4142675
8863,OGT,7,4.408638
8864,OIP5,2,2.1319826
8865,OIT3,5,0.8656154
8866,OLA1,6,3.864778
8867,OLAH,3,0.2810093
8868,OLFM1,5,2.2078667
8869,OLFM2,9,3.1256537
8870,OLFM3,3,0.18351308
8871,OLFM4,3,1.8378502
8872,OLFML2A,6,2.7458987
8873,OLFML2B,8,3.137595
8874,OLFML3,9,3.6185
8875,OLIG1,5,1.0216227
8876,OLIG2,3,0.613682
8877,OLIG3,3,0.063547514
8878,OMA1,4,2.5662508
8879,OMD,10,0.90867496
8880,OMG,5,1.0153548
8881,OMP,3,0.45161486
8882,ONECUT1,3,0.3266743
8883,ONECUT2,5,1.0529335
8884,ONECUT3,3,0.25190496
8885,OPA1,9,3.4766378
8886,OPA3,8,2.495601
8887,OPALIN,3,0.14224836
8888,OPCML,5,0.5629561
8889,OPHN1,5,1.6031842
8890,OPLAH,6,2.4747608
8891,OPN1SW,2,1.4447256
8892,OPN3,9,3.3890882
8893,OPN4,3,0.1250421
8894,OPN5,3,0.017737797
8895,OPRD1,3,0.4327162
8896,OPRK1,3,0.25804764
8897,OPRL1,10,1.0241755
8898,OPRM1,3,0.013848335
8899,OPTC,3,0.060500287
8900,OPTN,9,3.601495
8901,ORAI1,3,0.0
8902,ORAI2,4,2.654249
8903,ORAI3,7,3.8536446
8904,ORC1,5,1.4831048
8905,ORC2,6,2.841749
8906,ORC3,6,3.3232374
8907,ORC4,8,2.7091866
8908,ORC5,9,3.2333887
8909,ORC6,8,2.1791217
8910,ORMDL1,9,3.0179963
8911,ORMDL2,7,4.2515984
8912,ORMDL3,7,4.111376
8913,OS9,1,5.9404984
8914,OSBP,7,4.1834207
8915,OSBP2,2,1.8583996
8916,OSBPL10,2,2.333324
8917,OSBPL11,4,2.7844267
8918,OSBPL1A,9,3.0930655
8919,OSBPL2,2,2.9569821
8920,OSBPL3,8,2.5742788
8921,OSBPL5,4,2.9594202
8922,OSBPL6,2,0.9132527
8923,OSBPL7,6,2.6133018
8924,OSBPL8,9,3.2398517
8925,OSBPL9,7,4.232015
8926,OSCAR,10,1.8752655
8927,OSCP1,2,2.0222013
8928,OSER1,4,3.0345433
8929,OSGEP,7,3.7630727
8930,OSGEPL1,8,2.1302152
8931,OSGIN1,4,2.1592007
8932,OSGIN2,9,3.0970201
8933,OSMR,9,3.2910774
8934,OSR1,5,1.2066724
8935,OSR2,2,1.4829972
8936,OST4,1,5.8637958
8937,OSTC,1,5.231909
8938,OSTF1,7,3.5463197
8939,OSTM1,6,3.176696
8940,OSTN,3,0.1317503
8941,OTC,3,0.54569227
8942,OTOA,10,0.46012276
8943,OTOF,3,0.16873501
8944,OTOG,3,0.04634903
8945,OTOGL,10,0.19560537
8946,OTOL1,10,0.038896587
8947,OTOP1,3,0.018204581
8948,OTOP2,3,0.054456566
8949,OTOP3,3,0.06404672
8950,OTOR,3,0.07737606
8951,OTOS,10,0.61033404
8952,OTP,10,0.21258654
8953,OTUB1,7,4.8515186
8954,OTUB2,2,1.4350402
8955,OTUD1,4,2.9308434
8956,OTUD3,2,1.9670235
8957,OTUD4,6,2.999312
8958,OTUD5,7,4.226863
8959,OTUD6A,3,0.020963509
8960,OTUD6B,4,2.592039
8961,OTUD7A,5,0.6070683
8962,OTUD7B,8,2.8167837
8963,OTULIN,8,2.0789473
8964,OTULINL,8,2.108558
8965,OTX1,5,1.2888346
8966,OTX2,3,0.03818457
8967,OVCA2,7,4.911666
8968,OVCH2,3,0.15467754
8969,OVGP1,2,1.6161422
8970,OVOL1,4,1.6977316
8971,OVOL2,8,2.69676
8972,OVOL3,3,0.25296113
8973,OXA1L,7,4.8027654
8974,OXCT1,9,3.1508143
8975,OXGR1,10,0.47103655
8976,OXR1,9,3.132563
8977,OXSM,2,1.7484463
8978,OXSR1,9,3.5834641
8979,OXT,3,0.46452618
8980,OXTR,5,1.0674297
8981,P2RX1,5,1.0722631
8982,P2RX2,3,0.35707256
8983,P2RX3,3,0.1058584
8984,P2RX4,9,3.9890378
8985,P2RX5,10,1.2247189
8986,P2RX6,10,0.7211429
8987,P2RX7,5,2.0048215
8988,P2RY1,5,1.6148329
8989,P2RY10,5,0.7212515
8990,P2RY12,3,0.89136654
8991,P2RY13,8,1.6222433
8992,P2RY14,10,0.96992576
8993,P2RY2,10,0.68312436
8994,P2RY4,3,0.10908893
8995,P2RY6,10,0.8244649
8996,P3H1,6,3.6086614
8997,P3H2,8,2.6339393
8998,P3H3,7,3.1055691
8999,P3H4,6,3.4570382
9000,P3R3URF,3,0.0
9001,P4HA1,6,3.669438
9002,P4HA2,6,3.1122153
9003,P4HA3,2,2.0465386
9004,P4HB,1,6.7629285
9005,P4HTM,7,3.8701518
9006,PA2G4,7,4.9964466
9007,PABPC1L,9,3.2856693
9008,PABPC4,7,4.9324903
9009,PABPC4L,5,0.8843969
9010,PABPC5,5,0.7772051
9011,PABPN1,1,4.892597
9012,PABPN1L,3,0.06267623
9013,PACC1,4,2.577368
9014,PACRG,5,1.1423771
9015,PACRGL,8,1.5432403
9016,PACS1,7,4.2748814
9017,PACS2,9,3.369662
9018,PACSIN1,5,0.88609815
9019,PACSIN2,7,3.8184996
9020,PACSIN3,9,2.6948338
9021,PADI1,3,0.39950472
9022,PADI2,9,2.2087204
9023,PADI3,3,0.3389421
9024,PADI4,3,0.18140037
9025,PADI6,3,0.022618184
9026,PAF1,7,4.6428304
9027,PAFAH1B1,7,4.0456758
9028,PAFAH1B2,7,3.77214
9029,PAFAH1B3,7,4.3887014
9030,PAFAH2,8,2.780922
9031,PAG1,8,2.1565018
9032,PAH,10,1.148516
9033,PAICS,6,4.0525136
9034,PAIP1,6,3.7745538
9035,PAIP2,7,4.501205
9036,PAIP2B,8,1.8899328
9037,PAK1,4,3.3051205
9038,PAK1IP1,4,3.120157
9039,PAK2,6,4.044776
9040,PAK3,3,0.6150034
9041,PAK4,9,3.4022396
9042,PAK5,10,0.22248353
9043,PAK6,5,1.6325747
9044,PALB2,9,2.3662615
9045,PALD1,4,2.1958842
9046,PALLD,7,4.0410833
9047,PALM,9,3.1742818
9048,PALM2AKAP2,3,0.0
9049,PALM3,2,1.745969
9050,PALMD,4,2.5882215
9051,PALS1,8,2.768833
9052,PALS2,2,1.6721896
9053,PAM,7,3.973472
9054,PAMR1,8,1.8657036
9055,PAN2,6,3.0983899
9056,PAN3,9,3.1134307
9057,PANK1,5,1.8313065
9058,PANK2,4,2.6408172
9059,PANK3,6,3.2387128
9060,PANK4,7,3.2356176
9061,PANX1,4,3.1030889
9062,PANX2,5,1.6112584
9063,PANX3,3,0.04680602
9064,PAOX,4,2.3700347
9065,PAPLN,8,2.1628573
9066,PAPOLA,7,4.3228908
9067,PAPOLB,3,0.019972647
9068,PAPOLG,2,2.2259827
9069,PAPPA,10,0.7886386
9070,PAPPA2,3,0.33277422
9071,PAPSS1,6,4.3409877
9072,PAPSS2,4,3.1271071
9073,PAQR3,4,2.6847188
9074,PAQR4,6,3.686119
9075,PAQR5,10,1.5343398
9076,PAQR6,2,1.6064777
9077,PAQR7,8,2.5093112
9078,PAQR8,4,2.5891216
9079,PAQR9,3,0.28083885
9080,PARD3,6,3.1305463
9081,PARD3B,8,2.0833826
9082,PARD6A,2,2.4253094
9083,PARD6B,4,2.2759721
9084,PARD6G,2,2.1831114
9085,PARG,2,2.2897086
9086,PARK7,1,5.459132
9087,PARL,7,4.4341364
9088,PARM1,9,3.2431679
9089,PARN,7,3.3174999
9090,PARP1,1,4.8543506
9091,PARP10,6,4.0247407
9092,PARP11,5,2.240161
9093,PARP12,6,3.6644652
9094,PARP14,9,3.7851634
9095,PARP16,4,2.7847378
9096,PARP2,9,3.4717696
9097,PARP3,6,3.2307842
9098,PARP4,7,3.9253023
9099,PARP6,6,3.3646753
9100,PARP8,8,2.3990273
9101,PARP9,7,3.4448845
9102,PARPBP,5,1.6754783
9103,PARS2,8,2.1842837
9104,PARVA,9,3.3861902
9105,PARVB,8,2.867439
9106,PARVG,4,2.0578294
9107,PASK,10,1.6016283
9108,PATE1,3,0.025254203
9109,PATE3,5,0.013066426
9110,PATJ,4,2.8919547
9111,PATL1,7,3.788048
9112,PATL2,10,0.9107182
9113,PATZ1,6,3.6040242
9114,PAWR,6,2.8265831
9115,PAX1,3,0.1485739
9116,PAX2,3,0.5520813
9117,PAX3,3,0.56050247
9118,PAX4,3,0.05137112
9119,PAX5,5,0.4874923
9120,PAX6,10,0.7418735
9121,PAX7,3,0.13202937
9122,PAX8,5,2.1000748
9123,PAX9,5,1.2366682
9124,PAXBP1,9,3.1148891
9125,PAXIP1,6,2.981417
9126,PAXX,7,4.5690184
9127,PBDC1,6,3.8687167
9128,PBK,8,2.4457853
9129,PBRM1,2,3.0060139
9130,PBX1,2,2.9831638
9131,PBX2,7,4.239732
9132,PBX3,6,3.1960816
9133,PBX4,10,1.463584
9134,PBXIP1,7,4.7506204
9135,PC,4,2.9026864
9136,PCARE,3,0.08422439
9137,PCBD1,1,5.541816
9138,PCBD2,5,1.6396033
9139,PCBP1,1,6.5058894
9140,PCBP2,1,6.130074
9141,PCBP3,5,1.1270978
9142,PCBP4,8,2.7255116
9143,PCCA,6,3.5064762
9144,PCCB,9,3.5014
9145,PCDH1,9,3.7729254
9146,PCDH10,5,0.8888794
9147,PCDH12,8,2.3476968
9148,PCDH15,3,0.17541514
9149,PCDH17,2,1.9499037
9150,PCDH18,2,2.003161
9151,PCDH19,3,0.5152956
9152,PCDH20,5,1.2393296
9153,PCDH7,8,1.7797999
9154,PCDH8,5,0.3667256
9155,PCDH9,10,0.504886
9156,PCDHA1,5,1.912502
9157,PCDHA10,5,1.3372464
9158,PCDHA11,5,1.8455262
9159,PCDHA13,5,1.926034
9160,PCDHA2,2,1.8560196
9161,PCDHA3,10,1.7391323
9162,PCDHA5,5,1.7387744
9163,PCDHAC1,5,1.7713503
9164,PCDHAC2,5,1.9387125
9165,PCDHB1,3,0.090842806
9166,PCDHB13,2,1.2957187
9167,PCDHB14,2,1.8877816
9168,PCDHB15,2,1.34697
9169,PCDHB16,10,1.7945652
9170,PCDHB2,2,1.6036527
9171,PCDHB3,10,1.124188
9172,PCDHB6,10,1.002807
9173,PCDHB7,5,1.2259569
9174,PCDHGA1,6,4.163647
9175,PCDHGA10,7,4.1557684
9176,PCDHGA11,6,4.2392716
9177,PCDHGA12,6,4.4187894
9178,PCDHGA2,7,4.1115694
9179,PCDHGA3,7,4.405375
9180,PCDHGA4,7,4.4074087
9181,PCDHGA5,1,4.2425284
9182,PCDHGA6,9,3.9522958
9183,PCDHGA7,7,4.3075
9184,PCDHGA8,9,3.8622034
9185,PCDHGA9,7,4.4094768
9186,PCDHGB1,1,4.4366674
9187,PCDHGB2,7,4.4407244
9188,PCDHGB4,7,4.098834
9189,PCDHGB5,6,4.440689
9190,PCDHGB6,6,4.1080403
9191,PCDHGB7,7,4.4269605
9192,PCDHGC3,7,5.1424026
9193,PCDHGC4,3,0.0
9194,PCDHGC5,7,4.3708944
9195,PCED1A,7,3.7221916
9196,PCED1B,2,1.5266966
9197,PCF11,6,3.041299
9198,PCGF1,6,3.4176831
9199,PCGF2,6,3.5164268
9200,PCGF3,4,2.967535
9201,PCGF5,9,3.0194728
9202,PCGF6,8,2.3685646
9203,PCID2,9,3.8443182
9204,PCIF1,7,4.00581
9205,PCK1,10,1.5029429
9206,PCK2,6,3.9483263
9207,PCLAF,8,3.4251099
9208,PCLO,10,0.84854716
9209,PCM1,9,3.4327242
9210,PCMT1,7,4.53996
9211,PCMTD1,9,3.227525
9212,PCMTD2,4,3.3526368
9213,PCNA,7,5.2572584
9214,PCNP,7,5.0026727
9215,PCNT,2,2.4437628
9216,PCNX2,5,1.9369346
9217,PCNX3,6,3.544042
9218,PCNX4,8,2.3560963
9219,PCOLCE,7,4.455313
9220,PCOLCE2,2,2.1205945
9221,PCP2,5,1.1852852
9222,PCP4,8,2.300515
9223,PCP4L1,5,1.0373293
9224,PCSK1,3,0.7966868
9225,PCSK1N,5,2.525522
9226,PCSK2,5,1.0094494
9227,PCSK4,8,1.6427726
9228,PCSK5,2,1.4172418
9229,PCSK6,9,2.7747126
9230,PCSK7,7,4.4134574
9231,PCSK9,3,1.396754
9232,PCTP,6,3.2943954
9233,PCYOX1,7,4.255327
9234,PCYOX1L,2,2.6025467
9235,PCYT1A,6,3.6221557
9236,PCYT1B,5,0.5829812
9237,PCYT2,6,3.3518786
9238,PDAP1,1,4.941145
9239,PDC,3,0.10157573
9240,PDCD1,10,1.266579
9241,PDCD10,8,3.0160494
9242,PDCD11,4,3.2466803
9243,PDCD1LG2,8,1.4040674
9244,PDCD2,6,3.25225
9245,PDCD2L,4,3.1285346
9246,PDCD4,7,4.199773
9247,PDCD5,7,4.1584377
9248,PDCD6,7,5.034665
9249,PDCD7,6,3.3054647
9250,PDCL,9,2.763826
9251,PDCL2,10,0.0681128
9252,PDCL3,6,3.3382962
9253,PDE10A,10,0.92204076
9254,PDE11A,5,0.64622086
9255,PDE12,2,2.4399111
9256,PDE1A,5,1.2808852
9257,PDE1B,2,1.6183219
9258,PDE1C,10,0.75357336
9259,PDE2A,8,1.9910142
9260,PDE3A,2,1.4195205
9261,PDE3B,8,1.7724501
9262,PDE4A,4,2.5631871
9263,PDE4B,6,2.5889077
9264,PDE4C,10,1.0397967
9265,PDE4D,5,1.888002
9266,PDE4DIP,2,2.3918602
9267,PDE5A,2,2.48733
9268,PDE6A,3,0.20541467
9269,PDE6B,10,1.5802325
9270,PDE6C,3,0.1785688
9271,PDE6D,9,3.9052734
9272,PDE6G,5,1.0287871
9273,PDE6H,3,0.051400363
9274,PDE7A,8,2.2907584
9275,PDE7B,10,1.3409775
9276,PDE8A,4,3.048903
9277,PDE8B,4,1.9621977
9278,PDE9A,2,2.9797974
9279,PDF,4,2.9161844
9280,PDGFA,9,3.4832413
9281,PDGFB,8,2.9880908
9282,PDGFC,2,2.7560456
9283,PDGFD,8,2.3870811
9284,PDGFRA,5,2.151321
9285,PDGFRB,7,3.8207867
9286,PDGFRL,9,3.1687744
9287,PDHA1,7,4.198124
9288,PDHA2,3,0.015842374
9289,PDHB,7,4.6863055
9290,PDHX,6,3.542598
9291,PDIA2,10,0.90087545
9292,PDIA3,1,5.758333
9293,PDIA4,1,5.702062
9294,PDIA5,7,4.3915467
9295,PDIA6,1,5.7840247
9296,PDIK1L,4,2.5225942
9297,PDILT,3,0.035335753
9298,PDK1,2,1.7814314
9299,PDK2,9,3.8523674
9300,PDK3,5,1.1475958
9301,PDK4,7,3.6515079
9302,PDLIM1,1,5.503608
9303,PDLIM2,8,2.383692
9304,PDLIM3,9,3.374707
9305,PDLIM4,6,2.860867
9306,PDLIM5,6,3.7143536
9307,PDLIM7,7,3.854855
9308,PDP1,8,2.440744
9309,PDP2,8,2.1846714
9310,PDPK1,6,3.1836135
9311,PDPR,2,2.8518467
9312,PDRG1,9,3.542689
9313,PDS5A,6,3.8784096
9314,PDS5B,9,2.785604
9315,PDSS1,6,2.6397488
9316,PDSS2,8,2.9466822
9317,PDX1,3,0.82031417
9318,PDXDC1,7,4.281929
9319,PDXK,7,3.699159
9320,PDXP,6,3.416399
9321,PDYN,3,0.157418
9322,PDZD11,6,4.321732
9323,PDZD2,5,1.5718596
9324,PDZD4,5,1.6191666
9325,PDZD7,10,1.2428255
9326,PDZD8,4,2.965243
9327,PDZD9,3,0.18940572
9328,PDZK1,5,1.3551904
9329,PDZK1IP1,4,3.7604687
9330,PDZRN3,2,2.3096876
9331,PDZRN4,10,0.83326274
9332,PEA15,7,4.619313
9333,PEAK1,8,2.0751886
9334,PEAR1,8,1.6891295
9335,PECAM1,7,4.071633
9336,PECR,9,3.3625827
9337,PEDS1,4,3.1145742
9338,PEF1,1,5.044611
9339,PEG3,5,1.2136692
9340,PELI1,9,2.9212728
9341,PELI2,2,1.9830552
9342,PELI3,2,1.9138256
9343,PELO,4,2.636576
9344,PELP1,6,3.817183
9345,PEMT,6,4.173276
9346,PENK,3,0.53320646
9347,PEPD,7,4.4016676
9348,PER1,9,3.714412
9349,PER2,9,2.676216
9350,PER3,8,2.63413
9351,PERCC1,3,0.0
9352,PERM1,10,0.92471594
9353,PERP,1,4.6773696
9354,PES1,7,4.536089
9355,PET100,6,4.063805
9356,PET117,6,3.6576846
9357,PEX1,6,3.049232
9358,PEX10,7,4.343693
9359,PEX11A,6,2.868444
9360,PEX11B,7,4.2793984
9361,PEX11G,2,2.343947
9362,PEX12,2,2.6742878
9363,PEX13,9,3.047207
9364,PEX14,9,3.802262
9365,PEX16,6,3.5417855
9366,PEX19,7,4.3589253
9367,PEX2,8,2.7088568
9368,PEX26,6,2.5305085
9369,PEX3,8,2.923902
9370,PEX5,6,3.374
9371,PEX5L,3,0.3300329
9372,PEX6,4,3.0586836
9373,PEX7,2,2.355313
9374,PFAS,4,2.9095342
9375,PFDN1,1,4.8867736
9376,PFDN2,1,5.374628
9377,PFDN4,6,3.5105896
9378,PFDN5,1,6.629202
9379,PFDN6,7,3.5867176
9380,PFKFB1,3,0.40498957
9381,PFKFB2,2,2.517536
9382,PFKFB3,6,3.74842
9383,PFKFB4,2,2.4471757
9384,PFKL,1,5.1087747
9385,PFKM,4,3.170816
9386,PFKP,9,4.0743847
9387,PFN1,1,6.4614773
9388,PFN2,7,4.224738
9389,PFN3,3,0.024324838
9390,PFN4,3,0.53530276
9391,PGAM2,4,2.621835
9392,PGAM5,7,3.6883917
9393,PGAP1,8,1.7571254
9394,PGAP2,9,3.3434787
9395,PGAP3,7,4.0918245
9396,PGAP4,2,1.9560431
9397,PGAP6,7,4.38649
9398,PGBD5,5,1.177977
9399,PGC,5,1.696793
9400,PGD,7,5.0302706
9401,PGF,6,3.1496525
9402,PGGHG,9,3.1869497
9403,PGGT1B,2,2.3222682
9404,PGK1,1,5.57353
9405,PGK2,10,0.13269936
9406,PGLS,1,5.2301683
9407,PGLYRP1,3,0.24441618
9408,PGLYRP2,3,0.5975659
9409,PGLYRP3,3,0.15977049
9410,PGLYRP4,3,0.2677469
9411,PGM1,7,4.1812086
9412,PGM2,9,3.338665
9413,PGM2L1,2,2.1204915
9414,PGM3,9,3.1496985
9415,PGM5,8,1.6588954
9416,PGP,4,3.093355
9417,PGPEP1,6,3.2385411
9418,PGR,5,0.65738046
9419,PGRMC1,1,5.5046716
9420,PGRMC2,7,4.1416473
9421,PGS1,8,2.609202
9422,PHACTR1,5,1.7083853
9423,PHACTR2,8,2.343758
9424,PHACTR3,10,0.9409339
9425,PHACTR4,6,3.3040125
9426,PHAF1,9,3.636035
9427,PHAX,2,3.4800534
9428,PHB2,1,5.871532
9429,PHC1,4,3.0479655
9430,PHC2,7,4.580336
9431,PHC3,4,2.6042314
9432,PHETA1,9,2.4131188
9433,PHETA2,2,2.2109592
9434,PHEX,10,0.76966715
9435,PHF1,7,4.1692476
9436,PHF10,6,3.5485516
9437,PHF12,9,3.146193
9438,PHF13,9,3.216378
9439,PHF14,8,2.5967197
9440,PHF19,4,2.97578
9441,PHF2,7,3.4812682
9442,PHF20,9,3.2976103
9443,PHF20L1,4,2.9106927
9444,PHF21A,9,2.6075387
9445,PHF21B,3,0.6207323
9446,PHF23,7,4.175765
9447,PHF24,10,0.42366058
9448,PHF3,4,2.605749
9449,PHF5A,7,4.2275968
9450,PHF6,4,2.2323773
9451,PHF7,2,1.476105
9452,PHF8,9,3.121798
9453,PHGDH,6,4.131561
9454,PHIP,2,2.6831863
9455,PHKA1,8,2.2252834
9456,PHKA2,9,3.1541312
9457,PHKB,6,3.730314
9458,PHKG1,6,3.6992362
9459,PHKG2,9,3.044822
9460,PHLDA1,7,4.125164
9461,PHLDA2,6,3.7119462
9462,PHLDA3,9,3.9138024
9463,PHLDB1,6,3.4028404
9464,PHLDB2,2,1.938987
9465,PHLDB3,2,2.0033736
9466,PHLPP1,9,2.852817
9467,PHLPP2,10,1.7170504
9468,PHOSPHO1,5,0.61617327
9469,PHOSPHO2,10,0.9033723
9470,PHOX2A,3,0.20912553
9471,PHOX2B,3,0.0601175
9472,PHPT1,1,5.46504
9473,PHRF1,6,3.3609462
9474,PHTF1,2,2.2434955
9475,PHTF2,2,2.42373
9476,PHYH,7,4.024413
9477,PHYHD1,4,2.5759828
9478,PHYHIP,5,1.3437524
9479,PHYHIPL,8,1.9223146
9480,PHYKPL,9,3.173696
9481,PI15,2,1.2324332
9482,PI16,3,1.101117
9483,PI4K2A,4,3.3601046
9484,PI4K2B,7,3.4835653
9485,PI4KA,7,3.8054538
9486,PI4KB,7,3.9523232
9487,PIANP,10,0.9496656
9488,PIAS1,4,2.958121
9489,PIAS2,2,1.9626768
9490,PIAS3,7,3.7596204
9491,PIAS4,6,3.3082778
9492,PIBF1,4,2.4510598
9493,PICALM,7,4.808849
9494,PICK1,6,3.5999901
9495,PID1,8,2.439078
9496,PIDD1,4,3.002253
9497,PIEZO1,6,3.9194963
9498,PIEZO2,2,1.3753526
9499,PIF1,5,1.3747396
9500,PIGA,4,2.5470302
9501,PIGB,9,3.3744733
9502,PIGBOS1,4,3.2937682
9503,PIGC,4,3.6783195
9504,PIGF,9,3.464726
9505,PIGG,4,3.268801
9506,PIGH,7,3.5693433
9507,PIGK,6,3.0409148
9508,PIGL,9,3.319646
9509,PIGM,2,2.4768133
9510,PIGN,2,1.9373044
9511,PIGO,9,2.9534245
9512,PIGP,4,2.7447228
9513,PIGQ,6,3.3799353
9514,PIGR,9,2.9594553
9515,PIGS,7,4.106619
9516,PIGT,7,5.161741
9517,PIGU,7,4.0872827
9518,PIGV,2,2.1863554
9519,PIGW,6,2.6168644
9520,PIGX,9,3.3280432
9521,PIH1D1,7,4.6135473
9522,PIH1D2,2,1.2570856
9523,PIK3AP1,4,2.8268049
9524,PIK3C2A,9,3.2144163
9525,PIK3C2B,9,2.745442
9526,PIK3C2G,5,0.48412684
9527,PIK3C3,2,2.3095343
9528,PIK3CA,8,2.38388
9529,PIK3CB,9,3.1645513
9530,PIK3CD,8,2.3227615
9531,PIK3CG,5,1.0021194
9532,PIK3IP1,7,3.8430672
9533,PIK3R1,8,3.014888
9534,PIK3R2,1,5.366443
9535,PIK3R3,6,3.297681
9536,PIK3R4,2,3.184612
9537,PIK3R5,8,1.8709505
9538,PIK3R6,5,1.1835883
9539,PIKFYVE,4,2.5041163
9540,PIM1,9,3.8025963
9541,PIM2,6,3.5354075
9542,PIM3,7,4.6903563
9543,PIMREG,2,1.7990818
9544,PIN4,2,2.8643513
9545,PINK1,7,4.662888
9546,PINLYP,2,1.3513331
9547,PINX1,4,2.4860084
9548,PIP4K2A,6,3.5204022
9549,PIP4K2B,7,3.9742086
9550,PIP4K2C,6,4.015314
9551,PIP4P1,7,4.010421
9552,PIP4P2,8,2.211821
9553,PIP5K1A,7,3.8541956
9554,PIP5K1B,5,1.6039962
9555,PIP5K1C,6,3.441427
9556,PIP5KL1,5,1.0409625
9557,PIPOX,2,1.9182616
9558,PIR,8,2.7513833
9559,PIRT,3,0.34624618
9560,PITHD1,7,4.457528
9561,PITPNA,7,4.4955864
9562,PITPNB,9,4.2511826
9563,PITPNM1,9,3.3736703
9564,PITPNM2,8,2.0346274
9565,PITPNM3,5,1.5065074
9566,PITRM1,7,4.301787
9567,PITX1,2,2.1529844
9568,PITX2,10,0.6223271
9569,PITX3,3,0.12924734
9570,PIWIL1,3,0.46497884
9571,PIWIL2,10,0.54489136
9572,PIWIL4,2,1.8051594
9573,PJA1,6,3.47254
9574,PJA2,7,4.3726144
9575,PJVK,5,0.7941773
9576,PKD1,8,2.9012196
9577,PKD1L1,5,0.37686628
9578,PKD1L2,10,0.32126373
9579,PKD2,6,3.0474465
9580,PKD2L1,10,0.43618667
9581,PKD2L2,2,1.6763642
9582,PKDCC,9,2.925271
9583,PKDREJ,10,0.2014134
9584,PKHD1,3,0.51323664
9585,PKHD1L1,3,0.18097293
9586,PKIA,2,1.6276169
9587,PKIB,10,1.039449
9588,PKIG,8,2.9905908
9589,PKLR,3,0.9879166
9590,PKM,1,5.817333
9591,PKMYT1,6,3.3889165
9592,PKN1,7,4.9723344
9593,PKN2,4,3.2127395
9594,PKN3,8,2.490136
9595,PKNOX1,8,2.3161771
9596,PKNOX2,5,1.3939207
9597,PKP1,2,1.6420032
9598,PKP2,2,2.1306262
9599,PKP3,6,3.0304024
9600,PKP4,7,3.824762
9601,PLA1A,9,2.6894233
9602,PLA2G10,5,1.5454103
9603,PLA2G12A,6,3.2287703
9604,PLA2G12B,3,0.832534
9605,PLA2G15,6,3.4381871
9606,PLA2G1B,3,0.74108005
9607,PLA2G2C,3,0.10814703
9608,PLA2G2D,10,0.97963345
9609,PLA2G2E,3,0.07245397
9610,PLA2G2F,3,0.32774413
9611,PLA2G3,5,0.49308842
9612,PLA2G4A,8,2.1340492
9613,PLA2G4B,4,2.503546
9614,PLA2G4C,4,2.6693022
9615,PLA2G4D,3,0.28733885
9616,PLA2G4E,3,0.3465011
9617,PLA2G4F,10,1.2979958
9618,PLA2G5,3,0.6255765
9619,PLA2G6,9,2.7206988
9620,PLA2G7,4,2.5819983
9621,PLA2R1,10,1.159057
9622,PLAA,4,3.1219995
9623,PLAAT1,10,0.6944535
9624,PLAAT3,6,3.9464724
9625,PLAAT5,5,0.83567476
9626,PLAC8,10,0.93832994
9627,PLAC8L1,3,0.2868909
9628,PLAC9,2,2.2091377
9629,PLAG1,10,0.94958085
9630,PLAGL2,9,2.9216921
9631,PLAT,9,3.854775
9632,PLAU,7,3.5767732
9633,PLAUR,7,3.4382555
9634,PLB1,5,1.1291354
9635,PLBD1,9,3.539723
9636,PLBD2,6,4.2764807
9637,PLCB1,8,1.943412
9638,PLCB2,2,2.2187154
9639,PLCB3,6,3.3523302
9640,PLCB4,8,1.8420084
9641,PLCD1,4,3.0044143
9642,PLCD3,9,3.0198617
9643,PLCD4,2,1.8361243
9644,PLCE1,8,1.5218346
9645,PLCG1,6,3.5974529
9646,PLCG2,8,1.8061739
9647,PLCH1,10,1.2803397
9648,PLCH2,10,1.411613
9649,PLCL1,2,1.349819
9650,PLCL2,8,1.9435755
9651,PLCXD1,5,1.8772986
9652,PLCXD2,3,0.92293656
9653,PLCXD3,10,0.49997237
9654,PLCZ1,3,0.06487187
9655,PLD1,8,2.2245686
9656,PLD2,4,3.2338772
9657,PLD3,7,4.7315764
9658,PLD4,4,2.5697904
9659,PLD5,5,0.2807038
9660,PLD6,8,2.2581167
9661,PLEC,7,4.4022264
9662,PLEK,4,2.98017
9663,PLEK2,9,2.715138
9664,PLEKHA1,4,2.8006546
9665,PLEKHA2,6,3.2254214
9666,PLEKHA3,8,1.8537614
9667,PLEKHA4,6,3.5426998
9668,PLEKHA5,4,2.5665777
9669,PLEKHA6,6,2.724053
9670,PLEKHA7,4,2.5546358
9671,PLEKHA8,2,1.7587097
9672,PLEKHB1,9,3.4549615
9673,PLEKHB2,7,4.1204963
9674,PLEKHD1,3,0.41234708
9675,PLEKHF1,8,2.235789
9676,PLEKHF2,4,3.274975
9677,PLEKHG1,5,2.2135105
9678,PLEKHG2,9,2.5454493
9679,PLEKHG3,4,2.5369139
9680,PLEKHG4,4,2.0115619
9681,PLEKHG5,8,2.1393225
9682,PLEKHG6,5,1.7619582
9683,PLEKHH1,8,2.8533757
9684,PLEKHH2,10,1.4974602
9685,PLEKHH3,9,3.3598917
9686,PLEKHJ1,9,3.496769
9687,PLEKHM1,4,2.5992112
9688,PLEKHM2,7,3.9712
9689,PLEKHM3,2,1.7218068
9690,PLEKHN1,5,1.402512
9691,PLEKHO1,9,3.7969472
9692,PLEKHO2,6,3.2718446
9693,PLEKHS1,8,1.5298352
9694,PLG,3,0.8973236
9695,PLGRKT,4,2.337341
9696,PLIN1,5,0.8727246
9697,PLIN2,9,4.0844984
9698,PLIN3,1,4.575819
9699,PLIN4,10,1.2678772
9700,PLIN5,5,1.3466957
9701,PLK1,6,3.1681736
9702,PLK2,6,3.8636932
9703,PLK3,4,3.1796336
9704,PLK4,8,1.7934605
9705,PLLP,9,3.4720776
9706,PLN,2,1.6777892
9707,PLOD1,7,5.1208277
9708,PLOD2,7,3.785329
9709,PLOD3,7,4.817965
9710,PLP1,3,1.363543
9711,PLPBP,7,4.2376976
9712,PLPP1,7,4.905939
9713,PLPP2,9,3.329799
9714,PLPP3,7,4.4921637
9715,PLPP4,5,1.0235422
9716,PLPP5,6,3.8602374
9717,PLPP6,9,2.9221075
9718,PLPP7,5,1.2917848
9719,PLPPR1,10,1.0558118
9720,PLPPR2,6,3.647682
9721,PLPPR3,3,0.5153361
9722,PLPPR4,10,1.0887935
9723,PLPPR5,3,0.47662425
9724,PLRG1,6,3.9006886
9725,PLS1,2,2.354447
9726,PLS3,6,4.3472633
9727,PLSCR3,4,3.4112856
9728,PLSCR4,9,2.7028828
9729,PLSCR5,3,0.017354624
9730,PLTP,7,4.8538632
9731,PLVAP,7,5.0756783
9732,PLXDC1,8,2.1725042
9733,PLXDC2,4,2.651988
9734,PLXNA1,6,3.2580957
9735,PLXNA2,2,2.6050115
9736,PLXNA3,8,2.7547154
9737,PLXNA4,10,0.8098371
9738,PLXNB1,6,3.851183
9739,PLXNB2,7,5.0692534
9740,PLXNB3,5,1.994017
9741,PLXNC1,9,2.541686
9742,PLXND1,7,4.009142
9743,PM20D1,3,0.28214833
9744,PM20D2,4,2.8878326
9745,PMCH,10,1.8921846
9746,PMEL,4,2.46969
9747,PMEPA1,6,4.1380935
9748,PMF1,7,4.5260487
9749,PMFBP1,2,1.9912893
9750,PML,6,3.4477873
9751,PMM1,6,3.9752634
9752,PMM2,7,3.9797425
9753,PMP2,3,0.9296534
9754,PMP22,6,3.2313826
9755,PMPCA,6,4.0854206
9756,PMPCB,7,3.7439327
9757,PMS1,5,1.7920924
9758,PMS2,8,2.2708554
9759,PMVK,7,4.6483817
9760,PNCK,5,1.4012868
9761,PNISR,6,3.4582977
9762,PNKD,7,4.4020405
9763,PNKP,7,4.704135
9764,PNLDC1,3,0.28733516
9765,PNLIP,3,0.050488003
9766,PNLIPRP1,3,0.058580376
9767,PNLIPRP2,3,0.3044304
9768,PNMA1,7,4.057098
9769,PNMA2,8,1.906901
9770,PNMA3,5,0.8842279
9771,PNMA8A,8,2.1717203
9772,PNMA8B,5,1.1770432
9773,PNMA8C,3,0.0
9774,PNMT,5,0.73665214
9775,PNN,7,4.261426
9776,PNO1,7,3.689551
9777,PNOC,3,0.35828403
9778,PNPLA1,3,0.1625278
9779,PNPLA2,7,4.6636868
9780,PNPLA3,2,1.879474
9781,PNPLA5,3,0.124435045
9782,PNPLA6,9,3.8168511
9783,PNPLA7,10,2.1988654
9784,PNPLA8,9,3.2535384
9785,PNPO,9,3.6187053
9786,PNPT1,4,3.1946852
9787,PNRC1,7,4.6338916
9788,PNRC2,7,4.3618054
9789,POC1A,4,2.2819858
9790,POC1B,9,3.0419097
9791,POC5,4,2.5964203
9792,PODN,5,1.6601024
9793,PODNL1,10,1.3867265
9794,PODXL2,7,3.511027
9795,POF1B,2,1.6156061
9796,POFUT1,7,3.928639
9797,POFUT2,9,3.0376544
9798,POGK,4,3.1976483
9799,POGLUT1,8,2.9129112
9800,POGLUT2,2,1.9097658
9801,POGLUT3,8,3.4078555
9802,POGZ,7,3.5400536
9803,POLA1,4,2.431921
9804,POLA2,4,2.6859665
9805,POLB,4,3.7346768
9806,POLD1,8,2.9689934
9807,POLD2,7,4.5295367
9808,POLD4,7,4.7657704
9809,POLDIP2,7,4.8122272
9810,POLDIP3,7,4.4727764
9811,POLE,4,2.8294847
9812,POLE2,2,1.9560875
9813,POLE3,7,4.5688257
9814,POLE4,7,4.3178115
9815,POLG,9,3.6863666
9816,POLG2,8,2.7925572
9817,POLH,2,1.9752773
9818,POLI,4,2.3607728
9819,POLK,2,1.7478845
9820,POLL,4,2.635772
9821,POLM,2,2.914443
9822,POLN,2,1.4492484
9823,POLQ,5,0.9556464
9824,POLR1A,4,2.838817
9825,POLR1B,9,2.6298587
9826,POLR1C,9,3.5048122
9827,POLR1D,6,3.2970579
9828,POLR1E,9,3.3350284
9829,POLR1F,4,3.1209636
9830,POLR1H,7,4.3685546
9831,POLR2A,7,4.6906147
9832,POLR2B,7,4.49898
9833,POLR2C,7,4.920737
9834,POLR2D,4,3.3079975
9835,POLR2E,7,4.395989
9836,POLR2F,9,3.7734063
9837,POLR2G,1,5.32927
9838,POLR2H,7,4.032012
9839,POLR2I,7,5.5082917
9840,POLR2K,7,4.384044
9841,POLR2L,1,6.038837
9842,POLR2M,6,3.5646858
9843,POLR3A,4,2.7399495
9844,POLR3B,8,2.4009573
9845,POLR3C,2,2.7986188
9846,POLR3D,6,2.711862
9847,POLR3E,6,3.338774
9848,POLR3F,4,2.9028368
9849,POLR3H,7,4.489748
9850,POLRMT,6,3.5611966
9851,POMC,5,0.7988246
9852,POMGNT1,7,4.192732
9853,POMGNT2,9,3.177496
9854,POMK,3,0.55168766
9855,POMP,7,4.484178
9856,POMT1,6,3.4358795
9857,POMT2,6,2.756442
9858,PON1,5,0.7440777
9859,PON2,7,5.0000067
9860,PON3,10,1.4148005
9861,POP1,8,1.8452319
9862,POP4,7,3.710371
9863,POP5,7,3.9565086
9864,POP7,6,4.092304
9865,POPDC2,10,1.4069647
9866,POPDC3,5,0.5221043
9867,POR,6,4.122861
9868,PORCN,9,2.5471046
9869,POSTN,6,4.458901
9870,POU1F1,3,0.08618722
9871,POU2AF1,2,1.6617906
9872,POU2F1,8,2.130509
9873,POU2F2,2,1.4149532
9874,POU2F3,5,1.0941046
9875,POU3F1,3,0.3980286
9876,POU3F2,3,0.6844167
9877,POU3F3,3,1.0978515
9878,POU3F4,3,0.3248297
9879,POU4F1,3,0.2821293
9880,POU4F2,3,0.021219889
9881,POU4F3,3,0.06983249
9882,POU5F2,3,0.0639899
9883,POU6F1,2,1.943334
9884,POU6F2,3,0.25389925
9885,PP2D1,2,1.863375
9886,PPA1,1,5.6166654
9887,PPA2,7,4.468135
9888,PPAN,6,3.7382336
9889,PPARA,4,2.346732
9890,PPARD,9,2.9665747
9891,PPARG,4,1.7272277
9892,PPARGC1A,8,1.5445782
9893,PPARGC1B,10,1.0845684
9894,PPAT,4,2.7256672
9895,PPCDC,9,2.5385368
9896,PPCS,7,4.042937
9897,PPDPF,1,5.0945787
9898,PPEF1,10,0.5244317
9899,PPEF2,10,0.043993182
9900,PPFIA1,9,3.62585
9901,PPFIA2,10,0.66369313
9902,PPFIA3,2,2.2378263
9903,PPFIA4,5,0.9238362
9904,PPFIBP1,6,3.0289896
9905,PPFIBP2,8,3.1197834
9906,PPHLN1,2,3.2677946
9907,PPIB,1,7.256687
9908,PPIC,6,4.1115894
9909,PPID,6,4.1604257
9910,PPIE,9,3.283268
9911,PPIF,7,4.651501
9912,PPIG,4,3.4203768
9913,PPIH,8,2.6283166
9914,PPIL1,9,4.1239123
9915,PPIL2,7,3.5574994
9916,PPIL3,2,3.1495306
9917,PPIL4,4,3.3809216
9918,PPIL6,5,1.5337389
9919,PPIP5K1,2,2.3832943
9920,PPIP5K2,8,2.193185
9921,PPL,9,3.1855812
9922,PPM1A,8,2.4218853
9923,PPM1B,9,3.168945
9924,PPM1D,8,2.266838
9925,PPM1E,5,0.83829373
9926,PPM1F,4,3.0109844
9927,PPM1G,1,5.1948686
9928,PPM1H,2,2.6426966
9929,PPM1J,10,1.3931212
9930,PPM1K,8,2.2296727
9931,PPM1L,10,1.8027749
9932,PPM1M,9,3.1853013
9933,PPM1N,10,1.4895476
9934,PPME1,7,4.1203504
9935,PPOX,6,3.125321
9936,PPP1CA,1,5.7431335
9937,PPP1CB,1,5.0449085
9938,PPP1CC,7,4.559156
9939,PPP1R10,9,3.4578187
9940,PPP1R11,7,4.7318006
9941,PPP1R12A,9,3.4880846
9942,PPP1R12B,2,2.3405461
9943,PPP1R12C,7,4.1973386
9944,PPP1R13B,4,3.0956042
9945,PPP1R13L,9,3.2636364
9946,PPP1R14A,8,2.4833858
9947,PPP1R14C,8,2.1642935
9948,PPP1R14D,5,1.379907
9949,PPP1R15B,6,3.8411427
9950,PPP1R16A,6,3.536968
9951,PPP1R16B,2,1.7729526
9952,PPP1R17,3,0.115421414
9953,PPP1R18,7,3.8121412
9954,PPP1R1A,10,1.4339069
9955,PPP1R1B,5,3.2065604
9956,PPP1R1C,5,0.8206217
9957,PPP1R21,6,3.4166908
9958,PPP1R26,4,2.6279736
9959,PPP1R27,3,0.17646927
9960,PPP1R35,7,4.0912147
9961,PPP1R36,10,1.1565524
9962,PPP1R37,7,3.9388244
9963,PPP1R3A,3,0.032553032
9964,PPP1R3B,6,3.4263048
9965,PPP1R3C,8,2.5410206
9966,PPP1R3D,4,2.4423044
9967,PPP1R3E,2,1.9531249
9968,PPP1R3F,5,1.6431657
9969,PPP1R3G,5,1.2207276
9970,PPP1R42,4,2.9582982
9971,PPP1R8,6,3.9225976
9972,PPP1R9A,2,1.7303785
9973,PPP1R9B,7,4.141599
9974,PPP2CA,7,4.4914207
9975,PPP2CB,7,4.6092176
9976,PPP2R1A,7,4.942742
9977,PPP2R1B,6,3.0149274
9978,PPP2R2A,6,3.6485453
9979,PPP2R2B,5,0.678353
9980,PPP2R2C,10,1.1462504
9981,PPP2R2D,4,2.9710588
9982,PPP2R3A,9,1.9763676
9983,PPP2R3C,6,3.2504473
9984,PPP2R5A,6,4.2123556
9985,PPP2R5B,4,2.938612
9986,PPP2R5C,6,3.802108
9987,PPP2R5D,6,4.313132
9988,PPP2R5E,9,2.983534
9989,PPP3CA,6,3.7569761
9990,PPP3CB,9,3.5164027
9991,PPP3CC,9,2.9105349
9992,PPP3R1,6,4.2483916
9993,PPP3R2,3,0.017285082
9994,PPP4C,1,5.2658877
9995,PPP4R1,7,3.9625754
9996,PPP4R3A,6,3.8004272
9997,PPP4R3B,7,4.097215
9998,PPP4R4,5,0.5727416
9999,PPP5C,7,4.5474596
10000,PPP6C,7,4.0082855
10001,PPP6R1,7,4.0702114
10002,PPP6R2,7,3.7592137
10003,PPP6R3,7,3.8100176
10004,PPRC1,6,3.3924396
10005,PPT2,9,3.1227446
10006,PPTC7,9,3.153235
10007,PPWD1,6,3.4041438
10008,PPY,3,0.12750767
10009,PQBP1,6,4.094821
10010,PRADC1,7,3.9430313
10011,PRAF2,7,4.03463
10012,PRAG1,6,2.9146948
10013,PRAM1,2,1.5804296
10014,PRC1,9,3.0960999
10015,PRCC,6,4.5573893
10016,PRCD,2,1.9602231
10017,PRCP,7,4.162512
10018,PRDM1,8,2.398774
10019,PRDM10,5,1.8579156
10020,PRDM11,8,1.3510503
10021,PRDM12,3,0.19330482
10022,PRDM13,10,0.21336557
10023,PRDM14,10,0.006713983
10024,PRDM15,5,1.6573575
10025,PRDM16,2,1.0812825
10026,PRDM2,2,2.7140799
10027,PRDM4,6,3.3062894
10028,PRDM5,10,1.0937365
10029,PRDM6,10,0.55527914
10030,PRDM8,5,1.0456342
10031,PRDX1,1,5.709559
10032,PRDX2,1,5.976628
10033,PRDX3,1,5.5966873
10034,PRDX4,1,5.355262
10035,PRDX5,1,6.4872694
10036,PREB,7,4.6703095
10037,PRELID1,1,5.4625354
10038,PRELID2,3,0.71424156
10039,PRELID3A,2,1.5417867
10040,PRELID3B,7,4.5854025
10041,PRELP,2,2.7823312
10042,PREP,9,2.9739835
10043,PREPL,6,3.5541382
10044,PREX1,6,3.3621967
10045,PREX2,10,1.3226073
10046,PRF1,10,1.6246471
10047,PRG2,5,0.8478626
10048,PRG3,3,0.013986569
10049,PRG4,10,1.8695698
10050,PRICKLE1,5,1.6363734
10051,PRICKLE2,2,1.8021477
10052,PRICKLE3,8,2.5106072
10053,PRICKLE4,1,5.038354
10054,PRIM1,2,2.5419436
10055,PRIM2,2,2.5039947
10056,PRIMA1,10,1.1944578
10057,PRIMPOL,9,2.4289057
10058,PRKAA1,6,3.7102637
10059,PRKAA2,5,1.4273392
10060,PRKAB1,7,4.0264564
10061,PRKAB2,9,2.8125887
10062,PRKACA,7,4.2707334
10063,PRKACB,6,3.2037237
10064,PRKAG1,7,4.652721
10065,PRKAG2,4,2.757055
10066,PRKAG3,3,0.033746254
10067,PRKAR1A,7,4.790364
10068,PRKAR1B,6,2.981598
10069,PRKAR2A,6,3.5061762
10070,PRKAR2B,8,2.231836
10071,PRKCA,2,2.5142565
10072,PRKCB,2,1.5279759
10073,PRKCD,6,3.4817336
10074,PRKCE,10,2.04994
10075,PRKCG,10,0.4203985
10076,PRKCH,2,3.1854506
10077,PRKCI,6,3.3369222
10078,PRKCQ,5,1.2624365
10079,PRKCSH,1,5.3759313
10080,PRKCZ,6,3.5289629
10081,PRKD1,4,2.3341253
10082,PRKD2,6,3.8313518
10083,PRKD3,6,3.0496273
10084,PRKDC,9,3.762081
10085,PRKG1,2,1.22344
10086,PRKG2,10,0.6756334
10087,PRKN,10,1.1568644
10088,PRKRA,9,4.012857
10089,PRKRIP1,6,3.3883379
10090,PRKX,2,2.3071027
10091,PRLH,3,0.04362733
10092,PRLHR,3,0.061522067
10093,PRLR,2,1.2995161
10094,PRM2,3,0.009899981
10095,PRM3,3,0.029583689
10096,PRMT1,1,5.2279496
10097,PRMT2,9,3.991632
10098,PRMT3,9,3.1049037
10099,PRMT5,7,4.447076
10100,PRMT6,6,3.1922476
10101,PRMT7,6,3.1809337
10102,PRMT8,3,0.44804776
10103,PRMT9,8,1.9073482
10104,PRND,10,0.57852405
10105,PRNP,1,4.6178026
10106,PROB1,2,1.4090675
10107,PROCR,6,3.5063424
10108,PRODH2,3,0.8107501
10109,PROK1,10,0.48744977
10110,PROK2,3,0.31798068
10111,PROKR2,3,0.016082646
10112,PROM1,2,1.73004
10113,PROM2,10,1.993653
10114,PROP1,3,0.032476343
10115,PRORP,7,4.1623387
10116,PROS1,6,3.86762
10117,PROSER1,6,3.352698
10118,PROSER2,8,2.3221843
10119,PROSER3,8,2.056903
10120,PROX1,2,1.2739642
10121,PROX2,3,0.44362932
10122,PROZ,3,0.5606265
10123,PRPF18,6,3.273334
10124,PRPF19,1,5.268664
10125,PRPF3,6,3.7391343
10126,PRPF31,7,4.3868747
10127,PRPF38A,6,3.3311975
10128,PRPF39,6,3.7016592
10129,PRPF4,6,3.4255245
10130,PRPF40A,9,3.6558626
10131,PRPF40B,9,3.1294093
10132,PRPF6,1,5.0821586
10133,PRPF8,7,4.8796124
10134,PRPH,5,1.4064647
10135,PRPH2,5,0.5890866
10136,PRPS1,6,4.0120435
10137,PRPS1L1,10,0.7494536
10138,PRPS2,6,3.818764
10139,PRPSAP1,9,3.625847
10140,PRPSAP2,8,2.791911
10141,PRR11,4,1.833839
10142,PRR12,6,3.1514633
10143,PRR14,7,3.9280143
10144,PRR14L,4,2.538733
10145,PRR15,8,2.0038826
10146,PRR15L,4,2.72135
10147,PRR16,10,1.5424935
10148,PRR18,10,0.59679395
10149,PRR19,5,2.1962261
10150,PRR22,8,1.9284037
10151,PRR3,9,3.3667283
10152,PRR30,3,0.010239578
10153,PRR32,10,0.16328569
10154,PRR33,3,0.0
10155,PRR5,6,3.016627
10156,PRR5L,10,1.3449482
10157,PRR7,8,1.6527344
10158,PRR9,3,0.09394929
10159,PRRC1,6,3.4215658
10160,PRRC2A,7,5.019303
10161,PRRC2B,7,4.251037
10162,PRRC2C,6,4.0261245
10163,PRRG1,8,1.8852487
10164,PRRG2,4,2.3651001
10165,PRRG3,3,0.36758506
10166,PRRG4,4,2.6835692
10167,PRRT1,2,2.1371481
10168,PRRT2,2,1.6850595
10169,PRRT3,5,1.7132541
10170,PRRT4,3,0.44065252
10171,PRRX1,10,2.4737284
10172,PRRX2,2,1.8715311
10173,PRSS12,8,1.4796981
10174,PRSS16,8,2.148549
10175,PRSS22,8,2.156819
10176,PRSS23,7,4.1167355
10177,PRSS27,5,1.3024737
10178,PRSS33,3,0.458073
10179,PRSS35,3,0.6747
10180,PRSS36,2,1.159994
10181,PRSS37,10,0.094682306
10182,PRSS38,3,0.04106809
10183,PRSS48,3,0.09234389
10184,PRSS50,5,0.9369132
10185,PRSS51,3,0.0
10186,PRSS53,2,1.8952706
10187,PRSS54,5,1.1756015
10188,PRSS55,3,0.098163694
10189,PRSS56,3,0.16981106
10190,PRSS57,3,0.16366422
10191,PRSS58,3,0.0100033535
10192,PRSS8,7,4.2898827
10193,PRTG,3,0.6158781
10194,PRTN3,3,0.31245577
10195,PRUNE1,4,3.5902529
10196,PRUNE2,2,2.0549757
10197,PRX,2,1.6128002
10198,PRXL2A,4,3.6425302
10199,PRXL2B,7,4.038379
10200,PRXL2C,8,2.8523052
10201,PSAP,1,7.46408
10202,PSAPL1,3,0.2752065
10203,PSAT1,9,3.6426883
10204,PSCA,10,1.2210758
10205,PSD,10,1.5715778
10206,PSD2,3,0.6502075
10207,PSD3,8,2.1439157
10208,PSD4,8,2.843725
10209,PSEN1,6,3.4989858
10210,PSEN2,8,2.2343183
10211,PSENEN,7,4.725002
10212,PSIP1,6,3.703226
10213,PSKH1,9,3.5221126
10214,PSMA1,1,4.810921
10215,PSMA2,1,6.1115127
10216,PSMA3,1,5.353589
10217,PSMA4,7,4.0752153
10218,PSMA5,7,4.0889454
10219,PSMA6,7,4.5806
10220,PSMA7,1,5.767307
10221,PSMA8,3,0.10183435
10222,PSMB1,1,6.0676775
10223,PSMB10,1,5.2598133
10224,PSMB11,3,0.023417525
10225,PSMB2,7,4.4465175
10226,PSMB3,1,6.1097302
10227,PSMB4,1,6.6204567
10228,PSMB5,1,5.449229
10229,PSMB6,1,5.7102265
10230,PSMB7,1,5.319064
10231,PSMB8,1,5.252046
10232,PSMB9,6,4.1695247
10233,PSMC1,4,2.8088129
10234,PSMC2,7,4.2673683
10235,PSMC3,1,5.431008
10236,PSMC3IP,4,3.7116003
10237,PSMC4,1,5.1853685
10238,PSMC5,7,5.3477526
10239,PSMC6,7,4.148961
10240,PSMD1,7,4.304674
10241,PSMD10,7,4.50343
10242,PSMD11,7,4.384144
10243,PSMD12,6,3.753698
10244,PSMD13,7,5.414643
10245,PSMD14,7,4.4000945
10246,PSMD2,1,5.2633853
10247,PSMD3,7,5.330348
10248,PSMD4,1,5.5956726
10249,PSMD5,6,3.6135046
10250,PSMD6,7,4.667852
10251,PSMD7,7,4.9380336
10252,PSMD8,1,5.0716343
10253,PSMD9,6,3.8637958
10254,PSME1,1,6.1801915
10255,PSME3,6,4.420239
10256,PSME3IP1,8,2.6550822
10257,PSME4,6,3.5017476
10258,PSMF1,6,4.0633426
10259,PSMG1,6,3.7931068
10260,PSMG2,6,4.1231556
10261,PSMG3,6,3.8284533
10262,PSMG4,8,2.7904189
10263,PSORS1C2,10,0.830417
10264,PSPC1,6,3.757123
10265,PSPH,8,2.8824067
10266,PSPN,8,1.4264382
10267,PSRC1,8,2.3567622
10268,PSTK,5,2.1160204
10269,PSTPIP1,8,1.8755512
10270,PSTPIP2,8,2.1833913
10271,PTAFR,2,2.2300344
10272,PTAR1,4,2.5517683
10273,PTBP1,7,5.4407253
10274,PTBP2,2,1.5852951
10275,PTBP3,6,3.4408834
10276,PTCD1,7,3.4557066
10277,PTCD2,5,1.4623824
10278,PTCD3,2,3.396596
10279,PTCH1,2,1.9471158
10280,PTCH2,5,0.88381344
10281,PTCHD1,10,0.36716744
10282,PTCHD3,3,0.080082685
10283,PTCHD4,5,0.29713482
10284,PTDSS1,7,4.0371003
10285,PTDSS2,7,3.6966684
10286,PTER,8,2.3153036
10287,PTF1A,3,0.09870331
10288,PTGDR,10,0.5182468
10289,PTGDR2,2,1.5050149
10290,PTGDS,9,3.2357397
10291,PTGER1,3,0.44920358
10292,PTGER2,5,1.2133064
10293,PTGER3,5,0.9837795
10294,PTGER4,2,2.312889
10295,PTGES,9,2.5382345
10296,PTGES2,7,3.9157283
10297,PTGES3,1,5.98943
10298,PTGES3L,5,1.0534981
10299,PTGFR,10,0.71742135
10300,PTGFRN,9,3.7680924
10301,PTGIR,10,1.0919342
10302,PTGIS,5,1.9843112
10303,PTGR1,7,4.2199845
10304,PTGR2,6,2.9649105
10305,PTGS1,6,2.308564
10306,PTGS2,5,1.9295791
10307,PTH,3,0.013717068
10308,PTH1R,10,0.99271375
10309,PTH2,3,0.040604636
10310,PTH2R,3,0.6878529
10311,PTHLH,5,1.2995785
10312,PTK2,9,3.676585
10313,PTK2B,9,3.0886009
10314,PTK6,2,2.2876627
10315,PTK7,6,3.6058218
10316,PTMA,1,7.02555
10317,PTN,2,2.4840393
10318,PTOV1,7,5.3278036
10319,PTP4A2,7,4.961339
10320,PTP4A3,8,2.6331294
10321,PTPA,7,4.7766075
10322,PTPDC1,2,1.9127437
10323,PTPMT1,7,4.137436
10324,PTPN1,6,4.073813
10325,PTPN11,7,4.1195703
10326,PTPN12,7,4.391599
10327,PTPN13,2,2.443301
10328,PTPN14,8,2.3698993
10329,PTPN18,6,4.1967826
10330,PTPN2,4,2.941183
10331,PTPN20,10,0.6577174
10332,PTPN21,9,2.444945
10333,PTPN22,5,1.2751156
10334,PTPN23,4,3.8734965
10335,PTPN3,2,2.391438
10336,PTPN4,4,1.7932924
10337,PTPN5,10,0.39311692
10338,PTPN6,6,3.9253647
10339,PTPN7,2,1.7776202
10340,PTPN9,6,3.0418956
10341,PTPRA,7,4.099087
10342,PTPRB,2,2.3026047
10343,PTPRC,2,2.3786168
10344,PTPRCAP,4,3.4238837
10345,PTPRD,5,1.3884228
10346,PTPRE,9,2.5892367
10347,PTPRF,7,4.447792
10348,PTPRH,2,1.603788
10349,PTPRJ,6,3.1784945
10350,PTPRK,6,3.509242
10351,PTPRM,6,3.3985746
10352,PTPRN,10,0.7885364
10353,PTPRN2,9,2.7204456
10354,PTPRO,5,1.0226094
10355,PTPRQ,3,0.14105806
10356,PTPRR,10,1.0527427
10357,PTPRS,6,3.2681887
10358,PTPRT,10,0.6076829
10359,PTPRU,4,2.7540045
10360,PTPRZ1,3,1.3791455
10361,PTRH1,2,2.3746762
10362,PTRH2,6,2.7849119
10363,PTRHD1,7,4.115054
10364,PTS,7,4.0044184
10365,PTTG1IP,1,5.930343
10366,PTX3,5,1.2516638
10367,PTX4,3,0.10865025
10368,PUDP,9,3.3480062
10369,PUF60,7,4.9850545
10370,PUM1,9,3.95669
10371,PUM2,9,4.171745
10372,PUM3,2,1.8587164
10373,PURA,4,2.5204556
10374,PURB,6,3.3740697
10375,PURG,3,0.32882127
10376,PUS1,9,2.7201734
10377,PUS10,10,1.5330085
10378,PUS3,9,3.106846
10379,PUS7,8,2.914068
10380,PUS7L,2,1.8015429
10381,PUSL1,4,3.4735043
10382,PVALB,3,0.6559062
10383,PWP1,7,4.0358744
10384,PWP2,8,2.8369865
10385,PWWP2A,8,2.5068686
10386,PWWP2B,9,3.032712
10387,PWWP3A,3,0.0
10388,PWWP3B,5,0.4916993
10389,PXDC1,7,4.2147293
10390,PXDN,7,3.3898914
10391,PXK,4,2.7841916
10392,PXMP2,7,3.6679053
10393,PXMP4,4,2.8561015
10394,PXN,6,4.3802605
10395,PXYLP1,4,2.3339505
10396,PYCARD,7,4.5103445
10397,PYCR1,7,4.294654
10398,PYCR2,7,4.682946
10399,PYGB,7,5.151437
10400,PYGL,7,3.828593
10401,PYGM,5,1.2609087
10402,PYGO1,10,1.1981742
10403,PYGO2,7,4.4317355
10404,PYM1,7,3.9817896
10405,PYROXD1,9,3.2420766
10406,PYROXD2,8,2.0900488
10407,PYY,3,0.3925644
10408,QDPR,6,4.2068934
10409,QPCT,6,3.4064744
10410,QPCTL,6,3.2422934
10411,QPRT,9,3.6546936
10412,QRFP,10,0.5202612
10413,QRICH1,6,3.5806732
10414,QRSL1,2,2.592453
10415,QSER1,8,2.6038072
10416,QSOX1,7,4.082207
10417,QSOX2,8,2.987041
10418,QTRT1,7,4.399925
10419,QTRT2,6,2.846516
10420,R3HCC1,7,4.0222673
10421,R3HCC1L,2,2.0288239
10422,R3HDM1,4,3.011015
10423,R3HDM2,6,3.7301018
10424,R3HDM4,7,4.7639666
10425,R3HDML,3,0.3938532
10426,RAB10,7,4.5720625
10427,RAB11A,7,4.7266154
10428,RAB11B,7,4.9746637
10429,RAB11FIP1,6,3.3913534
10430,RAB11FIP2,4,2.3694317
10431,RAB11FIP3,9,3.5948904
10432,RAB11FIP4,2,2.594535
10433,RAB11FIP5,6,3.1135821
10434,RAB12,6,3.928356
10435,RAB13,7,5.014305
10436,RAB14,9,4.2312727
10437,RAB15,2,3.2066112
10438,RAB17,6,3.5193026
10439,RAB18,4,3.5740244
10440,RAB19,3,0.5931408
10441,RAB1A,1,5.1051173
10442,RAB1B,1,5.8780694
10443,RAB20,6,3.8370864
10444,RAB21,8,2.8259227
10445,RAB22A,9,3.158208
10446,RAB23,8,1.7681772
10447,RAB24,6,4.003934
10448,RAB25,1,3.8039248
10449,RAB26,5,1.8031003
10450,RAB27A,9,3.4218972
10451,RAB27B,2,1.8449671
10452,RAB28,6,3.2333665
10453,RAB29,9,3.4941797
10454,RAB2A,1,4.8555717
10455,RAB2B,9,3.3076062
10456,RAB30,8,1.76876
10457,RAB31,7,3.8916254
10458,RAB33A,5,1.4926195
10459,RAB33B,8,2.3221467
10460,RAB34,9,3.5618403
10461,RAB35,9,3.8199024
10462,RAB36,8,2.0329163
10463,RAB37,2,1.4576929
10464,RAB38,8,2.3836553
10465,RAB39A,5,0.66134644
10466,RAB39B,5,1.2397293
10467,RAB3A,8,1.9484066
10468,RAB3B,3,1.0419909
10469,RAB3C,3,0.5523446
10470,RAB3D,7,3.8740363
10471,RAB3GAP1,7,3.6156025
10472,RAB3GAP2,6,3.053628
10473,RAB3IL1,8,2.6133103
10474,RAB3IP,9,2.2858138
10475,RAB40B,4,2.7965674
10476,RAB40C,6,3.4372585
10477,RAB42,8,1.7579764
10478,RAB43,4,3.1386995
10479,RAB44,3,0.17832193
10480,RAB4A,9,3.79954
10481,RAB4B,7,4.941073
10482,RAB5A,7,4.0959578
10483,RAB5B,7,4.5955296
10484,RAB5C,7,4.5125294
10485,RAB5IF,1,5.463569
10486,RAB6A,7,4.85824
10487,RAB6B,4,2.1348908
10488,RAB7B,2,2.0864625
10489,RAB8A,7,4.6903367
10490,RAB8B,6,3.114061
10491,RAB9A,2,2.4830437
10492,RAB9B,5,0.8750294
10493,RABAC1,1,5.6000705
10494,RABEP1,6,3.6193593
10495,RABEP2,6,3.5124907
10496,RABEPK,6,3.0384183
10497,RABGAP1,3,0.0
10498,RABGAP1L,2,2.3337164
10499,RABGEF1,9,2.7678378
10500,RABGGTA,6,3.775812
10501,RABGGTB,7,4.690105
10502,RABIF,6,2.9484615
10503,RABL3,2,2.743057
10504,RABL6,6,4.510437
10505,RAC1,1,5.8735795
10506,RAC2,9,3.5110636
10507,RAC3,6,2.9858053
10508,RACGAP1,9,2.9716184
10509,RACK1,1,7.6002216
10510,RAD1,4,2.6174448
10511,RAD17,6,2.8913233
10512,RAD18,8,2.2752225
10513,RAD21,1,4.964275
10514,RAD21L1,3,0.15212965
10515,RAD23A,1,5.596472
10516,RAD23B,1,5.000488
10517,RAD50,9,3.2425284
10518,RAD51,4,1.8718164
10519,RAD51AP1,4,2.2399478
10520,RAD51B,5,1.4052329
10521,RAD51C,8,2.3157375
10522,RAD51D,5,1.8621662
10523,RAD52,8,1.8956634
10524,RAD54B,4,2.109546
10525,RAD54L,8,2.048869
10526,RAD54L2,4,2.3798661
10527,RAD9A,7,4.016763
10528,RAD9B,10,0.52033377
10529,RADIL,10,0.7115916
10530,RADX,10,1.2273295
10531,RAE1,4,3.5096965
10532,RAF1,6,3.772803
10533,RAG1,5,0.5888193
10534,RAG2,3,0.4863305
10535,RAI1,9,3.086093
10536,RAI14,4,3.2983627
10537,RAI2,8,2.2097924
10538,RALA,7,3.8155847
10539,RALB,6,3.477033
10540,RALBP1,9,3.5485978
10541,RALGAPA1,8,2.0409706
10542,RALGAPA2,8,3.0751567
10543,RALGAPB,9,3.4239128
10544,RALGDS,7,4.029965
10545,RALGPS1,8,1.8347846
10546,RALGPS2,8,2.5910454
10547,RALY,6,3.9476335
10548,RALYL,3,0.25324973
10549,RAMP1,9,3.669798
10550,RAMP2,6,4.062429
10551,RAMP3,2,2.6851163
10552,RAN,1,5.383078
10553,RANBP1,7,4.618108
10554,RANBP10,6,2.977836
10555,RANBP17,5,1.2655672
10556,RANBP2,6,3.46262
10557,RANBP3,7,4.2184443
10558,RANBP3L,5,0.78006685
10559,RANBP6,4,2.8945487
10560,RANBP9,9,3.8975134
10561,RANGAP1,7,3.8320024
10562,RANGRF,6,4.0310674
10563,RAP1A,9,3.0930867
10564,RAP1B,8,2.422749
10565,RAP1GAP,6,3.0647364
10566,RAP1GAP2,8,2.2936018
10567,RAP1GDS1,9,3.429901
10568,RAP2A,9,3.385691
10569,RAP2B,2,2.8973048
10570,RAP2C,4,2.5408955
10571,RAPGEF1,7,3.798839
10572,RAPGEF2,8,2.835742
10573,RAPGEF3,4,1.9832894
10574,RAPGEF4,8,2.0007136
10575,RAPGEF5,2,2.486869
10576,RAPGEF6,2,2.5689082
10577,RAPGEFL1,2,2.4156618
10578,RAPH1,2,2.8619235
10579,RAPSN,3,0.3215956
10580,RARA,6,3.5496025
10581,RARB,5,1.2692487
10582,RARG,4,2.9908266
10583,RARRES1,4,2.6347337
10584,RARRES2,7,4.3049006
10585,RARS2,6,3.1269345
10586,RASA1,8,3.3540869
10587,RASA2,8,2.4194367
10588,RASA3,2,3.1140633
10589,RASAL1,5,1.396609
10590,RASAL2,2,1.8462073
10591,RASAL3,8,2.154004
10592,RASD1,6,3.6872907
10593,RASD2,2,1.5766762
10594,RASEF,9,2.5667493
10595,RASGEF1A,5,1.161181
10596,RASGEF1B,2,1.7376877
10597,RASGEF1C,5,0.617913
10598,RASGRF1,5,0.82202494
10599,RASGRF2,5,1.4130363
10600,RASGRP1,5,1.3907943
10601,RASGRP2,8,1.6504632
10602,RASGRP3,8,1.5333637
10603,RASGRP4,5,1.1289482
10604,RASIP1,9,2.527553
10605,RASL10A,10,0.7929534
10606,RASL10B,10,1.0246551
10607,RASL11A,8,2.227485
10608,RASL11B,10,1.376491
10609,RASL12,8,2.5906718
10610,RASSF1,6,3.6339297
10611,RASSF10,2,0.98450834
10612,RASSF2,4,2.6996913
10613,RASSF3,9,3.7513556
10614,RASSF4,9,3.5566158
10615,RASSF5,4,2.3852983
10616,RASSF6,10,1.6493602
10617,RASSF7,6,3.722968
10618,RASSF8,4,2.0882688
10619,RASSF9,5,0.9740189
10620,RAVER1,6,4.2860165
10621,RAVER2,2,2.6939702
10622,RAX,3,0.03279861
10623,RB1,9,3.604564
10624,RB1CC1,9,3.2845392
10625,RBAK,4,2.3727045
10626,RBBP4,6,4.1603584
10627,RBBP5,4,3.1401126
10628,RBBP6,9,3.2919807
10629,RBBP7,7,4.78452
10630,RBBP8,9,3.1619866
10631,RBBP8NL,5,1.4144188
10632,RBBP9,6,3.4233775
10633,RBCK1,7,4.360749
10634,RBFA,8,2.431082
10635,RBFOX1,3,0.18276167
10636,RBFOX2,7,3.5026922
10637,RBFOX3,3,0.37314516
10638,RBIS,7,3.432443
10639,RBKS,9,2.7279215
10640,RBL1,2,2.0642462
10641,RBL2,6,4.03465
10642,RBM10,7,3.9730444
10643,RBM11,10,0.9460599
10644,RBM14,9,3.5330029
10645,RBM15,4,2.1193342
10646,RBM15B,6,3.7573001
10647,RBM17,6,3.6708517
10648,RBM18,4,2.7255065
10649,RBM19,4,2.939366
10650,RBM20,10,0.4620023
10651,RBM22,7,4.2998767
10652,RBM24,10,1.097304
10653,RBM25,6,3.582029
10654,RBM26,4,3.4953654
10655,RBM27,6,3.2558708
10656,RBM28,8,2.1138544
10657,RBM3,7,4.8576317
10658,RBM33,6,2.7212043
10659,RBM34,9,4.106872
10660,RBM38,9,3.6395612
10661,RBM39,7,4.69021
10662,RBM4,9,3.6475
10663,RBM41,10,1.0455363
10664,RBM42,7,4.476945
10665,RBM43,2,2.2519653
10666,RBM44,3,0.30397195
10667,RBM45,8,1.8741165
10668,RBM46,3,0.10366962
10669,RBM47,9,3.3662379
10670,RBM48,8,2.0033867
10671,RBM4B,2,2.5182445
10672,RBM5,7,3.9817648
10673,RBM6,9,3.960465
10674,RBM7,4,2.641323
10675,RBMS1,9,3.338834
10676,RBMS2,4,2.9195697
10677,RBMS3,5,1.7966639
10678,RBMX,7,4.6902924
10679,RBMX2,4,3.2980402
10680,RBP1,4,2.6622963
10681,RBP2,3,0.5757754
10682,RBP3,3,0.0802916
10683,RBP4,10,1.8509977
10684,RBP7,9,2.791046
10685,RBPJ,9,3.6053221
10686,RBPJL,3,0.059151422
10687,RBPMS,9,2.8487332
10688,RBPMS2,8,2.2585835
10689,RBSN,2,2.4425852
10690,RBX1,7,4.687133
10691,RC3H1,4,2.329943
10692,RC3H2,8,2.6909685
10693,RCAN1,7,3.5957983
10694,RCAN2,4,2.661123
10695,RCAN3,2,2.6552656
10696,RCBTB1,4,3.1319044
10697,RCBTB2,2,2.3815842
10698,RCC1,9,2.9633253
10699,RCC1L,7,4.0626183
10700,RCC2,7,4.699896
10701,RCCD1,8,2.1423426
10702,RCE1,7,3.762576
10703,RCHY1,8,2.8780265
10704,RCL1,4,3.050568
10705,RCN1,1,4.9945984
10706,RCN2,6,3.5021043
10707,RCN3,9,2.9921772
10708,RCOR1,9,3.106294
10709,RCOR2,5,1.323916
10710,RCOR3,8,3.260523
10711,RCSD1,5,2.0586648
10712,RCVRN,3,0.18145078
10713,RD3,3,0.04634468
10714,RD3L,3,0.012579353
10715,RDH10,9,3.392154
10716,RDH11,7,5.0767035
10717,RDH12,10,1.1773949
10718,RDH13,6,3.3728564
10719,RDH14,6,3.6850824
10720,RDH5,4,3.0559099
10721,RDH8,3,0.19281334
10722,RDX,4,3.6576338
10723,REC114,3,0.1023087
10724,REC8,8,2.1525292
10725,RECK,2,2.1268287
10726,RECQL,6,3.309532
10727,RECQL4,6,2.782926
10728,RECQL5,8,2.7972627
10729,REEP1,5,1.524123
10730,REEP2,10,1.7897096
10731,REEP3,9,3.6091504
10732,REEP4,6,3.8217642
10733,REEP5,1,5.3017273
10734,REG4,3,1.0776134
10735,REL,9,2.0214572
10736,RELA,7,4.6033244
10737,RELB,6,3.5119162
10738,RELCH,2,2.5169692
10739,RELL1,5,1.7479912
10740,RELL2,8,2.1373494
10741,RELN,10,0.7113763
10742,RELT,4,1.7088046
10743,REM1,5,1.1451491
10744,REM2,5,0.5875056
10745,REN,5,0.74417925
10746,RENBP,9,3.2605898
10747,REP15,5,1.4330498
10748,REPIN1,7,4.5998178
10749,REPS1,9,3.2624044
10750,REPS2,2,2.3505833
10751,RER1,7,4.135734
10752,RERE,9,3.790805
10753,RERG,8,2.0753338
10754,RERGL,5,1.0494977
10755,REST,2,2.6764984
10756,RET,10,1.0626578
10757,RETN,3,0.73306125
10758,RETREG1,6,2.9283118
10759,RETREG2,7,4.66267
10760,RETREG3,7,4.3005033
10761,RETSAT,6,4.604719
10762,REV1,9,3.0411077
10763,REV3L,4,2.2910483
10764,REX1BD,7,4.440147
10765,REXO1,4,3.2410488
10766,REXO2,7,4.6173964
10767,REXO4,9,3.7592227
10768,REXO5,3,0.0
10769,RFC1,7,3.6502259
10770,RFC2,6,3.3286736
10771,RFC3,4,2.8964293
10772,RFC4,6,3.1223936
10773,RFC5,8,3.0394716
10774,RFESD,3,0.8855745
10775,RFFL,8,3.0490203
10776,RFK,7,3.8018436
10777,RFLNA,4,2.2715712
10778,RFLNB,9,2.9783075
10779,RFNG,7,4.3050914
10780,RFT1,6,2.427464
10781,RFTN1,9,3.4656932
10782,RFTN2,2,1.4444774
10783,RFWD3,4,3.0782773
10784,RFX1,4,2.646738
10785,RFX2,2,2.0279326
10786,RFX3,8,1.5519159
10787,RFX4,3,0.495897
10788,RFX5,6,3.6489367
10789,RFX6,3,0.18009183
10790,RFX7,8,2.027688
10791,RFX8,10,0.48454306
10792,RFXANK,7,3.9531977
10793,RFXAP,8,2.0846384
10794,RGCC,7,4.269355
10795,RGL1,9,2.781436
10796,RGL2,6,4.0920825
10797,RGL3,6,2.5777435
10798,RGMA,10,1.3301573
10799,RGMB,6,2.7572744
10800,RGN,5,1.68933
10801,RGP1,9,3.1402519
10802,RGR,10,0.3393763
10803,RGS1,7,4.2710714
10804,RGS10,7,4.075592
10805,RGS11,5,1.8598794
10806,RGS12,4,2.9338892
10807,RGS13,5,0.56745726
10808,RGS14,4,3.3436308
10809,RGS16,8,3.0753136
10810,RGS17,3,0.7407085
10811,RGS18,5,1.2617494
10812,RGS19,4,2.4408972
10813,RGS2,9,4.0993586
10814,RGS20,5,0.8996939
10815,RGS21,3,0.005787117
10816,RGS22,10,0.518262
10817,RGS3,6,3.1227663
10818,RGS4,5,1.6199591
10819,RGS5,7,4.361846
10820,RGS6,3,0.5274131
10821,RGS7,10,0.31106877
10822,RGS7BP,10,0.6229579
10823,RGS8,3,0.20674215
10824,RGS9,8,1.8467377
10825,RGS9BP,10,0.34411508
10826,RGSL1,3,0.064969644
10827,RHAG,3,0.10352643
10828,RHBDD1,4,2.5114353
10829,RHBDD2,1,5.341362
10830,RHBDD3,9,3.423881
10831,RHBDF1,6,2.966457
10832,RHBDF2,6,3.1613052
10833,RHBDL1,5,1.7083782
10834,RHBDL2,10,1.4139494
10835,RHBDL3,5,0.65383875
10836,RHBG,10,0.5173399
10837,RHCG,3,0.808956
10838,RHEB,7,4.42598
10839,RHEBL1,10,1.3023021
10840,RHNO1,6,3.8255184
10841,RHO,3,0.05340691
10842,RHOA,1,5.6444683
10843,RHOB,1,6.1511865
10844,RHOBTB1,2,2.4129279
10845,RHOBTB2,6,2.8192625
10846,RHOBTB3,9,3.569761
10847,RHOC,7,5.1209426
10848,RHOD,6,3.6189463
10849,RHOF,9,3.0958164
10850,RHOG,7,4.432569
10851,RHOH,5,1.1328982
10852,RHOJ,9,2.5904217
10853,RHOQ,6,3.8311272
10854,RHOT1,9,3.149708
10855,RHOT2,7,4.524969
10856,RHOU,6,3.5675647
10857,RHOV,4,2.0514078
10858,RHPN1,9,2.8974402
10859,RHPN2,9,3.5842566
10860,RIBC1,5,0.9250969
10861,RIBC2,5,1.3925245
10862,RIC1,2,2.4411066
10863,RIC3,8,1.0878997
10864,RIC8A,7,4.458231
10865,RIC8B,4,2.5264702
10866,RICTOR,5,2.514364
10867,RIDA,7,4.164387
10868,RIF1,8,2.524273
10869,RIIAD1,3,0.38014904
10870,RILP,9,3.0265102
10871,RILPL1,8,2.6178665
10872,RILPL2,4,2.5865924
10873,RIMBP2,3,0.41712543
10874,RIMKLA,2,1.1436844
10875,RIMKLB,2,2.2618957
10876,RIMS1,3,0.40906057
10877,RIMS2,5,0.7336915
10878,RIMS3,5,1.215102
10879,RIMS4,3,1.0156264
10880,RIN1,4,2.1347353
10881,RIN2,6,3.0924869
10882,RIN3,6,3.1096952
10883,RING1,7,4.55604
10884,RINL,8,2.5313745
10885,RINT1,6,3.1890068
10886,RIOK1,4,3.148785
10887,RIOK2,8,2.7918706
10888,RIOK3,7,4.09134
10889,RIOX1,6,2.917866
10890,RIOX2,4,3.232574
10891,RIPK1,4,3.3777323
10892,RIPK2,4,3.3610852
10893,RIPK3,2,2.4510622
10894,RIPK4,8,2.7299879
10895,RIPOR1,7,4.4369082
10896,RIPOR2,2,1.8035353
10897,RIPOR3,10,1.0696974
10898,RIPPLY2,3,0.41666672
10899,RIPPLY3,10,0.7811975
10900,RIT1,6,3.4100716
10901,RIT2,3,0.26751453
10902,RITA1,6,3.0314846
10903,RLBP1,10,0.49285975
10904,RLF,4,2.583174
10905,RLIM,9,2.95109
10906,RLN3,3,0.06627403
10907,RMC1,9,3.641128
10908,RMDN1,6,3.6647167
10909,RMDN2,5,1.4547278
10910,RMDN3,7,3.7631724
10911,RMI1,10,1.826075
10912,RMI2,8,2.4019837
10913,RMND1,9,2.9091206
10914,RMND5A,6,3.6191838
10915,RMND5B,9,3.3371377
10916,RNASE1,7,5.3776093
10917,RNASE10,5,0.09763608
10918,RNASE12,3,0.014946208
10919,RNASE13,3,0.074637316
10920,RNASE4,6,3.679609
10921,RNASE6,4,3.3394308
10922,RNASEH1,4,2.1873305
10923,RNASEH2A,7,4.1054006
10924,RNASEH2B,4,2.0360935
10925,RNASEH2C,7,4.1752343
10926,RNASEK,1,5.9039674
10927,RNASEL,8,2.1203024
10928,RND1,8,2.859108
10929,RND2,10,1.6008142
10930,RND3,9,3.6115198
10931,RNF10,1,4.9815445
10932,RNF103,7,3.9428048
10933,RNF11,7,4.420125
10934,RNF111,8,2.4578307
10935,RNF112,5,0.8643637
10936,RNF114,7,4.850106
10937,RNF115,4,2.9947886
10938,RNF121,4,3.4790885
10939,RNF122,9,2.5791228
10940,RNF123,4,3.4509606
10941,RNF125,4,1.8197651
10942,RNF126,4,4.155745
10943,RNF128,8,2.9527922
10944,RNF13,7,3.9050958
10945,RNF130,6,3.2986367
10946,RNF133,3,0.1892218
10947,RNF138,2,3.1040316
10948,RNF139,9,3.7381315
10949,RNF14,9,3.2171254
10950,RNF141,9,3.4065619
10951,RNF144A,8,2.5414271
10952,RNF144B,2,2.9152415
10953,RNF145,7,4.110066
10954,RNF146,6,3.3346095
10955,RNF148,10,0.30255732
10956,RNF149,6,3.8856199
10957,RNF150,5,1.3254634
10958,RNF151,3,0.089013316
10959,RNF152,2,1.6060896
10960,RNF157,2,2.3341565
10961,RNF166,4,2.655132
10962,RNF167,1,5.0464315
10963,RNF168,2,2.7580483
10964,RNF169,9,2.6527357
10965,RNF17,3,0.05484889
10966,RNF170,8,2.5233023
10967,RNF180,10,1.5382175
10968,RNF182,3,0.77487636
10969,RNF183,10,0.65718114
10970,RNF185,7,3.7058184
10971,RNF186,2,1.2207526
10972,RNF19B,4,2.7533376
10973,RNF2,8,2.5826066
10974,RNF20,7,3.7822552
10975,RNF207,4,1.8383479
10976,RNF208,8,2.7482593
10977,RNF212,10,0.9260369
10978,RNF212B,5,0.69957143
10979,RNF213,9,3.4369702
10980,RNF214,9,2.8714278
10981,RNF215,4,3.118027
10982,RNF216,9,3.5714402
10983,RNF217,10,1.4698832
10984,RNF220,7,4.2602963
10985,RNF222,3,0.11940637
10986,RNF223,10,0.9020218
10987,RNF224,3,0.52468026
10988,RNF225,3,0.20787533
10989,RNF227,3,0.0
10990,RNF24,9,2.9444132
10991,RNF25,7,3.8701863
10992,RNF31,9,3.7671487
10993,RNF32,10,0.9914339
10994,RNF34,6,3.608577
10995,RNF38,6,3.2667546
10996,RNF39,2,2.1514204
10997,RNF4,6,3.7269645
10998,RNF40,7,4.294993
10999,RNF41,6,3.3311656
11000,RNF43,6,2.6299906
11001,RNF44,6,3.691016
11002,RNF5,1,5.1135726
11003,RNF6,6,3.2358274
11004,RNF8,4,2.4245248
11005,RNFT1,9,3.118919
11006,RNFT2,5,1.192538
11007,RNGTT,2,2.5204053
11008,RNH1,7,4.4160485
11009,RNLS,8,1.7608323
11010,RNMT,9,3.0564003
11011,RNPC3,4,2.2045016
11012,RNPEP,7,4.7647533
11013,RNPEPL1,3,0.0
11014,RNPS1,1,4.9415975
11015,RO60,8,2.8167157
11016,ROBO1,2,2.7349918
11017,ROBO2,5,0.9551155
11018,ROBO3,2,1.5241688
11019,ROBO4,9,2.9071212
11020,ROCK1,6,3.093814
11021,ROCK2,6,3.1529155
11022,ROGDI,6,3.812845
11023,ROM1,4,2.4694018
11024,ROMO1,1,5.465935
11025,ROPN1L,10,0.669196
11026,ROR1,2,1.2847117
11027,ROR2,8,1.6621853
11028,RORA,5,1.917303
11029,RORB,3,0.5519578
11030,RORC,9,3.0486364
11031,ROS1,3,0.3788575
11032,RP1,3,0.17765751
11033,RP2,8,2.8279855
11034,RP9,9,2.905984
11035,RPA1,6,4.040695
11036,RPA2,7,4.2600045
11037,RPA3,8,2.9527893
11038,RPAIN,6,3.7628903
11039,RPAP1,4,3.063817
11040,RPAP2,5,1.5491908
11041,RPAP3,9,2.8756833
11042,RPE65,10,0.4346087
11043,RPF1,7,3.75275
11044,RPF2,6,3.2404559
11045,RPGRIP1,3,0.45361894
11046,RPGRIP1L,8,1.3827372
11047,RPH3A,3,0.4716524
11048,RPH3AL,8,1.9192542
11049,RPIA,6,3.6558352
11050,RPL10,1,6.826945
11051,RPL10A,1,7.336135
11052,RPL10L,3,0.5233126
11053,RPL11,1,7.375812
11054,RPL12,1,6.9656277
11055,RPL13,1,6.0529747
11056,RPL13A,1,7.1195936
11057,RPL14,1,5.1462746
11058,RPL15,1,5.8578467
11059,RPL18A,1,5.3191023
11060,RPL19,1,7.3843536
11061,RPL22,1,5.5751276
11062,RPL22L1,6,3.8376608
11063,RPL23,1,6.2703633
11064,RPL23A,1,5.876944
11065,RPL26,1,5.919339
11066,RPL27,1,7.2228136
11067,RPL27A,7,5.442669
11068,RPL28,1,5.73771
11069,RPL3,1,8.008951
11070,RPL32,1,6.2650237
11071,RPL34,1,5.467859
11072,RPL35A,1,6.4766674
11073,RPL36,1,6.859156
11074,RPL37,1,5.58178
11075,RPL37A,1,6.357353
11076,RPL38,1,6.231307
11077,RPL39,1,6.325929
11078,RPL3L,3,0.31069985
11079,RPL4,1,6.843856
11080,RPL5,1,7.484217
11081,RPL6,1,5.787235
11082,RPL7A,1,7.433331
11083,RPL7L1,7,4.5309715
11084,RPL8,1,8.228291
11085,RPN1,1,6.087612
11086,RPN2,1,6.008855
11087,RPP14,4,2.6275373
11088,RPP21,7,4.672423
11089,RPP25,6,3.0523229
11090,RPP25L,7,3.9812999
11091,RPP30,6,3.1066015
11092,RPP38,4,3.1195412
11093,RPP40,8,2.536924
11094,RPRD1A,7,3.7776413
11095,RPRD1B,6,3.6044204
11096,RPRD2,9,3.2755735
11097,RPRM,5,0.86834586
11098,RPRML,3,0.38179713
11099,RPS11,1,8.217791
11100,RPS13,1,7.438451
11101,RPS14,1,6.1855645
11102,RPS15,1,6.4716
11103,RPS15A,1,5.4760823
11104,RPS16,1,7.536611
11105,RPS17,1,6.7611895
11106,RPS18,1,8.604362
11107,RPS19BP1,1,5.2504697
11108,RPS2,1,6.983651
11109,RPS20,1,6.644654
11110,RPS21,1,6.1680717
11111,RPS23,1,6.0519648
11112,RPS27A,1,5.8262568
11113,RPS27L,6,3.4833329
11114,RPS28,7,4.640195
11115,RPS5,1,6.3748283
11116,RPS6,1,7.4375005
11117,RPS6KA1,7,3.9378924
11118,RPS6KA2,6,3.2093136
11119,RPS6KA3,6,3.3627563
11120,RPS6KA4,9,3.7925034
11121,RPS6KA5,10,0.8625298
11122,RPS6KA6,5,0.94401354
11123,RPS6KB1,2,3.00928
11124,RPS6KB2,7,4.440742
11125,RPS6KC1,4,2.767265
11126,RPS6KL1,2,1.4345797
11127,RPS7,1,5.9359903
11128,RPS8,1,7.815377
11129,RPS9,1,6.8872848
11130,RPTOR,9,3.0571692
11131,RPUSD1,4,3.588053
11132,RPUSD2,4,2.681888
11133,RPUSD3,9,3.494127
11134,RPUSD4,6,3.429643
11135,RRAD,2,2.019684
11136,RRAGA,1,5.0805016
11137,RRAGB,8,3.000694
11138,RRAGC,6,3.8474798
11139,RRAGD,9,2.8814318
11140,RRAS,1,4.911267
11141,RRAS2,9,3.0603776
11142,RRBP1,1,5.499351
11143,RREB1,2,3.0987248
11144,RRH,3,0.25739804
11145,RRM1,7,4.0884266
11146,RRM2,6,3.1388872
11147,RRM2B,6,3.5058312
11148,RRN3,6,3.7142348
11149,RRP1,6,3.4685767
11150,RRP12,9,3.362956
11151,RRP15,2,2.3864846
11152,RRP1B,7,3.436604
11153,RRP36,7,4.645693
11154,RRP7A,6,3.6260297
11155,RRP8,9,2.4525635
11156,RRP9,9,3.8835666
11157,RRS1,7,3.9620588
11158,RS1,3,0.17423575
11159,RSAD1,7,3.9230382
11160,RSAD2,8,2.1135235
11161,RSBN1,8,2.530697
11162,RSBN1L,2,2.8588223
11163,RSF1,9,2.737685
11164,RSKR,5,1.3746256
11165,RSL1D1,7,4.621328
11166,RSL24D1,1,4.5335793
11167,RSPH1,8,2.1786141
11168,RSPH14,5,1.5128336
11169,RSPH4A,10,0.6675811
11170,RSPH6A,3,0.15469027
11171,RSPH9,9,3.3063576
11172,RSPO1,10,0.34715676
11173,RSPO2,3,0.49901918
11174,RSPO3,10,0.9548201
11175,RSPO4,10,0.7551324
11176,RSPRY1,9,3.1272337
11177,RSRC1,8,3.002466
11178,RSRC2,7,4.0620704
11179,RSRP1,9,3.5725827
11180,RSU1,9,4.0806637
11181,RTBDN,10,0.33649012
11182,RTCA,7,3.569063
11183,RTCB,7,4.8746753
11184,RTEL1,9,3.5748813
11185,RTF1,6,3.8127737
11186,RTF2,1,5.065041
11187,RTKN,6,3.9860861
11188,RTKN2,10,1.0779327
11189,RTL3,3,0.0905965
11190,RTL4,3,0.22464816
11191,RTL5,2,2.009816
11192,RTL6,6,3.2438982
11193,RTL9,3,0.20213641
11194,RTN1,2,2.009032
11195,RTN2,9,2.7251155
11196,RTN3,7,4.7206354
11197,RTN4,7,5.10673
11198,RTN4IP1,9,2.2175155
11199,RTN4R,4,2.4480324
11200,RTN4RL1,2,1.5142142
11201,RTN4RL2,8,2.3357353
11202,RTP1,3,0.13739163
11203,RTP2,3,0.110857375
11204,RTRAF,6,3.991858
11205,RTTN,5,1.6660689
11206,RUBCN,4,2.4357486
11207,RUBCNL,5,1.0475553
11208,RUFY1,7,4.075289
11209,RUFY2,8,2.5142434
11210,RUFY3,8,2.5744276
11211,RUFY4,10,0.47638312
11212,RUNDC1,8,2.99265
11213,RUNDC3A,10,1.1879022
11214,RUNDC3B,10,0.9551327
11215,RUNX1,4,3.1568859
11216,RUNX1T1,10,0.71895033
11217,RUNX2,8,1.6420003
11218,RUNX3,2,2.2536848
11219,RUSC1,4,3.2631528
11220,RUSC2,9,2.7871435
11221,RUSF1,7,4.9485292
11222,RUVBL1,7,4.1991587
11223,RUVBL2,1,5.0554104
11224,RWDD1,9,3.2059464
11225,RWDD2A,2,2.0753543
11226,RWDD2B,6,2.9902833
11227,RWDD3,9,3.0462854
11228,RWDD4,9,2.9363105
11229,RXFP1,3,0.42694938
11230,RXFP2,3,0.013209848
11231,RXFP4,3,0.32909623
11232,RXRA,6,3.9335358
11233,RXRB,7,4.090103
11234,RXRG,5,1.2271581
11235,RXYLT1,6,3.522101
11236,RYBP,6,3.1901734
11237,RYK,9,2.8775575
11238,RYR1,5,0.94839084
11239,RYR2,5,0.55719763
11240,RYR3,3,0.455216
11241,S100A1,7,3.6416245
11242,S100A10,1,6.130739
11243,S100A11,1,7.2616553
11244,S100A13,4,3.5375469
11245,S100A14,6,3.8552904
11246,S100A16,7,4.813526
11247,S100A3,10,1.2998617
11248,S100A4,7,4.9806147
11249,S100A5,5,0.68483996
11250,S100A6,1,6.797001
11251,S100A8,9,3.12354
11252,S100B,8,2.5035746
11253,S100G,3,0.092142366
11254,S100PBP,2,2.472612
11255,S100Z,3,0.09414056
11256,S1PR1,6,3.124411
11257,S1PR2,2,2.4563842
11258,S1PR3,4,2.161532
11259,S1PR4,10,1.608603
11260,S1PR5,2,1.1018238
11261,SAA4,5,1.1126232
11262,SAAL1,4,3.0702577
11263,SAC3D1,2,2.9859118
11264,SACM1L,9,3.0460014
11265,SACS,10,1.4411964
11266,SAE1,7,4.590244
11267,SAFB,7,4.629569
11268,SAFB2,7,4.280412
11269,SAG,10,0.22985852
11270,SALL1,5,1.8115276
11271,SALL2,2,2.114794
11272,SALL3,3,0.5074543
11273,SALL4,5,1.0123821
11274,SAMD10,9,2.8496842
11275,SAMD12,5,1.5526202
11276,SAMD13,8,1.6306471
11277,SAMD14,9,3.0051894
11278,SAMD3,3,0.6029294
11279,SAMD4A,6,2.5306222
11280,SAMD4B,6,4.041359
11281,SAMD5,8,1.6584948
11282,SAMD7,3,0.019126093
11283,SAMD8,2,2.586062
11284,SAMD9L,8,2.2535667
11285,SAMHD1,6,3.8454995
11286,SAMM50,7,4.5283017
11287,SAMSN1,8,2.0194829
11288,SANBR,4,1.9005839
11289,SAP130,4,2.9798295
11290,SAP30,7,3.3714666
11291,SAP30BP,6,4.1559443
11292,SAP30L,6,3.078596
11293,SAPCD1,8,2.4822059
11294,SAPCD2,8,2.6432323
11295,SAR1A,6,3.777986
11296,SAR1B,9,3.2622406
11297,SARAF,1,6.083868
11298,SARDH,5,1.499928
11299,SARM1,6,2.8811626
11300,SARNP,7,4.822864
11301,SARS2,9,3.5333548
11302,SART1,7,4.219978
11303,SART3,6,3.6276748
11304,SASH1,9,2.9820127
11305,SASH3,8,2.7564554
11306,SASS6,8,1.82479
11307,SAT1,1,6.996489
11308,SAT2,1,5.035442
11309,SATB1,2,2.1598735
11310,SATB2,5,1.755784
11311,SAV1,9,3.7092993
11312,SAXO2,10,0.77287513
11313,SAYSD1,9,3.555744
11314,SBDS,7,5.175234
11315,SBF1,6,3.6054494
11316,SBF2,9,2.3120189
11317,SBK1,2,1.9040353
11318,SBK2,3,0.032135233
11319,SBK3,3,0.121455155
11320,SBNO1,6,2.750483
11321,SBNO2,7,3.6559842
11322,SBSPON,8,1.5616484
11323,SC5D,2,2.8616602
11324,SCAF1,7,4.2251725
11325,SCAF11,6,3.3805761
11326,SCAF4,6,3.4338562
11327,SCAF8,9,3.263727
11328,SCAI,10,1.4431195
11329,SCAMP1,8,3.3100512
11330,SCAMP2,1,5.0828876
11331,SCAMP3,7,4.7740555
11332,SCAMP4,7,4.719992
11333,SCAMP5,8,2.8725977
11334,SCAND1,7,4.4626403
11335,SCAP,7,4.114777
11336,SCAPER,8,2.24677
11337,SCARA3,9,2.9989846
11338,SCARA5,5,0.7451846
11339,SCARB1,7,3.704145
11340,SCARB2,7,5.1058674
11341,SCARF1,8,2.453571
11342,SCARF2,4,2.3516452
11343,SCCPDH,7,4.5358195
11344,SCEL,5,0.97934556
11345,SCFD1,4,2.9935093
11346,SCFD2,4,2.9924138
11347,SCG2,10,1.7258499
11348,SCG3,3,0.82933
11349,SCG5,5,2.5154457
11350,SCGB1A1,3,0.7961824
11351,SCGB3A1,10,1.6685383
11352,SCGN,5,1.3121907
11353,SCHIP1,9,2.6437495
11354,SCIMP,8,1.4665102
11355,SCIN,2,1.6846455
11356,SCLT1,8,1.9848514
11357,SCLY,9,2.9772582
11358,SCMH1,6,3.5824964
11359,SCML4,10,0.6629727
11360,SCN10A,3,0.008647375
11361,SCN11A,3,0.12967184
11362,SCN1A,3,0.26264307
11363,SCN1B,10,1.7670672
11364,SCN2A,3,0.42103973
11365,SCN2B,10,0.6094694
11366,SCN3A,10,0.43300548
11367,SCN3B,3,0.66968757
11368,SCN4A,3,0.5737849
11369,SCN4B,10,1.8753175
11370,SCN5A,3,0.21016586
11371,SCN7A,3,0.6566887
11372,SCN8A,10,0.71889
11373,SCN9A,3,0.6964666
11374,SCNM1,6,3.740337
11375,SCNN1A,2,3.0897772
11376,SCNN1B,10,1.4719346
11377,SCNN1G,10,1.050661
11378,SCO1,4,2.562484
11379,SCO2,9,3.878912
11380,SCOC,2,2.9374754
11381,SCP2,7,4.3417964
11382,SCP2D1,3,0.0036618395
11383,SCPEP1,7,4.642464
11384,SCRG1,3,1.0759451
11385,SCRIB,7,4.0844007
11386,SCRN1,6,3.3599312
11387,SCRN2,6,3.8710613
11388,SCRN3,4,2.5126877
11389,SCRT1,3,0.21444327
11390,SCRT2,5,0.1399283
11391,SCT,10,0.72849923
11392,SCTR,10,0.7376707
11393,SCUBE1,3,0.6753145
11394,SCUBE2,6,2.1527917
11395,SCUBE3,5,1.1605725
11396,SCX,2,1.7444608
11397,SCYL1,1,4.733077
11398,SCYL2,9,3.3053715
11399,SCYL3,8,2.3839352
11400,SDAD1,9,3.4541368
11401,SDC1,1,5.1002398
11402,SDC2,7,4.370112
11403,SDC3,6,4.1858373
11404,SDC4,1,5.6930285
11405,SDCBP,7,4.5404954
11406,SDCBP2,8,2.7125678
11407,SDCCAG8,6,3.282862
11408,SDE2,4,3.2288995
11409,SDF2,7,4.5731106
11410,SDF2L1,7,4.634769
11411,SDF4,7,4.5780597
11412,SDHA,1,4.8871446
11413,SDHAF1,7,3.6312172
11414,SDHAF2,7,4.874635
11415,SDHAF3,7,3.805417
11416,SDHAF4,6,3.313462
11417,SDHB,1,5.025071
11418,SDHC,7,5.14386
11419,SDHD,6,4.635147
11420,SDK1,2,1.6379272
11421,SDK2,10,1.042157
11422,SDR16C5,10,1.2157699
11423,SDR39U1,1,4.7442503
11424,SDR42E1,5,0.8269112
11425,SDR9C7,3,0.21358071
11426,SDS,5,1.9107406
11427,SDSL,4,2.6552339
11428,SEBOX,3,0.05343113
11429,SEC11A,1,5.361157
11430,SEC11C,7,4.4257536
11431,SEC13,7,5.078265
11432,SEC14L1,6,3.636648
11433,SEC14L2,6,3.1080518
11434,SEC14L3,3,0.11105346
11435,SEC14L4,10,0.76056117
11436,SEC14L5,3,0.50028247
11437,SEC16A,7,3.9557114
11438,SEC16B,4,1.7921847
11439,SEC22A,10,2.0183678
11440,SEC22B,6,3.4632702
11441,SEC22C,6,3.1299386
11442,SEC23A,7,3.399667
11443,SEC23B,7,4.2825565
11444,SEC23IP,6,2.9809675
11445,SEC24A,9,2.9982738
11446,SEC24B,9,3.354479
11447,SEC24C,7,4.485809
11448,SEC24D,9,3.8398256
11449,SEC31A,7,4.309765
11450,SEC31B,2,1.5964996
11451,SEC61A1,1,5.50135
11452,SEC61A2,4,2.4252372
11453,SEC61B,1,5.956369
11454,SEC61G,7,4.5283694
11455,SEC62,7,4.4249663
11456,SEC63,6,3.9422357
11457,SECISBP2,6,3.2261126
11458,SECISBP2L,9,3.348993
11459,SEH1L,9,3.6139271
11460,SEL1L,6,3.9820325
11461,SEL1L2,3,0.0868968
11462,SEL1L3,9,3.8747284
11463,SELE,10,1.4647589
11464,SELENOF,1,5.7688975
11465,SELENOI,9,3.0141678
11466,SELENOK,7,4.551722
11467,SELENOM,7,4.6726537
11468,SELENON,7,4.894334
11469,SELENOO,6,3.657591
11470,SELENOP,1,5.766195
11471,SELENOS,7,4.5083323
11472,SELENOT,7,4.3182135
11473,SELENOW,1,6.361319
11474,SELL,4,2.3733273
11475,SELP,8,1.554409
11476,SEM1,7,3.9069684
11477,SEMA3A,10,0.9688496
11478,SEMA3B,9,3.0886421
11479,SEMA3C,9,2.8083441
11480,SEMA3D,5,0.9653884
11481,SEMA3E,5,0.84024817
11482,SEMA3F,6,3.03733
11483,SEMA3G,10,2.0761673
11484,SEMA4A,8,2.5431442
11485,SEMA4B,7,4.2931643
11486,SEMA4C,9,3.3015726
11487,SEMA4D,8,2.1185892
11488,SEMA4F,10,1.8471957
11489,SEMA4G,4,2.403936
11490,SEMA5A,8,2.2042243
11491,SEMA5B,5,1.3914934
11492,SEMA6A,8,2.3589697
11493,SEMA6B,2,2.4497454
11494,SEMA6C,5,1.6226695
11495,SEMA6D,10,1.4213514
11496,SEMA7A,2,2.425963
11497,SENP1,2,2.0015311
11498,SENP3,1,6.0843086
11499,SENP5,4,2.8573024
11500,SENP6,6,3.4469268
11501,SENP7,4,2.3653104
11502,SENP8,8,1.2994119
11503,SEPHS1,6,3.7098398
11504,SEPHS2,7,5.131428
11505,SEPSECS,2,2.3449311
11506,SEPTIN1,9,2.7350507
11507,SEPTIN10,9,3.7012885
11508,SEPTIN11,6,3.8843622
11509,SEPTIN12,3,0.1651153
11510,SEPTIN14,3,0.1452766
11511,SEPTIN2,7,5.1090374
11512,SEPTIN3,5,1.5282668
11513,SEPTIN5,6,3.301117
11514,SEPTIN6,2,2.843025
11515,SEPTIN7,7,4.2517943
11516,SEPTIN8,6,3.5604563
11517,SEPTIN9,1,5.0326743
11518,SERAC1,10,1.8789207
11519,SERBP1,7,4.71676
11520,SERF1A,6,3.2317183
11521,SERGEF,6,3.642539
11522,SERHL2,2,2.4938328
11523,SERINC1,1,5.3927817
11524,SERINC2,7,4.994197
11525,SERINC3,7,4.886028
11526,SERINC4,6,3.071332
11527,SERINC5,6,3.677312
11528,SERP1,1,5.069194
11529,SERP2,2,2.2274086
11530,SERPINA10,3,0.5405682
11531,SERPINA11,3,1.0449357
11532,SERPINA12,3,0.25689566
11533,SERPINA5,3,1.4889785
11534,SERPINA6,3,1.3049995
11535,SERPINA7,3,0.6460823
11536,SERPINA9,3,0.22060302
11537,SERPINB10,10,0.32865044
11538,SERPINB11,3,0.5434745
11539,SERPINB12,3,0.04718974
11540,SERPINB13,3,0.20685324
11541,SERPINB2,5,0.5363141
11542,SERPINB5,10,1.5917814
11543,SERPINB7,3,0.36879656
11544,SERPINB8,9,2.3255928
11545,SERPINC1,3,0.8839818
11546,SERPIND1,3,1.1523125
11547,SERPINE1,4,3.6675196
11548,SERPINE2,9,3.7726963
11549,SERPINE3,5,1.1045983
11550,SERPINF1,7,4.580199
11551,SERPINF2,10,2.384439
11552,SERPING1,1,5.522307
11553,SERPINH1,7,4.3267674
11554,SERPINI1,8,2.3479283
11555,SERPINI2,3,0.25954312
11556,SERTAD1,9,3.166253
11557,SERTAD2,4,3.1891394
11558,SERTAD3,6,3.0321467
11559,SERTAD4,2,1.5256318
11560,SERTM1,3,0.17975843
11561,SESN1,8,2.920046
11562,SESN2,6,3.007057
11563,SESN3,9,2.7727993
11564,SESTD1,4,2.3559768
11565,SETBP1,2,1.6909677
11566,SETD1B,2,2.893149
11567,SETD2,6,3.3703516
11568,SETD3,9,3.2563684
11569,SETD4,2,2.4066756
11570,SETD5,9,3.4491785
11571,SETD6,9,3.263757
11572,SETD7,4,2.846639
11573,SETDB1,6,3.4880767
11574,SETDB2,8,2.1982603
11575,SETX,6,3.1930642
11576,SEZ6,3,0.5937332
11577,SEZ6L,3,0.5348149
11578,SEZ6L2,7,3.8221366
11579,SF1,7,5.1497793
11580,SF3A1,7,4.489482
11581,SF3A2,7,4.712585
11582,SF3A3,7,4.268919
11583,SF3B1,7,4.6995683
11584,SF3B2,1,5.3348494
11585,SF3B3,7,3.9354203
11586,SF3B4,1,5.1965528
11587,SF3B5,1,5.7656207
11588,SF3B6,1,5.4716754
11589,SFI1,2,2.7901535
11590,SFMBT1,5,2.0558472
11591,SFMBT2,10,1.5708995
11592,SFN,7,3.9644291
11593,SFPQ,1,5.305602
11594,SFRP1,4,1.895424
11595,SFRP2,8,3.506629
11596,SFRP4,4,2.9876885
11597,SFRP5,3,0.65093285
11598,SFSWAP,6,3.716322
11599,SFT2D2,9,3.2141948
11600,SFT2D3,8,2.834337
11601,SFTA2,5,1.8863555
11602,SFTPB,10,1.4080515
11603,SFTPC,3,0.97480005
11604,SFTPD,10,1.0294536
11605,SFXN1,6,3.592693
11606,SFXN2,2,2.016773
11607,SFXN3,6,3.6458685
11608,SFXN4,7,3.9658976
11609,SFXN5,4,2.8589296
11610,SGCA,5,1.4136163
11611,SGCB,6,3.542046
11612,SGCD,10,1.3883892
11613,SGCE,2,2.536625
11614,SGCG,10,0.37739262
11615,SGCZ,3,0.01617346
11616,SGF29,6,3.523665
11617,SGIP1,10,0.78444916
11618,SGK1,6,3.817415
11619,SGK2,2,1.6347896
11620,SGK3,8,2.6967275
11621,SGMS1,2,2.471802
11622,SGMS2,8,2.479566
11623,SGO1,10,1.231619
11624,SGPL1,9,3.172078
11625,SGPP1,4,3.1743917
11626,SGPP2,9,2.260868
11627,SGSH,6,3.8136957
11628,SGSM1,5,1.1107687
11629,SGSM2,6,3.5586405
11630,SGSM3,7,4.113061
11631,SGTA,6,3.8761559
11632,SGTB,4,2.0426385
11633,SH2B1,6,3.3268027
11634,SH2B2,8,1.9216875
11635,SH2B3,6,3.151738
11636,SH2D1A,10,0.90811497
11637,SH2D2A,2,1.7276281
11638,SH2D3C,8,2.5079274
11639,SH2D4A,4,2.9114351
11640,SH2D4B,3,0.10647548
11641,SH2D5,3,0.4296885
11642,SH2D6,10,0.40869293
11643,SH2D7,2,1.1319611
11644,SH3BGRL,1,5.1844826
11645,SH3BGRL2,9,3.0689077
11646,SH3BGRL3,1,6.4889207
11647,SH3BP1,7,3.9087603
11648,SH3BP2,9,2.869703
11649,SH3BP4,6,3.7657573
11650,SH3BP5,6,3.4020777
11651,SH3BP5L,9,3.4449925
11652,SH3D19,7,4.3396077
11653,SH3GL1,1,4.8503466
11654,SH3GL2,3,0.73604065
11655,SH3GL3,3,0.36563724
11656,SH3GLB1,6,3.9426045
11657,SH3GLB2,7,4.277959
11658,SH3KBP1,6,3.3897724
11659,SH3PXD2A,8,2.9773707
11660,SH3PXD2B,4,2.9898417
11661,SH3RF1,9,3.1487203
11662,SH3RF2,10,1.5068038
11663,SH3RF3,5,1.8512701
11664,SH3TC1,2,2.6983368
11665,SH3TC2,10,0.34403273
11666,SH3YL1,6,3.049595
11667,SHANK1,3,0.27860317
11668,SHANK2,5,1.7950653
11669,SHANK3,4,2.5552263
11670,SHARPIN,6,4.1383247
11671,SHB,8,2.8404632
11672,SHBG,3,0.7459833
11673,SHC1,7,4.8444986
11674,SHC3,10,0.9004741
11675,SHC4,10,0.8111641
11676,SHCBP1,2,1.6716437
11677,SHCBP1L,3,0.019323006
11678,SHD,3,0.9804211
11679,SHE,2,1.8499498
11680,SHFL,9,3.9240081
11681,SHH,5,1.2598816
11682,SHISA2,8,1.6365212
11683,SHISA3,10,0.937394
11684,SHISA4,9,3.3843348
11685,SHISA5,1,5.314855
11686,SHISA6,5,0.7792119
11687,SHISA7,3,0.23655194
11688,SHISA8,3,0.2491095
11689,SHISA9,3,0.69372773
11690,SHISAL1,10,0.7478361
11691,SHISAL2A,5,1.1063368
11692,SHISAL2B,3,0.13960469
11693,SHKBP1,7,4.336293
11694,SHLD1,8,2.085599
11695,SHLD2,4,2.8663893
11696,SHLD3,3,0.0
11697,SHMT1,6,3.345039
11698,SHMT2,1,4.851672
11699,SHOC1,3,0.19048491
11700,SHOC2,2,2.7170045
11701,SHOX2,5,0.8924678
11702,SHPK,9,3.5394864
11703,SHPRH,2,2.0145824
11704,SHQ1,4,2.9756372
11705,SHROOM1,8,2.436441
11706,SHROOM2,2,2.0073967
11707,SHROOM3,2,2.796968
11708,SHROOM4,8,1.6342982
11709,SHTN1,6,3.2982533
11710,SI,3,0.37534228
11711,SIAE,7,3.714828
11712,SIAH2,7,3.7683353
11713,SIAH3,3,0.08633314
11714,SIDT1,10,1.6333057
11715,SIDT2,9,3.7340412
11716,SIGIRR,9,3.3721313
11717,SIGLEC1,8,1.8336121
11718,SIGLEC15,5,0.8662461
11719,SIGLECL1,3,0.013263136
11720,SIGMAR1,1,4.999423
11721,SIK1,4,2.9892669
11722,SIK2,8,3.0625017
11723,SIK3,8,3.0065212
11724,SIKE1,8,2.948396
11725,SIL1,7,4.093401
11726,SIM1,3,0.21846311
11727,SIM2,8,1.659312
11728,SIMC1,8,2.337206
11729,SIN3A,9,3.0715702
11730,SIN3B,9,3.196398
11731,SINHCAF,4,3.583621
11732,SIPA1,6,3.200224
11733,SIPA1L1,4,2.9225245
11734,SIPA1L2,4,2.6431217
11735,SIPA1L3,4,3.1762328
11736,SIRT1,8,2.901805
11737,SIRT2,7,4.4653826
11738,SIRT3,6,3.2158146
11739,SIRT4,3,0.84639114
11740,SIRT5,8,1.7180246
11741,SIRT6,9,3.7220244
11742,SIRT7,9,3.770069
11743,SIT1,5,1.6325921
11744,SIVA1,7,4.5844235
11745,SIX1,10,1.5372484
11746,SIX2,10,1.1032848
11747,SIX3,10,0.29977804
11748,SIX4,5,1.2467605
11749,SIX5,6,3.1971538
11750,SIX6,3,0.11692762
11751,SKA1,2,1.6026931
11752,SKA2,9,3.5801942
11753,SKA3,2,2.0406477
11754,SKAP1,2,2.1064277
11755,SKAP2,6,3.3822374
11756,SKI,7,3.97859
11757,SKIDA1,10,0.56250006
11758,SKIL,9,3.2209764
11759,SKOR1,3,0.36739197
11760,SKOR2,3,0.068390444
11761,SKP1,6,3.9498055
11762,SKP2,8,2.0163953
11763,SLA,8,2.5304005
11764,SLA2,4,2.6183653
11765,SLAIN1,5,2.0682395
11766,SLAIN2,9,3.4079628
11767,SLAMF1,5,0.94817305
11768,SLAMF8,9,2.5765095
11769,SLAMF9,10,0.68081933
11770,SLBP,7,4.432831
11771,SLC10A1,5,0.45778748
11772,SLC10A2,3,0.36453658
11773,SLC10A3,6,3.691173
11774,SLC10A5,10,1.1061392
11775,SLC10A6,10,0.5855135
11776,SLC10A7,8,1.8771064
11777,SLC11A1,2,2.0823877
11778,SLC11A2,6,3.505176
11779,SLC12A1,3,0.23960504
11780,SLC12A2,6,3.568624
11781,SLC12A3,10,0.15158539
11782,SLC12A4,6,3.5640213
11783,SLC12A5,3,0.5730591
11784,SLC12A6,4,2.5810833
11785,SLC12A7,7,4.018274
11786,SLC12A8,4,2.4487193
11787,SLC12A9,6,3.6191704
11788,SLC13A1,3,0.27249628
11789,SLC13A2,10,0.68138355
11790,SLC13A3,10,1.8623563
11791,SLC13A4,10,0.799336
11792,SLC13A5,5,0.8213103
11793,SLC14A1,5,1.1559597
11794,SLC15A1,5,0.9570691
11795,SLC15A2,5,1.6439542
11796,SLC15A3,6,3.5280585
11797,SLC15A4,6,3.668868
11798,SLC15A5,3,0.025014792
11799,SLC16A1,6,3.5471778
11800,SLC16A10,5,0.9019532
11801,SLC16A11,5,1.358791
11802,SLC16A12,3,0.7364277
11803,SLC16A13,4,2.4244616
11804,SLC16A14,5,1.5305818
11805,SLC16A2,8,2.7050827
11806,SLC16A3,6,3.3566859
11807,SLC16A4,4,2.751805
11808,SLC16A6,8,1.396062
11809,SLC16A7,5,1.0379448
11810,SLC16A8,3,0.6592789
11811,SLC16A9,5,1.7932253
11812,SLC17A1,3,0.63911706
11813,SLC17A2,3,0.37192523
11814,SLC17A3,3,0.67682666
11815,SLC17A4,3,0.7717492
11816,SLC17A5,7,3.720665
11817,SLC17A6,3,0.08132648
11818,SLC17A7,3,0.6817371
11819,SLC17A8,3,0.14809528
11820,SLC17A9,9,2.4502227
11821,SLC18A1,10,0.31922838
11822,SLC18A2,9,2.2811317
11823,SLC18A3,3,0.2325111
11824,SLC18B1,4,3.090867
11825,SLC19A1,6,3.4434
11826,SLC19A2,9,3.0358267
11827,SLC19A3,10,0.9697569
11828,SLC1A1,9,2.6352687
11829,SLC1A2,5,0.90370077
11830,SLC1A3,2,2.1308746
11831,SLC1A4,6,3.648589
11832,SLC1A5,7,4.58956
11833,SLC1A6,3,0.17383988
11834,SLC1A7,5,0.9485627
11835,SLC20A1,6,3.8328068
11836,SLC20A2,6,3.0886881
11837,SLC22A1,3,0.67040604
11838,SLC22A12,3,0.39429384
11839,SLC22A14,3,0.14432326
11840,SLC22A15,10,1.3023477
11841,SLC22A17,9,3.8555863
11842,SLC22A2,3,0.53940445
11843,SLC22A23,2,2.8994634
11844,SLC22A3,4,2.104125
11845,SLC22A4,2,1.6714612
11846,SLC22A6,3,0.31516847
11847,SLC22A7,3,0.64397854
11848,SLC22A8,3,0.1113335
11849,SLC23A1,5,1.2826315
11850,SLC23A2,2,3.0335543
11851,SLC23A3,3,1.1977526
11852,SLC24A1,8,2.0145926
11853,SLC24A2,3,0.36645088
11854,SLC24A3,2,1.8937112
11855,SLC24A4,10,0.32552034
11856,SLC24A5,8,1.696267
11857,SLC25A1,7,5.1505613
11858,SLC25A10,9,3.6189861
11859,SLC25A11,7,3.9429958
11860,SLC25A12,2,2.4447646
11861,SLC25A13,6,3.7437057
11862,SLC25A14,4,2.6320333
11863,SLC25A15,2,1.9271209
11864,SLC25A16,8,2.5529668
11865,SLC25A17,9,3.6189396
11866,SLC25A18,10,1.0777618
11867,SLC25A19,2,2.2410479
11868,SLC25A2,3,0.2098307
11869,SLC25A20,7,3.5947628
11870,SLC25A21,5,1.0030633
11871,SLC25A22,4,3.0706475
11872,SLC25A23,7,4.4978414
11873,SLC25A24,4,2.8109305
11874,SLC25A25,9,3.2451665
11875,SLC25A26,6,3.5666862
11876,SLC25A27,4,1.8091446
11877,SLC25A28,6,3.6356375
11878,SLC25A29,6,3.384262
11879,SLC25A3,1,5.0337286
11880,SLC25A30,9,2.5721436
11881,SLC25A31,3,0.02312341
11882,SLC25A32,9,3.4666064
11883,SLC25A33,2,2.2701726
11884,SLC25A34,10,1.0463749
11885,SLC25A35,9,3.026226
11886,SLC25A36,4,2.9694963
11887,SLC25A37,4,3.408153
11888,SLC25A38,7,3.8403685
11889,SLC25A39,7,4.918812
11890,SLC25A4,6,3.540889
11891,SLC25A40,4,2.650903
11892,SLC25A41,10,0.53353727
11893,SLC25A42,9,2.6925185
11894,SLC25A43,9,3.3481402
11895,SLC25A44,2,2.83783
11896,SLC25A45,2,2.5793853
11897,SLC25A46,9,3.3603866
11898,SLC25A47,3,0.54102814
11899,SLC25A48,3,0.3677348
11900,SLC25A5,1,6.5012
11901,SLC25A53,10,0.7922475
11902,SLC26A1,5,1.2513727
11903,SLC26A11,2,2.9128983
11904,SLC26A2,8,2.6068661
11905,SLC26A3,10,0.6677494
11906,SLC26A4,5,0.95999885
11907,SLC26A5,3,0.29230708
11908,SLC26A6,9,2.999638
11909,SLC26A7,3,0.6189596
11910,SLC26A8,10,0.3028137
11911,SLC26A9,10,0.79124
11912,SLC27A1,6,3.1526928
11913,SLC27A2,4,2.6463783
11914,SLC27A3,6,3.4317825
11915,SLC27A4,9,3.382204
11916,SLC27A5,4,2.8138633
11917,SLC27A6,3,0.57435614
11918,SLC28A1,3,0.7842418
11919,SLC28A3,5,0.77609974
11920,SLC29A1,4,3.390074
11921,SLC29A2,6,2.7069457
11922,SLC29A3,2,2.7981312
11923,SLC29A4,2,1.8886997
11924,SLC2A1,7,4.3066916
11925,SLC2A10,6,3.0273776
11926,SLC2A12,10,1.4845777
11927,SLC2A13,2,1.8154591
11928,SLC2A2,5,0.8735551
11929,SLC2A4,2,1.0373743
11930,SLC2A5,5,1.699158
11931,SLC2A6,8,2.153084
11932,SLC2A7,3,0.055120103
11933,SLC2A8,6,3.2887962
11934,SLC2A9,2,1.5537577
11935,SLC30A1,4,3.3566074
11936,SLC30A10,10,0.47602874
11937,SLC30A2,3,0.81199294
11938,SLC30A3,10,0.49583775
11939,SLC30A4,8,2.0021772
11940,SLC30A5,6,3.7022092
11941,SLC30A6,4,3.1354198
11942,SLC30A7,2,2.852211
11943,SLC30A8,3,0.34268963
11944,SLC30A9,4,3.6578612
11945,SLC31A1,9,3.6004176
11946,SLC31A2,4,3.3623643
11947,SLC32A1,3,0.12233477
11948,SLC33A1,9,2.894271
11949,SLC34A1,3,0.16550809
11950,SLC34A2,10,2.1096265
11951,SLC34A3,10,0.40945363
11952,SLC35A1,7,3.8136554
11953,SLC35A2,7,3.664706
11954,SLC35A3,2,2.2913308
11955,SLC35A4,7,4.564573
11956,SLC35A5,4,2.7645833
11957,SLC35B1,7,4.6425886
11958,SLC35B2,7,4.841272
11959,SLC35B3,2,2.5628006
11960,SLC35B4,8,2.5709193
11961,SLC35C1,6,3.5767303
11962,SLC35C2,4,3.217775
11963,SLC35D1,6,2.8830864
11964,SLC35D2,9,3.291546
11965,SLC35D3,3,0.36484647
11966,SLC35E1,6,4.0638986
11967,SLC35E2B,9,3.2111542
11968,SLC35E3,5,1.5197688
11969,SLC35E4,2,2.0643651
11970,SLC35F1,10,1.0195613
11971,SLC35F2,9,3.082797
11972,SLC35F3,10,0.6643833
11973,SLC35F4,3,0.21742812
11974,SLC35F5,8,2.7108846
11975,SLC35F6,6,4.17478
11976,SLC35G1,4,1.7866352
11977,SLC35G2,5,1.3918656
11978,SLC36A1,9,2.3455162
11979,SLC36A2,3,0.07352461
11980,SLC36A3,3,0.016996695
11981,SLC36A4,8,1.9853859
11982,SLC37A1,8,3.0372953
11983,SLC37A2,2,2.3052332
11984,SLC37A4,6,4.0670495
11985,SLC38A1,6,3.3421474
11986,SLC38A10,7,4.5690756
11987,SLC38A11,5,0.9883131
11988,SLC38A2,7,4.639441
11989,SLC38A3,5,1.4020046
11990,SLC38A4,3,0.77159184
11991,SLC38A5,8,2.3822386
11992,SLC38A6,4,2.753052
11993,SLC38A7,8,2.6095583
11994,SLC38A8,3,0.1709387
11995,SLC38A9,5,1.9341847
11996,SLC39A1,1,4.6884184
11997,SLC39A10,4,2.4622147
11998,SLC39A11,4,3.5215385
11999,SLC39A12,3,0.26136786
12000,SLC39A13,6,3.372176
12001,SLC39A14,6,3.6982598
12002,SLC39A2,3,0.49786237
12003,SLC39A3,9,2.9918404
12004,SLC39A4,4,3.2490773
12005,SLC39A5,10,1.675391
12006,SLC39A6,7,4.498315
12007,SLC39A7,7,5.512119
12008,SLC39A8,4,2.9800463
12009,SLC39A9,7,4.1551666
12010,SLC3A1,4,2.8554852
12011,SLC3A2,1,5.227636
12012,SLC40A1,7,4.6082797
12013,SLC41A1,4,3.1644301
12014,SLC41A2,2,2.340631
12015,SLC41A3,9,3.665766
12016,SLC43A1,4,2.824413
12017,SLC43A2,8,2.6346393
12018,SLC43A3,9,3.8140395
12019,SLC44A1,6,3.66061
12020,SLC44A2,7,4.916866
12021,SLC44A3,4,3.0977142
12022,SLC44A4,9,3.1629422
12023,SLC44A5,10,1.0364312
12024,SLC45A1,2,1.3945391
12025,SLC45A2,3,0.78611135
12026,SLC45A3,4,2.3935976
12027,SLC45A4,2,2.2448506
12028,SLC46A1,6,3.3731828
12029,SLC46A2,5,0.561106
12030,SLC46A3,9,2.7709377
12031,SLC47A1,4,2.3051906
12032,SLC48A1,9,3.6130993
12033,SLC49A4,9,2.7914572
12034,SLC4A1,3,0.1827389
12035,SLC4A10,3,0.31808615
12036,SLC4A11,5,1.8120412
12037,SLC4A1AP,9,3.3424876
12038,SLC4A2,7,4.369814
12039,SLC4A3,10,1.6598232
12040,SLC4A4,8,2.3038676
12041,SLC4A5,8,1.7915261
12042,SLC4A7,4,2.2733636
12043,SLC4A8,5,0.8547612
12044,SLC4A9,3,0.13645352
12045,SLC50A1,7,4.574177
12046,SLC51A,2,2.5128717
12047,SLC51B,10,1.3647699
12048,SLC52A3,10,1.5052948
12049,SLC5A1,2,1.7047994
12050,SLC5A10,2,2.1586637
12051,SLC5A11,10,0.43631348
12052,SLC5A12,3,0.53360313
12053,SLC5A2,1,4.723686
12054,SLC5A3,2,2.644
12055,SLC5A4,5,0.60369664
12056,SLC5A5,3,0.44074714
12057,SLC5A6,4,3.5824034
12058,SLC5A7,3,0.11858313
12059,SLC5A8,10,0.8429499
12060,SLC5A9,10,1.1635314
12061,SLC66A1,6,3.3047745
12062,SLC66A2,6,3.900505
12063,SLC6A1,3,1.0510457
12064,SLC6A11,5,0.7705708
12065,SLC6A12,10,1.2847337
12066,SLC6A13,10,1.0580398
12067,SLC6A15,3,0.38685313
12068,SLC6A17,10,0.6963892
12069,SLC6A18,10,0.23390268
12070,SLC6A19,3,0.6036943
12071,SLC6A2,3,0.10884902
12072,SLC6A3,10,0.6535265
12073,SLC6A4,5,0.33612752
12074,SLC6A5,3,0.016960187
12075,SLC6A6,4,3.0363069
12076,SLC6A7,3,0.29213995
12077,SLC6A9,8,2.1365542
12078,SLC7A1,9,3.3649914
12079,SLC7A10,3,0.9495307
12080,SLC7A11,10,1.6259181
12081,SLC7A13,3,0.10663839
12082,SLC7A14,3,0.16751686
12083,SLC7A2,9,2.6038089
12084,SLC7A3,3,0.37277725
12085,SLC7A4,10,0.9129966
12086,SLC7A5,9,3.8356678
12087,SLC7A6,6,3.0004833
12088,SLC7A6OS,6,3.3506389
12089,SLC7A7,8,3.051016
12090,SLC7A8,9,3.5550117
12091,SLC7A9,5,1.1609671
12092,SLC8A1,10,1.0858035
12093,SLC8A2,3,0.47406462
12094,SLC8A3,3,0.2540819
12095,SLC8B1,8,3.1295052
12096,SLC9A1,6,3.4722595
12097,SLC9A2,10,1.0822035
12098,SLC9A3,2,1.5112423
12099,SLC9A4,3,0.21293518
12100,SLC9A5,10,1.4642415
12101,SLC9A6,8,2.5158195
12102,SLC9A7,9,2.2027154
12103,SLC9A8,9,2.8559153
12104,SLC9A9,2,2.0589561
12105,SLC9B1,9,2.1893082
12106,SLC9B2,5,2.1248813
12107,SLC9C1,3,0.18053915
12108,SLCO1C1,10,0.60984373
12109,SLCO2A1,9,3.287007
12110,SLCO2B1,9,3.669063
12111,SLCO3A1,8,2.5787435
12112,SLCO4A1,4,2.3872895
12113,SLCO4C1,3,1.0130986
12114,SLCO5A1,5,0.53076506
12115,SLF1,5,1.5943807
12116,SLF2,2,2.6062002
12117,SLFN14,3,0.036230985
12118,SLFN5,4,2.5615687
12119,SLFNL1,3,0.44386846
12120,SLIRP,7,4.27193
12121,SLIT1,5,0.9929026
12122,SLIT2,8,1.6078241
12123,SLIT3,8,2.2461755
12124,SLITRK1,3,0.22077888
12125,SLITRK2,3,0.51840776
12126,SLITRK3,3,0.41713527
12127,SLITRK4,3,0.6544752
12128,SLITRK5,10,0.37175253
12129,SLITRK6,5,0.930306
12130,SLK,6,3.4025686
12131,SLMAP,4,2.52809
12132,SLPI,1,4.613331
12133,SLTM,7,4.067845
12134,SLU7,6,3.3927536
12135,SLURP1,3,0.3494823
12136,SLX4,2,1.8283656
12137,SLX4IP,8,2.0494957
12138,SMAD1,8,2.0067003
12139,SMAD2,8,2.0323648
12140,SMAD3,9,3.3690875
12141,SMAD4,4,3.1167173
12142,SMAD5,6,3.2638512
12143,SMAD6,5,2.3720615
12144,SMAD7,9,2.870315
12145,SMAGP,2,2.7572951
12146,SMAP1,6,3.6035488
12147,SMAP2,7,4.1521225
12148,SMARCA1,6,3.605137
12149,SMARCA2,4,3.0849562
12150,SMARCA4,7,4.183263
12151,SMARCA5,6,3.7786012
12152,SMARCAD1,6,2.985613
12153,SMARCAL1,4,3.1452668
12154,SMARCB1,7,3.8814554
12155,SMARCC1,7,4.05368
12156,SMARCC2,7,4.0904026
12157,SMARCD1,6,4.1433744
12158,SMARCD2,7,4.588278
12159,SMARCD3,9,3.389856
12160,SMARCE1,9,3.436977
12161,SMC1A,9,3.5455563
12162,SMC1B,5,0.31457797
12163,SMC2,2,2.260234
12164,SMC3,9,3.510081
12165,SMC4,6,3.3623097
12166,SMC5,6,2.897111
12167,SMC6,2,2.7977755
12168,SMCHD1,6,2.9646544
12169,SMCO1,3,0.046415824
12170,SMCO3,3,0.6129287
12171,SMCO4,5,2.1905985
12172,SMCR8,6,2.9126008
12173,SMDT1,9,3.285509
12174,SMG1,9,3.0179675
12175,SMG5,6,4.465823
12176,SMG6,6,3.2918243
12177,SMG7,7,3.9211388
12178,SMG8,4,2.9495807
12179,SMG9,9,2.9072173
12180,SMIM1,5,1.0724243
12181,SMIM10L1,6,3.0380888
12182,SMIM11,2,1.3992069
12183,SMIM12,9,2.5877194
12184,SMIM13,2,2.54042
12185,SMIM14,9,3.4820535
12186,SMIM15,6,3.63536
12187,SMIM17,3,0.24225576
12188,SMIM18,10,0.14532414
12189,SMIM19,4,2.974888
12190,SMIM20,7,4.258276
12191,SMIM22,8,2.460599
12192,SMIM24,5,2.0663097
12193,SMIM3,6,3.6479568
12194,SMIM30,7,4.512206
12195,SMIM31,10,1.0529314
12196,SMIM34,10,0.0
12197,SMIM38,3,0.0
12198,SMIM43,3,0.0
12199,SMIM44,3,0.0
12200,SMIM45,10,0.42595518
12201,SMIM5,10,0.6232888
12202,SMIM7,7,4.8117137
12203,SMIM8,10,1.3701923
12204,SMNDC1,4,2.9696515
12205,SMO,4,3.0890853
12206,SMOC1,5,1.8927835
12207,SMOC2,6,3.1569097
12208,SMOX,9,2.4878492
12209,SMPD1,6,4.1745286
12210,SMPD2,6,3.267356
12211,SMPD3,2,1.6128347
12212,SMPD4,7,4.0637193
12213,SMPDL3A,9,3.5893161
12214,SMPDL3B,6,2.6230483
12215,SMPX,3,0.13797264
12216,SMS,7,4.937902
12217,SMTN,9,3.4910839
12218,SMTNL1,3,0.511815
12219,SMTNL2,3,0.7899183
12220,SMU1,6,3.3753433
12221,SMUG1,4,2.5996215
12222,SMURF1,6,3.3411322
12223,SMURF2,8,2.927407
12224,SMYD1,3,0.24739484
12225,SMYD2,7,4.117296
12226,SMYD3,9,3.3622708
12227,SMYD4,2,2.3934262
12228,SMYD5,7,3.8189497
12229,SNAI1,4,2.2682393
12230,SNAI2,2,2.7828
12231,SNAI3,5,1.2562579
12232,SNAP23,9,4.0285063
12233,SNAP25,10,1.1876065
12234,SNAP29,6,3.5909817
12235,SNAP47,4,2.890997
12236,SNAP91,10,0.4892508
12237,SNAPC1,8,2.5397992
12238,SNAPC2,9,3.7802482
12239,SNAPC3,2,3.194544
12240,SNAPC4,4,2.6249
12241,SNAPC5,6,3.771654
12242,SNAPIN,7,4.3030267
12243,SNCA,10,1.3965857
12244,SNCAIP,10,1.1286608
12245,SNCB,3,0.4508134
12246,SNCG,8,2.6489124
12247,SND1,1,5.4720926
12248,SNED1,2,2.330751
12249,SNF8,7,4.4541707
12250,SNIP1,4,2.6424658
12251,SNN,2,2.6940746
12252,SNORC,2,2.369286
12253,SNPH,5,1.3897722
12254,SNRK,4,3.0947735
12255,SNRNP200,7,4.78983
12256,SNRNP25,7,4.530043
12257,SNRNP27,6,3.7886786
12258,SNRNP35,6,3.5924802
12259,SNRNP40,7,3.9497838
12260,SNRNP48,8,2.5558813
12261,SNRNP70,1,5.2763386
12262,SNRPA,7,4.6010723
12263,SNRPA1,6,4.028253
12264,SNRPB,1,5.871622
12265,SNRPB2,4,3.8157783
12266,SNRPC,7,5.1249313
12267,SNRPD1,2,3.3047912
12268,SNRPD2,1,5.788398
12269,SNRPD3,7,4.0024
12270,SNRPE,7,4.0100613
12271,SNRPF,6,4.1953225
12272,SNRPN,7,4.606598
12273,SNTA1,6,3.5770338
12274,SNTB1,6,3.3425188
12275,SNTB2,9,2.6223066
12276,SNTG1,3,0.19374475
12277,SNTG2,3,0.31559402
12278,SNTN,3,0.1508502
12279,SNU13,1,5.0389686
12280,SNUPN,9,3.2690349
12281,SNURF,1,5.758522
12282,SNW1,7,4.4828424
12283,SNX1,6,3.9510093
12284,SNX10,9,2.8443127
12285,SNX11,9,3.1249201
12286,SNX12,7,4.367355
12287,SNX13,9,2.5562494
12288,SNX14,6,3.4501553
12289,SNX15,6,3.744796
12290,SNX16,2,1.9958206
12291,SNX17,1,5.126901
12292,SNX18,9,2.9336932
12293,SNX19,9,2.788056
12294,SNX2,9,3.4439063
12295,SNX20,5,1.4554725
12296,SNX21,9,3.1492171
12297,SNX22,1,5.706424
12298,SNX24,9,2.9749365
12299,SNX25,2,2.7414994
12300,SNX27,6,3.2686858
12301,SNX29,4,2.5115993
12302,SNX3,1,5.4352436
12303,SNX30,4,2.740477
12304,SNX31,3,0.31837606
12305,SNX32,7,5.070874
12306,SNX33,4,3.2180667
12307,SNX4,6,3.921115
12308,SNX5,7,4.6371593
12309,SNX6,6,4.1283054
12310,SNX7,7,3.5592172
12311,SNX8,6,3.4051514
12312,SNX9,7,3.6576426
12313,SOAT1,9,3.1651063
12314,SOAT2,5,0.37917843
12315,SOBP,10,1.1618316
12316,SOCS1,8,1.1629151
12317,SOCS2,2,2.4023905
12318,SOCS3,7,4.3376327
12319,SOCS4,4,2.4072511
12320,SOCS5,8,2.605348
12321,SOCS6,4,2.6843202
12322,SOCS7,4,2.4254222
12323,SOD1,1,6.3408012
12324,SOD2,7,4.309476
12325,SOD3,6,3.3466716
12326,SON,9,4.30831
12327,SORBS1,4,2.713222
12328,SORBS2,5,2.1175013
12329,SORBS3,7,4.3507867
12330,SORCS1,3,0.7667202
12331,SORCS2,10,1.6477277
12332,SORCS3,3,0.44211763
12333,SORD,7,3.8800933
12334,SORL1,9,3.3210833
12335,SORT1,6,4.1162357
12336,SOS1,4,2.731869
12337,SOS2,4,3.175771
12338,SOST,3,0.11444061
12339,SOSTDC1,10,1.0044595
12340,SOWAHA,5,1.5050105
12341,SOWAHB,8,1.706842
12342,SOWAHC,4,3.0151525
12343,SOWAHD,5,1.0506016
12344,SOX1,3,0.30987924
12345,SOX10,3,1.409989
12346,SOX11,5,0.71506846
12347,SOX12,6,3.2762833
12348,SOX13,6,3.4843647
12349,SOX14,3,0.38877347
12350,SOX15,10,1.4224669
12351,SOX17,10,1.5511372
12352,SOX18,4,2.8596897
12353,SOX2,10,1.6470716
12354,SOX21,3,0.7544542
12355,SOX3,3,0.23591743
12356,SOX30,3,0.3012593
12357,SOX4,7,4.419774
12358,SOX5,10,1.0403883
12359,SOX6,2,1.2382857
12360,SOX7,8,1.9406204
12361,SOX8,10,1.4367183
12362,SOX9,7,4.135777
12363,SP1,6,3.8974748
12364,SP2,7,3.5121503
12365,SP3,9,3.1628356
12366,SP4,8,1.959314
12367,SP5,10,1.3928679
12368,SP6,10,1.3504049
12369,SP7,3,0.076341316
12370,SP8,10,0.45606858
12371,SP9,3,0.1773926
12372,SPA17,2,1.7783445
12373,SPAAR,10,1.0639877
12374,SPACA1,10,0.01361679
12375,SPACA3,3,0.24583164
12376,SPACA4,5,0.5801483
12377,SPACA6,10,2.0257206
12378,SPACA9,2,2.2553294
12379,SPAG1,4,2.486114
12380,SPAG16,4,2.2555635
12381,SPAG17,10,0.81514525
12382,SPAG4,2,2.1604548
12383,SPAG5,9,2.9587922
12384,SPAG7,7,4.268378
12385,SPAG8,2,1.752032
12386,SPAG9,6,3.6416116
12387,SPARC,1,6.5776143
12388,SPARCL1,7,4.630837
12389,SPAST,8,2.7762685
12390,SPATA1,3,0.0
12391,SPATA13,9,3.0443673
12392,SPATA16,3,0.014421772
12393,SPATA17,10,0.7477065
12394,SPATA18,2,1.8312197
12395,SPATA19,10,0.029898347
12396,SPATA2,8,2.6877553
12397,SPATA20,7,4.220266
12398,SPATA22,3,0.273705
12399,SPATA24,4,2.0934167
12400,SPATA25,2,1.2028717
12401,SPATA2L,6,2.8931181
12402,SPATA4,10,0.32132116
12403,SPATA45,3,0.38670623
12404,SPATA46,3,0.22286618
12405,SPATA6,8,2.1793895
12406,SPATA6L,10,1.5124077
12407,SPATA7,4,2.580033
12408,SPATA9,10,1.1802133
12409,SPATC1,3,0.33719495
12410,SPATC1L,6,2.2802832
12411,SPATS1,3,0.09920189
12412,SPATS2,4,2.7330909
12413,SPATS2L,6,3.4164698
12414,SPC24,2,2.6108768
12415,SPC25,5,2.0073416
12416,SPCS1,7,4.436691
12417,SPCS2,9,4.1988993
12418,SPDEF,10,2.1790972
12419,SPDL1,4,2.3058534
12420,SPDYA,7,4.1811013
12421,SPECC1,10,1.9760994
12422,SPECC1L,4,3.3642476
12423,SPEF1,5,0.9815968
12424,SPEF2,10,1.0482256
12425,SPEG,5,1.182259
12426,SPEM1,3,0.031666417
12427,SPEM2,3,0.05199987
12428,SPEN,9,3.1857004
12429,SPG11,9,3.374613
12430,SPG21,7,3.988505
12431,SPG7,7,3.7577562
12432,SPHK1,8,2.4826148
12433,SPHK2,2,2.737994
12434,SPHKAP,3,0.13029532
12435,SPI1,4,2.8013978
12436,SPIB,10,0.9819031
12437,SPIC,3,0.13763136
12438,SPICE1,4,2.1707811
12439,SPIDR,6,3.7317028
12440,SPIN1,9,3.0459876
12441,SPIN4,8,2.0441353
12442,SPINDOC,9,3.444826
12443,SPINK1,10,2.4848948
12444,SPINK13,3,0.51488614
12445,SPINK14,3,0.09069996
12446,SPINK4,5,0.9383927
12447,SPINK5,10,1.1300967
12448,SPINK6,10,0.21781835
12449,SPINK7,3,0.2498542
12450,SPINK8,10,0.53417
12451,SPINT1,7,4.2521157
12452,SPINT2,1,5.669709
12453,SPIRE1,6,3.053053
12454,SPIRE2,4,2.2939658
12455,SPN,2,1.6178397
12456,SPNS1,7,4.3858967
12457,SPNS2,4,3.0741532
12458,SPNS3,10,1.1188225
12459,SPO11,3,0.003858244
12460,SPOCK1,9,2.7768006
12461,SPOCK2,4,3.26768
12462,SPOCK3,3,0.7471654
12463,SPON1,9,2.7177918
12464,SPON2,9,3.9878097
12465,SPOPL,4,2.840409
12466,SPOUT1,9,3.6156693
12467,SPP1,1,4.9059753
12468,SPP2,3,0.26843637
12469,SPPL2A,6,3.4028397
12470,SPPL2B,9,3.6110935
12471,SPPL2C,3,0.027596299
12472,SPPL3,7,4.00987
12473,SPR,7,4.529055
12474,SPRED1,4,3.125845
12475,SPRED2,6,3.6597047
12476,SPRED3,5,1.0052102
12477,SPRING1,9,3.2615895
12478,SPRN,5,1.7884512
12479,SPRR4,3,0.09708088
12480,SPRTN,8,2.1483111
12481,SPRY1,6,3.2756505
12482,SPRY2,9,2.9418833
12483,SPRY4,8,2.7338974
12484,SPRYD3,7,4.3332734
12485,SPRYD4,2,2.2826948
12486,SPRYD7,4,2.7930765
12487,SPSB1,4,2.7925265
12488,SPSB2,9,2.574005
12489,SPSB3,6,3.8427064
12490,SPSB4,10,0.46393123
12491,SPTA1,3,0.123289175
12492,SPTAN1,1,4.8889823
12493,SPTB,5,0.9625317
12494,SPTBN1,7,4.7228794
12495,SPTBN2,9,2.1435623
12496,SPTBN4,3,0.7530702
12497,SPTBN5,5,0.82520515
12498,SPTLC1,9,3.291963
12499,SPTLC2,9,3.5164216
12500,SPTLC3,8,1.9381711
12501,SPTSSA,7,4.3781357
12502,SPTSSB,3,0.8079008
12503,SPTY2D1,9,3.0721474
12504,SPX,5,1.2062342
12505,SQLE,7,3.8090894
12506,SQOR,9,3.775161
12507,SQSTM1,1,6.3469434
12508,SRA1,7,4.735582
12509,SRBD1,9,2.8236372
12510,SRC,6,3.460067
12511,SRCAP,7,4.3429546
12512,SRCIN1,2,1.6008294
12513,SRD5A1,2,2.3852327
12514,SRD5A2,3,0.51917505
12515,SRD5A3,2,3.1023183
12516,SREBF1,7,4.5701995
12517,SREBF2,6,4.500548
12518,SREK1IP1,4,2.6608117
12519,SRF,7,3.9336627
12520,SRFBP1,4,2.7175055
12521,SRGAP1,5,1.4846025
12522,SRGAP3,8,1.5157088
12523,SRGN,7,5.0693226
12524,SRI,7,4.596225
12525,SRM,7,5.170288
12526,SRMS,10,0.71360034
12527,SRP14,1,6.137041
12528,SRP19,6,2.9887385
12529,SRP68,7,4.6362095
12530,SRP72,1,4.452681
12531,SRP9,7,5.3951135
12532,SRPK1,6,3.7626565
12533,SRPK2,9,3.2338896
12534,SRPK3,9,2.506101
12535,SRPRB,7,4.528421
12536,SRPX,4,2.8904102
12537,SRPX2,8,1.5769957
12538,SRR,9,3.4488022
12539,SRRM1,7,4.1980963
12540,SRRM2,1,5.2421517
12541,SRRM3,10,1.3793784
12542,SRRM4,3,0.15275611
12543,SRRT,7,4.6193166
12544,SRSF1,7,4.621325
12545,SRSF10,6,3.6124547
12546,SRSF11,7,4.5406957
12547,SRSF12,10,1.0152637
12548,SRSF2,7,5.152134
12549,SRSF3,7,4.9497943
12550,SRSF4,9,4.7943635
12551,SRSF5,7,4.5721154
12552,SRSF6,7,4.7159896
12553,SRSF7,7,4.9168262
12554,SRSF9,1,5.5826993
12555,SRXN1,6,4.1540203
12556,SS18,7,4.152132
12557,SS18L1,9,2.8593624
12558,SS18L2,4,2.9435687
12559,SSB,7,4.872781
12560,SSBP1,6,4.1938896
12561,SSBP2,8,1.9794242
12562,SSBP3,6,4.0353913
12563,SSBP4,6,3.8007023
12564,SSC4D,10,1.1805897
12565,SSC5D,2,1.9651568
12566,SSH1,9,2.618146
12567,SSH2,4,2.3353345
12568,SSH3,6,3.8043296
12569,SSMEM1,3,0.026709318
12570,SSNA1,1,5.0992546
12571,SSPN,4,2.6614566
12572,SSR1,7,4.11007
12573,SSR2,1,6.0771604
12574,SSR3,7,4.8697014
12575,SSR4,1,5.93497
12576,SSRP1,7,5.0677204
12577,SST,10,0.8952501
12578,SSTR1,2,1.1874224
12579,SSTR2,5,0.96961504
12580,SSTR3,3,0.24635264
12581,SSTR4,3,0.010030347
12582,SSTR5,3,0.18759587
12583,SSU72,6,4.328407
12584,SSUH2,10,0.68709576
12585,SSX2IP,4,2.0963984
12586,ST13,7,5.057366
12587,ST14,1,4.583831
12588,ST18,3,0.31336108
12589,ST3GAL1,4,2.53665
12590,ST3GAL2,8,2.4385967
12591,ST3GAL3,8,2.209738
12592,ST3GAL4,2,2.3394349
12593,ST3GAL5,4,2.645009
12594,ST3GAL6,5,1.4713907
12595,ST6GAL1,9,3.6272986
12596,ST6GAL2,10,1.0679313
12597,ST6GALNAC1,2,1.9011494
12598,ST6GALNAC3,5,1.1878403
12599,ST6GALNAC4,6,3.1979623
12600,ST6GALNAC5,10,0.9930633
12601,ST6GALNAC6,9,3.5724707
12602,ST7,4,3.0732608
12603,ST7L,9,2.4631915
12604,ST8SIA1,10,0.9264487
12605,ST8SIA2,3,0.30786017
12606,ST8SIA3,3,0.15238218
12607,ST8SIA4,8,1.9200311
12608,ST8SIA5,5,0.30668056
12609,ST8SIA6,3,0.554524
12610,STAB1,4,3.1969745
12611,STAB2,3,0.24437433
12612,STAC,10,1.1282701
12613,STAC2,10,0.95966244
12614,STAC3,2,2.0923147
12615,STAG1,9,3.1229432
12616,STAG2,7,3.6903043
12617,STAG3,5,2.201162
12618,STAM,8,3.185325
12619,STAM2,9,3.1449225
12620,STAMBP,4,2.6738944
12621,STAMBPL1,10,1.2261631
12622,STAP1,10,0.70665437
12623,STAP2,7,4.113885
12624,STAR,3,0.24379952
12625,STARD10,9,3.9632695
12626,STARD13,8,2.39163
12627,STARD3,6,3.746788
12628,STARD3NL,6,3.4437144
12629,STARD4,2,1.967165
12630,STARD5,9,2.1725228
12631,STARD6,3,0.121622995
12632,STARD7,7,5.0667577
12633,STARD8,2,2.1101298
12634,STAT1,7,4.2938867
12635,STAT2,7,4.215905
12636,STAT3,7,4.9695654
12637,STAT4,5,1.122106
12638,STAT5A,9,3.3452888
12639,STAT5B,9,3.5975492
12640,STAT6,7,4.577764
12641,STAU1,7,4.751834
12642,STAU2,8,2.7127674
12643,STBD1,7,3.6216104
12644,STC1,9,2.9293933
12645,STC2,9,2.7604592
12646,STEAP2,8,2.3967035
12647,STEAP3,8,2.9650786
12648,STEAP4,8,2.1859448
12649,STEEP1,9,2.9974751
12650,STIL,8,1.7502261
12651,STIM1,6,3.7027454
12652,STIM2,4,3.135502
12653,STIMATE,4,2.8966484
12654,STING1,6,3.9657722
12655,STIP1,1,5.079438
12656,STK10,4,3.1138158
12657,STK11,9,3.2594786
12658,STK11IP,8,2.856912
12659,STK16,6,3.5037024
12660,STK17B,8,2.5503254
12661,STK24,6,4.191899
12662,STK25,7,4.144341
12663,STK26,9,2.4832604
12664,STK3,9,3.1435564
12665,STK31,3,0.56242627
12666,STK32A,3,1.5129144
12667,STK32B,10,1.575689
12668,STK32C,2,2.4341269
12669,STK33,10,0.9625916
12670,STK35,9,2.9640493
12671,STK36,4,2.7788742
12672,STK38,6,3.656506
12673,STK38L,4,3.0730517
12674,STK39,6,3.288169
12675,STK4,9,2.7573295
12676,STK40,4,3.0717602
12677,STKLD1,5,0.86519396
12678,STMN1,9,4.321071
12679,STMN2,5,1.1764979
12680,STMN3,6,3.8229218
12681,STMN4,3,0.4622202
12682,STMND1,5,0.57967216
12683,STN1,2,1.592698
12684,STOM,7,5.2377744
12685,STOML1,2,2.2959113
12686,STOML2,1,5.145252
12687,STOML3,10,0.26923662
12688,STON1,2,1.8820832
12689,STON2,10,1.3157921
12690,STOX1,10,1.1905025
12691,STOX2,5,1.0524108
12692,STPG1,2,2.2581005
12693,STPG3,10,0.79456884
12694,STPG4,3,0.36927235
12695,STRA6,10,1.4515996
12696,STRA8,3,0.17093013
12697,STRADA,4,3.2294898
12698,STRADB,6,2.9576027
12699,STRAP,1,5.227257
12700,STRBP,4,2.6819468
12701,STRC,5,0.2972626
12702,STRIP1,9,3.5047305
12703,STRIP2,8,1.2662168
12704,STRIT1,3,0.0
12705,STRN,2,2.252277
12706,STRN3,6,3.1756144
12707,STRN4,7,4.4516087
12708,STT3A,7,4.695101
12709,STT3B,7,4.5649853
12710,STUB1,1,5.438306
12711,STUM,5,0.9975608
12712,STX11,10,0.98710614
12713,STX12,7,4.1951404
12714,STX16,7,3.9791718
12715,STX17,8,1.9762862
12716,STX18,6,3.5307772
12717,STX19,10,0.78577584
12718,STX1A,4,2.2389388
12719,STX1B,10,0.9596403
12720,STX2,8,2.3956568
12721,STX3,8,2.7853332
12722,STX4,7,4.399015
12723,STX5,7,4.1798964
12724,STX6,9,3.4965003
12725,STX7,4,2.642687
12726,STX8,7,4.541818
12727,STXBP1,9,2.8119617
12728,STXBP2,7,4.6686625
12729,STXBP3,7,3.946594
12730,STXBP4,5,1.191724
12731,STXBP5,2,2.0722964
12732,STXBP5L,10,0.31283933
12733,STXBP6,2,2.0083334
12734,STYK1,5,1.259627
12735,STYXL1,9,3.5815845
12736,SUB1,6,4.0199656
12737,SUCLA2,7,2.9853926
12738,SUCLG1,1,5.092501
12739,SUCLG2,6,3.9154563
12740,SUCNR1,5,0.96148837
12741,SUCO,2,3.4101999
12742,SUDS3,6,3.5657384
12743,SUFU,8,2.5465841
12744,SUGCT,5,1.4484038
12745,SUGP1,6,3.6006277
12746,SUGP2,9,3.5686326
12747,SUGT1,8,2.4846737
12748,SULF1,6,3.6082737
12749,SULF2,6,4.0897107
12750,SULT1B1,3,0.90257376
12751,SULT1C2,5,2.024775
12752,SULT1C3,3,0.08147351
12753,SULT1E1,3,0.3467749
12754,SULT2B1,5,2.301455
12755,SULT4A1,10,0.7207019
12756,SULT6B1,3,0.25902674
12757,SUMF1,7,4.1441393
12758,SUMF2,1,5.4993
12759,SUMO1,7,5.078414
12760,SUMO2,7,4.7975006
12761,SUMO3,7,4.970146
12762,SUN1,7,3.9575067
12763,SUN2,7,4.159686
12764,SUN3,3,0.1584694
12765,SUN5,3,0.0043750876
12766,SUOX,6,2.8384554
12767,SUPT16H,7,4.2463284
12768,SUPT20H,6,3.550296
12769,SUPT3H,2,2.0988953
12770,SUPT4H1,7,4.692782
12771,SUPT5H,7,4.847847
12772,SUPT6H,7,4.1641555
12773,SUPT7L,6,3.383597
12774,SUPV3L1,4,3.5056949
12775,SURF1,7,4.841592
12776,SURF2,6,3.2327285
12777,SURF4,1,5.641682
12778,SURF6,6,3.5337753
12779,SUSD1,9,2.6795738
12780,SUSD2,6,2.826518
12781,SUSD3,8,2.49169
12782,SUSD4,2,1.6594465
12783,SUSD5,10,1.0551544
12784,SUSD6,7,3.71165
12785,SUV39H1,8,2.707399
12786,SUV39H2,8,2.326666
12787,SUZ12,6,3.4614046
12788,SV2A,10,1.7652434
12789,SV2B,3,0.413158
12790,SV2C,3,0.25982785
12791,SVBP,6,3.422658
12792,SVEP1,5,1.2369977
12793,SVIL,8,3.1931322
12794,SVIP,9,3.1824594
12795,SVOP,5,0.18034145
12796,SVOPL,3,0.5952431
12797,SWAP70,6,3.7055545
12798,SWI5,6,3.7174397
12799,SWSAP1,8,2.1843913
12800,SWT1,8,1.60915
12801,SYAP1,9,3.8231852
12802,SYBU,2,2.3437939
12803,SYCE1,10,0.4154331
12804,SYCE1L,2,2.2301655
12805,SYCE2,8,1.3793278
12806,SYCE3,10,1.1042885
12807,SYCN,3,0.01929658
12808,SYCP1,3,0.029424172
12809,SYCP2,5,1.036515
12810,SYCP2L,10,0.5380658
12811,SYDE1,6,2.7582898
12812,SYDE2,5,1.1475585
12813,SYF2,7,4.5597267
12814,SYK,8,3.031994
12815,SYMPK,9,3.741027
12816,SYN1,5,1.2542487
12817,SYN2,3,0.6862964
12818,SYN3,3,0.34831625
12819,SYNC,6,3.1791835
12820,SYNCRIP,7,4.034252
12821,SYNDIG1,10,1.1253589
12822,SYNDIG1L,3,0.3446178
12823,SYNE1,5,1.8198103
12824,SYNE2,9,2.8131769
12825,SYNE3,5,1.1881313
12826,SYNE4,4,2.4411836
12827,SYNGAP1,9,2.875175
12828,SYNGR1,2,2.4090006
12829,SYNGR2,1,5.577074
12830,SYNGR3,5,1.0749716
12831,SYNGR4,10,0.35053426
12832,SYNJ1,8,1.9007415
12833,SYNJ2,4,2.5386922
12834,SYNJ2BP,6,3.1474025
12835,SYNM,8,2.8584936
12836,SYNPO,6,3.5586486
12837,SYNPO2,5,1.8546182
12838,SYNPO2L,3,0.28282937
12839,SYNPR,3,0.3653328
12840,SYNRG,8,2.7499151
12841,SYP,5,1.6230423
12842,SYPL2,5,1.1305469
12843,SYS1,6,3.2626514
12844,SYT1,10,1.0380008
12845,SYT10,3,0.07582225
12846,SYT11,9,2.708484
12847,SYT12,10,1.4616836
12848,SYT13,2,1.78699
12849,SYT14,3,0.41855723
12850,SYT16,5,0.22267553
12851,SYT17,10,1.9291356
12852,SYT2,3,0.34645292
12853,SYT3,5,0.48403338
12854,SYT4,3,0.29985255
12855,SYT5,10,0.5010737
12856,SYT6,10,0.51792586
12857,SYT7,2,2.4225435
12858,SYT8,10,0.96845084
12859,SYT9,3,0.69442874
12860,SYTL1,9,2.8532398
12861,SYTL2,9,2.5534008
12862,SYTL3,10,1.3995442
12863,SYTL4,8,1.7264713
12864,SYTL5,8,1.2151419
12865,SYVN1,1,4.946356
12866,SZRD1,1,4.880711
12867,SZT2,4,2.751961
12868,TAAR1,3,0.033578318
12869,TAAR2,3,0.0016903614
12870,TAAR5,10,0.009399082
12871,TAAR9,3,0.005224872
12872,TAB1,6,3.4928052
12873,TAB2,7,3.8132339
12874,TAB3,6,2.9011638
12875,TAC1,10,0.64139897
12876,TAC3,3,0.45071414
12877,TACC1,9,3.3222823
12878,TACC2,8,2.7669284
12879,TACO1,6,3.9709678
12880,TACR1,10,0.61541706
12881,TACR2,10,0.89013594
12882,TACR3,3,0.051807366
12883,TACSTD2,7,4.026678
12884,TADA1,6,3.1610093
12885,TADA2A,4,2.4917488
12886,TADA2B,9,3.171476
12887,TADA3,7,4.4231167
12888,TAF10,1,4.7250175
12889,TAF11,6,3.8526618
12890,TAF12,4,2.4264417
12891,TAF13,4,3.357602
12892,TAF15,1,5.303646
12893,TAF1A,8,1.8613638
12894,TAF1B,6,2.8288758
12895,TAF1C,6,3.1250699
12896,TAF2,9,2.9468622
12897,TAF3,9,2.3930879
12898,TAF4,9,2.9015942
12899,TAF4B,10,1.6781995
12900,TAF5,8,1.9034218
12901,TAF5L,9,2.7232037
12902,TAF6,7,4.0147405
12903,TAF6L,6,3.0058582
12904,TAF7,7,5.112966
12905,TAF8,2,2.5267336
12906,TAF9B,9,3.5853865
12907,TAFA1,3,0.2823553
12908,TAFA2,3,0.6166945
12909,TAFA3,10,0.4582332
12910,TAFA4,3,0.26261815
12911,TAFA5,5,1.9528997
12912,TAFAZZIN,9,3.4981463
12913,TAGLN,6,4.2340584
12914,TAGLN2,1,5.4517803
12915,TAGLN3,3,0.6851432
12916,TAL1,10,1.0635097
12917,TAL2,3,0.45254672
12918,TALDO1,1,5.9749823
12919,TAMALIN,9,2.7716894
12920,TAMM41,9,2.5812757
12921,TANC1,8,3.0771825
12922,TANC2,2,2.260832
12923,TANGO2,9,2.9944594
12924,TANGO6,4,2.2046068
12925,TANK,8,2.8848743
12926,TAOK1,9,3.074605
12927,TAOK2,9,3.4151056
12928,TAOK3,6,3.4554257
12929,TAP1,1,4.99159
12930,TAP2,6,3.6589756
12931,TAPBP,1,5.4070106
12932,TAPBPL,7,4.097042
12933,TAPT1,2,3.0748036
12934,TARBP1,6,3.162287
12935,TARBP2,7,3.906273
12936,TARDBP,7,4.33172
12937,TARS2,6,3.7786148
12938,TAS1R1,3,0.26912916
12939,TAS1R2,3,0.0091734575
12940,TAS1R3,10,0.8466032
12941,TAS2R16,3,0.0030314345
12942,TAS2R3,3,0.08011045
12943,TAS2R38,3,0.12916942
12944,TAS2R39,3,0.0029341977
12945,TAS2R4,3,0.2539647
12946,TAS2R40,3,0.02419246
12947,TAS2R41,3,0.005668371
12948,TAS2R60,3,0.031601842
12949,TAS2R7,3,0.0030555094
12950,TASL,10,0.998879
12951,TASOR,9,3.1932492
12952,TASOR2,6,2.9139216
12953,TASP1,8,2.2261322
12954,TAT,3,0.82114434
12955,TATDN1,7,4.490295
12956,TATDN2,6,4.027034
12957,TATDN3,4,2.8514912
12958,TAX1BP1,7,4.8438053
12959,TAX1BP3,7,5.350288
12960,TBATA,3,0.03112789
12961,TBC1D1,6,3.3552125
12962,TBC1D10A,9,3.677912
12963,TBC1D10B,6,4.0983214
12964,TBC1D10C,8,2.1294158
12965,TBC1D12,8,2.2076423
12966,TBC1D13,6,3.571151
12967,TBC1D14,9,3.7228134
12968,TBC1D15,6,3.233371
12969,TBC1D16,9,3.2403927
12970,TBC1D17,7,4.247486
12971,TBC1D19,8,1.8675401
12972,TBC1D2,8,3.0647943
12973,TBC1D20,6,3.7849495
12974,TBC1D21,3,0.010949267
12975,TBC1D22A,9,3.3328822
12976,TBC1D22B,4,2.996972
12977,TBC1D23,4,3.3376088
12978,TBC1D24,8,2.1585119
12979,TBC1D25,4,2.8495326
12980,TBC1D2B,9,3.3630662
12981,TBC1D30,5,1.4586507
12982,TBC1D31,6,2.6879354
12983,TBC1D32,5,1.2311141
12984,TBC1D4,9,2.7337713
12985,TBC1D5,9,2.9855478
12986,TBC1D7,8,2.4736185
12987,TBC1D8,4,2.6887581
12988,TBC1D8B,2,1.7572694
12989,TBC1D9,2,2.977984
12990,TBC1D9B,7,4.646914
12991,TBCA,7,4.4028473
12992,TBCB,1,5.151153
12993,TBCC,7,3.8936725
12994,TBCCD1,2,2.3447394
12995,TBCD,6,3.6100647
12996,TBCE,8,2.681833
12997,TBCEL,10,1.9072483
12998,TBCK,2,2.3759391
12999,TBK1,2,2.6994886
13000,TBKBP1,8,2.3349516
13001,TBL1XR1,6,3.710364
13002,TBL2,6,3.7242491
13003,TBL3,6,3.2797027
13004,TBP,6,3.1640875
13005,TBPL1,9,2.5632238
13006,TBPL2,3,0.08395829
13007,TBR1,3,0.1377903
13008,TBRG1,9,3.214463
13009,TBRG4,6,3.423314
13010,TBX1,10,0.9934205
13011,TBX15,10,1.2364279
13012,TBX18,5,0.6641258
13013,TBX19,8,1.4095411
13014,TBX2,2,2.9224033
13015,TBX20,10,0.15191121
13016,TBX21,3,0.8017829
13017,TBX22,3,0.113595866
13018,TBX3,4,3.1453896
13019,TBX4,10,0.49334452
13020,TBX5,3,0.5378898
13021,TBX6,10,1.1098422
13022,TBXA2R,5,1.4047348
13023,TBXAS1,9,2.8077726
13024,TBXT,3,0.072892316
13025,TC2N,2,2.6714156
13026,TCAF1,6,3.3580837
13027,TCAIM,2,2.6645298
13028,TCAP,5,1.4715439
13029,TCEA1,7,4.2827106
13030,TCEA2,7,4.0018473
13031,TCEA3,4,3.2175732
13032,TCEAL1,6,3.6539605
13033,TCEAL7,10,1.3659475
13034,TCEAL8,6,4.1297355
13035,TCEAL9,7,4.2885933
13036,TCEANC,10,1.1673515
13037,TCEANC2,8,1.5698625
13038,TCERG1,6,3.4659896
13039,TCERG1L,3,0.7200144
13040,TCF12,8,2.860051
13041,TCF15,10,0.8553139
13042,TCF19,8,2.9735518
13043,TCF21,10,1.1594236
13044,TCF23,3,0.20923875
13045,TCF24,3,0.15217744
13046,TCF25,7,4.5017557
13047,TCF3,6,3.6162388
13048,TCF4,2,2.6135092
13049,TCF7,4,2.7159483
13050,TCF7L1,8,2.9408329
13051,TCF7L2,9,3.1145551
13052,TCFL5,4,2.6450872
13053,TCIM,7,4.2273192
13054,TCIRG1,7,4.283908
13055,TCN2,9,3.6817827
13056,TCOF1,6,3.5032525
13057,TCP1,1,5.3815227
13058,TCP11,3,0.21357523
13059,TCP11L1,2,2.0602822
13060,TCP11L2,10,1.385742
13061,TCTA,7,4.4010777
13062,TCTE1,3,0.35549006
13063,TCTN1,9,3.3151038
13064,TCTN2,9,3.1007457
13065,TCTN3,6,3.4006507
13066,TDG,4,3.122265
13067,TDO2,2,2.003021
13068,TDP1,8,2.4389749
13069,TDP2,7,4.222575
13070,TDRD1,3,0.28622243
13071,TDRD12,3,0.24433507
13072,TDRD3,8,2.3993154
13073,TDRD5,10,0.5978729
13074,TDRD6,10,0.6176146
13075,TDRD7,8,3.0996463
13076,TDRD9,3,0.6841823
13077,TDRKH,8,2.3001332
13078,TDRP,4,2.50079
13079,TEAD1,2,3.1769636
13080,TEAD2,4,3.0210667
13081,TEAD3,4,3.5607977
13082,TEAD4,6,3.2372134
13083,TEC,8,1.256761
13084,TECPR1,4,2.9677904
13085,TECPR2,4,2.4799683
13086,TECR,7,5.0566125
13087,TECRL,3,0.0453995
13088,TECTA,5,0.45493957
13089,TECTB,3,0.09941047
13090,TEDC1,8,2.5727348
13091,TEDC2,10,2.0164063
13092,TEF,9,3.0894675
13093,TEFM,8,2.6600752
13094,TEK,4,1.7769079
13095,TEKT1,10,0.31565863
13096,TEKT2,10,0.7558883
13097,TEKT3,5,0.50743526
13098,TEKT5,5,0.40638667
13099,TELO2,9,3.481273
13100,TENM1,3,0.9468484
13101,TENM2,10,0.5967522
13102,TENM3,10,0.9879483
13103,TENM4,10,1.1717721
13104,TENT2,9,2.8972945
13105,TENT4A,6,2.9520066
13106,TENT4B,2,2.1177537
13107,TENT5A,4,2.93829
13108,TENT5B,10,1.7956256
13109,TENT5C,4,2.3599167
13110,TENT5D,3,0.0343973
13111,TEP1,8,2.5069115
13112,TEPSIN,9,3.2302725
13113,TERB1,3,0.057363447
13114,TERB2,3,0.06886757
13115,TERF1,4,3.1060822
13116,TERF2,9,3.573632
13117,TERF2IP,7,4.2834797
13118,TERT,3,0.4523865
13119,TESK1,7,4.0396643
13120,TESK2,10,2.1190693
13121,TESMIN,10,1.3735001
13122,TESPA1,5,0.7414415
13123,TET1,3,0.5881324
13124,TET2,5,1.7239504
13125,TET3,2,2.2722392
13126,TEX10,4,3.2376056
13127,TEX101,3,0.11935801
13128,TEX11,3,0.31041983
13129,TEX12,3,0.17485406
13130,TEX14,3,0.3660258
13131,TEX2,7,3.55304
13132,TEX26,3,0.2833012
13133,TEX261,7,4.6852474
13134,TEX264,6,3.8439078
13135,TEX28,3,0.027537752
13136,TEX30,2,1.831122
13137,TEX36,3,0.01697437
13138,TEX38,3,0.28556708
13139,TEX47,3,0.014363718
13140,TEX50,3,0.0
13141,TEX52,3,0.0
13142,TEX9,5,1.7169334
13143,TF,3,1.4204178
13144,TFAM,6,3.2958806
13145,TFAP2A,9,2.2163494
13146,TFAP2B,3,0.4343436
13147,TFAP2C,5,1.915439
13148,TFAP2D,3,0.0639223
13149,TFAP2E,5,0.9992131
13150,TFAP4,4,3.1828713
13151,TFB1M,9,2.3591938
13152,TFB2M,6,3.5595493
13153,TFCP2,6,3.4713302
13154,TFCP2L1,5,1.8607424
13155,TFDP1,6,4.18642
13156,TFDP2,9,2.8244784
13157,TFE3,7,4.209087
13158,TFEB,9,2.4946496
13159,TFEC,5,1.1947491
13160,TFF1,10,2.4313936
13161,TFF2,3,1.0600566
13162,TFF3,9,3.928581
13163,TFG,7,4.381721
13164,TFIP11,6,3.5429049
13165,TFPI,8,2.3656623
13166,TFPI2,2,1.812422
13167,TFPT,6,3.886813
13168,TFR2,10,1.6998916
13169,TFRC,9,3.8477223
13170,TG,3,1.3230749
13171,TGDS,6,3.2302449
13172,TGFA,6,2.514186
13173,TGFB1,7,4.329344
13174,TGFB1I1,9,3.5619192
13175,TGFB2,2,2.1047812
13176,TGFB3,9,2.637868
13177,TGFBI,7,5.34256
13178,TGFBR1,4,3.4901323
13179,TGFBR2,7,4.380451
13180,TGFBR3,8,2.4059556
13181,TGFBR3L,5,0.94166183
13182,TGFBRAP1,6,3.1039016
13183,TGIF1,4,3.424973
13184,TGIF2,4,2.526751
13185,TGM1,10,1.0168191
13186,TGM2,7,4.62467
13187,TGM3,5,0.8677045
13188,TGM4,3,0.37254345
13189,TGM5,10,0.301997
13190,TGM6,3,0.008541467
13191,TGM7,3,0.025024649
13192,TGS1,4,2.9428177
13193,TH,3,0.24288486
13194,THADA,4,2.6418536
13195,THAP1,2,2.7347775
13196,THAP11,9,3.9943874
13197,THAP12,7,3.6510727
13198,THAP2,8,1.8195174
13199,THAP3,7,3.667416
13200,THAP4,1,4.3522763
13201,THAP7,7,3.8296075
13202,THBD,6,2.9557142
13203,THBS1,7,4.1913033
13204,THBS2,9,3.5332341
13205,THBS3,6,3.2855682
13206,THBS4,2,2.3184052
13207,THEM4,4,2.5407636
13208,THEM5,5,1.3277872
13209,THEM6,7,4.166452
13210,THEMIS,5,0.71900296
13211,THEMIS2,4,3.1686687
13212,THG1L,4,2.8765225
13213,THNSL1,8,1.9276204
13214,THNSL2,4,3.095807
13215,THOC1,7,3.547007
13216,THOC3,8,2.994936
13217,THOC5,9,3.1409028
13218,THOC6,6,3.6309288
13219,THOC7,1,4.870488
13220,THOP1,6,3.3874123
13221,THPO,3,0.7382005
13222,THRA,9,3.5741847
13223,THRAP3,7,4.4036546
13224,THRB,8,1.7058203
13225,THRSP,10,1.1359977
13226,THSD1,10,1.5543444
13227,THSD4,5,2.1098537
13228,THSD7A,5,1.1987137
13229,THSD7B,10,0.46177253
13230,THSD8,3,0.0
13231,THTPA,6,3.5527298
13232,THUMPD1,6,3.5300255
13233,THUMPD2,2,2.7506473
13234,THUMPD3,9,3.2032545
13235,THY1,7,3.9587724
13236,THYN1,7,4.381147
13237,TIA1,9,3.7258484
13238,TIAL1,6,3.7146747
13239,TIAM1,2,1.5236243
13240,TIAM2,4,2.155287
13241,TICAM1,4,3.4450111
13242,TICRR,8,1.3958595
13243,TIE1,9,3.0336196
13244,TIFA,9,2.1101227
13245,TIFAB,3,0.48503068
13246,TIGAR,5,1.694981
13247,TIGD2,4,2.347364
13248,TIGD3,10,0.76276445
13249,TIGD4,10,0.49103197
13250,TIGD5,8,2.372827
13251,TIGIT,5,1.037905
13252,TIMELESS,9,3.0727303
13253,TIMM10,7,4.009289
13254,TIMM10B,6,3.8450315
13255,TIMM13,1,4.7390027
13256,TIMM17A,7,4.6143365
13257,TIMM17B,7,4.419779
13258,TIMM21,9,2.590273
13259,TIMM22,9,3.247161
13260,TIMM29,6,3.5063198
13261,TIMM44,7,4.183598
13262,TIMM50,6,3.7096202
13263,TIMM8A,5,2.1351435
13264,TIMM8B,7,4.785109
13265,TIMM9,9,3.166908
13266,TIMMDC1,7,4.368327
13267,TIMP1,1,6.5760603
13268,TIMP2,7,5.335946
13269,TIMP3,1,5.3963084
13270,TIMP4,4,1.8948288
13271,TINAG,3,0.871441
13272,TINAGL1,4,3.8663838
13273,TINCR,5,1.0130147
13274,TINF2,7,4.320835
13275,TIPARP,6,3.4126916
13276,TIPIN,8,2.3469183
13277,TIPRL,9,3.8737411
13278,TIRAP,2,1.9454018
13279,TJAP1,9,3.2818863
13280,TJP1,6,3.5526567
13281,TJP2,6,4.0404654
13282,TJP3,4,2.3609364
13283,TK1,8,3.468543
13284,TK2,9,2.9842763
13285,TKFC,9,3.7580037
13286,TKT,1,5.610597
13287,TKTL1,3,0.46035004
13288,TKTL2,3,0.04079327
13289,TLCD1,9,3.3053603
13290,TLCD2,8,1.9678235
13291,TLCD3A,6,3.5131497
13292,TLCD3B,5,0.6002526
13293,TLCD4,2,1.8245245
13294,TLCD5,2,1.6043993
13295,TLDC2,4,2.314455
13296,TLE1,4,3.1826148
13297,TLE2,9,3.3534856
13298,TLE3,9,3.6477206
13299,TLE4,2,2.237316
13300,TLE5,1,6.243515
13301,TLE7,3,0.0
13302,TLK1,4,3.4351656
13303,TLK2,2,2.4430954
13304,TLL1,5,0.69721556
13305,TLL2,5,0.4083125
13306,TLN1,7,4.9496293
13307,TLN2,2,2.2184358
13308,TLNRD1,4,3.0871956
13309,TLR1,10,0.9614996
13310,TLR2,4,1.8254621
13311,TLR3,8,1.907094
13312,TLR4,2,1.5743018
13313,TLR5,5,1.3995438
13314,TLR6,10,0.9419855
13315,TLR7,5,1.2842082
13316,TLR8,10,0.99322164
13317,TLR9,10,0.72857296
13318,TLX1,3,0.6853673
13319,TLX2,3,0.18566328
13320,TLX3,3,0.09031406
13321,TM2D1,9,2.8591652
13322,TM2D2,7,3.6989872
13323,TM2D3,7,3.8858178
13324,TM4SF1,7,4.7537403
13325,TM4SF19,5,1.8616278
13326,TM4SF20,3,0.58584505
13327,TM4SF4,5,1.6016732
13328,TM4SF5,3,1.8948816
13329,TM6SF1,2,2.206768
13330,TM6SF2,5,1.2805641
13331,TM7SF2,7,4.173799
13332,TM7SF3,7,3.9337022
13333,TM9SF1,7,4.4187117
13334,TM9SF2,7,5.176782
13335,TM9SF3,7,4.879921
13336,TM9SF4,7,4.512747
13337,TMA16,9,3.2599003
13338,TMA7,1,5.2612476
13339,TMBIM1,7,4.86125
13340,TMBIM4,1,4.840183
13341,TMBIM6,1,6.500578
13342,TMC1,3,0.13488558
13343,TMC2,3,0.10519059
13344,TMC3,3,0.319807
13345,TMC4,4,3.5321906
13346,TMC5,5,2.140012
13347,TMC6,9,2.8608634
13348,TMC7,8,1.5516548
13349,TMC8,2,2.3566833
13350,TMCC1,2,2.5239305
13351,TMCC2,5,1.3742259
13352,TMCC3,8,2.5149949
13353,TMCO1,7,4.2656136
13354,TMCO2,3,0.06697212
13355,TMCO3,6,3.5467918
13356,TMCO4,9,2.6523092
13357,TMCO5A,3,0.014352368
13358,TMCO6,8,2.863545
13359,TMED1,6,4.2400284
13360,TMED10,1,5.6019254
13361,TMED2,1,5.586939
13362,TMED3,4,2.9512246
13363,TMED4,7,4.498194
13364,TMED5,6,3.8136592
13365,TMED6,2,1.6154104
13366,TMED7,7,4.507172
13367,TMED8,9,2.6428087
13368,TMED9,1,5.5676713
13369,TMEFF1,2,1.6030681
13370,TMEFF2,3,0.7555164
13371,TMEM100,10,1.0935664
13372,TMEM101,7,3.9269052
13373,TMEM102,9,2.655201
13374,TMEM104,4,2.958414
13375,TMEM106A,8,2.0681217
13376,TMEM106B,9,3.0402756
13377,TMEM106C,7,4.7010317
13378,TMEM107,8,2.1519177
13379,TMEM108,10,0.95268404
13380,TMEM109,1,4.698528
13381,TMEM11,7,3.8898673
13382,TMEM114,3,0.07966109
13383,TMEM115,7,4.448356
13384,TMEM116,8,2.2314858
13385,TMEM117,8,2.2351694
13386,TMEM119,4,2.8580172
13387,TMEM120A,7,4.474094
13388,TMEM120B,4,2.7736592
13389,TMEM121,10,1.3923835
13390,TMEM121B,5,0.91775507
13391,TMEM123,1,5.432538
13392,TMEM125,9,2.5109048
13393,TMEM126A,4,2.9255257
13394,TMEM126B,9,4.1595664
13395,TMEM127,7,4.1047945
13396,TMEM128,2,3.0160744
13397,TMEM129,7,4.221127
13398,TMEM130,5,1.1915237
13399,TMEM131,6,3.5955057
13400,TMEM131L,2,2.4458394
13401,TMEM132A,9,3.5836124
13402,TMEM132B,3,0.5141082
13403,TMEM132C,10,0.42388037
13404,TMEM132D,3,0.2955105
13405,TMEM132E,3,0.64675575
13406,TMEM134,6,3.484674
13407,TMEM135,2,2.2791865
13408,TMEM138,8,2.536079
13409,TMEM139,2,1.9266549
13410,TMEM140,6,3.0465572
13411,TMEM141,7,5.36261
13412,TMEM143,8,2.3367834
13413,TMEM144,2,2.0512593
13414,TMEM145,5,0.926672
13415,TMEM147,1,5.496855
13416,TMEM14A,7,4.0737476
13417,TMEM14C,1,5.3656874
13418,TMEM150A,6,3.5087914
13419,TMEM150B,2,1.8500092
13420,TMEM150C,8,2.6846213
13421,TMEM151A,3,0.78768027
13422,TMEM151B,3,0.79611844
13423,TMEM154,5,1.209451
13424,TMEM158,2,2.3805196
13425,TMEM160,9,3.3147507
13426,TMEM161A,6,3.976599
13427,TMEM161B,2,2.7304049
13428,TMEM163,5,2.1019125
13429,TMEM164,8,3.0294394
13430,TMEM165,7,4.1965494
13431,TMEM167A,7,4.158425
13432,TMEM168,8,2.6603506
13433,TMEM169,10,0.8390652
13434,TMEM17,2,2.0234993
13435,TMEM170A,9,2.7894943
13436,TMEM170B,2,1.5774403
13437,TMEM171,10,1.9139353
13438,TMEM174,3,0.26792493
13439,TMEM175,8,3.4776359
13440,TMEM176A,7,4.2547126
13441,TMEM176B,7,3.7773418
13442,TMEM177,8,2.4348621
13443,TMEM178A,2,1.8027073
13444,TMEM178B,5,1.3719634
13445,TMEM179,3,0.49223348
13446,TMEM179B,7,5.1618986
13447,TMEM18,8,2.672579
13448,TMEM181,2,2.9760165
13449,TMEM182,5,1.4923189
13450,TMEM183A,6,3.7125387
13451,TMEM184A,4,2.9539497
13452,TMEM184B,6,3.9618983
13453,TMEM184C,6,3.390587
13454,TMEM185A,4,2.9810467
13455,TMEM185B,4,2.621055
13456,TMEM186,6,3.3913965
13457,TMEM19,4,2.86309
13458,TMEM190,3,0.5347748
13459,TMEM192,8,2.5815768
13460,TMEM198,10,1.9567204
13461,TMEM200A,10,1.4320185
13462,TMEM200B,9,2.885755
13463,TMEM200C,5,0.47869715
13464,TMEM201,2,2.4725616
13465,TMEM203,6,4.424281
13466,TMEM204,4,3.497827
13467,TMEM205,7,5.292644
13468,TMEM207,3,0.039255183
13469,TMEM208,7,4.893274
13470,TMEM209,9,3.2635446
13471,TMEM210,10,0.3539669
13472,TMEM212,3,0.08442617
13473,TMEM213,10,0.5213788
13474,TMEM214,7,4.923895
13475,TMEM215,3,0.2605395
13476,TMEM216,6,3.4706376
13477,TMEM218,2,2.3262897
13478,TMEM219,1,4.5460777
13479,TMEM220,2,2.2515914
13480,TMEM221,10,0.7711398
13481,TMEM222,6,4.195123
13482,TMEM223,7,4.3187766
13483,TMEM229A,3,0.4265211
13484,TMEM229B,8,2.0829718
13485,TMEM230,7,4.478914
13486,TMEM231,4,2.2777297
13487,TMEM232,5,0.7447782
13488,TMEM233,10,1.1062577
13489,TMEM234,4,3.2824123
13490,TMEM235,3,0.13073763
13491,TMEM236,3,0.454282
13492,TMEM237,4,2.5200157
13493,TMEM238,8,2.8010101
13494,TMEM238L,10,0.87273484
13495,TMEM239,3,0.018012905
13496,TMEM240,10,0.89065593
13497,TMEM241,2,1.8444486
13498,TMEM242,9,2.4566019
13499,TMEM243,9,3.7266414
13500,TMEM245,6,3.6852603
13501,TMEM247,3,0.018701136
13502,TMEM248,7,4.3384624
13503,TMEM249,5,0.7885205
13504,TMEM25,8,2.5205479
13505,TMEM252,3,0.7872818
13506,TMEM253,5,1.0803574
13507,TMEM254,7,3.8995023
13508,TMEM255A,10,1.4583137
13509,TMEM255B,5,1.5130574
13510,TMEM256,7,5.231988
13511,TMEM258,7,4.249651
13512,TMEM259,7,4.925293
13513,TMEM26,3,1.0335906
13514,TMEM260,9,2.796407
13515,TMEM262,7,5.2058425
13516,TMEM263,9,3.445269
13517,TMEM266,5,0.9156993
13518,TMEM267,4,2.1559267
13519,TMEM268,4,2.7933748
13520,TMEM270,5,0.39549375
13521,TMEM273,2,1.7965213
13522,TMEM30A,7,4.699446
13523,TMEM30B,9,3.119833
13524,TMEM33,9,3.5169487
13525,TMEM35A,10,1.1407126
13526,TMEM35B,7,4.2318006
13527,TMEM37,4,3.377204
13528,TMEM38A,8,2.398823
13529,TMEM38B,9,2.7556808
13530,TMEM39A,9,2.998078
13531,TMEM39B,6,3.2829423
13532,TMEM40,5,0.61590624
13533,TMEM41B,6,3.5240858
13534,TMEM42,9,3.7307627
13535,TMEM43,7,4.6057167
13536,TMEM44,4,2.5853586
13537,TMEM45B,8,2.4394991
13538,TMEM47,4,2.987944
13539,TMEM50A,7,4.512841
13540,TMEM50B,7,4.3631525
13541,TMEM51,2,3.0781991
13542,TMEM52,5,1.5181404
13543,TMEM52B,10,0.5829163
13544,TMEM53,6,3.1810935
13545,TMEM54,1,4.934813
13546,TMEM59,7,4.7155356
13547,TMEM59L,2,1.5044479
13548,TMEM60,9,3.521119
13549,TMEM62,7,3.357503
13550,TMEM63A,6,3.8564339
13551,TMEM63B,7,3.968407
13552,TMEM63C,8,1.786867
13553,TMEM64,2,2.9202101
13554,TMEM65,8,2.2567053
13555,TMEM67,4,1.8755075
13556,TMEM68,4,2.76221
13557,TMEM69,4,3.1193194
13558,TMEM70,9,3.7417774
13559,TMEM71,2,1.2924618
13560,TMEM72,3,0.54558355
13561,TMEM74,3,0.17433514
13562,TMEM74B,10,1.1956164
13563,TMEM79,6,3.887979
13564,TMEM80,6,3.1425292
13565,TMEM81,8,1.8652893
13566,TMEM82,3,0.79407066
13567,TMEM86A,8,2.325477
13568,TMEM86B,4,2.7098951
13569,TMEM87A,6,4.1439433
13570,TMEM87B,9,3.4173348
13571,TMEM88,8,2.3945878
13572,TMEM88B,3,0.077624716
13573,TMEM89,5,0.23171823
13574,TMEM8B,8,1.7724725
13575,TMEM9,7,5.037443
13576,TMEM91,8,1.9432261
13577,TMEM94,6,3.8202019
13578,TMEM95,3,0.019877162
13579,TMEM97,7,3.9600744
13580,TMEM98,4,3.5576544
13581,TMEM9B,7,4.444274
13582,TMF1,9,3.1109862
13583,TMIE,10,0.86426175
13584,TMIGD1,3,0.17600916
13585,TMOD1,9,2.9774659
13586,TMOD2,5,1.8163832
13587,TMOD3,9,3.3743837
13588,TMOD4,10,0.6809976
13589,TMPPE,10,0.9821467
13590,TMPRSS11A,3,0.07316996
13591,TMPRSS11D,3,0.156831
13592,TMPRSS11E,10,0.4907717
13593,TMPRSS11F,3,0.08753046
13594,TMPRSS12,3,0.026616858
13595,TMPRSS13,10,1.204283
13596,TMPRSS15,3,0.07264749
13597,TMPRSS2,2,2.6662762
13598,TMPRSS3,5,1.6974324
13599,TMPRSS4,5,1.8545587
13600,TMPRSS5,3,0.88011754
13601,TMPRSS6,5,1.0602795
13602,TMPRSS7,3,0.15799695
13603,TMPRSS9,5,1.1728455
13604,TMSB4Y,5,1.0894
13605,TMTC1,10,1.8734258
13606,TMTC2,4,2.2089403
13607,TMTC3,2,2.5451555
13608,TMTC4,2,2.9600325
13609,TMUB2,9,3.6841207
13610,TMX1,6,3.7569027
13611,TMX2,7,4.7303414
13612,TMX3,9,3.2578928
13613,TMX4,4,3.862055
13614,TNC,9,3.7510302
13615,TNF,10,1.0350293
13616,TNFAIP1,7,4.156802
13617,TNFAIP2,9,3.1283739
13618,TNFAIP3,9,2.8438199
13619,TNFAIP6,6,2.237004
13620,TNFAIP8,2,2.0524666
13621,TNFAIP8L1,2,3.0314496
13622,TNFAIP8L2,2,2.0293045
13623,TNFAIP8L3,2,1.6269518
13624,TNFRSF11A,2,1.4351531
13625,TNFRSF11B,2,2.3304079
13626,TNFRSF12A,7,4.802851
13627,TNFRSF17,5,1.0132716
13628,TNFRSF19,8,2.4082444
13629,TNFRSF1A,7,5.228252
13630,TNFRSF1B,6,3.6430783
13631,TNFRSF21,7,4.242683
13632,TNFRSF25,2,2.4200568
13633,TNFRSF4,2,2.0720932
13634,TNFRSF9,5,0.82588005
13635,TNFSF10,7,4.5833144
13636,TNFSF11,3,0.6846305
13637,TNFSF12,7,3.7227478
13638,TNFSF13,7,4.1914725
13639,TNFSF13B,8,2.341047
13640,TNFSF14,5,0.9523448
13641,TNFSF15,5,1.4145784
13642,TNFSF18,10,0.5369889
13643,TNFSF8,5,0.834948
13644,TNIK,8,2.1093075
13645,TNIP1,7,4.734625
13646,TNIP2,7,4.023594
13647,TNK1,2,2.4435222
13648,TNK2,6,3.3678403
13649,TNKS,4,2.681236
13650,TNKS1BP1,7,4.288057
13651,TNKS2,6,3.5105348
13652,TNMD,10,0.4964387
13653,TNN,5,0.61766976
13654,TNNC1,10,1.8258389
13655,TNNC2,10,1.3028369
13656,TNNI1,5,0.80904776
13657,TNNI2,10,1.2528389
13658,TNNI3,10,0.86804867
13659,TNNI3K,10,0.66169584
13660,TNNT1,10,1.4163452
13661,TNNT2,3,0.50015
13662,TNNT3,3,0.5286296
13663,TNP1,3,0.07381166
13664,TNPO1,9,3.490697
13665,TNPO2,7,3.8174772
13666,TNPO3,7,3.5469222
13667,TNR,3,0.44349474
13668,TNRC6A,9,3.0548327
13669,TNRC6B,4,2.1253018
13670,TNRC6C,8,2.2179122
13671,TNS1,7,3.891525
13672,TNS2,6,3.9836717
13673,TNS3,7,3.8383863
13674,TNS4,4,2.0661154
13675,TNXB,5,1.6772821
13676,TOB1,7,4.310365
13677,TOB2,6,4.0214095
13678,TOE1,9,3.1832407
13679,TOGARAM1,8,2.3259115
13680,TOGARAM2,3,0.5904217
13681,TOLLIP,7,4.164691
13682,TOM1,6,4.1253405
13683,TOM1L1,4,3.008752
13684,TOM1L2,6,3.506923
13685,TOMM20,1,5.426163
13686,TOMM20L,5,1.411507
13687,TOMM22,7,4.679623
13688,TOMM34,7,4.3047414
13689,TOMM40,9,3.742846
13690,TOMM40L,8,2.5180473
13691,TOMM6,1,5.8828588
13692,TOMM7,1,6.3219805
13693,TOMM70,6,4.3103266
13694,TOMT,3,0.0
13695,TONSL,4,2.5713997
13696,TOP1,6,4.481547
13697,TOP1MT,6,3.7900565
13698,TOP2A,9,3.4371932
13699,TOP2B,7,4.27473
13700,TOP3A,2,2.5514183
13701,TOP3B,9,2.726333
13702,TOPAZ1,3,0.0056259152
13703,TOPBP1,4,2.9220285
13704,TOPORS,2,3.0144565
13705,TOR1A,7,4.1415577
13706,TOR1AIP1,7,4.1195393
13707,TOR1AIP2,9,2.8696644
13708,TOR1B,7,3.6547933
13709,TOR2A,6,2.9992561
13710,TOR3A,7,4.1282973
13711,TOR4A,4,2.685945
13712,TOX,10,1.6199517
13713,TOX2,4,1.8284849
13714,TOX3,5,1.8684709
13715,TOX4,7,4.0280457
13716,TP53,6,3.7190328
13717,TP53BP1,4,3.127432
13718,TP53BP2,6,3.6098456
13719,TP53I11,6,3.812071
13720,TP53I13,7,4.2868123
13721,TP53INP1,6,3.508164
13722,TP53INP2,7,3.7136474
13723,TP63,2,0.9163226
13724,TP73,2,1.3022758
13725,TPBG,8,2.6655576
13726,TPBGL,10,0.7119709
13727,TPCN1,6,3.6980276
13728,TPCN2,9,2.4662464
13729,TPD52,7,4.3383956
13730,TPD52L1,4,3.1348195
13731,TPD52L2,7,5.0050473
13732,TPGS1,4,2.9050653
13733,TPGS2,6,3.6154501
13734,TPH1,5,0.44500065
13735,TPH2,3,0.04271788
13736,TPI1,1,6.3597164
13737,TPK1,10,1.9527891
13738,TPM1,9,4.157552
13739,TPM2,7,4.867036
13740,TPM3,7,4.5866857
13741,TPM4,1,5.522046
13742,TPMT,6,3.6606307
13743,TPO,5,0.6172347
13744,TPP1,7,5.234337
13745,TPP2,4,3.0113394
13746,TPPP,8,1.9006133
13747,TPPP2,3,0.52612334
13748,TPPP3,2,2.8028054
13749,TPR,7,3.805248
13750,TPRA1,6,2.8559554
13751,TPRKB,9,2.8003955
13752,TPRN,6,3.7159824
13753,TPSG1,5,0.9759623
13754,TPST1,8,2.0824866
13755,TPST2,4,2.1030068
13756,TPX2,6,3.362067
13757,TRA2A,7,4.4679227
13758,TRA2B,7,4.513832
13759,TRABD,6,3.2346358
13760,TRABD2B,5,1.0380093
13761,TRADD,9,2.7887263
13762,TRAF1,8,2.0920167
13763,TRAF2,4,2.1075733
13764,TRAF3,2,2.3149304
13765,TRAF3IP1,4,2.6609294
13766,TRAF3IP2,8,2.6633408
13767,TRAF3IP3,4,2.2436466
13768,TRAF4,7,4.475463
13769,TRAF5,6,2.5745728
13770,TRAF6,8,1.8428414
13771,TRAF7,7,4.1965876
13772,TRAFD1,9,3.7679868
13773,TRAIP,2,1.9902619
13774,TRAK1,9,3.1630726
13775,TRAK2,9,3.4104204
13776,TRAM1,1,5.302763
13777,TRAM1L1,10,1.6230811
13778,TRAM2,4,3.080955
13779,TRANK1,8,2.2422204
13780,TRAP1,7,4.831632
13781,TRAPPC1,1,5.6104546
13782,TRAPPC10,6,2.732404
13783,TRAPPC11,9,3.0695038
13784,TRAPPC12,9,3.5530066
13785,TRAPPC13,6,3.3030477
13786,TRAPPC14,9,3.2965367
13787,TRAPPC2,2,2.5795226
13788,TRAPPC2L,6,3.5873075
13789,TRAPPC3,7,4.5360794
13790,TRAPPC3L,3,0.21476057
13791,TRAPPC4,7,4.5365763
13792,TRAPPC5,4,2.9796784
13793,TRAPPC6A,7,4.4266467
13794,TRAPPC6B,6,3.271917
13795,TRAPPC8,8,3.0255907
13796,TRAPPC9,9,3.1019793
13797,TRARG1,3,0.24188289
13798,TRAT1,5,0.8947213
13799,TRDMT1,10,0.894748
13800,TRDN,3,0.08808729
13801,TREH,6,3.1849463
13802,TREM2,8,3.4101577
13803,TREML1,3,0.5875368
13804,TREML2,5,0.33989748
13805,TRERF1,2,1.6456364
13806,TREX1,7,4.6558857
13807,TREX2,4,3.1149015
13808,TRH,3,0.35021874
13809,TRHDE,3,0.45346424
13810,TRHR,3,0.029206011
13811,TRIAP1,7,4.2943926
13812,TRIB1,7,4.4860225
13813,TRIB2,6,3.7296586
13814,TRIB3,4,3.2513
13815,TRIL,4,2.1387217
13816,TRIM10,3,0.5476415
13817,TRIM11,4,2.5652802
13818,TRIM13,2,2.666443
13819,TRIM14,8,2.9688973
13820,TRIM16,6,2.9074714
13821,TRIM17,10,0.6474947
13822,TRIM2,6,3.1996758
13823,TRIM21,6,3.548031
13824,TRIM23,4,2.5477734
13825,TRIM24,4,2.913068
13826,TRIM25,4,3.4554837
13827,TRIM26,9,3.809906
13828,TRIM27,7,4.4763374
13829,TRIM28,1,5.5908833
13830,TRIM29,9,2.066341
13831,TRIM3,8,2.7467206
13832,TRIM32,8,2.6553051
13833,TRIM33,4,2.9591231
13834,TRIM35,4,2.8255122
13835,TRIM36,5,1.441434
13836,TRIM37,9,3.0287483
13837,TRIM38,4,2.6197014
13838,TRIM39,9,2.395717
13839,TRIM40,3,0.15971822
13840,TRIM41,6,3.5499008
13841,TRIM42,3,0.004776296
13842,TRIM44,4,3.288007
13843,TRIM45,5,1.6149796
13844,TRIM46,5,1.0702184
13845,TRIM47,7,4.107499
13846,TRIM50,3,0.40699106
13847,TRIM54,10,0.5745724
13848,TRIM55,3,0.7910899
13849,TRIM56,9,3.2395756
13850,TRIM58,10,0.5700274
13851,TRIM59,9,2.6514652
13852,TRIM6,5,1.570921
13853,TRIM60,3,0.015581072
13854,TRIM61,10,0.31040528
13855,TRIM62,2,2.2084374
13856,TRIM63,10,0.76520395
13857,TRIM65,6,3.2481706
13858,TRIM66,8,1.4788132
13859,TRIM67,3,0.17557308
13860,TRIM68,9,2.8273735
13861,TRIM69,9,3.7949858
13862,TRIM7,2,1.354391
13863,TRIM71,3,0.31781834
13864,TRIM72,3,0.2011555
13865,TRIM8,6,3.6262908
13866,TRIM9,10,1.1761154
13867,TRIML1,3,0.0182525
13868,TRIML2,3,0.10039969
13869,TRIO,8,3.0672483
13870,TRIOBP,9,3.2929451
13871,TRIP10,7,4.0820394
13872,TRIP11,8,2.7008336
13873,TRIP12,9,3.8295805
13874,TRIP13,6,2.6027708
13875,TRIP4,9,3.6305554
13876,TRIP6,7,4.628038
13877,TRIQK,6,3.2332995
13878,TRIR,1,5.953583
13879,TRIT1,8,2.5226657
13880,TRMO,4,2.6174567
13881,TRMT1,7,3.7221503
13882,TRMT10A,8,1.7637501
13883,TRMT10B,8,2.5127604
13884,TRMT10C,6,3.769535
13885,TRMT11,4,2.994761
13886,TRMT112,1,5.6002493
13887,TRMT12,6,3.0877247
13888,TRMT13,4,2.4951925
13889,TRMT1L,6,2.9106019
13890,TRMT2A,6,3.660561
13891,TRMT2B,2,2.9393513
13892,TRMT44,2,2.4400399
13893,TRMT5,4,2.6404727
13894,TRMT6,4,3.0952044
13895,TRMT61A,4,2.810136
13896,TRMT9B,5,1.0503932
13897,TRMU,9,3.4069054
13898,TRNAU1AP,9,3.3205462
13899,TRNP1,4,2.502984
13900,TRNT1,8,1.9914743
13901,TROAP,8,2.2111697
13902,TRPA1,3,0.83465785
13903,TRPC1,10,1.5354637
13904,TRPC3,3,0.15251087
13905,TRPC4,5,0.44712204
13906,TRPC4AP,7,4.2795415
13907,TRPC5,3,0.17397629
13908,TRPC5OS,3,0.10922391
13909,TRPC6,5,1.2435156
13910,TRPC7,3,0.07513523
13911,TRPM1,3,0.3292897
13912,TRPM2,5,1.7371551
13913,TRPM3,10,0.33320963
13914,TRPM4,6,3.3519297
13915,TRPM5,3,0.19104773
13916,TRPM6,3,0.39567304
13917,TRPM7,8,2.6996515
13918,TRPM8,5,1.2258574
13919,TRPS1,2,1.9788338
13920,TRPT1,7,3.9156854
13921,TRPV1,2,1.9052312
13922,TRPV2,9,2.9965067
13923,TRPV3,5,0.53828126
13924,TRPV4,4,1.7314222
13925,TRPV5,3,0.11014569
13926,TRPV6,10,1.2762005
13927,TRRAP,6,3.1821043
13928,TRUB1,9,3.0329216
13929,TRUB2,4,3.35516
13930,TSACC,10,0.83492
13931,TSC1,8,2.4966414
13932,TSC2,6,3.6900563
13933,TSC22D1,7,4.844016
13934,TSC22D2,2,2.3531513
13935,TSC22D3,6,4.388154
13936,TSEN15,6,3.0642662
13937,TSEN2,4,1.805963
13938,TSEN34,7,3.8461666
13939,TSEN54,6,3.552618
13940,TSFM,6,3.7016466
13941,TSG101,7,4.2218623
13942,TSGA10,10,1.0872645
13943,TSGA10IP,3,0.20807415
13944,TSGA13,3,0.4581229
13945,TSHB,3,0.042438056
13946,TSHR,5,0.7293301
13947,TSHZ1,9,3.0447013
13948,TSHZ2,5,1.2348471
13949,TSHZ3,8,1.8937111
13950,TSKS,3,0.22408031
13951,TSKU,9,3.324625
13952,TSN,7,4.2782717
13953,TSNAX,9,4.0170665
13954,TSNAXIP1,5,1.8475363
13955,TSPAN1,7,3.9327404
13956,TSPAN10,10,1.5457019
13957,TSPAN11,10,1.481759
13958,TSPAN12,9,3.115962
13959,TSPAN13,7,4.6986103
13960,TSPAN14,4,2.8259594
13961,TSPAN15,7,4.1855574
13962,TSPAN17,7,3.789774
13963,TSPAN18,8,2.5441372
13964,TSPAN2,8,1.6419806
13965,TSPAN3,1,4.8399467
13966,TSPAN31,7,4.6927843
13967,TSPAN32,5,1.1221718
13968,TSPAN33,9,3.2194495
13969,TSPAN4,6,3.0059328
13970,TSPAN5,9,2.6920488
13971,TSPAN6,6,3.7361183
13972,TSPAN7,9,3.5684505
13973,TSPAN8,9,2.737127
13974,TSPAN9,9,3.4072227
13975,TSPEAR,3,0.32321918
13976,TSPO,7,4.2695084
13977,TSPO2,10,0.4067187
13978,TSPOAP1,2,1.9521632
13979,TSPYL1,7,4.142689
13980,TSPYL2,6,3.590456
13981,TSPYL4,9,3.192347
13982,TSPYL5,4,2.2881968
13983,TSR1,7,3.83747
13984,TSR2,7,3.7157807
13985,TSR3,7,4.8380265
13986,TSSC4,9,3.4955301
13987,TSSK1B,3,0.08785018
13988,TSSK2,8,1.2087823
13989,TSSK3,8,1.9809698
13990,TSSK4,5,1.1526074
13991,TSSK6,10,1.575602
13992,TST,7,4.011654
13993,TSTD1,9,4.765716
13994,TSTD2,9,3.2174096
13995,TTBK1,3,0.5984174
13996,TTBK2,2,1.7402282
13997,TTC1,7,4.6844316
13998,TTC12,4,2.1876264
13999,TTC13,8,2.2085884
14000,TTC14,4,2.819672
14001,TTC17,7,3.8640897
14002,TTC19,7,3.9965317
14003,TTC21A,10,1.1025442
14004,TTC21B,8,1.6977613
14005,TTC22,8,2.0107775
14006,TTC23,8,2.1119156
14007,TTC23L,5,0.6696614
14008,TTC27,8,3.1293838
14009,TTC28,8,2.1544576
14010,TTC29,3,0.20518993
14011,TTC3,6,3.8541672
14012,TTC32,4,3.0199344
14013,TTC33,4,1.6009011
14014,TTC34,10,0.41296464
14015,TTC36,10,1.2227366
14016,TTC38,7,3.6978366
14017,TTC39A,2,2.3563886
14018,TTC39B,10,1.8121542
14019,TTC39C,8,2.1950927
14020,TTC4,4,3.5797708
14021,TTC5,4,2.5032122
14022,TTC6,10,0.7180082
14023,TTC7A,9,3.1493168
14024,TTC7B,10,1.4562916
14025,TTC8,4,2.515066
14026,TTC9,8,2.2039545
14027,TTC9B,5,0.8639621
14028,TTC9C,4,3.0599937
14029,TTF2,8,1.9070406
14030,TTI1,9,3.3293712
14031,TTI2,4,3.0140643
14032,TTK,8,1.7318054
14033,TTL,8,2.2626426
14034,TTLL1,6,2.5492306
14035,TTLL10,3,0.19362897
14036,TTLL11,5,0.7987122
14037,TTLL12,6,4.1448255
14038,TTLL13,10,0.42808744
14039,TTLL2,3,0.27903363
14040,TTLL3,4,2.5149333
14041,TTLL4,9,2.7259486
14042,TTLL6,10,0.5721068
14043,TTLL7,5,1.333285
14044,TTLL8,3,0.01059499
14045,TTLL9,3,0.6053545
14046,TTN,10,0.56934553
14047,TTPA,5,0.7805327
14048,TTPAL,8,2.3296404
14049,TTR,3,1.0442234
14050,TTYH1,5,1.5986705
14051,TTYH2,2,2.2499275
14052,TTYH3,7,4.4170413
14053,TUB,5,1.688065
14054,TUBA1A,7,5.6095014
14055,TUBA1B,1,7.3153315
14056,TUBA1C,1,5.7311535
14057,TUBA3C,3,0.31991675
14058,TUBA4A,6,4.1015363
14059,TUBA8,10,1.1251702
14060,TUBAL3,10,0.5529383
14061,TUBB,1,6.541957
14062,TUBB1,3,0.7807233
14063,TUBB2A,7,4.428168
14064,TUBB2B,9,3.866228
14065,TUBB3,9,3.3426554
14066,TUBB4A,2,2.2509632
14067,TUBB4B,1,6.440029
14068,TUBB6,7,4.4167023
14069,TUBD1,8,2.460242
14070,TUBE1,4,2.8302119
14071,TUBG1,7,4.3486767
14072,TUBG2,6,3.4441125
14073,TUBGCP2,6,3.2000055
14074,TUBGCP3,8,2.928905
14075,TUBGCP4,4,3.1811745
14076,TUBGCP5,2,2.658337
14077,TUBGCP6,6,3.2205272
14078,TUFM,1,5.7539062
14079,TUFT1,9,3.2070618
14080,TUG1,3,0.0
14081,TULP1,3,0.21940407
14082,TULP2,3,0.20459615
14083,TULP3,6,3.4469905
14084,TULP4,8,2.4694371
14085,TUNAR,3,0.17878431
14086,TUSC1,9,3.4353971
14087,TUSC2,7,4.534729
14088,TUSC3,8,2.2494874
14089,TUT1,6,3.6183693
14090,TUT4,9,2.611247
14091,TUT7,2,2.8010318
14092,TVP23A,2,2.539806
14093,TWF1,7,4.3412933
14094,TWF2,7,4.2977753
14095,TWIST1,4,1.842166
14096,TWIST2,3,0.7241338
14097,TWNK,6,2.8292484
14098,TWSG1,6,3.5171251
14099,TXK,10,0.4143234
14100,TXLNA,7,3.775941
14101,TXLNB,10,0.9292372
14102,TXLNG,2,3.0042946
14103,TXN,1,6.321969
14104,TXN2,7,4.6868205
14105,TXNDC11,7,4.2954345
14106,TXNDC12,7,4.559389
14107,TXNDC15,7,4.1398683
14108,TXNDC16,2,2.4485571
14109,TXNDC17,7,4.1239266
14110,TXNDC5,1,5.589682
14111,TXNDC8,3,0.0070887236
14112,TXNDC9,8,2.9822416
14113,TXNIP,1,6.082884
14114,TXNL1,6,3.5168307
14115,TXNL4A,6,3.7218893
14116,TXNL4B,8,2.3732708
14117,TXNRD1,7,4.211926
14118,TXNRD2,2,3.0309274
14119,TXNRD3,4,2.3507526
14120,TYK2,6,4.044388
14121,TYMP,7,4.5067167
14122,TYMS,4,3.1375847
14123,TYR,3,0.7554205
14124,TYRO3,2,1.9711754
14125,TYROBP,7,4.9794836
14126,TYRP1,10,1.0053856
14127,TYSND1,6,3.15625
14128,TYW3,4,2.925164
14129,TYW5,2,1.883198
14130,U2AF1,9,4.1198425
14131,U2AF1L4,9,3.6241593
14132,U2AF2,1,5.153493
14133,U2SURP,6,3.6456852
14134,UACA,9,3.320375
14135,UAP1,6,3.8033412
14136,UAP1L1,9,2.9701407
14137,UBA1,1,4.796698
14138,UBA2,6,4.3307214
14139,UBA3,7,4.206667
14140,UBA5,6,3.249671
14141,UBA52,1,5.86031
14142,UBA6,8,2.666017
14143,UBA7,7,3.705377
14144,UBAC1,7,3.8779902
14145,UBAC2,7,4.3618484
14146,UBALD1,6,3.3235495
14147,UBALD2,7,4.56247
14148,UBAP1,6,3.4948745
14149,UBAP1L,2,1.9618788
14150,UBAP2,6,3.377759
14151,UBAP2L,1,4.503518
14152,UBASH3A,10,0.94375604
14153,UBASH3B,5,1.5352821
14154,UBB,1,7.480539
14155,UBC,1,7.472575
14156,UBD,7,4.5631514
14157,UBE2A,6,4.1138215
14158,UBE2B,6,4.158573
14159,UBE2C,6,3.6795912
14160,UBE2D1,6,3.215848
14161,UBE2D2,7,4.326087
14162,UBE2D3,7,4.6556706
14163,UBE2E1,6,4.5360427
14164,UBE2E2,4,2.939296
14165,UBE2E3,6,3.8841095
14166,UBE2F,9,3.0099895
14167,UBE2G1,9,3.1373513
14168,UBE2G2,7,4.327237
14169,UBE2H,7,4.5906315
14170,UBE2I,6,3.7701173
14171,UBE2J1,7,4.2214265
14172,UBE2J2,6,3.4951868
14173,UBE2K,7,4.0167627
14174,UBE2L6,1,5.020134
14175,UBE2M,1,5.113478
14176,UBE2N,7,3.8956344
14177,UBE2O,6,3.3277645
14178,UBE2Q1,7,4.502407
14179,UBE2Q2,8,3.6516256
14180,UBE2QL1,10,1.0428618
14181,UBE2R2,7,4.2134886
14182,UBE2T,6,3.118904
14183,UBE2V1,1,4.8987484
14184,UBE2V2,6,3.5985787
14185,UBE2W,4,2.7208893
14186,UBE2Z,7,4.8949475
14187,UBE3A,6,3.0932977
14188,UBE3B,9,3.1088185
14189,UBE3C,7,3.9791214
14190,UBE4A,6,3.5866609
14191,UBE4B,9,3.3534877
14192,UBFD1,6,3.9023907
14193,UBIAD1,6,3.1998365
14194,UBL3,7,4.1406326
14195,UBL4A,7,4.3826466
14196,UBL4B,10,0.20114443
14197,UBL5,1,6.037356
14198,UBL7,6,3.993669
14199,UBLCP1,6,3.7719529
14200,UBN1,9,3.361611
14201,UBN2,8,2.0386755
14202,UBOX5,9,2.4666715
14203,UBP1,6,3.895563
14204,UBQLN1,7,4.2424064
14205,UBQLN2,6,3.9028993
14206,UBQLN3,3,0.0056128763
14207,UBQLN4,6,3.9879305
14208,UBR1,4,2.6364796
14209,UBR2,4,3.0762467
14210,UBR3,4,3.0355155
14211,UBR4,9,3.3893173
14212,UBR5,6,3.2694204
14213,UBR7,7,3.8131504
14214,UBTD1,6,3.4312668
14215,UBTD2,9,3.4325886
14216,UBTF,7,4.1704264
14217,UBTFL1,3,0.00924156
14218,UBXN1,1,5.299909
14219,UBXN10,5,1.5568414
14220,UBXN11,6,4.0451713
14221,UBXN2A,2,2.313486
14222,UBXN2B,4,3.059787
14223,UBXN4,7,4.753437
14224,UBXN6,1,5.2769575
14225,UBXN7,2,2.6738806
14226,UBXN8,9,2.6588702
14227,UCHL1,9,3.0265176
14228,UCHL5,8,2.9374573
14229,UCK1,7,3.9988384
14230,UCK2,8,3.0361893
14231,UCKL1,7,3.9697227
14232,UCMA,3,0.016304255
14233,UCN,8,1.541588
14234,UCN2,10,0.72348636
14235,UCN3,10,0.43734595
14236,UCP1,3,0.07500335
14237,UCP2,9,4.2165895
14238,UCP3,10,0.85437286
14239,UEVLD,4,2.9142394
14240,UFC1,1,5.784015
14241,UFD1,7,4.594399
14242,UFL1,6,3.5132518
14243,UFM1,7,4.3331285
14244,UFSP1,8,1.9381175
14245,UFSP2,4,3.7602785
14246,UGCG,9,3.9399579
14247,UGDH,9,3.7592766
14248,UGGT1,6,3.4167998
14249,UGGT2,2,2.474811
14250,UGP2,1,4.799568
14251,UGT1A1,3,1.9684459
14252,UGT2A1,3,0.18399042
14253,UGT2A2,3,0.14220423
14254,UGT8,8,1.8471256
14255,UHMK1,9,3.8013296
14256,UHRF1,6,2.169222
14257,UHRF2,9,3.2614517
14258,UIMC1,8,2.5212083
14259,ULK1,9,3.5190926
14260,ULK2,2,2.1291907
14261,ULK3,7,3.897996
14262,ULK4,2,1.47221
14263,UMAD1,2,3.076127
14264,UMOD,10,0.09818226
14265,UMODL1,3,0.24579003
14266,UMPS,9,2.8342295
14267,UNC119,6,2.8437345
14268,UNC119B,7,3.5656219
14269,UNC13A,10,0.53251505
14270,UNC13B,4,2.513384
14271,UNC13C,3,0.10151211
14272,UNC13D,9,2.6004267
14273,UNC45A,7,4.385862
14274,UNC45B,3,0.12479394
14275,UNC50,6,3.8157423
14276,UNC5A,10,0.87600386
14277,UNC5B,9,2.9898553
14278,UNC5C,5,1.1377838
14279,UNC5CL,2,2.583286
14280,UNC5D,3,0.42114425
14281,UNC79,3,0.31683186
14282,UNC80,3,0.43972844
14283,UNC93B1,7,4.0982776
14284,UNCX,3,0.034540843
14285,UNG,9,3.4192183
14286,UNK,6,3.4332912
14287,UNKL,2,2.5087726
14288,UPB1,5,0.8238666
14289,UPF1,7,4.3638206
14290,UPF2,9,3.0255058
14291,UPF3A,6,3.6423495
14292,UPF3B,8,2.8865807
14293,UPK1A,10,0.5322823
14294,UPK1B,3,0.38478798
14295,UPK2,5,1.0660132
14296,UPK3A,5,1.1592156
14297,UPK3B,10,0.8631731
14298,UPP1,6,3.4422193
14299,UPP2,3,0.3648183
14300,UPRT,2,2.5758011
14301,UQCC1,4,3.1603703
14302,UQCC2,6,3.765106
14303,UQCC3,6,3.420883
14304,UQCR10,1,5.4373565
14305,UQCR11,7,5.517923
14306,UQCRC1,1,5.885102
14307,UQCRC2,7,4.7119107
14308,UQCRQ,1,5.329911
14309,URB1,8,2.7347665
14310,URB2,4,2.1514428
14311,URGCP,9,3.3233774
14312,URI1,7,4.217134
14313,URM1,7,3.8651927
14314,UROC1,3,0.34387806
14315,UROD,7,4.357079
14316,UROS,6,3.36835
14317,USB1,4,3.3443632
14318,USE1,4,3.3603241
14319,USF1,7,4.3222194
14320,USF2,1,5.354527
14321,USF3,8,2.0169911
14322,USH1C,4,1.7895685
14323,USH1G,3,0.1639905
14324,USH2A,3,0.1043597
14325,USHBP1,10,1.2980964
14326,USO1,7,4.3242006
14327,USP1,8,3.045588
14328,USP10,7,4.1826367
14329,USP11,9,4.4652247
14330,USP12,6,3.2402399
14331,USP13,8,2.2561662
14332,USP14,7,3.8746557
14333,USP15,4,2.2005477
14334,USP16,9,3.2755182
14335,USP18,9,2.4930491
14336,USP19,9,3.7370484
14337,USP2,5,1.7338388
14338,USP20,9,3.1021724
14339,USP21,9,3.591066
14340,USP22,7,4.8575144
14341,USP24,9,2.9922533
14342,USP25,8,3.0808876
14343,USP27X,2,1.9742914
14344,USP28,2,2.7166963
14345,USP3,8,3.0414233
14346,USP30,4,2.7857857
14347,USP31,8,2.0160975
14348,USP33,4,3.446191
14349,USP34,6,3.4862554
14350,USP35,2,1.8063531
14351,USP36,4,3.0870118
14352,USP37,2,2.2528846
14353,USP38,4,2.681794
14354,USP39,7,4.1883683
14355,USP4,9,3.4425664
14356,USP40,9,3.2520664
14357,USP42,8,2.592851
14358,USP43,8,1.6638297
14359,USP44,3,0.29594555
14360,USP45,8,1.7033523
14361,USP46,8,2.1536517
14362,USP47,4,3.1972253
14363,USP48,6,3.3617241
14364,USP49,2,1.3050288
14365,USP5,7,4.551639
14366,USP50,8,1.8785504
14367,USP51,4,1.3602656
14368,USP53,2,2.555007
14369,USP54,6,3.0122397
14370,USP6NL,6,2.7018642
14371,USP7,7,4.184435
14372,USP8,2,2.3332572
14373,USP9X,9,3.6104252
14374,USP9Y,3,1.0720559
14375,USPL1,2,2.2731967
14376,UST,5,2.0531762
14377,UTP11,4,3.7035303
14378,UTP15,2,2.23527
14379,UTP18,7,3.759258
14380,UTP20,4,2.5079126
14381,UTP23,9,3.0579872
14382,UTP25,4,2.493792
14383,UTP3,7,3.9362714
14384,UTP4,9,3.1671343
14385,UTP6,9,3.4471147
14386,UTRN,4,3.1849332
14387,UVRAG,8,2.6665118
14388,UVSSA,5,1.2936133
14389,UXS1,7,3.901325
14390,UXT,1,5.446933
14391,VAC14,7,3.7885923
14392,VAMP1,2,2.3408496
14393,VAMP2,1,4.5603724
14394,VAMP3,7,4.8345833
14395,VAMP4,4,2.6304169
14396,VAMP5,7,4.8572497
14397,VAMP8,1,5.724025
14398,VANGL1,4,2.3141024
14399,VANGL2,8,2.4105792
14400,VAPA,7,4.1681414
14401,VAPB,6,3.51034
14402,VARS2,7,3.9583693
14403,VASH1,4,3.0357723
14404,VASH2,5,0.7219729
14405,VASN,6,3.4484975
14406,VASP,7,4.6562724
14407,VAT1,1,5.3832903
14408,VAT1L,5,1.0140336
14409,VAV1,5,2.2790453
14410,VAV2,6,3.4833047
14411,VAV3,4,2.4775295
14412,VAX1,3,0.14300427
14413,VAX2,10,1.1657047
14414,VBP1,7,4.330877
14415,VCAM1,6,3.3832715
14416,VCAN,9,3.2120197
14417,VCL,6,4.204332
14418,VCP,1,5.10213
14419,VCPIP1,8,2.4923725
14420,VCPKMT,9,2.4597867
14421,VDAC1,7,4.438724
14422,VDAC2,7,4.1455603
14423,VDAC3,6,4.1962843
14424,VDR,4,2.5199556
14425,VEGFA,1,5.1875844
14426,VEGFB,7,4.8161225
14427,VEGFC,8,2.3990464
14428,VEGFD,3,0.78225315
14429,VEPH1,5,1.2408236
14430,VEZF1,6,3.678517
14431,VEZT,6,3.6869266
14432,VGF,10,1.361692
14433,VGLL2,3,0.13365646
14434,VGLL3,5,1.0931457
14435,VGLL4,9,4.1190166
14436,VHL,4,3.2756217
14437,VIL1,8,2.7761338
14438,VILL,9,2.427304
14439,VIM,1,7.09876
14440,VIP,10,0.38636035
14441,VIPAS39,9,3.1804028
14442,VIPR1,8,2.1122036
14443,VIPR2,5,0.7542981
14444,VIRMA,6,3.415976
14445,VIT,3,0.4304661
14446,VKORC1,7,4.84251
14447,VKORC1L1,6,3.5201879
14448,VLDLR,4,2.1122382
14449,VMA21,7,3.5648556
14450,VMAC,8,2.234195
14451,VMO1,5,2.1502934
14452,VMP1,7,4.5346007
14453,VNN1,5,1.3579841
14454,VOPP1,7,4.0479426
14455,VPREB3,2,1.375548
14456,VPS11,6,3.7755883
14457,VPS13A,8,2.1007612
14458,VPS13B,9,2.3080914
14459,VPS13C,8,2.6266537
14460,VPS13D,8,2.7454598
14461,VPS16,9,3.9586005
14462,VPS18,4,3.5467374
14463,VPS25,7,4.9845715
14464,VPS26A,6,3.7594097
14465,VPS26B,7,4.12251
14466,VPS26C,9,3.7305946
14467,VPS28,7,4.8371263
14468,VPS29,7,4.758836
14469,VPS33A,4,3.9397812
14470,VPS33B,4,3.1803844
14471,VPS35,7,4.1709785
14472,VPS35L,6,3.4345264
14473,VPS36,6,3.542429
14474,VPS37A,2,2.6249287
14475,VPS37B,7,4.1612506
14476,VPS37C,6,3.1050687
14477,VPS37D,4,2.1731515
14478,VPS39,6,3.9648876
14479,VPS41,6,3.5706167
14480,VPS45,8,2.961089
14481,VPS4A,1,4.781929
14482,VPS4B,6,3.9565928
14483,VPS50,6,2.6401434
14484,VPS51,7,4.9210534
14485,VPS52,7,4.229163
14486,VPS53,4,1.9414932
14487,VPS54,8,3.128563
14488,VPS72,7,4.5518403
14489,VPS8,4,2.608453
14490,VPS9D1,9,2.9696028
14491,VRK1,10,1.3172929
14492,VRK2,8,2.2573593
14493,VRK3,6,2.9673986
14494,VRTN,3,0.08114639
14495,VSIG1,10,1.0725031
14496,VSIG10,4,3.0034177
14497,VSIG10L,8,1.4667863
14498,VSIG2,8,2.3733778
14499,VSIG8,10,0.39125323
14500,VSIR,4,3.321861
14501,VSNL1,10,1.1123652
14502,VSTM2A,3,0.36104336
14503,VSTM2B,10,0.20248817
14504,VSTM2L,9,2.2253478
14505,VSTM4,8,2.1457112
14506,VSTM5,3,0.623726
14507,VSX1,3,0.2129638
14508,VSX2,3,0.04732875
14509,VTA1,8,3.0425904
14510,VTCN1,10,0.88404906
14511,VTI1A,8,2.4539227
14512,VTI1B,7,4.0625625
14513,VTN,5,1.3558637
14514,VWA1,7,4.323134
14515,VWA2,5,1.0664809
14516,VWA3A,3,0.342155
14517,VWA3B,3,0.3505228
14518,VWA5B1,3,0.13700847
14519,VWA5B2,10,0.41929507
14520,VWA7,8,1.6443033
14521,VWA8,4,2.6063466
14522,VWC2,3,0.09858116
14523,VWC2L,3,0.0991904
14524,VWCE,10,0.8408709
14525,VWF,9,4.083262
14526,VXN,5,1.5486885
14527,WAC,7,4.137439
14528,WAPL,4,3.1173203
14529,WARS2,9,2.7198865
14530,WAS,4,2.270545
14531,WASF1,8,1.882147
14532,WASF2,6,4.24988
14533,WASF3,5,1.9390132
14534,WASHC3,6,3.575787
14535,WASHC4,9,3.379559
14536,WASHC5,6,3.7416885
14537,WASL,7,4.2344246
14538,WBP1,1,5.026418
14539,WBP1L,6,3.9933684
14540,WBP2,1,5.418288
14541,WBP2NL,5,1.2974612
14542,WBP4,6,3.1654618
14543,WDCP,9,2.2845716
14544,WDFY1,6,3.8078854
14545,WDFY2,5,1.6558384
14546,WDFY3,8,2.5092654
14547,WDFY4,10,1.265327
14548,WDHD1,4,1.775462
14549,WDPCP,5,0.9239798
14550,WDR1,1,5.6971116
14551,WDR11,7,3.6246128
14552,WDR12,4,2.4827974
14553,WDR13,7,3.9189568
14554,WDR17,3,0.6949663
14555,WDR18,7,4.0421576
14556,WDR19,8,2.591416
14557,WDR24,2,3.0220606
14558,WDR25,4,2.4305048
14559,WDR26,9,3.9729483
14560,WDR27,8,1.8048685
14561,WDR3,4,2.5450482
14562,WDR31,8,1.5229895
14563,WDR33,4,2.9876537
14564,WDR35,2,2.3619673
14565,WDR36,6,2.914672
14566,WDR37,4,2.308803
14567,WDR38,10,0.9763183
14568,WDR4,8,2.2651365
14569,WDR41,9,3.3768106
14570,WDR43,6,3.751791
14571,WDR44,4,2.6132562
14572,WDR45,7,4.226608
14573,WDR45B,1,4.865293
14574,WDR46,7,4.4401636
14575,WDR47,2,2.4188712
14576,WDR48,9,3.5742693
14577,WDR49,3,0.27419147
14578,WDR5,6,3.6065094
14579,WDR53,5,1.4563123
14580,WDR54,9,3.2155318
14581,WDR55,9,3.7441642
14582,WDR59,9,2.9684303
14583,WDR5B,4,2.260745
14584,WDR6,7,4.7195134
14585,WDR62,8,1.6719795
14586,WDR64,3,0.07241404
14587,WDR7,8,2.4408808
14588,WDR70,9,3.281083
14589,WDR72,10,1.3511174
14590,WDR73,6,3.1641808
14591,WDR74,6,3.9901714
14592,WDR75,4,3.0043356
14593,WDR76,8,1.762353
14594,WDR77,6,3.9642465
14595,WDR81,9,3.0955126
14596,WDR82,7,4.4676743
14597,WDR83,6,3.985712
14598,WDR83OS,1,6.2245665
14599,WDR86,8,2.9121268
14600,WDR89,4,2.447126
14601,WDR90,4,2.7257953
14602,WDR91,8,2.5678222
14603,WDR93,3,0.5864798
14604,WDSUB1,8,2.4448268
14605,WDTC1,6,3.904706
14606,WEE1,6,3.3077009
14607,WEE2,5,0.26071715
14608,WFDC1,5,1.60504
14609,WFDC5,3,0.3453199
14610,WFDC9,3,0.010831381
14611,WFIKKN1,10,1.1500427
14612,WFIKKN2,3,0.211125
14613,WFS1,6,3.5798776
14614,WHAMM,8,2.4870176
14615,WHRN,2,2.110485
14616,WIF1,5,0.7566543
14617,WIPF1,8,2.9791853
14618,WIPF2,4,3.1409218
14619,WIPF3,8,1.5811619
14620,WIPI1,6,4.050978
14621,WIPI2,7,4.128413
14622,WIZ,9,3.1011271
14623,WLS,7,4.244259
14624,WNK1,9,3.8288813
14625,WNK2,5,1.9612172
14626,WNK3,3,0.7454378
14627,WNK4,5,1.8863281
14628,WNT1,3,0.07419688
14629,WNT10A,5,1.0858557
14630,WNT10B,5,0.6083488
14631,WNT11,5,0.9473452
14632,WNT16,3,0.27442423
14633,WNT2,10,1.0778443
14634,WNT2B,5,1.323864
14635,WNT3,5,1.4551921
14636,WNT3A,3,0.2632017
14637,WNT4,5,1.4750272
14638,WNT5A,8,2.288607
14639,WNT5B,5,1.528874
14640,WNT6,3,0.55982697
14641,WNT7A,3,0.38057464
14642,WNT7B,2,1.3430622
14643,WNT8A,5,0.021619452
14644,WNT8B,10,0.19928789
14645,WNT9A,5,1.2851715
14646,WNT9B,3,0.10532475
14647,WRAP53,8,2.387861
14648,WRAP73,9,3.5051394
14649,WRN,5,1.8241557
14650,WRNIP1,6,3.9081953
14651,WSB1,6,3.7247376
14652,WSB2,7,4.5668826
14653,WSCD1,5,1.482278
14654,WSCD2,10,0.4832924
14655,WT1,3,0.57864547
14656,WTAP,6,3.8809357
14657,WTIP,5,1.2678504
14658,WWC1,6,3.271458
14659,WWC2,8,2.2294648
14660,WWOX,2,2.5195434
14661,WWP1,9,3.81031
14662,WWP2,4,3.176125
14663,WWTR1,6,3.7277277
14664,XAB2,7,4.395207
14665,XBP1,1,6.113736
14666,XCR1,10,0.47293046
14667,XDH,3,1.2704349
14668,XIAP,9,3.176291
14669,XIRP1,3,0.3778169
14670,XIRP2,3,0.09653034
14671,XK,5,1.3200659
14672,XKR4,3,0.13409573
14673,XKR5,3,0.12873068
14674,XKR6,5,0.58656883
14675,XKR7,3,0.13287133
14676,XKR8,8,2.794757
14677,XKR9,10,0.7698248
14678,XKRX,2,0.8513435
14679,XPA,4,3.3821514
14680,XPC,6,3.801908
14681,XPNPEP1,7,4.120225
14682,XPNPEP2,2,1.0993907
14683,XPNPEP3,8,2.33448
14684,XPO1,7,4.1120996
14685,XPO4,4,2.4322252
14686,XPO5,7,3.629212
14687,XPO6,7,4.2685747
14688,XPO7,9,3.903906
14689,XPOT,9,3.7548766
14690,XPR1,9,3.0899396
14691,XRCC1,7,4.087652
14692,XRCC2,10,1.3480926
14693,XRCC3,2,2.2413142
14694,XRCC4,2,2.2759528
14695,XRCC5,1,5.516403
14696,XRCC6,1,5.5236707
14697,XRN1,2,2.5265658
14698,XRN2,7,4.4919367
14699,XRRA1,9,2.841289
14700,XXYLT1,8,2.8022485
14701,XYLB,10,1.6455839
14702,XYLT1,5,1.979507
14703,XYLT2,9,3.569407
14704,YAE1,4,2.5303679
14705,YAF2,10,1.9516084
14706,YAP1,7,4.055249
14707,YARS2,6,3.2023447
14708,YBEY,8,3.1498332
14709,YBX1,1,5.373854
14710,YBX2,8,1.7315044
14711,YBX3,7,4.69362
14712,YDJC,6,3.7501543
14713,YEATS2,9,3.1388462
14714,YEATS4,9,3.5609043
14715,YES1,4,3.5660198
14716,YIF1A,1,5.013346
14717,YIF1B,6,3.5450764
14718,YIPF1,6,2.8915434
14719,YIPF2,7,4.4303737
14720,YIPF3,1,5.653723
14721,YIPF4,9,2.9437435
14722,YIPF5,6,3.8943112
14723,YIPF6,9,3.6241174
14724,YIPF7,3,0.2981633
14725,YJEFN3,8,2.4120238
14726,YJU2,7,3.941156
14727,YKT6,1,4.7975407
14728,YLPM1,6,3.384429
14729,YME1L1,7,4.157383
14730,YOD1,2,2.1557379
14731,YPEL1,2,2.6455653
14732,YPEL2,8,2.9459124
14733,YPEL3,7,3.878474
14734,YPEL4,10,0.77494735
14735,YPEL5,7,3.8166995
14736,YRDC,6,3.6081398
14737,YTHDC1,9,3.6432314
14738,YTHDC2,4,2.8175945
14739,YTHDF1,7,4.355909
14740,YTHDF2,6,4.435604
14741,YTHDF3,7,3.9162283
14742,YWHAB,1,5.378861
14743,YWHAE,1,6.5853515
14744,YWHAG,1,5.214431
14745,YWHAH,1,5.5030217
14746,YWHAZ,1,5.552646
14747,YY1,6,4.046352
14748,ZAP70,8,1.6036787
14749,ZAR1L,3,0.043367237
14750,ZBED3,2,2.5314484
14751,ZBED4,4,2.1803505
14752,ZBTB1,2,1.9565016
14753,ZBTB10,8,2.618197
14754,ZBTB11,8,2.5673811
14755,ZBTB12,4,2.4480267
14756,ZBTB14,8,2.3620408
14757,ZBTB16,10,0.9169551
14758,ZBTB17,8,2.640016
14759,ZBTB18,6,3.294043
14760,ZBTB2,4,2.4243636
14761,ZBTB20,2,1.671945
14762,ZBTB21,4,2.1620767
14763,ZBTB22,9,3.3995864
14764,ZBTB24,2,2.016297
14765,ZBTB25,5,1.6258584
14766,ZBTB26,8,1.7605625
14767,ZBTB3,2,1.6321423
14768,ZBTB32,10,0.5046808
14769,ZBTB33,4,2.7970555
14770,ZBTB34,2,1.9997137
14771,ZBTB37,2,1.3552239
14772,ZBTB38,4,2.8191338
14773,ZBTB39,2,1.9426658
14774,ZBTB4,9,3.403604
14775,ZBTB40,2,2.4994571
14776,ZBTB41,8,2.3821077
14777,ZBTB42,6,2.841884
14778,ZBTB43,8,1.7881073
14779,ZBTB44,8,2.8392153
14780,ZBTB45,9,2.8858168
14781,ZBTB46,8,1.8053626
14782,ZBTB48,4,3.1413288
14783,ZBTB49,8,1.726192
14784,ZBTB5,4,2.241371
14785,ZBTB6,2,2.2925954
14786,ZBTB7A,4,2.8280597
14787,ZBTB7B,9,3.3133814
14788,ZBTB7C,2,1.705472
14789,ZBTB8A,5,1.6694341
14790,ZBTB8B,3,0.14392191
14791,ZBTB8OS,9,3.2193785
14792,ZBTB9,6,2.9264557
14793,ZC2HC1A,2,2.4518259
14794,ZC2HC1B,3,0.0949145
14795,ZC2HC1C,2,1.2183173
14796,ZC3H10,8,1.7583905
14797,ZC3H12A,8,2.737019
14798,ZC3H12B,10,0.6518391
14799,ZC3H12C,2,1.77715
14800,ZC3H12D,10,0.8783838
14801,ZC3H13,6,3.335123
14802,ZC3H14,8,2.4620183
14803,ZC3H15,9,3.803469
14804,ZC3H18,6,3.4497244
14805,ZC3H3,6,3.5184858
14806,ZC3H4,6,3.306885
14807,ZC3H6,2,1.6195081
14808,ZC3H7A,6,3.4472492
14809,ZC3H7B,7,4.2594323
14810,ZC3H8,5,1.4632856
14811,ZC3HAV1,4,3.1411405
14812,ZC3HAV1L,2,1.8887264
14813,ZC3HC1,6,3.499965
14814,ZC4H2,2,1.6938092
14815,ZCCHC10,4,2.953403
14816,ZCCHC13,3,0.008703162
14817,ZCCHC14,4,3.026687
14818,ZCCHC17,6,3.661568
14819,ZCCHC2,4,2.5985665
14820,ZCCHC24,9,3.2993383
14821,ZCCHC3,7,3.5914295
14822,ZCCHC4,2,1.9265418
14823,ZCCHC7,8,2.6707094
14824,ZCCHC8,8,2.7040296
14825,ZCCHC9,4,2.6040554
14826,ZCRB1,4,3.7428148
14827,ZCWPW1,8,2.0080588
14828,ZCWPW2,10,1.1483657
14829,ZDHHC1,9,2.792177
14830,ZDHHC12,7,4.434056
14831,ZDHHC13,9,2.7897243
14832,ZDHHC14,8,2.0317361
14833,ZDHHC15,10,0.6852246
14834,ZDHHC16,9,3.4806519
14835,ZDHHC17,4,2.9722393
14836,ZDHHC18,6,3.144376
14837,ZDHHC19,3,0.40948084
14838,ZDHHC2,9,2.3744519
14839,ZDHHC20,7,3.7427452
14840,ZDHHC21,2,1.761975
14841,ZDHHC22,5,0.33002973
14842,ZDHHC23,2,1.8004683
14843,ZDHHC24,6,2.8049257
14844,ZDHHC3,6,2.8862116
14845,ZDHHC4,9,3.5845866
14846,ZDHHC5,9,4.0885615
14847,ZDHHC6,4,3.303933
14848,ZDHHC7,7,3.6070623
14849,ZDHHC8,6,3.0874598
14850,ZDHHC9,9,4.055146
14851,ZEB1,9,2.8279364
14852,ZEB2,8,2.4153466
14853,ZER1,6,3.830492
14854,ZFAND1,6,3.845047
14855,ZFAND2A,9,2.8704283
14856,ZFAND2B,9,3.75583
14857,ZFAND3,7,4.49016
14858,ZFAND4,2,1.5183889
14859,ZFAND5,6,4.0611415
14860,ZFAND6,8,2.5962243
14861,ZFAT,8,2.21626
14862,ZFC3H1,4,2.6895986
14863,ZFHX2,10,0.8796861
14864,ZFHX3,8,2.2248013
14865,ZFHX4,10,0.8719677
14866,ZFP1,2,2.1298401
14867,ZFP14,5,1.6335815
14868,ZFP2,10,0.87772274
14869,ZFP28,2,1.2922922
14870,ZFP3,8,1.9585674
14871,ZFP30,2,1.7386814
14872,ZFP36,1,5.7303267
14873,ZFP36L1,1,5.1360126
14874,ZFP36L2,1,5.2668557
14875,ZFP37,5,1.0008264
14876,ZFP41,8,2.3431697
14877,ZFP42,3,0.09368477
14878,ZFP62,2,2.986675
14879,ZFP64,4,2.5461812
14880,ZFP69,5,1.5029185
14881,ZFP82,2,1.331682
14882,ZFP90,9,2.8482544
14883,ZFP91,6,4.0352836
14884,ZFP92,10,0.7399004
14885,ZFPL1,7,4.1590133
14886,ZFPM1,8,1.8382076
14887,ZFPM2,5,1.2039454
14888,ZFR,9,4.21018
14889,ZFR2,3,0.25282103
14890,ZFTA,2,2.6186879
14891,ZFX,2,2.5441499
14892,ZFYVE1,4,3.0330539
14893,ZFYVE19,6,3.4711983
14894,ZFYVE21,7,4.3502984
14895,ZFYVE26,4,2.4746406
14896,ZFYVE27,4,3.567732
14897,ZFYVE28,5,1.670473
14898,ZFYVE9,8,2.441468
14899,ZG16,3,0.39952913
14900,ZGLP1,10,1.3264974
14901,ZGPAT,7,4.489076
14902,ZHX1,9,3.1681576
14903,ZHX2,8,2.972081
14904,ZHX3,4,2.5691688
14905,ZIC1,5,0.7137082
14906,ZIC2,2,1.1131314
14907,ZIC3,3,0.07930186
14908,ZIC4,3,0.3842453
14909,ZIC5,10,0.58120036
14910,ZIK1,5,1.4534159
14911,ZKSCAN1,7,3.6994317
14912,ZKSCAN2,5,1.5940629
14913,ZKSCAN5,2,2.1191418
14914,ZKSCAN7,5,1.2191459
14915,ZKSCAN8,4,2.7119634
14916,ZMAT1,8,2.396456
14917,ZMAT2,1,5.054389
14918,ZMAT3,2,2.6236598
14919,ZMAT4,3,0.46429703
14920,ZMAT5,2,2.1155891
14921,ZMIZ1,6,3.9521532
14922,ZMIZ2,6,4.2399077
14923,ZMPSTE24,7,4.3911114
14924,ZMYM1,5,1.5319358
14925,ZMYM2,9,3.0468705
14926,ZMYM3,9,3.2077098
14927,ZMYM4,6,3.2776942
14928,ZMYM5,8,2.4240594
14929,ZMYM6,8,2.1789181
14930,ZMYND10,2,1.6120876
14931,ZMYND11,6,3.382484
14932,ZMYND12,2,1.8954369
14933,ZMYND15,4,1.5559396
14934,ZMYND19,6,3.6715071
14935,ZMYND8,7,3.3938973
14936,ZNF106,9,3.2690678
14937,ZNF112,2,1.7350471
14938,ZNF12,8,3.0834665
14939,ZNF131,9,2.916004
14940,ZNF142,2,2.1394403
14941,ZNF143,4,2.363495
14942,ZNF146,9,3.577343
14943,ZNF148,4,2.7347856
14944,ZNF169,10,0.7080962
14945,ZNF174,4,2.6435795
14946,ZNF18,9,2.437924
14947,ZNF180,10,1.3651247
14948,ZNF182,8,1.9332308
14949,ZNF189,9,3.1906483
14950,ZNF2,8,1.8110099
14951,ZNF202,8,1.6897829
14952,ZNF205,6,3.0302722
14953,ZNF207,7,3.5811224
14954,ZNF212,9,2.9086485
14955,ZNF213,6,3.145752
14956,ZNF217,6,3.650497
14957,ZNF219,2,3.1064036
14958,ZNF22,6,3.833505
14959,ZNF23,4,2.0737627
14960,ZNF236,2,1.6068913
14961,ZNF24,4,3.291108
14962,ZNF248,5,2.0528617
14963,ZNF25,5,1.6658688
14964,ZNF250,8,1.7437927
14965,ZNF251,4,2.727394
14966,ZNF260,4,2.5608385
14967,ZNF263,6,2.8354146
14968,ZNF266,9,2.7065516
14969,ZNF276,6,3.0109346
14970,ZNF277,5,1.6313425
14971,ZNF280B,10,0.963324
14972,ZNF280C,5,1.4891663
14973,ZNF280D,4,2.6272287
14974,ZNF281,4,2.887935
14975,ZNF282,6,3.604394
14976,ZNF286A,2,2.0076153
14977,ZNF287,5,1.0046085
14978,ZNF292,10,2.2526596
14979,ZNF296,8,1.8250792
14980,ZNF316,9,2.7901075
14981,ZNF317,4,3.196238
14982,ZNF318,2,2.7384214
14983,ZNF319,2,2.4261003
14984,ZNF32,8,3.1690366
14985,ZNF322,4,2.4595718
14986,ZNF326,2,2.255133
14987,ZNF329,4,2.2417297
14988,ZNF330,6,3.3478472
14989,ZNF334,10,1.2781891
14990,ZNF335,9,2.9565742
14991,ZNF341,2,2.0233214
14992,ZNF346,8,2.0115547
14993,ZNF35,10,1.7198014
14994,ZNF354A,4,2.3652089
14995,ZNF354B,8,2.2112677
14996,ZNF354C,2,2.3211713
14997,ZNF358,6,3.8173757
14998,ZNF362,6,3.5922866
14999,ZNF365,5,0.87939084
15000,ZNF366,10,0.72776604
15001,ZNF367,8,2.138619
15002,ZNF382,10,0.76011616
15003,ZNF383,2,1.5361012
15004,ZNF384,6,3.95408
15005,ZNF385A,7,3.678271
15006,ZNF385B,10,1.1504883
15007,ZNF385C,2,1.8889025
15008,ZNF394,6,3.3156452
15009,ZNF395,6,3.4051025
15010,ZNF397,8,2.3289518
15011,ZNF398,2,2.486141
15012,ZNF407,8,1.7972587
15013,ZNF408,2,3.1003375
15014,ZNF410,9,3.3495495
15015,ZNF414,8,2.8563654
15016,ZNF423,5,1.2658919
15017,ZNF426,2,2.1206818
15018,ZNF428,7,3.8440406
15019,ZNF436,4,2.7886012
15020,ZNF438,2,1.9962894
15021,ZNF444,6,3.1752276
15022,ZNF445,2,1.7767051
15023,ZNF449,5,1.4954681
15024,ZNF45,2,1.5713521
15025,ZNF451,4,2.2163968
15026,ZNF454,5,0.55202246
15027,ZNF462,8,2.0011024
15028,ZNF467,2,1.8748938
15029,ZNF474,3,0.30961186
15030,ZNF48,8,3.1992977
15031,ZNF483,10,0.23560126
15032,ZNF488,10,0.47599348
15033,ZNF496,9,2.9324005
15034,ZNF503,6,2.9809468
15035,ZNF507,2,2.437408
15036,ZNF511,6,3.6837995
15037,ZNF512,7,3.389517
15038,ZNF512B,6,2.8601592
15039,ZNF513,4,3.397405
15040,ZNF516,8,2.076853
15041,ZNF518A,5,1.8576789
15042,ZNF518B,2,1.9483566
15043,ZNF521,8,1.8996766
15044,ZNF524,6,3.4721408
15045,ZNF526,8,2.4896772
15046,ZNF532,9,3.0122218
15047,ZNF536,3,0.35298193
15048,ZNF541,3,0.46862662
15049,ZNF551,8,1.7909641
15050,ZNF558,8,2.0514567
15051,ZNF566,5,1.7615073
15052,ZNF569,2,1.4098698
15053,ZNF574,8,3.0140986
15054,ZNF575,5,1.836851
15055,ZNF579,2,2.6019003
15056,ZNF580,9,3.4939842
15057,ZNF583,5,1.0746666
15058,ZNF592,6,3.0815415
15059,ZNF593,7,4.528487
15060,ZNF597,5,1.5464655
15061,ZNF598,7,3.801976
15062,ZNF605,8,1.7593702
15063,ZNF606,8,1.802253
15064,ZNF608,8,2.2459283
15065,ZNF609,4,2.7429624
15066,ZNF618,2,2.1993456
15067,ZNF622,7,4.2008123
15068,ZNF623,8,2.5595706
15069,ZNF627,4,3.0680573
15070,ZNF628,2,2.169279
15071,ZNF629,4,3.0781364
15072,ZNF638,9,3.325275
15073,ZNF639,4,2.8015368
15074,ZNF641,2,2.065141
15075,ZNF644,4,2.825659
15076,ZNF646,2,2.3651044
15077,ZNF648,3,0.19235875
15078,ZNF652,4,2.4699285
15079,ZNF653,8,2.46485
15080,ZNF654,4,2.160145
15081,ZNF655,9,3.1886103
15082,ZNF664,7,4.3508296
15083,ZNF667,10,0.89276594
15084,ZNF668,8,2.3994715
15085,ZNF672,7,3.3224094
15086,ZNF687,9,3.2897627
15087,ZNF688,4,2.861254
15088,ZNF689,2,2.6369786
15089,ZNF691,4,2.1376693
15090,ZNF692,7,3.3609366
15091,ZNF697,2,2.1072972
15092,ZNF7,2,2.4900315
15093,ZNF703,9,3.755978
15094,ZNF704,4,2.3396742
15095,ZNF706,6,3.219334
15096,ZNF711,5,1.5157821
15097,ZNF740,4,2.815436
15098,ZNF746,2,2.4258957
15099,ZNF750,10,1.1704829
15100,ZNF76,6,3.5879471
15101,ZNF768,7,4.295201
15102,ZNF770,6,3.2095
15103,ZNF771,10,2.0334737
15104,ZNF777,9,3.045882
15105,ZNF784,8,2.6182098
15106,ZNF786,8,2.2584064
15107,ZNF787,6,3.0688322
15108,ZNF791,9,2.7707314
15109,ZNF8,2,1.7642425
15110,ZNF800,8,2.8010592
15111,ZNF804A,10,0.4490469
15112,ZNF804B,3,0.09009044
15113,ZNF821,8,2.309279
15114,ZNF827,5,2.1098018
15115,ZNF830,6,3.166538
15116,ZNF831,3,0.371523
15117,ZNF839,4,2.5901802
15118,ZNF853,2,2.1151
15119,ZNF865,9,2.941436
15120,ZNF879,2,1.1601962
15121,ZNFX1,4,3.54636
15122,ZNHIT1,1,5.8324523
15123,ZNHIT2,4,3.4003084
15124,ZNHIT3,7,4.2617855
15125,ZNHIT6,4,2.512363
15126,ZNRD2,7,4.9012423
15127,ZNRF1,4,2.738697
15128,ZNRF2,2,2.730834
15129,ZNRF3,4,2.498201
15130,ZP1,10,0.31122044
15131,ZP2,3,0.073738605
15132,ZPBP,3,0.033526503
15133,ZPBP2,10,0.03668803
15134,ZPLD1,3,0.16237742
15135,ZPR1,6,3.1361437
15136,ZRANB1,6,3.332612
15137,ZRANB2,6,4.192316
15138,ZRANB3,5,1.344825
15139,ZSCAN10,3,0.039495997
15140,ZSCAN12,5,1.1062233
15141,ZSCAN2,8,2.109633
15142,ZSCAN20,10,0.6232589
15143,ZSCAN21,4,2.4818888
15144,ZSCAN22,5,1.4894173
15145,ZSCAN25,8,2.4950516
15146,ZSCAN26,2,1.9140587
15147,ZSCAN29,8,2.494346
15148,ZSWIM1,2,2.9009047
15149,ZSWIM2,3,0.026036317
15150,ZSWIM3,8,1.9761866
15151,ZSWIM4,8,2.5603428
15152,ZSWIM5,2,1.956613
15153,ZSWIM6,2,2.4828866
15154,ZSWIM7,4,3.0878713
15155,ZSWIM8,7,3.7245739
15156,ZSWIM9,8,2.24364
15157,ZUP1,8,2.3242702
15158,ZW10,9,3.0546
15159,ZWILCH,8,2.384501
15160,ZXDC,8,3.2068834
15161,ZYG11A,10,0.6295796
15162,ZYG11B,8,2.858277
15163,ZYX,1,5.4165425
15164,ZZEF1,9,2.8080268
15165,ZZZ3,2,2.8472033
