library,cluster,term,p_value,overlap_size,cluster_annotated_size,term_size,background_size,overlap_genes,fdr,significant
KEGG,1,NEUROACTIVE LIGAND SIGNALING,3.070877513873208e-14,57,718,182,6576,ADCY1;ADCY8;ADRA1A;CHRM1;CHRM2;CHRNA6;CHRNB4;DRD1;DRD3;GABBR2;GABRA1;GABRA2;GABRA3;GABRA4;GABRB1;GABRB2;GABRG1;GABRR3;GLRA1;GLRB;GNAL;GNG10;GNG4;GRIA1;GRIA2;GRIA3;GRIA4;GRIK1;GRIK3;GRIK4;GRIN2A;GRIN3A;GRM1;GRM3;GRM5;GRM6;GRM7;GRM8;HTR1B;HTR1F;MC4R;OPRK1;P2RY1;PDYN;PLCB4;PRKACB;PRKCA;SLC17A6;SLC18A2;SLC1A2;SLC1A7;SLC5A7;SLC6A11;SLC6A2;SLC6A5;TACR2;TACR3,1.0686653748278763e-11,True
KEGG,1,NEUROACTIVE LIGAND-RECEPTOR INTERACTION,1.1718506657327069e-09,71,718,317,6576,ADCYAP1R1;ADRA1A;CALCR;CHRM1;CHRM2;CHRNA6;CHRNA9;CHRNB4;DRD1;DRD3;GABBR2;GABRA1;GABRA2;GABRA3;GABRA4;GABRB1;GABRB2;GABRG1;GABRR3;GALR1;GHR;GHSR;GLP1R;GLRA1;GLRA2;GLRB;GRIA1;GRIA2;GRIA3;GRIA4;GRID2;GRIK1;GRIK3;GRIK4;GRIN2A;GRIN3A;GRM1;GRM3;GRM5;GRM6;GRM7;GRM8;HTR1B;HTR1F;LPAR3;LPAR4;MC4R;MC5R;NPFFR1;NPFFR2;NPY1R;NPY2R;NPY5R;NTS;OPRK1;OXTR;P2RY1;PAQR9;PDYN;PGRMC1;PRLR;PRSS58;PTGER3;PTH2R;RXFP1;SPX;SSTR2;TAAR5;TACR2;TACR3;TSHR,2.03902015837491e-07,True
KEGG,1,GLUTAMATERGIC SYNAPSE,6.832954619054384e-08,32,718,108,6576,ADCY1;ADCY8;CACNA1A;DLGAP1;GNG10;GNG4;GRIA1;GRIA2;GRIA3;GRIA4;GRIK1;GRIK3;GRIK4;GRIN2A;GRIN3A;GRM1;GRM3;GRM5;GRM6;GRM7;GRM8;HOMER2;ITPR2;KCNJ3;PLCB4;PRKACB;PRKCA;SHANK2;SLC17A6;SLC1A2;SLC1A7;SLC38A1,7.926227358103086e-06,True
KEGG,1,NICOTINE ADDICTION,1.1638598876437193e-07,17,718,38,6576,CACNA1A;CHRNA6;GABRA1;GABRA2;GABRA3;GABRA4;GABRB1;GABRB2;GABRG1;GABRR3;GRIA1;GRIA2;GRIA3;GRIA4;GRIN2A;GRIN3A;SLC17A6,1.0125581022500358e-05,True
KEGG,1,IGSF CAM SIGNALING,8.09129181606578e-07,55,718,261,6576,ACTR2;AFDN;ANK2;ARPC2;ARPC5;CADM2;CASK;CD2AP;CDH2;CLSTN1;CNTN1;CNTN2;CNTNAP2;DCC;EPB41L2;FYN;IL1RAPL2;ITGB1;JAM2;KCNA2;KCNA4;KCNQ3;LRFN5;LRRC4C;MAP2K1;MAPK9;MTSS1;MYH10;NCAM1;NCAM2;NLGN1;NPHS2;NRCAM;NRP1;NTRK3;PARD3;PMP2;PRKCA;PTK2;PTPRD;RIMS1;ROBO2;SLITRK1;SLITRK2;SLITRK3;SLITRK4;SLITRK5;SLITRK6;SPTAN1;SRGAP1;TUBA1A;TUBA1B;TUBB2B;UNC5C;UNC5D,5.631539103981783e-05,True
KEGG,1,MORPHINE ADDICTION,2.76446817349294e-06,25,718,86,6576,ADCY1;ADCY8;CACNA1A;DRD1;GABBR2;GABRA1;GABRA2;GABRA3;GABRA4;GABRB1;GABRB2;GABRG1;GABRR3;GNG10;GNG4;GRK4;KCNJ3;KCNJ6;PDE1A;PDE3B;PDE4B;PDE4C;PDE4D;PRKACB;PRKCA,0.00016033915406259052,True
KEGG,1,CAMP SIGNALING PATHWAY,4.000700692724938e-06,45,718,208,6576,ADCY1;ADCY8;ADCYAP1R1;AFDN;ATP1A2;ATP1B1;ATP1B4;ATP2B1;ATP2B3;BDNF;CALM2;CAMK2B;CAMK4;CHRM1;CHRM2;CLSTN1;CREB5;DRD1;GABBR2;GHSR;GLP1R;GRIA1;GRIA2;GRIA3;GRIA4;GRIN2A;GRIN3A;HHIP;HTR1B;HTR1F;MAP2K1;MAPK9;NPY1R;OXTR;PDE3B;PDE4B;PDE4C;PDE4D;PPP1CB;PRKACB;PRKCA;PTGER3;RAPGEF4;SSTR2;TSHR,0.00019889197729546835,True
KEGG,1,CHOLINERGIC SYNAPSE,2.898029214192705e-05,26,718,103,6576,ADCY1;ADCY8;ATF4;CACNA1A;CAMK2B;CAMK4;CHRM1;CHRM2;CHRNA6;CHRNB4;CLSTN1;CREB5;FYN;GNG10;GNG4;ITPR2;KCNJ2;KCNJ3;KCNJ6;KCNQ3;KCNQ5;MAP2K1;PLCB4;PRKACB;PRKCA;SLC5A7,0.0012606427081738266,True
KEGG,1,DOPAMINERGIC SYNAPSE,3.463112417007935e-05,29,718,122,6576,ATF4;CACNA1A;CALM2;CAMK2B;CREB5;DRD1;DRD3;GNAL;GNG10;GNG4;GRIA1;GRIA2;GRIA3;GRIA4;GRIN2A;ITPR2;KCNJ3;KCNJ6;MAPK9;PLCB4;PPP1CB;PPP2CA;PPP2CB;PPP2R2B;PPP2R2C;PRKACB;PRKCA;SCN1A;SLC18A2,0.0013390701345764016,True
KEGG,1,GABAERGIC SYNAPSE,6.487939230042234e-05,22,718,84,6576,ADCY1;ADCY8;CACNA1A;GABARAPL1;GABBR2;GABRA1;GABRA2;GABRA3;GABRA4;GABRB1;GABRB2;GABRG1;GABRR3;GAD1;GNG10;GNG4;KCNJ6;PLCL1;PRKACB;PRKCA;SLC38A1;SLC6A11,0.002257802852054698,True
KEGG,1,TASTE TRANSDUCTION,8.795002333778844e-05,18,718,63,6576,ADCY8;CACNA1A;GABBR2;GABRA1;GABRA2;GABRA3;GABRA4;GRM1;HTR1B;HTR1F;P2RY1;PDE1A;PLCB4;PRKACB;PRKCA;SCN3A;SCN9A;TAS2R7,0.002782418920140943,True
KEGG,1,LONG-TERM POTENTIATION,0.00012257174786810458,17,718,59,6576,ADCY1;ADCY8;ATF4;CALM2;CAMK2B;CAMK4;GRIA1;GRIA2;GRIN2A;GRM1;GRM5;ITPR2;MAP2K1;PLCB4;PPP1CB;PRKACB;PRKCA,0.003554580688175033,True
KEGG,1,RETROGRADE ENDOCANNABINOID SIGNALING,0.00015745266588891558,29,718,132,6576,ADCY1;ADCY8;CACNA1A;GABRA1;GABRA2;GABRA3;GABRA4;GABRB1;GABRB2;GABRG1;GABRR3;GNG10;GNG4;GRIA1;GRIA2;GRIA3;GRIA4;GRM1;GRM5;ITPR2;IVNS1ABP;KCNJ3;KCNJ6;MAPK9;PLCB4;PRKACB;PRKCA;RIMS1;SLC17A6,0.0042148867484109705,True
KEGG,1,AMPHETAMINE ADDICTION,0.00023846143856057775,17,718,62,6576,ATF4;CALM2;CAMK2B;CAMK4;CREB5;DRD1;GRIA1;GRIA2;GRIA3;GRIA4;GRIN2A;GRIN3A;PDYN;PPP1CB;PRKACB;PRKCA;SLC18A2,0.005927470044220075,True
KEGG,1,OLFACTORY TRANSDUCTION,0.0003657376574755245,12,718,37,6576,ADCY8;ANO2;CALM2;CAMK2B;GNAL;NCALD;PDE1A;PRKACB;PRKCA;PRKG2;RGS2;SLC8A2,0.008209952457476882,True
KEGG,1,BACTERIAL INVASION OF EPITHELIAL CELLS,0.0003774690785046842,18,718,70,6576,ACTR2;ARHGEF26;ARPC2;ARPC5;CAV2;CD2AP;CLSTN1;CLTA;CRK;CTNNA3;ITGB1;PTK2;SEPTIN11;SEPTIN3;SEPTIN8;SHC3;SHC4;WASF1,0.008209952457476882,True
KEGG,1,ENDOCRINE AND OTHER FACTOR-REGULATED CALCIUM REABSORPTION,0.00058320159730428,13,718,44,6576,AP2B1;ATP1A2;ATP1B1;ATP1B4;ATP2B1;ATP2B3;CLTA;KL;PLCB4;PRKACB;PRKCA;RAB11A;SLC8A2,0.011938479756581731,True
KEGG,1,ADRENERGIC SIGNALING IN CARDIOMYOCYTES,0.0007988911487589197,28,718,138,6576,ADCY1;ADCY8;ADRA1A;ATF4;ATP1A2;ATP1B1;ATP1B4;ATP2B1;ATP2B3;CACNA2D3;CACNB4;CALM2;CAMK2B;CREB5;PLCB4;PPP1CB;PPP2CA;PPP2CB;PPP2R2B;PPP2R2C;PRKACB;PRKCA;RAPGEF4;SCN5A;SCN7A;SLC8A2;TPM3;TPM4,0.015445228876005782,True
KEGG,1,SALIVARY SECRETION,0.0009113787368078215,16,718,63,6576,ADCY1;ADCY8;ADRA1A;ATP1A2;ATP1B1;ATP1B4;ATP2B1;ATP2B3;CALM2;ITPR2;PLCB4;PRKACB;PRKCA;PRKG2;RYR3;SLC12A2,0.016692621074164308,True
KEGG,1,SYNAPTIC VESICLE CYCLE,0.0010868195588462112,18,718,76,6576,AP2B1;ATP6V0E1;ATP6V1A;ATP6V1C1;CACNA1A;CLTA;CPLX4;RIMS1;SLC17A6;SLC18A2;SLC1A2;SLC1A7;SLC6A11;SLC6A2;SLC6A5;SNAP25;STX2;UNC13C,0.018910660323924074,True
KEGG,1,AXON GUIDANCE,0.0014813769613226512,32,718,171,6576,ABLIM1;ABLIM2;BMPR1B;CAMK2B;CFL2;CLSTN1;DCC;DPYSL2;DPYSL5;EFNA5;EPHA3;EPHA4;EPHA5;EPHA6;FYN;GDF7;ITGB1;LRRC4C;NRP1;PARD3;PRKCA;PTK2;ROBO2;SEMA3A;SEMA3D;SEMA3E;SEMA6D;SRGAP1;TRPC4;TRPC5;UNC5C;UNC5D,0.02454853250191822,True
KEGG,1,ALDOSTERONE SYNTHESIS AND SECRETION,0.002348630229115758,18,718,81,6576,ADCY1;ADCY8;ATF4;ATP1A2;ATP1B1;ATP1B4;ATP2B1;ATP2B3;CALM2;CAMK2B;CAMK4;CREB5;ITPR2;KCNK3;PLCB4;PRKACB;PRKCA;PRKCE,0.03715105998783108,True
KEGG,1,CELL ADHESION MOLECULE (CAM) INTERACTION,0.002534841768026407,24,718,121,6576,CDH2;CDH4;CLDN19;CNTN1;CNTN2;CNTNAP2;IGSF11;ITGB1;JAM2;LRRC4C;NCAM1;NCAM2;NEGR1;NLGN1;NRCAM;NRXN1;NRXN3;PTPRD;SLITRK1;SLITRK2;SLITRK3;SLITRK4;SLITRK5;SLITRK6,0.038353258055356075,True
KEGG,1,CIRCADIAN ENTRAINMENT,0.0029279845934636157,19,718,89,6576,ADCY1;ADCY8;ADCYAP1R1;CALM2;CAMK2B;GNG10;GNG4;GRIA1;GRIA2;GRIA3;GRIA4;GRIN2A;KCNJ3;KCNJ6;PLCB4;PRKACB;PRKCA;PRKG2;RYR3,0.04245577660522243,True
KEGG,1,COCAINE ADDICTION,0.0030558793861164054,12,718,46,6576,ATF4;BDNF;CREB5;DRD1;GRIA2;GRIN2A;GRIN3A;GRM3;PDYN;PRKACB;PRKCA;SLC18A2,0.042537841054740365,True
KEGG,1,ALCOHOLISM,0.00338196387910881,22,718,110,6576,ATF4;BDNF;CALM2;CAMK4;CREB5;DRD1;GNG10;GNG4;GRIN2A;GRIN3A;HDAC9;MACROH2A2;MAP2K1;NTRK2;PDYN;PKIA;PPP1CB;PRKACB;PRKCA;SHC3;SHC4;SLC18A2,0.0452662857665333,True
KEGG,1,GASTRIC ACID SECRETION,0.0036070357448890118,15,718,65,6576,ADCY1;ADCY8;ATP1A2;ATP1B1;ATP1B4;CALM2;CAMK2B;ITPR2;KCNJ10;KCNJ16;KCNJ2;PLCB4;PRKACB;PRKCA;SSTR2,0.04649068293412504,True
KEGG,1,CALCIUM SIGNALING PATHWAY,0.004334189972766075,39,718,234,6576,ADCY1;ADCY8;ADRA1A;ASPH;ATP2B1;ATP2B3;CACNA1A;CALM2;CAMK2B;CAMK4;CHRM1;CHRM2;DRD1;ERBB4;FGF10;GNAL;GRIN2A;GRIN3A;GRM1;GRM5;ITPR2;MCU;NTRK2;NTRK3;OXTR;PDE1A;PDGFA;PHKB;PHKG1;PLCB4;PRKACB;PRKCA;PTGER3;RYR3;SLC8A2;TACR2;TACR3;VDAC3;VEGFD,0.05386778966152121,False
KEGG,1,"GROWTH HORMONE SYNTHESIS, SECRETION AND ACTION",0.005210176075124979,21,718,107,6576,ADCY1;ADCY8;ATF4;CLSTN1;CREB5;CRK;GHR;GHSR;ITPR2;MAP2K1;MAP2K6;MAPK9;MRAP2;PLCB4;POU1F1;PRKACB;PRKCA;PTK2;SHC3;SHC4;SSTR2,0.061089996193403856,False
KEGG,1,LONG-TERM DEPRESSION,0.005266378982189988,13,718,55,6576,CACNA1A;GRIA1;GRIA2;GRIA3;GRID2;GRM1;ITPR2;MAP2K1;PLCB4;PPP2CA;PPP2CB;PRKCA;PRKG2,0.061089996193403856,False
KEGG,1,INSULIN SECRETION,0.006120022625975215,16,718,75,6576,ADCY1;ADCY8;ADCYAP1R1;ATF4;ATP1A2;ATP1B1;ATP1B4;CAMK2B;CREB5;GLP1R;KCNN2;PLCB4;PRKACB;PRKCA;RAPGEF4;SNAP25,0.06870218947868952,False
KEGG,1,THYROID HORMONE SYNTHESIS,0.010522385218108304,14,718,66,6576,ADCY1;ADCY8;ATF4;ATP1A2;ATP1B1;ATP1B4;CANX;CREB5;GSR;ITPR2;PLCB4;PRKACB;PRKCA;TSHR,0.11443093924692781,False
KEGG,1,ENDOCYTOSIS,0.011085575674625507,35,718,217,6576,ACTR2;AMPH;AP2B1;ARF3;ARFGAP3;ARPC2;ARPC5;ASAP2;CAPZA2;CAV2;CHMP1B;CHMP2B;CLTA;DNAJC6;GRK4;HSPA8;IGF2R;PARD3;PSD2;RAB10;RAB11A;RAB31;RAB4A;RAB8A;RUFY2;SH3GL2;SH3GL3;SNX1;SNX3;SNX4;SNX5;SPG21;TGFBR1;VPS4A;VPS4B,0.1169024343869599,False
KEGG,1,FERROPTOSIS,0.013106097514105535,9,718,36,6576,ACSL3;ACSL4;GCLM;NCOA4;PRNP;SLC38A1;SLC3A2;SLC7A11;VDAC3,0.132490946024922,False
KEGG,1,SEROTONERGIC SYNAPSE,0.013325238824345605,18,718,95,6576,CACNA1A;CYP4X1;GABRB1;GABRB2;GNG10;GNG4;HTR1B;HTR1F;ITPR2;KCND2;KCNJ3;KCNJ6;KCNN2;MAP2K1;PLCB4;PRKACB;PRKCA;SLC18A2,0.132490946024922,False
KEGG,1,GAP JUNCTION,0.017870557061168607,15,718,77,6576,ADCY1;ADCY8;DRD1;GRM1;GRM5;ITPR2;MAP2K1;PDGFA;PLCB4;PRKACB;PRKCA;PRKG2;TUBA1A;TUBA1B;TUBB2B,0.1727487182579632,False
KEGG,1,TIGHT JUNCTION,0.018457152337565716,25,718,149,6576,ACTR2;AFDN;ARPC2;ARPC5;CLDN19;ITGB1;JAM2;MAP3K5;MAPK9;MPP4;MYH10;PARD3;PPP2CA;PPP2CB;PPP2R2B;PPP2R2C;PRKAA2;PRKACB;PRKCA;PRKCE;RAB8A;RAB8B;TUBA1A;TUBA1B;YBX3,0.17359700036413162,False
KEGG,1,GNRH SECRETION,0.020758078146947485,12,718,58,6576,CLSTN1;GABBR2;HCN1;ITPR2;KCNJ3;KCNJ6;KCNN2;MAP2K1;PLCB4;PRKCA;TRPC4;TRPC5,0.19010029460888747,False
KEGG,1,PHOSPHOLIPASE D SIGNALING PATHWAY,0.023029345437163607,23,718,137,6576,ADCY1;ADCY8;AGPAT5;CLSTN1;DGKB;DGKG;DGKI;FYN;GRM1;GRM3;GRM5;GRM6;GRM7;GRM8;LPAR3;LPAR4;MAP2K1;PDGFA;PLCB4;PRKCA;RAPGEF4;SHC3;SHC4,0.20549262082392142,False
KEGG,1,OXYTOCIN SIGNALING PATHWAY,0.024897302398572133,23,718,138,6576,ADCY1;ADCY8;CACNA2D3;CACNB4;CALM2;CAMK2B;CAMK4;ITPR2;KCNH8;KCNJ2;KCNJ3;KCNJ6;MAP2K1;MEF2C;OXTR;PLCB4;PPP1CB;PPP1R12B;PRKAA2;PRKACB;PRKCA;RGS2;RYR3,0.21660653086757756,False
KEGG,1,CORTISOL SYNTHESIS AND SECRETION,0.029167717294752614,11,718,54,6576,ADCY1;ADCY8;ATF4;CREB5;ITPR2;KCNA4;KCNK3;NCEH1;PLCB4;PRKACB;PRKCA,0.2397390564034694,False
KEGG,1,ESTROGEN SIGNALING PATHWAY,0.02971009281035471,20,718,118,6576,ADCY1;ADCY8;ATF4;CALM2;CLSTN1;CREB5;GABBR2;GRM1;HSP90AA1;HSPA8;ITPR2;KCNJ3;KCNJ6;KRT9;MAP2K1;PLCB4;PRKACB;PRKCA;SHC3;SHC4,0.2397390564034694,False
KEGG,1,VASOPRESSIN-REGULATED WATER REABSORPTION,0.029830098753827403,9,718,41,6576,ADCY8;CREB5;DCTN4;DYNC1I1;DYNC1LI1;DYNC1LI2;PRKACB;PRKCA;RAB11A,0.2397390564034694,False
KEGG,1,PANCREATIC SECRETION,0.030311834717680043,15,718,82,6576,ADCY1;ADCY8;ATP1A2;ATP1B1;ATP1B4;ATP2B1;ATP2B3;CPA1;ITPR2;PLCB4;PRKCA;PRSS58;RAB11A;RAB8A;SLC12A2,0.2397390564034694,False
KEGG,1,PROTEIN DIGESTION AND ABSORPTION,0.03341898798001961,15,718,83,6576,ATP1A2;ATP1B1;ATP1B4;COL19A1;COL25A1;COL28A1;COL4A3;COL6A5;COL9A1;CPA1;KCNJ13;PRSS58;SLC16A10;SLC3A2;SLC8A2,0.2544312325866231,False
KEGG,1,INSULIN SIGNALING PATHWAY,0.03363171465225478,21,718,127,6576,CALM2;CLSTN1;CRK;GYS1;INPP5A;KCNH8;MAP2K1;MAPK9;PDE3B;PHKB;PHKG1;PPP1CB;PPP1R3A;PRKAA2;PRKACB;PRKAR1A;PRKAR2A;PRKCA;PYGB;SHC3;SHC4,0.2544312325866231,False
KEGG,1,GLYCOSAMINOGLYCAN BIOSYNTHESIS - HEPARAN SULFATE / HEPARIN,0.04008462431578874,6,718,24,6576,EXT2;HS3ST5;HS6ST2;HS6ST3;NDST3;NDST4,0.2967967928062656,False
KEGG,1,GLUCAGON SIGNALING PATHWAY,0.042964224216641866,16,718,93,6576,ATF4;CALM2;CAMK2B;CREB5;GYS1;ITPR2;PDE3B;PFKM;PHKB;PHKG1;PKM;PLCB4;PRKAA2;PRKACB;PRKCA;PYGB,0.31149062557065355,False
KEGG,1,REGULATION OF LIPOLYSIS IN ADIPOCYTES,0.0462186629114132,10,718,51,6576,ADCY1;ADCY8;CLSTN1;NPY1R;PDE3B;PRKACB;PRKCA;PRKG2;PTGER3;TSHR,0.32824683047289377,False
KEGG,1,OOCYTE MEIOSIS,0.0472863807111576,18,718,109,6576,ADCY1;ADCY8;CALM2;CAMK2B;CDC16;CDC27;CPEB1;ITPR2;MAP2K1;PPP1CB;PPP2CA;PPP2CB;PRKACB;PRKCA;YWHAB;YWHAE;YWHAG;YWHAZ,0.3291132097496569,False
KEGG,1,HORMONE SIGNALING,0.05375161555254816,29,718,196,6576,ADCY1;ADCY8;ADIPOR1;ADRA1A;BMPR1B;CALCR;CLSTN1;DRD1;DRD3;GHR;GHSR;GLP1R;GNG10;GNG4;MC4R;MC5R;OPRK1;OXTR;PDYN;PLCB4;PRKACB;PRKCA;PRKG2;PRLR;RAPGEF4;SLC16A10;SLCO1C1;SSTR2;TSHR,0.36046241200013024,False
KEGG,1,CGMP-PKG SIGNALING PATHWAY,0.05386219949427234,23,718,149,6576,ADCY1;ADCY8;ADRA1A;ATF4;ATP1A2;ATP1B1;ATP1B4;ATP2B1;ATP2B3;CALM2;CREB5;ITPR2;MAP2K1;MEF2C;PDE3B;PDE5A;PLCB4;PPP1CB;PRKCE;PRKG2;RGS2;SLC8A2;VDAC3,0.36046241200013024,False
KEGG,1,STARCH AND SUCROSE METABOLISM,0.05693284232198802,6,718,26,6576,AGL;GBE1;GYS1;PGM2;PYGB;UGP2,0.36913408625164884,False
KEGG,1,"PARATHYROID HORMONE SYNTHESIS, SECRETION AND ACTION",0.057279427176979994,17,718,104,6576,ADCY1;ADCY8;ATF4;CREB5;ITPR2;KL;MAP2K1;MEF2C;MMP16;PDE4B;PDE4C;PDE4D;PLCB4;PRKACB;PRKCA;RXRG;WNK3,0.36913408625164884,False
KEGG,1,LYSOSOME,0.060739039032354586,19,718,120,6576,AGA;AP1S2;AP1S3;AP3M2;AP3S1;ASAH1;CD164;CLTA;HGSNAT;IDS;IGF2R;LAMP2;LAPTM4A;LAPTM4B;LGMN;MANBA;NCOA7;SCARB2;SUMF1,0.3843124651501708,False
KEGG,1,SPINOCEREBELLAR ATAXIA,0.06317631547521821,21,718,136,6576,ATXN10;CACNA1A;CLSTN1;GRIA1;GRIA2;GRIA3;GRIN2A;GRIN3A;GRM1;ITPR2;KCND3;MAP3K5;MAPK9;MCU;PDYN;PLCB4;PRKCA;ULK2;VDAC3;VLDLR;WIPI1,0.39009105925809223,False
KEGG,1,OTHER TYPES OF O-GLYCAN BIOSYNTHESIS,0.0638942252233082,8,718,40,6576,B3GLCT;C1GALT1;COLGALT2;GALNT1;GALNT11;GALNT14;GALNT17;ST6GAL2,0.39009105925809223,False
KEGG,1,ERBB SIGNALING PATHWAY,0.06633758249933831,13,718,76,6576,CAMK2B;CDKN1B;CLSTN1;CRK;ERBB4;KCNH8;MAP2K1;MAPK9;NRG3;PRKCA;PTK2;SHC3;SHC4,0.3980254949960299,False
KEGG,1,DILATED CARDIOMYOPATHY,0.06936378199046973,16,718,99,6576,ADCY1;ADCY8;CACNA2D3;CACNB4;DMD;DTNA;ITGA7;ITGB1;PRKACB;PRKCA;SGCE;SGCG;SLC8A2;SNTB2;TPM3;TPM4,0.4091287480115842,False
KEGG,1,PROXIMAL TUBULE BICARBONATE RECLAMATION,0.0709349142914213,5,718,21,6576,ATP1A2;ATP1B1;ATP1B4;GRID2;MDH1,0.41142250289024357,False
KEGG,1,RELAXIN SIGNALING PATHWAY,0.08324307745191806,18,718,117,6576,ADCY1;ADCY8;ATF4;CLSTN1;COL4A3;CREB5;GNG10;GNG4;MAP2K1;MAPK9;PLCB4;PRKACB;PRKCA;RXFP1;SHC3;SHC4;TGFBR1;VEGFD,0.47489493366012264,False
KEGG,1,GNRH SIGNALING PATHWAY,0.09192700219294503,13,718,80,6576,ADCY1;ADCY8;ATF4;CALM2;CAMK2B;ITPR2;KCNH8;MAP2K1;MAP2K6;MAPK9;PLCB4;PRKACB;PRKCA,0.5159773671474979,False
KEGG,1,GLYCOSPHINGOLIPID BIOSYNTHESIS - LACTO AND NEOLACTO SERIES,0.09806037182205037,5,718,23,6576,B3GALT1;B3GNT2;B4GALNT2;B4GALT4;ST8SIA1,0.5328168006732795,False
KEGG,1,NEUROTROPHIN SIGNALING PATHWAY,0.09952037943610106,17,718,112,6576,ATF4;BDNF;CALM2;CAMK2B;CAMK4;CLSTN1;CRK;MAGED1;MAP2K1;MAP3K5;MAPK9;NTRK2;NTRK3;PSEN1;SHC3;SHC4;YWHAE,0.5328168006732795,False
KEGG,1,PURINE METABOLISM,0.09952037943610106,17,718,112,6576,ADCY1;ADCY8;AK5;ALLC;DCK;ENPP4;GMPR;PDE1A;PDE3B;PDE4B;PDE4C;PDE4D;PDE5A;PDE6H;PGM2;PRPS2;RRM2B,0.5328168006732795,False
KEGG,1,"VALINE, LEUCINE AND ISOLEUCINE DEGRADATION",0.1113436280467386,8,718,45,6576,AUH;BCAT1;HADH;HIBADH;HMGCLL1;MCCC1;MCCC2;OXCT1,0.5870845842464399,False
KEGG,1,MOTOR PROTEINS,0.11715649658479292,24,718,171,6576,ACTR1A;CAPZA2;DCTN4;DNAH5;DYNC1I1;DYNC1LI1;DYNC1LI2;DYNLT3;KIF13A;KIF1A;KIF26B;KIF3C;KIF4B;KIFAP3;MYH10;MYH3;MYO16;MYO3A;MYO3B;TPM3;TPM4;TUBA1A;TUBA1B;TUBB2B,0.604734085598898,False
KEGG,1,PI3K-AKT SIGNALING PATHWAY,0.12144929521917114,41,718,313,6576,ATF4;BDNF;CDKN1B;CHRM1;CHRM2;CLSTN1;COL4A3;COL6A5;COL9A1;CREB5;EFNA5;ERBB4;FGF10;GHR;GNG10;GNG4;GYS1;HSP90AA1;ITGA7;ITGB1;JAK1;LPAR3;LPAR4;MAP2K1;MCL1;NTRK2;PDGFA;PPP2CA;PPP2CB;PPP2R2B;PPP2R2C;PRKAA2;PRKCA;PRLR;PTK2;TNR;VEGFD;YWHAB;YWHAE;YWHAG;YWHAZ,0.604734085598898,False
KEGG,1,CYSTEINE AND METHIONINE METABOLISM,0.12265137184810154,8,718,46,6576,AHCYL1;AHCYL2;BCAT1;GCLM;GOT2;MDH1;PRNP;SBDS,0.604734085598898,False
KEGG,1,ARRHYTHMOGENIC RIGHT VENTRICULAR CARDIOMYOPATHY,0.12288085374749125,13,718,84,6576,ACTN2;CACNA2D3;CACNB4;CDH2;CTNNA3;DMD;DTNA;ITGA7;ITGB1;SGCE;SGCG;SLC8A2;SNTB2,0.604734085598898,False
KEGG,1,HIPPO SIGNALING PATHWAY,0.12530695543114678,21,718,148,6576,BMPR1B;CTNNA3;GDF5;GDF7;ID2;PARD3;PPP1CB;PPP2CA;PPP2CB;PPP2R2B;PPP2R2C;SAV1;SOX2;STK24;TGFBR1;WNT16;WWTR1;YWHAB;YWHAE;YWHAG;YWHAZ,0.604734085598898,False
KEGG,1,LONGEVITY REGULATING PATHWAY - MULTIPLE SPECIES,0.12892667406277084,9,718,54,6576,ADCY1;ADCY8;CLSTN1;EIF4EBP2;HSPA8;PRKAA2;PRKACB;PRKCA;SOD1,0.604734085598898,False
KEGG,1,CHOLINE METABOLISM IN CANCER,0.13269879708089669,14,718,93,6576,CHPT1;CLSTN1;DGKB;DGKG;DGKI;HIF1A;MAP2K1;MAPK9;PDGFA;PRKCA;SLC44A1;SLC44A5;SLC5A7;WASF1,0.604734085598898,False
KEGG,1,BILE SECRETION,0.13343614907418153,10,718,62,6576,ADCY1;ADCY8;ATP1A2;ATP1B1;ATP1B4;KCNN2;NCEH1;PRKACB;PRKCA;SLC10A2,0.604734085598898,False
KEGG,1,RENIN SECRETION,0.13343614907418153,10,718,62,6576,ADCYAP1R1;CALM2;ITPR2;KCNJ2;PDE1A;PDE3B;PLCB4;PRKACB;PRKCA;PRKG2,0.604734085598898,False
KEGG,1,APELIN SIGNALING PATHWAY,0.13360179038749057,18,718,125,6576,ADCY1;ADCY8;CALM2;CAMK4;GNG10;GNG4;ITPR2;MAP2K1;MEF2C;PDE3B;PLCB4;PRKAA2;PRKACB;PRKCA;PRKCE;RYR3;SLC8A2;TGFBR1,0.604734085598898,False
KEGG,1,NECROPTOSIS,0.1338061051468826,16,718,109,6576,CAMK2B;CHMP1B;CHMP2B;GRID2;HSP90AA1;IFNGR1;JAK1;MACROH2A2;MAPK9;PARP1;PYGB;SQSTM1;TRAF5;VDAC3;VPS4A;VPS4B,0.604734085598898,False
KEGG,1,CYTOSKELETON IN MUSCLE CELLS,0.13850382681445922,29,718,216,6576,ACTN2;ANK2;ATP1A2;ATP1B1;ATP1B4;CAPZA2;COL4A3;COL6A5;COL9A1;DMD;DTNA;FMN2;ITGA7;ITGB1;MYBPC1;MYH10;MYH3;MYOZ2;PDLIM5;SGCE;SGCG;SNTB2;SPTAN1;TMEM43;TMOD1;TMOD3;TPM3;TPM4;XIRP2,0.6143359436232632,False
KEGG,1,FC GAMMA R-MEDIATED PHAGOCYTOSIS,0.14034384027331534,13,718,86,6576,ACTR2;AMPH;ARPC2;ARPC5;ASAP2;CFL2;CLSTN1;CRK;MAP2K1;MARCKS;PRKCA;PRKCE;WASF1,0.6143359436232632,False
KEGG,1,PHOSPHATIDYLINOSITOL SIGNALING SYSTEM,0.14122665370649728,14,718,94,6576,CALM2;CLSTN1;DGKB;DGKG;DGKI;INPP1;INPP4B;INPP5A;INPP5F;ITPR2;MTMR7;OCRL;PLCB4;PRKCA,0.6143359436232632,False
KEGG,1,INFLAMMATORY MEDIATOR REGULATION OF TRP CHANNELS,0.14955724560669376,13,718,87,6576,ADCY1;ADCY8;CALM2;CAMK2B;CLSTN1;ITPR2;MAP2K6;MAPK9;PLCB4;PPP1CB;PRKACB;PRKCA;PRKCE,0.642542240384314,False
KEGG,1,VIRION - LASSA VIRUS AND SFTS VIRUS,0.16226119944910553,3,718,13,6576,LAMP2;MYH10;PCDH9,0.688620700101082,False
KEGG,1,AMPK SIGNALING PATHWAY,0.17569936489543284,16,718,114,6576,ADIPOR1;ADRA1A;CAB39L;CLSTN1;CREB5;GYS1;PFKM;PPP2CA;PPP2CB;PPP2R2B;PPP2R2C;PRKAA2;RAB10;RAB2A;RAB8A;STRADB,0.7278973688525074,False
KEGG,1,SPHINGOLIPID SIGNALING PATHWAY,0.17569936489543284,16,718,114,6576,ASAH1;CLSTN1;FYN;MAP2K1;MAP3K5;MAPK9;PLCB4;PPP2CA;PPP2CB;PPP2R2B;PPP2R2C;PRKCA;PRKCE;SGPP1;SPTLC2;SPTSSA,0.7278973688525074,False
KEGG,1,MUCIN TYPE O-GLYCAN BIOSYNTHESIS,0.1842428866375763,5,718,28,6576,C1GALT1;GALNT1;GALNT11;GALNT14;GALNT17,0.7543120535279594,False
KEGG,1,LONGEVITY REGULATING PATHWAY,0.19042052067480006,12,718,83,6576,ADCY1;ADCY8;ADIPOR1;ATF4;CAMK4;CLSTN1;CREB5;KL;PRKAA2;PRKACB;PRKCA;SESN3,0.7705388511026793,False
KEGG,1,PROGESTERONE-MEDIATED OOCYTE MATURATION,0.20167713182935162,12,718,84,6576,ADCY1;ADCY8;CDC16;CDC27;CLSTN1;CPEB1;HSP90AA1;MAP2K1;MAPK9;PDE3B;PRKACB;PRKCA,0.8067085273174065,False
KEGG,1,"VIRION - EBOLAVIRUS, LYSSAVIRUS AND MORBILLIVIRUS",0.21455763150238988,2,718,8,6576,NCAM1;NCAM2,0.8415056435651692,False
KEGG,1,VIBRIO CHOLERAE INFECTION,0.2152126502221266,7,718,45,6576,ADCY8;ATP6V0E1;ATP6V1A;ATP6V1C1;PRKACB;PRKCA;SLC12A2,0.8415056435651692,False
KEGG,1,FLUID SHEAR STRESS AND ATHEROSCLEROSIS,0.22342216687663904,16,718,119,6576,ACVR2A;BMPR1B;CALM2;CAV2;CLSTN1;GSTM3;HSP90AA1;MAP2K6;MAP3K5;MAPK9;MEF2C;NFE2L2;PDGFA;PRKAA2;PTK2;SQSTM1,0.8587679973065788,False
KEGG,1,AUTOPHAGY - OTHER,0.22456289584740996,5,718,30,6576,GABARAPL1;PPP2CA;PPP2CB;ULK2;WIPI1,0.8587679973065788,False
KEGG,1,BUTANOATE METABOLISM,0.23808509296628325,4,718,23,6576,GAD1;HADH;HMGCLL1;OXCT1,0.8927870148703454,False
KEGG,1,SIGNALING PATHWAYS REGULATING PLURIPOTENCY OF STEM CELLS,0.23961792810471402,17,718,129,6576,ACVR1C;ACVR2A;BMPR1B;CLSTN1;HAND1;ID2;IL6ST;ISL1;JAK1;JARID2;LIFR;MAP2K1;ONECUT1;PAX6;SOX2;WNT16;ZIC3,0.8927870148703454,False
KEGG,1,HYPERTROPHIC CARDIOMYOPATHY,0.24548656606977667,13,718,96,6576,CACNA2D3;CACNB4;DMD;DTNA;ITGA7;ITGB1;PRKAA2;SGCE;SGCG;SLC8A2;SNTB2;TPM3;TPM4,0.8927870148703454,False
KEGG,1,SNARE INTERACTIONS IN VESICULAR TRANSPORT,0.24563393790499882,5,718,31,6576,SNAP23;STX2;STX6;UBE2Z;YKT6,0.8927870148703454,False
KEGG,1,GLYCEROLIPID METABOLISM,0.24775690363663352,8,718,55,6576,AGPAT5;DGKB;DGKG;DGKI;GPAT4;LIPC;LPIN1;PLPP4,0.8927870148703454,False
KEGG,1,VIRAL MYOCARDITIS,0.24885155299546985,7,718,47,6576,DMD;DTNA;EIF4G3;FYN;SGCE;SGCG;SNTB2,0.8927870148703454,False
KEGG,1,MELANOGENESIS,0.26198625895048216,12,718,89,6576,ADCY1;ADCY8;CALM2;CAMK2B;DCT;MAP2K1;MITF;PARD3;PLCB4;PRKACB;PRKCA;WNT16,0.9303185521915082,False
KEGG,1,VIRAL LIFE CYCLE - HIV-1,0.26624304505689245,7,718,48,6576,BICD1;ELL2;LZTS1;MAP1B;SERINC3;VPS4A;VPS4B,0.9358846432302885,False
KEGG,1,AUTOPHAGY - ANIMAL,0.2695215020734023,19,718,149,6576,CLSTN1;EIF2AK4;GABARAPL1;HIF1A;LAMP2;MAP2K1;MAPK9;PPP2CA;PPP2CB;PRKAA2;PRKACB;PRKCA;RAB8A;RRAGA;RRAGD;SQSTM1;ULK2;WIPI1;YKT6,0.9379348272154401,False
KEGG,1,PARKINSON DISEASE,0.2781312823023217,27,718,219,6576,ATF4;CALM2;CAMK2B;DRD1;GNAL;GPR37;ITPR2;IVNS1ABP;MAP3K5;MAPK9;MCU;NFE2L2;PINK1;PRKACB;PRKCA;RYR3;SLC18A2;SLC39A2;SLC39A6;SNCA;SOD1;TUBA1A;TUBA1B;TUBB2B;UBE2J1;UCHL1;VDAC3,0.9583137251604747,False
KEGG,1,VARIOUS TYPES OF N-GLYCAN BIOSYNTHESIS,0.28720374343475463,6,718,41,6576,CHST9;KRTCAP2;MAN1A1;MAN2A1;MGAT4C;STT3B,0.9798715952479865,False
KEGG,1,PROTEIN PROCESSING IN ENDOPLASMIC RETICULUM,0.29319626030756846,20,718,160,6576,AMFR;ATF4;BAG2;CANX;DNAJC1;EDEM1;ERLEC1;HSP90AA1;HSPA8;KRTCAP2;LMAN1;MAN1A1;MAP3K5;MAPK9;NFE2L2;SEL1L2;STT3B;TRAM1L1;UBE2D1;UBE2J1,0.9820046988123162,False
KEGG,1,NOD-LIKE RECEPTOR SIGNALING PATHWAY,0.2982467402071936,16,718,126,6576,ATL1;GABARAPL1;HSP90AA1;ITPR2;JAK1;MAPK9;MCU;NAMPT;NEK7;PANX1;PLCB4;TP53BP1;TRAF5;TXNIP;VDAC3;YWHAE,0.9820046988123162,False
KEGG,1,CARDIAC MUSCLE CONTRACTION,0.30010091090367014,10,718,75,6576,ASPH;ATP1A2;ATP1B1;ATP1B4;CACNA2D3;CACNB4;SLC8A2;SLC9A7;TPM3;TPM4,0.9820046988123162,False
KEGG,1,MITOPHAGY - ANIMAL,0.3008327509407665,12,718,92,6576,AMFR;ATF4;BCL2L13;BNIP3L;FUNDC1;GABARAPL1;HIF1A;MAPK9;MITF;PINK1;RHOT1;SQSTM1,0.9820046988123162,False
KEGG,1,N-GLYCAN BIOSYNTHESIS,0.3019382263589593,7,718,50,6576,KRTCAP2;MAN1A1;MAN2A1;MGAT4C;SRD5A3;ST6GAL2;STT3B,0.9820046988123162,False
KEGG,1,"ALANINE, ASPARTATE AND GLUTAMATE METABOLISM",0.31140184008457295,5,718,34,6576,GAD1;GOT2;GRID2;RIMKLA;RIMKLB,0.9942003701782697,False
KEGG,1,ALDOSTERONE-REGULATED SODIUM REABSORPTION,0.31140184008457295,5,718,34,6576,ATP1A2;ATP1B1;ATP1B4;CLSTN1;PRKCA,0.9942003701782697,False
KEGG,1,GLIOMA,0.3223497239152142,9,718,68,6576,CALM2;CAMK2B;CAMK4;CLSTN1;MAP2K1;PDGFA;PRKCA;SHC3;SHC4,1.0,False
KEGG,1,RAP1 SIGNALING PATHWAY,0.32344299857433423,24,718,198,6576,ADCY1;ADCY8;AFDN;CALM2;CLSTN1;CRK;EFNA5;FGF10;GRIN2A;ITGB1;LPAR3;LPAR4;MAP2K1;MAP2K6;P2RY1;PARD3;PDGFA;PLCB4;PRKCA;RAPGEF4;RASSF3;SIPA1L1;SIPA1L2;VEGFD,1.0,False
KEGG,1,OSTEOCLAST DIFFERENTIATION,0.3244896147860172,14,718,111,6576,CALCR;CAMK4;CLSTN1;FYN;IFNGR1;ITPR2;JAK1;MAP2K1;MAP2K6;MAPK9;MITF;SQSTM1;TGFBR1;TMEM64,1.0,False
KEGG,1,AMINO SUGAR AND NUCLEOTIDE SUGAR METABOLISM,0.33387852513027616,5,718,35,6576,GNPNAT1;PGM2;UAP1;UGP2;UXS1,1.0,False
KEGG,1,PENTOSE PHOSPHATE PATHWAY,0.34009178185192607,4,718,27,6576,DERA;PFKM;PGM2;PRPS2,1.0,False
KEGG,1,BIOSYNTHESIS OF VARIOUS NUCLEOTIDE SUGARS,0.34437695166841065,3,718,19,6576,CMAS;UAP1;UGP2,1.0,False
KEGG,1,ARGININE AND PROLINE METABOLISM,0.34728580763240496,6,718,44,6576,ALDH18A1;CNDP1;GOT2;L3HYPDH;P4HA1;SLC38A1,1.0,False
KEGG,1,GLUTATHIONE METABOLISM,0.34728580763240496,6,718,44,6576,GCLM;GSR;GSTM3;LANCL1;PRNP;RRM2B,1.0,False
KEGG,1,PATHWAYS OF NEURODEGENERATION - MULTIPLE DISEASES,0.36136712428719886,47,718,407,6576,ACTR1A;ATF4;BDNF;CALM2;CAMK2B;CHMP2B;CHRM1;CSNK1A1;DCTN4;DNAH5;GPR37;GRIA1;GRIA2;GRIA3;GRIA4;GRIN2A;GRM1;GRM5;IFT57;ITPR2;IVNS1ABP;MAP2K1;MAP2K6;MAP3K5;MAPK9;MCU;NEFL;PDYN;PINK1;PLCB4;PRKCA;PRNP;PSEN1;RAB8A;RYR3;SNCA;SOD1;SQSTM1;TUBA1A;TUBA1B;TUBB2B;UBE2J1;UCHL1;ULK2;VDAC3;WIPI1;WNT16,1.0,False
KEGG,1,THYROID HORMONE SIGNALING PATHWAY,0.362041875491688,14,718,114,6576,ATP1A2;ATP1B1;ATP1B4;CLSTN1;HIF1A;MAP2K1;PFKM;PLCB4;PRKACB;PRKCA;RXRG;SLC16A10;SLCO1C1;TBC1D4,1.0,False
KEGG,1,MRNA SURVEILLANCE PATHWAY,0.3751529864894803,10,718,80,6576,MSI2;NXT2;PABPC4L;PABPC5;PPP1CB;PPP2CA;PPP2CB;PPP2R2B;PPP2R2C;SRRM1,1.0,False
KEGG,1,TERPENOID BACKBONE BIOSYNTHESIS,0.3756035188798852,3,718,20,6576,ICMT;PCYOX1;ZMPSTE24,1.0,False
KEGG,1,CHAGAS DISEASE,0.39359187679353974,11,718,90,6576,ADCY1;CLSTN1;GNAL;IFNGR1;MAPK9;PLCB4;PPP2CA;PPP2CB;PPP2R2B;PPP2R2C;TGFBR1,1.0,False
KEGG,1,OVARIAN STEROIDOGENESIS,0.40179330491651816,5,718,38,6576,ADCY1;ADCY8;CYP19A1;PRKACB;PRKCA,1.0,False
KEGG,1,GLYCOSAMINOGLYCAN BIOSYNTHESIS - CHONDROITIN SULFATE / DERMATAN SULFATE,0.4065157246764793,3,718,21,6576,CHSY3;DSEL;UST,1.0,False
KEGG,1,MINERAL ABSORPTION,0.4083305581485987,6,718,47,6576,ATP1A2;ATP1B1;ATP1B4;ATP2B1;ATP2B3;SLC8A2,1.0,False
KEGG,1,TGF-BETA SIGNALING PATHWAY,0.41010364738109445,12,718,100,6576,ACVR1C;ACVR2A;BMPR1B;GDF5;GDF7;ID2;PITX2;PPP2CA;PPP2CB;RGMB;TFDP1;TGFBR1,1.0,False
KEGG,1,GLYCOSAMINOGLYCAN BIOSYNTHESIS - KERATAN SULFATE,0.4232082436650744,2,718,13,6576,B3GNT2;B4GALT4,1.0,False
KEGG,1,CARBOHYDRATE DIGESTION AND ABSORPTION,0.4243375873657049,5,718,39,6576,ATP1A2;ATP1B1;ATP1B4;CLSTN1;PLCB4,1.0,False
KEGG,1,TRANSCRIPTIONAL MISREGULATION IN CANCER,0.42785142876515286,18,718,155,6576,BCL11B;CDKN1B;ETV1;EYA1;GRIA3;HOXA9;ID2;MEF2C;MITF;PAX7;PBX3;PDGFA;PTK2;RUNX1T1;RXRG;TSPAN7;WNT16;ZBTB16,1.0,False
KEGG,1,BIOSYNTHESIS OF UNSATURATED FATTY ACIDS,0.436955107380677,3,718,22,6576,ELOVL4;HACD2;MUSK,1.0,False
KEGG,1,MATURITY ONSET DIABETES OF THE YOUNG,0.436955107380677,3,718,22,6576,NKX6-1;ONECUT1;PAX6,1.0,False
KEGG,1,VIRION - HEPATITIS VIRUSES,0.44671840048827466,5,718,40,6576,CHMP1B;CLDN19;LAMP2;VPS4A;VPS4B,1.0,False
KEGG,1,TAURINE AND HYPOTAURINE METABOLISM,0.46195468501635606,2,718,14,6576,FMO5;GAD1,1.0,False
KEGG,1,INOSITOL PHOSPHATE METABOLISM,0.46756321023810415,9,718,77,6576,CLSTN1;INPP1;INPP4B;INPP5A;INPP5F;MINPP1;MTMR7;OCRL;PLCB4,1.0,False
KEGG,1,CIRCADIAN RHYTHM,0.46839139276346914,4,718,32,6576,BHLHE41;CRY2;PRKAA2;RORB,1.0,False
KEGG,1,MICRORNAS IN CANCER,0.48543479783826815,17,718,151,6576,CDKN1B;CLSTN1;CRK;EFNA5;MAP2K1;MARCKS;MCL1;MMP16;PDCD4;PDGFA;PRKCA;PRKCE;SHC4;SPRY2;TNR;UBE2I;ZFPM2,1.0,False
KEGG,1,FOCAL ADHESION,0.49083019045906173,21,718,188,6576,CAV2;CLSTN1;COL4A3;COL6A5;COL9A1;CRK;FYN;ITGA7;ITGB1;KCNH8;MAP2K1;MAPK9;PDGFA;PPP1CB;PPP1R12B;PRKCA;PTK2;SHC3;SHC4;TNR;VEGFD,1.0,False
KEGG,1,PHAGOSOME,0.49147433393835466,13,718,115,6576,ATP6V0E1;ATP6V1A;ATP6V1C1;CANX;DYNC1I1;DYNC1LI1;DYNC1LI2;ITGB1;LAMP2;STX12;TUBA1A;TUBA1B;TUBB2B,1.0,False
KEGG,1,VIRAL CARCINOGENESIS,0.49693321274417274,17,718,152,6576,ATF4;CDKN1B;CLSTN1;CREB5;HDAC9;IL6ST;JAK1;PKM;PRKACB;PRKCA;RASA2;TRAF5;VDAC3;YWHAB;YWHAE;YWHAG;YWHAZ,1.0,False
KEGG,1,GLYCOSPHINGOLIPID BIOSYNTHESIS - GANGLIO SERIES,0.4991286674555077,2,718,15,6576,ST6GALNAC5;ST8SIA1,1.0,False
KEGG,1,PENTOSE AND GLUCURONATE INTERCONVERSIONS,0.4991286674555077,2,718,15,6576,KL;UGP2,1.0,False
KEGG,1,"PHENYLALANINE, TYROSINE AND TRYPTOPHAN BIOSYNTHESIS",0.5004213324148683,1,718,6,6576,GOT2,1.0,False
KEGG,1,PHOSPHONATE AND PHOSPHINATE METABOLISM,0.5004213324148683,1,718,6,6576,CHPT1,1.0,False
KEGG,1,VIRION - HERPESVIRUS,0.5004213324148683,1,718,6,6576,IGF2R,1.0,False
KEGG,1,APOPTOSIS,0.5046020474764625,13,718,116,6576,ATF4;CASP6;CLSTN1;HRK;ITPR2;MAP2K1;MAP3K5;MAPK9;MCL1;PARP1;SPTAN1;TUBA1A;TUBA1B,1.0,False
KEGG,1,PLATELET ACTIVATION,0.5046020474764625,13,718,116,6576,ADCY1;ADCY8;CLSTN1;FYN;ITGB1;ITPR2;P2RY1;PLCB4;PPP1CB;PRKACB;PRKCA;PRKG2;SNAP23,1.0,False
KEGG,1,VASCULAR SMOOTH MUSCLE CONTRACTION,0.5176465208685951,13,718,117,6576,ADCY1;ADCY8;ADRA1A;CALM2;ITPR2;MAP2K1;MYH10;PLCB4;PPP1CB;PPP1R12B;PRKACB;PRKCA;PRKCE,1.0,False
KEGG,1,COLLECTING DUCT ACID SECRETION,0.5241799975867224,3,718,25,6576,ATP6V0E1;ATP6V1A;ATP6V1C1,1.0,False
KEGG,1,FATTY ACID ELONGATION,0.5241799975867224,3,718,25,6576,ELOVL4;HACD2;HADH,1.0,False
KEGG,1,TYPE II DIABETES MELLITUS,0.5334335828409359,5,718,44,6576,CACNA1A;CLSTN1;MAPK9;PKM;PRKCE,1.0,False
KEGG,1,FATTY ACID BIOSYNTHESIS,0.534611378174177,2,718,16,6576,ACSL3;ACSL4,1.0,False
KEGG,1,OTHER GLYCAN DEGRADATION,0.534611378174177,2,718,16,6576,AGA;MANBA,1.0,False
KEGG,1,HUMAN CYTOMEGALOVIRUS INFECTION,0.5446586480986224,20,718,184,6576,ADCY1;ADCY8;ATF4;CALM2;CLSTN1;CREB5;CRK;GNG10;GNG4;ITPR2;JAK1;KCNH8;MAP2K1;MAP2K6;PLCB4;PRKACB;PRKCA;PTGER3;PTK2;TRAF5,1.0,False
KEGG,1,GALACTOSE METABOLISM,0.5515715880697513,3,718,26,6576,PFKM;PGM2;UGP2,1.0,False
KEGG,1,ECM-RECEPTOR INTERACTION,0.5614756930285943,9,718,83,6576,CD47;COL4A3;COL6A5;COL9A1;FREM2;ITGA7;ITGB1;SV2B;TNR,1.0,False
KEGG,1,FATTY ACID DEGRADATION,0.5640825252574688,4,718,36,6576,ACSL3;ACSL4;CYP2U1;HADH,1.0,False
KEGG,1,THYROID CANCER,0.5640825252574688,4,718,36,6576,MAP2K1;NCOA4;RXRG;TPM3,1.0,False
KEGG,1,INSULIN RESISTANCE,0.5651655732702265,11,718,102,6576,CLSTN1;CREB5;GYS1;MAPK9;PPP1CB;PPP1R3A;PRKAA2;PRKCE;PYGB;SLC27A6;TBC1D4,1.0,False
KEGG,1,GLYCOSAMINOGLYCAN DEGRADATION,0.5683286076766001,2,718,17,6576,HGSNAT;IDS,1.0,False
KEGG,1,NITROGEN METABOLISM,0.5683286076766001,2,718,17,6576,CA8;GRID2,1.0,False
KEGG,1,CUSHING SYNDROME,0.5722149120224829,15,718,140,6576,ADCY1;ADCY8;ATF4;CAMK2B;CDKN1B;CREB5;ITPR2;KCNA4;KCNK3;MAP2K1;NCEH1;PLCB4;PRKACB;PRKCA;WNT16,1.0,False
KEGG,1,HIPPO SIGNALING PATHWAY - MULTIPLE SPECIES,0.5780065638469793,3,718,27,6576,SAV1;STK24;WWTR1,1.0,False
KEGG,1,SALMONELLA INFECTION,0.5849645909201571,23,718,216,6576,ABI1;ACTR1A;ACTR2;ARHGEF26;ARL8B;ARPC2;ARPC5;CLSTN1;DCTN4;DYNC1I1;DYNC1LI1;DYNC1LI2;DYNLT3;EXOC4;HSP90AA1;MAP2K1;MAP2K6;MAPK9;NCKAP1;SNX18;TUBA1A;TUBA1B;TUBB2B,1.0,False
KEGG,1,RIBOFLAVIN METABOLISM,0.6036547392773162,1,718,8,6576,RFK,1.0,False
KEGG,1,ANTIGEN PROCESSING AND PRESENTATION,0.6082282049904428,4,718,38,6576,CANX;HSP90AA1;HSPA8;LGMN,1.0,False
KEGG,1,AMOEBIASIS,0.6141592570769465,8,718,77,6576,ADCY1;CLSTN1;COL4A3;GNAL;PLCB4;PRKACB;PRKCA;PTK2,1.0,False
KEGG,1,SHIGELLOSIS,0.6164770190197535,22,718,210,6576,ACTR2;ARPC2;ARPC5;CLSTN1;CRK;ERC2;ITGB1;ITPR2;MAPK9;PLCB4;PRKCE;PTK2;RRAGA;RRAGD;SEPTIN11;SEPTIN3;SEPTIN8;SQSTM1;TRAF5;UBE2D1;WASF1;WIPI1,1.0,False
KEGG,1,EFFEROCYTOSIS,0.617743691245763,15,718,144,6576,ADAM9;ANO3;ANO4;ANO5;ANO6;ATP8A1;CAMK2B;CD47;CRK;DUSP5;HIF1A;MAP2K1;MEGF10;PANX1;PTK2,1.0,False
KEGG,1,PRION DISEASE,0.6217843617546119,23,718,220,6576,ATF4;CAV2;CLSTN1;CREB5;FYN;GRIN2A;GRIN3A;HSPA8;ITPR2;IVNS1ABP;MAPK9;MCU;NCAM1;NCAM2;PRKACB;PRKCA;PRNP;RYR3;SOD1;TUBA1A;TUBA1B;TUBB2B;VDAC3,1.0,False
KEGG,1,HEPATITIS C,0.629416549523649,13,718,126,6576,CLDN19;CLSTN1;EIF2AK4;JAK1;MAP2K1;PPP2CA;PPP2CB;PPP2R2B;PPP2R2C;YWHAB;YWHAE;YWHAG;YWHAZ,1.0,False
KEGG,1,NON-SMALL CELL LUNG CANCER,0.6396556843912844,7,718,69,6576,ALK;CLSTN1;MAP2K1;PRKCA;RARB;RASSF3;RXRG,1.0,False
KEGG,1,PEROXISOME,0.6579584717389528,8,718,80,6576,ABCD2;ACSL3;ACSL4;FAR1;FAR2;HMGCLL1;PEX5L;SOD1,1.0,False
KEGG,1,PANTOTHENATE AND COA BIOSYNTHESIS,0.658648799888922,2,718,20,6576,BCAT1;PANK1,1.0,False
KEGG,1,HEDGEHOG SIGNALING PATHWAY,0.6678812281784677,5,718,51,6576,CSNK1A1;HHIP;PRKACB;PRKCA;SCUBE2,1.0,False
KEGG,1,FC EPSILON RI SIGNALING PATHWAY,0.6683858196056192,6,718,61,6576,CLSTN1;FYN;MAP2K1;MAP2K6;MAPK9;PRKCA,1.0,False
KEGG,1,RAS SIGNALING PATHWAY,0.6702428470318681,22,718,216,6576,AFDN;BDNF;CALM2;CLSTN1;EFNA5;FGF10;GNG10;GNG4;GRIN2A;KCNH8;MAP2K1;MAPK9;NTRK2;PDGFA;PRKACB;PRKCA;RASA2;RASGRF2;RASSF3;SHC3;SHC4;VEGFD,1.0,False
KEGG,1,CHEMICAL CARCINOGENESIS - RECEPTOR ACTIVATION,0.6749389286109491,16,718,159,6576,ADCY1;ADCY8;ATF4;CACNA1A;CHRNA9;CHRNB4;CLSTN1;CREB5;FGF10;GSTM3;HSP90AA1;MAP2K1;PRKACB;PRKCA;PTGES3;RXRG,1.0,False
KEGG,1,CENTRAL CARBON METABOLISM IN CANCER,0.683987873926413,6,718,62,6576,CLSTN1;HIF1A;MAP2K1;NTRK3;PFKM;PKM,1.0,False
KEGG,1,CHRONIC MYELOID LEUKEMIA,0.6843436428065326,7,718,72,6576,CDKN1B;CLSTN1;CRK;MAP2K1;SHC3;SHC4;TGFBR1,1.0,False
KEGG,1,NATURAL KILLER CELL MEDIATED CYTOTOXICITY,0.6843436428065326,7,718,72,6576,CLSTN1;FYN;IFNGR1;MAP2K1;PRKCA;SHC3;SHC4,1.0,False
KEGG,1,ARGININE BIOSYNTHESIS,0.6851891235954948,2,718,21,6576,GOT2;GRID2,1.0,False
KEGG,1,TH17 CELL DIFFERENTIATION,0.6871057481927566,9,718,92,6576,HIF1A;HSP90AA1;IFNGR1;IL21;IL6ST;JAK1;MAPK9;RXRG;TGFBR1,1.0,False
KEGG,1,REGULATION OF ACTIN CYTOSKELETON,0.6923040856938578,21,718,209,6576,ACTR2;ARPC2;ARPC5;CFL2;CHRM1;CHRM2;CLSTN1;CRK;CYRIA;FGF10;ITGA7;ITGB1;LPAR4;MAP2K1;MYH10;NCKAP1;PDGFA;PPP1CB;PPP1R12B;PTK2;WASF1,1.0,False
KEGG,1,FOXO SIGNALING PATHWAY,0.6936552114264711,12,718,122,6576,CDKN1B;CLSTN1;FBXO32;FOXG1;GABARAPL1;GRM1;HOMER2;MAP2K1;MAPK9;PLK2;PRKAA2;TGFBR1,1.0,False
KEGG,1,PROLACTIN SIGNALING PATHWAY,0.6991035852647269,6,718,63,6576,CLSTN1;MAP2K1;MAPK9;PRLR;SHC3;SHC4,1.0,False
KEGG,1,HUNTINGTON DISEASE,0.7005991059902568,26,718,258,6576,ACTR1A;AP2B1;BDNF;CLTA;CREB5;DCTN4;DNAH5;GRIA1;GRIA2;GRIA3;GRIA4;GRM5;IFT57;IVNS1ABP;KCNJ10;MAP3K5;MAPK9;PLCB4;SLC1A2;SOD1;TUBA1A;TUBA1B;TUBB2B;ULK2;VDAC3;WIPI1,1.0,False
KEGG,1,GLYCOLYSIS / GLUCONEOGENESIS,0.7012491303618602,5,718,53,6576,MINPP1;PFKM;PGK1;PGM2;PKM,1.0,False
KEGG,1,CHEMOKINE SIGNALING PATHWAY,0.7012926274072935,15,718,152,6576,ADCY1;ADCY8;CLSTN1;CRK;GNG10;GNG4;GRK4;MAP2K1;PARD3;PLCB4;PRKACB;PRKCA;PTK2;SHC3;SHC4,1.0,False
KEGG,1,JAK-STAT SIGNALING PATHWAY,0.7044825087438766,12,718,123,6576,CLSTN1;GFAP;GHR;IFNGR1;IL20;IL21;IL6ST;JAK1;LIFR;MCL1;PDGFA;PRLR,1.0,False
KEGG,1,THIAMINE METABOLISM,0.7199616680497192,1,718,11,6576,AK5,1.0,False
KEGG,1,AGE-RAGE SIGNALING PATHWAY IN DIABETIC COMPLICATIONS,0.7236351037735187,9,718,95,6576,CDKN1B;CLSTN1;COL4A3;MAPK9;PLCB4;PRKCA;PRKCE;TGFBR1;VEGFD,1.0,False
KEGG,1,HEPATITIS B,0.7266461502600939,13,718,135,6576,ATF4;CLSTN1;CREB5;JAK1;KCNH8;MAP2K1;MAP2K6;MAPK9;PRKCA;TGFBR1;VDAC3;YWHAB;YWHAZ,1.0,False
KEGG,1,PPAR SIGNALING PATHWAY,0.7278562505829835,6,718,65,6576,ACSL3;ACSL4;FABP3;PCDHGA5;RXRG;SLC27A6,1.0,False
KEGG,1,MANNOSE TYPE O-GLYCAN BIOSYNTHESIS,0.7331769933764186,2,718,23,6576,B3GAT2;CHST10,1.0,False
KEGG,1,TYPE I DIABETES MELLITUS,0.7331769933764186,2,718,23,6576,GAD1;PTPRN2,1.0,False
KEGG,1,NICOTINATE AND NICOTINAMIDE METABOLISM,0.7339426497175024,3,718,34,6576,NADK2;NAMPT;NMNAT2,1.0,False
KEGG,1,LEUKOCYTE TRANSENDOTHELIAL MIGRATION,0.7455212829313306,10,718,107,6576,AFDN;CLDN19;CLSTN1;CTNNA3;ITGB1;JAM2;PRKCA;PTK2;RAPGEF4;RASSF3,1.0,False
KEGG,1,PROSTATE CANCER,0.746364388211932,9,718,97,6576,ATF4;CDKN1B;CLSTN1;CREB5;GRM1;GRM5;HSP90AA1;MAP2K1;PDGFA,1.0,False
KEGG,1,SMALL CELL LUNG CANCER,0.7479558973355789,8,718,87,6576,CDKN1B;CLSTN1;COL4A3;ITGB1;PTK2;RARB;RXRG;TRAF5,1.0,False
KEGG,1,CHEMICAL CARCINOGENESIS - DNA ADDUCTS,0.7547483279135024,2,718,24,6576,GSTM3;SLC38A1,1.0,False
KEGG,1,CHOLESTEROL METABOLISM,0.7552725156451254,4,718,46,6576,LIPC;MYLIP;NCEH1;VDAC3,1.0,False
KEGG,1,MTOR SIGNALING PATHWAY,0.7555703996199872,14,718,148,6576,ATP6V1A;ATP6V1C1;CAB39L;CLSTN1;LPIN1;MAP2K1;PRKAA2;PRKCA;RRAGA;RRAGD;SLC3A2;STRADB;ULK2;WNT16,1.0,False
KEGG,1,MAPK SIGNALING PATHWAY,0.7615755067100095,28,718,286,6576,ATF4;BDNF;CACNA1A;CACNA2D3;CACNB4;CRK;DUSP5;EFNA5;ERBB4;FGF10;HSPA8;KCNH8;MAP2K1;MAP2K6;MAP3K5;MAP4K4;MAPK9;MEF2C;NTRK2;PDGFA;PRKACB;PRKCA;PTPRR;RASA2;RASGRF2;STK24;TGFBR1;VEGFD,1.0,False
KEGG,1,YERSINIA INFECTION,0.7649513195346114,11,718,119,6576,ACTR2;ARPC2;ARPC5;CLSTN1;CRK;ITGB1;MAP2K1;MAP2K6;MAPK9;PTK2;SKAP2,1.0,False
KEGG,1,HIF-1 SIGNALING PATHWAY,0.7677782670573543,9,718,99,6576,CAMK2B;CDKN1B;CLSTN1;HIF1A;IFNGR1;MAP2K1;PFKM;PGK1;PRKCA,1.0,False
KEGG,1,PATHOGENIC ESCHERICHIA COLI INFECTION,0.7733295848251271,16,718,170,6576,ABI1;ACTR2;ARPC2;ARPC5;CLDN19;FYN;ITGB1;LPAR4;MAPK9;MYH10;NCKAP1;TMED10;TUBA1A;TUBA1B;TUBB2B;WASF1,1.0,False
KEGG,1,ADIPOCYTOKINE SIGNALING PATHWAY,0.779422000278676,6,718,69,6576,ACSL3;ACSL4;ADIPOR1;MAPK9;PRKAA2;RXRG,1.0,False
KEGG,1,LIPID AND ATHEROSCLEROSIS,0.7811676693496913,16,718,171,6576,ATF4;CALM2;CAMK2B;CASP6;CLSTN1;HSP90AA1;HSPA8;MAP2K6;MAP3K5;MAPK9;NFE2L2;PLCB4;PRKCA;PTK2;RXRG;VLDLR,1.0,False
KEGG,1,PYRUVATE METABOLISM,0.7852288465849276,3,718,37,6576,MDH1;PCDHGA5;PKM,1.0,False
KEGG,1,PD-L1 EXPRESSION AND PD-1 CHECKPOINT PATHWAY IN CANCER,0.7959629856861714,7,718,81,6576,ALK;CLSTN1;HIF1A;IFNGR1;JAK1;MAP2K1;MAP2K6,1.0,False
KEGG,1,SPHINGOLIPID METABOLISM,0.7980520730224723,4,718,49,6576,ASAH1;SGPP1;SPTLC2;UGT8,1.0,False
KEGG,1,PATHWAYS IN CANCER,0.7996118351661368,46,718,467,6576,ADCY1;ADCY8;ALK;CALM2;CAMK2B;CDKN1B;CLSTN1;COL4A3;CRK;CTNNA3;DCC;FGF10;GNG10;GNG4;GSTM3;HHIP;HIF1A;HSP90AA1;IFNGR1;IL6ST;ITGB1;JAK1;KCNH8;LPAR3;LPAR4;MAP2K1;MAPK9;MITF;NCOA4;NFE2L2;PDGFA;PLCB4;PRKACB;PRKCA;PTGER3;PTK2;RARB;RASSF3;RUNX1T1;RXRG;TGFBR1;TPM3;TRAF5;VEGFD;WNT16;ZBTB16,1.0,False
KEGG,1,ASCORBATE AND ALDARATE METABOLISM,0.8021718018444111,1,718,14,6576,KL,1.0,False
KEGG,1,GLYCOSPHINGOLIPID BIOSYNTHESIS - GLOBO AND ISOGLOBO SERIES,0.8021718018444111,1,718,14,6576,ST8SIA1,1.0,False
KEGG,1,PHENYLALANINE METABOLISM,0.8021718018444111,1,718,14,6576,GOT2,1.0,False
KEGG,1,AFRICAN TRYPANOSOMIASIS,0.8106313970580081,2,718,27,6576,PLCB4;PRKCA,1.0,False
KEGG,1,AMINOACYL-TRNA BIOSYNTHESIS,0.8106313970580081,2,718,27,6576,GATC;IARS2,1.0,False
KEGG,1,WNT SIGNALING PATHWAY,0.8122938122619625,14,718,155,6576,CAMK2B;CSNK1A1;CTNND2;CXXC4;MAPK9;PLCB4;PRKACB;PRKCA;PSEN1;RSPO2;RSPO3;TBL1XR1;WNT16;ZNRF3,1.0,False
KEGG,1,GASTRIC CANCER,0.8230133745794065,12,718,136,6576,CDKN1B;CLSTN1;CSNK1A1;CTNNA3;FGF10;MAP2K1;RARB;RXRG;SHC3;SHC4;TGFBR1;WNT16,1.0,False
KEGG,1,PROTEOGLYCANS IN CANCER,0.823519011206284,17,718,187,6576,ANK2;CAMK2B;CAV2;CLSTN1;ERBB4;HIF1A;ITGB1;ITPR2;KCNH8;MAP2K1;PDCD4;PPP1CB;PPP1R12B;PRKACB;PRKCA;PTK2;WNT16,1.0,False
KEGG,1,CITRATE CYCLE (TCA CYCLE),0.826569246079232,2,718,28,6576,MDH1;OGDH,1.0,False
KEGG,1,DRUG METABOLISM - CYTOCHROME P450,0.826569246079232,2,718,28,6576,FMO5;GSTM3,1.0,False
KEGG,1,GLYCOSYLPHOSPHATIDYLINOSITOL (GPI)-ANCHOR BIOSYNTHESIS,0.826569246079232,2,718,28,6576,PGAP4;PIGS,1.0,False
KEGG,1,CELLULAR SENESCENCE,0.8375886618711599,12,718,138,6576,CALM2;CLSTN1;HIPK2;ITPR2;MAP2K1;MAP2K6;MCU;PPP1CB;RASSF3;SQSTM1;TGFBR1;VDAC3,1.0,False
KEGG,1,BETA-ALANINE METABOLISM,0.8412900938007288,2,718,29,6576,CNDP1;GAD1,1.0,False
KEGG,1,EPITHELIAL CELL SIGNALING IN HELICOBACTER PYLORI INFECTION,0.8427689629661523,5,718,64,6576,ATP6V0E1;ATP6V1A;ATP6V1C1;JAM2;MAPK9,1.0,False
KEGG,1,HUMAN IMMUNODEFICIENCY VIRUS 1 INFECTION,0.8447531544757084,15,718,170,6576,AP1S2;AP1S3;CALM2;CFL2;CLSTN1;CRK;GNG10;GNG4;ITPR2;MAP2K1;MAP2K6;MAPK9;PRKCA;PTK2;TRAF5,1.0,False
KEGG,1,LEGIONELLOSIS,0.8523578066206529,3,718,42,6576,BCL2L13;EEF1G;HSPA8,1.0,False
KEGG,1,GLYCEROPHOSPHOLIPID METABOLISM,0.8534233594490436,8,718,98,6576,AGPAT5;CHPT1;DGKB;DGKG;DGKI;GPAT4;LPIN1;PLPP4,1.0,False
KEGG,1,ONE CARBON POOL BY FOLATE,0.8548692719895252,2,718,30,6576,AHCYL1;AHCYL2,1.0,False
KEGG,1,TYROSINE METABOLISM,0.8548692719895252,2,718,30,6576,DCT;GOT2,1.0,False
KEGG,1,TNF SIGNALING PATHWAY,0.8555608663776068,9,718,109,6576,ATF4;CLSTN1;CREB5;MAP2K1;MAP2K6;MAP3K5;MAPK9;TRAF5;VEGFD,1.0,False
KEGG,1,ENDOMETRIAL CANCER,0.8557479245469353,4,718,54,6576,CLSTN1;CTNNA3;KCNH8;MAP2K1,1.0,False
KEGG,1,ADHERENS JUNCTION,0.85991926251917,7,718,88,6576,AFDN;ARHGAP29;CTNNA3;FYN;PARD3;TGFBR1;WASF1,1.0,False
KEGG,1,FOLATE BIOSYNTHESIS,0.8602712614165948,1,718,17,6576,QDPR,1.0,False
KEGG,1,VEGF SIGNALING PATHWAY,0.8654362866073082,4,718,55,6576,CLSTN1;MAP2K1;PRKCA;PTK2,1.0,False
KEGG,1,STEROID HORMONE BIOSYNTHESIS,0.8673801934536491,2,718,31,6576,CYP19A1;SRD5A3,1.0,False
KEGG,1,HUMAN T-CELL LEUKEMIA VIRUS 1 INFECTION,0.8699245980820756,17,718,195,6576,ADCY1;ADCY8;ATF4;CANX;CDC16;CDC27;CLSTN1;CREB5;JAK1;KCNH8;MAP2K1;MAPK9;NRP1;PRKACB;PRKCA;TGFBR1;VDAC3,1.0,False
KEGG,1,INTEGRIN SIGNALING,0.8700052147537473,12,718,143,6576,CLSTN1;COL4A3;COL6A5;COL9A1;FERMT2;FREM2;ITGA7;ITGB1;PDGFA;PTK2;TNR;VEGFD,1.0,False
KEGG,1,DIABETIC CARDIOMYOPATHY,0.8702792042891164,14,718,164,6576,CAMK2B;CLSTN1;GSR;GYS1;IVNS1ABP;MAPK9;PARP1;PDK3;PLCB4;PPP1CB;PRKCA;TBC1D4;TGFBR1;VDAC3,1.0,False
KEGG,1,HUMAN PAPILLOMAVIRUS INFECTION,0.8723046434296697,26,718,287,6576,ATP6V0E1;ATP6V1A;ATP6V1C1;CDKN1B;CLSTN1;COL4A3;COL6A5;COL9A1;CREB5;CSNK1A1;ITGA7;ITGB1;JAK1;MAP2K1;PARD3;PKM;PPP2CA;PPP2CB;PPP2R2B;PPP2R2C;PRKACB;PRKCA;PSEN1;PTK2;TNR;WNT16,1.0,False
KEGG,1,UBIQUITIN MEDIATED PROTEOLYSIS,0.8734422314078526,11,718,133,6576,CDC16;CDC27;HERC3;UBE2D1;UBE2E1;UBE2E3;UBE2I;UBE2J1;UBE2Q1;UBE2QL1;UBE2Z,1.0,False
KEGG,1,NEUTROPHIL EXTRACELLULAR TRAP FORMATION,0.8750730922859732,8,718,101,6576,CLCN3;CLSTN1;HDAC9;MACROH2A2;MAP2K1;PLCB4;PRKCA;VDAC3,1.0,False
KEGG,1,MELANOMA,0.8782019015613679,5,718,68,6576,CLSTN1;FGF10;MAP2K1;MITF;PDGFA,1.0,False
KEGG,1,LYSINE DEGRADATION,0.8831475516797678,4,718,57,6576,COLGALT2;HADH;PLOD2;SMYD2,1.0,False
KEGG,1,HEPATOCELLULAR CARCINOMA,0.8868481612731949,12,718,146,6576,CLSTN1;CSNK1A1;DPF3;GSTM3;KCNH8;MAP2K1;NFE2L2;PRKCA;SHC3;SHC4;TGFBR1;WNT16,1.0,False
KEGG,1,HISTIDINE METABOLISM,0.889190562942307,1,718,19,6576,CNDP1,1.0,False
KEGG,1,LIPOIC ACID METABOLISM,0.889190562942307,1,718,19,6576,OGDH,1.0,False
KEGG,1,RETINOL METABOLISM,0.8894785761400212,2,718,33,6576,BCO1;RDH11,1.0,False
KEGG,1,LEISHMANIASIS,0.8912178811302833,4,718,58,6576,IFNGR1;ITGB1;JAK1;KCNH8,1.0,False
KEGG,1,PERTUSSIS,0.8987961431280683,4,718,59,6576,CALM2;CFL2;ITGB1;MAPK9,1.0,False
KEGG,1,DRUG METABOLISM - OTHER ENZYMES,0.9004205810428373,3,718,47,6576,GSTM3;RRM2B;SLC38A1,1.0,False
KEGG,1,ETHER LIPID METABOLISM,0.9004205810428373,3,718,47,6576,CHPT1;ENPP6;UGT8,1.0,False
KEGG,1,AUTOIMMUNE THYROID DISEASE,0.9013243399451168,1,718,20,6576,TSHR,1.0,False
KEGG,1,RENIN-ANGIOTENSIN SYSTEM,0.9013243399451168,1,718,20,6576,ATP6AP2,1.0,False
KEGG,1,MISMATCH REPAIR,0.912131100762598,1,718,21,6576,LRIG1,1.0,False
KEGG,1,BASAL TRANSCRIPTION FACTORS,0.9162956435862489,2,718,36,6576,TAF11;TAF9B,1.0,False
KEGG,1,ACUTE MYELOID LEUKEMIA,0.9188095196618805,4,718,62,6576,CLSTN1;MAP2K1;RUNX1T1;ZBTB16,1.0,False
KEGG,1,KAPOSI SARCOMA-ASSOCIATED HERPESVIRUS INFECTION,0.9193192679877759,12,718,153,6576,CALM2;CLSTN1;GNG10;GNG4;HIF1A;IFNGR1;IL6ST;ITPR2;JAK1;MAP2K1;MAP2K6;MAPK9,1.0,False
KEGG,1,T CELL RECEPTOR SIGNALING PATHWAY,0.9202540351903502,8,718,109,6576,CLSTN1;FYN;MAP2K1;MAPK9;PPP2CA;PPP2CB;PPP2R2B;PPP2R2C,1.0,False
KEGG,1,PHOTOTRANSDUCTION,0.921755794836199,1,718,22,6576,CALM2,1.0,False
KEGG,1,AMYOTROPHIC LATERAL SCLEROSIS,0.9218980244046416,26,718,301,6576,ACTR1A;ATF4;CHMP2B;DCTN4;DNAH5;ERBB4;GRIA1;GRIA2;GRIN2A;IVNS1ABP;MAP2K6;MAP3K5;MCU;NEFL;NRG3;NXT2;PINK1;RAB8A;SLC1A2;SOD1;SQSTM1;TUBA1A;TUBA1B;TUBB2B;ULK2;WIPI1,1.0,False
KEGG,1,PANCREATIC CANCER,0.9239346461797412,5,718,75,6576,CLSTN1;JAK1;MAP2K1;MAPK9;TGFBR1,1.0,False
KEGG,1,RENAL CELL CARCINOMA,0.9246482940935149,4,718,63,6576,CLSTN1;CRK;HIF1A;MAP2K1,1.0,False
KEGG,1,ALZHEIMER DISEASE,0.9286060248028918,28,718,324,6576,ATF4;CALM2;CHRM1;CLSTN1;CSNK1A1;GRIN2A;GRM5;ITPR2;IVNS1ABP;MAP2K1;MAP3K5;MAPK9;MCU;PLCB4;PSEN1;RTN3;RTN4;RYR3;SLC39A2;SLC39A6;SNCA;TUBA1A;TUBA1B;TUBB2B;ULK2;VDAC3;WIPI1;WNT16,1.0,False
KEGG,1,IL-17 SIGNALING PATHWAY,0.9290441313041762,5,718,76,6576,HSP90AA1;MAPK4;MAPK6;MAPK9;TRAF5,1.0,False
KEGG,1,TRYPTOPHAN METABOLISM,0.936908891342379,2,718,39,6576,ACMSD;HADH,1.0,False
KEGG,1,ABC TRANSPORTERS,0.9426381521913673,2,718,40,6576,ABCA9;ABCD2,1.0,False
KEGG,1,BASE EXCISION REPAIR,0.9426381521913673,2,718,40,6576,LRIG1;PARP1,1.0,False
KEGG,1,TOLL-LIKE RECEPTOR SIGNALING PATHWAY,0.9465544068525399,5,718,80,6576,CLSTN1;JAK1;MAP2K1;MAP2K6;MAPK9,1.0,False
KEGG,1,INFLUENZA A,0.9474853579069029,8,718,116,6576,CLSTN1;IFNGR1;JAK1;MAP2K1;NXT2;PRKCA;PRSS58;RAB11A,1.0,False
KEGG,1,RNA DEGRADATION,0.9485428064050916,4,718,68,6576,BTG2;PABPC4L;PABPC5;PFKM,1.0,False
KEGG,1,MEASLES,0.9497846022939772,7,718,105,6576,CDKN1B;CLSTN1;EIF2AK4;HSPA8;JAK1;MAPK9;RACK1,1.0,False
KEGG,1,COLORECTAL CANCER,0.9502727500628199,5,718,81,6576,CLSTN1;DCC;MAP2K1;MAPK9;TGFBR1,1.0,False
KEGG,1,TOXOPLASMOSIS,0.952890439877538,6,718,94,6576,HSPA8;IFNGR1;ITGB1;JAK1;MAP2K6;MAPK9,1.0,False
KEGG,1,SYSTEMIC LUPUS ERYTHEMATOSUS,0.9609732519075107,2,718,44,6576,GRIN2A;MACROH2A2,1.0,False
KEGG,1,COMPLEMENT AND COAGULATION CASCADES,0.9635969075640238,3,718,59,6576,F8;F9;TFPI,1.0,False
KEGG,1,APOPTOSIS - MULTIPLE SPECIES,0.9652829523809939,1,718,29,6576,MAPK9,1.0,False
KEGG,1,FRUCTOSE AND MANNOSE METABOLISM,0.9652829523809939,1,718,29,6576,PFKM,1.0,False
KEGG,1,GLYOXYLATE AND DICARBOXYLATE METABOLISM,0.9652829523809939,1,718,29,6576,MDH1,1.0,False
KEGG,1,CYTOKINE-CYTOKINE RECEPTOR INTERACTION,0.9675888228982563,15,718,204,6576,ACVR1C;ACVR2A;BMPR1B;GDF5;GDF7;GHR;IFNGR1;IL20;IL21;IL6ST;LIFR;MSTN;PRLR;TGFBR1;TNFSF18,1.0,False
KEGG,1,ARACHIDONIC ACID METABOLISM,0.9678856767201733,2,718,46,6576,CYP2U1;PTGES3,1.0,False
KEGG,1,CHEMICAL CARCINOGENESIS - REACTIVE OXYGEN SPECIES,0.9689599655916455,12,718,171,6576,AS3MT;CLSTN1;GSTM3;HIF1A;IVNS1ABP;MAP2K1;MAP3K5;MAPK9;NFE2L2;PTK2;SOD1;VDAC3,1.0,False
KEGG,1,METABOLISM OF XENOBIOTICS BY CYTOCHROME P450,0.9690903206703548,1,718,30,6576,GSTM3,1.0,False
KEGG,1,CELL CYCLE,0.9708634858101182,10,718,149,6576,CDC16;CDC27;CDKN1B;PPP2CA;PPP2CB;TFDP1;YWHAB;YWHAE;YWHAG;YWHAZ,1.0,False
KEGG,1,CORNIFIED ENVELOPE FORMATION,0.9708634858101182,10,718,149,6576,CLDN19;COL4A3;ELOVL4;KRT9;PCSK6;PPP2CA;PPP2CB;PPP2R2B;PPP2R2C;SPTLC2,1.0,False
KEGG,1,PROPANOATE METABOLISM,0.9724806582442451,1,718,31,6576,ACSS3,1.0,False
KEGG,1,POLYCOMB REPRESSIVE COMPLEX,0.9748895624150374,4,718,77,6576,JARID2;TFDP1;UBE2D1;YY1,1.0,False
KEGG,1,DNA REPLICATION,0.9781877433804798,1,718,33,6576,LRIG1,1.0,False
KEGG,1,INFLAMMATORY BOWEL DISEASE,0.9783460326432172,2,718,50,6576,IFNGR1;IL21,1.0,False
KEGG,1,P53 SIGNALING PATHWAY,0.9785487516738485,3,718,65,6576,RPRM;RRM2B;SESN3,1.0,False
KEGG,1,PYRIMIDINE METABOLISM,0.9803937699145815,2,718,51,6576,DCK;RRM2B,1.0,False
KEGG,1,ATP-DEPENDENT CHROMATIN REMODELING,0.9813089747197105,5,718,94,6576,CECR2;DPF3;MACROH2A2;SMARCA1;YY1,1.0,False
KEGG,1,RHEUMATOID ARTHRITIS,0.9820726461964971,3,718,67,6576,ATP6V0E1;ATP6V1A;ATP6V1C1,1.0,False
KEGG,1,"GLYCINE, SERINE AND THREONINE METABOLISM",0.982712570007188,1,718,35,6576,SBDS,1.0,False
KEGG,1,ALCOHOLIC LIVER DISEASE,0.9850694484442821,6,718,110,6576,ADIPOR1;LPIN1;MAP2K6;MAP3K5;MAPK9;PRKAA2,1.0,False
KEGG,1,BLADDER CANCER,0.9862997804106047,1,718,37,6576,MAP2K1,1.0,False
KEGG,1,THERMOGENESIS,0.9863128687967541,12,718,185,6576,ACSL3;ACSL4;ADCY1;ADCY8;CREB5;DPF3;IVNS1ABP;MAP3K5;PRKAA2;PRKACB;PRKCA;PRKG2,1.0,False
KEGG,1,FAT DIGESTION AND ABSORPTION,0.9913975252986235,1,718,41,6576,GOT2,1.0,False
KEGG,1,VIRAL PROTEIN INTERACTION WITH CYTOKINE AND CYTOKINE RECEPTOR,0.9920822265504599,2,718,60,6576,IL20;IL6ST,1.0,False
KEGG,1,BASAL CELL CARCINOMA,0.9928501086321952,2,718,61,6576,HHIP;WNT16,1.0,False
KEGG,1,BREAST CANCER,0.9939153439524586,7,718,135,6576,CLSTN1;CSNK1A1;FGF10;MAP2K1;SHC3;SHC4;WNT16,1.0,False
KEGG,1,TH1 AND TH2 CELL DIFFERENTIATION,0.9940625660652962,3,718,79,6576,IFNGR1;JAK1;MAPK9,1.0,False
KEGG,1,C-TYPE LECTIN RECEPTOR SIGNALING PATHWAY,0.9945644345907501,4,718,95,6576,CALM2;CLSTN1;ITPR2;MAPK9,1.0,False
KEGG,1,TUBERCULOSIS,0.9947710416377032,7,718,137,6576,CALM2;CAMK2B;CEBPG;IFNGR1;JAK1;LAMP2;MAPK9,1.0,False
KEGG,1,OXIDATIVE PHOSPHORYLATION,0.995444015982807,4,718,97,6576,ATP6V0E1;ATP6V1A;ATP6V1C1;IVNS1ABP,1.0,False
KEGG,1,B CELL RECEPTOR SIGNALING PATHWAY,0.9957209656663292,2,718,66,6576,CLSTN1;MAP2K1,1.0,False
KEGG,1,RIBOSOME BIOGENESIS IN EUKARYOTES,0.9957209656663292,2,718,66,6576,NXT2;SBDS,1.0,False
KEGG,1,NUCLEOCYTOPLASMIC TRANSPORT,0.9969429645632466,3,718,86,6576,NXT2;SRRM1;UBE2I,1.0,False
KEGG,1,HERPES SIMPLEX VIRUS 1 INFECTION,0.9971193795641137,6,718,131,6576,CLSTN1;EIF2AK4;IFNGR1;JAK1;PPP1CB;TRAF5,1.0,False
KEGG,1,RIG-I-LIKE RECEPTOR SIGNALING PATHWAY,0.9973159622793544,1,718,51,6576,MAPK9,1.0,False
KEGG,1,STAPHYLOCOCCUS AUREUS INFECTION,0.9973159622793544,1,718,51,6576,KRT9,1.0,False
KEGG,1,EPSTEIN-BARR VIRUS INFECTION,0.9975021671834448,8,718,160,6576,CDKN1B;CLSTN1;JAK1;MAP2K6;MAPK9;SAP30;SAP30L;TRAF5,1.0,False
KEGG,1,NF-KAPPA B SIGNALING PATHWAY,0.9977084512916434,3,718,89,6576,PARP1;TRAF5;UBE2I,1.0,False
KEGG,1,NUCLEOTIDE EXCISION REPAIR,0.997874197056169,1,718,53,6576,LRIG1,1.0,False
KEGG,1,NON-ALCOHOLIC FATTY LIVER DISEASE,0.9982414180236199,6,718,137,6576,ADIPOR1;ATF4;CLSTN1;MAP3K5;MAPK9;PRKAA2,1.0,False
KEGG,1,NOTCH SIGNALING PATHWAY,0.9983164560477883,1,718,55,6576,PSEN1,1.0,False
KEGG,1,CORONAVIRUS DISEASE - COVID-19,0.9990811458810221,7,718,159,6576,CLSTN1;IL6ST;JAK1;MAPK9;NRP1;PRKCA;RPL26,1.0,False
KEGG,1,RIBOSOME,0.9999931858573607,2,718,126,6576,RACK1;RPL26,1.0,False
KEGG,1,SPLICEOSOME,0.9999992675890919,1,718,121,6576,HSPA8,1.0,False
KEGG,1,ALLOGRAFT REJECTION,1.0,0,718,17,6576,,1.0,False
KEGG,1,ALPHA-LINOLENIC ACID METABOLISM,1.0,0,718,22,6576,,1.0,False
KEGG,1,ASTHMA,1.0,0,718,17,6576,,1.0,False
KEGG,1,COBALAMIN TRANSPORT AND METABOLISM,1.0,0,718,17,6576,,1.0,False
KEGG,1,CYTOSOLIC DNA-SENSING PATHWAY,1.0,0,718,53,6576,,1.0,False
KEGG,1,D-AMINO ACID METABOLISM,1.0,0,718,5,6576,,1.0,False
KEGG,1,FANCONI ANEMIA PATHWAY,1.0,0,718,44,6576,,1.0,False
KEGG,1,FOLATE TRANSPORT AND METABOLISM,1.0,0,718,20,6576,,1.0,False
KEGG,1,GRAFT-VERSUS-HOST DISEASE,1.0,0,718,14,6576,,1.0,False
KEGG,1,HEMATOPOIETIC CELL LINEAGE,1.0,0,718,65,6576,,1.0,False
KEGG,1,HOMOLOGOUS RECOMBINATION,1.0,0,718,37,6576,,1.0,False
KEGG,1,INTESTINAL IMMUNE NETWORK FOR IGA PRODUCTION,1.0,0,718,29,6576,,1.0,False
KEGG,1,LINOLEIC ACID METABOLISM,1.0,0,718,22,6576,,1.0,False
KEGG,1,MALARIA,1.0,0,718,37,6576,,1.0,False
KEGG,1,NON-HOMOLOGOUS END-JOINING,1.0,0,718,13,6576,,1.0,False
KEGG,1,PORPHYRIN METABOLISM,1.0,0,718,28,6576,,1.0,False
KEGG,1,PRIMARY BILE ACID BIOSYNTHESIS,1.0,0,718,16,6576,,1.0,False
KEGG,1,PRIMARY IMMUNODEFICIENCY,1.0,0,718,31,6576,,1.0,False
KEGG,1,PROTEASOME,1.0,0,718,43,6576,,1.0,False
KEGG,1,PROTEIN EXPORT,1.0,0,718,28,6576,,1.0,False
KEGG,1,RNA POLYMERASE,1.0,0,718,26,6576,,1.0,False
KEGG,1,SELENOCOMPOUND METABOLISM,1.0,0,718,17,6576,,1.0,False
KEGG,1,STEROID BIOSYNTHESIS,1.0,0,718,19,6576,,1.0,False
KEGG,1,SULFUR METABOLISM,1.0,0,718,9,6576,,1.0,False
KEGG,1,SULFUR RELAY SYSTEM,1.0,0,718,8,6576,,1.0,False
KEGG,1,UBIQUINONE AND OTHER TERPENOID-QUINONE BIOSYNTHESIS,1.0,0,718,12,6576,,1.0,False
KEGG,1,VITAMIN B6 METABOLISM,1.0,0,718,6,6576,,1.0,False
KEGG,1,VITAMIN DIGESTION AND ABSORPTION,1.0,0,718,26,6576,,1.0,False
KEGG,2,CYTOKINE-CYTOKINE RECEPTOR INTERACTION,1.2713473965085997e-30,78,603,204,6576,ACVRL1;CCL17;CCL19;CCL22;CCL24;CCL28;CCL5;CCL7;CCR2;CCR3;CCR5;CCR7;CD27;CD4;CD40;CD40LG;CSF1;CSF1R;CSF2;CSF3R;CX3CR1;CXCL10;CXCL9;CXCR2;CXCR3;CXCR4;CXCR5;CXCR6;EBI3;EDA2R;EPX;FASLG;GDF11;IFNGR2;IL10;IL10RA;IL10RB;IL12A;IL15RA;IL16;IL17RA;IL18R1;IL18RAP;IL1B;IL1R2;IL1RL1;IL1RN;IL21R;IL24;IL27;IL27RA;IL2RA;IL2RB;IL2RG;IL36A;IL4R;IL6R;IL7R;IL9R;LEP;LTA;LTB;LTBR;RELT;TGFB1;TNF;TNFRSF17;TNFRSF1B;TNFRSF25;TNFRSF4;TNFRSF9;TNFSF10;TNFSF11;TNFSF12;TNFSF13B;TNFSF14;TNFSF8;XCR1,4.424288939849927e-28,True
KEGG,2,VIRAL PROTEIN INTERACTION WITH CYTOKINE AND CYTOKINE RECEPTOR,4.469109370075675e-24,37,603,60,6576,CCL17;CCL19;CCL22;CCL24;CCL28;CCL5;CCL7;CCR2;CCR3;CCR5;CCR7;CSF1;CSF1R;CX3CR1;CXCL10;CXCL9;CXCR2;CXCR3;CXCR4;CXCR5;IL10;IL10RA;IL10RB;IL18R1;IL18RAP;IL24;IL2RA;IL2RB;IL2RG;IL6R;LTA;LTBR;TNF;TNFRSF1B;TNFSF10;TNFSF14;XCR1,7.776250303931674e-22,True
KEGG,2,HEMATOPOIETIC CELL LINEAGE,3.2482602900006507e-21,36,603,65,6576,CD19;CD2;CD22;CD34;CD37;CD3D;CD3E;CD4;CD5;CSF1;CSF1R;CSF2;CSF3R;EPX;FCER2;FCGR1A;FLT3;HLA-DMA;HLA-DOA;HLA-DOB;HLA-DQB2;HLA-DRA;IL1B;IL1R2;IL2RA;IL4R;IL6R;IL7R;IL9R;ITGA2B;ITGA4;ITGA5;ITGAM;ITGB3;MS4A1;TNF,3.7679819364007546e-19,True
KEGG,2,TUBERCULOSIS,2.77885391467546e-17,48,603,137,6576,ATP6V0D2;BAX;BCL2;BID;CALML3;CARD9;CASP8;CASP9;CD74;CEBPB;CIITA;CLEC4E;CORO1A;CTSD;CTSS;FCER1G;FCGR1A;HLA-DMA;HLA-DOA;HLA-DOB;HLA-DQB2;HLA-DRA;IFNGR2;IL10;IL10RA;IL10RB;IL12A;IL1B;ITGAM;ITGAX;ITGB2;LSP1;MRC1;MYD88;NFKB1;NOD2;PLK3;RIPK2;STAT1;SYK;TCIRG1;TGFB1;TLR1;TLR2;TLR4;TLR6;TNF;TRADD,2.41760290576765e-15,True
KEGG,2,EPSTEIN-BARR VIRUS INFECTION,5.111270069590876e-17,52,603,160,6576,B2M;BAX;BCL2;BID;BLNK;BTK;CASP8;CASP9;CCND3;CD19;CD247;CD3D;CD3E;CD40;CXCL10;ENTPD1;FCER2;GADD45B;HLA-DMA;HLA-DOA;HLA-DOB;HLA-DQB2;HLA-DRA;ICAM1;IKBKE;IRF7;IRF9;ISG15;ITGAL;JAK3;LYN;MAP2K3;MYD88;NFKB1;NFKB2;NFKBIA;NFKBIE;OAS2;OAS3;PLCG2;RBPJ;RELB;RUNX3;STAT1;SYK;TAPBP;TAPBPL;TLR2;TNF;TNFAIP3;TP53;TRADD,3.55744396843525e-15,True
KEGG,2,CHEMOKINE SIGNALING PATHWAY,1.1984467299325598e-16,50,603,152,6576,ADCY4;ADCY7;ARRB1;CCL17;CCL19;CCL22;CCL24;CCL28;CCL5;CCL7;CCR2;CCR3;CCR5;CCR7;CX3CR1;CXCL10;CXCL9;CXCR2;CXCR3;CXCR4;CXCR5;CXCR6;DOCK2;ELMO1;FGR;GNG2;GNGT2;GRK3;HCK;ITK;JAK3;LYN;NCF1;NCOA3;NFKB1;NFKBIA;PIK3CG;PIK3R5;PIK3R6;PLCB2;PLCG2;PREX1;PRKCB;PRKCD;RAC2;RASGRP2;STAT1;VAV1;WAS;XCR1,6.9509910336088465e-15,True
KEGG,2,NF-KAPPA B SIGNALING PATHWAY,2.1945063527142998e-16,37,603,89,6576,BCL2;BIRC3;BLNK;BTK;CARD11;CARD14;CCL19;CD40;CD40LG;CFLAR;EDA2R;GADD45B;ICAM1;IL1B;LCK;LTA;LTB;LTBR;LY96;LYN;MYD88;NFKB1;NFKB2;NFKBIA;PLCG2;PRKCB;RELB;SYK;TLR4;TNF;TNFAIP3;TNFSF11;TNFSF13B;TNFSF14;TRADD;TRAF1;ZAP70,1.0909831582065376e-14,True
KEGG,2,HERPES SIMPLEX VIRUS 1 INFECTION,6.784933147106272e-16,45,603,131,6576,B2M;BAX;BCL2;BID;BIRC3;CARD9;CASP8;CASP9;CCL5;CD74;CFP;CGAS;FASLG;HLA-DMA;HLA-DOA;HLA-DOB;HLA-DQB2;HLA-DRA;IFIH1;IFNGR2;IKBKE;IL12A;IL1B;IRF7;IRF9;ITGA5;ITGB3;LTA;MYD88;NFKB1;NFKBIA;OAS2;OAS3;POU2F2;SOCS3;STAT1;STING1;SYK;TAPBP;TAPBPL;TLR2;TNF;TNFSF14;TP53;TRADD,2.9514459189912284e-14,True
KEGG,2,LEISHMANIASIS,1.0069592827113587e-14,28,603,58,6576,CYBA;CYBB;FCGR1A;HLA-DMA;HLA-DOA;HLA-DOB;HLA-DQB2;HLA-DRA;IFNGR2;IL10;IL12A;IL1B;ITGA4;ITGAM;ITGB2;MYD88;NCF1;NCF2;NCF4;NFKB1;NFKBIA;PRKCB;PTPN6;STAT1;TGFB1;TLR2;TLR4;TNF,3.893575893150587e-13,True
KEGG,2,OSTEOCLAST DIFFERENTIATION,2.6843526208531854e-14,39,603,111,6576,ACP5;ATP2A3;BLNK;BTK;CSF1;CSF1R;CYBA;FCGR1A;FOSB;FOSL1;FOSL2;IFNGR2;IL1B;IRF9;ITGB3;JUND;LCK;LCP2;NCF1;NCF2;NCF4;NFATC1;NFKB1;NFKB2;NFKBIA;OSCAR;PLCG2;RELB;SOCS1;SOCS3;SPI1;STAT1;SYK;TEC;TGFB1;TNF;TNFSF11;TREM2;TYROBP,9.341547120569086e-13,True
KEGG,2,INFLAMMATORY BOWEL DISEASE,9.974581438560345e-14,25,603,50,6576,HLA-DMA;HLA-DOA;HLA-DOB;HLA-DQB2;HLA-DRA;IFNGR2;IL10;IL12A;IL18R1;IL18RAP;IL1B;IL21R;IL2RG;IL4R;NFATC1;NFKB1;NOD2;STAT1;STAT4;STAT6;TBX21;TGFB1;TLR2;TLR4;TNF,3.155594855108182e-12,True
KEGG,2,INTESTINAL IMMUNE NETWORK FOR IGA PRODUCTION,1.2289162678050147e-13,19,603,29,6576,CCL28;CD28;CD40;CD40LG;CXCR4;HLA-DMA;HLA-DOA;HLA-DOB;HLA-DQB2;HLA-DRA;ICOS;IL10;IL15RA;ITGA4;ITGB7;LTBR;TGFB1;TNFRSF17;TNFSF13B,3.5638571766345425e-12,True
KEGG,2,INFLUENZA A,1.400497291747266e-13,39,603,116,6576,BAX;BID;CASP8;CASP9;CCL5;CCND3;CIITA;CXCL10;FASLG;HLA-DMA;HLA-DOA;HLA-DOB;HLA-DQB2;HLA-DRA;ICAM1;IFIH1;IFNGR2;IKBKE;IL12A;IL1B;IRF7;IRF9;MYD88;NFKB1;NFKBIA;NLRP3;OAS2;OAS3;PABPN1;PRKCB;PYCARD;RSAD2;SOCS3;STAT1;TLR4;TLR7;TNF;TNFSF10;TRADD,3.749023519446527e-12,True
KEGG,2,NATURAL KILLER CELL MEDIATED CYTOTOXICITY,1.51539810676387e-13,30,603,72,6576,BID;CD247;CSF2;FASLG;FCER1G;HCST;ICAM1;ICAM2;IFNGR2;ITGAL;ITGB2;KLRD1;KLRK1;LCK;LCP2;NCOA3;NCR1;NFATC1;PLCG2;PRKCB;PTPN6;RAC2;SH2D1A;SH3BP2;SYK;TNF;TNFSF10;TYROBP;VAV1;ZAP70,3.766846722527334e-12,True
KEGG,2,TH17 CELL DIFFERENTIATION,2.349755583837694e-13,34,603,92,6576,CD247;CD3D;CD3E;CD4;EBI3;HLA-DMA;HLA-DOA;HLA-DOB;HLA-DQB2;HLA-DRA;IFNGR2;IL1B;IL21R;IL27;IL27RA;IL2RA;IL2RB;IL2RG;IL4R;IL6R;IRF4;JAK3;LCK;NFATC1;NFKB1;NFKBIA;NFKBIE;RARA;STAT1;STAT5A;STAT6;TBX21;TGFB1;ZAP70,5.45143295450345e-12,True
KEGG,2,STAPHYLOCOCCUS AUREUS INFECTION,1.7177935470314393e-12,24,603,51,6576,C1QA;C1QB;C1QC;C3AR1;C5AR1;FCGR1A;FPR1;HLA-DMA;HLA-DOA;HLA-DOB;HLA-DQB2;HLA-DRA;ICAM1;IL10;ITGAL;ITGAM;ITGB2;KRT27;KRT28;KRT32;KRT34;KRT36;KRT40;PTAFR,3.736200964793381e-11,True
KEGG,2,TH1 AND TH2 CELL DIFFERENTIATION,2.7490522053819e-12,30,603,79,6576,CD247;CD3D;CD3E;CD4;HLA-DMA;HLA-DOA;HLA-DOB;HLA-DQB2;HLA-DRA;IFNGR2;IL12A;IL2RA;IL2RB;IL2RG;IL4R;JAK3;LCK;MAML2;NFATC1;NFKB1;NFKBIA;NFKBIE;RBPJ;RUNX3;STAT1;STAT4;STAT5A;STAT6;TBX21;ZAP70,5.196039969620642e-11,True
KEGG,2,NOD-LIKE RECEPTOR SIGNALING PATHWAY,2.784483810572668e-12,39,603,126,6576,BCL2;BIRC3;CARD6;CARD9;CASP8;CCL5;CYBA;CYBB;GPSM3;GSDMD;IKBKE;IL1B;IRF7;IRF9;MYD88;NFKB1;NFKBIA;NLRC4;NLRP12;NLRP3;NOD1;NOD2;OAS2;OAS3;P2RX7;PLCB2;PRKCD;PSTPIP1;PYCARD;RIPK2;RIPK3;RNF31;STAT1;STING1;TLR4;TNF;TNFAIP3;TRPM2;TRPV2,5.196039969620642e-11,True
KEGG,2,TOXOPLASMOSIS,2.8369183742181668e-12,33,603,94,6576,ALOX5;BCL2;BIRC3;CASP8;CASP9;CCR5;CD40;CD40LG;CIITA;HLA-DMA;HLA-DOA;HLA-DOB;HLA-DQB2;HLA-DRA;IFNGR2;IL10;IL10RA;IL10RB;IL12A;LY96;MAP2K3;MYD88;NFKB1;NFKBIA;PIK3CG;PIK3R5;PIK3R6;SOCS1;STAT1;TGFB1;TLR2;TLR4;TNF,5.196039969620642e-11,True
KEGG,2,MEASLES,3.453235497084698e-12,35,603,105,6576,BAX;BCL2;BID;CASP8;CASP9;CCND3;CD28;CD3D;CD3E;FASLG;IFIH1;IKBKE;IL12A;IL1B;IL2RA;IL2RB;IL2RG;IRF7;IRF9;JAK3;MSN;MYD88;NFKB1;NFKBIA;OAS2;OAS3;SLAMF1;STAT1;STAT5A;TLR2;TLR4;TLR7;TNFAIP3;TP53;TRADD,6.008629764927374e-11,True
KEGG,2,B CELL RECEPTOR SIGNALING PATHWAY,3.046170355170032e-11,26,603,66,6576,BANK1;BLK;BLNK;BTK;CARD11;CD19;CD22;CD72;CD79A;CD79B;DAPP1;INPP5D;LYN;NCOA3;NFATC1;NFKB1;NFKBIA;NFKBIE;PIK3AP1;PLCG2;PRKCB;PTPN6;RAC2;RASGRP3;SYK;VAV1,5.047939445710339e-10,True
KEGG,2,C-TYPE LECTIN RECEPTOR SIGNALING PATHWAY,1.138267473535686e-10,31,603,95,6576,BCL3;CALML3;CARD9;CASP8;CCL17;CCL22;CLEC4D;CLEC4E;EGR2;EGR3;FCER1G;IKBKE;IL10;IL12A;IL1B;IRF1;IRF9;LSP1;NFATC1;NFKB1;NFKB2;NFKBIA;NLRP3;PLCG2;PLK3;PRKCD;PYCARD;RELB;STAT1;SYK;TNF,1.8005321854109939e-09,True
KEGG,2,PRIMARY IMMUNODEFICIENCY,1.4397777280707995e-10,17,603,31,6576,BLNK;BTK;CD19;CD3D;CD3E;CD4;CD40;CD40LG;CD79A;CIITA;ICOS;IL2RG;IL7R;JAK3;LCK;PTPRC;ZAP70,2.1784463016027746e-09,True
KEGG,2,RHEUMATOID ARTHRITIS,2.926797962521969e-10,25,603,67,6576,ACP5;ATP6V0D2;CCL5;CD28;CSF1;CSF2;CTLA4;FLT1;HLA-DMA;HLA-DOA;HLA-DOB;HLA-DQB2;HLA-DRA;ICAM1;IL1B;ITGAL;ITGB2;LTB;TCIRG1;TGFB1;TLR2;TLR4;TNF;TNFSF11;TNFSF13B,4.243857045656855e-09,True
KEGG,2,CELL ADHESION MOLECULE (CAM) INTERACTION,3.0948640637627287e-10,35,603,121,6576,CD2;CD22;CD274;CD28;CD34;CD4;CD40;CD40LG;CD6;CLDN5;CTLA4;ESAM;HLA-DMA;HLA-DOA;HLA-DOB;HLA-DQB2;HLA-DRA;ICAM1;ICAM2;ICOS;ITGA4;ITGAL;ITGAM;ITGB2;ITGB7;MAG;PDCD1;PDCD1LG2;PECAM1;PTPRC;SELE;SELL;SIGLEC1;TIGIT;VSIR,4.308050776757719e-09,True
KEGG,2,ALLOGRAFT REJECTION,1.282573122859736e-09,12,603,17,6576,CD28;CD40;CD40LG;FASLG;HLA-DMA;HLA-DOA;HLA-DOB;HLA-DQB2;HLA-DRA;IL10;IL12A;TNF,1.6530942472414374e-08,True
KEGG,2,ASTHMA,1.282573122859736e-09,12,603,17,6576,CD40;CD40LG;EPX;FCER1G;HLA-DMA;HLA-DOA;HLA-DOB;HLA-DQB2;HLA-DRA;IL10;MS4A2;TNF,1.6530942472414374e-08,True
KEGG,2,LIPID AND ATHEROSCLEROSIS,1.4262563895500853e-09,42,603,171,6576,ABCG1;BAX;BCL2;BID;CALML3;CASP8;CASP9;CCL5;CD40;CD40LG;CYBA;CYBB;FASLG;ICAM1;IKBKE;IL12A;IL1B;IRF7;LY96;LYN;MAP2K3;MMP9;MYD88;NCF1;NCF2;NCF4;NFATC1;NFKB1;NFKBIA;NLRP3;PLCB2;POU2F2;PYCARD;SELE;SOD2;TLR2;TLR4;TLR6;TNF;TNFSF10;TP53;VAV1,1.7726329412979634e-08,True
KEGG,2,JAK-STAT SIGNALING PATHWAY,2.092702247149872e-09,34,603,123,6576,BCL2;CCND3;CISH;CSF2;CSF3R;EPX;IFNGR2;IL10;IL10RA;IL10RB;IL12A;IL15RA;IL21R;IL24;IL27;IL27RA;IL2RA;IL2RB;IL2RG;IL4R;IL6R;IL7R;IL9R;IRF9;JAK3;LEP;PTPN6;SOCS1;SOCS2;SOCS3;STAT1;STAT4;STAT5A;STAT6,2.5112426965798468e-08,True
KEGG,2,MALARIA,5.0960864056047715e-09,17,603,37,6576,CD40;CD40LG;GYPC;ICAM1;IL10;IL12A;IL1B;ITGAL;ITGB2;KLRK1;MYD88;PECAM1;SELE;TGFB1;TLR2;TLR4;TNF,5.7813113110257666e-08,True
KEGG,2,TNF SIGNALING PATHWAY,5.150018696603413e-09,31,603,109,6576,BCL3;BIRC3;CASP8;CCL5;CEBPB;CFLAR;CSF1;CSF2;CXCL10;FRMD8;ICAM1;IL18R1;IL1B;IRF1;LTA;MAP2K3;MAP3K8;MLKL;MMP9;NFKB1;NFKBIA;NOD2;RHBDF2;RIPK3;SELE;SOCS3;TNF;TNFAIP3;TNFRSF1B;TRADD;TRAF1,5.7813113110257666e-08,True
KEGG,2,NEUTROPHIL EXTRACELLULAR TRAP FORMATION,1.2789165315739544e-08,29,603,101,6576,AQP9;C5AR1;CTSG;CYBA;CYBB;ELANE;FCGR1A;FPR1;GSDMD;ITGA2B;ITGAL;ITGAM;ITGB2;ITGB3;MPO;NCF1;NCF2;NCF4;NFKB1;PADI4;PLCB2;PLCG2;PRKCB;RAC2;SYK;TLR2;TLR4;TLR7;TLR8,1.3908217280866753e-07,True
KEGG,2,SYSTEMIC LUPUS ERYTHEMATOSUS,1.7322107676301964e-08,18,603,44,6576,C1QA;C1QB;C1QC;CD28;CD40;CD40LG;CTSG;CXCL10;ELANE;FCGR1A;HLA-DMA;HLA-DOA;HLA-DOB;HLA-DQB2;HLA-DRA;IL10;TNF;TRIM21,1.8266949913191163e-07,True
KEGG,2,TOLL-LIKE RECEPTOR SIGNALING PATHWAY,2.0094588980623877e-08,25,603,80,6576,CASP8;CCL5;CD40;CXCL10;CXCL9;IKBKE;IL12A;IL1B;IRF5;IRF7;IRF9;LY96;MAP2K3;MAP3K8;MYD88;NFKB1;NFKBIA;STAT1;TLR1;TLR2;TLR4;TLR6;TLR7;TLR8;TNF,2.0567402838991496e-07,True
KEGG,2,GRAFT-VERSUS-HOST DISEASE,2.790608669014909e-08,10,603,14,6576,CD28;FASLG;HLA-DMA;HLA-DOA;HLA-DOB;HLA-DQB2;HLA-DRA;IL1B;KLRD1;TNF,2.7746623337633955e-07,True
KEGG,2,PERTUSSIS,1.1787688883116166e-07,20,603,59,6576,C1QA;C1QB;C1QC;CALML3;IL10;IL12A;IL1B;IRF1;IRF8;ITGA5;ITGAM;ITGB2;LY96;MYD88;NFKB1;NLRP3;NOD1;PYCARD;TLR4;TNF,1.1394765920345628e-06,True
KEGG,2,AUTOIMMUNE THYROID DISEASE,2.744064770277722e-07,11,603,20,6576,CD28;CD40;CD40LG;CTLA4;FASLG;HLA-DMA;HLA-DOA;HLA-DOB;HLA-DQB2;HLA-DRA;IL10,2.580904162315263e-06,True
KEGG,2,PD-L1 EXPRESSION AND PD-1 CHECKPOINT PATHWAY IN CANCER,5.200059932823463e-07,23,603,81,6576,BATF;BATF2;BATF3;CD247;CD274;CD28;CD3D;CD3E;CD4;IFNGR2;LCK;MAP2K3;MYD88;NFATC1;NFKB1;NFKBIA;NFKBIE;PDCD1;PTPN6;STAT1;TLR2;TLR4;ZAP70,4.76216014900675e-06,True
KEGG,2,HUMAN T-CELL LEUKEMIA VIRUS 1 INFECTION,7.031543666701109e-07,40,603,195,6576,ADCY4;ADCY7;B2M;BAX;CCND3;CD3D;CD3E;CD4;CD40;CSF2;EGR2;ETS1;FOSL1;HLA-DMA;HLA-DOA;HLA-DOB;HLA-DQB2;HLA-DRA;ICAM1;IL15RA;IL1R2;IL2RA;IL2RB;IL2RG;ITGAL;ITGB2;JAK3;LCK;LTA;LTBR;NFATC1;NFKB1;NFKB2;NFKBIA;RELB;SPI1;STAT5A;TGFB1;TNF;TP53,6.274300502594835e-06,True
KEGG,2,CHAGAS DISEASE,1.0427896503090878e-06,24,603,90,6576,C1QA;C1QB;C1QC;CASP8;CCL5;CD247;CD3D;CD3E;CFLAR;FASLG;GNA15;IFNGR2;IL10;IL12A;IL1B;MYD88;NFKB1;NFKBIA;PLCB2;TGFB1;TLR2;TLR4;TLR6;TNF,9.072269957689064e-06,True
KEGG,2,T CELL RECEPTOR SIGNALING PATHWAY,1.0942641853234497e-06,27,603,109,6576,CARD11;CD247;CD28;CD3D;CD3E;CD4;CD40LG;CSF2;CTLA4;GRAP2;ICOS;IL10;ITK;LCK;LCP2;MAP3K8;NFATC1;NFKB1;NFKBIA;NFKBIE;PDCD1;PTPN6;PTPRC;TEC;TNF;VAV1;ZAP70,9.287900890062453e-06,True
KEGG,2,TYPE I DIABETES MELLITUS,1.7076522519268856e-06,11,603,23,6576,CD28;FASLG;HLA-DMA;HLA-DOA;HLA-DOB;HLA-DQB2;HLA-DRA;IL12A;IL1B;LTA;TNF,1.4149118658822766e-05,True
KEGG,2,CORONAVIRUS DISEASE - COVID-19,1.8262988205895535e-06,34,603,159,6576,C1QA;C1QB;C1QC;C3AR1;C5AR1;CGAS;CSF2;CXCL10;CYBB;F13A1;HBEGF;IFIH1;IKBKE;IL12A;IL1B;IL6R;IRF9;ISG15;MYD88;NFKB1;NFKBIA;NLRP3;OAS2;OAS3;PLCG2;PRKCB;STAT1;STING1;SYK;TLR2;TLR4;TLR7;TLR8;TNF,1.478027882709685e-05,True
KEGG,2,VIRAL MYOCARDITIS,2.064929762269834e-06,16,603,47,6576,BID;CASP8;CASP9;CD28;CD40;CD40LG;HLA-DMA;HLA-DOA;HLA-DOB;HLA-DQB2;HLA-DRA;ICAM1;ITGAL;ITGB2;NCOA3;RAC2,1.6331717210679593e-05,True
KEGG,2,LEGIONELLOSIS,2.1610289636258335e-06,15,603,42,6576,CASP8;CASP9;IL12A;IL1B;ITGAM;ITGB2;MYD88;NFKB1;NFKB2;NFKBIA;NLRC4;PYCARD;TLR2;TLR4;TNF,1.6711957318706444e-05,True
KEGG,2,HUMAN CYTOMEGALOVIRUS INFECTION,3.052997106221751e-06,37,603,184,6576,ADCY4;ADCY7;B2M;BAX;BID;CALML3;CASP8;CASP9;CCL5;CCR3;CCR5;CGAS;CXCR2;CXCR4;FASLG;GNG2;GNGT2;IL10RA;IL10RB;IL1B;IL6R;ITGB3;NCOA3;NFATC1;NFKB1;NFKBIA;PLCB2;PRKCB;PTGER2;PTGER4;RAC2;STING1;TAPBP;TAPBPL;TNF;TP53;TRADD,2.2865745010039258e-05,True
KEGG,2,ANTIGEN PROCESSING AND PRESENTATION,3.088189699631739e-06,14,603,38,6576,B2M;CD4;CD74;CIITA;CTSS;HLA-DMA;HLA-DOA;HLA-DOB;HLA-DQB2;HLA-DRA;KLRD1;TAPBP;TAPBPL;TNF,2.2865745010039258e-05,True
KEGG,2,HUMAN IMMUNODEFICIENCY VIRUS 1 INFECTION,3.2361036537804806e-06,35,603,170,6576,B2M;BAX;BCL2;BID;CALML3;CASP8;CASP9;CCR5;CD247;CD3D;CD3E;CD4;CGAS;CXCR4;FASLG;GNG2;GNGT2;MAP2K3;MYD88;NCOA3;NFATC1;NFKB1;NFKBIA;PLCG2;PRKCB;RAC2;SAMHD1;STING1;TAPBP;TAPBPL;TLR2;TLR4;TNF;TNFRSF1B;TRADD,2.3461751489908484e-05,True
KEGG,2,NECROPTOSIS,3.706743725039662e-06,26,603,109,6576,BAX;BCL2;BID;BIRC3;CASP8;CFLAR;CYBB;FASLG;IFNGR2;IL1B;IRF9;JAK3;MLKL;NLRP3;PYCARD;RIPK3;RNF31;STAT1;STAT4;STAT5A;STAT6;TLR4;TNF;TNFAIP3;TNFSF10;TRADD,2.6325445230893928e-05,True
KEGG,2,YERSINIA INFECTION,6.663529807188674e-06,27,603,119,6576,CD4;ELMO1;GIT2;IL10;IL1B;ITGA4;ITGA5;LCK;LCP2;MAP2K3;MYD88;NCOA3;NFATC1;NFKB1;NFKBIA;NLRC4;NLRP3;PYCARD;RAC2;RHOG;TLR4;TNF;VAV1;WAS;WASF2;WIPF1;ZAP70,4.6378167458033174e-05,True
KEGG,2,PHAGOSOME,1.0559078876998708e-05,26,603,115,6576,ATP6V0D2;CORO1A;CTSS;CYBA;CYBB;FCGR1A;HLA-DMA;HLA-DOA;HLA-DOB;HLA-DQB2;HLA-DRA;ITGA5;ITGAM;ITGB2;ITGB3;MARCO;MPO;MRC1;MSR1;NCF1;NCF2;NCF4;TCIRG1;TLR2;TLR4;TLR6,7.205018527834413e-05,True
KEGG,2,CYTOSOLIC DNA-SENSING PATHWAY,1.2080363820323306e-05,16,603,53,6576,CASP8;CCL5;CGAS;CXCL10;GSDMD;IKBKE;IL1B;IRF7;MLKL;NFKB1;NFKBIA;NLRP3;PYCARD;RIPK3;SAMHD1;STING1,8.08455117206252e-05,True
KEGG,2,LEUKOCYTE TRANSENDOTHELIAL MIGRATION,2.647776324515619e-05,24,603,107,6576,CLDN5;CXCR4;CYBA;CYBB;ESAM;ICAM1;ITGA4;ITGAL;ITGAM;ITGB2;ITK;MMP9;MSN;MYL10;NCF1;NCF2;NCF4;PECAM1;PLCG2;PRKCB;RAC2;RHOH;SIPA1;VAV1,0.00017385399262857273,True
KEGG,2,HEPATITIS B,2.711464626611212e-05,28,603,135,6576,BAX;BCL2;BID;CASP8;CASP9;EGR2;EGR3;FASLG;IFIH1;IKBKE;IRF7;JAK3;MAP2K3;MMP9;MYD88;NFATC1;NFKB1;NFKBIA;PRKCB;STAT1;STAT4;STAT5A;STAT6;TGFB1;TLR2;TLR4;TNF;TP53,0.00017473883149272254,True
KEGG,2,IL-17 SIGNALING PATHWAY,3.7501459304552676e-05,19,603,76,6576,CASP8;CCL17;CCL7;CEBPB;CSF2;CXCL10;FOSB;FOSL1;IKBKE;IL17RA;IL1B;JUND;MMP9;NFKB1;NFKBIA;S100A8;TNF;TNFAIP3;TRADD,0.00023728196069062421,True
KEGG,2,KAPOSI SARCOMA-ASSOCIATED HERPESVIRUS INFECTION,4.372037047767086e-05,30,603,153,6576,BAX;BID;CALML3;CASP8;CASP9;CCR3;CCR5;CSF2;GNG2;GNGT2;HCK;ICAM1;IKBKE;IRF7;IRF9;LEF1;LYN;NFATC1;NFKB1;NFKBIA;PIK3CG;PIK3R5;PIK3R6;PLCG2;PREX1;STAT1;SYK;TCF7;TP53;TRADD,0.0002716908736826689,True
KEGG,2,SALMONELLA INFECTION,5.57458911902839e-05,38,603,216,6576,BAX;BCL2;BIRC3;CASP8;CYFIP1;CYTH1;CYTH2;CYTH4;ELMO1;FLNA;GSDMD;IL1B;LEF1;LY96;MAP2K3;MLKL;MYD88;MYL10;NCKAP1L;NFKB1;NFKBIA;NLRC4;NLRP3;NOD1;PIK3CG;PTPRC;PYCARD;RHOG;RHOH;RIPK2;RIPK3;TCF7;TLR2;TLR4;TLR6;TNF;TNFSF10;TRADD,0.0003384383408657771,True
KEGG,2,TRANSCRIPTIONAL MISREGULATION IN CANCER,5.640639014429618e-05,30,603,155,6576,BAX;BIRC3;CD40;CEBPB;CEBPE;CSF1R;CSF2;ELANE;ETV6;FCGR1A;FLT1;FLT3;GADD45B;IL1R2;IL2RB;ITGAM;ITGB7;LMO2;LYL1;MMP9;MPO;NFKB1;NFKBIZ;NR4A3;PAX5;RARA;RUNX2;SPI1;TP53;TRAF1,0.0003384383408657771,True
KEGG,2,AFRICAN TRYPANOSOMIASIS,7.781586190082961e-05,10,603,27,6576,FASLG;ICAM1;IL10;IL12A;IL1B;MYD88;PLCB2;PRKCB;SELE;TNF,0.0004589816939235374,True
KEGG,2,FC EPSILON RI SIGNALING PATHWAY,8.225191968402214e-05,16,603,61,6576,ALOX5;ALOX5AP;BTK;CSF2;FCER1G;INPP5D;LCP2;LYN;MAP2K3;MS4A2;NCOA3;PLCG2;RAC2;SYK;TNF;VAV1,0.00047706113416732843,True
KEGG,2,RIG-I-LIKE RECEPTOR SIGNALING PATHWAY,0.00013399218841320297,14,603,51,6576,CASP8;CXCL10;DHX58;IFIH1;IKBKE;IL12A;IRF7;ISG15;NFKB1;NFKBIA;RNF125;STING1;TNF;TRADD,0.0007644144519310596,True
KEGG,2,PLATELET ACTIVATION,0.00028311021471714434,23,603,116,6576,ADCY4;ADCY7;APBB1IP;BTK;F2RL3;FCER1G;FERMT3;ITGA2B;ITGB3;LCP2;LYN;P2RX1;PIK3CG;PIK3R5;PIK3R6;PLCB2;PLCG2;PTGIR;PTGS1;RASGRP2;SYK;TBXA2R;TBXAS1,0.0015890702374446166,True
KEGG,2,PATHWAYS IN CANCER,0.00031846595711237333,65,603,467,6576,ADCY4;ADCY7;BAX;BCL2;BID;BIRC3;CALML3;CASP8;CASP9;CCND3;CSF1R;CSF3R;CXCR4;DAPK2;EPX;ETS1;F2RL3;FASLG;FGF6;FLT3;FLT4;GADD45B;GNG2;GNGT2;IFNGR2;IL12A;IL15RA;IL2RA;IL2RB;IL2RG;IL4R;IL6R;IL7R;ITGA2B;JAK3;LEF1;LPAR5;LPAR6;MMP9;NCOA3;NFKB1;NFKB2;NFKBIA;PIM2;PLCB2;PLCG2;PRKCB;PTGER2;PTGER4;RAC2;RALB;RALGDS;RARA;RASGRP2;RASGRP3;RASGRP4;SPI1;STAT1;STAT4;STAT5A;STAT6;TCF7;TGFB1;TP53;TRAF1,0.0017591452869064432,True
KEGG,2,SHIGELLOSIS,0.00032539537698931474,35,603,210,6576,BAX;BCL2;CCL5;CGAS;CSF2;CYTH1;CYTH2;CYTH4;ELMO1;FNBP1;HCLS1;IL1B;ITGA5;MYD88;MYL10;NFKB1;NFKBIA;NLRC4;NLRP3;NOD1;PLCB2;PLCG2;PRKCD;PYCARD;RIPK2;RNF31;SEPTIN6;STING1;TIFA;TLR4;TNF;TNIP1;TP53;TRADD;WASF2,0.001769337362379399,True
KEGG,2,ALCOHOLIC LIVER DISEASE,0.00033606403869598225,22,603,110,6576,ADIPOQ;C1QA;C1QB;C1QC;C3AR1;C5AR1;CASP8;FASLG;IKBKE;IL12A;IL17RA;IL1B;LEF1;LY96;MAP2K3;MYD88;NFKB1;NFKBIA;TCF7;TLR4;TNF;TRADD,0.0017992351610184897,True
KEGG,2,AMOEBIASIS,0.00047665117450695037,17,603,77,6576,CSF2;CTSG;GNA15;IL10;IL12A;IL1B;IL1R2;ITGAM;ITGB2;NFKB1;PLCB2;PRKCB;SERPINB10;TGFB1;TLR2;TLR4;TNF,0.0024881903737989544,True
KEGG,2,RAP1 SIGNALING PATHWAY,0.00047904814667968374,33,603,198,6576,ADCY4;ADCY7;APBB1IP;ARAP3;CALML3;CSF1;CSF1R;EVL;F2RL3;FGF6;FLT1;FLT4;FPR1;ITGA2B;ITGAL;ITGAM;ITGB2;ITGB3;LCP2;LPAR5;MAP2K3;NCOA3;PLCB2;PRKCB;PRKD2;RAC2;RALB;RALGDS;RASGRP2;RASGRP3;SIPA1;SKAP1;VAV1,0.0024881903737989544,True
KEGG,2,EFFEROCYTOSIS,0.0005465617659634255,26,603,144,6576,ALOX5;ATP11A;ATP2A3;C1QA;C1QB;C1QC;CEBPB;CX3CR1;DUSP2;ELMO1;EPX;HAVCR2;IL10;ITGB3;NFATC1;P2RY6;PECAM1;PLA2G15;PTGER2;PTGER4;PTPN6;S1PR1;SCARF1;STAB1;TGFB1;XKR8,0.0027971102140481184,True
KEGG,2,APOPTOSIS,0.0007238656228636751,22,603,116,6576,BAX;BCL2;BID;BIRC3;CASP8;CASP9;CFLAR;CTSC;CTSD;CTSS;CTSW;FASLG;GADD45B;LMNA;NFKB1;NFKBIA;PARP3;TNF;TNFSF10;TP53;TRADD;TRAF1,0.0036508005327037527,True
KEGG,2,ACUTE MYELOID LEUKEMIA,0.0011696350687356867,14,603,62,6576,CEBPE;CSF1R;CSF2;FCGR1A;FLT3;ITGAM;LEF1;MPO;NFKB1;PIM2;RARA;SPI1;STAT5A;TCF7,0.0058147571988574134,True
KEGG,2,COMPLEMENT AND COAGULATION CASCADES,0.002197731998285836,13,603,59,6576,C1QA;C1QB;C1QC;C3AR1;C5AR1;CXCL10;F13A1;F2RL3;ITGAM;ITGAX;ITGB2;PLAUR;SERPINB2,0.01077198218878128,True
KEGG,2,PATHOGENIC ESCHERICHIA COLI INFECTION,0.003117507273845962,27,603,170,6576,BAX;CASP8;CASP9;CLDN5;CYFIP1;CYTH1;CYTH2;CYTH4;FASLG;HCLS1;IL1B;LPAR5;MYD88;MYO1F;MYO1G;NCKAP1L;NFKB1;NFKBIA;NLRP3;PTPN6;PYCARD;TLR4;TNF;TNFSF10;TRADD;WASF2;WIPF1,0.015067951823588815,True
KEGG,2,HEPATITIS C,0.00490507427624427,21,603,126,6576,BAX;BID;CASP8;CASP9;CFLAR;CLDN5;CXCL10;FASLG;IKBKE;IRF7;IRF9;NFKB1;NFKBIA;OAS2;OAS3;RSAD2;SOCS3;STAT1;TNF;TP53;TRADD,0.02338309381004118,True
KEGG,2,GLYCOSPHINGOLIPID BIOSYNTHESIS - GANGLIO SERIES,0.00878975286433112,5,603,15,6576,B3GALT4;ST3GAL1;ST6GALNAC3;ST6GALNAC4;ST8SIA5,0.041335594551178786,True
KEGG,2,ESTROGEN SIGNALING PATHWAY,0.010473738936646356,19,603,118,6576,ADCY4;ADCY7;BCL2;CALML3;CTSD;FKBP5;HBEGF;KCNJ5;KRT27;KRT28;KRT32;KRT34;KRT36;KRT40;MMP9;NCOA3;PLCB2;PRKCD;RARA,0.04859814866603909,True
KEGG,2,FLUID SHEAR STRESS AND ATHEROSCLEROSIS,0.011433748040167082,19,603,119,6576,BCL2;CALML3;CYBA;ICAM1;IL1B;IL1R2;ITGA2B;ITGB3;KLF2;MMP9;NCF1;NCF2;NCOA3;NFKB1;PECAM1;RAC2;SELE;TNF;TP53,0.05235453049971243,False
KEGG,2,MAPK SIGNALING PATHWAY,0.011822669220076578,38,603,286,6576,ARRB1;CACNA2D4;CDC25B;CSF1;CSF1R;DUSP10;DUSP2;EREG;FASLG;FGF6;FLNA;FLT1;FLT3;FLT4;GADD45B;IL1B;JUND;MAP2K3;MAP3K8;MAP4K1;MAP4K2;MYD88;NCOA3;NFATC1;NFKB1;NFKB2;NR4A1;PRKCB;PTPN7;RAC2;RASGRP2;RASGRP3;RASGRP4;RELB;TGFB1;TNF;TP53;TRADD,0.05317806492398654,False
KEGG,2,AGE-RAGE SIGNALING PATHWAY IN DIABETIC COMPLICATIONS,0.011919221448479742,16,603,95,6576,BAX;BCL2;CYBB;ICAM1;IL1B;NFATC1;NFKB1;PLCB2;PLCG2;PRKCB;PRKCD;SELE;STAT1;STAT5A;TGFB1;TNF,0.05317806492398654,False
KEGG,2,PHOSPHOLIPASE D SIGNALING PATHWAY,0.012720076184960068,21,603,137,6576,ADCY4;ADCY7;AGPAT4;CXCR2;CYTH1;CYTH2;CYTH4;DGKA;FCER1G;LPAR5;LPAR6;MS4A2;NLRP3;PIK3CG;PIK3R5;PIK3R6;PLCB2;PLCG2;RALB;RALGDS;SYK,0.056032740662862075,False
KEGG,2,SPHINGOLIPID SIGNALING PATHWAY,0.01517385366449494,18,603,114,6576,ADORA3;BAX;BCL2;BID;CTSD;FCER1G;MS4A2;NCOA3;NFKB1;PLCB2;PRKCB;RAC2;S1PR1;S1PR2;S1PR4;TNF;TP53;TRADD,0.06600626344055299,False
KEGG,2,PI3K-AKT SIGNALING PATHWAY,0.018311597478980753,40,603,313,6576,BCL2;CASP9;CCND3;CD19;CSF1;CSF1R;CSF3R;EPX;EREG;FASLG;FGF6;FLT1;FLT3;FLT4;GNG2;GNGT2;IL2RA;IL2RB;IL2RG;IL4R;IL6R;IL7R;ITGA2B;ITGA4;ITGA5;ITGB3;ITGB7;JAK3;LPAR5;LPAR6;NFKB1;NR4A1;PIK3AP1;PIK3CG;PIK3R5;PIK3R6;SYK;TLR2;TLR4;TP53,0.07867204842821361,False
KEGG,2,INTEGRIN SIGNALING,0.020005055985678137,21,603,143,6576,ARHGEF6;CCND3;FERMT3;FLNA;FLT1;FLT4;ICAM1;ICAM2;ITGA2B;ITGA4;ITGA5;ITGAL;ITGAM;ITGAX;ITGB2;ITGB3;ITGB7;NCOA3;PARVG;RAC2;TGFB1,0.08489950589043893,False
KEGG,2,VIRAL CARCINOGENESIS,0.020462717889141575,22,603,152,6576,ATP6V0D2;BAX;CASP8;CCND3;CCR3;CCR5;EGR2;EGR3;IRF7;IRF9;JAK3;LTBR;LYN;NFKB1;NFKB2;NFKBIA;RBPJ;STAT5A;SYK;TP53;TRADD;TRAF1,0.0857954918725454,False
KEGG,2,FC GAMMA R-MEDIATED PHAGOCYTOSIS,0.023669685470593633,14,603,86,6576,FCGR1A;HCK;INPP5D;LYN;NCF1;PLCG2;PRKCB;PRKCD;PTPRC;RAC2;SYK;VAV1;WAS;WASF2,0.09806012552103076,False
KEGG,2,COLORECTAL CANCER,0.03176205238515668,13,603,81,6576,BAX;BCL2;CASP9;EREG;GADD45B;LEF1;NCOA3;RAC2;RALB;RALGDS;TCF7;TGFB1;TP53,0.13003757917687678,False
KEGG,2,GLYCOSPHINGOLIPID BIOSYNTHESIS - GLOBO AND ISOGLOBO SERIES,0.03328051908544866,4,603,14,6576,A4GALT;GBGT1;NAGA;ST3GAL1,0.13467000746204805,False
KEGG,2,PANCREATIC CANCER,0.03897979662146981,12,603,75,6576,ARHGEF6;BAX;CASP9;GADD45B;NCOA3;NFKB1;RAC2;RALB;RALGDS;STAT1;TGFB1;TP53,0.15591918648587924,False
KEGG,2,APOPTOSIS - MULTIPLE SPECIES,0.044473975088286995,6,603,29,6576,BAX;BCL2;BID;BIRC3;CASP8;CASP9,0.1758743560309531,False
KEGG,2,LYSOSOME,0.045882729626831854,17,603,120,6576,ACP5;ATP6V0D2;CLN3;CTSC;CTSD;CTSG;CTSS;CTSW;GAA;GNS;GUSB;LAPTM5;NAGA;PLA2G15;SGSH;SLC11A1;TCIRG1,0.17940662820379197,False
KEGG,2,RAS SIGNALING PATHWAY,0.05884547040597223,27,603,216,6576,ARHGAP9;CALML3;CSF1;CSF1R;ETS1;FASLG;FGF6;FLT1;FLT3;FLT4;GNG2;GNGT2;NCOA3;NFKB1;PLA2G2D;PLCG2;PRKCB;RAC2;RALB;RALGDS;RASA3;RASAL3;RASGRP2;RASGRP3;RASGRP4;RGL2;ZAP70,0.22607896056186455,False
KEGG,2,PROLACTIN SIGNALING PATHWAY,0.05911834888255653,10,603,63,6576,CISH;IRF1;MAP4K2;NFKB1;SOCS1;SOCS2;SOCS3;STAT1;STAT5A;TNFSF11,0.22607896056186455,False
KEGG,2,GLYCOSAMINOGLYCAN DEGRADATION,0.06361549499052427,4,603,17,6576,GNS;GUSB;HPSE;SGSH,0.23915225264988746,False
KEGG,2,ALDOSTERONE SYNTHESIS AND SECRETION,0.06423615917281598,12,603,81,6576,ADCY4;ADCY7;CALML3;CAMK1;DAGLB;KCNJ5;LIPE;NR4A1;NR4A2;PLCB2;PRKCB;PRKD2,0.23915225264988746,False
KEGG,2,EPITHELIAL CELL SIGNALING IN HELICOBACTER PYLORI INFECTION,0.06459859698014202,10,603,64,6576,ATP6V0D2;CCL5;CXCR2;HBEGF;LYN;NFKB1;NFKBIA;NOD1;PLCG2;TCIRG1,0.23915225264988746,False
KEGG,2,REGULATION OF ACTIN CYTOSKELETON,0.06584604475176795,26,603,209,6576,ARHGEF6;CXCL10;CXCR4;CYFIP1;FGD3;FGF6;ITGA2B;ITGA4;ITGA5;ITGAL;ITGAM;ITGAX;ITGB2;ITGB3;ITGB7;LPAR5;MSN;MYL10;NCKAP1L;NCOA3;RAC2;RGCC;SPATA13;SSH1;VAV1;WASF2,0.24120445866963414,False
KEGG,2,P53 SIGNALING PATHWAY,0.07039490495237483,10,603,65,6576,BAX;BCL2;BID;CASP8;CASP9;CCND3;CD82;GADD45B;SHISA5;TP53,0.25518153045235875,False
KEGG,2,IGSF CAM SIGNALING,0.07888844760782572,31,603,261,6576,CD2;CD28;CD84;CD96;DOK2;ESAM;ICAM1;ICAM2;INPP5D;ITGA4;ITGA5;ITGAL;ITGAM;ITGAX;ITGB2;ITGB3;LCK;LCP2;LGALS12;LY9;LYN;MAG;MSN;PLCG2;PRG2;PRKCB;PTPN6;SH2D1A;SLAMF1;TIGIT;VAV1,0.2830224718301376,False
KEGG,2,NEUROTROPHIN SIGNALING PATHWAY,0.08612392458750368,15,603,112,6576,ARHGDIB;BAX;BCL2;CALML3;FASLG;IRAK3;MATK;NFKB1;NFKBIA;NFKBIE;PLCG2;PRKCD;RIPK2;SH2B3;TP53,0.3058278138413396,False
KEGG,2,VIRION - HERPESVIRUS,0.09823618590749407,2,603,6,6576,ITGA5;ITGB3,0.3424781307813557,False
KEGG,2,INFLAMMATORY MEDIATOR REGULATION OF TRP CHANNELS,0.09841325597165393,12,603,87,6576,ADCY4;ADCY7;CALML3;IL1B;MAP2K3;PLCB2;PLCG2;PRKCB;PRKCD;PTGER2;PTGER4;TRPV2,0.3424781307813557,False
KEGG,2,TYPE II DIABETES MELLITUS,0.1034258017946372,7,603,44,6576,ADIPOQ;MAP4K2;PRKCD;SOCS1;SOCS2;SOCS3;TNF,0.35635820816370045,False
KEGG,2,ETHER LIPID METABOLISM,0.13466196077593476,7,603,47,6576,LPCAT2;PLA2G2D;PLA2G7;PLB1;PLD3;PLD4;TMEM86A,0.459434925000248,False
KEGG,2,GLYCOSPHINGOLIPID BIOSYNTHESIS - LACTO AND NEOLACTO SERIES,0.15425014097169304,4,603,23,6576,A4GALT;FUT4;ST3GAL4;ST3GAL6,0.5211558160985357,False
KEGG,2,CALCIUM SIGNALING PATHWAY,0.17431962596800193,26,603,234,6576,ADCY4;ADCY7;ADRB2;ATP2A3;CALML3;CAMK1;CXCR4;FGF6;FLT1;FLT4;GNA15;HRH2;ITPKB;MCOLN2;MCOLN3;NFATC1;ORAI2;ORAI3;P2RX1;P2RX7;PLCB2;PLCG2;PRKCB;PTAFR;TACR1;TBXA2R,0.5833002868929295,False
KEGG,2,ADIPOCYTOKINE SIGNALING PATHWAY,0.17782302022446084,9,603,69,6576,ADIPOQ;LEP;NFKB1;NFKBIA;NFKBIE;SOCS3;TNF;TNFRSF1B;TRADD,0.5893562956010702,False
KEGG,2,DILATED CARDIOMYOPATHY,0.19373155433754666,12,603,99,6576,ADCY4;ADCY7;ATP2A3;CACNA2D4;ITGA2B;ITGA4;ITGA5;ITGB3;ITGB7;LMNA;TGFB1;TNF,0.6360243482025116,False
KEGG,2,AMINO SUGAR AND NUCLEOTIDE SUGAR METABOLISM,0.21352586360817746,5,603,35,6576,CHIT1;GNPDA1;MAP4K2;RENBP;UAP1L1,0.6944579489312688,False
KEGG,2,THYROID CANCER,0.23076530024877548,5,603,36,6576,BAX;GADD45B;LEF1;TCF7;TP53,0.7435770785793876,False
KEGG,2,ARRHYTHMOGENIC RIGHT VENTRICULAR CARDIOMYOPATHY,0.23845880649154025,10,603,84,6576,ATP2A3;CACNA2D4;ITGA2B;ITGA4;ITGA5;ITGB3;ITGB7;LEF1;LMNA;TCF7,0.7613180243950093,False
KEGG,2,NEUROACTIVE LIGAND-RECEPTOR INTERACTION,0.24268215875954038,33,603,317,6576,ADORA3;ADRB2;C3AR1;C5AR1;CTSG;F2RL3;FPR1;GPNMB;GPR35;GZMA;HRH2;LEP;LPAR6;NLRP3;NMUR1;OGFRL1;P2RX1;P2RX7;P2RY10;P2RY13;P2RY14;P2RY6;PTAFR;PTGDR;PTGER2;PTGER4;PTGIR;RIPK2;S1PR1;S1PR2;S1PR4;TACR1;TBXA2R,0.7613459037229572,False
KEGG,2,ARACHIDONIC ACID METABOLISM,0.24284308998059845,6,603,46,6576,ALOX5;HPGDS;PLA2G2D;PLB1;PTGS1;TBXAS1,0.7613459037229572,False
KEGG,2,SMALL CELL LUNG CANCER,0.2733256784807485,10,603,87,6576,BAX;BCL2;BIRC3;CASP9;GADD45B;ITGA2B;NFKB1;NFKBIA;TP53;TRAF1,0.8492619295651829,False
KEGG,2,RENIN-ANGIOTENSIN SYSTEM,0.2759479461137459,3,603,20,6576,CMA1;CTSG;PRCP,0.8498219933414475,False
KEGG,2,ADHERENS JUNCTION,0.2852836428249308,10,603,88,6576,LEF1;MYL10;NCOA3;PTPN1;PTPN6;PTPRJ;RAC2;TCF7;WAS;WASF2,0.8708658570445256,False
KEGG,2,NON-SMALL CELL LUNG CANCER,0.2966499347140836,8,603,69,6576,BAX;CASP9;GADD45B;JAK3;PLCG2;PRKCB;STAT5A;TP53,0.8904493980782517,False
KEGG,2,HIF-1 SIGNALING PATHWAY,0.2968164660260839,11,603,99,6576,BCL2;CYBB;EPX;FLT1;IFNGR2;IL6R;LTBR;NFKB1;PLCG2;PRKCB;TLR4,0.8904493980782517,False
KEGG,2,REGULATION OF LIPOLYSIS IN ADIPOCYTES,0.3242852579678365,6,603,51,6576,ADCY4;ADCY7;ADRB2;FABP4;LIPE;PTGS1,0.9645407672889497,False
KEGG,2,DIABETIC CARDIOMYOPATHY,0.3335783903096987,17,603,164,6576,ATP2A3;CMA1;COX4I2;CTSD;CYBA;CYBB;MMP9;NCF1;NCF2;NCF4;NFKB1;PLCB2;PRKCB;PRKCD;PTGS1;RAC2;TGFB1,0.9837735578625013,False
KEGG,2,CHOLINERGIC SYNAPSE,0.3437358899666672,11,603,103,6576,ADCY4;ADCY7;BCL2;GNG2;GNGT2;PIK3CG;PIK3R5;PIK3R6;PLCB2;PRKCB;SH2D3C,1.0,False
KEGG,2,PROTEOGLYCANS IN CANCER,0.35325573128180954,19,603,187,6576,FASLG;FLNA;HBEGF;HCLS1;HPSE;ITGA5;ITGB3;MMP9;MSN;PLAUR;PLCG2;PRKCB;PTPN6;TGFB1;TLR2;TLR4;TNF;TP53;VAV1,1.0,False
KEGG,2,"PARATHYROID HORMONE SYNTHESIS, SECRETION AND ACTION",0.3556811949239346,11,603,104,6576,ADCY4;ADCY7;ARRB1;BCL2;HBEGF;JUND;NR4A2;PLCB2;PRKCB;RUNX2;TNFSF11,1.0,False
KEGG,2,SALIVARY SECRETION,0.35577365167460645,7,603,63,6576,ADCY4;ADCY7;ADRB2;CALML3;KCNN4;PLCB2;PRKCB,1.0,False
KEGG,2,PHENYLALANINE METABOLISM,0.3722324025248964,2,603,14,6576,ALDH3B1;IL4I1,1.0,False
KEGG,2,ENDOMETRIAL CANCER,0.37489295575327236,6,603,54,6576,BAX;CASP9;GADD45B;LEF1;TCF7;TP53,1.0,False
KEGG,2,NON-ALCOHOLIC FATTY LIVER DISEASE,0.3758948844001092,14,603,137,6576,ADIPOQ;BAX;BID;CASP8;COX4I2;FASLG;IL1B;IL6R;LEP;NFKB1;PTGS1;SOCS3;TGFB1;TNF,1.0,False
KEGG,2,D-AMINO ACID METABOLISM,0.38186000183581714,1,603,5,6576,DGLUCY,1.0,False
KEGG,2,HYPERTROPHIC CARDIOMYOPATHY,0.38496833599470576,10,603,96,6576,ATP2A3;CACNA2D4;ITGA2B;ITGA4;ITGA5;ITGB3;ITGB7;LMNA;TGFB1;TNF,1.0,False
KEGG,2,"GROWTH HORMONE SYNTHESIS, SECRETION AND ACTION",0.39184020551438875,11,603,107,6576,ADCY4;ADCY7;MAP2K3;PLCB2;PLCG2;PRKCB;SOCS1;SOCS2;SOCS3;STAT1;STAT5A,1.0,False
KEGG,2,VEGF SIGNALING PATHWAY,0.3918456795317194,6,603,55,6576,CASP9;NCOA3;PLCG2;PRKCB;RAC2;SH2D2A,1.0,False
KEGG,2,COLLECTING DUCT ACID SECRETION,0.40569792841966534,3,603,25,6576,ATP6V0D2;SLC4A1;TCIRG1,1.0,False
KEGG,2,GLYCEROPHOSPHOLIPID METABOLISM,0.41048607541095133,10,603,98,6576,AGPAT4;DGKA;LPCAT2;MBOAT1;PLA2G15;PLA2G2D;PLB1;PLD3;PLD4;SH2D3C,1.0,False
KEGG,2,ENDOCYTOSIS,0.4310446679489225,21,603,217,6576,ACAP1;AGAP2;ARAP3;ARRB1;CAPZB;CCR5;CXCR2;CXCR4;CYTH1;CYTH2;CYTH4;GIT2;GRK3;IL2RA;IL2RB;IL2RG;LDLRAP1;PSD4;SH3KBP1;SMAP2;WIPF1,1.0,False
KEGG,2,STARCH AND SUCROSE METABOLISM,0.43107277000697847,3,603,26,6576,GAA;GNPDA1;MAP4K2,1.0,False
KEGG,2,VITAMIN DIGESTION AND ABSORPTION,0.43107277000697847,3,603,26,6576,ABCD4;PLB1;TCN2,1.0,False
KEGG,2,GLIOMA,0.4333107106041043,7,603,68,6576,BAX;CALML3;CAMK1;GADD45B;PLCG2;PRKCB;TP53,1.0,False
KEGG,2,"PHENYLALANINE, TYROSINE AND TRYPTOPHAN BIOSYNTHESIS",0.4385847650214817,1,603,6,6576,IL4I1,1.0,False
KEGG,2,VITAMIN B6 METABOLISM,0.4385847650214817,1,603,6,6576,PDXK,1.0,False
KEGG,2,FOXO SIGNALING PATHWAY,0.44416749562950164,12,603,122,6576,AGAP2;FASLG;GADD45B;IL10;IL7R;KLF2;PLK3;S1PR1;S1PR4;SOD2;TGFB1;TNFSF10,1.0,False
KEGG,2,BLADDER CANCER,0.4443388865750337,4,603,37,6576,DAPK2;HBEGF;MMP9;TP53,1.0,False
KEGG,2,OLFACTORY TRANSDUCTION,0.4443388865750337,4,603,37,6576,ARRB1;CALML3;GRK3;SLC24A4,1.0,False
KEGG,2,GNRH SIGNALING PATHWAY,0.4537518311502703,8,603,80,6576,ADCY4;ADCY7;CALML3;HBEGF;MAP2K3;PLCB2;PRKCB;PRKCD,1.0,False
KEGG,2,BACTERIAL INVASION OF EPITHELIAL CELLS,0.46409123274454467,7,603,70,6576,ELMO1;HCLS1;ITGA5;RHOG;SEPTIN1;SEPTIN6;WASF2,1.0,False
KEGG,2,COBALAMIN TRANSPORT AND METABOLISM,0.4706833467147448,2,603,17,6576,ABCD4;TCN2,1.0,False
KEGG,2,GLYCOSYLPHOSPHATIDYLINOSITOL (GPI)-ANCHOR BIOSYNTHESIS,0.48054224905004056,3,603,28,6576,B3GALT4;MPPE1;PIGT,1.0,False
KEGG,2,MUCIN TYPE O-GLYCAN BIOSYNTHESIS,0.48054224905004056,3,603,28,6576,ST3GAL1;ST6GALNAC3;ST6GALNAC4,1.0,False
KEGG,2,CHRONIC MYELOID LEUKEMIA,0.4944769543930911,7,603,72,6576,BAX;GADD45B;NFKB1;NFKBIA;STAT5A;TGFB1;TP53,1.0,False
KEGG,2,OXYTOCIN SIGNALING PATHWAY,0.5026639281072237,13,603,138,6576,ADCY4;ADCY7;CACNA2D4;CALML3;CAMK1;KCNJ5;NFATC1;PIK3CG;PIK3R5;PIK3R6;PLCB2;PRKCB;TRPM2,1.0,False
KEGG,2,CORNIFIED ENVELOPE FORMATION,0.5036244125995121,14,603,149,6576,CLDN5;EPHX3;KRT27;KRT28;KRT32;KRT34;KRT36;KRT40;KRT75;KRT79;KRT84;S100A3;S100A8;TGM5,1.0,False
KEGG,2,RELAXIN SIGNALING PATHWAY,0.5123536465275139,11,603,117,6576,ADCY4;ADCY7;ARRB1;GNA15;GNG2;GNGT2;MMP9;NFKB1;NFKBIA;PLCB2;TGFB1,1.0,False
KEGG,2,BIOSYNTHESIS OF VARIOUS NUCLEOTIDE SUGARS,0.5309619945983693,2,603,19,6576,NPL;UAP1L1,1.0,False
KEGG,2,RIBOFLAVIN METABOLISM,0.5369169881536437,1,603,8,6576,ACP5,1.0,False
KEGG,2,"VIRION - EBOLAVIRUS, LYSSAVIRUS AND MORBILLIVIRUS",0.5369169881536437,1,603,8,6576,SLAMF1,1.0,False
KEGG,2,PROSTATE CANCER,0.5369809097398134,9,603,97,6576,BCL2;CASP9;IL1R2;LEF1;MMP9;NFKB1;NFKBIA;TCF7;TP53,1.0,False
KEGG,2,MORPHINE ADDICTION,0.5378444641536962,8,603,86,6576,ADCY4;ADCY7;ARRB1;GNG2;GNGT2;GRK3;KCNJ5;PRKCB,1.0,False
KEGG,2,INSULIN SECRETION,0.5389865090427048,7,603,75,6576,ADCY4;ADCY7;KCNN4;MAP4K2;PLCB2;PRKCB;RIPK2,1.0,False
KEGG,2,GASTRIC ACID SECRETION,0.5561624106754146,6,603,65,6576,ADCY4;ADCY7;CALML3;HRH2;PLCB2;PRKCB,1.0,False
KEGG,2,HUMAN PAPILLOMAVIRUS INFECTION,0.5577866643551651,26,603,287,6576,ATP6V0D2;BAX;CASP8;CCND3;FASLG;IKBKE;IRF1;IRF9;ISG15;ITGA2B;ITGA4;ITGA5;ITGB3;ITGB7;MAML2;MFNG;NFKB1;OASL;PTGER4;RBPJ;STAT1;TCF7;TCIRG1;TNF;TP53;TRADD,1.0,False
KEGG,2,FOCAL ADHESION,0.5624669641136698,17,603,188,6576,BCL2;BIRC3;CCND3;FLNA;FLT1;FLT4;ITGA2B;ITGA4;ITGA5;ITGB3;ITGB7;MYL10;NCOA3;PARVG;PRKCB;RAC2;VAV1,1.0,False
KEGG,2,CIRCADIAN ENTRAINMENT,0.5780107845502134,8,603,89,6576,ADCY4;ADCY7;CALML3;GNG2;GNGT2;KCNJ5;PLCB2;PRKCB,1.0,False
KEGG,2,GLYCOSAMINOGLYCAN BIOSYNTHESIS - CHONDROITIN SULFATE / DERMATAN SULFATE,0.5863888729812422,2,603,21,6576,CHST11;CHST7,1.0,False
KEGG,2,APELIN SIGNALING PATHWAY,0.6036005867870007,11,603,125,6576,ADCY4;ADCY7;CALML3;GNG2;GNGT2;KLF2;LIPE;PIK3CG;PIK3R5;PIK3R6;PLCB2,1.0,False
KEGG,2,NEUROACTIVE LIGAND SIGNALING,0.6097550662116361,16,603,182,6576,ADCY4;ADCY7;ADORA3;ADRB2;GNG2;GNGT2;HRH2;OGFRL1;P2RX1;P2RY13;P2RY14;P2RY6;PLCB2;PRKCB;SH2D3C;TACR1,1.0,False
KEGG,2,ALPHA-LINOLENIC ACID METABOLISM,0.6122273103634701,2,603,22,6576,PLA2G2D;PLB1,1.0,False
KEGG,2,LINOLEIC ACID METABOLISM,0.6122273103634701,2,603,22,6576,PLA2G2D;PLB1,1.0,False
KEGG,2,ADRENERGIC SIGNALING IN CARDIOMYOCYTES,0.6212501099401968,12,603,138,6576,ADCY4;ADCY7;ADRB2;ATP2A3;BCL2;CACNA2D4;CALML3;CREM;PIK3CG;PIK3R5;PIK3R6;PLCB2,1.0,False
KEGG,2,GNRH SECRETION,0.6248382778137292,5,603,58,6576,ARRB1;KCNJ5;KCNN4;PLCB2;PRKCB,1.0,False
KEGG,2,PANCREATIC SECRETION,0.635750056569548,7,603,82,6576,ADCY4;ADCY7;ATP2A3;PLA2G2D;PLCB2;PRKCB;RIPK2,1.0,False
KEGG,2,VASCULAR SMOOTH MUSCLE CONTRACTION,0.6405955750994693,10,603,117,6576,ADCY4;ADCY7;CALML3;NLRP3;PLA2G2D;PLCB2;PRKCB;PRKCD;PTGIR;RAMP3,1.0,False
KEGG,2,LONGEVITY REGULATING PATHWAY,0.6485940132301324,7,603,83,6576,ADCY4;ADCY7;ADIPOQ;BAX;NFKB1;SOD2;TP53,1.0,False
KEGG,2,VIRAL LIFE CYCLE - HIV-1,0.6534542460251549,4,603,48,6576,CCR5;CD4;CXCR4;SAMHD1,1.0,False
KEGG,2,BASAL CELL CARCINOMA,0.6696477651135955,5,603,61,6576,BAX;GADD45B;LEF1;TCF7;TP53,1.0,False
KEGG,2,FATTY ACID ELONGATION,0.6822879238248044,2,603,25,6576,HACD4;THEM5,1.0,False
KEGG,2,RENIN SECRETION,0.6837771324769135,5,603,62,6576,ADRB2;CALML3;PLCB2;PTGER2;PTGER4,1.0,False
KEGG,2,OVARIAN STEROIDOGENESIS,0.6903333617947824,3,603,38,6576,ADCY4;ADCY7;ALOX5,1.0,False
KEGG,2,HEDGEHOG SIGNALING PATHWAY,0.700426713012753,4,603,51,6576,ARRB1;BCL2;DHH;GRK3,1.0,False
KEGG,2,PYRIMIDINE METABOLISM,0.700426713012753,4,603,51,6576,CMPK2;ENTPD1;NT5C2;UPP1,1.0,False
KEGG,2,GALACTOSE METABOLISM,0.70322251997629,2,603,26,6576,GAA;MAP4K2,1.0,False
KEGG,2,CHEMICAL CARCINOGENESIS - RECEPTOR ACTIVATION,0.7101575526659325,13,603,159,6576,ADCY4;ADCY7;ADRB2;ARRB1;BCL2;CCND3;EPHX3;FGF6;IKBKE;NFKB1;PRKCB;STAT5A;TNFSF11,1.0,False
KEGG,2,GLYCOSAMINOGLYCAN BIOSYNTHESIS - KERATAN SULFATE,0.7139259309659004,1,603,13,6576,ST3GAL1,1.0,False
KEGG,2,MELANOGENESIS,0.7198117175506986,7,603,89,6576,ADCY4;ADCY7;CALML3;LEF1;PLCB2;PRKCB;TCF7,1.0,False
KEGG,2,INOSITOL PHOSPHATE METABOLISM,0.720932324672837,6,603,77,6576,INPP5D;INPP5K;ITPKB;PIK3CG;PLCB2;PLCG2,1.0,False
KEGG,2,HIPPO SIGNALING PATHWAY - MULTIPLE SPECIES,0.7229967961603194,2,603,27,6576,RASSF2;RASSF4,1.0,False
KEGG,2,ABC TRANSPORTERS,0.7236727709211612,3,603,40,6576,ABCA6;ABCD4;ABCG1,1.0,False
KEGG,2,GLYCOLYSIS / GLUCONEOGENESIS,0.7290957449799768,4,603,53,6576,ADPGK;ALDH3B1;GNPDA1;MAP4K2,1.0,False
KEGG,2,THYROID HORMONE SIGNALING PATHWAY,0.7301135728729837,9,603,114,6576,ATP2A3;CASP9;ITGB3;NCOA3;PLCB2;PLCG2;PRKCB;STAT1;TP53,1.0,False
KEGG,2,PRION DISEASE,0.7313322833585882,18,603,220,6576,BAX;C1QA;C1QB;C1QC;CASP9;CCL5;COX4I2;CXCL10;CYBA;CYBB;IL1B;NCF1;NCF2;NCF4;PRKCD;PTGS1;RAC2;TNF,1.0,False
KEGG,2,CELLULAR SENESCENCE,0.7319183486895149,11,603,138,6576,CALML3;CCND3;ETS1;GADD45B;MAP2K3;NFATC1;NFKB1;RRAD;TGFB1;TP53;ZFP36L2,1.0,False
KEGG,2,THYROID HORMONE SYNTHESIS,0.7361529956625528,5,603,66,6576,ADCY4;ADCY7;DUOX1;PLCB2;PRKCB,1.0,False
KEGG,2,ASCORBATE AND ALDARATE METABOLISM,0.7402100485382853,1,603,14,6576,GUSB,1.0,False
KEGG,2,DRUG METABOLISM - CYTOCHROME P450,0.7416471459380333,2,603,28,6576,ALDH3B1;HPGDS,1.0,False
KEGG,2,PORPHYRIN METABOLISM,0.7416471459380333,2,603,28,6576,ALAS2;GUSB,1.0,False
KEGG,2,CORTISOL SYNTHESIS AND SECRETION,0.7426405748762361,4,603,54,6576,ADCY4;ADCY7;NR4A1;PLCB2,1.0,False
KEGG,2,NOTCH SIGNALING PATHWAY,0.755664985419373,4,603,55,6576,DTX3L;MAML2;MFNG;RBPJ,1.0,False
KEGG,2,CHOLINE METABOLISM IN CANCER,0.7614916081964854,7,603,93,6576,DGKA;NCOA3;PRKCB;RAC2;RALGDS;WAS;WASF2,1.0,False
KEGG,2,PENTOSE AND GLUCURONATE INTERCONVERSIONS,0.7640828526729111,1,603,15,6576,GUSB,1.0,False
KEGG,2,PROTEASOME,0.7683374044980176,3,603,43,6576,PSMB10;PSMB8;PSMB9,1.0,False
KEGG,2,PHOSPHATIDYLINOSITOL SIGNALING SYSTEM,0.7711787499869083,7,603,94,6576,CALML3;DGKA;INPP5D;ITPKB;PLCB2;PLCG2;PRKCB,1.0,False
KEGG,2,METABOLISM OF XENOBIOTICS BY CYTOCHROME P450,0.7757362080437966,2,603,30,6576,ALDH3B1;HPGDS,1.0,False
KEGG,2,TYROSINE METABOLISM,0.7757362080437966,2,603,30,6576,ALDH3B1;IL4I1,1.0,False
KEGG,2,SEROTONERGIC SYNAPSE,0.7805749460234368,7,603,95,6576,ALOX5;GNG2;GNGT2;KCNJ5;PLCB2;PRKCB;PTGS1,1.0,False
KEGG,2,VIBRIO CHOLERAE INFECTION,0.7947159521061207,3,603,45,6576,ATP6V0D2;PLCG2;TCIRG1,1.0,False
KEGG,2,CHEMICAL CARCINOGENESIS - REACTIVE OXYGEN SPECIES,0.8009280162440973,13,603,171,6576,COX4I2;CYBA;EPHX3;NCF1;NCF2;NFKB1;NFKBIA;PRKCD;PRKD2;PTGS1;PTPN1;PTPRJ;SOD2,1.0,False
KEGG,2,BREAST CANCER,0.804699805695353,10,603,135,6576,BAX;FGF6;FLT4;GADD45B;LEF1;NCOA3;NFKB2;TCF7;TNFSF11;TP53,1.0,False
KEGG,2,FOLATE BIOSYNTHESIS,0.8054578415831526,1,603,17,6576,TACR1,1.0,False
KEGG,2,NITROGEN METABOLISM,0.8054578415831526,1,603,17,6576,CA6,1.0,False
KEGG,2,CAMP SIGNALING PATHWAY,0.8065910139420873,16,603,208,6576,ADCY4;ADCY7;ADRB2;ARAP3;ATP2A3;CALML3;FFAR2;LIPE;NCOA3;NFATC1;NFKB1;NFKBIA;PTGER2;RAC2;SUCNR1;VAV1,1.0,False
KEGG,2,HORMONE SIGNALING,0.8066021752880582,15,603,196,6576,ADCY4;ADCY7;ADIPOQ;ADRB2;EPX;GNA15;GNG2;GNGT2;ITGB3;LEP;NLRP3;PLCB2;RAMP3;RIPK2;STAT5A,1.0,False
KEGG,2,CGMP-PKG SIGNALING PATHWAY,0.8166430713103454,11,603,149,6576,ADCY4;ADCY7;ADORA3;ADRB2;ATP2A3;CALML3;NFATC1;PIK3CG;PIK3R5;PIK3R6;PLCB2,1.0,False
KEGG,2,DRUG METABOLISM - OTHER ENZYMES,0.8185422892365699,3,603,47,6576,GUSB;MPO;UPP1,1.0,False
KEGG,2,NICOTINATE AND NICOTINAMIDE METABOLISM,0.8322748174523024,2,603,34,6576,NADSYN1;NT5C2,1.0,False
KEGG,2,CENTRAL CARBON METABOLISM IN CANCER,0.8329492847400572,4,603,62,6576,FLT3;MAP4K2;SLC16A3;TP53,1.0,False
KEGG,2,INSULIN RESISTANCE,0.8384318510042079,7,603,102,6576,NFKB1;NFKBIA;PRKCB;PRKCD;PTPN1;SOCS3;TNF,1.0,False
KEGG,2,ERBB SIGNALING PATHWAY,0.8387338726280373,5,603,76,6576,EREG;HBEGF;PLCG2;PRKCB;STAT5A,1.0,False
KEGG,2,HISTIDINE METABOLISM,0.8395864161402073,1,603,19,6576,ALDH3B1,1.0,False
KEGG,2,FOLATE TRANSPORT AND METABOLISM,0.8543384965226162,1,603,20,6576,MTHFR,1.0,False
KEGG,2,FERROPTOSIS,0.8554289426443636,2,603,36,6576,CYBB;TP53,1.0,False
KEGG,2,GLUTAMATERGIC SYNAPSE,0.8777462500117748,7,603,108,6576,ADCY4;ADCY7;GNG2;GNGT2;GRK3;PLCB2;PRKCB,1.0,False
KEGG,2,BIOSYNTHESIS OF UNSATURATED FATTY ACIDS,0.8799030570966475,1,603,22,6576,HACD4,1.0,False
KEGG,2,MATURITY ONSET DIABETES OF THE YOUNG,0.8799030570966475,1,603,22,6576,MAP4K2,1.0,False
KEGG,2,PHOTOTRANSDUCTION,0.8799030570966475,1,603,22,6576,CALML3,1.0,False
KEGG,2,MELANOMA,0.8819028396982856,4,603,68,6576,BAX;FGF6;GADD45B;TP53,1.0,False
KEGG,2,LONGEVITY REGULATING PATHWAY - MULTIPLE SPECIES,0.8842159174801358,3,603,54,6576,ADCY4;ADCY7;SOD2,1.0,False
KEGG,2,CARBOHYDRATE DIGESTION AND ABSORPTION,0.8847261022995724,2,603,39,6576,PLCB2;PRKCB,1.0,False
KEGG,2,TRYPTOPHAN METABOLISM,0.8847261022995724,2,603,39,6576,HAAO;IL4I1,1.0,False
KEGG,2,ECM-RECEPTOR INTERACTION,0.8890673743376929,5,603,83,6576,ITGA2B;ITGA4;ITGA5;ITGB3;ITGB7,1.0,False
KEGG,2,MANNOSE TYPE O-GLYCAN BIOSYNTHESIS,0.8909525622188206,1,603,23,6576,FUT4,1.0,False
KEGG,2,GLYCEROLIPID METABOLISM,0.8916323174067183,3,603,55,6576,AGPAT4;DGKA;MBOAT1,1.0,False
KEGG,2,LONG-TERM DEPRESSION,0.8916323174067183,3,603,55,6576,LYN;PLCB2;PRKCB,1.0,False
KEGG,2,OTHER TYPES OF O-GLYCAN BIOSYNTHESIS,0.893202593424752,2,603,40,6576,MFNG;PLOD3,1.0,False
KEGG,2,GABAERGIC SYNAPSE,0.8950272507422192,5,603,84,6576,ADCY4;ADCY7;GNG2;GNGT2;PRKCB,1.0,False
KEGG,2,MICRORNAS IN CANCER,0.8972017236641394,10,603,151,6576,BCL2;CDC25B;ITGA5;ITGB3;MMP9;NFKB1;PLCG2;PRKCB;SOCS1;TP53,1.0,False
KEGG,2,CHEMICAL CARCINOGENESIS - DNA ADDUCTS,0.9009869899591,1,603,24,6576,HPGDS,1.0,False
KEGG,2,VARIOUS TYPES OF N-GLYCAN BIOSYNTHESIS,0.9010970124731688,2,603,41,6576,MAN1B1;MAN1C1,1.0,False
KEGG,2,VASOPRESSIN-REGULATED WATER REABSORPTION,0.9010970124731688,2,603,41,6576,ARHGDIB;NLRP3,1.0,False
KEGG,2,CYTOSKELETON IN MUSCLE CELLS,0.9024235642433457,15,603,216,6576,AMPD3;CAPN3;CAPZB;FMNL1;FMNL3;ITGA2B;ITGA4;ITGA5;ITGB3;ITGB7;LMNA;SUN2;SYNE3;TNNT3;UNC13D,1.0,False
KEGG,2,INSULIN SIGNALING PATHWAY,0.9069811923559241,8,603,127,6576,CALML3;FLOT1;LIPE;MAP4K2;PTPN1;SOCS1;SOCS2;SOCS3,1.0,False
KEGG,2,WNT SIGNALING PATHWAY,0.9135774538907142,10,603,155,6576,CCND3;FOSL1;LEF1;NCOA3;NFATC1;PLCB2;PRKCB;RAC2;TCF7;TP53,1.0,False
KEGG,2,LONG-TERM POTENTIATION,0.9172146754959637,3,603,59,6576,CALML3;PLCB2;PRKCB,1.0,False
KEGG,2,ENDOCRINE AND OTHER FACTOR-REGULATED CALCIUM REABSORPTION,0.9216326374471409,2,603,44,6576,PLCB2;PRKCB,1.0,False
KEGG,2,CARDIAC MUSCLE CONTRACTION,0.9228334752232399,4,603,75,6576,ATP2A3;CACNA2D4;COX4I2;PTGS1,1.0,False
KEGG,2,AXON GUIDANCE,0.923882617371128,11,603,171,6576,CXCR4;FES;NCOA3;PLCG2;PLXNC1;RAC2;RGS3;SEMA4C;SEMA4F;SEMA7A;SSH1,1.0,False
KEGG,2,PENTOSE PHOSPHATE PATHWAY,0.925889056449767,1,603,27,6576,GNPDA1,1.0,False
KEGG,2,RETROGRADE ENDOCANNABINOID SIGNALING,0.9268934968837654,8,603,132,6576,ADCY4;ADCY7;DAGLB;GNG2;GNGT2;KCNJ5;PLCB2;PRKCB,1.0,False
KEGG,2,GAP JUNCTION,0.931921628226976,4,603,77,6576,ADCY4;ADCY7;PLCB2;PRKCB,1.0,False
KEGG,2,AMPHETAMINE ADDICTION,0.9326502204051981,3,603,62,6576,CALML3;FOSB;PRKCB,1.0,False
KEGG,2,BILE SECRETION,0.9326502204051981,3,603,62,6576,ADCY4;ADCY7;AQP9,1.0,False
KEGG,2,CHOLESTEROL METABOLISM,0.9330174371242036,2,603,46,6576,LDLRAP1;STARD3,1.0,False
KEGG,2,COCAINE ADDICTION,0.9330174371242036,2,603,46,6576,FOSB;NFKB1,1.0,False
KEGG,2,CYSTEINE AND METHIONINE METABOLISM,0.9330174371242036,2,603,46,6576,IL4I1;LACC1,1.0,False
KEGG,2,BETA-ALANINE METABOLISM,0.9389092516461153,1,603,29,6576,ALDH3B1,1.0,False
KEGG,2,DOPAMINERGIC SYNAPSE,0.9394884563188319,7,603,122,6576,ARRB1;CALML3;GNG2;GNGT2;KCNJ5;PLCB2;PRKCB,1.0,False
KEGG,2,GASTRIC CANCER,0.94005918328554,8,603,136,6576,BAX;BCL2;FGF6;GADD45B;LEF1;TCF7;TGFB1;TP53,1.0,False
KEGG,2,ONE CARBON POOL BY FOLATE,0.9445359083220574,1,603,30,6576,MTHFR,1.0,False
KEGG,2,SNARE INTERACTIONS IN VESICULAR TRANSPORT,0.9496451120009146,1,603,31,6576,STX11,1.0,False
KEGG,2,N-GLYCAN BIOSYNTHESIS,0.9512579200174577,2,603,50,6576,MAN1B1;MAN1C1,1.0,False
KEGG,2,PURINE METABOLISM,0.9518081409698484,6,603,112,6576,ADCY4;ADCY7;AMPD3;ENTPD1;LACC1;NT5C2,1.0,False
KEGG,2,PROTEIN DIGESTION AND ABSORPTION,0.9536708426091292,4,603,83,6576,KCNE3;KCNN4;PRCP;SLC7A7,1.0,False
KEGG,2,CIRCADIAN RHYTHM,0.9542843782290962,1,603,32,6576,NFIL3,1.0,False
KEGG,2,PROGESTERONE-MEDIATED OOCYTE MATURATION,0.9566030222024746,4,603,84,6576,ADCY4;ADCY7;CDC25B;STK10,1.0,False
KEGG,2,RETINOL METABOLISM,0.9584968659931327,1,603,33,6576,DHRS9,1.0,False
KEGG,2,"ALANINE, ASPARTATE AND GLUTAMATE METABOLISM",0.9623217765549761,1,603,34,6576,IL4I1,1.0,False
KEGG,2,ALDOSTERONE-REGULATED SODIUM REABSORPTION,0.9623217765549761,1,603,34,6576,PRKCB,1.0,False
KEGG,2,HEPATOCELLULAR CARCINOMA,0.9642802267081578,8,603,146,6576,BAX;GADD45B;LEF1;PLCG2;PRKCB;TCF7;TGFB1;TP53,1.0,False
KEGG,2,"GLYCINE, SERINE AND THREONINE METABOLISM",0.9657947158300219,1,603,35,6576,ALAS2,1.0,False
KEGG,2,BASE EXCISION REPAIR,0.9789134288075623,1,603,40,6576,PARP3,1.0,False
KEGG,2,VIRION - HEPATITIS VIRUSES,0.9789134288075623,1,603,40,6576,CLDN5,1.0,False
KEGG,2,FAT DIGESTION AND ABSORPTION,0.9808588392159222,1,603,41,6576,PLA2G2D,1.0,False
KEGG,2,OXIDATIVE PHOSPHORYLATION,0.9819700078722774,4,603,97,6576,ATP6V0D2;COX4I2;PTGS1;TCIRG1,1.0,False
KEGG,2,RENAL CELL CARCINOMA,0.9831643524726855,2,603,63,6576,ETS1;TGFB1,1.0,False
KEGG,2,TASTE TRANSDUCTION,0.9831643524726855,2,603,63,6576,ADCY4;PLCB2,1.0,False
KEGG,2,TGF-BETA SIGNALING PATHWAY,0.9853775527555116,4,603,100,6576,EMP3;NRROS;TGFB1;TNF,1.0,False
KEGG,2,GLUTATHIONE METABOLISM,0.985684232027033,1,603,44,6576,HPGDS,1.0,False
KEGG,2,PPAR SIGNALING PATHWAY,0.9857526749355207,2,603,65,6576,ADIPOQ;FABP4,1.0,False
KEGG,2,"VALINE, LEUCINE AND ISOLEUCINE DEGRADATION",0.9870057886846721,1,603,45,6576,IL4I1,1.0,False
KEGG,2,CUSHING SYNDROME,0.9912501683940474,6,603,140,6576,ADCY4;ADCY7;LEF1;NR4A1;PLCB2;TCF7,1.0,False
KEGG,2,ALCOHOLISM,0.9928409081317559,4,603,110,6576,CALML3;FOSB;GNG2;GNGT2,1.0,False
KEGG,2,GLUCAGON SIGNALING PATHWAY,0.9932332008652816,3,603,93,6576,CALML3;MAP4K2;PLCB2,1.0,False
KEGG,2,SYNAPTIC VESICLE CYCLE,0.9943845800865082,2,603,76,6576,ATP6V0D2;TCIRG1,1.0,False
KEGG,2,HIPPO SIGNALING PATHWAY,0.9948143183287055,6,603,148,6576,BIRC3;CCND3;ITGB2;LEF1;TCF7;TGFB1,1.0,False
KEGG,2,UBIQUITIN MEDIATED PROTEOLYSIS,0.9953203913627249,5,603,133,6576,BIRC3;SOCS1;SOCS3;UBA7;UBE2L6,1.0,False
KEGG,2,LYSINE DEGRADATION,0.9959407567823801,1,603,57,6576,PLOD3,1.0,False
KEGG,2,PEROXISOME,0.9960164692515613,2,603,80,6576,ABCD4;SOD2,1.0,False
KEGG,2,SPINOCEREBELLAR ATAXIA,0.9962080041804807,5,603,136,6576,ATP2A3;BEAN1;PLCB2;PRKCB;RBPJ,1.0,False
KEGG,2,MOTOR PROTEINS,0.996692933193168,7,603,171,6576,CAPZB;KIF21B;MYL10;MYO1F;MYO1G;MYO7A;TNNT3,1.0,False
KEGG,2,PARKINSON DISEASE,0.996932284569955,10,603,219,6576,BAX;CALML3;CASP9;COX4I2;LRRK2;PTGS1;SLC39A13;TP53;UBA7;UBE2L6,1.0,False
KEGG,2,PATHWAYS OF NEURODEGENERATION - MULTIPLE DISEASES,0.9973120182345463,23,603,407,6576,ATP2A3;BAX;BCL2;BID;CALML3;CASP8;CASP9;COX4I2;CSF1;CYBB;FASLG;HIP1;IL1B;LRRK2;MAP2K3;NFKB1;PLCB2;PRKCB;PTGS1;TNF;TNFRSF1B;UBA7;UBE2L6,1.0,False
KEGG,2,PROTEIN PROCESSING IN ENDOPLASMIC RETICULUM,0.9976915852708469,6,603,160,6576,BAX;BCL2;DNAJC5B;FBXO6;MAN1B1;MAN1C1,1.0,False
KEGG,2,OOCYTE MEIOSIS,0.9981011124749982,3,603,109,6576,ADCY4;ADCY7;CALML3,1.0,False
KEGG,2,AUTOPHAGY - ANIMAL,0.9985055779520442,5,603,149,6576,BCL2;CFLAR;CTSD;DAPK2;PRKCD,1.0,False
KEGG,2,CELL CYCLE,0.9985055779520442,5,603,149,6576,CCND3;CDC25B;GADD45B;TGFB1;TP53,1.0,False
KEGG,2,MITOPHAGY - ANIMAL,0.9985959344183107,2,603,92,6576,MTX1;TP53,1.0,False
KEGG,2,THERMOGENESIS,0.9986909860301343,7,603,185,6576,ADCY4;ADCY7;COX4I2;LIPE;MAP2K3;PTGS1;ZNF516,1.0,False
KEGG,2,AMPK SIGNALING PATHWAY,0.9987344435637516,3,603,114,6576,ADIPOQ;LEP;LIPE,1.0,False
KEGG,2,POLYCOMB REPRESSIVE COMPLEX,0.9994191073496925,1,603,77,6576,PCGF1,1.0,False
KEGG,2,MRNA SURVEILLANCE PATHWAY,0.9995662812607363,1,603,80,6576,PABPN1,1.0,False
KEGG,2,TIGHT JUNCTION,0.9996325014315256,4,603,149,6576,CLDN5;HCLS1;MSN;WAS,1.0,False
KEGG,2,SIGNALING PATHWAYS REGULATING PLURIPOTENCY OF STEM CELLS,0.9996330372066162,3,603,129,6576,JAK3;PCGF1;TCF7,1.0,False
KEGG,2,ALZHEIMER DISEASE,0.9997734210325027,14,603,324,6576,ATP2A3;BID;CALML3;CASP8;CASP9;COX4I2;CSF1;CYBB;IL1B;NFKB1;PLCB2;PTGS1;SLC39A13;TNF,1.0,False
KEGG,2,HUNTINGTON DISEASE,0.9999111338371497,9,603,258,6576,BAX;CASP8;CASP9;COX4I2;HIP1;PLCB2;PTGS1;SOD2;TP53,1.0,False
KEGG,2,MTOR SIGNALING PATHWAY,0.999926358703938,3,603,148,6576,PRKCB;PRR5L;TNF,1.0,False
KEGG,2,AMYOTROPHIC LATERAL SCLEROSIS,0.9999854052261203,10,603,301,6576,BAX;BCL2;BID;CASP9;COX4I2;MAP2K3;PTGS1;TNF;TNFRSF1B;TP53,1.0,False
KEGG,2,RIBOSOME,0.9999951710539301,1,603,126,6576,NR4A2,1.0,False
KEGG,2,AMINOACYL-TRNA BIOSYNTHESIS,1.0,0,603,27,6576,,1.0,False
KEGG,2,ARGININE AND PROLINE METABOLISM,1.0,0,603,44,6576,,1.0,False
KEGG,2,ARGININE BIOSYNTHESIS,1.0,0,603,21,6576,,1.0,False
KEGG,2,ATP-DEPENDENT CHROMATIN REMODELING,1.0,0,603,94,6576,,1.0,False
KEGG,2,AUTOPHAGY - OTHER,1.0,0,603,30,6576,,1.0,False
KEGG,2,BASAL TRANSCRIPTION FACTORS,1.0,0,603,36,6576,,1.0,False
KEGG,2,BUTANOATE METABOLISM,1.0,0,603,23,6576,,1.0,False
KEGG,2,CITRATE CYCLE (TCA CYCLE),1.0,0,603,28,6576,,1.0,False
KEGG,2,DNA REPLICATION,1.0,0,603,33,6576,,1.0,False
KEGG,2,FANCONI ANEMIA PATHWAY,1.0,0,603,44,6576,,1.0,False
KEGG,2,FATTY ACID BIOSYNTHESIS,1.0,0,603,16,6576,,1.0,False
KEGG,2,FATTY ACID DEGRADATION,1.0,0,603,36,6576,,1.0,False
KEGG,2,FRUCTOSE AND MANNOSE METABOLISM,1.0,0,603,29,6576,,1.0,False
KEGG,2,GLYCOSAMINOGLYCAN BIOSYNTHESIS - HEPARAN SULFATE / HEPARIN,1.0,0,603,24,6576,,1.0,False
KEGG,2,GLYOXYLATE AND DICARBOXYLATE METABOLISM,1.0,0,603,29,6576,,1.0,False
KEGG,2,HOMOLOGOUS RECOMBINATION,1.0,0,603,37,6576,,1.0,False
KEGG,2,LIPOIC ACID METABOLISM,1.0,0,603,19,6576,,1.0,False
KEGG,2,MINERAL ABSORPTION,1.0,0,603,47,6576,,1.0,False
KEGG,2,MISMATCH REPAIR,1.0,0,603,21,6576,,1.0,False
KEGG,2,NICOTINE ADDICTION,1.0,0,603,38,6576,,1.0,False
KEGG,2,NON-HOMOLOGOUS END-JOINING,1.0,0,603,13,6576,,1.0,False
KEGG,2,NUCLEOCYTOPLASMIC TRANSPORT,1.0,0,603,86,6576,,1.0,False
KEGG,2,NUCLEOTIDE EXCISION REPAIR,1.0,0,603,53,6576,,1.0,False
KEGG,2,OTHER GLYCAN DEGRADATION,1.0,0,603,16,6576,,1.0,False
KEGG,2,PANTOTHENATE AND COA BIOSYNTHESIS,1.0,0,603,20,6576,,1.0,False
KEGG,2,PHOSPHONATE AND PHOSPHINATE METABOLISM,1.0,0,603,6,6576,,1.0,False
KEGG,2,PRIMARY BILE ACID BIOSYNTHESIS,1.0,0,603,16,6576,,1.0,False
KEGG,2,PROPANOATE METABOLISM,1.0,0,603,31,6576,,1.0,False
KEGG,2,PROTEIN EXPORT,1.0,0,603,28,6576,,1.0,False
KEGG,2,PROXIMAL TUBULE BICARBONATE RECLAMATION,1.0,0,603,21,6576,,1.0,False
KEGG,2,PYRUVATE METABOLISM,1.0,0,603,37,6576,,1.0,False
KEGG,2,RIBOSOME BIOGENESIS IN EUKARYOTES,1.0,0,603,66,6576,,1.0,False
KEGG,2,RNA DEGRADATION,1.0,0,603,68,6576,,1.0,False
KEGG,2,RNA POLYMERASE,1.0,0,603,26,6576,,1.0,False
KEGG,2,SELENOCOMPOUND METABOLISM,1.0,0,603,17,6576,,1.0,False
KEGG,2,SPHINGOLIPID METABOLISM,1.0,0,603,49,6576,,1.0,False
KEGG,2,SPLICEOSOME,1.0,0,603,121,6576,,1.0,False
KEGG,2,STEROID BIOSYNTHESIS,1.0,0,603,19,6576,,1.0,False
KEGG,2,STEROID HORMONE BIOSYNTHESIS,1.0,0,603,31,6576,,1.0,False
KEGG,2,SULFUR METABOLISM,1.0,0,603,9,6576,,1.0,False
KEGG,2,SULFUR RELAY SYSTEM,1.0,0,603,8,6576,,1.0,False
KEGG,2,TAURINE AND HYPOTAURINE METABOLISM,1.0,0,603,14,6576,,1.0,False
KEGG,2,TERPENOID BACKBONE BIOSYNTHESIS,1.0,0,603,20,6576,,1.0,False
KEGG,2,THIAMINE METABOLISM,1.0,0,603,11,6576,,1.0,False
KEGG,2,UBIQUINONE AND OTHER TERPENOID-QUINONE BIOSYNTHESIS,1.0,0,603,12,6576,,1.0,False
KEGG,2,VIRION - LASSA VIRUS AND SFTS VIRUS,1.0,0,603,13,6576,,1.0,False
KEGG,3,INTEGRIN SIGNALING,1.760835260347953e-24,63,722,143,6576,ACTG1;CCND1;CCND2;COL1A1;COL1A2;COL2A1;COL4A1;COL4A2;COL4A4;COL4A5;COL4A6;COL6A1;COL6A2;COL6A3;COL9A2;COMP;EGFR;ERBB2;FBN1;FRAS1;FREM1;IBSP;IGF1;IGF1R;ITGA1;ITGA11;ITGA2;ITGA6;ITGA8;ITGA9;ITGAV;ITGB4;ITGB6;KDR;LAMA1;LAMA2;LAMA4;LAMA5;LAMB1;LAMB3;LAMC1;LAMC2;LIMS2;NCK2;PARVA;PARVB;PDGFB;PDGFC;PDGFD;PDGFRA;PDGFRB;PIK3R3;PXDN;RELN;THBS1;THBS2;THBS4;TLN2;TNNC1;TNXB;VCL;VEGFC;VWF,6.127706706010877e-22,True
KEGG,3,CYTOSKELETON IN MUSCLE CELLS,2.3181510282824067e-23,78,722,216,6576,ACTA1;ACTC1;ACTG1;ACTG2;ATP1B2;BGN;COL11A1;COL1A1;COL1A2;COL27A1;COL3A1;COL4A1;COL4A2;COL4A4;COL4A5;COL4A6;COL5A1;COL5A2;COL5A3;COL6A1;COL6A2;COL6A3;COL9A2;COMP;DAAM2;DAG1;DCN;DES;DSC3;DSG2;FBLN1;FBLN2;FBN1;FBN2;FHL2;FLNC;FMNL2;HSPG2;ITGA1;ITGA11;ITGA2;ITGA6;ITGA8;ITGA9;ITGAV;ITGB4;ITGB6;JUP;LAMA1;LAMA2;LDB3;LMOD1;MYH11;MYH9;MYL9;NEBL;NID1;NID2;PDLIM3;PDLIM4;PKP2;SDC3;SGCB;SGCD;SNTB1;SSPN;SYNPO2;THBS1;THBS2;THBS4;TLN2;TNNI1;TPM1;TPM2;VCAN;VCL;VIM;XIRP1,4.033582789211388e-21,True
KEGG,3,FOCAL ADHESION,6.41247428367694e-22,70,722,188,6576,ACTG1;BCAR1;CAPN2;CAV1;CCND1;CCND2;COL1A1;COL1A2;COL2A1;COL4A1;COL4A2;COL4A4;COL4A5;COL4A6;COL6A1;COL6A2;COL6A3;COL9A2;COMP;DOCK1;EGFR;EMP1;EMP2;ERBB2;IBSP;IGF1;IGF1R;ITGA1;ITGA11;ITGA2;ITGA6;ITGA8;ITGA9;ITGAV;ITGB4;ITGB6;KDR;LAMA1;LAMA2;LAMA4;LAMA5;LAMB1;LAMB3;LAMC1;LAMC2;MYL9;MYLK;PARVA;PARVB;PDGFB;PDGFC;PDGFD;PDGFRA;PDGFRB;PIK3R3;PIP5K1B;PXDN;RELN;SHC1;THBS1;THBS2;THBS4;TLN2;TNNC1;TNXB;VAV2;VAV3;VCL;VEGFC;VWF,7.43847016906525e-20,True
KEGG,3,ECM-RECEPTOR INTERACTION,2.0566125498893594e-21,44,722,83,6576,CD36;CD44;COL1A1;COL1A2;COL2A1;COL4A1;COL4A2;COL4A4;COL4A5;COL4A6;COL6A1;COL6A2;COL6A3;COL9A2;COMP;DAG1;FRAS1;FREM1;HSPG2;IBSP;ITGA1;ITGA11;ITGA2;ITGA6;ITGA8;ITGA9;ITGAV;ITGB4;ITGB6;LAMA1;LAMA2;LAMA4;LAMA5;LAMB1;LAMB3;LAMC1;LAMC2;RELN;THBS1;THBS2;THBS4;TNNC1;TNXB;VWF,1.7892529184037426e-19,True
KEGG,3,HUMAN PAPILLOMAVIRUS INFECTION,1.4792184773071688e-13,75,722,287,6576,ATP6V0A4;ATP6V1C2;AXIN2;CCND1;CCND2;CDK6;COL1A1;COL1A2;COL2A1;COL4A1;COL4A2;COL4A4;COL4A5;COL4A6;COL6A1;COL6A2;COL6A3;COL9A2;COMP;CREB3L1;CREB3L2;EGFR;FZD1;FZD2;FZD4;FZD6;FZD7;FZD8;HEY1;HEY2;HEYL;IBSP;ITGA1;ITGA11;ITGA2;ITGA6;ITGA8;ITGA9;ITGAV;ITGB4;ITGB6;JAG1;LAMA1;LAMA2;LAMA4;LAMA5;LAMB1;LAMB3;LAMC1;LAMC2;LFNG;MAML3;NOTCH2;NOTCH3;PARD6G;PDGFRB;PIK3R3;PTGS2;PXDN;RELN;TCF7L1;THBS1;THBS2;THBS4;TNNC1;TNXB;VWF;WNT11;WNT2;WNT3;WNT4;WNT5A;WNT5B;WNT7B;WNT9A,1.0295360602057894e-11,True
KEGG,3,PI3K-AKT SIGNALING PATHWAY,7.02494023743374e-13,78,722,313,6576,ANGPT1;ANGPT2;BCL2L11;CCND1;CCND2;CDK6;COL1A1;COL1A2;COL2A1;COL4A1;COL4A2;COL4A4;COL4A5;COL4A6;COL6A1;COL6A2;COL6A3;COL9A2;COMP;CREB3L1;CREB3L2;EFNA4;EGFR;ERBB2;F2R;FGF1;FGF18;FGF7;FGFR1;GNB4;GNG11;GNG12;IBSP;IGF1;IGF1R;IGF2;IRS1;ITGA1;ITGA11;ITGA2;ITGA6;ITGA8;ITGA9;ITGAV;ITGB4;ITGB6;KDR;KIT;KITLG;LAMA1;LAMA2;LAMA4;LAMA5;LAMB1;LAMB3;LAMC1;LAMC2;LPAR1;MYC;NGF;NGFR;OSMR;PDGFB;PDGFC;PDGFD;PDGFRA;PDGFRB;PIK3R3;RELN;RET;TEK;THBS1;THBS2;THBS4;TNNC1;TNXB;VEGFC;VWF,4.074465337711569e-11,True
KEGG,3,PROTEOGLYCANS IN CANCER,7.194731546538551e-12,54,722,187,6576,ACTG1;CAV1;CCND1;CD44;COL1A1;COL1A2;DCN;EGFR;ERBB2;ESR1;FGFR1;FZD1;FZD2;FZD4;FZD6;FZD7;FZD8;GPC3;HOXD10;HSPB2;HSPG2;IGF1;IGF1R;IGF2;ITGA2;ITGAV;KDR;LUM;MAPK13;MMP2;MRAS;MYC;PIK3R3;PLAU;PLCE1;PXDN;RRAS2;SLC9A1;TGFB2;THBS1;TIAM1;TIMP3;TWIST1;TWIST2;VAV2;VAV3;WNT11;WNT2;WNT3;WNT4;WNT5A;WNT5B;WNT7B;WNT9A,3.358165540730636e-10,True
KEGG,3,PATHWAYS IN CANCER,7.719920783288819e-12,100,722,467,6576,ADCY2;ADCY5;ADCY6;ADCY9;ARNT2;AXIN2;BCL2L11;BDKRB1;BDKRB2;BMP2;BMP4;CCND1;CCND2;CDK6;CDKN2B;CEBPA;COL4A1;COL4A2;COL4A4;COL4A5;COL4A6;CXCL12;DAPK1;DLL1;DLL4;EDN1;EDNRA;EDNRB;EGFR;ERBB2;ESR1;F2R;FGF1;FGF18;FGF7;FGFR1;FZD1;FZD2;FZD4;FZD6;FZD7;FZD8;GADD45A;GLI2;GLI3;GNA12;GNB4;GNG11;GNG12;HEY1;HEY2;HEYL;IGF1;IGF1R;IGF2;IL13RA1;ITGA2;ITGA6;ITGAV;JAG1;JUP;KIT;KITLG;LAMA1;LAMA2;LAMA4;LAMA5;LAMB1;LAMB3;LAMC1;LAMC2;LPAR1;LRP5;MECOM;MMP2;MYC;NOTCH2;NOTCH3;NQO1;PDGFB;PDGFRA;PDGFRB;PIK3R3;PPARG;PTGS2;RET;RUNX1;TCF7L1;TGFB2;TGFB3;TGFBR2;VEGFC;WNT11;WNT2;WNT3;WNT4;WNT5A;WNT5B;WNT7B;WNT9A,3.358165540730636e-10,True
KEGG,3,HIPPO SIGNALING PATHWAY,6.491448320077592e-11,45,722,148,6576,ACTG1;AJUBA;AMOT;AXIN2;BMP2;BMP4;BMP5;BMP6;BMP7;CCN2;CCND1;CCND2;FGF1;FRMD6;FZD1;FZD2;FZD4;FZD6;FZD7;FZD8;GDF6;GLI2;ID1;LATS2;MYC;NKD1;PARD6G;SERPINE1;SNAI2;TCF7L1;TEAD1;TEAD2;TEAD3;TGFB2;TGFB3;TGFBR2;WNT11;WNT2;WNT3;WNT4;WNT5A;WNT5B;WNT7B;WNT9A;YAP1,2.510026683763336e-09,True
KEGG,3,PROTEIN DIGESTION AND ABSORPTION,2.194226236913665e-10,31,722,83,6576,ATP1B2;COL11A1;COL12A1;COL13A1;COL14A1;COL15A1;COL16A1;COL17A1;COL1A1;COL1A2;COL23A1;COL27A1;COL2A1;COL3A1;COL4A1;COL4A2;COL4A4;COL4A5;COL4A6;COL5A1;COL5A2;COL5A3;COL6A1;COL6A2;COL6A3;COL8A1;COL8A2;COL9A2;KCNQ1;MMP12;SLC1A1,7.635907304459554e-09,True
KEGG,3,BREAST CANCER,4.887090207745894e-10,41,722,135,6576,AXIN2;CCND1;CDK6;DLL1;DLL4;EGFR;ERBB2;ESR1;FGF1;FGF18;FGF7;FGFR1;FZD1;FZD2;FZD4;FZD6;FZD7;FZD8;GADD45A;HEY1;HEY2;HEYL;IGF1;IGF1R;JAG1;KIT;LRP5;MYC;NOTCH2;NOTCH3;PIK3R3;SHC1;TCF7L1;WNT11;WNT2;WNT3;WNT4;WNT5A;WNT5B;WNT7B;WNT9A,1.54609762935961e-08,True
KEGG,3,DILATED CARDIOMYOPATHY,1.1456349220639064e-07,30,722,99,6576,ACTC1;ACTG1;ADCY2;ADCY5;ADCY6;ADCY9;CACNA1C;CACNA2D1;DAG1;DES;IGF1;ITGA1;ITGA11;ITGA2;ITGA6;ITGA8;ITGA9;ITGAV;ITGB4;ITGB6;LAMA1;LAMA2;SGCB;SGCD;SNTB1;SSPN;TGFB2;TGFB3;TPM1;TPM2,3.322341273985329e-06,True
KEGG,3,WNT SIGNALING PATHWAY,1.307807509200011e-07,40,722,155,6576,APCDD1;AXIN2;CCN4;CCND1;CCND2;DAAM2;DKK1;DKK2;FRZB;FZD1;FZD2;FZD4;FZD6;FZD7;FZD8;GPC4;LGR5;LGR6;LRP5;MMP7;MYC;NFATC4;NKD1;PRICKLE1;SFRP1;SFRP2;SFRP4;SOX17;TCF7L1;TLE1;VANGL1;VANGL2;WNT11;WNT2;WNT3;WNT4;WNT5A;WNT5B;WNT7B;WNT9A,3.5009001015507985e-06,True
KEGG,3,TGF-BETA SIGNALING PATHWAY,1.4692899805189956e-07,30,722,100,6576,ACVR1;BMP2;BMP4;BMP5;BMP6;BMP7;CDKN2B;CHRD;DCN;FBN1;FMOD;FST;GDF6;GREM1;GREM2;ID1;ID3;ID4;INHBA;INHBB;LRRC32;LTBP1;MYC;NEO1;SMAD6;TGFB2;TGFB3;TGFBR2;THBS1;THSD4,3.652235094432932e-06,True
KEGG,3,RAP1 SIGNALING PATHWAY,1.643643898141872e-07,47,722,198,6576,ACTG1;ADCY2;ADCY5;ADCY6;ADCY9;ADORA2B;ANGPT1;ANGPT2;BCAR1;CTNND1;EFNA4;EGFR;ENAH;F2R;FGF1;FGF18;FGF7;FGFR1;ID1;IGF1;IGF1R;KDR;KIT;KITLG;LPAR1;MAPK13;MRAS;NGF;NGFR;PARD6G;PDGFB;PDGFC;PDGFD;PDGFRA;PDGFRB;PFN2;PIK3R3;PLCE1;PRKD1;SIPA1L3;TEK;THBS1;TIAM1;TLN2;VAV2;VAV3;VEGFC,3.8132538436891426e-06,True
KEGG,3,HYPERTROPHIC CARDIOMYOPATHY,2.0112087061914588e-07,29,722,96,6576,ACE;ACTC1;ACTG1;CACNA1C;CACNA2D1;DAG1;DES;EDN1;IGF1;ITGA1;ITGA11;ITGA2;ITGA6;ITGA8;ITGA9;ITGAV;ITGB4;ITGB6;LAMA1;LAMA2;PRKAG2;SGCB;SGCD;SNTB1;SSPN;TGFB2;TGFB3;TPM1;TPM2,4.374378935966423e-06,True
KEGG,3,REGULATION OF ACTIN CYTOSKELETON,3.5144637856250355e-07,48,722,209,6576,ACTG1;BCAR1;BDKRB1;BDKRB2;CXCL12;DOCK1;EGFR;ENAH;F2R;FGF1;FGF18;FGF7;FGFR1;GNA12;GNG12;GSN;IQGAP2;ITGA1;ITGA11;ITGA2;ITGA6;ITGA8;ITGA9;ITGAV;ITGB4;ITGB6;LPAR1;MRAS;MYH11;MYH9;MYL9;MYLK;PDGFB;PDGFC;PDGFD;PDGFRA;PDGFRB;PFN2;PIK3R3;PIP5K1B;PXDN;RRAS2;SLC9A1;TIAM1;VAV2;VAV3;VCL;WASL,7.194314102338307e-06,True
KEGG,3,ARRHYTHMOGENIC RIGHT VENTRICULAR CARDIOMYOPATHY,5.084747767081053e-07,26,722,84,6576,ACTG1;CACNA1C;CACNA2D1;DAG1;DES;DSC3;DSG2;GJA1;ITGA1;ITGA11;ITGA2;ITGA6;ITGA8;ITGA9;ITGAV;ITGB4;ITGB6;JUP;LAMA1;LAMA2;PKP2;SGCB;SGCD;SNTB1;SSPN;TCF7L1,9.830512349690037e-06,True
KEGG,3,SIGNALING PATHWAYS REGULATING PLURIPOTENCY OF STEM CELLS,6.810919867957179e-07,34,722,129,6576,ACVR1;AXIN2;BMP4;FGFR1;FZD1;FZD2;FZD4;FZD6;FZD7;FZD8;HOXA1;ID1;ID3;ID4;IGF1;IGF1R;INHBA;INHBB;KLF4;LIF;MAPK13;MEIS1;MYC;PIK3R3;TBX3;WNT11;WNT2;WNT3;WNT4;WNT5A;WNT5B;WNT7B;WNT9A;ZFHX3,1.2474737442363674e-05,True
KEGG,3,BASAL CELL CARCINOMA,9.082089260530336e-07,21,722,61,6576,AXIN2;BMP2;BMP4;FZD1;FZD2;FZD4;FZD6;FZD7;FZD8;GADD45A;GLI2;GLI3;TCF7L1;WNT11;WNT2;WNT3;WNT4;WNT5A;WNT5B;WNT7B;WNT9A,1.5802835313322786e-05,True
KEGG,3,AMOEBIASIS,1.2129458760757176e-06,24,722,77,6576,COL1A1;COL1A2;COL3A1;COL4A1;COL4A2;COL4A4;COL4A5;COL4A6;GNA14;IL1R1;LAMA1;LAMA2;LAMA4;LAMA5;LAMB1;LAMB3;LAMC1;LAMC2;PIK3R3;RAB7B;TGFB2;TGFB3;TINAGL1;VCL,2.0100245946397604e-05,True
KEGG,3,MICRORNAS IN CANCER,1.5422248482033923e-06,37,722,151,6576,BCL2L11;BMF;CCND1;CCND2;CD44;CDK6;CYP1B1;EFNA4;EGFR;ERBB2;FSCN1;HMGA2;HOXD10;IGF2BP1;IRS1;MYC;NOTCH2;NOTCH3;PDGFB;PDGFRA;PDGFRB;PIK3R3;PLAU;PTGS2;RECK;SHC1;SLC7A1;SOX4;TGFB2;THBS1;TIMP3;TNNC1;TNXB;TPM1;VIM;WNT3;ZEB2,2.4395193053399113e-05,True
KEGG,3,AXON GUIDANCE,5.381831478257565e-06,39,722,171,6576,ABLIM3;BMP7;BOC;CXCL12;EFNA4;EFNB1;EFNB2;ENAH;EPHB1;EPHB2;EPHB3;EPHB4;MYL9;NCK2;NEO1;NFATC4;NGEF;NTN1;NTN4;PARD6G;PIK3R3;PLXNA1;PLXNA2;PLXNA4;RND1;ROBO1;SEMA3C;SEMA3F;SEMA3G;SEMA4B;SEMA5A;SEMA6A;SLIT2;SLIT3;TRPC6;UNC5B;WNT4;WNT5A;WNT5B,8.142945019276663e-05,True
KEGG,3,VASCULAR SMOOTH MUSCLE CONTRACTION,5.684572595470709e-06,30,722,117,6576,ACTA2;ACTG2;ADCY2;ADCY5;ADCY6;ADCY9;ADM;ADM2;ADORA2B;AVPR1A;CACNA1C;CALCRL;CALD1;EDN1;EDNRA;GNA12;GUCY1B1;IRAG1;KCNMA1;KCNMB1;KCNMB4;MYH11;MYH9;MYL9;MYLK;NPR1;PLA2G4A;PLA2G4F;PRKG1;RAMP2,8.242630263432529e-05,True
KEGG,3,MELANOGENESIS,6.045037366388976e-06,25,722,89,6576,ADCY2;ADCY5;ADCY6;ADCY9;CREB3L1;CREB3L2;EDN1;EDNRB;FZD1;FZD2;FZD4;FZD6;FZD7;FZD8;KIT;KITLG;TCF7L1;WNT11;WNT2;WNT3;WNT4;WNT5A;WNT5B;WNT7B;WNT9A,8.414692014013455e-05,True
KEGG,3,CUSHING SYNDROME,1.3731305607776125e-05,33,722,140,6576,ADCY2;ADCY5;ADCY6;ADCY9;AHR;AXIN2;CACNA1C;CACNA1H;CCND1;CDK6;CDKN2B;CREB3L1;CREB3L2;EGFR;FZD1;FZD2;FZD4;FZD6;FZD7;FZD8;KCNK2;PBX1;PDE8A;PDE8B;TCF7L1;WNT11;WNT2;WNT3;WNT4;WNT5A;WNT5B;WNT7B;WNT9A,0.00018378824428869582,True
KEGG,3,GASTRIC CANCER,1.924461433645114e-05,32,722,136,6576,AXIN2;CCND1;CDKN2B;EGFR;ERBB2;FGF1;FGF18;FGF7;FZD1;FZD2;FZD4;FZD6;FZD7;FZD8;GADD45A;JUP;LRP5;MYC;PIK3R3;SHC1;TCF7L1;TGFB2;TGFB3;TGFBR2;WNT11;WNT2;WNT3;WNT4;WNT5A;WNT5B;WNT7B;WNT9A,0.0002480416958920369,True
KEGG,3,SMALL CELL LUNG CANCER,4.1355848467325905e-05,23,722,87,6576,CCND1;CDK6;CDKN2B;COL4A1;COL4A2;COL4A4;COL4A5;COL4A6;GADD45A;ITGA2;ITGA6;ITGAV;LAMA1;LAMA2;LAMA4;LAMA5;LAMB1;LAMB3;LAMC1;LAMC2;MYC;PIK3R3;PTGS2,0.0005139941166653363,True
KEGG,3,RELAXIN SIGNALING PATHWAY,4.5752819200893784e-05,28,722,117,6576,ACTA2;ADCY2;ADCY5;ADCY6;ADCY9;COL1A1;COL1A2;COL3A1;COL4A1;COL4A2;COL4A4;COL4A5;COL4A6;CREB3L1;CREB3L2;EDN1;EDNRB;EGFR;GNB4;GNG11;GNG12;MAPK13;MMP13;MMP2;PIK3R3;SHC1;TGFBR2;VEGFC,0.0005490338304107254,True
KEGG,3,ADHERENS JUNCTION,5.031230967556673e-05,23,722,88,6576,ACTG1;CDH5;CTNND1;EGFR;ERBB2;FGFR1;HEG1;IGF1R;MYL9;NECTIN1;NECTIN3;PTPRB;PTPRM;SNAI1;SNAI2;SORBS1;TCF7L1;TGFBR2;TJP1;VCL;WASF3;WASL;YES1,0.000583622792236574,True
KEGG,3,CORNIFIED ENVELOPE FORMATION,5.324606764179258e-05,33,722,149,6576,CLDN1;CLDN11;CLDN23;COL17A1;COL4A1;COL4A2;COL4A4;COL4A5;COL4A6;DSG2;ITGA6;ITGB4;JUP;KAZN;KDSR;KRT14;KRT16;KRT17;KRT7;KRT80;LAMA4;LAMA5;LAMB3;LAMC2;PKP1;PKP2;PPL;S100A10;S100A11;S100A14;S100A4;SPTLC3;TJP1,0.0005977300496562522,True
KEGG,3,AGE-RAGE SIGNALING PATHWAY IN DIABETIC COMPLICATIONS,0.00017869257651133896,23,722,95,6576,CCND1;COL1A1;COL1A2;COL3A1;COL4A1;COL4A2;COL4A4;COL4A5;COL4A6;EDN1;F3;MAPK13;MMP2;NOX4;PIK3R3;PLCD1;PLCE1;SERPINE1;TGFB2;TGFB3;TGFBR2;THBD;VEGFC,0.0019432817695608112,True
KEGG,3,HEPATOCELLULAR CARCINOMA,0.0002025224102452032,31,722,146,6576,ACTG1;AXIN2;CCND1;CDK6;EGFR;FZD1;FZD2;FZD4;FZD6;FZD7;FZD8;GADD45A;IGF1R;IGF2;LRP5;MYC;NQO1;PIK3R3;SHC1;TCF7L1;TGFB2;TGFB3;TGFBR2;WNT11;WNT2;WNT3;WNT4;WNT5A;WNT5B;WNT7B;WNT9A,0.0021356908716766883,True
KEGG,3,TRANSCRIPTIONAL MISREGULATION IN CANCER,0.00027635834103103727,32,722,155,6576,ARNT2;BCL6;CCND2;CDK14;CEBPA;ERG;ETV5;GADD45A;HMGA2;HOXA10;HOXA11;IGF1;IGF1R;IGFBP3;JUP;LDB2;MAF;MEIS1;MMP3;MYC;NGFR;PAX3;PBX1;PLAT;PLAU;PPARG;RUNX1;SIX1;SIX4;SS18;TGFBR2;TMPRSS2,0.0028286089023176753,True
KEGG,3,NOTCH SIGNALING PATHWAY,0.0006192368833542335,15,722,55,6576,DLL1;DLL4;DTX1;DTX4;HEY1;HEY2;HEYL;JAG1;KAT2B;LFNG;MAML3;NOTCH2;NOTCH3;NRARP;TLE1,0.006156983868779236,True
KEGG,3,PROSTATE CANCER,0.000650777776407353,22,722,97,6576,CCND1;CREB3L1;CREB3L2;EGFR;ERBB2;ERG;ETV5;FGFR1;FOLR2;IGF1;IGF1R;MMP3;PDGFB;PDGFC;PDGFD;PDGFRA;PDGFRB;PIK3R3;PLAT;PLAU;TCF7L1;TMPRSS2,0.006220823282525913,True
KEGG,3,CGMP-PKG SIGNALING PATHWAY,0.0006614093719926976,30,722,149,6576,ADCY2;ADCY5;ADCY6;ADCY9;ADRA2A;ADRA2C;ATP1B2;ATP2B4;BDKRB2;CACNA1C;CREB3L1;CREB3L2;EDNRA;EDNRB;GNA12;GUCY1B1;IRAG1;IRS1;KCNJ8;KCNMA1;KCNMB1;KCNMB4;MYL9;MYLK;NFATC4;NPR1;PDE2A;PDE3A;PRKG1;TRPC6,0.006220823282525913,True
KEGG,3,IGSF CAM SIGNALING,0.0006878193322764669,46,722,261,6576,ACTG1;APP;BCAR1;CABLES1;CADM1;CADM3;CLMP;EPB41L3;FGFR1;GLDN;JAM3;KDR;LNX1;MAPK13;MTSS2;MYH11;MYH9;MYL9;MYLK;NCK2;NECTIN1;NECTIN3;NRP2;NTN1;PARD6G;PIK3R3;PLXNA1;PLXNA2;PLXNA4;PTPRZ1;PXDN;ROBO1;ROBO4;SLIT2;SLIT3;SORBS1;TJP1;TJP2;TRIO;TRPC6;TUBB6;UNC5B;VAV2;VAV3;VCL;WASL,0.006298977042952907,True
KEGG,3,COMPLEMENT AND COAGULATION CASCADES,0.0013669786523644305,15,722,59,6576,A2M;BDKRB1;BDKRB2;CLU;F2R;F2RL2;F3;MASP1;PLAT;PLAU;PROCR;SERPINE1;SERPINE2;THBD;VWF,0.01219765566725184,True
KEGG,3,VIRION - LASSA VIRUS AND SFTS VIRUS,0.00149191954341948,6,722,13,6576,DAG1;MYH11;MYH9;NRP2;PCDH1;PCDH7,0.012979700027749477,True
KEGG,3,HIPPO SIGNALING PATHWAY - MULTIPLE SPECIES,0.0016615174230601795,9,722,27,6576,AJUBA;DCHS1;FAT4;FRMD6;LATS2;TEAD1;TEAD2;TEAD3;YAP1,0.013965690318653681,True
KEGG,3,PHOSPHOLIPASE D SIGNALING PATHWAY,0.0016855143488030304,27,722,137,6576,ADCY2;ADCY5;ADCY6;ADCY9;AGPAT3;AVPR1A;CYTH3;DNM1;EGFR;F2R;GAB2;GNA12;KIT;KITLG;LPAR1;MRAS;PDGFB;PDGFC;PDGFD;PDGFRA;PDGFRB;PIK3R3;PIP5K1B;PLA2G4A;PLA2G4F;RRAS2;SHC1,0.013965690318653681,True
KEGG,3,OVARIAN STEROIDOGENESIS,0.001920742826709559,11,722,38,6576,ADCY2;ADCY5;ADCY6;ADCY9;BMP6;CYP1B1;IGF1;IGF1R;PLA2G4A;PLA2G4F;PTGS2,0.015544616364998291,True
KEGG,3,RAS SIGNALING PATHWAY,0.0020319995140451476,38,722,216,6576,ANGPT1;ANGPT2;EFNA4;EGFR;FGF1;FGF18;FGF7;FGFR1;GAB2;GNB4;GNG11;GNG12;HTR7;IGF1;IGF1R;IGF2;KDR;KIT;KITLG;MRAS;NGF;NGFR;PDGFB;PDGFC;PDGFD;PDGFRA;PDGFRB;PIK3R3;PLA2G4A;PLA2G4F;PLCE1;RASAL1;RASAL2;RRAS2;SHC1;TEK;TIAM1;VEGFC,0.01607126888381162,True
KEGG,3,MELANOMA,0.002301452861300742,16,722,68,6576,CCND1;CDK6;EGFR;FGF1;FGF18;FGF7;FGFR1;GADD45A;IGF1;IGF1R;PDGFB;PDGFC;PDGFD;PDGFRA;PDGFRB;PIK3R3,0.017797902127392403,True
KEGG,3,OTHER TYPES OF O-GLYCAN BIOSYNTHESIS,0.0030084963352443052,11,722,40,6576,B4GALT1;GALNT10;GALNT15;GALNT18;GALNT3;GALNT5;GALNT6;GXYLT2;LFNG;ST6GAL1;XXYLT1,0.022759928797065614,True
KEGG,3,MAPK SIGNALING PATHWAY,0.004605748894937247,46,722,286,6576,ANGPT1;ANGPT2;CACNA1C;CACNA1H;CACNA2D1;DUSP4;EFNA4;EGFR;ERBB2;FGF1;FGF18;FGF7;FGFR1;GADD45A;GNA12;GNG12;IGF1;IGF1R;IGF2;IL1R1;KDR;KIT;KITLG;MAP3K20;MAP3K3;MAPK13;MECOM;MRAS;MYC;NGF;NGFR;PDGFB;PDGFC;PDGFD;PDGFRA;PDGFRB;PLA2G4A;PLA2G4F;RET;RPS6KA2;RRAS2;TEK;TGFB2;TGFB3;TGFBR2;VEGFC,0.034102140754003446,True
KEGG,3,GLYCOSAMINOGLYCAN BIOSYNTHESIS - CHONDROITIN SULFATE / DERMATAN SULFATE,0.005453243067496665,7,722,21,6576,CHPF;CHST15;CHST3;CHSY1;CSGALNACT1;DSE;XYLT1,0.039536012239350826,True
KEGG,3,GAP JUNCTION,0.008385115707890621,16,722,77,6576,ADCY2;ADCY5;ADCY6;ADCY9;EGFR;GJA1;GUCY1B1;LPAR1;PDGFB;PDGFC;PDGFD;PDGFRA;PDGFRB;PRKG1;TJP1;TUBB6,0.05852991029341492,False
KEGG,3,MUCIN TYPE O-GLYCAN BIOSYNTHESIS,0.008536860046089906,8,722,28,6576,B3GNT3;GALNT10;GALNT15;GALNT18;GALNT3;GALNT5;GALNT6;GCNT1,0.05852991029341492,False
KEGG,3,APELIN SIGNALING PATHWAY,0.008577659267138393,23,722,125,6576,ACTA2;ADCY2;ADCY5;ADCY6;ADCY9;APLN;APLNR;CCN2;CCND1;GNB4;GNG11;GNG12;JAG1;MAP1LC3A;MRAS;MYLK;NOTCH3;PLAT;PRKAG2;RRAS2;RYR1;SERPINE1;SLC9A1,0.05852991029341492,False
KEGG,3,SULFUR METABOLISM,0.011547677381821799,4,722,9,6576,PAPSS1;PAPSS2;SQOR;TSTD1,0.07728061017065357,False
KEGG,3,CORTISOL SYNTHESIS AND SECRETION,0.012464936510818696,12,722,54,6576,ADCY2;ADCY5;ADCY6;ADCY9;CACNA1C;CACNA1H;CREB3L1;CREB3L2;KCNK2;PBX1;PDE8A;PDE8B,0.08184524350499822,False
KEGG,3,CALCIUM SIGNALING PATHWAY,0.013575352950287126,37,722,234,6576,ADCY2;ADCY9;ADORA2B;ATP2B4;AVPR1A;BDKRB1;BDKRB2;CACNA1C;CACNA1H;CAMK1D;CASQ2;EDNRA;EDNRB;EGFR;ERBB2;F2R;FGF1;FGF18;FGF7;FGFR1;GNA14;HTR7;KDR;MST1R;MYLK;NFATC4;NGF;PDGFB;PDGFC;PDGFD;PDGFRA;PDGFRB;PLCD1;PLCE1;RET;RYR1;VEGFC,0.08748560790185037,False
KEGG,3,CYTOKINE-CYTOKINE RECEPTOR INTERACTION,0.013885861651370911,33,722,204,6576,ACKR3;ACKR4;ACVR1;BMP2;BMP4;BMP5;BMP6;BMP7;CCL11;CLCF1;CXCL12;CXCL14;GDF10;GDF15;GDF6;IFNLR1;IL13RA1;IL13RA2;IL17RC;IL17RE;IL1R1;IL33;INHBA;INHBB;LIF;NGF;NGFR;OSMR;TGFB2;TGFB3;TGFBR2;TNFRSF11B;TNFSF15,0.0878596337214014,False
KEGG,3,MALARIA,0.016233011684310163,9,722,37,6576,ACKR1;CD36;CD81;COMP;TGFB2;TGFB3;THBS1;THBS2;THBS4,0.10087657260964172,False
KEGG,3,"PARATHYROID HORMONE SYNTHESIS, SECRETION AND ACTION",0.017188621950592495,19,722,104,6576,ADCY2;ADCY5;ADCY6;ADCY9;CREB3L1;CREB3L2;CYP27B1;EGFR;FGFR1;GATA3;GNA12;LRP5;MAFB;MMP13;PTH1R;PTHLH;STK39;VDR;WNK2,0.10494106032993313,False
KEGG,3,MTOR SIGNALING PATHWAY,0.018176673889013017,25,722,148,6576,ATP6V1C2;DEPTOR;FNIP2;FZD1;FZD2;FZD4;FZD6;FZD7;FZD8;GRB10;IGF1;IGF1R;IRS1;LRP5;PIK3R3;RPS6KA2;SLC7A5;WNT11;WNT2;WNT3;WNT4;WNT5A;WNT5B;WNT7B;WNT9A,0.10906004333407811,False
KEGG,3,TIGHT JUNCTION,0.019654836366750455,25,722,149,6576,ACTG1;AMOT;AMOTL1;AMOTL2;CCND1;CGN;CGNL1;CLDN1;CLDN11;CLDN23;ERBB2;JAM3;LNX1;MYH11;MYH9;MYL9;NEDD4L;PARD6G;PRKAG2;RAB13;RUNX1;SYNPO;TIAM1;TJP1;TJP2,0.11593022128185015,False
KEGG,3,HEDGEHOG SIGNALING PATHWAY,0.020333544131774725,11,722,51,6576,BOC;CCND1;CCND2;CDON;EVC;EVC2;GAS1;GLI2;GLI3;GPR161;HHAT,0.11793455596429339,False
KEGG,3,HORMONE SIGNALING,0.022504750617127093,31,722,196,6576,ACVR1;ADCY2;ADCY5;ADCY6;ADCY9;ADRA2A;ADRA2C;AVPR1A;C1QTNF1;DIO2;ESR1;GNA12;GNA14;GNB4;GNG11;GNG12;GPER1;HEPH;IGF1;IGF1R;IGF2;IRS1;ITGAV;NPR1;PIK3R3;PRKG1;PTH1R;PTHLH;RAMP2;SLC16A2;SSTR1,0.12767308080685433,False
KEGG,3,LEUKOCYTE TRANSENDOTHELIAL MIGRATION,0.02274635347708324,19,722,107,6576,ACTG1;BCAR1;CD99L2;CDH5;CLDN1;CLDN11;CLDN23;CTNND1;CXCL12;JAM3;MAPK13;MMP2;MYL9;PIK3R3;PXDN;THY1;VAV2;VAV3;VCL,0.12767308080685433,False
KEGG,3,ALDOSTERONE-REGULATED SODIUM REABSORPTION,0.027691518677816756,8,722,34,6576,ATP1B2;HSD11B2;IGF1;IRS1;NEDD4L;PIK3R3;SCNN1A;SCNN1G,0.1529626746012735,False
KEGG,3,VIRAL MYOCARDITIS,0.028749808335077134,10,722,47,6576,ACTG1;CAV1;CCND1;DAG1;LAMA1;LAMA2;SGCB;SGCD;SNTB1;SSPN,0.15632708282198193,False
KEGG,3,CELL ADHESION MOLECULE (CAM) INTERACTION,0.03958589039480693,20,722,121,6576,ALCAM;CADM1;CADM3;CD276;CD99L2;CDH5;CLDN1;CLDN11;CLDN23;ITGA6;ITGA8;ITGA9;ITGAV;JAM3;NECTIN1;NECTIN3;NEO1;PTPRM;SDC3;VCAN,0.21161448714540246,False
KEGG,3,CHEMICAL CARCINOGENESIS - RECEPTOR ACTIVATION,0.040133782044817705,25,722,159,6576,ADCY2;ADCY5;ADCY6;ADCY9;AHR;BCL6;CACNA1C;CCND1;CREB3L1;CREB3L2;CYP1B1;DLL1;DLL4;EGFR;ESR1;FGF18;FGF7;JAG1;KLF4;MYC;NOTCH2;PAQR7;PIK3R3;RPS6KA2;VDR,0.21161448714540246,False
KEGG,3,GLYCOSAMINOGLYCAN BIOSYNTHESIS - HEPARAN SULFATE / HEPARIN,0.041040296125351816,6,722,24,6576,EXT1;HS3ST1;HS3ST3A1;HS3ST3B1;NDST1;XYLT1,0.21316452315854378,False
KEGG,3,ENDOCRINE AND OTHER FACTOR-REGULATED CALCIUM REABSORPTION,0.046415107063844004,9,722,44,6576,ADCY6;ADCY9;ATP1B2;ATP2B4;BDKRB2;DNM1;ESR1;PTH1R;VDR,0.23753613615026048,False
KEGG,3,PLATELET ACTIVATION,0.04771291573591858,19,722,116,6576,ACTG1;ADCY2;ADCY5;ADCY6;ADCY9;COL1A1;COL1A2;COL3A1;F2R;GUCY1B1;ITGA2;MAPK13;MYLK;PIK3R3;PLA2G4A;PLA2G4F;PRKG1;TLN2;VWF,0.24063905327680674,False
KEGG,3,INFLAMMATORY MEDIATOR REGULATION OF TRP CHANNELS,0.05018204891384431,15,722,87,6576,ADCY2;ADCY5;ADCY6;ADCY9;BDKRB1;BDKRB2;IGF1;IL1R1;MAPK13;NGF;PIK3R3;PLA2G4A;PLA2G4F;TRPA1;TRPV3,0.24947647174311172,False
KEGG,3,ALDOSTERONE SYNTHESIS AND SECRETION,0.05619464155381096,14,722,81,6576,ADCY2;ADCY5;ADCY6;ADCY9;ATP1B2;ATP2B4;CACNA1C;CACNA1H;CAMK1D;CREB3L1;CREB3L2;NPR1;PDE2A;PRKD1,0.2754328909961439,False
KEGG,3,CHOLESTEROL METABOLISM,0.05933125312356729,9,722,46,6576,ABCA1;ANGPTL4;ANGPTL8;CD36;CYP27A1;LIPG;LPL;PLTP;SORT1,0.2867677234305752,False
KEGG,3,INSULIN SECRETION,0.06299380815660255,13,722,75,6576,ADCY2;ADCY5;ADCY6;ADCY9;ATP1B2;C1QTNF1;CACNA1C;CREB3L1;CREB3L2;KCNMA1;KCNMB1;KCNMB4;KCNN3,0.30029924984243406,False
KEGG,3,GLIOMA,0.06453172692278011,12,722,68,6576,CAMK1D;CCND1;CDK6;EGFR;GADD45A;IGF1;IGF1R;PDGFB;PDGFRA;PDGFRB;PIK3R3;SHC1,0.30347352660983085,False
KEGG,3,LONGEVITY REGULATING PATHWAY - MULTIPLE SPECIES,0.06650885783276159,10,722,54,6576,ADCY2;ADCY5;ADCY6;ADCY9;CRYAB;IGF1;IGF1R;IRS1;PIK3R3;PRKAG2,0.3086011003440138,False
KEGG,3,THYROID HORMONE SIGNALING PATHWAY,0.07109913098559567,18,722,114,6576,ACTG1;ATP1B2;BMP4;CCND1;DIO2;ESR1;ITGAV;KAT2B;MYC;NOTCH2;NOTCH3;PIK3R3;PLCD1;PLCE1;RCAN2;SLC16A2;SLC9A1;WNT4,0.32555917872351703,False
KEGG,3,OXYTOCIN SIGNALING PATHWAY,0.0750288039174469,21,722,138,6576,ACTG1;ADCY2;ADCY5;ADCY6;ADCY9;CACNA1C;CACNA2D1;CAMK1D;CCND1;EEF2K;EGFR;GUCY1B1;MYL9;MYLK;NFATC4;NPR1;PLA2G4A;PLA2G4F;PRKAG2;PTGS2;RYR1,0.3390912177048249,False
KEGG,3,SALIVARY SECRETION,0.07946141669556529,11,722,63,6576,ADCY2;ADCY5;ADCY6;ADCY9;AQP5;ATP1B2;ATP2B4;GUCY1B1;KCNMA1;PRKG1;SLC9A1,0.354520166795599,False
KEGG,3,SPHINGOLIPID METABOLISM,0.08266120578111304,9,722,49,6576,CERK;CERS6;GALC;GLB1;HEXB;KDSR;SGMS2;SMPD3;SPTLC3,0.3641278431876878,False
KEGG,3,CHRONIC MYELOID LEUKEMIA,0.09143511021378994,12,722,72,6576,CCND1;CDK6;GAB2;GADD45A;MECOM;MYC;PIK3R3;RUNX1;SHC1;TGFB2;TGFB3;TGFBR2,0.3977427294299863,False
KEGG,3,REGULATION OF LIPOLYSIS IN ADIPOCYTES,0.10089202050398374,9,722,51,6576,ADCY2;ADCY5;ADCY6;ADCY9;IRS1;NPR1;PIK3R3;PRKG1;PTGS2,0.43346201401711537,False
KEGG,3,BLADDER CANCER,0.10432036428594565,7,722,37,6576,CCND1;DAPK1;EGFR;ERBB2;MMP2;MYC;THBS1,0.4427254484330377,False
KEGG,3,EFFEROCYTOSIS,0.10598671923580842,21,722,144,6576,ABCA1;AXL;BCAR1;BSG;CD36;CH25H;DOCK1;DUSP4;GAS6;GULP1;ITGAV;MAPK13;MERTK;MFGE8;NFATC4;PBX1;PPARG;PTGS2;RAB7B;THBS1;TINAGL1,0.4443780517356787,False
KEGG,3,FOXO SIGNALING PATHWAY,0.117417183875757,18,722,122,6576,BCL2L11;BCL6;CCND1;CCND2;CDKN2B;DEPP1;EGFR;GADD45A;IGF1;IGF1R;IRS1;MAPK13;PIK3R3;PRKAG2;SETD7;TGFB2;TGFB3;TGFBR2,0.48644261891385043,False
KEGG,3,CENTRAL CARBON METABOLISM IN CANCER,0.13699524788274703,10,722,62,6576,EGFR;ERBB2;FGFR1;KIT;MYC;PDGFRA;PDGFRB;PIK3R3;RET;SLC7A5,0.5543528635255345,False
KEGG,3,RENIN SECRETION,0.13699524788274703,10,722,62,6576,ACE;ADCY5;ADCY6;CACNA1C;EDN1;EDNRA;GUCY1B1;KCNMA1;NPR1;PDE3A,0.5543528635255345,False
KEGG,3,BACTERIAL INVASION OF EPITHELIAL CELLS,0.14047614498314,11,722,70,6576,ACTG1;ARHGAP10;BCAR1;CAV1;DNM1;DOCK1;PIK3R3;PXDN;SHC1;VCL;WASL,0.56190457993256,False
KEGG,3,FC GAMMA R-MEDIATED PHAGOCYTOSIS,0.14465099118379296,13,722,86,6576,ASAP3;DOCK1;GAB2;GSN;MARCKSL1;MYO10;PIK3R3;PIP5K1B;PLA2G4A;PLA2G4F;VAV2;VAV3;WASF3,0.5656016284489882,False
KEGG,3,MORPHINE ADDICTION,0.14465099118379296,13,722,86,6576,ADCY2;ADCY5;ADCY6;ADCY9;GNB4;GNG11;GNG12;GRK5;PDE2A;PDE3A;PDE7B;PDE8A;PDE8B,0.5656016284489882,False
KEGG,3,PURINE METABOLISM,0.16349339411101899,16,722,112,6576,ADCY2;ADCY5;ADCY6;ADCY9;ENPP3;GUCY1B1;NPR1;PAPSS1;PAPSS2;PDE2A;PDE3A;PDE7B;PDE8A;PDE8B;PDE9A;PRPS1L1,0.6321744572292733,False
KEGG,3,GASTRIC ACID SECRETION,0.17082173854103713,10,722,65,6576,ACTG1;ADCY2;ADCY5;ADCY6;ADCY9;ATP1B2;KCNK2;KCNQ1;MYLK;SLC9A1,0.6461517936117491,False
KEGG,3,HEMATOPOIETIC CELL LINEAGE,0.17082173854103713,10,722,65,6576,ANPEP;CD36;CD44;IL1R1;ITGA1;ITGA2;ITGA6;KIT;KITLG;MMP12,0.6461517936117491,False
KEGG,3,THYROID HORMONE SYNTHESIS,0.18290760054731003,10,722,66,6576,ADCY2;ADCY5;ADCY6;ADCY9;ATP1B2;CREB3L1;CREB3L2;GPX3;GPX7;GPX8,0.6844284407576763,False
KEGG,3,PHAGOSOME,0.19069301281389833,16,722,115,6576,ACTG1;ATP6V0A4;ATP6V1C2;CD36;COLEC12;COMP;ITGA2;ITGAV;MRC2;PLA2R1;PRICKLE1;RAB7B;THBS1;THBS2;THBS4;TUBB6,0.7044053866249665,False
KEGG,3,"GROWTH HORMONE SYNTHESIS, SECRETION AND ACTION",0.1922945739349765,15,722,107,6576,ADCY2;ADCY5;ADCY6;ADCY9;BCAR1;CACNA1C;CREB3L1;CREB3L2;IGF1;IGFBP3;IRS1;MAPK13;PIK3R3;SHC1;SSTR1,0.7044053866249665,False
KEGG,3,LONGEVITY REGULATING PATHWAY,0.19552754034281336,12,722,83,6576,ADCY2;ADCY5;ADCY6;ADCY9;CREB3L1;CREB3L2;IGF1;IGF1R;IRS1;PIK3R3;PPARG;PRKAG2,0.7072928707631904,False
KEGG,3,THYROID CANCER,0.19714772547134907,6,722,36,6576,CCND1;GADD45A;MYC;PPARG;RET;TCF7L1,0.7072928707631904,False
KEGG,3,CAMP SIGNALING PATHWAY,0.2019386784622037,27,722,208,6576,ADCY2;ADCY5;ADCY6;ADCY9;ATP1B2;ATP2B4;C1QTNF1;CACNA1C;CREB3L1;CREB3L2;EDN1;EDNRA;F2R;GLI3;KCNK2;MYL9;NPR1;PDE3A;PIK3R3;PLCE1;PPP1R1B;RRAS2;SLC9A1;SSTR1;TIAM1;VAV2;VAV3,0.717088368416805,False
KEGG,3,HUMAN CYTOMEGALOVIRUS INFECTION,0.21178090738454533,24,722,184,6576,ADCY2;ADCY5;ADCY6;ADCY9;BCAR1;CCND1;CDK6;CREB3L1;CREB3L2;CXCL12;EGFR;GNA12;GNB4;GNG11;GNG12;IL1R1;ITGAV;MAPK13;MYC;NFATC4;PDGFRA;PIK3R3;PTGS2;PXDN,0.7444419774729472,False
KEGG,3,CHOLINE METABOLISM IN CANCER,0.21684213273143904,13,722,93,6576,EGFR;PDGFB;PDGFC;PDGFD;PDGFRA;PDGFRB;PIK3R3;PIP5K1B;PLA2G4A;PLA2G4F;SLC22A3;SLC44A2;WASF3,0.754610621905408,False
KEGG,3,VIBRIO CHOLERAE INFECTION,0.21928225110774494,7,722,45,6576,ACTG1;ADCY9;ATP6V0A4;ATP6V1C2;KCNQ1;TJP1;TJP2,0.7555467661930222,False
KEGG,3,FLUID SHEAR STRESS AND ATHEROSCLEROSIS,0.2300884882422769,16,722,119,6576,ACTG1;ACVR1;BMP4;CAV1;CDH5;EDN1;IL1R1;ITGAV;KDR;MAPK13;MMP2;NQO1;PDGFB;PIK3R3;PLAT;THBD,0.7850077834148271,False
KEGG,3,PATHOGENIC ESCHERICHIA COLI INFECTION,0.2356807734539764,22,722,170,6576,ACTG1;CLDN1;CLDN11;CLDN23;CYTH3;F2R;GNA12;IL1R1;LPAR1;MAPK13;MYH11;MYH9;MYO10;MYO1D;MYO1E;MYO5B;NCK2;TJP1;TLR5;TUBB6;WASF3;WASL,0.7921240604709388,False
KEGG,3,ENDOMETRIAL CANCER,0.23672673071545297,8,722,54,6576,AXIN2;CCND1;EGFR;ERBB2;GADD45A;MYC;PIK3R3;TCF7L1,0.7921240604709388,False
KEGG,3,GLYCOSPHINGOLIPID BIOSYNTHESIS - LACTO AND NEOLACTO SERIES,0.24121270109252313,4,722,23,6576,ABO;B3GNT3;B3GNT5;B4GALT1,0.7994478093352195,False
KEGG,3,LONG-TERM DEPRESSION,0.2525731032774626,8,722,55,6576,GNA12;GUCY1B1;IGF1;IGF1R;PLA2G4A;PLA2G4F;PRKG1;RYR1,0.8092295374894184,False
KEGG,3,ADRENERGIC SIGNALING IN CARDIOMYOCYTES,0.25261416958255367,18,722,138,6576,ACTC1;ADCY2;ADCY5;ADCY6;ADCY9;ATP1B2;ATP2B4;CACNA1C;CACNA2D1;CREB3L1;CREB3L2;KCNK2;KCNQ1;MAPK13;SCN4B;SLC9A1;TPM1;TPM2,0.8092295374894184,False
KEGG,3,CELLULAR SENESCENCE,0.25261416958255367,18,722,138,6576,CAPN2;CCND1;CCND2;CDK6;CDKN2B;GADD45A;IGFBP3;MAPK13;MRAS;MYC;NFATC4;PIK3R3;RRAS2;SERPINE1;TGFB2;TGFB3;TGFBR2;ZFP36L1,0.8092295374894184,False
KEGG,3,PRIMARY BILE ACID BIOSYNTHESIS,0.25346557352398447,3,722,16,6576,CH25H;CYP27A1;CYP39A1,0.8092295374894184,False
KEGG,3,GNRH SIGNALING PATHWAY,0.2591627661840713,11,722,80,6576,ADCY2;ADCY5;ADCY6;ADCY9;CACNA1C;EGFR;MAP3K3;MAPK13;MMP2;PLA2G4A;PLA2G4F,0.8198967512005165,False
KEGG,3,CIRCADIAN ENTRAINMENT,0.26824232730417163,12,722,89,6576,ADCY2;ADCY5;ADCY6;ADCY9;CACNA1C;CACNA1H;GNB4;GNG11;GNG12;GUCY1B1;PRKG1;RYR1,0.8322114009354245,False
KEGG,3,VIRION - HEPATITIS VIRUSES,0.2719583042844213,6,722,40,6576,CD81;CLDN1;CLDN11;CLDN23;EGFR;HSPG2,0.8322114009354245,False
KEGG,3,JAK-STAT SIGNALING PATHWAY,0.2725844655575355,16,722,123,6576,AOX1;CCND1;CCND2;CLCF1;EGFR;IFNLR1;IL13RA1;IL13RA2;IL22RA2;LIF;MYC;OSMR;PDGFB;PDGFRA;PDGFRB;PIK3R3,0.8322114009354245,False
KEGG,3,COLORECTAL CANCER,0.2726209761685011,11,722,81,6576,AXIN2;BCL2L11;CCND1;EGFR;GADD45A;MYC;PIK3R3;TCF7L1;TGFB2;TGFB3;TGFBR2,0.8322114009354245,False
KEGG,3,P53 SIGNALING PATHWAY,0.28118786409901975,9,722,65,6576,CCND1;CCND2;CDK6;GADD45A;IGF1;IGFBP3;SERPINE1;STEAP3;THBS1,0.8508989278822511,False
KEGG,3,NITROGEN METABOLISM,0.2846693092165075,3,722,17,6576,CA12;CA4;CA9,0.8540079276495226,False
KEGG,3,CHEMOKINE SIGNALING PATHWAY,0.30836426880882967,19,722,152,6576,ACKR4;ADCY2;ADCY5;ADCY6;ADCY9;BCAR1;CCL11;CXCL12;CXCL14;GNB4;GNG11;GNG12;GRK5;PIK3R3;PXDN;SHC1;TIAM1;VAV2;VAV3,0.9145866731263798,False
KEGG,3,RHEUMATOID ARTHRITIS,0.31243013299732214,9,722,67,6576,ANGPT1;ATP6V0A4;ATP6V1C2;CTSK;CXCL12;MMP3;TEK;TGFB2;TGFB3,0.9145866731263798,False
KEGG,3,ESTROGEN SIGNALING PATHWAY,0.31274659224723905,15,722,118,6576,ADCY2;ADCY5;ADCY6;ADCY9;CREB3L1;CREB3L2;EGFR;ESR1;GPER1;KRT14;KRT16;KRT17;MMP2;PIK3R3;SHC1,0.9145866731263798,False
KEGG,3,TOXOPLASMOSIS,0.3346134791861927,12,722,94,6576,ITGA6;LAMA1;LAMA2;LAMA4;LAMA5;LAMB1;LAMB3;LAMC1;LAMC2;MAPK13;TGFB2;TGFB3,0.9703790896399588,False
KEGG,3,ACUTE MYELOID LEUKEMIA,0.37046578900666827,8,722,62,6576,CCND1;CEBPA;JUP;KIT;MYC;PIK3R3;RUNX1;TCF7L1,1.0,False
KEGG,3,BILE SECRETION,0.37046578900666827,8,722,62,6576,ABCB4;ABCC3;ADCY2;ADCY5;ADCY6;ADCY9;ATP1B2;SLC9A1,1.0,False
KEGG,3,FOLATE TRANSPORT AND METABOLISM,0.37908174803770406,3,722,20,6576,ABCC3;FOLR2;SLCO2B1,1.0,False
KEGG,3,RENIN-ANGIOTENSIN SYSTEM,0.37908174803770406,3,722,20,6576,ACE;ANPEP;MMP12,1.0,False
KEGG,3,ARACHIDONIC ACID METABOLISM,0.3931925169706068,6,722,46,6576,GGT5;PLA2G4A;PLA2G4F;PTGES;PTGIS;PTGS2,1.0,False
KEGG,3,VEGF SIGNALING PATHWAY,0.400040868449884,7,722,55,6576,KDR;MAPK13;PIK3R3;PLA2G4A;PLA2G4F;PTGS2;PXDN,1.0,False
KEGG,3,PANCREATIC SECRETION,0.41277272960980804,10,722,82,6576,ADCY2;ADCY5;ADCY6;ADCY9;ATP1B2;ATP2B4;KCNMA1;KCNQ1;RAB27B;SLC9A1,1.0,False
KEGG,3,MINERAL ABSORPTION,0.4136607146627187,6,722,47,6576,ATP1B2;ATP2B4;CYBRD1;FTH1;HEPH;VDR,1.0,False
KEGG,3,PPAR SIGNALING PATHWAY,0.4226966646264824,8,722,65,6576,ANGPTL4;CD36;CYP27A1;LPL;PCDHB16;PLTP;PPARG;SORBS1,1.0,False
KEGG,3,GLYCOSAMINOGLYCAN BIOSYNTHESIS - KERATAN SULFATE,0.4261121865851247,2,722,13,6576,B4GALT1;CHST2,1.0,False
KEGG,3,CARDIAC MUSCLE CONTRACTION,0.44205205187972196,9,722,75,6576,ACTC1;ATP1B2;CACNA1C;CACNA2D1;CASQ2;PTGS2;SLC9A1;TPM1;TPM2,1.0,False
KEGG,3,PANCREATIC CANCER,0.44205205187972196,9,722,75,6576,CCND1;CDK6;EGFR;ERBB2;GADD45A;PIK3R3;TGFB2;TGFB3;TGFBR2,1.0,False
KEGG,3,CHOLINERGIC SYNAPSE,0.4597952782686105,12,722,103,6576,ADCY2;ADCY5;ADCY6;ADCY9;CACNA1C;CREB3L1;CREB3L2;GNB4;GNG11;GNG12;KCNQ1;PIK3R3,1.0,False
KEGG,3,GLYCOSPHINGOLIPID BIOSYNTHESIS - GLOBO AND ISOGLOBO SERIES,0.4649717166896904,2,722,14,6576,ABO;HEXB,1.0,False
KEGG,3,TAURINE AND HYPOTAURINE METABOLISM,0.4649717166896904,2,722,14,6576,ADO;GGT5,1.0,False
KEGG,3,HUMAN T-CELL LEUKEMIA VIRUS 1 INFECTION,0.4802240021205066,22,722,195,6576,ADCY2;ADCY5;ADCY6;ADCY9;CCND1;CCND2;CDKN2B;CREB3L1;CREB3L2;IL1R1;KAT2B;MAP3K3;MMP7;MSX1;MSX2;MYC;NFATC4;PIK3R3;TGFB2;TGFB3;TGFBR2;TLN2,1.0,False
KEGG,3,RETINOL METABOLISM,0.49765167647708947,4,722,33,6576,ALDH1A3;AOX1;CYP26B1;RDH5,1.0,False
KEGG,3,GLYCOSPHINGOLIPID BIOSYNTHESIS - GANGLIO SERIES,0.5022286886282669,2,722,15,6576,GLB1;HEXB,1.0,False
KEGG,3,VIRION - HERPESVIRUS,0.5024654672275618,1,722,6,6576,NECTIN1,1.0,False
KEGG,3,VITAMIN B6 METABOLISM,0.5024654672275618,1,722,6,6576,AOX1,1.0,False
KEGG,3,TH1 AND TH2 CELL DIFFERENTIATION,0.5064594159557982,9,722,79,6576,DLL1;DLL4;GATA3;JAG1;MAF;MAML3;MAPK13;NOTCH2;NOTCH3,1.0,False
KEGG,3,FC EPSILON RI SIGNALING PATHWAY,0.51103147036184,7,722,61,6576,GAB2;MAPK13;PIK3R3;PLA2G4A;PLA2G4F;VAV2;VAV3,1.0,False
KEGG,3,MOTOR PROTEINS,0.5148890434603189,19,722,171,6576,ACTA1;ACTA2;ACTC1;ACTG1;ACTG2;KIF13B;KIF26A;KIFC3;MYH11;MYH9;MYL9;MYO10;MYO1D;MYO1E;MYO5B;TNNI1;TPM1;TPM2;TUBB6,1.0,False
KEGG,3,GLUTAMATERGIC SYNAPSE,0.5285944043597379,12,722,108,6576,ADCY2;ADCY5;ADCY6;ADCY9;CACNA1C;GNB4;GNG11;GNG12;PLA2G4A;PLA2G4F;SLC1A1;SLC1A3,1.0,False
KEGG,3,HIF-1 SIGNALING PATHWAY,0.5313270744852725,11,722,99,6576,ANGPT1;ANGPT2;EDN1;EGFR;ERBB2;IGF1;IGF1R;PIK3R3;SERPINE1;TEK;TIMP1,1.0,False
KEGG,3,OTHER GLYCAN DEGRADATION,0.5377662765003073,2,722,16,6576,GLB1;HEXB,1.0,False
KEGG,3,GLUTATHIONE METABOLISM,0.5386044943031729,5,722,44,6576,ANPEP;GGT5;GPX3;GPX7;GPX8,1.0,False
KEGG,3,TNF SIGNALING PATHWAY,0.5420517890163038,12,722,109,6576,CREB3L1;CREB3L2;DAB2IP;EDN1;JAG1;LIF;MAPK13;MMP3;PIK3R3;PTGS2;RHBDF1;VEGFC,1.0,False
KEGG,3,EPITHELIAL CELL SIGNALING IN HELICOBACTER PYLORI INFECTION,0.5639040262889161,7,722,64,6576,ATP6V0A4;ATP6V1C2;EGFR;JAM3;MAPK13;PTPRZ1;TJP1,1.0,False
KEGG,3,FERROPTOSIS,0.5686935852889916,4,722,36,6576,FTH1;MAP1LC3A;SLC39A8;STEAP3,1.0,False
KEGG,3,FOLATE BIOSYNTHESIS,0.5715125388048143,2,722,17,6576,ALPL;MOCS1,1.0,False
KEGG,3,GLYCOSAMINOGLYCAN DEGRADATION,0.5715125388048143,2,722,17,6576,GLB1;HEXB,1.0,False
KEGG,3,SELENOCOMPOUND METABOLISM,0.5715125388048143,2,722,17,6576,PAPSS1;PAPSS2,1.0,False
KEGG,3,GABAERGIC SYNAPSE,0.5834728942155057,9,722,84,6576,ADCY2;ADCY5;ADCY6;ADCY9;CACNA1C;GNB4;GNG11;GNG12;SLC6A12,1.0,False
KEGG,3,PROGESTERONE-MEDIATED OOCYTE MATURATION,0.5834728942155057,9,722,84,6576,ADCY2;ADCY5;ADCY6;ADCY9;IGF1;IGF1R;MAPK13;PIK3R3;RPS6KA2,1.0,False
KEGG,3,RIBOFLAVIN METABOLISM,0.6058159421847793,1,722,8,6576,ENPP3,1.0,False
KEGG,3,SULFUR RELAY SYSTEM,0.6058159421847793,1,722,8,6576,TSTD1,1.0,False
KEGG,3,"VIRION - EBOLAVIRUS, LYSSAVIRUS AND MORBILLIVIRUS",0.6058159421847793,1,722,8,6576,NGFR,1.0,False
KEGG,3,SEROTONERGIC SYNAPSE,0.6058282381228028,10,722,95,6576,ADCY5;APP;CACNA1C;GNB4;GNG11;GNG12;HTR7;PLA2G4A;PLA2G4F;PTGS2,1.0,False
KEGG,3,TRYPTOPHAN METABOLISM,0.6337898072932935,4,722,39,6576,AOX1;CYP1B1;KMO;TDO2,1.0,False
KEGG,3,NON-SMALL CELL LUNG CANCER,0.6456477367018402,7,722,69,6576,CCND1;CDK6;EGFR;ERBB2;GADD45A;PIK3R3;RET,1.0,False
KEGG,3,ABC TRANSPORTERS,0.654021941553036,4,722,40,6576,ABCA1;ABCA8;ABCB4;ABCC3,1.0,False
KEGG,3,INFLAMMATORY BOWEL DISEASE,0.6553394970900637,5,722,50,6576,GATA3;MAF;TGFB2;TGFB3;TLR5,1.0,False
KEGG,3,PANTOTHENATE AND COA BIOSYNTHESIS,0.6617892469845401,2,722,20,6576,DPYD;ENPP3,1.0,False
KEGG,3,YERSINIA INFECTION,0.6675092916541499,12,722,119,6576,ACTG1;ARHGEF28;BCAR1;DOCK1;MAPK13;PIK3R3;PIP5K1B;PXDN;RPS6KA2;VAV2;VAV3;WASL,1.0,False
KEGG,3,CHAGAS DISEASE,0.6678583648623975,9,722,90,6576,ACE;BDKRB2;GNA14;MAPK13;PIK3R3;SERPINE1;TGFB2;TGFB3;TGFBR2,1.0,False
KEGG,3,VASOPRESSIN-REGULATED WATER REABSORPTION,0.6734917482160387,4,722,41,6576,ADCY6;ADCY9;CREB3L1;CREB3L2,1.0,False
KEGG,3,PROXIMAL TUBULE BICARBONATE RECLAMATION,0.6882797412501984,2,722,21,6576,ATP1B2;CA4,1.0,False
KEGG,3,INSULIN RESISTANCE,0.6959276278404678,10,722,102,6576,CD36;CREB3L1;CREB3L2;GFPT2;IRS1;PIK3R3;PPP1R3C;PRKAG2;RPS6KA2;SLC27A3,1.0,False
KEGG,3,PROLACTIN SIGNALING PATHWAY,0.704371824255492,6,722,63,6576,CCND1;CCND2;ESR1;MAPK13;PIK3R3;SHC1,1.0,False
KEGG,3,ALPHA-LINOLENIC ACID METABOLISM,0.713039563636487,2,722,22,6576,PLA2G4A;PLA2G4F,1.0,False
KEGG,3,LINOLEIC ACID METABOLISM,0.713039563636487,2,722,22,6576,PLA2G4A;PLA2G4F,1.0,False
KEGG,3,AMPK SIGNALING PATHWAY,0.7206152648700581,11,722,114,6576,CCND1;CD36;CREB3L1;CREB3L2;EEF2K;IGF1;IGF1R;IRS1;PIK3R3;PPARG;PRKAG2,1.0,False
KEGG,3,THIAMINE METABOLISM,0.7220596814704288,1,722,11,6576,ALPL,1.0,False
KEGG,3,ARGININE AND PROLINE METABOLISM,0.7272661025695178,4,722,44,6576,NPR2;P4HA2;P4HA3;TINAGL1,1.0,False
KEGG,3,MANNOSE TYPE O-GLYCAN BIOSYNTHESIS,0.7361288706655306,2,722,23,6576,B4GALT1;LARGE1,1.0,False
KEGG,3,NICOTINATE AND NICOTINAMIDE METABOLISM,0.7375399558986364,3,722,34,6576,AOX1;ENPP3;NNMT,1.0,False
KEGG,3,IL-17 SIGNALING PATHWAY,0.7435520207192987,7,722,76,6576,CCL11;IL17RC;IL17RE;MAPK13;MMP13;MMP3;PTGS2,1.0,False
KEGG,3,SYNAPTIC VESICLE CYCLE,0.7435520207192987,7,722,76,6576,ATP6V0A4;ATP6V1C2;DNM1;SLC1A1;SLC1A3;SLC6A12;SLC6A9,1.0,False
KEGG,3,UBIQUINONE AND OTHER TERPENOID-QUINONE BIOSYNTHESIS,0.7526267660063541,1,722,12,6576,NQO1,1.0,False
KEGG,3,CHEMICAL CARCINOGENESIS - DNA ADDUCTS,0.7576154787541884,2,722,24,6576,CYP1B1;PTGS2,1.0,False
KEGG,3,COCAINE ADDICTION,0.7592722031591668,4,722,46,6576,ADCY5;CREB3L1;CREB3L2;PPP1R1B,1.0,False
KEGG,3,LYSINE DEGRADATION,0.7652032948604761,5,722,57,6576,MECOM;PLOD1;PRDM16;PRDM6;SETD7,1.0,False
KEGG,3,COLLECTING DUCT ACID SECRETION,0.7775724620911932,2,722,25,6576,ATP6V0A4;ATP6V1C2,1.0,False
KEGG,3,GNRH SECRETION,0.7784902601916505,5,722,58,6576,CACNA1C;CACNA1H;GPER1;KCNN3;PIK3R3,1.0,False
KEGG,3,LEISHMANIASIS,0.7784902601916505,5,722,58,6576,MAPK13;MARCKSL1;PTGS2;TGFB2;TGFB3,1.0,False
KEGG,3,SHIGELLOSIS,0.7846575671217358,20,722,210,6576,ACTG1;BCAR1;CAPN2;CD44;CYTH3;DOCK1;EGFR;IL1R1;MAP1LC3A;MAPK13;MYL9;PFN2;PIK3R3;PLCD1;PLCE1;PXDN;TLN2;TLR5;VCL;WASL,1.0,False
KEGG,3,VIRAL LIFE CYCLE - HIV-1,0.7882902072768858,4,722,48,6576,KAT2B;MDFIC;PDZD2;SERINC5,1.0,False
KEGG,3,OSTEOCLAST DIFFERENTIATION,0.7911892484295644,10,722,111,6576,CTSK;FHL2;GAB2;IL1R1;MAPK13;PIK3R3;PPARG;TGFB2;TGFBR2;TNFRSF11B,1.0,False
KEGG,3,GALACTOSE METABOLISM,0.7960761844615176,2,722,26,6576,B4GALT1;GLB1,1.0,False
KEGG,3,STARCH AND SUCROSE METABOLISM,0.7960761844615176,2,722,26,6576,ENPP3;TREH,1.0,False
KEGG,3,NEUROTROPHIN SIGNALING PATHWAY,0.8002817332947896,10,722,112,6576,IRAK2;IRS1;MAP3K3;MAPK13;NGF;NGFR;PIK3R3;RPS6KA2;SHC1;SORT1,1.0,False
KEGG,3,VIRAL PROTEIN INTERACTION WITH CYTOKINE AND CYTOKINE RECEPTOR,0.8033175871134077,5,722,60,6576,ACKR3;ACKR4;CCL11;CXCL12;CXCL14,1.0,False
KEGG,3,KAPOSI SARCOMA-ASSOCIATED HERPESVIRUS INFECTION,0.8037798548906304,14,722,153,6576,ANGPT2;CCND1;CDK6;GNB4;GNG11;GNG12;MAP1LC3A;MAPK13;MYC;NFATC4;PDGFB;PIK3R3;PTGS2;TCF7L1,1.0,False
KEGG,3,ASCORBATE AND ALDARATE METABOLISM,0.8040566679531308,1,722,14,6576,HSD17B14,1.0,False
KEGG,3,PHENYLALANINE METABOLISM,0.8040566679531308,1,722,14,6576,AOC3,1.0,False
KEGG,3,N-GLYCAN BIOSYNTHESIS,0.8144446718658649,4,722,50,6576,B4GALT1;MGAT5;ST6GAL1;TUSC3,1.0,False
KEGG,3,ALZHEIMER DISEASE,0.8216936687182718,31,722,324,6576,APP;AXIN2;BACE1;BACE2;CACNA1C;CAPN2;DKK1;DKK2;FZD1;FZD2;FZD4;FZD6;FZD7;FZD8;IRS1;LPL;LRP5;MMP12;NOX4;PIK3R3;PTGS2;SLC39A8;TUBB6;WNT11;WNT2;WNT3;WNT4;WNT5A;WNT5B;WNT7B;WNT9A,1.0,False
KEGG,3,AMPHETAMINE ADDICTION,0.8258922822692145,5,722,62,6576,ADCY5;CACNA1C;CREB3L1;CREB3L2;PPP1R1B,1.0,False
KEGG,3,STAPHYLOCOCCUS AUREUS INFECTION,0.8264957520635404,4,722,51,6576,KRT14;KRT16;KRT17;MASP1,1.0,False
KEGG,3,PORPHYRIN METABOLISM,0.8290364582000334,2,722,28,6576,FTH1;HEPH,1.0,False
KEGG,3,APOPTOSIS,0.8337365683078937,10,722,116,6576,ACTG1;BCL2L11;CAPN2;CTSK;DAB2IP;GADD45A;NGF;PARP4;PIK3R3;PTPN13,1.0,False
KEGG,3,RENAL CELL CARCINOMA,0.8363681838221215,5,722,63,6576,ARNT2;PDGFB;PIK3R3;TGFB2;TGFB3,1.0,False
KEGG,3,VARIOUS TYPES OF N-GLYCAN BIOSYNTHESIS,0.8434460150964342,3,722,41,6576,B4GALT1;HEXB;TUSC3,1.0,False
KEGG,3,APOPTOSIS - MULTIPLE SPECIES,0.8436492877437791,2,722,29,6576,BCL2L11;NGFR,1.0,False
KEGG,3,BETA-ALANINE METABOLISM,0.8436492877437791,2,722,29,6576,AOC3;DPYD,1.0,False
KEGG,3,INTESTINAL IMMUNE NETWORK FOR IGA PRODUCTION,0.8436492877437791,2,722,29,6576,ACKR4;CXCL12,1.0,False
KEGG,3,ERBB SIGNALING PATHWAY,0.8551168010695083,6,722,76,6576,EGFR;ERBB2;MYC;NCK2;PIK3R3;SHC1,1.0,False
KEGG,3,ONE CARBON POOL BY FOLATE,0.8571195782519223,2,722,30,6576,ALDH1L2;MTHFD1L,1.0,False
KEGG,3,TYROSINE METABOLISM,0.8571195782519223,2,722,30,6576,AOC3;AOX1,1.0,False
KEGG,3,ASTHMA,0.861886605650536,1,722,17,6576,CCL11,1.0,False
KEGG,3,ALCOHOLISM,0.8669490413951526,9,722,110,6576,ADCY5;ADORA2B;CREB3L1;CREB3L2;GNB4;GNG11;GNG12;PPP1R1B;SHC1,1.0,False
KEGG,3,STEROID HORMONE BIOSYNTHESIS,0.8695216630998066,2,722,31,6576,CYP1B1;HSD11B2,1.0,False
KEGG,3,DIABETIC CARDIOMYOPATHY,0.8753465332668192,14,722,164,6576,ACE;CD36;COL1A1;COL1A2;COL3A1;GFPT2;IRS1;MAPK13;MMP2;PIK3R3;PTGS2;TGFB2;TGFB3;TGFBR2,1.0,False
KEGG,3,TYPE II DIABETES MELLITUS,0.8761013534885487,3,722,44,6576,CACNA1C;IRS1;PIK3R3,1.0,False
KEGG,3,THERMOGENESIS,0.8769237022855373,16,722,185,6576,ACTG1;ADCY2;ADCY5;ADCY6;ADCY9;CREB3L1;CREB3L2;FGFR1;MAPK13;NPR1;PPARG;PRDM16;PRKAG2;PRKG1;PTGS2;RPS6KA2,1.0,False
KEGG,3,SALMONELLA INFECTION,0.8780651574585328,19,722,216,6576,ACTG1;AHNAK;CYTH3;MAPK13;MYC;MYL9;PFN2;PRICKLE1;RAB7B;RHOB;RHOJ;S100A10;SNX33;SNX9;TCF7L1;TLR5;TUBB6;WASF3;WASL,1.0,False
KEGG,3,BIOSYNTHESIS OF VARIOUS NUCLEOTIDE SUGARS,0.89062155819865,1,722,19,6576,CYB5R2,1.0,False
KEGG,3,STEROID BIOSYNTHESIS,0.89062155819865,1,722,19,6576,CYP27B1,1.0,False
KEGG,3,SPHINGOLIPID SIGNALING PATHWAY,0.8920640518031534,9,722,114,6576,BDKRB2;CERS6;GAB2;GNA12;MAPK13;PIK3R3;S1PR3;SGMS2;SPTLC3,1.0,False
KEGG,3,ETHER LIPID METABOLISM,0.90257035986982,3,722,47,6576,ENPP2;PLA2G4A;PLA2G4F,1.0,False
KEGG,3,AMINO SUGAR AND NUCLEOTIDE SUGAR METABOLISM,0.9098397332176366,2,722,35,6576,GFPT2;HEXB,1.0,False
KEGG,3,NEUROACTIVE LIGAND SIGNALING,0.9106833271655574,15,722,182,6576,ADCY2;ADCY5;ADCY6;ADCY9;ADORA2B;ADRA2A;ADRA2C;GNB4;GNG11;GNG12;HTR7;SLC1A1;SLC1A3;SLC6A12;SLC6A9,1.0,False
KEGG,3,ARGININE BIOSYNTHESIS,0.9133846451921155,1,722,21,6576,TINAGL1,1.0,False
KEGG,3,OOCYTE MEIOSIS,0.9230830545329097,8,722,109,6576,ADCY2;ADCY5;ADCY6;ADCY9;IGF1;IGF1R;MAPK13;RPS6KA2,1.0,False
KEGG,3,ENDOCYTOSIS,0.9232523380502541,18,722,217,6576,ASAP3;CAV1;CYTH3;DAB2;DNM1;EGFR;EHD2;EPN2;FOLR2;GRK5;IGF1R;NEDD4L;PARD6G;PDGFRA;PIP5K1B;RAB11FIP5;TGFBR2;WASL,1.0,False
KEGG,3,OLFACTORY TRANSDUCTION,0.9253113389145651,2,722,37,6576,PDE2A;PRKG1,1.0,False
KEGG,3,RETROGRADE ENDOCANNABINOID SIGNALING,0.9261297937991773,10,722,132,6576,ADCY2;ADCY5;ADCY6;ADCY9;CACNA1C;GNB4;GNG11;GNG12;MAPK13;PTGS2,1.0,False
KEGG,3,TASTE TRANSDUCTION,0.9266673788610932,4,722,63,6576,ADCY6;CACNA1C;SCNN1A;SCNN1G,1.0,False
KEGG,3,PYRIMIDINE METABOLISM,0.9299093982765381,3,722,51,6576,CDA;DPYD;ENPP3,1.0,False
KEGG,3,DOPAMINERGIC SYNAPSE,0.9305811141656892,9,722,122,6576,ADCY5;CACNA1C;CREB3L1;CREB3L2;GNB4;GNG11;GNG12;MAPK13;PPP1R1B,1.0,False
KEGG,3,TYPE I DIABETES MELLITUS,0.9314156151939288,1,722,23,6576,CPE,1.0,False
KEGG,3,POLYCOMB REPRESSIVE COMPLEX,0.9358710530401855,5,722,77,6576,AUTS2;CBX4;MAGI1;PHC1;SFMBT2,1.0,False
KEGG,3,NF-KAPPA B SIGNALING PATHWAY,0.9362451118245242,6,722,89,6576,CXCL12;EDARADD;GADD45A;IL1R1;PLAU;PTGS2,1.0,False
KEGG,3,HEPATITIS B,0.9373581306196593,10,722,135,6576,CREB3L1;CREB3L2;HSPG2;MAPK13;MYC;NFATC4;PIK3R3;TGFB2;TGFB3;TGFBR2,1.0,False
KEGG,3,CARBOHYDRATE DIGESTION AND ABSORPTION,0.938254242917559,2,722,39,6576,ATP1B2;PIK3R3,1.0,False
KEGG,3,B CELL RECEPTOR SIGNALING PATHWAY,0.9416877664908238,4,722,66,6576,CD81;PIK3R3;VAV2;VAV3,1.0,False
KEGG,3,BASE EXCISION REPAIR,0.9438986590167981,2,722,40,6576,LRIG3;PARP4,1.0,False
KEGG,3,HEPATITIS C,0.9449252501248242,9,722,126,6576,CCND1;CD81;CDK6;CLDN1;CLDN11;CLDN23;EGFR;MYC;PIK3R3,1.0,False
KEGG,3,TH17 CELL DIFFERENTIATION,0.9479184085282242,6,722,92,6576,AHR;GATA3;IL1R1;MAPK13;RUNX1;TGFBR2,1.0,False
KEGG,3,FAT DIGESTION AND ABSORPTION,0.9490500766537399,2,722,41,6576,ABCA1;CD36,1.0,False
KEGG,3,GLYCEROLIPID METABOLISM,0.9500314325137044,3,722,55,6576,AGPAT3;LIPG;LPL,1.0,False
KEGG,3,AFRICAN TRYPANOSOMIASIS,0.9570080161560502,1,722,27,6576,LAMA4,1.0,False
KEGG,3,PENTOSE PHOSPHATE PATHWAY,0.9570080161560502,1,722,27,6576,PRPS1L1,1.0,False
KEGG,3,C-TYPE LECTIN RECEPTOR SIGNALING PATHWAY,0.9576367529373059,6,722,95,6576,MAPK13;MRAS;NFATC4;PIK3R3;PTGS2;RRAS2,1.0,False
KEGG,3,DRUG METABOLISM - CYTOCHROME P450,0.9617477034877546,1,722,28,6576,AOX1,1.0,False
KEGG,3,NATURAL KILLER CELL MEDIATED CYTOTOXICITY,0.9636414719979578,4,722,72,6576,PIK3R3;SHC1;VAV2;VAV3,1.0,False
KEGG,3,FRUCTOSE AND MANNOSE METABOLISM,0.9659655040500394,1,722,29,6576,HSD17B14,1.0,False
KEGG,3,CYSTEINE AND METHIONINE METABOLISM,0.9687170900364219,2,722,46,6576,NPR2;TSTD1,1.0,False
KEGG,3,METABOLISM OF XENOBIOTICS BY CYTOCHROME P450,0.9697188118361815,1,722,30,6576,CYP1B1,1.0,False
KEGG,3,DRUG METABOLISM - OTHER ENZYMES,0.9716569447104931,2,722,47,6576,CDA;DPYD,1.0,False
KEGG,3,TUBERCULOSIS,0.9718284503789325,9,722,137,6576,ATP6V0A4;CYP27B1;IRAK2;MAPK13;MRC2;PLA2R1;TGFB2;TGFB3;VDR,1.0,False
KEGG,3,INOSITOL PHOSPHATE METABOLISM,0.9757853052050534,4,722,77,6576,IMPA2;PIP5K1B;PLCD1;PLCE1,1.0,False
KEGG,3,CIRCADIAN RHYTHM,0.9760306963929435,1,722,32,6576,PRKAG2,1.0,False
KEGG,3,VIRAL CARCINOGENESIS,0.9769829245155144,10,722,152,6576,CCND1;CCND2;CDK6;CDKN2B;CREB3L1;CREB3L2;GSN;KAT2B;PIK3R3;PXDN,1.0,False
KEGG,3,MITOPHAGY - ANIMAL,0.9790465532769618,5,722,92,6576,CITED2;MAP1LC3A;MRAS;RAB7B;RRAS2,1.0,False
KEGG,3,RIG-I-LIKE RECEPTOR SIGNALING PATHWAY,0.9809654892555061,2,722,51,6576,MAPK13;PDZD2,1.0,False
KEGG,3,"ALANINE, ASPARTATE AND GLUTAMATE METABOLISM",0.9810283542846503,1,722,34,6576,GFPT2,1.0,False
KEGG,3,TOLL-LIKE RECEPTOR SIGNALING PATHWAY,0.9811213885424173,4,722,80,6576,CTSK;MAPK13;PIK3R3;TLR5,1.0,False
KEGG,3,PHOSPHATIDYLINOSITOL SIGNALING SYSTEM,0.9820815934037005,5,722,94,6576,IMPA2;PIK3R3;PIP5K1B;PLCD1;PLCE1,1.0,False
KEGG,3,PD-L1 EXPRESSION AND PD-1 CHECKPOINT PATHWAY IN CANCER,0.9826383630451709,4,722,81,6576,EGFR;MAP3K3;MAPK13;PIK3R3,1.0,False
KEGG,3,"GLYCINE, SERINE AND THREONINE METABOLISM",0.9831221372572095,1,722,35,6576,AOC3,1.0,False
KEGG,3,CYTOSOLIC DNA-SENSING PATHWAY,0.9844304527267046,2,722,53,6576,GSDME;IL33,1.0,False
KEGG,3,ADIPOCYTOKINE SIGNALING PATHWAY,0.9855734857727354,3,722,69,6576,CD36;IRS1;PRKAG2,1.0,False
KEGG,3,ALCOHOLIC LIVER DISEASE,0.9857605187287766,6,722,110,6576,CCND1;IL17RC;MAPK13;NOX4;PRKAG2;TCF7L1,1.0,False
KEGG,3,EPSTEIN-BARR VIRUS INFECTION,0.9861349194379372,10,722,160,6576,BCL2L11;CCND1;CCND2;CD44;CDK6;GADD45A;MAPK13;MYC;PIK3R3;VIM,1.0,False
KEGG,3,PYRUVATE METABOLISM,0.9866427323805773,1,722,37,6576,PCDHB16,1.0,False
KEGG,3,GLYCEROPHOSPHOLIPID METABOLISM,0.986956070023075,5,722,98,6576,AGPAT3;GPD1L;PLA2G4A;PLA2G4F;SGMS2,1.0,False
KEGG,3,AUTOPHAGY - ANIMAL,0.9871172580859705,9,722,149,6576,DAPK1;DEPTOR;IGF1R;IRS1;MAP1LC3A;MRAS;PIK3R3;RAB7B;RRAS2,1.0,False
KEGG,3,CELL CYCLE,0.9871172580859705,9,722,149,6576,CCND1;CCND2;CDK6;CDKN2B;GADD45A;MYC;PMEPA1;TGFB2;TGFB3,1.0,False
KEGG,3,NON-ALCOHOLIC FATTY LIVER DISEASE,0.9874015576789115,8,722,137,6576,BCL2L11;CEBPA;IRS1;MAPK13;PIK3R3;PPARG;PRKAG2;PTGS2,1.0,False
KEGG,3,PATHWAYS OF NEURODEGENERATION - MULTIPLE DISEASES,0.9874162246264963,32,722,407,6576,APP;AXIN2;CACNA1C;CAPN2;DKK1;DKK2;FZD1;FZD2;FZD4;FZD6;FZD7;FZD8;GPX3;GPX7;GPX8;LRP5;MAP1LC3A;MAPK13;NOX4;PTGS2;RYR1;SEPTIN5;SNCAIP;TUBB6;WNT11;WNT2;WNT3;WNT4;WNT5A;WNT5B;WNT7B;WNT9A,1.0,False
KEGG,3,INSULIN SIGNALING PATHWAY,0.9895510062421238,7,722,127,6576,IRS1;PIK3R3;PPP1R3C;PRKAG2;SHC1;SORBS1;TRIP10,1.0,False
KEGG,3,NEUROACTIVE LIGAND-RECEPTOR INTERACTION,0.9912200506091714,23,722,317,6576,ADM;ADM2;ADORA2B;ADRA2A;ADRA2C;APLN;APLNR;AVPR1A;BDKRB1;BDKRB2;C1QTNF1;CALCRL;EDN1;EDNRA;EDNRB;F2R;F2RL2;HTR7;LPAR1;LYPD6B;PTH1R;S1PR3;SSTR1,1.0,False
KEGG,3,LONG-TERM POTENTIATION,0.9915354853421411,2,722,59,6576,CACNA1C;RPS6KA2,1.0,False
KEGG,3,LEGIONELLOSIS,0.9925599854571444,1,722,42,6576,TLR5,1.0,False
KEGG,3,LYSOSOME,0.993427392721256,6,722,120,6576,ATP6V0A4;CTSK;GALC;GLB1;HEXB;SORT1,1.0,False
KEGG,3,GLUCAGON SIGNALING PATHWAY,0.9938201295193267,4,722,93,6576,ADCY2;CREB3L1;CREB3L2;PRKAG2,1.0,False
KEGG,3,NECROPTOSIS,0.9947056455751062,5,722,109,6576,CAPN2;FTH1;IL33;PLA2G4A;PLA2G4F,1.0,False
KEGG,3,T CELL RECEPTOR SIGNALING PATHWAY,0.9947056455751062,5,722,109,6576,MAPK13;NCK2;PIK3R3;VAV2;VAV3,1.0,False
KEGG,3,"VALINE, LEUCINE AND ISOLEUCINE DEGRADATION",0.9947641350818245,1,722,45,6576,AOX1,1.0,False
KEGG,3,RNA DEGRADATION,0.996660545137091,2,722,68,6576,BTG3;TOB1,1.0,False
KEGG,3,NEUTROPHIL EXTRACELLULAR TRAP FORMATION,0.9969728704450904,4,722,101,6576,ACTG1;MAPK13;PIK3R3;VWF,1.0,False
KEGG,3,INFLUENZA A,0.9970746239686774,5,722,116,6576,ACTG1;CDK6;IL33;PIK3R3;TMPRSS2,1.0,False
KEGG,3,CHEMICAL CARCINOGENESIS - REACTIVE OXYGEN SPECIES,0.9972719373603235,9,722,171,6576,AHR;CYP1B1;EGFR;MAPK13;NOX4;NQO1;PIK3R3;PRKD1;PTGS2,1.0,False
KEGG,3,CORONAVIRUS DISEASE - COVID-19,0.9974852853530422,8,722,159,6576,ACE;EGFR;MAPK13;MASP1;MMP3;PIK3R3;TMPRSS2;VWF,1.0,False
KEGG,3,MEASLES,0.9978951349875604,4,722,105,6576,CCND1;CCND2;CDK6;PIK3R3,1.0,False
KEGG,3,PERTUSSIS,0.9989862312072375,1,722,59,6576,MAPK13,1.0,False
KEGG,3,OXIDATIVE PHOSPHORYLATION,0.9990044188390949,3,722,97,6576,ATP6V0A4;ATP6V1C2;PTGS2,1.0,False
KEGG,3,LIPID AND ATHEROSCLEROSIS,0.9990122775411618,8,722,171,6576,ABCA1;CD36;MAPK13;MMP3;PIK3R3;PPARG;VAV2;VAV3,1.0,False
KEGG,3,MRNA SURVEILLANCE PATHWAY,0.9990564333030013,2,722,80,6576,COLEC12;MSI1,1.0,False
KEGG,3,HUMAN IMMUNODEFICIENCY VIRUS 1 INFECTION,0.9996603306042069,7,722,170,6576,GNB4;GNG11;GNG12;MAPK13;NFATC4;PIK3R3;PXDN,1.0,False
KEGG,3,NOD-LIKE RECEPTOR SIGNALING PATHWAY,0.9997058387780451,4,722,126,6576,ANTXR1;ANTXR2;MAP1LC3A;MAPK13,1.0,False
KEGG,3,ATP-DEPENDENT CHROMATIN REMODELING,0.9997897522275513,2,722,94,6576,ACTG1;SS18,1.0,False
KEGG,3,PRION DISEASE,0.9998230364670964,10,722,220,6576,CACNA1C;CAV1;CREB3L1;CREB3L2;LAMC1;MAPK13;PIK3R3;PTGS2;RYR1;TUBB6,1.0,False
KEGG,3,PEROXISOME,0.9999142347103932,1,722,80,6576,KRTAP11-1,1.0,False
KEGG,3,UBIQUITIN MEDIATED PROTEOLYSIS,0.9999744998401173,3,722,133,6576,KLHL13;NEDD4L;RHOBTB1,1.0,False
KEGG,3,SPINOCEREBELLAR ATAXIA,0.9999813622745883,3,722,136,6576,PIK3R3;RELN;RYR1,1.0,False
KEGG,3,PROTEIN PROCESSING IN ENDOPLASMIC RETICULUM,0.9999896984030389,4,722,160,6576,CAPN2;CRYAB;TUSC3;WFS1,1.0,False
KEGG,3,HUNTINGTON DISEASE,0.9999923712996631,10,722,258,6576,CREB3L1;CREB3L2;GPX3;GPX7;GPX8;PPARG;PTGS2;SLC1A3;TGM2;TUBB6,1.0,False
KEGG,3,HERPES SIMPLEX VIRUS 1 INFECTION,0.9999963976168837,2,722,131,6576,NECTIN1;PIK3R3,1.0,False
KEGG,3,PARKINSON DISEASE,0.9999990940814749,6,722,219,6576,ADCY5;PTGS2;SEPTIN5;SLC39A8;SNCAIP;TUBB6,1.0,False
KEGG,3,AMYOTROPHIC LATERAL SCLEROSIS,0.999999961019057,9,722,301,6576,ACTG1;GPX3;GPX7;GPX8;MAP1LC3A;MAPK13;PFN2;PTGS2;TUBB6,1.0,False
KEGG,3,ALLOGRAFT REJECTION,1.0,0,722,17,6576,,1.0,False
KEGG,3,AMINOACYL-TRNA BIOSYNTHESIS,1.0,0,722,27,6576,,1.0,False
KEGG,3,ANTIGEN PROCESSING AND PRESENTATION,1.0,0,722,38,6576,,1.0,False
KEGG,3,AUTOIMMUNE THYROID DISEASE,1.0,0,722,20,6576,,1.0,False
KEGG,3,AUTOPHAGY - OTHER,1.0,0,722,30,6576,,1.0,False
KEGG,3,BASAL TRANSCRIPTION FACTORS,1.0,0,722,36,6576,,1.0,False
KEGG,3,BIOSYNTHESIS OF UNSATURATED FATTY ACIDS,1.0,0,722,22,6576,,1.0,False
KEGG,3,BUTANOATE METABOLISM,1.0,0,722,23,6576,,1.0,False
KEGG,3,CITRATE CYCLE (TCA CYCLE),1.0,0,722,28,6576,,1.0,False
KEGG,3,COBALAMIN TRANSPORT AND METABOLISM,1.0,0,722,17,6576,,1.0,False
KEGG,3,D-AMINO ACID METABOLISM,1.0,0,722,5,6576,,1.0,False
KEGG,3,DNA REPLICATION,1.0,0,722,33,6576,,1.0,False
KEGG,3,FANCONI ANEMIA PATHWAY,1.0,0,722,44,6576,,1.0,False
KEGG,3,FATTY ACID BIOSYNTHESIS,1.0,0,722,16,6576,,1.0,False
KEGG,3,FATTY ACID DEGRADATION,1.0,0,722,36,6576,,1.0,False
KEGG,3,FATTY ACID ELONGATION,1.0,0,722,25,6576,,1.0,False
KEGG,3,GLYCOLYSIS / GLUCONEOGENESIS,1.0,0,722,53,6576,,1.0,False
KEGG,3,GLYCOSYLPHOSPHATIDYLINOSITOL (GPI)-ANCHOR BIOSYNTHESIS,1.0,0,722,28,6576,,1.0,False
KEGG,3,GLYOXYLATE AND DICARBOXYLATE METABOLISM,1.0,0,722,29,6576,,1.0,False
KEGG,3,GRAFT-VERSUS-HOST DISEASE,1.0,0,722,14,6576,,1.0,False
KEGG,3,HISTIDINE METABOLISM,1.0,0,722,19,6576,,1.0,False
KEGG,3,HOMOLOGOUS RECOMBINATION,1.0,0,722,37,6576,,1.0,False
KEGG,3,LIPOIC ACID METABOLISM,1.0,0,722,19,6576,,1.0,False
KEGG,3,MATURITY ONSET DIABETES OF THE YOUNG,1.0,0,722,22,6576,,1.0,False
KEGG,3,MISMATCH REPAIR,1.0,0,722,21,6576,,1.0,False
KEGG,3,NICOTINE ADDICTION,1.0,0,722,38,6576,,1.0,False
KEGG,3,NON-HOMOLOGOUS END-JOINING,1.0,0,722,13,6576,,1.0,False
KEGG,3,NUCLEOCYTOPLASMIC TRANSPORT,1.0,0,722,86,6576,,1.0,False
KEGG,3,NUCLEOTIDE EXCISION REPAIR,1.0,0,722,53,6576,,1.0,False
KEGG,3,PENTOSE AND GLUCURONATE INTERCONVERSIONS,1.0,0,722,15,6576,,1.0,False
KEGG,3,"PHENYLALANINE, TYROSINE AND TRYPTOPHAN BIOSYNTHESIS",1.0,0,722,6,6576,,1.0,False
KEGG,3,PHOSPHONATE AND PHOSPHINATE METABOLISM,1.0,0,722,6,6576,,1.0,False
KEGG,3,PHOTOTRANSDUCTION,1.0,0,722,22,6576,,1.0,False
KEGG,3,PRIMARY IMMUNODEFICIENCY,1.0,0,722,31,6576,,1.0,False
KEGG,3,PROPANOATE METABOLISM,1.0,0,722,31,6576,,1.0,False
KEGG,3,PROTEASOME,1.0,0,722,43,6576,,1.0,False
KEGG,3,PROTEIN EXPORT,1.0,0,722,28,6576,,1.0,False
KEGG,3,RIBOSOME,1.0,0,722,126,6576,,1.0,False
KEGG,3,RIBOSOME BIOGENESIS IN EUKARYOTES,1.0,0,722,66,6576,,1.0,False
KEGG,3,RNA POLYMERASE,1.0,0,722,26,6576,,1.0,False
KEGG,3,SNARE INTERACTIONS IN VESICULAR TRANSPORT,1.0,0,722,31,6576,,1.0,False
KEGG,3,SPLICEOSOME,1.0,0,722,121,6576,,1.0,False
KEGG,3,SYSTEMIC LUPUS ERYTHEMATOSUS,1.0,0,722,44,6576,,1.0,False
KEGG,3,TERPENOID BACKBONE BIOSYNTHESIS,1.0,0,722,20,6576,,1.0,False
KEGG,3,VITAMIN DIGESTION AND ABSORPTION,1.0,0,722,26,6576,,1.0,False
KEGG,4,NUCLEOCYTOPLASMIC TRANSPORT,3.0796532195015017e-10,27,533,86,6576,AHCTF1;DDX19A;GLE1;IPO11;IPO7;IPO8;KPNA1;KPNA4;KPNA6;KPNB1;NCBP1;NMD3;NUP133;NUP153;NUP205;NUP210L;NUP214;NUP58;NUP98;PNN;RANBP2;THOC1;TMEM33;TNPO1;TPR;UPF2;XPO1,1.0717193203865226e-07,True
KEGG,4,SPLICEOSOME,8.701678635439985e-07,27,533,121,6576,DDX46;DDX5;DHX15;DHX8;FUS;HNRNPA1;HNRNPM;HNRNPU;NCBP1;PRPF18;PRPF3;PRPF40A;RBM17;RBM22;RBM25;SF3B1;SLU7;SMNDC1;SRSF1;SRSF10;SRSF3;SRSF6;TCERG1;THOC1;TRA2A;TRA2B;U2SURP,0.00010252783971470606,True
KEGG,4,MRNA SURVEILLANCE PATHWAY,8.838606871957418e-07,21,533,80,6576,CPSF3;DDX19A;ETF1;FUS;GLE1;GSPT1;NCBP1;NUDT21;PAPOLA;PAPOLG;PCF11;PNN;PPP2R1B;PPP2R2A;PPP2R3A;PPP2R5A;PPP2R5E;SMG1;SMG7;TARDBP;UPF2,0.00010252783971470606,True
KEGG,4,UBIQUITIN MEDIATED PROTEOLYSIS,1.8082355017738884e-05,26,533,133,6576,ANAPC1;ANAPC4;BIRC2;BIRC6;CUL2;CUL3;HERC4;HUWE1;ITCH;KLHL9;MAP3K1;MDM2;RCHY1;SMURF2;TRIM37;TRIP12;UBA2;UBA3;UBE2D3;UBE2H;UBE2K;UBE3A;UBE3C;UBR5;WWP1;XIAP,0.0013731277175478812,True
KEGG,4,RNA DEGRADATION,1.9728846516492545e-05,17,533,68,6576,BTG1;CNOT1;CNOT2;CNOT4;CNOT6L;DCP1A;DCP2;DDX6;DHX36;DIS3;DIS3L;HSPA9;PAN3;PARN;PATL1;XRN1;XRN2,0.0013731277175478812,True
KEGG,4,ATP-DEPENDENT CHROMATIN REMODELING,4.7875609368552855e-05,20,533,94,6576,ARID1B;ARID2;BAZ1B;BAZ2A;BAZ2B;BPTF;CHD4;EPC1;EPC2;H2AC21;INO80;INO80D;MEAF6;PBRM1;PHF10;PHF6;RSF1;SMARCA5;SMARCC1;SMARCE1,0.002776785343376066,True
KEGG,4,RIBOSOME BIOGENESIS IN EUKARYOTES,0.00019384854162578677,15,533,66,6576,BMS1;CSNK2A2;DROSHA;EFL1;GNL3L;HEATR1;LSG1;MDN1;MPHOSPH10;NMD3;SPPL2A;WDR36;XPO1;XRN1;XRN2,0.00963704178368197,True
KEGG,4,CELL CYCLE,0.0003413667048183033,25,533,149,6576,ANAPC1;ANAPC4;ATM;E2F3;ESCO1;GSK3B;KNL1;MDM2;NIPBL;ORC3;PDS5A;PDS5B;PPP2R1B;PPP2R5A;PPP2R5E;RAD21;RB1;RBL2;SLC25A2;SMAD2;SMC1A;SMC3;STAG2;WAPL;WEE1,0.014849451659596193,True
KEGG,4,AMYOTROPHIC LATERAL SCLEROSIS,0.0011199357782825158,40,533,301,6576,ALS2;APAF1;ATG14;ATG2B;ATXN2;DERL1;DNAH12;DNAH6;DNAH8;FUS;GLE1;GRIN2B;HNRNPA1;HNRNPA2B1;KIF5B;MAPK14;MATR3;NCBP1;NRBF2;NUP133;NUP153;NUP205;NUP210L;NUP214;NUP58;NUP98;PIK3R4;PPP3CB;PSMD11;RAB5A;RANBP2;RB1CC1;SETX;SPG11;SRSF3;TARDBP;TPR;UBQLN1;UBQLN2;WDR41,0.043304183426923944,True
KEGG,4,PHOSPHATIDYLINOSITOL SIGNALING SYSTEM,0.0012727439243203828,17,533,94,6576,BPNT2;CDS2;DGKE;INPP4A;IPMK;ITPR1;MTM1;MTMR1;MTMR4;PI4K2B;PIK3C2A;PIK3CA;PIK3CB;PIKFYVE;PIP4K2A;SACM1L;SYNJ1,0.044291488566349325,True
KEGG,4,CELLULAR SENESCENCE,0.001531684989491416,22,533,138,6576,ATM;E2F3;HIPK1;HIPK3;HUS1;ITPR1;LIN54;MAPK1;MAPK14;MDM2;NFATC3;NRAS;PIK3CA;PIK3CB;PPID;PPP3CB;RAD50;RB1;RBL2;SIRT1;SMAD2;TRPM7,0.048456943303910247,True
KEGG,4,T CELL RECEPTOR SIGNALING PATHWAY,0.0026887958283594907,18,533,109,6576,BCL10;CHUK;DLG1;GSK3B;MAPK1;MAPK14;NFATC3;NRAS;PIK3CA;PIK3CB;PKN2;PPP2R1B;PPP2R2A;PPP2R3A;PPP2R5A;PPP2R5E;PPP3CB;PTPN11,0.07797507902242523,False
KEGG,4,RENAL CELL CARCINOMA,0.004119359572961207,12,533,63,6576,CRKL;CUL2;EGLN1;MAPK1;MIA3;NRAS;PIK3CA;PIK3CB;PKN2;PTPN11;RAP1A;SLTM,0.11027208703003845,False
KEGG,4,NOD-LIKE RECEPTOR SIGNALING PATHWAY,0.0058541166504032325,19,533,126,6576,ATG16L1;BIRC2;CASR;CHAMP1;CHUK;DNM1L;ERBIN;GBP5;HSP90AB1;ITPR1;MAPK1;MAPK14;MFN1;PKN2;RIPK1;TAB2;TAB3;TRPM7;XIAP,0.1455166138814518,False
KEGG,4,INOSITOL PHOSPHATE METABOLISM,0.008330474953194658,13,533,77,6576,INPP4A;IPMK;MTM1;MTMR1;MTMR4;PI4K2B;PIK3C2A;PIK3CA;PIK3CB;PIKFYVE;PIP4K2A;SACM1L;SYNJ1,0.1847826033727671,False
KEGG,4,AUTOPHAGY - ANIMAL,0.008495751879207683,21,533,149,6576,ATG14;ATG16L1;ATG2B;BIRC6;EPG5;ITPR1;MAPK1;MTMR4;NBR1;NRAS;NRBF2;PIK3CA;PIK3CB;PIK3R4;PRKAA1;RB1CC1;SH3GLB1;SUPT20H;TAX1BP1;UVRAG;WDR41,0.1847826033727671,False
KEGG,4,PROTEIN PROCESSING IN ENDOPLASMIC RETICULUM,0.009533605649219776,22,533,160,6576,DERL1;DNAJC3;HSP90AB1;HSPA4L;HSPH1;MAGT1;MAN1A2;MARCHF6;MBTPS1;PLAA;RAD23B;SEC23B;SEC31A;SEC62;SEC63;SEL1L;UBE2D3;UBQLN1;UBQLN2;UBXN4;UGGT1;YOD1,0.19515851564285186,False
KEGG,4,YERSINIA INFECTION,0.014905657133007299,17,533,119,6576,ACTR3;ARHGEF12;CHUK;CRKL;GSK3B;MAP2K4;MAPK1;MAPK14;NFATC3;PIK3CA;PIK3CB;PKN2;ROCK1;ROCK2;RPS6KA3;RPS6KA6;TAB2,0.2881760379048078,False
KEGG,4,SHIGELLOSIS,0.0188859799784171,26,533,210,6576,ACTR3;ATG14;ATG16L1;ATM;BCL10;CHUK;CRKL;DIAPH1;GSK3B;HOOK3;ITPR1;MAPK1;MAPK14;MDM2;PIK3CA;PIK3CB;PIK3R4;PPID;RIPK1;ROCK1;ROCK2;RPS6KA5;SEPTIN2;TAB2;TAB3;UBE2D3,0.31940105486321974,False
KEGG,4,MELANOMA,0.01979533213284542,11,533,68,6576,E2F3;FGF13;FGF5;MAPK1;MDM2;NRAS;PIK3CA;PIK3CB;POLK;RB1;SLTM,0.31940105486321974,False
KEGG,4,C-TYPE LECTIN RECEPTOR SIGNALING PATHWAY,0.020107466584231275,14,533,95,6576,ARHGEF12;BCL10;CHUK;CYLD;ITPR1;MAPK1;MAPK14;MDM2;NFATC3;NRAS;PIK3CA;PIK3CB;PPP3CB;PTPN11,0.31940105486321974,False
KEGG,4,POLYCOMB REPRESSIVE COMPLEX,0.02019202070974378,12,533,77,6576,AEBP2;ASXL3;DCAF7;LCOR;MBD5;MGA;MTF2;OGT;PCGF5;SUZ12;UBE2D3;USP7,0.31940105486321974,False
KEGG,4,FANCONI ANEMIA PATHWAY,0.023210509493853063,8,533,44,6576,ERCC4;FAN1;POLI;POLK;REV1;REV3L;USP1;WDR48,0.35118510016786375,False
KEGG,4,TRANSCRIPTIONAL MISREGULATION IN CANCER,0.024760707308076266,20,533,155,6576,AFF1;ATM;BIRC2;BMP2K;CCNT1;CCNT2;DDX5;EWSR1;FUS;JMJD1C;KLF3;KMT2A;MDM2;NCOR1;POLK;REL;SIN3A;SLTM;TAF15;ZEB1,0.35903025596710586,False
KEGG,4,OOCYTE MEIOSIS,0.029016063105795412,15,533,109,6576,ANAPC1;ANAPC4;CPEB4;ITPR1;MAPK1;MAPK14;PPP2R1B;PPP2R5A;PPP2R5E;PPP3CB;RPS6KA3;RPS6KA6;SLK;SMC1A;SMC3,0.37594738971172287,False
KEGG,4,TNF SIGNALING PATHWAY,0.029016063105795412,15,533,109,6576,BIRC2;CHUK;CYLD;DNM1L;ITCH;MAP2K4;MAPK1;MAPK14;PIK3CA;PIK3CB;RIPK1;RPS6KA5;TAB2;TAB3;XIAP,0.37594738971172287,False
KEGG,4,CHRONIC MYELOID LEUKEMIA,0.029168331960392292,11,533,72,6576,CHUK;CRKL;E2F3;MAPK1;MDM2;NRAS;PIK3CA;PIK3CB;POLK;PTPN11;RB1,0.37594738971172287,False
KEGG,4,MITOPHAGY - ANIMAL,0.03343499102471167,13,533,92,6576,ARIH1;CSNK2A2;HUWE1;MARCHF5;MFN1;NBR1;NRAS;RAB5A;RABGEF1;SMURF2;TAX1BP1;TBC1D15;USP15,0.41554917416427356,False
KEGG,4,FOXO SIGNALING PATHWAY,0.03665517523770739,16,533,122,6576,ATM;CCNG2;CHUK;MAPK1;MAPK14;MDM2;NRAS;PIK3CA;PIK3CB;PRKAA1;PRKAB2;RAG1;RBL2;SIRT1;STK4;USP7,0.42988949914513236,False
KEGG,4,VIRAL LIFE CYCLE - HIV-1,0.03725943987842393,8,533,48,6576,AFF4;CCNT1;CCNT2;METAP1;NUP153;PSIP1;RANBP2;XPO1,0.42988949914513236,False
KEGG,4,LYSINE DEGRADATION,0.038294754234192825,9,533,57,6576,ASH1L;HYKK;KMT2A;KMT2C;KMT2E;KMT5A;KMT5B;NSD3;SETD2,0.42988949914513236,False
KEGG,4,CIRCADIAN RHYTHM,0.04081389050993699,6,533,32,6576,CLOCK;FBXL3;NR1D2;PRKAA1;PRKAB2;RORA,0.43365161616244685,False
KEGG,4,SPHINGOLIPID SIGNALING PATHWAY,0.04112213601540444,15,533,114,6576,GNA13;MAPK1;MAPK14;NRAS;NSMAF;PIK3CA;PIK3CB;PPP2R1B;PPP2R2A;PPP2R3A;PPP2R5A;PPP2R5E;ROCK1;ROCK2;SPTLC1,0.43365161616244685,False
KEGG,4,NON-SMALL CELL LUNG CANCER,0.04998460288754278,10,533,69,6576,E2F3;KIF5B;MAPK1;NRAS;PIK3CA;PIK3CB;POLK;RB1;SLTM;STK4,0.5116071119077907,False
KEGG,4,ALCOHOLIC LIVER DISEASE,0.05981573082092907,14,533,110,6576,ACACA;ACOX1;CHUK;GSK3B;MAP2K4;MAPK14;PRKAA1;PRKAB2;RIPK1;SIRT1;TAB2;TAB3;TRA2A;TRA2B,0.5947392664480947,False
KEGG,4,PROLACTIN SIGNALING PATHWAY,0.06584967072888327,9,533,63,6576,COPS2;ESR2;GSK3B;MAPK1;MAPK14;NRAS;PIK3CA;PIK3CB;SOCS4,0.6355480805895836,False
KEGG,4,NEUROTROPHIN SIGNALING PATHWAY,0.06757264075234078,14,533,112,6576,CRKL;GSK3B;KIDINS220;MAP3K1;MAPK1;MAPK14;NRAS;PIK3CA;PIK3CB;PTPN11;RAP1A;RPS6KA3;RPS6KA5;RPS6KA6,0.6355480805895836,False
KEGG,4,BLADDER CANCER,0.0746565023044481,6,533,37,6576,E2F3;MAPK1;MDM2;NRAS;RB1;RPS6KA5,0.6728234706396738,False
KEGG,4,PROGESTERONE-MEDIATED OOCYTE MATURATION,0.07540263033030828,11,533,84,6576,ANAPC1;ANAPC4;CPEB4;HSP90AB1;MAPK1;MAPK14;NRAS;PIK3CA;PIK3CB;RPS6KA3;RPS6KA6,0.6728234706396738,False
KEGG,4,PANCREATIC CANCER,0.07944281108330777,10,533,75,6576,CHUK;E2F3;MAPK1;NRAS;PIK3CA;PIK3CB;POLK;RB1;REPS1;SMAD2,0.6793000469435194,False
KEGG,4,HEPATOCELLULAR CARCINOMA,0.0811673066359902,17,533,146,6576,ARID1B;ARID2;E2F3;GSK3B;LRP6;MAPK1;NRAS;PBRM1;PHF10;PIK3CA;PIK3CB;POLK;RB1;SLTM;SMAD2;SMARCC1;SMARCE1,0.6793000469435194,False
KEGG,4,B CELL RECEPTOR SIGNALING PATHWAY,0.08337458150391795,9,533,66,6576,BCL10;CHUK;GSK3B;MAPK1;NFATC3;NRAS;PIK3CA;PIK3CB;PPP3CB,0.6793000469435194,False
KEGG,4,HEPATITIS C,0.0839365000533659,15,533,126,6576,APAF1;CHUK;CLDN20;E2F3;EIF2AK1;GSK3B;MAPK1;NRAS;PIK3CA;PIK3CB;PPP2R1B;PPP2R2A;PSME3;RB1;RIPK1,0.6793000469435194,False
KEGG,4,LONG-TERM POTENTIATION,0.10165114981554786,8,533,59,6576,GRIN2B;ITPR1;MAPK1;NRAS;PPP3CB;RAP1A;RPS6KA3;RPS6KA6,0.7952185487360119,False
KEGG,4,NF-KAPPA B SIGNALING PATHWAY,0.10371416394290062,11,533,89,6576,ATM;BCL10;BIRC2;CHUK;CSNK2A2;CYLD;ERC1;RIPK1;TAB2;TAB3;XIAP,0.7952185487360119,False
KEGG,4,HUMAN CYTOMEGALOVIRUS INFECTION,0.10743177395000501,20,533,184,6576,ARHGEF12;CHUK;CRKL;E2F3;GNA13;GSK3B;ITPR1;MAPK1;MAPK14;MDM2;NFATC3;NRAS;PIK3CA;PIK3CB;PPP3CB;RB1;RIPK1;ROCK1;ROCK2;SEC14L3,0.7952185487360119,False
KEGG,4,HERPES SIMPLEX VIRUS 1 INFECTION,0.10806846289229385,15,533,131,6576,APAF1;BIRC2;CHUK;EIF2AK1;HCFC2;PIK3CA;PIK3CB;PTPN11;SEC14L3;SRPK1;SRSF1;SRSF3;SRSF6;TAB2;ZC3HAV1,0.7952185487360119,False
KEGG,4,ENDOCYTOSIS,0.10968531706703613,23,533,217,6576,ACAP2;ACTR3;ARAP2;ARFGEF1;ARFGEF2;CHMP7;CLTC;EEA1;EPS15;ITCH;KIF5B;MDM2;RAB22A;RAB5A;SH3GLB1;SMAD2;SMAP1;SMURF2;SNX6;VPS26A;VPS35;WWP1;ZFYVE9,0.7952185487360119,False
KEGG,4,RIG-I-LIKE RECEPTOR SIGNALING PATHWAY,0.11532658578621825,7,533,51,6576,ADAR;CHUK;CYLD;DDX3X;MAP3K1;MAPK14;RIPK1,0.8190541194613051,False
KEGG,4,PD-L1 EXPRESSION AND PD-1 CHECKPOINT PATHWAY IN CANCER,0.11777325901287866,10,533,81,6576,CHUK;CSNK2A2;MAPK1;MAPK14;NFATC3;NRAS;PIK3CA;PIK3CB;PPP3CB;PTPN11,0.8197018827296355,False
KEGG,4,THYROID HORMONE SIGNALING PATHWAY,0.13117622965032777,13,533,114,6576,GSK3B;MAPK1;MDM2;MED12L;MED13;MED13L;MED14;NCOA2;NCOR1;NRAS;PIK3CA;PIK3CB;SIN3A,0.8950848611434131,False
KEGG,4,SYSTEMIC LUPUS ERYTHEMATOSUS,0.14214161664536673,6,533,44,6576,GRIN2B;H2AC21;H2BC1;H2BC18;RO60;SSB,0.9353239013642227,False
KEGG,4,CHEMICAL CARCINOGENESIS - RECEPTOR ACTIVATION,0.14445572651304647,17,533,159,6576,ESR2;FGF13;FGF5;HSP90AB1;KPNA1;KPNA4;KPNA6;KPNB1;MAPK1;MIA3;NRAS;PIK3CA;PIK3CB;RB1;RPS6KA3;RPS6KA6;XIAP,0.9353239013642227,False
KEGG,4,HUMAN IMMUNODEFICIENCY VIRUS 1 INFECTION,0.14513646745306905,18,533,170,6576,AP1G1;ATM;CHUK;CRKL;DCAF1;ITPR1;MAPK1;MAPK14;NFATC3;NRAS;PIK3CA;PIK3CB;PKN2;PPP3CB;RIPK1;SEC14L3;TAB2;WEE1,0.9353239013642227,False
KEGG,4,COBALAMIN TRANSPORT AND METABOLISM,0.1543466250086976,3,533,17,6576,MMAA;MMUT;MTR,0.9607956322485098,False
KEGG,4,PROSTATE CANCER,0.16025943398450726,11,533,97,6576,CHUK;E2F3;GSK3B;HSP90AB1;MAPK1;MDM2;NRAS;PIK3CA;PIK3CB;RB1;ZEB1,0.9607956322485098,False
KEGG,4,MICRORNAS IN CANCER,0.16175930284048348,16,533,151,6576,ATM;BMPR2;CRKL;DICER1;E2F3;MAPK1;MDM2;MDM4;NRAS;PIK3CA;PIK3CB;ROCK1;RPS6KA5;SIRT1;SLTM;ZEB1,0.9607956322485098,False
KEGG,4,BASAL TRANSCRIPTION FACTORS,0.16289351236397148,5,533,36,6576,GTF2A1;TAF15;TAF2;TAF3;TAF5L,0.9607956322485098,False
KEGG,4,THYROID CANCER,0.16289351236397148,5,533,36,6576,CCDC6;MAPK1;NRAS;POLK;TPR,0.9607956322485098,False
KEGG,4,VIRAL CARCINOGENESIS,0.1681289983106923,16,533,152,6576,CHD4;DDX3X;DLG1;GTF2A1;H2BC1;H2BC18;MAPK1;MDM2;NRAS;PIK3CA;PIK3CB;RB1;RBL2;REL;UBE3A;USP7,0.9751481902020153,False
KEGG,4,HIPPO SIGNALING PATHWAY - MULTIPLE SPECIES,0.17101518872910393,4,533,27,6576,DCHS2;LATS1;MOB1A;MOB1B,0.9756276340611174,False
KEGG,4,GLIOMA,0.18292210104371417,8,533,68,6576,E2F3;MAPK1;MDM2;NRAS;PIK3CA;PIK3CB;POLK;RB1,1.0,False
KEGG,4,ANTIGEN PROCESSING AND PRESENTATION,0.19089054212163076,5,533,38,6576,HSP90AB1;HSPA4;PSME3;RFX5;SEC14L3,1.0,False
KEGG,4,INSULIN RESISTANCE,0.20205924092044816,11,533,102,6576,GFPT1;GSK3B;OGA;OGT;PIK3CA;PIK3CB;PRKAA1;PRKAB2;PTPN11;RPS6KA3;RPS6KA6,1.0,False
KEGG,4,HEPATITIS B,0.2031513288839988,14,533,135,6576,APAF1;CHUK;DDX3X;E2F3;MAP2K4;MAP3K1;MAPK1;MAPK14;NFATC3;NRAS;PIK3CA;PIK3CB;RB1;TAB2,1.0,False
KEGG,4,APOPTOSIS - MULTIPLE SPECIES,0.2047281842964347,4,533,29,6576,APAF1;BIRC2;BIRC6;XIAP,1.0,False
KEGG,4,AMPK SIGNALING PATHWAY,0.21142254117007073,12,533,114,6576,ACACA;PIK3CA;PIK3CB;PPP2R1B;PPP2R2A;PPP2R3A;PPP2R5A;PPP2R5E;PRKAA1;PRKAB2;RAB14;SIRT1,1.0,False
KEGG,4,TERPENOID BACKBONE BIOSYNTHESIS,0.2174666356499117,3,533,20,6576,FNTA;HMGCS1;NUS1,1.0,False
KEGG,4,SALMONELLA INFECTION,0.21973569432072806,21,533,216,6576,ACBD3;ACTR3;BIRC2;CHUK;DYNC2H1;EXOC5;HSP90AB1;KIF5B;KPNA1;KPNA4;MAP2K4;MAPK1;MAPK14;PIK3C2A;PIK3CA;PIK3CB;RAB5A;RIPK1;ROCK2;TAB2;TAB3,1.0,False
KEGG,4,AXON GUIDANCE,0.22169282687196284,17,533,171,6576,ARHGEF12;BMPR2;EPHA7;GSK3B;LRRC4;MAPK1;NFATC3;NRAS;PIK3CA;PIK3CB;PKN2;PPP3CB;PTPN11;ROCK1;ROCK2;RYK;SLTM,1.0,False
KEGG,4,LIPID AND ATHEROSCLEROSIS,0.22169282687196284,17,533,171,6576,APAF1;CHUK;GSK3B;HSP90AB1;HSPA4;ITPR1;MAP2K4;MAPK1;MAPK14;NFATC3;NRAS;PIK3CA;PIK3CB;PPP3CB;RAP1A;ROCK2;TAB2,1.0,False
KEGG,4,EPSTEIN-BARR VIRUS INFECTION,0.2235106015186774,16,533,160,6576,APAF1;CHUK;E2F3;MAP2K4;MAPK14;MDM2;PIK3CA;PIK3CB;POLK;PSMD11;RB1;RIPK1;SEC14L3;SIN3A;TAB2;USP7,1.0,False
KEGG,4,TIGHT JUNCTION,0.22517764508376334,15,533,149,6576,ACTR3;CLDN20;DLG1;HSPA4;MAP3K1;PPP2R1B;PPP2R2A;PRKAA1;PRKAB2;RAP1A;RAP2C;RAPGEF2;RAPGEF6;ROCK1;ROCK2,1.0,False
KEGG,4,MAPK SIGNALING PATHWAY,0.22709444308287677,27,533,286,6576,CACNB2;CHUK;CRKL;FGF13;FGF5;MAP2K4;MAP3K1;MAP3K2;MAP3K21;MAP4K3;MAPK1;MAPK14;NFATC3;NRAS;PKN2;PPM1A;PPM1B;PPP3CB;RAP1A;RAPGEF2;RPS6KA3;RPS6KA5;RPS6KA6;SLTM;STK4;TAB2;TAOK1,1.0,False
KEGG,4,PLATELET ACTIVATION,0.22875587161902097,12,533,116,6576,ARHGEF12;GNA13;GUCY1A2;ITPR1;MAPK1;MAPK14;PIK3CA;PIK3CB;PPP1R12A;RAP1A;ROCK1;ROCK2,1.0,False
KEGG,4,SIGNALING PATHWAYS REGULATING PLURIPOTENCY OF STEM CELLS,0.24489677726862638,13,533,129,6576,BMPR2;FGF13;GSK3B;LRIF1;MAPK1;MAPK14;NRAS;PCGF5;PIK3CA;PIK3CB;REST;SMAD2;SMARCAD1,1.0,False
KEGG,4,KAPOSI SARCOMA-ASSOCIATED HERPESVIRUS INFECTION,0.2567719746917714,15,533,153,6576,ATG14;CHUK;E2F3;FGF13;GSK3B;ITPR1;MAP2K4;MAPK1;MAPK14;NFATC3;NRAS;PIK3CA;PIK3CB;PPP3CB;RB1,1.0,False
KEGG,4,ENDOMETRIAL CANCER,0.2710433096176935,6,533,54,6576,GSK3B;MAPK1;NRAS;PIK3CA;PIK3CB;POLK,1.0,False
KEGG,4,LONGEVITY REGULATING PATHWAY - MULTIPLE SPECIES,0.2710433096176935,6,533,54,6576,NRAS;PIK3CA;PIK3CB;PRKAA1;PRKAB2;SIRT1,1.0,False
KEGG,4,SMALL CELL LUNG CANCER,0.2712658928816974,9,533,87,6576,APAF1;BIRC2;CHUK;E2F3;PIK3CA;PIK3CB;POLK;RB1;XIAP,1.0,False
KEGG,4,ERBB SIGNALING PATHWAY,0.2723377237649201,8,533,76,6576,CRKL;GSK3B;MAP2K4;MAPK1;NRAS;PIK3CA;PIK3CB;PKN2,1.0,False
KEGG,4,IL-17 SIGNALING PATHWAY,0.2723377237649201,8,533,76,6576,CHUK;GSK3B;HSP90AB1;MAPK1;MAPK14;SRSF1;TAB2;TAB3,1.0,False
KEGG,4,P53 SIGNALING PATHWAY,0.27245047084905827,7,533,65,6576,APAF1;ATM;CCNG2;MDM2;MDM4;PPM1D;RCHY1,1.0,False
KEGG,4,TYPE II DIABETES MELLITUS,0.28309542385599545,5,533,44,6576,HOOK3;MAPK1;PIK3CA;PIK3CB;SOCS4,1.0,False
KEGG,4,DOPAMINERGIC SYNAPSE,0.28384051070149047,12,533,122,6576,CLOCK;GRIN2B;GSK3B;ITPR1;KIF5B;MAPK14;PPP2R1B;PPP2R2A;PPP2R3A;PPP2R5A;PPP2R5E;PPP3CB,1.0,False
KEGG,4,NON-HOMOLOGOUS END-JOINING,0.28461309524153616,2,533,13,6576,RAD50;XRCC5,1.0,False
KEGG,4,LONG-TERM DEPRESSION,0.2853391771846476,6,533,55,6576,GNA13;GUCY1A2;ITPR1;MAPK1;NRAS;PPP2R1B,1.0,False
KEGG,4,VEGF SIGNALING PATHWAY,0.2853391771846476,6,533,55,6576,MAPK1;MAPK14;NRAS;PIK3CA;PIK3CB;PPP3CB,1.0,False
KEGG,4,TGF-BETA SIGNALING PATHWAY,0.290610050947186,10,533,100,6576,BMPR2;LEMD3;MAPK1;NCOR1;PPP2R1B;ROCK1;SIN3A;SMAD2;SMURF2;ZFYVE9,1.0,False
KEGG,4,ALDOSTERONE-REGULATED SODIUM REABSORPTION,0.295564201777183,4,533,34,6576,MAPK1;NRAS;PIK3CA;PIK3CB,1.0,False
KEGG,4,PATHOGENIC ESCHERICHIA COLI INFECTION,0.30204640435887037,16,533,170,6576,ACTR3;ARHGEF12;CHUK;CLDN20;GNA13;MAPK1;MAPK14;MYO1H;MYO5A;PKN2;PTPN11;RIPK1;ROCK1;ROCK2;TAB2;TAB3,1.0,False
KEGG,4,CHAGAS DISEASE,0.30510163947727753,9,533,90,6576,CHUK;MAP2K4;MAPK1;MAPK14;PIK3CA;PIK3CB;PPP2R1B;PPP2R2A;SMAD2,1.0,False
KEGG,4,GASTRIC CANCER,0.3078812140665107,13,533,136,6576,E2F3;FGF13;FGF5;GSK3B;LRP6;MAPK1;NRAS;PIK3CA;PIK3CB;POLK;RB1;SLTM;SMAD2,1.0,False
KEGG,4,SPINOCEREBELLAR ATAXIA,0.3078812140665107,13,533,136,6576,ATG14;ATG2B;ATXN2;GRIN2B;ITPR1;NRBF2;PIK3CA;PIK3CB;PIK3R4;PSMD11;PUM2;RB1CC1;RORA,1.0,False
KEGG,4,MTOR SIGNALING PATHWAY,0.3120162183759887,14,533,148,6576,CHUK;CLIP1;FNIP1;GSK3B;LRP6;MAPK1;NRAS;PIK3CA;PIK3CB;PRKAA1;RICTOR;RNF152;RPS6KA3;RPS6KA6,1.0,False
KEGG,4,HUMAN T-CELL LEUKEMIA VIRUS 1 INFECTION,0.3159282729370724,18,533,195,6576,ANAPC1;ANAPC4;ATM;CHUK;DLG1;E2F3;MAP2K4;MAP3K1;MAPK1;NFATC3;NRAS;PIK3CA;PIK3CB;PPP3CB;RB1;SMAD2;XIAP;XPO1,1.0,False
KEGG,4,GNRH SIGNALING PATHWAY,0.32102883346999034,8,533,80,6576,GNRHR;ITPR1;MAP2K4;MAP3K1;MAP3K2;MAPK1;MAPK14;NRAS,1.0,False
KEGG,4,TOLL-LIKE RECEPTOR SIGNALING PATHWAY,0.32102883346999034,8,533,80,6576,CHUK;MAP2K4;MAPK1;MAPK14;PIK3CA;PIK3CB;RIPK1;TAB2,1.0,False
KEGG,4,GNRH SECRETION,0.3290814141521066,6,533,58,6576,ESR2;ITPR1;MAPK1;NRAS;PIK3CA;PIK3CB,1.0,False
KEGG,4,INSULIN SIGNALING PATHWAY,0.3325000976692336,12,533,127,6576,ACACA;CRKL;GSK3B;HOOK3;MAPK1;NRAS;PIK3CA;PIK3CB;PRKAA1;PRKAB2;RHOQ;SOCS4,1.0,False
KEGG,4,COLORECTAL CANCER,0.3334635322444232,8,533,81,6576,GSK3B;MAPK1;MSH6;NRAS;PIK3CA;PIK3CB;POLK;SMAD2,1.0,False
KEGG,4,APOPTOSIS,0.3385867398741701,11,533,116,6576,APAF1;ATM;BIRC2;CHUK;ITPR1;MAPK1;NRAS;PIK3CA;PIK3CB;RIPK1;XIAP,1.0,False
KEGG,4,INFLUENZA A,0.3385867398741701,11,533,116,6576,ADAR;APAF1;CHUK;DNAJC3;KPNA1;KPNA6;MAPK1;NUP98;PIK3CA;PIK3CB;XPO1,1.0,False
KEGG,4,BACTERIAL INVASION OF EPITHELIAL CELLS,0.33873325640961466,7,533,70,6576,ACTR3;CLTC;CRKL;PIK3CA;PIK3CB;SEPTIN2;SLTM,1.0,False
KEGG,4,MEASLES,0.3449369566858796,10,533,105,6576,ADAR;APAF1;CHUK;CSNK2A2;EIF2AK1;GSK3B;PIK3CA;PIK3CB;RCHY1;TAB2,1.0,False
KEGG,4,PROTEOGLYCANS IN CANCER,0.3460618452394933,17,533,187,6576,ARHGEF12;DDX5;DROSHA;FGF13;ITPR1;MAPK1;MAPK14;MDM2;NRAS;PIK3CA;PIK3CB;PPP1R12A;PTPN11;ROCK1;ROCK2;SLTM;SMAD2,1.0,False
KEGG,4,HOMOLOGOUS RECOMBINATION,0.3523311500318619,4,533,37,6576,ATM;RAD50;RBBP8;TOPBP1,1.0,False
KEGG,4,"GROWTH HORMONE SYNTHESIS, SECRETION AND ACTION",0.36714864686908616,10,533,107,6576,CRKL;GSK3B;ITPR1;MAP2K4;MAP3K1;MAPK1;MAPK14;NRAS;PIK3CA;PIK3CB,1.0,False
KEGG,4,FC EPSILON RI SIGNALING PATHWAY,0.3736013852329199,6,533,61,6576,MAP2K4;MAPK1;MAPK14;NRAS;PIK3CA;PIK3CB,1.0,False
KEGG,4,CENTRAL CARBON METABOLISM IN CANCER,0.3885062495555971,6,533,62,6576,HOOK3;MAPK1;NRAS;PIK3CA;PIK3CB;SLTM,1.0,False
KEGG,4,NECROPTOSIS,0.38951913631689394,10,533,109,6576,BIRC2;CHMP7;CYLD;DNM1L;H2AC21;HSP90AB1;PPID;RIPK1;TRPM7;XIAP,1.0,False
KEGG,4,VIRION - HERPESVIRUS,0.3979156868262897,1,533,6,6576,IDE,1.0,False
KEGG,4,PROTEIN EXPORT,0.398912688850205,3,533,28,6576,SEC62;SEC63;SRP72,1.0,False
KEGG,4,SELENOCOMPOUND METABOLISM,0.4061451323390865,2,533,17,6576,MTR;SEPSECS,1.0,False
KEGG,4,ABC TRANSPORTERS,0.409147033695938,4,533,40,6576,ABCA5;ABCB10;ABCD3;SEC14L3,1.0,False
KEGG,4,BREAST CANCER,0.4132629412458056,12,533,135,6576,E2F3;ESR2;FGF13;FGF5;GSK3B;LRP6;MAPK1;NRAS;PIK3CA;PIK3CB;POLK;RB1,1.0,False
KEGG,4,EPITHELIAL CELL SIGNALING IN HELICOBACTER PYLORI INFECTION,0.41828254121366254,6,533,64,6576,ADAM10;CHUK;MAP2K4;MAPK14;PTPN11;SLTM,1.0,False
KEGG,4,ADHERENS JUNCTION,0.42185326876099105,8,533,88,6576,CSNK2A2;FER;MAPK1;RAP1A;ROCK1;ROCK2;SLTM;SMURF2,1.0,False
KEGG,4,VARIOUS TYPES OF N-GLYCAN BIOSYNTHESIS,0.4278962923132097,4,533,41,6576,ALG13;MAGT1;MAN1A2;MGAT4D,1.0,False
KEGG,4,AUTOPHAGY - OTHER,0.4434360090102619,3,533,30,6576,ATG16L1;ATG2B;PIK3R4,1.0,False
KEGG,4,OXYTOCIN SIGNALING PATHWAY,0.4438503426047928,12,533,138,6576,CACNB2;GUCY1A2;ITPR1;MAPK1;NFATC3;NRAS;PPP1R12A;PPP3CB;PRKAA1;PRKAB2;ROCK1;ROCK2,1.0,False
KEGG,4,HISTIDINE METABOLISM,0.4632201226933736,2,533,19,6576,CARNMT1;HECA,1.0,False
KEGG,4,STEROID BIOSYNTHESIS,0.4632201226933736,2,533,19,6576,CYP2R1;LBR,1.0,False
KEGG,4,PRIMARY IMMUNODEFICIENCY,0.4652145826293895,3,533,31,6576,RAG1;RFX5;SEC14L3,1.0,False
KEGG,4,PROPANOATE METABOLISM,0.4652145826293895,3,533,31,6576,ACACA;ACOX1;MMUT,1.0,False
KEGG,4,TH17 CELL DIFFERENTIATION,0.4722436622777656,8,533,92,6576,CHUK;HSP90AB1;MAPK1;MAPK14;NFATC3;PPP3CB;RORA;SMAD2,1.0,False
KEGG,4,GLUCAGON SIGNALING PATHWAY,0.48470434785817224,8,533,93,6576,ACACA;ITPR1;PPP3CB;PPP4R3A;PPP4R3B;PRKAA1;PRKAB2;SIRT1,1.0,False
KEGG,4,RAS SIGNALING PATHWAY,0.4874460946283158,18,533,216,6576,CHUK;FGF13;FGF5;GRIN2B;MAPK1;NRAS;PIK3CA;PIK3CB;PKN2;PLA2G12A;PTPN11;RAB5A;RAP1A;REL;REPS1;SHOC2;SLTM;STK4,1.0,False
KEGG,4,PANTOTHENATE AND COA BIOSYNTHESIS,0.49052606569820306,2,533,20,6576,PANK2;PANK3,1.0,False
KEGG,4,LEUKOCYTE TRANSENDOTHELIAL MIGRATION,0.5050491199654678,9,533,107,6576,ARHGAP5;CLDN20;MAPK14;PIK3CA;PIK3CB;PTPN11;RAP1A;ROCK1;ROCK2,1.0,False
KEGG,4,LONGEVITY REGULATING PATHWAY,0.514334620658468,7,533,83,6576,NRAS;PIK3CA;PIK3CB;PRKAA1;PRKAB2;RB1CC1;SIRT1,1.0,False
KEGG,4,REGULATION OF ACTIN CYTOSKELETON,0.5317299415865617,17,533,209,6576,ACTR3;ARHGEF12;CRKL;DIAPH1;FGF13;FGF5;GNA13;MAPK1;NRAS;PIK3CA;PIK3CB;PIKFYVE;PIP4K2A;PKN2;PPP1R12A;ROCK1;ROCK2,1.0,False
KEGG,4,SULFUR METABOLISM,0.5329028493890337,1,533,9,6576,BPNT2,1.0,False
KEGG,4,NATURAL KILLER CELL MEDIATED CYTOTOXICITY,0.5341481052462923,6,533,72,6576,MAPK1;NRAS;PIK3CA;PIK3CB;PPP3CB;PTPN11,1.0,False
KEGG,4,ALPHA-LINOLENIC ACID METABOLISM,0.5424301568761694,2,533,22,6576,ACOX1;PLA2G12A,1.0,False
KEGG,4,AMINO SUGAR AND NUCLEOTIDE SUGAR METABOLISM,0.5481354448781403,3,533,35,6576,GFPT1;GNPDA2;HOOK3,1.0,False
KEGG,4,OSTEOCLAST DIFFERENTIATION,0.55058378166913,9,533,111,6576,CHUK;CYLD;ITPR1;MAPK1;MAPK14;PIK3CA;PIK3CB;PPP3CB;TAB2,1.0,False
KEGG,4,TUBERCULOSIS,0.5593694608225606,11,533,137,6576,APAF1;ARHGEF12;BCL10;CHAMP1;EEA1;HSPA9;MAPK1;MAPK14;PPP3CB;RAB5A;RFX5,1.0,False
KEGG,4,FOCAL ADHESION,0.565576911772006,15,533,188,6576,ARHGAP5;BIRC2;CRKL;DIAPH1;GSK3B;MAPK1;PIK3CA;PIK3CB;PKN2;PPP1R12A;RAP1A;ROCK1;ROCK2;SLTM;XIAP,1.0,False
KEGG,4,ACUTE MYELOID LEUKEMIA,0.572337861975587,5,533,62,6576,CHUK;MAPK1;NRAS;PIK3CA;PIK3CB,1.0,False
KEGG,4,NEUTROPHIL EXTRACELLULAR TRAP FORMATION,0.5808089096953708,8,533,101,6576,CHAMP1;H2AC21;H2BC1;H2BC18;MAPK1;MAPK14;PIK3CA;PIK3CB,1.0,False
KEGG,4,N-GLYCAN BIOSYNTHESIS,0.5860938587644222,4,533,50,6576,ALG13;MAGT1;MAN1A2;MGAT4D,1.0,False
KEGG,4,HEDGEHOG SIGNALING PATHWAY,0.6020753358131294,4,533,51,6576,CUL3;GSK3B;SMURF2;SPOPL,1.0,False
KEGG,4,VASCULAR SMOOTH MUSCLE CONTRACTION,0.6155095213561037,9,533,117,6576,ARHGEF12;GNA13;GUCY1A2;ITPR1;MAPK1;PLA2G12A;PPP1R12A;ROCK1;ROCK2,1.0,False
KEGG,4,CARBOHYDRATE DIGESTION AND ABSORPTION,0.6230230105795243,3,533,39,6576,HOOK3;PIK3CA;PIK3CB,1.0,False
KEGG,4,EFFEROCYTOSIS,0.6272973646008324,11,533,144,6576,ADAM10;CRKL;MAPK1;MAPK14;MIA3;NFATC3;PTPN11;RAB14;RAB5A;SIRT1;VPS8,1.0,False
KEGG,4,NUCLEOTIDE EXCISION REPAIR,0.632895327169733,4,533,53,6576,ERCC4;ERCC6;POLR2B;RAD23B,1.0,False
KEGG,4,FLUID SHEAR STRESS AND ATHEROSCLEROSIS,0.6360593094013363,9,533,119,6576,BMPR2;CHUK;HSP90AB1;MAP2K4;MAPK14;MEF2A;PIK3CA;PIK3CB;PRKAA1,1.0,False
KEGG,4,MOTOR PROTEINS,0.6380235328353985,13,533,171,6576,DNAH12;DNAH6;DNAH8;DNAI4;DYNC2H1;HOOK3;KIF20B;KIF21A;KIF2A;KIF5B;MYO1H;MYO5A;MYO9A,1.0,False
KEGG,4,RAP1 SIGNALING PATHWAY,0.6479233904274662,15,533,198,6576,CRKL;FGF13;FGF5;GRIN2B;MAGI3;MAPK1;MAPK14;NRAS;PIK3CA;PIK3CB;PRKD3;RAP1A;RAPGEF2;RAPGEF6;SLTM,1.0,False
KEGG,4,AGE-RAGE SIGNALING PATHWAY IN DIABETIC COMPLICATIONS,0.6596944958808899,7,533,95,6576,DIAPH1;MAPK1;MAPK14;NRAS;PIK3CA;PIK3CB;SMAD2,1.0,False
KEGG,4,HIPPO SIGNALING PATHWAY,0.6636077985931825,11,533,148,6576,BIRC2;BMPR2;DLG1;GSK3B;LATS1;MOB1A;MOB1B;PPP2R1B;PPP2R2A;SMAD2;TP53BP2,1.0,False
KEGG,4,GLYCOSYLPHOSPHATIDYLINOSITOL (GPI)-ANCHOR BIOSYNTHESIS,0.6752099804230188,2,533,28,6576,PIGA;PIGB,1.0,False
KEGG,4,PROTEASOME,0.6889758849813548,3,533,43,6576,PSMD11;PSME3;PSME4,1.0,False
KEGG,4,GLYCEROPHOSPHOLIPID METABOLISM,0.6916303665880221,7,533,98,6576,CDS2;DGKE;ETNK1;LPGAT1;LYPLA1;PLA2G12A;SAMD8,1.0,False
KEGG,4,APELIN SIGNALING PATHWAY,0.6939452006088496,9,533,125,6576,GNA13;ITPR1;MAPK1;MEF2A;NRAS;PIK3R4;PRKAA1;PRKAB2;SMAD2,1.0,False
KEGG,4,HIF-1 SIGNALING PATHWAY,0.7018354547796302,7,533,99,6576,CUL2;EGLN1;HOOK3;MAPK1;MIA3;PIK3CA;PIK3CB,1.0,False
KEGG,4,ONE CARBON POOL BY FOLATE,0.7119153741906943,2,533,30,6576,GART;MTR,1.0,False
KEGG,4,PATHWAYS OF NEURODEGENERATION - MULTIPLE DISEASES,0.739175352082371,30,533,407,6576,ALS2;APAF1;ATG14;ATG2B;ATXN2;CSNK2A2;DERL1;DNAH12;DNAH6;DNAH8;FUS;GRIN2B;GSK3B;ITPR1;KIF5B;LRP6;MAPK1;MAPK14;MFN1;NRAS;NRBF2;PIK3R4;PPID;PPP3CB;PSMD11;RAB5A;RB1CC1;SPG11;TARDBP;WDR41,1.0,False
KEGG,4,FATTY ACID BIOSYNTHESIS,0.7418022314517769,1,533,16,6576,ACACA,1.0,False
KEGG,4,"PARATHYROID HORMONE SYNTHESIS, SECRETION AND ACTION",0.749479682302616,7,533,104,6576,CASR;GNA13;ITPR1;LRP6;MAPK1;MEF2A;WNK1,1.0,False
KEGG,4,ESTROGEN SIGNALING PATHWAY,0.7513383954289252,8,533,118,6576,ESR2;HSP90AB1;ITPR1;MAPK1;NCOA2;NRAS;PIK3CA;PIK3CB,1.0,False
KEGG,4,GAP JUNCTION,0.7591439232298859,5,533,77,6576,GUCY1A2;ITPR1;MAP3K2;MAPK1;NRAS,1.0,False
KEGG,4,FOLATE BIOSYNTHESIS,0.76278080014632,1,533,17,6576,GPHN,1.0,False
KEGG,4,GLYCOSAMINOGLYCAN DEGRADATION,0.76278080014632,1,533,17,6576,ANKRD44,1.0,False
KEGG,4,LYSOSOME,0.767756722830466,8,533,120,6576,ANKRD44;AP1G1;AP3B1;CLTC;DMXL1;DMXL2;GNPTAB;WDR7,1.0,False
KEGG,4,SPHINGOLIPID METABOLISM,0.7710701079468194,3,533,49,6576,SAMD8;SPTLC1;UGCG,1.0,False
KEGG,4,PATHWAYS IN CANCER,0.7754045280545763,34,533,467,6576,APAF1;ARHGEF12;BIRC2;CCDC6;CHUK;CRKL;CUL2;E2F3;EGLN1;ESR2;FGF13;FGF5;GNA13;GSK3B;HSP90AB1;LRP6;MAPK1;MDM2;MIA3;MSH6;NRAS;PIK3CA;PIK3CB;POLK;RB1;REPS1;ROCK1;ROCK2;RPS6KA5;SLTM;SMAD2;STK4;TPR;XIAP,1.0,False
KEGG,4,CHOLINE METABOLISM IN CANCER,0.7761499800643725,6,533,93,6576,DGKE;LYPLA1;MAPK1;NRAS;PIK3CA;PIK3CB,1.0,False
KEGG,4,CGMP-PKG SIGNALING PATHWAY,0.778381567573986,10,533,149,6576,GNA13;GUCY1A2;ITPR1;MAPK1;MEF2A;NFATC3;PPP1R12A;PPP3CB;ROCK1;ROCK2,1.0,False
KEGG,4,TH1 AND TH2 CELL DIFFERENTIATION,0.7786812836635348,5,533,79,6576,CHUK;MAPK1;MAPK14;NFATC3;PPP3CB,1.0,False
KEGG,4,HUNTINGTON DISEASE,0.7831853859105962,18,533,258,6576,APAF1;ATG14;ATG2B;CLTC;DNAH12;DNAH6;DNAH8;GRIN2B;ITPR1;KIF5B;NRBF2;PIK3R4;POLR2B;PSMD11;RB1CC1;RCOR1;REST;SIN3A,1.0,False
KEGG,4,TOXOPLASMOSIS,0.7848452728025259,6,533,94,6576,BIRC2;CHUK;MAPK1;MAPK14;TAB2;XIAP,1.0,False
KEGG,4,STAPHYLOCOCCUS AUREUS INFECTION,0.7941772129981302,3,533,51,6576,CHAMP1;MASP2;PIKFYVE,1.0,False
KEGG,4,ADRENERGIC SIGNALING IN CARDIOMYOCYTES,0.7981727712150501,9,533,138,6576,CACNB2;MAPK1;MAPK14;PPP2R1B;PPP2R2A;PPP2R3A;PPP2R5A;PPP2R5E;RPS6KA5,1.0,False
KEGG,4,CHEMOKINE SIGNALING PATHWAY,0.7987761642481035,10,533,152,6576,CHUK;CRKL;GSK3B;MAPK1;NRAS;PIK3CA;PIK3CB;RAP1A;ROCK1;ROCK2,1.0,False
KEGG,4,FERROPTOSIS,0.801670874421492,2,533,36,6576,GCLC;PCBP2,1.0,False
KEGG,4,CYTOSOLIC DNA-SENSING PATHWAY,0.8153084991147355,3,533,53,6576,ADAR;CHUK;RIPK1,1.0,False
KEGG,4,FOLATE TRANSPORT AND METABOLISM,0.8160470522516168,1,533,20,6576,MTR,1.0,False
KEGG,4,RENIN-ANGIOTENSIN SYSTEM,0.8160470522516168,1,533,20,6576,PITRM1,1.0,False
KEGG,4,WNT SIGNALING PATHWAY,0.8177612153492488,10,533,155,6576,CSNK2A2;DAAM1;GSK3B;LRP6;NFATC3;PPP3CB;ROCK2;RORA;RYK;SIRT1,1.0,False
KEGG,4,ADIPOCYTOKINE SIGNALING PATHWAY,0.8217986324308424,4,533,69,6576,CHUK;PRKAA1;PRKAB2;PTPN11,1.0,False
KEGG,4,CHEMICAL CARCINOGENESIS - REACTIVE OXYGEN SPECIES,0.8294734716235712,11,533,171,6576,CHUK;MAP2K4;MAPK1;MAPK14;MIA3;NRAS;PIK3CA;PIK3CB;PRKD3;PTPN11;SLTM,1.0,False
KEGG,4,GLYCOSAMINOGLYCAN BIOSYNTHESIS - CHONDROITIN SULFATE / DERMATAN SULFATE,0.8310023483391531,1,533,21,6576,CSGALNACT2,1.0,False
KEGG,4,MISMATCH REPAIR,0.8310023483391531,1,533,21,6576,MSH6,1.0,False
KEGG,4,FC GAMMA R-MEDIATED PHAGOCYTOSIS,0.83752520278172,5,533,86,6576,ACTR3;CRKL;MAPK1;PIK3CA;PIK3CB,1.0,False
KEGG,4,ALZHEIMER DISEASE,0.840037190663044,22,533,324,6576,ADAM10;APAF1;ATG14;ATG2B;CHUK;CSNK2A2;GRIN2B;GSK3B;IDE;ITPR1;KIF5B;LRP6;MAPK1;NRAS;NRBF2;PIK3CA;PIK3CB;PIK3R4;PPID;PPP3CB;PSMD11;RB1CC1,1.0,False
KEGG,4,BIOSYNTHESIS OF UNSATURATED FATTY ACIDS,0.8447438812659619,1,533,22,6576,ACOX1,1.0,False
KEGG,4,LINOLEIC ACID METABOLISM,0.8447438812659619,1,533,22,6576,PLA2G12A,1.0,False
KEGG,4,PHOTOTRANSDUCTION,0.8447438812659619,1,533,22,6576,GNAT2,1.0,False
KEGG,4,OTHER TYPES OF O-GLYCAN BIOSYNTHESIS,0.8468303984011674,2,533,40,6576,GXYLT1;OGT,1.0,False
KEGG,4,VIRION - HEPATITIS VIRUSES,0.8468303984011674,2,533,40,6576,CHMP7;CLDN20,1.0,False
KEGG,4,RELAXIN SIGNALING PATHWAY,0.8472941004706429,7,533,117,6576,MAP2K4;MAPK1;MAPK14;NRAS;PIK3CA;PIK3CB;SMAD2,1.0,False
KEGG,4,HUMAN PAPILLOMAVIRUS INFECTION,0.8549351917078378,19,533,287,6576,ATM;CHD4;CHUK;DLG1;GSK3B;MAPK1;MDM2;NFX1;NRAS;PIK3CA;PIK3CB;PPP2R1B;PPP2R2A;PPP2R3A;PPP2R5A;PPP2R5E;RB1;RBL2;UBE3A,1.0,False
KEGG,4,VASOPRESSIN-REGULATED WATER REABSORPTION,0.8565582087521535,2,533,41,6576,DYNC2H1;RAB5A,1.0,False
KEGG,4,BUTANOATE METABOLISM,0.8573699891825384,1,533,23,6576,HMGCS1,1.0,False
KEGG,4,GLYCOSPHINGOLIPID BIOSYNTHESIS - LACTO AND NEOLACTO SERIES,0.8573699891825384,1,533,23,6576,B3GALT2,1.0,False
KEGG,4,CIRCADIAN ENTRAINMENT,0.8585049241309648,5,533,89,6576,GRIN2B;GUCY1A2;ITPR1;MAPK1;RPS6KA5,1.0,False
KEGG,4,LEISHMANIASIS,0.8602172795330494,3,533,58,6576,MAPK1;MAPK14;TAB2,1.0,False
KEGG,4,LEGIONELLOSIS,0.8657190224753369,2,533,42,6576,APAF1;CLK4,1.0,False
KEGG,4,GLYCOSAMINOGLYCAN BIOSYNTHESIS - HEPARAN SULFATE / HEPARIN,0.8689710567494097,1,533,24,6576,GLCE,1.0,False
KEGG,4,AMPHETAMINE ADDICTION,0.8889540484166913,3,533,62,6576,GRIN2B;PPP3CB;SIRT1,1.0,False
KEGG,4,RENIN SECRETION,0.8889540484166913,3,533,62,6576,GUCY1A2;ITPR1;PPP3CB,1.0,False
KEGG,4,GALACTOSE METABOLISM,0.8894236431966068,1,533,26,6576,HOOK3,1.0,False
KEGG,4,RNA POLYMERASE,0.8894236431966068,1,533,26,6576,POLR2B,1.0,False
KEGG,4,STARCH AND SUCROSE METABOLISM,0.8894236431966068,1,533,26,6576,HOOK3,1.0,False
KEGG,4,VITAMIN DIGESTION AND ABSORPTION,0.8894236431966068,1,533,26,6576,SLC19A2,1.0,False
KEGG,4,"VALINE, LEUCINE AND ISOLEUCINE DEGRADATION",0.8900735581847417,2,533,45,6576,HMGCS1;MMUT,1.0,False
KEGG,4,CUSHING SYNDROME,0.8906313589697563,8,533,140,6576,E2F3;GSK3B;ITPR1;KMT2A;MAPK1;MIA3;RAP1A;RB1,1.0,False
KEGG,4,ALCOHOLISM,0.8913136396370758,6,533,110,6576,GRIN2B;H2AC21;H2BC1;H2BC18;MAPK1;NRAS,1.0,False
KEGG,4,THERMOGENESIS,0.8947004031789498,11,533,185,6576,ARID1B;KDM1A;KDM3A;MAPK14;NRAS;PRKAA1;PRKAB2;RPS6KA3;RPS6KA6;SMARCC1;SMARCE1,1.0,False
KEGG,4,SALIVARY SECRETION,0.8952600394303684,3,533,63,6576,CHAMP1;GUCY1A2;ITPR1,1.0,False
KEGG,4,TASTE TRANSDUCTION,0.8952600394303684,3,533,63,6576,TAS2R3;TAS2R4;TAS2R40,1.0,False
KEGG,4,PI3K-AKT SIGNALING PATHWAY,0.8967964662738979,20,533,313,6576,CHUK;FGF13;FGF5;GSK3B;HSP90AB1;MAPK1;MDM2;NRAS;PHLPP2;PIK3CA;PIK3CB;PKN2;PPP2R1B;PPP2R2A;PPP2R3A;PPP2R5A;PPP2R5E;PRKAA1;RBL2;SLTM,1.0,False
KEGG,4,CYSTEINE AND METHIONINE METABOLISM,0.897236382063349,2,533,46,6576,GCLC;MTR,1.0,False
KEGG,4,AMINOACYL-TRNA BIOSYNTHESIS,0.8984216887196921,1,533,27,6576,SEPSECS,1.0,False
KEGG,4,ETHER LIPID METABOLISM,0.9039629769267052,2,533,47,6576,PAFAH1B1;PLA2G12A,1.0,False
KEGG,4,MINERAL ABSORPTION,0.9039629769267052,2,533,47,6576,SLC30A1;TRPM7,1.0,False
KEGG,4,PORPHYRIN METABOLISM,0.9066887890269762,1,533,28,6576,CPOX,1.0,False
KEGG,4,CORONAVIRUS DISEASE - COVID-19,0.907338078268842,9,533,159,6576,ADAR;CHUK;MAPK1;MAPK14;MASP2;PIK3CA;PIK3CB;PIKFYVE;TAB2,1.0,False
KEGG,4,IGSF CAM SIGNALING,0.9090110999425431,16,533,261,6576,ACTR3;CD226;ERC1;GSK3B;MAPK1;MAPK14;PIK3CA;PIK3CB;PKN2;PPFIA1;PPFIA2;PTPN11;RAP1A;RAPGEF2;RAPGEF6;SCN8A,1.0,False
KEGG,4,BETA-ALANINE METABOLISM,0.9142842189977493,1,533,29,6576,ACOX1,1.0,False
KEGG,4,FRUCTOSE AND MANNOSE METABOLISM,0.9142842189977493,1,533,29,6576,HOOK3,1.0,False
KEGG,4,GLYOXYLATE AND DICARBOXYLATE METABOLISM,0.9142842189977493,1,533,29,6576,MMUT,1.0,False
KEGG,4,INFLAMMATORY BOWEL DISEASE,0.9217556724779217,2,533,50,6576,RORA;SMAD2,1.0,False
KEGG,4,CORNIFIED ENVELOPE FORMATION,0.9249351657215955,8,533,149,6576,CLDN20;PPP2R1B;PPP2R2A;PPP2R3A;PPP2R5A;PPP2R5E;SPTLC1;UGCG,1.0,False
KEGG,4,REGULATION OF LIPOLYSIS IN ADIPOCYTES,0.9269629565383213,2,533,51,6576,PIK3CA;PIK3CB,1.0,False
KEGG,4,SNARE INTERACTIONS IN VESICULAR TRANSPORT,0.9276735627969455,1,533,31,6576,STX16,1.0,False
KEGG,4,CHOLINERGIC SYNAPSE,0.9287261146791573,5,533,103,6576,ITPR1;MAPK1;NRAS;PIK3CA;PIK3CB,1.0,False
KEGG,4,INFLAMMATORY MEDIATOR REGULATION OF TRP CHANNELS,0.9305431696394763,4,533,87,6576,ITPR1;MAPK14;PIK3CA;PIK3CB,1.0,False
KEGG,4,NON-ALCOHOLIC FATTY LIVER DISEASE,0.9357095101062787,7,533,137,6576,GSK3B;ITCH;MAPK14;PIK3CA;PIK3CB;PRKAA1;PRKAB2,1.0,False
KEGG,4,PHOSPHOLIPASE D SIGNALING PATHWAY,0.9357095101062787,7,533,137,6576,DGKE;GNA13;MAPK1;NRAS;PIK3CA;PIK3CB;PTPN11,1.0,False
KEGG,4,GLYCOLYSIS / GLUCONEOGENESIS,0.9364120927190778,2,533,53,6576,ENO4;HOOK3,1.0,False
KEGG,4,"ALANINE, ASPARTATE AND GLUTAMATE METABOLISM",0.9439459002102775,1,533,34,6576,GFPT1,1.0,False
KEGG,4,NICOTINATE AND NICOTINAMIDE METABOLISM,0.9439459002102775,1,533,34,6576,SIRT1,1.0,False
KEGG,4,NOTCH SIGNALING PATHWAY,0.9446952211884289,2,533,55,6576,ITCH;RBM15,1.0,False
KEGG,4,GLUTAMATERGIC SYNAPSE,0.9450101218316685,5,533,108,6576,GRIN2B;ITPR1;MAPK1;PPP3CB;SLC38A2,1.0,False
KEGG,4,INSULIN SECRETION,0.9493687637796737,3,533,75,6576,GPR119;PCLO;RIMS2,1.0,False
KEGG,4,PRION DISEASE,0.9509058588428448,12,533,220,6576,APAF1;CSNK2A2;GRIN2B;GSK3B;ITPR1;KIF5B;MAPK1;MAPK14;PIK3CA;PIK3CB;PPP3CB;PSMD11,1.0,False
KEGG,4,FATTY ACID DEGRADATION,0.9527083113797556,1,533,36,6576,ACOX1,1.0,False
KEGG,4,AMOEBIASIS,0.955328031965467,3,533,77,6576,PIK3CA;PIK3CB;RAB5A,1.0,False
KEGG,4,MALARIA,0.956562511690855,1,533,37,6576,SLTM,1.0,False
KEGG,4,PYRUVATE METABOLISM,0.956562511690855,1,533,37,6576,ACACA,1.0,False
KEGG,4,COMPLEMENT AND COAGULATION CASCADES,0.9582836099218384,2,533,59,6576,MASP2;PIKFYVE,1.0,False
KEGG,4,PERTUSSIS,0.9582836099218384,2,533,59,6576,MAPK1;MAPK14,1.0,False
KEGG,4,NICOTINE ADDICTION,0.9601031419506463,1,533,38,6576,GRIN2B,1.0,False
KEGG,4,PHAGOSOME,0.9621836373514965,5,533,115,6576,DYNC2H1;EEA1;PIKFYVE;RAB5A;SEC14L3,1.0,False
KEGG,4,BASAL CELL CARCINOMA,0.9638168613620015,2,533,61,6576,GSK3B;POLK,1.0,False
KEGG,4,PANCREATIC SECRETION,0.9674803380714765,3,533,82,6576,ITPR1;PLA2G12A;RAP1A,1.0,False
KEGG,4,FAT DIGESTION AND ABSORPTION,0.9690881292051686,1,533,41,6576,PLA2G12A,1.0,False
KEGG,4,GABAERGIC SYNAPSE,0.9714067977950972,3,533,84,6576,GPHN;SLC38A2;TRAK2,1.0,False
KEGG,4,PPAR SIGNALING PATHWAY,0.9728446085451259,2,533,65,6576,ACOX1;HMGCS1,1.0,False
KEGG,4,ENDOCRINE AND OTHER FACTOR-REGULATED CALCIUM REABSORPTION,0.9760525774433942,1,533,44,6576,CLTC,1.0,False
KEGG,4,GLUTATHIONE METABOLISM,0.9760525774433942,1,533,44,6576,GCLC,1.0,False
KEGG,4,CAMP SIGNALING PATHWAY,0.9780152828811616,10,533,208,6576,ACOX1;GPR119;GRIN2B;MAPK1;PIK3CA;PIK3CB;PPP1R12A;RAP1A;ROCK1;ROCK2,1.0,False
KEGG,4,MELANOGENESIS,0.9793524088185356,3,533,89,6576,GSK3B;MAPK1;NRAS,1.0,False
KEGG,4,ARACHIDONIC ACID METABOLISM,0.9798015408184548,1,533,46,6576,PLA2G12A,1.0,False
KEGG,4,CHOLESTEROL METABOLISM,0.9798015408184548,1,533,46,6576,ANGPTL3,1.0,False
KEGG,4,COCAINE ADDICTION,0.9798015408184548,1,533,46,6576,GRIN2B,1.0,False
KEGG,4,VIRAL MYOCARDITIS,0.9814502052508841,1,533,47,6576,EIF4G2,1.0,False
KEGG,4,SEROTONERGIC SYNAPSE,0.9861241790480733,3,533,95,6576,ITPR1;MAPK1;NRAS,1.0,False
KEGG,4,PYRIMIDINE METABOLISM,0.9868063961458331,1,533,51,6576,NT5C3A,1.0,False
KEGG,4,HYPERTROPHIC CARDIOMYOPATHY,0.9870222384662805,3,533,96,6576,CACNB2;PRKAA1;PRKAB2,1.0,False
KEGG,4,CORTISOL SYNTHESIS AND SECRETION,0.9897830906580255,1,533,54,6576,ITPR1,1.0,False
KEGG,4,GLYCEROLIPID METABOLISM,0.9906180512037588,1,533,55,6576,DGKE,1.0,False
KEGG,4,PEROXISOME,0.9909669559962031,2,533,80,6576,ABCD3;ACOX1,1.0,False
KEGG,4,ALDOSTERONE SYNTHESIS AND SECRETION,0.9916159563383521,2,533,81,6576,ITPR1;PRKD3,1.0,False
KEGG,4,JAK-STAT SIGNALING PATHWAY,0.9919446977087032,4,533,123,6576,PIK3CA;PIK3CB;PTPN11;SOCS4,1.0,False
KEGG,4,PROTEIN DIGESTION AND ABSORPTION,0.9927802395051744,2,533,83,6576,SLC36A4;SLC38A2,1.0,False
KEGG,4,DIABETIC CARDIOMYOPATHY,0.9935027398256107,6,533,164,6576,GFPT1;GSK3B;MAPK14;PIK3CA;PIK3CB;SMAD2,1.0,False
KEGG,4,RETROGRADE ENDOCANNABINOID SIGNALING,0.9954852626405736,4,533,132,6576,ITPR1;MAPK1;MAPK14;NAPEPLD,1.0,False
KEGG,4,GASTRIC ACID SECRETION,0.9960032964378522,1,533,65,6576,ITPR1,1.0,False
KEGG,4,THYROID HORMONE SYNTHESIS,0.9963304724474705,1,533,66,6576,ITPR1,1.0,False
KEGG,4,CELL ADHESION MOLECULE (CAM) INTERACTION,0.9976884643239309,3,533,121,6576,CD226;CLDN20;LRRC4,1.0,False
KEGG,4,INTEGRIN SIGNALING,0.9978125880819404,4,533,143,6576,GSK3B;PIK3CA;PIK3CB;SLTM,1.0,False
KEGG,4,CARDIAC MUSCLE CONTRACTION,0.9982997366332922,1,533,75,6576,CACNB2,1.0,False
KEGG,4,SYNAPTIC VESICLE CYCLE,0.9984391367831854,1,533,76,6576,CLTC,1.0,False
KEGG,4,CALCIUM SIGNALING PATHWAY,0.9990561116919748,8,533,234,6576,FGF13;FGF5;GRIN2B;ITPR1;NFATC3;PPP3CB;SLTM;STK4,1.0,False
KEGG,4,ARRHYTHMOGENIC RIGHT VENTRICULAR CARDIOMYOPATHY,0.9992130646544715,1,533,84,6576,CACNB2,1.0,False
KEGG,4,PURINE METABOLISM,0.9992132892615885,2,533,112,6576,GART;GUCY1A2,1.0,False
KEGG,4,HORMONE SIGNALING,0.9997459472102244,5,533,196,6576,ESR2;GNA13;GNRHR;PIK3CA;PIK3CB,1.0,False
KEGG,4,DILATED CARDIOMYOPATHY,0.9997826133282106,1,533,99,6576,CACNB2,1.0,False
KEGG,4,CYTOSKELETON IN MUSCLE CELLS,0.999935225844816,5,533,216,6576,DAAM1;DIAPH1;LBR;NEB;SYNE2,1.0,False
KEGG,4,PARKINSON DISEASE,0.9999474033019263,5,533,219,6576,APAF1;ITPR1;KIF5B;MFN1;PSMD11,1.0,False
KEGG,4,NEUROACTIVE LIGAND SIGNALING,0.9999970803531566,2,533,182,6576,GLRA3;GRIN2B,1.0,False
KEGG,4,CYTOKINE-CYTOKINE RECEPTOR INTERACTION,0.9999995205854061,2,533,204,6576,BMPR2;RELL1,1.0,False
KEGG,4,NEUROACTIVE LIGAND-RECEPTOR INTERACTION,0.9999999593862988,5,533,317,6576,GLRA3;GNRHR;GRIN2B;NR3C1;PGRMC2,1.0,False
KEGG,4,AFRICAN TRYPANOSOMIASIS,1.0,0,533,27,6576,,1.0,False
KEGG,4,ALLOGRAFT REJECTION,1.0,0,533,17,6576,,1.0,False
KEGG,4,ARGININE AND PROLINE METABOLISM,1.0,0,533,44,6576,,1.0,False
KEGG,4,ARGININE BIOSYNTHESIS,1.0,0,533,21,6576,,1.0,False
KEGG,4,ASCORBATE AND ALDARATE METABOLISM,1.0,0,533,14,6576,,1.0,False
KEGG,4,ASTHMA,1.0,0,533,17,6576,,1.0,False
KEGG,4,AUTOIMMUNE THYROID DISEASE,1.0,0,533,20,6576,,1.0,False
KEGG,4,BASE EXCISION REPAIR,1.0,0,533,40,6576,,1.0,False
KEGG,4,BILE SECRETION,1.0,0,533,62,6576,,1.0,False
KEGG,4,BIOSYNTHESIS OF VARIOUS NUCLEOTIDE SUGARS,1.0,0,533,19,6576,,1.0,False
KEGG,4,CHEMICAL CARCINOGENESIS - DNA ADDUCTS,1.0,0,533,24,6576,,1.0,False
KEGG,4,CITRATE CYCLE (TCA CYCLE),1.0,0,533,28,6576,,1.0,False
KEGG,4,COLLECTING DUCT ACID SECRETION,1.0,0,533,25,6576,,1.0,False
KEGG,4,D-AMINO ACID METABOLISM,1.0,0,533,5,6576,,1.0,False
KEGG,4,DNA REPLICATION,1.0,0,533,33,6576,,1.0,False
KEGG,4,DRUG METABOLISM - CYTOCHROME P450,1.0,0,533,28,6576,,1.0,False
KEGG,4,DRUG METABOLISM - OTHER ENZYMES,1.0,0,533,47,6576,,1.0,False
KEGG,4,ECM-RECEPTOR INTERACTION,1.0,0,533,83,6576,,1.0,False
KEGG,4,FATTY ACID ELONGATION,1.0,0,533,25,6576,,1.0,False
KEGG,4,"GLYCINE, SERINE AND THREONINE METABOLISM",1.0,0,533,35,6576,,1.0,False
KEGG,4,GLYCOSAMINOGLYCAN BIOSYNTHESIS - KERATAN SULFATE,1.0,0,533,13,6576,,1.0,False
KEGG,4,GLYCOSPHINGOLIPID BIOSYNTHESIS - GANGLIO SERIES,1.0,0,533,15,6576,,1.0,False
KEGG,4,GLYCOSPHINGOLIPID BIOSYNTHESIS - GLOBO AND ISOGLOBO SERIES,1.0,0,533,14,6576,,1.0,False
KEGG,4,GRAFT-VERSUS-HOST DISEASE,1.0,0,533,14,6576,,1.0,False
KEGG,4,HEMATOPOIETIC CELL LINEAGE,1.0,0,533,65,6576,,1.0,False
KEGG,4,INTESTINAL IMMUNE NETWORK FOR IGA PRODUCTION,1.0,0,533,29,6576,,1.0,False
KEGG,4,LIPOIC ACID METABOLISM,1.0,0,533,19,6576,,1.0,False
KEGG,4,MANNOSE TYPE O-GLYCAN BIOSYNTHESIS,1.0,0,533,23,6576,,1.0,False
KEGG,4,MATURITY ONSET DIABETES OF THE YOUNG,1.0,0,533,22,6576,,1.0,False
KEGG,4,METABOLISM OF XENOBIOTICS BY CYTOCHROME P450,1.0,0,533,30,6576,,1.0,False
KEGG,4,MORPHINE ADDICTION,1.0,0,533,86,6576,,1.0,False
KEGG,4,MUCIN TYPE O-GLYCAN BIOSYNTHESIS,1.0,0,533,28,6576,,1.0,False
KEGG,4,NITROGEN METABOLISM,1.0,0,533,17,6576,,1.0,False
KEGG,4,OLFACTORY TRANSDUCTION,1.0,0,533,37,6576,,1.0,False
KEGG,4,OTHER GLYCAN DEGRADATION,1.0,0,533,16,6576,,1.0,False
KEGG,4,OVARIAN STEROIDOGENESIS,1.0,0,533,38,6576,,1.0,False
KEGG,4,OXIDATIVE PHOSPHORYLATION,1.0,0,533,97,6576,,1.0,False
KEGG,4,PENTOSE AND GLUCURONATE INTERCONVERSIONS,1.0,0,533,15,6576,,1.0,False
KEGG,4,PENTOSE PHOSPHATE PATHWAY,1.0,0,533,27,6576,,1.0,False
KEGG,4,PHENYLALANINE METABOLISM,1.0,0,533,14,6576,,1.0,False
KEGG,4,"PHENYLALANINE, TYROSINE AND TRYPTOPHAN BIOSYNTHESIS",1.0,0,533,6,6576,,1.0,False
KEGG,4,PHOSPHONATE AND PHOSPHINATE METABOLISM,1.0,0,533,6,6576,,1.0,False
KEGG,4,PRIMARY BILE ACID BIOSYNTHESIS,1.0,0,533,16,6576,,1.0,False
KEGG,4,PROXIMAL TUBULE BICARBONATE RECLAMATION,1.0,0,533,21,6576,,1.0,False
KEGG,4,RETINOL METABOLISM,1.0,0,533,33,6576,,1.0,False
KEGG,4,RHEUMATOID ARTHRITIS,1.0,0,533,67,6576,,1.0,False
KEGG,4,RIBOFLAVIN METABOLISM,1.0,0,533,8,6576,,1.0,False
KEGG,4,RIBOSOME,1.0,0,533,126,6576,,1.0,False
KEGG,4,STEROID HORMONE BIOSYNTHESIS,1.0,0,533,31,6576,,1.0,False
KEGG,4,SULFUR RELAY SYSTEM,1.0,0,533,8,6576,,1.0,False
KEGG,4,TAURINE AND HYPOTAURINE METABOLISM,1.0,0,533,14,6576,,1.0,False
KEGG,4,THIAMINE METABOLISM,1.0,0,533,11,6576,,1.0,False
KEGG,4,TRYPTOPHAN METABOLISM,1.0,0,533,39,6576,,1.0,False
KEGG,4,TYPE I DIABETES MELLITUS,1.0,0,533,23,6576,,1.0,False
KEGG,4,TYROSINE METABOLISM,1.0,0,533,30,6576,,1.0,False
KEGG,4,UBIQUINONE AND OTHER TERPENOID-QUINONE BIOSYNTHESIS,1.0,0,533,12,6576,,1.0,False
KEGG,4,VIBRIO CHOLERAE INFECTION,1.0,0,533,45,6576,,1.0,False
KEGG,4,VIRAL PROTEIN INTERACTION WITH CYTOKINE AND CYTOKINE RECEPTOR,1.0,0,533,60,6576,,1.0,False
KEGG,4,"VIRION - EBOLAVIRUS, LYSSAVIRUS AND MORBILLIVIRUS",1.0,0,533,8,6576,,1.0,False
KEGG,4,VIRION - LASSA VIRUS AND SFTS VIRUS,1.0,0,533,13,6576,,1.0,False
KEGG,4,VITAMIN B6 METABOLISM,1.0,0,533,6,6576,,1.0,False
KEGG,5,ALCOHOLISM,1.5529202536108317e-05,26,646,110,6576,ADORA2A;CALML4;CAMKK2;CREB3L4;DRD2;GNAO1;GNB3;GNG13;GNG7;GPRIN1;GRIN2C;GRIN2D;GRIN3B;H2AC19;H2AX;HDAC1;HDAC10;HDAC11;HDAC3;HDAC7;HRAS;MAPK3;SLC29A1;SLC29A3;SLC6A3;TH,0.0054041624825656946,True
KEGG,5,NEUROACTIVE LIGAND-RECEPTOR INTERACTION,0.0007768170885143681,49,646,317,6576,ADORA1;ADORA2A;ADRA1D;ADRA2B;CCKBR;CHGA;CHRNA10;CHRNB1;CHRNE;CRHR1;DRD2;DRD4;GABRD;GALR3;GHRHR;GIPR;GPR156;GPRIN1;GRID1;GRIN2C;GRIN2D;GRIN3B;GRM2;GRM4;HTR6;KISS1R;MC1R;NPB;NPFF;NPW;NTSR1;OPRL1;OXT;P2RX5;P2RX6;PAQR6;PNOC;POMC;PTGER1;S1PR5;SST;SSTR5;TRPV1;TSPO;UCN;UCN2;VGF;VIPR1;VIPR2,0.13516617340150006,False
KEGG,5,NEUROACTIVE LIGAND SIGNALING,0.0030152001206854634,30,646,182,6576,ACHE;ADORA1;ADORA2A;ADRA1D;ADRA2B;AGRP;DRD2;DRD4;GABRD;GNAO1;GNB3;GNG13;GNG7;GPRIN1;GRIN2C;GRIN2D;GRIN3B;GRM2;GRM4;HTR3A;HTR6;OPRL1;P2RX5;P2RX6;PNOC;POMC;SLC17A7;SLC18A3;SLC32A1;SLC6A3,0.2849759630244572,False
KEGG,5,CAMP SIGNALING PATHWAY,0.0035899435375639525,33,646,208,6576,ADORA1;ADORA2A;AMH;ATP2A1;BAD;CALML4;CHGA;CNGA4;CREB3L4;CRHR1;DRD2;FXYD1;GIPR;GLI1;GPRIN1;GRIN2C;GRIN2D;GRIN3B;HCN2;HTR6;MAPK3;NPPA;OXT;PDE4A;PKN1;PLD2;POMC;POPDC2;RRAS;SST;SSTR5;TNNI3;VIPR2,0.2849759630244572,False
KEGG,5,BASE EXCISION REPAIR,0.004333304562152627,10,646,40,6576,ADPRS;MUTYH;NEIL1;NTHL1;POLD2;POLD4;POLL;SLC19A1;SMUG1;UNG,0.2849759630244572,False
KEGG,5,HORMONE SIGNALING,0.004913378672835469,31,646,196,6576,ADRA1D;ADRA2B;AMH;CCKBR;CHGA;CRHR1;DRD2;DRD4;EPOR;GHRHR;GIPR;GNAO1;GNB3;GNG13;GNG7;MC1R;NPPA;NPPC;NPRL2;OPRL1;OXT;PNOC;POMC;RAMP1;SST;SSTR5;STK11;UCN;UCN2;VIPR1;VIPR2,0.2849759630244572,False
KEGG,5,GLUTATHIONE METABOLISM,0.008865915111072669,10,646,44,6576,CHAC1;GGT7;GPX4;GSTM2;GSTM4;IDH2;MGST3;PHGDH;SRMS;UBL4A,0.4407626369504698,False
KEGG,5,COCAINE ADDICTION,0.012185290275596481,10,646,46,6576,CDK5;CREB3L4;DRD2;GPRIN1;GRIN2C;GRIN2D;GRIN3B;GRM2;SLC6A3;TH,0.530060126988447,False
KEGG,5,"GLYCINE, SERINE AND THREONINE METABOLISM",0.01784282581460088,8,646,35,6576,GAMT;GCAT;GLYCTK;LDHD;PGAM2;PHGDH;SARDH;SDSL,0.6899225981645674,False
KEGG,5,ARACHIDONIC ACID METABOLISM,0.032428062127953905,9,646,46,6576,ALOX12B;ALOX15B;GPX4;LTC4S;PLA2G2C;PLA2G2E;PLA2G5;PRXL2B;PTGDS,1.0,False
KEGG,5,SYNAPTIC VESICLE CYCLE,0.032502590436093805,13,646,76,6576,AP2M1;ATP6V0C;ATP6V1F;ATP6V1G2;CPLX1;CPLX3;NAPSA;RAB3A;SLC17A7;SLC18A3;SLC32A1;SLC6A3;STX1B,1.0,False
KEGG,5,FAT DIGESTION AND ABSORPTION,0.043098070647002586,8,646,41,6576,AGPAT2;CEL;DGAT1;PLA2G2C;PLA2G2E;PLA2G5;SLC27A1;SLC27A4,1.0,False
KEGG,5,NICOTINATE AND NICOTINAMIDE METABOLISM,0.04394756230047054,7,646,34,6576,ASPDH;NAPRT;NMRK2;NT5M;SIRT2;SIRT6;SIRT7,1.0,False
KEGG,5,SPHINGOLIPID METABOLISM,0.04655572556797984,9,646,49,6576,ARSA;B4GALNT1;CERS4;DEGS2;EGFL7;GAL3ST1;SMPD1;SPHK1;SPHK2,1.0,False
KEGG,5,GLYCOSAMINOGLYCAN BIOSYNTHESIS - CHONDROITIN SULFATE / DERMATAN SULFATE,0.04861098440481453,5,646,21,6576,B3GALT6;B3GAT3;B4GALT7;CHST13;CHST14,1.0,False
KEGG,5,RIG-I-LIKE RECEPTOR SIGNALING PATHWAY,0.05795485526531153,9,646,51,6576,AZIN2;FADD;IRF3;MAPK11;MAPK12;NFKBIB;NLRX1;TBKBP1;TKFC,1.0,False
KEGG,5,BLADDER CANCER,0.06527580253148277,7,646,37,6576,CDKN2A;E2F1;HRAS;MAPK3;RASSF1;SCO2;UPK3A,1.0,False
KEGG,5,MANNOSE TYPE O-GLYCAN BIOSYNTHESIS,0.06839596429047712,5,646,23,6576,B4GALT2;B4GAT1;FKRP;MGAT5B;POMGNT2,1.0,False
KEGG,5,BASAL CELL CARCINOMA,0.07182702629947589,10,646,61,6576,DDB2;FZD10;FZD9;GADD45G;GLI1;KIF7;SLC25A23;WNT10A;WNT10B;WNT6,1.0,False
KEGG,5,NICOTINE ADDICTION,0.07356274343185772,7,646,38,6576,GABRD;GPRIN1;GRIN2C;GRIN2D;GRIN3B;SLC17A7;SLC32A1,1.0,False
KEGG,5,GLYCOSAMINOGLYCAN BIOSYNTHESIS - HEPARAN SULFATE / HEPARIN,0.0797273083790989,5,646,24,6576,B3GALT6;B3GAT3;B4GALT7;HS3ST2;HS6ST1,1.0,False
KEGG,5,GLYCEROLIPID METABOLISM,0.08575788595383184,9,646,55,6576,ABHD16A;AGPAT2;CEL;DGAT1;GLYCTK;GPAT2;LPIN3;PNPLA3;TKFC,1.0,False
KEGG,5,CORNIFIED ENVELOPE FORMATION,0.0917278510017443,20,646,149,6576,ALOX12B;ASPRV1;CAPN1;CDSN;CLDN25;CLDN9;CYP4F22;ELOVL1;FURIN;KRT10;KRT71;KRT72;KRT82;PPP2R1A;S100A13;S100A5;SLC27A1;SLC27A4;TGM1;TMEM79,1.0,False
KEGG,5,GLYCEROPHOSPHOLIPID METABOLISM,0.09695777058350503,14,646,98,6576,ACHE;AGPAT2;CDIPT;GPAT2;LCAT;LPCAT4;LPIN3;MBOAT7;PLA2G2C;PLA2G2E;PLA2G5;PLD2;TAFAZZIN;TPGS1,1.0,False
KEGG,5,GALACTOSE METABOLISM,0.10516962116671878,5,646,26,6576,B4GALT2;G6PC3;GALK1;GALT;PMEL,1.0,False
KEGG,5,GNRH SECRETION,0.11104828997642852,9,646,58,6576,CHGA;HCN2;HCN3;HRAS;KCNJ11;KCNJ9;KCNN1;KISS1R;MAPK3,1.0,False
KEGG,5,LYSOSOME,0.12710063241484335,16,646,120,6576,ACD;AP1M1;ARSA;ATP6V0C;DNASE2;DNASE2B;EGFL7;GNPTG;HYAL2;HYAL3;IDUA;MEAK7;NAGPA;NAPSA;PPT2;SMPD1,1.0,False
KEGG,5,ARGININE BIOSYNTHESIS,0.1446834608005402,4,646,21,6576,GPT2;GRID1;NAGS;NANOS3,1.0,False
KEGG,5,SPHINGOLIPID SIGNALING PATHWAY,0.14758429911352033,15,646,114,6576,ADORA1;CERS4;DEGS2;HRAS;MAPK11;MAPK12;MAPK3;NANOS3;PLD2;PPP2R1A;PRKCZ;S1PR5;SMPD1;SPHK1;SPHK2,1.0,False
KEGG,5,APOPTOSIS - MULTIPLE SPECIES,0.14974790128362664,5,646,29,6576,BBC3;BIRC7;BOK;FADD;HTRA2,1.0,False
KEGG,5,FRUCTOSE AND MANNOSE METABOLISM,0.14974790128362664,5,646,29,6576,GMPPB;KHK;PFKFB4;PMM1;TKFC,1.0,False
KEGG,5,GLYOXYLATE AND DICARBOXYLATE METABOLISM,0.14974790128362664,5,646,29,6576,ACSS1;AFMID;GLYCTK;LDHD;PGP,1.0,False
KEGG,5,AMPHETAMINE ADDICTION,0.1504942837294153,9,646,62,6576,CALML4;CREB3L4;GPRIN1;GRIN2C;GRIN2D;GRIN3B;HDAC1;SLC6A3;TH,1.0,False
KEGG,5,PEROXISOME,0.15820567526517845,11,646,80,6576,ACOT8;IDH2;MLYCD;MVK;PAOX;PEX10;PEX11B;PEX11G;PEX16;PEX5;PMVK,1.0,False
KEGG,5,MELANOGENESIS,0.16043867555297622,12,646,89,6576,CALML4;CREB3L4;FZD10;FZD9;GNAO1;HRAS;MAPK3;MC1R;POMC;WNT10A;WNT10B;WNT6,1.0,False
KEGG,5,ALPHA-LINOLENIC ACID METABOLISM,0.16394192517643402,4,646,22,6576,FADS2;PLA2G2C;PLA2G2E;PLA2G5,1.0,False
KEGG,5,BIOSYNTHESIS OF UNSATURATED FATTY ACIDS,0.16394192517643402,4,646,22,6576,ACOT4;ELOVL1;FADS2;TECR,1.0,False
KEGG,5,AXON GUIDANCE,0.16667046761916934,21,646,171,6576,CDK5;EFNA3;EFNB3;EPHB6;FZD9;HRAS;L1CAM;LIMK1;LIMK2;MAPK3;NTN3;PARD6A;PKN1;PLXNB3;PRKCZ;RGMA;RRAS;SEMA3B;SEMA4A;SEMA6B;SSH3,1.0,False
KEGG,5,NOTCH SIGNALING PATHWAY,0.16762229101469875,8,646,55,6576,DLL3;DTX2;HDAC1;HES5;JAG2;RFNG;TLE2;TLE7,1.0,False
KEGG,5,VEGF SIGNALING PATHWAY,0.16762229101469875,8,646,55,6576,BAD;HRAS;MAPK11;MAPK12;MAPK3;NANOS3;SPHK1;SPHK2,1.0,False
KEGG,5,GLUTAMATERGIC SYNAPSE,0.17130840188194285,14,646,108,6576,GNAO1;GNB3;GNG13;GNG7;GPRIN1;GRIN2C;GRIN2D;GRIN3B;GRM2;GRM4;HOMER3;MAPK3;PLD2;SLC17A7,1.0,False
KEGG,5,DRUG METABOLISM - OTHER ENZYMES,0.17369440378376527,7,646,47,6576,GSTM2;GSTM4;IMPDH1;MGST3;NME3;SCO2;TK1,1.0,False
KEGG,5,ETHER LIPID METABOLISM,0.17369440378376527,7,646,47,6576,GAL3ST1;GDPD3;LPCAT4;PLA2G2C;PLA2G2E;PLA2G5;PLD2,1.0,False
KEGG,5,SULFUR RELAY SYSTEM,0.18159085085801238,2,646,8,6576,CTU1;CTU2,1.0,False
KEGG,5,PROPANOATE METABOLISM,0.1831829726696022,5,646,31,6576,ACADS;ACSS1;BCKDHA;LDHD;MLYCD,1.0,False
KEGG,5,HEPATOCELLULAR CARCINOMA,0.18496242147659103,18,646,146,6576,BAD;CDKN2A;DDB2;E2F1;FZD10;FZD9;GADD45G;GSTM2;GSTM4;HRAS;KEAP1;MAPK3;MGST3;RPS6KB2;SLC25A23;WNT10A;WNT10B;WNT6,1.0,False
KEGG,5,ADRENERGIC SIGNALING IN CARDIOMYOCYTES,0.19434567232055952,17,646,138,6576,ADRA1D;ATP2A1;CACNB1;CACNB3;CACNG1;CACNG4;CACNG6;CALML4;CREB3L4;MAPK11;MAPK12;MAPK3;POPDC2;PPP1R1A;PPP2R1A;SCN1B;TNNI3,1.0,False
KEGG,5,MTOR SIGNALING PATHWAY,0.2006897793214795,18,646,148,6576,ATP6V1F;ATP6V1G2;CASTOR1;FZD10;FZD9;HRAS;LPIN3;MAPK3;MLST8;NPRL2;PRR5;RPS6KB2;SESN2;STK11;TELO2;WNT10A;WNT10B;WNT6,1.0,False
KEGG,5,PURINE METABOLISM,0.2073875057237839,14,646,112,6576,AK8;APRT;CANT1;COASY;ENTPD2;GUK1;HDDC3;IMPDH1;NME3;NPRL2;NT5M;PDE1B;PDE4A;PDE6B,1.0,False
KEGG,5,CUSHING SYNDROME,0.21099574937921742,17,646,140,6576,ARMC5;CDKN2A;CDKN2C;CREB3L4;CRHR1;CYP11A1;CYP21A2;E2F1;FZD10;FZD9;MAPK3;NR5A1;POMC;SLC25A23;WNT10A;WNT10B;WNT6,1.0,False
KEGG,5,DOPAMINERGIC SYNAPSE,0.21509283969952842,15,646,122,6576,CALML4;CALY;CREB3L4;DRD2;DRD4;GNAO1;GNB3;GNG13;GNG7;KCNJ9;MAPK11;MAPK12;PPP2R1A;SLC6A3;TH,1.0,False
KEGG,5,RETINOL METABOLISM,0.2190509398695647,5,646,33,6576,AWAT2;CYP26A1;CYP2W1;DGAT1;RDH8,1.0,False
KEGG,5,FATTY ACID ELONGATION,0.2264328984881393,4,646,25,6576,ACOT4;ELOVL1;PPT2;TECR,1.0,False
KEGG,5,GLYCOSAMINOGLYCAN DEGRADATION,0.2298524828993877,3,646,17,6576,HYAL2;HYAL3;IDUA,1.0,False
KEGG,5,SELENOCOMPOUND METABOLISM,0.2298524828993877,3,646,17,6576,INMT;KYAT1;SEPHS2,1.0,False
KEGG,5,PYRIMIDINE METABOLISM,0.2308182934153389,7,646,51,6576,CANT1;DCTD;NME3;NT5C3B;NT5M;SCO2;TK1,1.0,False
KEGG,5,"ALANINE, ASPARTATE AND GLUTAMATE METABOLISM",0.23773948111999016,5,646,34,6576,ALDH4A1;COASY;GPT2;GRID1;NAT8L,1.0,False
KEGG,5,VITAMIN DIGESTION AND ABSORPTION,0.24848076709203398,4,646,26,6576,AWAT2;SLC19A1;SLC5A6;SP8,1.0,False
KEGG,5,BREAST CANCER,0.24967423650269463,16,646,135,6576,DDB2;DLL3;E2F1;FGF17;FZD10;FZD9;GADD45G;HES5;HRAS;JAG2;MAPK3;RPS6KB2;SLC25A23;WNT10A;WNT10B;WNT6,1.0,False
KEGG,5,AMINO SUGAR AND NUCLEOTIDE SUGAR METABOLISM,0.2568445294499504,5,646,35,6576,AMDHD2;GALK1;GALT;GMPPB;PMM1,1.0,False
KEGG,5,ARGININE AND PROLINE METABOLISM,0.26045093096114724,6,646,44,6576,ALDH4A1;AZIN2;CKB;GAMT;NANOS3;SRMS,1.0,False
KEGG,5,CENTRAL CARBON METABOLISM IN CANCER,0.26102960013932525,8,646,62,6576,HRAS;IDH2;MAPK3;NTRK1;PGAM2;SCO2;SIRT6;UBL4A,1.0,False
KEGG,5,NUCLEOTIDE EXCISION REPAIR,0.26149544247672624,7,646,53,6576,DDB2;ERCC1;GTF2H4;POLD2;POLD4;POLR2I;SLC19A1,1.0,False
KEGG,5,TASTE TRANSDUCTION,0.2755327518232426,8,646,63,6576,ENTPD2;GNB3;GNG13;GRM4;HTR3A;PDE1B;TAS1R2;TAS1R3,1.0,False
KEGG,5,THYROID CANCER,0.276300923510919,5,646,36,6576,DDB2;GADD45G;HRAS;MAPK3;NTRK1,1.0,False
KEGG,5,CELLULAR SENESCENCE,0.27859175517117507,16,646,138,6576,ARTN;CALML4;CAPN1;CCNA1;CDKN2A;E2F1;GADD45G;HIPK4;HRAS;MAPK11;MAPK12;MAPK3;MYBL2;RAD9A;RRAS;TRPV4,1.0,False
KEGG,5,OXYTOCIN SIGNALING PATHWAY,0.27859175517117507,16,646,138,6576,CACNB1;CACNB3;CACNG1;CACNG4;CACNG6;CALML4;CAMKK2;GNAO1;HRAS;KCNJ9;MAPK3;MYLK2;NANOS3;NPPA;NPRL2;OXT,1.0,False
KEGG,5,CALCIUM SIGNALING PATHWAY,0.28064839449333884,26,646,234,6576,ADORA2A;ADRA1D;ATP2A1;CALML4;CASQ1;CCKBR;FGF17;GPRIN1;GRIN2C;GRIN2D;GRIN3B;HTR6;ITPKA;MYLK2;NANOS3;NTRK1;NTSR1;P2RX5;P2RX6;PDE1B;PTGER1;SPHK1;SPHK2;TNNC2;TNNI3;TPCN2,1.0,False
KEGG,5,LIPOIC ACID METABOLISM,0.28497787823085036,3,646,19,6576,BCKDHA;LDHD;OGDHL,1.0,False
KEGG,5,CYSTEINE AND METHIONINE METABOLISM,0.2953917552091033,6,646,46,6576,BCAT2;KYAT1;MRI1;PHGDH;SDSL;SRMS,1.0,False
KEGG,5,OLFACTORY TRANSDUCTION,0.2960440316357449,5,646,37,6576,CALML4;CNGA4;GNG13;GNG7;PDE1B,1.0,False
KEGG,5,PANTOTHENATE AND COA BIOSYNTHESIS,0.3129650435385765,3,646,20,6576,BCAT2;COASY;PPCDC,1.0,False
KEGG,5,TERPENOID BACKBONE BIOSYNTHESIS,0.3129650435385765,3,646,20,6576,MVD;MVK;PMVK,1.0,False
KEGG,5,IL-17 SIGNALING PATHWAY,0.32881851898193865,9,646,76,6576,ELAVL1;FADD;IL13;IL17B;IL17D;MAPK11;MAPK12;MAPK15;MAPK3,1.0,False
KEGG,5,SEROTONERGIC SYNAPSE,0.32891638744487234,11,646,95,6576,ALOX12B;ALOX15B;GNAO1;GNB3;GNG13;GNG7;HRAS;HTR3A;HTR6;KCNJ9;MAPK3,1.0,False
KEGG,5,UBIQUINONE AND OTHER TERPENOID-QUINONE BIOSYNTHESIS,0.33289961994176664,2,646,12,6576,COQ4;VKORC1,1.0,False
KEGG,5,MORPHINE ADDICTION,0.33582761397752947,10,646,86,6576,ADORA1;GABRD;GNAO1;GNB3;GNG13;GNG7;KCNJ9;PDE1B;PDE4A;SLC32A1,1.0,False
KEGG,5,CARBOHYDRATE DIGESTION AND ABSORPTION,0.33613769021003215,5,646,39,6576,G6PC3;PMEL;SLC37A4;TAS1R2;TAS1R3,1.0,False
KEGG,5,TRYPTOPHAN METABOLISM,0.33613769021003215,5,646,39,6576,AFMID;GCDH;INMT;KYAT1;LDHD,1.0,False
KEGG,5,MISMATCH REPAIR,0.34101197399491573,3,646,21,6576,POLD2;POLD4;SLC19A1,1.0,False
KEGG,5,PROXIMAL TUBULE BICARBONATE RECLAMATION,0.34101197399491573,3,646,21,6576,GRID1;SLC25A10;SLC9A3,1.0,False
KEGG,5,MELANOMA,0.35074287436100865,8,646,68,6576,BAD;CDKN2A;DDB2;E2F1;FGF17;GADD45G;HRAS;MAPK3,1.0,False
KEGG,5,LONG-TERM POTENTIATION,0.35884477784318797,7,646,59,6576,CALML4;GPRIN1;GRIN2C;GRIN2D;HRAS;MAPK3;PPP1R1A,1.0,False
KEGG,5,VASCULAR SMOOTH MUSCLE CONTRACTION,0.36253662403076825,13,646,117,6576,ADORA2A;ADRA1D;CALML4;MAPK3;MYLK2;NPPA;NPPC;NPRL2;PLA2G2C;PLA2G2E;PLA2G5;PPP1R14A;RAMP1,1.0,False
KEGG,5,STEROID HORMONE BIOSYNTHESIS,0.3632318260335347,4,646,31,6576,CYP11A1;CYP21A2;HSD17B1;SULT2B1,1.0,False
KEGG,5,NON-SMALL CELL LUNG CANCER,0.36614043842179306,8,646,69,6576,BAD;CDKN2A;DDB2;E2F1;GADD45G;HRAS;MAPK3;RASSF1,1.0,False
KEGG,5,LINOLEIC ACID METABOLISM,0.36897040275572907,3,646,22,6576,PLA2G2C;PLA2G2E;PLA2G5,1.0,False
KEGG,5,MATURITY ONSET DIABETES OF THE YOUNG,0.36897040275572907,3,646,22,6576,BHLHA15;MAFA;NKX2-2,1.0,False
KEGG,5,GLYCOSAMINOGLYCAN BIOSYNTHESIS - KERATAN SULFATE,0.370069898098837,2,646,13,6576,B4GALT2;CHST1,1.0,False
KEGG,5,RAS SIGNALING PATHWAY,0.3729144106467404,23,646,216,6576,BAD;CALML4;EFNA3;FGF17;FLT3LG;GNB3;GNG13;GNG7;GPRIN1;HRAS;MAPK3;NTRK1;PGF;PKN1;PLA2G2C;PLA2G2E;PLA2G5;PLD2;RASGRF1;RASSF1;RIN1;RRAS;SPNS1,1.0,False
KEGG,5,CIRCADIAN ENTRAINMENT,0.3765257863960019,10,646,89,6576,CALML4;GNAO1;GNB3;GNG13;GNG7;GPRIN1;GRIN2C;GRIN2D;KCNJ9;MAPK3,1.0,False
KEGG,5,HIPPO SIGNALING PATHWAY,0.381524371450365,16,646,148,6576,AMH;BBC3;CRB2;FZD10;FZD9;LLGL2;MPP2;PARD6A;PPP2R1A;PRKCZ;RASSF1;SLC25A23;WNT10A;WNT10B;WNT6;WTIP,1.0,False
KEGG,5,FLUID SHEAR STRESS AND ATHEROSCLEROSIS,0.3862099743647658,13,646,119,6576,CALML4;GPC1;GSTM2;GSTM4;KEAP1;MAPK11;MAPK12;MGST3;NANOS3;NPPC;PIAS4;PRKCZ;TRPV4,1.0,False
KEGG,5,HUMAN PAPILLOMAVIRUS INFECTION,0.3867306198478365,30,646,287,6576,ATP6V0C;ATP6V1F;ATP6V1G2;BAD;CCNA1;CREB3L4;E2F1;FADD;FZD10;FZD9;HDAC1;HES2;HES3;HES5;HES6;HRAS;IRF3;LAMC3;LLGL2;MAPK3;MPP2;PARD6A;PPP2R1A;PRKCZ;RFNG;RPS6KB2;SLC25A23;WNT10A;WNT10B;WNT6,1.0,False
KEGG,5,SIGNALING PATHWAYS REGULATING PLURIPOTENCY OF STEM CELLS,0.3885004418150517,14,646,129,6576,FZD10;FZD9;HOXD1;HRAS;LHX5;MAPK11;MAPK12;MAPK3;OTX1;SLC25A23;TCF3;WNT10A;WNT10B;WNT6,1.0,False
KEGG,5,GLYCOSPHINGOLIPID BIOSYNTHESIS - LACTO AND NEOLACTO SERIES,0.3967074335225404,3,646,23,6576,B3GNT4;B4GALT2;FUT7,1.0,False
KEGG,5,NEUTROPHIL EXTRACELLULAR TRAP FORMATION,0.40636861405464614,11,646,101,6576,AGER;H2AC19;H2AX;HDAC1;HDAC10;HDAC11;HDAC3;HDAC7;MAPK11;MAPK12;MAPK3,1.0,False
KEGG,5,CHRONIC MYELOID LEUKEMIA,0.41258330536549936,8,646,72,6576,BAD;CDKN2A;DDB2;E2F1;GADD45G;HDAC1;HRAS;MAPK3,1.0,False
KEGG,5,INSULIN RESISTANCE,0.41941060113898415,11,646,102,6576,CREB3L4;G6PC3;NANOS3;NR1H2;PRKCZ;PYGM;RPS6KB2;SLC27A1;SLC27A4;SLC27A5;TRIB3,1.0,False
KEGG,5,CYTOSOLIC DNA-SENSING PATHWAY,0.422068999709436,6,646,53,6576,DNASE2;DNASE2B;FADD;IRF3;NFKBIB;ZDHHC1,1.0,False
KEGG,5,GLYCOLYSIS / GLUCONEOGENESIS,0.422068999709436,6,646,53,6576,ACSS1;ENO2;G6PC3;GAPDHS;LDHD;PGAM2,1.0,False
KEGG,5,CHEMICAL CARCINOGENESIS - DNA ADDUCTS,0.42410524181196535,3,646,24,6576,GSTM2;GSTM4;MGST3,1.0,False
KEGG,5,PROLACTIN SIGNALING PATHWAY,0.4255433436243236,7,646,63,6576,CHGA;GALT;HRAS;MAPK11;MAPK12;MAPK3;TH,1.0,False
KEGG,5,CORTISOL SYNTHESIS AND SECRETION,0.44017137279697327,6,646,54,6576,CREB3L4;CYP11A1;CYP21A2;NR0B1;NR5A1;POMC,1.0,False
KEGG,5,ENDOMETRIAL CANCER,0.44017137279697327,6,646,54,6576,BAD;DDB2;GADD45G;HRAS;MAPK3;SLC25A23,1.0,False
KEGG,5,COLLECTING DUCT ACID SECRETION,0.4510605613561236,3,646,25,6576,ATP6V0C;ATP6V1F;ATP6V1G2,1.0,False
KEGG,5,WNT SIGNALING PATHWAY,0.45640871870274613,16,646,155,6576,CTNNBIP1;FZD10;FZD9;LZTS2;NOTUM;PORCN;PRICKLE3;PRICKLE4;RSPO1;RSPO4;SLC25A23;TLE2;TLE7;WNT10A;WNT10B;WNT6,1.0,False
KEGG,5,APELIN SIGNALING PATHWAY,0.45776448846306805,13,646,125,6576,CALML4;GNB3;GNG13;GNG7;HRAS;MAPK3;MEF2B;MYLK2;NANOS3;RPS6KB2;RRAS;SPHK1;SPHK2,1.0,False
KEGG,5,P53 SIGNALING PATHWAY,0.4586929240036887,7,646,65,6576,BBC3;CDKN2A;DDB2;GADD45G;PIDD1;PPP1R13L;SESN2,1.0,False
KEGG,5,CARDIAC MUSCLE CONTRACTION,0.4588960225500685,8,646,75,6576,ATP2A1;CACNB1;CACNB3;CACNG1;CACNG4;CACNG6;COX6A2;TNNI3,1.0,False
KEGG,5,PANCREATIC CANCER,0.4588960225500685,8,646,75,6576,BAD;CDKN2A;DDB2;E2F1;GADD45G;MAPK3;PLD2;RPS6KB2,1.0,False
KEGG,5,VITAMIN B6 METABOLISM,0.4624122646405894,1,646,6,6576,PDXP,1.0,False
KEGG,5,APOPTOSIS,0.47053600646286176,12,646,116,6576,BAD;BBC3;CAPN1;ENDOG;FADD;GADD45G;HRAS;HTRA2;MAPK3;NTRK1;PIDD1;TUBA4A,1.0,False
KEGG,5,FC GAMMA R-MEDIATED PHAGOCYTOSIS,0.47327023180156247,9,646,86,6576,LIMK1;LIMK2;MAPK3;PKN1;PLD2;RPS6KB2;SPHK1;SPHK2;SPNS1,1.0,False
KEGG,5,OTHER GLYCAN DEGRADATION,0.4757399192817645,2,646,16,6576,EGFL7;ENGASE,1.0,False
KEGG,5,PRIMARY BILE ACID BIOSYNTHESIS,0.4757399192817645,2,646,16,6576,ACOT8;SLC27A5,1.0,False
KEGG,5,FATTY ACID DEGRADATION,0.47742230534325797,4,646,36,6576,ACADS;ACSBG2;ECI1;GCDH,1.0,False
KEGG,5,STARCH AND SUCROSE METABOLISM,0.4774840127818744,3,646,26,6576,G6PC3;PMEL;PYGM,1.0,False
KEGG,5,INOSITOL PHOSPHATE METABOLISM,0.48940054064829247,8,646,77,6576,CDIPT;INPP5J;ISYNA1;ITPK1;ITPKA;MTMR14;PIP5KL1;PLCH2,1.0,False
KEGG,5,MINERAL ABSORPTION,0.49629786399291936,5,646,47,6576,ATOX1;SLC26A6;SLC34A3;SLC39A4;SLC9A3,1.0,False
KEGG,5,HOMOLOGOUS RECOMBINATION,0.4994075506411385,4,646,37,6576,ARTN;POLD2;POLD4;XRCC3,1.0,False
KEGG,5,HIPPO SIGNALING PATHWAY - MULTIPLE SPECIES,0.5032993214133608,3,646,27,6576,PKN1;RASSF1;WTIP,1.0,False
KEGG,5,PENTOSE PHOSPHATE PATHWAY,0.5032993214133608,3,646,27,6576,GLYCTK;PHGDH;UBL4A,1.0,False
KEGG,5,HUMAN IMMUNODEFICIENCY VIRUS 1 INFECTION,0.5075127748282727,17,646,170,6576,AP1M1;BAD;CALML4;FADD;GNAO1;GNB3;GNG13;GNG7;HRAS;IRF3;LIMK1;LIMK2;MAPK11;MAPK12;MAPK3;PKN1;RPS6KB2,1.0,False
KEGG,5,GLIOMA,0.5075618836060534,7,646,68,6576,CALML4;CDKN2A;DDB2;E2F1;GADD45G;HRAS;MAPK3,1.0,False
KEGG,5,ASTHMA,0.5085249107994149,2,646,17,6576,IL13;PLPPR3,1.0,False
KEGG,5,FOLATE BIOSYNTHESIS,0.5085249107994149,2,646,17,6576,FPGS;TH,1.0,False
KEGG,5,NECROPTOSIS,0.5099284865705255,11,646,109,6576,CAPN1;CHMP1A;CHMP6;FADD;GRID1;H2AC19;H2AX;PYGM;SHARPIN;SMPD1;SPATA2L,1.0,False
KEGG,5,TH1 AND TH2 CELL DIFFERENTIATION,0.5194204851291193,8,646,79,6576,DLL3;IL13;JAG2;MAPK11;MAPK12;MAPK3;NFKBIB;SPNS1,1.0,False
KEGG,5,OVARIAN STEROIDOGENESIS,0.5209836986683564,4,646,38,6576,ACOT4;CHGA;CYP11A1;HSD17B1,1.0,False
KEGG,5,ADIPOCYTOKINE SIGNALING PATHWAY,0.5235288209655669,7,646,69,6576,ACSBG2;AGRP;CAMKK2;G6PC3;NFKBIB;POMC;STK11,1.0,False
KEGG,5,CITRATE CYCLE (TCA CYCLE),0.528442462320333,3,646,28,6576,IDH2;LDHD;OGDHL,1.0,False
KEGG,5,DRUG METABOLISM - CYTOCHROME P450,0.528442462320333,3,646,28,6576,GSTM2;GSTM4;MGST3,1.0,False
KEGG,5,PROTEIN EXPORT,0.528442462320333,3,646,28,6576,GET4;SGTA;UBL4A,1.0,False
KEGG,5,MAPK SIGNALING PATHWAY,0.5383418345127428,28,646,286,6576,ARTN;CACNB1;CACNB3;CACNG1;CACNG4;CACNG6;DUSP8;ECSIT;EFNA3;FGF17;FLT3LG;GADD45G;HRAS;MAP3K6;MAPK11;MAPK12;MAPK3;MAPK8IP2;MAPT;NRTN;NTRK1;PGF;PKN1;PPP5C;PTPN5;RASGRF1;RRAS;TAOK2,1.0,False
KEGG,5,RETROGRADE ENDOCANNABINOID SIGNALING,0.5398547397715101,13,646,132,6576,ABHD6;GABRD;GNAO1;GNB3;GNG13;GNG7;KCNJ9;MAPK11;MAPK12;MAPK3;NDUFV1;SLC17A7;SLC32A1,1.0,False
KEGG,5,NEUROTROPHIN SIGNALING PATHWAY,0.547610840395272,11,646,112,6576,ARHGDIG;BAD;BEX3;CALML4;HRAS;MAPK11;MAPK12;MAPK3;NFKBIB;NTRK1;SH2B2,1.0,False
KEGG,5,COLORECTAL CANCER,0.5488125632424969,8,646,81,6576,BAD;BBC3;DDB2;GADD45G;HRAS;MAPK3;RPS6KB2;SLC25A23,1.0,False
KEGG,5,N-GLYCAN BIOSYNTHESIS,0.5529347668776432,5,646,50,6576,ALG3;B4GALT2;DOLK;DOLPP1;MGAT5B,1.0,False
KEGG,5,FC EPSILON RI SIGNALING PATHWAY,0.5621054052195826,6,646,61,6576,HRAS;IL13;MAPK11;MAPK12;MAPK3;SPNS1,1.0,False
KEGG,5,CHOLINERGIC SYNAPSE,0.5650334964351457,10,646,103,6576,ACHE;CREB3L4;GNAO1;GNB3;GNG13;GNG7;HRAS;KCNQ4;MAPK3;SLC18A3,1.0,False
KEGG,5,BIOSYNTHESIS OF VARIOUS NUCLEOTIDE SUGARS,0.5699341560612236,2,646,19,6576,CYB5R1;GMPPB,1.0,False
KEGG,5,AMPK SIGNALING PATHWAY,0.5721382017581131,11,646,114,6576,CAMKK2;CCNA1;CREB3L4;ELAVL1;G6PC3;MLYCD;PFKFB4;PPP2R1A;RAB43;RPS6KB2;STK11,1.0,False
KEGG,5,METABOLISM OF XENOBIOTICS BY CYTOCHROME P450,0.5765119908671865,3,646,30,6576,GSTM2;GSTM4;MGST3,1.0,False
KEGG,5,GASTRIC CANCER,0.5849236072651973,13,646,136,6576,DDB2;E2F1;FGF17;FZD10;FZD9;GADD45G;HRAS;MAPK3;RPS6KB2;SLC25A23;WNT10A;WNT10B;WNT6,1.0,False
KEGG,5,ARRHYTHMOGENIC RIGHT VENTRICULAR CARDIOMYOPATHY,0.5914514976201941,8,646,84,6576,ATP2A1;CACNB1;CACNB3;CACNG1;CACNG4;CACNG6;SGCA;SNTA1,1.0,False
KEGG,5,GABAERGIC SYNAPSE,0.5914514976201941,8,646,84,6576,GABRD;GNAO1;GNB3;GNG13;GNG7;SLC12A5;SLC32A1;SLC38A5,1.0,False
KEGG,5,FOLATE TRANSPORT AND METABOLISM,0.5984862796748516,2,646,20,6576,FPGS;SLC19A1,1.0,False
KEGG,5,RELAXIN SIGNALING PATHWAY,0.6078515699215503,11,646,117,6576,CREB3L4;GNAO1;GNB3;GNG13;GNG7;HRAS;MAPK11;MAPK12;MAPK3;NANOS3;PRKCZ,1.0,False
KEGG,5,HYPERTROPHIC CARDIOMYOPATHY,0.6101613705173086,9,646,96,6576,ATP2A1;CACNB1;CACNB3;CACNG1;CACNG4;CACNG6;SGCA;SNTA1;TNNI3,1.0,False
KEGG,5,EPITHELIAL CELL SIGNALING IN HELICOBACTER PYLORI INFECTION,0.6103985318924744,6,646,64,6576,ATP6V0C;ATP6V1F;ATP6V1G2;MAPK11;MAPK12;PKN1,1.0,False
KEGG,5,CGMP-PKG SIGNALING PATHWAY,0.6116939530115103,14,646,149,6576,ADORA1;ADRA1D;ADRA2B;ATP2A1;BAD;CALML4;CREB3L4;MAPK3;MEF2B;MYLK2;NANOS3;NPPA;NPPC;NPRL2,1.0,False
KEGG,5,PPAR SIGNALING PATHWAY,0.6258262208303169,6,646,65,6576,ACSBG2;FADS2;PLIN4;SLC27A1;SLC27A4;SLC27A5,1.0,False
KEGG,5,LONG-TERM DEPRESSION,0.6397412987964433,5,646,55,6576,CRHR1;GNAO1;HRAS;MAPK3;PPP2R1A,1.0,False
KEGG,5,FANCONI ANEMIA PATHWAY,0.6398804159479352,4,646,44,6576,ATRIP;ERCC1;FAAP100;TELO2,1.0,False
KEGG,5,TYPE II DIABETES MELLITUS,0.6398804159479352,4,646,44,6576,KCNJ11;MAFA;MAPK3;PRKCZ,1.0,False
KEGG,5,VIRAL CARCINOGENESIS,0.642146002891134,14,646,152,6576,BAD;CCNA1;CDKN2A;CREB3L4;GTF2H4;HDAC1;HDAC10;HDAC11;HDAC3;HDAC7;HPN;HRAS;IRF3;MAPK3,1.0,False
KEGG,5,DNA REPLICATION,0.6425784406789418,3,646,33,6576,POLD2;POLD4;SLC19A1,1.0,False
KEGG,5,GAP JUNCTION,0.6427717263446688,7,646,77,6576,DRD2;HRAS;MAPK3;TUBA4A;TUBB2A;TUBB3;TUBB4A,1.0,False
KEGG,5,DILATED CARDIOMYOPATHY,0.647622838522237,9,646,99,6576,ATP2A1;CACNB1;CACNB3;CACNG1;CACNG4;CACNG6;SGCA;SNTA1;TNNI3,1.0,False
KEGG,5,PHOTOTRANSDUCTION,0.6512506817086512,2,646,22,6576,CALML4;PDE6B,1.0,False
KEGG,5,ENDOCYTOSIS,0.654338487109207,20,646,217,6576,AP2M1;ARF1;ARF5;CHMP1A;CHMP6;EPN1;EPN3;FBXL15;HRAS;IQSEC3;MVB12A;PARD6A;PIP5KL1;PLD2;PRKCZ;RAB43;SH3GLB2;VPS28;VPS37D;ZFYVE27,1.0,False
KEGG,5,"VALINE, LEUCINE AND ISOLEUCINE DEGRADATION",0.657712741240634,4,646,45,6576,ACADS;BCAT2;BCKDHA;LDHD,1.0,False
KEGG,5,VIBRIO CHOLERAE INFECTION,0.657712741240634,4,646,45,6576,ARF1;ATP6V0C;ATP6V1F;ATP6V1G2,1.0,False
KEGG,5,ALZHEIMER DISEASE,0.6652658222926386,30,646,324,6576,AGER;APBB1;ATP2A1;BAD;CALML4;CAPN1;CDK5;COX6A2;FADD;FZD10;FZD9;GPRIN1;GRIN2C;GRIN2D;HRAS;KLC3;MAPK3;MAPT;NDUFV1;PSMB3;SLC25A23;SLC39A3;SLC39A4;TUBA4A;TUBB2A;TUBB3;TUBB4A;WNT10A;WNT10B;WNT6,1.0,False
KEGG,5,EFFEROCYTOSIS,0.6688268630788918,13,646,144,6576,AGER;ATP2A1;DUSP8;EPOR;MAPK11;MAPK12;MAPK3;NR1H2;SLC66A1;SPHK1;SPHK2;TYRO3;VPS18,1.0,False
KEGG,5,PARKINSON DISEASE,0.670687602785873,20,646,219,6576,ADORA2A;CALML4;COX6A2;DRD2;HTRA2;KEAP1;KLC3;MAPT;NDUFV1;PSMB3;SLC39A3;SLC39A4;SLC6A3;TH;TRAP1;TUBA4A;TUBB2A;TUBB3;TUBB4A;UBE2J2,1.0,False
KEGG,5,LYSINE DEGRADATION,0.6713803413491186,5,646,57,6576,COLGALT1;GCDH;KMT5C;LDHD;SUV39H1,1.0,False
KEGG,5,RAP1 SIGNALING PATHWAY,0.6731566071031723,18,646,198,6576,ADORA2A;CALML4;DRD2;EFNA3;FGF17;GNAO1;GPRIN1;HRAS;MAPK11;MAPK12;MAPK3;PARD6A;PFN1;PGF;PRKCZ;RGS14;RRAS;SPNS1,1.0,False
KEGG,5,CHOLESTEROL METABOLISM,0.674940670180969,4,646,46,6576,LCAT;LRPAP1;OSBPL5;TSPO,1.0,False
KEGG,5,THIAMINE METABOLISM,0.6796493310597397,1,646,11,6576,AK8,1.0,False
KEGG,5,GNRH SIGNALING PATHWAY,0.6827192699609383,7,646,80,6576,CALML4;CHGA;HRAS;MAPK11;MAPK12;MAPK3;PLD2,1.0,False
KEGG,5,LEISHMANIASIS,0.68649555675449,5,646,58,6576,EEF1A2;MAPK11;MAPK12;MAPK3;NFKBIB,1.0,False
KEGG,5,PD-L1 EXPRESSION AND PD-1 CHECKPOINT PATHWAY IN CANCER,0.6953861205964664,7,646,81,6576,HRAS;MAPK11;MAPK12;MAPK3;NFKBIB;RPS6KB2;SPNS1,1.0,False
KEGG,5,PERTUSSIS,0.7011338319990187,5,646,59,6576,CALML4;IRF3;MAPK11;MAPK12;MAPK3,1.0,False
KEGG,5,VIRAL LIFE CYCLE - HIV-1,0.7075641193077122,4,646,48,6576,CHMP6;ELL3;FURIN;MAP1S,1.0,False
KEGG,5,INSULIN SIGNALING PATHWAY,0.7153054238841934,11,646,127,6576,BAD;CALML4;G6PC3;HRAS;MAPK3;PPP1R3F;PRKAR1B;PRKCZ;PYGM;RPS6KB2;SH2B2,1.0,False
KEGG,5,TOXOPLASMOSIS,0.7174357285311699,8,646,94,6576,BAD;BIRC7;GNAO1;LAMC3;MAPK11;MAPK12;MAPK3;NFKBIB,1.0,False
KEGG,5,MOTOR PROTEINS,0.7178752868758629,15,646,171,6576,DCTN3;DNAL4;DYNLT4;KIF17;KIF19;KIF7;KLC3;TNNC2;TNNI2;TNNI3;TNNT1;TUBA4A;TUBB2A;TUBB3;TUBB4A,1.0,False
KEGG,5,PYRUVATE METABOLISM,0.7188265738914924,3,646,37,6576,ACSS1;HAGH;LDHD,1.0,False
KEGG,5,C-TYPE LECTIN RECEPTOR SIGNALING PATHWAY,0.7284880973242089,8,646,95,6576,CALML4;HRAS;IL17D;MAPK11;MAPK12;MAPK3;PKN1;RRAS,1.0,False
KEGG,5,HUMAN CYTOMEGALOVIRUS INFECTION,0.7350374631325335,16,646,184,6576,CALML4;CDKN2A;CREB3L4;E2F1;FADD;GNAO1;GNB3;GNG13;GNG7;HRAS;IRF3;MAPK11;MAPK12;MAPK3;PTGER1;RPS6KB2,1.0,False
KEGG,5,"GROWTH HORMONE SYNTHESIS, SECRETION AND ACTION",0.7368802004957373,9,646,107,6576,CREB3L4;GHRHR;HRAS;IGFALS;MAPK11;MAPK12;MAPK3;SST;SSTR5,1.0,False
KEGG,5,NON-HOMOLOGOUS END-JOINING,0.7395972099014334,1,646,13,6576,POLL,1.0,False
KEGG,5,ACUTE MYELOID LEUKEMIA,0.7421666750068716,5,646,62,6576,BAD;CCNA1;HRAS;MAPK3;RPS6KB2,1.0,False
KEGG,5,PATHWAYS IN CANCER,0.7569526604630671,42,646,467,6576,BAD;BBC3;BIRC7;CALML4;CCNA1;CDKN2A;DDB2;DLL3;E2F1;EPOR;FADD;FGF17;FLT3LG;FZD10;FZD9;GADD45G;GLI1;GNB3;GNG13;GNG7;GSTM2;GSTM4;HDAC1;HES5;HRAS;IL13;JAG2;KEAP1;KIF7;LAMC3;MAPK3;MGST3;NTRK1;PGF;PLD2;PTGER1;RASSF1;RPS6KB2;SLC25A23;WNT10A;WNT10B;WNT6,1.0,False
KEGG,5,AFRICAN TRYPANOSOMIASIS,0.7589863242080245,2,646,27,6576,NPPA;THOP1,1.0,False
KEGG,5,INFLAMMATORY MEDIATOR REGULATION OF TRP CHANNELS,0.7643271337664268,7,646,87,6576,ASIC1;CALML4;MAPK11;MAPK12;NTRK1;TRPV1;TRPV4,1.0,False
KEGG,5,TAURINE AND HYPOTAURINE METABOLISM,0.7652288116694775,1,646,14,6576,GGT7,1.0,False
KEGG,5,ABC TRANSPORTERS,0.7672628516462623,3,646,40,6576,ABCA3;ABCB6;ABCB8,1.0,False
KEGG,5,OTHER TYPES OF O-GLYCAN BIOSYNTHESIS,0.7672628516462623,3,646,40,6576,B4GALT2;COLGALT1;RFNG,1.0,False
KEGG,5,VIRION - HEPATITIS VIRUSES,0.7672628516462623,3,646,40,6576,CHMP1A;CLDN25;CLDN9,1.0,False
KEGG,5,ERBB SIGNALING PATHWAY,0.7704358098930733,6,646,76,6576,BAD;HRAS;MAPK3;NRG2;PKN1;RPS6KB2,1.0,False
KEGG,5,FOXO SIGNALING PATHWAY,0.7722358139181447,10,646,122,6576,CDKN2D;FOXO6;G6PC3;GADD45G;HOMER3;HRAS;MAPK11;MAPK12;MAPK3;STK11,1.0,False
KEGG,5,GLYCOSYLPHOSPHATIDYLINOSITOL (GPI)-ANCHOR BIOSYNTHESIS,0.7767204674301544,2,646,28,6576,GPAA1;PIGG,1.0,False
KEGG,5,PORPHYRIN METABOLISM,0.7767204674301544,2,646,28,6576,BLVRA;PPOX,1.0,False
KEGG,5,PATHWAYS OF NEURODEGENERATION - MULTIPLE DISEASES,0.7771141440845599,36,646,407,6576,AGER;ATP2A1;BAD;CALML4;CAPN1;CDK5;COX6A2;DCTN3;DNAL4;FADD;FZD10;FZD9;GPRIN1;GRIN2C;GRIN2D;HRAS;HTRA2;KLC3;MAPK11;MAPK12;MAPK3;MAPT;NDUFV1;PSMB3;SIGMAR1;SLC25A23;SLC6A3;TRAP1;TUBA4A;TUBB2A;TUBB3;TUBB4A;UBE2J2;WNT10A;WNT10B;WNT6,1.0,False
KEGG,5,TGF-BETA SIGNALING PATHWAY,0.7793103158174183,8,646,100,6576,AMH;HDAC1;MAPK3;NOG;PPP2R1A;RGMA;RPS6KB2;TMEM53,1.0,False
KEGG,5,VARIOUS TYPES OF N-GLYCAN BIOSYNTHESIS,0.7818204232903526,3,646,41,6576,ALG3;B4GALNT4;B4GALT2,1.0,False
KEGG,5,VASOPRESSIN-REGULATED WATER REABSORPTION,0.7818204232903526,3,646,41,6576,ARHGDIG;CREB3L4;RAB43,1.0,False
KEGG,5,HEPATITIS B,0.7864121049422417,11,646,135,6576,BAD;CCNA1;CREB3L4;DDB2;E2F1;FADD;HRAS;IRF3;MAPK11;MAPK12;MAPK3,1.0,False
KEGG,5,GLYCOSPHINGOLIPID BIOSYNTHESIS - GANGLIO SERIES,0.788341001194244,1,646,15,6576,B4GALNT1,1.0,False
KEGG,5,BETA-ALANINE METABOLISM,0.7933026677307087,2,646,29,6576,ACADS;MLYCD,1.0,False
KEGG,5,PATHOGENIC ESCHERICHIA COLI INFECTION,0.7955417425122722,14,646,170,6576,ARF1;BAIAP2;CLDN25;CLDN9;FADD;MAPK11;MAPK12;MAPK3;NFKBIB;PKN1;TUBA4A;TUBB2A;TUBB3;TUBB4A,1.0,False
KEGG,5,RIBOSOME,0.805361396316246,10,646,126,6576,MRPL12;MRPL20;MRPL34;MRPL41;MRPL53;MRPL55;MRPS11;MRPS18A;MRPS34;RPS15,1.0,False
KEGG,5,AUTOPHAGY - OTHER,0.8087877160781033,2,646,30,6576,ATG9B;MLST8,1.0,False
KEGG,5,ONE CARBON POOL BY FOLATE,0.8087877160781033,2,646,30,6576,LDHD;SARDH,1.0,False
KEGG,5,TYROSINE METABOLISM,0.8087877160781033,2,646,30,6576,DBH;TH,1.0,False
KEGG,5,FATTY ACID BIOSYNTHESIS,0.8091810733217427,1,646,16,6576,ACSBG2,1.0,False
KEGG,5,TOLL-LIKE RECEPTOR SIGNALING PATHWAY,0.81128780391155,6,646,80,6576,FADD;IRF3;MAPK11;MAPK12;MAPK3;TOLLIP,1.0,False
KEGG,5,MITOPHAGY - ANIMAL,0.8125373479334594,7,646,92,6576,ATG9B;E2F1;HRAS;MON1A;MUL1;NLRX1;RRAS,1.0,False
KEGG,5,ALDOSTERONE SYNTHESIS AND SECRETION,0.8205599385767567,6,646,81,6576,CALML4;CREB3L4;CYP11A1;CYP21A2;NPPA;POMC,1.0,False
KEGG,5,SYSTEMIC LUPUS ERYTHEMATOSUS,0.8210324358731468,3,646,44,6576,C8G;H2AC19;H2AX,1.0,False
KEGG,5,SNARE INTERACTIONS IN VESICULAR TRANSPORT,0.8232307698007748,2,646,31,6576,STX1B;VAMP1,1.0,False
KEGG,5,PRION DISEASE,0.8277521752532261,18,646,220,6576,BAD;C8G;COX6A2;CREB3L4;GPRIN1;GRIN2C;GRIN2D;GRIN3B;KLC3;MAPK11;MAPK12;MAPK3;NDUFV1;PSMB3;TUBA4A;TUBB2A;TUBB3;TUBB4A,1.0,False
KEGG,5,COBALAMIN TRANSPORT AND METABOLISM,0.827972083479388,1,646,17,6576,CD320,1.0,False
KEGG,5,NITROGEN METABOLISM,0.827972083479388,1,646,17,6576,GRID1,1.0,False
KEGG,5,PANCREATIC SECRETION,0.8294683220005391,6,646,82,6576,ATP2A1;CEL;PLA2G2C;PLA2G2E;PLA2G5;TPCN2,1.0,False
KEGG,5,ATP-DEPENDENT CHROMATIN REMODELING,0.8295506808261306,7,646,94,6576,BCL7C;BRD9;CDK2AP2;H2AC19;H2AX;HDAC1;TFPT,1.0,False
KEGG,5,ESTROGEN SIGNALING PATHWAY,0.8324919870847333,9,646,118,6576,CALML4;CREB3L4;GNAO1;HRAS;KCNJ9;KRT10;MAPK3;NANOS3;POMC,1.0,False
KEGG,5,AGE-RAGE SIGNALING PATHWAY IN DIABETIC COMPLICATIONS,0.8375897499683289,7,646,95,6576,AGER;HRAS;MAPK11;MAPK12;MAPK3;NANOS3;PRKCZ,1.0,False
KEGG,5,LONGEVITY REGULATING PATHWAY,0.8380202190126695,6,646,83,6576,CAMKK2;CREB3L4;HRAS;RPS6KB2;SESN2;STK11,1.0,False
KEGG,5,PI3K-AKT SIGNALING PATHWAY,0.8468815155791561,26,646,313,6576,ARTN;BAD;CDC37;CMC4;CREB3L4;EFNA3;EPOR;FGF17;FLT3LG;G6PC3;GNB3;GNG13;GNG7;HRAS;LAMC3;MAPK3;MLST8;NANOS3;NRTN;NTRK1;PGF;PKN1;PKN3;PPP2R1A;RPS6KB2;STK11,1.0,False
KEGG,5,T CELL RECEPTOR SIGNALING PATHWAY,0.852609307224649,8,646,109,6576,HRAS;MAPK11;MAPK12;MAPK3;NFKBIB;PKN1;PPP2R1A;SPNS1,1.0,False
KEGG,5,STEROID BIOSYNTHESIS,0.860191946037279,1,646,19,6576,CEL,1.0,False
KEGG,5,CYTOSKELETON IN MUSCLE CELLS,0.8654043156444968,17,646,216,6576,ANKRD23;COL11A2;ENO2;INF2;MYBPC2;MYBPHL;MYOM2;PDLIM2;PDLIM7;SGCA;SNTA1;TCAP;TNNC2;TNNI2;TNNI3;TNNT1;TRIM54,1.0,False
KEGG,5,CHEMICAL CARCINOGENESIS - REACTIVE OXYGEN SPECIES,0.8708268921428856,13,646,171,6576,BAD;COX6A2;GSTM2;GSTM4;HRAS;KEAP1;MAPK11;MAPK12;MAPK3;MGST3;NDUFV1;PLD2;SLC26A6,1.0,False
KEGG,5,RENIN SECRETION,0.8712191940285856,4,646,62,6576,ADORA1;CALML4;NPPA;PDE1B,1.0,False
KEGG,5,INSULIN SECRETION,0.8726383564565797,5,646,75,6576,CREB3L4;KCNJ11;KCNN1;RAB3A;TRPM4,1.0,False
KEGG,5,AUTOIMMUNE THYROID DISEASE,0.8739659284774068,1,646,20,6576,CHGA,1.0,False
KEGG,5,RENIN-ANGIOTENSIN SYSTEM,0.8739659284774068,1,646,20,6576,THOP1,1.0,False
KEGG,5,PHOSPHOLIPASE D SIGNALING PATHWAY,0.8778639093151439,10,646,137,6576,AGPAT2;ARF1;GRM2;GRM4;HRAS;MAPK3;PLD2;RRAS;SPHK1;SPHK2,1.0,False
KEGG,5,TUBERCULOSIS,0.8778639093151439,10,646,137,6576,ATP6V0C;BAD;CALML4;FADD;MAPK11;MAPK12;MAPK3;NFYC;SPHK1;SPHK2,1.0,False
KEGG,5,AUTOPHAGY - ANIMAL,0.8784842674438643,11,646,149,6576,ATG9B;BAD;CAMKK2;HRAS;MAPK3;MLST8;MTMR14;RPS6KB2;RRAS;STK11;VPS18,1.0,False
KEGG,5,RENAL CELL CARCINOMA,0.8791062106935574,4,646,63,6576,BAD;HRAS;MAPK3;PKN1,1.0,False
KEGG,5,HEPATITIS C,0.8832989806373477,9,646,126,6576,BAD;CLDN25;CLDN9;E2F1;FADD;HRAS;IRF3;MAPK3;PPP2R1A,1.0,False
KEGG,5,NOD-LIKE RECEPTOR SIGNALING PATHWAY,0.8832989806373477,9,646,126,6576,FADD;IRF3;MAPK11;MAPK12;MAPK3;NFKBIB;NLRX1;PKN1;SHARPIN,1.0,False
KEGG,5,POLYCOMB REPRESSIVE COMPLEX,0.8866837324249957,5,646,77,6576,CBX2;CBX8;EPOP;HDAC1;PHF19,1.0,False
KEGG,5,CHAGAS DISEASE,0.8885905133898488,6,646,90,6576,FADD;GNAO1;MAPK11;MAPK12;MAPK3;PPP2R1A,1.0,False
KEGG,5,HEDGEHOG SIGNALING PATHWAY,0.889778774920636,3,646,51,6576,GLI1;HHATL;KIF7,1.0,False
KEGG,5,REGULATION OF LIPOLYSIS IN ADIPOCYTES,0.889778774920636,3,646,51,6576,ADORA1;CHGA;NPPA,1.0,False
KEGG,5,PROTEOGLYCANS IN CANCER,0.8911691226457296,14,646,187,6576,FZD10;FZD9;GPC1;HRAS;MAPK11;MAPK12;MAPK3;NUDT16L1;PKN1;RPS6KB2;RRAS;WNT10A;WNT10B;WNT6,1.0,False
KEGG,5,GASTRIC ACID SECRETION,0.8936313023958372,4,646,65,6576,CALML4;CCKBR;MYLK2;SST,1.0,False
KEGG,5,DIABETIC CARDIOMYOPATHY,0.8937408995751593,12,646,164,6576,AGER;ATP2A1;COX6A2;MAPK11;MAPK12;MPC1L;NANOS3;NDUFV1;PDK2;PRKCZ;TNNI3;UBL4A,1.0,False
KEGG,5,INFLUENZA A,0.8949811858528048,8,646,116,6576,CPSF4;FADD;IRF3;MAPK3;NFKBIB;NLRX1;PABPN1L;RAB43,1.0,False
KEGG,5,PLATELET ACTIVATION,0.8949811858528048,8,646,116,6576,ADAMTS13;GP1BB;MAPK11;MAPK12;MAPK3;MYLK2;NANOS3;PRKCZ,1.0,False
KEGG,5,KAPOSI SARCOMA-ASSOCIATED HERPESVIRUS INFECTION,0.8979314404822378,11,646,153,6576,CALML4;E2F1;FADD;GNB3;GNG13;GNG7;HRAS;IRF3;MAPK11;MAPK12;MAPK3,1.0,False
KEGG,5,TH17 CELL DIFFERENTIATION,0.9003180143228848,6,646,92,6576,FOXP3;MAPK11;MAPK12;MAPK3;NFKBIB;SPNS1,1.0,False
KEGG,5,IGSF CAM SIGNALING,0.9073876599924834,20,646,261,6576,BAIAP2;CADM4;CASKIN1;CASKIN2;DOK1;L1CAM;LRFN4;LRRC4B;MAPK11;MAPK12;MAPK3;MPZ;MYLK2;PARD6A;PKN1;PPFIA3;TUBA4A;TUBB2A;TUBB3;TUBB4A,1.0,False
KEGG,5,BUTANOATE METABOLISM,0.9076765881014204,1,646,23,6576,ACADS,1.0,False
KEGG,5,TYPE I DIABETES MELLITUS,0.9076765881014204,1,646,23,6576,PTPRN,1.0,False
KEGG,5,YERSINIA INFECTION,0.9097407173179775,8,646,119,6576,BAIAP2;IRF3;LIMK1;MAPK11;MAPK12;MAPK3;PKN1;SPNS1,1.0,False
KEGG,5,LONGEVITY REGULATING PATHWAY - MULTIPLE SPECIES,0.9112019539863072,3,646,54,6576,HDAC1;HRAS;RPS6KB2,1.0,False
KEGG,5,SALMONELLA INFECTION,0.9125517081834499,16,646,216,6576,ARF1;DCTN3;FADD;HRAS;KLC3;MAPK11;MAPK12;MAPK3;PFN1;PKN1;RRAS;TUBA4A;TUBB2A;TUBB3;TUBB4A;VPS18,1.0,False
KEGG,5,OOCYTE MEIOSIS,0.9212909078626087,7,646,109,6576,CALML4;MAPK11;MAPK12;MAPK3;PKMYT1;PPP2R1A;REC8,1.0,False
KEGG,5,CHEMICAL CARCINOGENESIS - RECEPTOR ACTIVATION,0.9222303647934085,11,646,159,6576,BAD;CREB3L4;DLL3;E2F1;FGF17;GSTM2;GSTM4;HRAS;MAPK3;MGST3;RPS6KB2,1.0,False
KEGG,5,PROSTATE CANCER,0.9250991824266807,6,646,97,6576,BAD;CREB3L4;E2F1;HRAS;MAPK3;SLC19A1,1.0,False
KEGG,5,ALCOHOLIC LIVER DISEASE,0.9254973789227425,7,646,110,6576,CAMKK2;FADD;IRF3;LPIN3;MAPK11;MAPK12;MLYCD,1.0,False
KEGG,5,PROGESTERONE-MEDIATED OOCYTE MATURATION,0.9258534932007769,5,646,84,6576,CCNA1;MAPK11;MAPK12;MAPK3;PKMYT1,1.0,False
KEGG,5,LEGIONELLOSIS,0.9281498104117208,2,646,42,6576,ARF1;EEF1A2,1.0,False
KEGG,5,CELL CYCLE,0.9302512551525337,10,646,149,6576,CCNA1;CDKN2A;CDKN2C;CDKN2D;CDT1;E2F1;GADD45G;HDAC1;PKMYT1;PPP2R1A,1.0,False
KEGG,5,TIGHT JUNCTION,0.9302512551525337,10,646,149,6576,CLDN25;CLDN9;LLGL2;MICALL2;MPP2;PARD6A;PPP2R1A;PRKCZ;STK11;TUBA4A,1.0,False
KEGG,5,RNA POLYMERASE,0.9323807257586979,1,646,26,6576,POLR2I,1.0,False
KEGG,5,NATURAL KILLER CELL MEDIATED CYTOTOXICITY,0.9330923969044436,4,646,72,6576,HRAS;MAPK3;PKN1;SPNS1,1.0,False
KEGG,5,SMALL CELL LUNG CANCER,0.9385908103562147,5,646,87,6576,BIRC7;DDB2;E2F1;GADD45G;LAMC3,1.0,False
KEGG,5,COMPLEMENT AND COAGULATION CASCADES,0.9386550133202002,3,646,59,6576,C8G;F12;FAM110A,1.0,False
KEGG,5,AMINOACYL-TRNA BIOSYNTHESIS,0.9390497412029546,1,646,27,6576,TRNP1,1.0,False
KEGG,5,PHAGOSOME,0.9437165267277473,7,646,115,6576,ATP6V0C;ATP6V1F;ATP6V1G2;TUBA4A;TUBB2A;TUBB3;TUBB4A,1.0,False
KEGG,5,NF-KAPPA B SIGNALING PATHWAY,0.9459546090625871,5,646,89,6576,GADD45G;PIAS4;PIDD1;PPP1R13L;SPNS1,1.0,False
KEGG,5,"PARATHYROID HORMONE SYNTHESIS, SECRETION AND ACTION",0.9506614385122917,6,646,104,6576,CREB3L4;MAPK3;MMP17;PDE4A;PLD2;SLC34A3,1.0,False
KEGG,5,VIRAL MYOCARDITIS,0.9531038629462321,2,646,47,6576,SGCA;SNTA1,1.0,False
KEGG,5,REGULATION OF ACTIN CYTOSKELETON,0.957735735165091,14,646,209,6576,BAIAP2;C8G;FGF17;HRAS;ITGAD;LIMK1;LIMK2;MAPK3;MYLK2;PFN1;PKN1;RRAS;SLC25A23;SSH3,1.0,False
KEGG,5,GLUCAGON SIGNALING PATHWAY,0.9583368354902737,5,646,93,6576,CALML4;CREB3L4;G6PC3;PGAM2;PYGM,1.0,False
KEGG,5,PRIMARY IMMUNODEFICIENCY,0.9597724886918373,1,646,31,6576,UNG,1.0,False
KEGG,5,EPSTEIN-BARR VIRUS INFECTION,0.9600063041846623,10,646,160,6576,CCNA1;DDB2;E2F1;FADD;GADD45G;HDAC1;IRF3;MAPK11;MAPK12;NFKBIB,1.0,False
KEGG,5,PHOSPHATIDYLINOSITOL SIGNALING SYSTEM,0.9609978162491679,5,646,94,6576,CALML4;CDIPT;ITPK1;ITPKA;MTMR14,1.0,False
KEGG,5,HEMATOPOIETIC CELL LINEAGE,0.9611900689388949,3,646,65,6576,EPOR;FLT3LG;GP1BB,1.0,False
KEGG,5,MRNA SURVEILLANCE PATHWAY,0.9616319723424904,4,646,80,6576,CPSF4;PABPC1L;PABPN1L;PPP2R1A,1.0,False
KEGG,5,INFLAMMATORY BOWEL DISEASE,0.9638439990939369,2,646,50,6576,FOXP3;IL13,1.0,False
KEGG,5,SPINOCEREBELLAR ATAXIA,0.9640766369729511,8,646,136,6576,ATP2A1;DNAAF3;GPRIN1;GRIN2C;GRIN2D;GRIN3B;MYOD1;PSMB3,1.0,False
KEGG,5,B CELL RECEPTOR SIGNALING PATHWAY,0.9640894468566653,3,646,66,6576,HRAS;MAPK3;NFKBIB,1.0,False
KEGG,5,RIBOSOME BIOGENESIS IN EUKARYOTES,0.9640894468566653,3,646,66,6576,POP7;RPP25;RPP25L,1.0,False
KEGG,5,THYROID HORMONE SYNTHESIS,0.9640894468566653,3,646,66,6576,CHGA;CREB3L4;FBF1,1.0,False
KEGG,5,RHEUMATOID ARTHRITIS,0.9667841063134502,3,646,67,6576,ATP6V0C;ATP6V1F;ATP6V1G2,1.0,False
KEGG,5,MICRORNAS IN CANCER,0.9676392075759541,9,646,151,6576,CDKN2A;E2F1;EFNA3;FZD9;HDAC1;HRAS;MAPK3;RASSF1;SLC25A23,1.0,False
KEGG,5,OXIDATIVE PHOSPHORYLATION,0.9680732934594298,5,646,97,6576,ATP6V0C;ATP6V1F;ATP6V1G2;COX6A2;NDUFV1,1.0,False
KEGG,5,RNA DEGRADATION,0.9692872923139573,3,646,68,6576,ENO2;EXOSC5;PABPC1L,1.0,False
KEGG,5,CHEMOKINE SIGNALING PATHWAY,0.9693890328907099,9,646,152,6576,BAD;GNB3;GNG13;GNG7;HRAS;MAPK3;NFKBIB;PKN1;PRKCZ,1.0,False
KEGG,5,ALDOSTERONE-REGULATED SODIUM REABSORPTION,0.9705484879910807,1,646,34,6576,MAPK3,1.0,False
KEGG,5,HIF-1 SIGNALING PATHWAY,0.9721108230969338,5,646,99,6576,ENO2;MAPK3;NANOS3;NPPA;RPS6KB2,1.0,False
KEGG,5,THYROID HORMONE SIGNALING PATHWAY,0.9736642612624079,6,646,114,6576,ATP2A1;BAD;HDAC1;HDAC3;HRAS;MAPK3,1.0,False
KEGG,5,TRANSCRIPTIONAL MISREGULATION IN CANCER,0.9741372433172899,9,646,155,6576,BAIAP3;CCNA1;CDKN2C;DDB2;GADD45G;HDAC1;NTRK1;TCF3;TLX1,1.0,False
KEGG,5,BASAL TRANSCRIPTION FACTORS,0.9760781814837387,1,646,36,6576,GTF2H4,1.0,False
KEGG,5,FERROPTOSIS,0.9760781814837387,1,646,36,6576,GPX4,1.0,False
KEGG,5,LIPID AND ATHEROSCLEROSIS,0.9778927038334434,10,646,171,6576,AGER;BAD;CALML4;HRAS;IRF3;MAPK11;MAPK12;MAPK3;MIB2;NANOS3,1.0,False
KEGG,5,ADHERENS JUNCTION,0.9785179547020086,4,646,88,6576,BAIAP2;MAPK3;RADIL;RASIP1,1.0,False
KEGG,5,THERMOGENESIS,0.9789539592369799,11,646,185,6576,COX6A2;CREB3L4;HRAS;MAPK11;MAPK12;MLST8;NDUFV1;NPPA;RPS6KB2;SIRT6;SLC25A20,1.0,False
KEGG,5,ANTIGEN PROCESSING AND PRESENTATION,0.9805709449773429,1,646,38,6576,NFYC,1.0,False
KEGG,5,UBIQUITIN MEDIATED PROTEOLYSIS,0.9809242945580886,7,646,133,6576,BIRC7;DDB2;KEAP1;PIAS4;RHOBTB2;STUB1;UBE2J2,1.0,False
KEGG,5,AMYOTROPHIC LATERAL SCLEROSIS,0.9814006524097847,20,646,301,6576,BAD;CHCHD10;COX6A2;DCTN3;DNAL4;GPRIN1;GRIN2C;GRIN2D;KLC3;MAPK11;MAPK12;NDUFV1;NRG2;PFN1;PSMB3;SIGMAR1;TUBA4A;TUBB2A;TUBB3;TUBB4A,1.0,False
KEGG,5,MEASLES,0.9815569892460235,5,646,105,6576,BAD;BBC3;FADD;IRF3;NFKBIB,1.0,False
KEGG,5,CHOLINE METABOLISM IN CANCER,0.9852077673592935,4,646,93,6576,HRAS;MAPK3;PLD2;RPS6KB2,1.0,False
KEGG,5,JAK-STAT SIGNALING PATHWAY,0.9854440813762678,6,646,123,6576,CNTFR;CTF1;EPOR;HRAS;IL13;PIAS4,1.0,False
KEGG,5,TNF SIGNALING PATHWAY,0.9860878118418683,5,646,109,6576,CREB3L4;FADD;MAPK11;MAPK12;MAPK3,1.0,False
KEGG,5,HUNTINGTON DISEASE,0.9865586676502872,16,646,258,6576,AP2M1;BBC3;COX6A2;CREB3L4;DCTN3;DNAL4;GPRIN1;HDAC1;KLC3;NDUFV1;POLR2I;PSMB3;TUBA4A;TUBB2A;TUBB3;TUBB4A,1.0,False
KEGG,5,BILE SECRETION,0.9875401895977548,2,646,62,6576,SLC27A5;SLC9A3,1.0,False
KEGG,5,PROTEASOME,0.9884530330506957,1,646,43,6576,PSMB3,1.0,False
KEGG,5,SALIVARY SECRETION,0.9886162490451885,2,646,63,6576,ADRA1D;CALML4,1.0,False
KEGG,5,SHIGELLOSIS,0.9889892302924254,12,646,210,6576,ARF1;CAPN1;FOXO6;IRF3;MAPK11;MAPK12;MAPK3;NFKBIB;PFN1;RPS6KB2;SHARPIN;TECPR1,1.0,False
KEGG,5,ENDOCRINE AND OTHER FACTOR-REGULATED CALCIUM REABSORPTION,0.9895948271191558,1,646,44,6576,AP2M1,1.0,False
KEGG,5,ECM-RECEPTOR INTERACTION,0.9908620720631973,3,646,83,6576,GP1BB;LAMC3;SV2A,1.0,False
KEGG,5,PROTEIN DIGESTION AND ABSORPTION,0.9908620720631973,3,646,83,6576,COL11A2;COL26A1;SLC9A3,1.0,False
KEGG,5,PROTEIN PROCESSING IN ENDOPLASMIC RETICULUM,0.9916203710322791,8,646,160,6576,CAPN1;DERL3;HSPBP1;LMAN1L;PREB;SIL1;STUB1;UBE2J2,1.0,False
KEGG,5,CELL ADHESION MOLECULE (CAM) INTERACTION,0.9941862634420578,5,646,121,6576,CLDN25;CLDN9;L1CAM;LRRC4B;MPZ,1.0,False
KEGG,5,SPLICEOSOME,0.9941862634420578,5,646,121,6576,DHX16;PRPF40B;SF3B5;XAB2;YJU2,1.0,False
KEGG,5,HUMAN T-CELL LEUKEMIA VIRUS 1 INFECTION,0.9945716542183005,10,646,195,6576,CCNA1;CDKN2A;CDKN2C;CREB3L4;E2F1;GPS2;HRAS;MAPK3;TCF3;TSPO,1.0,False
KEGG,5,STAPHYLOCOCCUS AUREUS INFECTION,0.9949821863821651,1,646,51,6576,KRT10,1.0,False
KEGG,5,LEUKOCYTE TRANSENDOTHELIAL MIGRATION,0.9949857555626462,4,646,107,6576,CLDN25;CLDN9;MAPK11;MAPK12,1.0,False
KEGG,5,OSTEOCLAST DIFFERENTIATION,0.9963514232944238,4,646,111,6576,ATP2A1;MAPK11;MAPK12;MAPK3,1.0,False
KEGG,5,CORONAVIRUS DISEASE - COVID-19,0.9966100646513599,7,646,159,6576,C8G;IRF3;MAPK11;MAPK12;MAPK3;NFKBIB;RPS15,1.0,False
KEGG,5,AMOEBIASIS,0.9968484919536401,2,646,77,6576,C8G;LAMC3,1.0,False
KEGG,5,CYTOKINE-CYTOKINE RECEPTOR INTERACTION,0.9969028461181537,10,646,204,6576,AMH;CD70;CNTFR;CTF1;EPOR;IL13;IL17B;IL17D;IL34;INHA,1.0,False
KEGG,5,VIRAL PROTEIN INTERACTION WITH CYTOKINE AND CYTOKINE RECEPTOR,0.9980377357512574,1,646,60,6576,IL34,1.0,False
KEGG,5,NUCLEOCYTOPLASMIC TRANSPORT,0.9986421848735665,2,646,86,6576,AAAS;EEF1A2,1.0,False
KEGG,5,FOCAL ADHESION,0.9987195194543892,8,646,188,6576,BAD;HRAS;LAMC3;MAPK3;MYLK2;PGF;PKN1;RASGRF1,1.0,False
KEGG,5,NON-ALCOHOLIC FATTY LIVER DISEASE,0.9995725154332008,4,646,137,6576,COX6A2;MAPK11;MAPK12;NDUFV1,1.0,False
KEGG,5,INTEGRIN SIGNALING,0.9997435804884299,4,646,143,6576,ICAM4;ITGAD;LAMC3;PGF,1.0,False
KEGG,5,HERPES SIMPLEX VIRUS 1 INFECTION,0.9998626053148447,3,646,131,6576,BAD;FADD;IRF3,1.0,False
KEGG,5,ALLOGRAFT REJECTION,1.0,0,646,17,6576,,1.0,False
KEGG,5,ASCORBATE AND ALDARATE METABOLISM,1.0,0,646,14,6576,,1.0,False
KEGG,5,BACTERIAL INVASION OF EPITHELIAL CELLS,1.0,0,646,70,6576,,1.0,False
KEGG,5,CIRCADIAN RHYTHM,1.0,0,646,32,6576,,1.0,False
KEGG,5,D-AMINO ACID METABOLISM,1.0,0,646,5,6576,,1.0,False
KEGG,5,GLYCOSPHINGOLIPID BIOSYNTHESIS - GLOBO AND ISOGLOBO SERIES,1.0,0,646,14,6576,,1.0,False
KEGG,5,GRAFT-VERSUS-HOST DISEASE,1.0,0,646,14,6576,,1.0,False
KEGG,5,HISTIDINE METABOLISM,1.0,0,646,19,6576,,1.0,False
KEGG,5,INTESTINAL IMMUNE NETWORK FOR IGA PRODUCTION,1.0,0,646,29,6576,,1.0,False
KEGG,5,MALARIA,1.0,0,646,37,6576,,1.0,False
KEGG,5,MUCIN TYPE O-GLYCAN BIOSYNTHESIS,1.0,0,646,28,6576,,1.0,False
KEGG,5,PENTOSE AND GLUCURONATE INTERCONVERSIONS,1.0,0,646,15,6576,,1.0,False
KEGG,5,PHENYLALANINE METABOLISM,1.0,0,646,14,6576,,1.0,False
KEGG,5,"PHENYLALANINE, TYROSINE AND TRYPTOPHAN BIOSYNTHESIS",1.0,0,646,6,6576,,1.0,False
KEGG,5,PHOSPHONATE AND PHOSPHINATE METABOLISM,1.0,0,646,6,6576,,1.0,False
KEGG,5,RIBOFLAVIN METABOLISM,1.0,0,646,8,6576,,1.0,False
KEGG,5,SULFUR METABOLISM,1.0,0,646,9,6576,,1.0,False
KEGG,5,"VIRION - EBOLAVIRUS, LYSSAVIRUS AND MORBILLIVIRUS",1.0,0,646,8,6576,,1.0,False
KEGG,5,VIRION - HERPESVIRUS,1.0,0,646,6,6576,,1.0,False
KEGG,5,VIRION - LASSA VIRUS AND SFTS VIRUS,1.0,0,646,13,6576,,1.0,False
KEGG,6,AUTOPHAGY - ANIMAL,1.1661630890565588e-05,30,579,149,6576,AKT3;ATG12;ATG13;ATG3;ATG4C;ATG7;BECN1;EIF2AK3;MAP3K7;MAPK10;MAPK8;MTOR;PDPK1;PIK3C3;PIK3R1;RAB33B;RAB39B;RPS6KB1;RRAGB;RRAGC;RUBCN;STX17;STX7;TANK;TBK1;TRAF6;TSC1;VPS33A;VPS41;WDFY3,0.004058247549916825,True
KEGG,6,NON-HOMOLOGOUS END-JOINING,4.2388584689529846e-05,7,579,13,6576,DCLRE1C;LIG4;MRE11;NHEJ1;POLM;PRKDC;XRCC6,0.007375613735978193,True
KEGG,6,UBIQUITIN MEDIATED PROTEOLYSIS,0.0011869129439629849,23,579,133,6576,BTRC;CBL;CDC23;CUL4B;CUL5;FBXW11;FBXW7;FBXW8;HERC1;NEDD4;PIAS1;PIAS2;PRKN;TRAF6;TRIM32;UBA6;UBE2E2;UBE2G1;UBE2Q2;UBE2W;UBE4A;UBE4B;VHL,0.13768190149970624,False
KEGG,6,AUTOPHAGY - OTHER,0.0035152712815571764,8,579,30,6576,ATG12;ATG13;ATG3;ATG4C;ATG7;BECN1;MTOR;PIK3C3,0.2854464479911536,False
KEGG,6,RIG-I-LIKE RECEPTOR SIGNALING PATHWAY,0.004101242068838414,11,579,51,6576,ATG12;MAP3K7;MAPK10;MAPK8;SIKE1;TANK;TBK1;TRAF3;TRAF6;TRIM25;ZNFX1,0.2854464479911536,False
KEGG,6,ERBB SIGNALING PATHWAY,0.005880567096450055,14,579,76,6576,ABL2;AKT3;ARHGEF7;BRAF;CBL;EGF;MAPK10;MAPK8;MTOR;NCK1;PIK3R1;RPS6KB1;SOS1;SOS2,0.3208707336986386,False
KEGG,6,T CELL RECEPTOR SIGNALING PATHWAY,0.006454296367501351,18,579,109,6576,AKT3;ARHGEF7;IL5;MALT1;MAP3K7;MAPK10;MAPK8;NCK1;PDPK1;PIK3R1;PPP2R2D;PPP2R5C;PPP3CA;PPP3CC;PPP3R1;RASGRP1;SOS1;SOS2,0.3208707336986386,False
KEGG,6,PEROXISOME,0.009315181307450498,14,579,80,6576,ACOX3;AGPS;AMACR;CROT;MPV17L;NUDT12;NUDT7;PEX12;PEX13;PEX2;PXMP4;SLC25A17;SYCP2;ZNF260,0.40521038687409666,False
KEGG,6,BASAL TRANSCRIPTION FACTORS,0.011370565574974208,8,579,36,6576,ERCC3;GTF2H1;TAF12;TAF13;TAF4B;TAF5;TAF8;TBPL1,0.4396618688990027,False
KEGG,6,INSULIN SIGNALING PATHWAY,0.014822882138074181,19,579,127,6576,AKT3;BRAF;CBL;FOXO1;MAPK10;MAPK8;MTOR;PCNX4;PDPK1;PHKA1;PIK3R1;PPARGC1A;PPP1R3D;PRKAR2B;PRKCI;RPS6KB1;SOS1;SOS2;TSC1,0.47905177198165994,False
KEGG,6,CHOLINE METABOLISM IN CANCER,0.015142441068385804,15,579,93,6576,AKT3;DGKH;EGF;GPCPD1;MAPK10;MAPK8;MTOR;PDPK1;PIK3R1;PLA2G4C;RPS6KB1;SLC22A1;SOS1;SOS2;TSC1,0.47905177198165994,False
KEGG,6,AMPK SIGNALING PATHWAY,0.021089114025909732,17,579,114,6576,AKT3;CREB1;FOXO1;FOXO3;HMGCR;MAP3K7;MTOR;PCNX4;PDPK1;PFKFB2;PIK3R1;PPARGC1A;PPP2R2D;PPP2R5C;RPS6KB1;TBC1D1;TSC1,0.5538238772905755,False
KEGG,6,COLORECTAL CANCER,0.023693640778158012,13,579,81,6576,AKT3;APPL1;BRAF;EGF;MAPK10;MAPK8;MSH3;MTOR;PIK3R1;RPS6KB1;SMAD4;SOS1;SOS2,0.5538238772905755,False
KEGG,6,PD-L1 EXPRESSION AND PD-1 CHECKPOINT PATHWAY IN CANCER,0.023693640778158012,13,579,81,6576,AKT3;EGF;EML4;JAK2;MTOR;PIK3R1;PPP3CA;PPP3CC;PPP3R1;RASGRP1;RPS6KB1;TIRAP;TRAF6,0.5538238772905755,False
KEGG,6,ENDOCYTOSIS,0.024812363096042966,28,579,217,6576,ARPC1A;ASAP1;CBL;DNM3;EHD3;HSPA1L;IST1;KIF5C;NEDD4;PARD6B;PRKCI;PSD3;RAB11FIP2;RAB11FIP4;RABEP1;RNF41;SNX2;STAM;STAM2;STAMBP;TRAF6;USP8;VPS37A;VPS45;VTA1;WASHC4;WASHC5;WIPF3,0.5538238772905755,False
KEGG,6,LYSINE DEGRADATION,0.025463166771980482,10,579,57,6576,AADAT;AASS;CAMKMT;EHMT1;NSD1;NSD2;PRDM2;SETDB2;SMYD3;SUV39H2,0.5538238772905755,False
KEGG,6,LONGEVITY REGULATING PATHWAY,0.028431294673688556,13,579,83,6576,AKT3;APPL1;ATG13;CREB1;EHMT1;FOXO1;FOXO3;MTOR;PIK3R1;PPARGC1A;RPS6KB1;SESN1;TSC1,0.5647292870550945,False
KEGG,6,GLYCOSYLPHOSPHATIDYLINOSITOL (GPI)-ANCHOR BIOSYNTHESIS,0.03204438955529871,6,579,28,6576,PGAP1;PIGL;PIGM;PIGN;PIGO;PIGX,0.5647292870550945,False
KEGG,6,INOSITOL PHOSPHATE METABOLISM,0.03564160723515207,12,579,77,6576,FIG4;IMPA1;INPP5B;IPPK;MTMR2;MTMR6;MTMR9;PIK3C3;PLCB1;PLCD4;PLCH1;PPIP5K2,0.5647292870550945,False
KEGG,6,NUCLEOCYTOPLASMIC TRANSPORT,0.036783000570793055,13,579,86,6576,DDX19B;IPO5;IPO9;KPNA3;NUP107;NUP155;NUP160;NUP93;PHAX;THOC5;XPO4;XPO7;XPOT,0.5647292870550945,False
KEGG,6,NON-SMALL CELL LUNG CANCER,0.03734601314293511,11,579,69,6576,AKT3;BRAF;EGF;EML4;FHIT;FOXO3;KIF5C;PDPK1;PIK3R1;SOS1;SOS2,0.5647292870550945,False
KEGG,6,FOXO SIGNALING PATHWAY,0.037915176915023344,17,579,122,6576,AKT3;ATG12;BRAF;EGF;FBXO25;FOXO1;FOXO3;HOMER1;MAPK10;MAPK8;NLK;PDPK1;PIK3R1;SGK3;SMAD4;SOS1;SOS2,0.5647292870550945,False
KEGG,6,HOMOLOGOUS RECOMBINATION,0.03981744059372173,7,579,37,6576,BARD1;MRE11;PALB2;RAD51D;RAD52;TOP3A;UIMC1,0.5647292870550945,False
KEGG,6,JAK-STAT SIGNALING PATHWAY,0.04055822779439067,17,579,123,6576,AKT3;EGF;IL15;IL5;IL7;JAK2;MTOR;PIAS1;PIAS2;PIK3R1;PTPN2;SOCS5;SOCS6;SOS1;SOS2;STAM;STAM2,0.5647292870550945,False
KEGG,6,HUMAN IMMUNODEFICIENCY VIRUS 1 INFECTION,0.04205994894943983,22,579,170,6576,AKT3;ARHGEF7;BTRC;CUL4B;CUL5;FBXW11;GNAI1;GNB5;IRAK4;MAP3K7;MAPK10;MAPK8;MTOR;PDIA3;PIK3R1;PPP3CA;PPP3CC;PPP3R1;RPS6KB1;TANK;TBK1;TRAF6,0.5647292870550945,False
KEGG,6,LIPID AND ATHEROSCLEROSIS,0.044453184909663504,22,579,171,6576,AKT3;ATF6;EIF2AK3;HSPA1L;IRAK4;JAK2;MAP3K7;MAPK10;MAPK8;MIB1;PDPK1;PIK3R1;PLCB1;POU2F1;PPP3CA;PPP3CC;PPP3R1;TANK;TBK1;TIRAP;TRAF3;TRAF6,0.5647292870550945,False
KEGG,6,MANNOSE TYPE O-GLYCAN BIOSYNTHESIS,0.04623063682873624,5,579,23,6576,B3GALNT2;CRPPA;FKTN;FUT9;ST3GAL3,0.5647292870550945,False
KEGG,6,KAPOSI SARCOMA-ASSOCIATED HERPESVIRUS INFECTION,0.04660266105970622,20,579,153,6576,AKT3;ATG3;BECN1;CNOT6;CREB1;EIF2AK2;GNB5;JAK2;MAPK10;MAPK8;MTOR;PIK3C3;PIK3R1;PPP3CA;PPP3CC;PPP3R1;TANK;TBK1;TLR3;TRAF3,0.5647292870550945,False
KEGG,6,PROLACTIN SIGNALING PATHWAY,0.047060773921257876,10,579,63,6576,AKT3;FOXO3;JAK2;MAPK10;MAPK8;PIK3R1;SOCS5;SOCS6;SOS1;SOS2,0.5647292870550945,False
KEGG,6,MITOPHAGY - ANIMAL,0.05845555853737468,13,579,92,6576,BECN1;EIF2AK3;FOXO3;MAPK10;MAPK8;MTX3;PRKN;TANK;TBK1;TOMM40L;TOMM70;USP30;USP8,0.6780844790335462,False
KEGG,6,THIAMINE METABOLISM,0.06567715329594997,3,579,11,6576,AK7;NFS1;TPK1,0.6786976454638739,False
KEGG,6,HERPES SIMPLEX VIRUS 1 INFECTION,0.06663127105285717,17,579,131,6576,AKT3;EIF2AK2;EIF2AK3;IRAK4;JAK2;MAP3K7;MTOR;PDIA3;PIK3R1;POU2F1;RNASEL;TANK;TBK1;TLR3;TRAF3;TRAF6;TSC1,0.6786976454638739,False
KEGG,6,PHOSPHATIDYLINOSITOL SIGNALING SYSTEM,0.06726968280806321,13,579,94,6576,DGKH;IMPA1;INPP5B;IPPK;MTMR2;MTMR6;MTMR9;PIK3C3;PIK3R1;PIP4P2;PLCB1;PLCD4;PPIP5K2,0.6786976454638739,False
KEGG,6,IL-17 SIGNALING PATHWAY,0.06759912020812871,11,579,76,6576,IL17RB;IL5;MAP3K7;MAPK10;MAPK8;TANK;TBK1;TRAF3;TRAF3IP2;TRAF6;USP25,0.6786976454638739,False
KEGG,6,PROTEIN PROCESSING IN ENDOPLASMIC RETICULUM,0.06825982066447008,20,579,160,6576,ATF6;BAG1;DNAJC10;EDEM3;EIF2AK3;ERO1B;HSPA1L;MAPK10;MAPK8;MBTPS2;PDIA3;PRKN;SEC24A;SEC24B;SEC61A2;TANK;UBE2G1;UBE4B;UBXN2A;UGGT2,0.6786976454638739,False
KEGG,6,POLYCOMB REPRESSIVE COMPLEX,0.0729253723702915,11,579,77,6576,ASXL2;E2F6;L3MBTL1;L3MBTL3;L3MBTL4;PCGF3;PHC3;RYBP;SFMBT1;USP45;YAF2,0.7049452662461512,False
KEGG,6,HEDGEHOG SIGNALING PATHWAY,0.07550790211911583,8,579,51,6576,BTRC;CSNK1G1;CSNK1G3;DISP1;EFCAB7;FBXW11;KIF3A;MOSMO,0.7074781904697147,False
KEGG,6,HEPATITIS B,0.08318896853037022,17,579,135,6576,AKT3;BRAF;CREB1;IRAK4;JAK2;MAP3K7;MAPK10;MAPK8;PIK3R1;SMAD4;SOS1;SOS2;TBK1;TIRAP;TLR3;TRAF3;TRAF6,0.7074781904697147,False
KEGG,6,AMINOACYL-TRNA BIOSYNTHESIS,0.08322601839720108,5,579,27,6576,EARS2;FARS2;MTFMT;NARS2;WARS2,0.7074781904697147,False
KEGG,6,FC EPSILON RI SIGNALING PATHWAY,0.08431965388741441,9,579,61,6576,AKT3;IL5;MAPK10;MAPK8;PDPK1;PIK3R1;PLA2G4C;SOS1;SOS2,0.7074781904697147,False
KEGG,6,HEPATITIS C,0.0857418705386748,16,579,126,6576,AKT3;BRAF;EGF;EIF2AK2;EIF2AK3;PIAS1;PIK3R1;PPP2R2D;RNASEL;SOS1;SOS2;TANK;TBK1;TLR3;TRAF3;TRAF6,0.7074781904697147,False
KEGG,6,SPINOCEREBELLAR ATAXIA,0.08771302027759113,17,579,136,6576,AFG3L2;AKT3;ATG13;ATXN1;ATXN1L;BECN1;FGF14;MAPK10;MAPK8;MTOR;NFYA;PIK3C3;PIK3R1;PLCB1;PUM1;TANK;TBPL1,0.7074781904697147,False
KEGG,6,TOLL-LIKE RECEPTOR SIGNALING PATHWAY,0.09046902297541555,11,579,80,6576,AKT3;IRAK4;MAP3K7;MAPK10;MAPK8;PIK3R1;TBK1;TIRAP;TLR3;TRAF3;TRAF6,0.7074781904697147,False
KEGG,6,RENIN SECRETION,0.09136813726892178,9,579,62,6576,CACNA1D;CREB1;GNAI1;GUCY1A1;PDE1C;PLCB1;PPP3CA;PPP3CC;PPP3R1,0.7074781904697147,False
KEGG,6,PHOSPHONATE AND PHOSPHINATE METABOLISM,0.09148424876763553,2,579,6,6576,CEPT1;SELENOI,0.7074781904697147,False
KEGG,6,CELLULAR SENESCENCE,0.09722900629659309,17,579,138,6576,AKT3;BTRC;CACNA1D;E2F5;FBXW11;FOXM1;FOXO1;FOXO3;MRE11;MTOR;PIK3R1;PPP3CA;PPP3CC;PPP3R1;RBL1;TRAF3IP2;TSC1,0.7147966675403219,False
KEGG,6,ENDOMETRIAL CANCER,0.09832464281445107,8,579,54,6576,AKT3;BRAF;EGF;FOXO3;PDPK1;PIK3R1;SOS1;SOS2,0.7147966675403219,False
KEGG,6,MTOR SIGNALING PATHWAY,0.09859264379866509,18,579,148,6576,AKT3;ATP6V1E2;BRAF;LAMTOR3;LPIN2;MIOS;MTOR;PDPK1;PIK3R1;RPS6KB1;RRAGB;RRAGC;SLC38A9;SOS1;SOS2;TSC1;TTI1;WNT2B,0.7147966675403219,False
KEGG,6,ALCOHOLIC LIVER DISEASE,0.1017254207617398,14,579,110,6576,ACOX3;AKT3;FOXO1;FOXO3;IRAK4;LPIN2;MAP3K7;MAPK10;MAPK8;PPARGC1A;TBK1;TIRAP;TRAF3;TRAF6,0.7224580903078663,False
KEGG,6,SHIGELLOSIS,0.11001945597457702,24,579,210,6576,AKT3;ARPC1A;ATG12;BECN1;BTRC;ELMO2;FBXW11;FOXO1;FOXO3;MALT1;MAP3K7;MAPK10;MAPK8;MTOR;PIK3C3;PIK3R1;PLCB1;PLCD4;RPS6KB1;RRAGB;RRAGC;TANK;TBK1;TRAF6,0.7657354135830561,False
KEGG,6,NEUROTROPHIN SIGNALING PATHWAY,0.11354997803197185,14,579,112,6576,AKT3;BRAF;FOXO3;FRS2;IRAK4;MAPK10;MAPK8;PDPK1;PIK3R1;PRDM4;PSEN2;SOS1;SOS2;TRAF6,0.7748116148063963,False
KEGG,6,GLYCOSPHINGOLIPID BIOSYNTHESIS - GLOBO AND ISOGLOBO SERIES,0.11925179114981226,3,579,14,6576,B3GALNT1;FUT1;FUT9,0.7980696792333589,False
KEGG,6,BIOSYNTHESIS OF UNSATURATED FATTY ACIDS,0.12250453065946691,4,579,22,6576,ACOX3;ELOVL2;ELOVL7;SYCP2,0.8043693711225374,False
KEGG,6,SNARE INTERACTIONS IN VESICULAR TRANSPORT,0.13192225249074457,5,579,31,6576,GOSR1;STX17;STX7;VAMP4;VTI1A,0.8501656271625762,False
KEGG,6,WNT SIGNALING PATHWAY,0.13567808228501005,18,579,155,6576,BTRC;CBY1;CCDC88C;FBXW11;INVS;MAP3K7;MAPK10;MAPK8;MCC;NLK;PLCB1;PPP3CA;PPP3CC;PPP3R1;PRICKLE2;SMAD4;TLE4;WNT2B,0.858472229730609,False
KEGG,6,GLYCOSPHINGOLIPID BIOSYNTHESIS - LACTO AND NEOLACTO SERIES,0.13856219251856808,4,579,23,6576,B3GALNT1;FUT1;FUT9;ST3GAL3,0.8610650535082445,False
KEGG,6,TUBERCULOSIS,0.1477038282040308,16,579,137,6576,AKT3;ATP6V0A2;CREB1;IRAK4;JAK2;MALT1;MAPK10;MAPK8;NFYA;PIK3C3;PPP3CA;PPP3CC;PPP3R1;RFXAP;TIRAP;TRAF6,0.8995085925852432,False
KEGG,6,ADIPOCYTOKINE SIGNALING PATHWAY,0.1499180987642072,9,579,69,6576,ACSBG1;AKT3;APPL1;JAK2;MAPK10;MAPK8;MTOR;PPARGC1A;TANK,0.8995085925852432,False
KEGG,6,PRIMARY BILE ACID BIOSYNTHESIS,0.16142681799722247,3,579,16,6576,AMACR;CYP46A1;SYCP2,0.9521446214073461,False
KEGG,6,COBALAMIN TRANSPORT AND METABOLISM,0.18397355523994358,3,579,17,6576,LMBRD1;MTRR;ZNF143,1.0,False
KEGG,6,NITROGEN METABOLISM,0.18397355523994358,3,579,17,6576,CA13;CA14;CA5B,1.0,False
KEGG,6,FANCONI ANEMIA PATHWAY,0.18677052023052995,6,579,44,6576,FANCG;PALB2;PMS2;POLH;POLN;TOP3A,1.0,False
KEGG,6,TYPE II DIABETES MELLITUS,0.18677052023052995,6,579,44,6576,ABCC8;CACNA1D;MAPK10;MAPK8;MTOR;PIK3R1,1.0,False
KEGG,6,RNA POLYMERASE,0.19117722203186072,4,579,26,6576,POLR2M;POLR3A;POLR3B;POLR3F,1.0,False
KEGG,6,GLUCAGON SIGNALING PATHWAY,0.19292983349982498,11,579,93,6576,AKT3;CREB1;FOXO1;PCNX4;PHKA1;PLCB1;PPARGC1A;PPP3CA;PPP3CC;PPP3R1;SIK2,1.0,False
KEGG,6,LONGEVITY REGULATING PATHWAY - MULTIPLE SPECIES,0.19391148749950485,7,579,54,6576,AKT3;FOXO1;FOXO3;HSPA1L;MTOR;PIK3R1;RPS6KB1,1.0,False
KEGG,6,SPHINGOLIPID SIGNALING PATHWAY,0.2014013746542219,13,579,114,6576,ACER2;AKT3;GNAI1;MAPK10;MAPK8;PDPK1;PIK3R1;PLCB1;PPP2R2D;PPP2R5C;SGMS1;SGPL1;TANK,1.0,False
KEGG,6,MEASLES,0.21135731017322662,12,579,105,6576,AKT3;EIF2AK2;EIF2AK3;HSPA1L;IRAK4;MAP3K7;MAPK10;MAPK8;PIK3R1;TBK1;TRAF3;TRAF6,1.0,False
KEGG,6,PANCREATIC CANCER,0.2117471446422241,9,579,75,6576,AKT3;BRAF;EGF;MAPK10;MAPK8;MTOR;PIK3R1;RPS6KB1;SMAD4,1.0,False
KEGG,6,B CELL RECEPTOR SIGNALING PATHWAY,0.22203623018964458,8,579,66,6576,AKT3;MALT1;PIK3R1;PPP3CA;PPP3CC;PPP3R1;SOS1;SOS2,1.0,False
KEGG,6,PORPHYRIN METABOLISM,0.2292178252286587,4,579,28,6576,COX15;EARS2;FECH;HMOX2,1.0,False
KEGG,6,ETHER LIPID METABOLISM,0.22958630214894657,6,579,47,6576,AGPS;CEPT1;GDPD1;PAFAH2;PLA2G4C;SELENOI,1.0,False
KEGG,6,MINERAL ABSORPTION,0.22958630214894657,6,579,47,6576,ATP7A;ATP7B;HMOX2;SLC11A2;SLC31A1;SLC8A1,1.0,False
KEGG,6,"GROWTH HORMONE SYNTHESIS, SECRETION AND ACTION",0.23027374771850087,12,579,107,6576,AKT3;CACNA1D;CREB1;GNAI1;JAK2;MAPK10;MAPK8;MTOR;PIK3R1;PLCB1;SOS1;SOS2,1.0,False
KEGG,6,ANTIGEN PROCESSING AND PRESENTATION,0.23956438211296838,5,579,38,6576,CREB1;HSPA1L;NFYA;PDIA3;RFXAP,1.0,False
KEGG,6,GLYCEROPHOSPHOLIPID METABOLISM,0.24236132068684763,11,579,98,6576,CEPT1;DGKH;GPAM;GPCPD1;GPD2;LPIN2;MBOAT2;PLA2G4C;PLPP5;SELENOI;SGMS1,1.0,False
KEGG,6,YERSINIA INFECTION,0.24672602707395005,13,579,119,6576,AKT3;ARHGEF7;ARPC1A;ELMO2;IRAK4;MAP3K7;MAPK10;MAPK8;PIK3R1;TANK;TBK1;TRAF6;WIPF3,1.0,False
KEGG,6,RNA DEGRADATION,0.24679321221462275,8,579,68,6576,CNOT10;CNOT6;CNOT7;EXOSC1;EXOSC6;PNPT1;TENT4B;ZCCHC7,1.0,False
KEGG,6,FRUCTOSE AND MANNOSE METABOLISM,0.24890141300623217,4,579,29,6576,FPGT;PCNX4;PFKFB2;TIGAR,1.0,False
KEGG,6,TERPENOID BACKBONE BIOSYNTHESIS,0.2555869500019926,3,579,20,6576,DHDDS;HMGCR;PDSS2,1.0,False
KEGG,6,SPHINGOLIPID METABOLISM,0.2597038788672713,6,579,49,6576,ACER2;ACER3;B4GALT6;NEU3;SGMS1;SGPL1,1.0,False
KEGG,6,TGF-BETA SIGNALING PATHWAY,0.26334486846693794,11,579,100,6576,ACVR2B;BMPR1A;E2F5;HFE;RBL1;RPS6KB1;SKIL;SMAD1;SMAD4;SMAD5;TGIF2,1.0,False
KEGG,6,SALMONELLA INFECTION,0.26574566797607857,22,579,216,6576,AKT3;ARHGEF7;ARPC1A;CYFIP2;DYNC1H1;ELMO2;EXOC2;GCC2;IRAK4;KIF5C;KLC1;KPNA3;MAP3K7;MAPK10;MAPK8;PIK3C3;TANK;TIRAP;TRAF6;TUBA8;VPS33A;VPS41,1.0,False
KEGG,6,MRNA SURVEILLANCE PATHWAY,0.26975665389844894,9,579,80,6576,CPSF2;CPSF6;CSTF2T;DDX19B;GSPT2;HBS1L;PPP2R2D;PPP2R5C;RNMT,1.0,False
KEGG,6,DOPAMINERGIC SYNAPSE,0.27562110003017454,13,579,122,6576,AKT3;CACNA1D;CREB1;GNAI1;GNB5;KIF5C;MAPK10;MAPK8;PLCB1;PPP2R2D;PPP2R5C;PPP3CA;PPP3CC,1.0,False
KEGG,6,MISMATCH REPAIR,0.28030096379286595,3,579,21,6576,MLH3;MSH3;PMS2,1.0,False
KEGG,6,INSULIN RESISTANCE,0.2849055738759021,11,579,102,6576,AKT3;CREB1;FOXO1;MAPK10;MAPK8;MTOR;PDPK1;PIK3R1;PPARGC1A;PPP1R3D;RPS6KB1,1.0,False
KEGG,6,ACUTE MYELOID LEUKEMIA,0.302924778988439,7,579,62,6576,AKT3;BRAF;MTOR;PIK3R1;RPS6KB1;SOS1;SOS2,1.0,False
KEGG,6,MAPK SIGNALING PATHWAY,0.3033688023989675,28,579,286,6576,AKT3;BRAF;CACNA1D;DUSP16;EGF;ELK4;HSPA1L;IL1RAP;IRAK4;LAMTOR3;MAP3K13;MAP3K4;MAP3K7;MAPK10;MAPK8;MAPKAPK5;NF1;NLK;PLA2G4C;PPP3CA;PPP3CC;PPP3R1;RASGRP1;SOS1;SOS2;TANK;TAOK3;TRAF6,1.0,False
KEGG,6,PHOTOTRANSDUCTION,0.3052161900770869,3,579,22,6576,CNGA1;GUCY2F;SLC24A1,1.0,False
KEGG,6,CIRCADIAN RHYTHM,0.30972272970929265,4,579,32,6576,BTRC;CREB1;CRY1;FBXW11,1.0,False
KEGG,6,ATP-DEPENDENT CHROMATIN REMODELING,0.3129802861113027,10,579,94,6576,ACTR5;ACTR8;BAZ1A;BCL7A;BRD7;DPF2;H2AC20;MORF4L2;MTA3;SMARCA2,1.0,False
KEGG,6,TOXOPLASMOSIS,0.3129802861113027,10,579,94,6576,AKT3;GNAI1;HSPA1L;IRAK4;JAK2;MAP3K7;MAPK10;MAPK8;PDPK1;TRAF6,1.0,False
KEGG,6,RENAL CELL CARCINOMA,0.3174414892055222,7,579,63,6576,AKT3;ARHGEF7;BRAF;PIK3R1;SOS1;SOS2;VHL,1.0,False
KEGG,6,PROGESTERONE-MEDIATED OOCYTE MATURATION,0.31918288657209637,9,579,84,6576,AKT3;BRAF;CDC23;CPEB2;CPEB3;GNAI1;MAPK10;MAPK8;PIK3R1,1.0,False
KEGG,6,NUCLEOTIDE EXCISION REPAIR,0.32257776896587675,6,579,53,6576,CUL4B;ERCC3;GTF2H1;POLR2M;UVSSA;XPC,1.0,False
KEGG,6,SIGNALING PATHWAYS REGULATING PLURIPOTENCY OF STEM CELLS,0.34671573895122965,13,579,129,6576,ACVR2B;AKT3;BMPR1A;HESX1;JAK2;KAT6A;PCGF3;PIK3R1;SKIL;SMAD1;SMAD4;SMAD5;WNT2B,1.0,False
KEGG,6,PROSTATE CANCER,0.34883194993909744,10,579,97,6576,AKT3;BRAF;CREB1;EGF;FOXO1;MTOR;PDPK1;PIK3R1;SOS1;SOS2,1.0,False
KEGG,6,NICOTINATE AND NICOTINAMIDE METABOLISM,0.35105282698407325,4,579,34,6576,CD38;NMNAT3;NUDT12;PGAP1,1.0,False
KEGG,6,HUMAN CYTOMEGALOVIRUS INFECTION,0.35462861750678826,18,579,184,6576,AKAP13;AKT3;CREB1;GNAI1;GNB5;MTOR;PDIA3;PIK3R1;PLCB1;PPP3CA;PPP3CC;PPP3R1;RPS6KB1;SOS1;SOS2;TANK;TBK1;TSC1,1.0,False
KEGG,6,NOTCH SIGNALING PATHWAY,0.35482828415872775,6,579,55,6576,ADAM17;ATXN1;ATXN1L;NUMB;PSEN2;TLE4,1.0,False
KEGG,6,VEGF SIGNALING PATHWAY,0.35482828415872775,6,579,55,6576,AKT3;PIK3R1;PLA2G4C;PPP3CA;PPP3CC;PPP3R1,1.0,False
KEGG,6,TNF SIGNALING PATHWAY,0.36371631818821937,11,579,109,6576,ADAM17;AKT3;BAG4;CREB1;IL15;MAP3K7;MAPK10;MAPK8;PIK3R1;TANK;TRAF3,1.0,False
KEGG,6,GAP JUNCTION,0.36655648871337415,8,579,77,6576,EGF;GNAI1;GUCY1A1;HTR2B;PLCB1;SOS1;SOS2;TUBA8,1.0,False
KEGG,6,PENTOSE AND GLUCURONATE INTERCONVERSIONS,0.38572191639101605,2,579,15,6576,CRPPA;XYLB,1.0,False
KEGG,6,OSTEOCLAST DIFFERENTIATION,0.3868395365487129,11,579,111,6576,AKT3;CREB1;MAP3K7;MAPK10;MAPK8;PIK3R1;PPP3CA;PPP3CC;PPP3R1;TANK;TRAF6,1.0,False
KEGG,6,EFFEROCYTOSIS,0.38943003796814474,14,579,144,6576,ADAM17;ATP11B;ATP11C;ATP8A2;CREB1;DNMT3A;DUSP16;JAK2;TMEM30A;VPS33A;VPS41;XKR4;XKR6;XKR9,1.0,False
KEGG,6,GLIOMA,0.39134514121503644,7,579,68,6576,AKT3;BRAF;EGF;MTOR;PIK3R1;SOS1;SOS2,1.0,False
KEGG,6,CHAGAS DISEASE,0.39611759804406527,9,579,90,6576,AKT3;GNAI1;IRAK4;MAPK10;MAPK8;PIK3R1;PLCB1;PPP2R2D;TRAF6,1.0,False
KEGG,6,NEUTROPHIL EXTRACELLULAR TRAP FORMATION,0.39749803720725185,10,579,101,6576,AKT3;ATG7;CLCN4;CLCN5;H2AC20;HDAC8;MAP3K7;MTOR;PIK3R1;PLCB1,1.0,False
KEGG,6,GNRH SIGNALING PATHWAY,0.4079704654682801,8,579,80,6576,CACNA1D;MAP3K4;MAPK10;MAPK8;PLA2G4C;PLCB1;SOS1;SOS2,1.0,False
KEGG,6,HEPATOCELLULAR CARCINOMA,0.4098736130919997,14,579,146,6576,AKT3;BRAF;BRD7;GSTO2;MTOR;PIK3R1;RPS6KB1;SMAD4;SMARCA2;SOS1;SOS2;TXNRD2;TXNRD3;WNT2B,1.0,False
KEGG,6,FATTY ACID BIOSYNTHESIS,0.41776407330441495,2,579,16,6576,ACSBG1;ACSF3,1.0,False
KEGG,6,PERTUSSIS,0.4197517190312441,6,579,59,6576,GNAI1;IRAK4;MAPK10;MAPK8;TIRAP;TRAF6,1.0,False
KEGG,6,APELIN SIGNALING PATHWAY,0.4212880152734643,12,579,125,6576,AKT3;BECN1;GNAI1;GNB5;MTOR;NRF1;PIK3C3;PLCB1;PPARGC1A;RPS6KB1;SLC8A1;SMAD4,1.0,False
KEGG,6,TH17 CELL DIFFERENTIATION,0.4220328327517272,9,579,92,6576,IL1RAP;JAK2;MAPK10;MAPK8;MTOR;PPP3CA;PPP3CC;PPP3R1;SMAD4,1.0,False
KEGG,6,PATHOGENIC ESCHERICHIA COLI INFECTION,0.42823760842434333,16,579,170,6576,ARHGEF7;ARPC1A;CYFIP2;IRAK4;MAP3K7;MAPK10;MAPK8;NCK1;SEC24A;SEC24B;TANK;TIRAP;TRAF6;TTF2;TUBA8;WIPF3,1.0,False
KEGG,6,PENTOSE PHOSPHATE PATHWAY,0.42900721753947046,3,579,27,6576,PCNX4;RBKS;SHPK,1.0,False
KEGG,6,PHOSPHOLIPASE D SIGNALING PATHWAY,0.4314028781730704,13,579,137,6576,AKT3;DGKH;DNM3;EGF;MTOR;PIK3R1;PLA2G4C;PLCB1;PTGFR;SOS1;SOS2;TSC1;TTF2,1.0,False
KEGG,6,NOD-LIKE RECEPTOR SIGNALING PATHWAY,0.43239979930374234,12,579,126,6576,AIM2;ATG12;IRAK4;MAP3K7;MAPK10;MAPK8;PLCB1;RNASEL;TANK;TBK1;TRAF3;TRAF6,1.0,False
KEGG,6,TIGHT JUNCTION,0.4406204905824366,14,579,149,6576,ARPC1A;CACNA1D;CNKSR3;MAPK10;MAPK8;MARVELD3;NEDD4;NF2;PALS1;PARD6B;PPP2R2D;PRKCI;TUBA8;WHAMM,1.0,False
KEGG,6,SELENOCOMPOUND METABOLISM,0.4489361423796778,2,579,17,6576,TXNRD2;TXNRD3,1.0,False
KEGG,6,CHRONIC MYELOID LEUKEMIA,0.4507153223844302,7,579,72,6576,AKT3;BRAF;CBL;PIK3R1;SMAD4;SOS1;SOS2,1.0,False
KEGG,6,NATURAL KILLER CELL MEDIATED CYTOTOXICITY,0.4507153223844302,7,579,72,6576,BRAF;PIK3R1;PPP3CA;PPP3CC;PPP3R1;SOS1;SOS2,1.0,False
KEGG,6,CARBOHYDRATE DIGESTION AND ABSORPTION,0.453574015689157,4,579,39,6576,AKT3;CACNA1D;PIK3R1;PLCB1,1.0,False
KEGG,6,AGE-RAGE SIGNALING PATHWAY IN DIABETIC COMPLICATIONS,0.46077171913396664,9,579,95,6576,AKT3;FOXO1;JAK2;MAPK10;MAPK8;PIK3R1;PLCB1;PLCD4;SMAD4,1.0,False
KEGG,6,SEROTONERGIC SYNAPSE,0.46077171913396664,9,579,95,6576,BRAF;CACNA1D;GABRB3;GNAI1;GNB5;HTR2B;PLA2G4C;PLCB1;TRPC1,1.0,False
KEGG,6,APOPTOSIS - MULTIPLE SPECIES,0.47652969826413727,3,579,29,6576,BECN1;MAPK10;MAPK8,1.0,False
KEGG,6,GLUTAMATERGIC SYNAPSE,0.48286413372991377,10,579,108,6576,CACNA1D;GNAI1;GNB5;HOMER1;PLA2G4C;PLCB1;PPP3CA;PPP3CC;PPP3R1;TRPC1,1.0,False
KEGG,6,SALIVARY SECRETION,0.48379762803104837,6,579,63,6576,CD38;CHRM3;GUCY1A1;PGAP1;PLCB1;RBL1,1.0,False
KEGG,6,MORPHINE ADDICTION,0.49021098685586223,8,579,86,6576,GABRB3;GNAI1;GNB5;OPRM1;PDE10A;PDE11A;PDE1C;PDE7A,1.0,False
KEGG,6,LYSOSOME,0.4911370948312652,11,579,120,6576,AP3M1;AP3S2;AP4B1;AP4E1;AP4S1;ARSG;ATP6V0A2;CTNS;CTSO;MFSD8;SLC11A2,1.0,False
KEGG,6,ALZHEIMER DISEASE,0.4922186444106709,29,579,324,6576,ADAM17;AKT3;ATF6;ATG13;BECN1;BRAF;CACNA1D;CCNI;CHRM3;EIF2AK2;EIF2AK3;KIF5C;KLC1;MAPK10;MAPK8;MTOR;NDUFV3;PIK3C3;PIK3R1;PLCB1;PPP3CA;PPP3CC;PPP3R1;PSEN2;SLC11A2;SLC39A10;TANK;TUBA8;WNT2B,1.0,False
KEGG,6,NECROPTOSIS,0.49489926661291334,10,579,109,6576,EIF2AK2;H2AC20;JAK2;MAPK10;MAPK8;PLA2G4C;SPATA2;TANK;TLR3;USP25,1.0,False
KEGG,6,OOCYTE MEIOSIS,0.49489926661291334,10,579,109,6576,BTRC;CDC23;CPEB2;CPEB3;FBXW11;PPP2R5C;PPP3CA;PPP3CC;PPP3R1;STAG3,1.0,False
KEGG,6,INFLAMMATORY MEDIATOR REGULATION OF TRP CHANNELS,0.5036613551091749,8,579,87,6576,HTR2B;IL1RAP;MAPK10;MAPK8;PIK3R1;PLA2G4C;PLCB1;PRKCH,1.0,False
KEGG,6,CYTOSOLIC DNA-SENSING PATHWAY,0.5053500150471373,5,579,53,6576,AIM2;POLR3A;POLR3B;POLR3F;TBK1,1.0,False
KEGG,6,BIOSYNTHESIS OF VARIOUS NUCLEOTIDE SUGARS,0.5083123693636399,2,579,19,6576,CYB5R4;CYB5RL,1.0,False
KEGG,6,LIPOIC ACID METABOLISM,0.5083123693636399,2,579,19,6576,DBT;LIPT2,1.0,False
KEGG,6,STEROID BIOSYNTHESIS,0.5083123693636399,2,579,19,6576,LMBR1;SC5D,1.0,False
KEGG,6,SULFUR RELAY SYSTEM,0.5218113361513828,1,579,8,6576,NFS1,1.0,False
KEGG,6,NF-KAPPA B SIGNALING PATHWAY,0.5302189930253228,8,579,89,6576,IRAK4;MALT1;MAP3K7;TANK;TIRAP;TRAF3;TRAF6;TRIM25,1.0,False
KEGG,6,PURINE METABOLISM,0.5305408011406901,10,579,112,6576,AK7;AK9;FHIT;GMPS;GUCY1A1;GUCY2F;PDE10A;PDE11A;PDE1C;PDE7A,1.0,False
KEGG,6,RENIN-ANGIOTENSIN SYSTEM,0.5363929715149338,2,579,20,6576,LNPEP;NLN,1.0,False
KEGG,6,GLYCEROLIPID METABOLISM,0.5391121735428918,5,579,55,6576,DGKH;GPAM;LPIN2;MBOAT2;PLPP5,1.0,False
KEGG,6,LONG-TERM DEPRESSION,0.5391121735428918,5,579,55,6576,BRAF;GNAI1;GUCY1A1;PLA2G4C;PLCB1,1.0,False
KEGG,6,CHEMICAL CARCINOGENESIS - REACTIVE OXYGEN SPECIES,0.546453185315458,15,579,171,6576,ABL2;AKT3;BRAF;CCNI;EGF;FOXO3;GSTO2;MAPK10;MAPK8;NDUFV3;PDPK1;PIK3R1;SLC26A2;SOS1;SOS2,1.0,False
KEGG,6,TH1 AND TH2 CELL DIFFERENTIATION,0.5511377440611568,7,579,79,6576,IL5;JAK2;MAPK10;MAPK8;PPP3CA;PPP3CC;PPP3R1,1.0,False
KEGG,6,THYROID HORMONE SIGNALING PATHWAY,0.55382525942464,10,579,114,6576,AKT3;FOXO1;MED17;MTOR;NCOA1;PDPK1;PFKFB2;PIK3R1;PLCB1;PLCD4,1.0,False
KEGG,6,HUMAN PAPILLOMAVIRUS INFECTION,0.554738673755931,25,579,287,6576,AKT3;ATP6V0A2;ATP6V1E2;CNKSR3;CREB1;EGF;EIF2AK2;FOXO1;MTOR;PALS1;PARD6B;PIK3R1;PPP2R2D;PPP2R5C;PRKCI;RBL1;RPS6KB1;SOS1;SOS2;TBK1;TBPL1;TLR3;TRAF3;TSC1;WNT2B,1.0,False
KEGG,6,CHOLINERGIC SYNAPSE,0.5609319294694952,9,579,103,6576,AKT3;CACNA1D;CHRM3;CREB1;GNAI1;GNB5;JAK2;PIK3R1;PLCB1,1.0,False
KEGG,6,"VALINE, LEUCINE AND ISOLEUCINE DEGRADATION",0.5684952188580455,4,579,45,6576,ACADSB;ACSF3;DBT;IVD,1.0,False
KEGG,6,AMYOTROPHIC LATERAL SCLEROSIS,0.572807139378882,26,579,301,6576,ATF6;ATG13;BECN1;CCNI;DNAH11;DNAL1;EIF2AK3;FIG4;KIF5C;KLC1;MTOR;NDUFV3;NUP107;NUP155;NUP160;NUP93;PIK3C3;PPP3CA;PPP3CC;PPP3R1;PRKN;RAB39B;TANK;TBK1;TOMM40L;TUBA8,1.0,False
KEGG,6,APOPTOSIS,0.5766518399227137,10,579,116,6576,AKT3;CTSO;DFFA;EIF2AK3;MAPK10;MAPK8;PDPK1;PIK3R1;TANK;TUBA8,1.0,False
KEGG,6,INFLUENZA A,0.5766518399227137,10,579,116,6576,AKT3;EIF2AK2;IRAK4;JAK2;PIK3R1;RNASEL;TBK1;TLR3;TRAF3;TRIM25,1.0,False
KEGG,6,"ALANINE, ASPARTATE AND GLUTAMATE METABOLISM",0.5862374366838095,3,579,34,6576,ALDH5A1;ASNS;ASPA,1.0,False
KEGG,6,ALDOSTERONE-REGULATED SODIUM REABSORPTION,0.5862374366838095,3,579,34,6576,NR3C2;PDPK1;PIK3R1,1.0,False
KEGG,6,GNRH SECRETION,0.5876418726583756,5,579,58,6576,AKT3;CACNA1D;PIK3R1;PLCB1;TRPC1,1.0,False
KEGG,6,RELAXIN SIGNALING PATHWAY,0.5878749404794896,10,579,117,6576,AKT3;CREB1;GNAI1;GNB5;MAPK10;MAPK8;PIK3R1;PLCB1;SOS1;SOS2,1.0,False
KEGG,6,ALPHA-LINOLENIC ACID METABOLISM,0.5891634084475897,2,579,22,6576,ACOX3;PLA2G4C,1.0,False
KEGG,6,ESTROGEN SIGNALING PATHWAY,0.5989622193362828,10,579,118,6576,AKT3;CREB1;GNAI1;HSPA1L;NCOA1;OPRM1;PIK3R1;PLCB1;SOS1;SOS2,1.0,False
KEGG,6,LONG-TERM POTENTIATION,0.6031872572534807,5,579,59,6576,BRAF;PLCB1;PPP3CA;PPP3CC;PPP3R1,1.0,False
KEGG,6,C-TYPE LECTIN RECEPTOR SIGNALING PATHWAY,0.6063363707818807,8,579,95,6576,AKT3;MALT1;MAPK10;MAPK8;PIK3R1;PPP3CA;PPP3CC;PPP3R1,1.0,False
KEGG,6,BUTANOATE METABOLISM,0.6138252292796587,2,579,23,6576,ALDH5A1;BDH1,1.0,False
KEGG,6,FATTY ACID DEGRADATION,0.6257926219745951,3,579,36,6576,ACADSB;ACOX3;ACSBG1,1.0,False
KEGG,6,RAS SIGNALING PATHWAY,0.6342161665378707,18,579,216,6576,ABL2;AKT3;ARHGEF7;EGF;EXOC2;GNB5;MAPK10;MAPK8;NF1;PIK3R1;PLA2G4C;RALGAPA1;RALGAPA2;RAPGEF5;RASGRP1;SOS1;SOS2;TBK1,1.0,False
KEGG,6,AMPHETAMINE ADDICTION,0.647752408954166,5,579,62,6576,CACNA1D;CREB1;PPP3CA;PPP3CC;PPP3R1,1.0,False
KEGG,6,CENTRAL CARBON METABOLISM IN CANCER,0.647752408954166,5,579,62,6576,AKT3;MTOR;PDPK1;PIK3R1;TIGAR,1.0,False
KEGG,6,CHEMICAL CARCINOGENESIS - RECEPTOR ACTIVATION,0.6530466325916632,13,579,159,6576,AKT3;CACNA1D;CREB1;EGF;GNAI1;GSTO2;JAK2;KPNA3;MTOR;PIK3R1;RPS6KB1;SOS1;SOS2,1.0,False
KEGG,6,CORONAVIRUS DISEASE - COVID-19,0.6530466325916632,13,579,159,6576,ADAM17;EIF2AK2;IRAK4;MAP3K7;MAPK10;MAPK8;PIK3R1;RPL7A;TBK1;TLR3;TRAF3;TRAF6;TTF2,1.0,False
KEGG,6,COLLECTING DUCT ACID SECRETION,0.6597120646579643,2,579,25,6576,ATP6V0A2;ATP6V1E2,1.0,False
KEGG,6,FATTY ACID ELONGATION,0.6597120646579643,2,579,25,6576,ELOVL2;ELOVL7,1.0,False
KEGG,6,EPSTEIN-BARR VIRUS INFECTION,0.6620282510668585,13,579,160,6576,AKT3;EIF2AK2;IRAK4;MAP3K7;MAPK10;MAPK8;NEDD4;PDIA3;PIK3R1;TANK;TBK1;TRAF3;TRAF6,1.0,False
KEGG,6,REGULATION OF LIPOLYSIS IN ADIPOCYTES,0.6686951410867951,4,579,51,6576,ABHD5;AKT3;GNAI1;PIK3R1,1.0,False
KEGG,6,UBIQUINONE AND OTHER TERPENOID-QUINONE BIOSYNTHESIS,0.6694435905386988,1,579,12,6576,GGCX,1.0,False
KEGG,6,SYNAPTIC VESICLE CYCLE,0.6703974017703074,6,579,76,6576,ATP6V0A2;ATP6V1E2;DNM3;NSF;SYT1;UNC13B,1.0,False
KEGG,6,CELL CYCLE,0.6710199566862096,12,579,149,6576,ATRX;CDC14A;CDC23;DDX11;E2F5;HDAC8;ORC5;PPP2R5C;PRKDC;RBL1;SLC25A15;SMAD4,1.0,False
KEGG,6,EPITHELIAL CELL SIGNALING IN HELICOBACTER PYLORI INFECTION,0.6756486106089497,5,579,64,6576,ADAM17;ATP6V0A2;ATP6V1E2;MAPK10;MAPK8,1.0,False
KEGG,6,CIRCADIAN ENTRAINMENT,0.6785928202884002,7,579,89,6576,CACNA1D;CREB1;GNAI1;GNB5;GUCY1A1;NOS1AP;PLCB1,1.0,False
KEGG,6,STARCH AND SUCROSE METABOLISM,0.6809657637061384,2,579,26,6576,GANC;PGM2L1,1.0,False
KEGG,6,VITAMIN DIGESTION AND ABSORPTION,0.6809657637061384,2,579,26,6576,LMBRD1;RIMBP2,1.0,False
KEGG,6,CALCIUM SIGNALING PATHWAY,0.6811228161759113,19,579,234,6576,CACNA1D;CD38;CHRM3;CYSLTR1;EGF;GRPR;HTR2B;P2RX4;PDE1C;PHKA1;PLCB1;PLCD4;PPP3CA;PPP3CC;PPP3R1;PTGFR;SLC8A1;SOS1;STIM2,1.0,False
KEGG,6,ABC TRANSPORTERS,0.6968471239233649,3,579,40,6576,ABCC5;ABCC8;ABCC9,1.0,False
KEGG,6,OTHER TYPES OF O-GLYCAN BIOSYNTHESIS,0.6968471239233649,3,579,40,6576,EOGT;POGLUT1;ST3GAL3,1.0,False
KEGG,6,CHEMOKINE SIGNALING PATHWAY,0.6977174325583569,12,579,152,6576,AKT3;BRAF;CCR6;CNOT6;FOXO3;GNAI1;GNB5;JAK2;PIK3R1;PLCB1;SOS1;SOS2,1.0,False
KEGG,6,GLYCOSAMINOGLYCAN BIOSYNTHESIS - KERATAN SULFATE,0.6986014456694258,1,579,13,6576,ST3GAL3,1.0,False
KEGG,6,IGSF CAM SIGNALING,0.7029439493403697,21,579,261,6576,AKT3;ARHGEF7;ARPC1A;CABLES2;CNKSR3;FOXO1;IL1RAP;LRRTM4;MAGI2;MAPK10;MAPK8;NCK1;NPHS1;PALS2;PARD6B;PDPK1;PIK3R1;PLXNA3;PRKCI;TRAF6;TUBA8,1.0,False
KEGG,6,PLATELET ACTIVATION,0.7038469795661737,9,579,116,6576,AKT3;GNAI1;GUCY1A1;PIK3R1;PLA2G4C;PLCB1;PRKCI;RASGRP1;TTF2,1.0,False
KEGG,6,VARIOUS TYPES OF N-GLYCAN BIOSYNTHESIS,0.7129234272320982,3,579,41,6576,ALG9;MGAT4A;ST3GAL3,1.0,False
KEGG,6,VASOPRESSIN-REGULATED WATER REABSORPTION,0.7129234272320982,3,579,41,6576,CREB1;DYNC1H1;NSF,1.0,False
KEGG,6,DRUG METABOLISM - CYTOCHROME P450,0.7202101783827568,2,579,28,6576,FMO1;GSTO2,1.0,False
KEGG,6,PATHWAYS OF NEURODEGENERATION - MULTIPLE DISEASES,0.7218347792822523,33,579,407,6576,ATF6;ATG13;ATXN1;ATXN1L;BECN1;BRAF;CACNA1D;CCNI;CHRM3;DNAH11;DNAL1;EIF2AK3;FIG4;KIF5C;KLC1;MAPK10;MAPK8;MTOR;NDUFV3;PIK3C3;PLCB1;PPP3CA;PPP3CC;PPP3R1;PRKN;PSEN2;RAB39B;TANK;TBK1;TOMM40L;TUBA8;UBE2G1;WNT2B,1.0,False
KEGG,6,TAURINE AND HYPOTAURINE METABOLISM,0.7251913836486126,1,579,14,6576,FMO1,1.0,False
KEGG,6,MELANOMA,0.7269066349722946,5,579,68,6576,AKT3;BRAF;EGF;PIK3R1;SOS1,1.0,False
KEGG,6,INTESTINAL IMMUNE NETWORK FOR IGA PRODUCTION,0.7382605843174692,2,579,29,6576,IL15;IL5,1.0,False
KEGG,6,HUMAN T-CELL LEUKEMIA VIRUS 1 INFECTION,0.7475677817543912,15,579,195,6576,AKT3;CDC23;CREB1;CRTC3;ELK4;IL15;MAPK10;MAPK8;PIK3R1;POLG2;PPP3CA;PPP3CC;PPP3R1;SMAD4;TBPL1,1.0,False
KEGG,6,GLYCOSPHINGOLIPID BIOSYNTHESIS - GANGLIO SERIES,0.749439202738441,1,579,15,6576,ST3GAL5,1.0,False
KEGG,6,SPLICEOSOME,0.7500941157615305,9,579,121,6576,AQR;CDC40;CRNKL1;DDX42;HSPA1L;RBMX2;SNIP1;SNRNP27;THOC5,1.0,False
KEGG,6,BACTERIAL INVASION OF EPITHELIAL CELLS,0.750245595033926,5,579,70,6576,ARPC1A;CBL;DNM3;ELMO2;PIK3R1,1.0,False
KEGG,6,METABOLISM OF XENOBIOTICS BY CYTOCHROME P450,0.7553080148716858,2,579,30,6576,AKR7L;GSTO2,1.0,False
KEGG,6,ENDOCRINE AND OTHER FACTOR-REGULATED CALCIUM REABSORPTION,0.7572002059813443,3,579,44,6576,DNM3;PLCB1;SLC8A1,1.0,False
KEGG,6,HUNTINGTON DISEASE,0.7602631885086488,20,579,258,6576,ATG13;BECN1;CCNI;CREB1;DNAH11;DNAL1;KIF5C;KLC1;MAPK10;MAPK8;MTOR;NDUFV3;NRF1;PIK3C3;PLCB1;PPARGC1A;TAF4B;TANK;TBPL1;TUBA8,1.0,False
KEGG,6,BREAST CANCER,0.7621731575613935,10,579,135,6576,AKT3;BRAF;EGF;MTOR;NCOA1;PIK3R1;RPS6KB1;SOS1;SOS2;WNT2B,1.0,False
KEGG,6,THERMOGENESIS,0.7636384014454871,14,579,185,6576,CCNI;COA7;COX15;CREB1;FRS2;MTOR;NDUFAF1;NDUFV3;PPARGC1A;RPS6KB1;SMARCA2;SOS1;SOS2;TSC1,1.0,False
KEGG,6,LEISHMANIASIS,0.7638589453381893,4,579,58,6576,IRAK4;JAK2;MAP3K7;TRAF6,1.0,False
KEGG,6,ALCOHOLISM,0.7644890399944361,8,579,110,6576,BRAF;CREB1;GNAI1;GNB5;H2AC20;HDAC8;SOS1;SOS2,1.0,False
KEGG,6,HIPPO SIGNALING PATHWAY,0.7658140334808036,11,579,148,6576,BMPR1A;BTRC;FBXW11;NF2;PALS1;PARD6B;PPP2R2D;PRKCI;SMAD1;SMAD4;WNT2B,1.0,False
KEGG,6,RAP1 SIGNALING PATHWAY,0.7680328737030169,15,579,198,6576,AKT3;BRAF;CNKSR3;DOCK4;EGF;FARP2;GNAI1;KRIT1;MAGI2;PARD6B;PIK3R1;PLCB1;PRKCI;RAPGEF5;SOS1,1.0,False
KEGG,6,GASTRIC CANCER,0.7701312541253683,10,579,136,6576,AKT3;BRAF;EGF;MTOR;PIK3R1;RPS6KB1;SMAD4;SOS1;SOS2;WNT2B,1.0,False
KEGG,6,VIBRIO CHOLERAE INFECTION,0.7706791336330086,3,579,45,6576,ATP6V0A2;ATP6V1E2;SEC61A2,1.0,False
KEGG,6,PRIMARY IMMUNODEFICIENCY,0.7713888190971858,2,579,31,6576,DCLRE1C;RFXAP,1.0,False
KEGG,6,PROPANOATE METABOLISM,0.7713888190971858,2,579,31,6576,ACOX3;DBT,1.0,False
KEGG,6,OTHER GLYCAN DEGRADATION,0.7715508780340427,1,579,16,6576,NEU3,1.0,False
KEGG,6,CGMP-PKG SIGNALING PATHWAY,0.7733700830803725,11,579,149,6576,AKT3;CACNA1D;CNGA1;CREB1;GNAI1;GUCY1A1;PLCB1;PPP3CA;PPP3CC;PPP3R1;SLC8A1,1.0,False
KEGG,6,HIF-1 SIGNALING PATHWAY,0.7806692463498027,7,579,99,6576,AKT3;EGF;MTOR;PDPK1;PIK3R1;RPS6KB1;VHL,1.0,False
KEGG,6,FC GAMMA R-MEDIATED PHAGOCYTOSIS,0.7807358489330758,6,579,86,6576,AKT3;ARPC1A;ASAP1;PIK3R1;PLA2G4C;RPS6KB1,1.0,False
KEGG,6,SMALL CELL LUNG CANCER,0.7900498082963751,6,579,87,6576,AKT3;FHIT;PIK3R1;TANK;TRAF3;TRAF6,1.0,False
KEGG,6,ALLOGRAFT REJECTION,0.7917142990124404,1,579,17,6576,IL5,1.0,False
KEGG,6,ASTHMA,0.7917142990124404,1,579,17,6576,IL5,1.0,False
KEGG,6,VIRAL CARCINOGENESIS,0.7950065279495591,11,579,152,6576,CNOT6;CREB1;EIF2AK2;GTF2H1;HDAC8;PIK3R1;POLG2;RBL1;TANK;TBPL1;TRAF3,1.0,False
KEGG,6,DRUG METABOLISM - OTHER ENZYMES,0.7958012592316362,3,579,47,6576,GMPS;GSTO2;UCK2,1.0,False
KEGG,6,CUSHING SYNDROME,0.8000793975725022,10,579,140,6576,ASH2L;BRAF;CACNA1D;CREB1;GNAI1;PDE11A;PLCB1;RBBP5;USP8;WNT2B,1.0,False
KEGG,6,DNA REPLICATION,0.8008023334319931,2,579,33,6576,POLA1;RNASEH1,1.0,False
KEGG,6,INSULIN SECRETION,0.80203921178736,5,579,75,6576,ABCC8;CACNA1D;CHRM3;CREB1;PLCB1,1.0,False
KEGG,6,BILE SECRETION,0.8078725653159624,4,579,62,6576,HMGCR;SLC22A1;SLC4A5;SLC51A,1.0,False
KEGG,6,TASTE TRANSDUCTION,0.8177699296226469,4,579,63,6576,CHRM3;PDE1C;PLCB1;SCN2A,1.0,False
KEGG,6,HISTIDINE METABOLISM,0.8268668820038401,1,579,19,6576,ASPA,1.0,False
KEGG,6,N-GLYCAN BIOSYNTHESIS,0.8291438522438059,3,579,50,6576,ALG6;ALG9;MGAT4A,1.0,False
KEGG,6,REGULATION OF ACTIN CYTOSKELETON,0.83327791194675,15,579,209,6576,ABI2;AKT3;ARHGEF7;ARPC1A;BRAF;CHRM3;CYFIP2;DIAPH2;DIAPH3;EGF;IQGAP3;PIK3R1;SOS1;SOS2;TTF2,1.0,False
KEGG,6,FLUID SHEAR STRESS AND ATHEROSCLEROSIS,0.8344665841436673,8,579,119,6576,ACVR2B;AKT3;BMPR1A;GSTO2;MAP3K7;MAPK10;MAPK8;PIK3R1,1.0,False
KEGG,6,AXON GUIDANCE,0.8344818031036338,12,579,171,6576,ARHGEF7;GNAI1;LRIG2;NCK1;PARD6B;PDPK1;PIK3R1;PLXNA3;PPP3CA;PPP3CC;PPP3R1;TRPC1,1.0,False
KEGG,6,GASTRIC ACID SECRETION,0.8363076588988123,4,579,65,6576,CHRM3;GNAI1;KCNJ15;PLCB1,1.0,False
KEGG,6,PPAR SIGNALING PATHWAY,0.8363076588988123,4,579,65,6576,ACOX3;ACSBG1;PDPK1;SYCP2,1.0,False
KEGG,6,FERROPTOSIS,0.8386352892724338,2,579,36,6576,ATG7;SLC11A2,1.0,False
KEGG,6,AUTOIMMUNE THYROID DISEASE,0.8421549825558877,1,579,20,6576,IL5,1.0,False
KEGG,6,FOLATE TRANSPORT AND METABOLISM,0.8421549825558877,1,579,20,6576,ABCC5,1.0,False
KEGG,6,PANTOTHENATE AND COA BIOSYNTHESIS,0.8421549825558877,1,579,20,6576,PPCS,1.0,False
KEGG,6,RIBOSOME BIOGENESIS IN EUKARYOTES,0.844970066805777,4,579,66,6576,NOL6;NVL;RBM28;UTP15,1.0,False
KEGG,6,BLADDER CANCER,0.8497246804921543,2,579,37,6576,BRAF;EGF,1.0,False
KEGG,6,OLFACTORY TRANSDUCTION,0.8497246804921543,2,579,37,6576,PDE1C;SLC8A1,1.0,False
KEGG,6,GLYCOSAMINOGLYCAN BIOSYNTHESIS - CHONDROITIN SULFATE / DERMATAN SULFATE,0.8560952304357139,1,579,21,6576,CHST12,1.0,False
KEGG,6,PANCREATIC SECRETION,0.859853206951178,5,579,82,6576,CD38;CHRM3;PGAP1;PLCB1;TRPC1,1.0,False
KEGG,6,CORTISOL SYNTHESIS AND SECRETION,0.866259447636435,3,579,54,6576,CACNA1D;CREB1;PLCB1,1.0,False
KEGG,6,LINOLEIC ACID METABOLISM,0.8688062695780057,1,579,22,6576,PLA2G4C,1.0,False
KEGG,6,OXYTOCIN SIGNALING PATHWAY,0.8689795655729682,9,579,138,6576,CACNA1D;CD38;GNAI1;GUCY1A1;PLA2G4C;PLCB1;PPP3CA;PPP3CC;PPP3R1,1.0,False
KEGG,6,TRYPTOPHAN METABOLISM,0.8698470936020277,2,579,39,6576,AADAT;KYNU,1.0,False
KEGG,6,GABAERGIC SYNAPSE,0.8735220968265671,5,579,84,6576,CACNA1D;GABRB3;GNAI1;GNB5;NSF,1.0,False
KEGG,6,BASE EXCISION REPAIR,0.8789523551640626,2,579,40,6576,PARG;POLG2,1.0,False
KEGG,6,PRION DISEASE,0.88377116020169,15,579,220,6576,CACNA1D;CCNI;CREB1;EIF2AK3;HSPA1L;KIF5C;KLC1;MAPK10;MAPK8;NDUFV3;PIK3R1;PPP3CA;PPP3CC;PPP3R1;TUBA8,1.0,False
KEGG,6,PHAGOSOME,0.8908172382091609,7,579,115,6576,ATP6V0A2;ATP6V1E2;DYNC1H1;PIK3C3;SEC61A2;STX7;TUBA8,1.0,False
KEGG,6,CHEMICAL CARCINOGENESIS - DNA ADDUCTS,0.8909640770558969,1,579,24,6576,GSTO2,1.0,False
KEGG,6,GLYCOSAMINOGLYCAN BIOSYNTHESIS - HEPARAN SULFATE / HEPARIN,0.8909640770558969,1,579,24,6576,HS2ST1,1.0,False
KEGG,6,LEGIONELLOSIS,0.8954232664737323,2,579,42,6576,HBS1L;HSPA1L,1.0,False
KEGG,6,ADHERENS JUNCTION,0.8974913741550465,5,579,88,6576,FARP2;KRIT1;MAP3K7;NLK;SMAD4,1.0,False
KEGG,6,MOTOR PROTEINS,0.8981602997274031,11,579,171,6576,DNAH11;DNAI3;DNAL1;DYNC1H1;KIF1B;KIF27;KIF3A;KIF3B;KIF5C;KLC1;TUBA8,1.0,False
KEGG,6,PATHWAYS IN CANCER,0.9042331494841218,34,579,467,6576,AKT3;APPL1;BRAF;CBL;EGF;EML4;FOXO1;GNAI1;GNB5;GSTO2;IL15;IL5;IL7;JAK2;MAPK10;MAPK8;MSH3;MTOR;NCOA1;PIK3R1;PLCB1;RASGRP1;RPS6KB1;SMAD4;SOS1;SOS2;TANK;TRAF3;TRAF6;TTF2;TXNRD2;TXNRD3;VHL;WNT2B,1.0,False
KEGG,6,RETROGRADE ENDOCANNABINOID SIGNALING,0.9055055651409338,8,579,132,6576,CACNA1D;GABRB3;GNAI1;GNB5;MAPK10;MAPK8;NDUFV3;PLCB1,1.0,False
KEGG,6,GALACTOSE METABOLISM,0.9093849301271311,1,579,26,6576,GANC,1.0,False
KEGG,6,AFRICAN TRYPANOSOMIASIS,0.9173950256166564,1,579,27,6576,PLCB1,1.0,False
KEGG,6,HIPPO SIGNALING PATHWAY - MULTIPLE SPECIES,0.9173950256166564,1,579,27,6576,NF2,1.0,False
KEGG,6,ARACHIDONIC ACID METABOLISM,0.9222930544007942,2,579,46,6576,LTA4H;PLA2G4C,1.0,False
KEGG,6,COCAINE ADDICTION,0.9222930544007942,2,579,46,6576,CREB1;GNAI1,1.0,False
KEGG,6,CYSTEINE AND METHIONINE METABOLISM,0.9222930544007942,2,579,46,6576,DNMT1;DNMT3A,1.0,False
KEGG,6,CITRATE CYCLE (TCA CYCLE),0.9246981681068008,1,579,28,6576,ACO1,1.0,False
KEGG,6,PROTEIN EXPORT,0.9246981681068008,1,579,28,6576,SEC61A2,1.0,False
KEGG,6,NON-ALCOHOLIC FATTY LIVER DISEASE,0.9249420425339037,8,579,137,6576,AKT3;CCNI;EIF2AK3;MAPK10;MAPK8;NDUFV3;PIK3R1;TANK,1.0,False
KEGG,6,PARKINSON DISEASE,0.9249920919526705,14,579,219,6576,ATF6;CCNI;EIF2AK3;GNAI1;KIF5C;KLC1;MAPK10;MAPK8;NDUFV3;PRKN;SLC11A2;SLC39A10;TUBA8;UBE2G1,1.0,False
KEGG,6,ADRENERGIC SIGNALING IN CARDIOMYOCYTES,0.9283858872699612,8,579,138,6576,AKT3;CACNA1D;CREB1;GNAI1;PLCB1;PPP2R2D;PPP2R5C;SLC8A1,1.0,False
KEGG,6,BETA-ALANINE METABOLISM,0.9313566532421341,1,579,29,6576,ACOX3,1.0,False
KEGG,6,GLYOXYLATE AND DICARBOXYLATE METABOLISM,0.9313566532421341,1,579,29,6576,ACO1,1.0,False
KEGG,6,VIRAL LIFE CYCLE - HIV-1,0.933151351801264,2,579,48,6576,CPSF6;MLLT3,1.0,False
KEGG,6,HEMATOPOIETIC CELL LINEAGE,0.9342259538332685,3,579,65,6576,CD38;IL5;IL7,1.0,False
KEGG,6,P53 SIGNALING PATHWAY,0.9342259538332685,3,579,65,6576,GORAB;SESN1;ZMAT3,1.0,False
KEGG,6,ALDOSTERONE SYNTHESIS AND SECRETION,0.9348599542116472,4,579,81,6576,CACNA1D;CREB1;KCNK9;PLCB1,1.0,False
KEGG,6,HORMONE SIGNALING,0.9359578973905719,12,579,196,6576,APPL1;BMPR1A;GNAI1;GNB5;JAK2;OPRM1;PIK3R1;PLCB1;PMCH;SMAD1;SMAD4;SMAD5,1.0,False
KEGG,6,OXIDATIVE PHOSPHORYLATION,0.9374916594480418,5,579,97,6576,ATP6V0A2;ATP6V1E2;CCNI;COX15;NDUFV3,1.0,False
KEGG,6,THYROID HORMONE SYNTHESIS,0.938476234167911,3,579,66,6576,CREB1;PLCB1;TTF2,1.0,False
KEGG,6,RHEUMATOID ARTHRITIS,0.9424715221656566,3,579,67,6576,ATP6V0A2;ATP6V1E2;IL15,1.0,False
KEGG,6,STEROID HORMONE BIOSYNTHESIS,0.942961911839476,1,579,31,6576,SRD5A1,1.0,False
KEGG,6,PYRIMIDINE METABOLISM,0.9467833513393833,2,579,51,6576,AK9;UCK2,1.0,False
KEGG,6,PROTEOGLYCANS IN CANCER,0.9477342136579187,11,579,187,6576,AKT3;BRAF;CBL;FRS2;MTOR;PDPK1;PIK3R1;RPS6KB1;SOS1;SOS2;WNT2B,1.0,False
KEGG,6,VASCULAR SMOOTH MUSCLE CONTRACTION,0.9524892430213165,6,579,117,6576,BRAF;CACNA1D;GUCY1A1;PLA2G4C;PLCB1;PRKCH,1.0,False
KEGG,6,RETINOL METABOLISM,0.9526079259301946,1,579,33,6576,RDH12,1.0,False
KEGG,6,PI3K-AKT SIGNALING PATHWAY,0.9553554159694295,20,579,313,6576,AKT3;CNKSR3;CREB1;EGF;FOXO3;GNB5;IL7;JAK2;MAGI2;MTOR;MYB;PDPK1;PIK3R1;PPP2R2D;PPP2R5C;RPS6KB1;SGK3;SOS1;SOS2;TSC1,1.0,False
KEGG,6,"PARATHYROID HORMONE SYNTHESIS, SECRETION AND ACTION",0.958247467833723,5,579,104,6576,AKAP13;BRAF;CREB1;GNAI1;PLCB1,1.0,False
KEGG,6,MELANOGENESIS,0.9603376468514259,4,579,89,6576,CREB1;GNAI1;PLCB1;WNT2B,1.0,False
KEGG,6,AMINO SUGAR AND NUCLEOTIDE SUGAR METABOLISM,0.9606249879553455,1,579,35,6576,FPGT,1.0,False
KEGG,6,CAMP SIGNALING PATHWAY,0.9615958107799972,12,579,208,6576,ACOX3;AKT3;BRAF;CACNA1D;CNGA1;CREB1;GNAI1;HCAR1;MAPK10;MAPK8;PDE10A;PIK3R1,1.0,False
KEGG,6,THYROID CANCER,0.9641104079177143,1,579,36,6576,BRAF,1.0,False
KEGG,6,CARDIAC MUSCLE CONTRACTION,0.9667608092643643,3,579,75,6576,CACNA1D;CCNI;SLC8A1,1.0,False
KEGG,6,MALARIA,0.967287789235091,1,579,37,6576,SOS1,1.0,False
KEGG,6,NICOTINE ADDICTION,0.9701843131734428,1,579,38,6576,GABRB3,1.0,False
KEGG,6,OVARIAN STEROIDOGENESIS,0.9701843131734428,1,579,38,6576,PLA2G4C,1.0,False
KEGG,6,VIRAL PROTEIN INTERACTION WITH CYTOKINE AND CYTOKINE RECEPTOR,0.9735335205932756,2,579,60,6576,CCR6;CNOT6,1.0,False
KEGG,6,FOCAL ADHESION,0.9741979458235711,10,579,188,6576,AKT3;ARHGEF7;BRAF;EGF;MAPK10;MAPK8;PDPK1;PIK3R1;SOS1;SOS2,1.0,False
KEGG,6,VIRION - HEPATITIS VIRUSES,0.9752317512214947,1,579,40,6576,IST1,1.0,False
KEGG,6,DIABETIC CARDIOMYOPATHY,0.9808118831461281,8,579,164,6576,AKT3;CCNI;MAPK10;MAPK8;MTOR;NDUFV3;PIK3R1;PLCB1,1.0,False
KEGG,6,GLUTATHIONE METABOLISM,0.9829109168576827,1,579,44,6576,GSTO2,1.0,False
KEGG,6,SYSTEMIC LUPUS ERYTHEMATOSUS,0.9829109168576827,1,579,44,6576,H2AC20,1.0,False
KEGG,6,MICRORNAS IN CANCER,0.9832117430445525,7,579,151,6576,DNMT1;DNMT3A;FOXP1;MTOR;PIK3R1;SOS1;SOS2,1.0,False
KEGG,6,TRANSCRIPTIONAL MISREGULATION IN CANCER,0.9866458991218875,7,579,155,6576,ELK4;FOXO1;KDM6A;MLF1;MLLT3;NSD2;SMAD1,1.0,False
KEGG,6,VIRAL MYOCARDITIS,0.9870649391236576,1,579,47,6576,ABL2,1.0,False
KEGG,6,INFLAMMATORY BOWEL DISEASE,0.990210512764709,1,579,50,6576,IL5,1.0,False
KEGG,6,GLYCOLYSIS / GLUCONEOGENESIS,0.9925921341520608,1,579,53,6576,PCNX4,1.0,False
KEGG,6,NEUROACTIVE LIGAND SIGNALING,0.9929780965726263,8,579,182,6576,CHRM3;GABRB3;GNAI1;GNB5;HTR2B;OPRM1;P2RX4;PLCB1,1.0,False
KEGG,6,AMOEBIASIS,0.9932394276275845,2,579,77,6576,PIK3R1;PLCB1,1.0,False
KEGG,6,CYTOKINE-CYTOKINE RECEPTOR INTERACTION,0.9950573661229419,9,579,204,6576,ACVR2B;BMPR1A;CCR6;CNOT6;IL15;IL17RB;IL1RAP;IL5;IL7,1.0,False
KEGG,6,COMPLEMENT AND COAGULATION CASCADES,0.9957598198954318,1,579,59,6576,TTF2,1.0,False
KEGG,6,ARRHYTHMOGENIC RIGHT VENTRICULAR CARDIOMYOPATHY,0.99619674865495,2,579,84,6576,CACNA1D;SLC8A1,1.0,False
KEGG,6,BASAL CELL CARCINOMA,0.996479837197065,1,579,61,6576,WNT2B,1.0,False
KEGG,6,INTEGRIN SIGNALING,0.9965071640201915,5,579,143,6576,AKT3;EGF;MTOR;PIK3R1;SOS1,1.0,False
KEGG,6,HYPERTROPHIC CARDIOMYOPATHY,0.9986012562107288,2,579,96,6576,CACNA1D;SLC8A1,1.0,False
KEGG,6,DILATED CARDIOMYOPATHY,0.9989134009427427,2,579,99,6576,CACNA1D;SLC8A1,1.0,False
KEGG,6,CORNIFIED ENVELOPE FORMATION,0.9994059977943898,4,579,149,6576,ABHD5;DST;PPP2R2D;PPP2R5C,1.0,False
KEGG,6,LEUKOCYTE TRANSENDOTHELIAL MIGRATION,0.9994482044877628,2,579,107,6576,GNAI1;PIK3R1,1.0,False
KEGG,6,PROTEIN DIGESTION AND ABSORPTION,0.9995473050232189,1,579,83,6576,SLC8A1,1.0,False
KEGG,6,RIBOSOME,0.9998919827447986,2,579,126,6576,MRPS17;RPL7A,1.0,False
KEGG,6,NEUROACTIVE LIGAND-RECEPTOR INTERACTION,0.9999623794649048,11,579,317,6576,CHRM3;CHRNA5;CYSLTR1;GABRB3;GRPR;HTR2B;OPRM1;P2RX4;PMCH;PTGFR;TTF2,1.0,False
KEGG,6,CYTOSKELETON IN MUSCLE CELLS,0.9999829815001774,5,579,216,6576,DIAPH2;DIAPH3;NOL6;SYNE1;TMOD2,1.0,False
KEGG,6,CELL ADHESION MOLECULE (CAM) INTERACTION,0.9999871249678955,1,579,121,6576,GLG1,1.0,False
KEGG,6,ARGININE AND PROLINE METABOLISM,1.0,0,579,44,6576,,1.0,False
KEGG,6,ARGININE BIOSYNTHESIS,1.0,0,579,21,6576,,1.0,False
KEGG,6,ASCORBATE AND ALDARATE METABOLISM,1.0,0,579,14,6576,,1.0,False
KEGG,6,CHOLESTEROL METABOLISM,1.0,0,579,46,6576,,1.0,False
KEGG,6,D-AMINO ACID METABOLISM,1.0,0,579,5,6576,,1.0,False
KEGG,6,ECM-RECEPTOR INTERACTION,1.0,0,579,83,6576,,1.0,False
KEGG,6,FAT DIGESTION AND ABSORPTION,1.0,0,579,41,6576,,1.0,False
KEGG,6,FOLATE BIOSYNTHESIS,1.0,0,579,17,6576,,1.0,False
KEGG,6,"GLYCINE, SERINE AND THREONINE METABOLISM",1.0,0,579,35,6576,,1.0,False
KEGG,6,GLYCOSAMINOGLYCAN DEGRADATION,1.0,0,579,17,6576,,1.0,False
KEGG,6,GRAFT-VERSUS-HOST DISEASE,1.0,0,579,14,6576,,1.0,False
KEGG,6,MATURITY ONSET DIABETES OF THE YOUNG,1.0,0,579,22,6576,,1.0,False
KEGG,6,MUCIN TYPE O-GLYCAN BIOSYNTHESIS,1.0,0,579,28,6576,,1.0,False
KEGG,6,ONE CARBON POOL BY FOLATE,1.0,0,579,30,6576,,1.0,False
KEGG,6,PHENYLALANINE METABOLISM,1.0,0,579,14,6576,,1.0,False
KEGG,6,"PHENYLALANINE, TYROSINE AND TRYPTOPHAN BIOSYNTHESIS",1.0,0,579,6,6576,,1.0,False
KEGG,6,PROTEASOME,1.0,0,579,43,6576,,1.0,False
KEGG,6,PROXIMAL TUBULE BICARBONATE RECLAMATION,1.0,0,579,21,6576,,1.0,False
KEGG,6,PYRUVATE METABOLISM,1.0,0,579,37,6576,,1.0,False
KEGG,6,RIBOFLAVIN METABOLISM,1.0,0,579,8,6576,,1.0,False
KEGG,6,STAPHYLOCOCCUS AUREUS INFECTION,1.0,0,579,51,6576,,1.0,False
KEGG,6,SULFUR METABOLISM,1.0,0,579,9,6576,,1.0,False
KEGG,6,TYPE I DIABETES MELLITUS,1.0,0,579,23,6576,,1.0,False
KEGG,6,TYROSINE METABOLISM,1.0,0,579,30,6576,,1.0,False
KEGG,6,"VIRION - EBOLAVIRUS, LYSSAVIRUS AND MORBILLIVIRUS",1.0,0,579,8,6576,,1.0,False
KEGG,6,VIRION - HERPESVIRUS,1.0,0,579,6,6576,,1.0,False
KEGG,6,VIRION - LASSA VIRUS AND SFTS VIRUS,1.0,0,579,13,6576,,1.0,False
KEGG,6,VITAMIN B6 METABOLISM,1.0,0,579,6,6576,,1.0,False
KEGG,7,OXIDATIVE PHOSPHORYLATION,3.9241571244209045e-13,40,805,97,6576,ATP4B;ATP6AP1;ATP6V0B;ATP6V0D1;ATP6V1B2;ATP6V1D;ATP6V1E1;ATP6V1G3;ATP6V1H;COX4I1;COX6A1;COX6B1;COX6B2;COX7A2;COX7B2;COX7C;COX8A;NDUFA11;NDUFA12;NDUFA13;NDUFA3;NDUFA6;NDUFA8;NDUFAB1;NDUFB10;NDUFB7;NDUFB8;NDUFB9;NDUFS2;NDUFS3;NDUFS4;NDUFS5;NDUFS7;NDUFS8;PPA2;SDHA;SDHB;SDHC;UQCRC1;UQCRC2,1.3656066792984747e-10,True
KEGG,7,PARKINSON DISEASE,6.020853512721157e-11,62,805,219,6576,CALM1;CALM3;CAMK2A;COX4I1;COX6A1;COX6B1;COX6B2;COX7A2;COX7B2;COX7C;COX8A;DDIT3;GNAI2;KLC4;NDUFA11;NDUFA12;NDUFA13;NDUFA3;NDUFA6;NDUFA8;NDUFAB1;NDUFB10;NDUFB7;NDUFB8;NDUFB9;NDUFS2;NDUFS3;NDUFS4;NDUFS5;NDUFS7;NDUFS8;PARK7;PPIF;PSMA1;PSMA7;PSMA8;PSMB1;PSMB2;PSMB5;PSMB6;PSMB7;PSMC3;PSMC4;PSMD2;PSMD4;PSMD8;PSMD9;RPS27A;SDHA;SDHB;SDHC;SLC18A1;SLC25A31;SLC39A1;SLC39A12;SLC39A9;TUBA1C;TUBA3C;UBA52;UBE2G2;UQCRC1;UQCRC2,1.0476285112134813e-08,True
KEGG,7,NEUROACTIVE LIGAND-RECEPTOR INTERACTION,1.4334114969553562e-10,79,805,317,6576,ADCYAP1;ADRB1;ADRB3;AGTR2;AVPR1B;BRS3;CALCB;CHRM5;CHRNA1;CHRNA2;CHRNB2;CHRNB3;CHRND;CHRNG;CRH;CRHR2;DRD5;FSHB;FSHR;GABRA5;GABRA6;GABRG2;GABRG3;GABRR1;GABRR2;GALP;GHRH;GHRL;GLP2R;GPHA2;GPHB5;GPR50;GPR83;HCRT;HRH3;HRH4;HTR1A;HTR2A;HTR2C;HTR5A;LEPROT;LHCGR;MC2R;MC3R;MCHR1;MRLN;MTNR1A;MTNR1B;NMBR;NMS;NMU;NMUR2;NPBWR1;NPSR1;NPY;NTSR2;P2RX2;P2RX3;P2RY4;PATE3;PENK;PMPCB;PRLH;PRLHR;PTH2;QRFP;RLN3;RXFP4;SCT;SLURP1;SSTR3;SSTR4;TAAR1;TAAR2;TAAR9;TAC3;TRHR;TSHB;UCMA,1.6627573364682132e-08,True
KEGG,7,ALZHEIMER DISEASE,1.0998245496341898e-09,78,805,324,6576,APH1A;ATG101;ATP2A2;BECN2;CACNA1F;CACNA1S;CALM1;CALM3;CHRM5;COX4I1;COX6A1;COX6B1;COX6B2;COX7A2;COX7B2;COX7C;COX8A;CSNK1E;CSNK2B;CTNNB1;DDIT3;DKK4;HSD17B10;IRS4;KLC4;MAP2K2;NANOS1;NANOS2;NCSTN;NDUFA11;NDUFA12;NDUFA13;NDUFA3;NDUFA6;NDUFA8;NDUFAB1;NDUFB10;NDUFB7;NDUFB8;NDUFB9;NDUFS2;NDUFS3;NDUFS4;NDUFS5;NDUFS7;NDUFS8;PPIF;PPP3R2;PSENEN;PSMA1;PSMA7;PSMA8;PSMB1;PSMB2;PSMB5;PSMB6;PSMB7;PSMC3;PSMC4;PSMD2;PSMD4;PSMD8;PSMD9;SDHA;SDHB;SDHC;SLC25A31;SLC39A1;SLC39A12;SLC39A9;TUBA1C;TUBA3C;UQCRC1;UQCRC2;WIPI2;WNT1;WNT8A;WNT8B,9.568473581817451e-08,True
KEGG,7,PATHWAYS OF NEURODEGENERATION - MULTIPLE DISEASES,5.49607720484132e-09,90,805,407,6576,ACTR10;ATG101;ATP2A2;BECN2;CACNA1F;CACNA1S;CALM1;CALM3;CAMK2A;CCS;CHRM5;COX4I1;COX6A1;COX6B1;COX6B2;COX7A2;COX7B2;COX7C;COX8A;CSNK1E;CSNK2B;CTNNB1;DCTN2;DCTN6;DDIT3;DKK4;DNAH2;DNAH9;DNAI1;GLYAT;GPX6;HSD17B10;KLC4;MAP2K2;NANOS1;NANOS2;NDUFA11;NDUFA12;NDUFA13;NDUFA3;NDUFA6;NDUFA8;NDUFAB1;NDUFB10;NDUFB7;NDUFB8;NDUFB9;NDUFS2;NDUFS3;NDUFS4;NDUFS5;NDUFS7;NDUFS8;NEFH;PARK7;PPIF;PPP3R2;PRKCG;PSMA1;PSMA7;PSMA8;PSMB1;PSMB2;PSMB5;PSMB6;PSMB7;PSMC3;PSMC4;PSMD2;PSMD4;PSMD8;PSMD9;RAB1A;RPS27A;SDHA;SDHB;SDHC;SLC25A31;TRPC3;TUBA1C;TUBA3C;UBA52;UBE2G2;UQCRC1;UQCRC2;VCP;WIPI2;WNT1;WNT8A;WNT8B,3.8252697345695585e-07,True
KEGG,7,HUNTINGTON DISEASE,1.0948028764557386e-08,64,805,258,6576,ACTR10;ATG101;BECN2;CLTB;COX4I1;COX6A1;COX6B1;COX6B2;COX7A2;COX7B2;COX7C;COX8A;DCTN2;DCTN6;DNAH2;DNAH9;DNAI1;GPX6;KLC4;NDUFA11;NDUFA12;NDUFA13;NDUFA3;NDUFA6;NDUFA8;NDUFAB1;NDUFB10;NDUFB7;NDUFB8;NDUFB9;NDUFS2;NDUFS3;NDUFS4;NDUFS5;NDUFS7;NDUFS8;POLR2E;POLR2G;POLR2L;PPIF;PSMA1;PSMA7;PSMA8;PSMB1;PSMB2;PSMB5;PSMB6;PSMB7;PSMC3;PSMC4;PSMD2;PSMD4;PSMD8;PSMD9;SDHA;SDHB;SDHC;SLC25A31;TBPL2;TUBA1C;TUBA3C;UQCRC1;UQCRC2;WIPI2,6.349856683443284e-07,True
KEGG,7,PRION DISEASE,1.3678059085812106e-08,57,805,220,6576,CACNA1F;CACNA1S;CAV3;COX4I1;COX6A1;COX6B1;COX6B2;COX7A2;COX7B2;COX7C;COX8A;CSNK2B;DDIT3;GDNF;KLC4;NDUFA11;NDUFA12;NDUFA13;NDUFA3;NDUFA6;NDUFA8;NDUFAB1;NDUFB10;NDUFB7;NDUFB8;NDUFB9;NDUFS2;NDUFS3;NDUFS4;NDUFS5;NDUFS7;NDUFS8;PPIF;PPP3R2;PSMA1;PSMA7;PSMA8;PSMB1;PSMB2;PSMB5;PSMB6;PSMB7;PSMC3;PSMC4;PSMD2;PSMD4;PSMD8;PSMD9;SDHA;SDHB;SDHC;SLC25A31;STIP1;TUBA1C;TUBA3C;UQCRC1;UQCRC2,6.799949374089448e-07,True
KEGG,7,AMYOTROPHIC LATERAL SCLEROSIS,3.814446153937035e-08,70,805,301,6576,ACTR10;ATG101;BECN2;CCS;COX4I1;COX6A1;COX6B1;COX6B2;COX7A2;COX7B2;COX7C;COX8A;DCTN2;DCTN6;DDIT3;DNAH2;DNAH9;DNAI1;GLYAT;GPX6;KLC4;NANOS1;NANOS2;NDUFA11;NDUFA12;NDUFA13;NDUFA3;NDUFA6;NDUFA8;NDUFAB1;NDUFB10;NDUFB7;NDUFB8;NDUFB9;NDUFS2;NDUFS3;NDUFS4;NDUFS5;NDUFS7;NDUFS8;NEFH;PFN3;PPP3R2;PSMA1;PSMA7;PSMA8;PSMB1;PSMB2;PSMB5;PSMB6;PSMB7;PSMC3;PSMC4;PSMD2;PSMD4;PSMD8;PSMD9;RAB1A;SDHA;SDHB;SDHC;SEC13;SRSF7;TUBA1C;TUBA3C;UBQLN3;UQCRC1;UQCRC2;VCP;WIPI2,1.6592840769626102e-06,True
KEGG,7,RIBOSOME,5.443538213450731e-07,36,805,126,6576,FAU;MRPL33;MRPL37;MRPL4;MRPL46;MRPL52;MRPL54;MRPS10;MRPS2;MRPS24;MRPS26;MRPS6;RPL13A;RPL14;RPL15;RPL18A;RPL19;RPL23A;RPL28;RPL36;RPL37A;RPL38;RPL39;RPL3L;RPL4;RPL8;RPS11;RPS15A;RPS16;RPS17;RPS27A;RPS5;RPS8;RPS9;RSL24D1;UBA52,2.104834775867616e-05,True
KEGG,7,DIABETIC CARDIOMYOPATHY,6.069396384188241e-07,43,805,164,6576,ATP2A2;CAMK2A;COX4I1;COX6A1;COX6B1;COX6B2;COX7A2;COX7B2;COX7C;COX8A;GYS2;NDUFA11;NDUFA12;NDUFA13;NDUFA3;NDUFA6;NDUFA8;NDUFAB1;NDUFB10;NDUFB7;NDUFB8;NDUFB9;NDUFS2;NDUFS3;NDUFS4;NDUFS5;NDUFS7;NDUFS8;PDHA1;PDHA2;PDHB;PPIF;PPP1CA;PPP1CC;PRKCG;PTPRA;SDHA;SDHB;SDHC;SLC25A31;SLC2A4;UQCRC1;UQCRC2,2.1121499416975077e-05,True
KEGG,7,PHOTOTRANSDUCTION,2.0956473433445287e-06,12,805,22,6576,CALM1;CALM3;CNGB1;GNAT1;GNB1;GNGT1;GRK1;GUCA1B;GUCY2D;PDE6A;RCVRN;RGS9BP,6.62986614076269e-05,True
KEGG,7,THERMOGENESIS,3.1441676830465848e-06,45,805,185,6576,ACSL6;ACTL6B;ADRB3;COA3;COX14;COX19;COX20;COX4I1;COX6A1;COX6B1;COX6B2;COX7A2;COX7B2;COX7C;COX8A;GDNF;GRB2;NDUFA11;NDUFA12;NDUFA13;NDUFA3;NDUFA6;NDUFA8;NDUFAB1;NDUFAF3;NDUFB10;NDUFB7;NDUFB8;NDUFB9;NDUFS2;NDUFS3;NDUFS4;NDUFS5;NDUFS7;NDUFS8;PRKAB1;PRKAG1;PRKAG3;RHEB;SDHA;SDHB;SDHC;SMARCB1;UQCRC1;UQCRC2,9.118086280835096e-05,True
KEGG,7,NON-ALCOHOLIC FATTY LIVER DISEASE,4.7580878939702045e-06,36,805,137,6576,ADIPOR2;COX4I1;COX6A1;COX6B1;COX6B2;COX7A2;COX7B2;COX7C;COX8A;DDIT3;LEPROT;NDUFA11;NDUFA12;NDUFA13;NDUFA3;NDUFA6;NDUFA8;NDUFAB1;NDUFB10;NDUFB7;NDUFB8;NDUFB9;NDUFS2;NDUFS3;NDUFS4;NDUFS5;NDUFS7;NDUFS8;PRKAB1;PRKAG1;PRKAG3;SDHA;SDHB;SDHC;UQCRC1;UQCRC2,0.00011218674374269044,True
KEGG,7,PROTEASOME,4.991171129514067e-06,17,805,43,6576,POMP;PSMA1;PSMA7;PSMA8;PSMB1;PSMB11;PSMB2;PSMB5;PSMB6;PSMB7;PSMC3;PSMC4;PSMD2;PSMD4;PSMD8;PSMD9;PSME1,0.00011218674374269044,True
KEGG,7,CARDIAC MUSCLE CONTRACTION,5.042687702962785e-06,24,805,75,6576,ATP1A4;ATP2A2;CACNA1F;CACNA1S;CACNG2;CACNG7;COX4I1;COX6A1;COX6B1;COX6B2;COX7A2;COX7B2;COX7C;COX8A;MYH6;MYH7;MYL2;MYL3;MYL4;SLC8A3;TNNT2;TRDN;UQCRC1;UQCRC2,0.00011218674374269044,True
KEGG,7,CHEMICAL CARCINOGENESIS - REACTIVE OXYGEN SPECIES,5.15801120656048e-06,42,805,171,6576,AKR1A1;COX4I1;COX6A1;COX6B1;COX6B2;COX7A2;COX7B2;COX7C;COX8A;CYP1A1;CYP1A2;CYP2F1;EPHX4;GLYAT;GRB2;GSTO1;GSTT4;MAP2K2;NDUFA11;NDUFA12;NDUFA13;NDUFA3;NDUFA6;NDUFA8;NDUFAB1;NDUFB10;NDUFB7;NDUFB8;NDUFB9;NDUFS2;NDUFS3;NDUFS4;NDUFS5;NDUFS7;NDUFS8;PPIF;SDHA;SDHB;SDHC;SLC25A31;UQCRC1;UQCRC2,0.00011218674374269044,True
KEGG,7,RETROGRADE ENDOCANNABINOID SIGNALING,3.5927332906761474e-05,33,805,132,6576,CACNA1F;CACNA1S;GABRA5;GABRA6;GABRG2;GABRG3;GABRR1;GABRR2;GNAI2;GNB1;GNG3;GNG5;GNG8;GNGT1;NDUFA11;NDUFA12;NDUFA13;NDUFA3;NDUFA6;NDUFA8;NDUFAB1;NDUFB10;NDUFB7;NDUFB8;NDUFB9;NDUFS2;NDUFS3;NDUFS4;NDUFS5;NDUFS7;NDUFS8;PRKCG;SLC17A8,0.0007354536383266466,True
KEGG,7,CITRATE CYCLE (TCA CYCLE),0.0002572414636566246,11,805,28,6576,ACO2;IDH3B;MDH2;PDHA1;PDHA2;PDHB;SDHA;SDHB;SDHC;SUCLA2;SUCLG1,0.0049733349640280755,True
KEGG,7,HORMONE SIGNALING,0.0023809145253396225,38,805,196,6576,ADIPOR2;ADRB1;ADRB3;AGTR2;AVPR1B;CALCB;CRH;CRHR2;DRD5;FSHB;FSHR;GHRH;GHRL;GNAI2;GNB1;GNG3;GNG5;GNG8;GNGT1;HCRT;IRS4;LEPROT;LHCGR;MC2R;MC3R;MCHR1;MPL;MRLN;NANOS1;PENK;PRLH;PRLHR;RHOA;SSTR3;SSTR4;STAT3;TRHR;TSHB,0.043608329200957294,True
KEGG,7,MOTOR PROTEINS,0.0048166173229100264,33,805,171,6576,ACTR10;CAPZA3;DCTN2;DCTN6;DNAH2;DNAH9;DNAI1;DYNC1I2;DYNLL1;DYNLL2;DYNLRB1;KIF2B;KIF6;KLC4;MYH1;MYH13;MYH15;MYH6;MYH7;MYH8;MYL1;MYL12A;MYL12B;MYL2;MYL3;MYL4;MYL6B;MYL7;MYO18B;TNNT2;TUBA1C;TUBA3C;TUBG1,0.08244590344888526,False
KEGG,7,CORONAVIRUS DISEASE - COVID-19,0.005289783761696861,31,805,159,6576,FAU;IL12B;IL2;PMPCB;PRKCG;PSMA7;RPL13A;RPL14;RPL15;RPL18A;RPL19;RPL23A;RPL28;RPL36;RPL37A;RPL38;RPL39;RPL3L;RPL4;RPL8;RPS11;RPS15A;RPS16;RPS17;RPS27A;RPS5;RPS8;RPS9;RSL24D1;STAT3;UBA52,0.08244590344888526,False
KEGG,7,GABAERGIC SYNAPSE,0.0053188916737996255,19,805,84,6576,CACNA1F;CACNA1S;GABARAP;GABARAPL2;GABRA5;GABRA6;GABRG2;GABRG3;GABRR1;GABRR2;GAD2;GNAI2;GNB1;GNG3;GNG5;GNG8;GNGT1;PRKCG;SLC6A1,0.08244590344888526,False
KEGG,7,SPLICEOSOME,0.005449010860127474,25,805,121,6576,BUD31;CCDC12;CTNNBL1;GPKOW;HNRNPK;LSM4;LSM7;PRPF6;PUF60;RBMX;SF3A3;SF3B2;SF3B3;SNRNP40;SNRNP70;SNRPA;SNRPB;SNRPC;SNU13;SNW1;SRSF5;SRSF7;THOC7;USP39;ZMAT2,0.08244590344888526,False
KEGG,7,CALCIUM SIGNALING PATHWAY,0.006270670034784894,42,805,234,6576,ADRB1;ADRB3;ATP2A2;AVPR1B;CACNA1E;CACNA1F;CACNA1S;CALM1;CALM3;CAMK1G;CAMK2A;CHRM5;DRD5;ENTHD1;FGF16;FGF20;FGF23;FGF3;FGF4;FGF8;FGF9;GDNF;HTR2A;HTR2C;HTR5A;LHCGR;MRLN;MYLK3;NANOS1;NANOS2;ORAI1;P2RX2;P2RX3;PLCZ1;PPIF;PPP3R2;PRKCG;SLC25A31;SLC8A3;STIM1;TRDN;TRHR,0.09092471550438096,False
KEGG,7,NEUROACTIVE LIGAND SIGNALING,0.007158883995601691,34,805,182,6576,ADRB1;CHRM5;CHRNB2;DRD5;GABRA5;GABRA6;GABRG2;GABRG3;GABRR1;GABRR2;GNAI2;GNB1;GNG3;GNG5;GNG8;GNGT1;HRH3;HTR1A;HTR2A;HTR2C;HTR3B;HTR5A;MC3R;P2RX2;P2RX3;P2RY12;P2RY4;PENK;PRKCG;SLC17A8;SLC18A1;SLC1A6;SLC6A1;TAC3,0.09965166521877554,False
KEGG,7,TASTE TRANSDUCTION,0.007722160545533545,15,805,63,6576,ASIC2;CALHM1;GABRA5;GABRA6;HTR1A;HTR3B;P2RX2;P2RX3;P2RY4;PKD2L1;TAS1R1;TAS2R16;TAS2R38;TAS2R39;TAS2R60,0.10335814884021821,False
KEGG,7,TRYPTOPHAN METABOLISM,0.016408065351085646,10,805,39,6576,CYP1A1;CYP1A2;ECHS1;GLYAT;HADHA;IDO1;IDO2;KYAT3;TPH1;TPH2,0.21148173119177055,False
KEGG,7,VIBRIO CHOLERAE INFECTION,0.01734491640801236,11,805,45,6576,ATP6AP1;ATP6V0B;ATP6V0D1;ATP6V1B2;ATP6V1D;ATP6V1E1;ATP6V1G3;ATP6V1H;KDELR1;SEC61A1;SEC61B,0.21557253249958216,False
KEGG,7,PROTEIN PROCESSING IN ENDOPLASMIC RETICULUM,0.018434524443551183,29,805,160,6576,BCAP31;DDIT3;DNAJA1;DNAJB1;DNAJB12;DNAJC5G;EDEM2;ERP29;GANAB;HSP90B1;LMAN2;NSFL1C;RAD23A;RNF185;RNF5;RPN2;SEC13;SEC23A;SEC61A1;SEC61B;SSR2;SSR3;SSR4;TMEM258;UBE2D2;UBE2G2;UBQLN3;UBXN1;VCP,0.2212142933226142,False
KEGG,7,SPINOCEREBELLAR ATAXIA,0.023283620667190644,25,805,136,6576,ATG101;ATP2A2;BECN2;PPIF;PRKCG;PSMA1;PSMA7;PSMA8;PSMB1;PSMB2;PSMB5;PSMB6;PSMB7;PSMC3;PSMC4;PSMD2;PSMD4;PSMD8;PSMD9;RBPJL;SLC1A6;SLC25A31;TBPL2;TRPC3;WIPI2,0.27008999973941145,False
KEGG,7,ARGININE BIOSYNTHESIS,0.03553905798587175,6,805,21,6576,ACOD1;ACY1;GOT1L1;NANOS1;NANOS2;PM20D1,0.397968117723719,False
KEGG,7,ARGININE AND PROLINE METABOLISM,0.03659476944585922,10,805,44,6576,CKM;GOT1L1;LAP3;NANOS1;NANOS2;OAT;PRODH2;PYCR2;SAT2;SMOX,0.397968117723719,False
KEGG,7,PYRIMIDINE METABOLISM,0.04139056352851425,11,805,51,6576,ACOD1;CMPK1;ENTPD6;NME7;NT5C;NT5C1A;NUDT2;TK2;UCK1;UCKL1;UPP2,0.42364748802524915,False
KEGG,7,HYPERTROPHIC CARDIOMYOPATHY,0.04139084653120251,18,805,96,6576,ATP2A2;CACNA1F;CACNA1S;CACNG2;CACNG7;CAV3;MYBPC3;MYH6;MYH7;MYL2;MYL3;NANOS1;PRKAB1;PRKAG1;PRKAG3;SGCZ;SLC8A3;TNNT2,0.42364748802524915,False
KEGG,7,PROTEIN EXPORT,0.04734265374165049,7,805,28,6576,GET3;OXA1L;SEC11A;SEC61A1;SEC61B;SRP68;SRPRB,0.470721242916982,False
KEGG,7,SULFUR RELAY SYSTEM,0.0637990070057556,3,805,8,6576,MOCS3;MPST;URM1,0.6167237343889708,False
KEGG,7,AUTOPHAGY - OTHER,0.06575178775735022,7,805,30,6576,ATG10;ATG101;ATG4D;BECN2;GABARAP;GABARAPL2;WIPI2,0.6171847643136321,False
KEGG,7,SEROTONERGIC SYNAPSE,0.06756529119215204,17,805,95,6576,CACNA1F;CACNA1S;GNAI2;GNB1;GNG3;GNG5;GNG8;GNGT1;HTR1A;HTR2A;HTR2C;HTR3B;HTR5A;PRKCG;SLC18A1;TPH1;TPH2,0.6171847643136321,False
KEGG,7,CHEMICAL CARCINOGENESIS - RECEPTOR ACTIVATION,0.07360735190361709,26,805,159,6576,ADRB1;ADRB3;AIPL1;AURKAIP1;CACNA1F;CACNA1S;CHRNB2;CYP1A1;CYP1A2;EPHX4;FGF16;FGF20;FGF3;FGF4;FGF8;FGF9;GDNF;GNAI2;GRB2;GSTO1;GSTT4;HSP90B1;MAP2K2;PRKCG;STAT3;WNT1,0.6171847643136321,False
KEGG,7,ADRENERGIC SIGNALING IN CARDIOMYOCYTES,0.07474676114507676,23,805,138,6576,ADRB1;AGTR2;ATP1A4;ATP2A2;CACNA1F;CACNA1S;CACNG2;CACNG7;CALM1;CALM3;CAMK2A;GDNF;GNAI2;MYH6;MYH7;MYL2;MYL3;MYL4;POPDC3;PPP1CA;PPP1CC;SLC8A3;TNNT2,0.6171847643136321,False
KEGG,7,OXYTOCIN SIGNALING PATHWAY,0.07474676114507676,23,805,138,6576,CACNA1F;CACNA1S;CACNG2;CACNG7;CALM1;CALM3;CAMK1G;CAMK2A;CDPF1;GNAI2;KCNJ4;MAP2K2;MYL6B;MYLK3;PPP1CA;PPP1CC;PPP3R2;PRKAB1;PRKAG1;PRKAG3;PRKCG;RCAN1;RHOA,0.6171847643136321,False
KEGG,7,COLLECTING DUCT ACID SECRETION,0.0762613358203626,6,805,25,6576,ATP4B;ATP6V0D1;ATP6V1B2;ATP6V1D;ATP6V1E1;ATP6V1G3,0.6171847643136321,False
KEGG,7,FATTY ACID ELONGATION,0.0762613358203626,6,805,25,6576,ACOT7;ECHS1;ELOVL3;HACD1;HACD3;HADHA,0.6171847643136321,False
KEGG,7,NICOTINE ADDICTION,0.0851708105373596,8,805,38,6576,CHRNB2;GABRA5;GABRA6;GABRG2;GABRG3;GABRR1;GABRR2;SLC17A8,0.6736236833409349,False
KEGG,7,RNA POLYMERASE,0.08935905813725308,6,805,26,6576,POLR1D;POLR2E;POLR2G;POLR2L;POLR3C;POLR3H,0.6910433829280904,False
KEGG,7,CGMP-PKG SIGNALING PATHWAY,0.09496041051849775,24,805,149,6576,ADRB1;ADRB3;ATP1A4;ATP2A2;CACNA1F;CACNA1S;CALM1;CALM3;CNGB1;GDNF;GNAI2;GTF2I;IRS4;MAP2K2;MYH6;MYH7;MYLK3;PPIF;PPP1CA;PPP1CC;PPP3R2;RHOA;SLC25A31;SLC8A3,0.7183961491399395,False
KEGG,7,DRUG METABOLISM - OTHER ENZYMES,0.11346570575243227,9,805,47,6576,CMPK1;GSTO1;GSTT4;ITPA;NME7;TK2;UCK1;UCKL1;UPP2,0.8401290553584346,False
KEGG,7,CIRCADIAN ENTRAINMENT,0.12236599487246635,15,805,89,6576,ADCYAP1;CALM1;CALM3;CAMK2A;ENTHD1;GNAI2;GNB1;GNG3;GNG5;GNG8;GNGT1;MTNR1A;MTNR1B;NANOS1;PRKCG,0.8703051623473983,False
KEGG,7,BIOSYNTHESIS OF UNSATURATED FATTY ACIDS,0.12254296826155896,5,805,22,6576,ACOT7;ELOVL3;HACD1;HACD3;HSD17B4,0.8703051623473983,False
KEGG,7,APELIN SIGNALING PATHWAY,0.1254014573321823,20,805,125,6576,BECN2;CALM1;CALM3;GNAI2;GNB1;GNG3;GNG5;GNG8;GNGT1;MAP2K2;MYL2;MYL3;MYL4;MYLK3;NANOS1;NANOS2;PRKAB1;PRKAG1;PRKAG3;SLC8A3,0.8727941430319889,False
KEGG,7,SYNAPTIC VESICLE CYCLE,0.13176525893053026,13,805,76,6576,ATP6V0B;ATP6V0D1;ATP6V1B2;ATP6V1D;ATP6V1E1;ATP6V1G3;ATP6V1H;CLTB;SLC17A8;SLC18A1;SLC1A6;SLC6A1;VAMP2,0.8906317915079544,False
KEGG,7,CAMP SIGNALING PATHWAY,0.14007999184986258,31,805,208,6576,ADCYAP1;ADRB1;ATP1A4;ATP2A2;CACNA1F;CACNA1S;CALM1;CALM3;CAMK2A;CNGB1;CNGB3;CRH;CRHR2;DRD5;FSHB;FSHR;GHRL;GNAI2;GPHA2;GPHB5;HTR1A;LHCGR;MAP2K2;MC2R;NPY;ORAI1;POPDC3;PPP1CA;PPP1CC;RHOA;TSHB,0.8906317915079544,False
KEGG,7,BUTANOATE METABOLISM,0.14170266854381605,5,805,23,6576,AACS;ACSM4;ECHS1;GAD2;HADHA,0.8906317915079544,False
KEGG,7,MANNOSE TYPE O-GLYCAN BIOSYNTHESIS,0.14170266854381605,5,805,23,6576,B3GAT1;POMGNT1;POMK;POMT2;RXYLT1,0.8906317915079544,False
KEGG,7,THIAMINE METABOLISM,0.14273925801047607,3,805,11,6576,AK1;AK2;NDUFAB1,0.8906317915079544,False
KEGG,7,CYTOSKELETON IN MUSCLE CELLS,0.14332005840357886,32,805,216,6576,ACTN3;AMPD1;ANKRD2;ATP1A4;CAPZA3;CKM;CSRP3;ENO3;LMOD2;LMOD3;MYBPC3;MYBPH;MYH1;MYH13;MYH15;MYH6;MYH7;MYH8;MYL1;MYL2;MYL3;MYL4;MYL7;MYOM1;MYOT;MYOZ1;MYOZ3;MYPN;SGCZ;TMOD4;TNNT2;ZYX,0.8906317915079544,False
KEGG,7,DILATED CARDIOMYOPATHY,0.14831721551615965,16,805,99,6576,ADRB1;ATP2A2;CACNA1F;CACNA1S;CACNG2;CACNG7;CAV3;MYBPC3;MYH6;MYH7;MYL2;MYL3;NANOS1;SGCZ;SLC8A3;TNNT2,0.8994189615359371,False
KEGG,7,MITOPHAGY - ANIMAL,0.14990316025598951,15,805,92,6576,BECN2;CSNK2B;FIS1;GABARAP;GABARAPL2;MTX2;PHB2;RHOT2;RPS27A;SAMM50;TOMM20;TOMM20L;TOMM7;UBA52;VCP,0.8994189615359371,False
KEGG,7,METABOLISM OF XENOBIOTICS BY CYTOCHROME P450,0.1527340802143169,6,805,30,6576,CBR3;CYP1A1;CYP1A2;CYP2F1;GSTO1;GSTT4,0.9008722019420726,False
KEGG,7,OLFACTORY TRANSDUCTION,0.15922560471465153,7,805,37,6576,CALM1;CALM3;CAMK2A;CNGB1;GNB1;GUCY2D;SLC8A3,0.9025636422603428,False
KEGG,7,GLUCAGON SIGNALING PATHWAY,0.15977243009166514,15,805,93,6576,CALM1;CALM3;CAMK2A;GDNF;GYS2;LDHAL6B;PDHA1;PDHA2;PDHB;PFKFB1;PPP3R2;PRKAB1;PRKAG1;PRKAG3;PRMT1,0.9025636422603428,False
KEGG,7,PHOSPHONATE AND PHOSPHINATE METABOLISM,0.16080156844868176,2,805,6,6576,PCYT1B;PCYT2,0.9025636422603428,False
KEGG,7,GASTRIC ACID SECRETION,0.16529369072725678,11,805,65,6576,ATP1A4;ATP4B;CALM1;CALM3;CAMK2A;GNAI2;KCNE2;KCNK10;MYLK3;PRKCG;SLC9A4,0.913050863064847,False
KEGG,7,STEROID HORMONE BIOSYNTHESIS,0.17106175151588182,6,805,31,6576,COMT;CYP1A1;CYP1A2;CYP7A1;HSD17B3;TOMT,0.9301482738676075,False
KEGG,7,ALCOHOLISM,0.18441928580666722,17,805,110,6576,CALM1;CALM3;CRH;GDNF;GNAI2;GNB1;GNG3;GNG5;GNG8;GNGT1;GRB2;H2AZ2;MACROH2A1;NPY;PPP1CA;PPP1CC;SLC18A1,0.9873524840110799,False
KEGG,7,CIRCADIAN RHYTHM,0.19024630095622155,6,805,32,6576,CSNK1D;CSNK1E;HSD17B4;PRKAB1;PRKAG1;PRKAG3,1.0,False
KEGG,7,CYSTEINE AND METHIONINE METABOLISM,0.19437573319288348,8,805,46,6576,ADI1;ENOPH1;GOT1L1;KYAT3;LDHAL6B;MAT2A;MDH2;MPST,1.0,False
KEGG,7,BIOSYNTHESIS OF VARIOUS NUCLEOTIDE SUGARS,0.1960258877431637,4,805,19,6576,CYB5R3;GFUS;GMPPA;NANS,1.0,False
KEGG,7,PURINE METABOLISM,0.20501574675110315,17,805,112,6576,ADA;ADSL;AK1;AK2;AMPD1;DGUOK;ENTPD6;GMPR2;GUCY2D;ITPA;NME7;NT5C;NT5C1A;NUDT2;PDE6A;PDE6C;PDE6D,1.0,False
KEGG,7,RENIN SECRETION,0.22187522313926977,10,805,62,6576,ADCYAP1;ADRB1;ADRB3;CACNA1F;CACNA1S;CALM1;CALM3;GNAI2;ORAI1;PPP3R2,1.0,False
KEGG,7,VASOPRESSIN-REGULATED WATER REABSORPTION,0.23015191303983742,7,805,41,6576,DCTN2;DCTN6;DYNC1I2;DYNLL1;DYNLL2;STX4;VAMP2,1.0,False
KEGG,7,"ALANINE, ASPARTATE AND GLUTAMATE METABOLISM",0.23086015947758343,6,805,34,6576,ACOD1;ADSL;ASRGL1;GAD2;GOT1L1;PM20D1,1.0,False
KEGG,7,NICOTINATE AND NICOTINAMIDE METABOLISM,0.23086015947758343,6,805,34,6576,NADK;NMRK1;NT5C;NT5C1A;SIRT3;SIRT4,1.0,False
KEGG,7,PHAGOSOME,0.23779554989434057,17,805,115,6576,ATP6AP1;ATP6V0B;ATP6V0D1;ATP6V1B2;ATP6V1D;ATP6V1E1;ATP6V1G3;ATP6V1H;DYNC1I2;LAMP1;M6PR;NANOS1;SEC22B;SEC61A1;SEC61B;TUBA1C;TUBA3C,1.0,False
KEGG,7,SPHINGOLIPID METABOLISM,0.2456902651062169,8,805,49,6576,ACER1;CERS1;CERS3;HEXA;NEU2;NEU4;SMPD2;SMPD4,1.0,False
KEGG,7,MORPHINE ADDICTION,0.24935467474515868,13,805,86,6576,GABRA5;GABRA6;GABRG2;GABRG3;GABRR1;GABRR2;GNAI2;GNB1;GNG3;GNG5;GNG8;GNGT1;PRKCG,1.0,False
KEGG,7,RIBOFLAVIN METABOLISM,0.2555522338134444,2,805,8,6576,BLVRB;NDUFAB1,1.0,False
KEGG,7,MTOR SIGNALING PATHWAY,0.2664346475196893,21,805,148,6576,ATP6V1B2;ATP6V1D;ATP6V1E1;ATP6V1G3;ATP6V1H;CAB39;EIF4E1B;EIF4E2;GRB2;LAMTOR1;LAMTOR4;LAMTOR5;MAP2K2;PRKCG;RHEB;RHOA;SEC13;UXT;WNT1;WNT8A;WNT8B,1.0,False
KEGG,7,BETA-ALANINE METABOLISM,0.2777058889018638,5,805,29,6576,ECHS1;GAD2;GADL1;HADHA;SMOX,1.0,False
KEGG,7,FRUCTOSE AND MANNOSE METABOLISM,0.2777058889018638,5,805,29,6576,GFUS;GMPPA;PFKFB1;PMM2;TPI1,1.0,False
KEGG,7,MATURITY ONSET DIABETES OF THE YOUNG,0.27931285047118815,4,805,22,6576,MNX1;NEUROD1;NEUROG3;PAX4,1.0,False
KEGG,7,ALDOSTERONE SYNTHESIS AND SECRETION,0.2843743342302946,12,805,81,6576,ATP1A4;CACNA1F;CACNA1S;CALM1;CALM3;CAMK1G;CAMK2A;ENTHD1;GDNF;MC2R;ORAI1;PRKCG,1.0,False
KEGG,7,PYRUVATE METABOLISM,0.29607852949470653,6,805,37,6576,AKR1A1;LDHAL6B;MDH2;PDHA1;PDHA2;PDHB,1.0,False
KEGG,7,RHEUMATOID ARTHRITIS,0.3010538434247379,10,805,67,6576,ATP6AP1;ATP6V0B;ATP6V0D1;ATP6V1B2;ATP6V1D;ATP6V1E1;ATP6V1G3;ATP6V1H;IL11;IL17F,1.0,False
KEGG,7,TYROSINE METABOLISM,0.3027002506393731,5,805,30,6576,COMT;GOT1L1;GSTZ1;TOMT;TYR,1.0,False
KEGG,7,OTHER GLYCAN DEGRADATION,0.31092364690033997,3,805,16,6576,HEXA;NEU2;NEU4,1.0,False
KEGG,7,MELANOMA,0.31772286604111,10,805,68,6576,CDK4;CDPF1;FGF16;FGF20;FGF23;FGF3;FGF4;FGF8;FGF9;MAP2K2,1.0,False
KEGG,7,DOPAMINERGIC SYNAPSE,0.32147553033429194,17,805,122,6576,CALM1;CALM3;CAMK2A;COMT;DRD5;GDNF;GNAI2;GNB1;GNG3;GNG5;GNG8;GNGT1;PPP1CA;PPP1CC;PRKCG;SLC18A1;TOMT,1.0,False
KEGG,7,HIF-1 SIGNALING PATHWAY,0.32374519586296946,14,805,99,6576,CAMK2A;CDPF1;EIF4E1B;EIF4E2;ELOB;ENO3;LDHAL6B;MAP2K2;NANOS2;PDHA1;PDHA2;PDHB;PRKCG;STAT3,1.0,False
KEGG,7,PRIMARY IMMUNODEFICIENCY,0.3280153466246599,5,805,31,6576,ADA;AICDA;AIRE;ORAI1;RFXANK,1.0,False
KEGG,7,PROPANOATE METABOLISM,0.3280153466246599,5,805,31,6576,ECHS1;HADHA;LDHAL6B;SUCLA2;SUCLG1,1.0,False
KEGG,7,SNARE INTERACTIONS IN VESICULAR TRANSPORT,0.3280153466246599,5,805,31,6576,SEC22B;STX4;STX5;VAMP2;VTI1B,1.0,False
KEGG,7,ARRHYTHMOGENIC RIGHT VENTRICULAR CARDIOMYOPATHY,0.3293277939083337,12,805,84,6576,ACTN3;ATP2A2;CACNA1F;CACNA1S;CACNG2;CACNG7;CAV3;CTNNA2;CTNNB1;NANOS1;SGCZ;SLC8A3,1.0,False
KEGG,7,ADIPOCYTOKINE SIGNALING PATHWAY,0.3345877639557985,10,805,69,6576,ACSL6;ADIPOR2;IRS4;LEPROT;NPY;PRKAB1;PRKAG1;PRKAG3;SLC2A4;STAT3,1.0,False
KEGG,7,CHEMICAL CARCINOGENESIS - DNA ADDUCTS,0.33752719516130975,4,805,24,6576,CYP1A1;CYP1A2;GSTO1;GSTT4,1.0,False
KEGG,7,GAP JUNCTION,0.34005971354024483,11,805,77,6576,ADRB1;CSNK1D;GJD2;GNAI2;GRB2;HTR2A;HTR2C;MAP2K2;PRKCG;TUBA1C;TUBA3C,1.0,False
KEGG,7,AMPHETAMINE ADDICTION,0.34598812244186544,9,805,62,6576,CALM1;CALM3;CAMK2A;GDNF;PPP1CA;PPP1CC;PPP3R2;PRKCG;SLC18A1,1.0,False
KEGG,7,COBALAMIN TRANSPORT AND METABOLISM,0.3463436705574316,3,805,17,6576,MMACHC;MMADHC;THAP11,1.0,False
KEGG,7,CUSHING SYNDROME,0.3511489433999956,19,805,140,6576,AIPL1;AURKAIP1;CACNA1F;CACNA1S;CAMK2A;CDK4;CDPF1;CRH;CRHR2;CTNNB1;ENTHD1;GDNF;GNAI2;MAP2K2;MC2R;ORAI1;WNT1;WNT8A;WNT8B,1.0,False
KEGG,7,SALIVARY SECRETION,0.36414587390569336,9,805,63,6576,ADRB1;ADRB3;ATP1A4;BEST2;CALM1;CALM3;NANOS1;PRKCG;VAMP2,1.0,False
KEGG,7,CHOLINERGIC SYNAPSE,0.3805043719633041,14,805,103,6576,CACNA1F;CACNA1S;CAMK2A;CHRM5;CHRNB2;GNAI2;GNB1;GNG3;GNG5;GNG8;GNGT1;KCNJ4;KCNQ2;PRKCG,1.0,False
KEGG,7,EPITHELIAL CELL SIGNALING IN HELICOBACTER PYLORI INFECTION,0.3824027740982544,9,805,64,6576,ATP6AP1;ATP6V0B;ATP6V0D1;ATP6V1B2;ATP6V1D;ATP6V1E1;ATP6V1G3;ATP6V1H;CXCR1,1.0,False
KEGG,7,PEROXISOME,0.38891093591243764,11,805,80,6576,ACSL6;CRAT;DECR2;GLYAT;GNPAT;HSD17B4;MPV17L2;NANOS2;NUDT19;PRDX5;PXMP2,1.0,False
KEGG,7,LIPOIC ACID METABOLISM,0.4163689340612473,3,805,19,6576,PDHA1;PDHA2;PDHB,1.0,False
KEGG,7,RIBOSOME BIOGENESIS IN EUKARYOTES,0.41904909498436654,9,805,66,6576,CSNK2B;EIF6;FBL;FBLL1;NOP10;REXO2;REXO5;SNU13;UTP18,1.0,False
KEGG,7,AFRICAN TRYPANOSOMIASIS,0.42515414037489563,4,805,27,6576,IDO1;IDO2;IL12B;PRKCG,1.0,False
KEGG,7,PENTOSE PHOSPHATE PATHWAY,0.42515414037489563,4,805,27,6576,PGLS;TALDO1;TKTL1;TKTL2,1.0,False
KEGG,7,LONG-TERM POTENTIATION,0.43649164382102645,8,805,59,6576,CALM1;CALM3;CAMK2A;MAP2K2;PPP1CA;PPP1CC;PPP3R2;PRKCG,1.0,False
KEGG,7,LONGEVITY REGULATING PATHWAY,0.4382318781173962,11,805,83,6576,ADIPOR2;ATG101;EIF4E1B;EIF4E2;GDNF;GLYAT;IRS4;PRKAB1;PRKAG1;PRKAG3;RHEB,1.0,False
KEGG,7,UBIQUINONE AND OTHER TERPENOID-QUINONE BIOSYNTHESIS,0.4421411110762331,2,805,12,6576,COQ6;VKORC1L1,1.0,False
KEGG,7,RENIN-ANGIOTENSIN SYSTEM,0.4504970117750663,3,805,20,6576,AGTR2;MRGPRD;PMPCB,1.0,False
KEGG,7,MUCIN TYPE O-GLYCAN BIOSYNTHESIS,0.4538198911140489,4,805,28,6576,GALNT2;GALNT9;GALNTL5;GALNTL6,1.0,False
KEGG,7,GLIOMA,0.4556082374340661,9,805,68,6576,CALM1;CALM3;CAMK1G;CAMK2A;CDK4;CDPF1;GRB2;MAP2K2;PRKCG,1.0,False
KEGG,7,GLUTATHIONE METABOLISM,0.4559281223256189,6,805,44,6576,GPX6;GSTO1;GSTT4;LAP3;PRDX5;TXNDC12,1.0,False
KEGG,7,CYTOSOLIC DNA-SENSING PATHWAY,0.4768058385666212,7,805,53,6576,DDX41;POLR1D;POLR2E;POLR2L;POLR3C;POLR3H;TREX1,1.0,False
KEGG,7,GLYCOLYSIS / GLUCONEOGENESIS,0.4768058385666212,7,805,53,6576,AKR1A1;ENO3;LDHAL6B;PDHA1;PDHA2;PDHB;TPI1,1.0,False
KEGG,7,GLYOXYLATE AND DICARBOXYLATE METABOLISM,0.48199813146799847,4,805,29,6576,ACO2;GLYAT;MDH2;SHMT2,1.0,False
KEGG,7,GLYCOSAMINOGLYCAN BIOSYNTHESIS - KERATAN SULFATE,0.48494710510678296,2,805,13,6576,CHST4;FUT8,1.0,False
KEGG,7,BACTERIAL INVASION OF EPITHELIAL CELLS,0.49178321428170335,9,805,70,6576,ARPC3;CAV3;CLTB;CTNNA2;CTNNB1;MAD2L2;PIGU;RHOA;SEPTIN12,1.0,False
KEGG,7,GASTRIC CANCER,0.502818745414002,17,805,136,6576,CDPF1;CTNNA2;CTNNB1;FGF16;FGF20;FGF23;FGF3;FGF4;FGF8;FGF9;GRB2;MAP2K2;PIGU;TERT;WNT1;WNT8A;WNT8B,1.0,False
KEGG,7,KAPOSI SARCOMA-ASSOCIATED HERPESVIRUS INFECTION,0.5108167837370395,19,805,153,6576,BECN2;CALM1;CALM3;CCR8;CDK4;CDPF1;CLEC1B;CTNNB1;GNB1;GNG3;GNG5;GNG8;GNGT1;MAP2K2;PPP3R2;RCAN1;RPS27A;STAT3;UBA52,1.0,False
KEGG,7,LONG-TERM DEPRESSION,0.5175877108313863,7,805,55,6576,CRH;GNAI2;GNAZ;MAP2K2;NANOS1;PPP1R17;PRKCG,1.0,False
KEGG,7,ASCORBATE AND ALDARATE METABOLISM,0.5256463893899812,2,805,14,6576,AKR1A1;MIOX,1.0,False
KEGG,7,GLYCOSPHINGOLIPID BIOSYNTHESIS - GLOBO AND ISOGLOBO SERIES,0.5256463893899812,2,805,14,6576,A3GALT2;HEXA,1.0,False
KEGG,7,TAURINE AND HYPOTAURINE METABOLISM,0.5256463893899812,2,805,14,6576,GAD2;GADL1,1.0,False
KEGG,7,FOXO SIGNALING PATHWAY,0.53480322883446,15,805,122,6576,CDPF1;CSNK1E;GABARAP;GABARAPL2;GLYAT;GRB2;IRS4;MAP2K2;PRKAB1;PRKAG1;PRKAG3;PRMT1;SLC2A4;STAT3;UXT,1.0,False
KEGG,7,MELANOGENESIS,0.5352797178772695,11,805,89,6576,CALM1;CALM3;CAMK2A;CTNNB1;GNAI2;MAP2K2;PRKCG;TYR;WNT1;WNT8A;WNT8B,1.0,False
KEGG,7,"PHENYLALANINE, TYROSINE AND TRYPTOPHAN BIOSYNTHESIS",0.5433353948353243,1,805,6,6576,GOT1L1,1.0,False
KEGG,7,TYPE I DIABETES MELLITUS,0.5472291642443687,3,805,23,6576,GAD2;IL12B;IL2,1.0,False
KEGG,7,JAK-STAT SIGNALING PATHWAY,0.5482577796114418,15,805,123,6576,CCM2;CDPF1;GRB2;IL11;IL12B;IL12RB2;IL19;IL2;IL23R;IL31RA;IL5RA;IL9;LEPROT;MPL;STAT3,1.0,False
KEGG,7,OTHER TYPES OF O-GLYCAN BIOSYNTHESIS,0.5521703998417202,5,805,40,6576,GALNT2;GALNT9;GALNTL5;GALNTL6;POMT2,1.0,False
KEGG,7,VIRION - HEPATITIS VIRUSES,0.5521703998417202,5,805,40,6576,CLDN14;CLDN18;LAMP1;SLC10A1;TSG101,1.0,False
KEGG,7,GLYCOSPHINGOLIPID BIOSYNTHESIS - GANGLIO SERIES,0.564112857101715,2,805,15,6576,HEXA;ST6GALNAC6,1.0,False
KEGG,7,PLATELET ACTIVATION,0.5659492348293709,14,805,116,6576,GNAI2;GP1BA;GP5;GP6;GP9;MYL12A;MYL12B;MYLK3;ORAI1;P2RY12;PPP1CA;PPP1CC;RHOA;STIM1,1.0,False
KEGG,7,SALMONELLA INFECTION,0.5692999795329183,26,805,216,6576,ACTR10;ARF6;ARPC3;BRK1;CSE1L;CTNNB1;DCTN2;DCTN6;DYNC1I2;DYNLL1;DYNLL2;DYNLRB1;HSP90B1;KLC4;M6PR;MAP2K2;MYL12A;MYL12B;MYL2;MYL7;PFN3;RAB9B;RALA;RHOA;TUBA1C;TUBA3C,1.0,False
KEGG,7,VARIOUS TYPES OF N-GLYCAN BIOSYNTHESIS,0.5750704291042916,5,805,41,6576,CHST8;FUT8;HEXA;RPN2;TMEM258,1.0,False
KEGG,7,INSULIN SECRETION,0.5788422622069819,9,805,75,6576,ADCYAP1;ATP1A4;CACNA1F;CACNA1S;CAMK2A;FFAR1;GDNF;PRKCG;VAMP2,1.0,False
KEGG,7,INFLAMMATORY BOWEL DISEASE,0.585758038752356,6,805,50,6576,IL12B;IL12RB2;IL17F;IL2;IL23R;STAT3,1.0,False
KEGG,7,N-GLYCAN BIOSYNTHESIS,0.585758038752356,6,805,50,6576,DPAGT1;DPM3;FUT8;GANAB;RPN2;TMEM258,1.0,False
KEGG,7,RETINOL METABOLISM,0.587927238266606,4,805,33,6576,CYP1A1;CYP1A2;CYP26C1;RPE65,1.0,False
KEGG,7,PERTUSSIS,0.5952418943970931,7,805,59,6576,CALM1;CALM3;GNAI2;IL12B;NANOS2;RHOA;VPS72,1.0,False
KEGG,7,FATTY ACID BIOSYNTHESIS,0.6002827442733403,2,805,16,6576,ACSL6;MCAT,1.0,False
KEGG,7,PRIMARY BILE ACID BIOSYNTHESIS,0.6002827442733403,2,805,16,6576,CYP7A1;HSD17B4,1.0,False
KEGG,7,INSULIN SIGNALING PATHWAY,0.6006465369250894,15,805,127,6576,CALM1;CALM3;EIF4E1B;EIF4E2;GRB2;GYS2;IRS4;MAP2K2;PPP1CA;PPP1CC;PRKAB1;PRKAG1;PRKAG3;RHEB;SLC2A4,1.0,False
KEGG,7,REGULATION OF LIPOLYSIS IN ADIPOCYTES,0.6058359473980872,6,805,51,6576,ADRB1;ADRB3;GNAI2;IRS4;NPY;TSHB,1.0,False
KEGG,7,CYTOKINE-CYTOKINE RECEPTOR INTERACTION,0.6164313771155985,24,805,204,6576,BMP10;BMP3;CCM2;CCR8;CCR9;CERS1;CXCR1;GDF2;IL11;IL12B;IL12RB2;IL17C;IL17F;IL19;IL2;IL23R;IL25;IL31RA;IL5RA;IL9;LEPROT;MPL;NODAL;TNFRSF12A,1.0,False
KEGG,7,ALLOGRAFT REJECTION,0.6341412874354613,2,805,17,6576,IL12B;IL2,1.0,False
KEGG,7,FOLATE BIOSYNTHESIS,0.6341412874354613,2,805,17,6576,TPH1;TPH2,1.0,False
KEGG,7,GLYCOSAMINOGLYCAN DEGRADATION,0.6341412874354613,2,805,17,6576,HEXA;HYAL4,1.0,False
KEGG,7,NITROGEN METABOLISM,0.6341412874354613,2,805,17,6576,CA7;PM20D1,1.0,False
KEGG,7,AMINO SUGAR AND NUCLEOTIDE SUGAR METABOLISM,0.635875702123682,4,805,35,6576,GMPPA;HEXA;NAGK;PMM2,1.0,False
KEGG,7,ENDOCRINE AND OTHER FACTOR-REGULATED CALCIUM REABSORPTION,0.6398384240137172,5,805,44,6576,ATP1A4;CLTB;PRKCG;SLC8A3;TRPV5,1.0,False
KEGG,7,"VIRION - EBOLAVIRUS, LYSSAVIRUS AND MORBILLIVIRUS",0.6483942212144129,1,805,8,6576,CHRNA1,1.0,False
KEGG,7,ADHERENS JUNCTION,0.6488386070966665,10,805,88,6576,CCM2;CSNK2B;CTNNA2;CTNNB1;MYL12A;MYL12B;MYL2;MYL7;NDUFAB1;RHOA,1.0,False
KEGG,7,BASAL TRANSCRIPTION FACTORS,0.6584465702841236,4,805,36,6576,GTF2F1;GTF2I;TAF10;TBPL2,1.0,False
KEGG,7,FATTY ACID DEGRADATION,0.6584465702841236,4,805,36,6576,ACADM;ACSL6;ECHS1;HADHA,1.0,False
KEGG,7,THYROID CANCER,0.6584465702841236,4,805,36,6576,CDPF1;CTNNB1;MAP2K2;TFG,1.0,False
KEGG,7,"VALINE, LEUCINE AND ISOLEUCINE DEGRADATION",0.6600116835298719,5,805,45,6576,AACS;ACADM;ECHS1;HADHA;HSD17B10,1.0,False
KEGG,7,AUTOPHAGY - ANIMAL,0.660811177005963,17,805,149,6576,ATG10;ATG101;ATG4D;BECN2;GABARAP;GABARAPL2;GORASP2;IRS4;LAMP1;MAP2K2;RAB1A;RHEB;RPS27A;UBA52;VMP1;WDR45B;WIPI2,1.0,False
KEGG,7,CORTISOL SYNTHESIS AND SECRETION,0.6627123022250048,6,805,54,6576,CACNA1F;CACNA1S;ENTHD1;GDNF;MC2R;ORAI1,1.0,False
KEGG,7,"GROWTH HORMONE SYNTHESIS, SECRETION AND ACTION",0.6722975874469954,12,805,107,6576,CACNA1F;CACNA1S;GDNF;GHRH;GHRL;GNAI2;GRB2;IRS4;MAP2K2;PRKCG;SSTR3;STAT3,1.0,False
KEGG,7,LEUKOCYTE TRANSENDOTHELIAL MIGRATION,0.6722975874469954,12,805,107,6576,CLDN14;CLDN18;CTNNA2;CTNNB1;GNAI2;MYL12A;MYL12B;MYL2;MYL7;PRKCG;RHOA;TXK,1.0,False
KEGG,7,NOTCH SIGNALING PATHWAY,0.680482660354836,6,805,55,6576,APH1A;CTBP1;NCSTN;PSENEN;RBPJL;SNW1,1.0,False
KEGG,7,DRUG METABOLISM - CYTOCHROME P450,0.6838836290662459,3,805,28,6576,CYP1A2;GSTO1;GSTT4,1.0,False
KEGG,7,PORPHYRIN METABOLISM,0.6838836290662459,3,805,28,6576,ALAD;BLVRB;FTMT,1.0,False
KEGG,7,RELAXIN SIGNALING PATHWAY,0.6888398389702022,13,805,117,6576,GDNF;GNAI2;GNB1;GNG3;GNG5;GNG8;GNGT1;GRB2;MAP2K2;NANOS1;NANOS2;RLN3;RXFP4,1.0,False
KEGG,7,VASCULAR SMOOTH MUSCLE CONTRACTION,0.6888398389702022,13,805,117,6576,AVPR1B;CACNA1F;CACNA1S;CALCB;CALM1;CALM3;MAP2K2;MYL6B;MYLK3;PPP1CA;PPP1CC;PRKCG;RHOA,1.0,False
KEGG,7,SULFUR METABOLISM,0.6914884130418181,1,805,9,6576,MPST,1.0,False
KEGG,7,VIRAL CARCINOGENESIS,0.6933027902863524,17,805,152,6576,ATP6V0D1;CCR8;CDK4;CDPF1;DDB1;DNAJA3;GDNF;GRB2;HNRNPK;RANBP1;RBPJL;RHOA;SNW1;STAT3;TBPL2;UXT;YWHAH,1.0,False
KEGG,7,BREAST CANCER,0.696392450082665,15,805,135,6576,CDK4;CDPF1;CTNNB1;FGF16;FGF20;FGF23;FGF3;FGF4;FGF8;FGF9;GRB2;MAP2K2;WNT1;WNT8A;WNT8B,1.0,False
KEGG,7,VIRAL MYOCARDITIS,0.6981135353594807,5,805,47,6576,CAV3;MYH6;MYH7;NANOS1;SGCZ,1.0,False
KEGG,7,OVARIAN STEROIDOGENESIS,0.7006868460876701,4,805,38,6576,CYP1A1;FSHB;FSHR;LHCGR,1.0,False
KEGG,7,ESTROGEN SIGNALING PATHWAY,0.7007143226528181,13,805,118,6576,CALM1;CALM3;FKBP4;GDNF;GNAI2;GRB2;HSP90B1;KRT12;KRT24;KRT25;KRT26;KRT35;MAP2K2,1.0,False
KEGG,7,INTESTINAL IMMUNE NETWORK FOR IGA PRODUCTION,0.7071781095583515,3,805,29,6576,AICDA;CCR9;IL2,1.0,False
KEGG,7,THYROID HORMONE SYNTHESIS,0.7137824333526346,7,805,66,6576,ATP1A4;GDNF;GPX6;HSP90B1;PRKCG;SLC5A5;TSHB,1.0,False
KEGG,7,VIRAL LIFE CYCLE - HIV-1,0.7160223563404354,5,805,48,6576,NELFCD;NELFE;SMARCB1;TNPO3;TSG101,1.0,False
KEGG,7,AUTOIMMUNE THYROID DISEASE,0.7222182780893265,2,805,20,6576,IL2;TSHB,1.0,False
KEGG,7,FOLATE TRANSPORT AND METABOLISM,0.7222182780893265,2,805,20,6576,MTHFD1;SHMT2,1.0,False
KEGG,7,ONE CARBON POOL BY FOLATE,0.7291331860841408,3,805,30,6576,MAT2A;MTHFD1;SHMT2,1.0,False
KEGG,7,ENDOCYTOSIS,0.7358486257671256,24,805,217,6576,ARF4;ARF6;ARPC3;BIN1;CAPZA3;CAV3;CHMP2A;CHMP5;CLTB;CXCR1;EHD1;EHD4;GRK1;MMACHC;PIP5K1A;PTGES2;RHOA;RUFY1;SNF8;SNX12;SNX32;TSG101;VPS25;VPS36,1.0,False
KEGG,7,ABC TRANSPORTERS,0.7390300643363106,4,805,40,6576,ABCB11;ABCB5;ABCC12;ABCG4,1.0,False
KEGG,7,REGULATION OF ACTIN CYTOSKELETON,0.7412173629836432,23,805,209,6576,ARPC3;BRK1;CHRM5;FGF16;FGF20;FGF23;FGF3;FGF4;FGF8;FGF9;MAP2K2;MYL12A;MYL12B;MYL2;MYL7;MYLK3;PFN3;PIP5K1A;PPP1CA;PPP1CC;PSMA7;RHOA;VPS72,1.0,False
KEGG,7,RNA DEGRADATION,0.7429654814564641,7,805,68,6576,ENO3;EXOSC4;EXOSC7;LSM4;LSM7;PABPC4;PNLDC1,1.0,False
KEGG,7,CORNIFIED ENVELOPE FORMATION,0.7506530697914365,16,805,149,6576,CERS3;CLDN14;CLDN18;KRT12;KRT24;KRT25;KRT26;KRT35;KRT73;KRT76;KRT77;LCE7A;PADI1;PNPLA1;RCAN1;SPRR4,1.0,False
KEGG,7,INFLAMMATORY MEDIATOR REGULATION OF TRP CHANNELS,0.754019350766071,9,805,87,6576,ASIC2;CALM1;CALM3;CAMK2A;HTR2A;HTR2C;PPP1CA;PPP1CC;PRKCG,1.0,False
KEGG,7,STAPHYLOCOCCUS AUREUS INFECTION,0.7651639732181476,5,805,51,6576,KRT12;KRT24;KRT25;KRT26;KRT35,1.0,False
KEGG,7,LEGIONELLOSIS,0.7735360334869518,4,805,42,6576,IL12B;RAB1A;SEC22B;VCP,1.0,False
KEGG,7,BASAL CELL CARCINOMA,0.7739516825480837,6,805,61,6576,CDPF1;CTNNB1;SMOX;WNT1;WNT8A;WNT8B,1.0,False
KEGG,7,GNRH SIGNALING PATHWAY,0.7795847994629419,8,805,80,6576,CACNA1F;CACNA1S;CALM1;CALM3;CAMK2A;FSHB;GRB2;MAP2K2,1.0,False
KEGG,7,BILE SECRETION,0.7873348562032143,6,805,62,6576,ABCB11;ATP1A4;CYP7A1;SCT;SLC10A1;SLC22A7,1.0,False
KEGG,7,CENTRAL CARBON METABOLISM IN CANCER,0.7873348562032143,6,805,62,6576,LDHAL6B;MAP2K2;PDHA1;PDHA2;PDHB;SIRT3,1.0,False
KEGG,7,NUCLEOTIDE EXCISION REPAIR,0.7941709945957243,5,805,53,6576,DDB1;POLR2E;POLR2G;POLR2L;RAD23A,1.0,False
KEGG,7,HEPATOCELLULAR CARCINOMA,0.8033415310496359,15,805,146,6576,ACTL6B;CDK4;CDPF1;CTNNB1;GRB2;GSTO1;GSTT4;MAP2K2;PIGU;PRKCG;SMARCB1;TERT;WNT1;WNT8A;WNT8B,1.0,False
KEGG,7,ALDOSTERONE-REGULATED SODIUM REABSORPTION,0.8041818494837947,3,805,34,6576,ATP1A4;PRKCG;REXO2,1.0,False
KEGG,7,SYSTEMIC LUPUS ERYTHEMATOSUS,0.8043474516785387,4,805,44,6576,H2AZ2;MACROH2A1;PSMA7;SNRPB,1.0,False
KEGG,7,ENDOMETRIAL CANCER,0.8075851468784508,5,805,54,6576,CDPF1;CTNNA2;CTNNB1;GRB2;MAP2K2,1.0,False
KEGG,7,LONGEVITY REGULATING PATHWAY - MULTIPLE SPECIES,0.8075851468784508,5,805,54,6576,GLYAT;IRS4;PRKAB1;PRKAG1;PRKAG3,1.0,False
KEGG,7,SIGNALING PATHWAYS REGULATING PLURIPOTENCY OF STEM CELLS,0.812448387805433,13,805,129,6576,CTNNB1;DLX5;ESRRB;GRB2;HOXB1;MAP2K2;MYF5;NEUROG1;NODAL;STAT3;WNT1;WNT8A;WNT8B,1.0,False
KEGG,7,LYSOSOME,0.8134349947382302,12,805,120,6576,AP3B2;ATP6AP1;ATP6V0B;ATP6V0D1;ATP6V1H;CLTB;CTSZ;HEXA;HYAL4;LAMP1;M6PR;SLC17A5,1.0,False
KEGG,7,NON-HOMOLOGOUS END-JOINING,0.8171727304185137,1,805,13,6576,DNTT,1.0,False
KEGG,7,VIRION - LASSA VIRUS AND SFTS VIRUS,0.8171727304185137,1,805,13,6576,LAMP1,1.0,False
KEGG,7,HUMAN CYTOMEGALOVIRUS INFECTION,0.8197484931839096,19,805,184,6576,CALM1;CALM3;CDK4;CDPF1;CTNNB1;GDNF;GNAI2;GNB1;GNG3;GNG5;GNG8;GNGT1;GRB2;MAP2K2;PPP3R2;PRKCG;RHEB;RHOA;STAT3,1.0,False
KEGG,7,HEMATOPOIETIC CELL LINEAGE,0.8238594233644893,6,805,65,6576,DNTT;GP1BA;GP5;GP9;IL11;IL5RA,1.0,False
KEGG,7,P53 SIGNALING PATHWAY,0.8238594233644893,6,805,65,6576,CDK4;CDPF1;EI24;REXO2;SIVA1;TP73,1.0,False
KEGG,7,PPAR SIGNALING PATHWAY,0.8238594233644893,6,805,65,6576,ACADM;ACSL6;CYP7A1;FABP2;FABP7;GK2,1.0,False
KEGG,7,ATP-DEPENDENT CHROMATIN REMODELING,0.8292053110660469,9,805,94,6576,ACTL6B;BCL7B;DPEP3;H2AZ2;MACROH2A1;MORF4L1;SMARCB1;VPS72;ZNHIT1,1.0,False
KEGG,7,COCAINE ADDICTION,0.831665950264786,4,805,46,6576,GDNF;GNAI2;RGS9BP;SLC18A1,1.0,False
KEGG,7,FERROPTOSIS,0.8346436399365036,3,805,36,6576,ACSL6;FTMT;SAT2,1.0,False
KEGG,7,"PARATHYROID HORMONE SYNTHESIS, SECRETION AND ACTION",0.8350087858302802,10,805,104,6576,CDPF1;FGF23;GCM1;GCM2;GDNF;GNAI2;OXSR1;PRKCG;RHOA;TRPV5,1.0,False
KEGG,7,GRAFT-VERSUS-HOST DISEASE,0.8395978335745545,1,805,14,6576,IL2,1.0,False
KEGG,7,PHENYLALANINE METABOLISM,0.8395978335745545,1,805,14,6576,GOT1L1,1.0,False
KEGG,7,AMPK SIGNALING PATHWAY,0.8407253534467904,11,805,114,6576,ADIPOR2;CAB39;GYS2;IRS4;LEPROT;PFKFB1;PRKAB1;PRKAG1;PRKAG3;RHEB;SLC2A4,1.0,False
KEGG,7,UBIQUITIN MEDIATED PROTEOLYSIS,0.844440417681865,13,805,133,6576,AIRE;ANAPC5;DDB1;ELOB;MMACHC;MPG;RPS27A;UBA52;UBE2D2;UBE2F;UBE2G2;UBE2R2;UXT,1.0,False
KEGG,7,BLADDER CANCER,0.8482839365590799,3,805,37,6576,CDK4;CDPF1;MAP2K2,1.0,False
KEGG,7,RAS SIGNALING PATHWAY,0.8523228956599658,22,805,216,6576,ARF6;CALM1;CALM3;FGF16;FGF20;FGF23;FGF3;FGF4;FGF8;FGF9;GNB1;GNG3;GNG5;GNG8;GNGT1;GRB2;KSR2;MAP2K2;PIGU;PRKCG;RALA;RHOA,1.0,False
KEGG,7,GNRH SECRETION,0.8544019982220847,5,805,58,6576,CACNA1F;CACNA1S;ENTHD1;MAP2K2;PRKCG,1.0,False
KEGG,7,PENTOSE AND GLUCURONATE INTERCONVERSIONS,0.8592753318940429,1,805,15,6576,AKR1A1,1.0,False
KEGG,7,AMINOACYL-TRNA BIOSYNTHESIS,0.8602685567846223,2,805,27,6576,CARS2;FARSA,1.0,False
KEGG,7,ANTIGEN PROCESSING AND PRESENTATION,0.8609351157423437,3,805,38,6576,IFI30;PSME1;RFXANK,1.0,False
KEGG,7,NON-SMALL CELL LUNG CANCER,0.8645985304223732,6,805,69,6576,CDK4;CDPF1;GRB2;MAP2K2;PRKCG;STAT3,1.0,False
KEGG,7,GLUTAMATERGIC SYNAPSE,0.8670106989877767,10,805,108,6576,GNAI2;GNB1;GNG3;GNG5;GNG8;GNGT1;PPP3R2;PRKCG;SLC17A8;SLC1A6,1.0,False
KEGG,7,TUBERCULOSIS,0.8720806740415746,13,805,137,6576,ATP6AP1;ATP6V0B;ATP6V0D1;ATP6V1H;CALM1;CALM3;CAMK2A;IL12B;LAMP1;NANOS2;PPP3R2;RFXANK;RHOA,1.0,False
KEGG,7,GLYCOSYLPHOSPHATIDYLINOSITOL (GPI)-ANCHOR BIOSYNTHESIS,0.8738366281475743,2,805,28,6576,PGAP2;PIGU,1.0,False
KEGG,7,VIRAL PROTEIN INTERACTION WITH CYTOKINE AND CYTOKINE RECEPTOR,0.8740073603418925,5,805,60,6576,CCR8;CCR9;CXCR1;IL19;IL2,1.0,False
KEGG,7,OOCYTE MEIOSIS,0.8741830698504272,10,805,109,6576,ANAPC5;CALM1;CALM3;CAMK2A;MAD2L2;PLCZ1;PPP1CA;PPP1CC;PPP3R2;YWHAH,1.0,False
KEGG,7,BASE EXCISION REPAIR,0.8834851665640483,3,805,40,6576,MPG;NEIL2;XRCC1,1.0,False
KEGG,7,TIGHT JUNCTION,0.8878320516548102,14,805,149,6576,ARPC3;CDK4;CLDN14;CLDN18;MYL12A;MYL12B;MYL2;MYL6B;PRKAB1;PRKAG1;PRKAG3;RHOA;TUBA1C;TUBA3C,1.0,False
KEGG,7,PANCREATIC SECRETION,0.8896268449907687,7,805,82,6576,ATP1A4;ATP2A2;CTRL;PRKCG;RAB3D;RHOA;SCT,1.0,False
KEGG,7,ASTHMA,0.8916915179625042,1,805,17,6576,IL9,1.0,False
KEGG,7,SELENOCOMPOUND METABOLISM,0.8916915179625042,1,805,17,6576,KYAT3,1.0,False
KEGG,7,INSULIN RESISTANCE,0.8919298838528227,9,805,102,6576,GYS2;PPP1CA;PPP1CC;PRKAB1;PRKAG1;PRKAG3;PTPRA;SLC2A4;STAT3,1.0,False
KEGG,7,RENAL CELL CARCINOMA,0.8991912748895328,5,805,63,6576,CDPF1;ELOB;GRB2;MAP2K2;PIGU,1.0,False
KEGG,7,THYROID HORMONE SIGNALING PATHWAY,0.9054823563151778,10,805,114,6576,ATP1A4;ATP2A2;CTNNB1;MAP2K2;MYH6;MYH7;PLCZ1;PRKCG;RCAN1;RHEB,1.0,False
KEGG,7,C-TYPE LECTIN RECEPTOR SIGNALING PATHWAY,0.9094210770227568,8,805,95,6576,CALM1;CALM3;CLEC1B;CLEC6A;IL12B;IL2;PPP3R2;RHOA,1.0,False
KEGG,7,NUCLEOCYTOPLASMIC TRANSPORT,0.9155679790288137,7,805,86,6576,CSE1L;PYM1;RANGAP1;RNPS1;SEC13;THOC7;TNPO3,1.0,False
KEGG,7,HISTIDINE METABOLISM,0.9166476866845925,1,805,19,6576,UROC1,1.0,False
KEGG,7,ERBB SIGNALING PATHWAY,0.9170282345280468,6,805,76,6576,CAMK2A;CDPF1;GRB2;MAP2K2;PIGU;PRKCG,1.0,False
KEGG,7,WNT SIGNALING PATHWAY,0.9175020386719913,14,805,155,6576,CAMK2A;CER1;CSNK1E;CSNK2B;CTBP1;CTNNB1;DKK4;PPP3R2;PRKCG;RHOA;SFRP5;WNT1;WNT8A;WNT8B,1.0,False
KEGG,7,VEGF SIGNALING PATHWAY,0.9181961394467214,4,805,55,6576,MAP2K2;MAPKAPK3;PPP3R2;PRKCG,1.0,False
KEGG,7,TYPE II DIABETES MELLITUS,0.9190364897598102,3,805,44,6576,CACNA1E;IRS4;SLC2A4,1.0,False
KEGG,7,DNA REPLICATION,0.9251684602848191,2,805,33,6576,MCM7;RNASEH2C,1.0,False
KEGG,7,PANTOTHENATE AND COA BIOSYNTHESIS,0.9268808134527644,1,805,20,6576,GADL1,1.0,False
KEGG,7,TERPENOID BACKBONE BIOSYNTHESIS,0.9268808134527644,1,805,20,6576,RCE1,1.0,False
KEGG,7,PROTEOGLYCANS IN CANCER,0.9308467844423993,17,805,187,6576,CAMK2A;CAV3;CDPF1;CTNNB1;GRB2;IL12B;MAP2K2;PIGU;PPP1CA;PPP1CC;PRKCG;RHOA;SMOX;STAT3;WNT1;WNT8A;WNT8B,1.0,False
KEGG,7,CHOLESTEROL METABOLISM,0.9328197250524264,3,805,46,6576,ABCB11;CYP7A1;VAPA,1.0,False
KEGG,7,PROXIMAL TUBULE BICARBONATE RECLAMATION,0.9358589930089761,1,805,21,6576,ATP1A4,1.0,False
KEGG,7,HUMAN IMMUNODEFICIENCY VIRUS 1 INFECTION,0.938077755766213,15,805,170,6576,CALM1;CALM3;DDB1;ELOB;GNAI2;GNB1;GNG3;GNG5;GNG8;GNGT1;MAP2K2;PPP3R2;PRKCG;VPS72;WEE2,1.0,False
KEGG,7,MRNA SURVEILLANCE PATHWAY,0.9382275784582474,6,805,80,6576,PABPC4;PAPOLB;PPP1CA;PPP1CC;PYM1;RNPS1,1.0,False
KEGG,7,ETHER LIPID METABOLISM,0.9388695178477446,3,805,47,6576,PAFAH1B2;PAFAH1B3;PEDS1,1.0,False
KEGG,7,MINERAL ABSORPTION,0.9388695178477446,3,805,47,6576,ATP1A4;MT1X;SLC8A3,1.0,False
KEGG,7,COLORECTAL CANCER,0.94271134664153,6,805,81,6576,CDPF1;CTNNB1;GRB2;MAP2K2;RALA;RHOA,1.0,False
KEGG,7,CHEMOKINE SIGNALING PATHWAY,0.9428083584331151,13,805,152,6576,CCR8;CCR9;CXCR1;GNAI2;GNB1;GNG3;GNG5;GNG8;GNGT1;GRB2;GRK1;RHOA;STAT3,1.0,False
KEGG,7,LINOLEIC ACID METABOLISM,0.9437359587798037,1,805,22,6576,CYP1A2,1.0,False
KEGG,7,CHOLINE METABOLISM IN CANCER,0.9484401186779197,7,805,93,6576,DGKK;GRB2;MAP2K2;PCYT1B;PIP5K1A;PRKCG;RHEB,1.0,False
KEGG,7,CHRONIC MYELOID LEUKEMIA,0.9503431085436931,5,805,72,6576,CDK4;CDPF1;CTBP1;GRB2;MAP2K2,1.0,False
KEGG,7,ECM-RECEPTOR INTERACTION,0.9508161305930548,6,805,83,6576,GP1BA;GP5;GP6;GP9;SV2C;TNN,1.0,False
KEGG,7,HOMOLOGOUS RECOMBINATION,0.9513051827351215,2,805,37,6576,BABAM1;BABAM2,1.0,False
KEGG,7,PHOSPHATIDYLINOSITOL SIGNALING SYSTEM,0.9520612484206216,7,805,94,6576,CALM1;CALM3;DGKK;IP6K3;PIP5K1A;PLCZ1;PRKCG,1.0,False
KEGG,7,MEASLES,0.9537674307421834,8,805,105,6576,CDK4;CSNK2B;EIF3H;IL12B;IL2;RAB9B;STAT3;TP73,1.0,False
KEGG,7,PHOSPHOLIPASE D SIGNALING PATHWAY,0.9573995005834002,11,805,137,6576,ARF6;AVPR1B;CXCR1;DGKK;GRB2;MAP2K2;PIGU;PIP5K1A;RALA;RHEB;RHOA,1.0,False
KEGG,7,HEDGEHOG SIGNALING PATHWAY,0.958362349674141,3,805,51,6576,CSNK1D;CSNK1E;SMOX,1.0,False
KEGG,7,PROLACTIN SIGNALING PATHWAY,0.9590816362075492,4,805,63,6576,GRB2;LHCGR;MAP2K2;STAT3,1.0,False
KEGG,7,HIPPO SIGNALING PATHWAY,0.9597712733609132,12,805,148,6576,CRB1;CSNK1D;CSNK1E;CTNNA2;CTNNB1;PPP1CA;PPP1CC;TP73;WNT1;WNT8A;WNT8B;YWHAH,1.0,False
KEGG,7,CELLULAR SENESCENCE,0.9600153929776557,11,805,138,6576,CALM1;CALM3;CDK4;CDPF1;E2F4;MAP2K2;PPP1CA;PPP1CC;PPP3R2;RHEB;SLC25A31,1.0,False
KEGG,7,CARBOHYDRATE DIGESTION AND ABSORPTION,0.9608486992079321,2,805,39,6576,ATP1A4;LCT,1.0,False
KEGG,7,FC GAMMA R-MEDIATED PHAGOCYTOSIS,0.9610468644867366,6,805,86,6576,ARF6;ARPC3;BIN1;PIP5K1A;PRKCG;VPS72,1.0,False
KEGG,7,CELL CYCLE,0.9621828136693854,12,805,149,6576,ANAPC5;CDK4;CDPF1;E2F4;MAD2L1BP;MAD2L2;MCM7;REXO2;TFDP2;UXT;WEE2;YWHAH,1.0,False
KEGG,7,IL-17 SIGNALING PATHWAY,0.9643493969205469,5,805,76,6576,ANAPC5;HSP90B1;IL17C;IL17F;IL25,1.0,False
KEGG,7,GALACTOSE METABOLISM,0.9666942884621279,1,805,26,6576,LCT,1.0,False
KEGG,7,STARCH AND SUCROSE METABOLISM,0.9666942884621279,1,805,26,6576,GYS2,1.0,False
KEGG,7,VITAMIN DIGESTION AND ABSORPTION,0.9666942884621279,1,805,26,6576,MMACHC,1.0,False
KEGG,7,INOSITOL PHOSPHATE METABOLISM,0.9672311343739363,5,805,77,6576,IP6K3;MIOX;PIP5K1A;PLCZ1;TPI1,1.0,False
KEGG,7,POLYCOMB REPRESSIVE COMPLEX,0.9672311343739363,5,805,77,6576,CBX3;CSNK2B;MAX;SCMH1;UBE2D2,1.0,False
KEGG,7,ALCOHOLIC LIVER DISEASE,0.9676404304529485,8,805,110,6576,ACADM;ADIPOR2;CTNNB1;IL12B;IL17F;PRKAB1;PRKAG1;PRKAG3,1.0,False
KEGG,7,FAT DIGESTION AND ABSORPTION,0.9685835573322191,2,805,41,6576,CLPS;FABP2,1.0,False
KEGG,7,HIPPO SIGNALING PATHWAY - MULTIPLE SPECIES,0.9707875858343397,1,805,27,6576,CSNK1E,1.0,False
KEGG,7,PATHWAYS IN CANCER,0.9712418884636712,45,805,467,6576,CALM1;CALM3;CAMK2A;CDK4;CDPF1;CTBP1;CTNNA2;CTNNB1;ELOB;FGF16;FGF20;FGF23;FGF3;FGF4;FGF8;FGF9;GNAI2;GNB1;GNG3;GNG5;GNG8;GNGT1;GRB2;GSTO1;GSTT4;HSP90B1;IL12B;IL12RB2;IL2;IL23R;IL5RA;MAP2K2;MAX;NANOS2;PRKCG;RALA;RHOA;SMOX;STAT3;TERT;TFG;UXT;WNT1;WNT8A;WNT8B,1.0,False
KEGG,7,NEUTROPHIL EXTRACELLULAR TRAP FORMATION,0.9716404914986563,7,805,101,6576,GP1BA;H2AZ2;MACROH2A1;MAP2K2;PPIF;PRKCG;SLC25A31,1.0,False
KEGG,7,GLYCEROLIPID METABOLISM,0.9719072707721579,3,805,55,6576,AKR1A1;DGKK;GK2,1.0,False
KEGG,7,NEUROTROPHIN SIGNALING PATHWAY,0.9720426941692648,8,805,112,6576,CALM1;CALM3;CAMK2A;GRB2;MAP2K2;PIGU;RHOA;TP73,1.0,False
KEGG,7,TH1 AND TH2 CELL DIFFERENTIATION,0.9723602637534858,5,805,79,6576,IL12B;IL12RB2;IL2;PPP3R2;RBPJL,1.0,False
KEGG,7,SPHINGOLIPID SIGNALING PATHWAY,0.9758925866062682,8,805,114,6576,ACER1;CERS1;CERS3;GNAI2;MAP2K2;PRKCG;RHOA;SMPD2,1.0,False
KEGG,7,LYSINE DEGRADATION,0.9769985812900774,3,805,57,6576,ECHS1;HADHA;SMYD1,1.0,False
KEGG,7,APOPTOSIS - MULTIPLE SPECIES,0.9775282427037583,1,805,29,6576,BECN2,1.0,False
KEGG,7,RAP1 SIGNALING PATHWAY,0.9778198669863577,16,805,198,6576,CALM1;CALM3;CTNNB1;FGF16;FGF20;FGF23;FGF3;FGF4;FGF8;FGF9;GNAI2;MAP2K2;PFN3;PRKCG;RALA;RHOA,1.0,False
KEGG,7,FOCAL ADHESION,0.9778836577971002,15,805,188,6576,CAV3;CTNNB1;GRB2;MYL12A;MYL12B;MYL2;MYL7;MYLK3;PIP5K1A;PPP1CA;PPP1CC;PRKCG;RHOA;TNN;ZYX,1.0,False
KEGG,7,HEPATITIS C,0.9780110059603729,9,805,126,6576,CDK4;CDPF1;CLDN14;CLDN18;CTNNB1;GRB2;MAP2K2;STAT3;YWHAH,1.0,False
KEGG,7,HUMAN PAPILLOMAVIRUS INFECTION,0.9787908944158125,25,805,287,6576,ATP6AP1;ATP6V0B;ATP6V0D1;ATP6V1B2;ATP6V1D;ATP6V1E1;ATP6V1G3;ATP6V1H;BCAP31;CDK4;CDPF1;CTNNB1;GRB2;HES7;MAP2K2;RBPJL;RHEB;TADA3;TBPL2;TERT;TNN;TUBG1;WNT1;WNT8A;WNT8B,1.0,False
KEGG,7,SHIGELLOSIS,0.9802806403636471,17,805,210,6576,ARF6;ARPC3;BECN2;CBX3;MYL12A;MYL12B;MYL2;MYL7;PFN3;PLCZ1;RHOA;RPS27A;SEPTIN12;UBA52;UBE2D2;UBE2V1;WIPI2,1.0,False
KEGG,7,PROTEIN DIGESTION AND ABSORPTION,0.9804590477003273,5,805,83,6576,ATP1A4;CTRL;SLC36A2;SLC36A3;SLC8A3,1.0,False
KEGG,7,ARACHIDONIC ACID METABOLISM,0.9820166701999079,2,805,46,6576,CBR3;PTGES2,1.0,False
KEGG,7,NATURAL KILLER CELL MEDIATED CYTOTOXICITY,0.9820686270327297,4,805,72,6576,GRB2;MAP2K2;PPP3R2;PRKCG,1.0,False
KEGG,7,FLUID SHEAR STRESS AND ATHEROSCLEROSIS,0.9834889318143071,8,805,119,6576,CALM1;CALM3;CAV3;CTNNB1;GSTO1;GSTT4;HSP90B1;RHOA,1.0,False
KEGG,7,NECROPTOSIS,0.9848951708797187,7,805,109,6576,CAMK2A;CHMP2A;CHMP5;H2AZ2;MACROH2A1;SLC25A31;STAT3,1.0,False
KEGG,7,GLYCEROPHOSPHOLIPID METABOLISM,0.9853881659094642,6,805,98,6576,DGKK;GNPAT;LYPLA2;PCYT1B;PCYT2;PTDSS1,1.0,False
KEGG,7,ACUTE MYELOID LEUKEMIA,0.9861642268617478,3,805,62,6576,GRB2;MAP2K2;STAT3,1.0,False
KEGG,7,SMALL CELL LUNG CANCER,0.9862928557503755,5,805,87,6576,CDK4;CDPF1;MAX;NANOS2;UXT,1.0,False
KEGG,7,PANCREATIC CANCER,0.9865034991642266,4,805,75,6576,CDK4;CDPF1;RALA;STAT3,1.0,False
KEGG,7,HEPATITIS B,0.9887239917069504,9,805,135,6576,ATP6AP1;CDPF1;DDB1;GDNF;GRB2;MAP2K2;PRKCG;SLC10A1;STAT3,1.0,False
KEGG,7,AMOEBIASIS,0.9888577428001963,4,805,77,6576,IL12B;NANOS2;PRKCG;SERPINB13,1.0,False
KEGG,7,IGSF CAM SIGNALING,0.9896210547318419,21,805,261,6576,ARF6;ARPC3;CRTAM;CTNNB1;DYNLL1;DYNLL2;GRB2;IL1RAPL1;KCNQ2;KIRREL2;KIRREL3;MAP2K2;MYL12A;MYL12B;MYL6B;MYLK3;PRKCG;PXMP2;RHOA;TUBA1C;TUBA3C,1.0,False
KEGG,7,"GLYCINE, SERINE AND THREONINE METABOLISM",0.9897759600429827,1,805,35,6576,SHMT2,1.0,False
KEGG,7,RIG-I-LIKE RECEPTOR SIGNALING PATHWAY,0.989802504959028,2,805,51,6576,IL12B;OTUD5,1.0,False
KEGG,7,B CELL RECEPTOR SIGNALING PATHWAY,0.9908587899485927,3,805,66,6576,GRB2;MAP2K2;PPP3R2,1.0,False
KEGG,7,PI3K-AKT SIGNALING PATHWAY,0.9909779372293005,26,805,313,6576,CCM2;CDK4;CDPF1;EIF4E1B;EIF4E2;FGF16;FGF20;FGF23;FGF3;FGF4;FGF8;FGF9;GDNF;GNB1;GNG3;GNG5;GNG8;GNGT1;GRB2;GYS2;HSP90B1;IL2;MAP2K2;RHEB;TNN;YWHAH,1.0,False
KEGG,7,EPSTEIN-BARR VIRUS INFECTION,0.9910940164173134,11,805,160,6576,CDK4;CDPF1;PSMC3;PSMC4;PSMD2;PSMD4;PSMD8;RBPJL;SNW1;STAT3;UXT,1.0,False
KEGG,7,TH17 CELL DIFFERENTIATION,0.9912896564127003,5,805,92,6576,IL17F;IL2;IL23R;PPP3R2;STAT3,1.0,False
KEGG,7,PD-L1 EXPRESSION AND PD-1 CHECKPOINT PATHWAY IN CANCER,0.9924445800432196,4,805,81,6576,CSNK2B;MAP2K2;PPP3R2;STAT3,1.0,False
KEGG,7,TOXOPLASMOSIS,0.9927558392109269,5,805,94,6576,GNAI2;IL12B;NANOS2;PPIF;STAT3,1.0,False
KEGG,7,HERPES SIMPLEX VIRUS 1 INFECTION,0.9936253563388872,8,805,131,6576,EIF2B2;EIF2B4;IL12B;PPP1CA;PPP1CC;RHEB;SRSF5;SRSF7,1.0,False
KEGG,7,T CELL RECEPTOR SIGNALING PATHWAY,0.9943864627175677,6,805,109,6576,CDK4;GRB2;IL2;MAP2K2;PPP3R2;RHOA,1.0,False
KEGG,7,PROSTATE CANCER,0.9945219870372428,5,805,97,6576,CDPF1;CTNNB1;GRB2;HSP90B1;MAP2K2,1.0,False
KEGG,7,LEISHMANIASIS,0.9954513940745899,2,805,58,6576,IL12B;NANOS2,1.0,False
KEGG,7,FC EPSILON RI SIGNALING PATHWAY,0.9967946849536681,2,805,61,6576,GRB2;MAP2K2,1.0,False
KEGG,7,MICRORNAS IN CANCER,0.9968175512508826,9,805,151,6576,CDPF1;GRB2;HNRNPK;MAP2K2;PRKCG;RHOA;STAT3;TNN;TRIM71,1.0,False
KEGG,7,CHAGAS DISEASE,0.9969176451216858,4,805,90,6576,GNAI2;IL12B;IL2;NANOS2,1.0,False
KEGG,7,APOPTOSIS,0.9970200091314804,6,805,116,6576,CTSZ;DDIT3;MAP2K2;NOL3;TUBA1C;TUBA3C,1.0,False
KEGG,7,TRANSCRIPTIONAL MISREGULATION IN CANCER,0.9977124078271348,9,805,155,6576,CDPF1;DDIT3;FLII;FUT8;GDNF;MAX;NUPR1;TLX3;WT1,1.0,False
KEGG,7,YERSINIA INFECTION,0.9977401857588298,6,805,119,6576,ARF6;ARPC3;IL2;MAP2K2;PIP5K1A;RHOA,1.0,False
KEGG,7,MAPK SIGNALING PATHWAY,0.997754157389607,21,805,286,6576,CACNA1E;CACNA1F;CACNA1S;CACNG2;CACNG7;DDIT3;ENTHD1;FGF16;FGF20;FGF23;FGF3;FGF4;FGF8;FGF9;GDNF;GRB2;MAP2K2;MAPKAPK3;MAX;PPP3R2;PRKCG,1.0,False
KEGG,7,EFFEROCYTOSIS,0.9978605247165409,8,805,144,6576,ATP2A2;CAMK2A;MAP2K2;MEGF11;P2RY12;SLC16A1;STAB2;XKR7,1.0,False
KEGG,7,PATHOGENIC ESCHERICHIA COLI INFECTION,0.9982688297772067,10,805,170,6576,ABCF2;ARF6;ARPC3;BRK1;CLDN14;CLDN18;RAB1A;RHOA;TUBA1C;TUBA3C,1.0,False
KEGG,7,AXON GUIDANCE,0.998405041717963,10,805,171,6576,CAMK2A;EPHA8;GNAI2;MYL12A;MYL12B;PPP3R2;RHOA;SMOX;TRPC3;VPS72,1.0,False
KEGG,7,LIPID AND ATHEROSCLEROSIS,0.998405041717963,10,805,171,6576,CALM1;CALM3;CAMK2A;CYP1A1;DDIT3;HSP90B1;IL12B;PPP3R2;RHOA;STAT3,1.0,False
KEGG,7,PROGESTERONE-MEDIATED OOCYTE MATURATION,0.9986788984384612,3,805,84,6576,ANAPC5;GNAI2;MAD2L2,1.0,False
KEGG,7,INFLUENZA A,0.9991323513488758,5,805,116,6576,CDK4;DNAJB1;IL12B;MAP2K2;SLC25A31,1.0,False
KEGG,7,HUMAN T-CELL LEUKEMIA VIRUS 1 INFECTION,0.9994247591789336,11,805,195,6576,ANAPC5;CDK4;CDPF1;GDNF;IL2;MAP2K2;PPP3R2;RANBP1;SLC25A31;TBPL2;TERT,1.0,False
KEGG,7,COMPLEMENT AND COAGULATION CASCADES,0.9995652856477828,1,805,59,6576,PSMA7,1.0,False
KEGG,7,TOLL-LIKE RECEPTOR SIGNALING PATHWAY,0.9996656657439005,2,805,80,6576,IL12B;MAP2K2,1.0,False
KEGG,7,TGF-BETA SIGNALING PATHWAY,0.9997799048593893,3,805,100,6576,E2F4;NODAL;RHOA,1.0,False
KEGG,7,NOD-LIKE RECEPTOR SIGNALING PATHWAY,0.9999324787532975,4,805,126,6576,GABARAP;GABARAPL2;GPRC6A;RHOA,1.0,False
KEGG,7,OSTEOCLAST DIFFERENTIATION,0.9999376988075629,3,805,111,6576,ATP2A2;GRB2;PPP3R2,1.0,False
KEGG,7,AGE-RAGE SIGNALING PATHWAY IN DIABETIC COMPLICATIONS,0.9999461208728848,2,805,95,6576,CDK4;STAT3,1.0,False
KEGG,7,CELL ADHESION MOLECULE (CAM) INTERACTION,0.9999805622538358,3,805,121,6576,CDH15;CLDN14;CLDN18,1.0,False
KEGG,7,NF-KAPPA B SIGNALING PATHWAY,0.9999917525502862,1,805,89,6576,CSNK2B,1.0,False
KEGG,7,TNF SIGNALING PATHWAY,0.9999994196896878,1,805,109,6576,GDNF,1.0,False
KEGG,7,INTEGRIN SIGNALING,0.9999998660950985,2,805,143,6576,CTNNB1;TNN,1.0,False
KEGG,7,ALPHA-LINOLENIC ACID METABOLISM,1.0,0,805,22,6576,,1.0,False
KEGG,7,D-AMINO ACID METABOLISM,1.0,0,805,5,6576,,1.0,False
KEGG,7,FANCONI ANEMIA PATHWAY,1.0,0,805,44,6576,,1.0,False
KEGG,7,GLYCOSAMINOGLYCAN BIOSYNTHESIS - CHONDROITIN SULFATE / DERMATAN SULFATE,1.0,0,805,21,6576,,1.0,False
KEGG,7,GLYCOSAMINOGLYCAN BIOSYNTHESIS - HEPARAN SULFATE / HEPARIN,1.0,0,805,24,6576,,1.0,False
KEGG,7,GLYCOSPHINGOLIPID BIOSYNTHESIS - LACTO AND NEOLACTO SERIES,1.0,0,805,23,6576,,1.0,False
KEGG,7,MALARIA,1.0,0,805,37,6576,,1.0,False
KEGG,7,MISMATCH REPAIR,1.0,0,805,21,6576,,1.0,False
KEGG,7,STEROID BIOSYNTHESIS,1.0,0,805,19,6576,,1.0,False
KEGG,7,VIRION - HERPESVIRUS,1.0,0,805,6,6576,,1.0,False
KEGG,7,VITAMIN B6 METABOLISM,1.0,0,805,6,6576,,1.0,False
KEGG,8,RIBOSOME,6.344530195600522e-40,71,641,126,6576,MRPL1;MRPL10;MRPL11;MRPL13;MRPL14;MRPL15;MRPL16;MRPL17;MRPL18;MRPL19;MRPL21;MRPL24;MRPL3;MRPL30;MRPL32;MRPL35;MRPL36;MRPL39;MRPL40;MRPL42;MRPL43;MRPL44;MRPL45;MRPL47;MRPL48;MRPL49;MRPL50;MRPL51;MRPL9;MRPS14;MRPS15;MRPS16;MRPS18B;MRPS18C;MRPS21;MRPS22;MRPS23;MRPS25;MRPS27;MRPS30;MRPS31;MRPS33;MRPS35;MRPS5;MRPS7;MRPS9;RPL10A;RPL11;RPL12;RPL22;RPL22L1;RPL23;RPL27;RPL27A;RPL3;RPL32;RPL34;RPL35A;RPL37;RPL5;RPL6;RPS13;RPS14;RPS18;RPS20;RPS21;RPS23;RPS27L;RPS28;RPS6;RPS7,2.2078965080689814e-37,True
KEGG,8,CELL CYCLE,4.0938684540202724e-18,53,641,149,6576,ANAPC10;ANAPC11;ANAPC13;ANAPC15;ANAPC16;ANAPC7;AURKB;BUB1;BUB1B;BUB3;CCNA2;CCNB1;CCNB2;CCNE1;CCNE2;CCNH;CDC20;CDC25A;CDC25C;CDC26;CDC45;CDC6;CDC7;CDCA5;CDK1;CDK2;CDK7;CHEK1;CHEK2;CUL1;DBF4;ESCO2;FBXO5;HDAC2;MAD2L1;MCM3;MCM4;MCM5;MCM6;MTBP;NDC80;ORC4;ORC6;PCNA;PLK1;RBX1;SGO1;SKP1;SMC1B;TICRR;TRIP13;TTK;ZNF367,7.123331109995274e-16,True
KEGG,8,DNA REPLICATION,2.80057789687492e-15,22,641,33,6576,DNA2;FEN1;MCM3;MCM4;MCM5;MCM6;PCNA;POLA2;POLE2;POLE3;POLE4;POLR1B;PRIM1;PRIM2;RFC2;RFC3;RFC4;RFC5;RNASEH2A;RNASEH2B;RPA3;SSBP1,3.248670360374907e-13,True
KEGG,8,NUCLEOTIDE EXCISION REPAIR,2.1891465511604074e-12,25,641,53,6576,CCNH;CDK7;CETN2;CUL4A;ERCC8;GTF2H3;GTF2H5;MNAT1;PCNA;POLE2;POLE3;POLE4;POLR1B;POLR2C;POLR2D;POLR2F;POLR2H;POLR2K;RBX1;RFC2;RFC3;RFC4;RFC5;RPA3;XPA,1.9045574995095545e-10,True
KEGG,8,RIBOSOME BIOGENESIS IN EUKARYOTES,1.2079967645687941e-10,26,641,66,6576,DKC1;EMG1;FCF1;GAR1;GNL2;GNL3;GTPBP4;IMP4;NHP2;NOP56;NOP58;NXT1;POP5;RAN;RCL1;RIOK1;RIOK2;RPP30;RPP38;RPP40;RRP7A;UTP4;UTP6;WDR3;WDR43;WDR75,8.407657481398807e-09,True
KEGG,8,HUNTINGTON DISEASE,5.084948375490792e-10,58,641,258,6576,ATP5PB;CASP3;COX5A;COX6C;COX7A2L;DAND5;DCTN5;DNAH14;HAP1;HDAC2;NDUFA1;NDUFA10;NDUFA2;NDUFA5;NDUFA7;NDUFA9;NDUFB1;NDUFB2;NDUFB3;NDUFB4;NDUFB5;NDUFB6;NDUFC1;NDUFC2;NDUFS1;NDUFS6;NDUFV2;POLR2C;POLR2D;POLR2F;POLR2H;POLR2K;PSMA2;PSMA3;PSMA4;PSMA5;PSMA6;PSMB4;PSMC1;PSMC2;PSMC5;PSMC6;PSMD1;PSMD12;PSMD13;PSMD14;PSMD6;PSMD7;SDHD;SEM1;SLC25A4;TBP;TFAM;UQCR10;UQCR11;UQCRQ;VDAC1;VDAC2,2.9492700577846593e-08,True
KEGG,8,OXIDATIVE PHOSPHORYLATION,4.329887066952018e-09,30,641,97,6576,ATP5PB;ATP6V1G1;COX10;COX11;COX17;COX5A;COX6C;COX7A2L;NDUFA1;NDUFA10;NDUFA2;NDUFA5;NDUFA7;NDUFA9;NDUFB1;NDUFB2;NDUFB3;NDUFB4;NDUFB5;NDUFB6;NDUFC1;NDUFC2;NDUFS1;NDUFS6;NDUFV2;PPA1;SDHD;UQCR10;UQCR11;UQCRQ,2.1343484400390262e-07,True
KEGG,8,PARKINSON DISEASE,4.90654813802075e-09,50,641,219,6576,ATP5PB;CASP3;COX5A;COX6C;COX7A2L;DUSP12;EIF2S1;GNAI3;HSPA5;NDUFA1;NDUFA10;NDUFA2;NDUFA5;NDUFA7;NDUFA9;NDUFB1;NDUFB2;NDUFB3;NDUFB4;NDUFB5;NDUFB6;NDUFC1;NDUFC2;NDUFS1;NDUFS6;NDUFV2;PSMA2;PSMA3;PSMA4;PSMA5;PSMA6;PSMB4;PSMC1;PSMC2;PSMC5;PSMC6;PSMD1;PSMD12;PSMD13;PSMD14;PSMD6;PSMD7;SDHD;SEM1;SLC25A4;UQCR10;UQCR11;UQCRQ;VDAC1;VDAC2,2.1343484400390262e-07,True
KEGG,8,FANCONI ANEMIA PATHWAY,6.4330486763780356e-09,19,641,44,6576,BLM;BRCA1;BRCA2;BRIP1;EME1;FAAP24;FANCC;FANCD2;FANCI;FANCL;FANCM;MLH1;POLR1B;RAD51;RAD51C;RMI1;RMI2;RPA3;UBE2T,2.4874454881995073e-07,True
KEGG,8,AMYOTROPHIC LATERAL SCLEROSIS,1.3067197215101905e-08,61,641,301,6576,ANXA7;ATP5PB;CASP3;COX5A;COX6C;COX7A2L;DCTN5;DNAH14;EIF2S1;HAP1;HSPA5;NDC1;NDUFA1;NDUFA10;NDUFA2;NDUFA5;NDUFA7;NDUFA9;NDUFB1;NDUFB2;NDUFB3;NDUFB4;NDUFB5;NDUFB6;NDUFC1;NDUFC2;NDUFS1;NDUFS6;NDUFV2;NRG4;NUP35;NUP37;NUP43;NUP54;NUP85;NUP88;NXT1;PFN4;PSMA2;PSMA3;PSMA4;PSMA5;PSMA6;PSMB4;PSMC1;PSMC2;PSMC5;PSMC6;PSMD1;PSMD12;PSMD13;PSMD14;PSMD6;PSMD7;SDHD;SEH1L;SEM1;UQCR10;UQCR11;UQCRQ;VDAC1,4.547384630855463e-07,True
KEGG,8,PRION DISEASE,4.687080813522547e-08,48,641,220,6576,ATP5PB;CASP3;COX5A;COX6C;COX7A2L;EIF2S1;HSPA5;NDUFA1;NDUFA10;NDUFA2;NDUFA5;NDUFA7;NDUFA9;NDUFB1;NDUFB2;NDUFB3;NDUFB4;NDUFB5;NDUFB6;NDUFC1;NDUFC2;NDUFS1;NDUFS6;NDUFV2;PSMA2;PSMA3;PSMA4;PSMA5;PSMA6;PSMB4;PSMC1;PSMC2;PSMC5;PSMC6;PSMD1;PSMD12;PSMD13;PSMD14;PSMD6;PSMD7;SDHD;SEM1;SLC25A4;UQCR10;UQCR11;UQCRQ;VDAC1;VDAC2,1.4828219300962237e-06,True
KEGG,8,SPLICEOSOME,8.793796427009066e-08,32,641,121,6576,BCAS2;CWC15;CWC25;LSM2;LSM3;LSM5;LSM6;LSM8;MAGOHB;NCBP2;PHF5A;PLRG1;PPIE;PPIH;PPIL1;PQBP1;PRPF38A;PRPF4;RP9;SF3B6;SNRPA1;SNRPB2;SNRPD2;SNRPD3;SNRPE;SNRPF;SRSF2;SYF2;THOC3;TXNL4A;U2AF1;U2AF1L4,2.550200963832629e-06,True
KEGG,8,HOMOLOGOUS RECOMBINATION,1.007524102767252e-07,16,641,37,6576,ABRAXAS1;BLM;BRCA1;BRCA2;BRIP1;EME1;POLR1B;RAD51;RAD51B;RAD51C;RAD54B;RAD54L;RPA3;SEM1;SSBP1;XRCC2,2.6970645212538743e-06,True
KEGG,8,PROTEASOME,1.9556318529729578e-07,17,641,43,6576,PSMA2;PSMA3;PSMA4;PSMA5;PSMA6;PSMB4;PSMC1;PSMC2;PSMC5;PSMC6;PSMD1;PSMD12;PSMD13;PSMD14;PSMD6;PSMD7;SEM1,4.861142034532781e-06,True
KEGG,8,BASE EXCISION REPAIR,3.7159991529958976e-07,16,641,40,6576,APTX;FEN1;MBD4;NEIL3;OGG1;PARP2;PCNA;POLE2;POLE3;POLE4;RFC2;RFC3;RFC4;RFC5;TDG;TDP1,8.621118034950482e-06,True
KEGG,8,THERMOGENESIS,8.209200608549676e-07,40,641,185,6576,ACTL6A;ATP5PB;COA4;COA5;COX10;COX11;COX16;COX17;COX18;COX5A;COX6C;COX7A2L;NDUFA1;NDUFA10;NDUFA2;NDUFA5;NDUFA7;NDUFA9;NDUFAF2;NDUFAF4;NDUFAF5;NDUFAF6;NDUFAF7;NDUFAF8;NDUFB1;NDUFB2;NDUFB3;NDUFB4;NDUFB5;NDUFB6;NDUFC1;NDUFC2;NDUFS1;NDUFS6;NDUFV2;RPS6;SDHD;UQCR10;UQCR11;UQCRQ,1.7855011323595545e-05,True
KEGG,8,MISMATCH REPAIR,9.831303049076547e-07,11,641,21,6576,EXO1;MLH1;MSH2;PCNA;POLR1B;RFC2;RFC3;RFC4;RFC5;RPA3;SSBP1,2.0125255653403752e-05,True
KEGG,8,AMINOACYL-TRNA BIOSYNTHESIS,2.9176320650280592e-06,12,641,27,6576,DARS2;DTD1;FARSB;GATB;LARS2;MARS2;PARS2;PSTK;QRSL1;RARS2;TARS2;YARS2,5.640755325720915e-05,True
KEGG,8,OOCYTE MEIOSIS,3.5854298750839597e-06,27,641,109,6576,ANAPC10;ANAPC11;ANAPC13;ANAPC15;ANAPC16;ANAPC7;AURKA;BUB1;CCNB1;CCNB2;CCNE1;CCNE2;CDC20;CDC25C;CDC26;CDK1;CDK2;CUL1;FBXO43;FBXO5;MAD2L1;PLK1;RBX1;SGO1;SKP1;SMC1B;SPDYA,6.566997876469567e-05,True
KEGG,8,PROTEIN EXPORT,4.6575489438947405e-06,12,641,28,6576,GET1;HSPA5;IMMP1L;IMMP2L;SEC11C;SEC61G;SPCS1;SPCS2;SRP14;SRP19;SRP9;TMEM208,8.104135162376849e-05,True
KEGG,8,PROGESTERONE-MEDIATED OOCYTE MATURATION,3.7272825774782706e-05,21,641,84,6576,ANAPC10;ANAPC11;ANAPC13;ANAPC15;ANAPC16;ANAPC7;AURKA;BUB1;CCNA2;CCNB1;CCNB2;CDC25A;CDC25C;CDC26;CDK1;CDK2;GNAI3;KIF22;MAD2L1;PLK1;SPDYA,0.0006176639699821134,True
KEGG,8,RNA POLYMERASE,9.012561459219109e-05,10,641,26,6576,CRCP;POLR1B;POLR1E;POLR1F;POLR1H;POLR2C;POLR2D;POLR2F;POLR2H;POLR2K,0.0013928573060908468,True
KEGG,8,BASAL TRANSCRIPTION FACTORS,9.205666103473989e-05,12,641,36,6576,CCNH;CDK7;GTF2A2;GTF2B;GTF2E1;GTF2E2;GTF2F2;GTF2H3;GTF2H5;MNAT1;TAF7;TBP,0.0013928573060908468,True
KEGG,8,RNA DEGRADATION,0.00020268284605661423,17,641,68,6576,BTG4;C1D;CNOT8;DCPS;EXOSC2;EXOSC3;EXOSC8;EXOSC9;HSPD1;LSM1;LSM2;LSM3;LSM5;LSM6;LSM8;MPHOSPH6;MTREX,0.0029385055227314828,True
KEGG,8,DIABETIC CARDIOMYOPATHY,0.0002110995346789858,31,641,164,6576,ATP5PB;COX5A;COX6C;COX7A2L;DAND5;MPC2;NDUFA1;NDUFA10;NDUFA2;NDUFA5;NDUFA7;NDUFA9;NDUFB1;NDUFB2;NDUFB3;NDUFB4;NDUFB5;NDUFB6;NDUFC1;NDUFC2;NDUFS1;NDUFS6;NDUFV2;PLN;SDHD;SLC25A4;UQCR10;UQCR11;UQCRQ;VDAC1;VDAC2,0.0029385055227314828,True
KEGG,8,NON-ALCOHOLIC FATTY LIVER DISEASE,0.0002651478255822277,27,641,137,6576,CASP3;CDC42;COX5A;COX6C;COX7A2L;EIF2S1;NDUFA1;NDUFA10;NDUFA2;NDUFA5;NDUFA7;NDUFA9;NDUFB1;NDUFB2;NDUFB3;NDUFB4;NDUFB5;NDUFB6;NDUFC1;NDUFC2;NDUFS1;NDUFS6;NDUFV2;SDHD;UQCR10;UQCR11;UQCRQ,0.0035489016654852014,True
KEGG,8,NUCLEOCYTOPLASMIC TRANSPORT,0.00048783962339613024,19,641,86,6576,MAGOHB;NCBP2;NDC1;NUP35;NUP37;NUP43;NUP54;NUP85;NUP88;NXT1;RAN;RANBP17;SEH1L;SNUPN;SUMO1;SUMO2;THOC3;UPF3A;UPF3B,0.006287710701550123,True
KEGG,8,ALZHEIMER DISEASE,0.0005976540433828712,50,641,324,6576,ATP5PB;C1D;CASP3;COX5A;COX6C;COX7A2L;EIF2S1;NAE1;NDUFA1;NDUFA10;NDUFA2;NDUFA5;NDUFA7;NDUFA9;NDUFB1;NDUFB2;NDUFB3;NDUFB4;NDUFB5;NDUFB6;NDUFC1;NDUFC2;NDUFS1;NDUFS6;NDUFV2;NOX1;PSMA2;PSMA3;PSMA4;PSMA5;PSMA6;PSMB4;PSMC1;PSMC2;PSMC5;PSMC6;PSMD1;PSMD12;PSMD13;PSMD14;PSMD6;PSMD7;SDHD;SEM1;SLC25A4;UQCR10;UQCR11;UQCRQ;VDAC1;VDAC2,0.0074279859677585415,True
KEGG,8,PYRIMIDINE METABOLISM,0.000918181915107459,13,641,51,6576,CTPS2;DCTPP1;DHODH;DTYMK;DUT;HDDC2;NME1;NME2;NME6;RRM1;RRM2;TYMS;UMPS,0.01101818298128951,True
KEGG,8,SPINOCEREBELLAR ATAXIA,0.0012851148227290795,25,641,136,6576,DAND5;GTF2B;NOP56;OMA1;PSMA2;PSMA3;PSMA4;PSMA5;PSMA6;PSMB4;PSMC1;PSMC2;PSMC5;PSMC6;PSMD1;PSMD12;PSMD13;PSMD14;PSMD6;PSMD7;SEM1;SLC25A4;TBP;VDAC1;VDAC2,0.014907331943657322,True
KEGG,8,CHEMICAL CARCINOGENESIS - REACTIVE OXYGEN SPECIES,0.0020267240579721936,29,641,171,6576,ATP5PB;COX5A;COX6C;COX7A2L;NDUFA1;NDUFA10;NDUFA2;NDUFA5;NDUFA7;NDUFA9;NDUFB1;NDUFB2;NDUFB3;NDUFB4;NDUFB5;NDUFB6;NDUFC1;NDUFC2;NDUFS1;NDUFS6;NDUFV2;NOX1;SDHD;SLC25A4;UQCR10;UQCR11;UQCRQ;VDAC1;VDAC2,0.02249320762402804,True
KEGG,8,UBIQUITIN MEDIATED PROTEOLYSIS,0.002068340930945107,24,641,133,6576,ANAPC10;ANAPC11;ANAPC13;ANAPC15;ANAPC16;ANAPC7;BRCA1;CDC20;CDC26;CUL1;CUL4A;DET1;ELOC;ERCC8;FANCL;FBXO4;MMAB;NHLRC1;RBX1;SKP1;UBE2A;UBE2B;UBE2C;UBE2N,0.02249320762402804,True
KEGG,8,GLYCOSYLPHOSPHATIDYLINOSITOL (GPI)-ANCHOR BIOSYNTHESIS,0.004144302222312346,8,641,28,6576,DPM2;PIGC;PIGF;PIGH;PIGK;PIGP;PIGV;PIGW,0.04370355070802111,True
KEGG,8,CORONAVIRUS DISEASE - COVID-19,0.005582456005032089,26,641,159,6576,MRPL13;RPL10A;RPL11;RPL12;RPL22;RPL22L1;RPL23;RPL27;RPL27A;RPL3;RPL32;RPL34;RPL35A;RPL37;RPL5;RPL6;RPS13;RPS14;RPS18;RPS20;RPS21;RPS23;RPS27L;RPS28;RPS6;RPS7,0.057138079110328435,False
KEGG,8,UBIQUINONE AND OTHER TERPENOID-QUINONE BIOSYNTHESIS,0.0234245750798848,4,641,12,6576,COQ2;COQ3;COQ5;COQ7,0.2279337233187178,False
KEGG,8,PATHWAYS OF NEURODEGENERATION - MULTIPLE DISEASES,0.023579350688143222,52,641,407,6576,ATP5PB;CASP3;COX5A;COX6C;COX7A2L;DCTN5;DNAH14;EIF2S1;HAP1;HSPA5;NDUFA1;NDUFA10;NDUFA2;NDUFA5;NDUFA7;NDUFA9;NDUFB1;NDUFB2;NDUFB3;NDUFB4;NDUFB5;NDUFB6;NDUFC1;NDUFC2;NDUFS1;NDUFS6;NDUFV2;NOX1;PSMA2;PSMA3;PSMA4;PSMA5;PSMA6;PSMB4;PSMC1;PSMC2;PSMC5;PSMC6;PSMD1;PSMD12;PSMD13;PSMD14;PSMD6;PSMD7;SDHD;SEM1;SLC25A4;UQCR10;UQCR11;UQCRQ;VDAC1;VDAC2,0.2279337233187178,False
KEGG,8,LIPOIC ACID METABOLISM,0.0317262574132197,5,641,19,6576,BCKDHB;DLAT;GCSH;LIAS;LIPT1,0.2983983129675799,False
KEGG,8,P53 SIGNALING PATHWAY,0.047845192812717555,11,641,65,6576,CASP3;CCNB1;CCNB2;CCNE1;CCNE2;CDK1;CDK2;CHEK1;CHEK2;GTSE1;RRM2,0.4345471021751649,False
KEGG,8,PORPHYRIN METABOLISM,0.04919252436168741,6,641,28,6576,COX10;FXN;HCCS;HMBS;MMAB;UROS,0.4345471021751649,False
KEGG,8,N-GLYCAN BIOSYNTHESIS,0.049947942778754584,9,641,50,6576,ALG11;ALG14;ALG2;ALG5;ALG8;DAD1;DPM1;DPM2;OSTC,0.4345471021751649,False
KEGG,8,ONE CARBON POOL BY FOLATE,0.06578468937326792,6,641,30,6576,GCSH;MAT2B;MTHFD2;MTHFD2L;SHMT1;TYMS,0.5583676073633472,False
KEGG,8,ATP-DEPENDENT CHROMATIN REMODELING,0.07035257915259958,14,641,94,6576,ACTL6A;ACTR6;BRD8;CHRAC1;HDAC2;ING3;INO80C;MRGBP;POLE3;RBBP4;RBBP7;RUVBL1;UCHL5;YEATS4,0.5829213701215394,False
KEGG,8,DRUG METABOLISM - OTHER ENZYMES,0.08195220477837338,8,641,47,6576,DUT;IMPDH2;NME1;NME2;NME6;RRM1;RRM2;UMPS,0.6632410991366031,False
KEGG,8,RETROGRADE ENDOCANNABINOID SIGNALING,0.0890363582636518,18,641,132,6576,GNAI3;NDUFA1;NDUFA10;NDUFA2;NDUFA5;NDUFA7;NDUFA9;NDUFB1;NDUFB2;NDUFB3;NDUFB4;NDUFB5;NDUFB6;NDUFC1;NDUFC2;NDUFS1;NDUFS6;NDUFV2,0.7041966517216096,False
KEGG,8,HUMAN T-CELL LEUKEMIA VIRUS 1 INFECTION,0.09250127169165849,25,641,195,6576,ANAPC10;ANAPC11;ANAPC13;ANAPC15;ANAPC16;ANAPC7;BUB1B;BUB3;CCNA2;CCNB2;CCNE1;CCNE2;CDC20;CDC26;CDK2;CHEK1;CHEK2;FDPS;MAD2L1;NFYB;RAN;SLC25A4;TBP;VDAC1;VDAC2,0.7153431677488256,False
KEGG,8,VITAMIN B6 METABOLISM,0.10925589422240657,2,641,6,6576,PHOSPHO2;PSAT1,0.8265445910738584,False
KEGG,8,"GLYCINE, SERINE AND THREONINE METABOLISM",0.11975546440740667,6,641,35,6576,BPGM;GCSH;PSAT1;PSPH;SHMT1;SRR,0.8867000343356919,False
KEGG,8,POLYCOMB REPRESSIVE COMPLEX,0.12577837059935587,11,641,77,6576,AURKB;EED;EZH2;HDAC2;PCGF6;RBBP4;RBBP7;RNF2;SKP1;TEX10;WDR5B,0.91189318684533,False
KEGG,8,PROPANOATE METABOLISM,0.1791064922114698,5,641,31,6576,BCKDHB;HIBCH;LDHC;MCEE;PCCA,1.0,False
KEGG,8,CELLULAR SENESCENCE,0.18579612115626226,17,641,138,6576,CCNA2;CCNB1;CCNB2;CCNE1;CCNE2;CDC25A;CDK1;CDK2;CHEK1;CHEK2;LIN52;LIN9;RAD9B;RBBP4;SLC25A4;VDAC1;VDAC2,1.0,False
KEGG,8,FATTY ACID BIOSYNTHESIS,0.1998761192115739,3,641,16,6576,CBR4;MECR;OXSM,1.0,False
KEGG,8,PROTEIN PROCESSING IN ENDOPLASMIC RETICULUM,0.2126163146808077,19,641,160,6576,CUL1;DAD1;DERL2;DNAJA2;DNAJB11;EIF2S1;HSPA5;NGLY1;OSTC;RBX1;SAR1A;SAR1B;SEC61G;SELENOS;SKP1;SSR1;SVIP;UBXN8;UFD1,1.0,False
KEGG,8,FATTY ACID ELONGATION,0.222280054456122,4,641,25,6576,ELOVL6;MBLAC2;MECR;THEM4,1.0,False
KEGG,8,VIRAL CARCINOGENESIS,0.22399700230130212,18,641,152,6576,CASP3;CCNA2;CCNE1;CCNE2;CDC20;CDC42;CDK1;CDK2;CHEK1;GTF2A2;GTF2B;GTF2E1;GTF2E2;GTF2H3;HDAC2;MRPS18B;PSMC1;TBP,1.0,False
KEGG,8,FOLATE BIOSYNTHESIS,0.22633581488627053,3,641,17,6576,MOCS2;PCBD2;PTS,1.0,False
KEGG,8,SELENOCOMPOUND METABOLISM,0.22633581488627053,3,641,17,6576,MARS2;PSTK;SCLY,1.0,False
KEGG,8,MRNA SURVEILLANCE PATHWAY,0.24993718492025477,10,641,80,6576,CSTF1;CSTF3;MAGOHB;NCBP2;NXT1;PPP2R3C;RNGTT;SSU72;UPF3A;UPF3B,1.0,False
KEGG,8,"VALINE, LEUCINE AND ISOLEUCINE DEGRADATION",0.27176750447736747,6,641,45,6576,ACAD8;BCKDHB;HIBCH;HMGCL;MCEE;PCCA,1.0,False
KEGG,8,STEROID BIOSYNTHESIS,0.2808983163324215,3,641,19,6576,FDFT1;HSD17B7;NSDHL,1.0,False
KEGG,8,PYRUVATE METABOLISM,0.2903993234783568,5,641,37,6576,ACYP2;ADH5;DLAT;GLO1;LDHC,1.0,False
KEGG,8,MOTOR PROTEINS,0.30715237897532777,19,641,171,6576,CENPE;DCTN5;DNAH14;DYNC2LI1;DYNLRB2;KIF11;KIF14;KIF15;KIF18A;KIF18B;KIF20A;KIF22;KIF23;KIF24;KIF2C;KIF4A;KIF9;TUBD1;TUBE1,1.0,False
KEGG,8,TERPENOID BACKBONE BIOSYNTHESIS,0.30863474815099196,3,641,20,6576,FDPS;GGPS1;PDSS1,1.0,False
KEGG,8,GLYOXYLATE AND DICARBOXYLATE METABOLISM,0.31164937296561984,4,641,29,6576,GCSH;MCEE;PCCA;SHMT1,1.0,False
KEGG,8,NON-HOMOLOGOUS END-JOINING,0.3663275941363589,2,641,13,6576,FEN1;XRCC4,1.0,False
KEGG,8,VARIOUS TYPES OF N-GLYCAN BIOSYNTHESIS,0.37020681276406603,5,641,41,6576,ALG11;ALG14;ALG2;DAD1;OSTC,1.0,False
KEGG,8,LEGIONELLOSIS,0.39031154768524345,5,641,42,6576,CASP3;HSPD1;NDUFA2;SAR1A;SAR1B,1.0,False
KEGG,8,EPSTEIN-BARR VIRUS INFECTION,0.3911982974688398,17,641,160,6576,CASP3;CCNA2;CCNE1;CCNE2;CDK2;HDAC2;PSMC1;PSMC2;PSMC5;PSMC6;PSMD1;PSMD12;PSMD13;PSMD14;PSMD6;PSMD7;SEM1,1.0,False
KEGG,8,D-AMINO ACID METABOLISM,0.4012807365932318,1,641,5,6576,SRR,1.0,False
KEGG,8,PURINE METABOLISM,0.41003609413483494,12,641,112,6576,ADPRM;HDDC2;IMPDH2;NME1;NME2;NME6;NTPCR;NUDT5;NUDT9;PAICS;RRM1;RRM2,1.0,False
KEGG,8,GLUTATHIONE METABOLISM,0.4303320080761555,5,641,44,6576,CHAC2;GGCT;RRM1;RRM2;SLC25A21,1.0,False
KEGG,8,PENTOSE AND GLUCURONATE INTERCONVERSIONS,0.4375578925648743,2,641,15,6576,DHDH;FGGY,1.0,False
KEGG,8,CYSTEINE AND METHIONINE METABOLISM,0.4697883786247397,5,641,46,6576,APIP;LDHC;MAT2B;MTAP;PSAT1,1.0,False
KEGG,8,CITRATE CYCLE (TCA CYCLE),0.5229813357749777,3,641,28,6576,DLAT;IDH3A;SDHD,1.0,False
KEGG,8,APOPTOSIS - MULTIPLE SPECIES,0.5473657930222113,3,641,29,6576,BIRC5;CASP3;DIABLO,1.0,False
KEGG,8,RIBOFLAVIN METABOLISM,0.5599809575765039,1,641,8,6576,FLAD1,1.0,False
KEGG,8,SULFUR RELAY SYSTEM,0.5599809575765039,1,641,8,6576,MOCS2,1.0,False
KEGG,8,BIOSYNTHESIS OF VARIOUS NUCLEOTIDE SUGARS,0.56551143594802,2,641,19,6576,NANP;TGDS,1.0,False
KEGG,8,SNARE INTERACTIONS IN VESICULAR TRANSPORT,0.5938626870615635,3,641,31,6576,BNIP1;STX18;STX8,1.0,False
KEGG,8,FOLATE TRANSPORT AND METABOLISM,0.59405329014769,2,641,20,6576,SHMT1;TYMS,1.0,False
KEGG,8,CYTOSOLIC DNA-SENSING PATHWAY,0.5991278007952714,5,641,53,6576,CASP3;G3BP1;POLR2F;POLR2H;POLR2K,1.0,False
KEGG,8,GLYCOLYSIS / GLUCONEOGENESIS,0.5991278007952714,5,641,53,6576,ADH5;BPGM;DLAT;LDHC;PGK2,1.0,False
KEGG,8,SULFUR METABOLISM,0.6029243507241075,1,641,9,6576,BPNT1,1.0,False
KEGG,8,CIRCADIAN RHYTHM,0.6159156882663447,3,641,32,6576,CUL1;RBX1;SKP1,1.0,False
KEGG,8,MATURITY ONSET DIABETES OF THE YOUNG,0.6468650404578004,2,641,22,6576,IAPP;PDHX,1.0,False
KEGG,8,NICOTINATE AND NICOTINAMIDE METABOLISM,0.6575413709827763,3,641,34,6576,NMNAT1;NUDT13;SIRT5,1.0,False
KEGG,8,BUTANOATE METABOLISM,0.6711600832735404,2,641,23,6576,HMGCL;L2HGDH,1.0,False
KEGG,8,PEROXISOME,0.6746238854035203,7,641,80,6576,HMGCL;MPV17;NUDT13;PECR;PEX11A;PEX3;PEX7,1.0,False
KEGG,8,THIAMINE METABOLISM,0.6766630317582395,1,641,11,6576,NTPCR,1.0,False
KEGG,8,MICRORNAS IN CANCER,0.7234659997635133,13,641,151,6576,BRCA1;CASP3;CCNE1;CCNE2;CDC25A;CDC25C;CDCA5;EFNA2;EZH2;HDAC2;KIF23;RDX;STMN1,1.0,False
KEGG,8,CARDIAC MUSCLE CONTRACTION,0.7524851237595667,6,641,75,6576,COX5A;COX6C;COX7A2L;UQCR10;UQCR11;UQCRQ,1.0,False
KEGG,8,PENTOSE PHOSPHATE PATHWAY,0.7550071058077874,2,641,27,6576,IDNK;RPIA,1.0,False
KEGG,8,TAURINE AND HYPOTAURINE METABOLISM,0.762439166517167,1,641,14,6576,FMO4,1.0,False
KEGG,8,DRUG METABOLISM - CYTOCHROME P450,0.7728552419641571,2,641,28,6576,ADH5;FMO4,1.0,False
KEGG,8,GLYCOSPHINGOLIPID BIOSYNTHESIS - GANGLIO SERIES,0.7856449717994738,1,641,15,6576,SLC33A1,1.0,False
KEGG,8,METABOLISM OF XENOBIOTICS BY CYTOCHROME P450,0.8051691585479326,2,641,30,6576,ADH5;DHDH,1.0,False
KEGG,8,TYROSINE METABOLISM,0.8051691585479326,2,641,30,6576,ADH5;FAHD1,1.0,False
KEGG,8,COBALAMIN TRANSPORT AND METABOLISM,0.8254861720179484,1,641,17,6576,MMAB,1.0,False
KEGG,8,CHOLESTEROL METABOLISM,0.8397529531366574,3,641,46,6576,C1D;VDAC1;VDAC2,1.0,False
KEGG,8,PERTUSSIS,0.8403654797265654,4,641,59,6576,CASP3;GNAI3;IL23A;NDUFA2,1.0,False
KEGG,8,AMINO SUGAR AND NUCLEOTIDE SUGAR METABOLISM,0.8687149235141296,2,641,35,6576,GALK2;PGM3,1.0,False
KEGG,8,PANTOTHENATE AND COA BIOSYNTHESIS,0.8718199863638842,1,641,20,6576,AASDHPPT,1.0,False
KEGG,8,RENAL CELL CARCINOMA,0.8752190750743873,4,641,63,6576,CDC42;ELOC;RAP1B;RBX1,1.0,False
KEGG,8,FERROPTOSIS,0.8788853394949865,2,641,36,6576,ATG5;VDAC2,1.0,False
KEGG,8,PROXIMAL TUBULE BICARBONATE RECLAMATION,0.8843525349820585,1,641,21,6576,MINDY4,1.0,False
KEGG,8,APOPTOSIS,0.890106363359656,8,641,116,6576,AIFM1;BIRC5;CASP3;DFFB;DIABLO;EIF2S1;LMNB1;PARP2,1.0,False
KEGG,8,BIOSYNTHESIS OF UNSATURATED FATTY ACIDS,0.8956614632927374,1,641,22,6576,ELOVL6,1.0,False
KEGG,8,ANTIGEN PROCESSING AND PRESENTATION,0.8970773127622595,2,641,38,6576,HSPA5;NFYB,1.0,False
KEGG,8,MEASLES,0.8979761805821392,7,641,105,6576,CASP3;CCNE1;CCNE2;CDK2;EIF2S1;MMAB;RAB9A,1.0,False
KEGG,8,TYPE I DIABETES MELLITUS,0.9058660714754282,1,641,23,6576,HSPD1,1.0,False
KEGG,8,LONGEVITY REGULATING PATHWAY - MULTIPLE SPECIES,0.9083780968480908,3,641,54,6576,ATG5;CLPB;HDAC2,1.0,False
KEGG,8,HUMAN IMMUNODEFICIENCY VIRUS 1 INFECTION,0.91316637394726,12,641,170,6576,CASP3;CCNB1;CCNB2;CDC25C;CDK1;CHEK1;CUL1;CUL4A;ELOC;GNAI3;RBX1;SKP1,1.0,False
KEGG,8,GLYCEROLIPID METABOLISM,0.9147635200477875,3,641,55,6576,AGK;LCLAT1;PNLIP,1.0,False
KEGG,8,GLYCOSAMINOGLYCAN BIOSYNTHESIS - HEPARAN SULFATE / HEPARIN,0.9150740446456175,1,641,24,6576,EXTL2,1.0,False
KEGG,8,VASOPRESSIN-REGULATED WATER REABSORPTION,0.9196493147901228,2,641,41,6576,DCTN5;DYNC2LI1,1.0,False
KEGG,8,COLLECTING DUCT ACID SECRETION,0.923382582097107,1,641,25,6576,ATP6V1G1,1.0,False
KEGG,8,SHIGELLOSIS,0.9261449037494975,15,641,210,6576,ARPC5L;ATG5;CDC42;CUL1;GLMN;NDUFA2;PFN4;RBX1;SEPTIN7;SKP1;U2AF1;U2AF1L4;UBE2N;UBE2V2;VDAC1,1.0,False
KEGG,8,HIF-1 SIGNALING PATHWAY,0.9302444519781581,6,641,99,6576,EIF4E;ELOC;LDHC;PGK2;RBX1;RPS6,1.0,False
KEGG,8,VITAMIN DIGESTION AND ABSORPTION,0.9308794169125175,1,641,26,6576,PNLIP,1.0,False
KEGG,8,SMALL CELL LUNG CANCER,0.935848794413464,5,641,87,6576,CASP3;CCNE1;CCNE2;CDK2;CKS2,1.0,False
KEGG,8,ENDOCRINE AND OTHER FACTOR-REGULATED CALCIUM REABSORPTION,0.9375037490380542,2,641,44,6576,CALB1;PTRH2,1.0,False
KEGG,8,SYSTEMIC LUPUS ERYTHEMATOSUS,0.9375037490380542,2,641,44,6576,SNRPD2;SNRPD3,1.0,False
KEGG,8,VIBRIO CHOLERAE INFECTION,0.9425689308312454,2,641,45,6576,ATP6V1G1;SEC61G,1.0,False
KEGG,8,MUCIN TYPE O-GLYCAN BIOSYNTHESIS,0.9437470141484005,1,641,28,6576,C1GALT1C1,1.0,False
KEGG,8,BETA-ALANINE METABOLISM,0.9492537587927002,1,641,29,6576,HIBCH,1.0,False
KEGG,8,AUTOPHAGY - OTHER,0.9542221932838991,1,641,30,6576,ATG5,1.0,False
KEGG,8,VIRAL LIFE CYCLE - HIV-1,0.9555247390029622,2,641,48,6576,RAN;SUPT4H1,1.0,False
KEGG,8,EPITHELIAL CELL SIGNALING IN HELICOBACTER PYLORI INFECTION,0.9563874830848316,3,641,64,6576,ATP6V1G1;CASP3;CDC42,1.0,False
KEGG,8,PRIMARY IMMUNODEFICIENCY,0.9587048657716811,1,641,31,6576,RAG2,1.0,False
KEGG,8,STEROID HORMONE BIOSYNTHESIS,0.9587048657716811,1,641,31,6576,HSD17B7,1.0,False
KEGG,8,COLORECTAL CANCER,0.9625884711190577,4,641,81,6576,BIRC5;CASP3;MLH1;MSH2,1.0,False
KEGG,8,RHEUMATOID ARTHRITIS,0.9653648444208105,3,641,67,6576,ATP6V1G1;IL23A;PTRH2,1.0,False
KEGG,8,RETINOL METABOLISM,0.9663980042466715,1,641,33,6576,ADH5,1.0,False
KEGG,8,"ALANINE, ASPARTATE AND GLUTAMATE METABOLISM",0.9696899008197853,1,641,34,6576,NIT2,1.0,False
KEGG,8,ALDOSTERONE-REGULATED SODIUM REABSORPTION,0.9696899008197853,1,641,34,6576,KCNJ1,1.0,False
KEGG,8,THYROID HORMONE SIGNALING PATHWAY,0.9720874289111283,6,641,114,6576,HDAC2;MBD4;MED27;MED30;MED4;PLN,1.0,False
KEGG,8,TGF-BETA SIGNALING PATHWAY,0.972497239460416,5,641,100,6576,CUL1;DAND5;HDAC2;RBX1;SKP1,1.0,False
KEGG,8,NEUTROPHIL EXTRACELLULAR TRAP FORMATION,0.9742957415695481,5,641,101,6576,HAT1;HDAC2;SLC25A4;VDAC1;VDAC2,1.0,False
KEGG,8,FATTY ACID DEGRADATION,0.975339022053438,1,641,36,6576,ADH5,1.0,False
KEGG,8,INFLUENZA A,0.9754404361899749,6,641,116,6576,CASP3;EIF2S1;FDPS;NXT1;SLC25A4;VDAC1,1.0,False
KEGG,8,ADHERENS JUNCTION,0.9773773101815985,4,641,88,6576,CDC42;PDCD10;RAP1B;SSX2IP,1.0,False
KEGG,8,MALARIA,0.9777560995555399,1,641,37,6576,C1D,1.0,False
KEGG,8,LYSINE DEGRADATION,0.9796796362034677,2,641,57,6576,EZH2;PHYKPL,1.0,False
KEGG,8,OVARIAN STEROIDOGENESIS,0.9799366073067096,1,641,38,6576,HSD17B7,1.0,False
KEGG,8,PANCREATIC CANCER,0.9815418097824737,3,641,75,6576,BRCA2;CDC42;RAD51,1.0,False
KEGG,8,HEPATITIS B,0.9820124811133567,7,641,135,6576,BIRC5;CASP3;CCNA2;CCNE1;CCNE2;CDK2;PCNA,1.0,False
KEGG,8,FOXO SIGNALING PATHWAY,0.9833941426995756,6,641,122,6576,CCNB1;CCNB2;CDK2;PLK1;PLK4;RAG2,1.0,False
KEGG,8,ABC TRANSPORTERS,0.9836781427606988,1,641,40,6576,ABCB7,1.0,False
KEGG,8,OTHER TYPES OF O-GLYCAN BIOSYNTHESIS,0.9836781427606988,1,641,40,6576,C1GALT1C1,1.0,False
KEGG,8,NECROPTOSIS,0.985205013471457,5,641,109,6576,AIFM1;PGAM5;SLC25A4;VDAC1;VDAC2,1.0,False
KEGG,8,FAT DIGESTION AND ABSORPTION,0.9852788634599631,1,641,41,6576,PNLIP,1.0,False
KEGG,8,CUSHING SYNDROME,0.9869015838288984,7,641,140,6576,CCNE1;CCNE2;CDK2;DAND5;GNAI3;RAP1B;WDR5B,1.0,False
KEGG,8,ACUTE MYELOID LEUKEMIA,0.9869665675531635,2,641,62,6576,CCNA2;NDUFA2,1.0,False
KEGG,8,RENIN SECRETION,0.9869665675531635,2,641,62,6576,GNAI3;MINDY4,1.0,False
KEGG,8,ARGININE AND PROLINE METABOLISM,0.9892002607148116,1,641,44,6576,SLC25A21,1.0,False
KEGG,8,TYPE II DIABETES MELLITUS,0.9892002607148116,1,641,44,6576,PDHX,1.0,False
KEGG,8,GLYCEROPHOSPHOLIPID METABOLISM,0.9892636018149262,4,641,98,6576,ADPRM;CHEK2;CRLS1;LCLAT1,1.0,False
KEGG,8,PANCREATIC SECRETION,0.9895206285390689,3,641,82,6576,CPB1;PNLIP;RAP1B,1.0,False
KEGG,8,GASTRIC ACID SECRETION,0.9900413377037469,2,641,65,6576,GNAI3;KCNJ1,1.0,False
KEGG,8,ARACHIDONIC ACID METABOLISM,0.9912160120956862,1,641,46,6576,PTGR2,1.0,False
KEGG,8,COCAINE ADDICTION,0.9912160120956862,1,641,46,6576,GNAI3,1.0,False
KEGG,8,VIRAL MYOCARDITIS,0.9920782687950224,1,641,47,6576,CASP3,1.0,False
KEGG,8,BACTERIAL INVASION OF EPITHELIAL CELLS,0.9936650415063939,2,641,70,6576,ARPC5L;CDC42,1.0,False
KEGG,8,INFLAMMATORY BOWEL DISEASE,0.9941901921374293,1,641,50,6576,IL23A,1.0,False
KEGG,8,HEDGEHOG SIGNALING PATHWAY,0.9947608459590518,1,641,51,6576,CUL1,1.0,False
KEGG,8,REGULATION OF LIPOLYSIS IN ADIPOCYTES,0.9947608459590518,1,641,51,6576,GNAI3,1.0,False
KEGG,8,RIG-I-LIKE RECEPTOR SIGNALING PATHWAY,0.9947608459590518,1,641,51,6576,ATG5,1.0,False
KEGG,8,MITOPHAGY - ANIMAL,0.995429247818731,3,641,92,6576,DAND5;EIF2S1;PGAM5,1.0,False
KEGG,8,LIPID AND ATHEROSCLEROSIS,0.9955263226320362,8,641,171,6576,CASP3;CDC42;EIF2S1;HSPA5;HSPD1;NDUFA2;NOX1;RAP1B,1.0,False
KEGG,8,INSULIN SECRETION,0.9959878845854703,2,641,75,6576,KCNMB3;PDHX,1.0,False
KEGG,8,SALMONELLA INFECTION,0.9960956957701891,11,641,216,6576,ARPC5L;CASP3;CDC42;DCTN5;DYNC2LI1;DYNLRB2;FBXO22;NDUFA2;PFN4;RAB9A;SKP1,1.0,False
KEGG,8,CORTISOL SYNTHESIS AND SECRETION,0.996158367176386,1,641,54,6576,DAND5,1.0,False
KEGG,8,ENDOMETRIAL CANCER,0.996158367176386,1,641,54,6576,MLH1,1.0,False
KEGG,8,ERBB SIGNALING PATHWAY,0.9963399422335459,2,641,76,6576,MMAB;NRG4,1.0,False
KEGG,8,AGE-RAGE SIGNALING PATHWAY IN DIABETIC COMPLICATIONS,0.9964515404632985,3,641,95,6576,CASP3;CDC42;NOX1,1.0,False
KEGG,8,SEROTONERGIC SYNAPSE,0.9964515404632985,3,641,95,6576,CASP3;DUSP12;GNAI3,1.0,False
KEGG,8,LONG-TERM DEPRESSION,0.996535933358529,1,641,55,6576,GNAI3,1.0,False
KEGG,8,NOTCH SIGNALING PATHWAY,0.996535933358529,1,641,55,6576,HDAC2,1.0,False
KEGG,8,VEGF SIGNALING PATHWAY,0.996535933358529,1,641,55,6576,CDC42,1.0,False
KEGG,8,AMOEBIASIS,0.9966616225423217,2,641,77,6576,CASP3;NDUFA2,1.0,False
KEGG,8,GAP JUNCTION,0.9966616225423217,2,641,77,6576,CDK1;GNAI3,1.0,False
KEGG,8,SPHINGOLIPID SIGNALING PATHWAY,0.9969140142315189,4,641,114,6576,GNAI3;ORMDL1;ORMDL2;PPP2R3C,1.0,False
KEGG,8,PROSTATE CANCER,0.9970056030000891,3,641,97,6576,CCNE1;CCNE2;CDK2,1.0,False
KEGG,8,HERPES SIMPLEX VIRUS 1 INFECTION,0.9970385121004954,5,641,131,6576,CASP3;EIF2B1;EIF2B3;EIF2S1;SRSF2,1.0,False
KEGG,8,PHAGOSOME,0.997150830640489,4,641,115,6576,ATP6V1G1;NDUFA2;SEC61G;STX18,1.0,False
KEGG,8,GNRH SECRETION,0.9974604671828674,1,641,58,6576,GNRH1,1.0,False
KEGG,8,CGMP-PKG SIGNALING PATHWAY,0.9974662690637421,6,641,149,6576,GNAI3;KCNMB3;PLN;SLC25A4;VDAC1;VDAC2,1.0,False
KEGG,8,GNRH SIGNALING PATHWAY,0.9974690165304351,2,641,80,6576,CDC42;GNRH1,1.0,False
KEGG,8,LONG-TERM POTENTIATION,0.9977102125857182,1,641,59,6576,RAP1B,1.0,False
KEGG,8,FLUID SHEAR STRESS AND ATHEROSCLEROSIS,0.9979339936135588,4,641,119,6576,DUSP12;NOX1;SUMO1;SUMO2,1.0,False
KEGG,8,LONGEVITY REGULATING PATHWAY,0.9980835974797811,2,641,83,6576,ATG5;EIF4E,1.0,False
KEGG,8,TUBERCULOSIS,0.9981268140601365,5,641,137,6576,CASP3;HSPD1;IL23A;NDUFA2;NFYB,1.0,False
KEGG,8,GABAERGIC SYNAPSE,0.9982537715547203,2,641,84,6576,GNAI3;HAP1,1.0,False
KEGG,8,AMPHETAMINE ADDICTION,0.9983216769950737,1,641,62,6576,HDAC2,1.0,False
KEGG,8,BILE SECRETION,0.9983216769950737,1,641,62,6576,MINDY4,1.0,False
KEGG,8,CENTRAL CARBON METABOLISM IN CANCER,0.9983216769950737,1,641,62,6576,LDHC,1.0,False
KEGG,8,"PARATHYROID HORMONE SYNTHESIS, SECRETION AND ACTION",0.9983567363173262,3,641,104,6576,DAND5;GNAI3;PTRH2,1.0,False
KEGG,8,FC GAMMA R-MEDIATED PHAGOCYTOSIS,0.9985506974597426,2,641,86,6576,ARPC5L;CDC42,1.0,False
KEGG,8,LEUKOCYTE TRANSENDOTHELIAL MIGRATION,0.9987326861945701,3,641,107,6576,CDC42;GNAI3;RAP1B,1.0,False
KEGG,8,HEMATOPOIETIC CELL LINEAGE,0.9987700415192422,1,641,65,6576,NDUFA2,1.0,False
KEGG,8,HEPATITIS C,0.9988314872262583,4,641,126,6576,CASP3;CDK2;EIF2S1;EIF3E,1.0,False
KEGG,8,NOD-LIKE RECEPTOR SIGNALING PATHWAY,0.9988314872262583,4,641,126,6576,ATG5;SUGT1;VDAC1;VDAC2,1.0,False
KEGG,8,THYROID HORMONE SYNTHESIS,0.9988911294298805,1,641,66,6576,HSPA5,1.0,False
KEGG,8,T CELL RECEPTOR SIGNALING PATHWAY,0.9989350898930933,3,641,109,6576,CDC42;MMAB;PPP2R3C,1.0,False
KEGG,8,TNF SIGNALING PATHWAY,0.9989350898930933,3,641,109,6576,CASP3;PGAM5;RNASEH2A,1.0,False
KEGG,8,ALCOHOLIC LIVER DISEASE,0.9990240585468266,3,641,110,6576,ADH5;CASP3;NDUFA2,1.0,False
KEGG,8,ALCOHOLISM,0.9990240585468266,3,641,110,6576,GNAI3;HAT1;HDAC2,1.0,False
KEGG,8,MTOR SIGNALING PATHWAY,0.999205769178043,5,641,148,6576,ATP6V1G1;EIF4E;RPS6;SEH1L;TBC1D7,1.0,False
KEGG,8,CHOLINE METABOLISM IN CANCER,0.9992480760429058,2,641,93,6576,DAND5;SLC22A2,1.0,False
KEGG,8,TOXOPLASMOSIS,0.9993156795755027,2,641,94,6576,CASP3;GNAI3,1.0,False
KEGG,8,C-TYPE LECTIN RECEPTOR SIGNALING PATHWAY,0.9993772739650125,2,641,95,6576,IL23A;MMAB,1.0,False
KEGG,8,CHRONIC MYELOID LEUKEMIA,0.9994047899905973,1,641,72,6576,HDAC2,1.0,False
KEGG,8,NATURAL KILLER CELL MEDIATED CYTOTOXICITY,0.9994047899905973,1,641,72,6576,CASP3,1.0,False
KEGG,8,GASTRIC CANCER,0.9994899936329124,4,641,136,6576,CCNE1;CCNE2;CDK2;MLH1,1.0,False
KEGG,8,ESTROGEN SIGNALING PATHWAY,0.9995169939623245,3,641,118,6576,DAND5;EBAG9;GNAI3,1.0,False
KEGG,8,TRANSCRIPTIONAL MISREGULATION IN CANCER,0.9995450739665682,5,641,155,6576,CCNA2;DAND5;HDAC2;NDUFA2;SUPT3H,1.0,False
KEGG,8,WNT SIGNALING PATHWAY,0.9995450739665682,5,641,155,6576,CACYBP;CUL1;RBX1;RUVBL1;SKP1,1.0,False
KEGG,8,IL-17 SIGNALING PATHWAY,0.9996070078695504,1,641,76,6576,CASP3,1.0,False
KEGG,8,SYNAPTIC VESICLE CYCLE,0.9996070078695504,1,641,76,6576,ATP6V1G1,1.0,False
KEGG,8,CHEMICAL CARCINOGENESIS - RECEPTOR ACTIVATION,0.9996703287126644,5,641,159,6576,BIRC5;CDC25A;CDC6;CHRNA3;GNAI3,1.0,False
KEGG,8,CHOLINERGIC SYNAPSE,0.9997082871143267,2,641,103,6576,CHRNA3;GNAI3,1.0,False
KEGG,8,TOLL-LIKE RECEPTOR SIGNALING PATHWAY,0.9997405936852812,1,641,80,6576,NDUFA2,1.0,False
KEGG,8,APELIN SIGNALING PATHWAY,0.9997408977709454,3,641,125,6576,GNAI3;RPS6;TFAM,1.0,False
KEGG,8,INSULIN SIGNALING PATHWAY,0.9997833876253738,3,641,127,6576,EIF4E;MMAB;RPS6,1.0,False
KEGG,8,"GROWTH HORMONE SYNTHESIS, SECRETION AND ACTION",0.9998008133673736,2,641,107,6576,GNAI3;RNASEH2A,1.0,False
KEGG,8,ECM-RECEPTOR INTERACTION,0.9998100666494372,1,641,83,6576,HMMR,1.0,False
KEGG,8,PROTEIN DIGESTION AND ABSORPTION,0.9998100666494372,1,641,83,6576,CPB1,1.0,False
KEGG,8,TIGHT JUNCTION,0.999830409139512,4,641,149,6576,ARPC5L;CDC42;PCNA;RDX,1.0,False
KEGG,8,MORPHINE ADDICTION,0.9998609548041769,1,641,86,6576,GNAI3,1.0,False
KEGG,8,OSTEOCLAST DIFFERENTIATION,0.9998641897401247,2,641,111,6576,NOX1;RNASEH2A,1.0,False
KEGG,8,NEUROTROPHIN SIGNALING PATHWAY,0.9998766168372825,2,641,112,6576,CDC42;RAP1B,1.0,False
KEGG,8,BREAST CANCER,0.9998946993515495,3,641,135,6576,BRCA1;BRCA2;DAND5,1.0,False
KEGG,8,AMPK SIGNALING PATHWAY,0.9998981895682719,2,641,114,6576,CCNA2;PPP2R3C,1.0,False
KEGG,8,CIRCADIAN ENTRAINMENT,0.9998982241460399,1,641,89,6576,GNAI3,1.0,False
KEGG,8,MELANOGENESIS,0.9998982241460399,1,641,89,6576,GNAI3,1.0,False
KEGG,8,NF-KAPPA B SIGNALING PATHWAY,0.9998982241460399,1,641,89,6576,NDUFA2,1.0,False
KEGG,8,REGULATION OF ACTIN CYTOSKELETON,0.9999062198892098,7,641,209,6576,ARPC5L;CDC42;CYRIB;ITGAE;PFN4;RDX;TMSB4Y,1.0,False
KEGG,8,CHAGAS DISEASE,0.9999082809245798,1,641,90,6576,GNAI3,1.0,False
KEGG,8,PLATELET ACTIVATION,0.9999160182761456,2,641,116,6576,GNAI3;RAP1B,1.0,False
KEGG,8,ADRENERGIC SIGNALING IN CARDIOMYOCYTES,0.9999198065727717,3,641,138,6576,GNAI3;PLN;PPP2R3C,1.0,False
KEGG,8,TH17 CELL DIFFERENTIATION,0.9999255152325562,1,641,92,6576,IL23A,1.0,False
KEGG,8,GLUCAGON SIGNALING PATHWAY,0.999932878702009,1,641,93,6576,LDHC,1.0,False
KEGG,8,YERSINIA INFECTION,0.9999371201332942,2,641,119,6576,ARPC5L;CDC42,1.0,False
KEGG,8,PHOSPHATIDYLINOSITOL SIGNALING SYSTEM,0.9999395152517563,1,641,94,6576,CHEK2,1.0,False
KEGG,8,DOPAMINERGIC SYNAPSE,0.9999529527501246,2,641,122,6576,GNAI3;PPP2R3C,1.0,False
KEGG,8,EFFEROCYTOSIS,0.9999536240260781,3,641,144,6576,C1D;CASP3;SLC25A21,1.0,False
KEGG,8,DILATED CARDIOMYOPATHY,0.9999640695040156,1,641,99,6576,PLN,1.0,False
KEGG,8,HUMAN PAPILLOMAVIRUS INFECTION,0.9999653656163673,11,641,287,6576,ATP6V1G1;CASP3;CCNA2;CCNE1;CCNE2;CDC42;CDK2;HDAC2;PPP2R3C;PSMC1;TBP,1.0,False
KEGG,8,CHEMOKINE SIGNALING PATHWAY,0.9999777819867611,3,641,152,6576,CDC42;GNAI3;RAP1B,1.0,False
KEGG,8,GLUTAMATERGIC SYNAPSE,0.9999859437227486,1,641,108,6576,GNAI3,1.0,False
KEGG,8,RAP1 SIGNALING PATHWAY,0.9999873100629868,5,641,198,6576,CDC42;EFNA2;GNAI3;PFN4;RAP1B,1.0,False
KEGG,8,INTEGRIN SIGNALING,0.9999939327876036,2,641,143,6576,CDC42;ITGAE,1.0,False
KEGG,8,PROTEOGLYCANS IN CANCER,0.9999939899113109,4,641,187,6576,CASP3;CDC42;RDX;RPS6,1.0,False
KEGG,8,RELAXIN SIGNALING PATHWAY,0.9999945086487563,1,641,117,6576,GNAI3,1.0,False
KEGG,8,VASCULAR SMOOTH MUSCLE CONTRACTION,0.9999945086487563,1,641,117,6576,KCNMB3,1.0,False
KEGG,8,PATHOGENIC ESCHERICHIA COLI INFECTION,0.9999958467061879,3,641,170,6576,ARPC5L;CASP3;CDC42,1.0,False
KEGG,8,LYSOSOME,0.9999959868786678,1,641,120,6576,CLN5,1.0,False
KEGG,8,AXON GUIDANCE,0.9999962191768624,3,641,171,6576,CDC42;EFNA2;GNAI3,1.0,False
KEGG,8,AUTOPHAGY - ANIMAL,0.9999966379758282,2,641,149,6576,ATG5;EIF2S1,1.0,False
KEGG,8,CORNIFIED ENVELOPE FORMATION,0.9999966379758282,2,641,149,6576,PADI6;PPP2R3C,1.0,False
KEGG,8,JAK-STAT SIGNALING PATHWAY,0.9999970676309273,1,641,123,6576,IL23A,1.0,False
KEGG,8,HORMONE SIGNALING,0.9999973342649584,4,641,196,6576,GNAI3;GNRH1;IAPP;PTRH2,1.0,False
KEGG,8,ENDOCYTOSIS,0.9999975660256742,5,641,217,6576,ARPC5L;CDC42;MMAB;VPS29;WASHC3,1.0,False
KEGG,8,PATHWAYS IN CANCER,0.9999983126817388,20,641,467,6576,BIRC5;BRCA2;CASP3;CCNA2;CCNE1;CCNE2;CDC42;CDK2;CKS2;CUL1;DAND5;ELOC;GNAI3;HDAC2;IL23A;MLH1;MSH2;RAD51;RBX1;SKP1,1.0,False
KEGG,8,SIGNALING PATHWAYS REGULATING PLURIPOTENCY OF STEM CELLS,0.999998435084587,1,641,129,6576,PCGF6,1.0,False
KEGG,8,NEUROACTIVE LIGAND SIGNALING,0.9999986617896888,3,641,182,6576,CHRNA3;GNAI3;TAC1,1.0,False
KEGG,8,HUMAN CYTOMEGALOVIRUS INFECTION,0.9999988931282713,3,641,184,6576,CASP3;DAND5;GNAI3,1.0,False
KEGG,8,OXYTOCIN SIGNALING PATHWAY,0.9999993906074608,1,641,138,6576,GNAI3,1.0,False
KEGG,8,PI3K-AKT SIGNALING PATHWAY,0.9999996353014086,9,641,313,6576,BRCA1;CCNE1;CCNE2;CDK2;EFNA2;EIF4E;PPP2R3C;RPS6;THEM4,1.0,False
KEGG,8,IGSF CAM SIGNALING,0.999999718690711,6,641,261,6576,ARPC5L;CDC42;METAP2;RAP1B;RDX;SSX2IP,1.0,False
KEGG,8,HEPATOCELLULAR CARCINOMA,0.9999997367873666,1,641,146,6576,ACTL6A,1.0,False
KEGG,8,HIPPO SIGNALING PATHWAY,0.9999997866540498,1,641,148,6576,BIRC5,1.0,False
KEGG,8,MAPK SIGNALING PATHWAY,0.9999998322943954,7,641,286,6576,CASP3;CDC42;DUSP12;EFNA2;NDUFA2;RAP1B;STMN1,1.0,False
KEGG,8,KAPOSI SARCOMA-ASSOCIATED HERPESVIRUS INFECTION,0.9999998738469945,1,641,153,6576,CASP3,1.0,False
KEGG,8,CAMP SIGNALING PATHWAY,0.9999998888585585,3,641,208,6576,GNAI3;PLN;RAP1B,1.0,False
KEGG,8,CALCIUM SIGNALING PATHWAY,0.99999992000177,4,641,234,6576,PLN;SLC25A4;VDAC1;VDAC2,1.0,False
KEGG,8,FOCAL ADHESION,0.999999930807083,2,641,188,6576,CDC42;RAP1B,1.0,False
KEGG,8,RAS SIGNALING PATHWAY,0.9999999487510313,3,641,216,6576,CDC42;EFNA2;RAP1B,1.0,False
KEGG,8,CYTOKINE-CYTOKINE RECEPTOR INTERACTION,0.9999999862136518,2,641,204,6576,GDF9;IL23A,1.0,False
KEGG,8,NEUROACTIVE LIGAND-RECEPTOR INTERACTION,0.9999999888071935,7,641,317,6576,CHRNA3;CORT;GNRH1;IAPP;NPS;PTRH2;TAC1,1.0,False
KEGG,8,CYTOSKELETON IN MUSCLE CELLS,0.9999999959160129,2,641,216,6576,CSRP2;LMNB1,1.0,False
KEGG,8,ADIPOCYTOKINE SIGNALING PATHWAY,1.0,0,641,69,6576,,1.0,False
KEGG,8,AFRICAN TRYPANOSOMIASIS,1.0,0,641,27,6576,,1.0,False
KEGG,8,ALDOSTERONE SYNTHESIS AND SECRETION,1.0,0,641,81,6576,,1.0,False
KEGG,8,ALLOGRAFT REJECTION,1.0,0,641,17,6576,,1.0,False
KEGG,8,ALPHA-LINOLENIC ACID METABOLISM,1.0,0,641,22,6576,,1.0,False
KEGG,8,ARGININE BIOSYNTHESIS,1.0,0,641,21,6576,,1.0,False
KEGG,8,ARRHYTHMOGENIC RIGHT VENTRICULAR CARDIOMYOPATHY,1.0,0,641,84,6576,,1.0,False
KEGG,8,ASCORBATE AND ALDARATE METABOLISM,1.0,0,641,14,6576,,1.0,False
KEGG,8,ASTHMA,1.0,0,641,17,6576,,1.0,False
KEGG,8,AUTOIMMUNE THYROID DISEASE,1.0,0,641,20,6576,,1.0,False
KEGG,8,B CELL RECEPTOR SIGNALING PATHWAY,1.0,0,641,66,6576,,1.0,False
KEGG,8,BASAL CELL CARCINOMA,1.0,0,641,61,6576,,1.0,False
KEGG,8,BLADDER CANCER,1.0,0,641,37,6576,,1.0,False
KEGG,8,CARBOHYDRATE DIGESTION AND ABSORPTION,1.0,0,641,39,6576,,1.0,False
KEGG,8,CELL ADHESION MOLECULE (CAM) INTERACTION,1.0,0,641,121,6576,,1.0,False
KEGG,8,CHEMICAL CARCINOGENESIS - DNA ADDUCTS,1.0,0,641,24,6576,,1.0,False
KEGG,8,COMPLEMENT AND COAGULATION CASCADES,1.0,0,641,59,6576,,1.0,False
KEGG,8,ETHER LIPID METABOLISM,1.0,0,641,47,6576,,1.0,False
KEGG,8,FC EPSILON RI SIGNALING PATHWAY,1.0,0,641,61,6576,,1.0,False
KEGG,8,FRUCTOSE AND MANNOSE METABOLISM,1.0,0,641,29,6576,,1.0,False
KEGG,8,GALACTOSE METABOLISM,1.0,0,641,26,6576,,1.0,False
KEGG,8,GLIOMA,1.0,0,641,68,6576,,1.0,False
KEGG,8,GLYCOSAMINOGLYCAN BIOSYNTHESIS - CHONDROITIN SULFATE / DERMATAN SULFATE,1.0,0,641,21,6576,,1.0,False
KEGG,8,GLYCOSAMINOGLYCAN BIOSYNTHESIS - KERATAN SULFATE,1.0,0,641,13,6576,,1.0,False
KEGG,8,GLYCOSAMINOGLYCAN DEGRADATION,1.0,0,641,17,6576,,1.0,False
KEGG,8,GLYCOSPHINGOLIPID BIOSYNTHESIS - GLOBO AND ISOGLOBO SERIES,1.0,0,641,14,6576,,1.0,False
KEGG,8,GLYCOSPHINGOLIPID BIOSYNTHESIS - LACTO AND NEOLACTO SERIES,1.0,0,641,23,6576,,1.0,False
KEGG,8,GRAFT-VERSUS-HOST DISEASE,1.0,0,641,14,6576,,1.0,False
KEGG,8,HIPPO SIGNALING PATHWAY - MULTIPLE SPECIES,1.0,0,641,27,6576,,1.0,False
KEGG,8,HISTIDINE METABOLISM,1.0,0,641,19,6576,,1.0,False
KEGG,8,HYPERTROPHIC CARDIOMYOPATHY,1.0,0,641,96,6576,,1.0,False
KEGG,8,INFLAMMATORY MEDIATOR REGULATION OF TRP CHANNELS,1.0,0,641,87,6576,,1.0,False
KEGG,8,INOSITOL PHOSPHATE METABOLISM,1.0,0,641,77,6576,,1.0,False
KEGG,8,INSULIN RESISTANCE,1.0,0,641,102,6576,,1.0,False
KEGG,8,INTESTINAL IMMUNE NETWORK FOR IGA PRODUCTION,1.0,0,641,29,6576,,1.0,False
KEGG,8,LEISHMANIASIS,1.0,0,641,58,6576,,1.0,False
KEGG,8,LINOLEIC ACID METABOLISM,1.0,0,641,22,6576,,1.0,False
KEGG,8,MANNOSE TYPE O-GLYCAN BIOSYNTHESIS,1.0,0,641,23,6576,,1.0,False
KEGG,8,MELANOMA,1.0,0,641,68,6576,,1.0,False
KEGG,8,MINERAL ABSORPTION,1.0,0,641,47,6576,,1.0,False
KEGG,8,NICOTINE ADDICTION,1.0,0,641,38,6576,,1.0,False
KEGG,8,NITROGEN METABOLISM,1.0,0,641,17,6576,,1.0,False
KEGG,8,NON-SMALL CELL LUNG CANCER,1.0,0,641,69,6576,,1.0,False
KEGG,8,OLFACTORY TRANSDUCTION,1.0,0,641,37,6576,,1.0,False
KEGG,8,OTHER GLYCAN DEGRADATION,1.0,0,641,16,6576,,1.0,False
KEGG,8,PD-L1 EXPRESSION AND PD-1 CHECKPOINT PATHWAY IN CANCER,1.0,0,641,81,6576,,1.0,False
KEGG,8,PHENYLALANINE METABOLISM,1.0,0,641,14,6576,,1.0,False
KEGG,8,"PHENYLALANINE, TYROSINE AND TRYPTOPHAN BIOSYNTHESIS",1.0,0,641,6,6576,,1.0,False
KEGG,8,PHOSPHOLIPASE D SIGNALING PATHWAY,1.0,0,641,137,6576,,1.0,False
KEGG,8,PHOSPHONATE AND PHOSPHINATE METABOLISM,1.0,0,641,6,6576,,1.0,False
KEGG,8,PHOTOTRANSDUCTION,1.0,0,641,22,6576,,1.0,False
KEGG,8,PPAR SIGNALING PATHWAY,1.0,0,641,65,6576,,1.0,False
KEGG,8,PRIMARY BILE ACID BIOSYNTHESIS,1.0,0,641,16,6576,,1.0,False
KEGG,8,PROLACTIN SIGNALING PATHWAY,1.0,0,641,63,6576,,1.0,False
KEGG,8,RENIN-ANGIOTENSIN SYSTEM,1.0,0,641,20,6576,,1.0,False
KEGG,8,SALIVARY SECRETION,1.0,0,641,63,6576,,1.0,False
KEGG,8,SPHINGOLIPID METABOLISM,1.0,0,641,49,6576,,1.0,False
KEGG,8,STAPHYLOCOCCUS AUREUS INFECTION,1.0,0,641,51,6576,,1.0,False
KEGG,8,STARCH AND SUCROSE METABOLISM,1.0,0,641,26,6576,,1.0,False
KEGG,8,TASTE TRANSDUCTION,1.0,0,641,63,6576,,1.0,False
KEGG,8,TH1 AND TH2 CELL DIFFERENTIATION,1.0,0,641,79,6576,,1.0,False
KEGG,8,THYROID CANCER,1.0,0,641,36,6576,,1.0,False
KEGG,8,TRYPTOPHAN METABOLISM,1.0,0,641,39,6576,,1.0,False
KEGG,8,VIRAL PROTEIN INTERACTION WITH CYTOKINE AND CYTOKINE RECEPTOR,1.0,0,641,60,6576,,1.0,False
KEGG,8,"VIRION - EBOLAVIRUS, LYSSAVIRUS AND MORBILLIVIRUS",1.0,0,641,8,6576,,1.0,False
KEGG,8,VIRION - HEPATITIS VIRUSES,1.0,0,641,40,6576,,1.0,False
KEGG,8,VIRION - HERPESVIRUS,1.0,0,641,6,6576,,1.0,False
KEGG,8,VIRION - LASSA VIRUS AND SFTS VIRUS,1.0,0,641,13,6576,,1.0,False
KEGG,9,FAT DIGESTION AND ABSORPTION,1.616718204382745e-13,24,722,41,6576,ABCG5;ABCG8;APOA1;APOA4;APOB;DGAT2;FABP1;LIPF;MOGAT2;MTTP;NPC1L1;PLA2G10;PLA2G12B;PLA2G1B;PLA2G2F;PLA2G3;PLPP1;PLPP2;PLPP3;PNLIPRP1;PNLIPRP2;SCARB1;SOAT1;SOAT2,5.6261793512519527e-11,True
KEGG,9,PPAR SIGNALING PATHWAY,1.1282786353902743e-09,26,722,65,6576,ACADL;ACOX2;ACSL1;ACSL5;APOA1;APOA2;APOA5;CPT1A;CPT2;CYP8B1;EHHADH;FABP1;FABP5;FABP6;HMGCS2;ILK;NR1H3;PCK1;PCK2;PLIN1;PLIN2;PLIN5;PPARA;SLC27A2;UBC;UCP1,1.9632048255790773e-07,True
KEGG,9,BILE SECRETION,1.937937489007354e-09,25,722,62,6576,ABCC2;ABCC4;ABCG5;ABCG8;AQP4;AQP8;ATP1B3;BAAT;CA2;CFTR;EPHX1;FXYD2;LDLR;NR0B2;NR1H4;SCARB1;SCTR;SLC22A8;SLC2A1;SLC4A4;SLC51B;SLC5A1;UGT1A1;UGT2A1;UGT2A2,2.248007487248531e-07,True
KEGG,9,FATTY ACID DEGRADATION,4.670330732602814e-08,17,722,36,6576,ACAA2;ACADL;ACADVL;ACSL1;ACSL5;ADH6;ADH7;ALDH1B1;ALDH2;ALDH3A2;ALDH7A1;CPT1A;CPT2;EHHADH;HADHB;SOAT1;SOAT2,3.861358173222221e-06,True
KEGG,9,GLYCOLYSIS / GLUCONEOGENESIS,5.58815623986585e-08,21,722,53,6576,ACSS2;ADH6;ADH7;ALDH1B1;ALDH2;ALDH3A1;ALDH3A2;ALDH7A1;ALDOB;ALDOC;FBP1;G6PC2;GALM;HKDC1;LDHA;LDHB;PCK1;PCK2;PFKP;PGM1;PKLR,3.861358173222221e-06,True
KEGG,9,HISTIDINE METABOLISM,6.830347540588559e-08,12,722,19,6576,ALDH1B1;ALDH2;ALDH3A1;ALDH3A2;ALDH7A1;AMDHD1;CNDP2;FTCD;HAL;HNMT;MAOA;MAOB,3.861358173222221e-06,True
KEGG,9,PYRUVATE METABOLISM,7.767099773722858e-08,17,722,37,6576,ACOT12;ACSS2;ADH6;ADH7;ALDH1B1;ALDH2;ALDH3A2;ALDH7A1;GRHPR;LDHA;LDHB;LDLR;PCK1;PCK2;PKLR;SOAT1;SOAT2,3.861358173222221e-06,True
KEGG,9,CHOLESTEROL METABOLISM,1.0970899469558521e-07,19,722,46,6576,ABCG5;ABCG8;APOA1;APOA2;APOA4;APOB;APOC1;APOC2;APOE;APOH;CIDEB;LDLR;LRP2;NPC1;NPC2;PCSK9;SCARB1;SOAT1;SOAT2,4.772341269257957e-06,True
KEGG,9,STEROID HORMONE BIOSYNTHESIS,1.9577907576511232e-07,15,722,31,6576,AKR1D1;CYP17A1;CYP2E1;CYP7B1;DHRS11;HSD11B1;HSD17B11;HSD17B12;HSD17B2;HSD17B6;SRD5A2;SULT1E1;UGT1A1;UGT2A1;UGT2A2,7.171386675104683e-06,True
KEGG,9,"GLYCINE, SERINE AND THREONINE METABOLISM",2.0607432974438743e-07,16,722,35,6576,AGXT;AGXT2;ALAS1;ALDH7A1;AMT;CHDH;DAO;DMGDH;GATM;GLDC;GNMT;GRHPR;MAOA;MAOB;PIPOX;VSIG2,7.171386675104683e-06,True
KEGG,9,VIRION - HEPATITIS VIRUSES,3.148494108560041e-07,17,722,40,6576,CD63;CD9;CLDN10;CLDN12;CLDN15;CLDN16;CLDN17;CLDN2;CLDN3;CLDN6;CLDN7;CLDN8;DPP4;EPCAM;LDLR;OCLN;SCARB1,9.960690452535401e-06,True
KEGG,9,COMPLEMENT AND COAGULATION CASCADES,4.795341185738287e-07,21,722,59,6576,C3;C8A;C8B;CFB;CFI;CPB2;F13B;F5;F7;FGB;FGG;KLKB1;MBL2;PLG;PROS1;SERPINA5;SERPINC1;SERPIND1;SERPINF2;SERPING1;VTN,1.3906489438641033e-05,True
KEGG,9,DRUG METABOLISM - CYTOCHROME P450,2.3579874185646097e-06,13,722,28,6576,ADH6;ADH7;ALDH3A1;CYP2E1;FMO3;GSTK1;MAOA;MAOB;MGST1;MGST2;UGT1A1;UGT2A1;UGT2A2,6.312150935849877e-05,True
KEGG,9,ASCORBATE AND ALDARATE METABOLISM,2.6573970891984747e-06,9,722,14,6576,ALDH1B1;ALDH2;ALDH3A2;ALDH7A1;RGN;UGDH;UGT1A1;UGT2A1;UGT2A2,6.605529907436208e-05,True
KEGG,9,CORNIFIED ENVELOPE FORMATION,3.042143032895999e-06,36,722,149,6576,ABCA12;BLMH;CASP14;CLDN10;CLDN12;CLDN15;CLDN16;CLDN17;CLDN2;CLDN3;CLDN6;CLDN7;CLDN8;DSG3;DSG4;EPHX2;EVPL;HAL;KRT1;KRT15;KRT18;KRT19;KRT2;KRT20;KRT23;KRT39;KRT4;KRT8;OCLN;PADI2;PADI3;PRSS8;S100A1;S100A6;SDR9C7;ST14,7.057771836318717e-05,True
KEGG,9,RETINOL METABOLISM,3.627855022424577e-06,14,722,33,6576,ADH6;ADH7;ALDH1A2;CYP2C18;CYP2S1;DHRS3;HSD17B6;LRAT;RDH10;RETSAT;SDR16C5;UGT1A1;UGT2A1;UGT2A2,7.877639434393945e-05,True
KEGG,9,GLYOXYLATE AND DICARBOXYLATE METABOLISM,3.848272137491295e-06,13,722,29,6576,ACSS2;AGXT;AGXT2;AMT;GLDC;GLUL;GRHPR;HAO1;HAO2;HOGA1;PCCB;SOAT1;SOAT2,7.877639434393945e-05,True
KEGG,9,MINERAL ABSORPTION,4.622548518154571e-06,17,722,47,6576,ATP1B3;FXYD2;HEPHL1;HMOX1;S100G;SLC26A3;SLC26A9;SLC34A1;SLC34A2;SLC40A1;SLC46A1;SLC5A1;SLC6A19;STEAP2;TF;TRPM6;TRPV6,8.936927135098837e-05,True
KEGG,9,METABOLISM OF XENOBIOTICS BY CYTOCHROME P450,6.115212392872988e-06,13,722,30,6576,ADH6;ADH7;ALDH3A1;CYP2E1;CYP2S1;EPHX1;GSTK1;HSD11B1;MGST1;MGST2;UGT1A1;UGT2A1;UGT2A2,0.00010956404241896886,True
KEGG,9,VITAMIN DIGESTION AND ABSORPTION,6.2967840470671755e-06,12,722,26,6576,AMN;APOA1;APOA4;APOB;CBLIF;CUBN;FOLH1;LRAT;SCARB1;SLC19A3;SLC23A1;SLC46A1,0.00010956404241896886,True
KEGG,9,STEROID BIOSYNTHESIS,8.766689812817958e-06,10,722,19,6576,CYP24A1;CYP51A1;DHCR24;DHCR7;MSMO1;SH3D19;SOAT1;SOAT2;SQLE;TM7SF2,0.0001452765740409833,True
KEGG,9,CHEMICAL CARCINOGENESIS - DNA ADDUCTS,1.6834484422456462e-05,11,722,24,6576,CYP2C18;CYP2E1;EPHX1;GSTK1;HSD11B1;MGST1;MGST2;SLC38A3;UGT1A1;UGT2A1;UGT2A2,0.00026629093540976584,True
KEGG,9,TYROSINE METABOLISM,3.717655105640089e-05,12,722,30,6576,ADH6;ADH7;ALDH3A1;DDC;FAH;GOLT1A;HGD;HPD;MAOA;MAOB;PEMT;TYRP1,0.0005503064349158171,True
KEGG,9,ARGININE AND PROLINE METABOLISM,3.795216792522876e-05,15,722,44,6576,AGMAT;ALDH1B1;ALDH2;ALDH3A2;ALDH7A1;ARG2;CKMT2;CNDP2;DAO;GATM;GOLT1A;HOGA1;MAOA;MAOB;PYCR1,0.0005503064349158171,True
KEGG,9,BETA-ALANINE METABOLISM,0.00013915909532663946,11,722,29,6576,ABAT;ALDH1B1;ALDH2;ALDH3A1;ALDH3A2;ALDH6A1;ALDH7A1;CNDP2;DPYS;EHHADH;UPB1,0.0019370946069468215,True
KEGG,9,PANCREATIC SECRETION,0.00014528122267426388,21,722,82,6576,ATP1B3;CA2;CCKAR;CFTR;CLCA1;CLCA2;CPA2;CPA4;CPB2;FXYD2;PLA2G10;PLA2G12B;PLA2G1B;PLA2G2F;PLA2G3;PNLIPRP1;PNLIPRP2;RNASE1;SCTR;SLC26A3;SLC4A4,0.0019445332881016855,True
KEGG,9,ONE CARBON POOL BY FOLATE,0.00019820162095677754,11,722,30,6576,ALDH1L1;ALDH7A1;AMT;BHMT2;CHDH;DMGDH;FTCD;GLDC;GNMT;MAT1A;VSIG2,0.002554598670109577,True
KEGG,9,"VALINE, LEUCINE AND ISOLEUCINE DEGRADATION",0.0002099302449749156,14,722,45,6576,ABAT;ACAA2;AGXT2;ALDH1B1;ALDH2;ALDH3A2;ALDH6A1;ALDH7A1;EHHADH;HADHB;HMGCS2;PCCB;SOAT1;SOAT2,0.0026091330446882366,True
KEGG,9,MATURITY ONSET DIABETES OF THE YOUNG,0.0002922595966731369,9,722,22,6576,FOXA2;FOXA3;HNF1A;HNF1B;HNF4G;NR5A2;PKLR;RFX6;SLC2A2,0.003420456429347538,True
KEGG,9,PEROXISOME,0.00029486693356444295,20,722,80,6576,ACOX2;ACSL1;ACSL5;AGXT;BAAT;DAO;DDO;ECH1;EHHADH;EPHX2;GSTK1;HAO1;HAO2;IDH1;PEX19;PHYH;PIPOX;PRDX1;SLC27A2;XDH,0.003420456429347538,True
KEGG,9,PHENYLALANINE METABOLISM,0.000320298825997963,7,722,14,6576,ALDH3A1;DDC;GOLT1A;HPD;MAOA;MAOB;PAH,0.0035956126273319717,True
KEGG,9,PENTOSE AND GLUCURONATE INTERCONVERSIONS,0.0005440173201962504,7,722,15,6576,CRYL1;DCXR;SORD;UGDH;UGT1A1;UGT2A1;UGT2A2,0.005916188357134223,True
KEGG,9,THYROID HORMONE SYNTHESIS,0.0005691848311582936,17,722,66,6576,ASGR1;ASGR2;ATP1B3;CREB3L3;DUOX2;DUOXA2;FXYD2;GPX1;GPX2;IYD;LRP2;PAX8;PDIA4;SERPINA7;SLC26A4;TG;TTR,0.006002312764942006,True
KEGG,9,GLYCEROLIPID METABOLISM,0.0006192368833542335,15,722,55,6576,ALDH1B1;ALDH2;ALDH3A2;ALDH7A1;DGAT2;GPAT3;LIPF;MGLL;MOGAT1;MOGAT2;PLPP1;PLPP2;PLPP3;PNLIPRP1;PNLIPRP2,0.006338071629625684,True
KEGG,9,TRYPTOPHAN METABOLISM,0.000661358867460958,12,722,39,6576,ALDH1B1;ALDH2;ALDH3A2;ALDH7A1;ALDH8A1;DDC;DHTKD1;EHHADH;MAOA;MAOB;SOAT1;SOAT2,0.006575796739326097,True
KEGG,9,PROXIMAL TUBULE BICARBONATE RECLAMATION,0.001119504505287124,8,722,21,6576,ATP1B3;CA2;FXYD2;GLS2;PCK1;PCK2;SLC38A3;SLC4A4,0.0108218768844422,True
KEGG,9,GALACTOSE METABOLISM,0.0012251197369696897,9,722,26,6576,G6PC2;GALE;GALM;HKDC1;LALBA;MGAM;MGAM2;PFKP;PGM1,0.011522747796363569,True
KEGG,9,LINOLEIC ACID METABOLISM,0.0015922158816379733,8,722,22,6576,ALOX15;CYP2E1;PLA2G10;PLA2G12B;PLA2G1B;PLA2G2F;PLA2G3;PLAAT3,0.014581345442368807,True
KEGG,9,BUTANOATE METABOLISM,0.002209995940976365,8,722,23,6576,ABAT;ACSM1;ACSM3;ACSM5;EHHADH;HMGCS2;SOAT1;SOAT2,0.019719963781019874,True
KEGG,9,"ALANINE, ASPARTATE AND GLUTAMATE METABOLISM",0.0026862041081887377,10,722,34,6576,ABAT;AGXT;AGXT2;ASL;ASS1;DDO;FOLH1;GLS2;GLUL;GOLT1A,0.023220735475384127,True
KEGG,9,STAPHYLOCOCCUS AUREUS INFECTION,0.0027357763060079,13,722,51,6576,C3;CFB;CFI;FGG;KRT15;KRT18;KRT19;KRT20;KRT23;KRT39;MBL2;PLG;SELENOP,0.023220735475384127,True
KEGG,9,PATHOGENIC ESCHERICHIA COLI INFECTION,0.0029007175378801993,31,722,170,6576,BAIAP2L1;CASP7;CLDN10;CLDN12;CLDN15;CLDN16;CLDN17;CLDN2;CLDN3;CLDN6;CLDN7;CLDN8;CTTN;EZR;FOS;IL18;JUN;MYH14;MYO1A;MYO1B;MYO5C;MYO6;OCLN;RNASE1;SEC24D;SRC;TMBIM6;TNFRSF1A;TUBAL3;TUBB;TUBB4B,0.023537861908268332,True
KEGG,9,TIGHT JUNCTION,0.0029084139714239607,28,722,149,6576,ACTN1;ACTN4;CFTR;CLDN10;CLDN12;CLDN15;CLDN16;CLDN17;CLDN2;CLDN3;CLDN6;CLDN7;CLDN8;CRB3;CTTN;EPB41L4B;EZR;F11R;GATA4;JUN;MARVELD2;MYH14;OCLN;PATJ;RNASE1;SRC;TJP3;TUBAL3,0.023537861908268332,True
KEGG,9,PROTEIN DIGESTION AND ABSORPTION,0.00331323625491456,18,722,83,6576,ACE2;ATP1B3;COL18A1;COL6A6;CPA2;CPA4;CPB2;DPP4;FXYD2;KCNK5;MEP1B;SLC15A1;SLC1A5;SLC3A1;SLC6A19;SLC7A8;SLC7A9;XPNPEP2,0.026204686743415154,True
KEGG,9,DRUG METABOLISM - OTHER ENZYMES,0.0038801612707841837,12,722,47,6576,CYP2E1;DPYS;MGST1;MGST2;NME4;SLC38A3;TPMT;UGT1A1;UGT2A1;UGT2A2;UPB1;XDH,0.02968116838877729,True
KEGG,9,FOLATE TRANSPORT AND METABOLISM,0.004008663546760151,7,722,20,6576,ABCC2;ABCC4;BHMT2;FOLH1;SLC22A6;SLC22A8;SLC46A1,0.02968116838877729,True
KEGG,9,PANTOTHENATE AND COA BIOSYNTHESIS,0.004008663546760151,7,722,20,6576,ALDH1B1;ALDH2;ALDH3A2;DPYS;ENPP1;UPB1;VNN1,0.02968116838877729,True
KEGG,9,FERROPTOSIS,0.004253026549172195,10,722,36,6576,ACSL1;ACSL5;ALOX15;CP;HMOX1;LPCAT3;SLC39A14;SLC40A1;TF;TFRC,0.03083444248149841,True
KEGG,9,PROPANOATE METABOLISM,0.004782856384843038,9,722,31,6576,ABAT;ACSS2;ALDH6A1;ECHDC1;EHHADH;LDHA;LDHB;PCCB;SUCLG2,0.03396804126378321,True
KEGG,9,PRIMARY BILE ACID BIOSYNTHESIS,0.005215659758000791,6,722,16,6576,ACOX2;AKR1D1;BAAT;CYP7B1;CYP8B1;HSD3B7,0.036300991915685504,True
KEGG,9,ARGININE BIOSYNTHESIS,0.005453243067496665,7,722,21,6576,ARG2;ASL;ASS1;GLS2;GLUL;GOLT1A;OTC,0.037210364460565484,True
KEGG,9,PENTOSE PHOSPHATE PATHWAY,0.0067303701572965545,8,722,27,6576,ALDOB;ALDOC;FBP1;H6PD;PFKP;PGM1;RGN;TKT,0.04504170797575386,True
KEGG,9,CARBOHYDRATE DIGESTION AND ABSORPTION,0.007859899327477615,10,722,39,6576,ATP1B3;FXYD2;G6PC2;GNAT3;HKDC1;MGAM;MGAM2;SLC2A2;SLC2A5;SLC5A1,0.05160839558419263,False
KEGG,9,PORPHYRIN METABOLISM,0.008536860046089906,8,722,28,6576,ALAS1;CP;HEPHL1;HMOX1;UGT1A1;UGT2A1;UGT2A2;UROD,0.05501532029702384,False
KEGG,9,ARACHIDONIC ACID METABOLISM,0.00943493383513949,11,722,46,6576,ALOX15;CYP2E1;EPHX2;HPGD;PLA2G10;PLA2G12B;PLA2G1B;PLA2G2F;PLA2G3;PLAAT3;PTGR1,0.05889299487609413,False
KEGG,9,ABC TRANSPORTERS,0.009477033658222044,10,722,40,6576,ABCA12;ABCA13;ABCA4;ABCC2;ABCC4;ABCC6;ABCG5;ABCG8;CFTR;SEC14L2,0.05889299487609413,False
KEGG,9,FRUCTOSE AND MANNOSE METABOLISM,0.010682871451347586,8,722,29,6576,ALDOB;ALDOC;FBP1;GMDS;HKDC1;PFKP;SLPI;SORD,0.0652217414924379,False
KEGG,9,D-AMINO ACID METABOLISM,0.011117104097257675,3,722,5,6576,DAO;DDO;GLS2,0.06670262458354606,False
KEGG,9,INSULIN RESISTANCE,0.014115373201118822,19,722,102,6576,AGXT;CPT1A;CREB3L3;G6PC2;INSR;MLXIPL;NR1H3;PCK1;PCK2;PPARA;PPP1R3B;PTPRF;PYGL;RPS6KA1;SLC27A2;SLC2A1;SLC2A2;SREBF1;TNFRSF1A,0.08325677752524323,False
KEGG,9,RENIN-ANGIOTENSIN SYSTEM,0.017235846979649222,6,722,20,6576,ACE2;AGXT;CPA4;CTSA;ENPEP;KCTD11,0.09996791248196549,False
KEGG,9,STARCH AND SUCROSE METABOLISM,0.01898698997776555,7,722,26,6576,ENPP1;G6PC2;HKDC1;MGAM;MGAM2;PGM1;PYGL,0.10831922151249854,False
KEGG,9,CELL ADHESION MOLECULE (CAM) INTERACTION,0.0218806553471328,21,722,121,6576,CLDN10;CLDN12;CLDN15;CLDN16;CLDN17;CLDN2;CLDN3;CLDN6;CLDN7;CLDN8;F11R;ITGB8;NECTIN2;OCLN;PTPRF;SDC1;SDC2;SDC4;SELENOP;VCAM1;VTCN1,0.12281400098068088,False
KEGG,9,ALPHA-LINOLENIC ACID METABOLISM,0.027459075840865096,6,722,22,6576,PLA2G10;PLA2G12B;PLA2G1B;PLA2G2F;PLA2G3;PLAAT3,0.15167870464477862,False
KEGG,9,FOLATE BIOSYNTHESIS,0.031667610999622745,5,722,17,6576,GCH1;GGH;MOCOS;PAH;PCBD1,0.16954351735182638,False
KEGG,9,NITROGEN METABOLISM,0.031667610999622745,5,722,17,6576,CA1;CA2;CA3;CA5A;GLUL,0.16954351735182638,False
KEGG,9,GLYCEROPHOSPHOLIPID METABOLISM,0.03683748320339465,17,722,98,6576,CHKA;ETNK2;ETNPPL;GPAT3;GPD1;LPCAT3;PEMT;PLA1A;PLA2G10;PLA2G12B;PLA2G1B;PLA2G2F;PLA2G3;PLAAT3;PLPP1;PLPP2;PLPP3,0.19423400234517182,False
KEGG,9,LEUKOCYTE TRANSENDOTHELIAL MIGRATION,0.042311121058400764,18,722,107,6576,ACTN1;ACTN4;CLDN10;CLDN12;CLDN15;CLDN16;CLDN17;CLDN2;CLDN3;CLDN6;CLDN7;CLDN8;CTNNA1;EZR;F11R;OCLN;RNASE1;VCAM1,0.21976522579587263,False
KEGG,9,"VIRION - EBOLAVIRUS, LYSSAVIRUS AND MORBILLIVIRUS",0.04838757713406075,3,722,8,6576,ASGR1;NECTIN4;NPC1,0.24763054180372265,False
KEGG,9,TAURINE AND HYPOTAURINE METABOLISM,0.058878653585995415,4,722,14,6576,BAAT;CDO1;FMO3;GGT6,0.2949610869571631,False
KEGG,9,CYSTEINE AND METHIONINE METABOLISM,0.05933125312356729,9,722,46,6576,AGXT2;BHMT2;CDO1;GNMT;GOLT1A;LDHA;LDHB;MAT1A;VSIG2,0.2949610869571631,False
KEGG,9,ETHER LIPID METABOLISM,0.06657422688926234,9,722,47,6576,PLA2G10;PLA2G12B;PLA2G1B;PLA2G2F;PLA2G3;PLAAT3;PLPP1;PLPP2;PLPP3,0.3263074782741309,False
KEGG,9,CENTRAL CARBON METABOLISM IN CANCER,0.0724010775357457,11,722,62,6576,FGFR2;FGFR3;GLS2;HKDC1;IDH1;LDHA;LDHB;PFKP;SLC1A5;SLC2A1;SLC2A2,0.3499385414227709,False
KEGG,9,CITRATE CYCLE (TCA CYCLE),0.07913364468123142,6,722,28,6576,ACLY;IDH1;LDLR;PCK1;PCK2;SUCLG2,0.37723984039819913,False
KEGG,9,GLUCAGON SIGNALING PATHWAY,0.0810085147183396,15,722,93,6576,CPT1A;CREB3L3;FBP1;G6PC2;GCG;GCGR;LDHA;LDHB;PCK1;PCK2;PFKP;PPARA;PYGL;SLC2A1;SLC2A2,0.3809589611078673,False
KEGG,9,LYSINE DEGRADATION,0.08945250561383698,10,722,57,6576,ALDH1B1;ALDH2;ALDH3A2;ALDH7A1;BBOX1;DHTKD1;EHHADH;PIPOX;SOAT1;SOAT2,0.4150596260482036,False
KEGG,9,HIF-1 SIGNALING PATHWAY,0.12201059398456772,15,722,99,6576,ALDOB;ALDOC;ANGPT4;EGLN3;EPAS1;HKDC1;HMOX1;INSR;LDHA;LDHB;PFKP;SLC2A1;TF;TFRC;VEGFA,0.5586800882451258,False
KEGG,9,"PHENYLALANINE, TYROSINE AND TRYPTOPHAN BIOSYNTHESIS",0.13397177668726423,2,722,6,6576,GOLT1A;PAH,0.605482834898285,False
KEGG,9,LIPOIC ACID METABOLISM,0.14794458971418564,4,722,19,6576,ACSM1;AMT;DHTKD1;GLDC,0.6597007583068161,False
KEGG,9,CHEMICAL CARCINOGENESIS - RECEPTOR ACTIVATION,0.1497596549029841,22,722,159,6576,AREG;CHRNA4;CREB3L3;EPHX1;EPHX2;FOS;JUN;KLF5;KPNA7;MGST1;MGST2;NR1I3;PAQR5;PAQR8;PGR;PPARA;RPS6KA1;SRC;UGT1A1;UGT2A1;UGT2A2;VEGFA,0.6597007583068161,False
KEGG,9,VARIOUS TYPES OF N-GLYCAN BIOSYNTHESIS,0.15693808588444427,7,722,41,6576,B4GALNT3;DDOST;MGAT4B;MOGAT1;MOGAT2;RPN1;STT3A,0.680358058800995,False
KEGG,9,LYSOSOME,0.16277516293399238,17,722,120,6576,ACP2;AP1M2;AP1S1;CD63;CTSA;CTSB;CTSE;CTSF;CTSH;FUCA1;FUCA2;GM2A;LITAF;NAGLU;NPC1;NPC2;PSAPL1,0.680358058800995,False
KEGG,9,ALDOSTERONE-REGULATED SODIUM REABSORPTION,0.1630526904288655,6,722,34,6576,ATP1B3;FXYD2;FXYD4;INSR;SCNN1B;SGK1,0.680358058800995,False
KEGG,9,SPHINGOLIPID METABOLISM,0.16354616123763377,8,722,49,6576,CERS2;ENPP7;GM2A;PLPP1;PLPP2;PLPP3;PSAPL1;SGPP2,0.680358058800995,False
KEGG,9,VIRION - LASSA VIRUS AND SFTS VIRUS,0.16422435902092983,3,722,13,6576,MYH14;PCDH20;TFRC,0.680358058800995,False
KEGG,9,TERPENOID BACKBONE BIOSYNTHESIS,0.16984816992389037,4,722,20,6576,HMGCS2;IDI1;SOAT1;SOAT2,0.6953783898060453,False
KEGG,9,AMINO SUGAR AND NUCLEOTIDE SUGAR METABOLISM,0.1797744727769655,6,722,35,6576,GALE;GNE;HKDC1;PGM1;SLPI;UGDH,0.7274594944928372,False
KEGG,9,MUCIN TYPE O-GLYCAN BIOSYNTHESIS,0.1872299230658219,5,722,28,6576,B3GNT6;GALNT12;GCNT3;GCNT4;ST6GALNAC1,0.7489196922632876,False
KEGG,9,PYRIMIDINE METABOLISM,0.19147684172839016,8,722,51,6576,DPYS;ENPP1;ENTPD3;ENTPD5;ENTPD8;NME4;NT5E;UPB1,0.7572038741077246,False
KEGG,9,GLUTATHIONE METABOLISM,0.20291321128784898,7,722,44,6576,GGT6;GPX1;GPX2;GSTK1;IDH1;MGST1;MGST2,0.784597750313016,False
KEGG,9,SYSTEMIC LUPUS ERYTHEMATOSUS,0.20291321128784898,7,722,44,6576,ACTN1;ACTN4;C3;C8A;C8B;H2AC1;H2AJ,0.784597750313016,False
KEGG,9,MALARIA,0.21511431150723365,6,722,37,6576,CSF3;IL18;SDC1;SDC2;SELENOP;VCAM1,0.8186263230730826,False
KEGG,9,RIBOFLAVIN METABOLISM,0.21641845322621725,2,722,8,6576,ACP2;ENPP1,0.8186263230730826,False
KEGG,9,INTEGRIN SIGNALING,0.22010898369992174,19,722,143,6576,ACTN1;ACTN4;C3;COL6A6;FERMT1;FGB;FGG;FLNB;FN1;ILK;ITGA3;ITGB5;ITGB8;NPNT;RNASE1;SRC;VCAM1;VEGFA;VTN,0.8236336164255137,False
KEGG,9,ALCOHOLIC LIVER DISEASE,0.22279912421461753,15,722,110,6576,ACADVL;ADH6;ADH7;ALDH1B1;ALDH2;ALDH3A2;ALDH7A1;C3;CPT1A;CYP2E1;FABP1;LBP;PPARA;SREBF1;TNFRSF1A,0.8248308002839032,False
KEGG,9,FLUID SHEAR STRESS AND ATHEROSCLEROSIS,0.2300884882422769,16,722,119,6576,ASS1;FOS;HMOX1;IL1A;JUN;MGST1;MGST2;RNASE1;SDC1;SDC2;SDC4;SRC;TNFRSF1A;TXN2;VCAM1;VEGFA,0.8428504621927616,False
KEGG,9,OVARIAN STEROIDOGENESIS,0.23361350350915158,6,722,38,6576,BMP15;CYP17A1;HSD17B2;INSR;LDLR;SCARB1,0.8460559583539287,False
KEGG,9,CYTOKINE-CYTOKINE RECEPTOR INTERACTION,0.2358259424147445,26,722,204,6576,AMHR2;BMP15;CCL20;CSF3;CX3CL1;CXCL17;CXCL6;EDA;EDAR;GDF3;IFNE;IL18;IL1A;IL1F10;IL1RL2;IL20RA;IL20RB;IL22RA1;INHBC;INHBE;THPO;TNFRSF11A;TNFRSF19;TNFRSF1A;TNFRSF21;TNFSF13,0.8460559583539287,False
KEGG,9,"PARATHYROID HORMONE SYNTHESIS, SECRETION AND ACTION",0.248003613761693,14,722,104,6576,CREB3L3;CYP24A1;EGR1;FOS;GNA11;MMP14;MMP15;MMP28;SGK1;SLC12A3;SLC34A1;SLC34A2;SOST;WNK4,0.8762683722647365,False
KEGG,9,SNARE INTERACTIONS IN VESICULAR TRANSPORT,0.2492832438339337,5,722,31,6576,STX19;STX3;VAMP3;VAMP5;VAMP8,0.8762683722647365,False
KEGG,9,FATTY ACID BIOSYNTHESIS,0.25346557352398447,3,722,16,6576,ACSL1;ACSL5;OLAH,0.8803830782595673,False
KEGG,9,ADHERENS JUNCTION,0.25551347960981696,12,722,88,6576,ACTN1;ACTN4;CTNNA1;INSR;IQGAP1;LMO7;NECTIN2;NECTIN4;PTPRF;RNASE1;SMAD3;SRC,0.8803830782595673,False
KEGG,9,SULFUR METABOLISM,0.2591644321450851,2,722,9,6576,ETHE1;SUOX,0.8842080626126434,False
KEGG,9,FATTY ACID ELONGATION,0.29199359797579955,4,722,25,6576,ACAA2;ELOVL5;HADHB;HSD17B12,0.9865414766560995,False
KEGG,9,HEPATITIS C,0.30612210661863426,16,722,126,6576,CLDN10;CLDN12;CLDN15;CLDN16;CLDN17;CLDN2;CLDN3;CLDN6;CLDN7;CLDN8;LDLR;NR1H3;OCLN;PPARA;SCARB1;TNFRSF1A,1.0,False
KEGG,9,RHEUMATOID ARTHRITIS,0.31243013299732214,9,722,67,6576,CCL20;CXCL6;FOS;IL18;IL1A;JUN;TNFRSF11A;TNFSF13;VEGFA,1.0,False
KEGG,9,VIRAL PROTEIN INTERACTION WITH CYTOKINE AND CYTOKINE RECEPTOR,0.3359095141225677,8,722,60,6576,CCL20;CX3CL1;CXCL6;IL18;IL20RA;IL20RB;IL22RA1;TNFRSF1A,1.0,False
KEGG,9,AFRICAN TRYPANOSOMIASIS,0.3439921095114411,4,722,27,6576,APOA1;F2RL1;IL18;VCAM1,1.0,False
KEGG,9,ADIPOCYTOKINE SIGNALING PATHWAY,0.3443767895448405,9,722,69,6576,ACSL1;ACSL5;CPT1A;G6PC2;PCK1;PCK2;PPARA;SLC2A1;TNFRSF1A,1.0,False
KEGG,9,PURINE METABOLISM,0.3446882054580648,14,722,112,6576,ADCY10;AK3;ENPP1;ENTPD3;ENTPD5;ENTPD8;GDA;GUCY2C;NME4;NT5E;PDE6G;PGM1;PPY;XDH,1.0,False
KEGG,9,BIOSYNTHESIS OF VARIOUS NUCLEOTIDE SUGARS,0.3476967113206322,3,722,19,6576,GMDS;GNE;UGDH,1.0,False
KEGG,9,PHAGOSOME,0.38286468219784825,14,722,115,6576,C3;CALR;COLEC11;ITGB5;MBL2;RNASE1;SCARB1;SEC14L2;SFTPD;TFRC;TUBAL3;TUBB;TUBB4B;VAMP3,1.0,False
KEGG,9,RENAL CELL CARCINOMA,0.3878584723306271,8,722,63,6576,EGLN3;EPAS1;JUN;LDLR;RNASE1;SLC2A1;TGFA;VEGFA,1.0,False
KEGG,9,ESTROGEN SIGNALING PATHWAY,0.4214913029023981,14,722,118,6576,CREB3L3;FOS;GREB1;JUN;KRT15;KRT18;KRT19;KRT20;KRT23;KRT39;PGR;SRC;TFF1;TGFA,1.0,False
KEGG,9,BIOSYNTHESIS OF UNSATURATED FATTY ACIDS,0.4406815173873113,3,722,22,6576,BAAT;ELOVL5;HSD17B12,1.0,False
KEGG,9,GRAFT-VERSUS-HOST DISEASE,0.4649717166896904,2,722,14,6576,IL1A;ZNF395,1.0,False
KEGG,9,TYPE I DIABETES MELLITUS,0.4706018398315297,3,722,23,6576,ICA1;IL1A;ZNF395,1.0,False
KEGG,9,CIRCADIAN RHYTHM,0.47286812360469427,4,722,32,6576,BHLHE40;NPAS2;PER3;RORC,1.0,False
KEGG,9,N-GLYCAN BIOSYNTHESIS,0.4744159056803484,6,722,50,6576,DDOST;MGAT4B;MOGAT1;MOGAT2;RPN1;STT3A,1.0,False
KEGG,9,AMOEBIASIS,0.4744649060320906,9,722,77,6576,ACTN1;ACTN4;ARG2;C8A;C8B;FN1;GNA11;HSPB1;PRDX1,1.0,False
KEGG,9,PERTUSSIS,0.474595469540899,7,722,59,6576,C3;CASP7;CXCL6;FOS;IL1A;JUN;SERPING1,1.0,False
KEGG,9,PROTEIN PROCESSING IN ENDOPLASMIC RETICULUM,0.49409381706577976,18,722,160,6576,CALR;CKAP4;DDOST;ERO1A;FBXO2;HERPUD1;HYOU1;OS9;P4HB;PDIA4;PDIA6;RPN1;RRBP1;SEC24D;STT3A;TRAM1;TXNDC5;XBP1,1.0,False
KEGG,9,LEGIONELLOSIS,0.49585247967333906,5,722,42,6576,BNIP3;C3;CASP7;COLEC11;IL18,1.0,False
KEGG,9,VIRION - HERPESVIRUS,0.5024654672275618,1,722,6,6576,NECTIN2,1.0,False
KEGG,9,VITAMIN B6 METABOLISM,0.5024654672275618,1,722,6,6576,PNPO,1.0,False
KEGG,9,PROSTATE CANCER,0.5028784048413458,11,722,97,6576,AREG;CREB3L3;FGFR2;FOLH1;INSRR;KLKB1;NKX3-1;SLC46A1;SPINT1;SRD5A2;TGFA,1.0,False
KEGG,9,LIPID AND ATHEROSCLEROSIS,0.5148890434603189,19,722,171,6576,APOA1;APOA4;APOB;BCL2L1;CASP7;ERO1A;FOS;HSPA2;IL18;JUN;LBP;LDLR;POU2F3;RNASE1;SELENOP;SRC;TNFRSF1A;VCAM1;XBP1,1.0,False
KEGG,9,NICOTINATE AND NICOTINAMIDE METABOLISM,0.5219219829160122,4,722,34,6576,ENPP1;NT5E;PPY;QPRT,1.0,False
KEGG,9,RENIN SECRETION,0.5289216479888613,7,722,62,6576,AGXT;CLCA1;CLCA2;CTSB;EDN2;EDN3;KCTD11,1.0,False
KEGG,9,OTHER GLYCAN DEGRADATION,0.5377662765003073,2,722,16,6576,FUCA1;FUCA2,1.0,False
KEGG,9,TGF-BETA SIGNALING PATHWAY,0.5453519837022511,11,722,100,6576,AMHR2;BAMBI;HJV;IGSF1;INHBC;INHBE;SMAD3;TF;TFR2;TFRC;TGIF1,1.0,False
KEGG,9,NON-ALCOHOLIC FATTY LIVER DISEASE,0.5459182817125978,15,722,137,6576,CASP7;COX7A1;CYP2E1;FOS;IL1A;INSR;JUN;MLXIPL;NR1H3;PKLR;PPARA;RNASE1;SREBF1;TNFRSF1A;XBP1,1.0,False
KEGG,9,CORTISOL SYNTHESIS AND SECRETION,0.5522344924249374,6,722,54,6576,AGXT;CREB3L3;CYP17A1;GNA11;LDLR;SCARB1,1.0,False
KEGG,9,VIBRIO CHOLERAE INFECTION,0.5593422522234478,5,722,45,6576,CFTR;ERO1A;KDELR2;KDELR3;PDIA4,1.0,False
KEGG,9,ECM-RECEPTOR INTERACTION,0.5684869507278446,9,722,83,6576,COL6A6;FN1;ITGA3;ITGB5;ITGB8;NPNT;SDC1;SDC4;VTN,1.0,False
KEGG,9,COBALAMIN TRANSPORT AND METABOLISM,0.5715125388048143,2,722,17,6576,CBLIF;PRDX1,1.0,False
KEGG,9,GLYCOSAMINOGLYCAN DEGRADATION,0.5715125388048143,2,722,17,6576,HPSE2;NAGLU,1.0,False
KEGG,9,SELENOCOMPOUND METABOLISM,0.5715125388048143,2,722,17,6576,TXNRD1;VSIG2,1.0,False
KEGG,9,CHOLINE METABOLISM IN CANCER,0.5778559743250073,10,722,93,6576,CHKA;FOS;JUN;PLPP1;PLPP2;PLPP3;RNASE1;SLC22A4;SLC44A3;SLC44A4,1.0,False
KEGG,9,COCAINE ADDICTION,0.5796044150591602,5,722,46,6576,CREB3L3;DDC;JUN;MAOA;MAOB,1.0,False
KEGG,9,GASTRIC ACID SECRETION,0.5809462940757615,7,722,65,6576,ATP1B3;ATP4A;CA2;CFTR;EZR;GAST;SLC26A7,1.0,False
KEGG,9,HIPPO SIGNALING PATHWAY - MULTIPLE SPECIES,0.5819697541642843,3,722,27,6576,RASSF6;TEAD4;WWC1,1.0,False
KEGG,9,PROTEOGLYCANS IN CANCER,0.5858473298205894,20,722,187,6576,CD63;CTTN;ERBB3;EZR;FN1;FZD5;HPSE2;IHH;IQGAP1;ITGB5;RNASE1;SDC1;SDC2;SDC4;SHH;SRC;VEGFA;VTN;WNT3A;WNT7A,1.0,False
KEGG,9,INSULIN SECRETION,0.589978385760801,8,722,75,6576,ATP1B3;CCKAR;CREB3L3;FXYD2;GCG;GNA11;SLC2A1;SLC2A2,1.0,False
KEGG,9,AMPK SIGNALING PATHWAY,0.6071096457828136,12,722,114,6576,CFTR;CIDEA;CPT1A;CREB3L3;FBP1;G6PC2;HNF1A;INSR;PCK1;PCK2;PFKP;SREBF1,1.0,False
KEGG,9,ANTIGEN PROCESSING AND PRESENTATION,0.6128096026603105,4,722,38,6576,CALR;CTSB;HSPA2;SEC14L2,1.0,False
KEGG,9,EFFEROCYTOSIS,0.6266506419845698,15,722,144,6576,ALOX15;ANO7;ARG2;CALR;CASP7;CPT1A;CX3CL1;ITGB5;NR1H3;PROS1;RAB17;RNASE1;SGK1;SLC2A1;TMEM30B,1.0,False
KEGG,9,APOPTOSIS - MULTIPLE SPECIES,0.631763259359466,3,722,29,6576,BCL2L1;CASP7;TNFRSF1A,1.0,False
KEGG,9,INFLAMMATORY BOWEL DISEASE,0.6553394970900637,5,722,50,6576,IL18;IL1A;JUN;RORC;SMAD3,1.0,False
KEGG,9,BACTERIAL INVASION OF EPITHELIAL CELLS,0.6608768013638193,7,722,70,6576,CTNNA1;CTTN;ELMO3;FN1;ILK;RNASE1;SRC,1.0,False
KEGG,9,AUTOIMMUNE THYROID DISEASE,0.6617892469845401,2,722,20,6576,TG;ZNF395,1.0,False
KEGG,9,REGULATION OF LIPOLYSIS IN ADIPOCYTES,0.672844479543178,5,722,51,6576,CIDEC;INSR;MGLL;PLAAT3;PLIN1,1.0,False
KEGG,9,VASOPRESSIN-REGULATED WATER REABSORPTION,0.6734917482160387,4,722,41,6576,AQP2;AQP3;AQP4;CREB3L3,1.0,False
KEGG,9,CORONAVIRUS DISEASE - COVID-19,0.6837170160205664,16,722,159,6576,ACE2;C3;C8A;C8B;CFB;CSF3;F13B;FGB;FGG;FOS;JUN;MBL2;RPL10L;RPS2;SELENOP;TNFRSF1A,1.0,False
KEGG,9,AMPHETAMINE ADDICTION,0.6893416071784111,6,722,62,6576,CREB3L3;DDC;FOS;JUN;MAOA;MAOB,1.0,False
KEGG,9,MICRORNAS IN CANCER,0.6998070311482054,15,722,151,6576,CCNG1;CYP24A1;DDIT4;EFNA1;ERBB3;EZR;FGFR3;GLS2;HMOX1;SERPINB5;SLC45A3;ST14;TP63;VEGFA;WNT3A,1.0,False
KEGG,9,PROLACTIN SIGNALING PATHWAY,0.704371824255492,6,722,63,6576,CYP17A1;ELF5;FOS;SLC2A2;SRC;TNFRSF11A,1.0,False
KEGG,9,PHOTOTRANSDUCTION,0.713039563636487,2,722,22,6576,PDE6G;RHOD,1.0,False
KEGG,9,GABAERGIC SYNAPSE,0.7175344536817528,8,722,84,6576,ABAT;GABRP;GABRQ;GLS2;GLUL;SLC38A3;SLC6A13;SRC,1.0,False
KEGG,9,TYPE II DIABETES MELLITUS,0.7272661025695178,4,722,44,6576,HKDC1;INSR;PKLR;SLC2A2,1.0,False
KEGG,9,AGE-RAGE SIGNALING PATHWAY IN DIABETIC COMPLICATIONS,0.7298529526019484,9,722,95,6576,AGXT;EGR1;FN1;IL1A;JUN;RNASE1;SMAD3;VCAM1;VEGFA,1.0,False
KEGG,9,HEMATOPOIETIC CELL LINEAGE,0.7329324688228536,6,722,65,6576,CD9;CSF3;IL1A;ITGA3;TFRC;THPO,1.0,False
KEGG,9,IL-17 SIGNALING PATHWAY,0.7435520207192987,7,722,76,6576,CCL20;CSF3;CXCL6;FOS;JUN;LCN2;TRAF4,1.0,False
KEGG,9,VASCULAR SMOOTH MUSCLE CONTRACTION,0.7518564527478931,11,722,117,6576,ADRA1B;AGXT;EDN2;EDN3;GNA11;MYH14;PLA2G10;PLA2G12B;PLA2G1B;PLA2G2F;PLA2G3,1.0,False
KEGG,9,UBIQUINONE AND OTHER TERPENOID-QUINONE BIOSYNTHESIS,0.7526267660063541,1,722,12,6576,HPD,1.0,False
KEGG,9,HORMONE SIGNALING,0.7535469456833208,19,722,196,6576,ADRA1B;AGXT;AMHR2;CCKAR;GAST;GCG;GCGR;GNA11;GUCA2A;GUCA2B;GUCY2C;HEPHL1;INSR;SLC40A1;SRC;THPO;THRB;TRH;UCN3,1.0,False
KEGG,9,RAS SIGNALING PATHWAY,0.7574454119234934,21,722,216,6576,ANGPT4;BCL2L1;EFNA1;EPHA2;ETS2;FGF21;FGFR2;FGFR3;FGFR4;INSR;NTF3;PLA1A;PLA2G10;PLA2G12B;PLA2G1B;PLA2G2F;PLA2G3;PLAAT3;RNASE1;TGFA;VEGFA,1.0,False
KEGG,9,NECROPTOSIS,0.7721120592191306,10,722,109,6576,ALOX15;CHMP4C;GLUL;H2AC1;H2AJ;IL1A;PYGL;RBCK1;SLC25A5;TNFRSF1A,1.0,False
KEGG,9,TNF SIGNALING PATHWAY,0.7721120592191306,10,722,109,6576,CASP7;CCL20;CREB3L3;CX3CL1;CXCL6;FOS;JUN;MMP14;TNFRSF1A;VCAM1,1.0,False
KEGG,9,NF-KAPPA B SIGNALING PATHWAY,0.7757769480841599,8,722,89,6576,BCL2L1;CARD10;EDA;EDAR;LBP;TNFRSF11A;TNFRSF1A;VCAM1,1.0,False
KEGG,9,COLLECTING DUCT ACID SECRETION,0.7775724620911932,2,722,25,6576,ATP4A;CA2,1.0,False
KEGG,9,REGULATION OF ACTIN CYTOSKELETON,0.7775924452368583,20,722,209,6576,ACTN1;ACTN4;C8A;C8B;EZR;FGF21;FGFR2;FGFR3;FGFR4;FN1;INSRR;IQGAP1;ITGA3;ITGB5;ITGB8;MOCOS;MYH14;RNASE1;SCIN;SRC,1.0,False
KEGG,9,GLYCOSAMINOGLYCAN BIOSYNTHESIS - KERATAN SULFATE,0.7798363142914566,1,722,13,6576,B3GNT7,1.0,False
KEGG,9,BLADDER CANCER,0.7885251515280888,3,722,37,6576,FGFR3;SRC;VEGFA,1.0,False
KEGG,9,NEUTROPHIL EXTRACELLULAR TRAP FORMATION,0.7933769279698425,9,722,101,6576,C3;FGB;FGG;H2AC1;H2AJ;RNASE1;SELENOP;SLC25A5;SRC,1.0,False
KEGG,9,NICOTINE ADDICTION,0.8035864842881842,3,722,38,6576,CHRNA4;GABRP;GABRQ,1.0,False
KEGG,9,GLYCOSPHINGOLIPID BIOSYNTHESIS - GLOBO AND ISOGLOBO SERIES,0.8040566679531308,1,722,14,6576,B3GALT5,1.0,False
KEGG,9,GLYCOSYLPHOSPHATIDYLINOSITOL (GPI)-ANCHOR BIOSYNTHESIS,0.8290364582000334,2,722,28,6576,GPLD1;PGAP3,1.0,False
KEGG,9,APOPTOSIS,0.8337365683078937,10,722,116,6576,BCL2L1;CASP7;CTSB;CTSF;CTSH;FOS;JUN;TNFRSF1A;TUBAL3;ZNF395,1.0,False
KEGG,9,SALIVARY SECRETION,0.8363681838221215,5,722,63,6576,ADRA1B;ATP1B3;FXYD2;LPO;TRPV6,1.0,False
KEGG,9,INSULIN SIGNALING PATHWAY,0.8383739989907081,11,722,127,6576,FBP1;G6PC2;HKDC1;INSR;PCK1;PCK2;PKLR;PPP1R3B;PTPRF;PYGL;SREBF1,1.0,False
KEGG,9,INTESTINAL IMMUNE NETWORK FOR IGA PRODUCTION,0.8436492877437791,2,722,29,6576,PIGR;TNFSF13,1.0,False
KEGG,9,ERBB SIGNALING PATHWAY,0.8551168010695083,6,722,76,6576,AREG;BTC;ERBB3;JUN;SRC;TGFA,1.0,False
KEGG,9,P53 SIGNALING PATHWAY,0.8557720619413189,5,722,65,6576,AIFM2;BCL2L1;CCNG1;PERP;SERPINB5,1.0,False
KEGG,9,CHEMICAL CARCINOGENESIS - REACTIVE OXYGEN SPECIES,0.8565860110815523,15,722,171,6576,COX7A1;CYP2E1;EPHX1;EPHX2;FOS;HMOX1;JUN;LPO;MGST1;MGST2;RNASE1;SLC25A5;SLC26A9;SRC;VEGFA,1.0,False
KEGG,9,ALLOGRAFT REJECTION,0.861886605650536,1,722,17,6576,ZNF395,1.0,False
KEGG,9,VEGF SIGNALING PATHWAY,0.8683712214733312,4,722,55,6576,HSPB1;RNASE1;SRC;VEGFA,1.0,False
KEGG,9,ENDOCRINE AND OTHER FACTOR-REGULATED CALCIUM REABSORPTION,0.8761013534885487,3,722,44,6576,AP2S1;ATP1B3;FXYD2,1.0,False
KEGG,9,MITOPHAGY - ANIMAL,0.8918116545614677,7,722,92,6576,BCL2L1;BNIP3;JUN;OPTN;SRC;UBB;UBC,1.0,False
KEGG,9,ALDOSTERONE SYNTHESIS AND SECRETION,0.8931340319163463,6,722,81,6576,AGXT;ATP1B3;CREB3L3;GNA11;LDLR;SCARB1,1.0,False
KEGG,9,COLORECTAL CANCER,0.8931340319163463,6,722,81,6576,AREG;FOS;JUN;RNASE1;SMAD3;TGFA,1.0,False
KEGG,9,LEISHMANIASIS,0.8937926893001878,4,722,58,6576,C3;FOS;IL1A;JUN,1.0,False
KEGG,9,GASTRIC CANCER,0.8945289949653955,11,722,136,6576,CDH17;CDX2;CTNNA1;FGF21;FGFR2;FZD5;REG4;SHH;SMAD3;WNT3A;WNT7A,1.0,False
KEGG,9,SHIGELLOSIS,0.8970625830517799,18,722,210,6576,ACTN1;ACTN4;BCL2L1;BNIP3;C3;CAPNS1;CTTN;FNBP1L;HKDC1;IL18;ILK;JUN;RBCK1;RNASE1;SRC;TNFRSF1A;UBB;UBC,1.0,False
KEGG,9,PI3K-AKT SIGNALING PATHWAY,0.9010592809090925,28,722,313,6576,ANGPT4;AREG;BCL2L1;COL6A6;CREB3L3;CSF3;DDIT4;EFNA1;EPHA2;ERBB3;FGF21;FGFR2;FGFR3;FGFR4;FN1;G6PC2;INSR;ITGA3;ITGB5;ITGB8;NTF3;PCK1;PCK2;RNASE1;SGK1;TGFA;VEGFA;VTN,1.0,False
KEGG,9,SEROTONERGIC SYNAPSE,0.9094997101975412,7,722,95,6576,ALOX15;CYP2C18;DDC;HTR4;MAOA;MAOB;SLC6A4,1.0,False
KEGG,9,SIGNALING PATHWAYS REGULATING PLURIPOTENCY OF STEM CELLS,0.9132227636529205,10,722,129,6576,DUSP9;FGFR2;FGFR3;FGFR4;FZD5;INHBC;INHBE;SMAD3;WNT3A;WNT7A,1.0,False
KEGG,9,BASAL CELL CARCINOMA,0.9148023666772235,4,722,61,6576,FZD5;SHH;WNT3A;WNT7A,1.0,False
KEGG,9,CYTOSKELETON IN MUSCLE CELLS,0.919888103006814,18,722,216,6576,ANKRD1;ATP1B3;COL6A6;CSRP1;FN1;ITGA3;ITGB5;ITGB8;MYH14;MYOM3;PDLIM1;SDC1;SDC2;SDC4;SPTBN1;TRIM55;TRIM63;TTR,1.0,False
KEGG,9,THERMOGENESIS,0.9221031163633615,15,722,185,6576,ACSL1;ACSL5;ADCY10;COX7A1;CPT1A;CPT2;CREB3L3;FGF21;GCG;KLB;MGLL;PLIN1;RPS6KA1;SMARCD2;UCP1,1.0,False
KEGG,9,OLFACTORY TRANSDUCTION,0.9253113389145651,2,722,37,6576,CNGA2;CNGA3,1.0,False
KEGG,9,CARDIAC MUSCLE CONTRACTION,0.9261684074938216,5,722,75,6576,ATP1B3;CACNG5;COX7A1;FXYD2;HRC,1.0,False
KEGG,9,PANCREATIC CANCER,0.9261684074938216,5,722,75,6576,BCL2L1;RNASE1;SMAD3;TGFA;VEGFA,1.0,False
KEGG,9,TASTE TRANSDUCTION,0.9266673788610932,4,722,63,6576,GNAT3;KCNK5;SCNN1B;TRPM5,1.0,False
KEGG,9,CAMP SIGNALING PATHWAY,0.9282209096095174,17,722,208,6576,ABCC4;ADCY10;ATP1B3;CFTR;CNGA2;CNGA3;CREB3L3;EDN2;EDN3;FOS;FXYD2;GCG;HTR4;JUN;PPARA;RNASE1;SOX9,1.0,False
KEGG,9,HEDGEHOG SIGNALING PATHWAY,0.9299093982765381,3,722,51,6576,IHH;LRP2;SHH,1.0,False
KEGG,9,WNT SIGNALING PATHWAY,0.9301901964067261,12,722,155,6576,BAMBI;FZD5;JUN;LGR4;RNASE1;RNF43;SERPINF1;SMAD3;SOST;WIF1;WNT3A;WNT7A,1.0,False
KEGG,9,GLYCOSPHINGOLIPID BIOSYNTHESIS - LACTO AND NEOLACTO SERIES,0.9314156151939288,1,722,23,6576,B3GALT5,1.0,False
KEGG,9,MANNOSE TYPE O-GLYCAN BIOSYNTHESIS,0.9314156151939288,1,722,23,6576,LARGE2,1.0,False
KEGG,9,EPITHELIAL CELL SIGNALING IN HELICOBACTER PYLORI INFECTION,0.9320236799537881,4,722,64,6576,F11R;JUN;RNASE1;SRC,1.0,False
KEGG,9,GAP JUNCTION,0.9358710530401855,5,722,77,6576,GNA11;SRC;TUBAL3;TUBB;TUBB4B,1.0,False
KEGG,9,HEPATOCELLULAR CARCINOMA,0.9370242450629566,11,722,146,6576,BCL2L1;FZD5;HMOX1;MGST1;MGST2;SMAD3;SMARCD2;TGFA;TXNRD1;WNT3A;WNT7A,1.0,False
KEGG,9,GLYCOSAMINOGLYCAN BIOSYNTHESIS - HEPARAN SULFATE / HEPARIN,0.9389721428652219,1,722,24,6576,EXTL1,1.0,False
KEGG,9,CHAGAS DISEASE,0.940371999175513,6,722,90,6576,C3;CALR;FOS;GNA11;JUN;TNFRSF1A,1.0,False
KEGG,9,THYROID HORMONE SIGNALING PATHWAY,0.9429807037227912,8,722,114,6576,ATP1B3;DIO3;FXYD2;GATA4;PFKP;SLC2A1;SRC;THRB,1.0,False
KEGG,9,GNRH SIGNALING PATHWAY,0.948290888781196,5,722,80,6576,EGR1;GNA11;JUN;MMP14;SRC,1.0,False
KEGG,9,INFLUENZA A,0.9495741685666917,8,722,116,6576,IL18;IL1A;KPNA7;PLG;SLC25A5;TMPRSS11D;TMPRSS4;TNFRSF1A,1.0,False
KEGG,9,CUSHING SYNDROME,0.9527980029100863,10,722,140,6576,AGXT;CREB3L3;CYP17A1;FZD5;GNA11;LDLR;RASD1;SCARB1;WNT3A;WNT7A,1.0,False
KEGG,9,HYPERTROPHIC CARDIOMYOPATHY,0.960491354093452,6,722,96,6576,AGXT;CACNG5;ITGA3;ITGB5;ITGB8;TTR,1.0,False
KEGG,9,FOCAL ADHESION,0.9605281935648712,14,722,188,6576,ACTN1;ACTN4;COL6A6;FLNB;FN1;ILK;ITGA3;ITGB5;ITGB8;JUN;RNASE1;SRC;VEGFA;VTN,1.0,False
KEGG,9,NEUROACTIVE LIGAND-RECEPTOR INTERACTION,0.9610042835406594,26,722,317,6576,ADRA1B;AGXT;C3;CCKAR;CHRNA4;EDN2;EDN3;F2RL1;GABRP;GABRQ;GCG;GCGR;HTR4;INSL5;LYPD6;NPVF;PATE1;PLG;PPY;PYY;RXFP2;SCTR;THRB;TMEM97;TRH;UCN3,1.0,False
KEGG,9,ARRHYTHMOGENIC RIGHT VENTRICULAR CARDIOMYOPATHY,0.9614594984119866,5,722,84,6576,CACNG5;CTNNA1;ITGA3;ITGB5;ITGB8,1.0,False
KEGG,9,PROTEIN EXPORT,0.9617477034877546,1,722,28,6576,UBL4B,1.0,False
KEGG,9,MAPK SIGNALING PATHWAY,0.9620261374235554,23,722,286,6576,ANGPT4;AREG;CACNG5;DUSP6;DUSP9;EFNA1;EPHA2;ERBB3;FGF21;FGFR2;FGFR3;FGFR4;FOS;HSPB1;IL1A;INSR;JUN;NTF3;RNASE1;RPS6KA1;TGFA;TNFRSF1A;VEGFA,1.0,False
KEGG,9,FC GAMMA R-MEDIATED PHAGOCYTOSIS,0.9668198133392204,5,722,86,6576,PLPP1;PLPP2;PLPP3;RNASE1;SCIN,1.0,False
KEGG,9,DILATED CARDIOMYOPATHY,0.968036862199572,6,722,99,6576,AGXT;CACNG5;ITGA3;ITGB5;ITGB8;TTR,1.0,False
KEGG,9,HIPPO SIGNALING PATHWAY,0.9705857050716435,10,722,148,6576,AREG;CTNNA1;FZD5;PATJ;RASSF6;SMAD3;TEAD4;WNT3A;WNT7A;WWC1,1.0,False
KEGG,9,MTOR SIGNALING PATHWAY,0.9705857050716435,10,722,148,6576,DDIT4;FZD5;INSR;LAMTOR2;MAPKAP1;RPS6KA1;SGK1;TNFRSF1A;WNT3A;WNT7A,1.0,False
KEGG,9,MOTOR PROTEINS,0.9706147400985344,12,722,171,6576,BICDL2;DNALI1;DYNLT5;KIF12;MYH14;MYO1A;MYO1B;MYO5C;MYO6;TUBAL3;TUBB;TUBB4B,1.0,False
KEGG,9,VIRAL MYOCARDITIS,0.9716569447104931,2,722,47,6576,RNASE1;ZNF395,1.0,False
KEGG,9,PRIMARY IMMUNODEFICIENCY,0.9730587167940606,1,722,31,6576,SEC14L2,1.0,False
KEGG,9,MELANOGENESIS,0.9735827941757993,5,722,89,6576,CREB3L3;FZD5;TYRP1;WNT3A;WNT7A,1.0,False
KEGG,9,SYNAPTIC VESICLE CYCLE,0.9737118375601251,4,722,76,6576,AP2S1;SLC6A13;SLC6A4;STX3,1.0,False
KEGG,9,PARKINSON DISEASE,0.9750929707582934,16,722,219,6576,BCL2L1;COX7A1;MAOA;MAOB;SLC25A5;SLC39A11;SLC39A14;SLC39A5;SLC39A7;TUBAL3;TUBB;TUBB4B;TXN2;UBB;UBC;XBP1,1.0,False
KEGG,9,DIABETIC CARDIOMYOPATHY,0.9774181036709793,11,722,164,6576,AGXT;COX7A1;CPT2;INSR;KCTD11;PDK4;PPARA;RNASE1;SLC25A5;SLC2A1;SMAD3,1.0,False
KEGG,9,RELAXIN SIGNALING PATHWAY,0.9785562920791921,7,722,117,6576,CREB3L3;FOS;INSL5;JUN;RXFP2;SRC;VEGFA,1.0,False
KEGG,9,HERPES SIMPLEX VIRUS 1 INFECTION,0.9809588662430335,8,722,131,6576,BCL2L1;C3;CALR;NECTIN2;POU2F3;SEC14L2;SRC;TNFRSF1A,1.0,False
KEGG,9,B CELL RECEPTOR SIGNALING PATHWAY,0.9810481905794074,3,722,66,6576,FOS;JUN;RNASE1,1.0,False
KEGG,9,TOLL-LIKE RECEPTOR SIGNALING PATHWAY,0.9811213885424173,4,722,80,6576,FOS;JUN;LBP;RNASE1,1.0,False
KEGG,9,YERSINIA INFECTION,0.9813747407979172,7,722,119,6576,FN1;FOS;IL18;JUN;RNASE1;RPS6KA1;SRC,1.0,False
KEGG,9,IGSF CAM SIGNALING,0.9841035657901119,19,722,261,6576,ACTN1;ACTN4;EPB41L1;EZR;F11R;FGB;FGG;IQGAP1;LMO7;MYH14;NECTIN2;NECTIN4;PTPRF;RNASE1;SPTBN1;SRC;TUBAL3;TUBB;TUBB4B,1.0,False
KEGG,9,CYTOSOLIC DNA-SENSING PATHWAY,0.9844304527267046,2,722,53,6576,CASP7;IL18,1.0,False
KEGG,9,FOXO SIGNALING PATHWAY,0.9849647472746872,7,722,122,6576,BNIP3;G6PC2;INSR;PCK1;PCK2;SGK1;SMAD3,1.0,False
KEGG,9,THYROID CANCER,0.9849851271517661,1,722,36,6576,PAX8,1.0,False
KEGG,9,ALCOHOLISM,0.9857605187287766,6,722,110,6576,CREB3L3;DDC;H2AC1;H2AJ;MAOA;MAOB,1.0,False
KEGG,9,ENDOMETRIAL CANCER,0.9859248070937229,2,722,54,6576,CTNNA1;ILK,1.0,False
KEGG,9,LONGEVITY REGULATING PATHWAY - MULTIPLE SPECIES,0.9859248070937229,2,722,54,6576,FOXA2;INSR,1.0,False
KEGG,9,JAK-STAT SIGNALING PATHWAY,0.9860104680730194,7,722,123,6576,BCL2L1;CSF3;IFNE;IL20RA;IL20RB;IL22RA1;THPO,1.0,False
KEGG,9,OSTEOCLAST DIFFERENTIATION,0.9867996570116188,6,722,111,6576,FOS;IL1A;JUN;RNASE1;TNFRSF11A;TNFRSF1A,1.0,False
KEGG,9,NOD-LIKE RECEPTOR SIGNALING PATHWAY,0.9887545311435095,7,722,126,6576,BCL2L1;CTSB;IL18;JUN;RBCK1;TRIP6;TXN2,1.0,False
KEGG,9,NATURAL KILLER CELL MEDIATED CYTOTOXICITY,0.9890525172438369,3,722,72,6576,RNASE1;SLC7A8;ZNF395,1.0,False
KEGG,9,VIRAL CARCINOGENESIS,0.989485870583183,9,722,152,6576,ACTN1;ACTN4;C3;CREB3L3;JUN;RNASE1;SCIN;SND1;SRC,1.0,False
KEGG,9,SPHINGOLIPID SIGNALING PATHWAY,0.9895059287268795,6,722,114,6576,CERS2;ORMDL3;RNASE1;SGPP2;SPTSSB;TNFRSF1A,1.0,False
KEGG,9,INFLAMMATORY MEDIATOR REGULATION OF TRP CHANNELS,0.9895781624904053,4,722,87,6576,ASIC5;F2RL1;SRC;TRPM8,1.0,False
KEGG,9,SMALL CELL LUNG CANCER,0.9895781624904053,4,722,87,6576,BCL2L1;FN1;ITGA3;TRAF4,1.0,False
KEGG,9,KAPOSI SARCOMA-ASSOCIATED HERPESVIRUS INFECTION,0.9901805733092148,9,722,153,6576,C3;FOS;JUN;RNASE1;SRC;TNFRSF1A;UBB;UBC;VEGFA,1.0,False
KEGG,9,BASE EXCISION REPAIR,0.9905972244468275,1,722,40,6576,APEX1,1.0,False
KEGG,9,OTHER TYPES OF O-GLYCAN BIOSYNTHESIS,0.9905972244468275,1,722,40,6576,GALNT12,1.0,False
KEGG,9,CIRCADIAN ENTRAINMENT,0.9912330012187993,4,722,89,6576,ADCY10;FOS;PER3;RASD1,1.0,False
KEGG,9,TRANSCRIPTIONAL MISREGULATION IN CANCER,0.9914432847167897,9,722,155,6576,BCL2L1;DUSP6;ETV4;FEV;HPGD;PAX8;PROM1;SLC45A3;SPINT1,1.0,False
KEGG,9,HUMAN IMMUNODEFICIENCY VIRUS 1 INFECTION,0.9928490412600143,10,722,170,6576,AP1M2;AP1S1;BCL2L1;CALR;FOS;GNA11;JUN;RNASE1;SEC14L2;TNFRSF1A,1.0,False
KEGG,9,INOSITOL PHOSPHATE METABOLISM,0.9931325436191496,3,722,77,6576,ALDH6A1;ITPKC;PIK3C2G,1.0,False
KEGG,9,TH17 CELL DIFFERENTIATION,0.9932523657267884,4,722,92,6576,FOS;JUN;RORC;SMAD3,1.0,False
KEGG,9,AXON GUIDANCE,0.9933181567925419,10,722,171,6576,EFNA1;EPHA1;EPHA2;ILK;PLXNB1;RHOD;RNASE1;SEMA4G;SHH;SRC,1.0,False
KEGG,9,BREAST CANCER,0.9942613616505315,7,722,135,6576,FGF21;FOS;FZD5;JUN;PGR;WNT3A;WNT7A,1.0,False
KEGG,9,RAP1 SIGNALING PATHWAY,0.9943523435152685,12,722,198,6576,ANGPT4;EFNA1;EPHA2;FGF21;FGFR2;FGFR3;FGFR4;INSR;RAP1GAP;RNASE1;SRC;VEGFA,1.0,False
KEGG,9,CALCIUM SIGNALING PATHWAY,0.9944139566618125,15,722,234,6576,ADRA1B;CCKAR;ERBB3;FGF21;FGFR2;FGFR3;FGFR4;GNA11;HRC;HTR4;ITPKC;SLC25A5;TGFA;TPCN1;VEGFA,1.0,False
KEGG,9,AUTOPHAGY - ANIMAL,0.9946758164930889,8,722,149,6576,BCL2L1;BNIP3;CTSB;DDIT4;OPTN;UBB;UBC;VAMP8,1.0,False
KEGG,9,CGMP-PKG SIGNALING PATHWAY,0.9946758164930889,8,722,149,6576,ADRA1B;ATP1B3;CREB3L3;FXYD2;GATA4;GNA11;INSR;SLC25A5,1.0,False
KEGG,9,ADRENERGIC SIGNALING IN CARDIOMYOCYTES,0.9954395213963966,7,722,138,6576,ADRA1B;AGXT;ATP1B3;CACNG5;CREB3L3;FXYD2;KCNE1,1.0,False
KEGG,9,OXIDATIVE PHOSPHORYLATION,0.9956649714698838,4,722,97,6576,ATP12A;ATP4A;COX7A1;LHPP,1.0,False
KEGG,9,SALMONELLA INFECTION,0.9961422303219685,13,722,216,6576,ANXA2;CASP7;FOS;IL18;JUN;MYO6;PIK3C2G;RNASE1;TNFRSF1A;TUBAL3;TUBB;TUBB4B;TXN2,1.0,False
KEGG,9,PROGESTERONE-MEDIATED OOCYTE MATURATION,0.9964678061914097,3,722,84,6576,MOCOS;PGR;RPS6KA1,1.0,False
KEGG,9,HUMAN T-CELL LEUKEMIA VIRUS 1 INFECTION,0.9969761403740174,11,722,195,6576,BCL2L1;CALR;CREB3L3;EGR1;ETS2;FOS;JUN;SLC25A5;SLC2A1;SMAD3;TNFRSF1A,1.0,False
KEGG,9,RIG-I-LIKE RECEPTOR SIGNALING PATHWAY,0.997408241440411,1,722,51,6576,IFNE,1.0,False
KEGG,9,CHOLINERGIC SYNAPSE,0.9974744795649062,4,722,103,6576,CHRNA4;CREB3L3;FOS;GNA11,1.0,False
KEGG,9,CHRONIC MYELOID LEUKEMIA,0.997802689669278,2,722,72,6576,BCL2L1;SMAD3,1.0,False
KEGG,9,MEASLES,0.9978951349875604,4,722,105,6576,BCL2L1;FOS;IL1A;JUN,1.0,False
KEGG,9,PATHWAYS IN CANCER,0.9979002128782563,34,722,467,6576,AGXT;AREG;BCL2L1;CASP7;CTNNA1;EGLN3;EPAS1;FGF21;FGFR2;FGFR3;FGFR4;FN1;FOS;FZD5;GNA11;HMOX1;ITGA3;JUN;KLKB1;LDLR;MGST1;MGST2;NKX3-1;PAX8;RNASE1;SHH;SLC2A1;SMAD3;TGFA;TRAF4;TXNRD1;VEGFA;WNT3A;WNT7A,1.0,False
KEGG,9,"GROWTH HORMONE SYNTHESIS, SECRETION AND ACTION",0.998247471480612,4,722,107,6576,ADCY10;CREB3L3;FOS;GNA11,1.0,False
KEGG,9,DOPAMINERGIC SYNAPSE,0.9982593026237284,5,722,122,6576,CREB3L3;DDC;FOS;MAOA;MAOB,1.0,False
KEGG,9,TUBERCULOSIS,0.998352987889623,6,722,137,6576,C3;IL18;IL1A;LBP;SRC;TNFRSF1A,1.0,False
KEGG,9,LONG-TERM DEPRESSION,0.9983788132178035,1,722,55,6576,GNA11,1.0,False
KEGG,9,GLUTAMATERGIC SYNAPSE,0.9984014452809159,4,722,108,6576,GLS2;GLUL;LZTS3;SLC38A3,1.0,False
KEGG,9,OOCYTE MEIOSIS,0.998542237650661,4,722,109,6576,AREG;MOCOS;PGR;RPS6KA1,1.0,False
KEGG,9,APELIN SIGNALING PATHWAY,0.9986618427495945,5,722,125,6576,ADCY10;EGR1;PLIN1;SMAD3;UCP1,1.0,False
KEGG,9,ATP-DEPENDENT CHROMATIN REMODELING,0.9986621328875467,3,722,94,6576,H2AC1;H2AJ;SMARCD2,1.0,False
KEGG,9,TOXOPLASMOSIS,0.9986621328875467,3,722,94,6576,BCL2L1;LDLR;TNFRSF1A,1.0,False
KEGG,9,NEUROACTIVE LIGAND SIGNALING,0.9988047751659027,9,722,182,6576,ADRA1B;CHRNA4;GABRP;GABRQ;GNA11;HTR4;SLC17A9;SLC6A13;SLC6A4,1.0,False
KEGG,9,GNRH SECRETION,0.9988599473790155,1,722,58,6576,GNA11,1.0,False
KEGG,9,NEUROTROPHIN SIGNALING PATHWAY,0.9988960213076631,4,722,112,6576,JUN;NTF3;RNASE1;RPS6KA1,1.0,False
KEGG,9,TH1 AND TH2 CELL DIFFERENTIATION,0.9989506950967088,2,722,79,6576,FOS;JUN,1.0,False
KEGG,9,HUMAN CYTOMEGALOVIRUS INFECTION,0.9989745343716372,9,722,184,6576,CALR;CREB3L3;CX3CL1;GNA11;RNASE1;SEC14L2;SRC;TNFRSF1A;VEGFA,1.0,False
KEGG,9,LONG-TERM POTENTIATION,0.9989862312072375,1,722,59,6576,RPS6KA1,1.0,False
KEGG,9,PD-L1 EXPRESSION AND PD-1 CHECKPOINT PATHWAY IN CANCER,0.9991516418643821,2,722,81,6576,FOS;JUN,1.0,False
KEGG,9,FC EPSILON RI SIGNALING PATHWAY,0.9991984288964835,1,722,61,6576,RNASE1,1.0,False
KEGG,9,PLATELET ACTIVATION,0.9992403061936584,4,722,116,6576,FGB;FGG;SRC;VAMP8,1.0,False
KEGG,9,ACUTE MYELOID LEUKEMIA,0.9992872599535424,1,722,62,6576,DUSP6,1.0,False
KEGG,9,LONGEVITY REGULATING PATHWAY,0.9993145045312184,2,722,83,6576,CREB3L3;INSR,1.0,False
KEGG,9,HEPATITIS B,0.9994514641211959,5,722,135,6576,CREB3L3;FOS;JUN;SMAD3;SRC,1.0,False
KEGG,9,PRION DISEASE,0.9995015810009058,11,722,220,6576,C8A;C8B;COX7A1;CREB3L3;EGR1;IL1A;RNASE1;SLC25A5;TUBAL3;TUBB;TUBB4B,1.0,False
KEGG,9,MORPHINE ADDICTION,0.999502617636849,2,722,86,6576,GABRP;GABRQ,1.0,False
KEGG,9,PHOSPHOLIPASE D SIGNALING PATHWAY,0.9995422747382274,5,722,137,6576,AGXT;INSR;PLPP1;PLPP2;PLPP3,1.0,False
KEGG,9,GLIOMA,0.9996478795748838,1,722,68,6576,TGFA,1.0,False
KEGG,9,MELANOMA,0.9996478795748838,1,722,68,6576,FGF21,1.0,False
KEGG,9,RNA DEGRADATION,0.9996478795748838,1,722,68,6576,PFKP,1.0,False
KEGG,9,NON-SMALL CELL LUNG CANCER,0.9996869439490285,1,722,69,6576,TGFA,1.0,False
KEGG,9,EPSTEIN-BARR VIRUS INFECTION,0.9997739213631957,6,722,160,6576,CALR;ENTPD3;ENTPD8;JUN;RNASE1;SEC14L2,1.0,False
KEGG,9,ENDOCYTOSIS,0.9997756119412439,10,722,217,6576,AP2S1;CHMP4C;FGFR2;FGFR3;FGFR4;LDLR;RAB11FIP1;SMAD3;SRC;TFRC,1.0,False
KEGG,9,PHOSPHATIDYLINOSITOL SIGNALING SYSTEM,0.9997897522275513,2,722,94,6576,ITPKC;PIK3C2G,1.0,False
KEGG,9,C-TYPE LECTIN RECEPTOR SIGNALING PATHWAY,0.999811308506269,2,722,95,6576,JUN;SRC,1.0,False
KEGG,9,ALZHEIMER DISEASE,0.9998247378677984,18,722,324,6576,APOE;CASP7;COX7A1;FZD5;IL1A;INSR;SLC25A5;SLC39A11;SLC39A14;SLC39A5;SLC39A7;TNFRSF1A;TUBAL3;TUBB;TUBB4B;WNT3A;WNT7A;XBP1,1.0,False
KEGG,9,RETROGRADE ENDOCANNABINOID SIGNALING,0.9998350170088272,4,722,132,6576,FA2H;GABRP;GABRQ;MGLL,1.0,False
KEGG,9,UBIQUITIN MEDIATED PROTEOLYSIS,0.9998502673731885,4,722,133,6576,FBXO2;SAE1;UBB;UBC,1.0,False
KEGG,9,CHEMOKINE SIGNALING PATHWAY,0.9998851223387278,5,722,152,6576,CCL20;CX3CL1;CXCL6;RNASE1;SRC,1.0,False
KEGG,9,CELLULAR SENESCENCE,0.9999080351634205,4,722,138,6576,GATA4;IL1A;SLC25A5;SMAD3,1.0,False
KEGG,9,OXYTOCIN SIGNALING PATHWAY,0.9999080351634205,4,722,138,6576,CACNG5;FOS;JUN;SRC,1.0,False
KEGG,9,HUNTINGTON DISEASE,0.9999243440113226,12,722,258,6576,AP2S1;COX7A1;CREB3L3;DNALI1;GPX1;GPX2;SLC25A5;SLC6A4;TUBAL3;TUBB;TUBB4B;UCP1,1.0,False
KEGG,9,HUMAN PAPILLOMAVIRUS INFECTION,0.9999366220547837,14,722,287,6576,COL6A6;CRB3;CREB3L3;FN1;FZD5;ITGA3;ITGB5;ITGB8;PATJ;TNFRSF1A;VEGFA;VTN;WNT3A;WNT7A,1.0,False
KEGG,9,NUCLEOCYTOPLASMIC TRANSPORT,0.9999577165256478,1,722,86,6576,KPNA7,1.0,False
KEGG,9,T CELL RECEPTOR SIGNALING PATHWAY,0.9999589604883753,2,722,109,6576,FOS;JUN,1.0,False
KEGG,9,PATHWAYS OF NEURODEGENERATION - MULTIPLE DISEASES,0.9999926335061978,21,722,407,6576,BCL2L1;CASP7;COX7A1;DNALI1;FZD5;GPX1;GPX2;IL1A;OPTN;RNASE1;SLC25A5;SLC6A4;TNFRSF1A;TUBAL3;TUBB;TUBB4B;UBB;UBC;WNT3A;WNT7A;XBP1,1.0,False
KEGG,9,AMYOTROPHIC LATERAL SCLEROSIS,0.9999926384382642,13,722,301,6576,ANXA11;BCL2L1;COX7A1;DNALI1;GPX1;GPX2;OPTN;RNASE1;TNFRSF1A;TUBAL3;TUBB;TUBB4B;XBP1,1.0,False
KEGG,9,RIBOSOME,0.9999937167665768,2,722,126,6576,RPL10L;RPS2,1.0,False
KEGG,9,SPINOCEREBELLAR ATAXIA,0.99999793831122,2,722,136,6576,SLC25A5;XBP1,1.0,False
KEGG,9,CELL CYCLE,0.9999999758523834,1,722,149,6576,SMAD3,1.0,False
KEGG,9,AMINOACYL-TRNA BIOSYNTHESIS,1.0,0,722,27,6576,,1.0,False
KEGG,9,ASTHMA,1.0,0,722,17,6576,,1.0,False
KEGG,9,AUTOPHAGY - OTHER,1.0,0,722,30,6576,,1.0,False
KEGG,9,BASAL TRANSCRIPTION FACTORS,1.0,0,722,36,6576,,1.0,False
KEGG,9,DNA REPLICATION,1.0,0,722,33,6576,,1.0,False
KEGG,9,FANCONI ANEMIA PATHWAY,1.0,0,722,44,6576,,1.0,False
KEGG,9,GLYCOSAMINOGLYCAN BIOSYNTHESIS - CHONDROITIN SULFATE / DERMATAN SULFATE,1.0,0,722,21,6576,,1.0,False
KEGG,9,GLYCOSPHINGOLIPID BIOSYNTHESIS - GANGLIO SERIES,1.0,0,722,15,6576,,1.0,False
KEGG,9,HOMOLOGOUS RECOMBINATION,1.0,0,722,37,6576,,1.0,False
KEGG,9,MISMATCH REPAIR,1.0,0,722,21,6576,,1.0,False
KEGG,9,MRNA SURVEILLANCE PATHWAY,1.0,0,722,80,6576,,1.0,False
KEGG,9,NON-HOMOLOGOUS END-JOINING,1.0,0,722,13,6576,,1.0,False
KEGG,9,NOTCH SIGNALING PATHWAY,1.0,0,722,55,6576,,1.0,False
KEGG,9,NUCLEOTIDE EXCISION REPAIR,1.0,0,722,53,6576,,1.0,False
KEGG,9,PHOSPHONATE AND PHOSPHINATE METABOLISM,1.0,0,722,6,6576,,1.0,False
KEGG,9,POLYCOMB REPRESSIVE COMPLEX,1.0,0,722,77,6576,,1.0,False
KEGG,9,PROTEASOME,1.0,0,722,43,6576,,1.0,False
KEGG,9,RIBOSOME BIOGENESIS IN EUKARYOTES,1.0,0,722,66,6576,,1.0,False
KEGG,9,RNA POLYMERASE,1.0,0,722,26,6576,,1.0,False
KEGG,9,SPLICEOSOME,1.0,0,722,121,6576,,1.0,False
KEGG,9,SULFUR RELAY SYSTEM,1.0,0,722,8,6576,,1.0,False
KEGG,9,THIAMINE METABOLISM,1.0,0,722,11,6576,,1.0,False
KEGG,9,VIRAL LIFE CYCLE - HIV-1,1.0,0,722,48,6576,,1.0,False
KEGG,10,POLYCOMB REPRESSIVE COMPLEX,2.1302914167714723e-07,23,607,77,6576,ASXL1;BCOR;BCORL1;CBX6;CBX7;CREBBP;EP300;EZH1;FBRS;FBRSL1;FOXK1;FOXK2;HCFC1;KDM2A;KDM2B;L3MBTL2;MBD6;PCGF2;PHC2;PHF1;RING1;USP21;WDR5,7.413414130364724e-05,True
KEGG,10,ATP-DEPENDENT CHROMATIN REMODELING,2.7389028611648634e-06,24,607,94,6576,ARID1A;BICRA;BICRAL;CHD3;DMAP1;DPF1;EP400;GATAD2A;GATAD2B;INO80B;INO80E;KAT5;MCRS1;MTA1;MTA2;NFRKB;RUVBL2;SMARCA4;SMARCC2;SMARCD1;SMARCD3;SRCAP;SS18L1;TRRAP,0.00047656909784268625,True
KEGG,10,PHOSPHATIDYLINOSITOL SIGNALING SYSTEM,9.552779632911377e-06,23,607,94,6576,DGKD;DGKQ;DGKZ;INPP5E;INPPL1;IP6K1;IP6K2;ITPR3;MTMR3;PI4K2A;PI4KA;PI4KB;PIK3C2B;PIK3R2;PIP4K2B;PIP4K2C;PIP4P1;PIP5K1C;PLCB3;PLCD3;PLCG1;PPIP5K1;SYNJ2,0.0011081224374177197,True
KEGG,10,AUTOPHAGY - ANIMAL,0.0004501816739182383,27,607,149,6576,AKT1;AKT1S1;AKT2;AMBRA1;ATG16L2;ATG2A;ATG4B;ATG9A;DAPK3;ERN1;GORASP1;IRS2;MTMR3;PIK3R2;PLEKHM1;PRKCQ;RPTOR;SMCR8;SNAP29;TP53INP2;TSC2;ULK1;VPS11;VPS16;VPS39;WDR45;ZFYVE1,0.03582728593870535,True
KEGG,10,INOSITOL PHOSPHATE METABOLISM,0.0005147598554411688,17,607,77,6576,INPP5E;INPPL1;IP6K1;IP6K2;MTMR3;PI4K2A;PI4KA;PI4KB;PIK3C2B;PIP4K2B;PIP4K2C;PIP5K1C;PLCB3;PLCD3;PLCG1;PPIP5K1;SYNJ2,0.03582728593870535,True
KEGG,10,MRNA SURVEILLANCE PATHWAY,0.000819438539404928,17,607,80,6576,ACIN1;CASC3;CPSF1;CPSF7;CSTF2;DAZAP1;DDX39B;NXF1;PELO;PPP2R5B;PPP2R5D;SMG5;SMG6;SYMPK;UPF1;WDR33;WDR82,0.04752743528548582,True
KEGG,10,VIRAL LIFE CYCLE - HIV-1,0.0010679079099888949,12,607,48,6576,BICD2;CDK9;CPSF7;CREBBP;ELL;EP300;HGS;KAT2A;MLLT1;NELFA;NELFB;SUPT5H,0.05309027895373363,False
KEGG,10,SPLICEOSOME,0.0014158317719771918,22,607,121,6576,ACIN1;BUD13;CASC3;CHERP;DDX23;DDX39B;DHX38;EFTUD2;PCBP1;PRPF19;PRPF31;PRPF8;SART1;SF1;SF3A1;SF3A2;SF3B4;SNRNP200;SRSF4;SRSF9;THOC6;U2AF2,0.061588682081007845,False
KEGG,10,ENDOCYTOSIS,0.0026548559975628403,33,607,217,6576,ACAP3;AGAP1;AGAP3;AP2A1;AP2A2;ARAP1;ARFGAP1;ARFGAP2;ARRB2;DNM2;EPS15L1;GIT1;GRK2;GRK6;HGS;IQSEC1;IQSEC2;KIF5A;MVB12B;PIP5K1C;PML;PRKCSH;RAB11FIP3;RAB35;RAB5B;RAB5C;RBSN;SH3GL1;SMURF1;VPS26B;VPS37B;VPS37C;WIPF2,0.10265443190576316,False
KEGG,10,THYROID HORMONE SIGNALING PATHWAY,0.0035365366723023694,20,607,114,6576,AKT1;AKT2;ATP1A3;CREBBP;DIDO1;EP300;KAT2A;MED12;MED16;MED24;NOTCH1;PFKL;PIK3R2;PLCB3;PLCD3;PLCG1;RXRA;RXRB;THRA;TSC2,0.10642810292085814,False
KEGG,10,NOTCH SIGNALING PATHWAY,0.003698284265345206,12,607,55,6576,CREBBP;DTX3;DVL1;DVL2;DVL3;EP300;KAT2A;MAML1;NCOR2;NOTCH1;NUMBL;TLE3,0.10642810292085814,False
KEGG,10,ACUTE MYELOID LEUKEMIA,0.003701071102995271,13,607,62,6576,AKT1;AKT2;ARAF;IKBKB;IKBKG;LONP1;PER2;PIK3R2;PML;PPARD;RELA;STAT5B;TCF7L2,0.10642810292085814,False
KEGG,10,HERPES SIMPLEX VIRUS 1 INFECTION,0.003975762465434356,22,607,131,6576,AKT1;AKT2;BAK1;DAXX;EIF2B5;FASN;HCFC1;IKBKB;IKBKG;IRAK1;NXF1;PIK3R2;PML;RELA;SRSF4;SRSF9;STAT2;TAB1;TICAM1;TLR9;TSC2;TYK2,0.10642810292085814,False
KEGG,10,MAPK SIGNALING PATHWAY,0.004673618355054456,40,607,286,6576,AKT1;AKT2;ARAF;ARRB2;CACNA1B;CACNA1G;CACNA2D2;CACNG3;CACNG8;DAXX;DUSP7;FASN;FGF22;IKBKB;IKBKG;IRAK1;MAP2K5;MAP2K7;MAP3K10;MAP3K11;MAP3K12;MAP3K14;MAP3K9;MAPK7;MAPK8IP1;MAPK8IP3;MAPKAPK2;MKNK1;MKNK2;NTF4;PLA2G4B;PLA2G4D;PLA2G4E;PSPN;RELA;RPS6KA4;SRF;SYNGAP1;TAB1;VEGFB,0.11617279911135363,False
KEGG,10,AMPK SIGNALING PATHWAY,0.007777669634769297,19,607,114,6576,ACACB;AKT1;AKT1S1;AKT2;CPT1B;CPT1C;CRTC2;EEF2;FASN;IRS2;PFKFB3;PFKL;PIK3R2;PPP2R5B;PPP2R5D;RPTOR;STRADA;TSC2;ULK1,0.18044193552664767,False
KEGG,10,RENAL CELL CARCINOMA,0.011405173604131687,12,607,63,6576,AKT1;AKT2;ARAF;CREBBP;EGLN2;EP300;FLCN;PAK4;PIK3R2;PRCC;RAPGEF1;TFE3,0.23063390831994568,False
KEGG,10,HEPATITIS B,0.01162499327355342,21,607,135,6576,AKT1;AKT2;ARAF;ATF6B;CREBBP;E2F2;EP300;FASN;IKBKB;IKBKG;IRAK1;MAP2K7;NFATC2;PIK3R2;PTK2B;RELA;STAT2;STAT5B;TAB1;TICAM1;TYK2,0.23063390831994568,False
KEGG,10,INSULIN SIGNALING PATHWAY,0.011941803589512112,20,607,127,6576,ACACB;AKT1;AKT2;ARAF;EXOC7;FASN;FLOT2;HOOK2;IKBKB;INPPL1;IRS2;MKNK1;MKNK2;PHKA2;PHKG2;PIK3R2;PPP1R3E;RAPGEF1;RPTOR;TSC2,0.23063390831994568,False
KEGG,10,INFLAMMATORY MEDIATOR REGULATION OF TRP CHANNELS,0.012592081201376346,15,607,87,6576,ALOX12;ASIC3;ASIC4;CAMK2G;DHX34;ITPR3;P2RY2;PIK3R2;PLA2G4B;PLA2G4D;PLA2G4E;PLA2G6;PLCB3;PLCG1;PRKCQ,0.23063390831994568,False
KEGG,10,TOLL-LIKE RECEPTOR SIGNALING PATHWAY,0.013790688905365753,14,607,80,6576,AKT1;AKT2;CXXC1;IKBKB;IKBKG;IRAK1;MAP2K7;PIK3R2;RELA;STAT2;TAB1;TICAM1;TLR9;TYK2,0.23995798695336412,False
KEGG,10,GLYCEROPHOSPHOLIPID METABOLISM,0.016784584707582005,16,607,98,6576,AGPAT1;CHKB;DGKD;DGKQ;DGKZ;LPCAT1;PCYT1A;PHOSPHO1;PLA2G4B;PLA2G4D;PLA2G4E;PLA2G6;PNPLA6;PNPLA7;PRKCSH;PTDSS2,0.2781445465827875,False
KEGG,10,MITOPHAGY - ANIMAL,0.020430900280230313,15,607,92,6576,AMBRA1;ATG9A;FKBP8;MED12;MFN2;MON1B;RAB5B;RAB5C;RELA;SMURF1;TBC1D17;TFE3;TFEB;TOMM40;ULK1,0.31383417983362816,False
KEGG,10,CHOLINE METABOLISM IN CANCER,0.022366160630016927,15,607,93,6576,AKT1;AKT2;CHKB;DGKD;DGKQ;DGKZ;PCYT1A;PIK3R2;PIP5K1C;PLA2G4B;PLA2G4D;PLA2G4E;PLCG1;PRKCSH;TSC2,0.31383417983362816,False
KEGG,10,GLUCAGON SIGNALING PATHWAY,0.022366160630016927,15,607,93,6576,ACACB;AKT1;AKT2;CAMK2G;CPT1B;CPT1C;CREBBP;CRTC2;EP300;ITPR3;PFKL;PHKA2;PHKG2;PLCB3;PPP4C,0.31383417983362816,False
KEGG,10,ADIPOCYTOKINE SIGNALING PATHWAY,0.022713384652231647,12,607,69,6576,ACACB;AKT1;AKT2;CPT1B;CPT1C;IKBKB;IKBKG;IRS2;PRKCQ;RELA;RXRA;RXRB,0.31383417983362816,False
KEGG,10,KAPOSI SARCOMA-ASSOCIATED HERPESVIRUS INFECTION,0.023447381251937738,22,607,153,6576,AKT1;AKT2;BAK1;CREBBP;E2F2;EP300;FASN;GNB2;IKBKB;IKBKG;ITPR3;MAP2K7;MAPKAPK2;NFATC2;PIK3R2;PLCG1;RELA;STAT2;TCF7L2;TICAM1;TYK2;ZFP36,0.31383417983362816,False
KEGG,10,NUCLEOCYTOPLASMIC TRANSPORT,0.024901786545748154,14,607,86,6576,ACIN1;CASC3;DDX39B;IPO13;IPO4;NUP188;NUP210;NUP62;NXF1;THOC6;TNPO2;UPF1;XPO5;XPO6,0.3202530366806112,False
KEGG,10,PHOSPHOLIPASE D SIGNALING PATHWAY,0.025767485709934236,20,607,137,6576,AGPAT1;AKT1;AKT2;AVPR2;DGKD;DGKQ;DGKZ;DNM2;LPAR2;PIK3R2;PIP5K1C;PLA2G4B;PLA2G4D;PLA2G4E;PLCB3;PLCG1;PRKCSH;PTK2B;RAPGEF3;TSC2,0.3202530366806112,False
KEGG,10,NEUROTROPHIN SIGNALING PATHWAY,0.027127600264724206,17,607,112,6576,ABL1;AKT1;AKT2;ARHGDIA;CAMK2G;IKBKB;IRAK1;MAP2K5;MAP2K7;MAPK7;MAPKAPK2;NTF4;PIK3R2;PLCG1;RAPGEF1;RELA;SH2B1,0.3255312031766905,False
KEGG,10,CHRONIC MYELOID LEUKEMIA,0.030770969228069215,12,607,72,6576,ABL1;AKT1;AKT2;ARAF;BAK1;BCR;E2F2;IKBKB;IKBKG;PIK3R2;RELA;STAT5B,0.3569432430456029,False
KEGG,10,HUMAN PAPILLOMAVIRUS INFECTION,0.034160596043215107,36,607,287,6576,AKT1;AKT2;ATP6V0A1;ATP6V1B1;AXIN1;BAK1;CHAD;CREBBP;CXXC1;DVL1;DVL2;DVL3;EP300;FASN;IKBKB;IKBKG;ITGA10;LLGL1;LMNB2;MAML1;MPP3;NOTCH1;PIK3R2;PPP2R5B;PPP2R5D;RELA;SCRIB;STAT2;TCF7L2;THBS3;TICAM1;TSC2;TUBG2;TYK2;UBR4;WNT9B,0.3768632034883885,False
KEGG,10,HUMAN T-CELL LEUKEMIA VIRUS 1 INFECTION,0.034654087677093194,26,607,195,6576,AKT1;AKT2;ANAPC2;ATF6B;CREBBP;CRTC1;CRTC2;E2F2;EP300;ESPL1;IKBKB;IKBKG;KAT2A;KAT5;MAD1L1;MAP3K14;NFATC2;PIK3R2;RANBP3;RELA;SRF;STAT5B;TLN1;TRRAP;VAC14;ZFP36,0.3768632034883885,False
KEGG,10,HEDGEHOG SIGNALING PATHWAY,0.04158937666973774,9,607,51,6576,ARRB2;CSNK1G2;GRK2;MEGF8;MGRN1;PTCH1;PTCH2;SMURF1;SUFU,0.4385788812445071,False
KEGG,10,NON-SMALL CELL LUNG CANCER,0.04989159156507376,11,607,69,6576,AKT1;AKT2;ARAF;BAK1;E2F2;KIF5A;PIK3R2;PLCG1;RXRA;RXRB;STAT5B,0.4888826739259443,False
KEGG,10,FC GAMMA R-MEDIATED PHAGOCYTOSIS,0.05069533452761296,13,607,86,6576,AKT1;AKT2;DNM2;INPPL1;PIK3R2;PIP5K1C;PLA2G4B;PLA2G4D;PLA2G4E;PLA2G6;PLCG1;PRKCSH;VASP,0.4888826739259443,False
KEGG,10,BASAL CELL CARCINOMA,0.05096462250061731,10,607,61,6576,AXIN1;BAK1;DVL1;DVL2;DVL3;PTCH1;PTCH2;SUFU;TCF7L2;WNT9B,0.4888826739259443,False
KEGG,10,MTOR SIGNALING PATHWAY,0.05233887220471242,20,607,148,6576,AKT1;AKT1S1;AKT2;ATP6V1B1;CASTOR2;DEPDC5;DVL1;DVL2;DVL3;FLCN;IKBKB;NPRL3;PIK3R2;RPTOR;STRADA;TSC2;ULK1;WDR24;WDR59;WNT9B,0.4888826739259443,False
KEGG,10,OTHER GLYCAN DEGRADATION,0.05338374025628128,4,607,16,6576,GBA2;MAN2B1;MAN2B2;MAN2C1,0.4888826739259443,False
KEGG,10,VEGF SIGNALING PATHWAY,0.06279789163233165,9,607,55,6576,AKT1;AKT2;MAPKAPK2;NFATC2;PIK3R2;PLA2G4B;PLA2G4D;PLA2G4E;PLCG1,0.5466191736474472,False
KEGG,10,SALMONELLA INFECTION,0.06282979007441922,27,607,216,6576,ACTR1B;AKT1;AKT2;ARL8A;BAK1;DCTN1;DNM2;EXOC7;FHOD1;FYCO1;IKBKB;IKBKG;IRAK1;KIF5A;MAP2K7;PIK3C2B;PLEKHM1;PLEKHM2;RAB5B;RAB5C;RELA;TAB1;TCF7L2;TLR9;VPS11;VPS16;VPS39,0.5466191736474472,False
KEGG,10,INFLUENZA A,0.06626461730189837,16,607,116,6576,AKT1;AKT2;BAK1;CREBBP;EP300;FASN;HNRNPUL1;IKBKB;IKBKG;NXF1;PIK3R2;PML;RELA;STAT2;TICAM1;TYK2,0.5624411419770886,False
KEGG,10,HIF-1 SIGNALING PATHWAY,0.0695922091279752,14,607,99,6576,AKT1;AKT2;CAMK2G;CREBBP;EGLN2;EP300;HOOK2;MKNK1;MKNK2;PFKFB3;PFKL;PIK3R2;PLCG1;RELA,0.5766211613460802,False
KEGG,10,HEPATOCELLULAR CARCINOMA,0.07793517056881935,19,607,146,6576,AKT1;AKT2;ARAF;ARID1A;AXIN1;BAK1;DPF1;DVL1;DVL2;DVL3;E2F2;PIK3R2;PLCG1;SMARCA4;SMARCC2;SMARCD1;SMARCD3;TCF7L2;WNT9B,0.6162950950755088,False
KEGG,10,YERSINIA INFECTION,0.07960398611161054,16,607,119,6576,AKT1;AKT2;ARHGEF1;IKBKB;IKBKG;IRAK1;MAP2K7;NFATC2;PIK3R2;PIP5K1C;PLCG1;PTK2B;RELA;TAB1;TICAM1;WIPF2,0.6162950950755088,False
KEGG,10,ALCOHOLIC LIVER DISEASE,0.07969333125976408,15,607,110,6576,ACACB;AKT1;AKT2;CPT1B;CPT1C;FASN;IKBKB;IKBKG;IRAK1;MAP2K7;MAP3K14;RELA;TAB1;TCF7L2;TICAM1,0.6162950950755088,False
KEGG,10,GNRH SECRETION,0.08253516088583603,9,607,58,6576,AKT1;AKT2;ARRB2;CACNA1G;CXXC1;GABBR1;ITPR3;PIK3R2;PLCB3,0.624396434527629,False
KEGG,10,SYNAPTIC VESICLE CYCLE,0.08801567885859324,11,607,76,6576,AP2A1;AP2A2;ATP6V0A1;ATP6V1B1;CACNA1B;CPLX2;DNM2;SLC6A7;STX1A;STXBP1;UNC13A,0.6516905583572435,False
KEGG,10,SMALL CELL LUNG CANCER,0.10212270842076371,12,607,87,6576,AKT1;AKT2;BAK1;E2F2;IKBKB;IKBKG;LMNB2;PIK3R2;RELA;RXRA;RXRB;ZBTB17,0.7387351717757535,False
KEGG,10,UBIQUITIN MEDIATED PROTEOLYSIS,0.1040173086695745,17,607,133,6576,ANAPC2;CUL7;FZR1;HERC2;MGRN1;PIAS3;PML;PPIL2;PRPF19;SMURF1;SYVN1;UBA1;UBE2M;UBE2O;UBE3B;UBOX5;WWP2,0.7387351717757535,False
KEGG,10,FANCONI ANEMIA PATHWAY,0.10620746439462099,7,607,44,6576,EME2;FANCA;FANCE;MUS81;POLR1A;SLX4;TOP3B,0.7392039521865621,False
KEGG,10,EFFEROCYTOSIS,0.11301467146477538,18,607,144,6576,ADGRB1;ANO9;CAMK2G;CPT1B;CPT1C;DUSP7;MAPKAPK2;NFATC2;P2RY2;PLA2G6;PPARD;RAB5B;RAB5C;RXRA;TGFBRAP1;VPS11;VPS16;VPS39,0.7711589347008203,False
KEGG,10,ENDOMETRIAL CANCER,0.12055215810244715,8,607,54,6576,AKT1;AKT2;ARAF;AXIN1;BAK1;FZR1;PIK3R2;TCF7L2,0.7941707214320337,False
KEGG,10,SPINOCEREBELLAR ATAXIA,0.12095128803418904,17,607,136,6576,AKT1;AKT2;AMBRA1;ATG2A;ATXN2L;CIC;ERN1;ITPR3;KAT5;KCNC3;MED12;PIK3R2;PLCB3;PSMD3;SPTBN2;TWNK;ULK1,0.7941707214320337,False
KEGG,10,PD-L1 EXPRESSION AND PD-1 CHECKPOINT PATHWAY IN CANCER,0.12385680420769547,11,607,81,6576,AKT1;AKT2;IKBKB;IKBKG;NFATC2;PIK3R2;PLCG1;PRKCQ;RELA;TICAM1;TLR9,0.7981882937829263,False
KEGG,10,T CELL RECEPTOR SIGNALING PATHWAY,0.1274895636215528,14,607,109,6576,AKT1;AKT2;IKBKB;IKBKG;MAP2K7;MAP3K14;NFATC2;PAK4;PIK3R2;PLCG1;PPP2R5B;PPP2R5D;PRKCQ;RELA,0.8066612389145523,False
KEGG,10,EPITHELIAL CELL SIGNALING IN HELICOBACTER PYLORI INFECTION,0.13197596594189842,9,607,64,6576,ATP6V0A1;ATP6V1B1;CSK;GIT1;IKBKB;IKBKG;MAP3K14;PLCG1;RELA,0.8129933295291168,False
KEGG,10,ETHER LIPID METABOLISM,0.1380836271636394,7,607,47,6576,LPCAT1;PLA2G4B;PLA2G4D;PLA2G4E;PLA2G6;PRKCSH;TMEM86B,0.8129933295291168,False
KEGG,10,ALPHA-LINOLENIC ACID METABOLISM,0.13918124562275547,4,607,22,6576,PLA2G4B;PLA2G4D;PLA2G4E;PLA2G6,0.8129933295291168,False
KEGG,10,LINOLEIC ACID METABOLISM,0.13918124562275547,4,607,22,6576,PLA2G4B;PLA2G4D;PLA2G4E;PLA2G6,0.8129933295291168,False
KEGG,10,LONGEVITY REGULATING PATHWAY,0.1401712637119167,11,607,83,6576,AKT1;AKT1S1;AKT2;ATF6B;EHMT2;IRS2;PIK3R2;RELA;RPTOR;TSC2;ULK1,0.8129933295291168,False
KEGG,10,INSULIN RESISTANCE,0.14425721757848112,13,607,102,6576,ACACB;AKT1;AKT2;CPT1B;CRTC2;IKBKB;IRS2;MLXIP;PIK3R2;PPARGC1B;PPP1R3E;PRKCQ;RELA,0.8174858397032568,False
KEGG,10,CARBOHYDRATE DIGESTION AND ABSORPTION,0.14564402891264921,6,607,39,6576,AKT1;AKT2;ATP1A3;HOOK2;PIK3R2;PLCB3,0.8174858397032568,False
KEGG,10,PANCREATIC CANCER,0.15035344182099447,10,607,75,6576,AKT1;AKT2;ARAF;BAK1;E2F2;IKBKB;IKBKG;PIK3R2;PRKCSH;RELA,0.8223068914298511,False
KEGG,10,LYSINE DEGRADATION,0.15122885359629445,8,607,57,6576,DLST;DOT1L;EHMT2;EZH1;KMT2B;KMT2D;SETD1B;SETDB1,0.8223068914298511,False
KEGG,10,MICRORNAS IN CANCER,0.15523625820959458,18,607,151,6576,ABCC1;ABL1;BAK1;BCL2L2;CREBBP;E2F2;EP300;HDAC4;HDAC5;IKBKB;IRS2;LONP1;MAPK7;NOTCH1;PAK4;PIK3R2;PLCG1;RPTOR,0.8244913434460469,False
KEGG,10,ABC TRANSPORTERS,0.15887253019652153,6,607,40,6576,ABCA2;ABCA7;ABCB9;ABCC1;ABCC10;ABCD1,0.8244913434460469,False
KEGG,10,ERBB SIGNALING PATHWAY,0.15979855742135832,10,607,76,6576,ABL1;AKT1;AKT2;ARAF;CAMK2G;MAP2K7;PAK4;PIK3R2;PLCG1;STAT5B,0.8244913434460469,False
KEGG,10,VIRAL CARCINOGENESIS,0.16189416555552522,18,607,152,6576,ATF6B;BAK1;CREBBP;EP300;HDAC4;HDAC5;HDAC6;IKBKG;KAT2A;MAD1L1;MAPKAPK2;PIK3R2;RELA;SCRIB;SRF;STAT5B;UBR4;VAC14,0.8244913434460469,False
KEGG,10,C-TYPE LECTIN RECEPTOR SIGNALING PATHWAY,0.16347673189016448,12,607,95,6576,AKT1;AKT2;IKBKB;IKBKG;ITPR3;KSR1;MAP3K14;MAPKAPK2;NFATC2;PIK3R2;RELA;STAT2,0.8244913434460469,False
KEGG,10,MEASLES,0.16835042008963622,13,607,105,6576,AKT1;AKT2;BAK1;FASN;IKBKB;IKBKG;IRAK1;PIK3R2;RELA;STAT2;STAT5B;TLR9;TYK2,0.83694208844562,False
KEGG,10,RNA DEGRADATION,0.1719217387198855,9,607,68,6576,CNOT3;CNOT9;DCP1B;EDC3;EDC4;EXOSC10;PFKL;TENT4A;TOB2,0.8426586630214107,False
KEGG,10,APOPTOSIS,0.18056491042507603,14,607,116,6576,AKT1;AKT2;BAK1;CASP2;DAXX;ERN1;FASN;IKBKB;IKBKG;ITPR3;LMNB2;MAP3K14;PIK3R2;RELA,0.8727304003878674,False
KEGG,10,GASTRIC CANCER,0.18621016234921875,16,607,136,6576,AKT1;AKT2;ARAF;AXIN1;BAK1;DVL1;DVL2;DVL3;E2F2;FGF22;FZR1;PIK3R2;RXRA;RXRB;TCF7L2;WNT9B,0.8788770690162776,False
KEGG,10,TH1 AND TH2 CELL DIFFERENTIATION,0.18980536140794124,10,607,79,6576,IKBKB;IKBKG;MAML1;NFATC2;NOTCH1;PLCG1;PRKCQ;RELA;STAT5B;TYK2,0.8788770690162776,False
KEGG,10,PATHWAYS OF NEURODEGENERATION - MULTIPLE DISEASES,0.19015658416574208,43,607,407,6576,ACTR1B;AMBRA1;ARAF;ATG2A;ATXN2L;AXIN1;BAK1;CACNA1B;CAMK2G;CDK5R1;DAXX;DCTN1;DNAH1;DNAH10;DNAH17;DNAH3;DNAI2;DVL1;DVL2;DVL3;ERN1;FASN;ITPR3;KIF5A;LLGL1;MAP2K7;MAP3K10;MFN2;PLCB3;PLCG1;PRPH2;PSMD3;RELA;RYR2;SMCR8;SPTBN2;STX1A;TOMM40;UBA1;ULK1;VAPB;WNT9B;ZFYVE1,0.8788770690162776,False
KEGG,10,GLUTAMATERGIC SYNAPSE,0.1943257432399327,13,607,108,6576,GNB2;GRIK5;GRK2;ITPR3;LLGL1;NCDN;PLA2G4B;PLA2G4D;PLA2G4E;PLCB3;PRKCSH;SHANK1;SHANK3,0.8788770690162776,False
KEGG,10,RAS SIGNALING PATHWAY,0.19478993330807903,24,607,216,6576,ABL1;AKT1;AKT2;FGF22;FOXO4;GNB2;IKBKB;IKBKG;KSR1;NTF4;PAK4;PIK3R2;PLA2G4B;PLA2G4D;PLA2G4E;PLA2G6;PLCG1;PRKCSH;RAB5B;RAB5C;RALGAPB;RELA;SYNGAP1;VEGFB,0.8788770690162776,False
KEGG,10,FC EPSILON RI SIGNALING PATHWAY,0.19728847408352929,8,607,61,6576,AKT1;AKT2;MAP2K7;PIK3R2;PLA2G4B;PLA2G4D;PLA2G4E;PLCG1,0.8788770690162776,False
KEGG,10,GNRH SIGNALING PATHWAY,0.20033223941985356,10,607,80,6576,CAMK2G;ITPR3;MAP2K7;MAPK7;PLA2G4B;PLA2G4D;PLA2G4E;PLCB3;PRKCSH;PTK2B,0.8788770690162776,False
KEGG,10,OXYTOCIN SIGNALING PATHWAY,0.20204070552098335,16,607,138,6576,CACNA2D2;CACNG3;CACNG8;CAMK2G;EEF2;ITPR3;KCNJ14;MAP2K5;MAPK7;NFATC2;PLA2G4B;PLA2G4D;PLA2G4E;PLCB3;PPP1R12C;RYR2,0.8788770690162776,False
KEGG,10,CHAGAS DISEASE,0.20544661294954666,11,607,90,6576,AKT1;AKT2;FASN;IKBKB;IKBKG;IRAK1;PIK3R2;PLCB3;RELA;TICAM1;TLR9,0.882659522301756,False
KEGG,10,CYTOSOLIC DNA-SENSING PATHWAY,0.21355791758839593,7,607,53,6576,IKBKB;IKBKG;PCBP1;POLR3D;POLR3E;RELA;ZCCHC3,0.8967876198503418,False
KEGG,10,RNA POLYMERASE,0.2145512805127424,4,607,26,6576,POLR1A;POLR2A;POLR3D;POLR3E,0.8967876198503418,False
KEGG,10,TYPE II DIABETES MELLITUS,0.21646597720525493,6,607,44,6576,CACNA1B;CACNA1G;HOOK2;IKBKB;IRS2;PIK3R2,0.8967876198503418,False
KEGG,10,HUMAN IMMUNODEFICIENCY VIRUS 1 INFECTION,0.2208951867446878,19,607,170,6576,AKT1;AKT2;AP1B1;AP1G2;BAK1;FASN;GNB2;IKBKB;IKBKG;IRAK1;ITPR3;MAP2K7;NFATC2;PAK4;PIK3R2;PLCG1;PTK2B;RELA;TAB1,0.8984370932656505,False
KEGG,10,OSTEOCLAST DIFFERENTIATION,0.2220275575311665,13,607,111,6576,AKT1;AKT2;IKBKB;IKBKG;ITPR3;MAP2K7;MAP3K14;NFATC2;PIK3R2;RELA;STAT2;TAB1;TYK2,0.8984370932656505,False
KEGG,10,LIPID AND ATHEROSCLEROSIS,0.22857721532987418,19,607,171,6576,AKT1;AKT2;ARHGEF1;CAMK2G;ERN1;FASN;IKBKB;IKBKG;IRAK1;MAP2K7;NFATC2;PIK3R2;PLCB3;PLCG1;RELA;RXRA;RXRB;TAB1;TICAM1,0.9143088613194967,False
KEGG,10,THYROID CANCER,0.23489703494258543,5,607,36,6576,BAK1;FZR1;RXRA;RXRB;TCF7L2,0.9185657733864813,False
KEGG,10,AMINOACYL-TRNA BIOSYNTHESIS,0.2349205569867725,4,607,27,6576,AARS2;MARS1;SARS2;VARS2,0.9185657733864813,False
KEGG,10,ARACHIDONIC ACID METABOLISM,0.2476009714845705,6,607,46,6576,ALOX12;ALOXE3;PLA2G4B;PLA2G4D;PLA2G4E;PLA2G6,0.9553078877457863,False
KEGG,10,"PARATHYROID HORMONE SYNTHESIS, SECRETION AND ACTION",0.24980752237030618,12,607,104,6576,ARAF;ARHGEF1;ARHGEF11;ARRB2;ATF6B;ITPR3;MEF2D;MMP24;PLCB3;PRKCSH;RXRA;RXRB,0.9553078877457863,False
KEGG,10,B CELL RECEPTOR SIGNALING PATHWAY,0.261666063367011,8,607,66,6576,AKT1;AKT2;IKBKB;IKBKG;INPPL1;NFATC2;PIK3R2;RELA,0.9897803266491284,False
KEGG,10,HEPATITIS C,0.2716501392905699,14,607,126,6576,AKT1;AKT2;ARAF;BAK1;E2F2;FASN;IKBKB;IKBKG;PIK3R2;RELA;RXRA;STAT2;TICAM1;TYK2,1.0,False
KEGG,10,FRUCTOSE AND MANNOSE METABOLISM,0.2768823286571953,4,607,29,6576,FCSK;HOOK2;PFKFB3;PFKL,1.0,False
KEGG,10,PROSTATE CANCER,0.281272121941222,11,607,97,6576,AKT1;AKT2;ARAF;CREBBP;E2F2;EP300;IKBKB;IKBKG;PIK3R2;RELA;TCF7L2,1.0,False
KEGG,10,PATHWAYS IN CANCER,0.2823166119977861,47,607,467,6576,ABL1;AKT1;AKT2;ARAF;ARHGEF1;ARHGEF11;AXIN1;BAK1;BCR;CAMK2G;CREBBP;DAPK3;DVL1;DVL2;DVL3;E2F2;EGLN2;EP300;FASN;FGF22;FZR1;GNB2;IKBKB;IKBKG;LMNB2;LONP1;LPAR2;NOTCH1;PIK3R2;PLCB3;PLCG1;PLEKHG5;PML;PPARD;PRKCSH;PTCH1;PTCH2;RELA;RXRA;RXRB;STAT2;STAT5B;SUFU;TCF7L2;VEGFB;WNT9B;ZBTB17,1.0,False
KEGG,10,GLIOMA,0.28903263088730713,8,607,68,6576,AKT1;AKT2;ARAF;BAK1;CAMK2G;E2F2;PIK3R2;PLCG1,1.0,False
KEGG,10,MELANOMA,0.28903263088730713,8,607,68,6576,AKT1;AKT2;ARAF;BAK1;E2F2;FGF22;FZR1;PIK3R2,1.0,False
KEGG,10,AUTOPHAGY - OTHER,0.2983063188305318,4,607,30,6576,ATG2A;ATG4B;ATG9A;RPTOR,1.0,False
KEGG,10,LONG-TERM POTENTIATION,0.3005991590583216,7,607,59,6576,ARAF;CAMK2G;CREBBP;EP300;ITPR3;PLCB3;RAPGEF3,1.0,False
KEGG,10,TNF SIGNALING PATHWAY,0.30376441430578344,12,607,109,6576,AKT1;AKT2;ATF6B;FASN;IKBKB;IKBKG;MAP2K7;MAP3K14;PIK3R2;RELA;RPS6KA4;TAB1,1.0,False
KEGG,10,EPSTEIN-BARR VIRUS INFECTION,0.30641647720492027,17,607,160,6576,AKT1;AKT2;BAK1;E2F2;FASN;IKBKB;IKBKG;IRAK1;MAP2K7;MAP3K14;NCOR2;PIK3R2;PSMD3;RELA;STAT2;TAB1;TYK2,1.0,False
KEGG,10,CUSHING SYNDROME,0.3101677594549198,15,607,140,6576,ATF6B;AXIN1;CACNA1G;CAMK2G;DVL1;DVL2;DVL3;E2F2;ITPR3;KMT2D;MEN1;PLCB3;TCF7L2;WDR5;WNT9B,1.0,False
KEGG,10,MOTOR PROTEINS,0.31337106785365,18,607,171,6576,ACTR1B;BICDL1;DCTN1;DNAH1;DNAH10;DNAH17;DNAH3;DNAI2;KIF1C;KIF5A;KIFC2;MYH7B;MYO15B;MYO18A;MYO19;MYO7B;MYO9B;TUBG2,1.0,False
KEGG,10,LYSOSOME,0.3135048345581818,13,607,120,6576,ABCA2;ABCB9;AP1B1;AP1G2;AP3D1;AP4M1;ATP6V0A1;GALNS;GGA1;GGA2;GGA3;MAN2B1;MCOLN1,1.0,False
KEGG,10,SNARE INTERACTIONS IN VESICULAR TRANSPORT,0.31991795165127646,4,607,31,6576,BET1L;GOSR2;SNAP29;STX1A,1.0,False
KEGG,10,VASOPRESSIN-REGULATED WATER REABSORPTION,0.32671521895333017,5,607,41,6576,ARHGDIA;AVPR2;DCTN1;RAB5B;RAB5C,1.0,False
KEGG,10,CHEMOKINE SIGNALING PATHWAY,0.32751124067561993,16,607,152,6576,AKT1;AKT2;ARRB2;GNB2;GRK2;GRK6;GSK3A;IKBKB;IKBKG;PIK3R2;PLCB3;PLCG1;PTK2B;RELA;STAT2;STAT5B,1.0,False
KEGG,10,DOPAMINERGIC SYNAPSE,0.33510408657304724,13,607,122,6576,AKT1;AKT2;ARRB2;ATF6B;CACNA1B;CAMK2G;GNB2;GSK3A;ITPR3;KIF5A;PLCB3;PPP2R5B;PPP2R5D,1.0,False
KEGG,10,GLYCOSAMINOGLYCAN BIOSYNTHESIS - KERATAN SULFATE,0.34074721050721674,2,607,13,6576,B4GALT3;ST3GAL2,1.0,False
KEGG,10,TH17 CELL DIFFERENTIATION,0.3420443311672939,10,607,92,6576,IKBKB;IKBKG;NFATC2;PLCG1;PRKCQ;RELA;RXRA;RXRB;STAT5B;TYK2,1.0,False
KEGG,10,TRANSCRIPTIONAL MISREGULATION IN CANCER,0.3568016706276302,16,607,155,6576,ASPSCR1;BAK1;CDK9;DOT1L;H3-4;MEN1;MLLT1;PER2;PML;PRCC;RELA;RXRA;RXRB;SS18L1;TFE3;ZBTB17,1.0,False
KEGG,10,WNT SIGNALING PATHWAY,0.3568016706276302,16,607,155,6576,AXIN1;CAMK2G;CCAR2;CHD8;CREBBP;DVL1;DVL2;DVL3;EP300;NFATC2;NKD2;PLCB3;PPARD;TCF7L2;TLE3;WNT9B,1.0,False
KEGG,10,BREAST CANCER,0.3642019875202317,14,607,135,6576,AKT1;AKT2;ARAF;AXIN1;BAK1;DVL1;DVL2;DVL3;E2F2;FGF22;NOTCH1;PIK3R2;TCF7L2;WNT9B,1.0,False
KEGG,10,IGSF CAM SIGNALING,0.3699826713055706,26,607,261,6576,ABL1;AKT1;AKT2;CNTNAP1;CSK;FZR1;GIT1;GRIP2;KCNA1;KCNA6;MPP3;NFASC;NLGN2;NLGN3;PAK4;PIK3R2;PLCG1;PPFIA4;PRKCQ;PTPRS;ROBO3;SPTBN2;SPTBN4;SPTBN5;SYNGAP1;UNC5A,1.0,False
KEGG,10,PHENYLALANINE METABOLISM,0.3754342459854176,2,607,14,6576,AOC2;ATAT1,1.0,False
KEGG,10,AGE-RAGE SIGNALING PATHWAY IN DIABETIC COMPLICATIONS,0.3802497305070069,10,607,95,6576,AKT1;AKT2;LONP1;PIK3R2;PLCB3;PLCD3;PLCG1;RELA;STAT5B;VEGFB,1.0,False
KEGG,10,SEROTONERGIC SYNAPSE,0.3802497305070069,10,607,95,6576,ALOX12;ARAF;CACNA1B;GNB2;ITPR3;PLA2G4B;PLA2G4D;PLA2G4E;PLCB3;RAPGEF3,1.0,False
KEGG,10,LONGEVITY REGULATING PATHWAY - MULTIPLE SPECIES,0.3809621933735848,6,607,54,6576,AKT1;AKT1S1;AKT2;IRS2;PIK3R2;RPTOR,1.0,False
KEGG,10,SHIGELLOSIS,0.3825385957410325,21,607,210,6576,AKT1;AKT1S1;AKT2;ARHGEF2;FOXO4;GSK3A;H3-4;HOOK2;IKBKB;IKBKG;ITPR3;PIK3R2;PLCB3;PLCD3;PLCG1;PRKCQ;RELA;RPTOR;SEPTIN9;TAB1;TLN1,1.0,False
KEGG,10,ENDOCRINE AND OTHER FACTOR-REGULATED CALCIUM REABSORPTION,0.3835866619688304,5,607,44,6576,AP2A1;AP2A2;ATP1A3;DNM2;PLCB3,1.0,False
KEGG,10,PLATELET ACTIVATION,0.38359855983702185,12,607,116,6576,AKT1;AKT2;ARHGAP35;ARHGEF1;ITPR3;PIK3R2;PLA2G4B;PLA2G4D;PLA2G4E;PLCB3;TLN1;VASP,1.0,False
KEGG,10,GLYCOSAMINOGLYCAN BIOSYNTHESIS - HEPARAN SULFATE / HEPARIN,0.38412567496970906,3,607,24,6576,EXTL3;NDST2;XYLT2,1.0,False
KEGG,10,HIPPO SIGNALING PATHWAY,0.3912943591510658,15,607,148,6576,AXIN1;DLG5;DVL1;DVL2;DVL3;FZR1;LIMD1;LLGL1;MPP3;NKD2;SCRIB;SMAD7;TCF7L2;TRIM26;WNT9B,1.0,False
KEGG,10,LONG-TERM DEPRESSION,0.3980318944602511,6,607,55,6576,ARAF;ITPR3;PLA2G4B;PLA2G4D;PLA2G4E;PLCB3,1.0,False
KEGG,10,"GROWTH HORMONE SYNTHESIS, SECRETION AND ACTION",0.4004354255780989,11,607,107,6576,AKT1;AKT2;ATF6B;CREBBP;EP300;IRS2;ITPR3;PIK3R2;PLCB3;PLCG1;STAT5B,1.0,False
KEGG,10,RIBOSOME BIOGENESIS IN EUKARYOTES,0.40910471154851424,7,607,66,6576,NAT10;NOB1;NXF1;PWP2;REXO1;TBL3;TCOF1,1.0,False
KEGG,10,COLLECTING DUCT ACID SECRETION,0.4099557316597524,3,607,25,6576,ATP6V0A1;ATP6V1B1;SLC12A7,1.0,False
KEGG,10,COCAINE ADDICTION,0.4214478862602806,5,607,46,6576,ATF6B;CDK5R1;GPSM1;LLGL1;RELA,1.0,False
KEGG,10,BASAL TRANSCRIPTION FACTORS,0.42825466734982315,4,607,36,6576,ERCC2;TAF4;TAF6;TAF6L,1.0,False
KEGG,10,HUNTINGTON DISEASE,0.4296758723792909,25,607,258,6576,ACTR1B;AMBRA1;AP2A1;AP2A2;ATG2A;CACNA1B;CREBBP;DCTN1;DNAH1;DNAH10;DNAH17;DNAH3;DNAI2;EP300;ERN1;KIF5A;LLGL1;MAP2K7;MAP3K10;PLCB3;POLR2A;PSMD3;STX1A;TAF4;ULK1,1.0,False
KEGG,10,HUMAN CYTOMEGALOVIRUS INFECTION,0.43414178056064495,18,607,184,6576,AKT1;AKT2;ARHGEF1;ARHGEF11;ATF6B;BAK1;E2F2;FASN;GNB2;IKBKB;IKBKG;ITPR3;NFATC2;PIK3R2;PLCB3;PTK2B;RELA;TSC2,1.0,False
KEGG,10,MELANOGENESIS,0.4389605089955946,9,607,89,6576,CAMK2G;CREBBP;DVL1;DVL2;DVL3;EP300;PLCB3;TCF7L2;WNT9B,1.0,False
KEGG,10,NF-KAPPA B SIGNALING PATHWAY,0.4389605089955946,9,607,89,6576,IKBKB;IKBKG;IRAK1;MAP3K14;PLCG1;PRKCQ;RELA;TAB1;TICAM1,1.0,False
KEGG,10,"PHENYLALANINE, TYROSINE AND TRYPTOPHAN BIOSYNTHESIS",0.4408377453951633,1,607,6,6576,ATAT1,1.0,False
KEGG,10,PHOSPHONATE AND PHOSPHINATE METABOLISM,0.4408377453951633,1,607,6,6576,PCYT1A,1.0,False
KEGG,10,FATTY ACID BIOSYNTHESIS,0.44232852557250457,2,607,16,6576,ACACB;FASN,1.0,False
KEGG,10,BLADDER CANCER,0.4495309950970531,4,607,37,6576,ARAF;DAPK3;E2F2;FZR1,1.0,False
KEGG,10,HOMOLOGOUS RECOMBINATION,0.4495309950970531,4,607,37,6576,MUS81;POLD1;POLR1A;TOP3B,1.0,False
KEGG,10,NEUTROPHIL EXTRACELLULAR TRAP FORMATION,0.457290349277705,10,607,101,6576,AKT1;AKT2;H3-4;HDAC4;HDAC5;HDAC6;PIK3R2;PLCB3;PLCG1;RELA,1.0,False
KEGG,10,AFRICAN TRYPANOSOMIASIS,0.46050860773827323,3,607,27,6576,FASN;PLCB3;TLR9,1.0,False
KEGG,10,COBALAMIN TRANSPORT AND METABOLISM,0.47426579386773426,2,607,17,6576,HCFC1;ZNF76,1.0,False
KEGG,10,SELENOCOMPOUND METABOLISM,0.47426579386773426,2,607,17,6576,MARS1;SEPHS1,1.0,False
KEGG,10,CHOLINERGIC SYNAPSE,0.4827618084586339,10,607,103,6576,AKT1;AKT2;CACNA1B;CAMK2G;CHRM4;GNB2;ITPR3;KCNJ14;PIK3R2;PLCB3,1.0,False
KEGG,10,NOD-LIKE RECEPTOR SIGNALING PATHWAY,0.4997798573767625,12,607,126,6576,DHX33;IKBKB;IKBKG;ITPR3;MFN2;NLRP6;PLCB3;RELA;STAT2;TAB1;TICAM1;TYK2,1.0,False
KEGG,10,TOXOPLASMOSIS,0.5061090667816585,9,607,94,6576,AKT1;AKT2;IKBKB;IKBKG;IRAK1;LMNB2;RELA;TAB1;TYK2,1.0,False
KEGG,10,BETA-ALANINE METABOLISM,0.5091056128704922,3,607,29,6576,AOC2;CARNS1;CSAD,1.0,False
KEGG,10,OTHER TYPES OF O-GLYCAN BIOSYNTHESIS,0.5116364862380148,4,607,40,6576,B4GALT3;POFUT1;POFUT2;POMT1,1.0,False
KEGG,10,ADRENERGIC SIGNALING IN CARDIOMYOCYTES,0.5126535522077593,13,607,138,6576,AKT1;AKT2;ATF6B;ATP1A3;CACNA2D2;CACNG3;CACNG8;CAMK2G;PLCB3;PPP2R5B;PPP2R5D;RAPGEF3;RYR2,1.0,False
KEGG,10,REGULATION OF LIPOLYSIS IN ADIPOCYTES,0.5135941848019883,5,607,51,6576,AKT1;AKT2;IRS2;PIK3R2;PNPLA2,1.0,False
KEGG,10,AXON GUIDANCE,0.5165006330339984,16,607,171,6576,ABL1;CAMK2G;NFATC2;NTNG2;PAK4;PIK3R2;PLCG1;PLXNB2;PTCH1;ROBO3;SEMA4D;SEMA5B;SEMA6C;SSH2;SYNGAP1;UNC5A,1.0,False
KEGG,10,RELAXIN SIGNALING PATHWAY,0.5215259297458813,11,607,117,6576,AKT1;AKT2;ARRB2;ATF6B;GNB2;INSL3;MAP2K7;PIK3R2;PLCB3;RELA;VEGFB,1.0,False
KEGG,10,VASCULAR SMOOTH MUSCLE CONTRACTION,0.5215259297458813,11,607,117,6576,ARAF;ARHGEF1;ARHGEF11;ITPR3;PLA2G4B;PLA2G4D;PLA2G4E;PLA2G6;PLCB3;PPP1R12C;PRKCQ,1.0,False
KEGG,10,TYROSINE METABOLISM,0.5325277566527097,3,607,30,6576,AOC2;ATAT1;TPO,1.0,False
KEGG,10,INSULIN SECRETION,0.5462588042925847,7,607,75,6576,ATF6B;ATP1A3;CAMK2G;ITPR3;PLCB3;RYR2;STX1A,1.0,False
KEGG,10,NUCLEOTIDE EXCISION REPAIR,0.5487701463043935,5,607,53,6576,ERCC2;POLD1;POLE;POLR1A;POLR2A,1.0,False
KEGG,10,AUTOIMMUNE THYROID DISEASE,0.5630433085550751,2,607,20,6576,FASN;TPO,1.0,False
KEGG,10,CIRCADIAN RHYTHM,0.5774108308803287,3,607,32,6576,NR1D1;PER1;PER2,1.0,False
KEGG,10,GLYCEROLIPID METABOLISM,0.5826795580422657,5,607,55,6576,AGPAT1;DGKD;DGKQ;DGKZ;PNPLA2,1.0,False
KEGG,10,CIRCADIAN ENTRAINMENT,0.5857741469961695,8,607,89,6576,CACNA1G;CAMK2G;GNB2;ITPR3;PER1;PER2;PLCB3;RYR2,1.0,False
KEGG,10,GLYCOSAMINOGLYCAN BIOSYNTHESIS - CHONDROITIN SULFATE / DERMATAN SULFATE,0.590148482180961,2,607,21,6576,CHPF2;XYLT2,1.0,False
KEGG,10,MISMATCH REPAIR,0.590148482180961,2,607,21,6576,POLD1;POLR1A,1.0,False
KEGG,10,JAK-STAT SIGNALING PATHWAY,0.5906218646345341,11,607,123,6576,AKT1;AKT2;CNTF;CREBBP;EP300;LONP1;PIAS3;PIK3R2;STAT2;STAT5B;TYK2,1.0,False
KEGG,10,DNA REPLICATION,0.5988117284260965,3,607,33,6576,POLD1;POLE;POLR1A,1.0,False
KEGG,10,APELIN SIGNALING PATHWAY,0.6126507138075734,11,607,125,6576,AKT1;AKT2;CXXC1;FZR1;GNB2;HDAC4;HDAC5;ITPR3;MEF2D;PLCB3;RYR2,1.0,False
KEGG,10,PATHOGENIC ESCHERICHIA COLI INFECTION,0.6133831007495325,15,607,170,6576,ABL1;ARHGEF1;ARHGEF11;ARHGEF2;BAK1;DNAJC5;FASN;IKBKB;IKBKG;IRAK1;LPAR2;RELA;SEC24C;TAB1;WIPF2,1.0,False
KEGG,10,SPHINGOLIPID SIGNALING PATHWAY,0.615813595550909,10,607,114,6576,ABCC1;AKT1;AKT2;OPRD1;PIK3R2;PLCB3;PPP2R5B;PPP2R5D;PRKCSH;RELA,1.0,False
KEGG,10,NON-ALCOHOLIC FATTY LIVER DISEASE,0.6203626217187874,12,607,137,6576,AKT1;AKT2;ERN1;FASN;GSK3A;IKBKB;IRS2;MAP3K11;MLXIP;PIK3R2;RELA;RXRA,1.0,False
KEGG,10,TUBERCULOSIS,0.6203626217187874,12,607,137,6576,AKT1;AKT2;ATP6V0A1;CAMK2G;CREBBP;EP300;IRAK1;KSR1;RAB5B;RAB5C;RELA;TLR9,1.0,False
KEGG,10,PROTEIN PROCESSING IN ENDOPLASMIC RETICULUM,0.6249989368947284,14,607,160,6576,ATF6B;BAK1;DNAJB2;DNAJC5;ERN1;MAP2K7;MOGS;NPLOC4;PRKCSH;SEC24C;SEC31B;SYVN1;UBQLN4;UBXN6,1.0,False
KEGG,10,ALDOSTERONE SYNTHESIS AND SECRETION,0.6297783068055218,7,607,81,6576,ATF6B;ATP1A3;CACNA1G;CAMK2G;DAGLA;ITPR3;PLCB3,1.0,False
KEGG,10,COLORECTAL CANCER,0.6297783068055218,7,607,81,6576,AKT1;AKT2;ARAF;AXIN1;BAK1;PIK3R2;TCF7L2,1.0,False
KEGG,10,MANNOSE TYPE O-GLYCAN BIOSYNTHESIS,0.6405476922926852,2,607,23,6576,B4GALT3;POMT1,1.0,False
KEGG,10,SIGNALING PATHWAYS REGULATING PLURIPOTENCY OF STEM CELLS,0.6548986355344792,11,607,129,6576,ACVR1B;AKT1;AKT2;AXIN1;DVL1;DVL2;DVL3;PCGF2;PIK3R2;SETDB1;WNT9B,1.0,False
KEGG,10,THIAMINE METABOLISM,0.6556756588476347,1,607,11,6576,THTPA,1.0,False
KEGG,10,REGULATION OF ACTIN CYTOSKELETON,0.6589032579634959,18,607,209,6576,AKT1;AKT2;ARAF;ARHGAP35;ARHGEF1;CHRM4;FGD1;FGF22;GIT1;ITGA10;LPAR2;PAK4;PIK3R2;PIP4K2B;PIP4K2C;PIP5K1C;PPP1R12C;SSH2,1.0,False
KEGG,10,NATURAL KILLER CELL MEDIATED CYTOTOXICITY,0.6643134921641369,6,607,72,6576,ARAF;FASN;NFATC2;PIK3R2;PLCG1;PTK2B,1.0,False
KEGG,10,ARRHYTHMOGENIC RIGHT VENTRICULAR CARDIOMYOPATHY,0.6681221467293197,7,607,84,6576,CACNA2D2;CACNG3;CACNG8;EMD;ITGA10;RYR2;TCF7L2,1.0,False
KEGG,10,PROGESTERONE-MEDIATED OOCYTE MATURATION,0.6681221467293197,7,607,84,6576,AKT1;AKT2;ANAPC2;ARAF;FZR1;MAD1L1;PIK3R2,1.0,False
KEGG,10,FLUID SHEAR STRESS AND ATHEROSCLEROSIS,0.6702806988077209,10,607,119,6576,AKT1;AKT2;ARHGEF2;IKBKB;IKBKG;MAP2K5;MAP2K7;MAPK7;PIK3R2;RELA,1.0,False
KEGG,10,AMYOTROPHIC LATERAL SCLEROSIS,0.6720045255808818,26,607,301,6576,ACTR1B;AMBRA1;ATG2A;ATXN2L;DAXX;DCTN1;DNAH1;DNAH10;DNAH17;DNAH3;DNAI2;ERN1;HDAC6;ITPR3;KIF5A;NUP188;NUP210;NUP62;NXF1;PRPH2;PSMD3;SMCR8;TOMM40;UBQLN4;ULK1;VAPB,1.0,False
KEGG,10,FOCAL ADHESION,0.6728145891954305,16,607,188,6576,AKT1;AKT2;ARHGAP35;CHAD;CXXC1;ITGA10;LMNB2;PAK4;PIK3R2;PIP5K1C;PPP1R12C;RAPGEF1;THBS3;TLN1;VASP;VEGFB,1.0,False
KEGG,10,OLFACTORY TRANSDUCTION,0.6770807816075479,3,607,37,6576,ARRB2;CAMK2G;GRK2,1.0,False
KEGG,10,NECROPTOSIS,0.6871073746303658,9,607,109,6576,CAMK2G;FASN;PLA2G4B;PLA2G4D;PLA2G4E;STAT2;STAT5B;TICAM1;TYK2,1.0,False
KEGG,10,UBIQUINONE AND OTHER TERPENOID-QUINONE BIOSYNTHESIS,0.6875118926754313,1,607,12,6576,ATAT1,1.0,False
KEGG,10,CENTRAL CARBON METABOLISM IN CANCER,0.6895456082939524,5,607,62,6576,AKT1;AKT2;HOOK2;PFKL;PIK3R2,1.0,False
KEGG,10,N-GLYCAN BIOSYNTHESIS,0.6904556914894991,4,607,50,6576,ALG12;B4GALT3;MAN2A2;MOGS,1.0,False
KEGG,10,OVARIAN STEROIDOGENESIS,0.6947834620034989,3,607,38,6576,PLA2G4B;PLA2G4D;PLA2G4E,1.0,False
KEGG,10,ALCOHOLISM,0.6976122531464493,9,607,110,6576,ARAF;ATF6B;CAMKK1;GNB2;H3-4;HDAC4;HDAC5;HDAC6;SLC29A2,1.0,False
KEGG,10,PROLACTIN SIGNALING PATHWAY,0.7031825214209513,5,607,63,6576,AKT1;AKT2;PIK3R2;RELA;STAT5B,1.0,False
KEGG,10,TASTE TRANSDUCTION,0.7031825214209513,5,607,63,6576,GABBR1;HCN4;ITPR3;PLCB3;TAS2R41,1.0,False
KEGG,10,GALACTOSE METABOLISM,0.7068118146653022,2,607,26,6576,HOOK2;PFKL,1.0,False
KEGG,10,VITAMIN DIGESTION AND ABSORPTION,0.7068118146653022,2,607,26,6576,ABCC1;SLC52A3,1.0,False
KEGG,10,AMOEBIASIS,0.7269736173625889,6,607,77,6576,LMNB2;PIK3R2;PLCB3;RAB5B;RAB5C;RELA,1.0,False
KEGG,10,BASE EXCISION REPAIR,0.7279682211534795,3,607,40,6576,PNKP;POLD1;POLE,1.0,False
KEGG,10,GASTRIC ACID SECRETION,0.7291914582421826,5,607,65,6576,ATP1A3;CAMK2G;ITPR3;PLCB3;SLC4A2,1.0,False
KEGG,10,PPAR SIGNALING PATHWAY,0.7291914582421826,5,607,65,6576,CPT1B;CPT1C;PPARD;RXRA;RXRB,1.0,False
KEGG,10,CELL CYCLE,0.7333022486109295,12,607,149,6576,ABL1;ANAPC2;CREBBP;E2F2;EP300;ESPL1;FZR1;MAD1L1;MAU2;PPP2R5B;PPP2R5D;ZBTB17,1.0,False
KEGG,10,CGMP-PKG SIGNALING PATHWAY,0.7333022486109295,12,607,149,6576,AKT1;AKT2;ATF6B;ATP1A3;IRS2;ITPR3;MEF2D;NFATC2;OPRD1;PLCB3;SRF;VASP,1.0,False
KEGG,10,THYROID HORMONE SYNTHESIS,0.741563350285737,5,607,66,6576,ATF6B;ATP1A3;ITPR3;PLCB3;TPO,1.0,False
KEGG,10,GLYCOSPHINGOLIPID BIOSYNTHESIS - GLOBO AND ISOGLOBO SERIES,0.7426377728718107,1,607,14,6576,ST3GAL2,1.0,False
KEGG,10,GRAFT-VERSUS-HOST DISEASE,0.7426377728718107,1,607,14,6576,FASN,1.0,False
KEGG,10,TAURINE AND HYPOTAURINE METABOLISM,0.7426377728718107,1,607,14,6576,CSAD,1.0,False
KEGG,10,VARIOUS TYPES OF N-GLYCAN BIOSYNTHESIS,0.7434687669345605,3,607,41,6576,ALG12;B4GALT3;MAN2A2,1.0,False
KEGG,10,CITRATE CYCLE (TCA CYCLE),0.7450878832745311,2,607,28,6576,DLST;IDH3G,1.0,False
KEGG,10,MUCIN TYPE O-GLYCAN BIOSYNTHESIS,0.7450878832745311,2,607,28,6576,B4GALT5;ST3GAL2,1.0,False
KEGG,10,CORTISOL SYNTHESIS AND SECRETION,0.7474510823513183,4,607,54,6576,ATF6B;CACNA1G;ITPR3;PLCB3,1.0,False
KEGG,10,LEGIONELLOSIS,0.7582580993973599,3,607,42,6576,HSF1;RAB1B;RELA,1.0,False
KEGG,10,GLYCOSPHINGOLIPID BIOSYNTHESIS - GANGLIO SERIES,0.7664443671825102,1,607,15,6576,ST3GAL2,1.0,False
KEGG,10,INTEGRIN SIGNALING,0.7806068005455786,11,607,143,6576,AKT1;AKT2;CHAD;CXXC1;FZR1;ITGA10;LMNB2;PIK3R2;THBS3;TLN1;VEGFB,1.0,False
KEGG,10,ECM-RECEPTOR INTERACTION,0.7907288940809003,6,607,83,6576,AGRN;CHAD;CXXC1;ITGA10;LMNB2;THBS3,1.0,False
KEGG,10,CELL ADHESION MOLECULE (CAM) INTERACTION,0.7980801609890895,9,607,121,6576,CNTNAP1;FZR1;NFASC;NLGN2;NLGN3;NRXN2;NTNG2;PPP1R9B;PTPRS,1.0,False
KEGG,10,VIBRIO CHOLERAE INFECTION,0.7985192700998658,3,607,45,6576,ATP6V0A1;ATP6V1B1;PLCG1,1.0,False
KEGG,10,FOXO SIGNALING PATHWAY,0.8058360890148322,9,607,122,6576,AKT1;AKT2;ARAF;CREBBP;EP300;FOXO4;IKBKB;IRS2;PIK3R2,1.0,False
KEGG,10,ALLOGRAFT REJECTION,0.8076637334620591,1,607,17,6576,FASN,1.0,False
KEGG,10,GLYCOSAMINOGLYCAN DEGRADATION,0.8076637334620591,1,607,17,6576,GALNS,1.0,False
KEGG,10,PI3K-AKT SIGNALING PATHWAY,0.808796008813705,25,607,313,6576,AKT1;AKT2;ATF6B;CHAD;CRTC2;CXXC1;FGF22;GNB2;IKBKB;IKBKG;ITGA10;LMNB2;LPAR2;NTF4;PHLPP1;PIK3R2;PPP2R5B;PPP2R5D;PSPN;RELA;RPTOR;RXRA;THBS3;TSC2;VEGFB,1.0,False
KEGG,10,MORPHINE ADDICTION,0.818033389752914,6,607,86,6576,ARRB2;CACNA1B;GABBR1;GNB2;GRK2;GRK6,1.0,False
KEGG,10,THERMOGENESIS,0.8205332168673509,14,607,185,6576,AKT1S1;ARID1A;CPT1B;CPT1C;DPF1;KDM3B;PNPLA2;RPTOR;SLC25A29;SMARCA4;SMARCC2;SMARCD1;SMARCD3;TSC2,1.0,False
KEGG,10,CALCIUM SIGNALING PATHWAY,0.8264876454223737,18,607,234,6576,CACNA1B;CACNA1G;CAMK2G;DHX34;FGF22;ITPR3;LTB4R2;MCOLN1;NFATC2;PHKA2;PHKG2;PLCB3;PLCD3;PLCG1;PTK2B;RYR2;TFEB;VEGFB,1.0,False
KEGG,10,CELLULAR SENESCENCE,0.8317937020963964,10,607,138,6576,AKT1;AKT2;E2F2;ITPR3;LIN37;MAPKAPK2;NFATC2;PIK3R2;RELA;TSC2,1.0,False
KEGG,10,PROTEOGLYCANS IN CANCER,0.8322055936947498,14,607,187,6576,AKT1;AKT2;ANK1;ARAF;ARHGEF1;CAMK2G;FASN;ITPR3;PIK3R2;PLCG1;PPP1R12C;PTCH1;TFAP4;WNT9B,1.0,False
KEGG,10,CARDIAC MUSCLE CONTRACTION,0.8345692076457653,5,607,75,6576,ATP1A3;CACNA2D2;CACNG3;CACNG8;RYR2,1.0,False
KEGG,10,ALDOSTERONE-REGULATED SODIUM REABSORPTION,0.835132823873563,2,607,34,6576,ATP1A3;PIK3R2,1.0,False
KEGG,10,AMPHETAMINE ADDICTION,0.8368604542463074,4,607,62,6576,ARC;ATF6B;CAMK2G;STX1A,1.0,False
KEGG,10,HISTIDINE METABOLISM,0.8416182959754358,1,607,19,6576,CARNS1,1.0,False
KEGG,10,LIPOIC ACID METABOLISM,0.8416182959754358,1,607,19,6576,DLST,1.0,False
KEGG,10,SALIVARY SECRETION,0.8459233649463317,4,607,63,6576,ATP1A3;ITPR3;PLCB3;SLC4A2,1.0,False
KEGG,10,AMINO SUGAR AND NUCLEOTIDE SUGAR METABOLISM,0.8469934321111405,2,607,35,6576,FCSK;HOOK2,1.0,False
KEGG,10,FOLATE TRANSPORT AND METABOLISM,0.8562801374186126,1,607,20,6576,ABCC1,1.0,False
KEGG,10,PANTOTHENATE AND COA BIOSYNTHESIS,0.8562801374186126,1,607,20,6576,CSAD,1.0,False
KEGG,10,FATTY ACID DEGRADATION,0.8580735870048837,2,607,36,6576,CPT1B;CPT1C,1.0,False
KEGG,10,RIG-I-LIKE RECEPTOR SIGNALING PATHWAY,0.8623112724117777,3,607,51,6576,IKBKB;IKBKG;RELA,1.0,False
KEGG,10,P53 SIGNALING PATHWAY,0.8627791681851036,4,607,65,6576,ADGRB1;FASN;TSC2;ZNF385A,1.0,False
KEGG,10,MALARIA,0.8684160330275886,2,607,37,6576,THBS3;TLR9,1.0,False
KEGG,10,ARGININE BIOSYNTHESIS,0.8695867201804952,1,607,21,6576,GPT,1.0,False
KEGG,10,PROXIMAL TUBULE BICARBONATE RECLAMATION,0.8695867201804952,1,607,21,6576,ATP1A3,1.0,False
KEGG,10,CHEMICAL CARCINOGENESIS - REACTIVE OXYGEN SPECIES,0.8772474836716405,12,607,171,6576,ABL1;AKT1;AKT2;ARAF;IKBKB;IKBKG;MAP2K7;MAP3K14;PIK3R2;PRKCSH;RELA;SLC26A1,1.0,False
KEGG,10,CHEMICAL CARCINOGENESIS - RECEPTOR ACTIVATION,0.8799498066731466,11,607,159,6576,AKT1;AKT2;ARRB2;ATF6B;CACNA1B;FGF22;PIK3R2;RELA;RXRA;RXRB;STAT5B,1.0,False
KEGG,10,PANCREATIC SECRETION,0.8863241721364356,5,607,82,6576,ATP1A3;ITPR3;PLCB3;RYR2;SLC4A2,1.0,False
KEGG,10,TRYPTOPHAN METABOLISM,0.8870525002673473,2,607,39,6576,AANAT;DLST,1.0,False
KEGG,10,OOCYTE MEIOSIS,0.8875167709654314,7,607,109,6576,ANAPC2;CAMK2G;ESPL1;ITPR3;MAD1L1;PPP2R5B;PPP2R5D,1.0,False
KEGG,10,HYPERTROPHIC CARDIOMYOPATHY,0.8891734442172042,6,607,96,6576,CACNA2D2;CACNG3;CACNG8;EMD;ITGA10;RYR2,1.0,False
KEGG,10,GLYCOSPHINGOLIPID BIOSYNTHESIS - LACTO AND NEOLACTO SERIES,0.8926229217432489,1,607,23,6576,B4GALT3,1.0,False
KEGG,10,TYPE I DIABETES MELLITUS,0.8926229217432489,1,607,23,6576,FASN,1.0,False
KEGG,10,TIGHT JUNCTION,0.8927350829733894,10,607,149,6576,ARHGAP17;ARHGEF18;ARHGEF2;LLGL1;MAP2K7;MPP3;SCRIB;SYMPK;TJAP1;VASP,1.0,False
KEGG,10,BACTERIAL INVASION OF EPITHELIAL CELLS,0.8981558232963237,4,607,70,6576,DNM2;FZR1;PIK3R2;SEPTIN9,1.0,False
KEGG,10,ALZHEIMER DISEASE,0.8993835482478544,24,607,324,6576,AKT1;AKT2;AMBRA1;ARAF;ATG2A;AXIN1;CDK5R1;DVL1;DVL2;DVL3;ERN1;FASN;IKBKB;IKBKG;IRS2;ITPR3;KIF5A;MAP2K7;PIK3R2;PLCB3;PSMD3;RELA;ULK1;WNT9B,1.0,False
KEGG,10,DILATED CARDIOMYOPATHY,0.9052764741158388,6,607,99,6576,CACNA2D2;CACNG3;CACNG8;EMD;ITGA10;RYR2,1.0,False
KEGG,10,CYTOSKELETON IN MUSCLE CELLS,0.9075094397523312,15,607,216,6576,AGRN;AMPD2;ATP1A3;EMD;ITGA10;LMNB2;MYH7B;OBSCN;PLEC;SPTBN2;SPTBN4;SPTBN5;SUN1;THBS3;TLN1,1.0,False
KEGG,10,TGF-BETA SIGNALING PATHWAY,0.9101771124622825,6,607,100,6576,ACVR1B;CREBBP;EP300;SKI;SMAD7;SMURF1,1.0,False
KEGG,10,LEISHMANIASIS,0.913739348142489,3,607,58,6576,IRAK1;RELA;TAB1,1.0,False
KEGG,10,PROTEASOME,0.917203294195362,2,607,43,6576,PSMD3;PSMF1,1.0,False
KEGG,10,ADHERENS JUNCTION,0.9189901766421117,5,607,88,6576,CREBBP;EP300;FZR1;SMURF1;TCF7L2,1.0,False
KEGG,10,PERTUSSIS,0.919459002677709,3,607,59,6576,IRAK1;RELA;TICAM1,1.0,False
KEGG,10,STARCH AND SUCROSE METABOLISM,0.9197868648794328,1,607,26,6576,HOOK2,1.0,False
KEGG,10,CAMP SIGNALING PATHWAY,0.9225866255726751,14,607,208,6576,AKT1;AKT2;ATP1A3;CAMK2G;CREBBP;EP300;GABBR1;HCN4;PIK3R2;PRKCSH;PTCH1;RAPGEF3;RELA;RYR2,1.0,False
KEGG,10,ARGININE AND PROLINE METABOLISM,0.92346222789086,2,607,44,6576,CARNS1;RAI1,1.0,False
KEGG,10,GLUTATHIONE METABOLISM,0.92346222789086,2,607,44,6576,OPLAH;RAI1,1.0,False
KEGG,10,HIPPO SIGNALING PATHWAY - MULTIPLE SPECIES,0.9272203569432778,1,607,27,6576,LIMD1,1.0,False
KEGG,10,PENTOSE PHOSPHATE PATHWAY,0.9272203569432778,1,607,27,6576,PFKL,1.0,False
KEGG,10,ESTROGEN SIGNALING PATHWAY,0.9284942570550447,7,607,118,6576,AKT1;AKT2;ATF6B;GABBR1;ITPR3;PIK3R2;PLCB3,1.0,False
KEGG,10,IL-17 SIGNALING PATHWAY,0.9298194888090734,4,607,76,6576,IKBKB;IKBKG;MAPK7;RELA,1.0,False
KEGG,10,RAP1 SIGNALING PATHWAY,0.930884754016656,13,607,198,6576,AKT1;AKT2;FGF22;FZR1;LPAR2;PIK3R2;PLCB3;PLCG1;RAPGEF1;RAPGEF3;TLN1;VASP;VEGFB,1.0,False
KEGG,10,GLYCOSYLPHOSPHATIDYLINOSITOL (GPI)-ANCHOR BIOSYNTHESIS,0.9339660041161942,1,607,28,6576,PIGQ,1.0,False
KEGG,10,PROTEIN EXPORT,0.9339660041161942,1,607,28,6576,BAG6,1.0,False
KEGG,10,GAP JUNCTION,0.9341363801674382,4,607,77,6576,ITPR3;MAP2K5;MAPK7;PLCB3,1.0,False
KEGG,10,BILE SECRETION,0.9346018454714023,3,607,62,6576,ATP1A3;RXRA;SLC4A2,1.0,False
KEGG,10,CYSTEINE AND METHIONINE METABOLISM,0.9346663383047125,2,607,46,6576,ATAT1;RAI1,1.0,False
KEGG,10,LEUKOCYTE TRANSENDOTHELIAL MIGRATION,0.9387156510207901,6,607,107,6576,ARHGAP35;PIK3R2;PLCG1;PTK2B;RAPGEF3;VASP,1.0,False
KEGG,10,MINERAL ABSORPTION,0.9396682453305115,2,607,47,6576,ATP1A3;CLCN2,1.0,False
KEGG,10,VIRAL MYOCARDITIS,0.9396682453305115,2,607,47,6576,ABL1;EIF4G1,1.0,False
KEGG,10,APOPTOSIS - MULTIPLE SPECIES,0.9400873595684652,1,607,29,6576,BAK1,1.0,False
KEGG,10,INTESTINAL IMMUNE NETWORK FOR IGA PRODUCTION,0.9400873595684652,1,607,29,6576,MAP3K14,1.0,False
KEGG,10,ONE CARBON POOL BY FOLATE,0.9456421133094064,1,607,30,6576,ATIC,1.0,False
KEGG,10,PEROXISOME,0.945682026727187,4,607,80,6576,ABCD1;PEX14;PEX26;PEX6,1.0,False
KEGG,10,SPHINGOLIPID METABOLISM,0.9486021573710517,2,607,49,6576,B4GALT5;GBA2,1.0,False
KEGG,10,PRIMARY IMMUNODEFICIENCY,0.9506826322860624,1,607,31,6576,IKBKG,1.0,False
KEGG,10,PROPANOATE METABOLISM,0.9506826322860624,1,607,31,6576,ACACB,1.0,False
KEGG,10,HORMONE SIGNALING,0.9573559233958115,12,607,196,6576,AVPR2;DIDO1;GNB2;HCRTR1;IRS2;NPRL3;OPRD1;PIK3R2;PLCB3;RAPGEF3;STAT5B;THRA,1.0,False
KEGG,10,RETINOL METABOLISM,0.9594067158352044,1,607,33,6576,RDH13,1.0,False
KEGG,10,PHAGOSOME,0.9612236353801018,6,607,115,6576,ATP6V0A1;ATP6V1B1;HGS;RAB5B;RAB5C;THBS3,1.0,False
KEGG,10,GLYCOLYSIS / GLUCONEOGENESIS,0.9628303967259015,2,607,53,6576,HOOK2;PFKL,1.0,False
KEGG,10,"ALANINE, ASPARTATE AND GLUTAMATE METABOLISM",0.9631725913491936,1,607,34,6576,GPT,1.0,False
KEGG,10,NICOTINATE AND NICOTINAMIDE METABOLISM,0.9631725913491936,1,607,34,6576,SARM1,1.0,False
KEGG,10,"GLYCINE, SERINE AND THREONINE METABOLISM",0.9665896254444305,1,607,35,6576,AOC2,1.0,False
KEGG,10,FERROPTOSIS,0.9696900836855603,1,607,36,6576,PCBP1,1.0,False
KEGG,10,PYRUVATE METABOLISM,0.9725032517593929,1,607,37,6576,ACACB,1.0,False
KEGG,10,NICOTINE ADDICTION,0.9750557102671232,1,607,38,6576,CACNA1B,1.0,False
KEGG,10,FAT DIGESTION AND ABSORPTION,0.9813791386964583,1,607,41,6576,AGPAT1,1.0,False
KEGG,10,RENIN SECRETION,0.9823416489540726,2,607,62,6576,ITPR3;PLCB3,1.0,False
KEGG,10,CORONAVIRUS DISEASE - COVID-19,0.9835485394539011,8,607,159,6576,IKBKB;IKBKG;IRAK1;PIK3R2;PLCG1;RELA;STAT2;TYK2,1.0,False
KEGG,10,PROTEIN DIGESTION AND ABSORPTION,0.9860175647025152,3,607,83,6576,ATP1A3;COL20A1;SLC36A1,1.0,False
KEGG,10,SYSTEMIC LUPUS ERYTHEMATOSUS,0.9861015248661285,1,607,44,6576,H3-4,1.0,False
KEGG,10,GABAERGIC SYNAPSE,0.9870477498918698,3,607,84,6576,CACNA1B;GABBR1;GNB2,1.0,False
KEGG,10,DIABETIC CARDIOMYOPATHY,0.9876812036005435,8,607,164,6576,AKT1;AKT2;CAMK2G;CPT1B;PIK3R2;PLCB3;RELA;RYR2,1.0,False
KEGG,10,RHEUMATOID ARTHRITIS,0.9884105746002543,2,607,67,6576,ATP6V0A1;ATP6V1B1,1.0,False
KEGG,10,CHOLESTEROL METABOLISM,0.9885647753978939,1,607,46,6576,VAPB,1.0,False
KEGG,10,INFLAMMATORY BOWEL DISEASE,0.9922604092964139,1,607,50,6576,RELA,1.0,False
KEGG,10,PURINE METABOLISM,0.9941470110278996,4,607,112,6576,AMPD2;ATIC;PFAS;PRUNE1,1.0,False
KEGG,10,RETROGRADE ENDOCANNABINOID SIGNALING,0.9952872710158577,5,607,132,6576,CACNA1B;DAGLA;GNB2;ITPR3;PLCB3,1.0,False
KEGG,10,CORNIFIED ENVELOPE FORMATION,0.9954634928761454,6,607,149,6576,ALOXE3;GBA2;PLEC;PPP2R5B;PPP2R5D;TGM3,1.0,False
KEGG,10,NEUROACTIVE LIGAND SIGNALING,0.9958495212439412,8,607,182,6576,CHRM4;DHX34;GABBR1;GNB2;GRIK5;OPRD1;P2RY2;PLCB3,1.0,False
KEGG,10,PARKINSON DISEASE,0.9989229752698998,9,607,219,6576,CAMK2G;DAXX;ERN1;ITPR3;KIF5A;MFN2;PLCG1;PSMD3;UBA1,1.0,False
KEGG,10,OXIDATIVE PHOSPHORYLATION,0.9991469854362384,2,607,97,6576,ATP6V0A1;ATP6V1B1,1.0,False
KEGG,10,PRION DISEASE,0.9996582523970853,8,607,220,6576,ATF6B;CACNA1B;ITPR3;KIF5A;NOTCH1;PIK3R2;PSMD3;RYR2,1.0,False
KEGG,10,NEUROACTIVE LIGAND-RECEPTOR INTERACTION,0.9998828132060884,13,607,317,6576,AVPR2;CHRM4;DHX34;GABBR1;GALR2;GRIK5;HCRTR1;INSL3;LPAR2;LTB4R2;OPRD1;P2RY2;THRA,1.0,False
KEGG,10,RIBOSOME,0.9999375356717094,2,607,126,6576,DLGAP3;MRPL38,1.0,False
KEGG,10,CYTOKINE-CYTOKINE RECEPTOR INTERACTION,0.9999803321759991,5,607,204,6576,ACVR1B;CNTF;FASN;IL36RN;RELL2,1.0,False
KEGG,10,ANTIGEN PROCESSING AND PRESENTATION,1.0,0,607,38,6576,,1.0,False
KEGG,10,ASCORBATE AND ALDARATE METABOLISM,1.0,0,607,14,6576,,1.0,False
KEGG,10,ASTHMA,1.0,0,607,17,6576,,1.0,False
KEGG,10,BIOSYNTHESIS OF UNSATURATED FATTY ACIDS,1.0,0,607,22,6576,,1.0,False
KEGG,10,BIOSYNTHESIS OF VARIOUS NUCLEOTIDE SUGARS,1.0,0,607,19,6576,,1.0,False
KEGG,10,BUTANOATE METABOLISM,1.0,0,607,23,6576,,1.0,False
KEGG,10,CHEMICAL CARCINOGENESIS - DNA ADDUCTS,1.0,0,607,24,6576,,1.0,False
KEGG,10,COMPLEMENT AND COAGULATION CASCADES,1.0,0,607,59,6576,,1.0,False
KEGG,10,D-AMINO ACID METABOLISM,1.0,0,607,5,6576,,1.0,False
KEGG,10,DRUG METABOLISM - CYTOCHROME P450,1.0,0,607,28,6576,,1.0,False
KEGG,10,DRUG METABOLISM - OTHER ENZYMES,1.0,0,607,47,6576,,1.0,False
KEGG,10,FATTY ACID ELONGATION,1.0,0,607,25,6576,,1.0,False
KEGG,10,FOLATE BIOSYNTHESIS,1.0,0,607,17,6576,,1.0,False
KEGG,10,GLYOXYLATE AND DICARBOXYLATE METABOLISM,1.0,0,607,29,6576,,1.0,False
KEGG,10,HEMATOPOIETIC CELL LINEAGE,1.0,0,607,65,6576,,1.0,False
KEGG,10,MATURITY ONSET DIABETES OF THE YOUNG,1.0,0,607,22,6576,,1.0,False
KEGG,10,METABOLISM OF XENOBIOTICS BY CYTOCHROME P450,1.0,0,607,30,6576,,1.0,False
KEGG,10,NITROGEN METABOLISM,1.0,0,607,17,6576,,1.0,False
KEGG,10,NON-HOMOLOGOUS END-JOINING,1.0,0,607,13,6576,,1.0,False
KEGG,10,PENTOSE AND GLUCURONATE INTERCONVERSIONS,1.0,0,607,15,6576,,1.0,False
KEGG,10,PHOTOTRANSDUCTION,1.0,0,607,22,6576,,1.0,False
KEGG,10,PORPHYRIN METABOLISM,1.0,0,607,28,6576,,1.0,False
KEGG,10,PRIMARY BILE ACID BIOSYNTHESIS,1.0,0,607,16,6576,,1.0,False
KEGG,10,PYRIMIDINE METABOLISM,1.0,0,607,51,6576,,1.0,False
KEGG,10,RENIN-ANGIOTENSIN SYSTEM,1.0,0,607,20,6576,,1.0,False
KEGG,10,RIBOFLAVIN METABOLISM,1.0,0,607,8,6576,,1.0,False
KEGG,10,STAPHYLOCOCCUS AUREUS INFECTION,1.0,0,607,51,6576,,1.0,False
KEGG,10,STEROID BIOSYNTHESIS,1.0,0,607,19,6576,,1.0,False
KEGG,10,STEROID HORMONE BIOSYNTHESIS,1.0,0,607,31,6576,,1.0,False
KEGG,10,SULFUR METABOLISM,1.0,0,607,9,6576,,1.0,False
KEGG,10,SULFUR RELAY SYSTEM,1.0,0,607,8,6576,,1.0,False
KEGG,10,TERPENOID BACKBONE BIOSYNTHESIS,1.0,0,607,20,6576,,1.0,False
KEGG,10,"VALINE, LEUCINE AND ISOLEUCINE DEGRADATION",1.0,0,607,45,6576,,1.0,False
KEGG,10,VIRAL PROTEIN INTERACTION WITH CYTOKINE AND CYTOKINE RECEPTOR,1.0,0,607,60,6576,,1.0,False
KEGG,10,"VIRION - EBOLAVIRUS, LYSSAVIRUS AND MORBILLIVIRUS",1.0,0,607,8,6576,,1.0,False
KEGG,10,VIRION - HEPATITIS VIRUSES,1.0,0,607,40,6576,,1.0,False
KEGG,10,VIRION - HERPESVIRUS,1.0,0,607,6,6576,,1.0,False
KEGG,10,VIRION - LASSA VIRUS AND SFTS VIRUS,1.0,0,607,13,6576,,1.0,False
KEGG,10,VITAMIN B6 METABOLISM,1.0,0,607,6,6576,,1.0,False
