library,cluster,term,p_value,overlap_size,cluster_annotated_size,term_size,background_size,overlap_genes,fdr,significant
KEGG,1,RIG-I-LIKE RECEPTOR SIGNALING PATHWAY,0.00023626356280913988,14,636,51,6576,AZIN2;DHX58;FADD;IKBKE;IKBKG;IRF7;ISG15;NFKBIB;NLRX1;TBKBP1;TKFC;TRADD;TRIM25;ZNFX1,0.08221971985758068,False
KEGG,1,EPSTEIN-BARR VIRUS INFECTION,0.005481614852408022,26,636,160,6576,BID;CASP9;CD19;CD3E;DDB2;FADD;FCER2;HLA-DOB;IKBKE;IKBKG;IRF7;IRF9;ISG15;ITGAL;JAK3;MAP3K14;NFKB2;NFKBIB;NFKBIE;OAS2;OAS3;RELB;SAP30L;TAB1;TP53;TRADD,0.6726073857409365,False
KEGG,1,AXON GUIDANCE,0.0069696497422384205,27,636,171,6576,ABL1;ARHGEF7;CDK5;EFNA3;EPHB6;HRAS;LIMK1;LIMK2;NCK2;NTN3;NTNG2;PAK4;PARD6A;PLXNA1;PLXNA3;PLXNB3;PRKCZ;RAC2;RND1;ROBO3;SEMA4A;SEMA4F;SEMA6B;SEMA6C;SSH1;SSH3;SYNGAP1,0.6726073857409365,False
KEGG,1,PRIMARY IMMUNODEFICIENCY,0.007731119376332603,8,636,31,6576,CD19;CD3E;CD79A;IKBKG;JAK3;LCK;ORAI1;ZAP70,0.6726073857409365,False
KEGG,1,NF-KAPPA B SIGNALING PATHWAY,0.010474786608091933,16,636,89,6576,IKBKG;LCK;LTA;LTB;MAP3K14;NFKB2;PIAS4;PIDD1;PPP1R13L;RELB;TAB1;TICAM1;TRADD;TRAF1;TRIM25;ZAP70,0.7088801190976793,False
KEGG,1,GLYCOSAMINOGLYCAN BIOSYNTHESIS - CHONDROITIN SULFATE / DERMATAN SULFATE,0.012222071018925506,6,636,21,6576,B3GALT6;B3GAT3;B4GALT7;CHST12;CHST14;XYLT2,0.7088801190976793,False
KEGG,1,B CELL RECEPTOR SIGNALING PATHWAY,0.0228091432349569,12,636,66,6576,CD19;CD72;CD79A;CD79B;HRAS;IKBKG;NFATC1;NFKBIB;NFKBIE;RAC2;VAV1;VAV2,0.8341486394274744,False
KEGG,1,MEASLES,0.022919563445755846,17,636,105,6576,BBC3;BID;CASP9;CD3E;FADD;IKBKE;IKBKG;IRF7;IRF9;JAK3;NFKBIB;OAS2;OAS3;TLR9;TP53;TP73;TRADD,0.8341486394274744,False
KEGG,1,GLYCOSAMINOGLYCAN BIOSYNTHESIS - HEPARAN SULFATE / HEPARIN,0.023639107137865416,6,636,24,6576,B3GALT6;B3GAT3;B4GALT7;EXTL3;HS6ST1;XYLT2,0.8341486394274744,False
KEGG,1,GLYCEROPHOSPHOLIPID METABOLISM,0.024966136684100592,16,636,98,6576,DGKA;DGKQ;GPAT2;LCAT;LPCAT4;LPIN3;MBOAT7;PHOSPHO1;PLA2G15;PLD2;PLD4;PLPP2;PLPP5;PNPLA7;SH2D3C;TPGS1,0.8341486394274744,False
KEGG,1,CYTOSOLIC DNA-SENSING PATHWAY,0.028494883906499496,10,636,53,6576,FADD;GSDMD;IKBKE;IKBKG;IRF7;NFKBIB;POLR3D;RIPK3;ZCCHC3;ZDHHC1,0.8341486394274744,False
KEGG,1,REGULATION OF ACTIN CYTOSKELETON,0.02876374618715429,29,636,209,6576,ARHGEF7;BAIAP2;BCAR1;C8G;CYFIP1;CYFIP2;FGD1;FGF17;FGF22;GNA12;HRAS;ITGA10;ITGAD;ITGAL;LIMK1;LIMK2;LPAR2;LPAR5;MYH14;PAK4;PDGFB;PFN3;RAC2;SLC9A1;SSH1;SSH3;VAV1;VAV2;WASF2,0.8341486394274744,False
KEGG,1,NOD-LIKE RECEPTOR SIGNALING PATHWAY,0.03304813953744998,19,636,126,6576,CARD9;FADD;GSDMD;IKBKE;IKBKG;IRF7;IRF9;NFKBIB;NLRX1;NOD2;OAS2;OAS3;PLCB2;PSTPIP1;RIPK3;RNF31;TAB1;TICAM1;TRPM2,0.8672205848546937,False
KEGG,1,ABC TRANSPORTERS,0.03488818444817733,8,636,40,6576,ABCA2;ABCA3;ABCA7;ABCB6;ABCB8;ABCC1;ABCC10;ABCC5,0.8672205848546937,False
KEGG,1,P53 SIGNALING PATHWAY,0.04561892697859535,11,636,65,6576,AIFM2;BBC3;BID;CASP9;DDB2;PIDD1;PPP1R13L;SESN2;SHISA5;TP53;TP73,1.0,False
KEGG,1,HERPES SIMPLEX VIRUS 1 INFECTION,0.04664427007686957,19,636,131,6576,BID;CARD9;CASP9;DAXX;FADD;HLA-DOB;IKBKE;IKBKG;IRF7;IRF9;LTA;OAS2;OAS3;POU2F2;TAB1;TICAM1;TLR9;TP53;TRADD,1.0,False
KEGG,1,BETA-ALANINE METABOLISM,0.05534636691664366,6,636,29,6576,ACOX3;ALDH3B1;AOC2;CARNS1;CSAD;MLYCD,1.0,False
KEGG,1,PATHOGENIC ESCHERICHIA COLI INFECTION,0.0605145008705699,23,636,170,6576,ABL1;ARHGEF11;ARHGEF7;BAIAP2;CASP9;CLDN9;CYFIP1;CYFIP2;CYTH2;CYTH4;FADD;GNA12;IKBKG;LPAR2;LPAR5;MYH14;MYO1G;NCK2;NFKBIB;TAB1;TRADD;WASF2;WIPF2,1.0,False
KEGG,1,YERSINIA INFECTION,0.06477982470817761,17,636,119,6576,ARHGEF7;BAIAP2;BCAR1;ELMO2;IKBKG;LCK;LIMK1;NFATC1;RAC2;TAB1;TICAM1;VAV1;VAV2;WAS;WASF2;WIPF2;ZAP70,1.0,False
KEGG,1,CHOLESTEROL METABOLISM,0.07133805274644965,8,636,46,6576,ANGPTL8;CIDEB;LCAT;LDLR;LDLRAP1;OSBPL5;STARD3;TSPO,1.0,False
KEGG,1,GLYCOSAMINOGLYCAN DEGRADATION,0.07464234972829606,4,636,17,6576,GALNS;GNS;HYAL3;SGSH,1.0,False
KEGG,1,GLYCEROLIPID METABOLISM,0.07943572430501283,9,636,55,6576,DGAT1;DGKA;DGKQ;GLYCTK;GPAT2;LPIN3;PLPP2;PLPP5;TKFC,1.0,False
KEGG,1,NATURAL KILLER CELL MEDIATED CYTOTOXICITY,0.08398804277134378,11,636,72,6576,BID;HRAS;ITGAL;KLRK1;LCK;NFATC1;RAC2;SH3BP2;VAV1;VAV2;ZAP70,1.0,False
KEGG,1,OTHER TYPES OF O-GLYCAN BIOSYNTHESIS,0.08614623372960961,7,636,40,6576,B4GALT2;MFNG;PLOD3;POFUT1;POFUT2;RFNG;ST3GAL3,1.0,False
KEGG,1,PD-L1 EXPRESSION AND PD-1 CHECKPOINT PATHWAY IN CANCER,0.08807645343041416,12,636,81,6576,CD3E;HRAS;IKBKG;LCK;MAP3K3;NFATC1;NFKBIB;NFKBIE;PDCD1;TICAM1;TLR9;ZAP70,1.0,False
KEGG,1,INFLUENZA A,0.09175581890786956,16,636,116,6576,BID;CASP9;FADD;HLA-DOB;IKBKE;IKBKG;IRF7;IRF9;NFKBIB;NLRX1;OAS2;OAS3;RAB43;TICAM1;TRADD;TRIM25,1.0,False
KEGG,1,LYSINE DEGRADATION,0.09490485345950515,9,636,57,6576,DOT1L;EHMT1;EHMT2;KMT2D;KMT5C;LDHD;PLOD3;SETD1B;SUV39H1,1.0,False
KEGG,1,SPHINGOLIPID METABOLISM,0.09593883546200564,8,636,49,6576,ARSA;B4GALT5;CERK;CERS4;DEGS2;NEU3;PLPP2;SPHK2,1.0,False
KEGG,1,T CELL RECEPTOR SIGNALING PATHWAY,0.1017210634607461,15,636,109,6576,ARHGEF7;CD3E;HRAS;IKBKG;LCK;MAP3K14;NCK2;NFATC1;NFKBIB;NFKBIE;PAK4;PDCD1;VAV1;VAV2;ZAP70,1.0,False
KEGG,1,TH17 CELL DIFFERENTIATION,0.10421089915006487,13,636,92,6576,CD3E;HLA-DOB;IKBKG;IL21R;IL27RA;IL6R;JAK3;LCK;NFATC1;NFKBIB;NFKBIE;RARA;ZAP70,1.0,False
KEGG,1,AMINO SUGAR AND NUCLEOTIDE SUGAR METABOLISM,0.11645055539233863,6,636,35,6576,AMDHD2;GALE;GNPDA1;MAP4K2;PMM1;UAP1L1,1.0,False
KEGG,1,"GLYCINE, SERINE AND THREONINE METABOLISM",0.11645055539233863,6,636,35,6576,ALAS1;AOC2;GCAT;GLYCTK;LDHD;PHGDH,1.0,False
KEGG,1,MAPK SIGNALING PATHWAY,0.11786363527868064,34,636,286,6576,CACNA1H;CACNA2D2;CACNB1;CACNB3;CDC25B;DAXX;DUSP8;EFNA3;FGF17;FGF22;FLT4;GNA12;HRAS;IKBKG;MAP3K14;MAP3K3;MAP3K6;MAP4K1;MAP4K2;MAPK7;MKNK1;NFATC1;NFKB2;PDGFB;PSPN;PTPN7;RAC2;RASGRP4;RELB;SYNGAP1;TAB1;TAOK2;TP53;TRADD,1.0,False
KEGG,1,FOLATE TRANSPORT AND METABOLISM,0.12109280923261236,4,636,20,6576,ABCC1;ABCC5;MTHFR;SLC19A1,1.0,False
KEGG,1,FANCONI ANEMIA PATHWAY,0.12760814621942268,7,636,44,6576,ATRIP;FAAP100;FANCE;FANCG;SLX4;TELO2;TOP3B,1.0,False
KEGG,1,NUCLEOTIDE EXCISION REPAIR,0.1352950961640305,8,636,53,6576,DDB2;ERCC2;ERCC3;GTF2H4;POLD1;POLD4;SLC19A1;XPC,1.0,False
KEGG,1,APOPTOSIS - MULTIPLE SPECIES,0.14278858161150826,5,636,29,6576,BBC3;BID;BOK;CASP9;FADD,1.0,False
KEGG,1,RAP1 SIGNALING PATHWAY,0.14457695776754798,24,636,198,6576,ADORA2A;BCAR1;EFNA3;EVL;FARP2;FGF17;FGF22;FLT4;FZR1;HRAS;ITGAL;LPAR2;LPAR5;PARD6A;PDGFB;PFN3;PLCB2;PRKCZ;PRKD2;RAC2;RGS14;SIPA1;VAV1;VAV2,1.0,False
KEGG,1,PHENYLALANINE METABOLISM,0.14706212006438113,3,636,14,6576,ALDH3B1;AOC2;ATAT1,1.0,False
KEGG,1,CYSTEINE AND METHIONINE METABOLISM,0.15150783021500436,7,636,46,6576,ATAT1;BCAT2;DNMT1;DNMT3A;KYAT1;MRI1;PHGDH,1.0,False
KEGG,1,VIRAL MYOCARDITIS,0.16418613418856337,7,636,47,6576,ABL1;BID;CASP9;DAG1;HLA-DOB;ITGAL;RAC2,1.0,False
KEGG,1,ALCOHOLIC LIVER DISEASE,0.17402545171170997,14,636,110,6576,ACOX3;CAMKK2;FADD;IKBKE;IKBKG;IL17RA;IL17RC;LPIN3;MAP3K14;MLYCD;TAB1;TCF7L1;TICAM1;TRADD,1.0,False
KEGG,1,MANNOSE TYPE O-GLYCAN BIOSYNTHESIS,0.1769424885457731,4,636,23,6576,B4GALT2;B4GAT1;FKRP;ST3GAL3,1.0,False
KEGG,1,SULFUR RELAY SYSTEM,0.17710272291002788,2,636,8,6576,CTU1;CTU2,1.0,False
KEGG,1,BASE EXCISION REPAIR,0.18509437003857052,6,636,40,6576,MUTYH;POLD1;POLD4;POLL;SLC19A1;SMUG1,1.0,False
KEGG,1,IL-17 SIGNALING PATHWAY,0.1959982235321568,10,636,76,6576,ELAVL1;FADD;FOSB;IKBKE;IKBKG;IL17RA;IL17RC;MAPK15;MAPK7;TRADD,1.0,False
KEGG,1,OTHER GLYCAN DEGRADATION,0.19668133286527523,3,636,16,6576,ENGASE;MAN2B2;NEU3,1.0,False
KEGG,1,VARIOUS TYPES OF N-GLYCAN BIOSYNTHESIS,0.20042190176721345,6,636,41,6576,ALG12;ALG3;B4GALT2;MAN1B1;MAN1C1;ST3GAL3,1.0,False
KEGG,1,C-TYPE LECTIN RECEPTOR SIGNALING PATHWAY,0.2045912891630711,12,636,95,6576,CARD9;EGR3;HRAS;IKBKE;IKBKG;IRF9;LSP1;MAP3K14;NFATC1;NFKB2;PLK3;RELB,1.0,False
KEGG,1,N-GLYCAN BIOSYNTHESIS,0.20484966253594045,7,636,50,6576,ALG12;ALG3;B4GALT2;DOLK;DOLPP1;MAN1B1;MAN1C1,1.0,False
KEGG,1,FC GAMMA R-MEDIATED PHAGOCYTOSIS,0.20614654265669655,11,636,86,6576,LIMK1;LIMK2;NCF1;PLD2;PLPP2;RAC2;SPHK2;VAV1;VAV2;WAS;WASF2,1.0,False
KEGG,1,SPHINGOLIPID SIGNALING PATHWAY,0.20974843159000975,14,636,114,6576,ABCC1;BID;CERS4;DEGS2;GNA12;HRAS;NANOS3;PLCB2;PLD2;PRKCZ;RAC2;SPHK2;TP53;TRADD,1.0,False
KEGG,1,LIPID AND ATHEROSCLEROSIS,0.21472807130216048,20,636,171,6576,AGER;BID;CASP9;HRAS;IKBKE;IKBKG;IRF7;LDLR;MIB2;NANOS3;NCF1;NCF4;NFATC1;PLCB2;POU2F2;TAB1;TICAM1;TP53;VAV1;VAV2,1.0,False
KEGG,1,TH1 AND TH2 CELL DIFFERENTIATION,0.23041003401781604,10,636,79,6576,CD3E;HLA-DOB;IKBKG;JAK3;LCK;MAML1;NFATC1;NFKBIB;NFKBIE;ZAP70,1.0,False
KEGG,1,HEPATITIS C,0.23443307819095008,15,636,126,6576,BID;CASP9;CLDN9;FADD;HRAS;IKBKE;IKBKG;IRF7;IRF9;LDLR;OAS2;OAS3;TICAM1;TP53;TRADD,1.0,False
KEGG,1,GALACTOSE METABOLISM,0.2396455042113521,4,636,26,6576,B4GALT2;G6PC3;GALE;MAP4K2,1.0,False
KEGG,1,ACUTE MYELOID LEUKEMIA,0.2474521993209047,8,636,62,6576,HRAS;IKBKG;PER2;PIM2;PPARD;RARA;SPI1;TCF7L1,1.0,False
KEGG,1,GLYCOLYSIS / GLUCONEOGENESIS,0.24887949602587123,7,636,53,6576,ADPGK;ALDH3B1;G6PC3;GAPDHS;GNPDA1;LDHD;MAP4K2,1.0,False
KEGG,1,PENTOSE PHOSPHATE PATHWAY,0.26159919819821986,4,636,27,6576,GLYCTK;GNPDA1;PHGDH;SHPK,1.0,False
KEGG,1,THYROID CANCER,0.26550740988153926,5,636,36,6576,DDB2;FZR1;HRAS;TCF7L1;TP53,1.0,False
KEGG,1,LYSOSOME,0.26872343118019787,14,636,120,6576,ABCA2;AP1M1;ARSA;CTNS;GALNS;GNS;HYAL3;MEAK7;NAGA;NAGPA;NAPSA;PLA2G15;PPT2;SGSH,1.0,False
KEGG,1,NEUTROPHIL EXTRACELLULAR TRAP FORMATION,0.26880104496804824,12,636,101,6576,AGER;ATG7;GSDMD;H2AC19;HDAC11;HDAC5;HDAC7;ITGAL;NCF1;NCF4;PLCB2;RAC2,1.0,False
KEGG,1,MITOPHAGY - ANIMAL,0.2740993058510054,11,636,92,6576,AMBRA1;ATG9B;CITED2;HRAS;MED12;MTX1;NLRX1;RAB5C;TFEB;TOMM40L;TP53,1.0,False
KEGG,1,NOTCH SIGNALING PATHWAY,0.27970287495894086,7,636,55,6576,DTX2;MAML1;MFNG;NUMBL;RFNG;TLE2;TLE3,1.0,False
KEGG,1,HEMATOPOIETIC CELL LINEAGE,0.2902459297232117,8,636,65,6576,CD19;CD37;CD3E;CD5;CSF3R;FCER2;HLA-DOB;IL6R,1.0,False
KEGG,1,PANTOTHENATE AND COA BIOSYNTHESIS,0.30431000401621877,3,636,20,6576,BCAT2;CSAD;PPCDC,1.0,False
KEGG,1,IGSF CAM SIGNALING,0.3076460609744925,28,636,261,6576,ABL1;ARHGEF7;BAIAP2;BCAR1;CADM4;CASKIN1;CNTNAP1;CSK;FZR1;ITGAL;LCK;LRFN4;LY9;MTSS2;MYH14;NCK2;PAK4;PARD6A;PLXNA1;PLXNA3;PPFIA3;PPFIA4;ROBO3;SPTBN4;SPTBN5;SYNGAP1;VAV1;VAV2,1.0,False
KEGG,1,EFFEROCYTOSIS,0.31650816733435444,16,636,144,6576,AGER;ANO9;BCAR1;DNMT3A;DUSP8;NFATC1;PLA2G15;PPARD;RAB5C;SLC66A1;SPHK2;TGFBRAP1;TYRO3;VPS11;VPS18;XKR8,1.0,False
KEGG,1,UBIQUINONE AND OTHER TERPENOID-QUINONE BIOSYNTHESIS,0.32587772504315377,2,636,12,6576,ATAT1;COQ4,1.0,False
KEGG,1,INOSITOL PHOSPHATE METABOLISM,0.3261562541300201,9,636,77,6576,INPP5E;ITPK1;ITPKB;PI4K2A;PIK3C2B;PIP5KL1;PLCB2;PLCH2;SYNJ2,1.0,False
KEGG,1,TYROSINE METABOLISM,0.32924787477986156,4,636,30,6576,ALDH3B1;AOC2;ATAT1;DBH,1.0,False
KEGG,1,APOPTOSIS,0.32993425771562024,13,636,116,6576,BBC3;BID;CASP9;DAXX;FADD;HRAS;IKBKG;LMNB2;MAP3K14;PIDD1;TP53;TRADD;TRAF1,1.0,False
KEGG,1,ARGININE BIOSYNTHESIS,0.33189784834973796,3,636,21,6576,GPT;GPT2;NANOS3,1.0,False
KEGG,1,MISMATCH REPAIR,0.33189784834973796,3,636,21,6576,POLD1;POLD4;SLC19A1,1.0,False
KEGG,1,ADIPOCYTOKINE SIGNALING PATHWAY,0.34974022545957106,8,636,69,6576,CAMKK2;G6PC3;IKBKG;NFKBIB;NFKBIE;POMC;SLC2A4;TRADD,1.0,False
KEGG,1,ENDOCYTOSIS,0.3524136023491617,23,636,217,6576,ACAP1;AGAP2;CYTH2;CYTH4;EHD3;EPN1;HRAS;IQSEC2;LDLR;LDLRAP1;MVB12B;PARD6A;PIP5KL1;PLD2;PRKCZ;PSD4;RAB35;RAB43;RAB5C;RNF41;VPS37C;VPS37D;WIPF2,1.0,False
KEGG,1,BIOSYNTHESIS OF UNSATURATED FATTY ACIDS,0.35944515652754605,3,636,22,6576,ACOX3;ELOVL1;FADS2,1.0,False
KEGG,1,GLYCOSAMINOGLYCAN BIOSYNTHESIS - KERATAN SULFATE,0.36257978804375385,2,636,13,6576,B4GALT2;ST3GAL3,1.0,False
KEGG,1,NON-HOMOLOGOUS END-JOINING,0.36257978804375385,2,636,13,6576,POLL;POLM,1.0,False
KEGG,1,VIRION - LASSA VIRUS AND SFTS VIRUS,0.36257978804375385,2,636,13,6576,DAG1;MYH14,1.0,False
KEGG,1,BACTERIAL INVASION OF EPITHELIAL CELLS,0.36488262061707594,8,636,70,6576,BCAR1;ELMO2;ELMO3;FZR1;SEPTIN1;SEPTIN6;SEPTIN8;WASF2,1.0,False
KEGG,1,TOLL-LIKE RECEPTOR SIGNALING PATHWAY,0.3684736273747781,9,636,80,6576,FADD;IKBKE;IKBKG;IRF5;IRF7;IRF9;TAB1;TICAM1;TLR9,1.0,False
KEGG,1,GLYCOSPHINGOLIPID BIOSYNTHESIS - LACTO AND NEOLACTO SERIES,0.38682055672481147,3,636,23,6576,B3GNT4;B4GALT2;ST3GAL3,1.0,False
KEGG,1,OSTEOCLAST DIFFERENTIATION,0.38704332619602877,12,636,111,6576,FOSB;IKBKG;IRF9;LCK;MAP3K14;NCF1;NCF4;NFATC1;NFKB2;RELB;SPI1;TAB1,1.0,False
KEGG,1,D-AMINO ACID METABOLISM,0.39875364539810215,1,636,5,6576,DGLUCY,1.0,False
KEGG,1,NICOTINATE AND NICOTINAMIDE METABOLISM,0.4203449333153991,4,636,34,6576,NADSYN1;NT5M;SIRT6;SIRT7,1.0,False
KEGG,1,ENDOMETRIAL CANCER,0.4250183883506584,6,636,54,6576,CASP9;DDB2;FZR1;HRAS;TCF7L1;TP53,1.0,False
KEGG,1,HUMAN T-CELL LEUKEMIA VIRUS 1 INFECTION,0.42549375537128514,20,636,195,6576,CD3E;CRTC1;CRTC3;HLA-DOB;HRAS;IKBKG;ITGAL;JAK3;LCK;LTA;MAP3K14;MAP3K3;NFATC1;NFKB2;RANBP3;RELB;SPI1;TCF3;TP53;TSPO,1.0,False
KEGG,1,SALMONELLA INFECTION,0.4319271429151031,22,636,216,6576,ARHGEF7;CYFIP1;CYFIP2;CYTH2;CYTH4;ELMO2;FADD;GSDMD;HRAS;IKBKG;KLC1;PFN3;PIK3C2B;RAB5C;RIPK3;SNX33;TAB1;TCF7L1;TLR9;TRADD;VPS11;VPS18,1.0,False
KEGG,1,HEPATITIS B,0.4333527259828474,14,636,135,6576,BID;CASP9;DDB2;EGR3;FADD;HRAS;IKBKE;IKBKG;IRF7;JAK3;NFATC1;TAB1;TICAM1;TP53,1.0,False
KEGG,1,GLYCOSPHINGOLIPID BIOSYNTHESIS - GANGLIO SERIES,0.433444659771402,2,636,15,6576,B3GALT4;ST6GALNAC4,1.0,False
KEGG,1,VEGF SIGNALING PATHWAY,0.44281212468433856,6,636,55,6576,CASP9;HRAS;NANOS3;RAC2;SH2D2A;SPHK2,1.0,False
KEGG,1,PHOSPHOLIPASE D SIGNALING PATHWAY,0.4559400222813169,14,636,137,6576,AVPR2;CYTH2;CYTH4;DGKA;DGKQ;GNA12;HRAS;LPAR2;LPAR5;PDGFB;PLCB2;PLD2;PLPP2;SPHK2,1.0,False
KEGG,1,TUBERCULOSIS,0.4559400222813169,14,636,137,6576,BID;CARD9;CASP9;CORO1A;FADD;HLA-DOB;LSP1;NFYC;NOD2;PLK3;RAB5C;SPHK2;TLR9;TRADD,1.0,False
KEGG,1,"PHENYLALANINE, TYROSINE AND TRYPTOPHAN BIOSYNTHESIS",0.45694763132517674,1,636,6,6576,ATAT1,1.0,False
KEGG,1,VITAMIN B6 METABOLISM,0.45694763132517674,1,636,6,6576,PNPO,1.0,False
KEGG,1,BASAL TRANSCRIPTION FACTORS,0.46492818646232426,4,636,36,6576,ERCC2;ERCC3;GTF2H4;TAF4,1.0,False
KEGG,1,STARCH AND SUCROSE METABOLISM,0.4668124799048515,3,636,26,6576,G6PC3;GNPDA1;MAP4K2,1.0,False
KEGG,1,VITAMIN DIGESTION AND ABSORPTION,0.4668124799048515,3,636,26,6576,ABCC1;SLC19A1;SLC5A6,1.0,False
KEGG,1,PRIMARY BILE ACID BIOSYNTHESIS,0.4672679921865628,2,636,16,6576,HSD3B7;SLC27A5,1.0,False
KEGG,1,HUMAN IMMUNODEFICIENCY VIRUS 1 INFECTION,0.48042088529025884,17,636,170,6576,AP1M1;ARHGEF7;BID;BTRC;CASP9;CD3E;FADD;GNB3;HRAS;IKBKG;LIMK1;LIMK2;NFATC1;PAK4;RAC2;TAB1;TRADD,1.0,False
KEGG,1,ADHERENS JUNCTION,0.48235121907830186,9,636,88,6576,BAIAP2;FARP2;FZR1;PTPRJ;RAC2;RADIL;TCF7L1;WAS;WASF2,1.0,False
KEGG,1,HOMOLOGOUS RECOMBINATION,0.48676449353375906,4,636,37,6576,POLD1;POLD4;TOP3B;XRCC3,1.0,False
KEGG,1,NECROPTOSIS,0.4883107357495381,11,636,109,6576,BID;FADD;H2AC19;IRF9;JAK3;RIPK3;RNF31;SPATA2;SPATA2L;TICAM1;TRADD,1.0,False
KEGG,1,TNF SIGNALING PATHWAY,0.4883107357495381,11,636,109,6576,FADD;FRMD8;IKBKG;LTA;MAP3K14;NOD2;RHBDF2;RIPK3;TAB1;TRADD;TRAF1,1.0,False
KEGG,1,MELANOMA,0.4904963612161875,7,636,68,6576,DDB2;FGF17;FGF22;FZR1;HRAS;PDGFB;TP53,1.0,False
KEGG,1,AFRICAN TRYPANOSOMIASIS,0.4924641401181803,3,636,27,6576,PLCB2;THOP1;TLR9,1.0,False
KEGG,1,AMINOACYL-TRNA BIOSYNTHESIS,0.4924641401181803,3,636,27,6576,AARS2;SARS2;TRNP1,1.0,False
KEGG,1,SELENOCOMPOUND METABOLISM,0.49985938533977337,2,636,17,6576,KYAT1;TXNRD2,1.0,False
KEGG,1,VIRAL CARCINOGENESIS,0.5079065208109738,15,636,152,6576,EGR3;GTF2H4;HDAC11;HDAC5;HDAC7;HRAS;IKBKG;IRF7;IRF9;JAK3;NFKB2;SCRIB;TP53;TRADD;TRAF1,1.0,False
KEGG,1,PEROXISOME,0.5157929708851534,8,636,80,6576,ACOX3;MLYCD;MVK;PAOX;PEX11G;PEX14;PEX16;PEX26,1.0,False
KEGG,1,GLYCOSYLPHOSPHATIDYLINOSITOL (GPI)-ANCHOR BIOSYNTHESIS,0.517490195938583,3,636,28,6576,B3GALT4;MPPE1;PIGO,1.0,False
KEGG,1,KAPOSI SARCOMA-ASSOCIATED HERPESVIRUS INFECTION,0.5185903368014003,15,636,153,6576,BID;CASP9;FADD;GNB3;HRAS;IKBKE;IKBKG;IRF7;IRF9;NFATC1;PDGFB;TCF7L1;TICAM1;TP53;TRADD,1.0,False
KEGG,1,NEUROTROPHIN SIGNALING PATHWAY,0.5258779863439652,11,636,112,6576,ABL1;ARHGDIG;HRAS;MAP3K3;MAPK7;MATK;NFKBIB;NFKBIE;SH2B2;TP53;TP73,1.0,False
KEGG,1,FRUCTOSE AND MANNOSE METABOLISM,0.5418359466374171,3,636,29,6576,PFKFB4;PMM1;TKFC,1.0,False
KEGG,1,GLYOXYLATE AND DICARBOXYLATE METABOLISM,0.5418359466374171,3,636,29,6576,GLYCTK;LDHD;PGP,1.0,False
KEGG,1,BASAL CELL CARCINOMA,0.5462162894445716,6,636,61,6576,DDB2;GLI1;PTCH2;SUFU;TCF7L1;TP53,1.0,False
KEGG,1,CHOLINE METABOLISM IN CANCER,0.5512278696700169,9,636,93,6576,DGKA;DGKQ;HRAS;PDGFB;PLD2;PLPP2;RAC2;WAS;WASF2,1.0,False
KEGG,1,HEDGEHOG SIGNALING PATHWAY,0.5566625824704885,5,636,51,6576,BTRC;GLI1;MEGF8;PTCH2;SUFU,1.0,False
KEGG,1,HISTIDINE METABOLISM,0.5610597149081676,2,636,19,6576,ALDH3B1;CARNS1,1.0,False
KEGG,1,STEROID BIOSYNTHESIS,0.5610597149081676,2,636,19,6576,DHCR7;TM7SF2,1.0,False
KEGG,1,CENTRAL CARBON METABOLISM IN CANCER,0.5626472906629798,6,636,62,6576,HRAS;MAP4K2;SIRT6;SLC16A3;SLC7A5;TP53,1.0,False
KEGG,1,ATP-DEPENDENT CHROMATIN REMODELING,0.5645806261534603,9,636,94,6576,ACTR5;BCL7C;DPF1;DPF2;EP400;H2AC19;MTA2;NFRKB;TFPT,1.0,False
KEGG,1,PHOSPHATIDYLINOSITOL SIGNALING SYSTEM,0.5645806261534603,9,636,94,6576,DGKA;DGKQ;INPP5E;ITPK1;ITPKB;PI4K2A;PIK3C2B;PLCB2;SYNJ2,1.0,False
KEGG,1,AUTOPHAGY - OTHER,0.5654568435104791,3,636,30,6576,ATG13;ATG7;ATG9B,1.0,False
KEGG,1,ONE CARBON POOL BY FOLATE,0.5654568435104791,3,636,30,6576,LDHD;MTHFD1L;MTHFR,1.0,False
KEGG,1,FAT DIGESTION AND ABSORPTION,0.5700064704887079,4,636,41,6576,DGAT1;PLPP2;SLC27A1;SLC27A4,1.0,False
KEGG,1,VASOPRESSIN-REGULATED WATER REABSORPTION,0.5700064704887079,4,636,41,6576,ARHGDIG;AVPR2;RAB43;RAB5C,1.0,False
KEGG,1,HIPPO SIGNALING PATHWAY,0.5768941999005454,14,636,148,6576,AMH;BBC3;BTRC;DLG5;FZR1;LLGL1;LLGL2;MPP2;PARD6A;PRKCZ;SCRIB;TCF7L1;TP73;TRIM26,1.0,False
KEGG,1,RENAL CELL CARCINOMA,0.5787910907709387,6,636,63,6576,ARHGEF7;FLCN;HRAS;LDLR;PAK4;PDGFB,1.0,False
KEGG,1,PROPANOATE METABOLISM,0.5883176467071556,3,636,31,6576,ACOX3;LDHD;MLYCD,1.0,False
KEGG,1,SNARE INTERACTIONS IN VESICULAR TRANSPORT,0.5883176467071556,3,636,31,6576,GOSR2;STX1A;STX2,1.0,False
KEGG,1,RENIN-ANGIOTENSIN SYSTEM,0.589587460562829,2,636,20,6576,KCTD11;THOP1,1.0,False
KEGG,1,TERPENOID BACKBONE BIOSYNTHESIS,0.589587460562829,2,636,20,6576,DHDDS;MVK,1.0,False
KEGG,1,CORTISOL SYNTHESIS AND SECRETION,0.60893399590733,5,636,54,6576,CACNA1H;LDLR;ORAI1;PLCB2;POMC,1.0,False
KEGG,1,PPAR SIGNALING PATHWAY,0.610149786368266,6,636,65,6576,ACOX3;FADS2;PPARD;SLC27A1;SLC27A4;SLC27A5,1.0,False
KEGG,1,CIRCADIAN RHYTHM,0.6103915916688862,3,636,32,6576,BTRC;NFIL3;PER2,1.0,False
KEGG,1,SYNAPTIC VESICLE CYCLE,0.6118977770590792,7,636,76,6576,ATP6V1G2;CPLX1;NAPSA;RAB3A;STX1A;STX2;UNC13B,1.0,False
KEGG,1,RAS SIGNALING PATHWAY,0.6173987606669817,20,636,216,6576,ABL1;ARHGAP9;ARHGEF7;EFNA3;FGF17;FGF22;FLT4;GNB3;HRAS;IKBKG;PAK4;PDGFB;PLD2;RAB5C;RAC2;RASAL3;RASGRP4;RIN1;SYNGAP1;ZAP70,1.0,False
KEGG,1,CHEMOKINE SIGNALING PATHWAY,0.6182486975352518,14,636,152,6576,BCAR1;CXCR5;GNB3;HRAS;IKBKG;JAK3;NCF1;NFKBIB;PLCB2;PRKCZ;RAC2;VAV1;VAV2;WAS,1.0,False
KEGG,1,RIBOSOME BIOGENESIS IN EUKARYOTES,0.6253356773768011,6,636,66,6576,NAT10;NOL6;REXO1;RPP25;RRP7A;TBL3,1.0,False
KEGG,1,SYSTEMIC LUPUS ERYTHEMATOSUS,0.627210671208059,4,636,44,6576,C8G;H2AC19;HLA-DOB;TRIM21,1.0,False
KEGG,1,ALCOHOLISM,0.6302990332751852,10,636,110,6576,ADORA2A;CAMKK2;FOSB;GNB3;GRIN3B;H2AC19;HDAC11;HDAC5;HDAC7;HRAS,1.0,False
KEGG,1,DNA REPLICATION,0.6316595767819735,3,636,33,6576,POLD1;POLD4;SLC19A1,1.0,False
KEGG,1,ALPHA-LINOLENIC ACID METABOLISM,0.6424394355383991,2,636,22,6576,ACOX3;FADS2,1.0,False
KEGG,1,"VALINE, LEUCINE AND ISOLEUCINE DEGRADATION",0.6451640458544072,4,636,45,6576,ACSF3;BCAT2;IVD;LDHD,1.0,False
KEGG,1,WNT SIGNALING PATHWAY,0.6479662313059114,14,636,155,6576,BTRC;CCAR2;CCDC88C;LZTS2;NFATC1;PLCB2;PORCN;PPARD;PRICKLE3;RAC2;TCF7L1;TLE2;TLE3;TP53,1.0,False
KEGG,1,COCAINE ADDICTION,0.6625383743928297,4,636,46,6576,CDK5;FOSB;GRIN3B;LLGL1,1.0,False
KEGG,1,TYPE I DIABETES MELLITUS,0.6667840906635026,2,636,23,6576,HLA-DOB;LTA,1.0,False
KEGG,1,LEISHMANIASIS,0.6727567428862126,5,636,58,6576,HLA-DOB;NCF1;NCF4;NFKBIB;TAB1,1.0,False
KEGG,1,THIAMINE METABOLISM,0.6736514464204932,1,636,11,6576,THTPA,1.0,False
KEGG,1,ALDOSTERONE SYNTHESIS AND SECRETION,0.6792750783335815,7,636,81,6576,CACNA1H;DAGLB;LDLR;ORAI1;PLCB2;POMC;PRKD2,1.0,False
KEGG,1,COLORECTAL CANCER,0.6792750783335815,7,636,81,6576,BBC3;CASP9;DDB2;HRAS;RAC2;TCF7L1;TP53,1.0,False
KEGG,1,ETHER LIPID METABOLISM,0.6793259890767653,4,636,47,6576,LPCAT4;PLD2;PLD4;PLPP2,1.0,False
KEGG,1,MINERAL ABSORPTION,0.6793259890767653,4,636,47,6576,CLCN2;SLC26A6;SLC34A3;SLC39A4,1.0,False
KEGG,1,FERROPTOSIS,0.6905355296648288,3,636,36,6576,ATG7;SLC39A14;TP53,1.0,False
KEGG,1,OXYTOCIN SIGNALING PATHWAY,0.6949584109332181,12,636,138,6576,CACNA2D2;CACNB1;CACNB3;CAMKK2;EEF2K;HRAS;KCNJ14;MAPK7;NANOS3;NFATC1;PLCB2;TRPM2,1.0,False
KEGG,1,VIRAL LIFE CYCLE - HIV-1,0.6955223942696287,4,636,48,6576,ELL;ELL3;MAP1S;NELFA,1.0,False
KEGG,1,LONGEVITY REGULATING PATHWAY,0.7040569322201191,7,636,83,6576,ATG13;CAMKK2;EHMT1;EHMT2;HRAS;SESN2;TP53,1.0,False
KEGG,1,BLADDER CANCER,0.7085153269705116,3,636,37,6576,FZR1;HRAS;TP53,1.0,False
KEGG,1,MALARIA,0.7085153269705116,3,636,37,6576,ITGAL;KLRK1;TLR9,1.0,False
KEGG,1,FATTY ACID ELONGATION,0.711440057285057,2,636,25,6576,ELOVL1;PPT2,1.0,False
KEGG,1,LEUKOCYTE TRANSENDOTHELIAL MIGRATION,0.7195655610995493,9,636,107,6576,BCAR1;CLDN9;ITGAL;NCF1;NCF4;RAC2;SIPA1;VAV1;VAV2,1.0,False
KEGG,1,INFLAMMATORY BOWEL DISEASE,0.7261378023467486,4,636,50,6576,HLA-DOB;IL21R;NFATC1;NOD2,1.0,False
KEGG,1,PROSTATE CANCER,0.7337009860686621,8,636,97,6576,CASP9;HRAS;IKBKG;PDGFB;SLC19A1;SPINT1;TCF7L1;TP53,1.0,False
KEGG,1,NUCLEOCYTOPLASMIC TRANSPORT,0.7387954210579899,7,636,86,6576,AAAS;IPO4;NUP188;NUP210;NUP62;THOC6;XPO7,1.0,False
KEGG,1,CARBOHYDRATE DIGESTION AND ABSORPTION,0.7420491026078962,3,636,39,6576,G6PC3;PLCB2;TAS1R3,1.0,False
KEGG,1,SHIGELLOSIS,0.7421284970546349,18,636,210,6576,BCAR1;BTRC;CYTH2;CYTH4;ELMO2;FOXO6;IKBKG;NFKBIB;PFN3;PLCB2;RNF31;SEPTIN6;SEPTIN8;TAB1;TECPR1;TP53;TRADD;WASF2,1.0,False
KEGG,1,PANCREATIC CANCER,0.7455818751300323,6,636,75,6576,CASP9;DDB2;IKBKG;PLD2;RAC2;TP53,1.0,False
KEGG,1,SMALL CELL LUNG CANCER,0.7497190999500267,7,636,87,6576,CASP9;DDB2;IKBKG;LMNB2;TP53;TRAF1;ZBTB17,1.0,False
KEGG,1,CALCIUM SIGNALING PATHWAY,0.7551882497653857,20,636,234,6576,ADORA2A;CACNA1H;DHX34;FGF17;FGF22;FLT4;GRIN3B;ITPKB;LTB4R2;NANOS3;NFATC1;ORAI1;ORAI2;PDE1B;PDGFB;PLCB2;SPHK2;TBXA2R;TFEB;TPCN2,1.0,False
KEGG,1,GLYCOSPHINGOLIPID BIOSYNTHESIS - GLOBO AND ISOGLOBO SERIES,0.7596187674524727,1,636,14,6576,NAGA,1.0,False
KEGG,1,GRAFT-VERSUS-HOST DISEASE,0.7596187674524727,1,636,14,6576,HLA-DOB,1.0,False
KEGG,1,TAURINE AND HYPOTAURINE METABOLISM,0.7596187674524727,1,636,14,6576,CSAD,1.0,False
KEGG,1,JAK-STAT SIGNALING PATHWAY,0.7640448359418065,10,636,123,6576,CISH;CSF3R;HRAS;IL21R;IL27RA;IL6R;IRF9;JAK3;PDGFB;PIAS4,1.0,False
KEGG,1,POLYCOMB REPRESSIVE COMPLEX,0.7681172772828557,6,636,77,6576,BCORL1;CBX4;KDM2B;L3MBTL2;PCGF2;PHF19,1.0,False
KEGG,1,PURINE METABOLISM,0.7683740755819918,9,636,112,6576,AMPD3;CANT1;HDDC3;IMPDH1;NT5M;PDE1B;PDE4A;PDE6B;PFAS,1.0,False
KEGG,1,CITRATE CYCLE (TCA CYCLE),0.7689349523675517,2,636,28,6576,LDHD;LDLR,1.0,False
KEGG,1,MUCIN TYPE O-GLYCAN BIOSYNTHESIS,0.7689349523675517,2,636,28,6576,B4GALT5;ST6GALNAC4,1.0,False
KEGG,1,PATHWAYS IN CANCER,0.7733530291759189,41,636,467,6576,ABL1;ARHGEF11;BBC3;BID;CASP9;CSF3R;DDB2;FADD;FGF17;FGF22;FLT4;FZR1;GLI1;GNA12;GNB3;HRAS;IKBKG;IL6R;JAK3;LDLR;LMNB2;LPAR2;LPAR5;NFKB2;PDGFB;PIM2;PLCB2;PLD2;PLEKHG5;PPARD;PTCH2;RAC2;RARA;RASGRP4;SPI1;SUFU;TCF7L1;TP53;TRAF1;TXNRD2;ZBTB17,1.0,False
KEGG,1,APELIN SIGNALING PATHWAY,0.781241984075846,10,636,125,6576,FZR1;GNB3;HDAC5;HRAS;MEF2B;NANOS3;NRF1;PLCB2;SLC9A1;SPHK2,1.0,False
KEGG,1,INSULIN RESISTANCE,0.783060910853653,8,636,102,6576,G6PC3;NANOS3;PRKCZ;SLC27A1;SLC27A4;SLC27A5;SLC2A4;TRIB3,1.0,False
KEGG,1,INTESTINAL IMMUNE NETWORK FOR IGA PRODUCTION,0.7857571009401543,2,636,29,6576,HLA-DOB;MAP3K14,1.0,False
KEGG,1,HUMAN CYTOMEGALOVIRUS INFECTION,0.795099161847772,15,636,184,6576,ARHGEF11;BCAR1;BID;CASP9;FADD;GNA12;GNB3;HRAS;IKBKG;IL6R;NFATC1;PLCB2;RAC2;TP53;TRADD,1.0,False
KEGG,1,"PARATHYROID HORMONE SYNTHESIS, SECRETION AND ACTION",0.8008130227246582,8,636,104,6576,ARHGEF11;GNA12;MMP17;MMP24;PDE4A;PLCB2;PLD2;SLC34A3,1.0,False
KEGG,1,FATTY ACID BIOSYNTHESIS,0.803960179722091,1,636,16,6576,ACSF3,1.0,False
KEGG,1,MICRORNAS IN CANCER,0.8040426024012923,12,636,151,6576,ABCC1;ABL1;CDC25B;DNMT1;DNMT3A;EFNA3;HDAC5;HRAS;MAPK7;PAK4;PDGFB;TP53,1.0,False
KEGG,1,NON-SMALL CELL LUNG CANCER,0.8105802575282463,5,636,69,6576,CASP9;DDB2;HRAS;JAK3;TP53,1.0,False
KEGG,1,ARGININE AND PROLINE METABOLISM,0.8124736146360941,3,636,44,6576,AZIN2;CARNS1;NANOS3,1.0,False
KEGG,1,TYPE II DIABETES MELLITUS,0.8124736146360941,3,636,44,6576,MAP4K2;PRKCZ;SLC2A4,1.0,False
KEGG,1,TOXOPLASMOSIS,0.8171024975973157,7,636,94,6576,CASP9;HLA-DOB;IKBKG;LDLR;LMNB2;NFKBIB;TAB1,1.0,False
KEGG,1,ALLOGRAFT REJECTION,0.8229664793709859,1,636,17,6576,HLA-DOB,1.0,False
KEGG,1,ASTHMA,0.8229664793709859,1,636,17,6576,HLA-DOB,1.0,False
KEGG,1,GNRH SECRETION,0.825723148565277,4,636,58,6576,CACNA1H;HCN3;HRAS;PLCB2,1.0,False
KEGG,1,FLUID SHEAR STRESS AND ATHEROSCLEROSIS,0.8260830204016523,9,636,119,6576,IKBKG;MAPK7;NANOS3;NCF1;PDGFB;PIAS4;PRKCZ;RAC2;TP53,1.0,False
KEGG,1,ARRHYTHMOGENIC RIGHT VENTRICULAR CARDIOMYOPATHY,0.8352921793465932,6,636,84,6576,CACNA2D2;CACNB1;CACNB3;DAG1;ITGA10;TCF7L1,1.0,False
KEGG,1,CHRONIC MYELOID LEUKEMIA,0.8388905946255774,5,636,72,6576,ABL1;DDB2;HRAS;IKBKG;TP53,1.0,False
KEGG,1,CELL ADHESION MOLECULE (CAM) INTERACTION,0.8403690266788323,9,636,121,6576,CD6;CLDN9;CNTNAP1;FZR1;HLA-DOB;ITGAL;NTNG2;PDCD1;VSIR,1.0,False
KEGG,1,VIRAL PROTEIN INTERACTION WITH CYTOKINE AND CYTOKINE RECEPTOR,0.8453271787785914,4,636,60,6576,CXCR5;IL34;IL6R;LTA,1.0,False
KEGG,1,CYTOSKELETON IN MUSCLE CELLS,0.8486982415035329,17,636,216,6576,AMPD3;ANKRD23;COL11A2;DAG1;FMNL1;INF2;ITGA10;LMNB2;MYH14;MYH7B;NOL6;OBSCN;PDLIM2;PDLIM7;SPTBN4;SPTBN5;UNC13D,1.0,False
KEGG,1,FC EPSILON RI SIGNALING PATHWAY,0.8544122843733687,4,636,61,6576,HRAS;RAC2;VAV1;VAV2,1.0,False
KEGG,1,"ALANINE, ASPARTATE AND GLUTAMATE METABOLISM",0.8546176796822037,2,636,34,6576,GPT;GPT2,1.0,False
KEGG,1,BIOSYNTHESIS OF VARIOUS NUCLEOTIDE SUGARS,0.8556367672823598,1,636,19,6576,UAP1L1,1.0,False
KEGG,1,LIPOIC ACID METABOLISM,0.8556367672823598,1,636,19,6576,LDHD,1.0,False
KEGG,1,HUMAN PAPILLOMAVIRUS INFECTION,0.8596636198604889,23,636,287,6576,ATP6V1G2;FADD;HES6;HRAS;IKBKE;IKBKG;IRF9;ISG15;ITGA10;LLGL1;LLGL2;LMNB2;MAML1;MFNG;MPP2;PARD6A;PRKCZ;RFNG;SCRIB;TCF7L1;TICAM1;TP53;TRADD,1.0,False
KEGG,1,RENIN SECRETION,0.86304040581476,4,636,62,6576,KCTD11;ORAI1;PDE1B;PLCB2,1.0,False
KEGG,1,INSULIN SECRETION,0.8636367071281215,5,636,75,6576,MAP4K2;PLCB2;RAB3A;STX1A;TRPM4,1.0,False
KEGG,1,AUTOPHAGY - ANIMAL,0.8658107676740225,11,636,149,6576,AMBRA1;ATG13;ATG7;ATG9B;CAMKK2;GORASP1;HRAS;RUBCN;VPS11;VPS18;ZFYVE1,1.0,False
KEGG,1,TIGHT JUNCTION,0.8658107676740225,11,636,149,6576,CLDN9;LLGL1;LLGL2;MPP2;MYH14;PARD6A;PRKCZ;SCRIB;SYMPK;TJAP1;WAS,1.0,False
KEGG,1,AUTOIMMUNE THYROID DISEASE,0.8696393623728613,1,636,20,6576,HLA-DOB,1.0,False
KEGG,1,ERBB SIGNALING PATHWAY,0.8711434814253453,5,636,76,6576,ABL1;ARHGEF7;HRAS;NCK2;PAK4,1.0,False
KEGG,1,TASTE TRANSDUCTION,0.8712275642160453,4,636,63,6576,GNB3;PDE1B;PLCB2;TAS1R3,1.0,False
KEGG,1,AMPK SIGNALING PATHWAY,0.8734816818217771,8,636,114,6576,CAMKK2;EEF2K;ELAVL1;G6PC3;MLYCD;PFKFB4;RAB43;SLC2A4,1.0,False
KEGG,1,INSULIN SIGNALING PATHWAY,0.8777573840703403,9,636,127,6576,G6PC3;HRAS;MAP4K2;MKNK1;PPP1R3F;PRKAR1B;PRKCZ;SH2B2;SLC2A4,1.0,False
KEGG,1,EPITHELIAL CELL SIGNALING IN HELICOBACTER PYLORI INFECTION,0.8789899029978443,4,636,64,6576,ATP6V1G2;CSK;IKBKG;MAP3K14,1.0,False
KEGG,1,CHAGAS DISEASE,0.8795682605796188,6,636,90,6576,CD3E;FADD;IKBKG;PLCB2;TICAM1;TLR9,1.0,False
KEGG,1,PROXIMAL TUBULE BICARBONATE RECLAMATION,0.882285696346452,1,636,21,6576,SLC25A10,1.0,False
KEGG,1,PYRIMIDINE METABOLISM,0.8832303541040878,3,636,51,6576,CANT1;NT5C3B;NT5M,1.0,False
KEGG,1,PYRUVATE METABOLISM,0.8855762222761612,2,636,37,6576,LDHD;LDLR,1.0,False
KEGG,1,MATURITY ONSET DIABETES OF THE YOUNG,0.8937069468611212,1,636,22,6576,MAP4K2,1.0,False
KEGG,1,PHOTOTRANSDUCTION,0.8937069468611212,1,636,22,6576,PDE6B,1.0,False
KEGG,1,ANTIGEN PROCESSING AND PRESENTATION,0.8944592029118332,2,636,38,6576,HLA-DOB;NFYC,1.0,False
KEGG,1,OVARIAN STEROIDOGENESIS,0.8944592029118332,2,636,38,6576,HSD17B1;LDLR,1.0,False
KEGG,1,TRANSCRIPTIONAL MISREGULATION IN CANCER,0.895962086491578,11,636,155,6576,BAIAP3;DDB2;DOT1L;PER2;RARA;SPI1;SPINT1;TCF3;TP53;TRAF1;ZBTB17,1.0,False
KEGG,1,INTEGRIN SIGNALING,0.8969288509056793,10,636,143,6576,FLT4;FZR1;ITGA10;ITGAD;ITGAL;LMNB2;NCK2;PARVG;PDGFB;RAC2,1.0,False
KEGG,1,GNRH SIGNALING PATHWAY,0.8977640236952438,5,636,80,6576,HRAS;MAP3K3;MAPK7;PLCB2;PLD2,1.0,False
KEGG,1,CYTOKINE-CYTOKINE RECEPTOR INTERACTION,0.8998116492938804,15,636,204,6576,AMH;CD27;CSF3R;CXCR5;GDF11;IL17RA;IL17RC;IL21R;IL27RA;IL34;IL6R;LTA;LTB;RELT;TNFRSF4,1.0,False
KEGG,1,RHEUMATOID ARTHRITIS,0.899889468780338,4,636,67,6576,ATP6V1G2;HLA-DOB;ITGAL;LTB,1.0,False
KEGG,1,TRYPTOPHAN METABOLISM,0.9026975867120459,2,636,39,6576,KYAT1;LDHD,1.0,False
KEGG,1,GLIOMA,0.9061134937399523,4,636,68,6576,DDB2;HRAS;PDGFB;TP53,1.0,False
KEGG,1,RNA DEGRADATION,0.9061134937399523,4,636,68,6576,CNOT3;EDC3;PABPC1L;TOB2,1.0,False
KEGG,1,UBIQUITIN MEDIATED PROTEOLYSIS,0.9076783494130746,9,636,133,6576,BTRC;DDB2;FBXW8;FZR1;PIAS4;RHOBTB2;UBA7;UBOX5;WWP2,1.0,False
KEGG,1,AGE-RAGE SIGNALING PATHWAY IN DIABETIC COMPLICATIONS,0.9083988069176474,6,636,95,6576,AGER;HRAS;NANOS3;NFATC1;PLCB2;PRKCZ,1.0,False
KEGG,1,GLUTAMATERGIC SYNAPSE,0.908874927452018,7,636,108,6576,GNB3;GRIK5;GRIN3B;LLGL1;LZTS3;PLCB2;PLD2,1.0,False
KEGG,1,VIRION - HEPATITIS VIRUSES,0.9103327324143784,2,636,40,6576,CLDN9;LDLR,1.0,False
KEGG,1,MOTOR PROTEINS,0.9118247894477051,12,636,171,6576,BICDL1;DNAH1;DNAH17;DNAL4;KIF21B;KIF22;KIFC3;KLC1;MYH14;MYH7B;MYO19;MYO1G,1.0,False
KEGG,1,LONG-TERM DEPRESSION,0.9119927750087083,3,636,55,6576,GNA12;HRAS;PLCB2,1.0,False
KEGG,1,MTOR SIGNALING PATHWAY,0.9181179943316434,10,636,148,6576,ATP6V1G2;CASTOR1;FLCN;HRAS;LPIN3;SESN2;SLC7A5;TELO2;WDR24;WDR59,1.0,False
KEGG,1,PROGESTERONE-MEDIATED OOCYTE MATURATION,0.9194871156543024,5,636,84,6576,CDC25B;FZR1;KIF22;PKMYT1;PLK1,1.0,False
KEGG,1,COLLECTING DUCT ACID SECRETION,0.921749146447488,1,636,25,6576,ATP6V1G2,1.0,False
KEGG,1,LEGIONELLOSIS,0.9239489536585125,2,636,42,6576,CASP9;NFKB2,1.0,False
KEGG,1,RNA POLYMERASE,0.9293460847560511,1,636,26,6576,POLR3D,1.0,False
KEGG,1,INFLAMMATORY MEDIATOR REGULATION OF TRP CHANNELS,0.9329998271968184,5,636,87,6576,ASIC3;ASIC4;DHX34;PLCB2;TRPV1,1.0,False
KEGG,1,CUSHING SYNDROME,0.9345449630332076,9,636,140,6576,ARMC5;ASH2L;CACNA1H;KMT2D;LDLR;ORAI1;PLCB2;POMC;TCF7L1,1.0,False
KEGG,1,CARDIAC MUSCLE CONTRACTION,0.9408543332456094,4,636,75,6576,CACNA2D2;CACNB1;CACNB3;SLC9A1,1.0,False
KEGG,1,CHOLINERGIC SYNAPSE,0.9421522261857396,6,636,103,6576,GNB3;HRAS;KCNJ14;KCNQ4;PLCB2;SH2D3C,1.0,False
KEGG,1,DRUG METABOLISM - CYTOCHROME P450,0.9424017694595225,1,636,28,6576,ALDH3B1,1.0,False
KEGG,1,PORPHYRIN METABOLISM,0.9424017694595225,1,636,28,6576,ALAS1,1.0,False
KEGG,1,PROTEIN EXPORT,0.9424017694595225,1,636,28,6576,SGTA,1.0,False
KEGG,1,ARACHIDONIC ACID METABOLISM,0.9455456120969709,2,636,46,6576,ALOX12B;PRXL2B,1.0,False
KEGG,1,AMPHETAMINE ADDICTION,0.9472918273407828,3,636,62,6576,FOSB;GRIN3B;STX1A,1.0,False
KEGG,1,BILE SECRETION,0.9472918273407828,3,636,62,6576,LDLR;SLC27A5;SLC9A1,1.0,False
KEGG,1,AMOEBIASIS,0.9483671079035294,4,636,77,6576,C8G;LMNB2;PLCB2;RAB5C,1.0,False
KEGG,1,GAP JUNCTION,0.9483671079035294,4,636,77,6576,HRAS;MAPK7;PDGFB;PLCB2,1.0,False
KEGG,1,CAMP SIGNALING PATHWAY,0.9486977849495127,14,636,208,6576,ACOX3;ADORA2A;AMH;GLI1;GRIN3B;NFATC1;ORAI1;PDE4A;PLD2;POMC;RAC2;SLC9A1;VAV1;VAV2,1.0,False
KEGG,1,PROLACTIN SIGNALING PATHWAY,0.9510950404970197,3,636,63,6576,CISH;HRAS;MAP4K2,1.0,False
KEGG,1,METABOLISM OF XENOBIOTICS BY CYTOCHROME P450,0.9530480628822614,1,636,30,6576,ALDH3B1,1.0,False
KEGG,1,BREAST CANCER,0.9571114044460188,8,636,135,6576,DDB2;FGF17;FGF22;FLT4;HRAS;NFKB2;TCF7L1;TP53,1.0,False
KEGG,1,STEROID HORMONE BIOSYNTHESIS,0.9576098459569454,1,636,31,6576,HSD17B1,1.0,False
KEGG,1,FOXO SIGNALING PATHWAY,0.9580468274286098,7,636,122,6576,AGAP2;FOXO6;G6PC3;HRAS;PLK1;PLK3;SLC2A4,1.0,False
KEGG,1,CELL CYCLE,0.9589355609839624,9,636,149,6576,ABL1;CDC25B;CDT1;DDX11;FZR1;PKMYT1;PLK1;TP53;ZBTB17,1.0,False
KEGG,1,FOCAL ADHESION,0.9594753977341887,12,636,188,6576,ARHGEF7;BCAR1;FLT4;HRAS;ITGA10;LMNB2;PAK4;PARVG;PDGFB;RAC2;VAV1;VAV2,1.0,False
KEGG,1,PI3K-AKT SIGNALING PATHWAY,0.9619874944299619,22,636,313,6576,CASP9;CD19;CSF3R;EFNA3;FGF17;FGF22;FLT4;G6PC3;GNB3;HRAS;IKBKG;IL6R;ITGA10;JAK3;LMNB2;LPAR2;LPAR5;NANOS3;PDGFB;PKN3;PSPN;TP53,1.0,False
KEGG,1,HYPERTROPHIC CARDIOMYOPATHY,0.9622077020007104,5,636,96,6576,CACNA2D2;CACNB1;CACNB3;DAG1;ITGA10,1.0,False
KEGG,1,STAPHYLOCOCCUS AUREUS INFECTION,0.9644065441664375,2,636,51,6576,HLA-DOB;ITGAL,1.0,False
KEGG,1,RETINOL METABOLISM,0.9654485299538941,1,636,33,6576,DGAT1,1.0,False
KEGG,1,DILATED CARDIOMYOPATHY,0.9689784897549001,5,636,99,6576,CACNA2D2;CACNB1;CACNB3;DAG1;ITGA10,1.0,False
KEGG,1,THYROID HORMONE SIGNALING PATHWAY,0.9704253233134841,6,636,114,6576,CASP9;HRAS;MED12;PLCB2;SLC9A1;TP53,1.0,False
KEGG,1,PHAGOSOME,0.9722315508027505,6,636,115,6576,ATP6V1G2;CORO1A;HLA-DOB;NCF1;NCF4;RAB5C,1.0,False
KEGG,1,PLATELET ACTIVATION,0.9739357521455485,6,636,116,6576,ADAMTS13;NANOS3;ORAI1;PLCB2;PRKCZ;TBXA2R,1.0,False
KEGG,1,CHEMICAL CARCINOGENESIS - REACTIVE OXYGEN SPECIES,0.9743553658573265,10,636,171,6576,ABL1;HRAS;IKBKG;MAP3K14;NCF1;PLD2;PRKD2;PTPRJ;SLC26A1;SLC26A6,1.0,False
KEGG,1,FATTY ACID DEGRADATION,0.9745776767796608,1,636,36,6576,ACOX3,1.0,False
KEGG,1,RELAXIN SIGNALING PATHWAY,0.9755430336618893,6,636,117,6576,GNB3;HRAS;INSL3;NANOS3;PLCB2;PRKCZ,1.0,False
KEGG,1,CORONAVIRUS DISEASE - COVID-19,0.9762384852388982,9,636,159,6576,C8G;IKBKE;IKBKG;IL6R;IRF9;ISG15;NFKBIB;OAS2;OAS3,1.0,False
KEGG,1,OLFACTORY TRANSDUCTION,0.9770499394047579,1,636,37,6576,PDE1B,1.0,False
KEGG,1,CIRCADIAN ENTRAINMENT,0.9778436314979072,4,636,89,6576,CACNA1H;GNB3;PER2;PLCB2,1.0,False
KEGG,1,MELANOGENESIS,0.9778436314979072,4,636,89,6576,HRAS;PLCB2;POMC;TCF7L1,1.0,False
KEGG,1,NICOTINE ADDICTION,0.9792821214721343,1,636,38,6576,GRIN3B,1.0,False
KEGG,1,CORNIFIED ENVELOPE FORMATION,0.9807795624978036,8,636,149,6576,ALOX12B;BLMH;CLDN9;ELOVL1;SLC27A1;SLC27A4;TGM1;TMEM79,1.0,False
KEGG,1,GASTRIC CANCER,0.9819160821004375,7,636,136,6576,DDB2;FGF17;FGF22;FZR1;HRAS;TCF7L1;TP53,1.0,False
KEGG,1,DIABETIC CARDIOMYOPATHY,0.982115426074449,9,636,164,6576,AGER;KCTD11;NANOS3;NCF1;NCF4;PLCB2;PRKCZ;RAC2;SLC2A4,1.0,False
KEGG,1,COMPLEMENT AND COAGULATION CASCADES,0.9822375210418517,2,636,59,6576,C8G;FAM110A,1.0,False
KEGG,1,LONG-TERM POTENTIATION,0.9822375210418517,2,636,59,6576,HRAS;PLCB2,1.0,False
KEGG,1,OOCYTE MEIOSIS,0.9842703480355323,5,636,109,6576,BTRC;PKMYT1;PLK1;REC8;STAG3,1.0,False
KEGG,1,SEROTONERGIC SYNAPSE,0.985738632726071,4,636,95,6576,ALOX12B;GNB3;HRAS;PLCB2,1.0,False
KEGG,1,NEUROACTIVE LIGAND SIGNALING,0.9860380795151334,10,636,182,6576,ADORA2A;DHX34;DRD4;GNB3;GRIK5;GRIN3B;OPRL1;PLCB2;POMC;SH2D3C,1.0,False
KEGG,1,HORMONE SIGNALING,0.9863754922721047,11,636,196,6576,AMH;AVPR2;DRD4;GNA12;GNB3;HCRTR1;OPRL1;PLCB2;POMC;UCN;VIPR1,1.0,False
KEGG,1,MRNA SURVEILLANCE PATHWAY,0.9870006152226849,3,636,80,6576,CSTF2;PABPC1L;SYMPK,1.0,False
KEGG,1,SALIVARY SECRETION,0.9875242250033129,2,636,63,6576,PLCB2;SLC9A1,1.0,False
KEGG,1,PROTEASOME,0.9875821871163493,1,636,43,6576,PSMB9,1.0,False
KEGG,1,NEUROACTIVE LIGAND-RECEPTOR INTERACTION,0.9887429522323502,20,636,317,6576,ADORA2A;AVPR2;CHRNE;DHX34;DRD4;GRIK5;GRIN3B;HCRTR1;INSL3;LPAR2;LTB4R2;NPFF;OPRL1;PAQR6;POMC;TBXA2R;TRPV1;TSPO;UCN;VIPR1,1.0,False
KEGG,1,ENDOCRINE AND OTHER FACTOR-REGULATED CALCIUM REABSORPTION,0.9887910848653163,1,636,44,6576,PLCB2,1.0,False
KEGG,1,GLUTATHIONE METABOLISM,0.9887910848653163,1,636,44,6576,PHGDH,1.0,False
KEGG,1,PANCREATIC SECRETION,0.988938361508046,3,636,82,6576,PLCB2;SLC9A1;TPCN2,1.0,False
KEGG,1,GASTRIC ACID SECRETION,0.9895576361902486,2,636,65,6576,PLCB2;SLC9A1,1.0,False
KEGG,1,ECM-RECEPTOR INTERACTION,0.98979992282938,3,636,83,6576,DAG1;ITGA10;LMNB2,1.0,False
KEGG,1,VIBRIO CHOLERAE INFECTION,0.9898824611705305,1,636,45,6576,ATP6V1G2,1.0,False
KEGG,1,THYROID HORMONE SYNTHESIS,0.9904493102447728,2,636,66,6576,FBF1;PLCB2,1.0,False
KEGG,1,VASCULAR SMOOTH MUSCLE CONTRACTION,0.9910534867858121,5,636,117,6576,ADORA2A;ARHGEF11;GNA12;MYH14;PLCB2,1.0,False
KEGG,1,HUNTINGTON DISEASE,0.9914122566780763,15,636,258,6576,AMBRA1;ATG13;BBC3;CASP9;DNAH1;DNAH17;DNAL4;HIP1;KLC1;LLGL1;NRF1;PLCB2;STX1A;TAF4;TP53,1.0,False
KEGG,1,ESTROGEN SIGNALING PATHWAY,0.9916727429023801,5,636,118,6576,HRAS;NANOS3;PLCB2;POMC;RARA,1.0,False
KEGG,1,DRUG METABOLISM - OTHER ENZYMES,0.9917571773513676,1,636,47,6576,IMPDH1,1.0,False
KEGG,1,MORPHINE ADDICTION,0.9920141088484781,3,636,86,6576,GNB3;PDE1B;PDE4A,1.0,False
KEGG,1,SPINOCEREBELLAR ATAXIA,0.9930888132206569,6,636,136,6576,AMBRA1;ATG13;GRIN3B;KCNC3;MED12;PLCB2,1.0,False
KEGG,1,GLUCAGON SIGNALING PATHWAY,0.9955239540146426,3,636,93,6576,G6PC3;MAP4K2;PLCB2,1.0,False
KEGG,1,LONGEVITY REGULATING PATHWAY - MULTIPLE SPECIES,0.9959788201229115,1,636,54,6576,HRAS,1.0,False
KEGG,1,HEPATOCELLULAR CARCINOMA,0.9965743183837904,6,636,146,6576,DDB2;DPF1;HRAS;TCF7L1;TP53;TXNRD2,1.0,False
KEGG,1,HIF-1 SIGNALING PATHWAY,0.9972966674516877,3,636,99,6576,IL6R;MKNK1;NANOS3,1.0,False
KEGG,1,TGF-BETA SIGNALING PATHWAY,0.9975162267538865,3,636,100,6576,AMH;NRROS;TGIF2,1.0,False
KEGG,1,PERTUSSIS,0.9975929848124262,1,636,59,6576,TICAM1,1.0,False
KEGG,1,SPLICEOSOME,0.998098427697339,4,636,121,6576,DHX16;DHX38;PRPF40B;THOC6,1.0,False
KEGG,1,ADRENERGIC SIGNALING IN CARDIOMYOCYTES,0.9981111748030249,5,636,138,6576,CACNA2D2;CACNB1;CACNB3;PLCB2;SLC9A1,1.0,False
KEGG,1,PARKINSON DISEASE,0.998528125599931,10,636,219,6576,ADORA2A;CASP9;DAXX;KLC1;SLC39A11;SLC39A14;SLC39A3;SLC39A4;TP53;UBA7,1.0,False
KEGG,1,"GROWTH HORMONE SYNTHESIS, SECRETION AND ACTION",0.9986339671206977,3,636,107,6576,BCAR1;HRAS;PLCB2,1.0,False
KEGG,1,SIGNALING PATHWAYS REGULATING PLURIPOTENCY OF STEM CELLS,0.9990055165897972,4,636,129,6576,HRAS;JAK3;PCGF2;TCF3,1.0,False
KEGG,1,CGMP-PKG SIGNALING PATHWAY,0.9991933321857349,5,636,149,6576,GNA12;MEF2B;NANOS3;NFATC1;PLCB2,1.0,False
KEGG,1,AMYOTROPHIC LATERAL SCLEROSIS,0.9992127233482749,15,636,301,6576,AMBRA1;ATG13;BID;CASP9;DAXX;DNAH1;DNAH17;DNAL4;KLC1;NUP188;NUP210;NUP62;PFN3;TOMM40L;TP53,1.0,False
KEGG,1,RETROGRADE ENDOCANNABINOID SIGNALING,0.9992223588828559,4,636,132,6576,ABHD6;DAGLB;GNB3;PLCB2,1.0,False
KEGG,1,CELLULAR SENESCENCE,0.9995265898297787,4,636,138,6576,BTRC;HRAS;NFATC1;TP53,1.0,False
KEGG,1,ALZHEIMER DISEASE,0.9995363388044703,16,636,324,6576,AGER;AMBRA1;APBB1;ATG13;BID;CASP9;CDK5;FADD;HRAS;IKBKG;KLC1;PLCB2;SLC39A11;SLC39A14;SLC39A3;SLC39A4,1.0,False
KEGG,1,DOPAMINERGIC SYNAPSE,0.9996303196209143,3,636,122,6576,DRD4;GNB3;PLCB2,1.0,False
KEGG,1,PROTEIN PROCESSING IN ENDOPLASMIC RETICULUM,0.9996626431999348,5,636,160,6576,DERL3;LMAN1L;MAN1B1;MAN1C1;SEC31B,1.0,False
KEGG,1,PROTEIN DIGESTION AND ABSORPTION,0.9997962171177007,1,636,83,6576,COL11A2,1.0,False
KEGG,1,GABAERGIC SYNAPSE,0.9998161779852723,1,636,84,6576,GNB3,1.0,False
KEGG,1,PROTEOGLYCANS IN CANCER,0.9998429043801821,6,636,187,6576,HRAS;SLC9A1;TFAP4;TP53;VAV1;VAV2,1.0,False
KEGG,1,PATHWAYS OF NEURODEGENERATION - MULTIPLE DISEASES,0.9999053380089988,20,636,407,6576,AGER;AMBRA1;ATG13;BID;CASP9;CDK5;DAXX;DNAH1;DNAH17;DNAL4;FADD;HIP1;HRAS;KLC1;LLGL1;PLCB2;STX1A;TOMM40L;UBA7;ZFYVE1,1.0,False
KEGG,1,CHEMICAL CARCINOGENESIS - RECEPTOR ACTIVATION,0.9999200162147706,4,636,159,6576,FGF17;FGF22;HRAS;IKBKE,1.0,False
KEGG,1,OXIDATIVE PHOSPHORYLATION,0.9999519466920987,1,636,97,6576,ATP6V1G2,1.0,False
KEGG,1,PRION DISEASE,0.9999544801734803,7,636,220,6576,C8G;CASP9;GRIN3B;KLC1;NCF1;NCF4;RAC2,1.0,False
KEGG,1,NON-ALCOHOLIC FATTY LIVER DISEASE,0.9999878218712434,2,636,137,6576,BID;IL6R,1.0,False
KEGG,1,THERMOGENESIS,0.9999988402241411,3,636,185,6576,DPF1;HRAS;SIRT6,1.0,False
KEGG,1,ALDOSTERONE-REGULATED SODIUM REABSORPTION,1.0,0,636,34,6576,,1.0,False
KEGG,1,ASCORBATE AND ALDARATE METABOLISM,1.0,0,636,14,6576,,1.0,False
KEGG,1,BUTANOATE METABOLISM,1.0,0,636,23,6576,,1.0,False
KEGG,1,CHEMICAL CARCINOGENESIS - DNA ADDUCTS,1.0,0,636,24,6576,,1.0,False
KEGG,1,COBALAMIN TRANSPORT AND METABOLISM,1.0,0,636,17,6576,,1.0,False
KEGG,1,FOLATE BIOSYNTHESIS,1.0,0,636,17,6576,,1.0,False
KEGG,1,HIPPO SIGNALING PATHWAY - MULTIPLE SPECIES,1.0,0,636,27,6576,,1.0,False
KEGG,1,LINOLEIC ACID METABOLISM,1.0,0,636,22,6576,,1.0,False
KEGG,1,NITROGEN METABOLISM,1.0,0,636,17,6576,,1.0,False
KEGG,1,PENTOSE AND GLUCURONATE INTERCONVERSIONS,1.0,0,636,15,6576,,1.0,False
KEGG,1,PHOSPHONATE AND PHOSPHINATE METABOLISM,1.0,0,636,6,6576,,1.0,False
KEGG,1,REGULATION OF LIPOLYSIS IN ADIPOCYTES,1.0,0,636,51,6576,,1.0,False
KEGG,1,RIBOFLAVIN METABOLISM,1.0,0,636,8,6576,,1.0,False
KEGG,1,RIBOSOME,1.0,0,636,126,6576,,1.0,False
KEGG,1,SULFUR METABOLISM,1.0,0,636,9,6576,,1.0,False
KEGG,1,"VIRION - EBOLAVIRUS, LYSSAVIRUS AND MORBILLIVIRUS",1.0,0,636,8,6576,,1.0,False
KEGG,1,VIRION - HERPESVIRUS,1.0,0,636,6,6576,,1.0,False
KEGG,2,RIBOSOME,2.182924528839715e-25,54,571,126,6576,MRPL1;MRPL10;MRPL11;MRPL12;MRPL13;MRPL14;MRPL16;MRPL17;MRPL18;MRPL20;MRPL21;MRPL24;MRPL30;MRPL32;MRPL34;MRPL35;MRPL36;MRPL37;MRPL39;MRPL4;MRPL40;MRPL43;MRPL44;MRPL45;MRPL46;MRPL47;MRPL48;MRPL49;MRPL50;MRPL51;MRPL52;MRPL53;MRPL55;MRPL9;MRPS11;MRPS14;MRPS15;MRPS16;MRPS18A;MRPS18B;MRPS18C;MRPS21;MRPS23;MRPS25;MRPS27;MRPS30;MRPS31;MRPS34;MRPS35;MRPS5;MRPS7;MRPS9;RPS27L;RPS28,7.596577360362208e-23,True
KEGG,2,THERMOGENESIS,3.266194733412579e-07,38,571,185,6576,ACTL6A;ATP5PB;COA3;COA4;COA5;COX11;COX14;COX16;COX17;COX19;COX6C;COX7A2L;CPT2;MLST8;NDUFA10;NDUFA11;NDUFA7;NDUFA9;NDUFAF3;NDUFAF4;NDUFAF6;NDUFAF7;NDUFAF8;NDUFB1;NDUFB2;NDUFB3;NDUFB5;NDUFB6;NDUFC1;NDUFC2;NDUFS6;NDUFV1;NDUFV2;NDUFV3;RPS6KB2;SDHD;SLC25A20;SMARCB1,5.6831788361378876e-05,True
KEGG,2,RIBOSOME BIOGENESIS IN EUKARYOTES,1.801051608020449e-06,19,571,66,6576,EMG1;GNL3;GTPBP4;IMP4;LSG1;NHP2;NOB1;NOP10;NOP58;NXT1;POP5;POP7;PWP2;RCL1;RIOK1;RPP25L;RPP30;TCOF1;UTP18,0.00020892198653037208,True
KEGG,2,PARKINSON DISEASE,3.8063628390599264e-06,40,571,219,6576,ATP5PB;COX6C;COX7A2L;DUSP12;EIF2S1;KEAP1;NDUFA10;NDUFA11;NDUFA7;NDUFA9;NDUFB1;NDUFB2;NDUFB3;NDUFB5;NDUFB6;NDUFC1;NDUFC2;NDUFS6;NDUFV1;NDUFV2;NDUFV3;PSMA4;PSMA5;PSMA6;PSMB2;PSMB3;PSMC2;PSMD1;PSMD14;PSMD9;SDHD;SEM1;SLC25A4;TRAP1;TUBA4A;TXN2;UBE2J2;VDAC1;VDAC2;VDAC3,0.0003311535669982136,True
KEGG,2,OXIDATIVE PHOSPHORYLATION,6.044753940781375e-06,23,571,97,6576,ATP5PB;ATP6V1G1;ATP6V1H;COX11;COX17;COX6C;COX7A2L;NDUFA10;NDUFA11;NDUFA7;NDUFA9;NDUFB1;NDUFB2;NDUFB3;NDUFB5;NDUFB6;NDUFC1;NDUFC2;NDUFS6;NDUFV1;NDUFV2;NDUFV3;SDHD,0.00042071487427838367,True
KEGG,2,DNA REPLICATION,1.0577406689956762e-05,12,571,33,6576,FEN1;MCM3;MCM4;MCM5;MCM6;MCM7;POLD2;POLE3;POLE4;RFC5;RNASEH2A;SSBP1,0.0006134895880174922,True
KEGG,2,HUNTINGTON DISEASE,1.85335499698346e-05,43,571,258,6576,ATP5PB;COX6C;COX7A2L;DCTN3;DCTN6;HDAC1;IFT57;NDUFA10;NDUFA11;NDUFA7;NDUFA9;NDUFB1;NDUFB2;NDUFB3;NDUFB5;NDUFB6;NDUFC1;NDUFC2;NDUFS6;NDUFV1;NDUFV2;NDUFV3;POLR2C;POLR2F;POLR2H;PSMA4;PSMA5;PSMA6;PSMB2;PSMB3;PSMC2;PSMD1;PSMD14;PSMD9;SDHD;SEM1;SLC25A4;TBP;TUBA4A;VDAC1;VDAC2;VDAC3;WIPI1,0.0009213821985003487,True
KEGG,2,NUCLEOTIDE EXCISION REPAIR,2.770636961026436e-05,15,571,53,6576,CCNH;CDK7;CETN2;CUL4A;ERCC1;GTF2H3;GTF2H5;POLD2;POLE3;POLE4;POLR2C;POLR2F;POLR2H;RBX1;RFC5,0.0012052270780464997,True
KEGG,2,SPLICEOSOME,3.135833353383745e-05,25,571,121,6576,BCAS2;CCDC12;CTNNBL1;CWC15;CWC25;LSM2;LSM3;LSM5;NCBP2;PHF5A;PLRG1;PPIE;PPIL1;PQBP1;PRPF4;RP9;SNRNP40;SNRPC;SNRPD3;SNRPE;SNRPF;TXNL4A;U2AF1;U2AF1L4;YJU2,0.001212522229975048,True
KEGG,2,"VALINE, LEUCINE AND ISOLEUCINE DEGRADATION",7.499698814336367e-05,13,571,45,6576,AACS;ACAD8;ALDH6A1;ALDH7A1;AUH;HADH;HIBADH;HMGCL;MCCC2;MCEE;OXCT1;PCCA;PCCB,0.0026098951873890558,True
KEGG,2,BASE EXCISION REPAIR,9.448871121030748e-05,12,571,40,6576,ADPRS;FEN1;NEIL2;NTHL1;OGG1;PARP1;PARP2;POLD2;POLE3;POLE4;RFC5;TDG,0.002781624968943101,True
KEGG,2,PROTEIN PROCESSING IN ENDOPLASMIC RETICULUM,9.591810237734831e-05,29,571,160,6576,BAG1;DAD1;DNAJA2;DNAJB1;DNAJB11;DNAJB12;EIF2S1;ERLEC1;ERP29;HSPBP1;NGLY1;OSTC;PDIA3;PDIA4;RBX1;SAR1A;SAR1B;SEC61G;SELENOS;SIL1;SKP1;SSR1;SSR3;STT3A;TMEM258;TRAM1;UBE2J2;UBXN8;UFD1,0.002781624968943101,True
KEGG,2,PRION DISEASE,0.00013161945902128377,36,571,220,6576,ATP5PB;BAD;COX6C;COX7A2L;EIF2S1;NDUFA10;NDUFA11;NDUFA7;NDUFA9;NDUFB1;NDUFB2;NDUFB3;NDUFB5;NDUFB6;NDUFC1;NDUFC2;NDUFS6;NDUFV1;NDUFV2;NDUFV3;PSMA4;PSMA5;PSMA6;PSMB2;PSMB3;PSMC2;PSMD1;PSMD14;PSMD9;SDHD;SEM1;SLC25A4;TUBA4A;VDAC1;VDAC2;VDAC3,0.0035233516722620573,True
KEGG,2,AMYOTROPHIC LATERAL SCLEROSIS,0.00017897592262414974,45,571,301,6576,ANXA7;ATP5PB;BAD;CCS;CHMP2B;COX6C;COX7A2L;DCTN3;DCTN6;EIF2S1;GLE1;NDUFA10;NDUFA11;NDUFA7;NDUFA9;NDUFB1;NDUFB2;NDUFB3;NDUFB5;NDUFB6;NDUFC1;NDUFC2;NDUFS6;NDUFV1;NDUFV2;NDUFV3;NUP85;NXT1;PSMA4;PSMA5;PSMA6;PSMB2;PSMB3;PSMC2;PSMD1;PSMD14;PSMD9;RAB8A;SDHD;SEM1;SIGMAR1;TOMM40;TUBA4A;VDAC1;WIPI1,0.0044488300766574364,True
KEGG,2,PYRIMIDINE METABOLISM,0.0003007620879025018,13,571,51,6576,DCTD;DCTPP1;DHODH;DTYMK;DUT;HDDC2;NME1;NME7;NUDT2;RRM1;RRM2;SCO2;TK2,0.006901531552603493,True
KEGG,2,CHEMICAL CARCINOGENESIS - REACTIVE OXYGEN SPECIES,0.0003173117955219997,29,571,171,6576,AS3MT;ATP5PB;BAD;COX6C;COX7A2L;GSTM3;KEAP1;MAP2K1;MGST3;NDUFA10;NDUFA11;NDUFA7;NDUFA9;NDUFB1;NDUFB2;NDUFB3;NDUFB5;NDUFB6;NDUFC1;NDUFC2;NDUFS6;NDUFV1;NDUFV2;NDUFV3;SDHD;SLC25A4;VDAC1;VDAC2;VDAC3,0.006901531552603493,True
KEGG,2,BASAL TRANSCRIPTION FACTORS,0.0007162193735715121,10,571,36,6576,CCNH;CDK7;GTF2A2;GTF2B;GTF2E2;GTF2H3;GTF2H5;TAF11;TAF7;TBP,0.014661431882522717,True
KEGG,2,DIABETIC CARDIOMYOPATHY,0.0008144899573723096,27,571,164,6576,ATP5PB;COX6C;COX7A2L;CPT2;MPC2;NDUFA10;NDUFA11;NDUFA7;NDUFA9;NDUFB1;NDUFB2;NDUFB3;NDUFB5;NDUFB6;NDUFC1;NDUFC2;NDUFS6;NDUFV1;NDUFV2;NDUFV3;PARP1;SDHD;SLC25A4;UBL4A;VDAC1;VDAC2;VDAC3,0.015746805842531318,True
KEGG,2,PROTEASOME,0.0031045091737659683,10,571,43,6576,PSMA4;PSMA5;PSMA6;PSMB2;PSMB3;PSMC2;PSMD1;PSMD14;PSMD9;SEM1,0.05686153644581878,False
KEGG,2,CELL CYCLE,0.004499719529636419,23,571,149,6576,ANAPC11;ANAPC13;ANAPC16;ANAPC7;CCNH;CDC20;CDK2;CDK7;CDKN1B;CDPF1;HDAC1;MAD2L1BP;MAD2L2;MCM3;MCM4;MCM5;MCM6;MCM7;ORC6;RBX1;SKP1;TFDP2;TRIP13,0.07829511981567369,False
KEGG,2,RNA POLYMERASE,0.005462377575221835,7,571,26,6576,POLR1D;POLR1H;POLR2C;POLR2F;POLR2H;POLR3C;POLR3E,0.09051939981796182,False
KEGG,2,DRUG METABOLISM - OTHER ENZYMES,0.0061192433789965155,10,571,47,6576,DUT;GSTM3;ITPA;MGST3;NME1;NME7;RRM1;RRM2;SCO2;TK2,0.09679530435867215,False
KEGG,2,PEROXISOME,0.008276937623866797,14,571,80,6576,ACOT8;DECR2;HMGCL;MPV17;MPV17L2;NUDT19;PEX10;PEX11A;PEX11B;PEX19;PEX7;PHYH;PMVK;PXMP2,0.11305032386823932,False
KEGG,2,ALZHEIMER DISEASE,0.00836788444314087,41,571,324,6576,ATP5PB;BAD;C1D;COX6C;COX7A2L;EIF2S1;MAP2K1;NAE1;NDUFA10;NDUFA11;NDUFA7;NDUFA9;NDUFB1;NDUFB2;NDUFB3;NDUFB5;NDUFB6;NDUFC1;NDUFC2;NDUFS6;NDUFV1;NDUFV2;NDUFV3;PSENEN;PSMA4;PSMA5;PSMA6;PSMB2;PSMB3;PSMC2;PSMD1;PSMD14;PSMD9;SDHD;SEM1;SLC25A4;TUBA4A;VDAC1;VDAC2;VDAC3;WIPI1,0.11305032386823932,False
KEGG,2,CITRATE CYCLE (TCA CYCLE),0.008446288564868456,7,571,28,6576,ACO1;DLAT;IDH3A;IDH3G;PCK2;SDHD;SUCLG2,0.11305032386823932,False
KEGG,2,PROTEIN EXPORT,0.008446288564868456,7,571,28,6576,GET1;IMMP1L;SEC11C;SEC61G;SPCS2;TMEM208;UBL4A,0.11305032386823932,False
KEGG,2,N-GLYCAN BIOSYNTHESIS,0.009593798642423894,10,571,50,6576,ALG2;ALG5;ALG8;DAD1;DPAGT1;DPM1;DPM2;OSTC;STT3A;TMEM258,0.12365340472457463,False
KEGG,2,GLYOXYLATE AND DICARBOXYLATE METABOLISM,0.0103212001290594,7,571,29,6576,ACO1;AFMID;GRHPR;MCEE;PCCA;PCCB;SHMT2,0.1237459957037671,False
KEGG,2,UBIQUITIN MEDIATED PROTEOLYSIS,0.010347573709943216,20,571,133,6576,ANAPC11;ANAPC13;ANAPC16;ANAPC7;CDC20;CUL4A;ELOB;KEAP1;MMAB;MMACHC;PPIL2;RBX1;SKP1;UBE2A;UBE2B;UBE2E3;UBE2F;UBE2I;UBE2J2;UBE2N,0.1237459957037671,False
KEGG,2,VITAMIN B6 METABOLISM,0.01066775825032475,3,571,6,6576,PDXP;PHOSPHO2;PSAT1,0.1237459957037671,False
KEGG,2,PYRUVATE METABOLISM,0.01239976392370105,8,571,37,6576,ADH5;ALDH7A1;DLAT;GLO1;GRHPR;HAGH;LDHB;PCK2,0.13522952025238602,False
KEGG,2,FOLATE BIOSYNTHESIS,0.012434898414012506,5,571,17,6576,GGH;MOCS2;PCBD1;PTS;QDPR,0.13522952025238602,False
KEGG,2,RNA DEGRADATION,0.013088926200495227,12,571,68,6576,C1D;CNOT8;CNOT9;EXOSC2;EXOSC4;EXOSC5;EXOSC6;LSM1;LSM2;LSM3;LSM5;PFKM,0.1380286762961315,False
KEGG,2,NON-ALCOHOLIC FATTY LIVER DISEASE,0.014146560304153065,20,571,137,6576,COX6C;COX7A2L;EIF2S1;LEPROT;NDUFA10;NDUFA11;NDUFA7;NDUFA9;NDUFB1;NDUFB2;NDUFB3;NDUFB5;NDUFB6;NDUFC1;NDUFC2;NDUFS6;NDUFV1;NDUFV2;NDUFV3;SDHD,0.1445104467264679,False
KEGG,2,ATP-DEPENDENT CHROMATIN REMODELING,0.014777830665670549,15,571,94,6576,ACTL6A;BRD9;CDK2AP2;CHRAC1;H2AX;HDAC1;INO80C;KAT5;MCRS1;MRGBP;POLE3;RBBP7;RUVBL1;SMARCB1;VPS72,0.1445104467264679,False
KEGG,2,SNARE INTERACTIONS IN VESICULAR TRANSPORT,0.014949356557910473,7,571,31,6576,BET1L;BNIP1;STX18;STX5;STX8;VAMP1;VTI1B,0.1445104467264679,False
KEGG,2,UBIQUINONE AND OTHER TERPENOID-QUINONE BIOSYNTHESIS,0.015827415604579096,4,571,12,6576,COQ5;COQ6;COQ7;GGCX,0.14508037569967416,False
KEGG,2,PURINE METABOLISM,0.015842109990194305,17,571,112,6576,ADSL;AK2;AK3;APRT;HDDC2;ITPA;NME1;NME7;NPRL2;NTPCR;NUDT2;NUDT5;NUDT9;PAICS;PDE6D;RRM1;RRM2,0.14508037569967416,False
KEGG,2,PATHWAYS OF NEURODEGENERATION - MULTIPLE DISEASES,0.01630146289575791,48,571,407,6576,ATP5PB;BAD;CCS;CHMP2B;COX6C;COX7A2L;DCTN3;DCTN6;EIF2S1;IFT57;MAP2K1;NDUFA10;NDUFA11;NDUFA7;NDUFA9;NDUFB1;NDUFB2;NDUFB3;NDUFB5;NDUFB6;NDUFC1;NDUFC2;NDUFS6;NDUFV1;NDUFV2;NDUFV3;PSMA4;PSMA5;PSMA6;PSMB2;PSMB3;PSMC2;PSMD1;PSMD14;PSMD9;RAB8A;SDHD;SEM1;SIGMAR1;SLC25A4;TOMM40;TRAP1;TUBA4A;UBE2J2;VDAC1;VDAC2;VDAC3;WIPI1,0.14545920737753212,False
KEGG,2,FATTY ACID ELONGATION,0.017696656828085033,6,571,25,6576,ACOT7;HACD1;HACD3;HADH;HSD17B12;MECR,0.1539609144043398,False
KEGG,2,TERPENOID BACKBONE BIOSYNTHESIS,0.02508990116040573,5,571,20,6576,FDPS;GGPS1;ICMT;PMVK;RCE1,0.20652686589654512,False
KEGG,2,SPINOCEREBELLAR ATAXIA,0.025235231538106726,19,571,136,6576,GTF2B;KAT5;PSMA4;PSMA5;PSMA6;PSMB2;PSMB3;PSMC2;PSMD1;PSMD14;PSMD9;SEM1;SLC25A4;TBP;TWNK;VDAC1;VDAC2;VDAC3;WIPI1,0.20652686589654512,False
KEGG,2,AMINOACYL-TRNA BIOSYNTHESIS,0.02551912423434322,6,571,27,6576,GATB;GATC;IARS2;LARS2;TARS2;YARS2,0.20652686589654512,False
KEGG,2,SULFUR RELAY SYSTEM,0.0261816721418737,3,571,8,6576,MOCS2;MOCS3;URM1,0.20707322512209198,False
KEGG,2,GLYCOSYLPHOSPHATIDYLINOSITOL (GPI)-ANCHOR BIOSYNTHESIS,0.03017535214419998,6,571,28,6576,DPM2;PIGF;PIGG;PIGH;PIGP;PIGU,0.22828309883003464,False
KEGG,2,PORPHYRIN METABOLISM,0.03017535214419998,6,571,28,6576,HCCS;HMBS;MMAB;PPOX;UROD;UROS,0.22828309883003464,False
KEGG,2,PROPANOATE METABOLISM,0.04734264752726569,6,571,31,6576,ALDH6A1;LDHB;MCEE;PCCA;PCCB;SUCLG2,0.3505370497763502,False
KEGG,2,RETROGRADE ENDOCANNABINOID SIGNALING,0.06362455718426667,17,571,132,6576,GNG10;GNG5;NDUFA10;NDUFA11;NDUFA7;NDUFA9;NDUFB1;NDUFB2;NDUFB3;NDUFB5;NDUFB6;NDUFC1;NDUFC2;NDUFS6;NDUFV1;NDUFV2;NDUFV3,0.4612780395859334,False
KEGG,2,STEROID BIOSYNTHESIS,0.07651815336881383,4,571,19,6576,FDFT1;HSD17B7;MSMO1;NSDHL,0.5433211387723486,False
KEGG,2,"GLYCINE, SERINE AND THREONINE METABOLISM",0.07806338200752135,6,571,35,6576,ALDH7A1;BPGM;GRHPR;PSAT1;SHMT2;SRR,0.5433211387723486,False
KEGG,2,GLUTATHIONE METABOLISM,0.08268746587576711,7,571,44,6576,GGCT;GSTM3;MGST3;RRM1;RRM2;TXNDC12;UBL4A,0.5642203553875874,False
KEGG,2,FATTY ACID DEGRADATION,0.0871561842939016,6,571,36,6576,ADH5;ALDH7A1;CPT2;ECI1;GCDH;HADH,0.5832760025822645,False
KEGG,2,PHOSPHONATE AND PHOSPHINATE METABOLISM,0.08927097819110799,2,571,6,6576,CEPT1;PCYT1A,0.5861566115189732,False
KEGG,2,NON-HOMOLOGOUS END-JOINING,0.09674837295054174,3,571,13,6576,FEN1;XRCC5;XRCC6,0.6234895145701579,False
KEGG,2,MISMATCH REPAIR,0.10319299458892342,4,571,21,6576,MLH1;POLD2;RFC5;SSBP1,0.6529302203080972,False
KEGG,2,AUTOPHAGY - OTHER,0.11358402903760792,5,571,30,6576,ATG10;ATG12;ATG5;MLST8;WIPI1,0.6934603878085537,False
KEGG,2,TYROSINE METABOLISM,0.11358402903760792,5,571,30,6576,ADH5;COMT;FAHD1;GSTZ1;PEMT,0.6934603878085537,False
KEGG,2,BIOSYNTHESIS OF UNSATURATED FATTY ACIDS,0.11791931011626153,4,571,22,6576,ACOT7;HACD1;HACD3;HSD17B12,0.7075158606975692,False
KEGG,2,BUTANOATE METABOLISM,0.13349567106391746,4,571,23,6576,AACS;HADH;HMGCL;OXCT1,0.7873981954278523,False
KEGG,2,RIBOFLAVIN METABOLISM,0.14859180098800773,2,571,8,6576,FLAD1;RFK,0.8618324457304447,False
KEGG,2,GLYCOLYSIS / GLUCONEOGENESIS,0.17278566581173335,7,571,53,6576,ADH5;ALDH7A1;BPGM;DLAT;LDHB;PCK2;PFKM,0.9857280606964459,False
KEGG,2,COBALAMIN TRANSPORT AND METABOLISM,0.1786987149008468,3,571,17,6576,CD320;MMAB;MMACHC,0.9958492464131946,False
KEGG,2,SULFUR METABOLISM,0.1805362225535183,2,571,9,6576,ETHE1;SUOX,0.9958492464131946,False
KEGG,2,AMINO SUGAR AND NUCLEOTIDE SUGAR METABOLISM,0.18314468899553005,5,571,35,6576,GALK1;GALT;GMPPA;GMPPB;PMM2,0.9958492464131946,False
KEGG,2,PENTOSE PHOSPHATE PATHWAY,0.20298126971591335,4,571,27,6576,DERA;IDNK;PFKM;UBL4A,1.0,False
KEGG,2,BIOSYNTHESIS OF VARIOUS NUCLEOTIDE SUGARS,0.2249402703276747,3,571,19,6576,GMPPA;GMPPB;NANS,1.0,False
KEGG,2,FRUCTOSE AND MANNOSE METABOLISM,0.24104319522417458,4,571,29,6576,GMPPA;GMPPB;PFKM;PMM2,1.0,False
KEGG,2,THIAMINE METABOLISM,0.24667011382530493,2,571,11,6576,AK2;NTPCR,1.0,False
KEGG,2,ONE CARBON POOL BY FOLATE,0.2606522977144157,4,571,30,6576,ALDH7A1;MAT2B;MTHFD2;SHMT2,1.0,False
KEGG,2,STEROID HORMONE BIOSYNTHESIS,0.2805529705237906,4,571,31,6576,COMT;DHRS11;HSD17B12;HSD17B7,1.0,False
KEGG,2,VARIOUS TYPES OF N-GLYCAN BIOSYNTHESIS,0.2815797033979857,5,571,41,6576,ALG2;DAD1;OSTC;STT3A;TMEM258,1.0,False
KEGG,2,CYTOSOLIC DNA-SENSING PATHWAY,0.31091880244096515,6,571,53,6576,DNASE2;POLR1D;POLR2F;POLR2H;POLR3C;POLR3E,1.0,False
KEGG,2,NUCLEOCYTOPLASMIC TRANSPORT,0.3294932154041445,9,571,86,6576,DDX19A;GLE1;NCBP2;NUP85;NXT1;SNUPN;SUMO2;UBE2I;UPF3A,1.0,False
KEGG,2,"ALANINE, ASPARTATE AND GLUTAMATE METABOLISM",0.34133587298478485,4,571,34,6576,ADSL;ASL;ASNS;ASRGL1,1.0,False
KEGG,2,NECROPTOSIS,0.3464710506396105,11,571,109,6576,AIFM1;CHMP1B;CHMP2B;CHMP5;H2AX;PARP1;PGAM5;SLC25A4;VDAC1;VDAC2;VDAC3,1.0,False
KEGG,2,OOCYTE MEIOSIS,0.3464710506396105,11,571,109,6576,ANAPC11;ANAPC13;ANAPC16;ANAPC7;CDC20;CDK2;MAD2L2;MAP2K1;RBX1;SKP1;SPDYA,1.0,False
KEGG,2,D-AMINO ACID METABOLISM,0.36511771670844156,1,571,5,6576,SRR,1.0,False
KEGG,2,CHOLESTEROL METABOLISM,0.3697798708140389,5,571,46,6576,C1D;LRPAP1;VDAC1;VDAC2;VDAC3,1.0,False
KEGG,2,CYSTEINE AND METHIONINE METABOLISM,0.3697798708140389,5,571,46,6576,APIP;ENOPH1;LDHB;MAT2B;PSAT1,1.0,False
KEGG,2,GALACTOSE METABOLISM,0.3958070961442273,3,571,26,6576,GALK1;GALT;PFKM,1.0,False
KEGG,2,HOMOLOGOUS RECOMBINATION,0.4024530457393465,4,571,37,6576,BABAM2;POLD2;SEM1;SSBP1,1.0,False
KEGG,2,FATTY ACID BIOSYNTHESIS,0.41066562905532067,2,571,16,6576,MCAT;MECR,1.0,False
KEGG,2,SELENOCOMPOUND METABOLISM,0.44159455094258354,2,571,17,6576,SCLY;SEPHS2,1.0,False
KEGG,2,TRYPTOPHAN METABOLISM,0.44266424791306325,4,571,39,6576,AFMID;ALDH7A1;GCDH;HADH,1.0,False
KEGG,2,DRUG METABOLISM - CYTOCHROME P450,0.44368407939694127,3,571,28,6576,ADH5;GSTM3;MGST3,1.0,False
KEGG,2,PROGESTERONE-MEDIATED OOCYTE MATURATION,0.447103106703785,8,571,84,6576,ANAPC11;ANAPC13;ANAPC16;ANAPC7;CDK2;MAD2L2;MAP2K1;SPDYA,1.0,False
KEGG,2,VIRAL CARCINOGENESIS,0.44982861050538325,14,571,152,6576,BAD;CDC20;CDK2;CDKN1B;CDPF1;GTF2A2;GTF2B;GTF2E2;GTF2H3;HDAC1;HDAC3;MRPS18B;TBP;VDAC3,1.0,False
KEGG,2,RENAL CELL CARCINOMA,0.46996645096514594,6,571,63,6576,BAD;CDPF1;ELOB;MAP2K1;PIGU;RBX1,1.0,False
KEGG,2,VASOPRESSIN-REGULATED WATER REABSORPTION,0.4820276597930724,4,571,41,6576,DCTN6;DYNC1I2;DYNC1LI1;RAB11A,1.0,False
KEGG,2,METABOLISM OF XENOBIOTICS BY CYTOCHROME P450,0.49000054456330294,3,571,30,6576,ADH5;GSTM3;MGST3,1.0,False
KEGG,2,ERBB SIGNALING PATHWAY,0.4937570704418607,7,571,76,6576,BAD;CDKN1B;CDPF1;MAP2K1;MMAB;PIGU;RPS6KB2,1.0,False
KEGG,2,HIF-1 SIGNALING PATHWAY,0.49433818969012394,9,571,99,6576,CDKN1B;CDPF1;EIF4E;ELOB;LDHB;MAP2K1;PFKM;RBX1;RPS6KB2,1.0,False
KEGG,2,LIPOIC ACID METABOLISM,0.5006251845631607,2,571,19,6576,DLAT;LIAS,1.0,False
KEGG,2,POLYCOMB REPRESSIVE COMPLEX,0.5079351391004598,7,571,77,6576,HDAC1;PCGF1;RBBP7;SCMH1;SKP1;WDR5;WDR5B,1.0,False
KEGG,2,AUTOPHAGY - ANIMAL,0.535903079250504,13,571,149,6576,ATG10;ATG12;ATG5;BAD;BNIP3;EIF2S1;MAP2K1;MLST8;MTMR14;RAB8A;RPS6KB2;VPS16;WIPI1,1.0,False
KEGG,2,MRNA SURVEILLANCE PATHWAY,0.5495969886297492,7,571,80,6576,DDX19A;GLE1;NCBP2;NXT1;PPP2R3C;SSU72;UPF3A,1.0,False
KEGG,2,MITOPHAGY - ANIMAL,0.5526668473539602,8,571,92,6576,BNIP3;EIF2S1;FUNDC1;MON1A;MTX2;MUL1;PGAM5;TOMM40,1.0,False
KEGG,2,ARGININE BIOSYNTHESIS,0.5554888895109418,2,571,21,6576,ACY1;ASL,1.0,False
KEGG,2,PROXIMAL TUBULE BICARBONATE RECLAMATION,0.5554888895109418,2,571,21,6576,MINDY4;PCK2,1.0,False
KEGG,2,VIBRIO CHOLERAE INFECTION,0.5570831848051958,4,571,45,6576,ATP6V1G1;ATP6V1H;PDIA4;SEC61G,1.0,False
KEGG,2,VIRAL LIFE CYCLE - HIV-1,0.6093451756797821,4,571,48,6576,METAP1;SMARCB1;SUPT4H1;TSG101,1.0,False
KEGG,2,FERROPTOSIS,0.6160497266447185,3,571,36,6576,ATG5;VDAC2;VDAC3,1.0,False
KEGG,2,THYROID CANCER,0.6160497266447185,3,571,36,6576,CDPF1;MAP2K1;TPM3,1.0,False
KEGG,2,ENDOCYTOSIS,0.6180366852879872,18,571,217,6576,ARPC1A;ARPC5;CAPZA2;CHMP1B;CHMP2B;CHMP5;FBXL15;MMAB;MMACHC;RAB11A;RAB4A;RAB8A;SNX6;SPG21;TSG101;VPS25;VPS29;WASHC3,1.0,False
KEGG,2,CHEMICAL CARCINOGENESIS - DNA ADDUCTS,0.6294878250789205,2,571,24,6576,GSTM3;MGST3,1.0,False
KEGG,2,GLYCOSAMINOGLYCAN BIOSYNTHESIS - HEPARAN SULFATE / HEPARIN,0.6294878250789205,2,571,24,6576,EXT2;EXTL2,1.0,False
KEGG,2,BLADDER CANCER,0.6348964926069568,3,571,37,6576,CDPF1;MAP2K1;SCO2,1.0,False
KEGG,2,CENTRAL CARBON METABOLISM IN CANCER,0.6352183727677438,5,571,62,6576,LDHB;MAP2K1;PFKM;SCO2;UBL4A,1.0,False
KEGG,2,ANTIGEN PROCESSING AND PRESENTATION,0.6530895735225162,3,571,38,6576,PDIA3;RFXANK;TAPBPL,1.0,False
KEGG,2,NEUTROPHIL EXTRACELLULAR TRAP FORMATION,0.6600904823427485,8,571,101,6576,H2AX;HDAC1;HDAC3;MAP2K1;SLC25A4;VDAC1;VDAC2;VDAC3,1.0,False
KEGG,2,P53 SIGNALING PATHWAY,0.6768819486618929,5,571,65,6576,CCNG1;CDK2;CDPF1;RRM2;SIVA1,1.0,False
KEGG,2,APOPTOSIS,0.6878058615780211,9,571,116,6576,AIFM1;BAD;DFFB;DIABLO;EIF2S1;MAP2K1;PARP1;PARP2;TUBA4A,1.0,False
KEGG,2,ENDOMETRIAL CANCER,0.7017640010473037,4,571,54,6576,BAD;CDPF1;MAP2K1;MLH1,1.0,False
KEGG,2,LEGIONELLOSIS,0.7192953172076599,3,571,42,6576,BNIP3;SAR1A;SAR1B,1.0,False
KEGG,2,ASCORBATE AND ALDARATE METABOLISM,0.7200086472807865,1,571,14,6576,ALDH7A1,1.0,False
KEGG,2,LYSOSOME,0.7260214383571076,9,571,120,6576,AP3M2;AP3S2;AP4B1;AP4M1;ATP6V1H;DNASE2;LAPTM4B;SLC17A5;SUMF1,1.0,False
KEGG,2,HUMAN T-CELL LEUKEMIA VIRUS 1 INFECTION,0.7281084690189841,15,571,195,6576,ANAPC11;ANAPC13;ANAPC16;ANAPC7;CDC20;CDK2;CDPF1;FDPS;KAT5;MAP2K1;SLC25A4;TBP;VDAC1;VDAC2;VDAC3,1.0,False
KEGG,2,BETA-ALANINE METABOLISM,0.730957279126159,2,571,29,6576,ALDH6A1;ALDH7A1,1.0,False
KEGG,2,LYSINE DEGRADATION,0.7416332149547509,4,571,57,6576,ALDH7A1;GCDH;HADH;PHYKPL,1.0,False
KEGG,2,PENTOSE AND GLUCURONATE INTERCONVERSIONS,0.7443724178389504,1,571,15,6576,CRYL1,1.0,False
KEGG,2,FANCONI ANEMIA PATHWAY,0.7485194827201005,3,571,44,6576,ERCC1;FANCA;MLH1,1.0,False
KEGG,2,CHRONIC MYELOID LEUKEMIA,0.7612410256101094,5,571,72,6576,BAD;CDKN1B;CDPF1;HDAC1;MAP2K1,1.0,False
KEGG,2,PRIMARY BILE ACID BIOSYNTHESIS,0.7666195370911923,1,571,16,6576,ACOT8,1.0,False
KEGG,2,CIRCADIAN RHYTHM,0.7797640182077744,2,571,32,6576,RBX1;SKP1,1.0,False
KEGG,2,ETHER LIPID METABOLISM,0.7877302186204955,3,571,47,6576,CEPT1;PAFAH1B3;PEDS1,1.0,False
KEGG,2,RETINOL METABOLISM,0.7942206069171697,2,571,33,6576,ADH5;RDH11,1.0,False
KEGG,2,INFLUENZA A,0.8008437843574142,8,571,116,6576,DNAJB1;EIF2S1;FDPS;MAP2K1;NXT1;RAB11A;SLC25A4;VDAC1,1.0,False
KEGG,2,HUMAN IMMUNODEFICIENCY VIRUS 1 INFECTION,0.8143440037252192,12,571,170,6576,BAD;CUL4A;ELOB;GNG10;GNG5;MAP2K1;PDIA3;RBX1;RPS6KB2;SKP1;TAPBPL;VPS72,1.0,False
KEGG,2,HISTIDINE METABOLISM,0.8224188037526516,1,571,19,6576,ALDH7A1,1.0,False
KEGG,2,HEPATOCELLULAR CARCINOMA,0.8268153377085788,10,571,146,6576,ACTL6A;BAD;CDPF1;GSTM3;KEAP1;MAP2K1;MGST3;PIGU;RPS6KB2;SMARCB1,1.0,False
KEGG,2,FOLATE TRANSPORT AND METABOLISM,0.8378830195612892,1,571,20,6576,SHMT2,1.0,False
KEGG,2,PANTOTHENATE AND COA BIOSYNTHESIS,0.8378830195612892,1,571,20,6576,AASDHPPT,1.0,False
KEGG,2,COLORECTAL CANCER,0.8438912226586065,5,571,81,6576,BAD;CDPF1;MAP2K1;MLH1;RPS6KB2,1.0,False
KEGG,2,LONGEVITY REGULATING PATHWAY - MULTIPLE SPECIES,0.859766782101727,3,571,54,6576,ATG5;HDAC1;RPS6KB2,1.0,False
KEGG,2,BACTERIAL INVASION OF EPITHELIAL CELLS,0.8687616864837097,4,571,70,6576,ARPC1A;ARPC5;MAD2L2;PIGU,1.0,False
KEGG,2,VIRION - HEPATITIS VIRUSES,0.8738378419715671,2,571,40,6576,CHMP1B;TSG101,1.0,False
KEGG,2,MANNOSE TYPE O-GLYCAN BIOSYNTHESIS,0.8766653315931203,1,571,23,6576,RXYLT1,1.0,False
KEGG,2,AMPK SIGNALING PATHWAY,0.8769173075840094,7,571,114,6576,LEPROT;PCK2;PFKM;PPP2R3C;RAB8A;RPS6KB2;STRADA,1.0,False
KEGG,2,THYROID HORMONE SIGNALING PATHWAY,0.8769173075840094,7,571,114,6576,BAD;HDAC1;HDAC3;MAP2K1;MED30;MED4;PFKM,1.0,False
KEGG,2,FC GAMMA R-MEDIATED PHAGOCYTOSIS,0.8785985157638734,5,571,86,6576,ARPC1A;ARPC5;MAP2K1;RPS6KB2;VPS72,1.0,False
KEGG,2,PHAGOSOME,0.8823532769754239,7,571,115,6576,ATP6V1G1;ATP6V1H;DYNC1I2;DYNC1LI1;SEC61G;STX18;TUBA4A,1.0,False
KEGG,2,SHIGELLOSIS,0.8840163888709902,14,571,210,6576,ARPC1A;ARPC5;ATG12;ATG5;BNIP3;RBX1;RPS6KB2;SKP1;U2AF1;U2AF1L4;UBE2N;UBE2V2;VDAC1;WIPI1,1.0,False
KEGG,2,HERPES SIMPLEX VIRUS 1 INFECTION,0.8926968765225602,8,571,131,6576,BAD;EIF2B1;EIF2B2;EIF2B3;EIF2B5;EIF2S1;PDIA3;TAPBPL,1.0,False
KEGG,2,COLLECTING DUCT ACID SECRETION,0.89722409139198,1,571,25,6576,ATP6V1G1,1.0,False
KEGG,2,EPSTEIN-BARR VIRUS INFECTION,0.8989633555488287,10,571,160,6576,CDK2;CDKN1B;CDPF1;HDAC1;PDIA3;PSMC2;PSMD1;PSMD14;SEM1;TAPBPL,1.0,False
KEGG,2,PANCREATIC CANCER,0.9009222829169259,4,571,75,6576,BAD;CDPF1;MAP2K1;RPS6KB2,1.0,False
KEGG,2,FLUID SHEAR STRESS AND ATHEROSCLEROSIS,0.9021331734552759,7,571,119,6576,DUSP12;GSTM3;KEAP1;MAP2K5;MGST3;SUMO2;TXN2,1.0,False
KEGG,2,ENDOCRINE AND OTHER FACTOR-REGULATED CALCIUM REABSORPTION,0.9054943632097012,2,571,44,6576,PTRH2;RAB11A,1.0,False
KEGG,2,SYSTEMIC LUPUS ERYTHEMATOSUS,0.9054943632097012,2,571,44,6576,H2AX;SNRPD3,1.0,False
KEGG,2,VITAMIN DIGESTION AND ABSORPTION,0.90618227240483,1,571,26,6576,MMACHC,1.0,False
KEGG,2,MTOR SIGNALING PATHWAY,0.9061829745742895,9,571,148,6576,ATP6V1G1;ATP6V1H;EIF4E;LAMTOR2;MAP2K1;MLST8;NPRL2;RPS6KB2;STRADA,1.0,False
KEGG,2,FOXO SIGNALING PATHWAY,0.9150474182304928,7,571,122,6576,ATG12;BNIP3;CDK2;CDKN1B;CDPF1;MAP2K1;PCK2,1.0,False
KEGG,2,ACUTE MYELOID LEUKEMIA,0.9150568955336992,3,571,62,6576,BAD;MAP2K1;RPS6KB2,1.0,False
KEGG,2,CELLULAR SENESCENCE,0.9215914988227105,8,571,138,6576,CDK2;CDPF1;MAP2K1;RAD9A;SLC25A4;VDAC1;VDAC2;VDAC3,1.0,False
KEGG,2,ALCOHOLISM,0.925048467146278,6,571,110,6576,GNG10;GNG5;H2AX;HDAC1;HDAC3;MAP2K1,1.0,False
KEGG,2,APOPTOSIS - MULTIPLE SPECIES,0.9286444647380658,1,571,29,6576,DIABLO,1.0,False
KEGG,2,PROSTATE CANCER,0.93248699767934,5,571,97,6576,BAD;CDK2;CDKN1B;CDPF1;MAP2K1,1.0,False
KEGG,2,MOTOR PROTEINS,0.9363703289900043,10,571,171,6576,CAPZA2;DCTN3;DCTN6;DYNC1I2;DYNC1LI1;KIF9;TPM3;TUBA4A;TUBE1;TUBG1,1.0,False
KEGG,2,RHEUMATOID ARTHRITIS,0.9386774317753885,3,571,67,6576,ATP6V1G1;ATP6V1H;PTRH2,1.0,False
KEGG,2,PRIMARY IMMUNODEFICIENCY,0.9405491833362156,1,571,31,6576,RFXANK,1.0,False
KEGG,2,MELANOMA,0.9426051953696523,3,571,68,6576,BAD;CDPF1;MAP2K1,1.0,False
KEGG,2,TGF-BETA SIGNALING PATHWAY,0.9428854399442377,5,571,100,6576,HDAC1;RBX1;RPS6KB2;SKP1;TMEM53,1.0,False
KEGG,2,RIG-I-LIKE RECEPTOR SIGNALING PATHWAY,0.9437412704389806,2,571,51,6576,ATG12;ATG5,1.0,False
KEGG,2,NON-SMALL CELL LUNG CANCER,0.9462987898989844,3,571,69,6576,BAD;CDPF1;MAP2K1,1.0,False
KEGG,2,SMALL CELL LUNG CANCER,0.9514170532330104,4,571,87,6576,CDK2;CDKN1B;CDPF1;CKS2,1.0,False
KEGG,2,NICOTINATE AND NICOTINAMIDE METABOLISM,0.9547930200450111,1,571,34,6576,SIRT4,1.0,False
KEGG,2,MEASLES,0.9570490613028532,5,571,105,6576,BAD;CDK2;CDKN1B;EIF2S1;MMAB,1.0,False
KEGG,2,GASTRIC CANCER,0.9576654587865838,7,571,136,6576,CDK2;CDKN1B;CDPF1;MAP2K1;MLH1;PIGU;RPS6KB2,1.0,False
KEGG,2,GLYCEROLIPID METABOLISM,0.9584369905608292,2,571,55,6576,ABHD16A;ALDH7A1,1.0,False
KEGG,2,NOTCH SIGNALING PATHWAY,0.9584369905608292,2,571,55,6576,HDAC1;PSENEN,1.0,False
KEGG,2,VEGF SIGNALING PATHWAY,0.9584369905608292,2,571,55,6576,BAD;MAP2K1,1.0,False
KEGG,2,CARDIAC MUSCLE CONTRACTION,0.9642012524231406,3,571,75,6576,COX6C;COX7A2L;TPM3,1.0,False
KEGG,2,MALARIA,0.965628693625477,1,571,37,6576,C1D,1.0,False
KEGG,2,HEPATITIS C,0.9682252488918152,6,571,126,6576,BAD;CDK2;CDPF1;EIF2S1;EIF3E;MAP2K1,1.0,False
KEGG,2,NOD-LIKE RECEPTOR SIGNALING PATHWAY,0.9682252488918152,6,571,126,6576,ATG12;ATG5;TXN2;VDAC1;VDAC2;VDAC3,1.0,False
KEGG,2,OVARIAN STEROIDOGENESIS,0.9686300724203772,1,571,38,6576,HSD17B7,1.0,False
KEGG,2,GAP JUNCTION,0.9687989935938902,3,571,77,6576,MAP2K1;MAP2K5;TUBA4A,1.0,False
KEGG,2,INSULIN SIGNALING PATHWAY,0.969956267703749,6,571,127,6576,BAD;EIF4E;MAP2K1;MMAB;PCK2;RPS6KB2,1.0,False
KEGG,2,SEROTONERGIC SYNAPSE,0.9705494267958787,4,571,95,6576,DUSP12;GNG10;GNG5;MAP2K1,1.0,False
KEGG,2,CARBOHYDRATE DIGESTION AND ABSORPTION,0.9713697831343516,1,571,39,6576,SLC37A4,1.0,False
KEGG,2,NEUROTROPHIN SIGNALING PATHWAY,0.9715284290904325,5,571,112,6576,BAD;BEX3;MAP2K1;MAP2K5;PIGU,1.0,False
KEGG,2,GLYCEROPHOSPHOLIPID METABOLISM,0.9757012764710732,4,571,98,6576,CEPT1;CRLS1;PCYT1A;PEMT,1.0,False
KEGG,2,PROLACTIN SIGNALING PATHWAY,0.977573903085725,2,571,63,6576,GALT;MAP2K1,1.0,False
KEGG,2,PANCREATIC SECRETION,0.9779739942135605,3,571,82,6576,CTRL;RAB11A;RAB8A,1.0,False
KEGG,2,CGMP-PKG SIGNALING PATHWAY,0.9788570092403219,7,571,149,6576,BAD;MAP2K1;NPRL2;SLC25A4;VDAC1;VDAC2;VDAC3,1.0,False
KEGG,2,EPITHELIAL CELL SIGNALING IN HELICOBACTER PYLORI INFECTION,0.9792582994608542,2,571,64,6576,ATP6V1G1;ATP6V1H,1.0,False
KEGG,2,LONGEVITY REGULATING PATHWAY,0.9794710497760277,3,571,83,6576,ATG5;EIF4E;RPS6KB2,1.0,False
KEGG,2,PPAR SIGNALING PATHWAY,0.9808199183770263,2,571,65,6576,CPT2;PCK2,1.0,False
KEGG,2,ARGININE AND PROLINE METABOLISM,0.9818747150954203,1,571,44,6576,ALDH7A1,1.0,False
KEGG,2,SALMONELLA INFECTION,0.9844578258084064,11,571,216,6576,ARPC1A;ARPC5;DCTN3;DCTN6;DYNC1I2;DYNC1LI1;MAP2K1;SKP1;TUBA4A;TXN2;VPS16,1.0,False
KEGG,2,GLIOMA,0.9848510885100636,2,571,68,6576,CDPF1;MAP2K1,1.0,False
KEGG,2,ARACHIDONIC ACID METABOLISM,0.984905304257519,1,571,46,6576,PTGR2,1.0,False
KEGG,2,CUSHING SYNDROME,0.9858192557630362,6,571,140,6576,CDK2;CDKN1B;CDPF1;MAP2K1;WDR5;WDR5B,1.0,False
KEGG,2,ADIPOCYTOKINE SIGNALING PATHWAY,0.9860019033939764,2,571,69,6576,LEPROT;PCK2,1.0,False
KEGG,2,MINERAL ABSORPTION,0.9862252232879871,1,571,47,6576,ATOX1,1.0,False
KEGG,2,CHOLINE METABOLISM IN CANCER,0.9899692105615635,3,571,93,6576,MAP2K1;PCYT1A;RPS6KB2,1.0,False
KEGG,2,GLUCAGON SIGNALING PATHWAY,0.9899692105615635,3,571,93,6576,LDHB;PCK2;PFKM,1.0,False
KEGG,2,STAPHYLOCOCCUS AUREUS INFECTION,0.9904487189378529,1,571,51,6576,KRT10,1.0,False
KEGG,2,SPHINGOLIPID SIGNALING PATHWAY,0.9915989629198729,4,571,114,6576,MAP2K1;ORMDL1;ORMDL2;PPP2R3C,1.0,False
KEGG,2,SYNAPTIC VESICLE CYCLE,0.9919856053913104,2,571,76,6576,ATP6V1G1;ATP6V1H,1.0,False
KEGG,2,INOSITOL PHOSPHATE METABOLISM,0.9926039150392416,2,571,77,6576,ALDH6A1;MTMR14,1.0,False
KEGG,2,MICRORNAS IN CANCER,0.992706993339467,6,571,151,6576,CCNG1;CDKN1B;CDPF1;HDAC1;MAP2K1;UBE2I,1.0,False
KEGG,2,HEPATITIS B,0.9932273963847048,5,571,135,6576,BAD;CDK2;CDPF1;MAP2K1;VDAC3,1.0,False
KEGG,2,LONG-TERM DEPRESSION,0.993378802088754,1,571,55,6576,MAP2K1,1.0,False
KEGG,2,PD-L1 EXPRESSION AND PD-1 CHECKPOINT PATHWAY IN CANCER,0.9946431678989518,2,571,81,6576,MAP2K1;RPS6KB2,1.0,False
KEGG,2,INSULIN RESISTANCE,0.9948236065143684,3,571,102,6576,NR1H2;PCK2;RPS6KB2,1.0,False
KEGG,2,GNRH SECRETION,0.9949704898735131,1,571,58,6576,MAP2K1,1.0,False
KEGG,2,DOPAMINERGIC SYNAPSE,0.9951588507917893,4,571,122,6576,COMT;GNG10;GNG5;PPP2R3C,1.0,False
KEGG,2,CHOLINERGIC SYNAPSE,0.9951947131949299,3,571,103,6576,GNG10;GNG5;MAP2K1,1.0,False
KEGG,2,LONG-TERM POTENTIATION,0.9954110928625012,1,571,59,6576,MAP2K1,1.0,False
KEGG,2,PERTUSSIS,0.9954110928625012,1,571,59,6576,VPS72,1.0,False
KEGG,2,"PARATHYROID HORMONE SYNTHESIS, SECRETION AND ACTION",0.9955399594038093,3,571,104,6576,CDPF1;MAP2K1;PTRH2,1.0,False
KEGG,2,GABAERGIC SYNAPSE,0.9958002688022893,2,571,84,6576,GNG10;GNG5,1.0,False
KEGG,2,APELIN SIGNALING PATHWAY,0.9960748540717967,4,571,125,6576,GNG10;GNG5;MAP2K1;RPS6KB2,1.0,False
KEGG,2,BASAL CELL CARCINOMA,0.9961800538871083,1,571,61,6576,CDPF1,1.0,False
KEGG,2,FC EPSILON RI SIGNALING PATHWAY,0.9961800538871083,1,571,61,6576,MAP2K1,1.0,False
KEGG,2,EFFEROCYTOSIS,0.996253082785616,5,571,144,6576,C1D;MAP2K1;NR1H2;SLC16A1;VPS16,1.0,False
KEGG,2,MORPHINE ADDICTION,0.996431490680206,2,571,86,6576,GNG10;GNG5,1.0,False
KEGG,2,AMPHETAMINE ADDICTION,0.9965148488572482,1,571,62,6576,HDAC1,1.0,False
KEGG,2,BILE SECRETION,0.9965148488572482,1,571,62,6576,MINDY4,1.0,False
KEGG,2,RENIN SECRETION,0.9965148488572482,1,571,62,6576,MINDY4,1.0,False
KEGG,2,T CELL RECEPTOR SIGNALING PATHWAY,0.9969353103105457,3,571,109,6576,MAP2K1;MMAB;PPP2R3C,1.0,False
KEGG,2,TNF SIGNALING PATHWAY,0.9969353103105457,3,571,109,6576,MAP2K1;PGAM5;RNASEH2A,1.0,False
KEGG,2,CIRCADIAN ENTRAINMENT,0.997207524954647,2,571,89,6576,GNG10;GNG5,1.0,False
KEGG,2,NF-KAPPA B SIGNALING PATHWAY,0.997207524954647,2,571,89,6576,PARP1;UBE2I,1.0,False
KEGG,2,HUMAN CYTOMEGALOVIRUS INFECTION,0.997286245534342,7,571,184,6576,CDPF1;GNG10;GNG5;MAP2K1;PDIA3;RPS6KB2;TAPBPL,1.0,False
KEGG,2,B CELL RECEPTOR SIGNALING PATHWAY,0.9975855674764774,1,571,66,6576,MAP2K1,1.0,False
KEGG,2,THYROID HORMONE SYNTHESIS,0.9975855674764774,1,571,66,6576,PDIA4,1.0,False
KEGG,2,RELAXIN SIGNALING PATHWAY,0.9983317340003598,3,571,117,6576,GNG10;GNG5;MAP2K1,1.0,False
KEGG,2,OXYTOCIN SIGNALING PATHWAY,0.9984454754011695,4,571,138,6576,CDPF1;MAP2K1;MAP2K5;NPRL2,1.0,False
KEGG,2,YERSINIA INFECTION,0.9985690420536187,3,571,119,6576,ARPC1A;ARPC5;MAP2K1,1.0,False
KEGG,2,NATURAL KILLER CELL MEDIATED CYTOTOXICITY,0.9986084051056985,1,571,72,6576,MAP2K1,1.0,False
KEGG,2,CHEMICAL CARCINOGENESIS - RECEPTOR ACTIVATION,0.9986458387987716,5,571,159,6576,BAD;GSTM3;MAP2K1;MGST3;RPS6KB2,1.0,False
KEGG,2,HUMAN PAPILLOMAVIRUS INFECTION,0.9991686190351161,12,571,287,6576,ATP6V1G1;ATP6V1H;BAD;CDK2;CDKN1B;CDPF1;HDAC1;MAP2K1;PPP2R3C;RPS6KB2;TBP;TUBG1,1.0,False
KEGG,2,TIGHT JUNCTION,0.9993039249599115,4,571,149,6576,ARPC1A;ARPC5;RAB8A;TUBA4A,1.0,False
KEGG,2,GNRH SIGNALING PATHWAY,0.9993330653685908,1,571,80,6576,MAP2K1,1.0,False
KEGG,2,TOLL-LIKE RECEPTOR SIGNALING PATHWAY,0.9993330653685908,1,571,80,6576,MAP2K1,1.0,False
KEGG,2,"GROWTH HORMONE SYNTHESIS, SECRETION AND ACTION",0.9993716104770579,2,571,107,6576,MAP2K1;RNASEH2A,1.0,False
KEGG,2,GLUTAMATERGIC SYNAPSE,0.9994221042301484,2,571,108,6576,GNG10;GNG5,1.0,False
KEGG,2,CHEMOKINE SIGNALING PATHWAY,0.9994424785572019,4,571,152,6576,BAD;GNG10;GNG5;MAP2K1,1.0,False
KEGG,2,KAPOSI SARCOMA-ASSOCIATED HERPESVIRUS INFECTION,0.9994823701639894,4,571,153,6576,CDPF1;GNG10;GNG5;MAP2K1,1.0,False
KEGG,2,PROTEIN DIGESTION AND ABSORPTION,0.9994939528881948,1,571,83,6576,CTRL,1.0,False
KEGG,2,ALCOHOLIC LIVER DISEASE,0.9995113712735997,2,571,110,6576,ADH5;ALDH7A1,1.0,False
KEGG,2,PI3K-AKT SIGNALING PATHWAY,0.9995221093463166,13,571,313,6576,BAD;CDK2;CDKN1B;CDPF1;CMC4;EIF4E;GNG10;GNG5;MAP2K1;MLST8;PCK2;PPP2R3C;RPS6KB2,1.0,False
KEGG,2,OSTEOCLAST DIFFERENTIATION,0.9995507491488903,2,571,111,6576,MAP2K1;RNASEH2A,1.0,False
KEGG,2,TRANSCRIPTIONAL MISREGULATION IN CANCER,0.9995539618132498,4,571,155,6576,CDKN1B;CDPF1;HDAC1;NUPR1,1.0,False
KEGG,2,WNT SIGNALING PATHWAY,0.9995539618132498,4,571,155,6576,CACYBP;RBX1;RUVBL1;SKP1,1.0,False
KEGG,2,BREAST CANCER,0.9995881781240601,3,571,135,6576,CDPF1;MAP2K1;RPS6KB2,1.0,False
KEGG,2,TUBERCULOSIS,0.9996482804467296,3,571,137,6576,ATP6V1H;BAD;RFXANK,1.0,False
KEGG,2,MELANOGENESIS,0.9997087726515201,1,571,89,6576,MAP2K1,1.0,False
KEGG,2,VASCULAR SMOOTH MUSCLE CONTRACTION,0.9997290988727617,2,571,117,6576,MAP2K1;NPRL2,1.0,False
KEGG,2,ESTROGEN SIGNALING PATHWAY,0.9997510689628751,2,571,118,6576,KRT10;MAP2K1,1.0,False
KEGG,2,PROTEOGLYCANS IN CANCER,0.9998143536973315,5,571,187,6576,CDPF1;MAP2K1;NUDT16L1;PIGU;RPS6KB2,1.0,False
KEGG,2,PHOSPHATIDYLINOSITOL SIGNALING SYSTEM,0.9998163085913714,1,571,94,6576,MTMR14,1.0,False
KEGG,2,TOXOPLASMOSIS,0.9998163085913714,1,571,94,6576,BAD,1.0,False
KEGG,2,AGE-RAGE SIGNALING PATHWAY IN DIABETIC COMPLICATIONS,0.9998324899851274,1,571,95,6576,CDKN1B,1.0,False
KEGG,2,C-TYPE LECTIN RECEPTOR SIGNALING PATHWAY,0.9998324899851274,1,571,95,6576,MMAB,1.0,False
KEGG,2,JAK-STAT SIGNALING PATHWAY,0.9998370943323859,2,571,123,6576,CDPF1;LEPROT,1.0,False
KEGG,2,HYPERTROPHIC CARDIOMYOPATHY,0.9998472482351648,1,571,96,6576,TPM3,1.0,False
KEGG,2,PATHOGENIC ESCHERICHIA COLI INFECTION,0.999856118398111,4,571,170,6576,ABCF2;ARPC1A;ARPC5;TUBA4A,1.0,False
KEGG,2,DILATED CARDIOMYOPATHY,0.9998841799482617,1,571,99,6576,TPM3,1.0,False
KEGG,2,SIGNALING PATHWAYS REGULATING PLURIPOTENCY OF STEM CELLS,0.9999022877053558,2,571,129,6576,MAP2K1;PCGF1,1.0,False
KEGG,2,HORMONE SIGNALING,0.999903971407438,5,571,196,6576,GNG10;GNG5;LEPROT;NPRL2;PTRH2,1.0,False
KEGG,2,CORONAVIRUS DISEASE - COVID-19,0.9999395726148698,3,571,159,6576,MRPL13;RPS27L;RPS28,1.0,False
KEGG,2,PHOSPHOLIPASE D SIGNALING PATHWAY,0.9999507550293644,2,571,137,6576,MAP2K1;PIGU,1.0,False
KEGG,2,ADRENERGIC SIGNALING IN CARDIOMYOCYTES,0.999954810111447,2,571,138,6576,PPP2R3C;TPM3,1.0,False
KEGG,2,REGULATION OF ACTIN CYTOSKELETON,0.9999635031853176,5,571,209,6576,ARPC1A;ARPC5;ITGAE;MAP2K1;VPS72,1.0,False
KEGG,2,RAS SIGNALING PATHWAY,0.999978471359805,5,571,216,6576,BAD;GNG10;GNG5;MAP2K1;PIGU,1.0,False
KEGG,2,CORNIFIED ENVELOPE FORMATION,0.9999825080701101,2,571,149,6576,KRT10;PPP2R3C,1.0,False
KEGG,2,PATHWAYS IN CANCER,0.9999926923474413,18,571,467,6576,BAD;CDK2;CDKN1B;CDPF1;CKS2;ELOB;GNG10;GNG5;GSTM3;HDAC1;KEAP1;MAP2K1;MGST3;MLH1;RBX1;RPS6KB2;SKP1;TPM3,1.0,False
KEGG,2,CALCIUM SIGNALING PATHWAY,0.9999945708515351,5,571,234,6576,SLC25A4;STIM2;VDAC1;VDAC2;VDAC3,1.0,False
KEGG,2,LIPID AND ATHEROSCLEROSIS,0.9999974290645233,2,571,171,6576,BAD;EIF2S1,1.0,False
KEGG,2,INTEGRIN SIGNALING,0.9999980317410831,1,571,143,6576,ITGAE,1.0,False
KEGG,2,NEUROACTIVE LIGAND SIGNALING,0.9999990227301193,2,571,182,6576,GNG10;GNG5,1.0,False
KEGG,2,IGSF CAM SIGNALING,0.999999345268464,5,571,261,6576,ARPC1A;ARPC5;MAP2K1;PXMP2;TUBA4A,1.0,False
KEGG,2,FOCAL ADHESION,0.9999994246469608,2,571,188,6576,BAD;MAP2K1,1.0,False
KEGG,2,AXON GUIDANCE,0.9999998550252377,1,571,171,6576,VPS72,1.0,False
KEGG,2,CAMP SIGNALING PATHWAY,0.999999902607411,2,571,208,6576,BAD;MAP2K1,1.0,False
KEGG,2,MAPK SIGNALING PATHWAY,0.9999999117603463,5,571,286,6576,DUSP12;ECSIT;MAP2K1;MAP2K5;PPP5C,1.0,False
KEGG,2,CYTOSKELETON IN MUSCLE CELLS,0.999999952340064,2,571,216,6576,CAPZA2;TPM3,1.0,False
KEGG,2,RAP1 SIGNALING PATHWAY,0.9999999884113431,1,571,198,6576,MAP2K1,1.0,False
KEGG,2,CYTOKINE-CYTOKINE RECEPTOR INTERACTION,0.9999999934001134,1,571,204,6576,LEPROT,1.0,False
KEGG,2,NEUROACTIVE LIGAND-RECEPTOR INTERACTION,0.9999999999208027,3,571,317,6576,LEPROT;PTRH2;TMEM97,1.0,False
KEGG,2,ABC TRANSPORTERS,1.0,0,571,40,6576,,1.0,False
KEGG,2,ADHERENS JUNCTION,1.0,0,571,88,6576,,1.0,False
KEGG,2,AFRICAN TRYPANOSOMIASIS,1.0,0,571,27,6576,,1.0,False
KEGG,2,ALDOSTERONE SYNTHESIS AND SECRETION,1.0,0,571,81,6576,,1.0,False
KEGG,2,ALDOSTERONE-REGULATED SODIUM REABSORPTION,1.0,0,571,34,6576,,1.0,False
KEGG,2,ALLOGRAFT REJECTION,1.0,0,571,17,6576,,1.0,False
KEGG,2,ALPHA-LINOLENIC ACID METABOLISM,1.0,0,571,22,6576,,1.0,False
KEGG,2,AMOEBIASIS,1.0,0,571,77,6576,,1.0,False
KEGG,2,ARRHYTHMOGENIC RIGHT VENTRICULAR CARDIOMYOPATHY,1.0,0,571,84,6576,,1.0,False
KEGG,2,ASTHMA,1.0,0,571,17,6576,,1.0,False
KEGG,2,AUTOIMMUNE THYROID DISEASE,1.0,0,571,20,6576,,1.0,False
KEGG,2,CELL ADHESION MOLECULE (CAM) INTERACTION,1.0,0,571,121,6576,,1.0,False
KEGG,2,CHAGAS DISEASE,1.0,0,571,90,6576,,1.0,False
KEGG,2,COCAINE ADDICTION,1.0,0,571,46,6576,,1.0,False
KEGG,2,COMPLEMENT AND COAGULATION CASCADES,1.0,0,571,59,6576,,1.0,False
KEGG,2,CORTISOL SYNTHESIS AND SECRETION,1.0,0,571,54,6576,,1.0,False
KEGG,2,ECM-RECEPTOR INTERACTION,1.0,0,571,83,6576,,1.0,False
KEGG,2,FAT DIGESTION AND ABSORPTION,1.0,0,571,41,6576,,1.0,False
KEGG,2,GASTRIC ACID SECRETION,1.0,0,571,65,6576,,1.0,False
KEGG,2,GLYCOSAMINOGLYCAN BIOSYNTHESIS - CHONDROITIN SULFATE / DERMATAN SULFATE,1.0,0,571,21,6576,,1.0,False
KEGG,2,GLYCOSAMINOGLYCAN BIOSYNTHESIS - KERATAN SULFATE,1.0,0,571,13,6576,,1.0,False
KEGG,2,GLYCOSAMINOGLYCAN DEGRADATION,1.0,0,571,17,6576,,1.0,False
KEGG,2,GLYCOSPHINGOLIPID BIOSYNTHESIS - GANGLIO SERIES,1.0,0,571,15,6576,,1.0,False
KEGG,2,GLYCOSPHINGOLIPID BIOSYNTHESIS - GLOBO AND ISOGLOBO SERIES,1.0,0,571,14,6576,,1.0,False
KEGG,2,GLYCOSPHINGOLIPID BIOSYNTHESIS - LACTO AND NEOLACTO SERIES,1.0,0,571,23,6576,,1.0,False
KEGG,2,GRAFT-VERSUS-HOST DISEASE,1.0,0,571,14,6576,,1.0,False
KEGG,2,HEDGEHOG SIGNALING PATHWAY,1.0,0,571,51,6576,,1.0,False
KEGG,2,HEMATOPOIETIC CELL LINEAGE,1.0,0,571,65,6576,,1.0,False
KEGG,2,HIPPO SIGNALING PATHWAY,1.0,0,571,148,6576,,1.0,False
KEGG,2,HIPPO SIGNALING PATHWAY - MULTIPLE SPECIES,1.0,0,571,27,6576,,1.0,False
KEGG,2,IL-17 SIGNALING PATHWAY,1.0,0,571,76,6576,,1.0,False
KEGG,2,INFLAMMATORY BOWEL DISEASE,1.0,0,571,50,6576,,1.0,False
KEGG,2,INFLAMMATORY MEDIATOR REGULATION OF TRP CHANNELS,1.0,0,571,87,6576,,1.0,False
KEGG,2,INSULIN SECRETION,1.0,0,571,75,6576,,1.0,False
KEGG,2,INTESTINAL IMMUNE NETWORK FOR IGA PRODUCTION,1.0,0,571,29,6576,,1.0,False
KEGG,2,LEISHMANIASIS,1.0,0,571,58,6576,,1.0,False
KEGG,2,LEUKOCYTE TRANSENDOTHELIAL MIGRATION,1.0,0,571,107,6576,,1.0,False
KEGG,2,LINOLEIC ACID METABOLISM,1.0,0,571,22,6576,,1.0,False
KEGG,2,MATURITY ONSET DIABETES OF THE YOUNG,1.0,0,571,22,6576,,1.0,False
KEGG,2,MUCIN TYPE O-GLYCAN BIOSYNTHESIS,1.0,0,571,28,6576,,1.0,False
KEGG,2,NICOTINE ADDICTION,1.0,0,571,38,6576,,1.0,False
KEGG,2,NITROGEN METABOLISM,1.0,0,571,17,6576,,1.0,False
KEGG,2,OLFACTORY TRANSDUCTION,1.0,0,571,37,6576,,1.0,False
KEGG,2,OTHER GLYCAN DEGRADATION,1.0,0,571,16,6576,,1.0,False
KEGG,2,OTHER TYPES OF O-GLYCAN BIOSYNTHESIS,1.0,0,571,40,6576,,1.0,False
KEGG,2,PHENYLALANINE METABOLISM,1.0,0,571,14,6576,,1.0,False
KEGG,2,"PHENYLALANINE, TYROSINE AND TRYPTOPHAN BIOSYNTHESIS",1.0,0,571,6,6576,,1.0,False
KEGG,2,PHOTOTRANSDUCTION,1.0,0,571,22,6576,,1.0,False
KEGG,2,PLATELET ACTIVATION,1.0,0,571,116,6576,,1.0,False
KEGG,2,REGULATION OF LIPOLYSIS IN ADIPOCYTES,1.0,0,571,51,6576,,1.0,False
KEGG,2,RENIN-ANGIOTENSIN SYSTEM,1.0,0,571,20,6576,,1.0,False
KEGG,2,SALIVARY SECRETION,1.0,0,571,63,6576,,1.0,False
KEGG,2,SPHINGOLIPID METABOLISM,1.0,0,571,49,6576,,1.0,False
KEGG,2,STARCH AND SUCROSE METABOLISM,1.0,0,571,26,6576,,1.0,False
KEGG,2,TASTE TRANSDUCTION,1.0,0,571,63,6576,,1.0,False
KEGG,2,TAURINE AND HYPOTAURINE METABOLISM,1.0,0,571,14,6576,,1.0,False
KEGG,2,TH1 AND TH2 CELL DIFFERENTIATION,1.0,0,571,79,6576,,1.0,False
KEGG,2,TH17 CELL DIFFERENTIATION,1.0,0,571,92,6576,,1.0,False
KEGG,2,TYPE I DIABETES MELLITUS,1.0,0,571,23,6576,,1.0,False
KEGG,2,TYPE II DIABETES MELLITUS,1.0,0,571,44,6576,,1.0,False
KEGG,2,VIRAL MYOCARDITIS,1.0,0,571,47,6576,,1.0,False
KEGG,2,VIRAL PROTEIN INTERACTION WITH CYTOKINE AND CYTOKINE RECEPTOR,1.0,0,571,60,6576,,1.0,False
KEGG,2,"VIRION - EBOLAVIRUS, LYSSAVIRUS AND MORBILLIVIRUS",1.0,0,571,8,6576,,1.0,False
KEGG,2,VIRION - HERPESVIRUS,1.0,0,571,6,6576,,1.0,False
KEGG,2,VIRION - LASSA VIRUS AND SFTS VIRUS,1.0,0,571,13,6576,,1.0,False
KEGG,3,NEUROACTIVE LIGAND SIGNALING,3.4735000073028153e-43,85,575,182,6576,ACHE;ADCY1;ADRA1D;CHRM1;CHRM2;CHRM4;CHRNA3;CHRNA6;CHRNB2;CHRNB4;DRD1;DRD2;DRD3;GABBR2;GABRA1;GABRA2;GABRA3;GABRA5;GABRA6;GABRB1;GABRB2;GABRB3;GABRD;GABRG1;GABRG2;GABRG3;GLRA1;GLRA3;GLRB;GNAI1;GNAL;GNAO1;GNB5;GNG13;GNG3;GNG4;GPRIN1;GRIA1;GRIA2;GRIA3;GRIK1;GRIK3;GRIK4;GRIN2A;GRIN2B;GRIN3A;GRM1;GRM2;GRM3;GRM4;GRM5;GRM6;GRM7;HRH3;HTR1A;HTR1B;HTR2A;HTR2C;HTR3A;HTR4;HTR5A;MC4R;OPRD1;OPRK1;P2RX3;P2RX6;PDYN;PENK;PNOC;PRKCA;PRKCB;PRKCG;SLC17A6;SLC17A7;SLC1A1;SLC1A2;SLC1A6;SLC32A1;SLC5A7;SLC6A1;SLC6A11;SLC6A3;SLC6A5;TAC1;TACR3,1.2087780025413798e-40,True
KEGG,3,NEUROACTIVE LIGAND-RECEPTOR INTERACTION,9.145938476214453e-37,105,575,317,6576,ADCYAP1;ADCYAP1R1;ADRA1D;BRS3;CALCR;CCKBR;CHGA;CHRM1;CHRM2;CHRM4;CHRNA1;CHRNA3;CHRNA5;CHRNA6;CHRNB2;CHRNB3;CHRNB4;CRH;CRHR1;CRHR2;DRD1;DRD2;DRD3;GABBR2;GABRA1;GABRA2;GABRA3;GABRA5;GABRA6;GABRB1;GABRB2;GABRB3;GABRD;GABRG1;GABRG2;GABRG3;GALR1;GHSR;GLP1R;GLRA1;GLRA2;GLRA3;GLRB;GPR83;GPRIN1;GRIA1;GRIA2;GRIA3;GRID2;GRIK1;GRIK3;GRIK4;GRIN2A;GRIN2B;GRIN3A;GRM1;GRM2;GRM3;GRM4;GRM5;GRM6;GRM7;HRH3;HTR1A;HTR1B;HTR2A;HTR2C;HTR4;HTR5A;IAPP;KISS1R;LPAR4;MC4R;MCHR1;NMBR;NPBWR1;NPFFR1;NPFFR2;NPY;NPY2R;NPY5R;NTS;NTSR2;OPRD1;OPRK1;OXT;P2RX3;P2RX6;PAQR9;PDYN;PENK;PNOC;PRLHR;PTGER3;RXFP1;SST;SSTR2;SSTR3;SSTR4;TAAR2;TAC1;TACR3;TRHR;TSHB;VGF,1.591393294861315e-34,True
KEGG,3,NICOTINE ADDICTION,1.7806893369046934e-19,26,575,38,6576,CACNA1A;CACNA1B;CHRNA6;CHRNB2;GABRA1;GABRA2;GABRA3;GABRA5;GABRA6;GABRB1;GABRB2;GABRB3;GABRD;GABRG1;GABRG2;GABRG3;GPRIN1;GRIA1;GRIA2;GRIA3;GRIN2A;GRIN2B;GRIN3A;SLC17A6;SLC17A7;SLC32A1,2.0655996308094443e-17,True
KEGG,3,GABAERGIC SYNAPSE,2.3350199956603174e-15,34,575,84,6576,ADCY1;CACNA1A;CACNA1B;CACNA1S;GABBR2;GABRA1;GABRA2;GABRA3;GABRA5;GABRA6;GABRB1;GABRB2;GABRB3;GABRD;GABRG1;GABRG2;GABRG3;GAD1;GAD2;GNAI1;GNAO1;GNB5;GNG13;GNG3;GNG4;HAP1;KCNJ6;PRKCA;PRKCB;PRKCG;SLC12A5;SLC32A1;SLC6A1;SLC6A11,2.0314673962244762e-13,True
KEGG,3,MORPHINE ADDICTION,5.440490306877493e-15,34,575,86,6576,ADCY1;CACNA1A;CACNA1B;DRD1;GABBR2;GABRA1;GABRA2;GABRA3;GABRA5;GABRA6;GABRB1;GABRB2;GABRB3;GABRD;GABRG1;GABRG2;GABRG3;GNAI1;GNAO1;GNB5;GNG13;GNG3;GNG4;GRK4;KCNJ3;KCNJ6;KCNJ9;PDE11A;PDE1A;PDE4C;PRKCA;PRKCB;PRKCG;SLC32A1,3.786581253586735e-13,True
KEGG,3,GLUTAMATERGIC SYNAPSE,1.1749400709684749e-14,38,575,108,6576,ADCY1;CACNA1A;DLGAP1;GNAI1;GNAO1;GNB5;GNG13;GNG3;GNG4;GPRIN1;GRIA1;GRIA2;GRIA3;GRIK1;GRIK3;GRIK4;GRIN2A;GRIN2B;GRIN3A;GRM1;GRM2;GRM3;GRM4;GRM5;GRM6;GRM7;KCNJ3;PLA2G4E;PRKCA;PRKCB;PRKCG;SHANK1;SHANK2;SLC17A6;SLC17A7;SLC1A1;SLC1A2;SLC1A6,6.814652411617154e-13,True
KEGG,3,SEROTONERGIC SYNAPSE,3.3458032833496926e-11,31,575,95,6576,CACNA1A;CACNA1B;CACNA1S;CYP4X1;GABRB1;GABRB2;GABRB3;GNAI1;GNAO1;GNB5;GNG13;GNG3;GNG4;HTR1A;HTR1B;HTR2A;HTR2C;HTR3A;HTR4;HTR5A;KCND2;KCNJ3;KCNJ6;KCNJ9;KCNN2;PLA2G4E;PRKCA;PRKCB;PRKCG;TPH1;TPH2,1.6633422037224187e-09,True
KEGG,3,RETROGRADE ENDOCANNABINOID SIGNALING,6.46432713240552e-11,37,575,132,6576,ADCY1;CACNA1A;CACNA1B;CACNA1S;GABRA1;GABRA2;GABRA3;GABRA5;GABRA6;GABRB1;GABRB2;GABRB3;GABRD;GABRG1;GABRG2;GABRG3;GNAI1;GNAO1;GNB5;GNG13;GNG3;GNG4;GRIA1;GRIA2;GRIA3;GRM1;GRM5;KCNJ3;KCNJ6;KCNJ9;PRKCA;PRKCB;PRKCG;RIMS1;SLC17A6;SLC17A7;SLC32A1,2.811982302596401e-09,True
KEGG,3,DOPAMINERGIC SYNAPSE,1.0608738959575572e-10,35,575,122,6576,CACNA1A;CACNA1B;CALM3;CALY;CAMK2A;CAMK2B;DRD1;DRD2;DRD3;GNAI1;GNAL;GNAO1;GNB5;GNG13;GNG3;GNG4;GRIA1;GRIA2;GRIA3;GRIN2A;GRIN2B;KCNJ3;KCNJ6;KCNJ9;KIF5A;KIF5C;PPP1R1B;PPP2R2B;PPP2R2C;PRKCA;PRKCB;PRKCG;SCN1A;SLC6A3;TH,4.102045731035888e-09,True
KEGG,3,CALCIUM SIGNALING PATHWAY,1.281147666203858e-10,52,575,234,6576,ADCY1;ADRA1D;ATP2B3;CACNA1A;CACNA1B;CACNA1E;CACNA1S;CALM3;CAMK1G;CAMK2A;CAMK2B;CAMK4;CCKBR;CHRM1;CHRM2;DRD1;ERBB4;FGF10;FGF13;FGF16;FGF20;FGF5;FGF9;GNAL;GPRIN1;GRIN2A;GRIN2B;GRIN3A;GRM1;GRM5;HTR2A;HTR2C;HTR4;HTR5A;ITPKA;NANOS1;NTRK1;NTRK2;P2RX3;P2RX6;PDE1A;PLCZ1;PRKCA;PRKCB;PRKCG;PTGER3;SLC8A2;SLC8A3;TACR3;TNNC2;TRDN;TRHR,4.458393878389426e-09,True
KEGG,3,CHOLINERGIC SYNAPSE,3.388665382321057e-10,31,575,103,6576,ACHE;ADCY1;CACNA1A;CACNA1B;CACNA1S;CAMK2A;CAMK2B;CAMK4;CHRM1;CHRM2;CHRM4;CHRNA3;CHRNA6;CHRNB2;CHRNB4;GNAI1;GNAO1;GNB5;GNG13;GNG3;GNG4;KCNJ3;KCNJ4;KCNJ6;KCNQ2;KCNQ3;KCNQ5;PRKCA;PRKCB;PRKCG;SLC5A7,1.0720505027706615e-08,True
KEGG,3,TASTE TRANSDUCTION,9.859850561096394e-10,23,575,63,6576,ASIC2;CACNA1A;CALHM1;GABBR2;GABRA1;GABRA2;GABRA3;GABRA5;GABRA6;GNG13;GRM1;GRM4;HCN4;HTR1A;HTR1B;HTR3A;P2RX3;PDE1A;PRKCA;SCN2A;SCN3A;SCN9A;TAS1R1,2.8593566627179546e-08,True
KEGG,3,CAMP SIGNALING PATHWAY,1.8803200295606524e-09,46,575,208,6576,ADCY1;ADCYAP1;ADCYAP1R1;ATP1A2;ATP2B3;BDNF;CACNA1S;CALM3;CAMK2A;CAMK2B;CAMK4;CHGA;CHRM1;CHRM2;CRH;CRHR1;CRHR2;DRD1;DRD2;GABBR2;GHSR;GLP1R;GNAI1;GPRIN1;GRIA1;GRIA2;GRIA3;GRIN2A;GRIN2B;GRIN3A;HCN2;HCN4;HTR1A;HTR1B;HTR4;NPY;OXT;PDE4C;PPP1R1B;PRKCA;PTCH1;PTGER3;RAPGEF4;SST;SSTR2;TSHB,5.0334720791315924e-08,True
KEGG,3,HORMONE SIGNALING,8.408523431916487e-09,43,575,196,6576,ADCY1;ADRA1D;CALCR;CCKBR;CHGA;CRH;CRHR1;CRHR2;DRD1;DRD2;DRD3;GHSR;GLP1R;GNAI1;GNAO1;GNB5;GNG13;GNG3;GNG4;IAPP;IRS4;MC4R;MCHR1;NANOS1;NPPC;OPRD1;OPRK1;OXT;PDYN;PENK;PNOC;PRKCA;PRKG2;PRLHR;RAPGEF4;SLC16A10;SLCO1C1;SST;SSTR2;SSTR3;SSTR4;TRHR;TSHB,2.0901186816478125e-07,True
KEGG,3,CIRCADIAN ENTRAINMENT,1.8549449506345884e-08,26,575,89,6576,ADCY1;ADCYAP1;ADCYAP1R1;CALM3;CAMK2A;CAMK2B;GNAI1;GNAO1;GNB5;GNG13;GNG3;GNG4;GPRIN1;GRIA1;GRIA2;GRIA3;GRIN2A;GRIN2B;KCNJ3;KCNJ6;KCNJ9;NANOS1;PRKCA;PRKCB;PRKCG;PRKG2,4.3034722854722446e-07,True
KEGG,3,COCAINE ADDICTION,1.2724403314823282e-07,17,575,46,6576,BDNF;CDK5R1;DRD1;DRD2;GNAI1;GPRIN1;GRIA2;GRIN2A;GRIN2B;GRIN3A;GRM2;GRM3;PDYN;PPP1R1B;PRKCA;SLC6A3;TH,2.7675577209740637e-06,True
KEGG,3,IGSF CAM SIGNALING,1.5327335076464848e-07,49,575,261,6576,ANK2;CADM2;CD28;CDH2;CNTN1;CNTN2;CNTNAP2;CRTAM;DCC;IL1RAPL1;IL1RAPL2;KCNA1;KCNA2;KCNA4;KCNA6;KCNQ2;KCNQ3;KIRREL2;KIRREL3;L1CAM;LRFN5;LRRC4B;LRRC4C;MPP3;NCAM1;NCAM2;NLGN1;NLGN3;NRCAM;PMP2;PPFIA2;PRKCA;PRKCB;PRKCG;PRKCQ;RIMS1;ROBO2;SCN8A;SH2D1A;SLITRK1;SLITRK2;SLITRK3;SLITRK5;SPTBN2;TIGIT;TUBB2B;TUBB3;UNC5A;UNC5D,3.1375956509469218e-06,True
KEGG,3,SYNAPTIC VESICLE CYCLE,2.7951025991062795e-07,22,575,76,6576,CACNA1A;CACNA1B;CPLX2;CPLX3;DNM1;RIMS1;SLC17A6;SLC17A7;SLC1A1;SLC1A2;SLC1A6;SLC32A1;SLC6A1;SLC6A11;SLC6A3;SLC6A5;SLC6A7;SNAP25;STX1B;SYT1;UNC13A;UNC13C,5.4038650249388075e-06,True
KEGG,3,ALCOHOLISM,5.171586117406381e-07,27,575,110,6576,BDNF;CALM3;CAMK4;CRH;DRD1;DRD2;GNAI1;GNAO1;GNB5;GNG13;GNG3;GNG4;GPRIN1;GRIN2A;GRIN2B;GRIN3A;MACROH2A2;NPY;NTRK2;PDYN;PKIA;PPP1R1B;PRKCA;SHC3;SHC4;SLC6A3;TH,9.472168257144318e-06,True
KEGG,3,AMPHETAMINE ADDICTION,6.917309195164451e-07,19,575,62,6576,CALM3;CAMK2A;CAMK2B;CAMK4;DRD1;GPRIN1;GRIA1;GRIA2;GRIA3;GRIN2A;GRIN2B;GRIN3A;PDYN;PPP1R1B;PRKCA;PRKCB;PRKCG;SLC6A3;TH,1.2036117999586146e-05,True
KEGG,3,LONG-TERM DEPRESSION,2.345864162164367e-06,17,575,55,6576,CACNA1A;CRH;CRHR1;GNAI1;GNAO1;GNAZ;GRIA1;GRIA2;GRIA3;GRID2;GRM1;NANOS1;PLA2G4E;PRKCA;PRKCB;PRKCG;PRKG2,3.887432040158093e-05,True
KEGG,3,GNRH SECRETION,5.29120288592931e-06,17,575,58,6576,CACNA1S;CHGA;GABBR2;HCN1;HCN2;KCNJ11;KCNJ3;KCNJ6;KCNJ9;KCNN1;KCNN2;KISS1R;PRKCA;PRKCB;PRKCG;TRPC4;TRPC5,8.369720928651816e-05,True
KEGG,3,INSULIN SECRETION,1.5661900422877326e-05,19,575,75,6576,ADCY1;ADCYAP1;ADCYAP1R1;ATP1A2;CACNA1S;CAMK2A;CAMK2B;GLP1R;KCNJ11;KCNMB4;KCNN1;KCNN2;PCLO;PRKCA;PRKCB;PRKCG;RAPGEF4;RIMS2;SNAP25,0.00023697136292005693,True
KEGG,3,LONG-TERM POTENTIATION,2.9496041685147013e-05,16,575,59,6576,ADCY1;CALM3;CAMK2A;CAMK2B;CAMK4;GPRIN1;GRIA1;GRIA2;GRIN2A;GRIN2B;GRM1;GRM5;PRKCA;PRKCB;PRKCG;RPS6KA6,0.0004276926044346317,True
KEGG,3,OLFACTORY TRANSDUCTION,0.00021509622931320738,11,575,37,6576,CALM3;CAMK2A;CAMK2B;GNAL;GNG13;GUCY2D;PDE1A;PRKCA;PRKG2;SLC8A2;SLC8A3,0.002994139512039847,True
KEGG,3,ARRHYTHMOGENIC RIGHT VENTRICULAR CARDIOMYOPATHY,0.00026926621565127564,18,575,84,6576,ACTN2;ACTN3;CACNA1S;CACNA2D3;CACNB2;CACNG1;CACNG2;CACNG3;CACNG4;CACNG8;CAV3;CDH2;CTNNA2;LEF1;NANOS1;SGCZ;SLC8A2;SLC8A3,0.003473237982736463,True
KEGG,3,CELL ADHESION MOLECULE (CAM) INTERACTION,0.0002694753607295532,23,575,121,6576,CD28;CDH2;CLDN19;CNTN1;CNTN2;CNTNAP2;IGSF11;L1CAM;LRRC4B;LRRC4C;NCAM1;NCAM2;NLGN1;NLGN3;NRCAM;NRXN1;NRXN2;NRXN3;SLITRK1;SLITRK2;SLITRK3;SLITRK5;TIGIT,0.003473237982736463,True
KEGG,3,ADRENERGIC SIGNALING IN CARDIOMYOCYTES,0.0003226818580907799,25,575,138,6576,ADCY1;ADRA1D;ATP1A2;ATP2B3;CACNA1S;CACNA2D3;CACNB2;CACNG1;CACNG2;CACNG3;CACNG4;CACNG8;CALM3;CAMK2A;CAMK2B;GNAI1;MYH6;PPP2R2B;PPP2R2C;PRKCA;RAPGEF4;SCN1B;SCN4B;SLC8A2;SLC8A3,0.0038721822970893592,True
KEGG,3,OXYTOCIN SIGNALING PATHWAY,0.0003226818580907799,25,575,138,6576,ADCY1;CACNA1S;CACNA2D3;CACNB2;CACNG1;CACNG2;CACNG3;CACNG4;CACNG8;CALM3;CAMK1G;CAMK2A;CAMK2B;CAMK4;GNAI1;GNAO1;KCNJ3;KCNJ4;KCNJ6;KCNJ9;OXT;PLA2G4E;PRKCA;PRKCB;PRKCG,0.0038721822970893592,True
KEGG,3,GASTRIC ACID SECRETION,0.0003717863553506831,15,575,65,6576,ADCY1;ATP1A2;CALM3;CAMK2A;CAMK2B;CCKBR;GNAI1;KCNE2;KCNJ10;KCNJ16;PRKCA;PRKCB;PRKCG;SST;SSTR2,0.004312721722067924,True
KEGG,3,CARDIAC MUSCLE CONTRACTION,0.0006138781618144919,16,575,75,6576,ATP1A2;CACNA1S;CACNA2D3;CACNB2;CACNG1;CACNG2;CACNG3;CACNG4;CACNG8;COX6A2;COX6B2;MYH6;SLC8A2;SLC8A3;SLC9A7;TRDN,0.006891277429401393,True
KEGG,3,AXON GUIDANCE,0.0007998831945908749,28,575,171,6576,ABLIM2;CAMK2A;CAMK2B;DCC;DPYSL5;EFNA2;EFNA5;EFNB3;EPHA4;EPHA5;EPHA6;EPHA8;FZD9;GNAI1;L1CAM;LRRC4C;PRKCA;PTCH1;ROBO2;SEMA3A;SEMA3E;SEMA5B;TRPC3;TRPC4;TRPC5;UNC5A;UNC5D;WNT4,0.008698729741175765,True
KEGG,3,GAP JUNCTION,0.002367425116000719,15,575,77,6576,ADCY1;DRD1;DRD2;GJD2;GNAI1;GRM1;GRM5;HTR2A;HTR2C;PRKCA;PRKCB;PRKCG;PRKG2;TUBB2B;TUBB3,0.024965573950553037,True
KEGG,3,RAS SIGNALING PATHWAY,0.0038030105729715945,31,575,216,6576,BDNF;CALM3;EFNA2;EFNA5;FGF10;FGF13;FGF16;FGF20;FGF5;FGF9;FLT3;GNB5;GNG13;GNG3;GNG4;GPRIN1;GRIN2A;GRIN2B;KSR2;NTRK1;NTRK2;PLA2G2C;PLA2G4E;PLA2G5;PRKCA;PRKCB;PRKCG;RASGRF1;RASGRF2;SHC3;SHC4,0.03892493174688573,True
KEGG,3,ALDOSTERONE SYNTHESIS AND SECRETION,0.003943791690681381,15,575,81,6576,ADCY1;ATP1A2;ATP2B3;CACNA1S;CALM3;CAMK1G;CAMK2A;CAMK2B;CAMK4;KCNK3;KCNK9;PRKCA;PRKCB;PRKCE;PRKCG,0.03921255738163202,True
KEGG,3,MOTOR PROTEINS,0.00701819192475437,25,575,171,6576,DNAH2;DNAH5;DNAH9;DNAL1;DYNC1I1;KIF17;KIF1A;KIF2B;KIF3C;KIF4B;KIF5A;KIF5C;KIF6;MYH1;MYH15;MYH6;MYH8;MYL1;MYO16;MYO18B;MYO3A;TNNC2;TNNT1;TUBB2B;TUBB3,0.06784252193929224,False
KEGG,3,INFLAMMATORY MEDIATOR REGULATION OF TRP CHANNELS,0.007824916537749112,15,575,87,6576,ADCY1;ASIC2;CALM3;CAMK2A;CAMK2B;HTR2A;HTR2C;MAP2K6;NTRK1;PLA2G4E;PRKCA;PRKCB;PRKCE;PRKCG;PRKCQ,0.07359651230099165,False
KEGG,3,MAPK SIGNALING PATHWAY,0.009440065348384336,37,575,286,6576,BDNF;CACNA1A;CACNA1B;CACNA1E;CACNA1S;CACNA2D3;CACNB2;CACNG1;CACNG2;CACNG3;CACNG4;CACNG8;EFNA2;EFNA5;ERBB4;FGF10;FGF13;FGF16;FGF20;FGF5;FGF9;FLT3;MAP2K6;MAPK8IP2;MAPT;NTRK1;NTRK2;PLA2G4E;PRKCA;PRKCB;PRKCG;PTPN5;PTPRR;RASGRF1;RASGRF2;RPS6KA6;STMN1,0.08593348326644044,False
KEGG,3,MATURITY ONSET DIABETES OF THE YOUNG,0.009630476572963153,6,575,22,6576,IAPP;MAFA;NEUROD1;NKX2-2;NKX6-1;PAX6,0.08593348326644044,False
KEGG,3,CHEMICAL CARCINOGENESIS - RECEPTOR ACTIVATION,0.010741603497845469,23,575,159,6576,ADCY1;CACNA1A;CACNA1B;CACNA1S;CHRNA3;CHRNB2;CHRNB4;DLL3;EPHX4;FGF10;FGF13;FGF16;FGF20;FGF5;FGF9;GNAI1;PAQR8;PRKCA;PRKCB;PRKCG;RPS6KA6;RXRG;TNFSF11,0.09345195043125558,False
KEGG,3,DILATED CARDIOMYOPATHY,0.011396528096387207,16,575,99,6576,ADCY1;CACNA1S;CACNA2D3;CACNB2;CACNG1;CACNG2;CACNG3;CACNG4;CACNG8;CAV3;MYH6;NANOS1;PRKCA;SGCZ;SLC8A2;SLC8A3,0.09673150676933533,False
KEGG,3,ENDOCRINE AND OTHER FACTOR-REGULATED CALCIUM REABSORPTION,0.012363391956889094,9,575,44,6576,ATP1A2;ATP2B3;DNM1;KL;PRKCA;PRKCB;PRKCG;SLC8A2;SLC8A3,0.10243953335708106,False
KEGG,3,GLYCOSAMINOGLYCAN BIOSYNTHESIS - HEPARAN SULFATE / HEPARIN,0.014958168749246346,6,575,24,6576,HS3ST2;HS3ST5;HS6ST2;HS6ST3;NDST3;NDST4,0.1210568075520402,False
KEGG,3,PATHWAYS OF NEURODEGENERATION - MULTIPLE DISEASES,0.018330751384530972,48,575,407,6576,BDNF;CACNA1B;CACNA1S;CALM3;CAMK2A;CAMK2B;CDK5R1;CHRM1;COX6A2;COX6B2;DNAH2;DNAH5;DNAH9;DNAL1;FZD9;GPR37;GPRIN1;GPX6;GRIA1;GRIA2;GRIA3;GRIN2A;GRIN2B;GRM1;GRM5;HAP1;KIF5A;KIF5C;MAP2K6;MAPT;NANOS1;NEFH;NEFL;NOX1;PDYN;PRKCA;PRKCB;PRKCG;RAB39B;SLC6A3;SNCA;SPTBN2;TRPC3;TUBB2B;TUBB3;UCHL1;WNT10A;WNT4,0.1449795791321995,False
KEGG,3,MELANOGENESIS,0.021531784919986318,14,575,89,6576,ADCY1;CALM3;CAMK2A;CAMK2B;DCT;FZD9;GNAI1;GNAO1;LEF1;PRKCA;PRKCB;PRKCG;WNT10A;WNT4,0.16651247004789418,False
KEGG,3,"VIRION - EBOLAVIRUS, LYSSAVIRUS AND MORBILLIVIRUS",0.02667286700928891,3,575,8,6576,CHRNA1;NCAM1;NCAM2,0.20178603737462045,False
KEGG,3,GLYCOSPHINGOLIPID BIOSYNTHESIS - GLOBO AND ISOGLOBO SERIES,0.028497228251504296,4,575,14,6576,A3GALT2;B3GALT5;FUT9;ST8SIA1,0.20870675854609438,False
KEGG,3,PHOSPHOLIPASE D SIGNALING PATHWAY,0.028787139109806122,19,575,137,6576,ADCY1;DGKB;DGKG;DGKI;DGKK;DNM1;GRM1;GRM2;GRM3;GRM4;GRM5;GRM6;GRM7;LPAR4;PLA2G4E;PRKCA;RAPGEF4;SHC3;SHC4,0.20870675854609438,False
KEGG,3,REGULATION OF LIPOLYSIS IN ADIPOCYTES,0.030801474631832585,9,575,51,6576,ADCY1;CHGA;GNAI1;IRS4;NPY;PRKCA;PRKG2;PTGER3;TSHB,0.21875333003832123,False
KEGG,3,HYPERTROPHIC CARDIOMYOPATHY,0.03854632422496243,14,575,96,6576,CACNA1S;CACNA2D3;CACNB2;CACNG1;CACNG2;CACNG3;CACNG4;CACNG8;CAV3;MYH6;NANOS1;SGCZ;SLC8A2;SLC8A3,0.26828241660573854,False
KEGG,3,"GROWTH HORMONE SYNTHESIS, SECRETION AND ACTION",0.04468423115829404,15,575,107,6576,ADCY1;CACNA1S;GHSR;GNAI1;IRS4;MAP2K6;MRAP2;PRKCA;PRKCB;PRKCG;SHC3;SHC4;SST;SSTR2;SSTR3,0.29148445157566916,False
KEGG,3,MANNOSE TYPE O-GLYCAN BIOSYNTHESIS,0.045071973556622964,5,575,23,6576,B3GAT1;B3GAT2;CHST10;FUT9;MGAT5B,0.29148445157566916,False
KEGG,3,TYPE I DIABETES MELLITUS,0.045071973556622964,5,575,23,6576,CD28;GAD1;GAD2;PTPRN;PTPRN2,0.29148445157566916,False
KEGG,3,SALIVARY SECRETION,0.045230345934155564,10,575,63,6576,ADCY1;ADRA1D;ATP1A2;ATP2B3;CALM3;NANOS1;PRKCA;PRKCB;PRKCG;PRKG2,0.29148445157566916,False
KEGG,3,NITROGEN METABOLISM,0.055024651087671135,4,575,17,6576,CA7;CA8;GRID2;PM20D1,0.34815597415471916,False
KEGG,3,CYTOSKELETON IN MUSCLE CELLS,0.05736884436591001,26,575,216,6576,ACTN2;ACTN3;ANK2;ATP1A2;CSRP3;FHL2;FMN2;LMOD3;MYBPC2;MYH1;MYH15;MYH6;MYH8;MYL1;MYOM2;MYOZ2;MYOZ3;MYPN;SGCZ;SPTBN2;TNNC2;TNNT1;TRIM54;TRIM63;XIRP1;XIRP2,0.3565063899881551,False
KEGG,3,CHOLINE METABOLISM IN CANCER,0.060025438392530904,13,575,93,6576,DGKB;DGKG;DGKI;DGKK;PCYT1B;PLA2G4E;PRKCA;PRKCB;PRKCG;SLC44A1;SLC5A7;WASF1;WASF3,0.3664710975543992,False
KEGG,3,RAP1 SIGNALING PATHWAY,0.06181405432594432,24,575,198,6576,ADCY1;CALM3;DRD2;EFNA2;EFNA5;FGF10;FGF13;FGF16;FGF20;FGF5;FGF9;GNAI1;GNAO1;GPRIN1;GRIN2A;GRIN2B;LPAR4;MAP2K6;PFN4;PRKCA;PRKCB;PRKCG;RAP1GAP;RAPGEF4,0.37088432595566595,False
KEGG,3,GLIOMA,0.06988511791247098,10,575,68,6576,CALM3;CAMK1G;CAMK2A;CAMK2B;CAMK4;PRKCA;PRKCB;PRKCG;SHC3;SHC4,0.41220374633118484,False
KEGG,3,"ALANINE, ASPARTATE AND GLUTAMATE METABOLISM",0.07144912590494364,6,575,34,6576,GAD1;GAD2;GRID2;NAT8L;PM20D1;RIMKLA,0.4144049302486731,False
KEGG,3,SPINOCEREBELLAR ATAXIA,0.08351340073095263,17,575,136,6576,CACNA1A;GPRIN1;GRIA1;GRIA2;GRIA3;GRIN2A;GRIN2B;GRIN3A;GRM1;KCND3;PDYN;PRKCA;PRKCB;PRKCG;SLC1A6;SPTBN2;TRPC3,0.4764371058093691,False
KEGG,3,TYPE II DIABETES MELLITUS,0.08513161543796352,7,575,44,6576,CACNA1A;CACNA1B;CACNA1E;IRS4;KCNJ11;MAFA;PRKCE,0.47783551890985976,False
KEGG,3,ESTROGEN SIGNALING PATHWAY,0.08924000834911014,15,575,118,6576,ADCY1;CALM3;GABBR2;GNAI1;GNAO1;GRM1;KCNJ3;KCNJ6;KCNJ9;KRT12;KRT26;KRT9;PRKCA;SHC3;SHC4,0.492944808023656,False
KEGG,3,ERBB SIGNALING PATHWAY,0.1242695442085857,10,575,76,6576,CAMK2A;CAMK2B;ERBB4;NRG2;NRG3;PRKCA;PRKCB;PRKCG;SHC3;SHC4,0.6757156466341847,False
KEGG,3,BUTANOATE METABOLISM,0.13601849531104218,4,575,23,6576,ACSM4;GAD1;GAD2;HMGCLL1,0.7259217974147885,False
KEGG,3,GLYCOSPHINGOLIPID BIOSYNTHESIS - GANGLIO SERIES,0.13767482364763228,3,575,15,6576,ST3GAL5;ST6GALNAC5;ST8SIA1,0.7259217974147885,False
KEGG,3,VASCULAR SMOOTH MUSCLE CONTRACTION,0.14090751500353177,14,575,117,6576,ADCY1;ADRA1D;CACNA1S;CALM3;KCNMB4;NPPC;PLA2G2C;PLA2G4E;PLA2G5;PRKCA;PRKCB;PRKCE;PRKCG;PRKCQ,0.7318778391228218,False
KEGG,3,GNRH SIGNALING PATHWAY,0.15821999847662718,10,575,80,6576,ADCY1;CACNA1S;CALM3;CAMK2A;CAMK2B;CHGA;MAP2K6;PLA2G4E;PRKCA;PRKCB,0.8097141098509744,False
KEGG,3,CUSHING SYNDROME,0.1613827613504853,16,575,140,6576,ADCY1;CACNA1S;CAMK2A;CAMK2B;CRH;CRHR1;CRHR2;FZD9;GNAI1;KCNA4;KCNK3;LEF1;PDE11A;PRKCA;WNT10A;WNT4,0.8139304485502736,False
KEGG,3,RENIN SECRETION,0.17097763495814075,8,575,62,6576,ADCYAP1;ADCYAP1R1;CACNA1S;CALM3;GNAI1;PDE1A;PRKCA;PRKG2,0.8411087681922895,False
KEGG,3,ALDOSTERONE-REGULATED SODIUM REABSORPTION,0.1716055245449786,5,575,34,6576,ATP1A2;NEDD4L;PRKCA;PRKCB;PRKCG,0.8411087681922895,False
KEGG,3,FOLATE BIOSYNTHESIS,0.18133007602482681,3,575,17,6576,TH;TPH1;TPH2,0.8764287007866629,False
KEGG,3,"PARATHYROID HORMONE SYNTHESIS, SECRETION AND ACTION",0.19571932212894724,12,575,104,6576,ADCY1;GNAI1;KL;MMP16;PDE4C;PRKCA;PRKCB;PRKCG;RXRG;TNFSF11;WNK2;WNK3,0.9231159080087573,False
KEGG,3,PHOSPHATIDYLINOSITOL SIGNALING SYSTEM,0.1962947620478392,11,575,94,6576,CALM3;DGKB;DGKG;DGKI;DGKK;ITPKA;MTMR7;PLCZ1;PRKCA;PRKCB;PRKCG,0.9231159080087573,False
KEGG,3,BREAST CANCER,0.19946358858610672,15,575,135,6576,DLL3;FGF10;FGF13;FGF16;FGF20;FGF5;FGF9;FZD9;HES5;LEF1;SHC3;SHC4;TNFSF11;WNT10A;WNT4,0.9255110510395352,False
KEGG,3,GASTRIC CANCER,0.2074077138132943,15,575,136,6576,CTNNA2;FGF10;FGF13;FGF16;FGF20;FGF5;FGF9;FZD9;LEF1;RARB;RXRG;SHC3;SHC4;WNT10A;WNT4,0.9497090053556106,False
KEGG,3,THYROID HORMONE SYNTHESIS,0.21657727419766468,8,575,66,6576,ADCY1;ATP1A2;CHGA;GPX6;PRKCA;PRKCB;PRKCG;TSHB,0.9788167716985364,False
KEGG,3,ETHER LIPID METABOLISM,0.2248530460908605,6,575,47,6576,ENPP6;GDPD1;PLA2G2C;PLA2G4E;PLA2G5;UGT8,0.9933315521928411,False
KEGG,3,MUCIN TYPE O-GLYCAN BIOSYNTHESIS,0.22549767995182313,4,575,28,6576,GALNT14;GALNT17;GALNT9;GALNTL6,0.9933315521928411,False
KEGG,3,CGMP-PKG SIGNALING PATHWAY,0.22853052682952185,16,575,149,6576,ADCY1;ADRA1D;ATP1A2;ATP2B3;CACNA1S;CALM3;GNAI1;IRS4;KCNMB4;MYH6;NPPC;OPRD1;PRKCE;PRKG2;SLC8A2;SLC8A3,0.9941077917084201,False
KEGG,3,AUTOIMMUNE THYROID DISEASE,0.2522208793908383,3,575,20,6576,CD28;CHGA;TSHB,1.0,False
KEGG,3,NON-SMALL CELL LUNG CANCER,0.2534598336880481,8,575,69,6576,ALK;KIF5A;KIF5C;PRKCA;PRKCB;PRKCG;RARB;RXRG,1.0,False
KEGG,3,BACTERIAL INVASION OF EPITHELIAL CELLS,0.2661759786731877,8,575,70,6576,ARHGEF26;CAV3;CTNNA2;DNM1;SEPTIN3;SHC3;SHC4;WASF1,1.0,False
KEGG,3,OTHER TYPES OF O-GLYCAN BIOSYNTHESIS,0.2691547615713911,5,575,40,6576,COLGALT2;GALNT14;GALNT17;GALNT9;GALNTL6,1.0,False
KEGG,3,PARKINSON DISEASE,0.27662949195355657,22,575,219,6576,CALM3;CAMK2A;CAMK2B;COX6A2;COX6B2;DRD1;DRD2;GNAI1;GNAL;GPR37;KIF5A;KIF5C;MAPT;PRKCA;SLC39A12;SLC39A2;SLC6A3;SNCA;TH;TUBB2B;TUBB3;UCHL1,1.0,False
KEGG,3,ARGININE BIOSYNTHESIS,0.2767180107513973,3,575,21,6576,GRID2;NANOS1;PM20D1,1.0,False
KEGG,3,PANCREATIC SECRETION,0.28725450433751104,9,575,82,6576,ADCY1;ATP1A2;ATP2B3;PLA2G2C;PLA2G5;PNLIP;PRKCA;PRKCB;PRKCG,1.0,False
KEGG,3,APELIN SIGNALING PATHWAY,0.2968771034280786,13,575,125,6576,ADCY1;CALM3;CAMK4;GNAI1;GNB5;GNG13;GNG3;GNG4;NANOS1;PRKCA;PRKCE;SLC8A2;SLC8A3,1.0,False
KEGG,3,ALPHA-LINOLENIC ACID METABOLISM,0.3014311110407278,3,575,22,6576,PLA2G2C;PLA2G4E;PLA2G5,1.0,False
KEGG,3,LINOLEIC ACID METABOLISM,0.3014311110407278,3,575,22,6576,PLA2G2C;PLA2G4E;PLA2G5,1.0,False
KEGG,3,RELAXIN SIGNALING PATHWAY,0.3245048976348378,12,575,117,6576,ADCY1;GNAI1;GNAO1;GNB5;GNG13;GNG3;GNG4;NANOS1;PRKCA;RXFP1;SHC3;SHC4,1.0,False
KEGG,3,GLYCOSPHINGOLIPID BIOSYNTHESIS - LACTO AND NEOLACTO SERIES,0.32624300340018075,3,575,23,6576,B3GALT5;FUT9;ST8SIA1,1.0,False
KEGG,3,GLYCEROLIPID METABOLISM,0.34868986491557724,6,575,55,6576,DGKB;DGKG;DGKI;DGKK;PLPP4;PNLIP,1.0,False
KEGG,3,TAURINE AND HYPOTAURINE METABOLISM,0.34970220392783863,2,575,14,6576,GAD1;GAD2,1.0,False
KEGG,3,GLYCEROPHOSPHOLIPID METABOLISM,0.35275100357580863,10,575,98,6576,ACHE;DGKB;DGKG;DGKI;DGKK;PCYT1B;PLA2G2C;PLA2G4E;PLA2G5;PLPP4,1.0,False
KEGG,3,PENTOSE AND GLUCURONATE INTERCONVERSIONS,0.38232180089402407,2,575,15,6576,DHDH;KL,1.0,False
KEGG,3,AMYOTROPHIC LATERAL SCLEROSIS,0.39317143805854443,28,575,301,6576,COX6A2;COX6B2;DNAH2;DNAH5;DNAH9;DNAL1;ERBB4;GPRIN1;GPX6;GRIA1;GRIA2;GRIN2A;GRIN2B;HAP1;KIF5A;KIF5C;MAP2K6;NANOS1;NEFH;NEFL;NRG2;NRG3;PFN4;RAB39B;SLC1A2;TUBB2B;TUBB3;UBQLN3,1.0,False
KEGG,3,VIRAL MYOCARDITIS,0.3934569934147265,5,575,47,6576,CAV3;CD28;MYH6;NANOS1;SGCZ,1.0,False
KEGG,3,OTHER GLYCAN DEGRADATION,0.41421907482333364,2,575,16,6576,NEU2;NEU4,1.0,False
KEGG,3,PHOSPHONATE AND PHOSPHINATE METABOLISM,0.42260109245056127,1,575,6,6576,PCYT1B,1.0,False
KEGG,3,AFRICAN TRYPANOSOMIASIS,0.424463528644385,3,575,27,6576,PRKCA;PRKCB;PRKCG,1.0,False
KEGG,3,OVARIAN STEROIDOGENESIS,0.4280130299514601,4,575,38,6576,ADCY1;CHGA;PLA2G4E;PRKCA,1.0,False
KEGG,3,PROTEIN DIGESTION AND ABSORPTION,0.44144144528322243,8,575,83,6576,ATP1A2;COL19A1;COL20A1;COL25A1;SLC16A10;SLC1A1;SLC8A2;SLC8A3,1.0,False
KEGG,3,BILE SECRETION,0.4611065957181398,6,575,62,6576,ADCY1;AQP4;ATP1A2;KCNN2;PRKCA;SLC10A2,1.0,False
KEGG,3,BETA-ALANINE METABOLISM,0.47180582600229143,3,575,29,6576,CNDP1;GAD1;GAD2,1.0,False
KEGG,3,FC GAMMA R-MEDIATED PHAGOCYTOSIS,0.4821512918194989,8,575,86,6576,AMPH;PLA2G4E;PRKCA;PRKCB;PRKCE;PRKCG;WASF1;WASF3,1.0,False
KEGG,3,TRANSCRIPTIONAL MISREGULATION IN CANCER,0.4908981572095522,14,575,155,6576,ARNT2;BCL11B;ETV1;FLT3;GRIA3;HOXA9;MLF1;MLLT3;NTRK1;PAX7;PBX3;RXRG;TLX1;TLX3,1.0,False
KEGG,3,CORTISOL SYNTHESIS AND SECRETION,0.5160018272460031,5,575,54,6576,ADCY1;CACNA1S;KCNA4;KCNK3;PRKCA,1.0,False
KEGG,3,NEUROTROPHIN SIGNALING PATHWAY,0.5213955687858398,10,575,112,6576,BDNF;CALM3;CAMK2A;CAMK2B;CAMK4;NTRK1;NTRK2;RPS6KA6;SHC3;SHC4,1.0,False
KEGG,3,SYSTEMIC LUPUS ERYTHEMATOSUS,0.5445650325096981,4,575,44,6576,CD28;GRIN2A;GRIN2B;MACROH2A2,1.0,False
KEGG,3,THYROID HORMONE SIGNALING PATHWAY,0.5446738666298745,10,575,114,6576,ATP1A2;MYH6;PLCZ1;PRKCA;PRKCB;PRKCG;RXRG;SLC16A10;SLCO1C1;WNT4,1.0,False
KEGG,3,MELANOMA,0.553390349809807,6,575,68,6576,FGF10;FGF13;FGF16;FGF20;FGF5;FGF9,1.0,False
KEGG,3,PROXIMAL TUBULE BICARBONATE RECLAMATION,0.5594307025429555,2,575,21,6576,ATP1A2;GRID2,1.0,False
KEGG,3,ADIPOCYTOKINE SIGNALING PATHWAY,0.568081258216724,6,575,69,6576,ACSL6;CPT1C;IRS4;NPY;PRKCQ;RXRG,1.0,False
KEGG,3,ARACHIDONIC ACID METABOLISM,0.580644630278556,4,575,46,6576,CYP2U1;PLA2G2C;PLA2G4E;PLA2G5,1.0,False
KEGG,3,HUNTINGTON DISEASE,0.5835057973164275,22,575,258,6576,BDNF;CACNA1B;COX6A2;COX6B2;DNAH2;DNAH5;DNAH9;DNAL1;GPRIN1;GPX6;GRIA1;GRIA2;GRIA3;GRIN2B;GRM5;HAP1;KCNJ10;KIF5A;KIF5C;SLC1A2;TUBB2B;TUBB3,1.0,False
KEGG,3,PHOTOTRANSDUCTION,0.5852306616931786,2,575,22,6576,CALM3;GUCY2D,1.0,False
KEGG,3,MINERAL ABSORPTION,0.5980574337077493,4,575,47,6576,ATP1A2;ATP2B3;SLC8A2;SLC8A3,1.0,False
KEGG,3,LEUKOCYTE TRANSENDOTHELIAL MIGRATION,0.5994825737067401,9,575,107,6576,CLDN19;CTNNA2;GNAI1;PRKCA;PRKCB;PRKCG;RAPGEF4;RHOH;TXK,1.0,False
KEGG,3,NATURAL KILLER CELL MEDIATED CYTOTOXICITY,0.6106826612016234,6,575,72,6576,PRKCA;PRKCB;PRKCG;SH2D1A;SHC3;SHC4,1.0,False
KEGG,3,FATTY ACID DEGRADATION,0.6209409512187753,3,575,36,6576,ACSL6;CPT1C;CYP2U1,1.0,False
KEGG,3,THYROID CANCER,0.6209409512187753,3,575,36,6576,LEF1;NTRK1;RXRG,1.0,False
KEGG,3,BASAL CELL CARCINOMA,0.6269682463007298,5,575,61,6576,FZD9;LEF1;PTCH1;WNT10A;WNT4,1.0,False
KEGG,3,SPHINGOLIPID METABOLISM,0.6315520767059414,4,575,49,6576,CERS1;NEU2;NEU4;UGT8,1.0,False
KEGG,3,THIAMINE METABOLISM,0.6347992879283979,1,575,11,6576,AK5,1.0,False
KEGG,3,PURINE METABOLISM,0.6548842296904427,9,575,112,6576,ADCY1;AK5;ALLC;GUCY2D;NT5C1A;PDE11A;PDE1A;PDE4C;PDE9A,1.0,False
KEGG,3,PROLACTIN SIGNALING PATHWAY,0.6557092613474339,5,575,63,6576,CHGA;SHC3;SHC4;TH;TNFSF11,1.0,False
KEGG,3,CARBOHYDRATE DIGESTION AND ABSORPTION,0.6753858206985106,3,575,39,6576,ATP1A2;LCT;PRKCB,1.0,False
KEGG,3,TRYPTOPHAN METABOLISM,0.6753858206985106,3,575,39,6576,AANAT;TPH1;TPH2,1.0,False
KEGG,3,SPHINGOLIPID SIGNALING PATHWAY,0.6757746917940877,9,575,114,6576,CERS1;GNAI1;OPRD1;PPP2R2B;PPP2R2C;PRKCA;PRKCB;PRKCE;PRKCG,1.0,False
KEGG,3,VITAMIN DIGESTION AND ABSORPTION,0.677135109619291,2,575,26,6576,PNLIP;RIMBP2,1.0,False
KEGG,3,CHAGAS DISEASE,0.6828712965630763,7,575,90,6576,ADCY1;CD3D;GNAI1;GNAL;GNAO1;PPP2R2B;PPP2R2C,1.0,False
KEGG,3,GLYCOSAMINOGLYCAN BIOSYNTHESIS - KERATAN SULFATE,0.6959748941714209,1,575,13,6576,CHST1,1.0,False
KEGG,3,VIRION - LASSA VIRUS AND SFTS VIRUS,0.6959748941714209,1,575,13,6576,PCDH9,1.0,False
KEGG,3,SIGNALING PATHWAYS REGULATING PLURIPOTENCY OF STEM CELLS,0.7021484431663546,10,575,129,6576,FGF13;FZD9;HAND1;ISL1;LHX5;PAX6;SOX2;WNT10A;WNT4;ZIC3,1.0,False
KEGG,3,FAT DIGESTION AND ABSORPTION,0.7083500931958095,3,575,41,6576,PLA2G2C;PLA2G5;PNLIP,1.0,False
KEGG,3,VARIOUS TYPES OF N-GLYCAN BIOSYNTHESIS,0.7083500931958095,3,575,41,6576,B4GALNT4;CHST8;MGAT4C,1.0,False
KEGG,3,VASOPRESSIN-REGULATED WATER REABSORPTION,0.7083500931958095,3,575,41,6576,AQP4;DYNC1I1;PRKCA,1.0,False
KEGG,3,WNT SIGNALING PATHWAY,0.7141168418739975,12,575,155,6576,CAMK2A;CAMK2B;CTNNBIP1;CTNND2;FZD9;LEF1;PRKCA;PRKCB;PRKCG;RSPO2;WNT10A;WNT4,1.0,False
KEGG,3,PI3K-AKT SIGNALING PATHWAY,0.7160421382537587,25,575,313,6576,BDNF;CHRM1;CHRM2;EFNA2;EFNA5;EIF4E1B;ERBB4;FGF10;FGF13;FGF16;FGF20;FGF5;FGF9;FLT3;GNB5;GNG13;GNG3;GNG4;LPAR4;NTRK1;NTRK2;PPP2R2B;PPP2R2C;PRKCA;TNR,1.0,False
KEGG,3,VEGF SIGNALING PATHWAY,0.7207830280481193,4,575,55,6576,PLA2G4E;PRKCA;PRKCB;PRKCG,1.0,False
KEGG,3,ASCORBATE AND ALDARATE METABOLISM,0.7226112549593888,1,575,14,6576,KL,1.0,False
KEGG,3,GRAFT-VERSUS-HOST DISEASE,0.7226112549593888,1,575,14,6576,CD28,1.0,False
KEGG,3,EFFEROCYTOSIS,0.7254346781633751,11,575,144,6576,ADGRB1;ANO3;ANO4;CAMK2A;CAMK2B;CPT1C;MEGF10;MEGF11;XKR4;XKR6;XKR7,1.0,False
KEGG,3,HUMAN IMMUNODEFICIENCY VIRUS 1 INFECTION,0.7354114951100736,13,575,170,6576,AP1S3;CALM3;CD3D;GNAI1;GNAO1;GNB5;GNG13;GNG3;GNG4;MAP2K6;PRKCA;PRKCB;PRKCG,1.0,False
KEGG,3,LONGEVITY REGULATING PATHWAY,0.7448411640401498,6,575,83,6576,ADCY1;CAMK4;EIF4E1B;IRS4;KL;PRKCA,1.0,False
KEGG,3,OOCYTE MEIOSIS,0.7486029451587226,8,575,109,6576,ADCY1;CALM3;CAMK2A;CAMK2B;CPEB1;PLCZ1;PRKCA;RPS6KA6,1.0,False
KEGG,3,TYROSINE METABOLISM,0.7517592070892429,2,575,30,6576,DCT;TH,1.0,False
KEGG,3,HIPPO SIGNALING PATHWAY,0.7578449195329974,11,575,148,6576,CRB1;CTNNA2;FZD9;LEF1;MPP3;PPP2R2B;PPP2R2C;SOX2;WNT10A;WNT4;WWC1,1.0,False
KEGG,3,PROTEOGLYCANS IN CANCER,0.7684455350121501,14,575,187,6576,ANK1;ANK2;CAMK2A;CAMK2B;CAV3;ERBB4;FGF13;FZD9;PRKCA;PRKCB;PRKCG;PTCH1;WNT10A;WNT4,1.0,False
KEGG,3,FATTY ACID BIOSYNTHESIS,0.769097549182963,1,575,16,6576,ACSL6,1.0,False
KEGG,3,PRIMARY BILE ACID BIOSYNTHESIS,0.769097549182963,1,575,16,6576,CYP46A1,1.0,False
KEGG,3,MICRORNAS IN CANCER,0.7803726965174989,11,575,151,6576,EFNA2;EFNA5;FZD9;MMP16;PRKCA;PRKCB;PRKCE;PRKCG;SHC4;STMN1;TNR,1.0,False
KEGG,3,CHEMOKINE SIGNALING PATHWAY,0.7875426994366699,11,575,152,6576,ADCY1;GNAI1;GNB5;GNG13;GNG3;GNG4;GRK4;PRKCA;PRKCB;SHC3;SHC4,1.0,False
KEGG,3,ALLOGRAFT REJECTION,0.7893367121737858,1,575,17,6576,CD28,1.0,False
KEGG,3,ASTHMA,0.7893367121737858,1,575,17,6576,PLPPR3,1.0,False
KEGG,3,RETINOL METABOLISM,0.7975341012197521,2,575,33,6576,CYP26A1;RPE65,1.0,False
KEGG,3,NICOTINATE AND NICOTINAMIDE METABOLISM,0.8110455694545242,2,575,34,6576,NMNAT2;NT5C1A,1.0,False
KEGG,3,AMOEBIASIS,0.8154487405664916,5,575,77,6576,ADCY1;GNAL;PRKCA;PRKCB;PRKCG,1.0,False
KEGG,3,PRION DISEASE,0.8165624221167973,16,575,220,6576,CACNA1B;CACNA1S;CAV3;COX6A2;COX6B2;GPRIN1;GRIN2A;GRIN2B;GRIN3A;KIF5A;KIF5C;NCAM1;NCAM2;PRKCA;TUBB2B;TUBB3,1.0,False
KEGG,3,PATHWAYS IN CANCER,0.8168238151333723,36,575,467,6576,ADCY1;ALK;ARNT2;BIRC7;CALM3;CAMK2A;CAMK2B;CTNNA2;DCC;DLL3;FGF10;FGF13;FGF16;FGF20;FGF5;FGF9;FLT3;FZD9;GNAI1;GNB5;GNG13;GNG3;GNG4;HES5;LEF1;LPAR4;NTRK1;PRKCA;PRKCB;PRKCG;PTCH1;PTGER3;RARB;RXRG;WNT10A;WNT4,1.0,False
KEGG,3,HISTIDINE METABOLISM,0.8246562047709014,1,575,19,6576,CNDP1,1.0,False
KEGG,3,LIPOIC ACID METABOLISM,0.8246562047709014,1,575,19,6576,OGDHL,1.0,False
KEGG,3,HUMAN CYTOMEGALOVIRUS INFECTION,0.8284031464110609,13,575,184,6576,ADCY1;CALM3;GNAI1;GNAO1;GNB5;GNG13;GNG3;GNG4;MAP2K6;PRKCA;PRKCB;PRKCG;PTGER3,1.0,False
KEGG,3,PPAR SIGNALING PATHWAY,0.8322071589491684,4,575,65,6576,ACSL6;CPT1C;FABP7;RXRG,1.0,False
KEGG,3,HEPATOCELLULAR CARCINOMA,0.8332315646141323,10,575,146,6576,ACTL6B;FZD9;LEF1;PRKCA;PRKCB;PRKCG;SHC3;SHC4;WNT10A;WNT4,1.0,False
KEGG,3,ALZHEIMER DISEASE,0.8349230412230114,24,575,324,6576,CACNA1S;CALM3;CDK5R1;CHRM1;COX6A2;COX6B2;FZD9;GPRIN1;GRIN2A;GRIN2B;GRM5;IRS4;KIF5A;KIF5C;MAPT;NANOS1;NOX1;SLC39A12;SLC39A2;SNCA;TUBB2B;TUBB3;WNT10A;WNT4,1.0,False
KEGG,3,HEDGEHOG SIGNALING PATHWAY,0.8356143835542407,3,575,51,6576,HHATL;PRKCA;PTCH1,1.0,False
KEGG,3,STAPHYLOCOCCUS AUREUS INFECTION,0.8356143835542407,3,575,51,6576,KRT12;KRT26;KRT9,1.0,False
KEGG,3,FERROPTOSIS,0.835676950993903,2,575,36,6576,ACSL6;FTMT,1.0,False
KEGG,3,PANTOTHENATE AND COA BIOSYNTHESIS,0.8400325479547861,1,575,20,6576,PANK1,1.0,False
KEGG,3,RENIN-ANGIOTENSIN SYSTEM,0.8400325479547861,1,575,20,6576,MRGPRD,1.0,False
KEGG,3,PD-L1 EXPRESSION AND PD-1 CHECKPOINT PATHWAY IN CANCER,0.8482795871172507,5,575,81,6576,ALK;CD28;CD3D;MAP2K6;PRKCQ,1.0,False
KEGG,3,ECM-RECEPTOR INTERACTION,0.8627945684347155,5,575,83,6576,FREM2;SV2A;SV2B;SV2C;TNR,1.0,False
KEGG,3,LONGEVITY REGULATING PATHWAY - MULTIPLE SPECIES,0.8630459049948438,3,575,54,6576,ADCY1;IRS4;PRKCA,1.0,False
KEGG,3,BIOSYNTHESIS OF UNSATURATED FATTY ACIDS,0.8668641630126251,1,575,22,6576,ELOVL4,1.0,False
KEGG,3,PROGESTERONE-MEDIATED OOCYTE MATURATION,0.8696046093768498,5,575,84,6576,ADCY1;CPEB1;GNAI1;PRKCA;RPS6KA6,1.0,False
KEGG,3,HIF-1 SIGNALING PATHWAY,0.8752590159950435,6,575,99,6576,CAMK2A;CAMK2B;EIF4E1B;PRKCA;PRKCB;PRKCG,1.0,False
KEGG,3,ABC TRANSPORTERS,0.8764186846583224,2,575,40,6576,ABCD2;ABCG4,1.0,False
KEGG,3,NEUTROPHIL EXTRACELLULAR TRAP FORMATION,0.8867617442004827,6,575,101,6576,CLCN3;CLCN4;MACROH2A2;PRKCA;PRKCB;PRKCG,1.0,False
KEGG,3,FATTY ACID ELONGATION,0.8989253609440875,1,575,25,6576,ELOVL4,1.0,False
KEGG,3,ARGININE AND PROLINE METABOLISM,0.9076649123277312,2,575,44,6576,CNDP1;NANOS1,1.0,False
KEGG,3,GALACTOSE METABOLISM,0.9077969709970793,1,575,26,6576,LCT,1.0,False
KEGG,3,MTOR SIGNALING PATHWAY,0.9103172042701538,9,575,148,6576,EIF4E1B;FZD9;PRKCA;PRKCB;PRKCG;RPS6KA6;RRAGD;WNT10A;WNT4,1.0,False
KEGG,3,FC EPSILON RI SIGNALING PATHWAY,0.9119416968594625,3,575,61,6576,MAP2K6;PLA2G4E;PRKCA,1.0,False
KEGG,3,VIBRIO CHOLERAE INFECTION,0.914232287345222,2,575,45,6576,PRKCA;SEC61A2,1.0,False
KEGG,3,INOSITOL PHOSPHATE METABOLISM,0.9144899711106205,4,575,77,6576,INPP5J;ITPKA;MTMR7;PLCZ1,1.0,False
KEGG,3,HIPPO SIGNALING PATHWAY - MULTIPLE SPECIES,0.915891130031687,1,575,27,6576,WWC1,1.0,False
KEGG,3,GLUCAGON SIGNALING PATHWAY,0.9189727860139243,5,575,93,6576,CALM3;CAMK2A;CAMK2B;CPT1C;PRKCA,1.0,False
KEGG,3,CITRATE CYCLE (TCA CYCLE),0.9232758605602837,1,575,28,6576,OGDHL,1.0,False
KEGG,3,PORPHYRIN METABOLISM,0.9232758605602837,1,575,28,6576,FTMT,1.0,False
KEGG,3,PROTEIN EXPORT,0.9232758605602837,1,575,28,6576,SEC61A2,1.0,False
KEGG,3,PEROXISOME,0.9283974083346661,4,575,80,6576,ABCD2;ACSL6;HMGCLL1;PEX5L,1.0,False
KEGG,3,APOPTOSIS - MULTIPLE SPECIES,0.9300132429942845,1,575,29,6576,BIRC7,1.0,False
KEGG,3,INTESTINAL IMMUNE NETWORK FOR IGA PRODUCTION,0.9300132429942845,1,575,29,6576,CD28,1.0,False
KEGG,3,REGULATION OF ACTIN CYTOSKELETON,0.930485278895759,13,575,209,6576,CHRM1;CHRM2;CHRM4;FGF10;FGF13;FGF16;FGF20;FGF5;FGF9;LPAR4;PFN4;TMSB4Y;WASF1,1.0,False
KEGG,3,VIRAL LIFE CYCLE - HIV-1,0.9313992721747758,2,575,48,6576,MAP1B;MLLT3,1.0,False
KEGG,3,OSTEOCLAST DIFFERENTIATION,0.9316578442007669,6,575,111,6576,CALCR;CAMK4;FHL2;MAP2K6;NOX1;TNFSF11,1.0,False
KEGG,3,METABOLISM OF XENOBIOTICS BY CYTOCHROME P450,0.9361599338875617,1,575,30,6576,DHDH,1.0,False
KEGG,3,N-GLYCAN BIOSYNTHESIS,0.9409812668424922,2,575,50,6576,MGAT4C;MGAT5B,1.0,False
KEGG,3,PRIMARY IMMUNODEFICIENCY,0.9417676390532586,1,575,31,6576,CD3D,1.0,False
KEGG,3,SNARE INTERACTIONS IN VESICULAR TRANSPORT,0.9417676390532586,1,575,31,6576,STX1B,1.0,False
KEGG,3,CIRCADIAN RHYTHM,0.9468835454771511,1,575,32,6576,RORB,1.0,False
KEGG,3,ENDOCYTOSIS,0.9495767317389502,13,575,217,6576,AMPH;CAV3;DNAJC6;DNM1;GRK4;IQSEC3;KIF5A;KIF5C;NEDD4L;PSD2;RAB11FIP4;SH3GL2;SH3GL3,1.0,False
KEGG,3,CORNIFIED ENVELOPE FORMATION,0.9558275669618839,8,575,149,6576,CLDN19;ELOVL4;KRT12;KRT26;KRT73;KRT9;PPP2R2B;PPP2R2C,1.0,False
KEGG,3,ADHERENS JUNCTION,0.956065418752444,4,575,88,6576,CTNNA2;LEF1;WASF1;WASF3,1.0,False
KEGG,3,ENDOMETRIAL CANCER,0.9564650032073425,2,575,54,6576,CTNNA2;LEF1,1.0,False
KEGG,3,NOTCH SIGNALING PATHWAY,0.959680536208946,2,575,55,6576,DLL3;HES5,1.0,False
KEGG,3,KAPOSI SARCOMA-ASSOCIATED HERPESVIRUS INFECTION,0.9638476054897466,8,575,153,6576,CALM3;FGF13;GNB5;GNG13;GNG3;GNG4;LEF1;MAP2K6,1.0,False
KEGG,3,LYSINE DEGRADATION,0.9654421408519832,2,575,57,6576,COLGALT2;SMYD1,1.0,False
KEGG,3,NECROPTOSIS,0.9675168780464679,5,575,109,6576,CAMK2A;CAMK2B;GRID2;MACROH2A2;PLA2G4E,1.0,False
KEGG,3,T CELL RECEPTOR SIGNALING PATHWAY,0.9675168780464679,5,575,109,6576,CD28;CD3D;PPP2R2B;PPP2R2C;PRKCQ,1.0,False
KEGG,3,LEISHMANIASIS,0.9680177804496214,2,575,58,6576,EEF1A2;PRKCB,1.0,False
KEGG,3,TOXOPLASMOSIS,0.9699341229496539,4,575,94,6576,BIRC7;GNAI1;GNAO1;MAP2K6,1.0,False
KEGG,3,PERTUSSIS,0.9704082088171154,2,575,59,6576,CALM3;GNAI1,1.0,False
KEGG,3,SALMONELLA INFECTION,0.971265502321798,12,575,216,6576,ARHGEF26;DYNC1I1;KIF5A;KIF5C;LEF1;MAP2K6;PFN4;RAB9B;RHOH;TUBB2B;TUBB3;WASF3,1.0,False
KEGG,3,INSULIN SIGNALING PATHWAY,0.9714524818929021,6,575,127,6576,CALM3;EIF4E1B;IRS4;PRKCA;SHC3;SHC4,1.0,False
KEGG,3,AGE-RAGE SIGNALING PATHWAY IN DIABETIC COMPLICATIONS,0.9718039460220821,4,575,95,6576,NOX1;PRKCA;PRKCB;PRKCE,1.0,False
KEGG,3,TH1 AND TH2 CELL DIFFERENTIATION,0.9738908844385411,3,575,79,6576,CD3D;DLL3;PRKCQ,1.0,False
KEGG,3,VIRION - HEPATITIS VIRUSES,0.974560051030071,1,575,40,6576,CLDN19,1.0,False
KEGG,3,ACUTE MYELOID LEUKEMIA,0.9765905916277352,2,575,62,6576,FLT3;LEF1,1.0,False
KEGG,3,CENTRAL CARBON METABOLISM IN CANCER,0.9765905916277352,2,575,62,6576,FLT3;NTRK1,1.0,False
KEGG,3,PHAGOSOME,0.9773820918978476,5,575,115,6576,DYNC1I1;NANOS1;SEC61A2;TUBB2B;TUBB3,1.0,False
KEGG,3,PLATELET ACTIVATION,0.9787256421129501,5,575,116,6576,ADCY1;GNAI1;PLA2G4E;PRKCA;PRKG2,1.0,False
KEGG,3,LEGIONELLOSIS,0.9788395946919354,1,575,42,6576,EEF1A2,1.0,False
KEGG,3,DIABETIC CARDIOMYOPATHY,0.9795847193724786,8,575,164,6576,CAMK2A;CAMK2B;COX6A2;COX6B2;PDK3;PRKCA;PRKCB;PRKCG,1.0,False
KEGG,3,TIGHT JUNCTION,0.9800612137543835,7,575,149,6576,CLDN19;MPP3;NEDD4L;PPP2R2B;PPP2R2C;PRKCA;PRKCE,1.0,False
KEGG,3,PROTEASOME,0.9807017362671018,1,575,43,6576,PSMB11,1.0,False
KEGG,3,HEMATOPOIETIC CELL LINEAGE,0.9815155516006782,2,575,65,6576,CD3D;FLT3,1.0,False
KEGG,3,P53 SIGNALING PATHWAY,0.9815155516006782,2,575,65,6576,ADGRB1;RPRM,1.0,False
KEGG,3,INSULIN RESISTANCE,0.9821430696895255,4,575,102,6576,PRKCB;PRKCE;PRKCQ;RPS6KA6,1.0,False
KEGG,3,FLUID SHEAR STRESS AND ATHEROSCLEROSIS,0.9823224629145082,5,575,119,6576,CALM3;CAV3;MAP2K6;NOX1;NPPC,1.0,False
KEGG,3,GLUTATHIONE METABOLISM,0.9824002670563895,1,575,44,6576,GPX6,1.0,False
KEGG,3,"VALINE, LEUCINE AND ISOLEUCINE DEGRADATION",0.9839495393225524,1,575,45,6576,HMGCLL1,1.0,False
KEGG,3,RHEUMATOID ARTHRITIS,0.9842238883058753,2,575,67,6576,CD28;TNFSF11,1.0,False
KEGG,3,THERMOGENESIS,0.9849213244071655,9,575,185,6576,ACSL6;ACTL6B;ADCY1;COX6A2;COX6B2;CPT1C;PRKCA;PRKG2;RPS6KA6,1.0,False
KEGG,3,SMALL CELL LUNG CANCER,0.9852225442299152,3,575,87,6576,BIRC7;RARB;RXRG,1.0,False
KEGG,3,NF-KAPPA B SIGNALING PATHWAY,0.9872117902357364,3,575,89,6576,PRKCB;PRKCQ;TNFSF11,1.0,False
KEGG,3,CHRONIC MYELOID LEUKEMIA,0.9894163683562573,2,575,72,6576,SHC3;SHC4,1.0,False
KEGG,3,TH17 CELL DIFFERENTIATION,0.989721283461813,3,575,92,6576,CD3D;PRKCQ;RXRG,1.0,False
KEGG,3,PYRIMIDINE METABOLISM,0.9907691608996465,1,575,51,6576,NT5C1A,1.0,False
KEGG,3,AMPK SIGNALING PATHWAY,0.9920558945524622,4,575,114,6576,CPT1C;IRS4;PPP2R2B;PPP2R2C,1.0,False
KEGG,3,PROSTATE CANCER,0.9928862991886742,3,575,97,6576,GRM1;GRM5;LEF1,1.0,False
KEGG,3,LIPID AND ATHEROSCLEROSIS,0.9944396389447687,7,575,171,6576,CALM3;CAMK2A;CAMK2B;MAP2K6;NOX1;PRKCA;RXRG,1.0,False
KEGG,3,MRNA SURVEILLANCE PATHWAY,0.9944580603831332,2,575,80,6576,PPP2R2B;PPP2R2C,1.0,False
KEGG,3,FOCAL ADHESION,0.99464995241897,8,575,188,6576,CAV3;PRKCA;PRKCB;PRKCG;RASGRF1;SHC3;SHC4;TNR,1.0,False
KEGG,3,COLORECTAL CANCER,0.9948919048715755,2,575,81,6576,DCC;LEF1,1.0,False
KEGG,3,MEASLES,0.9960893954726948,3,575,105,6576,CD28;CD3D;RAB9B,1.0,False
KEGG,3,RENAL CELL CARCINOMA,0.9969517292868018,1,575,63,6576,ARNT2,1.0,False
KEGG,3,ALCOHOLIC LIVER DISEASE,0.9973238712457082,3,575,110,6576,CPT1C;LEF1;MAP2K6,1.0,False
KEGG,3,AUTOPHAGY - ANIMAL,0.9975068179801055,5,575,149,6576,IRS4;PRKCA;PRKCQ;RAB39B;RRAGD,1.0,False
KEGG,3,B CELL RECEPTOR SIGNALING PATHWAY,0.9976900025387145,1,575,66,6576,PRKCB,1.0,False
KEGG,3,RIBOSOME BIOGENESIS IN EUKARYOTES,0.9976900025387145,1,575,66,6576,FBLL1,1.0,False
KEGG,3,UBIQUITIN MEDIATED PROTEOLYSIS,0.9979205703070462,4,575,133,6576,BIRC7;NEDD4L;NHLRC1;UBE2QL1,1.0,False
KEGG,3,PATHOGENIC ESCHERICHIA COLI INFECTION,0.9979778236315189,6,575,170,6576,CLDN19;LPAR4;TUBB2B;TUBB3;WASF1;WASF3,1.0,False
KEGG,3,HEPATITIS B,0.9982006063342448,4,575,135,6576,MAP2K6;PRKCA;PRKCB;PRKCG,1.0,False
KEGG,3,ATP-DEPENDENT CHROMATIN REMODELING,0.9982498294054277,2,575,94,6576,ACTL6B;MACROH2A2,1.0,False
KEGG,3,SHIGELLOSIS,0.9985733151695019,8,575,210,6576,ERC2;PFN4;PLCZ1;PRKCE;PRKCQ;RRAGD;SEPTIN3;WASF1,1.0,False
KEGG,3,OXIDATIVE PHOSPHORYLATION,0.9986368223527001,2,575,97,6576,COX6A2;COX6B2,1.0,False
KEGG,3,PROTEIN PROCESSING IN ENDOPLASMIC RETICULUM,0.9988329165440892,5,575,160,6576,DNAJC5B;DNAJC5G;SEC61A2;TRAM1L1;UBQLN3,1.0,False
KEGG,3,FOXO SIGNALING PATHWAY,0.9989390997603294,3,575,122,6576,FOXG1;GRM1;IRS4,1.0,False
KEGG,3,TGF-BETA SIGNALING PATHWAY,0.998939215263209,2,575,100,6576,HJV;NOG,1.0,False
KEGG,3,IL-17 SIGNALING PATHWAY,0.9990843748632136,1,575,76,6576,MAPK4,1.0,False
KEGG,3,HEPATITIS C,0.9992239492215599,3,575,126,6576,CLDN19;PPP2R2B;PPP2R2C,1.0,False
KEGG,3,TOLL-LIKE RECEPTOR SIGNALING PATHWAY,0.9993679102035536,1,575,80,6576,MAP2K6,1.0,False
KEGG,3,NUCLEOCYTOPLASMIC TRANSPORT,0.9996376105016009,1,575,86,6576,EEF1A2,1.0,False
KEGG,3,TUBERCULOSIS,0.9996747192629479,3,575,137,6576,CALM3;CAMK2A;CAMK2B,1.0,False
KEGG,3,CORONAVIRUS DISEASE - COVID-19,0.9996965199183765,4,575,159,6576,PRKCA;PRKCB;PRKCG;RPL3L,1.0,False
KEGG,3,CELLULAR SENESCENCE,0.9996996413397808,3,575,138,6576,CALM3;HIPK4;MAP2K6,1.0,False
KEGG,3,APOPTOSIS,0.9997254186466703,2,575,116,6576,HRK;NTRK1,1.0,False
KEGG,3,INFLUENZA A,0.9997254186466703,2,575,116,6576,PRKCA;PRKCB,1.0,False
KEGG,3,YERSINIA INFECTION,0.9997873833382854,2,575,119,6576,MAP2K6;RPS6KA6,1.0,False
KEGG,3,MITOPHAGY - ANIMAL,0.9997923469651113,1,575,92,6576,TOMM20L,1.0,False
KEGG,3,LYSOSOME,0.9998047876813262,2,575,120,6576,AP1S3;AP3B2,1.0,False
KEGG,3,C-TYPE LECTIN RECEPTOR SIGNALING PATHWAY,0.9998428437433092,1,575,95,6576,CALM3,1.0,False
KEGG,3,CHEMICAL CARCINOGENESIS - REACTIVE OXYGEN SPECIES,0.9998786518643573,4,575,171,6576,COX6A2;COX6B2;EPHX4;NOX1,1.0,False
KEGG,3,RIBOSOME,0.9998832367442508,2,575,126,6576,DLGAP3;RPL3L,1.0,False
KEGG,3,HUMAN PAPILLOMAVIRUS INFECTION,0.9999026757167474,10,575,287,6576,FZD9;HES5;HES7;MPP3;PPP2R2B;PPP2R2C;PRKCA;TNR;WNT10A;WNT4,1.0,False
KEGG,3,NON-ALCOHOLIC FATTY LIVER DISEASE,0.9999547772956305,2,575,137,6576,COX6A2;COX6B2,1.0,False
KEGG,3,TNF SIGNALING PATHWAY,0.9999572577855937,1,575,109,6576,MAP2K6,1.0,False
KEGG,3,INTEGRIN SIGNALING,0.9999731294610298,2,575,143,6576,FREM2;TNR,1.0,False
KEGG,3,JAK-STAT SIGNALING PATHWAY,0.9999884096102284,1,575,123,6576,GFAP,1.0,False
KEGG,3,CYTOKINE-CYTOKINE RECEPTOR INTERACTION,0.9999909386610116,4,575,204,6576,BMP3;CERS1;MSTN;TNFSF11,1.0,False
KEGG,3,NOD-LIKE RECEPTOR SIGNALING PATHWAY,0.9999912404451806,1,575,126,6576,ATL1,1.0,False
KEGG,3,EPSTEIN-BARR VIRUS INFECTION,0.99999391903291,2,575,160,6576,CD3D;MAP2K6,1.0,False
KEGG,3,HUMAN T-CELL LEUKEMIA VIRUS 1 INFECTION,0.9999972365688896,3,575,195,6576,ADCY1;CD3D;PRKCA,1.0,False
KEGG,3,VIRAL CARCINOGENESIS,0.999999230893621,1,575,152,6576,PRKCA,1.0,False
KEGG,3,AMINO SUGAR AND NUCLEOTIDE SUGAR METABOLISM,1.0,0,575,35,6576,,1.0,False
KEGG,3,AMINOACYL-TRNA BIOSYNTHESIS,1.0,0,575,27,6576,,1.0,False
KEGG,3,ANTIGEN PROCESSING AND PRESENTATION,1.0,0,575,38,6576,,1.0,False
KEGG,3,AUTOPHAGY - OTHER,1.0,0,575,30,6576,,1.0,False
KEGG,3,BASAL TRANSCRIPTION FACTORS,1.0,0,575,36,6576,,1.0,False
KEGG,3,BASE EXCISION REPAIR,1.0,0,575,40,6576,,1.0,False
KEGG,3,BIOSYNTHESIS OF VARIOUS NUCLEOTIDE SUGARS,1.0,0,575,19,6576,,1.0,False
KEGG,3,BLADDER CANCER,1.0,0,575,37,6576,,1.0,False
KEGG,3,CELL CYCLE,1.0,0,575,149,6576,,1.0,False
KEGG,3,CHEMICAL CARCINOGENESIS - DNA ADDUCTS,1.0,0,575,24,6576,,1.0,False
KEGG,3,CHOLESTEROL METABOLISM,1.0,0,575,46,6576,,1.0,False
KEGG,3,COBALAMIN TRANSPORT AND METABOLISM,1.0,0,575,17,6576,,1.0,False
KEGG,3,COLLECTING DUCT ACID SECRETION,1.0,0,575,25,6576,,1.0,False
KEGG,3,COMPLEMENT AND COAGULATION CASCADES,1.0,0,575,59,6576,,1.0,False
KEGG,3,CYSTEINE AND METHIONINE METABOLISM,1.0,0,575,46,6576,,1.0,False
KEGG,3,CYTOSOLIC DNA-SENSING PATHWAY,1.0,0,575,53,6576,,1.0,False
KEGG,3,D-AMINO ACID METABOLISM,1.0,0,575,5,6576,,1.0,False
KEGG,3,DNA REPLICATION,1.0,0,575,33,6576,,1.0,False
KEGG,3,DRUG METABOLISM - CYTOCHROME P450,1.0,0,575,28,6576,,1.0,False
KEGG,3,DRUG METABOLISM - OTHER ENZYMES,1.0,0,575,47,6576,,1.0,False
KEGG,3,EPITHELIAL CELL SIGNALING IN HELICOBACTER PYLORI INFECTION,1.0,0,575,64,6576,,1.0,False
KEGG,3,FANCONI ANEMIA PATHWAY,1.0,0,575,44,6576,,1.0,False
KEGG,3,FOLATE TRANSPORT AND METABOLISM,1.0,0,575,20,6576,,1.0,False
KEGG,3,FRUCTOSE AND MANNOSE METABOLISM,1.0,0,575,29,6576,,1.0,False
KEGG,3,"GLYCINE, SERINE AND THREONINE METABOLISM",1.0,0,575,35,6576,,1.0,False
KEGG,3,GLYCOLYSIS / GLUCONEOGENESIS,1.0,0,575,53,6576,,1.0,False
KEGG,3,GLYCOSAMINOGLYCAN BIOSYNTHESIS - CHONDROITIN SULFATE / DERMATAN SULFATE,1.0,0,575,21,6576,,1.0,False
KEGG,3,GLYCOSAMINOGLYCAN DEGRADATION,1.0,0,575,17,6576,,1.0,False
KEGG,3,GLYCOSYLPHOSPHATIDYLINOSITOL (GPI)-ANCHOR BIOSYNTHESIS,1.0,0,575,28,6576,,1.0,False
KEGG,3,GLYOXYLATE AND DICARBOXYLATE METABOLISM,1.0,0,575,29,6576,,1.0,False
KEGG,3,HERPES SIMPLEX VIRUS 1 INFECTION,1.0,0,575,131,6576,,1.0,False
KEGG,3,HOMOLOGOUS RECOMBINATION,1.0,0,575,37,6576,,1.0,False
KEGG,3,INFLAMMATORY BOWEL DISEASE,1.0,0,575,50,6576,,1.0,False
KEGG,3,MALARIA,1.0,0,575,37,6576,,1.0,False
KEGG,3,MISMATCH REPAIR,1.0,0,575,21,6576,,1.0,False
KEGG,3,NON-HOMOLOGOUS END-JOINING,1.0,0,575,13,6576,,1.0,False
KEGG,3,NUCLEOTIDE EXCISION REPAIR,1.0,0,575,53,6576,,1.0,False
KEGG,3,ONE CARBON POOL BY FOLATE,1.0,0,575,30,6576,,1.0,False
KEGG,3,PANCREATIC CANCER,1.0,0,575,75,6576,,1.0,False
KEGG,3,PENTOSE PHOSPHATE PATHWAY,1.0,0,575,27,6576,,1.0,False
KEGG,3,PHENYLALANINE METABOLISM,1.0,0,575,14,6576,,1.0,False
KEGG,3,"PHENYLALANINE, TYROSINE AND TRYPTOPHAN BIOSYNTHESIS",1.0,0,575,6,6576,,1.0,False
KEGG,3,POLYCOMB REPRESSIVE COMPLEX,1.0,0,575,77,6576,,1.0,False
KEGG,3,PROPANOATE METABOLISM,1.0,0,575,31,6576,,1.0,False
KEGG,3,PYRUVATE METABOLISM,1.0,0,575,37,6576,,1.0,False
KEGG,3,RIBOFLAVIN METABOLISM,1.0,0,575,8,6576,,1.0,False
KEGG,3,RIG-I-LIKE RECEPTOR SIGNALING PATHWAY,1.0,0,575,51,6576,,1.0,False
KEGG,3,RNA DEGRADATION,1.0,0,575,68,6576,,1.0,False
KEGG,3,RNA POLYMERASE,1.0,0,575,26,6576,,1.0,False
KEGG,3,SELENOCOMPOUND METABOLISM,1.0,0,575,17,6576,,1.0,False
KEGG,3,SPLICEOSOME,1.0,0,575,121,6576,,1.0,False
KEGG,3,STARCH AND SUCROSE METABOLISM,1.0,0,575,26,6576,,1.0,False
KEGG,3,STEROID BIOSYNTHESIS,1.0,0,575,19,6576,,1.0,False
KEGG,3,STEROID HORMONE BIOSYNTHESIS,1.0,0,575,31,6576,,1.0,False
KEGG,3,SULFUR METABOLISM,1.0,0,575,9,6576,,1.0,False
KEGG,3,SULFUR RELAY SYSTEM,1.0,0,575,8,6576,,1.0,False
KEGG,3,TERPENOID BACKBONE BIOSYNTHESIS,1.0,0,575,20,6576,,1.0,False
KEGG,3,UBIQUINONE AND OTHER TERPENOID-QUINONE BIOSYNTHESIS,1.0,0,575,12,6576,,1.0,False
KEGG,3,VIRAL PROTEIN INTERACTION WITH CYTOKINE AND CYTOKINE RECEPTOR,1.0,0,575,60,6576,,1.0,False
KEGG,3,VIRION - HERPESVIRUS,1.0,0,575,6,6576,,1.0,False
KEGG,3,VITAMIN B6 METABOLISM,1.0,0,575,6,6576,,1.0,False
KEGG,4,INSULIN SIGNALING PATHWAY,9.306293568008318e-08,34,676,127,6576,ACACB;AKT1;AKT2;ARAF;CLSTN1;CRKL;EXOC7;FASN;FLOT1;FLOT2;GRB2;GYS1;HOOK2;IKBKB;INPP5A;INPPL1;IRS2;MAP2K2;MAPK3;MKNK2;PHKA2;PHKG2;PIK3R2;PRKAB1;PRKAB2;PTPN1;PTPRF;PYGB;RAPGEF1;RPTOR;SHC1;SREBF1;TRIP10;TSC2,3.238590161666895e-05,True
KEGG,4,ENDOCYTOSIS,4.1128561489141853e-07,47,676,217,6576,ACAP3;AGAP3;AP2A1;AP2A2;AP2B1;AP2M1;AP2S1;ARAP1;ARF1;ARF3;ARF5;ARF6;ARFGAP1;ARFGAP2;ARRB2;BIN1;CAPZB;CHMP1A;CHMP6;CYTH1;DNM2;EHD1;EPS15L1;GIT1;GRK2;GRK6;HGS;MVB12A;PIP5K1A;PIP5K1C;PML;PRKCSH;RAB11FIP3;RAB31;RAB5B;RUFY1;SH3GL1;SH3GLB2;SMAP2;SMURF1;SNX1;SNX12;VPS26B;VPS28;VPS37B;VPS4A;ZFYVE27,7.156369699110683e-05,True
KEGG,4,SALMONELLA INFECTION,5.486730602576384e-06,44,676,216,6576,ACTG1;ACTR1A;ACTR1B;AHNAK;AKT1;AKT2;ARF1;ARF6;ARL8A;BAK1;BAX;CLSTN1;CYTH1;DCTN1;DNM2;DYNLL2;EXOC7;FHOD1;FLNA;FOS;IKBKB;IRAK1;JUN;MAP2K2;MAP2K3;MAP2K7;MAPK11;MAPK12;MAPK3;MYD88;PFN1;PKN1;PLEKHM1;PLEKHM2;RAB5B;RELA;RHOB;RHOG;RRAS;TNFRSF1A;TUBA1A;TUBB4A;TUBB4B;VPS39,0.0005318442738194825,True
KEGG,4,SHIGELLOSIS,6.113152572637729e-06,43,676,210,6576,ACTG1;ACTN1;ACTN4;AKT1;AKT1S1;AKT2;ARF1;ARF6;ARHGEF2;BAX;BCL2L1;CAPN1;CLSTN1;CRKL;CTTN;CYTH1;DIAPH1;FNBP1;FOXO4;GSK3A;HOOK2;IKBKB;IRF3;JUN;MAPK11;MAPK12;MAPK3;MYD88;PFN1;PIK3R2;PLCB3;PLCD3;PLCG1;RBCK1;RELA;RPTOR;SEPTIN9;SHARPIN;TLN1;TNFRSF1A;TNIP1;VCL;WIPI2,0.0005318442738194825,True
KEGG,4,TOLL-LIKE RECEPTOR SIGNALING PATHWAY,1.1013092358287686e-05,22,676,80,6576,AKT1;AKT2;CLSTN1;CXXC1;FOS;IKBKB;IRAK1;IRF3;JAK1;JUN;MAP2K2;MAP2K3;MAP2K7;MAPK11;MAPK12;MAPK3;MYD88;PIK3R2;RELA;STAT2;TOLLIP;TYK2,0.0005779158170812899,True
KEGG,4,INFLUENZA A,1.1385904123681737e-05,28,676,116,6576,ACTG1;ADAR;AKT1;AKT2;BAK1;BAX;CCND3;CLSTN1;CPSF4;FASN;HLA-DMA;HNRNPUL1;IFNGR1;IFNGR2;IKBKB;IRF3;JAK1;MAP2K2;MAPK3;MYD88;NXF1;PABPN1;PIK3R2;PML;RELA;STAT2;TNFRSF1A;TYK2,0.0005779158170812899,True
KEGG,4,HEPATITIS B,1.162474344703744e-05,31,676,135,6576,AKT1;AKT2;ARAF;ATF6B;ATP6AP1;BAX;CLSTN1;FASN;FOS;GRB2;HSPG2;IKBKB;IRAK1;IRF3;JAK1;JUN;MAP2K2;MAP2K3;MAP2K7;MAPK11;MAPK12;MAPK3;MYD88;PIK3R2;PTK2B;RELA;STAT2;STAT5B;STAT6;TGFB1;TYK2,0.0005779158170812899,True
KEGG,4,AUTOPHAGY - ANIMAL,1.3753993135642118e-05,33,676,149,6576,AKT1;AKT1S1;AKT2;ATG101;ATG16L2;ATG2A;ATG4B;ATG4D;ATG9A;BCL2L1;CLSTN1;CTSB;CTSD;DAPK3;GABARAPL1;IRS2;MAP2K2;MAPK3;MTMR3;NBR1;OPTN;PIK3R2;PLEKHM1;RPTOR;RRAS;STK11;TP53INP2;TSC2;ULK1;VPS39;WDR45;WIPI2;YKT6,0.0005982987014004321,True
KEGG,4,YERSINIA INFECTION,1.9005185736266e-05,28,676,119,6576,ACTG1;AKT1;AKT2;ARF6;ARHGEF1;CLSTN1;CRKL;FOS;IKBKB;IRAK1;IRF3;JUN;MAP2K2;MAP2K3;MAP2K7;MAPK11;MAPK12;MAPK3;MYD88;PIK3R2;PIP5K1A;PIP5K1C;PKN1;PLCG1;PTK2B;RELA;RHOG;SPNS1,0.0007348671818022853,True
KEGG,4,CHRONIC MYELOID LEUKEMIA,2.343993266757075e-05,20,676,72,6576,AKT1;AKT2;ARAF;BAK1;BAX;BCL2L1;BCR;CLSTN1;CRKL;CTBP1;GADD45B;GRB2;IKBKB;MAP2K2;MAPK3;PIK3R2;RELA;SHC1;STAT5B;TGFB1,0.000815709656831462,True
KEGG,4,APOPTOSIS,3.28462043845452e-05,27,676,116,6576,ACTG1;AKT1;AKT2;BAK1;BAX;BCL2L1;CAPN1;CLSTN1;CTSB;CTSD;CTSF;ENDOG;FASN;FOS;GADD45B;HTRA2;IKBKB;JUN;LMNA;MAP2K2;MAPK3;NOL3;PIK3R2;RELA;SPTAN1;TNFRSF1A;TUBA1A,0.0010391344659837936,True
KEGG,4,RENAL CELL CARCINOMA,3.9505746942901616e-05,18,676,63,6576,AKT1;AKT2;ARAF;CLSTN1;CRKL;EGLN2;EPAS1;GRB2;JUN;MAP2K2;MAPK3;PIK3R2;PKN1;PRCC;RAPGEF1;TFE3;TGFB1;VEGFA,0.0010672423291603192,True
KEGG,4,HUMAN IMMUNODEFICIENCY VIRUS 1 INFECTION,3.986824792840273e-05,35,676,170,6576,AKT1;AKT2;AP1B1;AP1G2;AP1S1;BAK1;BAX;BCL2L1;CLSTN1;CRKL;FASN;FOS;GNA11;GNAI2;GNB1;GNB2;IKBKB;IRAK1;IRF3;JUN;MAP2K2;MAP2K3;MAP2K7;MAPK11;MAPK12;MAPK3;MYD88;PIK3R2;PKN1;PLCG1;PTK2B;RELA;SAMHD1;TAPBP;TNFRSF1A,0.0010672423291603192,True
KEGG,4,HERPES SIMPLEX VIRUS 1 INFECTION,4.5909126712284305e-05,29,676,131,6576,AKT1;AKT2;BAK1;BAX;BCL2L1;CD74;CLSTN1;EIF2AK1;FASN;HCFC1;HLA-DMA;IFNGR1;IFNGR2;IKBKB;IRAK1;IRF3;JAK1;MYD88;NXF1;PIK3R2;PML;RELA;SRSF4;SRSF9;STAT2;TAPBP;TNFRSF1A;TSC2;TYK2,0.001141169721133924,True
KEGG,4,LYSOSOME,6.195639616306486e-05,27,676,120,6576,ABCB9;ACD;AP1B1;AP1G2;AP1S1;AP3D1;ATP6AP1;ATP6V0A1;ATP6V0C;CLN3;CTSA;CTSB;CTSD;CTSF;GAA;GGA1;GGA2;GGA3;GNPTG;GUSB;HEXA;HGSNAT;IDUA;MAN2B1;MCOLN1;SMPD1;TCIRG1,0.0014373883909831048,True
KEGG,4,CHAGAS DISEASE,8.011421420802171e-05,22,676,90,6576,AKT1;AKT2;CLSTN1;FASN;FOS;GNA11;GNAI2;IFNGR1;IFNGR2;IKBKB;IRAK1;JUN;MAPK11;MAPK12;MAPK3;MYD88;PIK3R2;PLCB3;PPP2R1A;RELA;TGFB1;TNFRSF1A,0.001742484159024472,True
KEGG,4,PD-L1 EXPRESSION AND PD-1 CHECKPOINT PATHWAY IN CANCER,0.00014450024337158625,20,676,81,6576,AKT1;AKT2;CLSTN1;FOS;IFNGR1;IFNGR2;IKBKB;JAK1;JUN;MAP2K2;MAP2K3;MAPK11;MAPK12;MAPK3;MYD88;PIK3R2;PLCG1;PTPN6;RELA;SPNS1,0.0028788083541279714,True
KEGG,4,KAPOSI SARCOMA-ASSOCIATED HERPESVIRUS INFECTION,0.00014890388038592956,31,676,153,6576,AKT1;AKT2;BAK1;BAX;CLSTN1;FASN;FOS;GNB1;GNB2;IFNGR1;IKBKB;IL6ST;IRF3;JAK1;JUN;MAP2K2;MAP2K7;MAPK11;MAPK12;MAPK3;MAPKAPK2;PIK3R2;PLCG1;PREX1;RCAN1;RELA;STAT2;TNFRSF1A;TYK2;VEGFA;ZFP36,0.0028788083541279714,True
KEGG,4,AMPK SIGNALING PATHWAY,0.00017770342730520094,25,676,114,6576,ACACB;ADIPOR1;ADIPOR2;AKT1;AKT1S1;AKT2;CLSTN1;CPT1B;CRTC2;FASN;GYS1;IRS2;PFKFB3;PFKL;PIK3R2;PPP2R1A;PPP2R5B;PPP2R5D;PRKAB1;PRKAB2;RPTOR;SREBF1;STK11;TSC2;ULK1,0.0032547785632742066,True
KEGG,4,PHOSPHOLIPASE D SIGNALING PATHWAY,0.000264646871285553,28,676,137,6576,AGPAT1;AGPAT2;AKT1;AKT2;ARF1;ARF6;CLSTN1;CYTH1;DGKD;DGKZ;DNM2;FYN;GRB2;MAP2K2;MAPK3;PIK3R2;PIP5K1A;PIP5K1C;PLA2G4B;PLCB3;PLCG1;PRKCSH;PTK2B;RALGDS;RAPGEF3;RRAS;SHC1;TSC2,0.004604855560368622,True
KEGG,4,OSTEOCLAST DIFFERENTIATION,0.00029857677022982837,24,676,111,6576,AKT1;AKT2;CLSTN1;CSF1;FOS;FOSL2;FYN;GRB2;IFNGR1;IFNGR2;IKBKB;JAK1;JUN;JUND;MAP2K7;MAPK11;MAPK12;MAPK3;PIK3R2;RELA;STAT2;TGFB1;TNFRSF1A;TYK2,0.00491724692514712,True
KEGG,4,TH17 CELL DIFFERENTIATION,0.0003234616502321339,21,676,92,6576,FOS;HLA-DMA;IFNGR1;IFNGR2;IKBKB;IL4R;IL6ST;JAK1;JUN;MAPK11;MAPK12;MAPK3;PLCG1;RELA;RXRA;RXRB;SPNS1;STAT5B;STAT6;TGFB1;TYK2,0.00491724692514712,True
KEGG,4,MEASLES,0.00032499045769650504,23,676,105,6576,ADAR;AKT1;AKT2;BAK1;BAX;BCL2L1;CCND3;CLSTN1;EIF2AK1;FASN;FOS;IKBKB;IRAK1;IRF3;JAK1;JUN;MSN;MYD88;PIK3R2;RELA;STAT2;STAT5B;TYK2,0.00491724692514712,True
KEGG,4,NEUROTROPHIN SIGNALING PATHWAY,0.00034404328534770275,24,676,112,6576,AKT1;AKT2;ARHGDIA;BAX;CAMK2G;CLSTN1;CRKL;GRB2;IKBKB;IRAK1;JUN;MAP2K2;MAP2K7;MAPK11;MAPK12;MAPK3;MAPKAPK2;PIK3R2;PLCG1;RAPGEF1;RELA;SH2B1;SH2B3;SHC1,0.00498862763754169,True
KEGG,4,CHOLINE METABOLISM IN CANCER,0.0003784254519721829,21,676,93,6576,AKT1;AKT2;CHKA;CHKB;CLSTN1;DGKD;DGKZ;FOS;GRB2;JUN;MAP2K2;MAPK3;PIK3R2;PIP5K1A;PIP5K1C;PLA2G4B;PLCG1;PRKCSH;RALGDS;SLC44A2;TSC2,0.005267682291452786,True
KEGG,4,INOSITOL PHOSPHATE METABOLISM,0.0006278049410999823,18,676,77,6576,CDIPT;CLSTN1;INPP5A;INPP5K;INPPL1;IP6K1;IP6K2;ISYNA1;MTMR3;PI4KA;PI4KB;PIP4K2B;PIP4K2C;PIP5K1A;PIP5K1C;PLCB3;PLCD3;PLCG1,0.008402927673184377,True
KEGG,4,ENDOMETRIAL CANCER,0.0008366054426087082,14,676,54,6576,AKT1;AKT2;ARAF;AXIN1;BAK1;BAX;CLSTN1;CTNNA1;GADD45B;GRB2;MAP2K2;MAPK3;PIK3R2;SLC25A23,0.01078291459362335,True
KEGG,4,FC GAMMA R-MEDIATED PHAGOCYTOSIS,0.0009415543013149789,19,676,86,6576,AKT1;AKT2;ARF6;BIN1;CLSTN1;CRKL;DNM2;INPPL1;MAPK3;PIK3R2;PIP5K1A;PIP5K1C;PKN1;PLA2G4B;PLA2G6;PLCG1;PRKCSH;SPNS1;VASP,0.011702174887771881,True
KEGG,4,FC EPSILON RI SIGNALING PATHWAY,0.0010033962554616635,15,676,61,6576,AKT1;AKT2;CLSTN1;FYN;GRB2;MAP2K2;MAP2K3;MAP2K7;MAPK11;MAPK12;MAPK3;PIK3R2;PLA2G4B;PLCG1;SPNS1,0.012040755065539963,True
KEGG,4,SPHINGOLIPID SIGNALING PATHWAY,0.0011008902955317137,23,676,114,6576,AKT1;AKT2;BAX;CERS2;CLSTN1;CTSD;FYN;GNAI2;MAP2K2;MAPK11;MAPK12;MAPK3;ORMDL3;PIK3R2;PLCB3;PPP2R1A;PPP2R5B;PPP2R5D;PRKCSH;RELA;S1PR4;SMPD1;TNFRSF1A,0.012758577972438529,True
KEGG,4,PHOSPHATIDYLINOSITOL SIGNALING SYSTEM,0.0011516337651121186,20,676,94,6576,CDIPT;CLSTN1;DGKD;DGKZ;INPP5A;INPPL1;IP6K1;IP6K2;MTMR3;PI4KA;PI4KB;PIK3R2;PIP4K2B;PIP4K2C;PIP4P1;PIP5K1A;PIP5K1C;PLCB3;PLCD3;PLCG1,0.012758577972438529,True
KEGG,4,PANCREATIC CANCER,0.001273975235457236,17,676,75,6576,AKT1;AKT2;ARAF;BAK1;BAX;BCL2L1;CLSTN1;GADD45B;IKBKB;JAK1;MAPK3;PIK3R2;PRKCSH;RALGDS;RELA;TGFB1;VEGFA,0.012758577972438529,True
KEGG,4,AGE-RAGE SIGNALING PATHWAY IN DIABETIC COMPLICATIONS,0.0013218683800749946,20,676,95,6576,AKT1;AKT2;BAX;CLSTN1;DIAPH1;EGR1;JUN;LONP1;MAPK11;MAPK12;MAPK3;PIK3R2;PLCB3;PLCD3;PLCG1;RELA;STAT5B;TGFB1;VEGFA;VEGFB,0.012758577972438529,True
KEGG,4,ADIPOCYTOKINE SIGNALING PATHWAY,0.001357935141371993,16,676,69,6576,ACACB;ACSL1;ADIPOR1;ADIPOR2;AKT1;AKT2;CPT1B;IKBKB;IRS2;PRKAB1;PRKAB2;RELA;RXRA;RXRB;STK11;TNFRSF1A,0.012758577972438529,True
KEGG,4,NON-SMALL CELL LUNG CANCER,0.001357935141371993,16,676,69,6576,AKT1;AKT2;ARAF;BAK1;BAX;CLSTN1;GADD45B;GRB2;MAP2K2;MAPK3;PIK3R2;PLCG1;RASSF1;RXRA;RXRB;STAT5B,0.012758577972438529,True
KEGG,4,INSULIN RESISTANCE,0.00136502931964559,21,676,102,6576,ACACB;AKT1;AKT2;CLSTN1;CPT1B;CRTC2;GYS1;IKBKB;IRS2;MLXIP;OGA;OGT;PIK3R2;PRKAB1;PRKAB2;PTPN1;PTPRF;PYGB;RELA;SREBF1;TNFRSF1A,0.012758577972438529,True
KEGG,4,TUBERCULOSIS,0.00139007767524796,26,676,137,6576,AKT1;AKT2;ATP6AP1;ATP6V0A1;ATP6V0C;BAX;CAMK2G;CD74;CEBPB;CTSD;HLA-DMA;IFNGR1;IFNGR2;IRAK1;ITGAX;JAK1;KSR1;MAPK11;MAPK12;MAPK3;MYD88;RAB5B;RELA;TCIRG1;TGFB1;TNFRSF1A,0.012758577972438529,True
KEGG,4,T CELL RECEPTOR SIGNALING PATHWAY,0.0013931780544616786,22,676,109,6576,AKT1;AKT2;CLSTN1;FOS;FYN;GRB2;IKBKB;JUN;MAP2K2;MAP2K7;MAPK11;MAPK12;MAPK3;PIK3R2;PKN1;PLCG1;PPP2R1A;PPP2R5B;PPP2R5D;PTPN6;RELA;SPNS1,0.012758577972438529,True
KEGG,4,RELAXIN SIGNALING PATHWAY,0.0015874652358906201,23,676,117,6576,AKT1;AKT2;ARRB2;ATF6B;CLSTN1;FOS;GNAI2;GNB1;GNB2;GRB2;JUN;MAP2K2;MAP2K7;MAPK11;MAPK12;MAPK3;PIK3R2;PLCB3;RELA;SHC1;TGFB1;VEGFA;VEGFB,0.013849896127480742,True
KEGG,4,LONGEVITY REGULATING PATHWAY,0.0015919420836184761,18,676,83,6576,ADIPOR1;ADIPOR2;AKT1;AKT1S1;AKT2;ATF6B;ATG101;BAX;CLSTN1;IRS2;PIK3R2;PRKAB1;PRKAB2;RELA;RPTOR;STK11;TSC2;ULK1,0.013849896127480742,True
KEGG,4,POLYCOMB REPRESSIVE COMPLEX,0.0017318856587830917,17,676,77,6576,ASXL1;CBX6;CBX7;EZH1;FBRS;FBRSL1;FOXK1;FOXK2;HCFC1;KDM2A;MAX;MBD6;OGT;PHC2;PHF1;RING1;USP21,0.014699907542841853,True
KEGG,4,LEISHMANIASIS,0.0017745365997128006,14,676,58,6576,FOS;HLA-DMA;IFNGR1;IFNGR2;IRAK1;JAK1;JUN;MAPK11;MAPK12;MAPK3;MYD88;PTPN6;RELA;TGFB1,0.014703303254763204,True
KEGG,4,HEPATITIS C,0.001987772477130414,24,676,126,6576,AKT1;AKT2;ARAF;BAK1;BAX;CD81;CLSTN1;EIF2AK1;FASN;GRB2;IKBKB;IRF3;JAK1;MAP2K2;MAPK3;PIK3R2;PPP2R1A;RELA;RXRA;SCARB1;STAT2;TNFRSF1A;TYK2;YWHAG,0.01608708888468335,True
KEGG,4,PATHOGENIC ESCHERICHIA COLI INFECTION,0.0020664595476724175,30,676,170,6576,ACTG1;ARF1;ARF6;ARHGEF1;ARHGEF2;BAK1;BAX;CTTN;CYTH1;DNAJC5;EZR;FASN;FOS;FYN;IKBKB;IRAK1;JUN;MAPK11;MAPK12;MAPK3;MYD88;MYH9;PKN1;PTPN6;RELA;SEC24C;TNFRSF1A;TUBA1A;TUBB4A;TUBB4B,0.01634381642250003,True
KEGG,4,NATURAL KILLER CELL MEDIATED CYTOTOXICITY,0.002180941000511639,16,676,72,6576,ARAF;CLSTN1;FASN;FYN;GRB2;IFNGR1;IFNGR2;MAP2K2;MAPK3;PIK3R2;PKN1;PLCG1;PTK2B;PTPN6;SHC1;SPNS1,0.016541131481464483,True
KEGG,4,MAPK SIGNALING PATHWAY,0.0021941751126492025,45,676,286,6576,AKT1;AKT2;ARAF;ARRB2;CACNG7;CRKL;CSF1;DUSP5;DUSP6;DUSP7;FASN;FLNA;FOS;GADD45B;GRB2;IKBKB;IRAK1;JUN;JUND;MAP2K2;MAP2K3;MAP2K7;MAP3K10;MAP3K11;MAP3K12;MAPK11;MAPK12;MAPK3;MAPK8IP1;MAPK8IP3;MAPKAPK2;MAPKAPK3;MAX;MKNK2;MYD88;PKN1;PLA2G4B;RELA;RPS6KA4;RRAS;SRF;TGFB1;TNFRSF1A;VEGFA;VEGFB,0.016541131481464483,True
KEGG,4,HIF-1 SIGNALING PATHWAY,0.0022340033897380192,20,676,99,6576,AKT1;AKT2;CAMK2G;CLSTN1;EGLN2;ENO2;ENO3;EPAS1;HOOK2;IFNGR1;IFNGR2;MAP2K2;MAPK3;MKNK2;PFKFB3;PFKL;PIK3R2;PLCG1;RELA;VEGFA,0.016541131481464483,True
KEGG,4,TH1 AND TH2 CELL DIFFERENTIATION,0.0023209504229331867,17,676,79,6576,FOS;HLA-DMA;IFNGR1;IFNGR2;IKBKB;IL4R;JAK1;JUN;MAPK11;MAPK12;MAPK3;PLCG1;RELA;SPNS1;STAT5B;STAT6;TYK2,0.016826890566265604,True
KEGG,4,SPLICEOSOME,0.002513755411394904,23,676,121,6576,ACIN1;BUD13;CASC3;CHERP;DDX23;DDX39B;EFTUD2;GPKOW;PCBP1;PRPF19;PRPF31;PRPF8;PUF60;SART1;SF1;SF3A1;SF3A2;SF3B4;SNRPA;SRSF4;SRSF9;U2AF2;XAB2,0.0178527935339883,True
KEGG,4,MRNA SURVEILLANCE PATHWAY,0.0026731474363125606,17,676,80,6576,ACIN1;CASC3;CPSF1;CPSF4;CPSF7;DAZAP1;DDX39B;NXF1;PABPN1;PPP2R1A;PPP2R5B;PPP2R5D;PYM1;SMG5;SMG6;UPF1;WDR82,0.01849625981119507,True
KEGG,4,FOCAL ADHESION,0.00271065876543376,32,676,188,6576,ACTG1;ACTN1;ACTN4;AKT1;AKT2;CCND3;CLSTN1;CRKL;CXXC1;DIAPH1;FLNA;FLNB;FYN;GRB2;ITGA3;ITGA7;JUN;MAPK3;PIK3R2;PIP5K1A;PIP5K1C;PKN1;PPP1R12C;RAPGEF1;SHC1;THBS3;TLN1;VASP;VCL;VEGFA;VEGFB;ZYX,0.01849625981119507,True
KEGG,4,FOXO SIGNALING PATHWAY,0.002806322397296729,23,676,122,6576,AKT1;AKT2;ARAF;BCL6;CDKN2D;CLSTN1;CSNK1E;FOXO4;GABARAPL1;GADD45B;GRB2;IKBKB;IRS2;MAP2K2;MAPK11;MAPK12;MAPK3;PIK3R2;PRKAB1;PRKAB2;S1PR4;STK11;TGFB1,0.0185896237023081,True
KEGG,4,TOXOPLASMOSIS,0.002831178322477958,19,676,94,6576,AKT1;AKT2;BCL2L1;GNAI2;HLA-DMA;IFNGR1;IFNGR2;IKBKB;IRAK1;JAK1;MAP2K3;MAPK11;MAPK12;MAPK3;MYD88;RELA;TGFB1;TNFRSF1A;TYK2,0.0185896237023081,True
KEGG,4,NON-ALCOHOLIC FATTY LIVER DISEASE,0.0029796885385949745,25,676,137,6576,ADIPOR1;ADIPOR2;AKT1;AKT2;BAX;CCNI;CLSTN1;FASN;FOS;GSK3A;IKBKB;IRS2;JUN;MAP3K11;MAPK11;MAPK12;MLXIP;PIK3R2;PRKAB1;PRKAB2;RELA;RXRA;SREBF1;TGFB1;TNFRSF1A,0.01920243724872317,True
KEGG,4,COLORECTAL CANCER,0.003068732020498099,17,676,81,6576,AKT1;AKT2;ARAF;AXIN1;BAK1;BAX;CLSTN1;FOS;GADD45B;GRB2;JUN;MAP2K2;MAPK3;PIK3R2;RALGDS;SLC25A23;TGFB1,0.019412242614468115,True
KEGG,4,VEGF SIGNALING PATHWAY,0.0031238091563511906,13,676,55,6576,AKT1;AKT2;CLSTN1;MAP2K2;MAPK11;MAPK12;MAPK3;MAPKAPK2;MAPKAPK3;PIK3R2;PLA2G4B;PLCG1;VEGFA,0.019412242614468115,True
KEGG,4,PROTEIN PROCESSING IN ENDOPLASMIC RETICULUM,0.0032507552503880256,28,676,160,6576,AMFR;ATF6B;BAK1;BAX;CAPN1;CKAP4;DNAJB2;DNAJC5;EDEM2;FBXO2;LMAN2;MAP2K7;MBTPS1;MOGS;NPLOC4;PREB;PRKCSH;RAD23B;RNF185;RNF5;RPN1;RRBP1;SEC24C;SEC61A1;STUB1;SYVN1;UBQLN4;UBXN6,0.019846716265526892,True
KEGG,4,ACUTE MYELOID LEUKEMIA,0.0034565186744423995,14,676,62,6576,AKT1;AKT2;ARAF;CLSTN1;DUSP6;GRB2;IKBKB;LONP1;MAP2K2;MAPK3;PIK3R2;PML;RELA;STAT5B,0.020732577649122626,True
KEGG,4,HEPATOCELLULAR CARCINOMA,0.0035150059807420543,26,676,146,6576,ACTG1;AKT1;AKT2;ARAF;AXIN1;BAK1;BAX;BCL2L1;CLSTN1;DVL1;DVL2;DVL3;GADD45B;GRB2;MAP2K2;MAPK3;PIK3R2;PLCG1;SHC1;SLC25A23;SMARCA4;SMARCC2;SMARCD1;SMARCD2;SMARCD3;TGFB1,0.020732577649122626,True
KEGG,4,ALCOHOLIC LIVER DISEASE,0.003600289812061505,21,676,110,6576,ACACB;ADIPOR1;ADIPOR2;AKT1;AKT2;ALDH3A2;CPT1B;FASN;IKBKB;IRAK1;IRF3;MAP2K3;MAP2K7;MAPK11;MAPK12;MYD88;PRKAB1;PRKAB2;RELA;SREBF1;TNFRSF1A,0.020881680909956728,True
KEGG,4,ERBB SIGNALING PATHWAY,0.0038887753410258943,16,676,76,6576,AKT1;AKT2;ARAF;CAMK2G;CLSTN1;CRKL;GRB2;JUN;MAP2K2;MAP2K7;MAPK3;PIK3R2;PKN1;PLCG1;SHC1;STAT5B,0.022185144568475593,True
KEGG,4,GLYCEROPHOSPHOLIPID METABOLISM,0.0046000161124955695,19,676,98,6576,AGPAT1;AGPAT2;CDIPT;CHKA;CHKB;DGKD;DGKZ;GPAT4;LPCAT1;LYPLA2;PCYT2;PLA2G4B;PLA2G6;PLD3;PNPLA6;PRKCSH;PTDSS1;PTDSS2;TAFAZZIN,0.025819445276588034,True
KEGG,4,THYROID HORMONE SIGNALING PATHWAY,0.005553489249763913,21,676,114,6576,ACTG1;AKT1;AKT2;ATP1A3;ATP1B3;CLSTN1;KAT2A;MAP2K2;MAPK3;MED16;MED24;PFKL;PIK3R2;PLCB3;PLCD3;PLCG1;RCAN1;RXRA;RXRB;THRA;TSC2,0.030676416808219708,True
KEGG,4,"GROWTH HORMONE SYNTHESIS, SECRETION AND ACTION",0.005681822170540062,20,676,107,6576,AKT1;AKT2;ATF6B;CLSTN1;CRKL;FOS;GNA11;GNAI2;GRB2;IRS2;MAP2K2;MAP2K3;MAPK11;MAPK12;MAPK3;PIK3R2;PLCB3;PLCG1;SHC1;STAT5B,0.030894908052311584,True
KEGG,4,B CELL RECEPTOR SIGNALING PATHWAY,0.006259224130730705,14,676,66,6576,AKT1;AKT2;CD81;CLSTN1;FOS;GRB2;IKBKB;INPPL1;JUN;MAP2K2;MAPK3;PIK3R2;PTPN6;RELA,0.03351092303837362,True
KEGG,4,NECROPTOSIS,0.007020875313547916,20,676,109,6576,BAX;CAMK2G;CAPN1;CHMP1A;CHMP6;FASN;IFNGR1;IFNGR2;JAK1;PLA2G4B;PYGB;RBCK1;SHARPIN;SMPD1;STAT2;STAT5B;STAT6;TNFRSF1A;TYK2;VPS4A,0.036466635956935445,True
KEGG,4,TNF SIGNALING PATHWAY,0.007020875313547916,20,676,109,6576,AKT1;AKT2;ATF6B;BCL3;CEBPB;CLSTN1;CSF1;FASN;FOS;IKBKB;JUN;MAP2K3;MAP2K7;MAPK11;MAPK12;MAPK3;PIK3R2;RELA;RPS6KA4;TNFRSF1A,0.036466635956935445,True
KEGG,4,VIRAL LIFE CYCLE - HIV-1,0.008110672504790518,11,676,48,6576,CDK9;CHMP6;CPSF7;FURIN;HGS;KAT2A;MLLT1;NELFB;SAMHD1;SUPT5H;VPS4A,0.04146541041157812,True
KEGG,4,GLIOMA,0.00822158999539911,14,676,68,6576,AKT1;AKT2;ARAF;BAK1;BAX;CAMK2G;CLSTN1;GADD45B;GRB2;MAP2K2;MAPK3;PIK3R2;PLCG1;SHC1,0.04146541041157812,True
KEGG,4,AUTOPHAGY - OTHER,0.00899911570187292,8,676,30,6576,ATG101;ATG2A;ATG4B;ATG4D;ATG9A;GABARAPL1;RPTOR;WIPI2,0.044738460917882514,True
KEGG,4,PROLACTIN SIGNALING PATHWAY,0.010473317852585214,13,676,63,6576,AKT1;AKT2;CLSTN1;FOS;GRB2;MAP2K2;MAPK11;MAPK12;MAPK3;PIK3R2;RELA;SHC1;STAT5B,0.051334008629572596,False
KEGG,4,MITOPHAGY - ANIMAL,0.011558733290294911,17,676,92,6576,AMFR;ATG9A;BCL2L1;FKBP8;GABARAPL1;JUN;MFN2;NBR1;OPTN;PINK1;RAB5B;RELA;RRAS;SMURF1;TBC1D17;TFE3;ULK1,0.055325046604264294,False
KEGG,4,VIRAL CARCINOGENESIS,0.01160554138537728,25,676,152,6576,ACTN1;ACTN4;ATF6B;BAK1;BAX;CCND3;CLSTN1;GRB2;HDAC10;HDAC6;IL6ST;IRF3;JAK1;JUN;KAT2A;MAD1L1;MAPK3;MAPKAPK2;PIK3R2;PKM;RELA;SRF;STAT5B;VAC14;YWHAG,0.055325046604264294,False
KEGG,4,EPSTEIN-BARR VIRUS INFECTION,0.01185504662478782,26,676,160,6576,AKT1;AKT2;BAK1;BAX;CCND3;CLSTN1;FASN;GADD45B;HLA-DMA;IKBKB;IRAK1;IRF3;JAK1;JUN;MAP2K3;MAP2K7;MAPK11;MAPK12;MYD88;NCOR2;PIK3R2;PSMD3;RELA;STAT2;TAPBP;TYK2,0.05543540108787933,False
KEGG,4,EPITHELIAL CELL SIGNALING IN HELICOBACTER PYLORI INFECTION,0.011947284717215373,13,676,64,6576,ATP6AP1;ATP6V0A1;ATP6V0C;ATP6V1B2;GIT1;IKBKB;JUN;MAPK11;MAPK12;PKN1;PLCG1;RELA;TCIRG1,0.05543540108787933,False
KEGG,4,HUMAN CYTOMEGALOVIRUS INFECTION,0.012338205079527726,29,676,184,6576,AKT1;AKT2;ARHGEF1;ATF6B;BAK1;BAX;CLSTN1;CRKL;FASN;GNA11;GNAI2;GNB1;GNB2;GRB2;IKBKB;IRF3;JAK1;MAP2K2;MAPK11;MAPK12;MAPK3;PIK3R2;PLCB3;PTK2B;RELA;TAPBP;TNFRSF1A;TSC2;VEGFA,0.05649599167994274,False
KEGG,4,GLUCAGON SIGNALING PATHWAY,0.012838712177015621,17,676,93,6576,ACACB;AKT1;AKT2;CAMK2G;CPT1B;CRTC2;GYS1;PFKL;PGAM2;PHKA2;PHKG2;PKM;PLCB3;PPP4C;PRKAB1;PRKAB2;PYGB,0.05802430957923943,False
KEGG,4,GNRH SIGNALING PATHWAY,0.01502844184648058,15,676,80,6576,CAMK2G;EGR1;GNA11;GRB2;JUN;MAP2K2;MAP2K3;MAP2K7;MAPK11;MAPK12;MAPK3;PLA2G4B;PLCB3;PRKCSH;PTK2B,0.06645511578861184,False
KEGG,4,PROTEOGLYCANS IN CANCER,0.015245794072846375,29,676,187,6576,ACTG1;AKT1;AKT2;ARAF;ARHGEF1;CAMK2G;CLSTN1;CTTN;EZR;FASN;FLNA;GPC1;GRB2;HSPG2;MAP2K2;MAPK11;MAPK12;MAPK3;MSN;PIK3R2;PKN1;PLCG1;PPP1R12C;PTPN6;RRAS;SDC4;SMOX;TGFB1;VEGFA,0.06645511578861184,False
KEGG,4,HUMAN T-CELL LEUKEMIA VIRUS 1 INFECTION,0.015277038112324559,30,676,195,6576,AKT1;AKT2;ANAPC2;ATF6B;BAX;BCL2L1;CCND3;CDC16;CLSTN1;CRTC2;EGR1;FOS;GPS2;HLA-DMA;IKBKB;JAK1;JUN;KAT2A;MAD1L1;MAP2K2;MAPK3;PIK3R2;RELA;SRF;STAT5B;TGFB1;TLN1;TNFRSF1A;VAC14;ZFP36,0.06645511578861184,False
KEGG,4,NOD-LIKE RECEPTOR SIGNALING PATHWAY,0.017107871714353372,21,676,126,6576,BCL2L1;CTSB;GABARAPL1;GPSM3;IKBKB;IRF3;JAK1;JUN;MAPK11;MAPK12;MAPK3;MFN2;MYD88;PKN1;PLCB3;RBCK1;RELA;SHARPIN;STAT2;TRIP6;TYK2,0.07350048588388856,False
KEGG,4,CHEMOKINE SIGNALING PATHWAY,0.02111515518631321,24,676,152,6576,AKT1;AKT2;ARRB2;CLSTN1;CRKL;GNAI2;GNB1;GNB2;GRB2;GRK2;GRK6;GSK3A;IKBKB;MAPK3;PIK3R2;PKN1;PLCB3;PLCG1;PREX1;PTK2B;RELA;SHC1;STAT2;STAT5B,0.08961065859557314,False
KEGG,4,IGSF CAM SIGNALING,0.025839426659122543,37,676,261,6576,ACTG1;ACTN1;ACTN4;AFDN;AKT1;AKT2;APP;ARF6;CASKIN2;CLSTN1;DYNLL2;EZR;FYN;GIT1;GRB2;ITGAX;MAP2K2;MAPK11;MAPK12;MAPK3;MSN;MTSS1;MYH9;NFASC;NLGN2;PIK3R2;PKN1;PLCG1;PTPN6;PTPRF;PTPRS;SPTAN1;SPTBN1;TUBA1A;TUBB4A;TUBB4B;VCL,0.10833880093222464,False
KEGG,4,LIPID AND ATHEROSCLEROSIS,0.02616128573148378,26,676,171,6576,AKT1;AKT2;ARHGEF1;BAX;BCL2L1;CAMK2G;CLSTN1;FASN;FOS;IKBKB;IRAK1;IRF3;JUN;MAP2K3;MAP2K7;MAPK11;MAPK12;MAPK3;MYD88;PIK3R2;PLCB3;PLCG1;RELA;RXRA;RXRB;TNFRSF1A,0.10838246945900422,False
KEGG,4,HUMAN PAPILLOMAVIRUS INFECTION,0.027023776274170845,40,676,287,6576,AKT1;AKT2;ATP6AP1;ATP6V0A1;ATP6V0C;ATP6V1B2;AXIN1;BAK1;BAX;CCND3;CLSTN1;CXXC1;DVL1;DVL2;DVL3;FASN;GRB2;IKBKB;IRF3;ITGA3;ITGA7;JAK1;MAP2K2;MAPK3;PIK3R2;PKM;PPP2R1A;PPP2R5B;PPP2R5D;RELA;SLC25A23;STAT2;TADA3;TCIRG1;THBS3;TNFRSF1A;TSC2;TUBG2;TYK2;VEGFA,0.1106385193342524,False
KEGG,4,ATP-DEPENDENT CHROMATIN REMODELING,0.02899397724088365,16,676,94,6576,ACTG1;BAZ2A;BICRA;CHD3;GATAD2A;INO80B;INO80E;MTA1;RUVBL2;SMARCA4;SMARCC2;SMARCD1;SMARCD2;SMARCD3;SRCAP;SS18L1,0.11732446604450593,False
KEGG,4,UBIQUITIN MEDIATED PROTEOLYSIS,0.029698556204674334,21,676,133,6576,ANAPC2;CDC16;CUL7;FBXO2;HERC2;MGRN1;MPG;PIAS3;PML;PRPF19;SAE1;SMURF1;STUB1;SYVN1;UBA1;UBE2H;UBE2L6;UBE2O;UBE2Q1;UBE2Z;UBE3B,0.11879422481869734,False
KEGG,4,C-TYPE LECTIN RECEPTOR SIGNALING PATHWAY,0.03168014137048997,16,676,95,6576,AKT1;AKT2;BCL3;CLSTN1;IKBKB;JUN;KSR1;MAPK11;MAPK12;MAPK3;MAPKAPK2;PIK3R2;PKN1;RELA;RRAS;STAT2,0.12468291125072378,False
KEGG,4,GNRH SECRETION,0.031949879132904445,11,676,58,6576,AKT1;AKT2;ARRB2;CLSTN1;CXXC1;GABBR1;GNA11;MAP2K2;MAPK3;PIK3R2;PLCB3,0.12468291125072378,False
KEGG,4,ENDOCRINE AND OTHER FACTOR-REGULATED CALCIUM REABSORPTION,0.03224558049587684,9,676,44,6576,AP2A1;AP2A2;AP2B1;AP2M1;AP2S1;ATP1A3;ATP1B3;DNM2;PLCB3,0.12468291125072378,False
KEGG,4,RAS SIGNALING PATHWAY,0.033688747158048774,31,676,216,6576,AFDN;AKT1;AKT2;ARF6;BCL2L1;CLSTN1;CSF1;FOXO4;GNB1;GNB2;GRB2;IKBKB;KSR1;MAP2K2;MAPK3;PIK3R2;PKN1;PLA2G4B;PLA2G6;PLCG1;PRKCSH;RAB5B;RALGDS;RASSF1;RELA;RGL2;RRAS;SHC1;SPNS1;VEGFA;VEGFB,0.12883169242858214,False
KEGG,4,REGULATION OF ACTIN CYTOSKELETON,0.03619504683596961,30,676,209,6576,ACTG1;ACTN1;ACTN4;AKT1;AKT2;ARAF;ARHGEF1;CLSTN1;CRKL;DIAPH1;EZR;GIT1;ITGA3;ITGA7;ITGAX;MAP2K2;MAPK3;MSN;MYH9;PFN1;PIK3R2;PIP4K2B;PIP4K2C;PIP5K1A;PIP5K1C;PKN1;PPP1R12C;RRAS;SLC25A23;VCL,0.13642534636525824,False
KEGG,4,VIBRIO CHOLERAE INFECTION,0.03677760546485526,9,676,45,6576,ACTG1;ARF1;ATP6AP1;ATP6V0A1;ATP6V0C;ATP6V1B2;PLCG1;SEC61A1;TCIRG1,0.13642534636525824,False
KEGG,4,GASTRIC CANCER,0.03685052459291458,21,676,136,6576,AKT1;AKT2;ARAF;AXIN1;BAK1;BAX;CLSTN1;CTNNA1;DVL1;DVL2;DVL3;GADD45B;GRB2;MAP2K2;MAPK3;PIK3R2;RXRA;RXRB;SHC1;SLC25A23;TGFB1,0.13642534636525824,False
KEGG,4,CIRCADIAN RHYTHM,0.040402007106494824,7,676,32,6576,BHLHE40;CRY2;CSNK1E;NR1D1;PER1;PRKAB1;PRKAB2,0.1479989312953705,False
KEGG,4,CARBOHYDRATE DIGESTION AND ABSORPTION,0.041652565898740605,8,676,39,6576,AKT1;AKT2;ATP1A3;ATP1B3;CLSTN1;HOOK2;PIK3R2;PLCB3,0.15099055138293468,False
KEGG,4,CELLULAR SENESCENCE,0.04228023957397123,21,676,138,6576,AKT1;AKT2;CAPN1;CCND3;CLSTN1;E2F4;GADD45B;HIPK2;LIN37;MAP2K2;MAP2K3;MAPK11;MAPK12;MAPK3;MAPKAPK2;PIK3R2;RELA;RRAS;TGFB1;TSC2;ZFP36L2,0.15168580795610295,False
KEGG,4,LEUKOCYTE TRANSENDOTHELIAL MIGRATION,0.04485709533928109,17,676,107,6576,ACTG1;ACTN1;ACTN4;AFDN;CLSTN1;CTNNA1;EZR;GNAI2;MAPK11;MAPK12;MSN;PIK3R2;PLCG1;PTK2B;RAPGEF3;VASP;VCL,0.15928846100071245,False
KEGG,4,JAK-STAT SIGNALING PATHWAY,0.045362544613181184,19,676,123,6576,AKT1;AKT2;BCL2L1;CCND3;CLSTN1;GRB2;IFNGR1;IFNGR2;IL4R;IL6ST;JAK1;LONP1;PIAS3;PIK3R2;PTPN6;STAT2;STAT5B;STAT6;TYK2,0.15945621742815203,False
KEGG,4,PATHWAYS IN CANCER,0.05145994183483701,59,676,467,6576,AKT1;AKT2;ARAF;ARHGEF1;AXIN1;BAK1;BAX;BCL2L1;BCR;CAMK2G;CCND3;CLSTN1;CRKL;CTBP1;CTNNA1;DAPK3;DVL1;DVL2;DVL3;EGLN2;EPAS1;FASN;FOS;GADD45B;GNA11;GNAI2;GNB1;GNB2;GRB2;IFNGR1;IFNGR2;IKBKB;IL4R;IL6ST;ITGA3;JAK1;JUN;LONP1;MAP2K2;MAPK3;MAX;PIK3R2;PLCB3;PLCG1;PML;PRKCSH;RALGDS;RASSF1;RELA;RXRA;RXRB;SLC25A23;SMOX;STAT2;STAT5B;STAT6;TGFB1;VEGFA;VEGFB,0.1790805975852328,False
KEGG,4,CYTOSKELETON IN MUSCLE CELLS,0.05259729929180589,30,676,216,6576,ACTG1;AGRN;AMPD2;ATP1A3;ATP1B3;CAPZB;CSRP1;DIAPH1;EMD;ENO2;ENO3;HSPG2;ITGA3;ITGA7;LMNA;MYH9;PDLIM1;PLEC;SDC4;SNTB2;SPTAN1;SPTBN1;SUN1;SUN2;THBS3;TLN1;TMEM43;TMOD1;VCL;ZYX,0.18122633815394504,False
KEGG,4,SMALL CELL LUNG CANCER,0.059135287816307475,14,676,87,6576,AKT1;AKT2;BAK1;BAX;BCL2L1;CLSTN1;GADD45B;IKBKB;ITGA3;MAX;PIK3R2;RELA;RXRA;RXRB,0.20175568784387257,False
KEGG,4,"PARATHYROID HORMONE SYNTHESIS, SECRETION AND ACTION",0.06455500732125541,16,676,104,6576,ARAF;ARHGEF1;ARRB2;ATF6B;EGR1;FOS;GNA11;GNAI2;JUND;MAPK3;MEF2D;OXSR1;PLCB3;PRKCSH;RXRA;RXRB,0.21810818007569788,False
KEGG,4,THYROID CANCER,0.07028645336831069,7,676,36,6576,BAK1;BAX;GADD45B;MAP2K2;MAPK3;RXRA;RXRB,0.23518928627088573,False
KEGG,4,PERTUSSIS,0.07624271633400767,10,676,59,6576,FOS;GNAI2;IRAK1;IRF3;JUN;MAPK11;MAPK12;MAPK3;MYD88;RELA,0.2526901455641397,False
KEGG,4,RHEUMATOID ARTHRITIS,0.07827414798735383,11,676,67,6576,ATP6AP1;ATP6V0A1;ATP6V0C;ATP6V1B2;CSF1;FOS;HLA-DMA;JUN;TCIRG1;TGFB1;VEGFA,0.25697550471319935,False
KEGG,4,MANNOSE TYPE O-GLYCAN BIOSYNTHESIS,0.08002324551367748,5,676,23,6576,B4GALT3;POMGNT1;POMGNT2;POMT1;POMT2,0.26026251811925016,False
KEGG,4,TIGHT JUNCTION,0.08282514122060927,21,676,149,6576,ACTG1;ACTN1;ACTN4;AFDN;ARHGAP17;ARHGEF18;ARHGEF2;CTTN;EZR;JUN;MAP2K7;MSN;MYH9;PPP2R1A;PRKAB1;PRKAB2;STK11;SYNPO;TUBA1A;VASP;YBX3,0.26688101059974095,False
KEGG,4,PLATELET ACTIVATION,0.08371252301901239,17,676,116,6576,ACTG1;AKT1;AKT2;ARHGEF1;CLSTN1;FYN;GNAI2;GP1BB;MAPK11;MAPK12;MAPK3;PIK3R2;PLA2G4B;PLCB3;STIM1;TLN1;VASP,0.267265669822168,False
KEGG,4,SYNAPTIC VESICLE CYCLE,0.08603306229564857,12,676,76,6576,AP2A1;AP2A2;AP2B1;AP2M1;AP2S1;ATP6V0A1;ATP6V0C;ATP6V1B2;DNM2;STXBP1;TCIRG1;VAMP2,0.2705463779310307,False
KEGG,4,PROGESTERONE-MEDIATED OOCYTE MATURATION,0.0862949653745529,13,676,84,6576,AKT1;AKT2;ANAPC2;ARAF;CDC16;CLSTN1;GNAI2;MAD1L1;MAPK11;MAPK12;MAPK3;PIK3R2;STK10,0.2705463779310307,False
KEGG,4,GLYCOLYSIS / GLUCONEOGENESIS,0.08889685981549783,9,676,53,6576,ACSS2;ALDH3A2;ENO2;ENO3;HOOK2;PFKL;PGAM2;PGM1;PKM,0.2725926927958887,False
KEGG,4,COBALAMIN TRANSPORT AND METABOLISM,0.08929760626072215,4,676,17,6576,ABCD4;HCFC1;THAP11;ZNF76,0.2725926927958887,False
KEGG,4,GLYCOSAMINOGLYCAN DEGRADATION,0.08929760626072215,4,676,17,6576,GUSB;HEXA;HGSNAT;IDUA,0.2725926927958887,False
KEGG,4,SNARE INTERACTIONS IN VESICULAR TRANSPORT,0.09207781401017762,6,676,31,6576,STX16;UBE2Z;VAMP2;VAMP3;VAMP5;YKT6,0.2786354719612331,False
KEGG,4,INTEGRIN SIGNALING,0.09439427938450141,20,676,143,6576,ACTG1;ACTN1;ACTN4;AKT1;AKT2;CCND3;CLSTN1;CXXC1;FLNA;FLNB;ITGA3;ITGA7;ITGAX;PIK3R2;TGFB1;THBS3;TLN1;VCL;VEGFA;VEGFB,0.28318283815350426,False
KEGG,4,BREAST CANCER,0.09646278125935605,19,676,135,6576,AKT1;AKT2;ARAF;AXIN1;BAK1;BAX;CLSTN1;DVL1;DVL2;DVL3;FOS;GADD45B;GRB2;JUN;MAP2K2;MAPK3;PIK3R2;SHC1;SLC25A23,0.28648853691103837,False
KEGG,4,LONGEVITY REGULATING PATHWAY - MULTIPLE SPECIES,0.09748692486712757,9,676,54,6576,AKT1;AKT1S1;AKT2;CLSTN1;IRS2;PIK3R2;PRKAB1;PRKAB2;RPTOR,0.28648853691103837,False
KEGG,4,CENTRAL CARBON METABOLISM IN CANCER,0.09926718693333068,10,676,62,6576,AKT1;AKT2;CLSTN1;HOOK2;MAP2K2;MAPK3;PFKL;PGAM2;PIK3R2;PKM,0.28648853691103837,False
KEGG,4,EFFEROCYTOSIS,0.09961212350587288,20,676,144,6576,BSG;CAMK2G;CEBPB;CPT1B;CRKL;DUSP5;DUSP7;GAS6;MAP2K2;MAPK11;MAPK12;MAPK3;MAPKAPK2;PLA2G6;PTPN6;RAB5B;RXRA;SCARF1;TGFB1;VPS39,0.28648853691103837,False
KEGG,4,BACTERIAL INVASION OF EPITHELIAL CELLS,0.10005086839767041,11,676,70,6576,ACTG1;CLSTN1;CRKL;CTNNA1;CTTN;DNM2;PIK3R2;RHOG;SEPTIN9;SHC1;VCL,0.28648853691103837,False
KEGG,4,FLUID SHEAR STRESS AND ATHEROSCLEROSIS,0.10043563650329507,17,676,119,6576,ACTG1;AKT1;AKT2;ARHGEF2;CLSTN1;FOS;GPC1;IKBKB;JUN;MAP2K7;MAPK11;MAPK12;PIK3R2;RELA;SDC4;TNFRSF1A;VEGFA,0.28648853691103837,False
KEGG,4,SIGNALING PATHWAYS REGULATING PLURIPOTENCY OF STEM CELLS,0.11013604089160096,18,676,129,6576,ACVR1B;AKT1;AKT2;AXIN1;CLSTN1;DVL1;DVL2;DVL3;GRB2;IL6ST;JAK1;MAP2K2;MAPK11;MAPK12;MAPK3;PIK3R2;SETDB1;SLC25A23,0.3116044083762369,False
KEGG,4,RAP1 SIGNALING PATHWAY,0.1129417186607333,26,676,198,6576,ACTG1;AFDN;AKT1;AKT2;CLSTN1;CRKL;CSF1;GNAI2;MAP2K2;MAP2K3;MAPK11;MAPK12;MAPK3;PFN1;PIK3R2;PLCB3;PLCG1;RALGDS;RAPGEF1;RAPGEF3;RRAS;SPNS1;TLN1;VASP;VEGFA;VEGFB,0.3153751448735126,False
KEGG,4,TRANSCRIPTIONAL MISREGULATION IN CANCER,0.11328130203789963,21,676,155,6576,ASPSCR1;BAK1;BAX;BCL2L1;BCL6;CDK9;CEBPB;DUSP6;FLII;GADD45B;MAX;MEN1;MLLT1;PML;PRCC;RELA;RXRA;RXRB;SS18L1;TFE3;TSPAN7,0.3153751448735126,False
KEGG,4,STARCH AND SUCROSE METABOLISM,0.12172705119968574,5,676,26,6576,GAA;GYS1;HOOK2;PGM1;PYGB,0.3361985223610368,False
KEGG,4,PHAGOSOME,0.1289271177535271,16,676,115,6576,ACTG1;ATP6AP1;ATP6V0A1;ATP6V0C;ATP6V1B2;HGS;HLA-DMA;RAB5B;SCARB1;SEC61A1;TCIRG1;THBS3;TUBA1A;TUBB4A;TUBB4B;VAMP3,0.35328060612777507,False
KEGG,4,INFLAMMATORY BOWEL DISEASE,0.13617782603297593,8,676,50,6576,HLA-DMA;IFNGR1;IFNGR2;IL4R;JUN;RELA;STAT6;TGFB1,0.37023346452715333,False
KEGG,4,ESTROGEN SIGNALING PATHWAY,0.15130384297382632,16,676,118,6576,AKT1;AKT2;ATF6B;CLSTN1;CTSD;FKBP5;FOS;GABBR1;GNAI2;GRB2;JUN;MAP2K2;MAPK3;PIK3R2;PLCB3;SHC1,0.40572379733850417,False
KEGG,4,NEUTROPHIL EXTRACELLULAR TRAP FORMATION,0.15156348751151016,14,676,101,6576,ACTG1;AKT1;AKT2;CLSTN1;HDAC10;HDAC6;MAP2K2;MAPK11;MAPK12;MAPK3;PIK3R2;PLCB3;PLCG1;RELA,0.40572379733850417,False
KEGG,4,GLYCOSYLPHOSPHATIDYLINOSITOL (GPI)-ANCHOR BIOSYNTHESIS,0.15411791248653756,5,676,28,6576,GPAA1;PGAP2;PIGQ;PIGS;PIGT,0.4094124698115654,False
KEGG,4,MELANOMA,0.1561029181674588,10,676,68,6576,AKT1;AKT2;ARAF;BAK1;BAX;CLSTN1;GADD45B;MAP2K2;MAPK3;PIK3R2,0.41154405698693686,False
KEGG,4,TYPE II DIABETES MELLITUS,0.1605498980111793,7,676,44,6576,CLSTN1;HOOK2;IKBKB;IRS2;MAPK3;PIK3R2;PKM,0.42008544742774734,False
KEGG,4,BASAL CELL CARCINOMA,0.17013582702361146,9,676,61,6576,AXIN1;BAK1;BAX;DVL1;DVL2;DVL3;GADD45B;SLC25A23;SMOX,0.44184528212102087,False
KEGG,4,APOPTOSIS - MULTIPLE SPECIES,0.17151928075736023,5,676,29,6576,BAK1;BAX;BCL2L1;HTRA2;TNFRSF1A,0.4421385903967508,False
KEGG,4,BLADDER CANCER,0.17443853144009297,6,676,37,6576,ARAF;DAPK3;MAP2K2;MAPK3;RASSF1;VEGFA,0.4463574186849438,False
KEGG,4,MTOR SIGNALING PATHWAY,0.1821414387525487,19,676,148,6576,AKT1;AKT1S1;AKT2;ATP6V1B2;CLSTN1;DVL1;DVL2;DVL3;GRB2;IKBKB;MAP2K2;MAPK3;NPRL3;PIK3R2;RPTOR;STK11;TNFRSF1A;TSC2;ULK1,0.4626658444225325,False
KEGG,4,DOPAMINERGIC SYNAPSE,0.18418677616247722,16,676,122,6576,AKT1;AKT2;ARRB2;ATF6B;CAMK2G;FOS;GNAI2;GNB1;GNB2;GSK3A;MAPK11;MAPK12;PLCB3;PPP2R1A;PPP2R5B;PPP2R5D,0.46447100075755127,False
KEGG,4,ADHERENS JUNCTION,0.18943154393072728,12,676,88,6576,ACTG1;ACTN1;ACTN4;AFDN;CTNNA1;FYN;MAPK3;PTPN1;PTPN6;PTPRF;SMURF1;VCL,0.4742602682582237,False
KEGG,4,CHEMICAL CARCINOGENESIS - RECEPTOR ACTIVATION,0.19909731612764978,20,676,159,6576,AKT1;AKT2;ARRB2;ATF6B;BCL6;CCND3;CLSTN1;EPHX1;FOS;GNAI2;GRB2;JUN;MAP2K2;MAPK3;PIK3R2;RELA;RXRA;RXRB;STAT5B;VEGFA,0.4886123563761505,False
KEGG,4,LONG-TERM DEPRESSION,0.19937630633739475,8,676,55,6576,ARAF;GNA11;GNAI2;MAP2K2;MAPK3;PLA2G4B;PLCB3;PPP2R1A,0.4886123563761505,False
KEGG,4,NOTCH SIGNALING PATHWAY,0.19937630633739475,8,676,55,6576,CTBP1;DTX3;DVL1;DVL2;DVL3;KAT2A;NCOR2;NCSTN,0.4886123563761505,False
KEGG,4,ETHER LIPID METABOLISM,0.20366374308400143,7,676,47,6576,GDPD3;LPCAT1;PLA2G4B;PLA2G6;PLD3;PRKCSH;TMEM86B,0.49562924890372373,False
KEGG,4,FATTY ACID BIOSYNTHESIS,0.22263796033544167,3,676,16,6576,ACACB;ACSL1;FASN,0.5338974785636833,False
KEGG,4,OTHER GLYCAN DEGRADATION,0.22263796033544167,3,676,16,6576,GBA2;HEXA;MAN2B1,0.5338974785636833,False
KEGG,4,OTHER TYPES OF O-GLYCAN BIOSYNTHESIS,0.22399147089166022,6,676,40,6576,B4GALT3;COLGALT1;GALNT2;OGT;POMT1;POMT2,0.5338974785636833,False
KEGG,4,COLLECTING DUCT ACID SECRETION,0.25181001669867664,4,676,25,6576,ATP6V0A1;ATP6V0C;ATP6V1B2;TCIRG1,0.5961216721846222,False
KEGG,4,CHOLINERGIC SYNAPSE,0.25759162548253967,13,676,103,6576,AKT1;AKT2;CAMK2G;CLSTN1;FOS;FYN;GNA11;GNAI2;GNB1;GNB2;MAPK3;PIK3R2;PLCB3,0.5974171806382074,False
KEGG,4,AMOEBIASIS,0.26451466768417725,10,676,77,6576,ACTN1;ACTN4;CLSTN1;GNA11;PIK3R2;PLCB3;RAB5B;RELA;TGFB1;VCL,0.5974171806382074,False
KEGG,4,PATHWAYS OF NEURODEGENERATION - MULTIPLE DISEASES,0.2646686929961592,46,676,407,6576,ACTR1A;ACTR1B;APP;ARAF;ATG101;ATG2A;ATXN2L;AXIN1;BAK1;BAX;BCL2L1;CAMK2G;CAPN1;CCNI;CSF1;CSNK1E;DCTN1;DVL1;DVL2;DVL3;FASN;HTRA2;MAP2K2;MAP2K3;MAP2K7;MAP3K10;MAPK11;MAPK12;MAPK3;MFN2;OPTN;PINK1;PLCB3;PLCG1;PRNP;PSMD3;RELA;SLC25A23;TNFRSF1A;TUBA1A;TUBB4A;TUBB4B;UBA1;UBE2L6;ULK1;WIPI2,0.5974171806382074,False
KEGG,4,NUCLEOCYTOPLASMIC TRANSPORT,0.2666602396033344,11,676,86,6576,ACIN1;CASC3;DDX39B;IPO13;NXF1;PYM1;RANGAP1;TNPO2;UPF1;XPO5;XPO6,0.5974171806382074,False
KEGG,4,HEDGEHOG SIGNALING PATHWAY,0.2669681703127085,7,676,51,6576,ARRB2;CSNK1E;CSNK1G2;GRK2;MGRN1;SMOX;SMURF1,0.5974171806382074,False
KEGG,4,REGULATION OF LIPOLYSIS IN ADIPOCYTES,0.2669681703127085,7,676,51,6576,AKT1;AKT2;CLSTN1;GNAI2;IRS2;PIK3R2;PNPLA2,0.5974171806382074,False
KEGG,4,RIG-I-LIKE RECEPTOR SIGNALING PATHWAY,0.2669681703127085,7,676,51,6576,ADAR;IKBKB;IRF3;MAPK11;MAPK12;OTUD5;RELA,0.5974171806382074,False
KEGG,4,ALDOSTERONE-REGULATED SODIUM REABSORPTION,0.2678077016654033,5,676,34,6576,ATP1A3;ATP1B3;CLSTN1;MAPK3;PIK3R2,0.5974171806382074,False
KEGG,4,NICOTINATE AND NICOTINAMIDE METABOLISM,0.2678077016654033,5,676,34,6576,NADK;NAPRT;NT5C;SARM1;SIRT2,0.5974171806382074,False
KEGG,4,ALZHEIMER DISEASE,0.26980297883549764,37,676,324,6576,AKT1;AKT2;APP;ARAF;ATG101;ATG2A;AXIN1;CAPN1;CCNI;CLSTN1;CSF1;CSNK1E;DVL1;DVL2;DVL3;FASN;IKBKB;IRS2;MAP2K2;MAP2K7;MAPK3;NCSTN;PIK3R2;PLCB3;PSMD3;RELA;RTN3;SLC25A23;SLC39A1;SLC39A13;SLC39A7;TNFRSF1A;TUBA1A;TUBB4A;TUBB4B;ULK1;WIPI2,0.5980346282468356,False
KEGG,4,GALACTOSE METABOLISM,0.2754614649712204,4,676,26,6576,GAA;HOOK2;PFKL;PGM1,0.606036817517668,False
KEGG,4,CORONAVIRUS DISEASE - COVID-19,0.2768961321416932,19,676,159,6576,ADAR;CLSTN1;FOS;IKBKB;IL6ST;IRAK1;IRF3;JAK1;JUN;MAPK11;MAPK12;MAPK3;MYD88;PIK3R2;PLCG1;RELA;STAT2;TNFRSF1A;TYK2,0.606036817517668,False
KEGG,4,MICRORNAS IN CANCER,0.28762639818279995,18,676,151,6576,BAK1;BCL2L2;CLSTN1;CRKL;EZR;GRB2;IKBKB;IRS2;LONP1;MAP2K2;MAPK3;PIK3R2;PLCG1;RASSF1;RPTOR;SHC1;SLC25A23;VEGFA,0.6233811839949092,False
KEGG,4,AMINO SUGAR AND NUCLEOTIDE SUGAR METABOLISM,0.2884033638597137,5,676,35,6576,FCSK;HEXA;HOOK2;NAGK;PGM1,0.6233811839949092,False
KEGG,4,ARGININE AND PROLINE METABOLISM,0.29593711131596273,6,676,44,6576,ALDH3A2;ALDH4A1;CNDP2;GOT2;RAI1;SMOX,0.6260914950475954,False
KEGG,4,GLUTATHIONE METABOLISM,0.29593711131596273,6,676,44,6576,GGT7;GPX4;GSTK1;OPLAH;PRNP;RAI1,0.6260914950475954,False
KEGG,4,AMINOACYL-TRNA BIOSYNTHESIS,0.29945485054437876,4,676,27,6576,CARS2;FARSA;MARS1;VARS2,0.6260914950475954,False
KEGG,4,HIPPO SIGNALING PATHWAY - MULTIPLE SPECIES,0.29945485054437876,4,676,27,6576,CSNK1E;PKN1;RASSF1;RASSF4,0.6260914950475954,False
KEGG,4,PENTOSE PHOSPHATE PATHWAY,0.29945485054437876,4,676,27,6576,H6PD;PFKL;PGM1;TKT,0.6260914950475954,False
KEGG,4,CYTOSOLIC DNA-SENSING PATHWAY,0.3004519530831852,7,676,53,6576,ADAR;IKBKB;IRF3;PCBP1;RELA;SAMHD1;TREX1,0.6260914950475954,False
KEGG,4,CHEMICAL CARCINOGENESIS - REACTIVE OXYGEN SPECIES,0.3034830515582806,20,676,171,6576,AKT1;AKT2;ARAF;CCNI;CLSTN1;EPHX1;FOS;GRB2;IKBKB;JUN;MAP2K2;MAP2K7;MAPK11;MAPK12;MAPK3;PIK3R2;PRKCSH;PTPN1;RELA;VEGFA,0.6286434639421526,False
KEGG,4,LIPOIC ACID METABOLISM,0.3096083321448963,3,676,19,6576,BCKDHA;DLST;OGDH,0.6375366839433367,False
KEGG,4,PI3K-AKT SIGNALING PATHWAY,0.3222301496085617,35,676,313,6576,AKT1;AKT2;ATF6B;BCL2L1;CCND3;CLSTN1;CRTC2;CSF1;CXXC1;GNB1;GNB2;GRB2;GYS1;IKBKB;IL4R;ITGA3;ITGA7;JAK1;MAP2K2;MAPK3;PHLPP1;PIK3R2;PKN1;PPP2R1A;PPP2R5B;PPP2R5D;RELA;RPTOR;RXRA;STK11;THBS3;TSC2;VEGFA;VEGFB;YWHAG,0.6587124584608107,False
KEGG,4,PROTEIN EXPORT,0.32367767355401905,4,676,28,6576,BAG6;GET3;GET4;SEC61A1,0.6587124584608107,False
KEGG,4,PYRUVATE METABOLISM,0.33033872916900553,5,676,37,6576,ACACB;ACSS2;ALDH3A2;PCDHGA5;PKM,0.6683597543651972,False
KEGG,4,GLYCEROLIPID METABOLISM,0.33474577645271114,7,676,55,6576,AGPAT1;AGPAT2;ALDH3A2;DGKD;DGKZ;GPAT4;PNPLA2,0.6733614462748179,False
KEGG,4,ALCOHOLISM,0.3401774054207411,13,676,110,6576,ARAF;ATF6B;CAMKK1;GNAI2;GNB1;GNB2;GRB2;HDAC10;HDAC6;MAPK3;SHC1;SLC29A1;SLC29A2,0.6803548108414822,False
KEGG,4,ADRENERGIC SIGNALING IN CARDIOMYOCYTES,0.3434961708702253,16,676,138,6576,AKT1;AKT2;ATF6B;ATP1A3;ATP1B3;CACNG7;CAMK2G;GNAI2;MAPK11;MAPK12;MAPK3;PLCB3;PPP2R1A;PPP2R5B;PPP2R5D;RAPGEF3,0.6830666712162194,False
KEGG,4,BETA-ALANINE METABOLISM,0.3480230164014845,4,676,29,6576,ACADS;ALDH3A2;CNDP2;SMOX,0.684248642416478,False
KEGG,4,FRUCTOSE AND MANNOSE METABOLISM,0.3480230164014845,4,676,29,6576,FCSK;HOOK2;PFKFB3;PFKL,0.684248642416478,False
KEGG,4,GASTRIC ACID SECRETION,0.35089935915030174,8,676,65,6576,ACTG1;ATP1A3;ATP1B3;CAMK2G;EZR;GNAI2;PLCB3;SLC4A2,0.6860279605859831,False
KEGG,4,LYSINE DEGRADATION,0.36954298917415723,7,676,57,6576,ALDH3A2;COLGALT1;DLST;EZH1;KMT2B;SETDB1;SMYD2,0.7184411186179146,False
KEGG,4,IL-17 SIGNALING PATHWAY,0.37947668868252266,9,676,76,6576,CEBPB;FOS;IKBKB;JUN;JUND;MAPK11;MAPK12;MAPK3;RELA,0.7336549314528771,False
KEGG,4,BASE EXCISION REPAIR,0.39405354564944617,5,676,40,6576,MPG;NEIL1;PNKP;POLE;XRCC1,0.7502530089718779,False
KEGG,4,VIRION - HEPATITIS VIRUSES,0.39405354564944617,5,676,40,6576,CD81;CHMP1A;HSPG2;SCARB1;VPS4A,0.7502530089718779,False
KEGG,4,GAP JUNCTION,0.3946922502852447,9,676,77,6576,GNA11;GNAI2;GRB2;MAP2K2;MAPK3;PLCB3;TUBA1A;TUBB4A;TUBB4B,0.7502530089718779,False
KEGG,4,PROPANOATE METABOLISM,0.3966854989966251,4,676,31,6576,ACACB;ACADS;ACSS2;BCKDHA,0.7502530089718779,False
KEGG,4,INFLAMMATORY MEDIATOR REGULATION OF TRP CHANNELS,0.40444380156326076,10,676,87,6576,CAMK2G;CLSTN1;MAP2K3;MAPK11;MAPK12;PIK3R2;PLA2G4B;PLA2G6;PLCB3;PLCG1,0.7607915834811607,False
KEGG,4,APELIN SIGNALING PATHWAY,0.4091280642399324,14,676,125,6576,AKT1;AKT2;CXXC1;EGR1;GNAI2;GNB1;GNB2;MAP2K2;MAPK3;MEF2D;PLCB3;PRKAB1;PRKAB2;RRAS,0.765465410513422,False
KEGG,4,VARIOUS TYPES OF N-GLYCAN BIOSYNTHESIS,0.41524842504506715,5,676,41,6576,B4GALT3;HEXA;MAN2A2;MGAT4B;RPN1,0.7686513399770392,False
KEGG,4,VASOPRESSIN-REGULATED WATER REABSORPTION,0.41524842504506715,5,676,41,6576,ARHGDIA;DCTN1;DYNLL2;RAB5B;VAMP2,0.7686513399770392,False
KEGG,4,ASCORBATE AND ALDARATE METABOLISM,0.4298147863330683,2,676,14,6576,ALDH3A2;GUSB,0.787239713915304,False
KEGG,4,GRAFT-VERSUS-HOST DISEASE,0.4298147863330683,2,676,14,6576,FASN;HLA-DMA,0.787239713915304,False
KEGG,4,LEGIONELLOSIS,0.43632312751539437,5,676,42,6576,ARF1;HSF1;MYD88;RAB1B;RELA,0.7949761695044882,False
KEGG,4,THERMOGENESIS,0.4408774117344762,20,676,185,6576,ACSL1;ACTG1;AKT1S1;CCNI;CPT1B;GRB2;MAP2K3;MAPK11;MAPK12;PNPLA2;PRKAB1;PRKAB2;RPTOR;SLC25A29;SMARCA4;SMARCC2;SMARCD1;SMARCD2;SMARCD3;TSC2,0.7990903087687381,False
KEGG,4,GLYCOSPHINGOLIPID BIOSYNTHESIS - GANGLIO SERIES,0.4659742148041435,2,676,15,6576,HEXA;ST6GALNAC6,0.8402022111494402,False
KEGG,4,CUSHING SYNDROME,0.4735522343010759,15,676,140,6576,ATF6B;AXIN1;CAMK2G;DVL1;DVL2;DVL3;GNA11;GNAI2;MAP2K2;MAPK3;MEN1;PLCB3;RASD1;SCARB1;SLC25A23,0.8453255434901259,False
KEGG,4,"PHENYLALANINE, TYROSINE AND TRYPTOPHAN BIOSYNTHESIS",0.4785319886998701,1,676,6,6576,GOT2,0.8453255434901259,False
KEGG,4,PHOSPHONATE AND PHOSPHINATE METABOLISM,0.4785319886998701,1,676,6,6576,PCYT2,0.8453255434901259,False
KEGG,4,VITAMIN B6 METABOLISM,0.4785319886998701,1,676,6,6576,PDXK,0.8453255434901259,False
KEGG,4,P53 SIGNALING PATHWAY,0.508104114607393,7,676,65,6576,BAX;BCL2L1;CCND3;FASN;GADD45B;TSC2;ZNF385A,0.8860286252802796,False
KEGG,4,VITAMIN DIGESTION AND ABSORPTION,0.5089780704752145,3,676,26,6576,ABCD4;AMN;SCARB1,0.8860286252802796,False
KEGG,4,BASAL TRANSCRIPTION FACTORS,0.5143039721454497,4,676,36,6576,GTF2F1;GTF2I;TAF6;TAF6L,0.8860286252802796,False
KEGG,4,FATTY ACID DEGRADATION,0.5143039721454497,4,676,36,6576,ACADS;ACSL1;ALDH3A2;CPT1B,0.8860286252802796,False
KEGG,4,FERROPTOSIS,0.5143039721454497,4,676,36,6576,ACSL1;GPX4;PCBP1;PRNP,0.8860286252802796,False
KEGG,4,COCAINE ADDICTION,0.5184098443960853,5,676,46,6576,ATF6B;GNAI2;GPSM1;JUN;RELA,0.888702590393289,False
KEGG,4,HYPERTROPHIC CARDIOMYOPATHY,0.5322838946049504,10,676,96,6576,ACTG1;CACNG7;EMD;ITGA3;ITGA7;LMNA;PRKAB1;PRKAB2;SNTB2;TGFB1,0.896076392278092,False
KEGG,4,ALLOGRAFT REJECTION,0.5340066226737207,2,676,17,6576,FASN;HLA-DMA,0.896076392278092,False
KEGG,4,AFRICAN TRYPANOSOMIASIS,0.535168472966569,3,676,27,6576,FASN;MYD88;PLCB3,0.896076392278092,False
KEGG,4,MALARIA,0.536602789475928,4,676,37,6576,CD81;MYD88;TGFB1;THBS3,0.896076392278092,False
KEGG,4,OLFACTORY TRANSDUCTION,0.536602789475928,4,676,37,6576,ARRB2;CAMK2G;GNB1;GRK2,0.896076392278092,False
KEGG,4,VIRAL MYOCARDITIS,0.5381608217991989,5,676,47,6576,ACTG1;EIF4G1;FYN;HLA-DMA;SNTB2,0.896076392278092,False
KEGG,4,PROSTATE CANCER,0.5460027539466776,10,676,97,6576,AKT1;AKT2;ARAF;CLSTN1;GRB2;IKBKB;MAP2K2;MAPK3;PIK3R2;RELA,0.9048045636830658,False
KEGG,4,ANTIGEN PROCESSING AND PRESENTATION,0.5583753440457162,4,676,38,6576,CD74;CTSB;HLA-DMA;TAPBP,0.9160646159069293,False
KEGG,4,CITRATE CYCLE (TCA CYCLE),0.5605473688960748,3,676,28,6576,ACLY;DLST;OGDH,0.9160646159069293,False
KEGG,4,OXYTOCIN SIGNALING PATHWAY,0.5631995783907044,14,676,138,6576,ACTG1;CACNG7;CAMK2G;FOS;GNAI2;JUN;MAP2K2;MAPK3;PLA2G4B;PLCB3;PPP1R12C;PRKAB1;PRKAB2;RCAN1,0.9160646159069293,False
KEGG,4,CIRCADIAN ENTRAINMENT,0.5729251084802454,9,676,89,6576,CAMK2G;FOS;GNAI2;GNB1;GNB2;MAPK3;PER1;PLCB3;RASD1,0.9160646159069293,False
KEGG,4,NF-KAPPA B SIGNALING PATHWAY,0.5729251084802454,9,676,89,6576,BCL2L1;GADD45B;IKBKB;IRAK1;MYD88;PLCG1;RELA;SPNS1;TNFRSF1A,0.9160646159069293,False
KEGG,4,OOCYTE MEIOSIS,0.5731977864303249,11,676,109,6576,ANAPC2;CAMK2G;CDC16;MAD1L1;MAPK11;MAPK12;MAPK3;PPP2R1A;PPP2R5B;PPP2R5D;YWHAG,0.9160646159069293,False
KEGG,4,LONG-TERM POTENTIATION,0.5746820281435292,6,676,59,6576,ARAF;CAMK2G;MAP2K2;MAPK3;PLCB3;RAPGEF3,0.9160646159069293,False
KEGG,4,CGMP-PKG SIGNALING PATHWAY,0.5751264595029462,15,676,149,6576,AKT1;AKT2;ATF6B;ATP1A3;ATP1B3;GNA11;GNAI2;GTF2I;IRS2;MAP2K2;MAPK3;MEF2D;PLCB3;SRF;VASP,0.9160646159069293,False
KEGG,4,SPHINGOLIPID METABOLISM,0.57648893932074,5,676,49,6576,CERS2;GBA2;HEXA;SMPD1;SMPD4,0.9160646159069293,False
KEGG,4,N-GLYCAN BIOSYNTHESIS,0.5950104051194953,5,676,50,6576,B4GALT3;MAN2A2;MGAT4B;MOGS;RPN1,0.9340426597127411,False
KEGG,4,HISTIDINE METABOLISM,0.5958548001615763,2,676,19,6576,ALDH3A2;CNDP2,0.9340426597127411,False
KEGG,4,STEROID BIOSYNTHESIS,0.5958548001615763,2,676,19,6576,DHCR24;SH3D19,0.9340426597127411,False
KEGG,4,ALDOSTERONE SYNTHESIS AND SECRETION,0.6023670935290655,8,676,81,6576,ATF6B;ATP1A3;ATP1B3;CAMK2G;DAGLA;GNA11;PLCB3;SCARB1,0.9400168096328018,False
KEGG,4,FAT DIGESTION AND ABSORPTION,0.6201936343361237,4,676,41,6576,AGPAT1;AGPAT2;GOT2;SCARB1,0.9531301983021873,False
KEGG,4,AUTOIMMUNE THYROID DISEASE,0.624390681600278,2,676,20,6576,FASN;HLA-DMA,0.9531301983021873,False
KEGG,4,PANTOTHENATE AND COA BIOSYNTHESIS,0.624390681600278,2,676,20,6576,ALDH3A2;COASY,0.9531301983021873,False
KEGG,4,RENIN-ANGIOTENSIN SYSTEM,0.624390681600278,2,676,20,6576,CTSA;PITRM1,0.9531301983021873,False
KEGG,4,BILE SECRETION,0.6244646126807434,6,676,62,6576,ATP1A3;ATP1B3;EPHX1;RXRA;SCARB1;SLC4A2,0.9531301983021873,False
KEGG,4,ECM-RECEPTOR INTERACTION,0.6305752997938184,8,676,83,6576,AGRN;CXXC1;GP1BB;HSPG2;ITGA3;ITGA7;SDC4;THBS3,0.9582541673722655,False
KEGG,4,ARRHYTHMOGENIC RIGHT VENTRICULAR CARDIOMYOPATHY,0.644260326145261,8,676,84,6576,ACTG1;CACNG7;CTNNA1;EMD;ITGA3;ITGA7;LMNA;SNTB2,0.9747938847763079,False
KEGG,4,PROXIMAL TUBULE BICARBONATE RECLAMATION,0.6513403708559934,2,676,21,6576,ATP1A3;ATP1B3,0.9796042560400071,False
KEGG,4,SEROTONERGIC SYNAPSE,0.6530695040266714,9,676,95,6576,APP;ARAF;GNAI2;GNB1;GNB2;MAPK3;PLA2G4B;PLCB3;RAPGEF3,0.9796042560400071,False
KEGG,4,CAMP SIGNALING PATHWAY,0.6601205494071944,20,676,208,6576,AFDN;AKT1;AKT2;ATP1A3;ATP1B3;CAMK2G;CLSTN1;FOS;FXYD1;GABBR1;GNAI2;JUN;MAP2K2;MAPK3;PIK3R2;PKN1;PRKCSH;RAPGEF3;RELA;RRAS,0.98593112100302,False
KEGG,4,INSULIN SECRETION,0.6633926355745883,7,676,75,6576,ATF6B;ATP1A3;ATP1B3;CAMK2G;GNA11;PLCB3;VAMP2,0.9865839195724646,False
KEGG,4,ALPHA-LINOLENIC ACID METABOLISM,0.6767279648511885,2,676,22,6576,PLA2G4B;PLA2G6,0.9978869990178543,False
KEGG,4,LINOLEIC ACID METABOLISM,0.6767279648511885,2,676,22,6576,PLA2G4B;PLA2G6,0.9978869990178543,False
KEGG,4,GLUTAMATERGIC SYNAPSE,0.6845499271150728,10,676,108,6576,GNAI2;GNB1;GNB2;GRK2;MAPK3;NCDN;PLA2G4B;PLCB3;PRKCSH;SHANK3,1.0,False
KEGG,4,MOTOR PROTEINS,0.6937916379104113,16,676,171,6576,ACTG1;ACTR1A;ACTR1B;CAPZB;DCTN1;DYNLL2;KIF1C;KIFC2;MYH9;MYO15B;MYO18A;MYO9B;TUBA1A;TUBB4A;TUBB4B;TUBG2,1.0,False
KEGG,4,"ALANINE, ASPARTATE AND GLUTAMATE METABOLISM",0.6939604958921128,3,676,34,6576,ALDH4A1;COASY;GOT2,1.0,False
KEGG,4,TYPE I DIABETES MELLITUS,0.7005893592683998,2,676,23,6576,FASN;HLA-DMA,1.0,False
KEGG,4,MELANOGENESIS,0.7081617352136698,8,676,89,6576,CAMK2G;DVL1;DVL2;DVL3;GNAI2;MAP2K2;MAPK3;PLCB3,1.0,False
KEGG,4,ARACHIDONIC ACID METABOLISM,0.7103352646971779,4,676,46,6576,GPX4;PLA2G4B;PLA2G6;PTGDS,1.0,False
KEGG,4,CYSTEINE AND METHIONINE METABOLISM,0.7103352646971779,4,676,46,6576,AHCYL1;GOT2;PRNP;RAI1,1.0,False
KEGG,4,RNA DEGRADATION,0.7132108747112708,6,676,68,6576,EDC4;ENO2;ENO3;EXOSC10;PFKL;TENT4A,1.0,False
KEGG,4,CHEMICAL CARCINOGENESIS - DNA ADDUCTS,0.7229695749150298,2,676,24,6576,EPHX1;GSTK1,1.0,False
KEGG,4,GLYCOSAMINOGLYCAN BIOSYNTHESIS - HEPARAN SULFATE / HEPARIN,0.7229695749150298,2,676,24,6576,NDST1;NDST2,1.0,False
KEGG,4,DIABETIC CARDIOMYOPATHY,0.7234984728259356,15,676,164,6576,AKT1;AKT2;CAMK2G;CCNI;CLSTN1;CPT1B;CTSD;GYS1;MAPK11;MAPK12;PDK2;PIK3R2;PLCB3;RELA;TGFB1,1.0,False
KEGG,4,AMYOTROPHIC LATERAL SCLEROSIS,0.7439848880486943,28,676,301,6576,ACTG1;ACTR1A;ACTR1B;ANXA11;ATG101;ATG2A;ATXN2L;BAX;BCL2L1;CCNI;CHCHD10;DCTN1;HDAC6;MAP2K3;MAPK11;MAPK12;NXF1;OPTN;PFN1;PINK1;PSMD3;TNFRSF1A;TUBA1A;TUBB4A;TUBB4B;UBQLN4;ULK1;WIPI2,1.0,False
KEGG,4,SPINOCEREBELLAR ATAXIA,0.7546733818299104,12,676,136,6576,AKT1;AKT2;ATG101;ATG2A;ATXN2L;CIC;CLSTN1;PIK3R2;PLCB3;PSMD3;ULK1;WIPI2,1.0,False
KEGG,4,GLYCOSAMINOGLYCAN BIOSYNTHESIS - KERATAN SULFATE,0.7562291995768309,1,676,13,6576,B4GALT3,1.0,False
KEGG,4,VIRION - LASSA VIRUS AND SFTS VIRUS,0.7562291995768309,1,676,13,6576,MYH9,1.0,False
KEGG,4,HIPPO SIGNALING PATHWAY,0.766484588518518,13,676,148,6576,ACTG1;AXIN1;CCND3;CSNK1E;CTNNA1;DVL1;DVL2;DVL3;PPP2R1A;RASSF1;SLC25A23;TGFB1;YWHAG,1.0,False
KEGG,4,CELL CYCLE,0.7747093159229006,13,676,149,6576,ANAPC2;CCND3;CDC16;CDKN2D;E2F4;GADD45B;MAD1L1;MAU2;PPP2R1A;PPP2R5B;PPP2R5D;TGFB1;YWHAG,1.0,False
KEGG,4,VASCULAR SMOOTH MUSCLE CONTRACTION,0.7765618002712137,10,676,117,6576,ARAF;ARHGEF1;GNA11;MAP2K2;MAPK3;MYH9;PLA2G4B;PLA2G6;PLCB3;PPP1R12C,1.0,False
KEGG,4,GLYCOSPHINGOLIPID BIOSYNTHESIS - GLOBO AND ISOGLOBO SERIES,0.7813380005955817,1,676,14,6576,HEXA,1.0,False
KEGG,4,PHENYLALANINE METABOLISM,0.7813380005955817,1,676,14,6576,GOT2,1.0,False
KEGG,4,TAURINE AND HYPOTAURINE METABOLISM,0.7813380005955817,1,676,14,6576,GGT7,1.0,False
KEGG,4,SALIVARY SECRETION,0.7900288639686539,5,676,63,6576,ATP1A3;ATP1B3;PLCB3;SLC4A2;VAMP2,1.0,False
KEGG,4,ABC TRANSPORTERS,0.7943818359921175,3,676,40,6576,ABCB9;ABCD1;ABCD4,1.0,False
KEGG,4,MORPHINE ADDICTION,0.7947840070818596,7,676,86,6576,ARRB2;GABBR1;GNAI2;GNB1;GNB2;GRK2;GRK6,1.0,False
KEGG,4,PORPHYRIN METABOLISM,0.7987822684854231,2,676,28,6576,ALAD;GUSB,1.0,False
KEGG,4,PENTOSE AND GLUCURONATE INTERCONVERSIONS,0.8038639852949702,1,676,15,6576,GUSB,1.0,False
KEGG,4,DILATED CARDIOMYOPATHY,0.8119189005748879,8,676,99,6576,ACTG1;CACNG7;EMD;ITGA3;ITGA7;LMNA;SNTB2;TGFB1,1.0,False
KEGG,4,HEMATOPOIETIC CELL LINEAGE,0.8123006525629893,5,676,65,6576,CSF1;GP1BB;HLA-DMA;IL4R;ITGA3,1.0,False
KEGG,4,PPAR SIGNALING PATHWAY,0.8123006525629893,5,676,65,6576,ACSL1;CPT1B;PCDHGA5;RXRA;RXRB,1.0,False
KEGG,4,INTESTINAL IMMUNE NETWORK FOR IGA PRODUCTION,0.8146128506274153,2,676,29,6576,HLA-DMA;TGFB1,1.0,False
KEGG,4,CORTISOL SYNTHESIS AND SECRETION,0.8202703987398517,4,676,54,6576,ATF6B;GNA11;PLCB3;SCARB1,1.0,False
KEGG,4,METABOLISM OF XENOBIOTICS BY CYTOCHROME P450,0.8293208807976006,2,676,30,6576,EPHX1;GSTK1,1.0,False
KEGG,4,ONE CARBON POOL BY FOLATE,0.8293208807976006,2,676,30,6576,AHCYL1;ATIC,1.0,False
KEGG,4,ASTHMA,0.8422015980554889,1,676,17,6576,HLA-DMA,1.0,False
KEGG,4,FOLATE BIOSYNTHESIS,0.8422015980554889,1,676,17,6576,FPGS,1.0,False
KEGG,4,SELENOCOMPOUND METABOLISM,0.8422015980554889,1,676,17,6576,MARS1,1.0,False
KEGG,4,PEROXISOME,0.8445114220462978,6,676,80,6576,ABCD1;ABCD4;ACSL1;GSTK1;PEX5;PEX6,1.0,False
KEGG,4,SYSTEMIC LUPUS ERYTHEMATOSUS,0.8448058098389445,3,676,44,6576,ACTN1;ACTN4;HLA-DMA,1.0,False
KEGG,4,AXON GUIDANCE,0.8520185330403072,14,676,171,6576,ABLIM1;CAMK2G;CLSTN1;FYN;GNAI2;MAPK3;PIK3R2;PKN1;PLCG1;PLXNB1;PLXNB2;RRAS;SEMA4D;SMOX,1.0,False
KEGG,4,HUNTINGTON DISEASE,0.8541008199678137,22,676,258,6576,ACTR1A;ACTR1B;AP2A1;AP2A2;AP2B1;AP2M1;AP2S1;ATG101;ATG2A;BAX;CCNI;DCTN1;MAP2K7;MAP3K10;PLCB3;POLR2A;PSMD3;TUBA1A;TUBB4A;TUBB4B;ULK1;WIPI2,1.0,False
KEGG,4,"VALINE, LEUCINE AND ISOLEUCINE DEGRADATION",0.8556029321335494,3,676,45,6576,ACADS;ALDH3A2;BCKDHA,1.0,False
KEGG,4,RETINOL METABOLISM,0.8673348722599782,2,676,33,6576,RDH13;RETSAT,1.0,False
KEGG,4,BIOSYNTHESIS OF VARIOUS NUCLEOTIDE SUGARS,0.8730544662261236,1,676,19,6576,CYB5R1,1.0,False
KEGG,4,PARKINSON DISEASE,0.8738295694754996,18,676,219,6576,BAX;BCL2L1;CAMK2G;CCNI;GNAI2;HTRA2;MFN2;PINK1;PLCG1;PSMD3;SLC39A1;SLC39A13;SLC39A7;TUBA1A;TUBB4A;TUBB4B;UBA1;UBE2L6,1.0,False
KEGG,4,DRUG METABOLISM - OTHER ENZYMES,0.8752415034300848,3,676,47,6576,GUSB;IMPDH2;NME4,1.0,False
KEGG,4,OXIDATIVE PHOSPHORYLATION,0.883273092511425,7,676,97,6576,ATP6AP1;ATP6V0A1;ATP6V0C;ATP6V1B2;CCNI;LHPP;TCIRG1,1.0,False
KEGG,4,WNT SIGNALING PATHWAY,0.8858147739669865,12,676,155,6576,AXIN1;CAMK2G;CCND3;CSNK1E;CTBP1;DVL1;DVL2;DVL3;JUN;PLCB3;PRICKLE4;SLC25A23,1.0,False
KEGG,4,FOLATE TRANSPORT AND METABOLISM,0.8861420338380102,1,676,20,6576,FPGS,1.0,False
KEGG,4,TERPENOID BACKBONE BIOSYNTHESIS,0.8861420338380102,1,676,20,6576,MVD,1.0,False
KEGG,4,AMPHETAMINE ADDICTION,0.8933386639651044,4,676,62,6576,ATF6B;CAMK2G;FOS;JUN,1.0,False
KEGG,4,ARGININE BIOSYNTHESIS,0.8978821169871111,1,676,21,6576,GOT2,1.0,False
KEGG,4,GLYCOSAMINOGLYCAN BIOSYNTHESIS - CHONDROITIN SULFATE / DERMATAN SULFATE,0.8978821169871111,1,676,21,6576,CHPF2,1.0,False
KEGG,4,TGF-BETA SIGNALING PATHWAY,0.9009786934620588,7,676,100,6576,ACVR1B;E2F4;MAPK3;PPP2R1A;SKI;SMURF1;TGFB1,1.0,False
KEGG,4,PURINE METABOLISM,0.9015974722469281,8,676,112,6576,AMPD2;ATIC;COASY;ENTPD6;IMPDH2;NME4;NT5C;PGM1,1.0,False
KEGG,4,PYRIMIDINE METABOLISM,0.9075463274444616,3,676,51,6576,ENTPD6;NME4;NT5C,1.0,False
KEGG,4,BIOSYNTHESIS OF UNSATURATED FATTY ACIDS,0.9084132670888216,1,676,22,6576,TECR,1.0,False
KEGG,4,PHOTOTRANSDUCTION,0.9084132670888216,1,676,22,6576,GNB1,1.0,False
KEGG,4,OVARIAN STEROIDOGENESIS,0.9138252355946241,2,676,38,6576,PLA2G4B;SCARB1,1.0,False
KEGG,4,HORMONE SIGNALING,0.9159867337160459,15,676,196,6576,ADIPOR1;ADIPOR2;CLSTN1;GNA11;GNAI2;GNB1;GNB2;IRS2;NPRL3;PIK3R2;PLCB3;RAPGEF3;STAT5B;STK11;THRA,1.0,False
KEGG,4,BUTANOATE METABOLISM,0.9178598083533863,1,676,23,6576,ACADS,1.0,False
KEGG,4,GLYCOSPHINGOLIPID BIOSYNTHESIS - LACTO AND NEOLACTO SERIES,0.9178598083533863,1,676,23,6576,B4GALT3,1.0,False
KEGG,4,THYROID HORMONE SYNTHESIS,0.9189784461781162,4,676,66,6576,ATF6B;ATP1A3;ATP1B3;PLCB3,1.0,False
KEGG,4,NUCLEOTIDE EXCISION REPAIR,0.9206780706039361,3,676,53,6576,POLE;POLR2A;RAD23B,1.0,False
KEGG,4,TRYPTOPHAN METABOLISM,0.9210688633686284,2,676,39,6576,ALDH3A2;DLST,1.0,False
KEGG,4,FATTY ACID ELONGATION,0.9339338296373311,1,676,25,6576,TECR,1.0,False
KEGG,4,PANCREATIC SECRETION,0.9341985325847667,5,676,82,6576,ATP1A3;ATP1B3;PLCB3;RAB3D;SLC4A2,1.0,False
KEGG,4,RNA POLYMERASE,0.9407512210531704,1,676,26,6576,POLR2A,1.0,False
KEGG,4,GABAERGIC SYNAPSE,0.9423955131152189,5,676,84,6576,GABARAPL1;GABBR1;GNAI2;GNB1;GNB2,1.0,False
KEGG,4,PROTEASOME,0.94468865711407,2,676,43,6576,PSMD3;PSMF1,1.0,False
KEGG,4,FANCONI ANEMIA PATHWAY,0.9494449831747903,2,676,44,6576,EME2;MUS81,1.0,False
KEGG,4,DRUG METABOLISM - CYTOCHROME P450,0.9523506416198899,1,676,28,6576,GSTK1,1.0,False
KEGG,4,MUCIN TYPE O-GLYCAN BIOSYNTHESIS,0.9523506416198899,1,676,28,6576,GALNT2,1.0,False
KEGG,4,VIRAL PROTEIN INTERACTION WITH CYTOKINE AND CYTOKINE RECEPTOR,0.9543127259989698,3,676,60,6576,CSF1;IL6ST;TNFRSF1A,1.0,False
KEGG,4,GLYOXYLATE AND DICARBOXYLATE METABOLISM,0.9572698484410497,1,676,29,6576,ACSS2,1.0,False
KEGG,4,CARDIAC MUSCLE CONTRACTION,0.9576022581667818,4,676,75,6576,ATP1A3;ATP1B3;CACNG7;CCNI,1.0,False
KEGG,4,RENIN SECRETION,0.9611312483635108,3,676,62,6576,CTSB;GNAI2;PLCB3,1.0,False
KEGG,4,MINERAL ABSORPTION,0.9614828394602957,2,676,47,6576,ATP1A3;ATP1B3,1.0,False
KEGG,4,TYROSINE METABOLISM,0.9616818818080651,1,676,30,6576,GOT2,1.0,False
KEGG,4,RETROGRADE ENDOCANNABINOID SIGNALING,0.9684619996746369,8,676,132,6576,DAGLA;GNAI2;GNB1;GNB2;MAPK11;MAPK12;MAPK3;PLCB3,1.0,False
KEGG,4,CELL ADHESION MOLECULE (CAM) INTERACTION,0.9718993161664728,7,676,121,6576,HLA-DMA;NFASC;NLGN2;PPP1R9B;PTPRF;PTPRS;SDC4,1.0,False
KEGG,4,PRION DISEASE,0.9721841720074907,15,676,220,6576,ATF6B;BAX;CCNI;CLSTN1;EGR1;FYN;MAPK11;MAPK12;MAPK3;PIK3R2;PRNP;PSMD3;TUBA1A;TUBB4A;TUBB4B,1.0,False
KEGG,4,DNA REPLICATION,0.97237084860951,1,676,33,6576,POLE,1.0,False
KEGG,4,PROTEIN DIGESTION AND ABSORPTION,0.9768382581440123,4,676,83,6576,ATP1A3;ATP1B3;COL18A1;SLC36A1,1.0,False
KEGG,4,"GLYCINE, SERINE AND THREONINE METABOLISM",0.9777854135453999,1,676,35,6576,PGAM2,1.0,False
KEGG,4,CYTOKINE-CYTOKINE RECEPTOR INTERACTION,0.9817833421439746,13,676,204,6576,ACVR1B;CSF1;FASN;IFNGR1;IFNGR2;IL4R;IL6ST;RELL2;TGFB1;TNFRSF12A;TNFRSF1A;TNFRSF25;TNFSF12,1.0,False
KEGG,4,HOMOLOGOUS RECOMBINATION,0.9821401291735047,1,676,37,6576,MUS81,1.0,False
KEGG,4,COMPLEMENT AND COAGULATION CASCADES,0.9873789590251915,2,676,59,6576,CLU;ITGAX,1.0,False
KEGG,4,CORNIFIED ENVELOPE FORMATION,0.9892595376787124,8,676,149,6576,CAPN1;FURIN;GBA2;PLEC;PPP2R1A;PPP2R5B;PPP2R5D;RCAN1,1.0,False
KEGG,4,TASTE TRANSDUCTION,0.991369823600682,2,676,63,6576,GABBR1;PLCB3,1.0,False
KEGG,4,CHOLESTEROL METABOLISM,0.9933153389059621,1,676,46,6576,SCARB1,1.0,False
KEGG,4,STAPHYLOCOCCUS AUREUS INFECTION,0.9961300955701891,1,676,51,6576,HLA-DMA,1.0,False
KEGG,4,CALCIUM SIGNALING PATHWAY,0.9967856976218513,13,676,234,6576,CAMK2G;GNA11;MCOLN1;PHKA2;PHKG2;PLCB3;PLCD3;PLCG1;PTK2B;STIM1;TPCN1;VEGFA;VEGFB,1.0,False
KEGG,4,RIBOSOME BIOGENESIS IN EUKARYOTES,0.999251127578617,1,676,66,6576,NXF1,1.0,False
KEGG,4,NEUROACTIVE LIGAND SIGNALING,0.9999081398554873,6,676,182,6576,GABBR1;GNA11;GNAI2;GNB1;GNB2;PLCB3,1.0,False
KEGG,4,RIBOSOME,0.9999989912978712,1,676,126,6576,MRPL38,1.0,False
KEGG,4,NEUROACTIVE LIGAND-RECEPTOR INTERACTION,0.9999999999996356,3,676,317,6576,GABBR1;S1PR4;THRA,1.0,False
KEGG,4,D-AMINO ACID METABOLISM,1.0,0,676,5,6576,,1.0,False
KEGG,4,MATURITY ONSET DIABETES OF THE YOUNG,1.0,0,676,22,6576,,1.0,False
KEGG,4,MISMATCH REPAIR,1.0,0,676,21,6576,,1.0,False
KEGG,4,NICOTINE ADDICTION,1.0,0,676,38,6576,,1.0,False
KEGG,4,NITROGEN METABOLISM,1.0,0,676,17,6576,,1.0,False
KEGG,4,NON-HOMOLOGOUS END-JOINING,1.0,0,676,13,6576,,1.0,False
KEGG,4,PRIMARY BILE ACID BIOSYNTHESIS,1.0,0,676,16,6576,,1.0,False
KEGG,4,PRIMARY IMMUNODEFICIENCY,1.0,0,676,31,6576,,1.0,False
KEGG,4,RIBOFLAVIN METABOLISM,1.0,0,676,8,6576,,1.0,False
KEGG,4,STEROID HORMONE BIOSYNTHESIS,1.0,0,676,31,6576,,1.0,False
KEGG,4,SULFUR METABOLISM,1.0,0,676,9,6576,,1.0,False
KEGG,4,SULFUR RELAY SYSTEM,1.0,0,676,8,6576,,1.0,False
KEGG,4,THIAMINE METABOLISM,1.0,0,676,11,6576,,1.0,False
KEGG,4,UBIQUINONE AND OTHER TERPENOID-QUINONE BIOSYNTHESIS,1.0,0,676,12,6576,,1.0,False
KEGG,4,"VIRION - EBOLAVIRUS, LYSSAVIRUS AND MORBILLIVIRUS",1.0,0,676,8,6576,,1.0,False
KEGG,4,VIRION - HERPESVIRUS,1.0,0,676,6,6576,,1.0,False
KEGG,5,FANCONI ANEMIA PATHWAY,1.4289682426346256e-16,25,541,44,6576,BLM;BRCA1;BRCA2;EME1;ERCC4;FAAP24;FANCC;FANCD2;FANCI;FANCL;FANCM;PALB2;PMS2;POLH;POLI;POLK;POLN;POLR1B;RAD51;RAD51C;RMI1;RMI2;RPA3;TOP3A;UBE2T,4.9728094843684973e-14,True
KEGG,5,CELL CYCLE,2.612476279819065e-15,45,541,149,6576,ANAPC10;ANAPC15;ATRX;AURKB;BUB1;BUB1B;BUB3;CCNA2;CCNB1;CCNB2;CCNE1;CCNE2;CDC23;CDC25A;CDC25C;CDC26;CDC45;CDC6;CDC7;CDCA5;CDK1;CHEK1;CHEK2;DBF4;E2F1;E2F2;E2F5;ESCO2;FBXO5;HDAC8;KNL1;MAD2L1;MTBP;NDC80;ORC5;PCNA;RBL1;SGO1;SLC25A15;SLC25A2;SMAD2;SMC3;TICRR;TTK;ZNF367,4.545708726885173e-13,True
KEGG,5,HOMOLOGOUS RECOMBINATION,4.2248767459472423e-14,21,541,37,6576,ABRAXAS1;BARD1;BLM;BRCA1;BRCA2;EME1;MRE11;PALB2;POLR1B;RAD51;RAD51B;RAD51C;RAD51D;RAD52;RAD54B;RAD54L;RBBP8;RPA3;TOP3A;UIMC1;XRCC2,4.900857025298801e-12,True
KEGG,5,AMINOACYL-TRNA BIOSYNTHESIS,4.0614639870036565e-09,14,541,27,6576,DARS2;DTD1;EARS2;FARS2;FARSB;MARS2;MTFMT;NARS2;PARS2;PSTK;QRSL1;RARS2;SEPSECS;WARS2,3.533473668693181e-07,True
KEGG,5,DNA REPLICATION,1.040757859682237e-07,14,541,33,6576,DNA2;PCNA;POLA1;POLA2;POLE2;POLR1B;PRIM1;PRIM2;RFC2;RFC3;RFC4;RNASEH1;RNASEH2B;RPA3,7.243674703388369e-06,True
KEGG,5,MISMATCH REPAIR,1.741740151028573e-07,11,541,21,6576,EXO1;MLH3;MSH2;MSH3;PCNA;PMS2;POLR1B;RFC2;RFC3;RFC4;RPA3,1.0102092875965725e-05,True
KEGG,5,NUCLEOTIDE EXCISION REPAIR,1.4527049763994083e-05,15,541,53,6576,CUL4B;ERCC4;ERCC6;ERCC8;GTF2H1;MNAT1;PCNA;POLE2;POLR1B;POLR2D;RFC2;RFC3;RFC4;RPA3;XPA,0.0007222019025528488,True
KEGG,5,NUCLEOCYTOPLASMIC TRANSPORT,5.23368148720767e-05,19,541,86,6576,IPO9;KPNA3;MAGOHB;NDC1;NUP107;NUP155;NUP160;NUP35;NUP37;NUP43;NUP88;NUP93;NXT2;PHAX;RANBP17;THOC3;TMEM33;UPF3B;XPO4,0.0022766514469353366,True
KEGG,5,BASE EXCISION REPAIR,0.00026863591442587544,11,541,40,6576,APTX;NEIL3;PARG;PCNA;POLE2;POLG2;RFC2;RFC3;RFC4;TDP1;UNG,0.010387255357800516,True
KEGG,5,RNA DEGRADATION,0.0003238389638014447,15,541,68,6576,CNOT10;CNOT4;CNOT6;CNOT7;DCP2;DCPS;EXOSC1;EXOSC3;EXOSC8;LSM6;LSM8;MPHOSPH6;PNPT1;TENT4B;ZCCHC7,0.011269595940290277,True
KEGG,5,POLYCOMB REPRESSIVE COMPLEX,0.0004249921652435653,16,541,77,6576,AEBP2;ASXL2;AURKB;E2F6;EED;EZH2;L3MBTL1;L3MBTL3;LCOR;MTF2;PCGF6;PHC3;RNF2;SFMBT1;USP45;YAF2,0.013445206682250974,True
KEGG,5,RIBOSOME BIOGENESIS IN EUKARYOTES,0.0007731367828507966,14,541,66,6576,BMS1;FCF1;GAR1;NVL;NXT2;RBM28;RIOK2;RPP38;RPP40;UTP15;UTP4;WDR3;WDR43;WDR75,0.021976586695001826,True
KEGG,5,RNA POLYMERASE,0.0008209644455029418,8,541,26,6576,CRCP;POLR1B;POLR1E;POLR1F;POLR2D;POLR3A;POLR3B;POLR3F,0.021976586695001826,True
KEGG,5,BASAL TRANSCRIPTION FACTORS,0.0020204999135100287,9,541,36,6576,GTF2E1;GTF2F2;GTF2H1;MNAT1;TAF12;TAF13;TAF5;TAF8;TBPL1,0.05022385499296357,False
KEGG,5,NON-HOMOLOGOUS END-JOINING,0.0027263076899260463,5,541,13,6576,DCLRE1C;LIG4;MRE11;NHEJ1;XRCC4,0.06325033840628427,False
KEGG,5,PEROXISOME,0.005177613850915816,14,541,80,6576,AMACR;CROT;NUDT12;NUDT13;NUDT7;PECR;PEX12;PEX13;PEX2;PEX3;PXMP4;SLC25A17;SYCP2;ZNF260,0.11261310125741901,False
KEGG,5,UBIQUITIN MEDIATED PROTEOLYSIS,0.005794672347728549,20,541,133,6576,ANAPC10;ANAPC15;BRCA1;CDC23;CDC26;CUL4B;CUL5;DET1;ELOC;ERCC8;FANCL;FBXO4;PIAS2;TRAF6;TRIM32;UBA6;UBE2G1;UBE2Q2;UBE2W;VHL,0.11862035158879618,False
KEGG,5,GLYCOSYLPHOSPHATIDYLINOSITOL (GPI)-ANCHOR BIOSYNTHESIS,0.006307617876672298,7,541,28,6576,PIGC;PIGK;PIGL;PIGM;PIGN;PIGV;PIGX,0.12194727894899776,False
KEGG,5,PROGESTERONE-MEDIATED OOCYTE MATURATION,0.008043172249141028,14,541,84,6576,ANAPC10;ANAPC15;AURKA;BUB1;CCNA2;CCNB1;CCNB2;CDC23;CDC25A;CDC25C;CDC26;CDK1;GNAI3;MAD2L1,0.14731704961584619,False
KEGG,5,CELLULAR SENESCENCE,0.008727015791210437,20,541,138,6576,CCNA2;CCNB1;CCNB2;CCNE1;CCNE2;CDC25A;CDK1;CHEK1;CHEK2;E2F1;E2F2;E2F5;FOXM1;LIN52;LIN9;MRE11;MYBL2;RBL1;SMAD2;TSC1,0.1518500747670616,False
KEGG,5,P53 SIGNALING PATHWAY,0.01594656727267745,11,541,65,6576,CASP3;CCNB1;CCNB2;CCNE1;CCNE2;CDK1;CHEK1;CHEK2;GORAB;GTSE1;RRM2B,0.23639968777229753,False
KEGG,5,OOCYTE MEIOSIS,0.015965072496538977,16,541,109,6576,ANAPC10;ANAPC15;AURKA;BUB1;CCNB1;CCNB2;CCNE1;CCNE2;CDC23;CDC25C;CDC26;CDK1;FBXO5;MAD2L1;SGO1;SMC3,0.23639968777229753,False
KEGG,5,BIOSYNTHESIS OF VARIOUS NUCLEOTIDE SUGARS,0.01630342674291707,5,541,19,6576,CYB5R4;CYB5RL;NANP;TGDS;UGDH,0.23639968777229753,False
KEGG,5,LIPOIC ACID METABOLISM,0.01630342674291707,5,541,19,6576,BCKDHB;DBT;GCSH;LIPT1;LIPT2,0.23639968777229753,False
KEGG,5,PORPHYRIN METABOLISM,0.02382495632347709,6,541,28,6576,COX10;COX15;EARS2;FECH;FXN;HMOX2,0.33164339202280113,False
KEGG,5,MRNA SURVEILLANCE PATHWAY,0.029414729163726314,12,541,80,6576,CPSF2;CPSF6;CSTF1;CSTF2T;CSTF3;HBS1L;MAGOHB;NXT2;PAPOLG;RNGTT;RNMT;UPF3B,0.39370483649910604,False
KEGG,5,VIRAL CARCINOGENESIS,0.07309133505439813,18,541,152,6576,CASP3;CCNA2;CCNE1;CCNE2;CDC42;CDK1;CHEK1;CNOT6;CREB1;EIF2AK2;GTF2E1;GTF2H1;HDAC8;POLG2;PSMC1;RBL1;TANK;TBPL1,0.942066096256687,False
KEGG,5,PYRIMIDINE METABOLISM,0.12221431198221035,7,541,51,6576,AK9;CTPS2;NME6;RRM2B;TK1;TYMS;UMPS,1.0,False
KEGG,5,NICOTINATE AND NICOTINAMIDE METABOLISM,0.1430855667017764,5,541,34,6576,NMNAT1;NMNAT3;NUDT12;NUDT13;SIRT5,1.0,False
KEGG,5,AMINO SUGAR AND NUCLEOTIDE SUGAR METABOLISM,0.1563868619757745,5,541,35,6576,FPGT;GALK2;GNPNAT1;PGM3;UGDH,1.0,False
KEGG,5,COBALAMIN TRANSPORT AND METABOLISM,0.1593716607483743,3,541,17,6576,LMBRD1;MTRR;ZNF143,1.0,False
KEGG,5,SELENOCOMPOUND METABOLISM,0.1593716607483743,3,541,17,6576,MARS2;PSTK;SEPSECS,1.0,False
KEGG,5,MOTOR PROTEINS,0.16553950691655805,18,541,171,6576,CENPE;DCTN5;DNAH14;DYNC2H1;DYNC2LI1;KIF11;KIF14;KIF15;KIF18B;KIF20A;KIF20B;KIF23;KIF24;KIF27;KIF2C;KIF3A;MYO1H;TUBD1,1.0,False
KEGG,5,HUMAN T-CELL LEUKEMIA VIRUS 1 INFECTION,0.1783657697194051,20,541,195,6576,ANAPC10;ANAPC15;BUB1B;BUB3;CCNA2;CCNB2;CCNE1;CCNE2;CDC23;CDC26;CHEK1;CHEK2;CREB1;E2F1;E2F2;MAD2L1;NFYB;POLG2;SMAD2;TBPL1,1.0,False
KEGG,5,LYSINE DEGRADATION,0.18524323512939395,7,541,57,6576,CAMKMT;EZH2;HYKK;NSD2;SETDB2;SMYD3;SUV39H2,1.0,False
KEGG,5,DRUG METABOLISM - OTHER ENZYMES,0.18614628348166382,6,541,47,6576,GMPS;NME6;RRM2B;TK1;TPMT;UMPS,1.0,False
KEGG,5,TERPENOID BACKBONE BIOSYNTHESIS,0.2239944258150098,3,541,20,6576,HMGCR;PDSS1;PDSS2,1.0,False
KEGG,5,N-GLYCAN BIOSYNTHESIS,0.22588860902968896,6,541,50,6576,ALG11;ALG14;ALG6;ALG9;MAN1A2;SRD5A3,1.0,False
KEGG,5,THIAMINE METABOLISM,0.2274992196281858,2,541,11,6576,NFS1;TPK1,1.0,False
KEGG,5,ONE CARBON POOL BY FOLATE,0.2302035195161821,4,541,30,6576,GCSH;MTHFD2L;SHMT1;TYMS,1.0,False
KEGG,5,TUBERCULOSIS,0.2350953908064584,14,541,137,6576,ATP6V0A2;BCL10;CASP3;CEBPG;CREB1;IRAK4;LAMP2;NFYA;NFYB;PIK3C3;RFXAP;RIPK2;TIRAP;TRAF6,1.0,False
KEGG,5,SNARE INTERACTIONS IN VESICULAR TRANSPORT,0.24854438867862733,4,541,31,6576,STX17;STX7;VAMP4;VTI1A,1.0,False
KEGG,5,UBIQUINONE AND OTHER TERPENOID-QUINONE BIOSYNTHESIS,0.2590736932486437,2,541,12,6576,COQ2;COQ3,1.0,False
KEGG,5,PANCREATIC CANCER,0.2737631020904181,8,541,75,6576,BRCA2;CDC42;E2F1;E2F2;POLK;RAD51;RPS6KB1;SMAD2,1.0,False
KEGG,5,SMALL CELL LUNG CANCER,0.28579275941826393,9,541,87,6576,CASP3;CCNE1;CCNE2;E2F1;E2F2;FHIT;POLK;TANK;TRAF6,1.0,False
KEGG,5,SPLICEOSOME,0.2915713835993988,12,541,121,6576,AQR;CDC40;CRNKL1;LSM6;LSM8;MAGOHB;PPIH;RBMX2;SNIP1;SNRNP27;SNRPB2;THOC3,1.0,False
KEGG,5,MANNOSE TYPE O-GLYCAN BIOSYNTHESIS,0.2926240136458863,3,541,23,6576,B3GALNT2;FKTN;POMK,1.0,False
KEGG,5,INOSITOL PHOSPHATE METABOLISM,0.2982829014788008,8,541,77,6576,IMPA1;IPPK;MINPP1;MTMR2;MTMR6;MTMR9;PIK3C3;PPIP5K2,1.0,False
KEGG,5,HEPATITIS B,0.31742370211083093,13,541,135,6576,BIRC5;CASP3;CCNA2;CCNE1;CCNE2;CREB1;E2F1;E2F2;IRAK4;PCNA;TBK1;TIRAP;TRAF6,1.0,False
KEGG,5,AUTOPHAGY - ANIMAL,0.34134215757057507,14,541,149,6576,ATG3;ATG4C;LAMP2;PIK3C3;RAB33B;RPS6KB1;RRAGB;STX17;STX7;TANK;TBK1;TRAF6;TSC1;VPS41,1.0,False
KEGG,5,PENTOSE AND GLUCURONATE INTERCONVERSIONS,0.3532039311473226,2,541,15,6576,FGGY;UGDH,1.0,False
KEGG,5,ANTIGEN PROCESSING AND PRESENTATION,0.38215575161455306,4,541,38,6576,CREB1;NFYA;NFYB;RFXAP,1.0,False
KEGG,5,FATTY ACID BIOSYNTHESIS,0.38376391225232886,2,541,16,6576,CBR4;OXSM,1.0,False
KEGG,5,PRIMARY BILE ACID BIOSYNTHESIS,0.38376391225232886,2,541,16,6576,AMACR;SYCP2,1.0,False
KEGG,5,PHOSPHONATE AND PHOSPHINATE METABOLISM,0.4026842540861057,1,541,6,6576,SELENOI,1.0,False
KEGG,5,HUMAN IMMUNODEFICIENCY VIRUS 1 INFECTION,0.42777051447979453,15,541,170,6576,CASP3;CCNB1;CCNB2;CDC25C;CDK1;CHEK1;CUL4B;CUL5;ELOC;GNAI3;IRAK4;RPS6KB1;TANK;TBK1;TRAF6,1.0,False
KEGG,5,FRUCTOSE AND MANNOSE METABOLISM,0.43104626409541874,3,541,29,6576,FPGT;PCNX4;TIGAR,1.0,False
KEGG,5,VARIOUS TYPES OF N-GLYCAN BIOSYNTHESIS,0.4394071234148092,4,541,41,6576,ALG11;ALG14;ALG9;MAN1A2,1.0,False
KEGG,5,VASOPRESSIN-REGULATED WATER REABSORPTION,0.4394071234148092,4,541,41,6576,CREB1;DCTN5;DYNC2H1;DYNC2LI1,1.0,False
KEGG,5,CYTOSOLIC DNA-SENSING PATHWAY,0.44433538224917773,5,541,53,6576,CASP3;POLR3A;POLR3B;POLR3F;TBK1,1.0,False
KEGG,5,EPSTEIN-BARR VIRUS INFECTION,0.4456999761209914,14,541,160,6576,CASP3;CCNA2;CCNE1;CCNE2;E2F1;E2F2;EIF2AK2;IRAK4;POLK;PSMC1;PSMD12;TANK;TBK1;TRAF6,1.0,False
KEGG,5,AUTOPHAGY - OTHER,0.4533621246042228,3,541,30,6576,ATG3;ATG4C;PIK3C3,1.0,False
KEGG,5,STEROID BIOSYNTHESIS,0.4712132358373121,2,541,19,6576,LMBR1;SC5D,1.0,False
KEGG,5,PRIMARY IMMUNODEFICIENCY,0.4753068820248225,3,541,31,6576,DCLRE1C;RFXAP;UNG,1.0,False
KEGG,5,PROPANOATE METABOLISM,0.4753068820248225,3,541,31,6576,BCKDHB;DBT;HIBCH,1.0,False
KEGG,5,SULFUR RELAY SYSTEM,0.49701172732150595,1,541,8,6576,NFS1,1.0,False
KEGG,5,FOLATE TRANSPORT AND METABOLISM,0.4986819925064566,2,541,20,6576,SHMT1;TYMS,1.0,False
KEGG,5,COLORECTAL CANCER,0.5040992108075325,7,541,81,6576,BIRC5;CASP3;MSH2;MSH3;POLK;RPS6KB1;SMAD2,1.0,False
KEGG,5,"VALINE, LEUCINE AND ISOLEUCINE DEGRADATION",0.513043593871398,4,541,45,6576,ACADSB;BCKDHB;DBT;HIBCH,1.0,False
KEGG,5,PHOSPHATIDYLINOSITOL SIGNALING SYSTEM,0.5144678091926209,8,541,94,6576,CHEK2;IMPA1;IPPK;MTMR2;MTMR6;MTMR9;PIK3C3;PPIP5K2,1.0,False
KEGG,5,SULFUR METABOLISM,0.5384423995990736,1,541,9,6576,BPNT1,1.0,False
KEGG,5,PERTUSSIS,0.5407897120504941,5,541,59,6576,CASP3;GNAI3;IRAK4;TIRAP;TRAF6,1.0,False
KEGG,5,PHOTOTRANSDUCTION,0.5507922297769295,2,541,22,6576,RCVRN;SLC24A1,1.0,False
KEGG,5,"GLYCINE, SERINE AND THREONINE METABOLISM",0.558586021020566,3,541,35,6576,GCSH;PSPH;SHMT1,1.0,False
KEGG,5,BUTANOATE METABOLISM,0.5753796789322669,2,541,23,6576,ALDH5A1;BDH1,1.0,False
KEGG,5,SALMONELLA INFECTION,0.6139870460214074,17,541,216,6576,CASP3;CDC42;DCTN5;DYNC2H1;DYNC2LI1;EXOC2;FBXO22;GCC2;IRAK4;KPNA3;PIK3C3;RAB9A;RIPK2;TANK;TIRAP;TRAF6;VPS41,1.0,False
KEGG,5,RIG-I-LIKE RECEPTOR SIGNALING PATHWAY,0.6141889327437068,4,541,51,6576,SIKE1;TANK;TBK1;TRAF6,1.0,False
KEGG,5,FATTY ACID ELONGATION,0.6215618083917671,2,541,25,6576,MBLAC2;THEM4,1.0,False
KEGG,5,MITOPHAGY - ANIMAL,0.6417760048692707,7,541,92,6576,DAND5;E2F1;MTX3;TANK;TBK1;USP30;USP8,1.0,False
KEGG,5,MEASLES,0.6426435984150791,8,541,105,6576,CASP3;CCNE1;CCNE2;EIF2AK2;IRAK4;RAB9A;TBK1;TRAF6,1.0,False
KEGG,5,PENTOSE PHOSPHATE PATHWAY,0.6637703426593038,2,541,27,6576,PCNX4;RBKS,1.0,False
KEGG,5,ATP-DEPENDENT CHROMATIN REMODELING,0.6643100265176106,7,541,94,6576,ACTR6;ACTR8;BAZ1A;ING3;PHF6;UCHL5;YEATS4,1.0,False
KEGG,5,VIRION - LASSA VIRUS AND SFTS VIRUS,0.6727808484010178,1,541,13,6576,LAMP2,1.0,False
KEGG,5,PROTEIN EXPORT,0.6834135052367913,2,541,28,6576,IMMP2L;SRP19,1.0,False
KEGG,5,ASCORBATE AND ALDARATE METABOLISM,0.6997541168780937,1,541,14,6576,UGDH,1.0,False
KEGG,5,TAURINE AND HYPOTAURINE METABOLISM,0.6997541168780937,1,541,14,6576,FMO4,1.0,False
KEGG,5,APOPTOSIS - MULTIPLE SPECIES,0.702107374950967,2,541,29,6576,BIRC5;CASP3,1.0,False
KEGG,5,GLYOXYLATE AND DICARBOXYLATE METABOLISM,0.702107374950967,2,541,29,6576,GCSH;SHMT1,1.0,False
KEGG,5,MICRORNAS IN CANCER,0.7083410856922865,11,541,151,6576,BRCA1;CASP3;CCNE1;CCNE2;CDC25A;CDC25C;CDCA5;E2F1;E2F2;EZH2;KIF23,1.0,False
KEGG,5,GLYCOSPHINGOLIPID BIOSYNTHESIS - GANGLIO SERIES,0.7245077015731489,1,541,15,6576,SLC33A1,1.0,False
KEGG,5,CUSHING SYNDROME,0.7261824012306902,10,541,140,6576,CCNE1;CCNE2;CREB1;DAND5;E2F1;E2F2;GNAI3;RAP1B;RBBP5;USP8,1.0,False
KEGG,5,TGF-BETA SIGNALING PATHWAY,0.7265152619908852,7,541,100,6576,ACVR2B;DAND5;E2F5;RBL1;RPS6KB1;SMAD2;SMAD5,1.0,False
KEGG,5,STEROID HORMONE BIOSYNTHESIS,0.7367416521989498,2,541,31,6576,SRD5A1;SRD5A3,1.0,False
KEGG,5,ADHERENS JUNCTION,0.7420511960441687,6,541,88,6576,CDC42;FER;KRIT1;PDCD10;RAP1B;SSX2IP,1.0,False
KEGG,5,CIRCADIAN RHYTHM,0.7527353087272495,2,541,32,6576,CREB1;CRY1,1.0,False
KEGG,5,MINERAL ABSORPTION,0.7551882874784978,3,541,47,6576,ATP7A;HMOX2;SLC31A1,1.0,False
KEGG,5,FOLATE BIOSYNTHESIS,0.7680702713867252,1,541,17,6576,PCBD2,1.0,False
KEGG,5,NITROGEN METABOLISM,0.7680702713867252,1,541,17,6576,CA14,1.0,False
KEGG,5,RENAL CELL CARCINOMA,0.773199774252989,4,541,63,6576,CDC42;ELOC;RAP1B;VHL,1.0,False
KEGG,5,PROTEIN PROCESSING IN ENDOPLASMIC RETICULUM,0.776466299537764,11,541,160,6576,BAG2;DERL2;DNAJC10;EDEM3;MAN1A2;MBTPS2;SVIP;TANK;UBE2G1;UBXN2A;YOD1,1.0,False
KEGG,5,SPHINGOLIPID METABOLISM,0.7799779581071565,3,541,49,6576,ACER3;SGMS1;SGPL1,1.0,False
KEGG,5,"ALANINE, ASPARTATE AND GLUTAMATE METABOLISM",0.7822212510074545,2,541,34,6576,ALDH5A1;NIT2,1.0,False
KEGG,5,ENDOCYTOSIS,0.7976076613956609,15,541,217,6576,CDC42;PARD6B;RAB11FIP2;RUFY2;SMAD2;SNX2;SNX4;STAM;STAM2;STAMBP;TRAF6;USP8;VPS37A;VPS45;VTA1,1.0,False
KEGG,5,SPINOCEREBELLAR ATAXIA,0.798590498670779,9,541,136,6576,DAND5;FGF14;NFYA;OMA1;PIK3C3;PSMC1;PSMD12;TANK;TBPL1,1.0,False
KEGG,5,HEDGEHOG SIGNALING PATHWAY,0.8026643254252344,3,541,51,6576,CSNK1G3;EFCAB7;KIF3A,1.0,False
KEGG,5,KAPOSI SARCOMA-ASSOCIATED HERPESVIRUS INFECTION,0.8196892017676379,10,541,153,6576,ATG3;CASP3;CNOT6;CREB1;E2F1;E2F2;EIF2AK2;PIK3C3;TANK;TBK1,1.0,False
KEGG,5,BLADDER CANCER,0.8206605518938676,2,541,37,6576,E2F1;E2F2,1.0,False
KEGG,5,AUTOIMMUNE THYROID DISEASE,0.8208642710215518,1,541,20,6576,CTLA4,1.0,False
KEGG,5,PANTOTHENATE AND COA BIOSYNTHESIS,0.8208642710215518,1,541,20,6576,PPCS,1.0,False
KEGG,5,HEPATITIS C,0.8250362031891377,8,541,126,6576,CASP3;E2F1;E2F2;EIF2AK2;RNASEL;TANK;TBK1;TRAF6,1.0,False
KEGG,5,NON-SMALL CELL LUNG CANCER,0.830805622201992,4,541,69,6576,E2F1;E2F2;FHIT;POLK,1.0,False
KEGG,5,BIOSYNTHESIS OF UNSATURATED FATTY ACIDS,0.849211010821526,1,541,22,6576,SYCP2,1.0,False
KEGG,5,OTHER TYPES OF O-GLYCAN BIOSYNTHESIS,0.8529059442667061,2,541,40,6576,C1GALT1C1;POGLUT1,1.0,False
KEGG,5,HERPES SIMPLEX VIRUS 1 INFECTION,0.8556179298408317,8,541,131,6576,CASP3;EIF2AK2;IRAK4;RNASEL;TANK;TBK1;TRAF6;TSC1,1.0,False
KEGG,5,NF-KAPPA B SIGNALING PATHWAY,0.8672342480340572,5,541,89,6576,BCL10;IRAK4;TANK;TIRAP;TRAF6,1.0,False
KEGG,5,HUMAN PAPILLOMAVIRUS INFECTION,0.8712163891216181,19,541,287,6576,ATP6V0A2;CASP3;CCNA2;CCNE1;CCNE2;CDC42;CNKSR3;CREB1;E2F1;EIF2AK2;PALS1;PARD6B;PSEN1;PSMC1;RBL1;RPS6KB1;TBK1;TBPL1;TSC1,1.0,False
KEGG,5,LEGIONELLOSIS,0.8713715431423411,2,541,42,6576,CASP3;HBS1L,1.0,False
KEGG,5,AMYOTROPHIC LATERAL SCLEROSIS,0.8728061106299924,20,541,301,6576,CASP3;DCTN5;DNAH14;NDC1;NDUFA5;NUP107;NUP155;NUP160;NUP35;NUP37;NUP43;NUP88;NUP93;NXT2;PIK3C3;PRPH2;PSMC1;PSMD12;TANK;TBK1,1.0,False
KEGG,5,LYSOSOME,0.8747270499599604,7,541,120,6576,AP3M1;AP4S1;ATP6V0A2;CLN5;CTSO;LAMP2;MFSD8,1.0,False
KEGG,5,INSULIN SECRETION,0.8757029353538156,4,541,75,6576,CREB1;GPR119;KCNMB3;RIPK2,1.0,False
KEGG,5,PROTEASOME,0.8797830596198072,2,541,43,6576,PSMC1;PSMD12,1.0,False
KEGG,5,IL-17 SIGNALING PATHWAY,0.8820910284947121,4,541,76,6576,CASP3;TANK;TBK1;TRAF6,1.0,False
KEGG,5,COLLECTING DUCT ACID SECRETION,0.8835589696070286,1,541,25,6576,ATP6V0A2,1.0,False
KEGG,5,GLUTATHIONE METABOLISM,0.8876843413176165,2,541,44,6576,CHAC2;RRM2B,1.0,False
KEGG,5,GALACTOSE METABOLISM,0.8931749973039601,1,541,26,6576,GANC,1.0,False
KEGG,5,STARCH AND SUCROSE METABOLISM,0.8931749973039601,1,541,26,6576,GANC,1.0,False
KEGG,5,VITAMIN DIGESTION AND ABSORPTION,0.8931749973039601,1,541,26,6576,LMBRD1,1.0,False
KEGG,5,HIPPO SIGNALING PATHWAY - MULTIPLE SPECIES,0.9019982532518314,1,541,27,6576,NF2,1.0,False
KEGG,5,COCAINE ADDICTION,0.9020625844080082,2,541,46,6576,CREB1;GNAI3,1.0,False
KEGG,5,NOD-LIKE RECEPTOR SIGNALING PATHWAY,0.9034154339666405,7,541,126,6576,IRAK4;RIPK2;RNASEL;SUGT1;TANK;TBK1;TRAF6,1.0,False
KEGG,5,RIBOSOME,0.9034154339666405,7,541,126,6576,MRPL15;MRPL19;MRPL42;MRPS17;MRPS22;MRPS33;RPL22L1,1.0,False
KEGG,5,TOLL-LIKE RECEPTOR SIGNALING PATHWAY,0.9048708306149418,4,541,80,6576,IRAK4;TBK1;TIRAP;TRAF6,1.0,False
KEGG,5,THERMOGENESIS,0.9049367534454075,11,541,185,6576,COA7;COX10;COX15;COX18;CREB1;NDUFA5;NDUFAF1;NDUFAF2;NDUFAF5;RPS6KB1;TSC1,1.0,False
KEGG,5,EPITHELIAL CELL SIGNALING IN HELICOBACTER PYLORI INFECTION,0.9068271381125647,3,541,64,6576,ATP6V0A2;CASP3;CDC42,1.0,False
KEGG,5,NEUROTROPHIN SIGNALING PATHWAY,0.9083307447750701,6,541,112,6576,CDC42;IRAK4;PSEN1;RAP1B;RIPK2;TRAF6,1.0,False
KEGG,5,PURINE METABOLISM,0.9083307447750701,6,541,112,6576,ADPRM;AK9;FHIT;GMPS;NME6;RRM2B,1.0,False
KEGG,5,DRUG METABOLISM - CYTOCHROME P450,0.9100939846597959,1,541,28,6576,FMO4,1.0,False
KEGG,5,MUCIN TYPE O-GLYCAN BIOSYNTHESIS,0.9100939846597959,1,541,28,6576,C1GALT1C1,1.0,False
KEGG,5,PROSTATE CANCER,0.9104640794590697,5,541,97,6576,CCNE1;CCNE2;CREB1;E2F1;E2F2,1.0,False
KEGG,5,GLYCEROPHOSPHOLIPID METABOLISM,0.9148937384011449,5,541,98,6576,ADPRM;CHEK2;LCLAT1;SELENOI;SGMS1,1.0,False
KEGG,5,AMPK SIGNALING PATHWAY,0.9166382811179998,6,541,114,6576,CCNA2;CREB1;HMGCR;PCNX4;RPS6KB1;TSC1,1.0,False
KEGG,5,BETA-ALANINE METABOLISM,0.9175220778636827,1,541,29,6576,HIBCH,1.0,False
KEGG,5,APOPTOSIS,0.9242831533016352,6,541,116,6576,BIRC5;CASP3;CTSO;DFFA;LMNB1;TANK,1.0,False
KEGG,5,INFLUENZA A,0.9242831533016352,6,541,116,6576,CASP3;EIF2AK2;IRAK4;NXT2;RNASEL;TBK1,1.0,False
KEGG,5,METABOLISM OF XENOBIOTICS BY CYTOCHROME P450,0.9243374980371586,1,541,30,6576,AKR7L,1.0,False
KEGG,5,GLIOMA,0.9269771672088185,3,541,68,6576,E2F1;E2F2;POLK,1.0,False
KEGG,5,MELANOMA,0.9269771672088185,3,541,68,6576,E2F1;E2F2;POLK,1.0,False
KEGG,5,REGULATION OF LIPOLYSIS IN ADIPOCYTES,0.9308384395425688,2,541,51,6576,ABHD5;GNAI3,1.0,False
KEGG,5,BREAST CANCER,0.9358796433332103,7,541,135,6576,BRCA1;BRCA2;DAND5;E2F1;E2F2;POLK;RPS6KB1,1.0,False
KEGG,5,GASTRIC CANCER,0.9388163106685803,7,541,136,6576,CCNE1;CCNE2;E2F1;E2F2;POLK;RPS6KB1;SMAD2,1.0,False
KEGG,5,GLYCOLYSIS / GLUCONEOGENESIS,0.9399413544871364,2,541,53,6576,MINPP1;PCNX4,1.0,False
KEGG,5,CHRONIC MYELOID LEUKEMIA,0.9430587190027708,3,541,72,6576,E2F1;E2F2;POLK,1.0,False
KEGG,5,CORTISOL SYNTHESIS AND SECRETION,0.9440549029148374,2,541,54,6576,CREB1;DAND5,1.0,False
KEGG,5,HUMAN CYTOMEGALOVIRUS INFECTION,0.9447388739540442,10,541,184,6576,CASP3;CREB1;DAND5;E2F1;E2F2;GNAI3;RPS6KB1;TANK;TBK1;TSC1,1.0,False
KEGG,5,CHAGAS DISEASE,0.9456544564939555,4,541,90,6576,GNAI3;IRAK4;SMAD2;TRAF6,1.0,False
KEGG,5,JAK-STAT SIGNALING PATHWAY,0.9464086083529284,6,541,123,6576,PIAS2;PTPN2;SOCS5;SOCS6;STAM;STAM2,1.0,False
KEGG,5,PATHOGENIC ESCHERICHIA COLI INFECTION,0.947296886852078,9,541,170,6576,CASP3;CDC42;IRAK4;MYO1H;NCK1;TANK;TIRAP;TRAF6;TTF2,1.0,False
KEGG,5,GLYCEROLIPID METABOLISM,0.947899693704555,2,541,55,6576,AGK;LCLAT1,1.0,False
KEGG,5,ALCOHOLIC LIVER DISEASE,0.954773208479964,5,541,110,6576,CASP3;IRAK4;TBK1;TIRAP;TRAF6,1.0,False
KEGG,5,FATTY ACID DEGRADATION,0.9549169745305156,1,541,36,6576,ACADSB,1.0,False
KEGG,5,THYROID CANCER,0.9549169745305156,1,541,36,6576,POLK,1.0,False
KEGG,5,CHEMICAL CARCINOGENESIS - RECEPTOR ACTIVATION,0.9568146225928139,8,541,159,6576,BIRC5;CDC25A;CDC6;CREB1;E2F1;GNAI3;KPNA3;RPS6KB1,1.0,False
KEGG,5,TOXOPLASMOSIS,0.956918742284416,4,541,94,6576,CASP3;GNAI3;IRAK4;TRAF6,1.0,False
KEGG,5,LEISHMANIASIS,0.9579800562586156,2,541,58,6576,IRAK4;TRAF6,1.0,False
KEGG,5,PYRUVATE METABOLISM,0.9586463196037558,1,541,37,6576,ACYP2,1.0,False
KEGG,5,SIGNALING PATHWAYS REGULATING PLURIPOTENCY OF STEM CELLS,0.9605619970240971,6,541,129,6576,ACVR2B;LRIF1;PCGF6;SMAD2;SMAD5;SMARCAD1,1.0,False
KEGG,5,OXIDATIVE PHOSPHORYLATION,0.9639086982406435,4,541,97,6576,ATP6V0A2;COX10;COX15;NDUFA5,1.0,False
KEGG,5,PHAGOSOME,0.965649927127239,5,541,115,6576,ATP6V0A2;DYNC2H1;LAMP2;PIK3C3;STX7,1.0,False
KEGG,5,MTOR SIGNALING PATHWAY,0.965819654307197,7,541,148,6576,LAMTOR3;MIOS;RPS6KB1;RRAGB;TBC1D7;TSC1;TTI1,1.0,False
KEGG,5,GNRH SIGNALING PATHWAY,0.9658424714134973,3,541,80,6576,CDC42;GNRH1;GNRHR,1.0,False
KEGG,5,PD-L1 EXPRESSION AND PD-1 CHECKPOINT PATHWAY IN CANCER,0.9679933159324782,3,541,81,6576,RPS6KB1;TIRAP;TRAF6,1.0,False
KEGG,5,ABC TRANSPORTERS,0.9680859763288164,1,541,40,6576,ABCB7,1.0,False
KEGG,5,VIRION - HEPATITIS VIRUSES,0.9680859763288164,1,541,40,6576,LAMP2,1.0,False
KEGG,5,ACUTE MYELOID LEUKEMIA,0.9685516279475938,2,541,62,6576,CCNA2;RPS6KB1,1.0,False
KEGG,5,BILE SECRETION,0.9685516279475938,2,541,62,6576,HMGCR;SLC51A,1.0,False
KEGG,5,RENIN SECRETION,0.9685516279475938,2,541,62,6576,CREB1;GNAI3,1.0,False
KEGG,5,PROLACTIN SIGNALING PATHWAY,0.9707645196087313,2,541,63,6576,SOCS5;SOCS6,1.0,False
KEGG,5,LONGEVITY REGULATING PATHWAY,0.9719173767880874,3,541,83,6576,CREB1;RPS6KB1;TSC1,1.0,False
KEGG,5,YERSINIA INFECTION,0.9725584236591742,5,541,119,6576,CDC42;IRAK4;TANK;TBK1;TRAF6,1.0,False
KEGG,5,LIPID AND ATHEROSCLEROSIS,0.975727957108618,8,541,171,6576,CASP3;CDC42;IRAK4;RAP1B;TANK;TBK1;TIRAP;TRAF6,1.0,False
KEGG,5,THYROID HORMONE SYNTHESIS,0.9765390872164657,2,541,66,6576,CREB1;TTF2,1.0,False
KEGG,5,FOXO SIGNALING PATHWAY,0.9768689539217703,5,541,122,6576,CCNB1;CCNB2;FBXO25;HOMER1;PLK4,1.0,False
KEGG,5,RHEUMATOID ARTHRITIS,0.9782063837512525,2,541,67,6576,ATP6V0A2;CTLA4,1.0,False
KEGG,5,VIBRIO CHOLERAE INFECTION,0.9792839337598361,1,541,45,6576,ATP6V0A2,1.0,False
KEGG,5,CYSTEINE AND METHIONINE METABOLISM,0.9809999637454323,1,541,46,6576,MTAP,1.0,False
KEGG,5,ETHER LIPID METABOLISM,0.9825740861977633,1,541,47,6576,SELENOI,1.0,False
KEGG,5,VIRAL MYOCARDITIS,0.9825740861977633,1,541,47,6576,CASP3,1.0,False
KEGG,5,T CELL RECEPTOR SIGNALING PATHWAY,0.98260857753093,4,541,109,6576,BCL10;CDC42;CTLA4;NCK1,1.0,False
KEGG,5,TNF SIGNALING PATHWAY,0.98260857753093,4,541,109,6576,BAG4;CASP3;CREB1;TANK,1.0,False
KEGG,5,SHIGELLOSIS,0.9826885870652317,10,541,210,6576,BCL10;CDC42;GLMN;PIK3C3;RIPK2;RPS6KB1;RRAGB;TANK;TBK1;TRAF6,1.0,False
KEGG,5,ALCOHOLISM,0.9836589688158721,4,541,110,6576,CREB1;GNAI3;HAT1;HDAC8,1.0,False
KEGG,5,VIRAL LIFE CYCLE - HIV-1,0.9840180162585705,1,541,48,6576,CPSF6,1.0,False
KEGG,5,CHOLINE METABOLISM IN CANCER,0.9855896184083057,3,541,93,6576,DAND5;RPS6KB1;TSC1,1.0,False
KEGG,5,INFLAMMATORY BOWEL DISEASE,0.9865574117362046,1,541,50,6576,SMAD2,1.0,False
KEGG,5,TIGHT JUNCTION,0.9866506946881071,6,541,149,6576,CDC42;CNKSR3;NF2;PALS1;PARD6B;PCNA,1.0,False
KEGG,5,SPHINGOLIPID SIGNALING PATHWAY,0.9872895292393938,4,541,114,6576,GNAI3;SGMS1;SGPL1;TANK,1.0,False
KEGG,5,AGE-RAGE SIGNALING PATHWAY IN DIABETIC COMPLICATIONS,0.9874203978916489,3,541,95,6576,CASP3;CDC42;SMAD2,1.0,False
KEGG,5,ERBB SIGNALING PATHWAY,0.9888591061039812,2,541,76,6576,NCK1;RPS6KB1,1.0,False
KEGG,5,GAP JUNCTION,0.9896674790016573,2,541,77,6576,CDK1;GNAI3,1.0,False
KEGG,5,ESTROGEN SIGNALING PATHWAY,0.9901446774333076,4,541,118,6576,CREB1;DAND5;EBAG9;GNAI3,1.0,False
KEGG,5,HIF-1 SIGNALING PATHWAY,0.990434944295456,3,541,99,6576,ELOC;RPS6KB1;VHL,1.0,False
KEGG,5,ENDOMETRIAL CANCER,0.9904914316750926,1,541,54,6576,POLK,1.0,False
KEGG,5,LONGEVITY REGULATING PATHWAY - MULTIPLE SPECIES,0.9904914316750926,1,541,54,6576,RPS6KB1,1.0,False
KEGG,5,LONG-TERM DEPRESSION,0.9912801675634358,1,541,55,6576,GNAI3,1.0,False
KEGG,5,NOTCH SIGNALING PATHWAY,0.9912801675634358,1,541,55,6576,PSEN1,1.0,False
KEGG,5,VEGF SIGNALING PATHWAY,0.9912801675634358,1,541,55,6576,CDC42,1.0,False
KEGG,5,HUNTINGTON DISEASE,0.9919090962806246,12,541,258,6576,CASP3;CREB1;DAND5;DCTN5;DNAH14;NDUFA5;PIK3C3;POLR2D;PSMC1;PSMD12;TANK;TBPL1,1.0,False
KEGG,5,CORONAVIRUS DISEASE - COVID-19,0.9924691796540456,6,541,159,6576,EIF2AK2;IRAK4;RPL22L1;TBK1;TRAF6;TTF2,1.0,False
KEGG,5,PANCREATIC SECRETION,0.9929248907173475,2,541,82,6576,RAP1B;RIPK2,1.0,False
KEGG,5,"PARATHYROID HORMONE SYNTHESIS, SECRETION AND ACTION",0.9932350612358319,3,541,104,6576,CREB1;DAND5;GNAI3,1.0,False
KEGG,5,GNRH SECRETION,0.9932756391560661,1,541,58,6576,GNRH1,1.0,False
KEGG,5,APELIN SIGNALING PATHWAY,0.9937305901760057,4,541,125,6576,GNAI3;PIK3C3;RPS6KB1;SMAD2,1.0,False
KEGG,5,EFFEROCYTOSIS,0.9937627237510372,5,541,144,6576,ATP11B;CASP3;CREB1;TMEM30A;VPS41,1.0,False
KEGG,5,COMPLEMENT AND COAGULATION CASCADES,0.9938337672960734,1,541,59,6576,TTF2,1.0,False
KEGG,5,LONG-TERM POTENTIATION,0.9938337672960734,1,541,59,6576,RAP1B,1.0,False
KEGG,5,VIRAL PROTEIN INTERACTION WITH CYTOKINE AND CYTOKINE RECEPTOR,0.994345648820214,1,541,60,6576,CNOT6,1.0,False
KEGG,5,HEPATOCELLULAR CARCINOMA,0.9944881914363315,5,541,146,6576,E2F1;E2F2;POLK;RPS6KB1;SMAD2,1.0,False
KEGG,5,LEUKOCYTE TRANSENDOTHELIAL MIGRATION,0.9945152220993085,3,541,107,6576,CDC42;GNAI3;RAP1B,1.0,False
KEGG,5,FC GAMMA R-MEDIATED PHAGOCYTOSIS,0.9947864019500159,2,541,86,6576,CDC42;RPS6KB1,1.0,False
KEGG,5,BASAL CELL CARCINOMA,0.9948151092235695,1,541,61,6576,POLK,1.0,False
KEGG,5,HIPPO SIGNALING PATHWAY,0.9951325812362929,5,541,148,6576,BIRC5;NF2;PALS1;PARD6B;SMAD2,1.0,False
KEGG,5,AMPHETAMINE ADDICTION,0.9952456580969462,1,541,62,6576,CREB1,1.0,False
KEGG,5,CENTRAL CARBON METABOLISM IN CANCER,0.9952456580969462,1,541,62,6576,TIGAR,1.0,False
KEGG,5,SALIVARY SECRETION,0.9956405151693367,1,541,63,6576,RBL1,1.0,False
KEGG,5,TASTE TRANSDUCTION,0.9956405151693367,1,541,63,6576,TAS2R4,1.0,False
KEGG,5,CIRCADIAN ENTRAINMENT,0.9958586631391906,2,541,89,6576,CREB1;GNAI3,1.0,False
KEGG,5,MELANOGENESIS,0.9958586631391906,2,541,89,6576,CREB1;GNAI3,1.0,False
KEGG,5,OSTEOCLAST DIFFERENTIATION,0.9958623643420758,3,541,111,6576,CREB1;TANK;TRAF6,1.0,False
KEGG,5,GASTRIC ACID SECRETION,0.9963347249464057,1,541,65,6576,GNAI3,1.0,False
KEGG,5,PPAR SIGNALING PATHWAY,0.9963347249464057,1,541,65,6576,SYCP2,1.0,False
KEGG,5,B CELL RECEPTOR SIGNALING PATHWAY,0.9966392732191741,1,541,66,6576,BCL10,1.0,False
KEGG,5,TRANSCRIPTIONAL MISREGULATION IN CANCER,0.9968661010368334,5,541,155,6576,CCNA2;DAND5;NSD2;POLK;SUPT3H,1.0,False
KEGG,5,GLUCAGON SIGNALING PATHWAY,0.9969582471210936,2,541,93,6576,CREB1;PCNX4,1.0,False
KEGG,5,PLATELET ACTIVATION,0.997100466047462,3,541,116,6576,GNAI3;RAP1B;TTF2,1.0,False
KEGG,5,NON-ALCOHOLIC FATTY LIVER DISEASE,0.9971673656438979,4,541,137,6576,CASP3;CDC42;NDUFA5;TANK,1.0,False
KEGG,5,RELAXIN SIGNALING PATHWAY,0.9973006239315341,3,541,117,6576,CREB1;GNAI3;SMAD2,1.0,False
KEGG,5,SEROTONERGIC SYNAPSE,0.9973948316123462,2,541,95,6576,CASP3;GNAI3,1.0,False
KEGG,5,ADIPOCYTOKINE SIGNALING PATHWAY,0.9974095403400147,1,541,69,6576,TANK,1.0,False
KEGG,5,BACTERIAL INVASION OF EPITHELIAL CELLS,0.9976249143489362,1,541,70,6576,CDC42,1.0,False
KEGG,5,NATURAL KILLER CELL MEDIATED CYTOTOXICITY,0.9980035152425051,1,541,72,6576,CASP3,1.0,False
KEGG,5,NEUTROPHIL EXTRACELLULAR TRAP FORMATION,0.9983672384318285,2,541,101,6576,HAT1;HDAC8,1.0,False
KEGG,5,INSULIN RESISTANCE,0.9984900657029397,2,541,102,6576,CREB1;RPS6KB1,1.0,False
KEGG,5,SYNAPTIC VESICLE CYCLE,0.9985895206130454,1,541,76,6576,ATP6V0A2,1.0,False
KEGG,5,CHOLINERGIC SYNAPSE,0.9986037817172065,2,541,103,6576,CREB1;GNAI3,1.0,False
KEGG,5,INSULIN SIGNALING PATHWAY,0.9986891764922232,3,541,127,6576,PCNX4;RPS6KB1;TSC1,1.0,False
KEGG,5,AMOEBIASIS,0.9987069158974058,1,541,77,6576,CASP3,1.0,False
KEGG,5,AXON GUIDANCE,0.9988855339588495,5,541,171,6576,CDC42;GNAI3;LRIG2;NCK1;PARD6B,1.0,False
KEGG,5,"GROWTH HORMONE SYNTHESIS, SECRETION AND ACTION",0.9989801275374188,2,541,107,6576,CREB1;GNAI3,1.0,False
KEGG,5,CHEMOKINE SIGNALING PATHWAY,0.9989812450519638,4,541,152,6576,CDC42;CNOT6;GNAI3;RAP1B,1.0,False
KEGG,5,GLUTAMATERGIC SYNAPSE,0.9990573518299022,2,541,108,6576,GNAI3;HOMER1,1.0,False
KEGG,5,ALDOSTERONE SYNTHESIS AND SECRETION,0.9990867152637167,1,541,81,6576,CREB1,1.0,False
KEGG,5,NECROPTOSIS,0.9991288023435084,2,541,109,6576,EIF2AK2;TANK,1.0,False
KEGG,5,PATHWAYS IN CANCER,0.9992175940319841,22,541,467,6576,BIRC5;BRCA2;CASP3;CCNA2;CCNE1;CCNE2;CDC42;DAND5;E2F1;E2F2;ELOC;GNAI3;MSH2;MSH3;POLK;RAD51;RPS6KB1;SMAD2;TANK;TRAF6;TTF2;VHL,1.0,False
KEGG,5,ECM-RECEPTOR INTERACTION,0.999232533420559,1,541,83,6576,HMMR,1.0,False
KEGG,5,GABAERGIC SYNAPSE,0.9992964791189229,1,541,84,6576,GNAI3,1.0,False
KEGG,5,RAP1 SIGNALING PATHWAY,0.9993091524135223,6,541,198,6576,CDC42;CNKSR3;GNAI3;KRIT1;PARD6B;RAP1B,1.0,False
KEGG,5,PARKINSON DISEASE,0.9993848019259266,7,541,219,6576,CASP3;GNAI3;NDUFA5;PSMC1;PSMD12;SLC39A10;UBE2G1,1.0,False
KEGG,5,MORPHINE ADDICTION,0.9994088553167656,1,541,86,6576,GNAI3,1.0,False
KEGG,5,THYROID HORMONE SIGNALING PATHWAY,0.999413296222775,2,541,114,6576,MED17;MED27,1.0,False
KEGG,5,IGSF CAM SIGNALING,0.9995432173545323,9,541,261,6576,CDC42;CNKSR3;NCK1;NPHS1;PALS2;PARD6B;RAP1B;SSX2IP;TRAF6,1.0,False
KEGG,5,TH17 CELL DIFFERENTIATION,0.9996494111620657,1,541,92,6576,SMAD2,1.0,False
KEGG,5,DOPAMINERGIC SYNAPSE,0.9996895702942402,2,541,122,6576,CREB1;GNAI3,1.0,False
KEGG,5,MAPK SIGNALING PATHWAY,0.9996946743188393,10,541,286,6576,CASP3;CDC42;IRAK4;LAMTOR3;MAPKAPK5;NF1;RAP1B;TANK;TAOK3;TRAF6,1.0,False
KEGG,5,C-TYPE LECTIN RECEPTOR SIGNALING PATHWAY,0.9997300595543629,1,541,95,6576,BCL10,1.0,False
KEGG,5,CGMP-PKG SIGNALING PATHWAY,0.9997428544387711,3,541,149,6576,CREB1;GNAI3;KCNMB3,1.0,False
KEGG,5,HORMONE SIGNALING,0.9997925774053221,5,541,196,6576,GNAI3;GNRH1;GNRHR;RIPK2;SMAD5,1.0,False
KEGG,5,WNT SIGNALING PATHWAY,0.9998364244435662,3,541,155,6576,CBY1;INVS;PSEN1,1.0,False
KEGG,5,RETROGRADE ENDOCANNABINOID SIGNALING,0.9998607952856323,2,541,132,6576,GNAI3;NDUFA5,1.0,False
KEGG,5,PHOSPHOLIPASE D SIGNALING PATHWAY,0.999907006238092,2,541,137,6576,TSC1;TTF2,1.0,False
KEGG,5,ADRENERGIC SIGNALING IN CARDIOMYOCYTES,0.9999142301118289,2,541,138,6576,CREB1;GNAI3,1.0,False
KEGG,5,PROTEOGLYCANS IN CANCER,0.9999154338648688,4,541,187,6576,CASP3;CDC42;RPS6KB1;SMAD2,1.0,False
KEGG,5,DIABETIC CARDIOMYOPATHY,0.9999174860413617,3,541,164,6576,DAND5;NDUFA5;SMAD2,1.0,False
KEGG,5,RAS SIGNALING PATHWAY,0.9999485228441324,5,541,216,6576,CDC42;EXOC2;NF1;RAP1B;TBK1,1.0,False
KEGG,5,VASCULAR SMOOTH MUSCLE CONTRACTION,0.9999604604078682,1,541,117,6576,KCNMB3,1.0,False
KEGG,5,PRION DISEASE,0.999961221310843,5,541,220,6576,CASP3;CREB1;NDUFA5;PSMC1;PSMD12,1.0,False
KEGG,5,FLUID SHEAR STRESS AND ATHEROSCLEROSIS,0.9999668070852951,1,541,119,6576,ACVR2B,1.0,False
KEGG,5,CELL ADHESION MOLECULE (CAM) INTERACTION,0.9999721366072823,1,541,121,6576,CTLA4,1.0,False
KEGG,5,CAMP SIGNALING PATHWAY,0.999982027681616,4,541,208,6576,CREB1;GNAI3;GPR119;RAP1B,1.0,False
KEGG,5,ALZHEIMER DISEASE,0.9999909511777546,9,541,324,6576,CASP3;EIF2AK2;NDUFA5;PIK3C3;PSEN1;PSMC1;PSMD12;SLC39A10;TANK,1.0,False
KEGG,5,OXYTOCIN SIGNALING PATHWAY,0.9999937202591932,1,541,138,6576,GNAI3,1.0,False
KEGG,5,PI3K-AKT SIGNALING PATHWAY,0.9999950556912612,8,541,313,6576,BRCA1;CCNE1;CCNE2;CNKSR3;CREB1;RPS6KB1;THEM4;TSC1,1.0,False
KEGG,5,INTEGRIN SIGNALING,0.9999959516264496,1,541,143,6576,CDC42,1.0,False
KEGG,5,CYTOKINE-CYTOKINE RECEPTOR INTERACTION,0.9999963291829624,3,541,204,6576,ACVR2B;CNOT6;GDF9,1.0,False
KEGG,5,REGULATION OF ACTIN CYTOSKELETON,0.9999975298622267,3,541,209,6576,CDC42;IQGAP3;TTF2,1.0,False
KEGG,5,CORNIFIED ENVELOPE FORMATION,0.999997610634094,1,541,149,6576,ABHD5,1.0,False
KEGG,5,PATHWAYS OF NEURODEGENERATION - MULTIPLE DISEASES,0.9999981560062405,12,541,407,6576,CASP3;DCTN5;DNAH14;NDUFA5;PIK3C3;PRPH2;PSEN1;PSMC1;PSMD12;TANK;TBK1;UBE2G1,1.0,False
KEGG,5,FOCAL ADHESION,0.999998590858123,2,541,188,6576,CDC42;RAP1B,1.0,False
KEGG,5,NEUROACTIVE LIGAND-RECEPTOR INTERACTION,0.9999991296075829,7,541,317,6576,CHRNA10;CORT;CYSLTR1;GNRH1;GNRHR;RIPK2;TTF2,1.0,False
KEGG,5,CHEMICAL CARCINOGENESIS - REACTIVE OXYGEN SPECIES,0.9999996558817807,1,541,171,6576,NDUFA5,1.0,False
KEGG,5,CYTOSKELETON IN MUSCLE CELLS,0.9999998652004882,2,541,216,6576,CSRP2;LMNB1,1.0,False
KEGG,5,NEUROACTIVE LIGAND SIGNALING,0.9999998697474248,1,541,182,6576,GNAI3,1.0,False
KEGG,5,CALCIUM SIGNALING PATHWAY,0.9999999987119852,1,541,234,6576,CYSLTR1,1.0,False
KEGG,5,AFRICAN TRYPANOSOMIASIS,1.0,0,541,27,6576,,1.0,False
KEGG,5,ALDOSTERONE-REGULATED SODIUM REABSORPTION,1.0,0,541,34,6576,,1.0,False
KEGG,5,ALLOGRAFT REJECTION,1.0,0,541,17,6576,,1.0,False
KEGG,5,ALPHA-LINOLENIC ACID METABOLISM,1.0,0,541,22,6576,,1.0,False
KEGG,5,ARACHIDONIC ACID METABOLISM,1.0,0,541,46,6576,,1.0,False
KEGG,5,ARGININE AND PROLINE METABOLISM,1.0,0,541,44,6576,,1.0,False
KEGG,5,ARGININE BIOSYNTHESIS,1.0,0,541,21,6576,,1.0,False
KEGG,5,ARRHYTHMOGENIC RIGHT VENTRICULAR CARDIOMYOPATHY,1.0,0,541,84,6576,,1.0,False
KEGG,5,ASTHMA,1.0,0,541,17,6576,,1.0,False
KEGG,5,CARBOHYDRATE DIGESTION AND ABSORPTION,1.0,0,541,39,6576,,1.0,False
KEGG,5,CARDIAC MUSCLE CONTRACTION,1.0,0,541,75,6576,,1.0,False
KEGG,5,CHEMICAL CARCINOGENESIS - DNA ADDUCTS,1.0,0,541,24,6576,,1.0,False
KEGG,5,CHOLESTEROL METABOLISM,1.0,0,541,46,6576,,1.0,False
KEGG,5,CITRATE CYCLE (TCA CYCLE),1.0,0,541,28,6576,,1.0,False
KEGG,5,D-AMINO ACID METABOLISM,1.0,0,541,5,6576,,1.0,False
KEGG,5,DILATED CARDIOMYOPATHY,1.0,0,541,99,6576,,1.0,False
KEGG,5,ENDOCRINE AND OTHER FACTOR-REGULATED CALCIUM REABSORPTION,1.0,0,541,44,6576,,1.0,False
KEGG,5,FAT DIGESTION AND ABSORPTION,1.0,0,541,41,6576,,1.0,False
KEGG,5,FC EPSILON RI SIGNALING PATHWAY,1.0,0,541,61,6576,,1.0,False
KEGG,5,FERROPTOSIS,1.0,0,541,36,6576,,1.0,False
KEGG,5,GLYCOSAMINOGLYCAN BIOSYNTHESIS - CHONDROITIN SULFATE / DERMATAN SULFATE,1.0,0,541,21,6576,,1.0,False
KEGG,5,GLYCOSAMINOGLYCAN BIOSYNTHESIS - HEPARAN SULFATE / HEPARIN,1.0,0,541,24,6576,,1.0,False
KEGG,5,GLYCOSAMINOGLYCAN BIOSYNTHESIS - KERATAN SULFATE,1.0,0,541,13,6576,,1.0,False
KEGG,5,GLYCOSAMINOGLYCAN DEGRADATION,1.0,0,541,17,6576,,1.0,False
KEGG,5,GLYCOSPHINGOLIPID BIOSYNTHESIS - GLOBO AND ISOGLOBO SERIES,1.0,0,541,14,6576,,1.0,False
KEGG,5,GLYCOSPHINGOLIPID BIOSYNTHESIS - LACTO AND NEOLACTO SERIES,1.0,0,541,23,6576,,1.0,False
KEGG,5,GRAFT-VERSUS-HOST DISEASE,1.0,0,541,14,6576,,1.0,False
KEGG,5,HEMATOPOIETIC CELL LINEAGE,1.0,0,541,65,6576,,1.0,False
KEGG,5,HISTIDINE METABOLISM,1.0,0,541,19,6576,,1.0,False
KEGG,5,HYPERTROPHIC CARDIOMYOPATHY,1.0,0,541,96,6576,,1.0,False
KEGG,5,INFLAMMATORY MEDIATOR REGULATION OF TRP CHANNELS,1.0,0,541,87,6576,,1.0,False
KEGG,5,INTESTINAL IMMUNE NETWORK FOR IGA PRODUCTION,1.0,0,541,29,6576,,1.0,False
KEGG,5,LINOLEIC ACID METABOLISM,1.0,0,541,22,6576,,1.0,False
KEGG,5,MALARIA,1.0,0,541,37,6576,,1.0,False
KEGG,5,MATURITY ONSET DIABETES OF THE YOUNG,1.0,0,541,22,6576,,1.0,False
KEGG,5,NICOTINE ADDICTION,1.0,0,541,38,6576,,1.0,False
KEGG,5,OLFACTORY TRANSDUCTION,1.0,0,541,37,6576,,1.0,False
KEGG,5,OTHER GLYCAN DEGRADATION,1.0,0,541,16,6576,,1.0,False
KEGG,5,OVARIAN STEROIDOGENESIS,1.0,0,541,38,6576,,1.0,False
KEGG,5,PHENYLALANINE METABOLISM,1.0,0,541,14,6576,,1.0,False
KEGG,5,"PHENYLALANINE, TYROSINE AND TRYPTOPHAN BIOSYNTHESIS",1.0,0,541,6,6576,,1.0,False
KEGG,5,PROTEIN DIGESTION AND ABSORPTION,1.0,0,541,83,6576,,1.0,False
KEGG,5,PROXIMAL TUBULE BICARBONATE RECLAMATION,1.0,0,541,21,6576,,1.0,False
KEGG,5,RENIN-ANGIOTENSIN SYSTEM,1.0,0,541,20,6576,,1.0,False
KEGG,5,RETINOL METABOLISM,1.0,0,541,33,6576,,1.0,False
KEGG,5,RIBOFLAVIN METABOLISM,1.0,0,541,8,6576,,1.0,False
KEGG,5,STAPHYLOCOCCUS AUREUS INFECTION,1.0,0,541,51,6576,,1.0,False
KEGG,5,SYSTEMIC LUPUS ERYTHEMATOSUS,1.0,0,541,44,6576,,1.0,False
KEGG,5,TH1 AND TH2 CELL DIFFERENTIATION,1.0,0,541,79,6576,,1.0,False
KEGG,5,TRYPTOPHAN METABOLISM,1.0,0,541,39,6576,,1.0,False
KEGG,5,TYPE I DIABETES MELLITUS,1.0,0,541,23,6576,,1.0,False
KEGG,5,TYPE II DIABETES MELLITUS,1.0,0,541,44,6576,,1.0,False
KEGG,5,TYROSINE METABOLISM,1.0,0,541,30,6576,,1.0,False
KEGG,5,"VIRION - EBOLAVIRUS, LYSSAVIRUS AND MORBILLIVIRUS",1.0,0,541,8,6576,,1.0,False
KEGG,5,VIRION - HERPESVIRUS,1.0,0,541,6,6576,,1.0,False
KEGG,5,VITAMIN B6 METABOLISM,1.0,0,541,6,6576,,1.0,False
KEGG,6,RIBOSOME,5.022652227222592e-37,60,455,126,6576,FAU;MRPL3;MRPL33;MRPL41;MRPL54;MRPS10;MRPS2;MRPS24;MRPS26;MRPS6;RACK1;RPL10A;RPL11;RPL12;RPL13A;RPL14;RPL15;RPL18A;RPL19;RPL22;RPL23;RPL23A;RPL26;RPL27;RPL27A;RPL28;RPL3;RPL32;RPL34;RPL35A;RPL36;RPL37;RPL37A;RPL38;RPL39;RPL4;RPL5;RPL6;RPL7A;RPL8;RPS11;RPS13;RPS14;RPS15;RPS15A;RPS16;RPS17;RPS18;RPS2;RPS20;RPS21;RPS23;RPS27A;RPS5;RPS6;RPS7;RPS8;RPS9;RSL24D1;UBA52,1.747882975073462e-34,True
KEGG,6,PARKINSON DISEASE,3.1919095854702622e-34,75,455,219,6576,ATF4;CALM1;CALM2;COX4I1;COX5A;COX6A1;COX6B1;COX7A1;COX7A2;COX7C;COX8A;DDIT3;HSPA5;KLC4;MAOB;NDUFA1;NDUFA12;NDUFA13;NDUFA2;NDUFA3;NDUFA6;NDUFA8;NDUFAB1;NDUFB10;NDUFB4;NDUFB7;NDUFB8;NDUFB9;NDUFS2;NDUFS3;NDUFS4;NDUFS5;NDUFS7;NDUFS8;PARK7;PPIF;PSMA1;PSMA2;PSMA3;PSMA7;PSMB1;PSMB4;PSMB5;PSMB6;PSMB7;PSMC3;PSMC4;PSMC5;PSMC6;PSMD13;PSMD2;PSMD4;PSMD6;PSMD7;PSMD8;RPS27A;SDHA;SDHB;SDHC;SLC25A5;SLC39A9;SOD1;TUBA1B;TUBA1C;TUBB;UBA52;UBB;UBC;UBE2G2;UQCR10;UQCR11;UQCRC1;UQCRC2;UQCRQ;XBP1,5.553922678718257e-32,True
KEGG,6,PRION DISEASE,4.337501728610594e-27,67,455,220,6576,ATF4;COX4I1;COX5A;COX6A1;COX6B1;COX7A1;COX7A2;COX7C;COX8A;CSNK2B;DDIT3;HSPA5;HSPA8;KLC4;NDUFA1;NDUFA12;NDUFA13;NDUFA2;NDUFA3;NDUFA6;NDUFA8;NDUFAB1;NDUFB10;NDUFB4;NDUFB7;NDUFB8;NDUFB9;NDUFS2;NDUFS3;NDUFS4;NDUFS5;NDUFS7;NDUFS8;PPIF;PSMA1;PSMA2;PSMA3;PSMA7;PSMB1;PSMB4;PSMB5;PSMB6;PSMB7;PSMC3;PSMC4;PSMC5;PSMC6;PSMD13;PSMD2;PSMD4;PSMD6;PSMD7;PSMD8;SDHA;SDHB;SDHC;SLC25A5;SOD1;STIP1;TUBA1B;TUBA1C;TUBB;UQCR10;UQCR11;UQCRC1;UQCRC2;UQCRQ,5.031502005188289e-25,True
KEGG,6,HUNTINGTON DISEASE,1.0860480397625372e-25,71,455,258,6576,ACTR10;CLTA;CLTB;COX4I1;COX5A;COX6A1;COX6B1;COX7A1;COX7A2;COX7C;COX8A;DCTN2;GPX1;KLC4;NDUFA1;NDUFA12;NDUFA13;NDUFA2;NDUFA3;NDUFA6;NDUFA8;NDUFAB1;NDUFB10;NDUFB4;NDUFB7;NDUFB8;NDUFB9;NDUFS2;NDUFS3;NDUFS4;NDUFS5;NDUFS7;NDUFS8;POLR2E;POLR2G;POLR2I;POLR2K;POLR2L;PPIF;PSMA1;PSMA2;PSMA3;PSMA7;PSMB1;PSMB4;PSMB5;PSMB6;PSMB7;PSMC3;PSMC4;PSMC5;PSMC6;PSMD13;PSMD2;PSMD4;PSMD6;PSMD7;PSMD8;SDHA;SDHB;SDHC;SLC25A5;SOD1;TUBA1B;TUBA1C;TUBB;UQCR10;UQCR11;UQCRC1;UQCRC2;UQCRQ,9.200396445378789e-24,True
KEGG,6,AMYOTROPHIC LATERAL SCLEROSIS,1.3218960410026994e-25,77,455,301,6576,ACTR10;ATF4;COX4I1;COX5A;COX6A1;COX6B1;COX7A1;COX7A2;COX7C;COX8A;DCTN2;DDIT3;DERL1;FUS;GPX1;HNRNPA1;HNRNPA2B1;HSPA5;KLC4;MATR3;NDUFA1;NDUFA12;NDUFA13;NDUFA2;NDUFA3;NDUFA6;NDUFA8;NDUFAB1;NDUFB10;NDUFB4;NDUFB7;NDUFB8;NDUFB9;NDUFS2;NDUFS3;NDUFS4;NDUFS5;NDUFS7;NDUFS8;PSMA1;PSMA2;PSMA3;PSMA7;PSMB1;PSMB4;PSMB5;PSMB6;PSMB7;PSMC3;PSMC4;PSMC5;PSMC6;PSMD13;PSMD2;PSMD4;PSMD6;PSMD7;PSMD8;RAB1A;SDHA;SDHB;SDHC;SEC13;SOD1;SQSTM1;SRSF3;SRSF7;TUBA1B;TUBA1C;TUBB;UQCR10;UQCR11;UQCRC1;UQCRC2;UQCRQ;VCP;XBP1,9.200396445378789e-24,True
KEGG,6,CORONAVIRUS DISEASE - COVID-19,2.241361741393338e-25,55,455,159,6576,FAU;NFKBIA;PMPCB;PSMA7;RPL10A;RPL11;RPL12;RPL13A;RPL14;RPL15;RPL18A;RPL19;RPL22;RPL23;RPL23A;RPL26;RPL27;RPL27A;RPL28;RPL3;RPL32;RPL34;RPL35A;RPL36;RPL37;RPL37A;RPL38;RPL39;RPL4;RPL5;RPL6;RPL7A;RPL8;RPS11;RPS13;RPS14;RPS15;RPS15A;RPS16;RPS17;RPS18;RPS2;RPS20;RPS21;RPS23;RPS27A;RPS5;RPS6;RPS7;RPS8;RPS9;RSL24D1;SELENOP;STAT3;UBA52,1.299989810008136e-23,True
KEGG,6,OXIDATIVE PHOSPHORYLATION,4.305501589517489e-25,43,455,97,6576,ATP6V0B;ATP6V0D1;ATP6V0E1;ATP6V1D;ATP6V1E1;ATP6V1F;COX4I1;COX5A;COX6A1;COX6B1;COX7A1;COX7A2;COX7C;COX8A;NDUFA1;NDUFA12;NDUFA13;NDUFA2;NDUFA3;NDUFA6;NDUFA8;NDUFAB1;NDUFB10;NDUFB4;NDUFB7;NDUFB8;NDUFB9;NDUFS2;NDUFS3;NDUFS4;NDUFS5;NDUFS7;NDUFS8;PPA1;PPA2;SDHA;SDHB;SDHC;UQCR10;UQCR11;UQCRC1;UQCRC2;UQCRQ,2.1404493616458375e-23,True
KEGG,6,PATHWAYS OF NEURODEGENERATION - MULTIPLE DISEASES,5.008346343279726e-23,87,455,407,6576,ACTR10;ATF4;ATP2A2;CALM1;CALM2;COX4I1;COX5A;COX6A1;COX6B1;COX7A1;COX7A2;COX7C;COX8A;CSNK1A1;CSNK2B;CTNNB1;DCTN2;DDIT3;DERL1;FUS;GPX1;HSD17B10;HSPA5;KLC4;NDUFA1;NDUFA12;NDUFA13;NDUFA2;NDUFA3;NDUFA6;NDUFA8;NDUFAB1;NDUFB10;NDUFB4;NDUFB7;NDUFB8;NDUFB9;NDUFS2;NDUFS3;NDUFS4;NDUFS5;NDUFS7;NDUFS8;PARK7;PPID;PPIF;PSMA1;PSMA2;PSMA3;PSMA7;PSMB1;PSMB4;PSMB5;PSMB6;PSMB7;PSMC3;PSMC4;PSMC5;PSMC6;PSMD13;PSMD2;PSMD4;PSMD6;PSMD7;PSMD8;RAB1A;RPS27A;SDHA;SDHB;SDHC;SLC25A5;SOD1;SQSTM1;TUBA1B;TUBA1C;TUBB;UBA52;UBB;UBC;UBE2G2;UQCR10;UQCR11;UQCRC1;UQCRC2;UQCRQ;VCP;XBP1,2.178630659326681e-21,True
KEGG,6,ALZHEIMER DISEASE,2.2909587631696055e-21,74,455,324,6576,APH1A;ATF4;ATP2A2;CALM1;CALM2;COX4I1;COX5A;COX6A1;COX6B1;COX7A1;COX7A2;COX7C;COX8A;CSNK1A1;CSNK2B;CTNNB1;DDIT3;HSD17B10;KLC4;NDUFA1;NDUFA12;NDUFA13;NDUFA2;NDUFA3;NDUFA6;NDUFA8;NDUFAB1;NDUFB10;NDUFB4;NDUFB7;NDUFB8;NDUFB9;NDUFS2;NDUFS3;NDUFS4;NDUFS5;NDUFS7;NDUFS8;PPID;PPIF;PSMA1;PSMA2;PSMA3;PSMA7;PSMB1;PSMB4;PSMB5;PSMB6;PSMB7;PSMC3;PSMC4;PSMC5;PSMC6;PSMD13;PSMD2;PSMD4;PSMD6;PSMD7;PSMD8;RTN4;SDHA;SDHB;SDHC;SLC25A5;SLC39A9;TUBA1B;TUBA1C;TUBB;UQCR10;UQCR11;UQCRC1;UQCRC2;UQCRQ;XBP1,8.858373884255809e-20,True
KEGG,6,DIABETIC CARDIOMYOPATHY,1.0621652119468887e-15,44,455,164,6576,ATP2A2;COX4I1;COX5A;COX6A1;COX6B1;COX7A1;COX7A2;COX7C;COX8A;NDUFA1;NDUFA12;NDUFA13;NDUFA2;NDUFA3;NDUFA6;NDUFA8;NDUFAB1;NDUFB10;NDUFB4;NDUFB7;NDUFB8;NDUFB9;NDUFS2;NDUFS3;NDUFS4;NDUFS5;NDUFS7;NDUFS8;PDHA1;PDHB;PDK4;PPIF;PPP1CA;PPP1CC;PTPRA;SDHA;SDHB;SDHC;SLC25A5;UQCR10;UQCR11;UQCRC1;UQCRC2;UQCRQ,3.6963349375751726e-14,True
KEGG,6,SPLICEOSOME,2.329762641018637e-15,37,455,121,6576,BUD31;DDX5;FUS;HNRNPA1;HNRNPK;HNRNPM;HNRNPU;HSPA8;LSM4;LSM7;PRPF6;RBM22;RBMX;SF3A3;SF3B1;SF3B2;SF3B3;SF3B5;SF3B6;SNRNP70;SNRPA1;SNRPB;SNRPD2;SNU13;SNW1;SRSF1;SRSF10;SRSF2;SRSF3;SRSF5;SRSF6;SRSF7;SYF2;THOC7;TRA2A;USP39;ZMAT2,7.37052180976805e-14,True
KEGG,6,PROTEASOME,4.999367000654756e-15,22,455,43,6576,POMP;PSMA1;PSMA2;PSMA3;PSMA7;PSMB1;PSMB10;PSMB4;PSMB5;PSMB6;PSMB7;PSMC3;PSMC4;PSMC5;PSMC6;PSMD13;PSMD2;PSMD4;PSMD6;PSMD7;PSMD8;PSME1,1.449816430189879e-13,True
KEGG,6,NON-ALCOHOLIC FATTY LIVER DISEASE,5.736601059697292e-15,39,455,137,6576,ATF4;COX4I1;COX5A;COX6A1;COX6B1;COX7A1;COX7A2;COX7C;COX8A;DDIT3;NDUFA1;NDUFA12;NDUFA13;NDUFA2;NDUFA3;NDUFA6;NDUFA8;NDUFAB1;NDUFB10;NDUFB4;NDUFB7;NDUFB8;NDUFB9;NDUFS2;NDUFS3;NDUFS4;NDUFS5;NDUFS7;NDUFS8;PRKAG1;SDHA;SDHB;SDHC;UQCR10;UQCR11;UQCRC1;UQCRC2;UQCRQ;XBP1,1.5356439759805056e-13,True
KEGG,6,CHEMICAL CARCINOGENESIS - REACTIVE OXYGEN SPECIES,6.579488873188096e-13,41,455,171,6576,AKR1A1;COX4I1;COX5A;COX6A1;COX6B1;COX7A1;COX7A2;COX7C;COX8A;GSTO1;NDUFA1;NDUFA12;NDUFA13;NDUFA2;NDUFA3;NDUFA6;NDUFA8;NDUFAB1;NDUFB10;NDUFB4;NDUFB7;NDUFB8;NDUFB9;NDUFS2;NDUFS3;NDUFS4;NDUFS5;NDUFS7;NDUFS8;NFKBIA;PPIF;SDHA;SDHB;SDHC;SLC25A5;SOD1;UQCR10;UQCR11;UQCRC1;UQCRC2;UQCRQ,1.6354729484781838e-11,True
KEGG,6,THERMOGENESIS,1.68404079210204e-10,39,455,185,6576,COX20;COX4I1;COX5A;COX6A1;COX6B1;COX7A1;COX7A2;COX7C;COX8A;NDUFA1;NDUFA12;NDUFA13;NDUFA2;NDUFA3;NDUFA6;NDUFA8;NDUFAB1;NDUFB10;NDUFB4;NDUFB7;NDUFB8;NDUFB9;NDUFS2;NDUFS3;NDUFS4;NDUFS5;NDUFS7;NDUFS8;PRKAG1;RHEB;RPS6;SDHA;SDHB;SDHC;UQCR10;UQCR11;UQCRC1;UQCRC2;UQCRQ,3.906974637676733e-09,True
KEGG,6,PROTEIN PROCESSING IN ENDOPLASMIC RETICULUM,2.1194853492694683e-09,34,455,160,6576,ATF4;BCAP31;CALR;CANX;DDIT3;DDOST;DERL1;DNAJA1;GANAB;HERPUD1;HSP90AA1;HSP90AB1;HSP90B1;HSPA5;HSPA8;KRTCAP2;NSFL1C;OS9;P4HB;PDIA6;RAD23A;RPN2;SEC13;SEC61B;SSR2;SSR4;STT3B;TXNDC5;UBE2D2;UBE2G2;UBXN1;UBXN4;VCP;XBP1,4.609880634661094e-08,True
KEGG,6,CITRATE CYCLE (TCA CYCLE),1.1272496660905363e-06,11,455,28,6576,ACO2;IDH3B;MDH1;MDH2;PDHA1;PDHB;SDHA;SDHB;SDHC;SUCLA2;SUCLG1,2.3075463752912156e-05,True
KEGG,6,SPINOCEREBELLAR ATAXIA,5.1151931948632005e-06,25,455,136,6576,ATP2A2;ATXN10;NOP56;PPIF;PSMA1;PSMA2;PSMA3;PSMA7;PSMB1;PSMB4;PSMB5;PSMB6;PSMB7;PSMC3;PSMC4;PSMC5;PSMC6;PSMD13;PSMD2;PSMD4;PSMD6;PSMD7;PSMD8;SLC25A5;XBP1,9.889373510068855e-05,True
KEGG,6,PROTEIN EXPORT,7.076151893213708e-05,9,455,28,6576,HSPA5;OXA1L;SEC11A;SEC61B;SPCS1;SRP14;SRP68;SRP9;SRPRB,0.0012960530835991423,True
KEGG,6,CARDIAC MUSCLE CONTRACTION,0.0001516265925644706,15,455,75,6576,ATP2A2;COX4I1;COX5A;COX6A1;COX6B1;COX7A1;COX7A2;COX7C;COX8A;TPM4;UQCR10;UQCR11;UQCRC1;UQCRC2;UQCRQ,0.002591788024387241,True
KEGG,6,MITOPHAGY - ANIMAL,0.00015640100147164387,17,455,92,6576,ATF4;CSNK2B;FIS1;GABARAP;GABARAPL2;PHB2;RHOT2;RPS27A;SAMM50;SQSTM1;TAX1BP1;TOMM20;TOMM7;UBA52;UBB;UBC;VCP,0.002591788024387241,True
KEGG,6,ANTIGEN PROCESSING AND PRESENTATION,0.0008970788137673731,9,455,38,6576,B2M;CALR;CANX;HSP90AA1;HSP90AB1;HSPA5;HSPA8;IFI30;PSME1,0.014190155781411173,True
KEGG,6,RETROGRADE ENDOCANNABINOID SIGNALING,0.0017120112764998955,19,455,132,6576,NDUFA1;NDUFA12;NDUFA13;NDUFA2;NDUFA3;NDUFA6;NDUFA8;NDUFAB1;NDUFB10;NDUFB4;NDUFB7;NDUFB8;NDUFB9;NDUFS2;NDUFS3;NDUFS4;NDUFS5;NDUFS7;NDUFS8,0.025903474966172332,True
KEGG,6,VIBRIO CHOLERAE INFECTION,0.003165386356607572,9,455,45,6576,ATP6V0B;ATP6V0D1;ATP6V0E1;ATP6V1D;ATP6V1E1;ATP6V1F;KDELR1;KDELR2;SEC61B,0.04589810217080979,True
KEGG,6,SALMONELLA INFECTION,0.0073358335380266084,25,455,216,6576,ACTR10;ARL8B;ARPC2;ARPC3;ARPC5L;BRK1;CSE1L;CTNNB1;DCTN2;DYNLL1;DYNLRB1;HSP90AA1;HSP90AB1;HSP90B1;KLC4;M6PR;MYL12A;MYL12B;NDUFA2;NFKBIA;RALA;RHOA;TUBA1B;TUBA1C;TUBB,0.09950596743385538,False
KEGG,6,RNA POLYMERASE,0.007434353888736323,6,455,26,6576,POLR2E;POLR2G;POLR2I;POLR2K;POLR2L;POLR3H,0.09950596743385538,False
KEGG,6,PHAGOSOME,0.01245799829896746,15,455,115,6576,ATP6V0B;ATP6V0D1;ATP6V0E1;ATP6V1D;ATP6V1E1;ATP6V1F;CALR;CANX;LAMP1;M6PR;NDUFA2;SEC61B;TUBA1B;TUBA1C;TUBB,0.15556515778483493,False
KEGG,6,CYSTEINE AND METHIONINE METABOLISM,0.012516736833262581,8,455,46,6576,ADI1;KYAT3;LDHA;MAT2A;MDH1;MDH2;MPST;SBDS,0.15556515778483493,False
KEGG,6,AUTOPHAGY - ANIMAL,0.014081542292788022,18,455,149,6576,DDIT4;GABARAP;GABARAPL2;GORASP2;LAMP1;PPP2CA;PPP2CB;RAB1A;RHEB;RPS27A;RRAGA;SQSTM1;TAX1BP1;UBA52;UBB;UBC;VMP1;WDR45B,0.16897850751345628,False
KEGG,6,LEGIONELLOSIS,0.023656240686741967,7,455,42,6576,EEF1G;HSPA8;HSPD1;NDUFA2;NFKBIA;RAB1A;VCP,0.2744123919662068,False
KEGG,6,COLLECTING DUCT ACID SECRETION,0.025997790002526697,5,455,25,6576,ATP6V0D1;ATP6V0E1;ATP6V1D;ATP6V1E1;ATP6V1F,0.29184615873804165,False
KEGG,6,SYSTEMIC LUPUS ERYTHEMATOSUS,0.02985857293974348,7,455,44,6576,H2AJ;H2AZ2;MACROH2A1;PSMA7;SNRPB;SNRPD2;SSB,0.32471198071971036,False
KEGG,6,VIRAL CARCINOGENESIS,0.03286111029473885,17,455,152,6576,ATF4;ATP6V0D1;CDK4;DDB1;DDX3X;DNAJA3;HNRNPK;NFKBIA;RANBP1;RHOA;SND1;SNW1;STAT3;UXT;YWHAB;YWHAE;YWHAH,0.346535344926337,False
KEGG,6,RIBOSOME BIOGENESIS IN EUKARYOTES,0.03675401263105974,9,455,66,6576,CSNK2B;EIF6;FBL;GNL2;NOP56;RAN;REXO2;SBDS;SNU13,0.37618812928261147,False
KEGG,6,BIOSYNTHESIS OF VARIOUS NUCLEOTIDE SUGARS,0.03818084305770308,4,455,19,6576,CMAS;CYB5R3;GFUS;UGP2,0.37962666811659057,False
KEGG,6,PYRUVATE METABOLISM,0.03956229637998089,6,455,37,6576,AKR1A1;LDHA;MDH1;MDH2;PDHA1;PDHB,0.38243553167314864,False
KEGG,6,GLYOXYLATE AND DICARBOXYLATE METABOLISM,0.046378718463694214,5,455,29,6576,ACO2;AMT;GLUL;MDH1;MDH2,0.43621064933420506,False
KEGG,6,MTOR SIGNALING PATHWAY,0.04905284092297018,16,455,148,6576,ATP6V1D;ATP6V1E1;ATP6V1F;CAB39;DDIT4;EIF4E2;LAMTOR1;LAMTOR4;LAMTOR5;RHEB;RHOA;RPS6;RRAGA;SEC13;SLC3A2;UXT,0.44164000154050115,False
KEGG,6,EPSTEIN-BARR VIRUS INFECTION,0.049799999764517155,17,455,160,6576,B2M;CALR;CDK4;NFKBIA;PSMC3;PSMC4;PSMC5;PSMC6;PSMD13;PSMD2;PSMD4;PSMD6;PSMD7;PSMD8;SNW1;STAT3;UXT,0.44164000154050115,False
KEGG,6,BACTERIAL INVASION OF EPITHELIAL CELLS,0.05076321856787369,9,455,70,6576,ARPC2;ARPC3;ARPC5L;CLTA;CLTB;CTNNB1;ILK;RHOA;SEPTIN2,0.44164000154050115,False
KEGG,6,SHIGELLOSIS,0.05502180219162218,21,455,210,6576,ARPC2;ARPC3;ARPC5L;CAPNS1;CBX3;ILK;MYL12A;MYL12B;NDUFA2;NFKBIA;PPID;RHOA;RPS27A;RRAGA;SEPTIN2;SQSTM1;UBA52;UBB;UBC;UBE2D2;UBE2V1,0.4670143210410858,False
KEGG,6,PROPANOATE METABOLISM,0.05932795254768302,5,455,31,6576,ECHS1;HADHA;LDHA;SUCLA2;SUCLG1,0.49157446396651644,False
KEGG,6,GLYCOLYSIS / GLUCONEOGENESIS,0.07090392431592181,7,455,53,6576,AKR1A1;ALDOC;LDHA;PDHA1;PDHB;PGK1;TPI1,0.560785583225927,False
KEGG,6,NUCLEOTIDE EXCISION REPAIR,0.07090392431592181,7,455,53,6576,DDB1;POLR2E;POLR2G;POLR2I;POLR2K;POLR2L;RAD23A,0.560785583225927,False
KEGG,6,NECROPTOSIS,0.07265731520415465,12,455,109,6576,CHMP2A;FTH1;GLUL;H2AJ;H2AZ2;HSP90AA1;HSP90AB1;MACROH2A1;PPID;SLC25A5;SQSTM1;STAT3,0.5618832375787959,False
KEGG,6,PENTOSE AND GLUCURONATE INTERCONVERSIONS,0.080393178310403,3,455,15,6576,AKR1A1;DCXR;UGP2,0.5956090139499681,False
KEGG,6,ARGININE AND PROLINE METABOLISM,0.08044144728634627,6,455,44,6576,CKB;LAP3;MAOB;OAT;PYCR2;SAT2,0.5956090139499681,False
KEGG,6,MRNA SURVEILLANCE PATHWAY,0.09967815036857254,9,455,80,6576,FUS;NUDT21;PABPC4;PNN;PPP1CA;PPP1CC;PPP2CA;PPP2CB;RNPS1,0.7042807888954066,False
KEGG,6,FATTY ACID DEGRADATION,0.09972886592915715,5,455,36,6576,ACADM;ACADVL;ECHS1;HADHA;HADHB,0.7042807888954066,False
KEGG,6,RIBOFLAVIN METABOLISM,0.10132150308543544,2,455,8,6576,BLVRB;NDUFAB1,0.7042807888954066,False
KEGG,6,DRUG METABOLISM - OTHER ENZYMES,0.10321356388984405,6,455,47,6576,CMPK1;GSTO1;NME2;NME3;UCK1;UCKL1,0.7042807888954066,False
KEGG,6,HERPES SIMPLEX VIRUS 1 INFECTION,0.11882974410193346,13,455,131,6576,B2M;CALR;EIF2B4;NFKBIA;PPP1CA;PPP1CC;RHEB;SRSF1;SRSF2;SRSF3;SRSF5;SRSF6;SRSF7,0.7952452105283239,False
KEGG,6,N-GLYCAN BIOSYNTHESIS,0.12898435002122505,6,455,50,6576,DDOST;DPM3;GANAB;KRTCAP2;RPN2;STT3B,0.8250817342088311,False
KEGG,6,UBIQUITIN MEDIATED PROTEOLYSIS,0.1293276933011012,13,455,133,6576,ANAPC4;ANAPC5;DDB1;RPS27A;UBA3;UBA52;UBB;UBC;UBE2D2;UBE2G2;UBE2M;UBE2R2;UXT,0.8250817342088311,False
KEGG,6,OOCYTE MEIOSIS,0.13178899765301247,11,455,109,6576,ANAPC4;ANAPC5;CALM1;CALM2;PPP1CA;PPP1CC;PPP2CA;PPP2CB;YWHAB;YWHAE;YWHAH,0.8250817342088311,False
KEGG,6,LIPID AND ATHEROSCLEROSIS,0.13277177332096132,16,455,171,6576,ATF4;CALM1;CALM2;DDIT3;HSP90AA1;HSP90AB1;HSP90B1;HSPA5;HSPA8;HSPD1;NDUFA2;NFKBIA;RHOA;SELENOP;STAT3;XBP1,0.8250817342088311,False
KEGG,6,LIPOIC ACID METABOLISM,0.14007645421244921,3,455,19,6576,AMT;PDHA1;PDHB,0.8552036151917952,False
KEGG,6,AUTOPHAGY - OTHER,0.1499719948946572,4,455,30,6576,GABARAP;GABARAPL2;PPP2CA;PPP2CB,0.8886630882342998,False
KEGG,6,EPITHELIAL CELL SIGNALING IN HELICOBACTER PYLORI INFECTION,0.15167289996832134,7,455,64,6576,ATP6V0B;ATP6V0D1;ATP6V0E1;ATP6V1D;ATP6V1E1;ATP6V1F;NFKBIA,0.8886630882342998,False
KEGG,6,SYNAPTIC VESICLE CYCLE,0.1532177738335,8,455,76,6576,ATP6V0B;ATP6V0D1;ATP6V0E1;ATP6V1D;ATP6V1E1;ATP6V1F;CLTA;CLTB,0.8886630882342998,False
KEGG,6,CYTOSOLIC DNA-SENSING PATHWAY,0.1575301255027242,6,455,53,6576,DDX41;NFKBIA;POLR2E;POLR2K;POLR2L;POLR3H,0.8986964536876724,False
KEGG,6,THIAMINE METABOLISM,0.1739006621478788,2,455,11,6576,AK1;NDUFAB1,0.9760875875397068,False
KEGG,6,RNA DEGRADATION,0.18860470040037935,7,455,68,6576,BTG1;BTG2;EXOSC7;HSPD1;LSM4;LSM7;PABPC4,1.0,False
KEGG,6,GLUCAGON SIGNALING PATHWAY,0.19264159157052743,9,455,93,6576,ATF4;CALM1;CALM2;LDHA;PDHA1;PDHB;PPP4R3A;PRKAG1;PRMT1,1.0,False
KEGG,6,"VALINE, LEUCINE AND ISOLEUCINE DEGRADATION",0.19788003594948345,5,455,45,6576,ACADM;ECHS1;HADHA;HADHB;HSD17B10,1.0,False
KEGG,6,LYSOSOME,0.20690450702486554,11,455,120,6576,AP3S1;ASAH1;ATP6V0B;ATP6V0D1;CD63;CLTA;CLTB;LAMP1;LAPTM4A;M6PR;SCARB2,1.0,False
KEGG,6,TIGHT JUNCTION,0.23035705041905694,13,455,149,6576,ARPC2;ARPC3;ARPC5L;CDK4;MYL12A;MYL12B;MYL6B;PPP2CA;PPP2CB;PRKAG1;RHOA;TUBA1B;TUBA1C,1.0,False
KEGG,6,FERROPTOSIS,0.23605417248805832,4,455,36,6576,FTH1;PCBP2;SAT2;SLC3A2,1.0,False
KEGG,6,VIRAL LIFE CYCLE - HIV-1,0.2361365188888401,5,455,48,6576,NELFCD;NELFE;RAN;SERINC3;TNPO3,1.0,False
KEGG,6,NUCLEOCYTOPLASMIC TRANSPORT,0.2429044880136466,8,455,86,6576,CSE1L;PNN;RAN;RNPS1;SEC13;SUMO1;THOC7;TNPO3,1.0,False
KEGG,6,FATTY ACID ELONGATION,0.2477305662685798,3,455,25,6576,ECHS1;HADHA;HADHB,1.0,False
KEGG,6,AMPHETAMINE ADDICTION,0.25663983769113313,6,455,62,6576,ATF4;CALM1;CALM2;MAOB;PPP1CA;PPP1CC,1.0,False
KEGG,6,PYRIMIDINE METABOLISM,0.27622855660933127,5,455,51,6576,CMPK1;NME2;NME3;UCK1;UCKL1,1.0,False
KEGG,6,TRYPTOPHAN METABOLISM,0.2827826238847584,4,455,39,6576,ECHS1;HADHA;KYAT3;MAOB,1.0,False
KEGG,6,PENTOSE PHOSPHATE PATHWAY,0.2861544593242033,3,455,27,6576,ALDOC;PGLS;TALDO1,1.0,False
KEGG,6,FLUID SHEAR STRESS AND ATHEROSCLEROSIS,0.30814178589533453,10,455,119,6576,CALM1;CALM2;CTNNB1;GSTO1;HSP90AA1;HSP90AB1;HSP90B1;RHOA;SQSTM1;SUMO1,1.0,False
KEGG,6,VARIOUS TYPES OF N-GLYCAN BIOSYNTHESIS,0.3146687711098251,4,455,41,6576,DDOST;KRTCAP2;RPN2;STT3B,1.0,False
KEGG,6,PEROXISOME,0.3162348420216035,7,455,80,6576,CRAT;ECH1;GNPAT;HSD17B4;PRDX1;PRDX5;SOD1,1.0,False
KEGG,6,RHEUMATOID ARTHRITIS,0.3176465075029977,6,455,67,6576,ATP6V0B;ATP6V0D1;ATP6V0E1;ATP6V1D;ATP6V1E1;ATP6V1F,1.0,False
KEGG,6,FRUCTOSE AND MANNOSE METABOLISM,0.325003234187664,3,455,29,6576,ALDOC;GFUS;TPI1,1.0,False
KEGG,6,COBALAMIN TRANSPORT AND METABOLISM,0.3310226970746427,2,455,17,6576,MMADHC;PRDX1,1.0,False
KEGG,6,ALCOHOLISM,0.35074738123608995,9,455,110,6576,ATF4;CALM1;CALM2;H2AJ;H2AZ2;MACROH2A1;MAOB;PPP1CA;PPP1CC,1.0,False
KEGG,6,GLUTATHIONE METABOLISM,0.3629637247383739,4,455,44,6576,GPX1;GSTO1;LAP3;PRDX5,1.0,False
KEGG,6,HIF-1 SIGNALING PATHWAY,0.3777943045053979,8,455,99,6576,ALDOC;EIF4E2;LDHA;PDHA1;PDHB;PGK1;RPS6;STAT3,1.0,False
KEGG,6,CIRCADIAN RHYTHM,0.38315343630405524,3,455,32,6576,CSNK1D;HSD17B4;PRKAG1,1.0,False
KEGG,6,LONG-TERM POTENTIATION,0.38774618245670456,5,455,59,6576,ATF4;CALM1;CALM2;PPP1CA;PPP1CC,1.0,False
KEGG,6,PERTUSSIS,0.38774618245670456,5,455,59,6576,CALM1;CALM2;CFL2;NDUFA2;RHOA,1.0,False
KEGG,6,RENIN-ANGIOTENSIN SYSTEM,0.40747680274344533,2,455,20,6576,ATP6AP2;PMPCB,1.0,False
KEGG,6,ADHERENS JUNCTION,0.4084311704633521,7,455,88,6576,CCM2;CSNK2B;CTNNB1;MYL12A;MYL12B;NDUFAB1;RHOA,1.0,False
KEGG,6,IL-17 SIGNALING PATHWAY,0.4310733980880063,6,455,76,6576,ANAPC5;HSP90AA1;HSP90AB1;HSP90B1;NFKBIA;SRSF1,1.0,False
KEGG,6,SULFUR RELAY SYSTEM,0.4366905546303415,1,455,8,6576,MPST,1.0,False
KEGG,6,"GLYCINE, SERINE AND THREONINE METABOLISM",0.4401064811500914,3,455,35,6576,AMT;MAOB;SBDS,1.0,False
KEGG,6,PHOTOTRANSDUCTION,0.4560465229105567,2,455,22,6576,CALM1;CALM2,1.0,False
KEGG,6,SULFUR METABOLISM,0.4757139708366743,1,455,9,6576,MPST,1.0,False
KEGG,6,ATP-DEPENDENT CHROMATIN REMODELING,0.47744035110828315,7,455,94,6576,BCL7B;DMAP1;H2AJ;H2AZ2;MACROH2A1;MORF4L1;ZNHIT1,1.0,False
KEGG,6,BUTANOATE METABOLISM,0.4794591264009036,2,455,23,6576,ECHS1;HADHA,1.0,False
KEGG,6,THYROID HORMONE SYNTHESIS,0.48479737763850916,5,455,66,6576,ATF4;CANX;GPX1;HSP90B1;HSPA5,1.0,False
KEGG,6,HEPATITIS C,0.5110358803737064,9,455,126,6576,CDK4;CTNNB1;NFKBIA;PPP2CA;PPP2CB;STAT3;YWHAB;YWHAE;YWHAH,1.0,False
KEGG,6,PATHOGENIC ESCHERICHIA COLI INFECTION,0.5152720386836502,12,455,170,6576,ARPC2;ARPC3;ARPC5L;BRK1;NFKBIA;RAB1A;RHOA;TMBIM6;TMED10;TUBA1B;TUBA1C;TUBB,1.0,False
KEGG,6,INSULIN SIGNALING PATHWAY,0.5207916089560943,9,455,127,6576,CALM1;CALM2;EIF4E2;PPP1CA;PPP1CC;PRKAG1;PRKAR1A;RHEB;RPS6,1.0,False
KEGG,6,MOTOR PROTEINS,0.5236956275773808,12,455,171,6576,ACTR10;DCTN2;DYNLL1;DYNLRB1;KLC4;MYL12A;MYL12B;MYL6B;TPM4;TUBA1B;TUBA1C;TUBB,1.0,False
KEGG,6,ENDOCYTOSIS,0.5412547011527844,15,455,217,6576,ARF4;ARPC2;ARPC3;ARPC5L;CHMP2A;CLTA;CLTB;HSPA8;PTGES2;RHOA;SNF8;SNX3;SNX32;SNX5;VPS36,1.0,False
KEGG,6,VASOPRESSIN-REGULATED WATER REABSORPTION,0.5469554034259879,3,455,41,6576,DCTN2;DYNLL1;STX4,1.0,False
KEGG,6,ESTROGEN SIGNALING PATHWAY,0.5768967918063265,8,455,118,6576,ATF4;CALM1;CALM2;FKBP4;HSP90AA1;HSP90AB1;HSP90B1;HSPA8,1.0,False
KEGG,6,DRUG METABOLISM - CYTOCHROME P450,0.5866907253160767,2,455,28,6576,GSTO1;MAOB,1.0,False
KEGG,6,PORPHYRIN METABOLISM,0.5866907253160767,2,455,28,6576,BLVRB;FTH1,1.0,False
KEGG,6,CELL CYCLE,0.5876271972654621,10,455,149,6576,ANAPC4;ANAPC5;CDK4;PPP2CA;PPP2CB;REXO2;UXT;YWHAB;YWHAE;YWHAH,1.0,False
KEGG,6,MEASLES,0.5969282807651313,7,455,105,6576,CDK4;CSNK2B;EIF3H;HSPA8;NFKBIA;RACK1;STAT3,1.0,False
KEGG,6,BETA-ALANINE METABOLISM,0.6060749839181813,2,455,29,6576,ECHS1;HADHA,1.0,False
KEGG,6,VIRION - LASSA VIRUS AND SFTS VIRUS,0.6066274489288329,1,455,13,6576,LAMP1,1.0,False
KEGG,6,DOPAMINERGIC SYNAPSE,0.6153003118020987,8,455,122,6576,ATF4;CALM1;CALM2;MAOB;PPP1CA;PPP1CC;PPP2CA;PPP2CB,1.0,False
KEGG,6,KAPOSI SARCOMA-ASSOCIATED HERPESVIRUS INFECTION,0.6217564504715183,10,455,153,6576,CALM1;CALM2;CDK4;CTNNB1;NFKBIA;RPS27A;STAT3;UBA52;UBB;UBC,1.0,False
KEGG,6,ADRENERGIC SIGNALING IN CARDIOMYOCYTES,0.6229184602826506,9,455,138,6576,ATF4;ATP2A2;CALM1;CALM2;PPP1CA;PPP1CC;PPP2CA;PPP2CB;TPM4,1.0,False
KEGG,6,CELLULAR SENESCENCE,0.6229184602826506,9,455,138,6576,CALM1;CALM2;CDK4;PPID;PPP1CA;PPP1CC;RHEB;SLC25A5;SQSTM1,1.0,False
KEGG,6,ONE CARBON POOL BY FOLATE,0.6247624006505754,2,455,30,6576,AMT;MAT2A,1.0,False
KEGG,6,CENTRAL CARBON METABOLISM IN CANCER,0.6304567943637187,4,455,62,6576,LDHA;PDHA1;PDHB;SIRT3,1.0,False
KEGG,6,ASCORBATE AND ALDARATE METABOLISM,0.6338992012886353,1,455,14,6576,AKR1A1,1.0,False
KEGG,6,PHENYLALANINE METABOLISM,0.6338992012886353,1,455,14,6576,MAOB,1.0,False
KEGG,6,ALCOHOLIC LIVER DISEASE,0.6464007871704401,7,455,110,6576,ACADM;ACADVL;CTNNB1;NDUFA2;NFKBIA;PRKAG1;TRA2A,1.0,False
KEGG,6,NOD-LIKE RECEPTOR SIGNALING PATHWAY,0.6518064605893692,8,455,126,6576,GABARAP;GABARAPL2;HSP90AA1;HSP90AB1;NFKBIA;RHOA;TXNIP;YWHAE,1.0,False
KEGG,6,PROSTATE CANCER,0.6711817396600911,6,455,97,6576,ATF4;CTNNB1;HSP90AA1;HSP90AB1;HSP90B1;NFKBIA,1.0,False
KEGG,6,OTHER GLYCAN DEGRADATION,0.6829124922550333,1,455,16,6576,MAN2C1,1.0,False
KEGG,6,PRIMARY BILE ACID BIOSYNTHESIS,0.6829124922550333,1,455,16,6576,HSD17B4,1.0,False
KEGG,6,AMPK SIGNALING PATHWAY,0.6833082011883557,7,455,114,6576,CAB39;EEF2;PPP2CA;PPP2CB;PRKAG1;RAB2A;RHEB,1.0,False
KEGG,6,NITROGEN METABOLISM,0.7049056044538078,1,455,17,6576,GLUL,1.0,False
KEGG,6,SELENOCOMPOUND METABOLISM,0.7049056044538078,1,455,17,6576,KYAT3,1.0,False
KEGG,6,HIPPO SIGNALING PATHWAY,0.7049231939005816,9,455,148,6576,CSNK1D;CTNNB1;PPP1CA;PPP1CC;PPP2CA;PPP2CB;YWHAB;YWHAE;YWHAH,1.0,False
KEGG,6,NEUTROPHIL EXTRACELLULAR TRAP FORMATION,0.708896331593432,6,455,101,6576,H2AJ;H2AZ2;MACROH2A1;PPIF;SELENOP;SLC25A5,1.0,False
KEGG,6,CGMP-PKG SIGNALING PATHWAY,0.7124636508271252,9,455,149,6576,ATF4;ATP2A2;CALM1;CALM2;PPIF;PPP1CA;PPP1CC;RHOA;SLC25A5,1.0,False
KEGG,6,INSULIN RESISTANCE,0.7178504632969129,6,455,102,6576,NFKBIA;PPP1CA;PPP1CC;PRKAG1;PTPRA;STAT3,1.0,False
KEGG,6,BASAL TRANSCRIPTION FACTORS,0.7226232147670542,2,455,36,6576,TAF10;TAF15,1.0,False
KEGG,6,THYROID CANCER,0.7226232147670542,2,455,36,6576,CTNNB1;TFG,1.0,False
KEGG,6,LONGEVITY REGULATING PATHWAY - MULTIPLE SPECIES,0.7321576860550456,3,455,54,6576,HSPA8;PRKAG1;SOD1,1.0,False
KEGG,6,OLFACTORY TRANSDUCTION,0.7366622207084856,2,455,37,6576,CALM1;CALM2,1.0,False
KEGG,6,HUMAN CYTOMEGALOVIRUS INFECTION,0.7369912298579955,11,455,184,6576,ATF4;B2M;CALM1;CALM2;CALR;CDK4;CTNNB1;NFKBIA;RHEB;RHOA;STAT3,1.0,False
KEGG,6,TUBERCULOSIS,0.7411522548041909,8,455,137,6576,ATP6V0B;ATP6V0D1;CALM1;CALM2;HSPD1;LAMP1;NDUFA2;RHOA,1.0,False
KEGG,6,HISTIDINE METABOLISM,0.7444300352314679,1,455,19,6576,MAOB,1.0,False
KEGG,6,STEROID BIOSYNTHESIS,0.7444300352314679,1,455,19,6576,CYP51A1,1.0,False
KEGG,6,OXYTOCIN SIGNALING PATHWAY,0.7484281806209012,8,455,138,6576,CALM1;CALM2;EEF2;MYL6B;PPP1CA;PPP1CC;PRKAG1;RHOA,1.0,False
KEGG,6,TERPENOID BACKBONE BIOSYNTHESIS,0.7621644158887322,1,455,20,6576,FNTA,1.0,False
KEGG,6,VIRION - HEPATITIS VIRUSES,0.7751898702938965,2,455,40,6576,CD63;LAMP1,1.0,False
KEGG,6,ARGININE BIOSYNTHESIS,0.7786706988006643,1,455,21,6576,GLUL,1.0,False
KEGG,6,PROXIMAL TUBULE BICARBONATE RECLAMATION,0.7786706988006643,1,455,21,6576,MDH1,1.0,False
KEGG,6,GAP JUNCTION,0.7898011009869916,4,455,77,6576,CSNK1D;TUBA1B;TUBA1C;TUBB,1.0,False
KEGG,6,BIOSYNTHESIS OF UNSATURATED FATTY ACIDS,0.7940337547954313,1,455,22,6576,HSD17B4,1.0,False
KEGG,6,NEUROTROPHIN SIGNALING PATHWAY,0.7968996137899337,6,455,112,6576,ATF4;CALM1;CALM2;NFKBIA;RHOA;YWHAE,1.0,False
KEGG,6,PURINE METABOLISM,0.7968996137899337,6,455,112,6576,AK1;DGUOK;GMPR2;GUK1;NME2;NME3,1.0,False
KEGG,6,HUMAN T-CELL LEUKEMIA VIRUS 1 INFECTION,0.8016523934015327,11,455,195,6576,ANAPC4;ANAPC5;ATF4;B2M;CALR;CANX;CDK4;NFKBIA;RAN;RANBP1;SLC25A5,1.0,False
KEGG,6,TYPE I DIABETES MELLITUS,0.8083326015406371,1,455,23,6576,HSPD1,1.0,False
KEGG,6,ENDOCRINE AND OTHER FACTOR-REGULATED CALCIUM REABSORPTION,0.8188466514080137,2,455,44,6576,CLTA;CLTB,1.0,False
KEGG,6,CHEMICAL CARCINOGENESIS - DNA ADDUCTS,0.8216408063779652,1,455,24,6576,GSTO1,1.0,False
KEGG,6,APOPTOSIS,0.8233152616515745,6,455,116,6576,ATF4;DDIT3;MCL1;NFKBIA;TUBA1B;TUBA1C,1.0,False
KEGG,6,VASCULAR SMOOTH MUSCLE CONTRACTION,0.8294764694798693,6,455,117,6576,CALM1;CALM2;MYL6B;PPP1CA;PPP1CC;RHOA,1.0,False
KEGG,6,LONGEVITY REGULATING PATHWAY,0.8358978158251977,4,455,83,6576,ATF4;EIF4E2;PRKAG1;RHEB,1.0,False
KEGG,6,P53 SIGNALING PATHWAY,0.8374518029825636,3,455,65,6576,CDK4;EI24;REXO2,1.0,False
KEGG,6,PPAR SIGNALING PATHWAY,0.8374518029825636,3,455,65,6576,ACADM;ILK;UBC,1.0,False
KEGG,6,ARACHIDONIC ACID METABOLISM,0.8376981481534853,2,455,46,6576,PTGES2;PTGES3,1.0,False
KEGG,6,COCAINE ADDICTION,0.8376981481534853,2,455,46,6576,ATF4;MAOB,1.0,False
KEGG,6,GABAERGIC SYNAPSE,0.8426984392769044,4,455,84,6576,GABARAP;GABARAPL2;GLUL;SLC38A2,1.0,False
KEGG,6,PROGESTERONE-MEDIATED OOCYTE MATURATION,0.8426984392769044,4,455,84,6576,ANAPC4;ANAPC5;HSP90AA1;HSP90AB1,1.0,False
KEGG,6,GALACTOSE METABOLISM,0.8455545332997613,1,455,26,6576,UGP2,1.0,False
KEGG,6,STARCH AND SUCROSE METABOLISM,0.8455545332997613,1,455,26,6576,UGP2,1.0,False
KEGG,6,MINERAL ABSORPTION,0.8464434561988813,2,455,47,6576,FTH1;MT1X,1.0,False
KEGG,6,FC GAMMA R-MEDIATED PHAGOCYTOSIS,0.8555909999764896,4,455,86,6576,ARPC2;ARPC3;ARPC5L;CFL2,1.0,False
KEGG,6,FOXO SIGNALING PATHWAY,0.8577494550563505,6,455,122,6576,GABARAP;GABARAPL2;PRKAG1;PRMT1;STAT3;UXT,1.0,False
KEGG,6,GLIOMA,0.8591320090640976,3,455,68,6576,CALM1;CALM2;CDK4,1.0,False
KEGG,6,INFLAMMATORY MEDIATOR REGULATION OF TRP CHANNELS,0.8616940146624902,4,455,87,6576,CALM1;CALM2;PPP1CA;PPP1CC,1.0,False
KEGG,6,ADIPOCYTOKINE SIGNALING PATHWAY,0.8657751118410106,3,455,69,6576,NFKBIA;PRKAG1;STAT3,1.0,False
KEGG,6,REGULATION OF ACTIN CYTOSKELETON,0.8661006242619731,11,455,209,6576,ARPC2;ARPC3;ARPC5L;BRK1;CFL2;MYL12A;MYL12B;PPP1CA;PPP1CC;PSMA7;RHOA,1.0,False
KEGG,6,CHEMICAL CARCINOGENESIS - RECEPTOR ACTIVATION,0.8691177595437426,8,455,159,6576,ATF4;AURKAIP1;GSTO1;HSP90AA1;HSP90AB1;HSP90B1;PTGES3;STAT3,1.0,False
KEGG,6,HEDGEHOG SIGNALING PATHWAY,0.8772989860552829,2,455,51,6576,CSNK1A1;CSNK1D,1.0,False
KEGG,6,RIG-I-LIKE RECEPTOR SIGNALING PATHWAY,0.8772989860552829,2,455,51,6576,DDX3X;NFKBIA,1.0,False
KEGG,6,CHAGAS DISEASE,0.8786975896020937,4,455,90,6576,CALR;NFKBIA;PPP2CA;PPP2CB,1.0,False
KEGG,6,T CELL RECEPTOR SIGNALING PATHWAY,0.8819345672094823,5,455,109,6576,CDK4;NFKBIA;PPP2CA;PPP2CB;RHOA,1.0,False
KEGG,6,PI3K-AKT SIGNALING PATHWAY,0.883228315904853,17,455,313,6576,ATF4;CCM2;CDC37;CDK4;DDIT4;EIF4E2;HSP90AA1;HSP90AB1;HSP90B1;MCL1;PPP2CA;PPP2CB;RHEB;RPS6;YWHAB;YWHAE;YWHAH,1.0,False
KEGG,6,METABOLISM OF XENOBIOTICS BY CYTOCHROME P450,0.8842089223363035,1,455,30,6576,GSTO1,1.0,False
KEGG,6,TYROSINE METABOLISM,0.8842089223363035,1,455,30,6576,MAOB,1.0,False
KEGG,6,TH17 CELL DIFFERENTIATION,0.8890022100396681,4,455,92,6576,HSP90AA1;HSP90AB1;NFKBIA;STAT3,1.0,False
KEGG,6,SNARE INTERACTIONS IN VESICULAR TRANSPORT,0.892257339741892,1,455,31,6576,STX4,1.0,False
KEGG,6,ENDOMETRIAL CANCER,0.8965760692965663,2,455,54,6576,CTNNB1;ILK,1.0,False
KEGG,6,TOXOPLASMOSIS,0.8985348509272156,4,455,94,6576,HSPA8;NFKBIA;PPIF;STAT3,1.0,False
KEGG,6,PANCREATIC CANCER,0.9001258748150326,3,455,75,6576,CDK4;RALA;STAT3,1.0,False
KEGG,6,LONG-TERM DEPRESSION,0.90234959152839,2,455,55,6576,PPP2CA;PPP2CB,1.0,False
KEGG,6,NOTCH SIGNALING PATHWAY,0.90234959152839,2,455,55,6576,APH1A;SNW1,1.0,False
KEGG,6,C-TYPE LECTIN RECEPTOR SIGNALING PATHWAY,0.9030257052931765,4,455,95,6576,CALM1;CALM2;NFKBIA;RHOA,1.0,False
KEGG,6,DNA REPLICATION,0.9067179633495174,1,455,33,6576,RNASEH2C,1.0,False
KEGG,6,AMOEBIASIS,0.9096844021050976,3,455,77,6576,HSPB1;NDUFA2;PRDX1,1.0,False
KEGG,6,POLYCOMB REPRESSIVE COMPLEX,0.9096844021050976,3,455,77,6576,CBX3;CSNK2B;UBE2D2,1.0,False
KEGG,6,PLATELET ACTIVATION,0.9117628229199836,5,455,116,6576,MYL12A;MYL12B;PPP1CA;PPP1CC;RHOA,1.0,False
KEGG,6,LYSINE DEGRADATION,0.9130058621247963,2,455,57,6576,ECHS1;HADHA,1.0,False
KEGG,6,"ALANINE, ASPARTATE AND GLUTAMATE METABOLISM",0.9132047930417029,1,455,34,6576,GLUL,1.0,False
KEGG,6,ALDOSTERONE-REGULATED SODIUM REABSORPTION,0.9132047930417029,1,455,34,6576,REXO2,1.0,False
KEGG,6,NICOTINATE AND NICOTINAMIDE METABOLISM,0.9132047930417029,1,455,34,6576,SIRT3,1.0,False
KEGG,6,HEPATITIS B,0.9136413560011887,6,455,135,6576,ATF4;DDB1;DDX3X;NFKBIA;STAT3;YWHAB,1.0,False
KEGG,6,AMINO SUGAR AND NUCLEOTIDE SUGAR METABOLISM,0.9192414514284386,1,455,35,6576,UGP2,1.0,False
KEGG,6,IGSF CAM SIGNALING,0.9223361879477137,13,455,261,6576,ARPC2;ARPC3;ARPC5L;CTNNB1;DYNLL1;METAP2;MYL12A;MYL12B;MYL6B;RHOA;TUBA1B;TUBA1C;TUBB,1.0,False
KEGG,6,YERSINIA INFECTION,0.9223823399622685,5,455,119,6576,ARPC2;ARPC3;ARPC5L;NFKBIA;RHOA,1.0,False
KEGG,6,GNRH SIGNALING PATHWAY,0.9224741834496032,3,455,80,6576,ATF4;CALM1;CALM2,1.0,False
KEGG,6,ALDOSTERONE SYNTHESIS AND SECRETION,0.9263554653829731,3,455,81,6576,ATF4;CALM1;CALM2,1.0,False
KEGG,6,COLORECTAL CANCER,0.9263554653829731,3,455,81,6576,CTNNB1;RALA;RHOA,1.0,False
KEGG,6,PD-L1 EXPRESSION AND PD-1 CHECKPOINT PATHWAY IN CANCER,0.9263554653829731,3,455,81,6576,CSNK2B;NFKBIA;STAT3,1.0,False
KEGG,6,BLADDER CANCER,0.9300868068503986,1,455,37,6576,CDK4,1.0,False
KEGG,6,HOMOLOGOUS RECOMBINATION,0.9300868068503986,1,455,37,6576,BABAM1,1.0,False
KEGG,6,MALARIA,0.9300868068503986,1,455,37,6576,SELENOP,1.0,False
KEGG,6,ACUTE MYELOID LEUKEMIA,0.9350688128991625,2,455,62,6576,NDUFA2;STAT3,1.0,False
KEGG,6,RENIN SECRETION,0.9350688128991625,2,455,62,6576,CALM1;CALM2,1.0,False
KEGG,6,SALIVARY SECRETION,0.9387940200098289,2,455,63,6576,CALM1;CALM2,1.0,False
KEGG,6,BASE EXCISION REPAIR,0.9436909970812734,1,455,40,6576,APEX1,1.0,False
KEGG,6,LEUKOCYTE TRANSENDOTHELIAL MIGRATION,0.9446719134485033,4,455,107,6576,CTNNB1;MYL12A;MYL12B;RHOA,1.0,False
KEGG,6,GASTRIC ACID SECRETION,0.9456450551357638,2,455,65,6576,CALM1;CALM2,1.0,False
KEGG,6,SMALL CELL LUNG CANCER,0.9461322319150248,3,455,87,6576,CDK4;NFKBIA;UXT,1.0,False
KEGG,6,MELANOGENESIS,0.9515442296608843,3,455,89,6576,CALM1;CALM2;CTNNB1,1.0,False
KEGG,6,NF-KAPPA B SIGNALING PATHWAY,0.9515442296608843,3,455,89,6576,CSNK2B;NDUFA2;NFKBIA,1.0,False
KEGG,6,PROTEOGLYCANS IN CANCER,0.9524733412693068,8,455,187,6576,CD63;CTNNB1;DDX5;PPP1CA;PPP1CC;RHOA;RPS6;STAT3,1.0,False
KEGG,6,HUMAN IMMUNODEFICIENCY VIRUS 1 INFECTION,0.9554618521600702,7,455,170,6576,B2M;CALM1;CALM2;CALR;CFL2;DDB1;NFKBIA,1.0,False
KEGG,6,NON-SMALL CELL LUNG CANCER,0.9572203731068772,2,455,69,6576,CDK4;STAT3,1.0,False
KEGG,6,SPHINGOLIPID SIGNALING PATHWAY,0.9606668851881068,4,455,114,6576,ASAH1;PPP2CA;PPP2CB;RHOA,1.0,False
KEGG,6,TRANSCRIPTIONAL MISREGULATION IN CANCER,0.9625763813603704,6,455,155,6576,DDIT3;DDX5;EWSR1;FUS;NDUFA2;TAF15,1.0,False
KEGG,6,CHOLESTEROL METABOLISM,0.9634841867799961,1,455,46,6576,VAPA,1.0,False
KEGG,6,CHRONIC MYELOID LEUKEMIA,0.9643132838314803,2,455,72,6576,CDK4;NFKBIA,1.0,False
KEGG,6,ETHER LIPID METABOLISM,0.9660285504882813,1,455,47,6576,PAFAH1B1,1.0,False
KEGG,6,VIRAL MYOCARDITIS,0.9660285504882813,1,455,47,6576,EIF4G2,1.0,False
KEGG,6,HUMAN PAPILLOMAVIRUS INFECTION,0.9664056277784404,13,455,287,6576,ATP6V0B;ATP6V0D1;ATP6V0E1;ATP6V1D;ATP6V1E1;ATP6V1F;BCAP31;CDK4;CSNK1A1;CTNNB1;PPP2CA;PPP2CB;RHEB,1.0,False
KEGG,6,HYPERTROPHIC CARDIOMYOPATHY,0.9667469655119304,3,455,96,6576,ATP2A2;PRKAG1;TPM4,1.0,False
KEGG,6,SPHINGOLIPID METABOLISM,0.9705987813171619,1,455,49,6576,ASAH1,1.0,False
KEGG,6,INFLAMMATORY BOWEL DISEASE,0.9726483530194281,1,455,50,6576,STAT3,1.0,False
KEGG,6,TGF-BETA SIGNALING PATHWAY,0.9732869447681424,3,455,100,6576,PPP2CA;PPP2CB;RHOA,1.0,False
KEGG,6,STAPHYLOCOCCUS AUREUS INFECTION,0.9745553403587109,1,455,51,6576,SELENOP,1.0,False
KEGG,6,APELIN SIGNALING PATHWAY,0.9774007512346777,4,455,125,6576,CALM1;CALM2;PRKAG1;RPS6,1.0,False
KEGG,6,TOLL-LIKE RECEPTOR SIGNALING PATHWAY,0.978131595015101,2,455,80,6576,NDUFA2;NFKBIA,1.0,False
KEGG,6,FOCAL ADHESION,0.9791883939786007,7,455,188,6576,CTNNB1;ILK;MYL12A;MYL12B;PPP1CA;PPP1CC;RHOA,1.0,False
KEGG,6,CORTISOL SYNTHESIS AND SECRETION,0.9795164040894172,1,455,54,6576,ATF4,1.0,False
KEGG,6,PANCREATIC SECRETION,0.9806769911012372,2,455,82,6576,ATP2A2;RHOA,1.0,False
KEGG,6,GLYCEROLIPID METABOLISM,0.9809454191368436,1,455,55,6576,AKR1A1,1.0,False
KEGG,6,VEGF SIGNALING PATHWAY,0.9809454191368436,1,455,55,6576,HSPB1,1.0,False
KEGG,6,AXON GUIDANCE,0.981775393230145,6,455,171,6576,CFL2;DPYSL2;ILK;MYL12A;MYL12B;RHOA,1.0,False
KEGG,6,PROTEIN DIGESTION AND ABSORPTION,0.9818396557550577,2,455,83,6576,SLC38A2;SLC3A2,1.0,False
KEGG,6,MICRORNAS IN CANCER,0.9822666173427923,5,455,151,6576,DDIT4;HNRNPK;MCL1;RHOA;STAT3,1.0,False
KEGG,6,ARRHYTHMOGENIC RIGHT VENTRICULAR CARDIOMYOPATHY,0.9829343938862785,2,455,84,6576,ATP2A2;CTNNB1,1.0,False
KEGG,6,LEISHMANIASIS,0.9846626959568362,1,455,58,6576,NFKBIA,1.0,False
KEGG,6,OSTEOCLAST DIFFERENTIATION,0.9855590941424334,3,455,111,6576,ATP2A2;NFKBIA;SQSTM1,1.0,False
KEGG,6,COMPLEMENT AND COAGULATION CASCADES,0.9857333423728595,1,455,59,6576,PSMA7,1.0,False
KEGG,6,CIRCADIAN ENTRAINMENT,0.9875156199373077,2,455,89,6576,CALM1;CALM2,1.0,False
KEGG,6,BASAL CELL CARCINOMA,0.9876560640804798,1,455,61,6576,CTNNB1,1.0,False
KEGG,6,THYROID HORMONE SIGNALING PATHWAY,0.9878257583528817,3,455,114,6576,ATP2A2;CTNNB1;RHEB,1.0,False
KEGG,6,INFLUENZA A,0.98914273328662,3,455,116,6576,CDK4;NFKBIA;SLC25A5,1.0,False
KEGG,6,PROLACTIN SIGNALING PATHWAY,0.9893201522647032,1,455,63,6576,STAT3,1.0,False
KEGG,6,CUSHING SYNDROME,0.9897065211490622,4,455,140,6576,ATF4;AURKAIP1;CDK4;CTNNB1,1.0,False
KEGG,6,HEMATOPOIETIC CELL LINEAGE,0.990760330572444,1,455,65,6576,NDUFA2,1.0,False
KEGG,6,PHOSPHATIDYLINOSITOL SIGNALING SYSTEM,0.9908914058552375,2,455,94,6576,CALM1;CALM2,1.0,False
KEGG,6,B CELL RECEPTOR SIGNALING PATHWAY,0.9914060147360959,1,455,66,6576,NFKBIA,1.0,False
KEGG,6,AGE-RAGE SIGNALING PATHWAY IN DIABETIC COMPLICATIONS,0.9914505649655612,2,455,95,6576,CDK4;STAT3,1.0,False
KEGG,6,CAMP SIGNALING PATHWAY,0.9915516967067376,7,455,208,6576,ATP2A2;CALM1;CALM2;NFKBIA;PPP1CA;PPP1CC;RHOA,1.0,False
KEGG,6,HEPATOCELLULAR CARCINOMA,0.9925500172911667,4,455,146,6576,CDK4;CSNK1A1;CTNNB1;GSTO1,1.0,False
KEGG,6,MELANOMA,0.9925654290797788,1,455,68,6576,CDK4,1.0,False
KEGG,6,JAK-STAT SIGNALING PATHWAY,0.9927558710979534,3,455,123,6576,CCM2;MCL1;STAT3,1.0,False
KEGG,6,DILATED CARDIOMYOPATHY,0.9933706831345342,2,455,99,6576,ATP2A2;TPM4,1.0,False
KEGG,6,"PARATHYROID HORMONE SYNTHESIS, SECRETION AND ACTION",0.9951860572706352,2,455,104,6576,ATF4;RHOA,1.0,False
KEGG,6,WNT SIGNALING PATHWAY,0.9954510527844764,4,455,155,6576,CSNK1A1;CSNK2B;CTNNB1;RHOA,1.0,False
KEGG,6,INSULIN SECRETION,0.9955248004793119,1,455,75,6576,ATF4,1.0,False
KEGG,6,"GROWTH HORMONE SYNTHESIS, SECRETION AND ACTION",0.9960310342434114,2,455,107,6576,ATF4;STAT3,1.0,False
KEGG,6,INOSITOL PHOSPHATE METABOLISM,0.9961293551206069,1,455,77,6576,TPI1,1.0,False
KEGG,6,GLUTAMATERGIC SYNAPSE,0.9962789498697815,2,455,108,6576,GLUL;SLC38A2,1.0,False
KEGG,6,BREAST CANCER,0.9964266963637872,3,455,135,6576,CDK4;CSNK1A1;CTNNB1,1.0,False
KEGG,6,TNF SIGNALING PATHWAY,0.996511656897915,2,455,109,6576,ATF4;NFKBIA,1.0,False
KEGG,6,TH1 AND TH2 CELL DIFFERENTIATION,0.9966523955707345,1,455,79,6576,NFKBIA,1.0,False
KEGG,6,PHOSPHOLIPASE D SIGNALING PATHWAY,0.9968283879110501,3,455,137,6576,RALA;RHEB;RHOA,1.0,False
KEGG,6,RELAXIN SIGNALING PATHWAY,0.9979247920370582,2,455,117,6576,ATF4;NFKBIA,1.0,False
KEGG,6,RAP1 SIGNALING PATHWAY,0.9984539445378571,5,455,198,6576,CALM1;CALM2;CTNNB1;RALA;RHOA,1.0,False
KEGG,6,CORNIFIED ENVELOPE FORMATION,0.9984615584844411,3,455,149,6576,PPP2CA;PPP2CB;S100A6,1.0,False
KEGG,6,CHEMOKINE SIGNALING PATHWAY,0.9987186737628284,3,455,152,6576,NFKBIA;RHOA;STAT3,1.0,False
KEGG,6,CHOLINE METABOLISM IN CANCER,0.9987898886052605,1,455,93,6576,RHEB,1.0,False
KEGG,6,SEROTONERGIC SYNAPSE,0.9989537999481735,1,455,95,6576,MAOB,1.0,False
KEGG,6,SIGNALING PATHWAYS REGULATING PLURIPOTENCY OF STEM CELLS,0.9990557062796986,2,455,129,6576,CTNNB1;STAT3,1.0,False
KEGG,6,GLYCEROPHOSPHOLIPID METABOLISM,0.9991590680141285,1,455,98,6576,GNPAT,1.0,False
KEGG,6,GASTRIC CANCER,0.9994059340758267,2,455,136,6576,CSNK1A1;CTNNB1,1.0,False
KEGG,6,CHOLINERGIC SYNAPSE,0.999415788906836,1,455,103,6576,ATF4,1.0,False
KEGG,6,INTEGRIN SIGNALING,0.9996273009999741,2,455,143,6576,CTNNB1;ILK,1.0,False
KEGG,6,EFFEROCYTOSIS,0.9996513900990311,2,455,144,6576,ATP2A2;CALR,1.0,False
KEGG,6,CALCIUM SIGNALING PATHWAY,0.9997954664058749,5,455,234,6576,ATP2A2;CALM1;CALM2;PPIF;SLC25A5,1.0,False
KEGG,6,CELL ADHESION MOLECULE (CAM) INTERACTION,0.9998429526550706,1,455,121,6576,SELENOP,1.0,False
KEGG,6,RAS SIGNALING PATHWAY,0.9998697095927488,4,455,216,6576,CALM1;CALM2;RALA;RHOA,1.0,False
KEGG,6,PATHWAYS IN CANCER,0.9999594104859553,14,455,467,6576,CALM1;CALM2;CDK4;CTNNB1;GSTO1;HSP90AA1;HSP90AB1;HSP90B1;NFKBIA;RALA;RHOA;STAT3;TFG;UXT,1.0,False
KEGG,6,HORMONE SIGNALING,0.9999898531847334,2,455,196,6576,RHOA;STAT3,1.0,False
KEGG,6,MAPK SIGNALING PATHWAY,0.9999907094124819,5,455,286,6576,ATF4;DDIT3;HSPA8;HSPB1;NDUFA2,1.0,False
KEGG,6,CYTOKINE-CYTOKINE RECEPTOR INTERACTION,0.9999996503138711,1,455,204,6576,CCM2,1.0,False
KEGG,6,CYTOSKELETON IN MUSCLE CELLS,0.9999998563711481,1,455,216,6576,TPM4,1.0,False
KEGG,6,NEUROACTIVE LIGAND-RECEPTOR INTERACTION,0.999999999925111,1,455,317,6576,PMPCB,1.0,False
KEGG,6,ABC TRANSPORTERS,1.0,0,455,40,6576,,1.0,False
KEGG,6,AFRICAN TRYPANOSOMIASIS,1.0,0,455,27,6576,,1.0,False
KEGG,6,ALLOGRAFT REJECTION,1.0,0,455,17,6576,,1.0,False
KEGG,6,ALPHA-LINOLENIC ACID METABOLISM,1.0,0,455,22,6576,,1.0,False
KEGG,6,AMINOACYL-TRNA BIOSYNTHESIS,1.0,0,455,27,6576,,1.0,False
KEGG,6,APOPTOSIS - MULTIPLE SPECIES,1.0,0,455,29,6576,,1.0,False
KEGG,6,ASTHMA,1.0,0,455,17,6576,,1.0,False
KEGG,6,AUTOIMMUNE THYROID DISEASE,1.0,0,455,20,6576,,1.0,False
KEGG,6,BILE SECRETION,1.0,0,455,62,6576,,1.0,False
KEGG,6,CARBOHYDRATE DIGESTION AND ABSORPTION,1.0,0,455,39,6576,,1.0,False
KEGG,6,D-AMINO ACID METABOLISM,1.0,0,455,5,6576,,1.0,False
KEGG,6,ECM-RECEPTOR INTERACTION,1.0,0,455,83,6576,,1.0,False
KEGG,6,ERBB SIGNALING PATHWAY,1.0,0,455,76,6576,,1.0,False
KEGG,6,FANCONI ANEMIA PATHWAY,1.0,0,455,44,6576,,1.0,False
KEGG,6,FAT DIGESTION AND ABSORPTION,1.0,0,455,41,6576,,1.0,False
KEGG,6,FATTY ACID BIOSYNTHESIS,1.0,0,455,16,6576,,1.0,False
KEGG,6,FC EPSILON RI SIGNALING PATHWAY,1.0,0,455,61,6576,,1.0,False
KEGG,6,FOLATE BIOSYNTHESIS,1.0,0,455,17,6576,,1.0,False
KEGG,6,FOLATE TRANSPORT AND METABOLISM,1.0,0,455,20,6576,,1.0,False
KEGG,6,GLYCOSAMINOGLYCAN BIOSYNTHESIS - CHONDROITIN SULFATE / DERMATAN SULFATE,1.0,0,455,21,6576,,1.0,False
KEGG,6,GLYCOSAMINOGLYCAN BIOSYNTHESIS - HEPARAN SULFATE / HEPARIN,1.0,0,455,24,6576,,1.0,False
KEGG,6,GLYCOSAMINOGLYCAN BIOSYNTHESIS - KERATAN SULFATE,1.0,0,455,13,6576,,1.0,False
KEGG,6,GLYCOSAMINOGLYCAN DEGRADATION,1.0,0,455,17,6576,,1.0,False
KEGG,6,GLYCOSPHINGOLIPID BIOSYNTHESIS - GANGLIO SERIES,1.0,0,455,15,6576,,1.0,False
KEGG,6,GLYCOSPHINGOLIPID BIOSYNTHESIS - GLOBO AND ISOGLOBO SERIES,1.0,0,455,14,6576,,1.0,False
KEGG,6,GLYCOSPHINGOLIPID BIOSYNTHESIS - LACTO AND NEOLACTO SERIES,1.0,0,455,23,6576,,1.0,False
KEGG,6,GLYCOSYLPHOSPHATIDYLINOSITOL (GPI)-ANCHOR BIOSYNTHESIS,1.0,0,455,28,6576,,1.0,False
KEGG,6,GNRH SECRETION,1.0,0,455,58,6576,,1.0,False
KEGG,6,GRAFT-VERSUS-HOST DISEASE,1.0,0,455,14,6576,,1.0,False
KEGG,6,HIPPO SIGNALING PATHWAY - MULTIPLE SPECIES,1.0,0,455,27,6576,,1.0,False
KEGG,6,INTESTINAL IMMUNE NETWORK FOR IGA PRODUCTION,1.0,0,455,29,6576,,1.0,False
KEGG,6,LINOLEIC ACID METABOLISM,1.0,0,455,22,6576,,1.0,False
KEGG,6,MANNOSE TYPE O-GLYCAN BIOSYNTHESIS,1.0,0,455,23,6576,,1.0,False
KEGG,6,MATURITY ONSET DIABETES OF THE YOUNG,1.0,0,455,22,6576,,1.0,False
KEGG,6,MISMATCH REPAIR,1.0,0,455,21,6576,,1.0,False
KEGG,6,MORPHINE ADDICTION,1.0,0,455,86,6576,,1.0,False
KEGG,6,MUCIN TYPE O-GLYCAN BIOSYNTHESIS,1.0,0,455,28,6576,,1.0,False
KEGG,6,NATURAL KILLER CELL MEDIATED CYTOTOXICITY,1.0,0,455,72,6576,,1.0,False
KEGG,6,NEUROACTIVE LIGAND SIGNALING,1.0,0,455,182,6576,,1.0,False
KEGG,6,NICOTINE ADDICTION,1.0,0,455,38,6576,,1.0,False
KEGG,6,NON-HOMOLOGOUS END-JOINING,1.0,0,455,13,6576,,1.0,False
KEGG,6,OTHER TYPES OF O-GLYCAN BIOSYNTHESIS,1.0,0,455,40,6576,,1.0,False
KEGG,6,OVARIAN STEROIDOGENESIS,1.0,0,455,38,6576,,1.0,False
KEGG,6,PANTOTHENATE AND COA BIOSYNTHESIS,1.0,0,455,20,6576,,1.0,False
KEGG,6,"PHENYLALANINE, TYROSINE AND TRYPTOPHAN BIOSYNTHESIS",1.0,0,455,6,6576,,1.0,False
KEGG,6,PHOSPHONATE AND PHOSPHINATE METABOLISM,1.0,0,455,6,6576,,1.0,False
KEGG,6,PRIMARY IMMUNODEFICIENCY,1.0,0,455,31,6576,,1.0,False
KEGG,6,REGULATION OF LIPOLYSIS IN ADIPOCYTES,1.0,0,455,51,6576,,1.0,False
KEGG,6,RENAL CELL CARCINOMA,1.0,0,455,63,6576,,1.0,False
KEGG,6,RETINOL METABOLISM,1.0,0,455,33,6576,,1.0,False
KEGG,6,STEROID HORMONE BIOSYNTHESIS,1.0,0,455,31,6576,,1.0,False
KEGG,6,TASTE TRANSDUCTION,1.0,0,455,63,6576,,1.0,False
KEGG,6,TAURINE AND HYPOTAURINE METABOLISM,1.0,0,455,14,6576,,1.0,False
KEGG,6,TYPE II DIABETES MELLITUS,1.0,0,455,44,6576,,1.0,False
KEGG,6,UBIQUINONE AND OTHER TERPENOID-QUINONE BIOSYNTHESIS,1.0,0,455,12,6576,,1.0,False
KEGG,6,VIRAL PROTEIN INTERACTION WITH CYTOKINE AND CYTOKINE RECEPTOR,1.0,0,455,60,6576,,1.0,False
KEGG,6,"VIRION - EBOLAVIRUS, LYSSAVIRUS AND MORBILLIVIRUS",1.0,0,455,8,6576,,1.0,False
KEGG,6,VIRION - HERPESVIRUS,1.0,0,455,6,6576,,1.0,False
KEGG,6,VITAMIN B6 METABOLISM,1.0,0,455,6,6576,,1.0,False
KEGG,6,VITAMIN DIGESTION AND ABSORPTION,1.0,0,455,26,6576,,1.0,False
KEGG,7,RAP1 SIGNALING PATHWAY,1.9008458367280303e-07,49,773,198,6576,ADCY2;ADCY8;ADORA2B;AKT3;ANGPT1;ANGPT2;APBB1IP;BRAF;DOCK4;EFNA4;EGF;ENAH;F2R;F2RL3;FGF1;FGF18;FGF6;FGF7;FLT1;IGF1;IGF1R;KDR;KIT;KITLG;LPAR1;MAGI2;MAGI3;MAPK13;NGF;NGFR;P2RY1;PARD6G;PDGFC;PDGFD;PFN2;PIK3R3;PLCB1;PLCB4;PLCE1;PRKCI;PRKD1;RAPGEF5;RASGRP3;SIPA1L3;SKAP1;SOS1;TIAM1;TLN2;VAV3,2.4825183904951516e-05,True
KEGG,7,PI3K-AKT SIGNALING PATHWAY,1.991180308674968e-07,68,773,313,6576,AKT3;ANGPT1;ANGPT2;BCL2;BCL2L11;CCND2;CDK6;COL4A3;COL4A4;COL4A5;COL4A6;COL6A5;COL9A2;COMP;CREB3L2;CREB5;EFNA4;EGF;EREG;F2R;FASLG;FGF1;FGF18;FGF6;FGF7;FLT1;FLT3LG;G6PC2;GHR;GNB4;GNG12;GNG7;GNGT2;IGF1;IGF1R;IL7;IRS1;ITGA2;ITGA4;ITGA6;ITGA8;ITGB6;ITGB8;KDR;KIT;KITLG;LAMA1;LAMB3;LAMC2;LPAR1;LPAR6;MAGI2;NGF;NGFR;NTF3;PDGFC;PDGFD;PIK3AP1;PIK3R3;PIK3R5;PRKAA2;RELN;RET;SGK3;SOS1;SYK;TLR2;TLR4,2.4825183904951516e-05,True
KEGG,7,CALCIUM SIGNALING PATHWAY,2.1401020607716825e-07,55,773,234,6576,ADCY2;ADCY8;ADORA2B;ADRA1A;ADRB2;AVPR1A;BDKRB1;BDKRB2;CACNA1C;CACNA1D;CAMK1D;CASQ1;CASQ2;CD38;CHRM3;EGF;F2R;FGF1;FGF18;FGF6;FGF7;FLT1;GNA14;GRIN2D;GRPR;HRH2;HTR2B;HTR7;ITPR2;KDR;MCOLN2;MCOLN3;MST1R;MYLK3;NFATC4;NGF;NTRK3;P2RX4;P2RX5;P2RX7;PDE1C;PDGFC;PDGFD;PLCB1;PLCB4;PLCD4;PLCE1;PTGFR;RET;RYR1;RYR2;RYR3;SLC8A1;SOS1;TACR1,2.4825183904951516e-05,True
KEGG,7,PATHWAYS IN CANCER,3.4979336921178624e-07,91,773,467,6576,ADCY2;ADCY8;AKT3;AXIN2;BCL2;BCL2L11;BDKRB1;BDKRB2;BMP4;BRAF;CASP8;CCND2;CDK6;CDKN2B;COL4A3;COL4A4;COL4A5;COL4A6;CTNNA3;DAPK2;DLL1;EGF;ESR1;ESR2;F2R;F2RL3;FASLG;FGF1;FGF18;FGF6;FGF7;FLT3LG;FZD2;FZD5;FZD6;GLI2;GLI3;GNB4;GNG12;GNG7;GNGT2;GSTO2;HEY1;HEY2;HHIP;IGF1;IGF1R;IL5;IL7;ITGA2;ITGA6;JAG1;KCNH8;KIF7;KIT;KITLG;LAMA1;LAMB3;LAMC2;LPAR1;LPAR6;MAPK10;MECOM;NQO1;PIK3R3;PLCB1;PLCB4;PPARG;PTGER4;PTGS2;RASGRP1;RASGRP3;RET;RUNX1;RUNX1T1;SOS1;STAT4;TCF7;TGFB2;TGFBR1;TRAF3;TXNRD3;WNT10B;WNT2;WNT2B;WNT3;WNT5A;WNT5B;WNT6;WNT7B;ZBTB16,3.0432023121425404e-05,True
KEGG,7,HIPPO SIGNALING PATHWAY,4.752331696944705e-06,37,773,148,6576,AJUBA;AMOT;AXIN2;BMP4;BMP5;BMP6;BMP7;BMPR1A;BMPR1B;CCND2;CTNNA3;FGF1;FZD2;FZD5;FZD6;GDF7;GLI2;LATS2;NKD1;PARD6G;PATJ;PRKCI;SERPINE1;SMAD1;SNAI2;TCF7;TEAD1;TGFB2;TGFBR1;WNT10B;WNT2;WNT2B;WNT3;WNT5A;WNT5B;WNT6;WNT7B,0.0003307622861073515,True
KEGG,7,CYTOKINE-CYTOKINE RECEPTOR INTERACTION,7.158134991644847e-06,46,773,204,6576,ACKR3;ACKR4;ACVR1;ACVR1C;BMP4;BMP5;BMP6;BMP7;BMPR1A;BMPR1B;CCL17;CCL28;CCL7;CCR6;CLCF1;CNTFR;CX3CR1;FASLG;GDF15;GDF7;GHR;IFNLR1;IL10RA;IL10RB;IL13RA2;IL17RB;IL17RE;IL1RAP;IL1RL1;IL20RA;IL21;IL27;IL33;IL5;IL7;INHBA;LIFR;NGF;NGFR;TGFB2;TGFBR1;TNFRSF11A;TNFRSF11B;TNFSF13B;TNFSF14;TNFSF8,0.0004151718295154011,True
KEGG,7,ARRHYTHMOGENIC RIGHT VENTRICULAR CARDIOMYOPATHY,2.158967562908098e-05,24,773,84,6576,CACNA1C;CACNA1D;CACNA2D1;CACNA2D4;CACNG6;CTNNA3;DMD;DSG2;DTNA;ITGA2;ITGA4;ITGA6;ITGA8;ITGB6;ITGB8;LAMA1;PKP2;RYR2;SGCB;SGCD;SGCE;SLC8A1;SNTB1;TCF7,0.001073315302702883,True
KEGG,7,HYPERTROPHIC CARDIOMYOPATHY,2.7969004597759974e-05,26,773,96,6576,ACE;ACTC1;CACNA1C;CACNA1D;CACNA2D1;CACNA2D4;CACNG6;DMD;DTNA;IGF1;ITGA2;ITGA4;ITGA6;ITGA8;ITGB6;ITGB8;LAMA1;PRKAA2;PRKAG2;RYR2;SGCB;SGCD;SGCE;SLC8A1;SNTB1;TGFB2,0.001216651700002559,True
KEGG,7,SIGNALING PATHWAYS REGULATING PLURIPOTENCY OF STEM CELLS,6.334346304802e-05,31,773,129,6576,ACVR1;ACVR1C;AKT3;AXIN2;BMP4;BMPR1A;BMPR1B;FZD2;FZD5;FZD6;HOXD1;IGF1;IGF1R;INHBA;LIFR;MAPK13;MEIS1;PIK3R3;REST;SKIL;SMAD1;TCF7;WNT10B;WNT2;WNT2B;WNT3;WNT5A;WNT5B;WNT6;WNT7B;ZFHX3,0.002242893673777414,True
KEGG,7,BREAST CANCER,6.445096763728202e-05,32,773,135,6576,AKT3;AXIN2;BRAF;CDK6;DLL1;EGF;ESR1;ESR2;FGF1;FGF18;FGF6;FGF7;FZD2;FZD5;FZD6;HEY1;HEY2;IGF1;IGF1R;JAG1;KIT;PIK3R3;SOS1;TCF7;WNT10B;WNT2;WNT2B;WNT3;WNT5A;WNT5B;WNT6;WNT7B,0.002242893673777414,True
KEGG,7,HUMAN PAPILLOMAVIRUS INFECTION,0.0001320606530385433,55,773,287,6576,AKT3;ATP6V0D2;ATP6V1E2;AXIN2;CASP8;CCND2;CDK6;COL4A3;COL4A4;COL4A5;COL4A6;COL6A5;COL9A2;COMP;CREB3L2;CREB5;EGF;FASLG;FZD2;FZD5;FZD6;HES3;HEY1;HEY2;ITGA2;ITGA4;ITGA6;ITGA8;ITGB6;ITGB8;JAG1;LAMA1;LAMB3;LAMC2;MAML2;MAML3;PARD6G;PATJ;PIK3R3;PRKCI;PTGER4;PTGS2;RELN;SOS1;TCF7;TLR3;TRAF3;WNT10B;WNT2;WNT2B;WNT3;WNT5A;WNT5B;WNT6;WNT7B,0.0034999238241515333,True
KEGG,7,CUSHING SYNDROME,0.0001350513299101558,32,773,140,6576,ADCY2;ADCY8;AXIN2;BRAF;CACNA1C;CACNA1D;CDK6;CDKN2B;CREB3L2;CREB5;CYP11A1;CYP17A1;FZD2;FZD5;FZD6;ITPR2;KCNK2;NCEH1;PBX1;PDE8A;PDE8B;PLCB1;PLCB4;TCF7;WNT10B;WNT2;WNT2B;WNT3;WNT5A;WNT5B;WNT6;WNT7B,0.0034999238241515333,True
KEGG,7,DILATED CARDIOMYOPATHY,0.00013798005879325488,25,773,99,6576,ACTC1;ADCY2;ADCY8;CACNA1C;CACNA1D;CACNA2D1;CACNA2D4;CACNG6;DMD;DTNA;IGF1;ITGA2;ITGA4;ITGA6;ITGA8;ITGB6;ITGB8;LAMA1;RYR2;SGCB;SGCD;SGCE;SLC8A1;SNTB1;TGFB2,0.0034999238241515333,True
KEGG,7,BASAL CELL CARCINOMA,0.0001449576751996586,18,773,61,6576,AXIN2;BMP4;FZD2;FZD5;FZD6;GLI2;GLI3;HHIP;KIF7;TCF7;WNT10B;WNT2;WNT2B;WNT3;WNT5A;WNT5B;WNT6;WNT7B,0.0034999238241515333,True
KEGG,7,CYTOSKELETON IN MUSCLE CELLS,0.000150858785523773,44,773,216,6576,ACTC1;ACTG2;COL11A1;COL4A3;COL4A4;COL4A5;COL4A6;COL6A5;COL9A2;COMP;DIAPH2;DMD;DSG2;DTNA;FBN2;FMNL2;ITGA2;ITGA4;ITGA6;ITGA8;ITGB6;ITGB8;LAMA1;LDB3;MYBPC1;MYBPHL;MYH10;MYH3;NEB;NEBL;NID2;PKP2;SDC3;SGCB;SGCD;SGCE;SNTB1;SYNE1;SYNPO2;TLN2;TMOD2;TNNI1;TRIM55;VCAN,0.0034999238241515333,True
KEGG,7,MUCIN TYPE O-GLYCAN BIOSYNTHESIS,0.00017853987653773036,11,773,28,6576,C1GALT1;GALNT1;GALNT10;GALNT18;GALNT3;GALNT5;GALNT6;GCNT1;GCNT4;ST3GAL1;ST6GALNAC3,0.0038832423146956353,True
KEGG,7,INTEGRIN SIGNALING,0.00020524963501516004,32,773,143,6576,AKT3;CCND2;COL4A3;COL4A4;COL4A5;COL4A6;COL6A5;COL9A2;COMP;EGF;FLT1;FRAS1;FREM1;IGF1;IGF1R;ITGA2;ITGA4;ITGA6;ITGA8;ITGB6;ITGB8;KDR;LAMA1;LAMB3;LAMC2;PARVA;PDGFC;PDGFD;PIK3R3;RELN;SOS1;TLN2,0.0042015807638397466,True
KEGG,7,NEUROACTIVE LIGAND-RECEPTOR INTERACTION,0.0003170034540715677,58,773,317,6576,ADM2;ADORA2B;ADORA3;ADRA1A;ADRA2C;ADRB2;APLN;AVPR1A;BDKRB1;BDKRB2;C3AR1;C5AR1;CALCRL;CHRM3;CHRNB1;F2R;F2RL3;GABRA4;GABRR3;GHR;GIPR;GRIA4;GRID1;GRIN2D;GRM8;GRPR;GZMA;HRH2;HTR1F;HTR2B;HTR7;LPAR1;LPAR6;MC5R;NLRP3;NPB;NPY1R;OGFRL1;OPRM1;P2RX4;P2RX5;P2RX7;P2RY1;P2RY10;P2RY13;P2RY14;P2RY6;PTGDR;PTGER4;PTGFR;PTGIR;S1PR3;S1PR5;SSTR1;TAAR5;TACR1;UCN2;VIPR2,0.005839133269486348,True
KEGG,7,CORTISOL SYNTHESIS AND SECRETION,0.00031880325321908225,16,773,54,6576,ADCY2;ADCY8;CACNA1C;CACNA1D;CREB3L2;CREB5;CYP11A1;CYP17A1;ITPR2;KCNK2;NCEH1;PBX1;PDE8A;PDE8B;PLCB1;PLCB4,0.005839133269486348,True
KEGG,7,OTHER TYPES OF O-GLYCAN BIOSYNTHESIS,0.00042720281344208524,13,773,40,6576,B3GLCT;C1GALT1;EOGT;GALNT1;GALNT10;GALNT18;GALNT3;GALNT5;GALNT6;GXYLT2;ST6GAL1;ST6GAL2;XXYLT1,0.007207334351379776,True
KEGG,7,WNT SIGNALING PATHWAY,0.00043492534879015893,33,773,155,6576,AXIN2;CCN4;CCND2;CXXC4;FZD2;FZD5;FZD6;GPC4;LGR5;LGR6;MAPK10;MCC;NFATC4;NKD1;NLK;PLCB1;PLCB4;PRICKLE1;PRICKLE2;RSPO3;SFRP2;SFRP4;TCF7;TLE4;VANGL1;WNT10B;WNT2;WNT2B;WNT3;WNT5A;WNT5B;WNT6;WNT7B,0.007207334351379776,True
KEGG,7,NEUROACTIVE LIGAND SIGNALING,0.0005188031409099215,37,773,182,6576,ADCY2;ADCY8;ADORA2B;ADORA3;ADRA1A;ADRA2C;ADRB2;CHRM3;GABRA4;GABRR3;GNB4;GNG12;GNG7;GNGT2;GRIA4;GRIN2D;GRM8;HRH2;HTR1F;HTR2B;HTR7;OGFRL1;OPRM1;P2RX4;P2RX5;P2RY1;P2RY13;P2RY14;P2RY6;PLCB1;PLCB4;SLC1A3;SLC6A12;SLC6A13;SLC6A4;SLC6A9;TACR1,0.00820652241075694,True
KEGG,7,VASCULAR SMOOTH MUSCLE CONTRACTION,0.000881562282764261,26,773,117,6576,ACTG2;ADCY2;ADCY8;ADM2;ADORA2B;ADRA1A;AVPR1A;BRAF;CACNA1C;CACNA1D;CALCRL;GUCY1A1;GUCY1A2;GUCY1B1;IRAG1;ITPR2;KCNMA1;KCNMB1;MYH10;MYLK3;NLRP3;PLCB1;PLCB4;PRKCH;PRKG1;PTGIR,0.013338420626172296,True
KEGG,7,FOCAL ADHESION,0.000983229314321571,37,773,188,6576,AKT3;BCL2;BRAF;CCND2;COL4A3;COL4A4;COL4A5;COL4A6;COL6A5;COL9A2;COMP;EGF;FLT1;IGF1;IGF1R;ITGA2;ITGA4;ITGA6;ITGA8;ITGB6;ITGB8;KCNH8;KDR;LAMA1;LAMB3;LAMC2;MAPK10;MYLK3;PARVA;PDGFC;PDGFD;PIK3R3;PIP5K1B;RELN;SOS1;TLN2;VAV3,0.014256825057662778,True
KEGG,7,RAS SIGNALING PATHWAY,0.001133719211009965,41,773,216,6576,AKT3;ANGPT1;ANGPT2;EFNA4;EGF;FASLG;FGF1;FGF18;FGF6;FGF7;FLT1;FLT3LG;GAB2;GNB4;GNG12;GNG7;GNGT2;HTR7;IGF1;IGF1R;KCNH8;KDR;KIT;KITLG;MAPK10;NGF;NGFR;NTF3;PDGFC;PDGFD;PIK3R3;PLCE1;RALGAPA2;RAPGEF5;RASA3;RASAL1;RASAL2;RASGRP1;RASGRP3;SOS1;TIAM1,0.01555315966455032,True
KEGG,7,ECM-RECEPTOR INTERACTION,0.0011870843571891718,20,773,83,6576,CD36;COL4A3;COL4A4;COL4A5;COL4A6;COL6A5;COL9A2;COMP;FRAS1;FREM1;ITGA2;ITGA4;ITGA6;ITGA8;ITGB6;ITGB8;LAMA1;LAMB3;LAMC2;RELN,0.01555315966455032,True
KEGG,7,CIRCADIAN ENTRAINMENT,0.0012067106636289042,21,773,89,6576,ADCY2;ADCY8;CACNA1C;CACNA1D;GNB4;GNG12;GNG7;GNGT2;GRIA4;GRIN2D;GUCY1A1;GUCY1A2;GUCY1B1;KCNJ5;NOS1AP;PLCB1;PLCB4;PRKG1;RYR1;RYR2;RYR3,0.01555315966455032,True
KEGG,7,RENIN SECRETION,0.0016746574791425323,16,773,62,6576,ACE;ADRB2;CACNA1C;CACNA1D;GUCY1A1;GUCY1A2;GUCY1B1;ITPR2;KCNJ2;KCNMA1;PDE1C;PDE3A;PDE3B;PLCB1;PLCB4;PTGER4,0.02081360009791433,True
KEGG,7,PLATELET ACTIVATION,0.0017395960514341644,25,773,116,6576,ADCY2;ADCY8;AKT3;APBB1IP;F2R;F2RL3;GUCY1A1;GUCY1A2;GUCY1B1;ITGA2;ITPR2;LYN;MAPK13;MYLK3;P2RY1;PIK3R3;PIK3R5;PLCB1;PLCB4;PRKCI;PRKG1;PTGIR;RASGRP1;SYK;TLN2,0.020875152617209975,True
KEGG,7,CGMP-PKG SIGNALING PATHWAY,0.0019926666148662913,30,773,149,6576,ADCY2;ADCY8;ADORA3;ADRA1A;ADRA2C;ADRB2;AKT3;BDKRB2;CACNA1C;CACNA1D;CREB3L2;CREB5;GUCY1A1;GUCY1A2;GUCY1B1;IRAG1;IRS1;ITPR2;KCNMA1;KCNMB1;MYLK3;NFATC4;PDE3A;PDE3B;PIK3R5;PLCB1;PLCB4;PRKG1;SLC8A1;TRPC6,0.02251724625944693,True
KEGG,7,SALIVARY SECRETION,0.0020058466495484336,16,773,63,6576,ADCY2;ADCY8;ADRA1A;ADRB2;CD38;CHRM3;GUCY1A1;GUCY1A2;GUCY1B1;ITPR2;KCNMA1;PGAP1;PLCB1;PLCB4;PRKG1;RYR3,0.02251724625944693,True
KEGG,7,HORMONE SIGNALING,0.002147754035576788,37,773,196,6576,ACVR1;ADCY2;ADCY8;ADIPOQ;ADRA1A;ADRA2C;ADRB2;AVPR1A;BMPR1A;BMPR1B;DIO2;ESR1;ESR2;GHR;GIPR;GNA14;GNB4;GNG12;GNG7;GNGT2;GPER1;HEPH;IGF1;IGF1R;IRS1;MC5R;NLRP3;OPRM1;PIK3R3;PLCB1;PLCB4;PRKG1;PTHLH;SMAD1;SSTR1;UCN2;VIPR2,0.02335682513689757,True
KEGG,7,PURINE METABOLISM,0.0023118345650423237,24,773,112,6576,ADCY2;ADCY8;AK7;ENPP3;ENPP4;ENTPD1;ENTPD2;ENTPD3;ENTPD5;GUCY1A1;GUCY1A2;GUCY1B1;GUCY2F;LACC1;PAPSS1;PAPSS2;PDE10A;PDE1C;PDE3A;PDE3B;PDE7A;PDE7B;PDE8A;PDE8B,0.024379346322264506,True
KEGG,7,APELIN SIGNALING PATHWAY,0.0024172395569248533,26,773,125,6576,ADCY2;ADCY8;AKT3;APLN;GNB4;GNG12;GNG7;GNGT2;ITPR2;JAG1;LIPE;MYLK3;PDE3B;PIK3R5;PLAT;PLCB1;PLCB4;PPARGC1A;PRKAA2;PRKAG2;RYR1;RYR2;RYR3;SERPINE1;SLC8A1;TGFBR1,0.024741157817936732,True
KEGG,7,OVARIAN STEROIDOGENESIS,0.0033198165473126706,11,773,38,6576,ACOT4;ADCY2;ADCY8;BMP6;CYP11A1;CYP17A1;CYP19A1;CYP1B1;IGF1;IGF1R;PTGS2,0.03300846167042312,True
KEGG,7,GLYCOSPHINGOLIPID BIOSYNTHESIS - LACTO AND NEOLACTO SERIES,0.003418587247396491,8,773,23,6576,B3GALNT1;B3GALT1;B3GNT5;FUT1;FUT4;FUT7;ST3GAL4;ST3GAL6,0.033046343391499415,True
KEGG,7,GASTRIC CANCER,0.004013278631296601,27,773,136,6576,AKT3;AXIN2;BCL2;BRAF;CDKN2B;CTNNA3;EGF;FGF1;FGF18;FGF6;FGF7;FZD2;FZD5;FZD6;PIK3R3;SOS1;TCF7;TGFB2;TGFBR1;WNT10B;WNT2;WNT2B;WNT3;WNT5A;WNT5B;WNT6;WNT7B,0.03774651253219506,True
KEGG,7,PHOSPHOLIPASE D SIGNALING PATHWAY,0.004457129509339176,27,773,137,6576,ADCY2;ADCY8;AGPAT4;AKT3;AVPR1A;DGKH;DNM3;EGF;F2R;GAB2;GRM8;KIT;KITLG;LPAR1;LPAR6;MS4A2;NLRP3;PDGFC;PDGFD;PIK3R3;PIK3R5;PIP5K1B;PLCB1;PLCB4;PTGFR;SOS1;SYK,0.03989035946656539,True
KEGG,7,MORPHINE ADDICTION,0.00447047131952888,19,773,86,6576,ADCY2;ADCY8;GABRA4;GABRR3;GNB4;GNG12;GNG7;GNGT2;GRK3;KCNJ5;OPRM1;PDE10A;PDE1C;PDE3A;PDE3B;PDE7A;PDE7B;PDE8A;PDE8B,0.03989035946656539,True
KEGG,7,AXON GUIDANCE,0.0047737003920922255,32,773,171,6576,BMP7;BMPR1B;BOC;EFNA4;ENAH;EPHA3;EPHA7;EPHB1;EPHB2;EPHB3;GDF7;NEO1;NFATC4;NGEF;PARD6G;PIK3R3;PLXNA4;ROBO1;SEMA3C;SEMA3D;SEMA5A;SEMA6A;SEMA6D;SLIT2;SLIT3;SRGAP1;TRPC1;TRPC6;UNC5B;UNC5C;WNT5A;WNT5B,0.04119713076576182,True
KEGG,7,OXYTOCIN SIGNALING PATHWAY,0.004941477419765921,27,773,138,6576,ADCY2;ADCY8;CACNA1C;CACNA1D;CACNA2D1;CACNA2D4;CACNG6;CAMK1D;CD38;GUCY1A1;GUCY1A2;GUCY1B1;ITPR2;KCNH8;KCNJ2;KCNJ5;MYLK3;NFATC4;PIK3R5;PLCB1;PLCB4;PRKAA2;PRKAG2;PTGS2;RYR1;RYR2;RYR3,0.04119713076576182,True
KEGG,7,HEDGEHOG SIGNALING PATHWAY,0.004972067506212634,13,773,51,6576,BCL2;BOC;CCND2;CDON;EVC;EVC2;GAS1;GLI2;GLI3;GPR161;GRK3;HHIP;KIF7,0.04119713076576182,True
KEGG,7,INFLAMMATORY MEDIATOR REGULATION OF TRP CHANNELS,0.005108392848100949,19,773,87,6576,ADCY2;ADCY8;ASIC1;BDKRB1;BDKRB2;HTR2B;IGF1;IL1RAP;ITPR2;MAPK10;MAPK13;NGF;PIK3R3;PLCB1;PLCB4;PRKCH;PTGER4;TRPV3;TRPV4,0.04134234211951465,True
KEGG,7,TGF-BETA SIGNALING PATHWAY,0.005411396316427016,21,773,100,6576,ACVR1;ACVR1C;BMP4;BMP5;BMP6;BMP7;BMPR1A;BMPR1B;CDKN2B;FST;GDF7;GREM1;GREM2;HFE;INHBA;NEO1;SKIL;SMAD1;TGFB2;TGFBR1;THSD4,0.04279922541174094,True
KEGG,7,PROTEOGLYCANS IN CANCER,0.005893146716316129,34,773,187,6576,AKT3;BRAF;ESR1;FASLG;FRS2;FZD2;FZD5;FZD6;GPC3;HPSE;IGF1;IGF1R;ITGA2;ITPR2;KCNH8;KDR;MAPK13;PIK3R3;PLCE1;SOS1;TGFB2;TIAM1;TLR2;TLR4;TWIST1;VAV3;WNT10B;WNT2;WNT2B;WNT3;WNT5A;WNT5B;WNT6;WNT7B,0.0455736679395114,True
KEGG,7,MELANOGENESIS,0.006609081058311416,19,773,89,6576,ADCY2;ADCY8;CREB3L2;FZD2;FZD5;FZD6;KIT;KITLG;PLCB1;PLCB4;TCF7;WNT10B;WNT2;WNT2B;WNT3;WNT5A;WNT5B;WNT6;WNT7B,0.04999913496287767,True
KEGG,7,IGSF CAM SIGNALING,0.00793719699222289,44,773,261,6576,AKT3;CABLES1;CABLES2;CADM1;CADM3;CASK;CD226;CD2AP;CD84;GLDN;GRIP2;IL1RAP;ITGA4;KDR;LGALS12;LNX1;LRRTM4;LYN;MAG;MAGI2;MAPK10;MAPK13;MYH10;MYLK3;NECTIN3;NRP2;NTRK3;PARD6G;PIK3R3;PLXNA4;PRKCI;PTPRD;PTPRZ1;ROBO1;SLAMF1;SLIT2;SLIT3;SLITRK6;SRGAP1;TRPC6;TUBA8;UNC5B;UNC5C;VAV3,0.05876903304879927,False
KEGG,7,MAPK SIGNALING PATHWAY,0.009943780408030182,47,773,286,6576,AKT3;ANGPT1;ANGPT2;BRAF;CACNA1C;CACNA1D;CACNA2D1;CACNA2D4;CACNG6;DUSP16;EFNA4;EGF;EREG;FASLG;FGF1;FGF18;FGF6;FGF7;FLT1;FLT3LG;GNG12;HSPA1L;IGF1;IGF1R;IL1RAP;KCNH8;KDR;KIT;KITLG;MAP3K13;MAP3K20;MAP3K9;MAPK10;MAPK13;MECOM;NGF;NGFR;NLK;NTF3;PDGFC;PDGFD;RASGRP1;RASGRP3;RET;SOS1;TGFB2;TGFBR1,0.07209240795821882,False
KEGG,7,NITROGEN METABOLISM,0.01020820674284491,6,773,17,6576,CA12;CA13;CA4;CA5B;CA9;GRID1,0.07249910094918426,False
KEGG,7,TOXOPLASMOSIS,0.01196724251318577,19,773,94,6576,AKT3;BCL2;CASP8;CIITA;HLA-DOA;HSPA1L;IL10RA;IL10RB;ITGA6;LAMA1;LAMB3;LAMC2;LY96;MAPK10;MAPK13;PIK3R5;TGFB2;TLR2;TLR4,0.08329200789177296,False
KEGG,7,SULFUR METABOLISM,0.014680971756988641,4,773,9,6576,PAPSS1;PAPSS2;SQOR;TSTD1,0.10017604257709897,False
KEGG,7,GAP JUNCTION,0.015624699082906195,16,773,77,6576,ADCY2;ADCY8;EGF;GUCY1A1;GUCY1A2;GUCY1B1;HTR2B;ITPR2;LPAR1;PDGFC;PDGFD;PLCB1;PLCB4;PRKG1;SOS1;TUBA8,0.10366195955355166,False
KEGG,7,CHAGAS DISEASE,0.01578759728832827,18,773,90,6576,ACE;AKT3;BDKRB2;CASP8;CD247;FASLG;GNA14;MAPK10;MAPK13;PIK3R3;PLCB1;PLCB4;SERPINE1;TGFB2;TGFBR1;TLR2;TLR4;TLR6,0.10366195955355166,False
KEGG,7,CHEMOKINE SIGNALING PATHWAY,0.01772162069824103,27,773,152,6576,ACKR4;ADCY2;ADCY8;AKT3;BRAF;CCL17;CCL28;CCL7;CCR6;CX3CR1;DOCK2;ELMO1;GNB4;GNG12;GNG7;GNGT2;GRK3;HCK;ITK;LYN;PIK3R3;PIK3R5;PLCB1;PLCB4;SOS1;TIAM1;VAV3,0.11420600005533109,False
KEGG,7,HEPATOCELLULAR CARCINOMA,0.019125895902775726,26,773,146,6576,AKT3;AXIN2;BRAF;CDK6;DPF3;FZD2;FZD5;FZD6;GSTO2;IGF1R;KCNH8;NQO1;PIK3R3;SOS1;TCF7;TGFB2;TGFBR1;TXNRD3;WNT10B;WNT2;WNT2B;WNT3;WNT5A;WNT5B;WNT6;WNT7B,0.12101475953029005,False
KEGG,7,LONG-TERM DEPRESSION,0.023634081650470363,12,773,55,6576,BRAF;GUCY1A1;GUCY1A2;GUCY1B1;IGF1;IGF1R;ITPR2;LYN;PLCB1;PLCB4;PRKG1;RYR1,0.14526005494047206,False
KEGG,7,CELL ADHESION MOLECULE (CAM) INTERACTION,0.023792595205766976,22,773,121,6576,CADM1;CADM3;CD22;CD226;CD274;CDH4;HLA-DOA;ICOS;ITGA4;ITGA6;ITGA8;ITGB8;MAG;NECTIN3;NEGR1;NEO1;PTPRD;SDC3;SELE;SELL;SLITRK6;VCAN,0.14526005494047206,False
KEGG,7,OLFACTORY TRANSDUCTION,0.024429571767540858,9,773,37,6576,ADCY8;ANO2;CNGA4;GNG7;GRK3;PDE1C;PRKG1;SLC24A4;SLC8A1,0.14530746995605007,False
KEGG,7,MELANOMA,0.024635461860364808,14,773,68,6576,AKT3;BRAF;CDK6;EGF;FGF1;FGF18;FGF6;FGF7;IGF1;IGF1R;PDGFC;PDGFD;PIK3R3;SOS1,0.14530746995605007,False
KEGG,7,FOXO SIGNALING PATHWAY,0.02593347017828259,22,773,122,6576,AKT3;BCL2L11;BRAF;CCND2;CDKN2B;EGF;FASLG;G6PC2;IGF1;IGF1R;IRS1;MAPK10;MAPK13;NLK;PIK3R3;PRKAA2;PRKAG2;SETD7;SGK3;SOS1;TGFB2;TGFBR1,0.150414127034039,False
KEGG,7,AGE-RAGE SIGNALING PATHWAY IN DIABETIC COMPLICATIONS,0.026480870544440847,18,773,95,6576,AKT3;BCL2;COL4A3;COL4A4;COL4A5;COL4A6;MAPK10;MAPK13;NOX4;PIK3R3;PLCB1;PLCB4;PLCD4;PLCE1;SELE;SERPINE1;TGFB2;TGFBR1,0.15107119589287565,False
KEGG,7,CHOLINERGIC SYNAPSE,0.029747462866231943,19,773,103,6576,ADCY2;ADCY8;AKT3;BCL2;CACNA1C;CACNA1D;CHRM3;CREB3L2;CREB5;GNB4;GNG12;GNG7;GNGT2;ITPR2;KCNJ2;PIK3R3;PIK3R5;PLCB1;PLCB4,0.16441885974819231,False
KEGG,7,GLYCOSAMINOGLYCAN BIOSYNTHESIS - CHONDROITIN SULFATE / DERMATAN SULFATE,0.029765483230276196,6,773,21,6576,CHST15;CHST3;CHSY3;CSGALNACT1;DSEL;XYLT1,0.16441885974819231,False
KEGG,7,REGULATION OF LIPOLYSIS IN ADIPOCYTES,0.031968345321609436,11,773,51,6576,ADCY2;ADCY8;ADRB2;AKT3;IRS1;LIPE;NPY1R;PDE3B;PIK3R3;PRKG1;PTGS2,0.1738278776862513,False
KEGG,7,GNRH SECRETION,0.034687364523758306,12,773,58,6576,AKT3;CACNA1C;CACNA1D;ESR2;GPER1;ITPR2;KCNJ5;KCNN3;PIK3R3;PLCB1;PLCB4;TRPC1,0.18571081314258295,False
KEGG,7,HEMATOPOIETIC CELL LINEAGE,0.036843095387522964,13,773,65,6576,CD22;CD36;CD38;FCGR1A;FLT3LG;HLA-DOA;IL5;IL7;ITGA2;ITGA4;ITGA6;KIT;KITLG,0.19426359386148473,False
KEGG,7,LIPID AND ATHEROSCLEROSIS,0.04203797578600161,28,773,171,6576,ABCA1;AKT3;BCL2;CASP6;CASP8;CD36;EIF2AK3;ERN1;FASLG;HSPA1L;LY96;LYN;MAPK10;MAPK13;MMP3;NCF2;NLRP3;PIK3R3;PLCB1;PLCB4;POU2F1;PPARG;SELE;TLR2;TLR4;TLR6;TRAF3;VAV3,0.21565597195812716,False
KEGG,7,"GROWTH HORMONE SYNTHESIS, SECRETION AND ACTION",0.042139672681473124,19,773,107,6576,ADCY2;ADCY8;AKT3;CACNA1C;CACNA1D;CREB3L2;CREB5;GHR;IGF1;IRS1;ITPR2;MAPK10;MAPK13;PIK3R3;PLCB1;PLCB4;SOCS2;SOS1;SSTR1,0.21565597195812716,False
KEGG,7,CAMP SIGNALING PATHWAY,0.04321725406163858,33,773,208,6576,ABCC4;ADCY2;ADCY8;ADRB2;AKT3;BRAF;CACNA1C;CACNA1D;CNGA4;CREB3L2;CREB5;F2R;GIPR;GLI3;GRIA4;GRIN2D;HCAR1;HHIP;HTR1F;KCNK2;LIPE;MAPK10;NPY1R;PDE10A;PDE3A;PDE3B;PIK3R3;PLCE1;RYR2;SSTR1;TIAM1;VAV3;VIPR2,0.2179652813543511,False
KEGG,7,SMALL CELL LUNG CANCER,0.04474206880726823,16,773,87,6576,AKT3;BCL2;CDK6;CDKN2B;COL4A3;COL4A4;COL4A5;COL4A6;ITGA2;ITGA6;LAMA1;LAMB3;LAMC2;PIK3R3;PTGS2;TRAF3,0.22243199921327633,False
KEGG,7,REGULATION OF ACTIN CYTOSKELETON,0.045787903734708195,33,773,209,6576,AKT3;BDKRB1;BDKRB2;BRAF;CHRM3;DIAPH2;EGF;ENAH;F2R;FGD3;FGF1;FGF18;FGF6;FGF7;GNG12;IQGAP2;ITGA2;ITGA4;ITGA6;ITGA8;ITGB6;ITGB8;LPAR1;MYH10;MYLK3;PDGFC;PDGFD;PFN2;PIK3R3;PIP5K1B;SOS1;TIAM1;VAV3,0.2244252183053303,False
KEGG,7,INTESTINAL IMMUNE NETWORK FOR IGA PRODUCTION,0.046574073192252326,7,773,29,6576,ACKR4;CCL28;HLA-DOA;ICOS;IL5;ITGA4;TNFSF13B,0.22510802042921957,False
KEGG,7,ALDOSTERONE SYNTHESIS AND SECRETION,0.04828712460308974,15,773,81,6576,ADCY2;ADCY8;CACNA1C;CACNA1D;CAMK1D;CREB3L2;CREB5;CYP11A1;ITPR2;KCNJ5;LIPE;NR4A2;PLCB1;PLCB4;PRKD1,0.22921486346227288,False
KEGG,7,JAK-STAT SIGNALING PATHWAY,0.04911241530067692,21,773,123,6576,AKT3;BCL2;CCND2;CLCF1;CNTFR;EGF;GHR;IFNLR1;IL10RA;IL10RB;IL13RA2;IL20RA;IL21;IL27;IL5;IL7;LIFR;PIK3R3;SOCS2;SOS1;STAT4,0.22921486346227288,False
KEGG,7,SEROTONERGIC SYNAPSE,0.049399755056524323,17,773,95,6576,BRAF;CACNA1C;CACNA1D;GNB4;GNG12;GNG7;GNGT2;HTR1F;HTR2B;HTR7;ITPR2;KCNJ5;PLCB1;PLCB4;PTGS2;SLC6A4;TRPC1,0.22921486346227288,False
KEGG,7,ADRENERGIC SIGNALING IN CARDIOMYOCYTES,0.05170564409219721,23,773,138,6576,ACTC1;ADCY2;ADCY8;ADRA1A;ADRB2;AKT3;BCL2;CACNA1C;CACNA1D;CACNA2D1;CACNA2D4;CACNG6;CREB3L2;CREB5;KCNE1;KCNK2;MAPK13;PIK3R5;PLCB1;PLCB4;RYR2;SCN7A;SLC8A1,0.23543126980597034,False
KEGG,7,INSULIN SECRETION,0.05209255107775781,14,773,75,6576,ABCC8;ADCY2;ADCY8;CACNA1C;CACNA1D;CHRM3;CREB3L2;CREB5;KCNMA1;KCNMB1;KCNN3;PLCB1;PLCB4;RYR2,0.23543126980597034,False
KEGG,7,RELAXIN SIGNALING PATHWAY,0.05331448601844991,20,773,117,6576,ADCY2;ADCY8;AKT3;COL4A3;COL4A4;COL4A5;COL4A6;CREB3L2;CREB5;GNB4;GNG12;GNG7;GNGT2;MAPK10;MAPK13;PIK3R3;PLCB1;PLCB4;SOS1;TGFBR1,0.23786462992846882,False
KEGG,7,VIRION - LASSA VIRUS AND SFTS VIRUS,0.05690317902034938,4,773,13,6576,MYH10;NRP2;PCDH20;PCDH7,0.25066210505166564,False
KEGG,7,PROTEIN DIGESTION AND ABSORPTION,0.05795023040586457,15,773,83,6576,COL11A1;COL13A1;COL15A1;COL23A1;COL28A1;COL4A3;COL4A4;COL4A5;COL4A6;COL6A5;COL8A1;COL9A2;KCNE3;KCNJ13;SLC8A1,0.2520835022655109,False
KEGG,7,MTOR SIGNALING PATHWAY,0.06216120667472209,24,773,148,6576,AKT3;ATP6V1E2;BRAF;DEPTOR;FZD2;FZD5;FZD6;IGF1;IGF1R;IRS1;PIK3R3;PRKAA2;PRR5L;RNF152;SLC38A9;SOS1;WNT10B;WNT2;WNT2B;WNT3;WNT5A;WNT5B;WNT6;WNT7B,0.2664271971876184,False
KEGG,7,AMOEBIASIS,0.06277882232581813,14,773,77,6576,COL4A3;COL4A4;COL4A5;COL4A6;GNA14;LAMA1;LAMB3;LAMC2;PIK3R3;PLCB1;PLCB4;TGFB2;TLR2;TLR4,0.2664271971876184,False
KEGG,7,GASTRIC ACID SECRETION,0.07369023946379746,12,773,65,6576,ADCY2;ADCY8;CHRM3;HRH2;ITPR2;KCNJ15;KCNJ2;KCNK2;MYLK3;PLCB1;PLCB4;SLC26A7,0.30896630522170504,False
KEGG,7,COMPLEMENT AND COAGULATION CASCADES,0.07982891457110335,11,773,59,6576,BDKRB1;BDKRB2;C3AR1;C5AR1;F2R;F2RL3;F8;MASP1;PLAT;SERPINB2;SERPINE1,0.33071978893742815,False
KEGG,7,TOLL-LIKE RECEPTOR SIGNALING PATHWAY,0.08140762767692553,14,773,80,6576,AKT3;CASP8;LY96;MAPK10;MAPK13;PIK3R3;TLR2;TLR3;TLR4;TLR5;TLR6;TLR7;TLR8;TRAF3,0.3332924050772951,False
KEGG,7,VIRAL PROTEIN INTERACTION WITH CYTOKINE AND CYTOKINE RECEPTOR,0.08790773164172606,11,773,60,6576,ACKR3;ACKR4;CCL17;CCL28;CCL7;CCR6;CX3CR1;IL10RA;IL10RB;IL20RA;TNFSF14,0.3557196582711706,False
KEGG,7,VIRAL MYOCARDITIS,0.09355973246627826,9,773,47,6576,CASP8;DMD;DTNA;HLA-DOA;LAMA1;SGCB;SGCD;SGCE;SNTB1,0.36490296399061095,False
KEGG,7,ESTROGEN SIGNALING PATHWAY,0.09456417187074884,19,773,118,6576,ADCY2;ADCY8;AKT3;BCL2;CREB3L2;CREB5;ESR1;ESR2;GPER1;HSPA1L;ITPR2;KCNJ5;KRT27;KRT34;OPRM1;PIK3R3;PLCB1;PLCB4;SOS1,0.36490296399061095,False
KEGG,7,TRANSCRIPTIONAL MISREGULATION IN CANCER,0.09457111040457888,24,773,155,6576,CCND2;CDK14;ERG;ETV6;EYA1;FCGR1A;FLT1;HOXA11;IGF1;IGF1R;MEIS1;MMP3;NGFR;NR4A3;PAX3;PBX1;PLAT;PPARG;RUNX1;RUNX1T1;SIX1;SIX4;SMAD1;ZBTB16,0.36490296399061095,False
KEGG,7,LONGEVITY REGULATING PATHWAY - MULTIPLE SPECIES,0.09551942897390306,10,773,54,6576,ADCY2;ADCY8;AKT3;HSPA1L;IGF1;IGF1R;IRS1;PIK3R3;PRKAA2;PRKAG2,0.36490296399061095,False
KEGG,7,PANCREATIC SECRETION,0.09560874674577119,14,773,82,6576,ADCY2;ADCY8;CD38;CHRM3;ITPR2;KCNMA1;PGAP1;PLCB1;PLCB4;PNLIPRP1;RAB27B;RYR2;SLC4A4;TRPC1,0.36490296399061095,False
KEGG,7,FC EPSILON RI SIGNALING PATHWAY,0.09646859967567877,11,773,61,6576,AKT3;GAB2;IL5;LYN;MAPK10;MAPK13;MS4A2;PIK3R3;SOS1;SYK;VAV3,0.36490296399061095,False
KEGG,7,PROSTATE CANCER,0.1001833199160074,16,773,97,6576,AKT3;BCL2;BRAF;CREB3L2;CREB5;EGF;ERG;IGF1;IGF1R;MMP3;PDGFC;PDGFD;PIK3R3;PLAT;SOS1;TCF7,0.37487951968570515,False
KEGG,7,LONGEVITY REGULATING PATHWAY,0.10324960513357832,14,773,83,6576,ADCY2;ADCY8;ADIPOQ;AKT3;CREB3L2;CREB5;IGF1;IGF1R;IRS1;PIK3R3;PPARG;PPARGC1A;PRKAA2;PRKAG2,0.3822432190051623,False
KEGG,7,NOTCH SIGNALING PATHWAY,0.10512850251185646,10,773,55,6576,ADAM17;ATXN1;DLL1;HEY1;HEY2;JAG1;MAML2;MAML3;NRARP;TLE4,0.3851023039381689,False
KEGG,7,HEPATITIS B,0.1082756319841235,21,773,135,6576,AKT3;BCL2;BRAF;CASP8;CREB3L2;CREB5;FASLG;IFIH1;KCNH8;MAPK10;MAPK13;NFATC4;PIK3R3;SOS1;STAT4;TGFB2;TGFBR1;TLR2;TLR3;TLR4;TRAF3,0.3924991659424477,False
KEGG,7,PROLACTIN SIGNALING PATHWAY,0.11503001231206117,11,773,63,6576,AKT3;CCND2;CYP17A1;ESR1;ESR2;MAPK10;MAPK13;PIK3R3;SOCS2;SOS1;TNFRSF11A,0.4084739212714009,False
KEGG,7,TASTE TRANSDUCTION,0.11503001231206117,11,773,63,6576,ADCY8;CACNA1C;CHRM3;ENTPD2;GABRA4;HTR1F;P2RY1;PDE1C;PLCB1;PLCB4;SCNN1A,0.4084739212714009,False
KEGG,7,CHEMICAL CARCINOGENESIS - RECEPTOR ACTIVATION,0.11731027038813525,24,773,159,6576,ADCY2;ADCY8;ADRB2;AKT3;BCL2;CACNA1C;CACNA1D;CREB3L2;CREB5;CYP1B1;DLL1;EGF;EPHX2;ESR1;ESR2;FGF18;FGF6;FGF7;GSTO2;JAG1;PAQR7;PIK3R3;SOS1;VDR,0.4123633746976875,False
KEGG,7,TUBERCULOSIS,0.1212429312159311,21,773,137,6576,AKT3;ATP6V0D2;BCL2;CASP8;CIITA;CTSS;CYP27B1;FCGR1A;HLA-DOA;IL10RA;IL10RB;IRAK2;MAPK10;MAPK13;PLA2R1;SYK;TGFB2;TLR2;TLR4;TLR6;VDR,0.4219254006314403,False
KEGG,7,INFLAMMATORY BOWEL DISEASE,0.12609553307306826,9,773,50,6576,GATA3;HLA-DOA;IL21;IL5;STAT4;TGFB2;TLR2;TLR4;TLR5,0.43446777732106684,False
KEGG,7,GLUTAMATERGIC SYNAPSE,0.12754472723422092,17,773,108,6576,ADCY2;ADCY8;CACNA1C;CACNA1D;GNB4;GNG12;GNG7;GNGT2;GRIA4;GRIN2D;GRK3;GRM8;ITPR2;PLCB1;PLCB4;SLC1A3;TRPC1,0.43515259879910667,False
KEGG,7,NEUTROPHIL EXTRACELLULAR TRAP FORMATION,0.13084399356612703,16,773,101,6576,AKT3;C5AR1;CLCN5;FCGR1A;H2AC20;HDAC9;MAPK13;NCF2;PIK3R3;PLCB1;PLCB4;SYK;TLR2;TLR4;TLR7;TLR8,0.4420748520486622,False
KEGG,7,MALARIA,0.136600484423854,7,773,37,6576,CD36;COMP;SELE;SOS1;TGFB2;TLR2;TLR4,0.4534666496912089,False
KEGG,7,LEISHMANIASIS,0.13713688470712238,10,773,58,6576,FCGR1A;HLA-DOA;ITGA4;KCNH8;MAPK13;NCF2;PTGS2;TGFB2;TLR2;TLR4,0.4534666496912089,False
KEGG,7,TYPE II DIABETES MELLITUS,0.13812489904387398,8,773,44,6576,ABCC8;ADIPOQ;CACNA1C;CACNA1D;IRS1;MAPK10;PIK3R3;SOCS2,0.4534666496912089,False
KEGG,7,B CELL RECEPTOR SIGNALING PATHWAY,0.14638960507076673,11,773,66,6576,AKT3;BLK;CARD11;CD22;LYN;PIK3AP1;PIK3R3;RASGRP3;SOS1;SYK;VAV3,0.47610824826754045,False
KEGG,7,COLORECTAL CANCER,0.15054715610968242,13,773,81,6576,AKT3;AXIN2;BCL2;BCL2L11;BRAF;EGF;EREG;MAPK10;PIK3R3;SOS1;TCF7;TGFB2;TGFBR1,0.4850963919089767,False
KEGG,7,"PARATHYROID HORMONE SYNTHESIS, SECRETION AND ACTION",0.1570084971248043,16,773,104,6576,ADCY2;ADCY8;BCL2;BRAF;CREB3L2;CREB5;CYP27B1;GATA3;ITPR2;MAFB;NR4A2;PLCB1;PLCB4;PTHLH;STK39;VDR,0.49904519090527694,False
KEGG,7,RHEUMATOID ARTHRITIS,0.15774416953902431,11,773,67,6576,ANGPT1;ATP6V0D2;ATP6V1E2;FLT1;HLA-DOA;MMP3;TGFB2;TLR2;TLR4;TNFRSF11A;TNFSF13B,0.49904519090527694,False
KEGG,7,MEASLES,0.1663117007486672,16,773,105,6576,AKT3;BCL2;CASP8;CCND2;CDK6;EIF2AK3;FASLG;HSPA1L;IFIH1;MAPK10;PIK3R3;SLAMF1;TLR2;TLR4;TLR7;TRAF3,0.5214096564012268,False
KEGG,7,IL-17 SIGNALING PATHWAY,0.1766470005318855,12,773,76,6576,CASP8;CCL17;CCL7;IL17RB;IL17RE;IL5;MAPK10;MAPK13;MMP3;PTGS2;TRAF3;TRAF3IP2,0.5458606844982028,False
KEGG,7,ENDOMETRIAL CANCER,0.17754871904528066,9,773,54,6576,AKT3;AXIN2;BRAF;CTNNA3;EGF;KCNH8;PIK3R3;SOS1;TCF7,0.5458606844982028,False
KEGG,7,SPHINGOLIPID SIGNALING PATHWAY,0.17964549147875916,17,773,114,6576,ACER2;ADORA3;AKT3;BCL2;BDKRB2;CERS6;GAB2;MAPK10;MAPK13;MS4A2;PIK3R3;PLCB1;PLCB4;S1PR3;S1PR5;SGMS2;SPTLC3,0.5458606844982028,False
KEGG,7,ADIPOCYTOKINE SIGNALING PATHWAY,0.18172651172652887,11,773,69,6576,ACSBG1;ACSBG2;ADIPOQ;AKT3;CD36;G6PC2;IRS1;MAPK10;PPARGC1A;PRKAA2;PRKAG2,0.5458606844982028,False
KEGG,7,GABAERGIC SYNAPSE,0.18265462787602335,13,773,84,6576,ADCY2;ADCY8;CACNA1C;CACNA1D;GABRA4;GABRR3;GNB4;GNG12;GNG7;GNGT2;PLCL1;SLC6A12;SLC6A13,0.5458606844982028,False
KEGG,7,ABC TRANSPORTERS,0.1835221266847406,7,773,40,6576,ABCA1;ABCA6;ABCB4;ABCC3;ABCC4;ABCC8;ABCC9,0.5458606844982028,False
KEGG,7,ACUTE MYELOID LEUKEMIA,0.18678229366966356,10,773,62,6576,AKT3;BRAF;FCGR1A;KIT;PIK3R3;RUNX1;RUNX1T1;SOS1;TCF7;ZBTB16,0.5508494762461265,False
KEGG,7,PHAGOSOME,0.18925301828311727,17,773,115,6576,ATP6V0D2;ATP6V1E2;CD36;COLEC12;COMP;CTSS;FCGR1A;HLA-DOA;ITGA2;MSR1;NCF2;PLA2R1;PRICKLE1;TLR2;TLR4;TLR6;TUBA8,0.5534458013657547,False
KEGG,7,AUTOIMMUNE THYROID DISEASE,0.2018833331303324,4,773,20,6576,FASLG;HLA-DOA;IL5;TPO,0.5839037003638788,False
KEGG,7,ALDOSTERONE-REGULATED SODIUM REABSORPTION,0.20357021153151864,6,773,34,6576,HSD11B2;IGF1;IRS1;NR3C2;PIK3R3;SCNN1A,0.5839037003638788,False
KEGG,7,HIPPO SIGNALING PATHWAY - MULTIPLE SPECIES,0.2047018719666472,5,773,27,6576,AJUBA;DCHS2;FAT4;LATS2;TEAD1,0.5839037003638788,False
KEGG,7,TH1 AND TH2 CELL DIFFERENTIATION,0.21301509592507734,12,773,79,6576,CD247;DLL1;GATA3;HLA-DOA;IL5;JAG1;MAML2;MAML3;MAPK10;MAPK13;RUNX3;STAT4,0.6026768567636335,False
KEGG,7,ALCOHOLIC LIVER DISEASE,0.2168843068547578,16,773,110,6576,ADIPOQ;AKT3;C3AR1;C5AR1;CASP8;FASLG;LY96;MAPK10;MAPK13;NOX4;PPARGC1A;PRKAA2;PRKAG2;TCF7;TLR4;TRAF3,0.6086753127859331,False
KEGG,7,GLYCOSPHINGOLIPID BIOSYNTHESIS - GLOBO AND ISOGLOBO SERIES,0.2219858856995445,3,773,14,6576,B3GALNT1;FUT1;ST3GAL1,0.618008705787532,False
KEGG,7,OSTEOCLAST DIFFERENTIATION,0.2277492594787109,16,773,111,6576,AKT3;FCGR1A;GAB2;ITPR2;MAPK10;MAPK13;NCF2;PIK3R3;PPARG;SYK;TGFB2;TGFBR1;TMEM64;TNFRSF11A;TNFRSF11B;TREM2,0.6290217642745349,False
KEGG,7,FLUID SHEAR STRESS AND ATHEROSCLEROSIS,0.23006957113577878,17,773,119,6576,ACVR1;AKT3;BCL2;BMP4;BMPR1A;BMPR1B;GSTO2;KDR;MAPK10;MAPK13;NCF2;NQO1;PIK3R3;PLAT;PRKAA2;SELE;TRPV4,0.6304268563405592,False
KEGG,7,"VIRION - EBOLAVIRUS, LYSSAVIRUS AND MORBILLIVIRUS",0.24035961510553583,2,773,8,6576,NGFR;SLAMF1,0.6534777035681756,False
KEGG,7,PYRIMIDINE METABOLISM,0.2456053520235649,8,773,51,6576,CDA;CMPK2;DPYD;ENPP3;ENTPD1;ENTPD3;ENTPD5;UCK2,0.6588201202565933,False
KEGG,7,HUMAN CYTOMEGALOVIRUS INFECTION,0.2475882690876141,25,773,184,6576,ADCY2;ADCY8;AKT3;CASP8;CDK6;CGAS;CREB3L2;CREB5;FASLG;GNB4;GNG12;GNG7;GNGT2;IL10RA;IL10RB;ITPR2;KCNH8;MAPK13;NFATC4;PIK3R3;PLCB1;PLCB4;PTGER4;PTGS2;SOS1,0.6588201202565933,False
KEGG,7,APOPTOSIS - MULTIPLE SPECIES,0.2497963913279633,5,773,29,6576,BCL2;BCL2L11;CASP8;MAPK10;NGFR,0.6588201202565933,False
KEGG,7,ENDOCRINE AND OTHER FACTOR-REGULATED CALCIUM REABSORPTION,0.25463101126037474,7,773,44,6576,BDKRB2;DNM3;ESR1;PLCB1;PLCB4;SLC8A1;VDR,0.6588201202565933,False
KEGG,7,BIOSYNTHESIS OF UNSATURATED FATTY ACIDS,0.2546416693185469,4,773,22,6576,ACOT4;ELOVL2;ELOVL7;HACD4,0.6588201202565933,False
KEGG,7,GLYCOSPHINGOLIPID BIOSYNTHESIS - GANGLIO SERIES,0.25496911769332326,3,773,15,6576,ST3GAL1;ST6GALNAC3;ST8SIA5,0.6588201202565933,False
KEGG,7,KAPOSI SARCOMA-ASSOCIATED HERPESVIRUS INFECTION,0.25557677078919566,21,773,153,6576,AKT3;ANGPT2;CASP8;CDK6;GNB4;GNG12;GNG7;GNGT2;HCK;ITPR2;LYN;MAPK10;MAPK13;NFATC4;PIK3R3;PIK3R5;PTGS2;SYK;TCF7;TLR3;TRAF3,0.6588201202565933,False
KEGG,7,AMPK SIGNALING PATHWAY,0.26165848779284545,16,773,114,6576,ADIPOQ;ADRA1A;AKT3;CD36;CREB3L2;CREB5;G6PC2;IGF1;IGF1R;IRS1;LIPE;PIK3R3;PPARG;PPARGC1A;PRKAA2;PRKAG2,0.6669064825433341,False
KEGG,7,CARDIAC MUSCLE CONTRACTION,0.2625465175529792,11,773,75,6576,ACTC1;CACNA1C;CACNA1D;CACNA2D1;CACNA2D4;CACNG6;CASQ2;COX4I2;PTGS2;RYR2;SLC8A1,0.6669064825433341,False
KEGG,7,APOPTOSIS,0.2852408561299445,16,773,116,6576,AKT3;BCL2;BCL2L11;CASP6;CASP8;CTSS;EIF2AK3;ERN1;FASLG;ITPR2;MAPK10;NGF;PARP4;PIK3R3;PTPN13;TUBA8,0.7161578875369924,False
KEGG,7,RETROGRADE ENDOCANNABINOID SIGNALING,0.2860515700219596,18,773,132,6576,ADCY2;ADCY8;CACNA1C;CACNA1D;GABRA4;GABRR3;GNB4;GNG12;GNG7;GNGT2;GRIA4;ITPR2;KCNJ5;MAPK10;MAPK13;PLCB1;PLCB4;PTGS2,0.7161578875369924,False
KEGG,7,STEROID HORMONE BIOSYNTHESIS,0.2970811404369062,5,773,31,6576,CYP11A1;CYP17A1;CYP19A1;CYP1B1;HSD11B2,0.7384588348003097,False
KEGG,7,CARBOHYDRATE DIGESTION AND ABSORPTION,0.30639668894127176,6,773,39,6576,AKT3;CACNA1D;G6PC2;PIK3R3;PLCB1;PLCB4,0.7562131046210112,False
KEGG,7,GLYCOSAMINOGLYCAN BIOSYNTHESIS - HEPARAN SULFATE / HEPARIN,0.3097657854167835,4,773,24,6576,EXT1;HS2ST1;HS3ST1;XYLT1,0.7591443191904272,False
KEGG,7,GLYCEROLIPID METABOLISM,0.31649764513506673,8,773,55,6576,AGPAT4;DGKH;GPAT3;LIPG;MBOAT1;MBOAT2;PNLIPRP1;PNPLA3,0.7685651220165297,False
KEGG,7,ALLOGRAFT REJECTION,0.3224439879724521,3,773,17,6576,FASLG;HLA-DOA;IL5,0.7685651220165297,False
KEGG,7,ASTHMA,0.3224439879724521,3,773,17,6576,HLA-DOA;IL5;MS4A2,0.7685651220165297,False
KEGG,7,SELENOCOMPOUND METABOLISM,0.3224439879724521,3,773,17,6576,PAPSS1;PAPSS2;TXNRD3,0.7685651220165297,False
KEGG,7,EFFEROCYTOSIS,0.33076650467041346,19,773,144,6576,ABCA1;ADAM17;ANO5;ATP11C;ATP8A2;CD36;CH25H;CX3CR1;DUSP16;ELMO1;GULP1;HAVCR2;MAPK13;NFATC4;P2RY6;PBX1;PPARG;PTGER4;PTGS2,0.7784502518559172,False
KEGG,7,NEUROTROPHIN SIGNALING PATHWAY,0.335263732461259,15,773,112,6576,AKT3;BCL2;BRAF;FASLG;FRS2;IRAK2;IRS1;MAPK10;MAPK13;NGF;NGFR;NTF3;NTRK3;PIK3R3;SOS1,0.7784502518559172,False
KEGG,7,CHRONIC MYELOID LEUKEMIA,0.33713241227301965,10,773,72,6576,AKT3;BRAF;CDK6;GAB2;MECOM;PIK3R3;RUNX1;SOS1;TGFB2;TGFBR1,0.7784502518559172,False
KEGG,7,GNRH SIGNALING PATHWAY,0.3373722413621102,11,773,80,6576,ADCY2;ADCY8;CACNA1C;CACNA1D;ITPR2;KCNH8;MAPK10;MAPK13;PLCB1;PLCB4;SOS1,0.7784502518559172,False
KEGG,7,FATTY ACID ELONGATION,0.3377758276731135,4,773,25,6576,ACOT4;ELOVL2;ELOVL7;HACD4,0.7784502518559172,False
KEGG,7,NF-KAPPA B SIGNALING PATHWAY,0.35196555655830086,12,773,89,6576,BCL2;CARD11;EDARADD;LY96;LYN;PTGS2;SYK;TLR4;TNFRSF11A;TNFSF13B;TNFSF14;TRAF3,0.801241980746193,False
KEGG,7,SPHINGOLIPID METABOLISM,0.3522701811901366,7,773,49,6576,ACER2;B4GALT6;CERS6;GALC;SGMS2;SMPD3;SPTLC3,0.801241980746193,False
KEGG,7,DOPAMINERGIC SYNAPSE,0.35952006567603606,16,773,122,6576,AKT3;CACNA1C;CACNA1D;CREB3L2;CREB5;GNB4;GNG12;GNG7;GNGT2;GRIA4;ITPR2;KCNJ5;MAPK10;MAPK13;PLCB1;PLCB4,0.8124219665926009,False
KEGG,7,THYROID HORMONE SYNTHESIS,0.3711177582322785,9,773,66,6576,ADCY2;ADCY8;CREB3L2;CREB5;GPX8;ITPR2;PLCB1;PLCB4;TPO,0.8332192249344059,False
KEGG,7,INFLUENZA A,0.3879016361349794,15,773,116,6576,AKT3;CASP8;CDK6;CIITA;FASLG;HLA-DOA;IFIH1;IL33;NLRP3;PIK3R3;RSAD2;TLR3;TLR4;TLR7;TRAF3,0.8616055581956017,False
KEGG,7,CORNIFIED ENVELOPE FORMATION,0.3887128524043375,19,773,149,6576,COL4A3;COL4A4;COL4A5;COL4A6;DSG2;EPHX2;ITGA6;KAZN;KRT27;KRT34;KRT71;KRT80;KRT84;LAMB3;LAMC2;PKP1;PKP2;SPTLC3;TGM5,0.8616055581956017,False
KEGG,7,STAPHYLOCOCCUS AUREUS INFECTION,0.39254721905916257,7,773,51,6576,C3AR1;C5AR1;FCGR1A;HLA-DOA;KRT27;KRT34;MASP1,0.8621166536402709,False
KEGG,7,AFRICAN TRYPANOSOMIASIS,0.3938981262321928,4,773,27,6576,FASLG;PLCB1;PLCB4;SELE,0.8621166536402709,False
KEGG,7,PROGESTERONE-MEDIATED OOCYTE MATURATION,0.399820573375045,11,773,84,6576,ADCY2;ADCY8;AKT3;BRAF;CPEB3;IGF1;IGF1R;MAPK10;MAPK13;PDE3B;PIK3R3,0.8696097470907229,False
KEGG,7,TNF SIGNALING PATHWAY,0.4046123529961684,14,773,109,6576,ADAM17;AKT3;CASP8;CREB3L2;CREB5;JAG1;MAPK10;MAPK13;MLKL;MMP3;PIK3R3;PTGS2;SELE;TRAF3,0.8725328970364287,False
KEGG,7,GLIOMA,0.40617910724109607,9,773,68,6576,AKT3;BRAF;CAMK1D;CDK6;EGF;IGF1;IGF1R;PIK3R3;SOS1,0.8725328970364287,False
KEGG,7,GLUCAGON SIGNALING PATHWAY,0.41176902782057884,12,773,93,6576,ADCY2;AKT3;CREB3L2;CREB5;G6PC2;ITPR2;PDE3B;PLCB1;PLCB4;PPARGC1A;PRKAA2;PRKAG2,0.8726672147767975,False
KEGG,7,FERROPTOSIS,0.41906740627928646,5,773,36,6576,GCLM;SLC11A2;SLC39A8;SLC7A11;STEAP3,0.8726672147767975,False
KEGG,7,INSULIN RESISTANCE,0.4225398604792994,13,773,102,6576,AKT3;CD36;CREB3L2;CREB5;G6PC2;IRS1;MAPK10;PIK3R3;PPARGC1A;PPARGC1B;PPP1R3D;PRKAA2;PRKAG2,0.8726672147767975,False
KEGG,7,FOLATE TRANSPORT AND METABOLISM,0.4231857961455851,3,773,20,6576,ABCC3;ABCC4;BHMT2,0.8726672147767975,False
KEGG,7,PANTOTHENATE AND COA BIOSYNTHESIS,0.4231857961455851,3,773,20,6576,BCAT1;DPYD;ENPP3,0.8726672147767975,False
KEGG,7,RENIN-ANGIOTENSIN SYSTEM,0.4231857961455851,3,773,20,6576,ACE;LNPEP;NLN,0.8726672147767975,False
KEGG,7,INSULIN SIGNALING PATHWAY,0.423795285337008,16,773,127,6576,AKT3;BRAF;G6PC2;IRS1;KCNH8;LIPE;MAPK10;PDE3B;PIK3R3;PPARGC1A;PPP1R3D;PRKAA2;PRKAG2;PRKCI;SOCS2;SOS1,0.8726672147767975,False
KEGG,7,CYTOSOLIC DNA-SENSING PATHWAY,0.4328494914655534,7,773,53,6576,AIM2;CASP8;CGAS;GSDME;IL33;MLKL;NLRP3,0.8860683707647798,False
KEGG,7,BILE SECRETION,0.44681147774980157,8,773,62,6576,ABCB4;ABCC3;ABCC4;ADCY2;ADCY8;NCEH1;SLC4A4;SLC4A5,0.9093005512101225,False
KEGG,7,PROXIMAL TUBULE BICARBONATE RECLAMATION,0.4557375566450319,3,773,21,6576,CA4;GRID1;SLC4A4,0.922073661119018,False
KEGG,7,CYSTEINE AND METHIONINE METABOLISM,0.4596291046454267,6,773,46,6576,BCAT1;BHMT2;GCLM;IL4I1;LACC1;TSTD1,0.9245718405584307,False
KEGG,7,MINERAL ABSORPTION,0.48116626446003746,6,773,47,6576,ATP7B;HEPH;SLC11A2;SLC8A1;STEAP2;VDR,0.9623325289200749,False
KEGG,7,TRYPTOPHAN METABOLISM,0.49096263872779305,5,773,39,6576,CYP1B1;DHTKD1;IL4I1;KMO;KYNU,0.9763142758701255,False
KEGG,7,P53 SIGNALING PATHWAY,0.5020669054055972,8,773,65,6576,BCL2;CASP8;CCND2;CDK6;IGF1;SERPINE1;STEAP3;ZMAT3,0.9828203996247338,False
KEGG,7,GRAFT-VERSUS-HOST DISEASE,0.50270698601495,2,773,14,6576,FASLG;HLA-DOA,0.9828203996247338,False
KEGG,7,TAURINE AND HYPOTAURINE METABOLISM,0.50270698601495,2,773,14,6576,FMO1;FMO5,0.9828203996247338,False
KEGG,7,CORONAVIRUS DISEASE - COVID-19,0.5067653226608511,19,773,159,6576,ACE;ADAM17;C3AR1;C5AR1;CGAS;IFIH1;MAPK10;MAPK13;MASP1;MMP3;NLRP3;PIK3R3;SYK;TLR2;TLR3;TLR4;TLR7;TLR8;TRAF3,0.9852197334412076,False
KEGG,7,MANNOSE TYPE O-GLYCAN BIOSYNTHESIS,0.5183132818525504,3,773,23,6576,CRPPA;FUT4;LARGE1,0.9967455210407267,False
KEGG,7,EPSTEIN-BARR VIRUS INFECTION,0.5184222393918722,19,773,160,6576,AKT3;BCL2;BCL2L11;CASP8;CCND2;CD247;CDK6;ENTPD1;ENTPD3;HLA-DOA;LYN;MAPK10;MAPK13;NEDD4;PIK3R3;RUNX3;SYK;TLR2;TRAF3,0.9967455210407267,False
KEGG,7,T CELL RECEPTOR SIGNALING PATHWAY,0.5225577958364985,13,773,109,6576,AKT3;CARD11;CD247;GRAP2;ICOS;IL5;ITK;MAPK10;MAPK13;PIK3R3;RASGRP1;SOS1;VAV3,0.99765589484236,False
KEGG,7,TH17 CELL DIFFERENTIATION,0.5246293929774479,11,773,92,6576,CD247;GATA3;HLA-DOA;IL1RAP;IL21;IL27;IRF4;MAPK10;MAPK13;RUNX1;TGFBR1,0.99765589484236,False
KEGG,7,"PHENYLALANINE, TYROSINE AND TRYPTOPHAN BIOSYNTHESIS",0.5279233082594055,1,773,6,6576,IL4I1,0.9984636482297451,False
KEGG,7,ALCOHOLISM,0.5365072686553092,13,773,110,6576,ADORA2B;BRAF;CREB3L2;CREB5;GNB4;GNG12;GNG7;GNGT2;GRIN2D;H2AC20;HDAC9;SLC29A3;SOS1,1.0,False
KEGG,7,CHEMICAL CARCINOGENESIS - DNA ADDUCTS,0.5481057813433743,3,773,24,6576,CYP1B1;GSTO2;PTGS2,1.0,False
KEGG,7,LONG-TERM POTENTIATION,0.5500614666290433,7,773,59,6576,ADCY8;BRAF;CACNA1C;GRIN2D;ITPR2;PLCB1;PLCB4,1.0,False
KEGG,7,NON-ALCOHOLIC FATTY LIVER DISEASE,0.5515259393895053,16,773,137,6576,ADIPOQ;AKT3;BCL2L11;CASP8;COX4I2;EIF2AK3;ERN1;FASLG;IRS1;MAPK10;MAPK13;PIK3R3;PPARG;PRKAA2;PRKAG2;PTGS2,1.0,False
KEGG,7,LEGIONELLOSIS,0.5593595878996293,5,773,42,6576,CASP8;HSPA1L;TLR2;TLR4;TLR5,1.0,False
KEGG,7,RIG-I-LIKE RECEPTOR SIGNALING PATHWAY,0.5641731059433015,6,773,51,6576,CASP8;IFIH1;MAPK10;MAPK13;RNF125;TRAF3,1.0,False
KEGG,7,FC GAMMA R-MEDIATED PHAGOCYTOSIS,0.5651775162028019,10,773,86,6576,AKT3;FCGR1A;GAB2;HCK;LYN;MYO10;PIK3R3;PIP5K1B;SYK;VAV3,1.0,False
KEGG,7,C-TYPE LECTIN RECEPTOR SIGNALING PATHWAY,0.5695219705264938,11,773,95,6576,AKT3;CASP8;CCL17;ITPR2;MAPK10;MAPK13;NFATC4;NLRP3;PIK3R3;PTGS2;SYK,1.0,False
KEGG,7,FATTY ACID BIOSYNTHESIS,0.5768576833934793,2,773,16,6576,ACSBG1;ACSBG2,1.0,False
KEGG,7,PRIMARY BILE ACID BIOSYNTHESIS,0.5768576833934793,2,773,16,6576,CH25H;CYP39A1,1.0,False
KEGG,7,HERPES SIMPLEX VIRUS 1 INFECTION,0.5847607781633566,15,773,131,6576,AKT3;BCL2;CASP8;CGAS;EIF2AK3;FASLG;HLA-DOA;IFIH1;PIK3R3;POU2F1;SYK;TLR2;TLR3;TNFSF14;TRAF3,1.0,False
KEGG,7,STARCH AND SUCROSE METABOLISM,0.6042981935058545,3,773,26,6576,ENPP3;G6PC2;PGM2L1,1.0,False
KEGG,7,GLYCOSAMINOGLYCAN DEGRADATION,0.6107795094496162,2,773,17,6576,ANKRD44;HPSE,1.0,False
KEGG,7,NATURAL KILLER CELL MEDIATED CYTOTOXICITY,0.6227242860267022,8,773,72,6576,BRAF;CD247;FASLG;HCST;PIK3R3;SOS1;SYK;VAV3,1.0,False
KEGG,7,PD-L1 EXPRESSION AND PD-1 CHECKPOINT PATHWAY IN CANCER,0.6237455308435281,9,773,81,6576,AKT3;CD247;CD274;EGF;MAPK13;PIK3R3;RASGRP1;TLR2;TLR4,1.0,False
KEGG,7,THYROID CANCER,0.6252468151525223,4,773,36,6576,BRAF;PPARG;RET;TCF7,1.0,False
KEGG,7,HIF-1 SIGNALING PATHWAY,0.6264738555789804,11,773,99,6576,AKT3;ANGPT1;ANGPT2;BCL2;EGF;FLT1;IGF1;IGF1R;PIK3R3;SERPINE1;TLR4,1.0,False
KEGG,7,PATHOGENIC ESCHERICHIA COLI INFECTION,0.6299952961719062,19,773,170,6576,BAIAP2L1;CASP8;F2R;FASLG;LPAR1;MAPK10;MAPK13;MYH10;MYO10;MYO1D;MYO1E;MYO5B;MYO6;NLRP3;TLR4;TLR5;TUBA8;WIPF1;WIPF3,1.0,False
KEGG,7,RIBOFLAVIN METABOLISM,0.6324811627004748,1,773,8,6576,ENPP3,1.0,False
KEGG,7,SULFUR RELAY SYSTEM,0.6324811627004748,1,773,8,6576,TSTD1,1.0,False
KEGG,7,EPITHELIAL CELL SIGNALING IN HELICOBACTER PYLORI INFECTION,0.6390598593715306,7,773,64,6576,ADAM17;ATP6V0D2;ATP6V1E2;LYN;MAPK10;MAPK13;PTPRZ1,1.0,False
KEGG,7,NECROPTOSIS,0.6411008191206594,12,773,109,6576,BCL2;CASP8;FASLG;GRID1;H2AC20;IL33;MAPK10;MLKL;NLRP3;STAT4;TLR3;TLR4,1.0,False
KEGG,7,YERSINIA INFECTION,0.654570652802022,13,773,119,6576,AKT3;ARHGEF28;ELMO1;ITGA4;MAPK10;MAPK13;NLRP3;PIK3R3;PIP5K1B;TLR4;VAV3;WIPF1;WIPF3,1.0,False
KEGG,7,DRUG METABOLISM - CYTOCHROME P450,0.6556626038824702,3,773,28,6576,FMO1;FMO5;GSTO2,1.0,False
KEGG,7,CHOLINE METABOLISM IN CANCER,0.6669649332408768,10,773,93,6576,AKT3;DGKH;EGF;MAPK10;PDGFC;PDGFD;PIK3R3;PIP5K1B;SLC44A5;SOS1,1.0,False
KEGG,7,ANTIGEN PROCESSING AND PRESENTATION,0.668476053471957,4,773,38,6576,CIITA;CTSS;HLA-DOA;HSPA1L,1.0,False
KEGG,7,NICOTINE ADDICTION,0.668476053471957,4,773,38,6576,GABRA4;GABRR3;GRIA4;GRIN2D,1.0,False
KEGG,7,PANCREATIC CANCER,0.669333946495751,8,773,75,6576,AKT3;BRAF;CDK6;EGF;MAPK10;PIK3R3;TGFB2;TGFBR1,1.0,False
KEGG,7,LYSINE DEGRADATION,0.6752007619262759,6,773,57,6576,AASS;DHTKD1;MECOM;PRDM16;PRDM6;SETD7,1.0,False
KEGG,7,PHOSPHATIDYLINOSITOL SIGNALING SYSTEM,0.68032514282267,10,773,94,6576,DGKH;INPP4B;ITPR2;PIK3R3;PIP4P2;PIP5K1B;PLCB1;PLCB4;PLCD4;PLCE1,1.0,False
KEGG,7,ERBB SIGNALING PATHWAY,0.6840723384068189,8,773,76,6576,AKT3;BRAF;EGF;EREG;KCNH8;MAPK10;PIK3R3;SOS1,1.0,False
KEGG,7,SYNAPTIC VESICLE CYCLE,0.6840723384068189,8,773,76,6576,ATP6V0D2;ATP6V1E2;DNM3;SLC1A3;SLC6A12;SLC6A13;SLC6A4;SLC6A9,1.0,False
KEGG,7,N-GLYCAN BIOSYNTHESIS,0.7155551305570989,5,773,50,6576,MGAT4A;MGAT5;ST6GAL1;ST6GAL2;TUSC3,1.0,False
KEGG,7,NON-SMALL CELL LUNG CANCER,0.7170102065843831,7,773,69,6576,AKT3;BRAF;CDK6;EGF;PIK3R3;RET;SOS1,1.0,False
KEGG,7,HUMAN IMMUNODEFICIENCY VIRUS 1 INFECTION,0.7190278485855173,18,773,170,6576,AKT3;AP1S2;BCL2;CASP8;CD247;CGAS;FASLG;GNB4;GNG12;GNG7;GNGT2;ITPR2;MAPK10;MAPK13;NFATC4;PIK3R3;TLR2;TLR4,1.0,False
KEGG,7,ADHERENS JUNCTION,0.7216353854592839,9,773,88,6576,CTNNA3;HEG1;IGF1R;NECTIN3;NLK;SNAI2;TCF7;TGFBR1;YES1,1.0,False
KEGG,7,FAT DIGESTION AND ABSORPTION,0.7266538651691229,4,773,41,6576,ABCA1;CD36;MTTP;PNLIPRP1,1.0,False
KEGG,7,VASOPRESSIN-REGULATED WATER REABSORPTION,0.7266538651691229,4,773,41,6576,ADCY8;CREB3L2;CREB5;NLRP3,1.0,False
KEGG,7,BACTERIAL INVASION OF EPITHELIAL CELLS,0.7311458554408655,7,773,70,6576,ARHGAP10;CD2AP;CTNNA3;DNM3;ELMO1;PIK3R3;SEPTIN11,1.0,False
KEGG,7,ALZHEIMER DISEASE,0.7330292865381711,35,773,324,6576,ADAM17;AKT3;AXIN2;BRAF;CACNA1C;CACNA1D;CASP8;CHRM3;COX4I2;EIF2AK3;ERN1;FZD2;FZD5;FZD6;GRIN2D;IRS1;ITPR2;MAPK10;NOX4;PIK3R3;PLCB1;PLCB4;PTGS2;RYR3;SLC11A2;SLC39A8;TUBA8;WNT10B;WNT2;WNT2B;WNT3;WNT5A;WNT5B;WNT6;WNT7B,1.0,False
KEGG,7,NOD-LIKE RECEPTOR SIGNALING PATHWAY,0.733982258285798,13,773,126,6576,AIM2;ANTXR2;BCL2;CASP8;ITPR2;MAPK10;MAPK13;NLRP3;P2RX7;PLCB1;PLCB4;TLR4;TRAF3,1.0,False
KEGG,7,THIAMINE METABOLISM,0.7475856596266961,1,773,11,6576,AK7,1.0,False
KEGG,7,AMPHETAMINE ADDICTION,0.7525411057573824,6,773,62,6576,CACNA1C;CACNA1D;CREB3L2;CREB5;GRIA4;GRIN2D,1.0,False
KEGG,7,CELLULAR SENESCENCE,0.7615746603224145,14,773,138,6576,AKT3;CACNA1D;CCND2;CDK6;CDKN2B;ITPR2;MAPK13;NFATC4;PIK3R3;SERPINE1;TGFB2;TGFBR1;TRAF3IP2;TRPV4,1.0,False
KEGG,7,THERMOGENESIS,0.7702071717700633,19,773,185,6576,ADCY2;ADCY8;COX4I2;CREB3L2;CREB5;DPF3;FRS2;KLB;LIPE;MAPK13;PPARG;PPARGC1A;PRDM16;PRKAA2;PRKAG2;PRKG1;PTGS2;SOS1;ZNF516,1.0,False
KEGG,7,TYPE I DIABETES MELLITUS,0.771530206837465,2,773,23,6576,FASLG;HLA-DOA,1.0,False
KEGG,7,UBIQUINONE AND OTHER TERPENOID-QUINONE BIOSYNTHESIS,0.7773063428115496,1,773,12,6576,NQO1,1.0,False
KEGG,7,TIGHT JUNCTION,0.7773134097581286,15,773,149,6576,AMOT;CACNA1D;LNX1;MAPK10;MPP4;MYH10;NEDD4;PARD6G;PATJ;PRKAA2;PRKAG2;PRKCI;RUNX1;TIAM1;TUBA8,1.0,False
KEGG,7,"ALANINE, ASPARTATE AND GLUTAMATE METABOLISM",0.7802634688772843,3,773,34,6576,ASPA;GRID1;IL4I1,1.0,False
KEGG,7,NICOTINATE AND NICOTINAMIDE METABOLISM,0.7802634688772843,3,773,34,6576,CD38;ENPP3;PGAP1,1.0,False
KEGG,7,VEGF SIGNALING PATHWAY,0.7908800659260833,5,773,55,6576,AKT3;KDR;MAPK13;PIK3R3;PTGS2,1.0,False
KEGG,7,PPAR SIGNALING PATHWAY,0.7920280191749365,6,773,65,6576,ACSBG1;ACSBG2;ADIPOQ;CD36;PCDHB16;PPARG,1.0,False
KEGG,7,MICRORNAS IN CANCER,0.7942675555906289,15,773,151,6576,BCL2;BCL2L11;BMF;CCND2;CDK6;CYP1B1;EFNA4;IGF2BP1;IRS1;PIK3R3;PTGS2;SLC7A1;SOS1;TGFB2;WNT3,1.0,False
KEGG,7,PATHWAYS OF NEURODEGENERATION - MULTIPLE DISEASES,0.8006773365230666,43,773,407,6576,ATXN1;AXIN2;BCL2;BRAF;CACNA1C;CACNA1D;CASP8;CHRM3;COX4I2;DNAH10;DNAH11;EIF2AK3;ERN1;FASLG;FZD2;FZD5;FZD6;GPX8;GRIA4;GRIN2D;ITPR2;LRRK2;MAPK10;MAPK13;NOX4;PLCB1;PLCB4;PRKN;PTGS2;RYR1;RYR2;RYR3;SLC6A4;SNCAIP;TUBA8;WNT10B;WNT2;WNT2B;WNT3;WNT5A;WNT5B;WNT6;WNT7B,1.0,False
KEGG,7,GLYCOSAMINOGLYCAN BIOSYNTHESIS - KERATAN SULFATE,0.8035315404054972,1,773,13,6576,ST3GAL1,1.0,False
KEGG,7,CHEMICAL CARCINOGENESIS - REACTIVE OXYGEN SPECIES,0.8049456880447945,17,773,171,6576,AKT3;BRAF;COX4I2;CYP1B1;EGF;EPHX2;GSTO2;MAPK10;MAPK13;NCF2;NOX4;NQO1;PIK3R3;PRKD1;PTGS2;SLC26A2;SOS1,1.0,False
KEGG,7,CHOLESTEROL METABOLISM,0.8060968674012151,4,773,46,6576,ABCA1;CD36;LIPG;NCEH1,1.0,False
KEGG,7,COLLECTING DUCT ACID SECRETION,0.8105418990794075,2,773,25,6576,ATP6V0D2;ATP6V1E2,1.0,False
KEGG,7,INOSITOL PHOSPHATE METABOLISM,0.8163340432194525,7,773,77,6576,INPP4B;PIP5K1B;PLCB1;PLCB4;PLCD4;PLCE1;PLCH1,1.0,False
KEGG,7,POLYCOMB REPRESSIVE COMPLEX,0.8163340432194525,7,773,77,6576,ASXL3;AUTS2;CBX8;EPOP;L3MBTL4;MAGI1;SFMBT2,1.0,False
KEGG,7,DRUG METABOLISM - OTHER ENZYMES,0.8195024054527233,4,773,47,6576,CDA;DPYD;GSTO2;UCK2,1.0,False
KEGG,7,HEPATITIS C,0.8214139751703116,12,773,126,6576,AKT3;BRAF;CASP8;CDK6;EGF;EIF2AK3;FASLG;PIK3R3;RSAD2;SOS1;TLR3;TRAF3,1.0,False
KEGG,7,SPINOCEREBELLAR ATAXIA,0.8251248487012639,13,773,136,6576,AKT3;ATXN1;BEAN1;ERN1;GRIN2D;ITPR2;MAPK10;MYOD1;PIK3R3;PLCB1;PLCB4;RELN;RYR1,1.0,False
KEGG,7,PHENYLALANINE METABOLISM,0.8266718907432317,1,773,14,6576,IL4I1,1.0,False
KEGG,7,BLADDER CANCER,0.8271339763150661,3,773,37,6576,BRAF;DAPK2;EGF,1.0,False
KEGG,7,PERTUSSIS,0.8391482449655072,5,773,59,6576,LY96;MAPK10;MAPK13;NLRP3;TLR4,1.0,False
KEGG,7,PENTOSE AND GLUCURONATE INTERCONVERSIONS,0.8470898469235855,1,773,15,6576,CRPPA,1.0,False
KEGG,7,PORPHYRIN METABOLISM,0.8579483071596906,2,773,28,6576,ALAS2;HEPH,1.0,False
KEGG,7,OTHER GLYCAN DEGRADATION,0.8651053244922592,1,773,16,6576,FUCA2,1.0,False
KEGG,7,MOTOR PROTEINS,0.8677028407816891,16,773,171,6576,ACTC1;ACTG2;DNAH10;DNAH11;DYNLT5;KIF13B;KIF7;MYH10;MYH3;MYO10;MYO1D;MYO1E;MYO5B;MYO6;TNNI1;TUBA8,1.0,False
KEGG,7,CENTRAL CARBON METABOLISM IN CANCER,0.8690202083633345,5,773,62,6576,AKT3;KIT;NTRK3;PIK3R3;RET,1.0,False
KEGG,7,THYROID HORMONE SIGNALING PATHWAY,0.8768472558709866,10,773,114,6576,AKT3;BMP4;DIO2;ESR1;MED12L;PIK3R3;PLCB1;PLCB4;PLCD4;PLCE1,1.0,False
KEGG,7,RENAL CELL CARCINOMA,0.8778776417372584,5,773,63,6576,AKT3;BRAF;PIK3R3;SOS1;TGFB2,1.0,False
KEGG,7,FOLATE BIOSYNTHESIS,0.8810006879324244,1,773,17,6576,TACR1,1.0,False
KEGG,7,DIABETIC CARDIOMYOPATHY,0.8824541009498132,15,773,164,6576,ACE;AKT3;CD36;COX4I2;IRS1;MAPK10;MAPK13;NCF2;PIK3R3;PLCB1;PLCB4;PTGS2;RYR2;TGFB2;TGFBR1,1.0,False
KEGG,7,METABOLISM OF XENOBIOTICS BY CYTOCHROME P450,0.8832476412388484,2,773,30,6576,CYP1B1;GSTO2,1.0,False
KEGG,7,ONE CARBON POOL BY FOLATE,0.8832476412388484,2,773,30,6576,ALDH1L2;BHMT2,1.0,False
KEGG,7,TYROSINE METABOLISM,0.8832476412388484,2,773,30,6576,IL4I1;TPO,1.0,False
KEGG,7,PRIMARY IMMUNODEFICIENCY,0.8942718942679049,2,773,31,6576,CIITA;ICOS,1.0,False
KEGG,7,GLYCEROPHOSPHOLIPID METABOLISM,0.9035276712385985,8,773,98,6576,AGPAT4;DGKH;GPAT3;GPD1L;GPD2;MBOAT1;MBOAT2;SGMS2,1.0,False
KEGG,7,CIRCADIAN RHYTHM,0.9043216785647368,2,773,32,6576,PRKAA2;PRKAG2,1.0,False
KEGG,7,GLUTATHIONE METABOLISM,0.9043367870198677,3,773,44,6576,GCLM;GPX8;GSTO2,1.0,False
KEGG,7,SYSTEMIC LUPUS ERYTHEMATOSUS,0.9043367870198677,3,773,44,6576,FCGR1A;H2AC20;HLA-DOA,1.0,False
KEGG,7,BIOSYNTHESIS OF VARIOUS NUCLEOTIDE SUGARS,0.9073986751657054,1,773,19,6576,CYB5R2,1.0,False
KEGG,7,HISTIDINE METABOLISM,0.9073986751657054,1,773,19,6576,ASPA,1.0,False
KEGG,7,LIPOIC ACID METABOLISM,0.9073986751657054,1,773,19,6576,DHTKD1,1.0,False
KEGG,7,STEROID BIOSYNTHESIS,0.9073986751657054,1,773,19,6576,CYP27B1,1.0,False
KEGG,7,VIBRIO CHOLERAE INFECTION,0.9123684944334852,3,773,45,6576,ADCY8;ATP6V0D2;ATP6V1E2,1.0,False
KEGG,7,COCAINE ADDICTION,0.9197827939938762,3,773,46,6576,CREB3L2;CREB5;GRIN2D,1.0,False
KEGG,7,ETHER LIPID METABOLISM,0.9266200932125912,3,773,47,6576,AGPS;PAFAH2;TMEM86A,1.0,False
KEGG,7,ARGININE BIOSYNTHESIS,0.9279465884929867,1,773,21,6576,GRID1,1.0,False
KEGG,7,VIRAL LIFE CYCLE - HIV-1,0.9329190748208934,3,773,48,6576,BICD1;MDFIC;SERINC5,1.0,False
KEGG,7,FATTY ACID DEGRADATION,0.936237368624572,2,773,36,6576,ACSBG1;ACSBG2,1.0,False
KEGG,7,PHOTOTRANSDUCTION,0.9364435049071623,1,773,22,6576,GUCY2F,1.0,False
KEGG,7,BUTANOATE METABOLISM,0.9439395639103304,1,773,23,6576,ACSM5,1.0,False
KEGG,7,AUTOPHAGY - ANIMAL,0.9454274614319974,12,773,149,6576,AKT3;BCL2;DAPK2;DEPTOR;EIF2AK3;ERN1;IGF1R;IRS1;MAPK10;PIK3R3;PRKAA2;WDFY3,1.0,False
KEGG,7,SHIGELLOSIS,0.9462873434708945,18,773,210,6576,AKT3;BCL2;CGAS;ELMO1;ITPR2;MAPK10;MAPK13;NLRP3;PFN2;PIK3R3;PLCB1;PLCB4;PLCD4;PLCE1;SEPTIN11;TLN2;TLR4;TLR5,1.0,False
KEGG,7,LYSOSOME,0.9530149040161197,9,773,120,6576,ANKRD44;AP1S2;AP4E1;ARSG;ATP6V0D2;CTSS;FUCA2;GALC;SLC11A2,1.0,False
KEGG,7,VIRAL CARCINOGENESIS,0.954070367651233,12,773,152,6576,ATP6V0D2;CASP8;CCND2;CDK6;CDKN2B;CREB3L2;CREB5;HDAC9;LYN;PIK3R3;SYK;TRAF3,1.0,False
KEGG,7,BASE EXCISION REPAIR,0.9578796463011308,2,773,40,6576,LRIG3;PARP4,1.0,False
KEGG,7,SALMONELLA INFECTION,0.960186324889024,18,773,216,6576,AKT3;BCL2;CASP8;ELMO1;LY96;MAPK10;MAPK13;MLKL;MYO6;NLRP3;PFN2;PRICKLE1;TCF7;TLR2;TLR4;TLR5;TLR6;TUBA8,1.0,False
KEGG,7,GALACTOSE METABOLISM,0.9615325953437348,1,773,26,6576,G6PC2,1.0,False
KEGG,7,VITAMIN DIGESTION AND ABSORPTION,0.9615325953437348,1,773,26,6576,SLC19A3,1.0,False
KEGG,7,VARIOUS TYPES OF N-GLYCAN BIOSYNTHESIS,0.9620729862035056,2,773,41,6576,MGAT4A;TUSC3,1.0,False
KEGG,7,MRNA SURVEILLANCE PATHWAY,0.9664212333163222,5,773,80,6576,COLEC12;GSPT2;MSI1;PABPC4L;PABPC5,1.0,False
KEGG,7,PEROXISOME,0.9664212333163222,5,773,80,6576,AGPS;EPHX2;FAR2;KRTAP11-1;MPV17L,1.0,False
KEGG,7,PRION DISEASE,0.9676077566875042,18,773,220,6576,CACNA1C;CACNA1D;COX4I2;CREB3L2;CREB5;EIF2AK3;GRIN2D;HSPA1L;ITPR2;MAPK10;MAPK13;NCF2;PIK3R3;PTGS2;RYR1;RYR2;RYR3;TUBA8,1.0,False
KEGG,7,GLYCOSYLPHOSPHATIDYLINOSITOL (GPI)-ANCHOR BIOSYNTHESIS,0.9700769300566876,1,773,28,6576,PGAP1,1.0,False
KEGG,7,BETA-ALANINE METABOLISM,0.9736093877638012,1,773,29,6576,DPYD,1.0,False
KEGG,7,LEUKOCYTE TRANSENDOTHELIAL MIGRATION,0.9749722275327866,7,773,107,6576,CTNNA3;ITGA4;ITK;MAPK13;NCF2;PIK3R3;VAV3,1.0,False
KEGG,7,"VALINE, LEUCINE AND ISOLEUCINE DEGRADATION",0.9751736700870692,2,773,45,6576,BCAT1;IL4I1,1.0,False
KEGG,7,HUMAN T-CELL LEUKEMIA VIRUS 1 INFECTION,0.9766383603538866,15,773,195,6576,ADCY2;ADCY8;AKT3;CCND2;CDKN2B;CREB3L2;CREB5;HLA-DOA;KCNH8;MAPK10;NFATC4;PIK3R3;TGFB2;TGFBR1;TLN2,1.0,False
KEGG,7,ARACHIDONIC ACID METABOLISM,0.9776914371822144,2,773,46,6576,EPHX2;PTGS2,1.0,False
KEGG,7,OOCYTE MEIOSIS,0.9784504134907462,7,773,109,6576,ADCY2;ADCY8;CPEB3;IGF1;IGF1R;ITPR2;MAPK13,1.0,False
KEGG,7,PROPANOATE METABOLISM,0.9794737572507605,1,773,31,6576,ACSS3,1.0,False
KEGG,7,RETINOL METABOLISM,0.9840362868326334,1,773,33,6576,ALDH1A3,1.0,False
KEGG,7,HUNTINGTON DISEASE,0.987332083541554,20,773,258,6576,CASP8;COX4I2;CREB3L2;CREB5;DNAH10;DNAH11;ERN1;GPX8;GRIA4;MAPK10;PLCB1;PLCB4;PPARG;PPARGC1A;PTGS2;REST;SLC1A3;SLC6A4;TAF4B;TUBA8,1.0,False
KEGG,7,AMINO SUGAR AND NUCLEOTIDE SUGAR METABOLISM,0.9875856836579749,1,773,35,6576,CHIT1,1.0,False
KEGG,7,"GLYCINE, SERINE AND THREONINE METABOLISM",0.9875856836579749,1,773,35,6576,ALAS2,1.0,False
KEGG,7,ENDOCYTOSIS,0.9880970357547856,16,773,217,6576,ARAP2;DAB2;DNM3;EPN3;GRK3;HSPA1L;IGF1R;NEDD4;PARD6G;PIP5K1B;PRKCI;PSD3;SH3KBP1;TGFBR1;WIPF1;WIPF3,1.0,False
KEGG,7,BASAL TRANSCRIPTION FACTORS,0.989052778373215,1,773,36,6576,TAF4B,1.0,False
KEGG,7,ATP-DEPENDENT CHROMATIN REMODELING,0.989661294610494,5,773,94,6576,BCL7A;CECR2;DPF3;H2AC20;MTA3,1.0,False
KEGG,7,RNA DEGRADATION,0.9900374089614159,3,773,68,6576,BTG3;PABPC4L;PABPC5,1.0,False
KEGG,7,PYRUVATE METABOLISM,0.9903466931006623,1,773,37,6576,PCDHB16,1.0,False
KEGG,7,ARGININE AND PROLINE METABOLISM,0.9960002568322991,1,773,44,6576,P4HA3,1.0,False
KEGG,7,OXIDATIVE PHOSPHORYLATION,0.9977232499711984,4,773,97,6576,ATP6V0D2;ATP6V1E2;COX4I2;PTGS2,1.0,False
KEGG,7,GLYCOLYSIS / GLUCONEOGENESIS,0.9987134737332138,1,773,53,6576,G6PC2,1.0,False
KEGG,7,NUCLEOTIDE EXCISION REPAIR,0.9987134737332138,1,773,53,6576,UVSSA,1.0,False
KEGG,7,PARKINSON DISEASE,0.9989118118209239,13,773,219,6576,COX4I2;EIF2AK3;ERN1;ITPR2;LRRK2;MAPK10;PRKN;PTGS2;RYR3;SLC11A2;SLC39A8;SNCAIP;TUBA8,1.0,False
KEGG,7,PROTEIN PROCESSING IN ENDOPLASMIC RETICULUM,0.999063374206201,8,773,160,6576,BCL2;EIF2AK3;ERN1;HSPA1L;MAPK10;PRKN;TUSC3;UGGT2,1.0,False
KEGG,7,MITOPHAGY - ANIMAL,0.9991670881996071,3,773,92,6576,EIF2AK3;MAPK10;PRKN,1.0,False
KEGG,7,UBIQUITIN MEDIATED PROTEOLYSIS,0.9997297255700989,5,773,133,6576,KLHL13;NEDD4;PRKN;RHOBTB1;UBE2E2,1.0,False
KEGG,7,CELL CYCLE,0.9997723120738998,6,773,149,6576,CCND2;CDC14A;CDK6;CDKN2B;PMEPA1;TGFB2,1.0,False
KEGG,7,AMYOTROPHIC LATERAL SCLEROSIS,0.9999987835744442,13,773,301,6576,BCL2;COX4I2;DNAH10;DNAH11;EIF2AK3;ERN1;GPX8;GRIN2D;MAPK13;PFN2;PRKN;PTGS2;TUBA8,1.0,False
KEGG,7,SPLICEOSOME,0.9999997688628852,1,773,121,6576,HSPA1L,1.0,False
KEGG,7,RIBOSOME,0.9999998778754362,1,773,126,6576,NR4A2,1.0,False
KEGG,7,ALPHA-LINOLENIC ACID METABOLISM,1.0,0,773,22,6576,,1.0,False
KEGG,7,AMINOACYL-TRNA BIOSYNTHESIS,1.0,0,773,27,6576,,1.0,False
KEGG,7,ASCORBATE AND ALDARATE METABOLISM,1.0,0,773,14,6576,,1.0,False
KEGG,7,AUTOPHAGY - OTHER,1.0,0,773,30,6576,,1.0,False
KEGG,7,CITRATE CYCLE (TCA CYCLE),1.0,0,773,28,6576,,1.0,False
KEGG,7,COBALAMIN TRANSPORT AND METABOLISM,1.0,0,773,17,6576,,1.0,False
KEGG,7,D-AMINO ACID METABOLISM,1.0,0,773,5,6576,,1.0,False
KEGG,7,DNA REPLICATION,1.0,0,773,33,6576,,1.0,False
KEGG,7,FANCONI ANEMIA PATHWAY,1.0,0,773,44,6576,,1.0,False
KEGG,7,FRUCTOSE AND MANNOSE METABOLISM,1.0,0,773,29,6576,,1.0,False
KEGG,7,GLYOXYLATE AND DICARBOXYLATE METABOLISM,1.0,0,773,29,6576,,1.0,False
KEGG,7,HOMOLOGOUS RECOMBINATION,1.0,0,773,37,6576,,1.0,False
KEGG,7,LINOLEIC ACID METABOLISM,1.0,0,773,22,6576,,1.0,False
KEGG,7,MATURITY ONSET DIABETES OF THE YOUNG,1.0,0,773,22,6576,,1.0,False
KEGG,7,MISMATCH REPAIR,1.0,0,773,21,6576,,1.0,False
KEGG,7,NON-HOMOLOGOUS END-JOINING,1.0,0,773,13,6576,,1.0,False
KEGG,7,NUCLEOCYTOPLASMIC TRANSPORT,1.0,0,773,86,6576,,1.0,False
KEGG,7,PENTOSE PHOSPHATE PATHWAY,1.0,0,773,27,6576,,1.0,False
KEGG,7,PHOSPHONATE AND PHOSPHINATE METABOLISM,1.0,0,773,6,6576,,1.0,False
KEGG,7,PROTEASOME,1.0,0,773,43,6576,,1.0,False
KEGG,7,PROTEIN EXPORT,1.0,0,773,28,6576,,1.0,False
KEGG,7,RIBOSOME BIOGENESIS IN EUKARYOTES,1.0,0,773,66,6576,,1.0,False
KEGG,7,RNA POLYMERASE,1.0,0,773,26,6576,,1.0,False
KEGG,7,SNARE INTERACTIONS IN VESICULAR TRANSPORT,1.0,0,773,31,6576,,1.0,False
KEGG,7,TERPENOID BACKBONE BIOSYNTHESIS,1.0,0,773,20,6576,,1.0,False
KEGG,7,VIRION - HEPATITIS VIRUSES,1.0,0,773,40,6576,,1.0,False
KEGG,7,VIRION - HERPESVIRUS,1.0,0,773,6,6576,,1.0,False
KEGG,7,VITAMIN B6 METABOLISM,1.0,0,773,6,6576,,1.0,False
KEGG,8,CYTOKINE-CYTOKINE RECEPTOR INTERACTION,4.500779302665724e-18,73,829,204,6576,AMHR2;BMP10;BMP15;CCL11;CCL20;CCL22;CCL24;CCL5;CCR2;CCR3;CCR5;CCR8;CCR9;CD40LG;CD70;CNTF;CSF2;CXCL10;CXCL17;CXCR1;CXCR2;CXCR6;EDA;EDAR;EPX;GDF2;GDF3;GDF5;GDF6;IFNE;IL10;IL11;IL12A;IL12B;IL13;IL15;IL17B;IL17C;IL17F;IL19;IL1A;IL1B;IL1F10;IL1R2;IL2;IL20;IL20RB;IL22RA1;IL23A;IL23R;IL24;IL25;IL2RA;IL31RA;IL36A;IL36RN;IL5RA;IL9;INHBC;INHBE;LEP;LIF;MPL;NODAL;PRLR;THPO;TNF;TNFRSF17;TNFRSF19;TNFRSF9;TNFSF15;TNFSF18;XCR1,1.566271197327672e-15,True
KEGG,8,CORNIFIED ENVELOPE FORMATION,3.5042441883377175e-17,59,829,149,6576,ABCA12;ALOXE3;ASPRV1;CASP14;CDSN;CERS3;CLDN10;CLDN14;CLDN16;CLDN17;CLDN18;CLDN2;CLDN23;CLDN25;CLDN3;CLDN6;CLDN7;CLDN8;COL17A1;CYP4F22;DSG3;DSG4;EPHX3;EVPL;HAL;KRT15;KRT16;KRT17;KRT19;KRT2;KRT20;KRT23;KRT25;KRT28;KRT32;KRT35;KRT36;KRT39;KRT4;KRT40;KRT72;KRT75;KRT76;KRT77;KRT79;KRT82;LCE7A;OCLN;PADI1;PADI3;PADI6;PNPLA1;PRSS8;S100A14;S100A3;S100A5;SDR9C7;SPRR4;TGM3,6.097384887707629e-15,True
KEGG,8,NEUROACTIVE LIGAND-RECEPTOR INTERACTION,1.067889853651965e-15,92,829,317,6576,ADRA2B;ADRB3;AGTR2;AGXT;AVPR1B;CALCB;CCKAR;CHRM5;CHRNA2;CHRNA4;CHRNA9;CHRND;CHRNG;CTSG;DRD5;EDN2;EDN3;F2RL1;F2RL2;FSHB;FSHR;GABRP;GABRQ;GABRR1;GABRR2;GALP;GALR2;GALR3;GCG;GCGR;GHRH;GHRHR;GLP2R;GPHA2;GPHB5;GPR156;GPR35;GPR50;GRIN2C;HCRT;HRH4;HTR6;INSL5;LEP;LHCGR;LPAR3;LYPD6;LYPD6B;MC2R;MC3R;MRLN;MTNR1A;MTNR1B;NMS;NMU;NMUR1;NMUR2;NPS;NPSR1;NPVF;NPW;NTSR1;OXTR;P2RX2;P2RY4;PATE1;PATE3;PLG;PMCH;PPY;PRLH;PRLR;PRSS58;PTGER1;PTH2;PTH2R;PYY;RLN3;RXFP2;RXFP4;SCT;SCTR;SLURP1;SSTR5;TAAR1;TAAR9;TAC3;TACR2;TRH;TSHR;UCMA;UCN3,1.2387522302362794e-13,True
KEGG,8,RETINOL METABOLISM,8.823577236359451e-09,18,829,33,6576,ADH6;ADH7;AWAT2;BCO1;CYP1A1;CYP1A2;CYP26C1;CYP2C18;CYP2S1;CYP2W1;DHRS9;HSD17B6;LRAT;RDH12;RDH8;UGT1A1;UGT2A1;UGT2A2,7.676512195632723e-07,True
KEGG,8,FAT DIGESTION AND ABSORPTION,1.644517317837948e-08,20,829,41,6576,ABCG5;ABCG8;APOA1;APOA4;APOB;CLPS;FABP1;FABP2;LIPF;MOGAT2;NPC1L1;PLA2G10;PLA2G12B;PLA2G1B;PLA2G2D;PLA2G2E;PLA2G2F;PLA2G3;PNLIPRP2;SOAT2,1.1445840532152117e-06,True
KEGG,8,MATURITY ONSET DIABETES OF THE YOUNG,2.7789770615823557e-08,14,829,22,6576,BHLHA15;FOXA2;FOXA3;HNF1A;HNF1B;HNF4G;MNX1;NEUROG3;NR5A2;ONECUT1;PAX4;PKLR;RFX6;SLC2A2,1.6118066957177664e-06,True
KEGG,8,BILE SECRETION,3.3854089560846976e-08,25,829,62,6576,ABCB11;ABCC2;ABCG5;ABCG8;AQP8;ATP1A4;ATP1B4;BAAT;CFTR;CYP7A1;FXYD2;NR0B2;NR1H4;SCT;SCTR;SLC10A1;SLC22A1;SLC22A7;SLC22A8;SLC51B;SLC5A1;SLC9A3;UGT1A1;UGT2A1;UGT2A2,1.683031881024964e-06,True
KEGG,8,STEROID HORMONE BIOSYNTHESIS,1.683354796132036e-07,16,829,31,6576,AKR1D1;CYP1A1;CYP1A2;CYP21A2;CYP7A1;CYP7B1;HSD17B2;HSD17B3;HSD17B6;SRD5A2;SULT1E1;SULT2B1;TOMT;UGT1A1;UGT2A1;UGT2A2,7.322593363174356e-06,True
KEGG,8,VIRAL PROTEIN INTERACTION WITH CYTOKINE AND CYTOKINE RECEPTOR,3.587667219317812e-07,23,829,60,6576,CCL11;CCL20;CCL22;CCL24;CCL5;CCR2;CCR3;CCR5;CCR8;CCR9;CXCL10;CXCR1;CXCR2;IL10;IL19;IL2;IL20;IL20RB;IL22RA1;IL24;IL2RA;TNF;XCR1,1.3872313248028872e-05,True
KEGG,8,STAPHYLOCOCCUS AUREUS INFECTION,1.366722737713529e-06,20,829,51,6576,CFB;CFI;FGG;HLA-DQB2;IL10;KRT15;KRT16;KRT17;KRT19;KRT20;KRT23;KRT25;KRT28;KRT32;KRT35;KRT36;KRT39;KRT40;MBL2;PLG,4.7561951272430816e-05,True
KEGG,8,LINOLEIC ACID METABOLISM,2.877783174619055e-06,12,829,22,6576,ALOX15;CYP1A2;PLA2G10;PLA2G12B;PLA2G1B;PLA2G2D;PLA2G2E;PLA2G2F;PLA2G3;PLA2G4D;PLA2G4F;PLB1,8.34557120639526e-05,True
KEGG,8,PHOTOTRANSDUCTION,2.877783174619055e-06,12,829,22,6576,CALML3;CALML4;CNGA1;CNGB1;GNAT1;GNAT2;GNGT1;GRK1;GUCA1B;PDE6A;PDE6G;RGS9BP,8.34557120639526e-05,True
KEGG,8,PROTEIN DIGESTION AND ABSORPTION,5.557126842410132e-06,26,829,83,6576,ACE2;ATP1A4;ATP1B4;COL17A1;COL26A1;COL2A1;COL6A6;COL9A1;CPA1;CPA2;CPA4;CPB1;CPB2;FXYD2;KCNK5;MEP1B;MMP12;PRSS58;SLC15A1;SLC36A2;SLC36A3;SLC3A1;SLC6A19;SLC7A9;SLC9A3;XPNPEP2,0.00014876001085836353,True
KEGG,8,VIRION - HEPATITIS VIRUSES,5.369764261192907e-05,15,829,40,6576,CLDN10;CLDN14;CLDN16;CLDN17;CLDN18;CLDN2;CLDN23;CLDN25;CLDN3;CLDN6;CLDN7;CLDN8;EPCAM;OCLN;SLC10A1,0.0013347699734965225,True
KEGG,8,COMPLEMENT AND COAGULATION CASCADES,6.61039991796884e-05,19,829,59,6576,C8A;C8B;CFB;CFI;CPB2;CXCL10;F12;F13B;F2RL2;F7;F9;FGB;FGG;KLKB1;MBL2;PLG;SERPINC1;SERPIND1;VTN,0.0015336127809687707,True
KEGG,8,PANCREATIC SECRETION,0.00013176086253977926,23,829,82,6576,ATP1A4;ATP1B4;CCKAR;CFTR;CLCA1;CPA1;CPA2;CPA4;CPB1;CPB2;FXYD2;PLA2G10;PLA2G12B;PLA2G1B;PLA2G2D;PLA2G2E;PLA2G2F;PLA2G3;PNLIPRP2;PRSS58;SCT;SCTR;SLC26A3,0.002865798760240199,True
KEGG,8,ALPHA-LINOLENIC ACID METABOLISM,0.00014870269441212677,10,829,22,6576,PLA2G10;PLA2G12B;PLA2G1B;PLA2G2D;PLA2G2E;PLA2G2F;PLA2G3;PLA2G4D;PLA2G4F;PLB1,0.0029532903112355975,True
KEGG,8,VITAMIN DIGESTION AND ABSORPTION,0.0001527563954087378,11,829,26,6576,APOA1;APOA4;APOB;AWAT2;CBLIF;CUBN;FOLH1;LRAT;PLB1;SLC23A1;SP8,0.0029532903112355975,True
KEGG,8,CHOLESTEROL METABOLISM,0.00032878276397673475,15,829,46,6576,ABCB11;ABCG5;ABCG8;ANGPTL3;APOA1;APOA2;APOA4;APOB;APOC2;APOH;CYP7A1;LIPC;LRP2;PCSK9;SOAT2,0.006015290014011749,True
KEGG,8,THYROID HORMONE SYNTHESIS,0.0003457063226443534,19,829,66,6576,ASGR2;ATP1A4;ATP1B4;CREB3L3;CREB3L4;DUOX1;DUOX2;DUOXA2;FXYD2;GPX2;IYD;LRP2;PAX8;SERPINA7;SLC26A4;SLC5A5;TG;TSHR;TTR,0.006015290014011749,True
KEGG,8,MINERAL ABSORPTION,0.0004276153524932154,15,829,47,6576,ATP1A4;ATP1B4;FXYD2;HEPHL1;S100G;SLC26A3;SLC26A9;SLC34A1;SLC34A2;SLC5A1;SLC6A19;SLC9A3;TF;TRPM6;TRPV6,0.007086197269887569,True
KEGG,8,ASTHMA,0.0005250837151750933,8,829,17,6576,CCL11;CD40LG;EPX;HLA-DQB2;IL10;IL13;IL9;TNF,0.008225049600082178,True
KEGG,8,TASTE TRANSDUCTION,0.0005436096000054313,18,829,63,6576,GNAT3;HTR3B;KCNK5;P2RX2;P2RY4;PKD2L1;SCNN1B;SCNN1G;TAS1R2;TAS2R16;TAS2R3;TAS2R38;TAS2R39;TAS2R40;TAS2R41;TAS2R60;TAS2R7;TRPM5,0.008225049600082178,True
KEGG,8,METABOLISM OF XENOBIOTICS BY CYTOCHROME P450,0.000669990401186624,11,829,30,6576,ADH6;ADH7;CYP1A1;CYP1A2;CYP2F1;CYP2S1;GSTT4;HPGDS;UGT1A1;UGT2A1;UGT2A2,0.009714860817206048,True
KEGG,8,PPAR SIGNALING PATHWAY,0.0008187859957327738,18,829,65,6576,ACADL;ACOX2;APOA1;APOA2;APOA5;CYP7A1;CYP8B1;EHHADH;FABP1;FABP2;FABP6;GK2;HMGCS2;PCK1;SLC27A2;SLC27A6;SORBS1;UCP1,0.011290664505664457,True
KEGG,8,ABC TRANSPORTERS,0.0008435553941013676,13,829,40,6576,ABCA12;ABCA13;ABCA4;ABCB11;ABCB5;ABCC12;ABCC2;ABCC6;ABCG5;ABCG8;CFTR;SEC14L2;SEC14L3,0.011290664505664457,True
KEGG,8,ARACHIDONIC ACID METABOLISM,0.0011206561419063274,14,829,46,6576,ALOX15;ALOXE3;HPGD;HPGDS;PLA2G10;PLA2G12B;PLA2G1B;PLA2G2D;PLA2G2E;PLA2G2F;PLA2G3;PLA2G4D;PLA2G4F;PLB1,0.014306591400215223,True
KEGG,8,JAK-STAT SIGNALING PATHWAY,0.0011511050551897305,28,829,123,6576,CNTF;CSF2;EPX;IFNE;IL10;IL11;IL12A;IL12B;IL13;IL15;IL19;IL2;IL20;IL20RB;IL22RA1;IL22RA2;IL23A;IL23R;IL24;IL2RA;IL31RA;IL5RA;IL9;LEP;LIF;MPL;PRLR;THPO,0.014306591400215223,True
KEGG,8,CHEMICAL CARCINOGENESIS - DNA ADDUCTS,0.001721405237681544,9,829,24,6576,CYP1A1;CYP1A2;CYP2C18;GSTT4;HPGDS;SLC38A3;UGT1A1;UGT2A1;UGT2A2,0.02065686285217853,True
KEGG,8,RENIN-ANGIOTENSIN SYSTEM,0.001922310554350062,8,829,20,6576,ACE2;AGTR2;AGXT;CMA1;CPA4;CTSG;ENPEP;MMP12,0.02229880243046072,True
KEGG,8,HORMONE SIGNALING,0.0022005485659248717,39,829,196,6576,ADRA2B;ADRB3;AGTR2;AGXT;AMHR2;AVPR1B;CALCB;CCKAR;DRD5;EPX;FSHB;FSHR;GAST;GCG;GCGR;GHRH;GHRHR;GNGT1;GUCA2A;GUCA2B;GUCY2C;HCRT;HEPHL1;LEP;LHCGR;MC2R;MC3R;MPL;MRLN;NPPA;OXTR;PMCH;PRLH;PRLR;SSTR5;THPO;TRH;TSHR;UCN3,0.024502146789600304,True
KEGG,8,TRYPTOPHAN METABOLISM,0.0022530709691586485,12,829,39,6576,AADAT;ACMSD;ALDH8A1;CYP1A1;CYP1A2;DDC;EHHADH;GLYAT;HAAO;IDO2;SOAT2;TDO2,0.024502146789600304,True
KEGG,8,TYROSINE METABOLISM,0.002683805519553359,10,829,30,6576,ADH6;ADH7;DDC;GOLT1A;GOT1L1;HGD;HPD;TOMT;TYR;TYRP1,0.02810029094274508,True
KEGG,8,ARGININE BIOSYNTHESIS,0.0027669266307205113,8,829,21,6576,ACOD1;ARG2;GLS2;GOLT1A;GOT1L1;NAGS;NANOS2;OTC,0.02810029094274508,True
KEGG,8,"GLYCINE, SERINE AND THREONINE METABOLISM",0.0028261786867703385,11,829,35,6576,AGXT;AGXT2;CHDH;DAO;DMGDH;GLDC;GNMT;PIPOX;SARDH;SDSL;VSIG2,0.02810029094274508,True
KEGG,8,ALLOGRAFT REJECTION,0.0030507412644849878,7,829,17,6576,CD40LG;HLA-DQB2;IL10;IL12A;IL12B;IL2;TNF,0.02949049889002155,True
KEGG,8,AFRICAN TRYPANOSOMIASIS,0.0043506086125660965,9,829,27,6576,APOA1;F2RL1;IDO2;IL10;IL12A;IL12B;IL1B;NPPA;TNF,0.04091923776143248,True
KEGG,8,GRAFT-VERSUS-HOST DISEASE,0.004822082020219965,6,829,14,6576,HLA-DQB2;IL1A;IL1B;IL2;KLRD1;TNF,0.044160119553593356,True
KEGG,8,HEMATOPOIETIC CELL LINEAGE,0.005700840750580228,16,829,65,6576,CSF2;DNTT;EPX;GP5;GP9;HLA-DQB2;IL11;IL1A;IL1B;IL1R2;IL2RA;IL5RA;MMP12;MS4A1;THPO;TNF,0.04966623339623371,True
KEGG,8,DRUG METABOLISM - CYTOCHROME P450,0.005708762459337208,9,829,28,6576,ADH6;ADH7;CYP1A2;FMO3;GSTT4;HPGDS;UGT1A1;UGT2A1;UGT2A2,0.04966623339623371,True
KEGG,8,SYSTEMIC LUPUS ERYTHEMATOSUS,0.006706564692446953,12,829,44,6576,C8A;C8B;CD40LG;CTSG;CXCL10;ELANE;H2AC1;H2BC1;H3-4;HLA-DQB2;IL10;TNF,0.05692401251150097,False
KEGG,8,CARBOHYDRATE DIGESTION AND ABSORPTION,0.007080526425401812,11,829,39,6576,ATP1A4;ATP1B4;FXYD2;GNAT3;HKDC1;MGAM;MGAM2;PMEL;SLC2A2;SLC5A1;TAS1R2,0.0586672189533293,False
KEGG,8,INTESTINAL IMMUNE NETWORK FOR IGA PRODUCTION,0.007372065349994951,9,829,29,6576,AICDA;CCR9;CD40LG;HLA-DQB2;IL10;IL15;IL2;PIGR;TNFRSF17,0.059439407533539546,False
KEGG,8,INFLAMMATORY BOWEL DISEASE,0.007515327389298104,13,829,50,6576,FOXP3;HLA-DQB2;IL10;IL12A;IL12B;IL13;IL17F;IL1A;IL1B;IL2;IL23A;IL23R;TNF,0.059439407533539546,False
KEGG,8,PRIMARY BILE ACID BIOSYNTHESIS,0.010300250343373991,6,829,16,6576,ACOX2;AKR1D1;BAAT;CYP7A1;CYP7B1;CYP8B1,0.07965526932209219,False
KEGG,8,PROXIMAL TUBULE BICARBONATE RECLAMATION,0.01160457002836312,7,829,21,6576,ATP1A4;ATP1B4;FXYD2;GLS2;PCK1;SLC38A3;SLC9A3,0.08627938547405771,False
KEGG,8,ETHER LIPID METABOLISM,0.011652675624369863,12,829,47,6576,GAL3ST1;PLA2G10;PLA2G12B;PLA2G1B;PLA2G2D;PLA2G2E;PLA2G2F;PLA2G3;PLA2G4D;PLA2G4F;PLA2G7;PLB1,0.08627938547405771,False
KEGG,8,D-AMINO ACID METABOLISM,0.016395650140177038,3,829,5,6576,DAO;DDO;GLS2,0.11886846351628352,False
KEGG,8,TYPE I DIABETES MELLITUS,0.019549277197574263,7,829,23,6576,HLA-DQB2;IL12A;IL12B;IL1A;IL1B;IL2;TNF,0.13883976458685396,False
KEGG,8,ASCORBATE AND ALDARATE METABOLISM,0.023692699203256794,5,829,14,6576,MIOX;RGN;UGT1A1;UGT2A1;UGT2A2,0.16166782985751696,False
KEGG,8,PHENYLALANINE METABOLISM,0.023692699203256794,5,829,14,6576,DDC;GOLT1A;GOT1L1;HPD;PAH,0.16166782985751696,False
KEGG,8,ONE CARBON POOL BY FOLATE,0.028490481821767374,8,829,30,6576,CHDH;DMGDH;FTCD;GLDC;GNMT;MAT1A;SARDH;VSIG2,0.19066707065336627,False
KEGG,8,"PHENYLALANINE, TYROSINE AND TRYPTOPHAN BIOSYNTHESIS",0.029743377064732842,3,829,6,6576,GOLT1A;GOT1L1;PAH,0.19529613619862318,False
KEGG,8,PENTOSE AND GLUCURONATE INTERCONVERSIONS,0.03194320220510572,5,829,15,6576,SORD;UGT1A1;UGT2A1;UGT2A2;XYLB,0.20326688584669794,False
KEGG,8,AUTOIMMUNE THYROID DISEASE,0.03212551356772525,6,829,20,6576,CD40LG;HLA-DQB2;IL10;IL2;TG;TSHR,0.20326688584669794,False
KEGG,8,PRIMARY IMMUNODEFICIENCY,0.03430352152374036,8,829,31,6576,AICDA;AIRE;BLNK;CD40LG;RAG1;RAG2;SEC14L2;SEC14L3,0.21317188375467225,False
KEGG,8,PYRUVATE METABOLISM,0.03653778951581132,9,829,37,6576,ACOT12;ADH6;ADH7;LDHAL6B;LDHC;PCK1;PDHA2;PKLR;SOAT2,0.22307282020179542,False
KEGG,8,RHEUMATOID ARTHRITIS,0.03722286288710793,14,829,67,6576,ATP6V0A4;ATP6V1B1;ATP6V1G3;CCL20;CCL5;CSF2;HLA-DQB2;IL11;IL15;IL17F;IL1A;IL1B;IL23A;TNF,0.2233371773226476,False
KEGG,8,CAMP SIGNALING PATHWAY,0.043335634650161874,35,829,208,6576,ADCY10;ATP1A4;ATP1B4;CACNA1F;CALML3;CALML4;CFTR;CNGA1;CNGA2;CNGA3;CNGB1;CNGB3;CREB3L3;CREB3L4;DRD5;EDN2;EDN3;FFAR2;FSHB;FSHR;FXYD2;GCG;GPHA2;GPHB5;GRIN2C;HTR6;LHCGR;MC2R;NPPA;OXTR;POPDC3;SSTR5;SUCNR1;TNNI3;TSHR,0.25560679420773447,False
KEGG,8,"ALANINE, ASPARTATE AND GLUTAMATE METABOLISM",0.056380125359543676,8,829,34,6576,ACOD1;AGXT;AGXT2;DDO;FOLH1;GLS2;GOLT1A;GOT1L1,0.32482855360312096,False
KEGG,8,CYSTEINE AND METHIONINE METABOLISM,0.056938338418937876,10,829,46,6576,AGXT2;GNMT;GOLT1A;GOT1L1;LDHAL6B;LDHC;MAT1A;SDSL;SRMS;VSIG2,0.32482855360312096,False
KEGG,8,ESTROGEN SIGNALING PATHWAY,0.06256563987498386,21,829,118,6576,CALML3;CALML4;CREB3L3;CREB3L4;GREB1;KRT15;KRT16;KRT17;KRT19;KRT20;KRT23;KRT25;KRT28;KRT32;KRT35;KRT36;KRT39;KRT40;PGR;TFF1;TGFA,0.34547036270228826,False
KEGG,8,GLYCOLYSIS / GLUCONEOGENESIS,0.06310874413369834,11,829,53,6576,ADH6;ADH7;ALDOB;ENO4;HKDC1;LDHAL6B;LDHC;PCK1;PDHA2;PGK2;PKLR,0.34547036270228826,False
KEGG,8,GLYOXYLATE AND DICARBOXYLATE METABOLISM,0.06398114003140454,7,829,29,6576,AGXT;AGXT2;GLDC;GLYAT;HAO1;HAO2;SOAT2,0.34547036270228826,False
KEGG,8,DRUG METABOLISM - OTHER ENZYMES,0.06452751027485269,10,829,47,6576,DPYS;GSTT4;MPO;SLC38A3;UGT1A1;UGT2A1;UGT2A2;UPB1;UPP2;XDH,0.34547036270228826,False
KEGG,8,SIGNALING PATHWAYS REGULATING PLURIPOTENCY OF STEM CELLS,0.08413347683291168,22,829,129,6576,DLX5;DUSP9;ESRRB;FZD10;HESX1;HOXA1;HOXB1;INHBC;INHBE;LIF;MYF5;NEUROG1;NODAL;ONECUT1;OTX1;WNT1;WNT16;WNT3A;WNT7A;WNT8A;WNT8B;WNT9B,0.43995406790811625,False
KEGG,8,COLLECTING DUCT ACID SECRETION,0.0854826407473392,6,829,25,6576,ATP4A;ATP4B;ATP6V0A4;ATP6V1B1;ATP6V1G3;SLC4A1,0.43995406790811625,False
KEGG,8,MOTOR PROTEINS,0.08596803625790778,28,829,171,6576,BICDL2;CAPZA3;DNAH12;DNAH3;DNAH6;DNAH8;DNAI1;DNAI2;DNAI3;DNAI4;DNALI1;DYNLRB2;DYNLT4;KIF12;KIF19;KLC3;MYH13;MYL10;MYL2;MYL3;MYL7;MYO1A;MYO3B;MYO7B;TNNI3;TNNT2;TUBA3C;TUBAL3,0.43995406790811625,False
KEGG,8,TAURINE AND HYPOTAURINE METABOLISM,0.0893167000494782,4,829,14,6576,BAAT;FMO3;GADL1;GGT6,0.4504668350321509,False
KEGG,8,ARGININE AND PROLINE METABOLISM,0.09443146366704261,9,829,44,6576,AGMAT;ARG2;DAO;GOLT1A;GOT1L1;NANOS2;PRODH2;SLC25A21;SRMS,0.46945927651615466,False
KEGG,8,OVARIAN STEROIDOGENESIS,0.09734724541458031,8,829,38,6576,BMP15;CYP1A1;FSHB;FSHR;HSD17B2;LHCGR;PLA2G4D;PLA2G4F,0.4760522707773398,False
KEGG,8,AMOEBIASIS,0.0990066240614008,14,829,77,6576,ARG2;C8A;C8B;CSF2;CTSG;IL10;IL12A;IL12B;IL1B;IL1R2;NANOS2;SERPINB10;SERPINB13;TNF,0.4760522707773398,False
KEGG,8,STARCH AND SUCROSE METABOLISM,0.09986153955961438,6,829,26,6576,GYS2;HKDC1;MGAM;MGAM2;PMEL;TREH,0.4760522707773398,False
KEGG,8,GASTRIC ACID SECRETION,0.11051844205542698,12,829,65,6576,ATP1A4;ATP1B4;ATP4A;ATP4B;CALML3;CALML4;CFTR;GAST;KCNJ1;KCNK10;MYLK2;SLC9A4,0.5197353761525485,False
KEGG,8,ALDOSTERONE-REGULATED SODIUM REABSORPTION,0.12788916548955304,7,829,34,6576,ATP1A4;ATP1B4;FXYD2;FXYD4;KCNJ1;SCNN1B;SCNN1G,0.5934057278715261,False
KEGG,8,VASCULAR SMOOTH MUSCLE CONTRACTION,0.14630846357789795,19,829,117,6576,AGXT;AVPR1B;CACNA1F;CALCB;CALML3;CALML4;EDN2;EDN3;MYLK2;NPPA;PLA2G10;PLA2G12B;PLA2G1B;PLA2G2D;PLA2G2E;PLA2G2F;PLA2G3;PLA2G4D;PLA2G4F,0.6699387542777432,False
KEGG,8,FRUCTOSE AND MANNOSE METABOLISM,0.14990756906037914,6,829,29,6576,ALDOB;GMDS;HKDC1;KHK;PFKFB1;SORD,0.6775043380910641,False
KEGG,8,IL-17 SIGNALING PATHWAY,0.15476469663959685,13,829,76,6576,CCL11;CCL20;CSF2;CXCL10;IL13;IL17B;IL17C;IL17F;IL1B;IL25;LCN2;MMP13;TNF,0.6834094321626548,False
KEGG,8,BUTANOATE METABOLISM,0.1551417963817521,5,829,23,6576,ACSM1;ACSM3;EHHADH;HMGCS2;SOAT2,0.6834094321626548,False
KEGG,8,TIGHT JUNCTION,0.17544175384546076,23,829,149,6576,CFTR;CGN;CLDN10;CLDN14;CLDN16;CLDN17;CLDN18;CLDN2;CLDN23;CLDN25;CLDN3;CLDN6;CLDN7;CLDN8;CRB3;EPB41L4B;MARVELD2;MARVELD3;MYL2;OCLN;PRKAG3;TUBA3C;TUBAL3,0.7631716292277543,False
KEGG,8,GLUCAGON SIGNALING PATHWAY,0.18845975701497375,15,829,93,6576,CALML3;CALML4;CREB3L3;CREB3L4;GCG;GCGR;GYS2;LDHAL6B;LDHC;PCK1;PDHA2;PFKFB1;PPP3R2;PRKAG3;SLC2A2,0.8096789560643317,False
KEGG,8,NICOTINE ADDICTION,0.19537804173405915,7,829,38,6576,CHRNA4;GABRP;GABRQ;GABRR1;GABRR2;GRIN2C;SLC17A8,0.8291653478469828,False
KEGG,8,PEROXISOME,0.20244709652571727,13,829,80,6576,ACOX2;AGXT;BAAT;DAO;DDO;EHHADH;GLYAT;HAO1;HAO2;NANOS2;PIPOX;SLC27A2;XDH,0.8419860425979345,False
KEGG,8,PERTUSSIS,0.20323801028226007,10,829,59,6576,CALML3;CALML4;IL10;IL12A;IL12B;IL1A;IL1B;IL23A;NANOS2;TNF,0.8419860425979345,False
KEGG,8,HISTIDINE METABOLISM,0.21087262777536475,4,829,19,6576,AMDHD1;FTCD;HAL;UROC1,0.8633373466567874,False
KEGG,8,GALACTOSE METABOLISM,0.22359286127398106,5,829,26,6576,HKDC1;LALBA;MGAM;MGAM2;PMEL,0.9046197105003823,False
KEGG,8,MELANOGENESIS,0.22615492762509556,14,829,89,6576,CALML3;CALML4;CREB3L3;CREB3L4;FZD10;TYR;TYRP1;WNT1;WNT16;WNT3A;WNT7A;WNT8A;WNT8B;WNT9B,0.9046197105003823,False
KEGG,8,CORTISOL SYNTHESIS AND SECRETION,0.23478059382285496,9,829,54,6576,AGXT;CACNA1F;CREB3L3;CREB3L4;CYP21A2;ENTHD1;MC2R;NR0B1;NR5A1,0.9250315836001278,False
KEGG,8,FOLATE TRANSPORT AND METABOLISM,0.23923230610348134,4,829,20,6576,ABCC2;FOLH1;SLC22A6;SLC22A8,0.9250315836001278,False
KEGG,8,PANTOTHENATE AND COA BIOSYNTHESIS,0.23923230610348134,4,829,20,6576,DPYS;GADL1;UPB1;VNN1,0.9250315836001278,False
KEGG,8,PENTOSE PHOSPHATE PATHWAY,0.24817598230578056,5,829,27,6576,ALDOB;PRPS1L1;RGN;TKTL1;TKTL2,0.945239051508391,False
KEGG,8,RENIN SECRETION,0.24989078373210338,10,829,62,6576,ADRB3;AGXT;CACNA1F;CALML3;CALML4;CLCA1;EDN2;EDN3;NPPA;PPP3R2,0.945239051508391,False
KEGG,8,LEUKOCYTE TRANSENDOTHELIAL MIGRATION,0.2697693273759866,16,829,107,6576,CLDN10;CLDN14;CLDN16;CLDN17;CLDN18;CLDN2;CLDN23;CLDN25;CLDN3;CLDN6;CLDN7;CLDN8;MYL10;MYL2;MYL7;OCLN,1.0,False
KEGG,8,MUCIN TYPE O-GLYCAN BIOSYNTHESIS,0.2734034377652294,5,829,28,6576,B3GNT3;B3GNT6;GALNTL5;GCNT3;ST6GALNAC1,1.0,False
KEGG,8,BIOSYNTHESIS OF UNSATURATED FATTY ACIDS,0.29814232030638577,4,829,22,6576,BAAT;ELOVL3;ELOVL6;MUSK,1.0,False
KEGG,8,C-TYPE LECTIN RECEPTOR SIGNALING PATHWAY,0.3073348659829586,14,829,95,6576,CALML3;CALML4;CCL22;CLEC1B;CLEC4D;CLEC6A;IL10;IL12A;IL12B;IL1B;IL2;IL23A;PPP3R2;TNF,1.0,False
KEGG,8,GLUTATHIONE METABOLISM,0.31577185618006515,7,829,44,6576,CHAC1;GGT6;GPX2;GSTT4;HPGDS;SLC25A21;SRMS,1.0,False
KEGG,8,ALDOSTERONE SYNTHESIS AND SECRETION,0.3202323580971382,12,829,81,6576,AGXT;ATP1A4;ATP1B4;CACNA1F;CALML3;CALML4;CREB3L3;CREB3L4;CYP21A2;ENTHD1;MC2R;NPPA,1.0,False
KEGG,8,CHEMICAL CARCINOGENESIS - RECEPTOR ACTIVATION,0.3530708492235485,22,829,159,6576,ADRB3;AIPL1;CACNA1F;CHRNA4;CHRNA9;CREB3L3;CREB3L4;CYP1A1;CYP1A2;EPHX3;FGF3;FGF4;FGF8;GSTT4;KPNA7;NR1I3;PAQR5;PGR;UGT1A1;UGT2A1;UGT2A2;WNT1,1.0,False
KEGG,8,CELL ADHESION MOLECULE (CAM) INTERACTION,0.3543744254701658,17,829,121,6576,CD40LG;CLDN10;CLDN14;CLDN16;CLDN17;CLDN18;CLDN2;CLDN23;CLDN25;CLDN3;CLDN6;CLDN7;CLDN8;HLA-DQB2;LRRC4;OCLN;VTCN1,1.0,False
KEGG,8,BASAL CELL CARCINOMA,0.36074084890908314,9,829,61,6576,FZD10;SHH;WNT1;WNT16;WNT3A;WNT7A;WNT8A;WNT8B;WNT9B,1.0,False
KEGG,8,NITROGEN METABOLISM,0.36430288366798746,3,829,17,6576,CA1;CA5A;CA6,1.0,False
KEGG,8,INFLUENZA A,0.3900782909036419,16,829,116,6576,CCL5;CXCL10;HLA-DQB2;IL12A;IL12B;IL1A;IL1B;KPNA7;PABPN1L;PLG;PRSS58;SLC25A31;TMPRSS11D;TMPRSS2;TMPRSS4;TNF,1.0,False
KEGG,8,SALIVARY SECRETION,0.39845610967095135,9,829,63,6576,ADRB3;ATP1A4;ATP1B4;BEST2;CALML3;CALML4;FXYD2;LPO;TRPV6,1.0,False
KEGG,8,CALCIUM SIGNALING PATHWAY,0.4117883577706545,31,829,234,6576,ADRB3;AVPR1B;CACNA1F;CALML3;CALML4;CCKAR;CHRM5;DRD5;ENTHD1;ERBB3;FGF21;FGF23;FGF3;FGF4;FGF8;GRIN2C;HTR6;LHCGR;MRLN;MYLK2;NANOS2;NTSR1;OXTR;P2RX2;PPP3R2;PTGER1;SLC25A31;TACR2;TGFA;TNNI3;VEGFD,1.0,False
KEGG,8,LIPOIC ACID METABOLISM,0.4359990330991654,3,829,19,6576,ACSM1;GLDC;PDHA2,1.0,False
KEGG,8,STEROID BIOSYNTHESIS,0.4359990330991654,3,829,19,6576,CYP24A1;SOAT2;SQLE,1.0,False
KEGG,8,"PARATHYROID HORMONE SYNTHESIS, SECRETION AND ACTION",0.43979111703087537,14,829,104,6576,CASR;CREB3L3;CREB3L4;CYP24A1;FGF23;GCM1;GCM2;MMP13;SLC12A3;SLC34A1;SLC34A2;SOST;TRPV5;WNK4,1.0,False
KEGG,8,GASTRIC CANCER,0.45075713048111055,18,829,136,6576,CDH17;CDX2;FGF21;FGF23;FGF3;FGF4;FGF8;FZD10;REG4;SHH;TERT;WNT1;WNT16;WNT3A;WNT7A;WNT8A;WNT8B;WNT9B,1.0,False
KEGG,8,LEISHMANIASIS,0.4507600834477405,8,829,58,6576,HLA-DQB2;IL10;IL12A;IL12B;IL1A;IL1B;NANOS2;TNF,1.0,False
KEGG,8,CARDIAC MUSCLE CONTRACTION,0.47649663952944804,10,829,75,6576,ATP1A4;ATP1B4;CACNA1F;CACNG5;COX7B2;FXYD2;MYL2;MYL3;TNNI3;TNNT2,1.0,False
KEGG,8,INSULIN SECRETION,0.47649663952944804,10,829,75,6576,ATP1A4;ATP1B4;CACNA1F;CCKAR;CREB3L3;CREB3L4;FFAR1;FXYD2;GCG;SLC2A2,1.0,False
KEGG,8,PORPHYRIN METABOLISM,0.47760822268425984,4,829,28,6576,HEPHL1;UGT1A1;UGT2A1;UGT2A2,1.0,False
KEGG,8,FATTY ACID DEGRADATION,0.48219858861586407,5,829,36,6576,ACADL;ADH6;ADH7;EHHADH;SOAT2,1.0,False
KEGG,8,GLYCOSAMINOGLYCAN BIOSYNTHESIS - KERATAN SULFATE,0.5013976980772099,2,829,13,6576,B3GNT7;CHST4,1.0,False
KEGG,8,CUSHING SYNDROME,0.5029486265373334,18,829,140,6576,AGXT;AIPL1;CACNA1F;CDKN2A;CREB3L3;CREB3L4;CYP21A2;ENTHD1;FZD10;MC2R;NR5A1;WNT1;WNT16;WNT3A;WNT7A;WNT8A;WNT8B;WNT9B,1.0,False
KEGG,8,BETA-ALANINE METABOLISM,0.5061644593144767,4,829,29,6576,DPYS;EHHADH;GADL1;UPB1,1.0,False
KEGG,8,MALARIA,0.5074173084432697,5,829,37,6576,CD40LG;IL10;IL12A;IL1B;TNF,1.0,False
KEGG,8,OLFACTORY TRANSDUCTION,0.5074173084432697,5,829,37,6576,CALML3;CALML4;CNGA2;CNGA3;CNGB1,1.0,False
KEGG,8,NEUROACTIVE LIGAND SIGNALING,0.529422279506699,23,829,182,6576,ADRA2B;AGRP;CHRM5;CHRNA4;DRD5;GABRP;GABRQ;GABRR1;GABRR2;GNGT1;GRIN2C;HTR3B;HTR6;MC3R;P2RX2;P2RY4;SLC17A8;SLC18A1;SLC18A3;SLC1A7;SLC6A2;TAC3;TACR2,1.0,False
KEGG,8,AMPHETAMINE ADDICTION,0.5294551932768774,8,829,62,6576,CALML3;CALML4;CREB3L3;CREB3L4;DDC;GRIN2C;PPP3R2;SLC18A1,1.0,False
KEGG,8,COCAINE ADDICTION,0.5308919654659111,6,829,46,6576,CREB3L3;CREB3L4;DDC;GRIN2C;RGS9BP;SLC18A1,1.0,False
KEGG,8,ANTIGEN PROCESSING AND PRESENTATION,0.5321297535910499,5,829,38,6576,HLA-DQB2;KLRD1;SEC14L2;SEC14L3;TNF,1.0,False
KEGG,8,HYPERTROPHIC CARDIOMYOPATHY,0.5594226320691633,12,829,96,6576,AGXT;CACNA1F;CACNG5;MYBPC3;MYL2;MYL3;PRKAG3;SGCG;TNF;TNNI3;TNNT2;TTR,1.0,False
KEGG,8,ADRENERGIC SIGNALING IN CARDIOMYOCYTES,0.5802755114422977,17,829,138,6576,AGTR2;AGXT;ATP1A4;ATP1B4;CACNA1F;CACNG5;CALML3;CALML4;CREB3L3;CREB3L4;FXYD2;MYL2;MYL3;POPDC3;SCN5A;TNNI3;TNNT2,1.0,False
KEGG,8,FATTY ACID ELONGATION,0.6268844167152491,3,829,25,6576,ELOVL3;ELOVL6;THEM5,1.0,False
KEGG,8,SYNAPTIC VESICLE CYCLE,0.6322639351372026,9,829,76,6576,ATP6V0A4;ATP6V1B1;ATP6V1G3;CPLX4;SLC17A8;SLC18A1;SLC18A3;SLC1A7;SLC6A2,1.0,False
KEGG,8,HEPATITIS C,0.6354738572293119,15,829,126,6576,CLDN10;CLDN14;CLDN16;CLDN17;CLDN18;CLDN2;CLDN23;CLDN25;CLDN3;CLDN6;CLDN7;CLDN8;CXCL10;OCLN;TNF,1.0,False
KEGG,8,FOLATE BIOSYNTHESIS,0.6510102954102632,2,829,17,6576,MOCOS;PAH,1.0,False
KEGG,8,GLYCOSAMINOGLYCAN DEGRADATION,0.6510102954102632,2,829,17,6576,HPSE2;HYAL4,1.0,False
KEGG,8,ENDOCRINE AND OTHER FACTOR-REGULATED CALCIUM REABSORPTION,0.6666273803893983,5,829,44,6576,ATP1A4;ATP1B4;CALB1;FXYD2;TRPV5,1.0,False
KEGG,8,PURINE METABOLISM,0.6689054343258363,13,829,112,6576,ADCY10;AK8;AMPD1;ENTPD8;GDA;GUCY2C;PDE6A;PDE6C;PDE6G;PDE6H;PPY;PRPS1L1;XDH,1.0,False
KEGG,8,WNT SIGNALING PATHWAY,0.6833678238746842,18,829,155,6576,CER1;DKK1;DKK4;FZD10;MMP7;NOTUM;PPP3R2;RSPO1;SOST;TLE7;WIF1;WNT1;WNT16;WNT3A;WNT7A;WNT8A;WNT8B;WNT9B,1.0,False
KEGG,8,GLYCEROPHOSPHOLIPID METABOLISM,0.7062608984192686,11,829,98,6576,PLA1A;PLA2G10;PLA2G12B;PLA2G1B;PLA2G2D;PLA2G2E;PLA2G2F;PLA2G3;PLA2G4D;PLA2G4F;PLB1,1.0,False
KEGG,8,GLYCEROLIPID METABOLISM,0.708776219384467,6,829,55,6576,GK2;LIPC;LIPF;MOGAT1;MOGAT2;PNLIPRP2,1.0,False
KEGG,8,BIOSYNTHESIS OF VARIOUS NUCLEOTIDE SUGARS,0.7113100997989383,2,829,19,6576,GMDS;NPL,1.0,False
KEGG,8,DILATED CARDIOMYOPATHY,0.7190046984990228,11,829,99,6576,AGXT;CACNA1F;CACNG5;MYBPC3;MYL2;MYL3;SGCG;TNF;TNNI3;TNNT2;TTR,1.0,False
KEGG,8,TERPENOID BACKBONE BIOSYNTHESIS,0.7380420472035727,2,829,20,6576,HMGCS2;SOAT2,1.0,False
KEGG,8,CHEMOKINE SIGNALING PATHWAY,0.7392475376540236,17,829,152,6576,CCL11;CCL20;CCL22;CCL24;CCL5;CCR2;CCR3;CCR5;CCR8;CCR9;CXCL10;CXCR1;CXCR2;CXCR6;GNGT1;GRK1;XCR1,1.0,False
KEGG,8,INSULIN RESISTANCE,0.7550720855944875,11,829,102,6576,AGXT;CREB3L3;CREB3L4;GYS2;PCK1;PPP1R3A;PRKAG3;SLC27A2;SLC27A6;SLC2A2;TNF,1.0,False
KEGG,8,SPHINGOLIPID METABOLISM,0.7573726775550332,5,829,49,6576,ACER1;CERS3;ENPP7;GAL3ST1;PSAPL1,1.0,False
KEGG,8,TUBERCULOSIS,0.7597600492124101,15,829,137,6576,ATP6V0A4;CALML3;CALML4;HLA-DQB2;IL10;IL12A;IL12B;IL1A;IL1B;IL23A;LBP;NANOS2;PPP3R2;TLR1;TNF,1.0,False
KEGG,8,TRANSCRIPTIONAL MISREGULATION IN CANCER,0.7677154145174457,17,829,155,6576,CCNA1;CEBPE;CSF2;ELANE;ETV4;FEV;H3-4;HMGA2;HOXA10;HPGD;IL1R2;MPO;PAX8;PROM1;TMPRSS2;WNT16;WT1,1.0,False
KEGG,8,PROPANOATE METABOLISM,0.7682890330726756,3,829,31,6576,EHHADH;LDHAL6B;LDHC,1.0,False
KEGG,8,THIAMINE METABOLISM,0.7731447891667296,1,829,11,6576,AK8,1.0,False
KEGG,8,SEROTONERGIC SYNAPSE,0.7750121595827842,10,829,95,6576,ALOX15;CACNA1F;CYP2C18;DDC;GNGT1;HTR3B;HTR6;PLA2G4D;PLA2G4F;SLC18A1,1.0,False
KEGG,8,VARIOUS TYPES OF N-GLYCAN BIOSYNTHESIS,0.7776959977035619,4,829,41,6576,CHST9;MGAT4D;MOGAT1;MOGAT2,1.0,False
KEGG,8,INFLAMMATORY MEDIATOR REGULATION OF TRP CHANNELS,0.7847319172985735,9,829,87,6576,ASIC5;CALML3;CALML4;F2RL1;IL1B;PLA2G4D;PLA2G4F;TRPA1;TRPM8,1.0,False
KEGG,8,HEDGEHOG SIGNALING PATHWAY,0.7880232798353601,5,829,51,6576,DHH;HHAT;IHH;LRP2;SHH,1.0,False
KEGG,8,PYRIMIDINE METABOLISM,0.7880232798353601,5,829,51,6576,ACOD1;DPYS;ENTPD8;UPB1;UPP2,1.0,False
KEGG,8,RIG-I-LIKE RECEPTOR SIGNALING PATHWAY,0.7880232798353601,5,829,51,6576,CXCL10;IFNE;IL12A;IL12B;TNF,1.0,False
KEGG,8,CGMP-PKG SIGNALING PATHWAY,0.7910784819800846,16,829,149,6576,ADRA2B;ADRB3;ATP1A4;ATP1B4;CACNA1F;CALML3;CALML4;CNGA1;CNGB1;CREB3L3;CREB3L4;FXYD2;MYLK2;NPPA;PPP3R2;SLC25A31,1.0,False
KEGG,8,LEGIONELLOSIS,0.7938001889948396,4,829,42,6576,IL12A;IL12B;IL1B;TNF,1.0,False
KEGG,8,TH1 AND TH2 CELL DIFFERENTIATION,0.7957522904826239,8,829,79,6576,HLA-DQB2;IL12A;IL12B;IL13;IL2;IL2RA;PPP3R2;RBPJL,1.0,False
KEGG,8,PROSTATE CANCER,0.796774237840975,10,829,97,6576,CREB3L3;CREB3L4;FOLH1;IL1R2;INSRR;KLKB1;NKX3-1;SRD5A2;TGFA;TMPRSS2,1.0,False
KEGG,8,UBIQUINONE AND OTHER TERPENOID-QUINONE BIOSYNTHESIS,0.8017910907327284,1,829,12,6576,HPD,1.0,False
KEGG,8,CORONAVIRUS DISEASE - COVID-19,0.8023203617913132,17,829,159,6576,ACE2;C8A;C8B;CFB;CSF2;CXCL10;F13B;FGB;FGG;IL12A;IL12B;IL1B;IL2;MBL2;RPL10L;TMPRSS2;TNF,1.0,False
KEGG,8,GLYCOSPHINGOLIPID BIOSYNTHESIS - LACTO AND NEOLACTO SERIES,0.8058461650094579,2,829,23,6576,B3GNT3;B4GALNT2,1.0,False
KEGG,8,TOLL-LIKE RECEPTOR SIGNALING PATHWAY,0.8070850627204608,8,829,80,6576,CCL5;CXCL10;IL12A;IL12B;IL1B;LBP;TLR1;TNF,1.0,False
KEGG,8,CENTRAL CARBON METABOLISM IN CANCER,0.8109941839612624,6,829,62,6576,GLS2;HKDC1;LDHAL6B;LDHC;PDHA2;SLC2A2,1.0,False
KEGG,8,HIF-1 SIGNALING PATHWAY,0.816953681233264,10,829,99,6576,ALDOB;EPX;HKDC1;LDHAL6B;LDHC;NANOS2;NPPA;PDHA2;PGK2;TF,1.0,False
KEGG,8,PATHOGENIC ESCHERICHIA COLI INFECTION,0.8203398518488265,18,829,170,6576,CLDN10;CLDN14;CLDN16;CLDN17;CLDN18;CLDN2;CLDN23;CLDN25;CLDN3;CLDN6;CLDN7;CLDN8;IL1B;MYO1A;OCLN;TNF;TUBA3C;TUBAL3,1.0,False
KEGG,8,BREAST CANCER,0.8206822895782979,14,829,135,6576,FGF21;FGF23;FGF3;FGF4;FGF8;FZD10;PGR;WNT1;WNT16;WNT3A;WNT7A;WNT8A;WNT8B;WNT9B,1.0,False
KEGG,8,NICOTINATE AND NICOTINAMIDE METABOLISM,0.8207252223626411,3,829,34,6576,ASPDH;NMRK2;PPY,1.0,False
KEGG,8,TYPE II DIABETES MELLITUS,0.823185996055159,4,829,44,6576,HKDC1;PKLR;SLC2A2;TNF,1.0,False
KEGG,8,TGF-BETA SIGNALING PATHWAY,0.8264607463064346,10,829,100,6576,AMHR2;GDF5;GDF6;IGSF1;INHBC;INHBE;NODAL;PITX2;TF;TNF,1.0,False
KEGG,8,TNF SIGNALING PATHWAY,0.8264869465125221,11,829,109,6576,CCL20;CCL5;CREB3L3;CREB3L4;CSF2;CXCL10;IL15;IL1B;LIF;TNF;VEGFD,1.0,False
KEGG,8,NON-HOMOLOGOUS END-JOINING,0.8268238734540214,1,829,13,6576,DNTT,1.0,False
KEGG,8,EPITHELIAL CELL SIGNALING IN HELICOBACTER PYLORI INFECTION,0.8343914269910507,6,829,64,6576,ATP6V0A4;ATP6V1B1;ATP6V1G3;CCL5;CXCR1;CXCR2,1.0,False
KEGG,8,ALCOHOLISM,0.8352619064569451,11,829,110,6576,CALML3;CALML4;CREB3L3;CREB3L4;DDC;GNGT1;GRIN2C;H2AC1;H2BC1;H3-4;SLC18A1,1.0,False
KEGG,8,TH17 CELL DIFFERENTIATION,0.8365099478006959,9,829,92,6576,FOXP3;HLA-DQB2;IL17F;IL1B;IL2;IL23A;IL23R;IL2RA;PPP3R2,1.0,False
KEGG,8,"VALINE, LEUCINE AND ISOLEUCINE DEGRADATION",0.8365308800723725,4,829,45,6576,AGXT2;EHHADH;HMGCS2;SOAT2,1.0,False
KEGG,8,VIBRIO CHOLERAE INFECTION,0.8365308800723725,4,829,45,6576,ATP6V0A4;ATP6V1B1;ATP6V1G3;CFTR,1.0,False
KEGG,8,ECM-RECEPTOR INTERACTION,0.8382190873834624,8,829,83,6576,COL2A1;COL6A6;COL9A1;GP5;GP6;GP9;IBSP;VTN,1.0,False
KEGG,8,GABAERGIC SYNAPSE,0.8476726394379976,8,829,84,6576,CACNA1F;GABRP;GABRQ;GABRR1;GABRR2;GLS2;GNGT1;SLC38A3,1.0,False
KEGG,8,LYSINE DEGRADATION,0.8620264119749513,5,829,57,6576,AADAT;BBOX1;EHHADH;PIPOX;SOAT2,1.0,False
KEGG,8,AMPK SIGNALING PATHWAY,0.8669878635416961,11,829,114,6576,CCNA1;CFTR;CIDEA;CREB3L3;CREB3L4;GYS2;HNF1A;LEP;PCK1;PFKFB1;PRKAG3,1.0,False
KEGG,8,PHAGOSOME,0.8741093004106556,11,829,115,6576,ATP6V0A4;ATP6V1B1;ATP6V1G3;HLA-DQB2;MBL2;MPO;SEC14L2;SEC14L3;SFTPD;TUBA3C;TUBAL3,1.0,False
KEGG,8,MELANOMA,0.8741779695935695,6,829,68,6576,CDKN2A;FGF21;FGF23;FGF3;FGF4;FGF8,1.0,False
KEGG,8,FATTY ACID BIOSYNTHESIS,0.8845151098613462,1,829,16,6576,OLAH,1.0,False
KEGG,8,CITRATE CYCLE (TCA CYCLE),0.8847094839384477,2,829,28,6576,PCK1;PDHA2,1.0,False
KEGG,8,CYTOSKELETON IN MUSCLE CELLS,0.8862640527013902,22,829,216,6576,AMPD1;ATP1A4;ATP1B4;CAPZA3;COL6A6;COL9A1;DIAPH3;DSC3;MYBPC3;MYBPH;MYH13;MYL2;MYL3;MYL7;MYOM3;MYOT;MYOZ1;SGCG;TMOD4;TNNI3;TNNT2;TTR,1.0,False
KEGG,8,CIRCADIAN ENTRAINMENT,0.8885077658566278,8,829,89,6576,ADCY10;CALML3;CALML4;ENTHD1;GNGT1;GRIN2C;MTNR1A;MTNR1B,1.0,False
KEGG,8,CHAGAS DISEASE,0.8954760169905486,8,829,90,6576,CCL5;IL10;IL12A;IL12B;IL1B;IL2;NANOS2;TNF,1.0,False
KEGG,8,FC EPSILON RI SIGNALING PATHWAY,0.8982445978480064,5,829,61,6576,CSF2;IL13;PLA2G4D;PLA2G4F;TNF,1.0,False
KEGG,8,COBALAMIN TRANSPORT AND METABOLISM,0.8991091607645388,1,829,17,6576,CBLIF,1.0,False
KEGG,8,SELENOCOMPOUND METABOLISM,0.8991091607645388,1,829,17,6576,VSIG2,1.0,False
KEGG,8,REGULATION OF LIPOLYSIS IN ADIPOCYTES,0.8999748230608373,4,829,51,6576,ADRB3;CIDEC;NPPA;TSHR,1.0,False
KEGG,8,ALCOHOLIC LIVER DISEASE,0.901827316887605,10,829,110,6576,ADH6;ADH7;FABP1;IL12A;IL12B;IL17F;IL1B;LBP;PRKAG3;TNF,1.0,False
KEGG,8,NEUTROPHIL EXTRACELLULAR TRAP FORMATION,0.9046924715549067,9,829,101,6576,CTSG;ELANE;FGB;FGG;H2AC1;H2BC1;H3-4;MPO;SLC25A31,1.0,False
KEGG,8,VASOPRESSIN-REGULATED WATER REABSORPTION,0.9051062762610668,3,829,41,6576,AQP2;CREB3L3;CREB3L4,1.0,False
KEGG,8,CYTOSOLIC DNA-SENSING PATHWAY,0.9156795640514004,4,829,53,6576,CCL5;CXCL10;DNASE2B;IL1B,1.0,False
KEGG,8,SNARE INTERACTIONS IN VESICULAR TRANSPORT,0.9165551998747125,2,829,31,6576,STX11;STX19,1.0,False
KEGG,8,TOXOPLASMOSIS,0.9197975755889151,8,829,94,6576,CCR5;CD40LG;HLA-DQB2;IL10;IL12A;IL12B;NANOS2;TNF,1.0,False
KEGG,8,RAS SIGNALING PATHWAY,0.923732516993446,21,829,216,6576,CALML3;CALML4;FGF21;FGF23;FGF3;FGF4;FGF8;GNGT1;NTF4;PLA1A;PLA2G10;PLA2G12B;PLA2G1B;PLA2G2D;PLA2G2E;PLA2G2F;PLA2G3;PLA2G4D;PLA2G4F;TGFA;VEGFD,1.0,False
KEGG,8,APELIN SIGNALING PATHWAY,0.9296829033482767,11,829,125,6576,ADCY10;BECN2;CALML3;CALML4;GNGT1;MYL2;MYL3;MYLK2;NANOS2;PRKAG3;UCP1,1.0,False
KEGG,8,"GROWTH HORMONE SYNTHESIS, SECRETION AND ACTION",0.9353817947491339,9,829,107,6576,ADCY10;CACNA1F;CREB3L3;CREB3L4;GHRH;GHRHR;IGFALS;POU1F1;SSTR5,1.0,False
KEGG,8,RELAXIN SIGNALING PATHWAY,0.9364681790347744,10,829,117,6576,CREB3L3;CREB3L4;GNGT1;INSL5;MMP13;NANOS2;RLN3;RXFP2;RXFP4;VEGFD,1.0,False
KEGG,8,GLUTAMATERGIC SYNAPSE,0.9395602188396539,9,829,108,6576,GLS2;GNGT1;GRIN2C;PLA2G4D;PLA2G4F;PPP3R2;SLC17A8;SLC1A7;SLC38A3,1.0,False
KEGG,8,NF-KAPPA B SIGNALING PATHWAY,0.9434993049147098,7,829,89,6576,BLNK;CD40LG;EDA;EDAR;IL1B;LBP;TNF,1.0,False
KEGG,8,NECROPTOSIS,0.94350080610068,9,829,109,6576,ALOX15;CHMP4C;H2AC1;IL1A;IL1B;PLA2G4D;PLA2G4F;SLC25A31;TNF,1.0,False
KEGG,8,HUMAN T-CELL LEUKEMIA VIRUS 1 INFECTION,0.9445954575850604,18,829,195,6576,CCNA1;CDKN2A;CREB3L3;CREB3L4;CSF2;ESPL1;HLA-DQB2;IL15;IL1R2;IL2;IL2RA;MMP7;MSX2;PPP3R2;SLC25A31;TBPL2;TERT;TNF,1.0,False
KEGG,8,ADIPOCYTOKINE SIGNALING PATHWAY,0.9466984738851266,5,829,69,6576,AGRP;LEP;PCK1;PRKAG3;TNF,1.0,False
KEGG,8,VIRAL MYOCARDITIS,0.9468184749811257,3,829,47,6576,CD40LG;HLA-DQB2;SGCG,1.0,False
KEGG,8,GNRH SIGNALING PATHWAY,0.9487459944148007,6,829,80,6576,CACNA1F;CALML3;CALML4;FSHB;PLA2G4D;PLA2G4F,1.0,False
KEGG,8,LONG-TERM POTENTIATION,0.9504102308543652,4,829,59,6576,CALML3;CALML4;GRIN2C;PPP3R2,1.0,False
KEGG,8,FERROPTOSIS,0.951987110384698,2,829,36,6576,ALOX15;TF,1.0,False
KEGG,8,LIPID AND ATHEROSCLEROSIS,0.9559323859941204,15,829,171,6576,APOA1;APOA4;APOB;CALML3;CALML4;CCL5;CD40LG;CYP1A1;IL12A;IL12B;IL1B;LBP;POU2F3;PPP3R2;TNF,1.0,False
KEGG,8,BLADDER CANCER,0.9570892761766548,2,829,37,6576,CDKN2A;UPK3A,1.0,False
KEGG,8,HOMOLOGOUS RECOMBINATION,0.9570892761766548,2,829,37,6576,ARTN;BRIP1,1.0,False
KEGG,8,NATURAL KILLER CELL MEDIATED CYTOTOXICITY,0.9586525991803809,5,829,72,6576,CSF2;KLRD1;NCR1;PPP3R2;TNF,1.0,False
KEGG,8,N-GLYCAN BIOSYNTHESIS,0.9605667421972587,3,829,50,6576,MGAT4D;MOGAT1;MOGAT2,1.0,False
KEGG,8,GLYCOSAMINOGLYCAN BIOSYNTHESIS - HEPARAN SULFATE / HEPARIN,0.9608375946550314,1,829,24,6576,EXTL1,1.0,False
KEGG,8,ACUTE MYELOID LEUKEMIA,0.9623248437103433,4,829,62,6576,CCNA1;CEBPE;CSF2;MPO,1.0,False
KEGG,8,HUMAN CYTOMEGALOVIRUS INFECTION,0.9639633783573549,16,829,184,6576,CALML3;CALML4;CCL5;CCR3;CCR5;CDKN2A;CREB3L3;CREB3L4;CXCR2;GNGT1;IL1B;PPP3R2;PTGER1;SEC14L2;SEC14L3;TNF,1.0,False
KEGG,8,HEPATOCELLULAR CARCINOMA,0.9654658022719588,12,829,146,6576,CDKN2A;FZD10;GSTT4;TERT;TGFA;WNT1;WNT16;WNT3A;WNT7A;WNT8A;WNT8B;WNT9B,1.0,False
KEGG,8,PROLACTIN SIGNALING PATHWAY,0.9656658771118131,4,829,63,6576,ELF5;LHCGR;PRLR;SLC2A2,1.0,False
KEGG,8,OXIDATIVE PHOSPHORYLATION,0.9693482283468642,7,829,97,6576,ATP12A;ATP4A;ATP4B;ATP6V0A4;ATP6V1B1;ATP6V1G3;COX7B2,1.0,False
KEGG,8,OXYTOCIN SIGNALING PATHWAY,0.969547867733433,11,829,138,6576,CACNA1F;CACNG5;CALML3;CALML4;MYLK2;NPPA;OXTR;PLA2G4D;PLA2G4F;PPP3R2;PRKAG3,1.0,False
KEGG,8,HIPPO SIGNALING PATHWAY,0.9696812380918841,12,829,148,6576,CRB2;FZD10;GDF5;GDF6;RASSF6;WNT1;WNT16;WNT3A;WNT7A;WNT8A;WNT8B;WNT9B,1.0,False
KEGG,8,MTOR SIGNALING PATHWAY,0.9696812380918841,12,829,148,6576,ATP6V1B1;ATP6V1G3;CASTOR2;FZD10;TNF;WNT1;WNT16;WNT3A;WNT7A;WNT8A;WNT8B;WNT9B,1.0,False
KEGG,8,PROTEOGLYCANS IN CANCER,0.9697677218602773,16,829,187,6576,ERBB3;FZD10;HOXD10;HPSE2;IHH;IL12B;SHH;TNF;VTN;WNT1;WNT16;WNT3A;WNT7A;WNT8A;WNT8B;WNT9B,1.0,False
KEGG,8,OOCYTE MEIOSIS,0.9727518051560291,8,829,109,6576,CALML3;CALML4;ESPL1;FBXO43;MOCOS;PGR;PPP3R2;SMC1B,1.0,False
KEGG,8,LONGEVITY REGULATING PATHWAY - MULTIPLE SPECIES,0.9737614836999351,3,829,54,6576,FOXA2;GLYAT;PRKAG3,1.0,False
KEGG,8,HIPPO SIGNALING PATHWAY - MULTIPLE SPECIES,0.9739030281457519,1,829,27,6576,RASSF6,1.0,False
KEGG,8,LONG-TERM DEPRESSION,0.976335509710727,3,829,55,6576,PLA2G4D;PLA2G4F;PPP1R17,1.0,False
KEGG,8,VEGF SIGNALING PATHWAY,0.976335509710727,3,829,55,6576,PLA2G4D;PLA2G4F;PPP3R2,1.0,False
KEGG,8,VIRAL CARCINOGENESIS,0.9767557137618975,12,829,152,6576,CCNA1;CCR3;CCR5;CCR8;CDKN2A;CREB3L3;CREB3L4;H2BC1;HPN;RBPJL;SCIN;TBPL2,1.0,False
KEGG,8,PROTEIN EXPORT,0.9772064927460224,1,829,28,6576,UBL4B,1.0,False
KEGG,8,DOPAMINERGIC SYNAPSE,0.977600352814793,9,829,122,6576,CALML3;CALML4;CREB3L3;CREB3L4;DDC;DRD5;GNGT1;SLC18A1;TOMT,1.0,False
KEGG,8,HUMAN PAPILLOMAVIRUS INFECTION,0.9777909306501055,26,829,287,6576,ATP6V0A4;ATP6V1B1;ATP6V1G3;CCNA1;COL2A1;COL6A6;COL9A1;CRB3;CREB3L3;CREB3L4;FZD10;HES2;IBSP;OASL;RBPJL;TBPL2;TERT;TNF;VTN;WNT1;WNT16;WNT3A;WNT7A;WNT8A;WNT8B;WNT9B,1.0,False
KEGG,8,GLIOMA,0.9786076032495677,4,829,68,6576,CALML3;CALML4;CDKN2A;TGFA,1.0,False
KEGG,8,APOPTOSIS - MULTIPLE SPECIES,0.98009223152329,1,829,29,6576,BECN2,1.0,False
KEGG,8,CHOLINERGIC SYNAPSE,0.9810658572562834,7,829,103,6576,CACNA1F;CHRM5;CHRNA4;CREB3L3;CREB3L4;GNGT1;SLC18A3,1.0,False
KEGG,8,CHOLINE METABOLISM IN CANCER,0.9825251711880382,6,829,93,6576,PLA2G4D;PLA2G4F;SLC22A1;SLC22A2;SLC44A3;SLC44A4,1.0,False
KEGG,8,AUTOPHAGY - OTHER,0.9826130105162932,1,829,30,6576,BECN2,1.0,False
KEGG,8,PLATELET ACTIVATION,0.9841964441546355,8,829,116,6576,FGB;FGG;GP5;GP6;GP9;MYLK2;PLA2G4D;PLA2G4F,1.0,False
KEGG,8,INSULIN SIGNALING PATHWAY,0.9846508104005496,9,829,127,6576,CALML3;CALML4;GYS2;HKDC1;PCK1;PKLR;PPP1R3A;PRKAG3;SORBS1,1.0,False
KEGG,8,REGULATION OF ACTIN CYTOSKELETON,0.9856748136514191,17,829,209,6576,C8A;C8B;CHRM5;CXCL10;DIAPH3;FGF21;FGF23;FGF3;FGF4;FGF8;INSRR;MOCOS;MYL10;MYL2;MYL7;MYLK2;SCIN,1.0,False
KEGG,8,ALZHEIMER DISEASE,0.9860536048941679,29,829,324,6576,BECN2;CACNA1F;CALML3;CALML4;CHRM5;COX7B2;DKK1;DKK4;FZD10;GRIN2C;IL1A;IL1B;KLC3;MMP12;NANOS2;PPP3R2;PSMA8;SLC25A31;SLC39A5;TNF;TUBA3C;TUBAL3;WNT1;WNT16;WNT3A;WNT7A;WNT8A;WNT8B;WNT9B,1.0,False
KEGG,8,PRION DISEASE,0.9867038901269467,18,829,220,6576,C8A;C8B;CACNA1F;CCL5;COX7B2;CREB3L3;CREB3L4;CXCL10;GRIN2C;IL1A;IL1B;KLC3;PPP3R2;PSMA8;SLC25A31;TNF;TUBA3C;TUBAL3,1.0,False
KEGG,8,CIRCADIAN RHYTHM,0.9867383014461993,1,829,32,6576,PRKAG3,1.0,False
KEGG,8,MORPHINE ADDICTION,0.9882017843226486,5,829,86,6576,GABRP;GABRQ;GABRR1;GABRR2;GNGT1,1.0,False
KEGG,8,T CELL RECEPTOR SIGNALING PATHWAY,0.9885097499741677,7,829,109,6576,CD40LG;CSF2;IL10;IL2;PPP3R2;TEC;TNF,1.0,False
KEGG,8,LYSOSOME,0.9885425281302259,8,829,120,6576,AP1M2;ATP6V0A4;CTSE;CTSG;CTSW;DNASE2B;HYAL4;PSAPL1,1.0,False
KEGG,8,HERPES SIMPLEX VIRUS 1 INFECTION,0.9887470564218008,9,829,131,6576,CCL5;HLA-DQB2;IL12A;IL12B;IL1B;POU2F3;SEC14L2;SEC14L3;TNF,1.0,False
KEGG,8,INTEGRIN SIGNALING,0.9898743708246888,10,829,143,6576,COL2A1;COL6A6;COL9A1;FERMT1;FGB;FGG;IBSP;ICAM4;VEGFD;VTN,1.0,False
KEGG,8,ADHERENS JUNCTION,0.9902167782959468,5,829,88,6576,LMO7;MYL10;MYL2;MYL7;SORBS1,1.0,False
KEGG,8,AMINO SUGAR AND NUCLEOTIDE SUGAR METABOLISM,0.9911673891615004,1,829,35,6576,HKDC1,1.0,False
KEGG,8,BASAL TRANSCRIPTION FACTORS,0.9922868256979805,1,829,36,6576,TBPL2,1.0,False
KEGG,8,THYROID CANCER,0.9922868256979805,1,829,36,6576,PAX8,1.0,False
KEGG,8,B CELL RECEPTOR SIGNALING PATHWAY,0.9926379915849979,3,829,66,6576,BLNK;DAPP1;PPP3R2,1.0,False
KEGG,8,CELLULAR SENESCENCE,0.9935681287829611,9,829,138,6576,ARTN;CALML3;CALML4;CCNA1;CDKN2A;IL1A;PPP3R2;RAD9B;SLC25A31,1.0,False
KEGG,8,MEASLES,0.9939996776478456,6,829,105,6576,IL12A;IL12B;IL1A;IL1B;IL2;IL2RA,1.0,False
KEGG,8,PATHWAYS OF NEURODEGENERATION - MULTIPLE DISEASES,0.9943901145064502,36,829,407,6576,BECN2;CACNA1F;CALML3;CALML4;CHRM5;COX7B2;DKK1;DKK4;DNAH12;DNAH3;DNAH6;DNAH8;DNAI1;DNAI2;DNALI1;FZD10;GLYAT;GPX2;GRIN2C;IL1A;IL1B;KLC3;NANOS2;PPP3R2;PSMA8;SLC25A31;TNF;TUBA3C;TUBAL3;WNT1;WNT16;WNT3A;WNT7A;WNT8A;WNT8B;WNT9B,1.0,False
KEGG,8,MICRORNAS IN CANCER,0.9945763925249497,10,829,151,6576,CDKN2A;CYP24A1;ERBB3;GLS2;HMGA2;HOXD10;SERPINB5;TP63;TRIM71;WNT3A,1.0,False
KEGG,8,PI3K-AKT SIGNALING PATHWAY,0.9946702764406944,26,829,313,6576,ARTN;COL2A1;COL6A6;COL9A1;CREB3L3;CREB3L4;EPX;ERBB3;FGF21;FGF23;FGF3;FGF4;FGF8;GNGT1;GYS2;IBSP;IL2;IL2RA;LPAR3;MYB;NTF4;PCK1;PRLR;TGFA;VEGFD;VTN,1.0,False
KEGG,8,NOTCH SIGNALING PATHWAY,0.9947300089744966,2,829,55,6576,RBPJL;TLE7,1.0,False
KEGG,8,AGE-RAGE SIGNALING PATHWAY IN DIABETIC COMPLICATIONS,0.9949900577683755,5,829,95,6576,AGXT;IL1A;IL1B;TNF;VEGFD,1.0,False
KEGG,8,FLUID SHEAR STRESS AND ATHEROSCLEROSIS,0.9951751806445149,7,829,119,6576,CALML3;CALML4;GSTT4;IL1A;IL1B;IL1R2;TNF,1.0,False
KEGG,8,LONGEVITY REGULATING PATHWAY,0.9951983864061151,4,829,83,6576,CREB3L3;CREB3L4;GLYAT;PRKAG3,1.0,False
KEGG,8,KAPOSI SARCOMA-ASSOCIATED HERPESVIRUS INFECTION,0.9953776760826764,10,829,153,6576,BECN2;CALML3;CALML4;CCR3;CCR5;CCR8;CLEC1B;CSF2;GNGT1;PPP3R2,1.0,False
KEGG,8,OTHER TYPES OF O-GLYCAN BIOSYNTHESIS,0.9955155112939311,1,829,40,6576,GALNTL5,1.0,False
KEGG,8,ARRHYTHMOGENIC RIGHT VENTRICULAR CARDIOMYOPATHY,0.9956683866589716,4,829,84,6576,CACNA1F;CACNG5;DSC3;SGCG,1.0,False
KEGG,8,RETROGRADE ENDOCANNABINOID SIGNALING,0.9958073462889188,8,829,132,6576,CACNA1F;FA2H;GABRP;GABRQ;GABRR1;GABRR2;GNGT1;SLC17A8,1.0,False
KEGG,8,EFFEROCYTOSIS,0.9960781130807868,9,829,144,6576,ALOX15;ANO7;ARG2;EPX;IL10;RAB17;SLC25A21;TMEM30B;XKR9,1.0,False
KEGG,8,GNRH SECRETION,0.9963237741412745,2,829,58,6576,CACNA1F;ENTHD1,1.0,False
KEGG,8,OSTEOCLAST DIFFERENTIATION,0.9965632998847712,6,829,111,6576,BLNK;IL1A;IL1B;PPP3R2;TEC;TNF,1.0,False
KEGG,8,PROTEASOME,0.9970148135775312,1,829,43,6576,PSMA8,1.0,False
KEGG,8,FANCONI ANEMIA PATHWAY,0.9973936165079195,1,829,44,6576,BRIP1,1.0,False
KEGG,8,NOD-LIKE RECEPTOR SIGNALING PATHWAY,0.9974326371068076,7,829,126,6576,CASR;CCL5;GPRC6A;IL1B;NLRP12;NLRP6;TNF,1.0,False
KEGG,8,ERBB SIGNALING PATHWAY,0.9975576168563959,3,829,76,6576,BTC;ERBB3;TGFA,1.0,False
KEGG,8,HUNTINGTON DISEASE,0.9978651790810149,19,829,258,6576,BECN2;COX7B2;CREB3L3;CREB3L4;DNAH12;DNAH3;DNAH6;DNAH8;DNAI1;DNAI2;DNALI1;GPX2;KLC3;PSMA8;SLC25A31;TBPL2;TUBA3C;TUBAL3;UCP1,1.0,False
KEGG,8,PATHWAYS IN CANCER,0.9982976796982144,40,829,467,6576,AGXT;CALML3;CALML4;CCNA1;CDKN2A;EPX;FGF21;FGF23;FGF3;FGF4;FGF8;FZD10;GNGT1;GSTT4;IL12A;IL12B;IL13;IL15;IL2;IL23A;IL23R;IL2RA;IL5RA;KLKB1;LPAR3;NANOS2;NKX3-1;PAX8;PTGER1;SHH;TERT;TGFA;VEGFD;WNT1;WNT16;WNT3A;WNT7A;WNT8A;WNT8B;WNT9B,1.0,False
KEGG,8,P53 SIGNALING PATHWAY,0.998427319046437,2,829,65,6576,CDKN2A;SERPINB5,1.0,False
KEGG,8,VIRAL LIFE CYCLE - HIV-1,0.9984857098833663,1,829,48,6576,CCR5,1.0,False
KEGG,8,MAPK SIGNALING PATHWAY,0.9987309635792742,21,829,286,6576,ARTN;CACNA1F;CACNG5;DUSP9;ENTHD1;ERBB3;FGF21;FGF23;FGF3;FGF4;FGF8;IL1A;IL1B;MAP3K21;NTF4;PLA2G4D;PLA2G4F;PPP3R2;TGFA;TNF;VEGFD,1.0,False
KEGG,8,FOXO SIGNALING PATHWAY,0.9988042399609094,6,829,122,6576,GLYAT;IL10;PCK1;PRKAG3;RAG1;RAG2,1.0,False
KEGG,8,HUMAN IMMUNODEFICIENCY VIRUS 1 INFECTION,0.9988764857247862,10,829,170,6576,AP1M2;CALML3;CALML4;CCR5;GNGT1;PPP3R2;SEC14L2;SEC14L3;TNF;WEE2,1.0,False
KEGG,8,RNA DEGRADATION,0.998910708508487,2,829,68,6576,BTG4;PNLDC1,1.0,False
KEGG,8,CHEMICAL CARCINOGENESIS - REACTIVE OXYGEN SPECIES,0.9989691676787342,10,829,171,6576,COX7B2;CYP1A1;CYP1A2;CYP2F1;EPHX3;GLYAT;GSTT4;LPO;SLC25A31;SLC26A9,1.0,False
KEGG,8,SPINOCEREBELLAR ATAXIA,0.9989880025818118,7,829,136,6576,BECN2;DNAAF3;GRIN2C;PSMA8;RBPJL;SLC25A31;TBPL2,1.0,False
KEGG,8,PROGESTERONE-MEDIATED OOCYTE MATURATION,0.9990123809250573,3,829,84,6576,CCNA1;MOCOS;PGR,1.0,False
KEGG,8,EPSTEIN-BARR VIRUS INFECTION,0.9990140709409854,9,829,160,6576,BLNK;CCNA1;CXCL10;ENTPD8;HLA-DQB2;RBPJL;SEC14L2;SEC14L3;TNF,1.0,False
KEGG,8,NON-SMALL CELL LUNG CANCER,0.99903661106922,2,829,69,6576,CDKN2A;TGFA,1.0,False
KEGG,8,NON-ALCOHOLIC FATTY LIVER DISEASE,0.9990795982402076,7,829,137,6576,COX7B2;IL1A;IL1B;LEP;PKLR;PRKAG3;TNF,1.0,False
KEGG,8,PHOSPHOLIPASE D SIGNALING PATHWAY,0.9990795982402076,7,829,137,6576,AGXT;AVPR1B;CXCR1;CXCR2;LPAR3;PLA2G4D;PLA2G4F,1.0,False
KEGG,8,FC GAMMA R-MEDIATED PHAGOCYTOSIS,0.9992145896106245,3,829,86,6576,PLA2G4D;PLA2G4F;SCIN,1.0,False
KEGG,8,PANCREATIC CANCER,0.9995407739814673,2,829,75,6576,CDKN2A;TGFA,1.0,False
KEGG,8,GAP JUNCTION,0.9996417759676979,2,829,77,6576,TUBA3C;TUBAL3,1.0,False
KEGG,8,INOSITOL PHOSPHATE METABOLISM,0.9996417759676979,2,829,77,6576,MIOX;PIK3C2G,1.0,False
KEGG,8,PHOSPHATIDYLINOSITOL SIGNALING SYSTEM,0.9996888967184324,3,829,94,6576,CALML3;CALML4;PIK3C2G,1.0,False
KEGG,8,THERMOGENESIS,0.9997004113299431,10,829,185,6576,ADCY10;ADRB3;COX7B2;CREB3L3;CREB3L4;FGF21;GCG;NPPA;PRKAG3;UCP1,1.0,False
KEGG,8,SHIGELLOSIS,0.999744020813805,12,829,210,6576,BECN2;CCL5;CSF2;H3-4;HKDC1;IL1B;MYL10;MYL2;MYL7;SEPTIN12;TIFA;TNF,1.0,False
KEGG,8,MRNA SURVEILLANCE PATHWAY,0.9997535010467868,2,829,80,6576,PABPN1L;PAPOLB,1.0,False
KEGG,8,FOCAL ADHESION,0.9997717047736393,10,829,188,6576,COL2A1;COL6A6;COL9A1;IBSP;MYL10;MYL2;MYL7;MYLK2;VEGFD;VTN,1.0,False
KEGG,8,DIABETIC CARDIOMYOPATHY,0.9997750924879618,8,829,164,6576,AGXT;CMA1;COX7B2;GYS2;MPC1L;PDHA2;SLC25A31;TNNI3,1.0,False
KEGG,8,PD-L1 EXPRESSION AND PD-1 CHECKPOINT PATHWAY IN CANCER,0.9997824467303096,2,829,81,6576,BATF2;PPP3R2,1.0,False
KEGG,8,AMYOTROPHIC LATERAL SCLEROSIS,0.9997981103603688,20,829,301,6576,BECN2;COX7B2;DNAH12;DNAH3;DNAH6;DNAH8;DNAI1;DNAI2;DNALI1;GLYAT;GPX2;GRIN2C;KLC3;NANOS2;NUP210L;PPP3R2;PSMA8;TNF;TUBA3C;TUBAL3,1.0,False
KEGG,8,RENAL CELL CARCINOMA,0.999802998737635,1,829,63,6576,TGFA,1.0,False
KEGG,8,SPHINGOLIPID SIGNALING PATHWAY,0.9998300691971409,4,829,114,6576,ACER1;CERS3;SPTSSB;TNF,1.0,False
KEGG,8,APOPTOSIS,0.9998642166673261,4,829,116,6576,CTSW;TNF;TUBA3C;TUBAL3,1.0,False
KEGG,8,RIBOSOME BIOGENESIS IN EUKARYOTES,0.9998690640817145,1,829,66,6576,REXO5,1.0,False
KEGG,8,NUCLEOCYTOPLASMIC TRANSPORT,0.9998837604759272,2,829,86,6576,KPNA7;NUP210L,1.0,False
KEGG,8,YERSINIA INFECTION,0.9999031731772378,4,829,119,6576,IL10;IL1B;IL2;TNF,1.0,False
KEGG,8,HEPATITIS B,0.9999202926060763,5,829,135,6576,CCNA1;CREB3L3;CREB3L4;SLC10A1;TNF,1.0,False
KEGG,8,BACTERIAL INVASION OF EPITHELIAL CELLS,0.9999240766138624,1,829,70,6576,SEPTIN12,1.0,False
KEGG,8,CHRONIC MYELOID LEUKEMIA,0.9999421936576921,1,829,72,6576,CDKN2A,1.0,False
KEGG,8,ATP-DEPENDENT CHROMATIN REMODELING,0.9999576609783533,2,829,94,6576,DPEP3;H2AC1,1.0,False
KEGG,8,NEUROTROPHIN SIGNALING PATHWAY,0.9999631068522344,3,829,112,6576,CALML3;CALML4;NTF4,1.0,False
KEGG,8,POLYCOMB REPRESSIVE COMPLEX,0.9999707716320329,1,829,77,6576,CBX2,1.0,False
KEGG,8,THYROID HORMONE SIGNALING PATHWAY,0.9999709919994076,3,829,114,6576,ATP1A4;ATP1B4;FXYD2,1.0,False
KEGG,8,RAP1 SIGNALING PATHWAY,0.9999722884837869,9,829,198,6576,CALML3;CALML4;FGF21;FGF23;FGF3;FGF4;FGF8;LPAR3;VEGFD,1.0,False
KEGG,8,CELL CYCLE,0.9999829810571744,5,829,149,6576,CCNA1;CDKN2A;ESPL1;SMC1B;WEE2,1.0,False
KEGG,8,COLORECTAL CANCER,0.9999830686335512,1,829,81,6576,TGFA,1.0,False
KEGG,8,SALMONELLA INFECTION,0.9999837191495907,10,829,216,6576,DYNLRB2;IL1B;KLC3;MYL10;MYL2;MYL7;PIK3C2G;TNF;TUBA3C;TUBAL3,1.0,False
KEGG,8,PARKINSON DISEASE,0.9999878551265623,10,829,219,6576,CALML3;CALML4;COX7B2;KLC3;PSMA8;SLC18A1;SLC25A31;SLC39A5;TUBA3C;TUBAL3,1.0,False
KEGG,8,SMALL CELL LUNG CANCER,0.9999925401574657,1,829,87,6576,NANOS2,1.0,False
KEGG,8,MITOPHAGY - ANIMAL,0.9999962344807685,1,829,92,6576,BECN2,1.0,False
KEGG,8,UBIQUITIN MEDIATED PROTEOLYSIS,0.9999997203983906,2,829,133,6576,AIRE;UBE2C,1.0,False
KEGG,8,ENDOCYTOSIS,0.9999997828175475,7,829,217,6576,CAPZA3;CCR5;CHMP4C;CXCR1;CXCR2;GRK1;IL2RA,1.0,False
KEGG,8,AXON GUIDANCE,0.9999997848935472,4,829,171,6576,LRRC4;PPP3R2;SEMA4G;SHH,1.0,False
KEGG,8,IGSF CAM SIGNALING,0.9999998310747384,10,829,261,6576,CD96;FGB;FGG;LMO7;MYLK2;NPHS2;PRG2;SORBS1;TUBA3C;TUBAL3,1.0,False
KEGG,8,RIBOSOME,0.9999999644906667,1,829,126,6576,RPL10L,1.0,False
KEGG,8,AUTOPHAGY - ANIMAL,0.999999998508364,1,829,149,6576,BECN2,1.0,False
KEGG,8,PROTEIN PROCESSING IN ENDOPLASMIC RETICULUM,0.9999999996738763,1,829,160,6576,SEL1L2,1.0,False
KEGG,8,AMINOACYL-TRNA BIOSYNTHESIS,1.0,0,829,27,6576,,1.0,False
KEGG,8,BASE EXCISION REPAIR,1.0,0,829,40,6576,,1.0,False
KEGG,8,DNA REPLICATION,1.0,0,829,33,6576,,1.0,False
KEGG,8,ENDOMETRIAL CANCER,1.0,0,829,54,6576,,1.0,False
KEGG,8,GLYCOSAMINOGLYCAN BIOSYNTHESIS - CHONDROITIN SULFATE / DERMATAN SULFATE,1.0,0,829,21,6576,,1.0,False
KEGG,8,GLYCOSPHINGOLIPID BIOSYNTHESIS - GANGLIO SERIES,1.0,0,829,15,6576,,1.0,False
KEGG,8,GLYCOSPHINGOLIPID BIOSYNTHESIS - GLOBO AND ISOGLOBO SERIES,1.0,0,829,14,6576,,1.0,False
KEGG,8,GLYCOSYLPHOSPHATIDYLINOSITOL (GPI)-ANCHOR BIOSYNTHESIS,1.0,0,829,28,6576,,1.0,False
KEGG,8,MANNOSE TYPE O-GLYCAN BIOSYNTHESIS,1.0,0,829,23,6576,,1.0,False
KEGG,8,MISMATCH REPAIR,1.0,0,829,21,6576,,1.0,False
KEGG,8,NUCLEOTIDE EXCISION REPAIR,1.0,0,829,53,6576,,1.0,False
KEGG,8,OTHER GLYCAN DEGRADATION,1.0,0,829,16,6576,,1.0,False
KEGG,8,PHOSPHONATE AND PHOSPHINATE METABOLISM,1.0,0,829,6,6576,,1.0,False
KEGG,8,RIBOFLAVIN METABOLISM,1.0,0,829,8,6576,,1.0,False
KEGG,8,RNA POLYMERASE,1.0,0,829,26,6576,,1.0,False
KEGG,8,SPLICEOSOME,1.0,0,829,121,6576,,1.0,False
KEGG,8,SULFUR METABOLISM,1.0,0,829,9,6576,,1.0,False
KEGG,8,SULFUR RELAY SYSTEM,1.0,0,829,8,6576,,1.0,False
KEGG,8,"VIRION - EBOLAVIRUS, LYSSAVIRUS AND MORBILLIVIRUS",1.0,0,829,8,6576,,1.0,False
KEGG,8,VIRION - HERPESVIRUS,1.0,0,829,6,6576,,1.0,False
KEGG,8,VIRION - LASSA VIRUS AND SFTS VIRUS,1.0,0,829,13,6576,,1.0,False
KEGG,8,VITAMIN B6 METABOLISM,1.0,0,829,6,6576,,1.0,False
KEGG,9,INTEGRIN SIGNALING,5.081542773611921e-19,58,771,143,6576,ARHGEF6;C3;CCND1;CHAD;COL1A1;COL1A2;COL4A1;COL4A2;COL6A1;COL6A2;COL6A3;EGFR;ERBB2;FBN1;FERMT2;FERMT3;FN1;ICAM1;ICAM2;ITGA1;ITGA11;ITGA2B;ITGA5;ITGA9;ITGAM;ITGAV;ITGB1;ITGB2;ITGB3;ITGB4;ITGB5;ITGB7;LAMA2;LAMA4;LAMA5;LAMB1;LAMC1;LAMC3;LIMS2;NPNT;PARVB;PDGFA;PDGFRA;PDGFRB;PGF;PTK2;PXDN;RNASE1;SRC;THBS1;THBS2;THBS4;TNN;TNNC1;TNXB;VCAM1;VEGFC;VWF,1.7683768852169483e-16,True
KEGG,9,CYTOSKELETON IN MUSCLE CELLS,9.775728553687115e-15,67,771,216,6576,ACTA1;ANKRD1;ANKRD2;ATP1B1;ATP1B2;BGN;CAPN3;CKM;COL1A1;COL1A2;COL27A1;COL3A1;COL4A1;COL4A2;COL5A1;COL5A2;COL5A3;COL6A1;COL6A2;COL6A3;DAAM2;DCN;DES;FBLN1;FBLN2;FBN1;FLNC;FMNL3;FN1;ITGA1;ITGA11;ITGA2B;ITGA5;ITGA9;ITGAV;ITGB1;ITGB3;ITGB4;ITGB5;ITGB7;JUP;LAMA2;LMOD1;LMOD2;MYH11;MYH7;MYL4;MYL9;MYOM1;NID1;PDLIM3;PDLIM4;SDC1;SDC2;SGCA;SNTA1;SSPN;SYNE3;TCAP;THBS1;THBS2;THBS4;TNNI2;TNNT3;TPM1;TPM2;VIM,1.700976768341558e-12,True
KEGG,9,ECM-RECEPTOR INTERACTION,4.176440078538379e-14,37,771,83,6576,CD44;CHAD;COL1A1;COL1A2;COL4A1;COL4A2;COL6A1;COL6A2;COL6A3;FN1;GP1BA;ITGA1;ITGA11;ITGA2B;ITGA5;ITGA9;ITGAV;ITGB1;ITGB3;ITGB4;ITGB5;ITGB7;LAMA2;LAMA4;LAMA5;LAMB1;LAMC1;LAMC3;NPNT;SDC1;THBS1;THBS2;THBS4;TNN;TNNC1;TNXB;VWF,4.84467049110452e-12,True
KEGG,9,FOCAL ADHESION,3.610825085368732e-11,55,771,188,6576,CAPN2;CAV1;CAV2;CCND1;CHAD;COL1A1;COL1A2;COL4A1;COL4A2;COL6A1;COL6A2;COL6A3;DOCK1;EGFR;EMP1;EMP2;ERBB2;FN1;ITGA1;ITGA11;ITGA2B;ITGA5;ITGA9;ITGAV;ITGB1;ITGB3;ITGB4;ITGB5;ITGB7;LAMA2;LAMA4;LAMA5;LAMB1;LAMC1;LAMC3;MYL9;MYLK;PARVB;PDGFA;PDGFRA;PDGFRB;PGF;PPP1R12B;PTK2;PXDN;RNASE1;SRC;THBS1;THBS2;THBS4;TNN;TNNC1;TNXB;VEGFC;VWF,3.141417824270797e-09,True
KEGG,9,PI3K-AKT SIGNALING PATHWAY,6.1256015965884145e-09,72,771,313,6576,ANGPT4;AREG;CCND1;CHAD;COL1A1;COL1A2;COL4A1;COL4A2;COL6A1;COL6A2;COL6A3;CREB3L1;CSF1R;CSF3;EFNA1;EGFR;EPHA2;EPOR;ERBB2;FGFR1;FGFR2;FGFR3;FGFR4;FN1;GDNF;GNG11;GNG2;GNG8;IGF2;IL2RB;IL2RG;IL7R;INSR;ITGA1;ITGA11;ITGA2B;ITGA5;ITGA9;ITGAV;ITGB1;ITGB3;ITGB4;ITGB5;ITGB7;LAMA2;LAMA4;LAMA5;LAMB1;LAMC1;LAMC3;MYC;NR4A1;NRTN;OSMR;PDGFA;PDGFRA;PDGFRB;PGF;PIK3CG;PIK3R6;PTK2;RNASE1;SGK1;TEK;THBS1;THBS2;THBS4;TNN;TNNC1;TNXB;VEGFC;VWF,4.2634187112255365e-07,True
KEGG,9,CELL ADHESION MOLECULE (CAM) INTERACTION,5.946956164821009e-08,36,771,121,6576,ALCAM;CD2;CD276;CD34;CD4;CD40;CD99L2;CDH15;CDH5;CLDN1;CLDN11;CLDN15;CLDN5;ESAM;F11R;HLA-DRA;ICAM1;ICAM2;ITGA9;ITGAM;ITGAV;ITGB1;ITGB2;ITGB7;JAM2;JAM3;MPZ;NECTIN1;NECTIN2;PDCD1LG2;PECAM1;PTPRM;SDC1;SDC2;SIGLEC1;VCAM1,3.4492345755961855e-06,True
KEGG,9,PATHWAYS IN CANCER,7.776955336026161e-08,93,771,467,6576,ADCY4;ADCY5;ADCY6;ADCY7;ADCY9;AREG;BMP2;CASP7;CCND1;CEBPA;COL4A1;COL4A2;CSF1R;CXCL12;CXCR4;DAPK1;DLL4;EDN1;EDNRA;EDNRB;EGFR;EGLN3;EPOR;ERBB2;ETS1;FGFR1;FGFR2;FGFR3;FGFR4;FN1;FZD1;FZD4;FZD7;FZD8;GADD45A;GADD45G;GNG11;GNG2;GNG8;GSTM2;GSTM4;HEYL;HMOX1;IGF2;IL12RB2;IL13RA1;IL15RA;IL2RB;IL2RG;IL7R;ITGA2B;ITGAV;ITGB1;JAG2;JUP;LAMA2;LAMA4;LAMA5;LAMB1;LAMC1;LAMC3;LRP5;MGST1;MGST2;MITF;MMP2;MMP9;MYC;NOTCH1;NOTCH2;NOTCH3;PDGFA;PDGFRA;PDGFRB;PGF;PLCG2;PTGER2;PTK2;RALB;RASGRP2;RASSF3;RNASE1;SLC2A1;SMAD3;STAT5A;TCF7L2;TGFB3;TGFBR2;TRAF4;TXNRD1;VEGFC;WNT11;WNT9A,3.8662577956244344e-06,True
KEGG,9,PROTEOGLYCANS IN CANCER,5.075588664311042e-07,46,771,187,6576,CAV1;CAV2;CCND1;CD44;COL1A1;COL1A2;DCN;EGFR;ERBB2;FGFR1;FN1;FZD1;FZD4;FZD7;FZD8;HBEGF;HCLS1;HSPB2;IGF2;ITGA5;ITGAV;ITGB1;ITGB3;ITGB5;ITPR3;LUM;MMP2;MMP9;MRAS;MYC;PLAU;PLAUR;PLCG2;PPP1R12B;PTK2;PXDN;RNASE1;RRAS2;SDC1;SDC2;SRC;THBS1;TIMP3;TWIST2;WNT11;WNT9A,2.2078810689753034e-05,True
KEGG,9,COMPLEMENT AND COAGULATION CASCADES,1.436836445833597e-06,21,771,59,6576,A2M;C1QA;C1QB;C1QC;C3;F13A1;F3;F5;ITGAM;ITGB2;PLAU;PLAUR;PROCR;PROS1;SERPINA5;SERPINE2;SERPINF2;SERPING1;TFPI;THBD;VWF,5.555767590556575e-05,True
KEGG,9,DILATED CARDIOMYOPATHY,1.656050520897777e-06,29,771,99,6576,ADCY4;ADCY5;ADCY6;ADCY7;ADCY9;ADRB1;ATP2A1;ATP2A3;DES;ITGA1;ITGA11;ITGA2B;ITGA5;ITGA9;ITGAV;ITGB1;ITGB3;ITGB4;ITGB5;ITGB7;LAMA2;MYH7;PLN;SGCA;SNTA1;SSPN;TGFB3;TPM1;TPM2,5.763055812724264e-05,True
KEGG,9,EFFEROCYTOSIS,2.2186434913854653e-06,37,771,144,6576,ALOX5;ANO6;ATP2A1;ATP2A3;AXL;C1QA;C1QB;C1QC;CASP7;CPT1A;CX3CL1;DOCK1;DUSP2;DUSP4;EPOR;ITGAV;ITGB3;ITGB5;MERTK;MFGE8;NR1H3;P2RY12;P2RY2;PECAM1;PROS1;PTGER2;PTK2;RAB7B;RNASE1;S1PR1;SGK1;SLC2A1;SPHK1;STAB1;STAB2;THBS1;TINAGL1,7.0189812272922e-05,True
KEGG,9,LEUKOCYTE TRANSENDOTHELIAL MIGRATION,3.0083047669902867e-06,30,771,107,6576,CD99L2;CDH5;CLDN1;CLDN11;CLDN15;CLDN5;CTNND1;CXCL12;CXCR4;CYBA;CYBB;ESAM;F11R;ICAM1;ITGAM;ITGB1;ITGB2;JAM2;JAM3;MMP2;MMP9;MYL9;PECAM1;PLCG2;PTK2;PXDN;RASSF3;RNASE1;THY1;VCAM1,8.724083824271832e-05,True
KEGG,9,PROTEIN DIGESTION AND ABSORPTION,4.965389918795638e-06,25,771,83,6576,ATP1B1;ATP1B2;COL12A1;COL14A1;COL16A1;COL1A1;COL1A2;COL27A1;COL3A1;COL4A1;COL4A2;COL5A1;COL5A2;COL5A3;COL6A1;COL6A2;COL6A3;COL8A2;DPP4;KCNN4;KCNQ1;PRCP;SLC1A5;SLC7A7;SLC7A8,0.00013291966859545247,True
KEGG,9,MALARIA,7.372818608662038e-06,15,771,37,6576,ACKR1;CD40;CSF3;GYPC;ICAM1;IL18;ITGB2;PECAM1;SDC1;SDC2;TGFB3;THBS1;THBS2;THBS4;VCAM1,0.0001832672054153135,True
KEGG,9,PLATELET ACTIVATION,1.7609970421244908e-05,30,771,116,6576,ADCY4;ADCY5;ADCY6;ADCY7;ADCY9;BTK;COL1A1;COL1A2;COL3A1;FCER1G;FERMT3;GP1BA;ITGA2B;ITGB1;ITGB3;ITPR3;LCP2;MYLK;P2RX1;P2RY12;PIK3CG;PIK3R6;PLA2G4A;PLCG2;PTGS1;RASGRP2;SRC;TBXAS1;VAMP8;VWF,0.0004085513137728818,True
KEGG,9,MICRORNAS IN CANCER,1.8805414062918474e-05,36,771,151,6576,CCND1;CD44;EFNA1;EGFR;ERBB2;FGFR3;FSCN1;HMOX1;ITGA5;ITGB3;MARCKS;MMP9;MYC;NOTCH1;NOTCH2;NOTCH3;PDGFA;PDGFRA;PDGFRB;PLAU;PLCG2;RECK;SLC45A3;SOCS1;SOX4;SPRY2;ST14;THBS1;TIMP3;TNN;TNNC1;TNXB;TPM1;VIM;ZEB2;ZFPM2,0.0004090177558684768,True
KEGG,9,CYTOKINE-CYTOKINE RECEPTOR INTERACTION,3.4274931008725765e-05,44,771,204,6576,ACVRL1;BMP2;CCL19;CCR7;CD4;CD40;CSF1R;CSF3;CTF1;CX3CL1;CXCL12;CXCL14;CXCL6;CXCL9;CXCR3;CXCR4;EBI3;EDA2R;EPOR;GDF10;IL12RB2;IL13RA1;IL15RA;IL17D;IL18;IL18R1;IL18RAP;IL1R1;IL1RL2;IL1RN;IL2RB;IL2RG;IL7R;IL9R;INHA;INHBB;LTBR;OSMR;TGFB3;TGFBR2;TNFRSF1B;TNFRSF21;TNFSF10;TNFSF13,0.0007016279994727392,True
KEGG,9,HEMATOPOIETIC CELL LINEAGE,0.0001059873466879806,19,771,65,6576,ANPEP;CD2;CD34;CD4;CD44;CD9;CSF1R;CSF3;EPOR;GP1BA;HLA-DRA;IL1R1;IL7R;IL9R;ITGA1;ITGA2B;ITGA5;ITGAM;ITGB3,0.002027840541900593,True
KEGG,9,VIRAL PROTEIN INTERACTION WITH CYTOKINE AND CYTOKINE RECEPTOR,0.0001107154318853772,18,771,60,6576,CCL19;CCR7;CSF1R;CX3CL1;CXCL12;CXCL14;CXCL6;CXCL9;CXCR3;CXCR4;IL18;IL18R1;IL18RAP;IL2RB;IL2RG;LTBR;TNFRSF1B;TNFSF10,0.002027840541900593,True
KEGG,9,TGF-BETA SIGNALING PATHWAY,0.00015729715286672414,25,771,100,6576,BAMBI;BMP2;CHRD;DCN;EMP3;FBN1;FMOD;ID1;ID2;ID3;ID4;INHBB;LRRC32;LTBP1;MYC;RGMA;RGMB;SMAD3;SMAD6;SMAD7;TFR2;TGFB3;TGFBR2;TGIF1;THBS1,0.002736970459881,True
KEGG,9,FLUID SHEAR STRESS AND ATHEROSCLEROSIS,0.00019936732159583985,28,771,119,6576,ASS1;CAV1;CAV2;CDH5;CYBA;EDN1;GSTM2;GSTM4;HMOX1;ICAM1;IL1R1;ITGA2B;ITGAV;ITGB3;KLF2;MGST1;MGST2;MMP2;MMP9;PDGFA;PECAM1;PTK2;RNASE1;SDC1;SDC2;SRC;THBD;VCAM1,0.003303801329302489,True
KEGG,9,ARGININE AND PROLINE METABOLISM,0.0003227546873496953,14,771,44,6576,ALDH18A1;ALDH1B1;ALDH2;CKM;CKMT2;GAMT;GATM;HOGA1;MAOA;NPR2;P4HA1;P4HA2;PYCR1;TINAGL1,0.005105392327167907,True
KEGG,9,AMOEBIASIS,0.00040921388410008943,20,771,77,6576,COL1A1;COL1A2;COL3A1;COL4A1;COL4A2;FN1;GNA15;IL1R1;ITGAM;ITGB2;LAMA2;LAMA4;LAMA5;LAMB1;LAMC1;LAMC3;PTK2;RAB7B;TGFB3;TINAGL1,0.005977544038153247,True
KEGG,9,HUMAN PAPILLOMAVIRUS INFECTION,0.00042619613451487287,53,771,287,6576,ATP6V1C2;CCND1;CHAD;COL1A1;COL1A2;COL4A1;COL4A2;COL6A1;COL6A2;COL6A3;CREB3L1;EGFR;FN1;FZD1;FZD4;FZD7;FZD8;HEYL;ITGA1;ITGA11;ITGA2B;ITGA5;ITGA9;ITGAV;ITGB1;ITGB3;ITGB4;ITGB5;ITGB7;LAMA2;LAMA4;LAMA5;LAMB1;LAMC1;LAMC3;LFNG;NOTCH1;NOTCH2;NOTCH3;PDGFRB;PTK2;PXDN;RBPJ;TCF7L2;THBS1;THBS2;THBS4;TNN;TNNC1;TNXB;VWF;WNT11;WNT9A,0.005977544038153247,True
KEGG,9,CGMP-PKG SIGNALING PATHWAY,0.00042942126710871024,32,771,149,6576,ADCY4;ADCY5;ADCY6;ADCY7;ADCY9;ADORA1;ADRA1B;ADRA2A;ADRB1;ATP1B1;ATP1B2;ATP2A1;ATP2A3;ATP2B4;CREB3L1;EDNRA;EDNRB;GATA4;GDNF;INSR;ITPR3;KCNJ8;MYH7;MYL9;MYLK;NPR1;PDE2A;PDE5A;PIK3CG;PIK3R6;PLN;RGS2,0.005977544038153247,True
KEGG,9,AGE-RAGE SIGNALING PATHWAY IN DIABETIC COMPLICATIONS,0.00046962034490617547,23,771,95,6576,CCND1;COL1A1;COL1A2;COL3A1;COL4A1;COL4A2;CYBB;EDN1;F3;FN1;ICAM1;MMP2;PLCD1;PLCG2;PRKCD;RNASE1;SMAD3;STAT5A;TGFB3;TGFBR2;THBD;VCAM1;VEGFC,0.006285687693359579,True
KEGG,9,ARRHYTHMOGENIC RIGHT VENTRICULAR CARDIOMYOPATHY,0.0005179077890920136,21,771,84,6576,ATP2A1;ATP2A3;DES;GJA1;ITGA1;ITGA11;ITGA2B;ITGA5;ITGA9;ITGAV;ITGB1;ITGB3;ITGB4;ITGB5;ITGB7;JUP;LAMA2;SGCA;SNTA1;SSPN;TCF7L2,0.006610307431359247,True
KEGG,9,ARACHIDONIC ACID METABOLISM,0.0005383523397432862,14,771,46,6576,ALOX12;ALOX15B;ALOX5;CBR3;CYP2E1;GGT5;LTC4S;PLA2G4A;PLAAT3;PTGES;PTGIS;PTGR1;PTGS1;TBXAS1,0.006610307431359247,True
KEGG,9,HYPERTROPHIC CARDIOMYOPATHY,0.0005508589526132706,23,771,96,6576,ATP2A1;ATP2A3;DES;EDN1;ITGA1;ITGA11;ITGA2B;ITGA5;ITGA9;ITGAV;ITGB1;ITGB3;ITGB4;ITGB5;ITGB7;LAMA2;MYH7;SGCA;SNTA1;SSPN;TGFB3;TPM1;TPM2,0.006610307431359247,True
KEGG,9,RELAXIN SIGNALING PATHWAY,0.0008478371795479729,26,771,117,6576,ACTA2;ADCY4;ADCY5;ADCY6;ADCY7;ADCY9;ARRB1;COL1A1;COL1A2;COL3A1;COL4A1;COL4A2;CREB3L1;EDN1;EDNRB;EGFR;GDNF;GNA15;GNG11;GNG2;GNG8;MMP2;MMP9;SRC;TGFBR2;VEGFC,0.009834911282756485,True
KEGG,9,ADHERENS JUNCTION,0.0009991429528051412,21,771,88,6576,ARHGAP29;CDH5;CTNND1;EGFR;ERBB2;FGFR1;INSR;MYL9;NECTIN1;NECTIN2;NECTIN4;PTPRB;PTPRM;RASIP1;RNASE1;SMAD3;SNAI1;SRC;TCF7L2;TGFBR2;TJP1,0.01121618540568352,True
KEGG,9,REGULATION OF ACTIN CYTOSKELETON,0.0010464644686931626,40,771,209,6576,ARHGEF6;CXCL12;CXCR4;CYRIA;DOCK1;EGFR;FGFR1;FGFR2;FGFR3;FGFR4;FN1;GSN;ITGA1;ITGA11;ITGA2B;ITGA5;ITGA9;ITGAM;ITGAV;ITGB1;ITGB2;ITGB3;ITGB4;ITGB5;ITGB7;MRAS;MYH11;MYL9;MYLK;PDGFA;PDGFRA;PDGFRB;PPP1R12B;PTK2;PXDN;RGCC;RNASE1;RRAS2;SPATA13;SRC,0.011380301097038144,True
KEGG,9,RAP1 SIGNALING PATHWAY,0.0013126685542485736,38,771,198,6576,ADCY4;ADCY5;ADCY6;ADCY7;ADCY9;ANGPT4;ARAP3;CSF1R;CTNND1;EFNA1;EGFR;EPHA2;FGFR1;FGFR2;FGFR3;FGFR4;FPR1;ID1;INSR;ITGA2B;ITGAM;ITGB1;ITGB2;ITGB3;LCP2;MRAS;PDGFA;PDGFRA;PDGFRB;PGF;RALB;RASGRP2;RASSF3;RNASE1;SRC;TEK;THBS1;VEGFC,0.013842686572075867,True
KEGG,9,REGULATION OF LIPOLYSIS IN ADIPOCYTES,0.0016598450736337537,14,771,51,6576,ADCY4;ADCY5;ADCY6;ADCY7;ADCY9;ADORA1;ADRB1;FABP4;INSR;MGLL;NPR1;PLAAT3;PLIN1;PTGS1,0.016989002518369007,True
KEGG,9,VIRAL MYOCARDITIS,0.0022356101341395158,13,771,47,6576,CAV1;CCND1;CD40;HLA-DRA;ICAM1;ITGB2;LAMA2;MYH7;RNASE1;SGCA;SNTA1;SSPN;ZNF395,0.0222283521908729,True
KEGG,9,VIRION - HERPESVIRUS,0.0023148537989900447,4,771,6,6576,ITGA5;ITGB3;NECTIN1;NECTIN2,0.022376920056903764,True
KEGG,9,BLADDER CANCER,0.002578306081789639,11,771,37,6576,CCND1;DAPK1;EGFR;ERBB2;FGFR3;HBEGF;MMP2;MMP9;MYC;SRC;THBS1,0.024171687940993152,True
KEGG,9,HIPPO SIGNALING PATHWAY - MULTIPLE SPECIES,0.0026394371889590226,9,771,27,6576,DCHS1;FRMD6;RASSF2;TEAD2;TEAD3;TEAD4;WTIP;WWTR1;YAP1,0.024171687940993152,True
KEGG,9,APELIN SIGNALING PATHWAY,0.004826893781203191,25,771,125,6576,ACTA2;ADCY4;ADCY5;ADCY6;ADCY7;ADCY9;APLNR;CCN2;CCND1;GNG11;GNG2;GNG8;ITPR3;KLF2;MAP1LC3A;MRAS;MYL4;MYLK;NOTCH3;PIK3CG;PIK3R6;PLIN1;RRAS2;SMAD3;SPHK1,0.0423044127126557,True
KEGG,9,STAPHYLOCOCCUS AUREUS INFECTION,0.004862576173868471,13,771,51,6576,C1QA;C1QB;C1QC;C3;FPR1;HLA-DRA;ICAM1;ITGAM;ITGB2;KRT14;KRT18;KRT24;PTAFR,0.0423044127126557,True
KEGG,9,CHEMOKINE SIGNALING PATHWAY,0.005122283687335263,29,771,152,6576,ADCY4;ADCY5;ADCY6;ADCY7;ADCY9;ARRB1;CCL19;CCR7;CX3CL1;CXCL12;CXCL14;CXCL6;CXCL9;CXCR3;CXCR4;FGR;GNG11;GNG2;GNG8;GRK5;PIK3CG;PIK3R6;PLCG2;PRKCD;PTK2;PXDN;RASGRP2;RNASE1;SRC,0.04347694446811395,True
KEGG,9,THYROID HORMONE SIGNALING PATHWAY,0.006010131537073543,23,771,114,6576,ATP1B1;ATP1B2;ATP2A1;ATP2A3;CCND1;DIO3;GATA4;ITGAV;ITGB3;MYC;MYH7;NOTCH1;NOTCH2;NOTCH3;PFKP;PLCD1;PLCG2;PLN;RCAN2;SLC16A2;SLC2A1;SRC;THRB,0.049798232735752214,True
KEGG,9,PHAGOSOME,0.00670684223557148,23,771,115,6576,ATP6V1C2;C3;COLEC11;CYBA;CYBB;HLA-DRA;ITGA5;ITGAM;ITGAV;ITGB1;ITGB2;ITGB3;ITGB5;MARCO;MRC1;MRC2;RAB7B;RNASE1;THBS1;THBS2;THBS4;TUBB2A;TUBB6,0.05427863018555523,False
KEGG,9,PERTUSSIS,0.007022261358986985,14,771,59,6576,C1QA;C1QB;C1QC;C3;CASP7;CXCL6;IRF8;ITGA5;ITGAM;ITGB1;ITGB2;NOD1;PYCARD;SERPING1,0.055539703475624334,False
KEGG,9,CORNIFIED ENVELOPE FORMATION,0.007284692444775748,28,771,149,6576,CLDN1;CLDN11;CLDN15;CLDN5;COL4A1;COL4A2;ITGB4;JUP;KDSR;KRT1;KRT14;KRT18;KRT24;KRT7;KRT8;LAMA4;LAMA5;PADI2;PCSK6;PPL;S100A1;S100A10;S100A11;S100A13;S100A4;S100A8;ST14;TJP1,0.056334954906265784,False
KEGG,9,VASCULAR SMOOTH MUSCLE CONTRACTION,0.0082998494765991,23,771,117,6576,ACTA2;ADCY4;ADCY5;ADCY6;ADCY7;ADCY9;ADM;ADRA1B;CALD1;EDN1;EDNRA;ITPR3;MYH11;MYL9;MYLK;NPR1;PLA2G4A;PPP1R12B;PPP1R14A;PRKCD;RAMP1;RAMP2;RAMP3,0.06279016560557579,False
KEGG,9,SMALL CELL LUNG CANCER,0.01093506574702592,18,771,87,6576,CCND1;COL4A1;COL4A2;FN1;GADD45A;GADD45G;ITGA2B;ITGAV;ITGB1;LAMA2;LAMA4;LAMA5;LAMB1;LAMC1;LAMC3;MYC;PTK2;TRAF4,0.08096601872266,False
KEGG,9,HIPPO SIGNALING PATHWAY,0.012274665745338899,27,771,148,6576,AREG;BMP2;CCN2;CCND1;FRMD6;FZD1;FZD4;FZD7;FZD8;ID1;ID2;ITGB2;MYC;NKD2;SMAD3;SMAD7;TCF7L2;TEAD2;TEAD3;TEAD4;TGFB3;TGFBR2;WNT11;WNT9A;WTIP;WWTR1;YAP1,0.08734563268264092,False
KEGG,9,TRANSCRIPTIONAL MISREGULATION IN CANCER,0.012412401907264588,28,771,155,6576,CD40;CDKN2C;CEBPA;CSF1R;ETV5;GADD45A;GADD45G;GDNF;ID2;IGFBP3;IL2RB;ITGAM;ITGB7;JUP;LDB2;LMO2;LYL1;MAF;MITF;MMP9;MYC;PAX5;PDGFA;PLAU;PTK2;RUNX2;SLC45A3;TGFBR2,0.08734563268264092,False
KEGG,9,DRUG METABOLISM - CYTOCHROME P450,0.012549659868195534,8,771,28,6576,ALDH3A1;AOX1;CYP2E1;GSTM2;GSTM4;MAOA;MGST1;MGST2,0.08734563268264092,False
KEGG,9,GAP JUNCTION,0.015269800807253535,16,771,77,6576,ADCY4;ADCY5;ADCY6;ADCY7;ADCY9;ADRB1;EGFR;GJA1;ITPR3;PDGFA;PDGFRA;PDGFRB;SRC;TJP1;TUBB2A;TUBB6,0.10419393492008296,False
KEGG,9,INTESTINAL IMMUNE NETWORK FOR IGA PRODUCTION,0.0155979402681523,8,771,29,6576,CD40;CXCL12;CXCR4;HLA-DRA;IL15RA;ITGB7;LTBR;TNFSF13,0.10438621564071154,False
KEGG,9,PPAR SIGNALING PATHWAY,0.016612936854451064,14,771,65,6576,ACSL5;ANGPTL4;CPT1A;CYP27A1;FABP3;FABP4;FABP5;LPL;NR1H3;PLIN1;PLIN2;PLIN4;PLIN5;PLTP,0.10908117028960321,False
KEGG,9,METABOLISM OF XENOBIOTICS BY CYTOCHROME P450,0.01914784071642941,8,771,30,6576,ALDH3A1;CBR3;CYP2E1;GSTM2;GSTM4;HSD11B1;MGST1;MGST2,0.12339719572810065,False
KEGG,9,WNT SIGNALING PATHWAY,0.021788942045688698,27,771,155,6576,APCDD1;BAMBI;CCND1;DAAM2;DKK2;FOSL1;FRZB;FZD1;FZD4;FZD7;FZD8;LGR4;LRP5;MYC;NKD2;RNASE1;RSPO4;SERPINF1;SFRP1;SFRP5;SMAD3;SOX17;TCF7L2;TLE1;VANGL2;WNT11;WNT9A,0.13786457876181213,False
KEGG,9,SPHINGOLIPID METABOLISM,0.023848981833680564,11,771,49,6576,B4GALNT1;EGFL7;GLB1;GM2A;HEXB;KDSR;PLPP1;PLPP3;SGPP2;SMPD2;SPHK1,0.14709892592788162,False
KEGG,9,ALDOSTERONE SYNTHESIS AND SECRETION,0.024093789591635783,16,771,81,6576,ADCY4;ADCY5;ADCY6;ADCY7;ADCY9;ATP1B1;ATP1B2;ATP2B4;CACNA1G;CAMK1;CREB3L1;GDNF;ITPR3;NPR1;NR4A1;PDE2A,0.14709892592788162,False
KEGG,9,AXON GUIDANCE,0.025003247975958817,29,771,171,6576,ABLIM3;CXCL12;CXCR4;EFNA1;EFNB1;EFNB2;EPHA1;EPHA2;EPHB4;FES;ITGB1;MYL9;NRP1;NTN1;NTN4;PLCG2;PLXNA2;PTK2;RGMA;RGS3;RHOD;RNASE1;SEMA3B;SEMA3F;SEMA3G;SEMA4B;SEMA4C;SEMA7A;SRC,0.15001948785575292,False
KEGG,9,PANCREATIC SECRETION,0.026803303600323233,16,771,82,6576,ADCY4;ADCY5;ADCY6;ADCY7;ADCY9;ATP1B1;ATP1B2;ATP2A1;ATP2A3;ATP2B4;CA2;CEL;CLCA2;ITPR3;KCNQ1;RNASE1,0.15809406191377096,False
KEGG,9,INFLAMMATORY BOWEL DISEASE,0.02745455759726411,11,771,50,6576,HLA-DRA;IL12RB2;IL18;IL18R1;IL18RAP;IL2RG;MAF;RORC;SMAD3;TBX21;TGFB3,0.15832729348286867,False
KEGG,9,MELANOGENESIS,0.02775277270820399,17,771,89,6576,ADCY4;ADCY5;ADCY6;ADCY7;ADCY9;CREB3L1;EDN1;EDNRB;FZD1;FZD4;FZD7;FZD8;MC1R;MITF;TCF7L2;WNT11;WNT9A,0.15832729348286867,False
KEGG,9,SALIVARY SECRETION,0.028666042725243212,13,771,63,6576,ADCY4;ADCY5;ADCY6;ADCY7;ADCY9;ADRA1B;ADRB1;AQP5;ATP1B1;ATP1B2;ATP2B4;ITPR3;KCNN4,0.16003844810392143,False
KEGG,9,GLYCOSAMINOGLYCAN BIOSYNTHESIS - CHONDROITIN SULFATE / DERMATAN SULFATE,0.029427493054905947,6,771,21,6576,CHPF;CHST11;CHST13;CHST7;DSE;UST,0.16003844810392143,False
KEGG,9,IGSF CAM SIGNALING,0.029468636191295448,41,771,261,6576,CD2;CLMP;DOK1;DOK2;EPB41L1;EPB41L2;EPB41L3;ESAM;F11R;FGFR1;ICAM1;ICAM2;INPP5D;ITGA5;ITGAM;ITGB1;ITGB2;ITGB3;JAM2;JAM3;LCP2;MPZ;MYH11;MYL9;MYLK;NECTIN1;NECTIN2;NECTIN4;NRP1;NTN1;PLCG2;PLXNA2;PTK2;PXDN;RNASE1;ROBO4;SRC;TJP1;TJP2;TUBB2A;TUBB6,0.16003844810392143,False
KEGG,9,ADRENERGIC SIGNALING IN CARDIOMYOCYTES,0.029892238869985325,24,771,138,6576,ADCY4;ADCY5;ADCY6;ADCY7;ADCY9;ADRA1B;ADRB1;ATP1B1;ATP1B2;ATP2A1;ATP2A3;ATP2B4;CREB3L1;GDNF;KCNQ1;MYH7;MYL4;PIK3CG;PIK3R6;PLN;POPDC2;PPP1R1A;TPM1;TPM2,0.16003844810392143,False
KEGG,9,OTHER GLYCAN DEGRADATION,0.0316705887902625,5,771,16,6576,AGA;EGFL7;FUCA1;GLB1;HEXB,0.16444786185304958,False
KEGG,9,"PARATHYROID HORMONE SYNTHESIS, SECRETION AND ACTION",0.03180005354420978,19,771,104,6576,ADCY4;ADCY5;ADCY6;ADCY7;ADCY9;ARRB1;CREB3L1;EGFR;FGFR1;GDNF;HBEGF;ITPR3;LRP5;MMP14;MMP15;MMP28;PTH1R;RUNX2;SGK1,0.16444786185304958,False
KEGG,9,OSTEOCLAST DIFFERENTIATION,0.03213349024714762,20,771,111,6576,ACP5;ATP2A1;ATP2A3;BTK;CSF1R;CTSK;CYBA;FOSL1;IL1R1;ITGB3;ITPR3;LCP2;MITF;OSCAR;PLCG2;RNASE1;SOCS1;SOCS3;TGFBR2;TYROBP,0.16444786185304958,False
KEGG,9,CALCIUM SIGNALING PATHWAY,0.03415270002227848,37,771,234,6576,ADCY4;ADCY7;ADCY9;ADRA1B;ADRB1;ATP2A1;ATP2A3;ATP2B4;CACNA1G;CAMK1;CXCR4;EDNRA;EDNRB;EGFR;ERBB2;FGFR1;FGFR2;FGFR3;FGFR4;GDNF;GNA15;HRC;ITPKC;ITPR3;MYLK;ORAI3;P2RX1;PDGFA;PDGFRA;PDGFRB;PHKG1;PLCD1;PLCG2;PLN;PTAFR;SPHK1;VEGFC,0.172248400112361,False
KEGG,9,THYROID HORMONE SYNTHESIS,0.04041671742585262,13,771,66,6576,ADCY4;ADCY5;ADCY6;ADCY7;ADCY9;ASGR1;ATP1B1;ATP1B2;CREB3L1;GDNF;GPX3;GPX7;ITPR3,0.20092882377423874,False
KEGG,9,HUMAN T-CELL LEUKEMIA VIRUS 1 INFECTION,0.04643123692187599,31,771,195,6576,ADCY4;ADCY5;ADCY6;ADCY7;ADCY9;CCND1;CD4;CD40;CDKN2C;CREB3L1;EGR2;ETS1;ETS2;FOSL1;GDNF;HLA-DRA;ICAM1;IL15RA;IL1R1;IL2RB;IL2RG;ITGB2;LTBR;MSX1;MYC;NRP1;SLC2A1;SMAD3;STAT5A;TGFB3;TGFBR2,0.22652610981389165,False
KEGG,9,PHOSPHOLIPASE D SIGNALING PATHWAY,0.04703358096046395,23,771,137,6576,ADCY4;ADCY5;ADCY6;ADCY7;ADCY9;AGPAT3;CYTH3;EGFR;FCER1G;INSR;MRAS;PDGFA;PDGFRA;PDGFRB;PIK3CG;PIK3R6;PLA2G4A;PLCG2;PLPP1;PLPP3;RALB;RRAS2;SPHK1,0.22652610981389165,False
KEGG,9,JAK-STAT SIGNALING PATHWAY,0.04798198813573421,21,771,123,6576,AOX1;CCND1;CSF3;CTF1;EGFR;EPOR;IL12RB2;IL13RA1;IL15RA;IL2RB;IL2RG;IL7R;IL9R;MYC;OSMR;PDGFA;PDGFRA;PDGFRB;SOCS1;SOCS3;STAT5A,0.22652610981389165,False
KEGG,9,CHEMICAL CARCINOGENESIS - RECEPTOR ACTIVATION,0.04816934519031029,26,771,159,6576,ADCY4;ADCY5;ADCY6;ADCY7;ADCY9;ADRB1;AHR;AREG;ARRB1;CCND1;CREB3L1;DLL4;EGFR;GDNF;GSTM2;GSTM4;KLF4;KLF5;MGST1;MGST2;MYC;NOTCH2;RPS6KA1;RPS6KA2;SRC;STAT5A,0.22652610981389165,False
KEGG,9,NOTCH SIGNALING PATHWAY,0.05146556617024404,11,771,55,6576,DLL4;DTX1;DTX4;HEYL;JAG2;LFNG;NOTCH1;NOTCH2;NOTCH3;RBPJ;TLE1,0.23880022702993237,False
KEGG,9,HEPATOCELLULAR CARCINOMA,0.053219483703298875,24,771,146,6576,CCND1;EGFR;FZD1;FZD4;FZD7;FZD8;GADD45A;GADD45G;GSTM2;GSTM4;HMOX1;IGF2;LRP5;MGST1;MGST2;MYC;PLCG2;SMAD3;TCF7L2;TGFB3;TGFBR2;TXNRD1;WNT11;WNT9A,0.24082325976826338,False
KEGG,9,CENTRAL CARBON METABOLISM IN CANCER,0.05365910192536109,12,771,62,6576,EGFR;ERBB2;FGFR1;FGFR2;FGFR3;IDH2;MYC;PDGFRA;PDGFRB;PFKP;SLC1A5;SLC2A1,0.24082325976826338,False
KEGG,9,CHEMICAL CARCINOGENESIS - DNA ADDUCTS,0.05397762718943835,6,771,24,6576,CYP2E1;GSTM2;GSTM4;HSD11B1;MGST1;MGST2,0.24082325976826338,False
KEGG,9,RIBOFLAVIN METABOLISM,0.05721355573889525,3,771,8,6576,ACP2;ACP5;ENPP1,0.2520293341409563,False
KEGG,9,HISTIDINE METABOLISM,0.06285325445554457,5,771,19,6576,ALDH1B1;ALDH2;ALDH3A1;HNMT;MAOA,0.2734116568816189,False
KEGG,9,TIGHT JUNCTION,0.06466987897120445,24,771,149,6576,AMOTL1;AMOTL2;CCND1;CGNL1;CLDN1;CLDN11;CLDN15;CLDN5;ERBB2;F11R;GATA4;HCLS1;ITGB1;JAM2;JAM3;MICALL2;MYH11;MYL9;RAB13;RNASE1;SRC;TJP1;TJP2;TJP3,0.2753447760202425,False
KEGG,9,LYSOSOME,0.06491499164874628,20,771,120,6576,ACP2;ACP5;AGA;CTSC;CTSH;CTSK;CTSZ;EGFL7;FUCA1;GLB1;GM2A;HEXB;HYAL2;LAPTM5;LGMN;LITAF;NAGLU;NPC2;SLC11A1;SORT1,0.2753447760202425,False
KEGG,9,GLUTATHIONE METABOLISM,0.06567131152206933,9,771,44,6576,ANPEP;GGT5;GPX3;GPX7;GSTM2;GSTM4;IDH2;MGST1;MGST2,0.2753447760202425,False
KEGG,9,OVARIAN STEROIDOGENESIS,0.06960818135454869,8,771,38,6576,ADCY4;ADCY5;ADCY6;ADCY7;ADCY9;ALOX5;INSR;PLA2G4A,0.2883767513259874,False
KEGG,9,GLYCOSPHINGOLIPID BIOSYNTHESIS - GLOBO AND ISOGLOBO SERIES,0.07194869831643426,4,771,14,6576,A4GALT;ABO;GBGT1;HEXB,0.294566435460225,False
KEGG,9,TH1 AND TH2 CELL DIFFERENTIATION,0.07357939613548327,14,771,79,6576,CD4;DLL4;HLA-DRA;IL12RB2;IL2RB;IL2RG;JAG2;MAF;NOTCH1;NOTCH2;NOTCH3;RBPJ;STAT5A;TBX21,0.29773988203660673,False
KEGG,9,INFLAMMATORY MEDIATOR REGULATION OF TRP CHANNELS,0.07964770269576034,15,771,87,6576,ADCY4;ADCY5;ADCY6;ADCY7;ADCY9;ALOX12;IL1R1;ITPR3;P2RY2;PLA2G4A;PLCG2;PRKCD;PTGER2;SRC;TRPV2,0.31859081078304136,False
KEGG,9,RETINOL METABOLISM,0.08386584895107978,7,771,33,6576,ALDH1A2;AOX1;CYP26B1;DHRS3;RDH10;RDH5;SDR16C5,0.3316513117610882,False
KEGG,9,RHEUMATOID ARTHRITIS,0.08725934836465007,12,771,67,6576,ACP5;ATP6V1C2;CTSK;CXCL12;CXCL6;HLA-DRA;ICAM1;IL18;ITGB2;TEK;TGFB3;TNFSF13,0.3411938565269464,False
KEGG,9,NF-KAPPA B SIGNALING PATHWAY,0.09297380735411649,15,771,89,6576,BTK;CARD10;CARD14;CCL19;CD40;CXCL12;EDA2R;GADD45A;GADD45G;ICAM1;IL1R1;LTBR;PLAU;PLCG2;VCAM1,0.3588315520519421,False
KEGG,9,CORTISOL SYNTHESIS AND SECRETION,0.09425502676035943,10,771,54,6576,ADCY4;ADCY5;ADCY6;ADCY7;ADCY9;CACNA1G;CREB3L1;GDNF;ITPR3;NR4A1,0.3588315520519421,False
KEGG,9,INSULIN SECRETION,0.09486351376085826,13,771,75,6576,ADCY4;ADCY5;ADCY6;ADCY7;ADCY9;ATP1B1;ATP1B2;C1QTNF1;CREB3L1;GDNF;ITPR3;KCNN4;SLC2A1,0.3588315520519421,False
KEGG,9,PROSTATE CANCER,0.09845735283474641,16,771,97,6576,AREG;CCND1;CREB3L1;EGFR;ERBB2;ETV5;FGFR1;FGFR2;FOLR2;MMP9;PDGFA;PDGFRA;PDGFRB;PLAU;SLC46A1;TCF7L2,0.36842106222034143,False
KEGG,9,BREAST CANCER,0.1061364294918008,21,771,135,6576,CCND1;DLL4;EGFR;ERBB2;FGFR1;FZD1;FZD4;FZD7;FZD8;GADD45A;GADD45G;HEYL;JAG2;LRP5;MYC;NOTCH1;NOTCH2;NOTCH3;TCF7L2;WNT11;WNT9A,0.39293061131007107,False
KEGG,9,HORMONE SIGNALING,0.1089503562654739,29,771,196,6576,ADCY4;ADCY5;ADCY6;ADCY7;ADCY9;ADRA1B;ADRA2A;ADRB1;C1QTNF1;EPOR;GNA15;GNG11;GNG2;GNG8;IGF2;INSR;ITGAV;ITGB3;MC1R;NPR1;PTH1R;RAMP1;RAMP2;RAMP3;SLC16A2;SLC40A1;SRC;STAT5A;THRB,0.39910235768826224,False
KEGG,9,LEGIONELLOSIS,0.11150885802095428,8,771,42,6576,C3;CASP7;COLEC11;IL18;ITGAM;ITGB2;NLRC4;PYCARD,0.40421961032595927,False
KEGG,9,FOXO SIGNALING PATHWAY,0.11880865848977343,19,771,122,6576,CCND1;DEPP1;EGFR;FBXO32;GADD45A;GADD45G;HOMER2;HOMER3;IL7R;INSR;KLF2;PLK2;S1PR1;SGK1;SMAD3;SOD2;TGFB3;TGFBR2;TNFSF10,0.42624137272619744,False
KEGG,9,FERROPTOSIS,0.12118490675336847,7,771,36,6576,ACSL5;CP;CYBB;HMOX1;LPCAT3;MAP1LC3A;SLC40A1,0.43033007704257376,False
KEGG,9,EPITHELIAL CELL SIGNALING IN HELICOBACTER PYLORI INFECTION,0.12337047702860097,11,771,64,6576,ATP6V1C2;EGFR;F11R;HBEGF;JAM2;JAM3;NOD1;PLCG2;RNASE1;SRC;TJP1,0.4336659192520519,False
KEGG,9,HUMAN CYTOMEGALOVIRUS INFECTION,0.1274517615629892,27,771,184,6576,ADCY4;ADCY5;ADCY6;ADCY7;ADCY9;CCND1;CREB3L1;CX3CL1;CXCL12;CXCR4;EGFR;GDNF;GNG11;GNG2;GNG8;IL1R1;ITGAV;ITGB3;ITPR3;MYC;PDGFRA;PTGER2;PTK2;PXDN;RNASE1;SRC;STING1,0.44353213023920246,False
KEGG,9,GLYCOSAMINOGLYCAN DEGRADATION,0.1295119706906993,4,771,17,6576,GLB1;HEXB;HYAL2;NAGLU,0.44359112685040714,False
KEGG,9,MAPK SIGNALING PATHWAY,0.1319659163810152,40,771,286,6576,ANGPT4;AREG;ARRB1;CACNA1G;CSF1R;DUSP2;DUSP4;EFNA1;EGFR;EPHA2;ERBB2;FGFR1;FGFR2;FGFR3;FGFR4;GADD45A;GADD45G;GDNF;IGF2;IL1R1;INSR;MAP3K8;MRAS;MYC;NR4A1;NRTN;PDGFA;PDGFRA;PDGFRB;PGF;PLA2G4A;RASGRP2;RNASE1;RPS6KA1;RPS6KA2;RRAS2;TEK;TGFB3;TGFBR2;VEGFC,0.44359112685040714,False
KEGG,9,TNF SIGNALING PATHWAY,0.1332923060016114,17,771,109,6576,CASP7;CREB3L1;CX3CL1;CXCL6;DAB2IP;EDN1;GDNF;ICAM1;IL18R1;MAP3K8;MMP14;MMP9;RHBDF1;SOCS3;TNFRSF1B;VCAM1;VEGFC,0.44359112685040714,False
KEGG,9,GASTRIC ACID SECRETION,0.13372296584449458,11,771,65,6576,ADCY4;ADCY5;ADCY6;ADCY7;ADCY9;ATP1B1;ATP1B2;CA2;ITPR3;KCNQ1;MYLK,0.44359112685040714,False
KEGG,9,RAS SIGNALING PATHWAY,0.13384215034279526,31,771,216,6576,ANGPT4;CSF1R;EFNA1;EGFR;EPHA2;ETS1;ETS2;FGFR1;FGFR2;FGFR3;FGFR4;GNG11;GNG2;GNG8;IGF2;INSR;MRAS;PDGFA;PDGFRA;PDGFRB;PGF;PLA2G4A;PLAAT3;PLCG2;RALB;RASGRP2;RASSF3;RNASE1;RRAS2;TEK;VEGFC,0.44359112685040714,False
KEGG,9,INSULIN RESISTANCE,0.13705112605528225,16,771,102,6576,CPT1A;CREB3L1;GFPT2;INSR;MLXIPL;NR1H3;PPP1R3B;PPP1R3C;PRKCD;PYGL;PYGM;RPS6KA1;RPS6KA2;SLC27A3;SLC2A1;SOCS3,0.44994143270979453,False
KEGG,9,GNRH SIGNALING PATHWAY,0.13857579575393342,13,771,80,6576,ADCY4;ADCY5;ADCY6;ADCY7;ADCY9;EGFR;HBEGF;ITPR3;MMP14;MMP2;PLA2G4A;PRKCD;SRC,0.4503228896044215,False
KEGG,9,CUSHING SYNDROME,0.1397553795324067,21,771,140,6576,ADCY4;ADCY5;ADCY6;ADCY7;ADCY9;AHR;CACNA1G;CCND1;CDKN2C;CREB3L1;EGFR;FZD1;FZD4;FZD7;FZD8;GDNF;ITPR3;NR4A1;TCF7L2;WNT11;WNT9A,0.4503228896044215,False
KEGG,9,PRIMARY IMMUNODEFICIENCY,0.1478356958286797,6,771,31,6576,ADA;BTK;CD4;CD40;IL2RG;IL7R,0.4719891940218398,False
KEGG,9,CHOLESTEROL METABOLISM,0.16437370919649533,8,771,46,6576,ANGPTL4;APOC1;APOE;CYP27A1;LPL;NPC2;PLTP;SORT1,0.5200186436398215,False
KEGG,9,BASAL CELL CARCINOMA,0.1716792743750541,10,771,61,6576,BMP2;FZD1;FZD4;FZD7;FZD8;GADD45A;GADD45G;TCF7L2;WNT11;WNT9A,0.5382377250677371,False
KEGG,9,SIGNALING PATHWAYS REGULATING PLURIPOTENCY OF STEM CELLS,0.17396897996208044,19,771,129,6576,FGFR1;FGFR2;FGFR3;FGFR4;FZD1;FZD4;FZD7;FZD8;ID1;ID2;ID3;ID4;INHBB;KLF4;MYC;SMAD3;TBX3;WNT11;WNT9A,0.5405464734536071,False
KEGG,9,VIRION - HEPATITIS VIRUSES,0.1818334902078439,7,771,40,6576,CD9;CLDN1;CLDN11;CLDN15;CLDN5;DPP4;EGFR,0.5588649785671786,False
KEGG,9,BILE SECRETION,0.18468239234260214,10,771,62,6576,ADCY4;ADCY5;ADCY6;ADCY7;ADCY9;AQP9;ATP1B1;ATP1B2;CA2;SLC2A1,0.5588649785671786,False
KEGG,9,RENIN SECRETION,0.18468239234260214,10,771,62,6576,ADCY5;ADCY6;ADORA1;ADRB1;CLCA2;EDN1;EDNRA;ITPR3;NPR1;PTGER2,0.5588649785671786,False
KEGG,9,GLYCOSAMINOGLYCAN BIOSYNTHESIS - KERATAN SULFATE,0.1889237921755698,3,771,13,6576,B4GALT1;B4GALT4;CHST2,0.56424796350011,False
KEGG,9,GLYCEROLIPID METABOLISM,0.18970405669400248,9,771,55,6576,AGPAT3;ALDH1B1;ALDH2;CEL;DGAT2;LPL;MGLL;PLPP1;PLPP3,0.56424796350011,False
KEGG,9,BACTERIAL INVASION OF EPITHELIAL CELLS,0.19204371816755722,11,771,70,6576,CAV1;CAV2;DOCK1;FN1;HCLS1;ITGA5;ITGB1;PTK2;PXDN;RNASE1;SRC,0.5663662196805925,False
KEGG,9,NEUTROPHIL EXTRACELLULAR TRAP FORMATION,0.20002761554517087,15,771,101,6576,AQP9;C3;CYBA;CYBB;FPR1;GP1BA;ITGA2B;ITGAM;ITGB2;ITGB3;PADI4;PLCG2;RNASE1;SRC;VWF,0.5796346588368448,False
KEGG,9,NICOTINATE AND NICOTINAMIDE METABOLISM,0.20190943553506238,6,771,34,6576,AOX1;ENPP1;NMRK1;NNMT;NT5E;QPRT,0.5796346588368448,False
KEGG,9,FC GAMMA R-MEDIATED PHAGOCYTOSIS,0.20314023437246745,13,771,86,6576,ASAP3;DOCK1;GSN;INPP5D;MARCKS;MARCKSL1;PLA2G4A;PLCG2;PLPP1;PLPP3;PRKCD;RNASE1;SPHK1,0.5796346588368448,False
KEGG,9,AFRICAN TRYPANOSOMIASIS,0.2032052539600433,5,771,27,6576,ICAM1;IDO1;IL18;LAMA4;VCAM1,0.5796346588368448,False
KEGG,9,TOXOPLASMOSIS,0.20734974265779693,14,771,94,6576,ALOX5;CD40;HLA-DRA;ITGB1;LAMA2;LAMA4;LAMA5;LAMB1;LAMC1;LAMC3;PIK3CG;PIK3R6;SOCS1;TGFB3,0.5866480523976694,False
KEGG,9,ESTROGEN SIGNALING PATHWAY,0.21637796557314865,17,771,118,6576,ADCY4;ADCY5;ADCY6;ADCY7;ADCY9;CREB3L1;EGFR;GDNF;HBEGF;ITPR3;KRT14;KRT18;KRT24;MMP2;MMP9;PRKCD;SRC,0.6003709335490186,False
KEGG,9,NATURAL KILLER CELL MEDIATED CYTOTOXICITY,0.2181457719255048,11,771,72,6576,FCER1G;ICAM1;ICAM2;ITGB2;LCP2;PLCG2;RNASE1;SLC7A8;TNFSF10;TYROBP;ZNF395,0.6003709335490186,False
KEGG,9,ASCORBATE AND ALDARATE METABOLISM,0.22082609050078847,3,771,14,6576,ALDH1B1;ALDH2;HSD17B14,0.6003709335490186,False
KEGG,9,PHENYLALANINE METABOLISM,0.22082609050078847,3,771,14,6576,ALDH3A1;AOC3;MAOA,0.6003709335490186,False
KEGG,9,TAURINE AND HYPOTAURINE METABOLISM,0.22082609050078847,3,771,14,6576,ADO;CDO1;GGT5,0.6003709335490186,False
KEGG,9,LEISHMANIASIS,0.23459486946908642,9,771,58,6576,C3;CYBA;CYBB;HLA-DRA;ITGAM;ITGB1;ITGB2;MARCKSL1;TGFB3,0.6321530591281709,False
KEGG,9,COLORECTAL CANCER,0.2361491312835121,12,771,81,6576,AREG;CCND1;EGFR;GADD45A;GADD45G;MYC;RALB;RNASE1;SMAD3;TCF7L2;TGFB3;TGFBR2,0.6321530591281709,False
KEGG,9,"VIRION - EBOLAVIRUS, LYSSAVIRUS AND MORBILLIVIRUS",0.23941397389844463,2,771,8,6576,ASGR1;NECTIN4,0.6333476296478796,False
KEGG,9,GASTRIC CANCER,0.24023530779747154,19,771,136,6576,CCND1;EGFR;ERBB2;FGFR2;FZD1;FZD4;FZD7;FZD8;GADD45A;GADD45G;JUP;LRP5;MYC;SMAD3;TCF7L2;TGFB3;TGFBR2;WNT11;WNT9A,0.6333476296478796,False
KEGG,9,BETA-ALANINE METABOLISM,0.24808065659641945,5,771,29,6576,ABAT;ALDH1B1;ALDH2;ALDH3A1;AOC3,0.6491132969590524,False
KEGG,9,GLYCOSPHINGOLIPID BIOSYNTHESIS - GANGLIO SERIES,0.2536893795253294,3,771,15,6576,B4GALNT1;GLB1;HEXB,0.6588351050359301,False
KEGG,9,PANCREATIC CANCER,0.2597798648370272,11,771,75,6576,ARHGEF6;CCND1;EGFR;ERBB2;GADD45A;GADD45G;RALB;RNASE1;SMAD3;TGFB3;TGFBR2,0.6696547626910034,False
KEGG,9,HIF-1 SIGNALING PATHWAY,0.2673454657461623,14,771,99,6576,ANGPT4;CYBB;EDN1;EGFR;EGLN3;ERBB2;HMOX1;INSR;LTBR;PFKP;PLCG2;SLC2A1;TEK;TIMP1,0.684089868232827,False
KEGG,9,VIBRIO CHOLERAE INFECTION,0.2713714987798573,7,771,45,6576,ADCY9;ATP6V1C2;KCNQ1;KDELR3;PLCG2;TJP1;TJP2,0.6844122892313784,False
KEGG,9,TYROSINE METABOLISM,0.27140487331589147,5,771,30,6576,ALDH3A1;AOC3;AOX1;FAH;MAOA,0.6844122892313784,False
KEGG,9,GLYCOSPHINGOLIPID BIOSYNTHESIS - LACTO AND NEOLACTO SERIES,0.28037049209925147,4,771,23,6576,A4GALT;ABO;B4GALT1;B4GALT4,0.6969209375038536,False
KEGG,9,TYPE I DIABETES MELLITUS,0.28037049209925147,4,771,23,6576,CPE;HLA-DRA;ICA1;ZNF395,0.6969209375038536,False
KEGG,9,FC EPSILON RI SIGNALING PATHWAY,0.28285422655166376,9,771,61,6576,ALOX5;ALOX5AP;BTK;FCER1G;INPP5D;LCP2;PLA2G4A;PLCG2;RNASE1,0.6981083038296383,False
KEGG,9,LONGEVITY REGULATING PATHWAY - MULTIPLE SPECIES,0.29584893131365464,8,771,54,6576,ADCY4;ADCY5;ADCY6;ADCY7;ADCY9;CRYAB;INSR;SOD2,0.7250382260362804,False
KEGG,9,TRYPTOPHAN METABOLISM,0.304236490549027,6,771,39,6576,ALDH1B1;ALDH2;AOX1;IDO1;INMT;MAOA,0.7370024312120996,False
KEGG,9,MORPHINE ADDICTION,0.30496652326017915,12,771,86,6576,ADCY4;ADCY5;ADCY6;ADCY7;ADCY9;ADORA1;ARRB1;GNG11;GNG2;GNG8;GRK5;PDE2A,0.7370024312120996,False
KEGG,9,ETHER LIPID METABOLISM,0.3100777086298344,7,771,47,6576,CHPT1;ENPP2;LPCAT2;PLA2G4A;PLAAT3;PLPP1;PLPP3,0.7390893328985094,False
KEGG,9,MINERAL ABSORPTION,0.3100777086298344,7,771,47,6576,ATP1B1;ATP1B2;ATP2B4;CYBRD1;HMOX1;SLC40A1;SLC46A1,0.7390893328985094,False
KEGG,9,ALLOGRAFT REJECTION,0.32095376287916627,3,771,17,6576,CD40;HLA-DRA;ZNF395,0.7496101307513413,False
KEGG,9,ASTHMA,0.32095376287916627,3,771,17,6576,CD40;FCER1G;HLA-DRA,0.7496101307513413,False
KEGG,9,FOLATE BIOSYNTHESIS,0.32095376287916627,3,771,17,6576,ALPL;GCH1;MOCS1,0.7496101307513413,False
KEGG,9,OXYTOCIN SIGNALING PATHWAY,0.35142665279244995,18,771,138,6576,ADCY4;ADCY5;ADCY6;ADCY7;ADCY9;CAMK1;CCND1;EGFR;ITPR3;MYL9;MYLK;NPR1;PIK3CG;PIK3R6;PLA2G4A;PPP1R12B;RGS2;SRC,0.8153098344784839,False
KEGG,9,GALACTOSE METABOLISM,0.36397930042134585,4,771,26,6576,B4GALT1;GALM;GLB1;PFKP,0.8388397122293269,False
KEGG,9,"GROWTH HORMONE SYNTHESIS, SECRETION AND ACTION",0.37320126979374385,14,771,107,6576,ADCY4;ADCY5;ADCY6;ADCY7;ADCY9;CREB3L1;GDNF;IGFBP3;ITPR3;PLCG2;PTK2;SOCS1;SOCS3;STAT5A,0.8544344861067293,False
KEGG,9,CARDIAC MUSCLE CONTRACTION,0.38320110452378714,10,771,75,6576,ATP1B1;ATP1B2;ATP2A1;ATP2A3;HRC;MYH7;MYL4;PTGS1;TPM1;TPM2,0.8715946691129276,False
KEGG,9,TH17 CELL DIFFERENTIATION,0.39317158462172996,12,771,92,6576,AHR;CD4;EBI3;HLA-DRA;IL1R1;IL2RB;IL2RG;RORC;SMAD3;STAT5A;TBX21;TGFBR2,0.8884656587555976,False
KEGG,9,GABAERGIC SYNAPSE,0.396404316588232,11,771,84,6576,ABAT;ADCY4;ADCY5;ADCY6;ADCY7;ADCY9;GNG11;GNG2;GNG8;SLC38A5;SRC,0.8899916269206758,False
KEGG,9,GLIOMA,0.4030915590380152,9,771,68,6576,CAMK1;CCND1;EGFR;GADD45A;GADD45G;PDGFA;PDGFRA;PDGFRB;PLCG2,0.8934768314982757,False
KEGG,9,MELANOMA,0.4030915590380152,9,771,68,6576,CCND1;EGFR;FGFR1;GADD45A;GADD45G;MITF;PDGFA;PDGFRA;PDGFRB,0.8934768314982757,False
KEGG,9,ENDOCRINE AND OTHER FACTOR-REGULATED CALCIUM REABSORPTION,0.41346642823178353,6,771,44,6576,ADCY6;ADCY9;ATP1B1;ATP1B2;ATP2B4;PTH1R,0.8939353330670831,False
KEGG,9,SYSTEMIC LUPUS ERYTHEMATOSUS,0.41346642823178353,6,771,44,6576,C1QA;C1QB;C1QC;C3;CD40;HLA-DRA,0.8939353330670831,False
KEGG,9,FATTY ACID DEGRADATION,0.4167929338750887,5,771,36,6576,ACAA2;ACSL5;ALDH1B1;ALDH2;CPT1A,0.8939353330670831,False
KEGG,9,THYROID CANCER,0.4167929338750887,5,771,36,6576,CCND1;GADD45A;GADD45G;MYC;TCF7L2,0.8939353330670831,False
KEGG,9,AUTOIMMUNE THYROID DISEASE,0.42146776242633277,3,771,20,6576,CD40;HLA-DRA;ZNF395,0.8939353330670831,False
KEGG,9,FOLATE TRANSPORT AND METABOLISM,0.42146776242633277,3,771,20,6576,FOLR2;SLC46A1;SLCO2B1,0.8939353330670831,False
KEGG,9,PANTOTHENATE AND COA BIOSYNTHESIS,0.42146776242633277,3,771,20,6576,ALDH1B1;ALDH2;ENPP1,0.8939353330670831,False
KEGG,9,YERSINIA INFECTION,0.42384864929904803,15,771,119,6576,CD4;DOCK1;FN1;IL18;ITGA5;ITGB1;LCP2;NLRC4;PTK2;PXDN;PYCARD;RNASE1;RPS6KA1;RPS6KA2;SRC,0.8939353330670831,False
KEGG,9,GLYCOLYSIS / GLUCONEOGENESIS,0.43008916250802576,7,771,53,6576,ACSS1;ALDH1B1;ALDH2;ALDH3A1;FBP1;GALM;PFKP,0.9016327021252589,False
KEGG,9,CHOLINERGIC SYNAPSE,0.43311895378939785,13,771,103,6576,ADCY4;ADCY5;ADCY6;ADCY7;ADCY9;CREB3L1;GNG11;GNG2;GNG8;ITPR3;KCNQ1;PIK3CG;PIK3R6,0.902547280950362,False
KEGG,9,SEROTONERGIC SYNAPSE,0.43815587908509224,12,771,95,6576,ADCY5;ALOX12;ALOX15B;ALOX5;GNG11;GNG2;GNG8;ITPR3;MAOA;PLA2G4A;PTGS1;SLC18A2,0.9076086066762624,False
KEGG,9,ACUTE MYELOID LEUKEMIA,0.44381809854014903,8,771,62,6576,CCND1;CEBPA;CSF1R;ITGAM;JUP;MYC;STAT5A;TCF7L2,0.9131850780615889,False
KEGG,9,FRUCTOSE AND MANNOSE METABOLISM,0.4471727646308171,4,771,29,6576,FBP1;HSD17B14;PFKP;SLPI,0.9131850780615889,False
KEGG,9,ENDOMETRIAL CANCER,0.45008238843059173,7,771,54,6576,CCND1;EGFR;ERBB2;GADD45A;GADD45G;MYC;TCF7L2,0.9131850780615889,False
KEGG,9,CELLULAR SENESCENCE,0.4529518180998338,17,771,138,6576,CAPN2;CCND1;ETS1;GADD45A;GADD45G;GATA4;IGFBP3;ITPR3;MRAS;MYC;RASSF3;RRAD;RRAS2;SMAD3;TGFB3;TGFBR2;ZFP36L1,0.9131850780615889,False
KEGG,9,PROXIMAL TUBULE BICARBONATE RECLAMATION,0.4539684439788933,3,771,21,6576,ATP1B1;ATP1B2;CA2,0.9131850780615889,False
KEGG,9,VIRION - LASSA VIRUS AND SFTS VIRUS,0.461192691926429,2,771,13,6576,MYH11;PCDH1,0.922385383852858,False
KEGG,9,VEGF SIGNALING PATHWAY,0.4699399657412175,7,771,55,6576,PLA2G4A;PLCG2;PTK2;PXDN;RNASE1;SPHK1;SRC,0.934509189016821,False
KEGG,9,CIRCADIAN ENTRAINMENT,0.4747819229366441,11,771,89,6576,ADCY4;ADCY5;ADCY6;ADCY7;ADCY9;CACNA1G;GNG11;GNG2;GNG8;ITPR3;PER3,0.9377257339803995,False
KEGG,9,DRUG METABOLISM - OTHER ENZYMES,0.4785464819809915,6,771,47,6576,CYP2E1;GSTM2;GSTM4;MGST1;MGST2;UPP1,0.9377257339803995,False
KEGG,9,CAMP SIGNALING PATHWAY,0.47964132370261814,25,771,208,6576,ADCY4;ADCY5;ADCY6;ADCY7;ADCY9;ADORA1;ADRB1;ARAP3;ATP1B1;ATP1B2;ATP2A1;ATP2A3;ATP2B4;C1QTNF1;CREB3L1;EDN1;EDNRA;MYL9;NPR1;PLN;POPDC2;PTGER2;RNASE1;RRAS2;SOX9,0.9377257339803995,False
KEGG,9,LINOLEIC ACID METABOLISM,0.48568156234605403,3,771,22,6576,CYP2E1;PLA2G4A;PLAAT3,0.9442300765163508,False
KEGG,9,SHIGELLOSIS,0.5001050910589361,25,771,210,6576,C3;CAPN2;CD44;CYTH3;DOCK1;EGFR;HCLS1;IL18;IL1R1;ITGA5;ITGB1;ITPR3;MAP1LC3A;MYL9;NLRC4;NOD1;PLCD1;PLCG2;PRKCD;PTK2;PXDN;PYCARD;RNASE1;SRC;STING1,0.963736572779472,False
KEGG,9,GRAFT-VERSUS-HOST DISEASE,0.5012537921640356,2,771,14,6576,HLA-DRA;ZNF395,0.963736572779472,False
KEGG,9,CIRCADIAN RHYTHM,0.5266650679127942,4,771,32,6576,BHLHE41;NPAS2;PER3;RORC,0.9966149577618121,False
KEGG,9,PHOSPHONATE AND PHOSPHINATE METABOLISM,0.5269458397361305,1,771,6,6576,CHPT1,0.9966149577618121,False
KEGG,9,VITAMIN B6 METABOLISM,0.5269458397361305,1,771,6,6576,AOX1,0.9966149577618121,False
KEGG,9,PATHOGENIC ESCHERICHIA COLI INFECTION,0.5298897115534896,20,771,170,6576,CASP7;CLDN1;CLDN11;CLDN15;CLDN5;CYTH3;HCLS1;IL18;IL1R1;ITGB1;MYH11;MYO1B;MYO1F;PYCARD;RNASE1;SRC;TJP1;TNFSF10;TUBB2A;TUBB6,0.9967655114627804,False
KEGG,9,VASOPRESSIN-REGULATED WATER REABSORPTION,0.5346262740167702,5,771,41,6576,ADCY6;ADCY9;AQP3;ARHGDIB;CREB3L1,0.997706831212017,False
KEGG,9,CHOLINE METABOLISM IN CANCER,0.5361240730938137,11,771,93,6576,CHPT1;EGFR;PDGFA;PDGFRA;PDGFRB;PLA2G4A;PLPP1;PLPP3;RNASE1;SLC22A3;SLC22A4,0.997706831212017,False
KEGG,9,ERBB SIGNALING PATHWAY,0.540770273948008,9,771,76,6576,AREG;EGFR;ERBB2;HBEGF;MYC;PLCG2;PTK2;SRC;STAT5A,1.0,False
KEGG,9,DIABETIC CARDIOMYOPATHY,0.5594866134908713,19,771,164,6576,ATP2A1;ATP2A3;COL1A1;COL1A2;COL3A1;CYBA;CYBB;GFPT2;INSR;MMP2;MMP9;PLN;PRKCD;PTGS1;RNASE1;SLC2A1;SMAD3;TGFB3;TGFBR2,1.0,False
KEGG,9,C-TYPE LECTIN RECEPTOR SIGNALING PATHWAY,0.5658856228949525,11,771,95,6576,CLEC4E;EGR2;FCER1G;IL17D;ITPR3;MRAS;PLCG2;PRKCD;PYCARD;RRAS2;SRC,1.0,False
KEGG,9,NON-SMALL CELL LUNG CANCER,0.5697267803984761,8,771,69,6576,CCND1;EGFR;ERBB2;GADD45A;GADD45G;PLCG2;RASSF3;STAT5A,1.0,False
KEGG,9,COLLECTING DUCT ACID SECRETION,0.5749308237229358,3,771,25,6576,ATP6V1C2;CA2;SLC12A7,1.0,False
KEGG,9,ALDOSTERONE-REGULATED SODIUM REABSORPTION,0.5764435083565278,4,771,34,6576,ATP1B1;ATP1B2;INSR;SGK1,1.0,False
KEGG,9,TYPE II DIABETES MELLITUS,0.5998821902683337,5,771,44,6576,CACNA1G;INSR;PRKCD;SOCS1;SOCS3,1.0,False
KEGG,9,AMINO SUGAR AND NUCLEOTIDE SUGAR METABOLISM,0.6001870006813255,4,771,35,6576,GFPT2;HEXB;RENBP;SLPI,1.0,False
KEGG,9,"GLYCINE, SERINE AND THREONINE METABOLISM",0.6001870006813255,4,771,35,6576,AOC3;GAMT;GATM;MAOA,1.0,False
KEGG,9,STARCH AND SUCROSE METABOLISM,0.602446239805752,3,771,26,6576,ENPP1;PYGL;PYGM,1.0,False
KEGG,9,VITAMIN DIGESTION AND ABSORPTION,0.602446239805752,3,771,26,6576,SLC46A1;SLC52A3;TCN2,1.0,False
KEGG,9,NITROGEN METABOLISM,0.609286511530249,2,771,17,6576,CA2;CA3,1.0,False
KEGG,9,SELENOCOMPOUND METABOLISM,0.609286511530249,2,771,17,6576,INMT;TXNRD1,1.0,False
KEGG,9,APOPTOSIS,0.6130657917516619,13,771,116,6576,CAPN2;CASP7;CTSC;CTSH;CTSK;CTSZ;DAB2IP;GADD45A;GADD45G;ITPR3;PARP3;TNFSF10;ZNF395,1.0,False
KEGG,9,CHRONIC MYELOID LEUKEMIA,0.6196862951926265,8,771,72,6576,CCND1;GADD45A;GADD45G;MYC;SMAD3;STAT5A;TGFB3;TGFBR2,1.0,False
KEGG,9,"VALINE, LEUCINE AND ISOLEUCINE DEGRADATION",0.6204515657257501,5,771,45,6576,ABAT;ACAA2;ALDH1B1;ALDH2;AOX1,1.0,False
KEGG,9,GLUTAMATERGIC SYNAPSE,0.6243338250652342,12,771,108,6576,ADCY4;ADCY5;ADCY6;ADCY7;ADCY9;GNG11;GNG2;GNG8;HOMER2;HOMER3;ITPR3;PLA2G4A,1.0,False
KEGG,9,COCAINE ADDICTION,0.6403798261723268,5,771,46,6576,ADCY5;CREB3L1;GDNF;MAOA;SLC18A2,1.0,False
KEGG,9,LONGEVITY REGULATING PATHWAY,0.6503257295869554,9,771,83,6576,ADCY4;ADCY5;ADCY6;ADCY7;ADCY9;CREB3L1;GDNF;INSR;SOD2,1.0,False
KEGG,9,P53 SIGNALING PATHWAY,0.6528098135130103,7,771,65,6576,CCND1;CD82;GADD45A;GADD45G;IGFBP3;PERP;THBS1,1.0,False
KEGG,9,ENDOCYTOSIS,0.653629510166575,24,771,217,6576,ARAP3;ARRB1;ASAP3;CAV1;CAV2;CXCR4;CYTH3;EGFR;EHD2;EHD4;EPN2;FGFR2;FGFR3;FGFR4;FOLR2;GRK5;IL2RB;IL2RG;PDGFRA;RAB11FIP1;RAB11FIP5;SMAD3;SRC;TGFBR2,1.0,False
KEGG,9,PORPHYRIN METABOLISM,0.653845247468249,3,771,28,6576,BLVRA;CP;HMOX1,1.0,False
KEGG,9,GLUCAGON SIGNALING PATHWAY,0.663669558659371,10,771,93,6576,CPT1A;CREB3L1;FBP1;GDNF;ITPR3;PFKP;PHKG1;PYGL;PYGM;SLC2A1,1.0,False
KEGG,9,ANTIGEN PROCESSING AND PRESENTATION,0.6663919629573241,4,771,38,6576,CD4;HLA-DRA;HSPA2;LGMN,1.0,False
KEGG,9,PURINE METABOLISM,0.6751914077552833,12,771,112,6576,ADA;ADCY4;ADCY5;ADCY6;ADCY7;ADCY9;ENPP1;GMPR;NPR1;NT5E;PDE2A;PDE5A,1.0,False
KEGG,9,INOSITOL PHOSPHATE METABOLISM,0.6955378004617452,8,771,77,6576,IMPA2;INPP1;INPP5D;IP6K3;ITPKC;PIK3CG;PLCD1;PLCG2,1.0,False
KEGG,9,RENIN-ANGIOTENSIN SYSTEM,0.6985476951423123,2,771,20,6576,ANPEP;PRCP,1.0,False
KEGG,9,OTHER TYPES OF O-GLYCAN BIOSYNTHESIS,0.7061464037757214,4,771,40,6576,B4GALT1;GALNT12;GALNT15;LFNG,1.0,False
KEGG,9,PROPANOATE METABOLISM,0.7216823352223012,3,771,31,6576,ABAT;ACSS1;ECHDC1,1.0,False
KEGG,9,STEROID HORMONE BIOSYNTHESIS,0.7216823352223012,3,771,31,6576,CYP2E1;HSD11B1;HSD17B11,1.0,False
KEGG,9,ARGININE BIOSYNTHESIS,0.7242928794753039,2,771,21,6576,ASS1;TINAGL1,1.0,False
KEGG,9,FAT DIGESTION AND ABSORPTION,0.7246891205064185,4,771,41,6576,CEL;DGAT2;PLPP1;PLPP3,1.0,False
KEGG,9,GLYCEROPHOSPHOLIPID METABOLISM,0.7274060616771176,10,771,98,6576,AGPAT3;CHPT1;ETNK2;GPD1;LPCAT2;LPCAT3;PLA2G4A;PLAAT3;PLPP1;PLPP3,1.0,False
KEGG,9,NOD-LIKE RECEPTOR SIGNALING PATHWAY,0.730526326420228,13,771,126,6576,ANTXR1;CARD6;CYBA;CYBB;IL18;ITPR3;MAP1LC3A;NLRC4;NOD1;PRKCD;PYCARD;STING1;TRPV2,1.0,False
KEGG,9,THIAMINE METABOLISM,0.7466262417751324,1,771,11,6576,ALPL,1.0,False
KEGG,9,ALPHA-LINOLENIC ACID METABOLISM,0.7481540111882286,2,771,22,6576,PLA2G4A;PLAAT3,1.0,False
KEGG,9,AMPHETAMINE ADDICTION,0.7502418445853969,6,771,62,6576,ADCY5;ARC;CREB3L1;GDNF;MAOA;SLC18A2,1.0,False
KEGG,9,MANNOSE TYPE O-GLYCAN BIOSYNTHESIS,0.7702183719791956,2,771,23,6576,B4GALT1;LARGE2,1.0,False
KEGG,9,UBIQUINONE AND OTHER TERPENOID-QUINONE BIOSYNTHESIS,0.7763827029467049,1,771,12,6576,VKORC1,1.0,False
KEGG,9,"ALANINE, ASPARTATE AND GLUTAMATE METABOLISM",0.7786960171961453,3,771,34,6576,ABAT;ASS1;GFPT2,1.0,False
KEGG,9,GLYCOSAMINOGLYCAN BIOSYNTHESIS - HEPARAN SULFATE / HEPARIN,0.7905786930309272,2,771,24,6576,HS3ST3A1;HS3ST3B1,1.0,False
KEGG,9,LIPID AND ATHEROSCLEROSIS,0.8015629888281042,17,771,171,6576,ABCG1;CASP7;CD40;CYBA;CYBB;HSPA2;ICAM1;IL18;MMP9;PTK2;PYCARD;RNASE1;SOD2;SRC;TNFSF10;VCAM1;VLDLR,1.0,False
KEGG,9,MOTOR PROTEINS,0.8015629888281042,17,771,171,6576,ACTA1;ACTA2;KIF26A;KIF26B;MYH11;MYH7;MYL4;MYL9;MYO1B;MYO1F;MYO7A;TNNI2;TNNT3;TPM1;TPM2;TUBB2A;TUBB6,1.0,False
KEGG,9,IL-17 SIGNALING PATHWAY,0.803406517747895,7,771,76,6576,CSF3;CXCL6;FOSL1;IL17D;MMP9;S100A8;TRAF4,1.0,False
KEGG,9,KAPOSI SARCOMA-ASSOCIATED HERPESVIRUS INFECTION,0.8071562978238354,15,771,153,6576,C3;CCND1;GNG11;GNG2;GNG8;ICAM1;ITPR3;MAP1LC3A;MYC;PIK3CG;PIK3R6;PLCG2;RNASE1;SRC;TCF7L2,1.0,False
KEGG,9,FATTY ACID ELONGATION,0.8093306816664046,2,771,25,6576,ACAA2;ELOVL5,1.0,False
KEGG,9,OLFACTORY TRANSDUCTION,0.825735814582963,3,771,37,6576,ARRB1;PDE2A;RGS2,1.0,False
KEGG,9,PYRUVATE METABOLISM,0.825735814582963,3,771,37,6576,ACSS1;ALDH1B1;ALDH2,1.0,False
KEGG,9,VIRAL LIFE CYCLE - HIV-1,0.8305635421959531,4,771,48,6576,CD4;CXCR4;LZTS1;PDZD2,1.0,False
KEGG,9,MTOR SIGNALING PATHWAY,0.8405290394764771,14,771,148,6576,ATP6V1C2;FZD1;FZD4;FZD7;FZD8;GRB10;INSR;LRP5;PRR5;RPS6KA1;RPS6KA2;SGK1;WNT11;WNT9A,1.0,False
KEGG,9,PENTOSE PHOSPHATE PATHWAY,0.8423959744261956,2,771,27,6576,FBP1;PFKP,1.0,False
KEGG,9,ALCOHOLIC LIVER DISEASE,0.8457887790244459,10,771,110,6576,ALDH1B1;ALDH2;C1QA;C1QB;C1QC;C3;CCND1;CPT1A;CYP2E1;TCF7L2,1.0,False
KEGG,9,CARBOHYDRATE DIGESTION AND ABSORPTION,0.8521171808726615,3,771,39,6576,ATP1B1;ATP1B2;SLC2A5,1.0,False
KEGG,9,GLYCOSYLPHOSPHATIDYLINOSITOL (GPI)-ANCHOR BIOSYNTHESIS,0.8568998764998839,2,771,28,6576,PGAP3;PGAP4,1.0,False
KEGG,9,MUCIN TYPE O-GLYCAN BIOSYNTHESIS,0.8568998764998839,2,771,28,6576,GALNT12;GALNT15,1.0,False
KEGG,9,ABC TRANSPORTERS,0.8639526492859271,3,771,40,6576,ABCA8;ABCA9;ABCG1,1.0,False
KEGG,9,FATTY ACID BIOSYNTHESIS,0.8643585687784947,1,771,16,6576,ACSL5,1.0,False
KEGG,9,PRIMARY BILE ACID BIOSYNTHESIS,0.8643585687784947,1,771,16,6576,CYP27A1,1.0,False
KEGG,9,GLYOXYLATE AND DICARBOXYLATE METABOLISM,0.8701745286546138,2,771,29,6576,ACSS1;HOGA1,1.0,False
KEGG,9,NEUROACTIVE LIGAND SIGNALING,0.8729967924774447,17,771,182,6576,ADCY4;ADCY5;ADCY6;ADCY7;ADCY9;ADORA1;ADRA1B;ADRA2A;ADRB1;GNG11;GNG2;GNG8;P2RX1;P2RY12;P2RY2;SLC17A9;SLC18A2,1.0,False
KEGG,9,VARIOUS TYPES OF N-GLYCAN BIOSYNTHESIS,0.8749471384000987,3,771,41,6576,B4GALNT3;B4GALT1;HEXB,1.0,False
KEGG,9,PHOSPHATIDYLINOSITOL SIGNALING SYSTEM,0.8756395403934523,8,771,94,6576,IMPA2;INPP1;INPP5D;IP6K3;ITPKC;ITPR3;PLCD1;PLCG2,1.0,False
KEGG,9,PROLACTIN SIGNALING PATHWAY,0.8764303600313174,5,771,63,6576,CCND1;SOCS1;SOCS3;SRC;STAT5A,1.0,False
KEGG,9,RENAL CELL CARCINOMA,0.8764303600313174,5,771,63,6576,EGLN3;ETS1;RNASE1;SLC2A1;TGFB3,1.0,False
KEGG,9,PROGESTERONE-MEDIATED OOCYTE MATURATION,0.8772782166129193,7,771,84,6576,ADCY4;ADCY5;ADCY6;ADCY7;ADCY9;RPS6KA1;RPS6KA2,1.0,False
KEGG,9,COBALAMIN TRANSPORT AND METABOLISM,0.8803005723565099,1,771,17,6576,TCN2,1.0,False
KEGG,9,CYTOSOLIC DNA-SENSING PATHWAY,0.8834387277453118,4,771,53,6576,CASP7;IL18;PYCARD;STING1,1.0,False
KEGG,9,SNARE INTERACTIONS IN VESICULAR TRANSPORT,0.8933860275958337,2,771,31,6576,STX6;VAMP8,1.0,False
KEGG,9,TUBERCULOSIS,0.8934978077299742,12,771,137,6576,C3;CLEC4E;FCER1G;HLA-DRA;IL18;ITGAM;ITGB2;MRC1;MRC2;SPHK1;SRC;TGFB3,1.0,False
KEGG,9,B CELL RECEPTOR SIGNALING PATHWAY,0.9001839720205622,5,771,66,6576,BANK1;BTK;INPP5D;PLCG2;RNASE1,1.0,False
KEGG,9,OOCYTE MEIOSIS,0.9059409183091857,9,771,109,6576,ADCY4;ADCY5;ADCY6;ADCY7;ADCY9;AREG;ITPR3;RPS6KA1;RPS6KA2,1.0,False
KEGG,9,STEROID BIOSYNTHESIS,0.9067894575614516,1,771,19,6576,CEL,1.0,False
KEGG,9,CHEMICAL CARCINOGENESIS - REACTIVE OXYGEN SPECIES,0.9137936820234536,15,771,171,6576,AHR;CYBA;CYP2E1;EGFR;GSTM2;GSTM4;HMOX1;MGST1;MGST2;PRKCD;PTGS1;PTK2;RNASE1;SOD2;SRC,1.0,False
KEGG,9,LYSINE DEGRADATION,0.914784236592735,4,771,57,6576,ALDH1B1;ALDH2;PLOD1;PLOD2,1.0,False
KEGG,9,CHAGAS DISEASE,0.9161566076947174,7,771,90,6576,C1QA;C1QB;C1QC;C3;GNA15;TGFB3;TGFBR2,1.0,False
KEGG,9,DOPAMINERGIC SYNAPSE,0.9196775741852218,10,771,122,6576,ADCY5;ARRB1;CREB3L1;GDNF;GNG11;GNG2;GNG8;ITPR3;MAOA;SLC18A2,1.0,False
KEGG,9,ADIPOCYTOKINE SIGNALING PATHWAY,0.9198704300241237,5,771,69,6576,ACSL5;CPT1A;SLC2A1;SOCS3;TNFRSF1B,1.0,False
KEGG,9,NEUROTROPHIN SIGNALING PATHWAY,0.9212479125846703,9,771,112,6576,ARHGDIB;IRAK3;MAGED1;PLCG2;PRKCD;RNASE1;RPS6KA1;RPS6KA2;SORT1,1.0,False
KEGG,9,GNRH SECRETION,0.9213417766571805,4,771,58,6576,ARRB1;CACNA1G;ITPR3;KCNN4,1.0,False
KEGG,9,MISMATCH REPAIR,0.9274223838626061,1,771,21,6576,LRIG1,1.0,False
KEGG,9,LONG-TERM POTENTIATION,0.9274432577272698,4,771,59,6576,ITPR3;PPP1R1A;RPS6KA1;RPS6KA2,1.0,False
KEGG,9,THERMOGENESIS,0.929331863057639,16,771,185,6576,ACSL5;ADCY4;ADCY5;ADCY6;ADCY7;ADCY9;CPT1A;CREB3L1;FGFR1;GDNF;MGLL;NPR1;PLIN1;PTGS1;RPS6KA1;RPS6KA2,1.0,False
KEGG,9,SALMONELLA INFECTION,0.9335892550633376,19,771,216,6576,ANXA2;CASP7;CYTH3;IL18;MYC;MYL9;NLRC4;NOD1;PIK3CG;PYCARD;RAB7B;RHOJ;RNASE1;S100A10;SNX9;TCF7L2;TNFSF10;TUBB2A;TUBB6,1.0,False
KEGG,9,BIOSYNTHESIS OF UNSATURATED FATTY ACIDS,0.9359589730375765,1,771,22,6576,ELOVL5,1.0,False
KEGG,9,PHOTOTRANSDUCTION,0.9359589730375765,1,771,22,6576,RHOD,1.0,False
KEGG,9,CORONAVIRUS DISEASE - COVID-19,0.9433167021594697,13,771,159,6576,C1QA;C1QB;C1QC;C3;CSF3;CYBB;EGFR;F13A1;HBEGF;NRP1;PLCG2;STING1;VWF,1.0,False
KEGG,9,BUTANOATE METABOLISM,0.9434926367220483,1,771,23,6576,ABAT,1.0,False
KEGG,9,EPSTEIN-BARR VIRUS INFECTION,0.9463469686967224,13,771,160,6576,BTK;CCND1;CD40;CD44;GADD45A;GADD45G;HLA-DRA;ICAM1;MYC;PLCG2;RBPJ;RNASE1;VIM,1.0,False
KEGG,9,HEDGEHOG SIGNALING PATHWAY,0.9482977861117647,3,771,51,6576,ARRB1;CCND1;SCUBE2,1.0,False
KEGG,9,PYRIMIDINE METABOLISM,0.9482977861117647,3,771,51,6576,ENPP1;NT5E;UPP1,1.0,False
KEGG,9,NECROPTOSIS,0.9513717341713985,8,771,109,6576,CAPN2;CYBB;PLA2G4A;PYCARD;PYGL;PYGM;STAT5A;TNFSF10,1.0,False
KEGG,9,VIRAL CARCINOGENESIS,0.9529883415942612,12,771,152,6576,C3;CCND1;CREB3L1;EGR2;GDNF;GSN;LTBR;PXDN;RBPJ;RNASE1;SRC;STAT5A,1.0,False
KEGG,9,HERPES SIMPLEX VIRUS 1 INFECTION,0.9530438473079981,10,771,131,6576,C3;CFP;HLA-DRA;ITGA5;ITGB3;NECTIN1;NECTIN2;SOCS3;SRC;STING1,1.0,False
KEGG,9,ALCOHOLISM,0.9545145360727931,8,771,110,6576,ADCY5;CREB3L1;GDNF;GNG11;GNG2;GNG8;MAOA;SLC18A2,1.0,False
KEGG,9,RETROGRADE ENDOCANNABINOID SIGNALING,0.9558649496610346,10,771,132,6576,ADCY4;ADCY5;ADCY6;ADCY7;ADCY9;GNG11;GNG2;GNG8;ITPR3;MGLL,1.0,False
KEGG,9,BASE EXCISION REPAIR,0.9573986581938936,2,771,40,6576,LRIG1;PARP3,1.0,False
KEGG,9,HEPATITIS B,0.9634480181086262,10,771,135,6576,CREB3L1;EGR2;GDNF;MMP9;MYC;SMAD3;SRC;STAT5A;TGFB3;TGFBR2,1.0,False
KEGG,9,SPHINGOLIPID SIGNALING PATHWAY,0.9653479489425805,8,771,114,6576,ADORA1;FCER1G;RNASE1;S1PR1;S1PR2;SGPP2;SMPD2;SPHK1,1.0,False
KEGG,9,TOLL-LIKE RECEPTOR SIGNALING PATHWAY,0.9658355175619305,5,771,80,6576,CD40;CTSK;CXCL9;MAP3K8;RNASE1,1.0,False
KEGG,9,MITOPHAGY - ANIMAL,0.9667286416226362,6,771,92,6576,MAP1LC3A;MITF;MRAS;RAB7B;RRAS2;SRC,1.0,False
KEGG,9,HEPATITIS C,0.9675955898181638,9,771,126,6576,CCND1;CLDN1;CLDN11;CLDN15;CLDN5;EGFR;MYC;NR1H3;SOCS3,1.0,False
KEGG,9,INSULIN SIGNALING PATHWAY,0.9696919959328809,9,771,127,6576,FBP1;INSR;PHKG1;PPP1R3B;PPP1R3C;PYGL;PYGM;SOCS1;SOCS3,1.0,False
KEGG,9,CITRATE CYCLE (TCA CYCLE),0.9697861392390678,1,771,28,6576,IDH2,1.0,False
KEGG,9,APOPTOSIS - MULTIPLE SPECIES,0.9733436967599411,1,771,29,6576,CASP7,1.0,False
KEGG,9,ONE CARBON POOL BY FOLATE,0.9764828459577547,1,771,30,6576,ALDH1L1,1.0,False
KEGG,9,CYSTEINE AND METHIONINE METABOLISM,0.9773908315939358,2,771,46,6576,CDO1;NPR2,1.0,False
KEGG,9,PRION DISEASE,0.9808912856063469,17,771,220,6576,C1QA;C1QB;C1QC;CAV1;CAV2;CREB3L1;CYBA;CYBB;GDNF;ITPR3;LAMC1;NOTCH1;PRKCD;PTGS1;RNASE1;TUBB2A;TUBB6,1.0,False
KEGG,9,TASTE TRANSDUCTION,0.983400883605744,3,771,63,6576,ADCY4;ADCY6;ITPR3,1.0,False
KEGG,9,DNA REPLICATION,0.9838532118603205,1,771,33,6576,LRIG1,1.0,False
KEGG,9,HUMAN IMMUNODEFICIENCY VIRUS 1 INFECTION,0.9844032752002676,12,771,170,6576,CD4;CXCR4;GNG11;GNG2;GNG8;ITPR3;PLCG2;PTK2;PXDN;RNASE1;STING1;TNFRSF1B,1.0,False
KEGG,9,NON-ALCOHOLIC FATTY LIVER DISEASE,0.984823680582194,9,771,137,6576,CASP7;CEBPA;CYP2E1;INSR;MLXIPL;NR1H3;PTGS1;RNASE1;SOCS3,1.0,False
KEGG,9,AMPK SIGNALING PATHWAY,0.9849366901680978,7,771,114,6576,CCND1;CPT1A;CREB3L1;FBP1;INSR;PFKP;TBC1D1,1.0,False
KEGG,9,RIG-I-LIKE RECEPTOR SIGNALING PATHWAY,0.9868017509420185,2,771,51,6576,PDZD2;STING1,1.0,False
KEGG,9,PD-L1 EXPRESSION AND PD-1 CHECKPOINT PATHWAY IN CANCER,0.9893206546874564,4,771,81,6576,BATF;BATF3;CD4;EGFR,1.0,False
KEGG,9,LONG-TERM DEPRESSION,0.9914684655145555,2,771,55,6576,ITPR3;PLA2G4A,1.0,False
KEGG,9,NEUROACTIVE LIGAND-RECEPTOR INTERACTION,0.9949384325172382,24,771,317,6576,ADM;ADORA1;ADRA1B;ADRA2A;ADRB1;APLNR;C1QTNF1;C3;EDN1;EDNRA;EDNRB;FPR1;GPNMB;MC1R;P2RX1;P2RY2;PTAFR;PTGER2;PTH1R;QRFP;S1PR1;S1PR2;SPX;THRB,1.0,False
KEGG,9,INFLUENZA A,0.9952753490484373,6,771,116,6576,HLA-DRA;ICAM1;IL18;PYCARD;SOCS3;TNFSF10,1.0,False
KEGG,9,PROTEASOME,0.9953955180094792,1,771,43,6576,PSMB8,1.0,False
KEGG,9,PEROXISOME,0.9969939575732827,3,771,80,6576,ACSL5;IDH2;SOD2,1.0,False
KEGG,9,N-GLYCAN BIOSYNTHESIS,0.9980891877417609,1,771,50,6576,B4GALT1,1.0,False
KEGG,9,NUCLEOTIDE EXCISION REPAIR,0.9986896538397163,1,771,53,6576,LRIG1,1.0,False
KEGG,9,MEASLES,0.9989391836780084,4,771,105,6576,CCND1;IL2RB;IL2RG;STAT5A,1.0,False
KEGG,9,ALZHEIMER DISEASE,0.9990808512599588,22,771,324,6576,APOE;ATP2A1;ATP2A3;BACE1;BACE2;CAPN2;CASP7;CYBB;DKK2;FZD1;FZD4;FZD7;FZD8;INSR;ITPR3;LPL;LRP5;PTGS1;TUBB2A;TUBB6;WNT11;WNT9A,1.0,False
KEGG,9,AUTOPHAGY - ANIMAL,0.9991791721236539,7,771,149,6576,DAPK1;MAP1LC3A;MRAS;PRKCD;RAB7B;RRAS2;VAMP8,1.0,False
KEGG,9,CELL CYCLE,0.9991791721236539,7,771,149,6576,CCND1;CDKN2C;GADD45A;GADD45G;MYC;SMAD3;TGFB3,1.0,False
KEGG,9,SYNAPTIC VESICLE CYCLE,0.9991892274357146,2,771,76,6576,ATP6V1C2;SLC18A2,1.0,False
KEGG,9,SPINOCEREBELLAR ATAXIA,0.9997917148723331,5,771,136,6576,ATP2A1;ATP2A3;ITPR3;RBPJ;VLDLR,1.0,False
KEGG,9,RNA DEGRADATION,0.9998018381760101,1,771,68,6576,PFKP,1.0,False
KEGG,9,T CELL RECEPTOR SIGNALING PATHWAY,0.9998633316380665,3,771,109,6576,CD4;LCP2;MAP3K8,1.0,False
KEGG,9,OXIDATIVE PHOSPHORYLATION,0.9999284740509629,2,771,97,6576,ATP6V1C2;PTGS1,1.0,False
KEGG,9,POLYCOMB REPRESSIVE COMPLEX,0.9999363449907822,1,771,77,6576,PHC1,1.0,False
KEGG,9,ATP-DEPENDENT CHROMATIN REMODELING,0.9999925823367264,1,771,94,6576,SMARCA1,1.0,False
KEGG,9,PATHWAYS OF NEURODEGENERATION - MULTIPLE DISEASES,0.9999939218890747,23,771,407,6576,ATP2A1;ATP2A3;CAPN2;CASP7;CYBB;DKK2;FZD1;FZD4;FZD7;FZD8;GPX3;GPX7;ITPR3;LRP5;MAP1LC3A;PTGS1;RNASE1;SEPTIN5;TNFRSF1B;TUBB2A;TUBB6;WNT11;WNT9A,1.0,False
KEGG,9,PARKINSON DISEASE,0.9999956100842338,8,771,219,6576,ADCY5;ITPR3;MAOA;PTGS1;SEPTIN5;SLC18A2;TUBB2A;TUBB6,1.0,False
KEGG,9,PROTEIN PROCESSING IN ENDOPLASMIC RETICULUM,0.9999967433811199,4,771,160,6576,CAPN2;CRYAB;FBXO6;WFS1,1.0,False
KEGG,9,UBIQUITIN MEDIATED PROTEOLYSIS,0.9999990019850116,2,771,133,6576,SOCS1;SOCS3,1.0,False
KEGG,9,HUNTINGTON DISEASE,0.9999999104781654,8,771,258,6576,CREB3L1;GPX3;GPX7;PTGS1;SOD2;TGM2;TUBB2A;TUBB6,1.0,False
KEGG,9,AMYOTROPHIC LATERAL SCLEROSIS,0.9999999948118953,9,771,301,6576,GPX3;GPX7;ITPR3;MAP1LC3A;PTGS1;RNASE1;TNFRSF1B;TUBB2A;TUBB6,1.0,False
KEGG,9,AMINOACYL-TRNA BIOSYNTHESIS,1.0,0,771,27,6576,,1.0,False
KEGG,9,AUTOPHAGY - OTHER,1.0,0,771,30,6576,,1.0,False
KEGG,9,BASAL TRANSCRIPTION FACTORS,1.0,0,771,36,6576,,1.0,False
KEGG,9,BIOSYNTHESIS OF VARIOUS NUCLEOTIDE SUGARS,1.0,0,771,19,6576,,1.0,False
KEGG,9,D-AMINO ACID METABOLISM,1.0,0,771,5,6576,,1.0,False
KEGG,9,FANCONI ANEMIA PATHWAY,1.0,0,771,44,6576,,1.0,False
KEGG,9,HOMOLOGOUS RECOMBINATION,1.0,0,771,37,6576,,1.0,False
KEGG,9,LIPOIC ACID METABOLISM,1.0,0,771,19,6576,,1.0,False
KEGG,9,MATURITY ONSET DIABETES OF THE YOUNG,1.0,0,771,22,6576,,1.0,False
KEGG,9,MRNA SURVEILLANCE PATHWAY,1.0,0,771,80,6576,,1.0,False
KEGG,9,NICOTINE ADDICTION,1.0,0,771,38,6576,,1.0,False
KEGG,9,NON-HOMOLOGOUS END-JOINING,1.0,0,771,13,6576,,1.0,False
KEGG,9,NUCLEOCYTOPLASMIC TRANSPORT,1.0,0,771,86,6576,,1.0,False
KEGG,9,PENTOSE AND GLUCURONATE INTERCONVERSIONS,1.0,0,771,15,6576,,1.0,False
KEGG,9,"PHENYLALANINE, TYROSINE AND TRYPTOPHAN BIOSYNTHESIS",1.0,0,771,6,6576,,1.0,False
KEGG,9,PROTEIN EXPORT,1.0,0,771,28,6576,,1.0,False
KEGG,9,RIBOSOME,1.0,0,771,126,6576,,1.0,False
KEGG,9,RIBOSOME BIOGENESIS IN EUKARYOTES,1.0,0,771,66,6576,,1.0,False
KEGG,9,RNA POLYMERASE,1.0,0,771,26,6576,,1.0,False
KEGG,9,SPLICEOSOME,1.0,0,771,121,6576,,1.0,False
KEGG,9,SULFUR METABOLISM,1.0,0,771,9,6576,,1.0,False
KEGG,9,SULFUR RELAY SYSTEM,1.0,0,771,8,6576,,1.0,False
KEGG,9,TERPENOID BACKBONE BIOSYNTHESIS,1.0,0,771,20,6576,,1.0,False
KEGG,10,NUCLEOCYTOPLASMIC TRANSPORT,2.990761155894913e-08,29,749,86,6576,AHCTF1;DDX19B;IPO11;IPO5;IPO7;IPO8;KPNA1;KPNA4;KPNA6;KPNB1;NCBP1;NMD3;NUP133;NUP153;NUP205;NUP214;NUP54;NUP58;NUP98;RANBP2;SEH1L;SRRM1;THOC1;THOC5;TNPO1;TPR;UPF2;XPO1;XPOT,1.0407848822514298e-05,True
KEGG,10,ATP-DEPENDENT CHROMATIN REMODELING,7.152116765382402e-08,30,749,94,6576,ARID1A;ARID1B;ARID2;BAZ1B;BAZ2B;BICRAL;BPTF;BRD7;BRD8;CHD4;EPC1;EPC2;GATAD2B;H2AC21;HDAC2;INO80;INO80D;MEAF6;MORF4L2;PBRM1;PHF10;RBBP4;RSF1;SMARCA2;SMARCA5;SMARCC1;SMARCE1;SS18;TRRAP;YY1,1.244468317176538e-05,True
KEGG,10,UBIQUITIN MEDIATED PROTEOLYSIS,1.2491724593172845e-07,37,749,133,6576,ANAPC1;BIRC2;BIRC3;BIRC6;CBL;CDC27;CUL1;CUL2;CUL3;FBXW11;FBXW7;HERC1;HERC3;HERC4;HUWE1;ITCH;KLHL9;MAP3K1;MDM2;PIAS1;RCHY1;SMURF2;TRIM37;TRIP12;UBA2;UBE2D1;UBE2D3;UBE2E1;UBE2J1;UBE2K;UBE3A;UBE3C;UBE4A;UBE4B;UBR5;WWP1;XIAP,1.4490400528080502e-05,True
KEGG,10,T CELL RECEPTOR SIGNALING PATHWAY,2.337446643067983e-07,32,749,109,6576,CHUK;DLG1;GSK3B;MALT1;MAP3K7;MAPK1;MAPK14;MAPK8;MAPK9;NFATC2;NFATC3;NFKB1;NRAS;PDPK1;PIK3CA;PIK3CB;PIK3R1;PKN2;PPP2R1B;PPP2R2A;PPP2R2D;PPP2R3A;PPP2R5A;PPP2R5C;PPP2R5E;PPP3CA;PPP3CB;PPP3CC;PPP3R1;PTPN11;PTPRC;SOS2,2.0335785794691453e-05,True
KEGG,10,MRNA SURVEILLANCE PATHWAY,1.7099006858808013e-05,23,749,80,6576,CPSF3;DDX19B;ETF1;GSPT1;MSI2;NCBP1;PAPOLA;PCF11;PELO;PPP1CB;PPP2R1B;PPP2R2A;PPP2R2D;PPP2R3A;PPP2R5A;PPP2R5C;PPP2R5E;SMG1;SMG7;SRRM1;TARDBP;UPF2;WDR33,0.0008320665749569146,True
KEGG,10,AUTOPHAGY - ANIMAL,1.8409868831046963e-05,35,749,149,6576,ATG14;ATG16L1;ATG2B;BECN1;BIRC6;CFLAR;EIF2AK4;EPG5;HIF1A;ITPR1;MAP3K7;MAPK1;MAPK8;MAPK9;MTMR4;MTOR;NRAS;NRBF2;PDPK1;PIK3CA;PIK3CB;PIK3R1;PIK3R4;PRKAA1;PRKACB;RB1CC1;RRAGC;SH3GLB1;SMCR8;SNAP29;SUPT20H;ULK2;UVRAG;VPS33A;WDR41,0.0008320665749569146,True
KEGG,10,THYROID HORMONE SIGNALING PATHWAY,1.956546178150368e-05,29,749,114,6576,CREBBP;DIDO1;EP300;FOXO1;GSK3B;HDAC2;HIF1A;KAT2B;MAPK1;MBD4;MDM2;MED13;MED13L;MED14;MTOR;NCOA1;NCOA2;NCOA3;NCOR1;NRAS;PDPK1;PFKFB2;PIK3CA;PIK3CB;PIK3R1;PRKACB;SIN3A;STAT1;TBC1D4,0.0008320665749569146,True
KEGG,10,NOD-LIKE RECEPTOR SIGNALING PATHWAY,2.09253725186138e-05,31,749,126,6576,ATG16L1;BIRC2;BIRC3;CHAMP1;CHUK;DHX33;DNM1L;ERBIN;GBP5;ITPR1;MAP3K7;MAPK1;MAPK14;MAPK8;MAPK9;MCU;MFN1;NAMPT;NEK7;NFKB1;PANX1;PKN2;RIPK1;STAT1;TAB2;TAB3;TNFAIP3;TP53BP1;TRAF5;TRPM7;XIAP,0.0008320665749569146,True
KEGG,10,CELLULAR SENESCENCE,2.1518963145437445e-05,33,749,138,6576,ATM;E2F3;FBXW11;FOXO1;FOXO3;HIPK1;HIPK3;HUS1;ITPR1;LIN54;MAPK1;MAPK14;MCU;MDM2;MTOR;NFATC2;NFATC3;NFKB1;NRAS;PIK3CA;PIK3CB;PIK3R1;PPP1CB;PPP3CA;PPP3CB;PPP3CC;PPP3R1;RAD50;RB1;RBBP4;RBL2;SIRT1;TRPM7,0.0008320665749569146,True
KEGG,10,PROTEIN PROCESSING IN ENDOPLASMIC RETICULUM,8.959766066762681e-05,35,749,160,6576,ATF6;CUL1;DNAJC1;DNAJC3;EDEM1;ERO1A;ERO1B;HSPA4L;HSPH1;HYOU1;LMAN1;MAGT1;MAN1A1;MAP3K5;MAPK8;MAPK9;MARCHF6;NFE2L2;PLAA;SEC23A;SEC23B;SEC24A;SEC24B;SEC24D;SEC31A;SEC62;SEC63;SEL1L;UBE2D1;UBE2D3;UBE2J1;UBE4B;UBQLN1;UBQLN2;UGGT1,0.0031179985912334132,True
KEGG,10,C-TYPE LECTIN RECEPTOR SIGNALING PATHWAY,0.00011323284356582958,24,749,95,6576,ARHGEF12;CHUK;CYLD;IRF1;ITPR1;MALT1;MAPK1;MAPK14;MAPK8;MAPK9;MDM2;NFATC2;NFATC3;NFKB1;NRAS;PIK3CA;PIK3CB;PIK3R1;PPP3CA;PPP3CB;PPP3CC;PPP3R1;PTPN11;STAT1,0.0035822754146280626,True
KEGG,10,SPHINGOLIPID SIGNALING PATHWAY,0.00014164462581709803,27,749,114,6576,GNA13;MAP3K5;MAPK1;MAPK14;MAPK8;MAPK9;NCOA3;NFKB1;NRAS;NSMAF;PDPK1;PIK3CA;PIK3CB;PIK3R1;PPP2R1B;PPP2R2A;PPP2R2D;PPP2R3A;PPP2R5A;PPP2R5C;PPP2R5E;ROCK1;ROCK2;SGPP1;SPTLC1;SPTLC2;SPTSSA,0.004107694148695843,True
KEGG,10,TNF SIGNALING PATHWAY,0.0001655315950265833,26,749,109,6576,BIRC2;BIRC3;CFLAR;CHUK;CYLD;DNM1L;IRF1;ITCH;MAP2K4;MAP3K5;MAP3K7;MAPK1;MAPK14;MAPK8;MAPK9;NFKB1;PIK3CA;PIK3CB;PIK3R1;RIPK1;RPS6KA5;TAB2;TAB3;TNFAIP3;TRAF5;XIAP,0.0044311534668654605,True
KEGG,10,PD-L1 EXPRESSION AND PD-1 CHECKPOINT PATHWAY IN CANCER,0.0002027767392710184,21,749,81,6576,CHUK;CSNK2A2;EML4;HIF1A;JAK2;MAPK1;MAPK14;MTOR;NFATC2;NFATC3;NFKB1;NRAS;PIK3CA;PIK3CB;PIK3R1;PPP3CA;PPP3CB;PPP3CC;PPP3R1;PTPN11;STAT1,0.005040450376165314,True
KEGG,10,YERSINIA INFECTION,0.00030125217751364594,27,749,119,6576,ACTR2;ACTR3;ARHGEF12;CHUK;CRK;GIT2;GSK3B;MAP2K4;MAP3K7;MAPK1;MAPK14;MAPK8;MAPK9;NCOA3;NFATC2;NFATC3;NFKB1;PIK3CA;PIK3CB;PIK3R1;PKN2;ROCK1;ROCK2;RPS6KA3;SKAP2;TAB2;WASL,0.006989050518316585,True
KEGG,10,SHIGELLOSIS,0.0003283801228756683,41,749,210,6576,ACTR2;ACTR3;ATG14;ATG16L1;ATM;BECN1;CHUK;CRK;CUL1;FBXW11;FNBP1L;FOXO1;FOXO3;GSK3B;HOOK3;ITPR1;MALT1;MAP3K7;MAPK1;MAPK14;MAPK8;MAPK9;MDM2;MTOR;NFKB1;PIK3CA;PIK3CB;PIK3R1;PIK3R4;RIPK1;ROCK1;ROCK2;RPS6KA5;RRAGC;SEPTIN7;TAB2;TAB3;TRAF5;UBE2D1;UBE2D3;WASL,0.007142267672545786,True
KEGG,10,RNA DEGRADATION,0.0004322340498225646,18,749,68,6576,CNOT1;CNOT2;CNOT6L;DCP1A;DCP1B;DDX6;DHX36;DIS3;DIS3L;EXOSC9;HSPA9;MTREX;PAN3;PARN;PATL1;TOB1;XRN1;XRN2,0.008848085255191322,True
KEGG,10,PROLACTIN SIGNALING PATHWAY,0.0004858959758671127,17,749,63,6576,COPS2;FOXO3;GSK3B;IRF1;JAK2;MAPK1;MAPK14;MAPK8;MAPK9;NFKB1;NRAS;PIK3CA;PIK3CB;PIK3R1;SOCS4;SOS2;STAT1,0.00889956840009238,True
KEGG,10,RENAL CELL CARCINOMA,0.0004858959758671127,17,749,63,6576,CREBBP;CRK;CUL2;EGLN1;EP300;HIF1A;MAPK1;MIA3;NRAS;PIK3CA;PIK3CB;PIK3R1;PKN2;PTPN11;RAP1A;SLTM;SOS2,0.00889956840009238,True
KEGG,10,CELL CYCLE,0.0005651028638896157,31,749,149,6576,ANAPC1;ATM;CDC27;CREBBP;CUL1;E2F3;EP300;ESCO1;GSK3B;HDAC2;MDM2;NIPBL;ORC3;ORC4;PDS5A;PDS5B;PPP2R1B;PPP2R5A;PPP2R5C;PPP2R5E;PRKDC;RAD21;RB1;RBL2;SMAD4;SMC1A;STAG2;TFDP1;WAPL;WEE1;YWHAZ,0.009832789831679314,True
KEGG,10,PHOSPHATIDYLINOSITOL SIGNALING SYSTEM,0.0006821558558149258,22,749,94,6576,BPNT2;CDS2;DGKE;INPP4A;INPP5B;INPP5F;IPMK;ITPR1;MTM1;MTMR1;MTMR4;OCRL;PI4K2B;PIK3C2A;PIK3CA;PIK3CB;PIK3R1;PIKFYVE;PIP4K2A;PPIP5K1;SACM1L;SYNJ1,0.01130429703921877,True
KEGG,10,POLYCOMB REPRESSIVE COMPLEX,0.0007839147533262744,19,749,77,6576,BCOR;CREBBP;DCAF7;EP300;HDAC2;JARID2;MBD5;MGA;PCGF3;PCGF5;RBBP4;RYBP;SUZ12;TEX10;TFDP1;UBE2D1;UBE2D3;USP7;YY1,0.012400106098070159,True
KEGG,10,B CELL RECEPTOR SIGNALING PATHWAY,0.0008690272961783341,17,749,66,6576,CHUK;GSK3B;MALT1;MAPK1;NCOA3;NFATC2;NFATC3;NFKB1;NRAS;PIK3CA;PIK3CB;PIK3R1;PPP3CA;PPP3CB;PPP3CC;PPP3R1;SOS2,0.013148760829133055,True
KEGG,10,MITOPHAGY - ANIMAL,0.0012630512963406452,21,749,92,6576,ARIH1;BCL2L13;BECN1;BNIP3L;CSNK2A2;FOXO3;HIF1A;HUWE1;MAPK8;MAPK9;MARCHF5;MFN1;MON1B;NRAS;RAB5A;RABGEF1;RHOT1;SMURF2;TBC1D15;TOMM70;USP15,0.018314243796939356,True
KEGG,10,INSULIN SIGNALING PATHWAY,0.001954609326184905,26,749,127,6576,ACACA;CBL;CRK;FOXO1;GSK3B;HOOK3;MAPK1;MAPK8;MAPK9;MTOR;NRAS;PDPK1;PHKA1;PHKB;PIK3CA;PIK3CB;PIK3R1;PPP1CB;PPP1R3E;PRKAA1;PRKACB;PRKAR2A;PRKAR2B;RHOQ;SOCS4;SOS2,0.02720816182049388,True
KEGG,10,INOSITOL PHOSPHATE METABOLISM,0.0020693472983202357,18,749,77,6576,FIG4;INPP4A;INPP5B;INPP5F;IPMK;MTM1;MTMR1;MTMR4;OCRL;PI4K2B;PIK3C2A;PIK3CA;PIK3CB;PIKFYVE;PIP4K2A;PPIP5K1;SACM1L;SYNJ1,0.027253097650610177,True
KEGG,10,VIRAL LIFE CYCLE - HIV-1,0.002114464472892169,13,749,48,6576,AFF4;BICD2;CCNT1;CCNT2;CREBBP;ELL2;EP300;KAT2B;NUP153;PSIP1;RANBP2;VPS4B;XPO1,0.027253097650610177,True
KEGG,10,OOCYTE MEIOSIS,0.0023134430650406574,23,749,109,6576,ANAPC1;CDC27;CPEB2;CPEB4;CUL1;FBXW11;ITPR1;MAPK1;MAPK14;PPP1CB;PPP2R1B;PPP2R5A;PPP2R5C;PPP2R5E;PPP3CA;PPP3CB;PPP3CC;PPP3R1;PRKACB;RPS6KA3;SLK;SMC1A;YWHAZ,0.028047679950028746,True
KEGG,10,ENDOCYTOSIS,0.0023373066625023953,39,749,217,6576,ACAP2;ACTR2;ACTR3;AGAP1;ARFGAP3;ARFGEF1;ARFGEF2;ASAP1;ASAP2;CBL;CHMP7;CLTC;EEA1;EPS15;GIT2;IGF2R;IQSEC1;IST1;ITCH;KIF5B;MDM2;PARD3;RAB10;RAB22A;RAB5A;RABEP1;RBSN;SH3GLB1;SMAP1;SMURF2;TFRC;VPS26A;VPS35;VPS4B;WASHC4;WASHC5;WASL;WWP1;ZFYVE9,0.028047679950028746,True
KEGG,10,LIPID AND ATHEROSCLEROSIS,0.0029313642376776836,32,749,171,6576,APAF1;ATF6;CHUK;ERO1A;GSK3B;HSPA4;ITPR1;JAK2;MAP2K4;MAP3K5;MAP3K7;MAPK1;MAPK14;MAPK8;MAPK9;MIB1;NFATC2;NFATC3;NFE2L2;NFKB1;NRAS;PDPK1;PIK3CA;PIK3CB;PIK3R1;PPP3CA;PPP3CB;PPP3CC;PPP3R1;RAP1A;ROCK2;TAB2,0.03400382515706113,True
KEGG,10,NEUROTROPHIN SIGNALING PATHWAY,0.0033348218166222047,23,749,112,6576,CRK;FOXO3;GSK3B;KIDINS220;MAP3K1;MAP3K5;MAPK1;MAPK14;MAPK8;MAPK9;NFKB1;NRAS;PDPK1;PIK3CA;PIK3CB;PIK3R1;PRDM4;PSEN2;PTPN11;RAP1A;RPS6KA3;RPS6KA5;SOS2,0.03743606426401701,True
KEGG,10,HEPATITIS C,0.0036774767724916495,25,749,126,6576,APAF1;CFLAR;CHUK;CLDN12;CLDN20;E2F3;EIF2AK4;GSK3B;MAPK1;NFKB1;NRAS;PIAS1;PIK3CA;PIK3CB;PIK3R1;PPARA;PPP2R1B;PPP2R2A;PPP2R2D;PSME3;RB1;RIPK1;SOS2;STAT1;YWHAZ,0.03927574860684918,True
KEGG,10,KAPOSI SARCOMA-ASSOCIATED HERPESVIRUS INFECTION,0.0037244244368563875,29,749,153,6576,ATG14;BECN1;CHUK;CREBBP;E2F3;EP300;GSK3B;HIF1A;ITPR1;JAK2;MAP2K4;MAPK1;MAPK14;MAPK8;MAPK9;MTOR;NFATC2;NFATC3;NFKB1;NRAS;PIK3CA;PIK3CB;PIK3R1;PPP3CA;PPP3CB;PPP3CC;PPP3R1;RB1;STAT1,0.03927574860684918,True
KEGG,10,SALMONELLA INFECTION,0.003870304348829106,38,749,216,6576,ABI1;ACBD3;ACTR2;ACTR3;BIRC2;BIRC3;CHUK;DCTN4;DYNC1H1;DYNC1LI2;DYNLT3;EXOC4;EXOC5;FYCO1;KIF5B;KPNA1;KPNA4;MAP2K4;MAP3K7;MAPK1;MAPK14;MAPK8;MAPK9;NCKAP1;NCKAP1L;NFKB1;PIK3C2A;PIK3CA;PIK3CB;PTPRC;RAB5A;RIPK1;ROCK2;SNX18;TAB2;TAB3;VPS33A;WASL,0.03961370333507438,True
KEGG,10,AMPK SIGNALING PATHWAY,0.00420776614192307,23,749,114,6576,ACACA;CAB39L;FOXO1;FOXO3;MAP3K7;MTOR;PDPK1;PFKFB2;PIK3CA;PIK3CB;PIK3R1;PPP2R1B;PPP2R2A;PPP2R2D;PPP2R3A;PPP2R5A;PPP2R5C;PPP2R5E;PRKAA1;RAB10;RAB14;SIRT1;STRADB,0.04183721763969223,True
KEGG,10,MTOR SIGNALING PATHWAY,0.00444645756316126,28,749,148,6576,ATP6V1A;ATP6V1C1;CAB39L;CHUK;CLIP1;DEPDC5;FNIP1;FNIP2;GSK3B;LPIN1;LPIN2;LRP6;MAPK1;MAPKAP1;MTOR;NRAS;PDPK1;PIK3CA;PIK3CB;PIK3R1;PRKAA1;RICTOR;RPS6KA3;RRAGC;SEH1L;SOS2;STRADB;ULK2,0.042982423110558846,True
KEGG,10,HEPATITIS B,0.004698796590260089,26,749,135,6576,APAF1;CHUK;CREBBP;E2F3;EP300;JAK2;MAP2K4;MAP3K1;MAP3K7;MAPK1;MAPK14;MAPK8;MAPK9;NFATC2;NFATC3;NFKB1;NRAS;PIK3CA;PIK3CB;PIK3R1;RB1;SMAD4;SOS2;STAT1;TAB2;YWHAZ,0.04419408684893273,True
KEGG,10,FOXO SIGNALING PATHWAY,0.004904279286645385,24,749,122,6576,ATM;CCNG2;CHUK;CREBBP;EP300;FOXO1;FOXO3;MAPK1;MAPK14;MAPK8;MAPK9;MDM2;NRAS;PDPK1;PIK3CA;PIK3CB;PIK3R1;PRKAA1;RBL2;SIRT1;SMAD4;SOS2;STK4;USP7,0.04491287346717352,True
KEGG,10,HUMAN IMMUNODEFICIENCY VIRUS 1 INFECTION,0.005052035953009452,31,749,170,6576,AP1G1;ATM;CHUK;CRK;CUL1;DCAF1;FBXW11;ITPR1;MAP3K7;MAPK1;MAPK14;MAPK8;MAPK9;MTOR;NCOA3;NFATC2;NFATC3;NFKB1;NRAS;PIK3CA;PIK3CB;PIK3R1;PKN2;PPP3CA;PPP3CB;PPP3CC;PPP3R1;RIPK1;TAB2;TRAF5;WEE1,0.045079705426853564,True
KEGG,10,ALCOHOLIC LIVER DISEASE,0.005639113523896646,22,749,110,6576,ACACA;ACOX1;CHUK;FOXO1;FOXO3;GSK3B;LPIN1;LPIN2;MAP2K4;MAP3K5;MAP3K7;MAPK14;MAPK8;MAPK9;NFKB1;PPARA;PRKAA1;RIPK1;SIRT1;TAB2;TAB3;TRA2B,0.04906028765790082,True
KEGG,10,CHRONIC MYELOID LEUKEMIA,0.00608107113012317,16,749,72,6576,CBL;CHUK;CRK;E2F3;HDAC2;MAPK1;MDM2;NFKB1;NRAS;PIK3CA;PIK3CB;PIK3R1;PTPN11;RB1;SMAD4;SOS2,0.05161494520202105,False
KEGG,10,RIBOSOME BIOGENESIS IN EUKARYOTES,0.006256658796713282,15,749,66,6576,CSNK2A2;DKC1;DROSHA;EFL1;GNL3L;HEATR1;MDN1;MPHOSPH10;NMD3;SPPL2A;UTP6;WDR36;XPO1;XRN1;XRN2,0.05167773362493632,False
KEGG,10,LONGEVITY REGULATING PATHWAY - MULTIPLE SPECIES,0.006385467085839833,13,749,54,6576,CLPB;EIF4EBP2;FOXO1;FOXO3;HDAC2;MTOR;NRAS;PIK3CA;PIK3CB;PIK3R1;PRKAA1;PRKACB;SIRT1,0.05167773362493632,False
KEGG,10,VEGF SIGNALING PATHWAY,0.007514997328807796,13,749,55,6576,MAPK1;MAPK14;NCOA3;NFATC2;NRAS;PIK3CA;PIK3CB;PIK3R1;PLA2G4C;PPP3CA;PPP3CB;PPP3CC;PPP3R1,0.059436797055116196,False
KEGG,10,"GROWTH HORMONE SYNTHESIS, SECRETION AND ACTION",0.008417487729117011,21,749,107,6576,CREBBP;CRK;EP300;GHRL;GSK3B;ITPR1;JAK2;MAP2K4;MAP3K1;MAPK1;MAPK14;MAPK8;MAPK9;MTOR;NRAS;PIK3CA;PIK3CB;PIK3R1;PRKACB;SOS2;STAT1,0.0644538182986739,False
KEGG,10,WNT SIGNALING PATHWAY,0.008519757591204023,28,749,155,6576,CHD8;CREBBP;CSNK2A2;CUL1;DAAM1;EP300;FBXW11;GSK3B;LRP6;MAP3K7;MAPK8;MAPK9;NCOA3;NFATC2;NFATC3;PPP3CA;PPP3CB;PPP3CC;PPP3R1;PRKACB;RNF43;ROCK2;RORA;RYK;SIRT1;SMAD4;TBL1XR1;ZNRF3,0.0644538182986739,False
KEGG,10,PANCREATIC CANCER,0.00913381751634682,16,749,75,6576,CHUK;E2F3;MAPK1;MAPK8;MAPK9;MTOR;NCOA3;NFKB1;NRAS;PIK3CA;PIK3CB;PIK3R1;RB1;REPS1;SMAD4;STAT1,0.06762911692954666,False
KEGG,10,ERBB SIGNALING PATHWAY,0.01038626257970829,16,749,76,6576,ABL2;CBL;CRK;GSK3B;MAP2K4;MAPK1;MAPK8;MAPK9;MTOR;NRAS;NRG4;PIK3CA;PIK3CB;PIK3R1;PKN2;SOS2,0.0753004037028851,False
KEGG,10,MICRORNAS IN CANCER,0.011058941544950102,27,749,151,6576,ATM;BMPR2;CREBBP;CRK;DICER1;E2F3;EP300;FOXP1;HDAC2;HDAC4;MAPK1;MDM2;MDM4;MTOR;NFKB1;NRAS;PDCD4;PIK3CA;PIK3CB;PIK3R1;RDX;ROCK1;RPS6KA5;SIRT1;SLTM;SOS2;ZEB1,0.07854105423760481,False
KEGG,10,APOPTOSIS - MULTIPLE SPECIES,0.01321786269937933,8,749,29,6576,APAF1;BECN1;BIRC2;BIRC3;BIRC6;MAPK8;MAPK9;XIAP,0.09199632438768014,False
KEGG,10,LONG-TERM POTENTIATION,0.013688540008619526,13,749,59,6576,CREBBP;EP300;ITPR1;MAPK1;NRAS;PPP1CB;PPP3CA;PPP3CB;PPP3CC;PPP3R1;PRKACB;RAP1A;RPS6KA3,0.09340415535293324,False
KEGG,10,TH17 CELL DIFFERENTIATION,0.01452686809896032,18,749,92,6576,CHUK;HIF1A;JAK2;MAPK1;MAPK14;MAPK8;MAPK9;MTOR;NFATC2;NFATC3;NFKB1;PPP3CA;PPP3CB;PPP3CC;PPP3R1;RORA;SMAD4;STAT1,0.09721827112381136,False
KEGG,10,HUMAN CYTOMEGALOVIRUS INFECTION,0.01573179031722415,31,749,184,6576,AKAP13;ARHGEF12;CHUK;CRK;E2F3;GNA13;GSK3B;ITPR1;MAPK1;MAPK14;MDM2;MTOR;NCOA3;NFATC2;NFATC3;NFKB1;NRAS;PIK3CA;PIK3CB;PIK3R1;PPP3CA;PPP3CB;PPP3CC;PPP3R1;PRKACB;RB1;RIPK1;ROCK1;ROCK2;SOS2;TRAF5,0.10329552887535856,False
KEGG,10,PATHOGENIC ESCHERICHIA COLI INFECTION,0.016266795299565026,29,749,170,6576,ABI1;ACTR2;ACTR3;ARHGEF12;CHUK;CLDN12;CLDN20;GNA13;MAP3K7;MAPK1;MAPK14;MAPK8;MAPK9;MYO5A;MYO5C;NCKAP1;NCKAP1L;NFKB1;PKN2;PTPN11;RIPK1;ROCK1;ROCK2;SEC24A;SEC24B;SEC24D;TAB2;TAB3;WASL,0.10483045859719684,False
KEGG,10,FC EPSILON RI SIGNALING PATHWAY,0.017959371259797716,13,749,61,6576,MAP2K4;MAPK1;MAPK14;MAPK8;MAPK9;NCOA3;NRAS;PDPK1;PIK3CA;PIK3CB;PIK3R1;PLA2G4C;SOS2,0.11363383997108373,False
KEGG,10,TERPENOID BACKBONE BIOSYNTHESIS,0.020397220753842066,6,749,20,6576,HMGCS1;IDI1;NUS1;PCYOX1;SOAT1;ZMPSTE24,0.12372220427100195,False
KEGG,10,HUMAN T-CELL LEUKEMIA VIRUS 1 INFECTION,0.020431753203969765,32,749,195,6576,ANAPC1;ATM;CDC27;CHUK;CREBBP;DLG1;E2F3;ELK4;EP300;KAT2B;MAP2K4;MAP3K1;MAPK1;MAPK8;MAPK9;NFATC2;NFATC3;NFKB1;NRAS;PIK3CA;PIK3CB;PIK3R1;PPP3CA;PPP3CB;PPP3CC;PPP3R1;PRKACB;RB1;SMAD4;TRRAP;XIAP;XPO1,0.12372220427100195,False
KEGG,10,VIRAL CARCINOGENESIS,0.02140400566460254,26,749,152,6576,CHD4;CREBBP;DLG1;EP300;GTF2A1;H2BC18;HDAC2;HDAC4;KAT2B;MAPK1;MDM2;NFKB1;NRAS;PIK3CA;PIK3CB;PIK3R1;PRKACB;RASA2;RB1;RBL2;REL;TRAF5;UBE3A;UBR4;USP7;YWHAZ,0.12372220427100195,False
KEGG,10,NF-KAPPA B SIGNALING PATHWAY,0.021557500757681564,17,749,89,6576,ATM;BIRC2;BIRC3;CFLAR;CHUK;CSNK2A2;CYLD;ERC1;MALT1;MAP3K7;NFKB1;RIPK1;TAB2;TAB3;TNFAIP3;TRAF5;XIAP,0.12372220427100195,False
KEGG,10,AMYOTROPHIC LATERAL SCLEROSIS,0.021646196293625734,46,749,301,6576,ALS2;APAF1;ATF6;ATG14;ATG2B;ATXN2;BECN1;DCTN4;FIG4;IVNS1ABP;KIF5B;MAP3K5;MAPK14;MCU;MTOR;NCBP1;NDUFS1;NRBF2;NRG4;NUP133;NUP153;NUP205;NUP214;NUP54;NUP58;NUP98;PIK3R4;PPP3CA;PPP3CB;PPP3CC;PPP3R1;PSMD11;RAB5A;RANBP2;RB1CC1;SEH1L;SETX;SMCR8;SPG11;TARDBP;TPR;UBQLN1;UBQLN2;ULK2;VAPB;WDR41,0.12372220427100195,False
KEGG,10,NON-SMALL CELL LUNG CANCER,0.02168693810497448,14,749,69,6576,E2F3;EML4;FOXO3;KIF5B;MAPK1;NRAS;PDPK1;PIK3CA;PIK3CB;PIK3R1;RB1;SLTM;SOS2;STK4,0.12372220427100195,False
KEGG,10,TYPE II DIABETES MELLITUS,0.023478024416792514,10,749,44,6576,HOOK3;MAPK1;MAPK8;MAPK9;MTOR;PDHX;PIK3CA;PIK3CB;PIK3R1;SOCS4,0.13177987898457733,False
KEGG,10,PROSTATE CANCER,0.024197229058279604,18,749,97,6576,CHUK;CREBBP;E2F3;EP300;FOXO1;GSK3B;MAPK1;MDM2;MTOR;NFKB1;NRAS;PDPK1;PIK3CA;PIK3CB;PIK3R1;RB1;SOS2;ZEB1,0.13366088432192544,False
KEGG,10,TIGHT JUNCTION,0.029432925104861302,25,749,149,6576,ACTR2;ACTR3;CLDN12;CLDN20;DLG1;HSPA4;MAP3K1;MAP3K5;MAPK8;MAPK9;PARD3;PPP2R1B;PPP2R2A;PPP2R2D;PRKAA1;PRKACB;RAB8B;RAP1A;RAP2C;RAPGEF2;RAPGEF6;RDX;ROCK1;ROCK2;WHAMM,0.16004153025768333,False
KEGG,10,GLUCAGON SIGNALING PATHWAY,0.03191966063824688,17,749,93,6576,ACACA;CREBBP;EP300;FOXO1;ITPR1;PHKA1;PHKB;PPARA;PPP3CA;PPP3CB;PPP3CC;PPP3R1;PPP4R3B;PRKAA1;PRKACB;SIK2;SIRT1,0.17089295234015253,False
KEGG,10,SPINOCEREBELLAR ATAXIA,0.03292418556575662,23,749,136,6576,AFG3L2;ATG14;ATG2B;ATXN1L;ATXN2;BECN1;ITPR1;MAP3K5;MAPK8;MAPK9;MCU;MTOR;NRBF2;PIK3CA;PIK3CB;PIK3R1;PIK3R4;PSMD11;PUM1;PUM2;RB1CC1;RORA;ULK2,0.17360025116489852,False
KEGG,10,APOPTOSIS,0.0373208016992496,20,749,116,6576,APAF1;ATM;BIRC2;BIRC3;CASP2;CFLAR;CHUK;ITPR1;MAP3K5;MAPK1;MAPK8;MAPK9;NFKB1;NRAS;PDPK1;PIK3CA;PIK3CB;PIK3R1;RIPK1;XIAP,0.19220676473041381,False
KEGG,10,NECROPTOSIS,0.03777291634059921,19,749,109,6576,BIRC2;BIRC3;CFLAR;CHMP7;CYLD;DNM1L;H2AC21;JAK2;MAPK8;MAPK9;PLA2G4C;RIPK1;STAT1;TNFAIP3;TRAF5;TRPM7;USP25;VPS4B;XIAP,0.19220676473041381,False
KEGG,10,INSULIN RESISTANCE,0.03810996197240964,18,749,102,6576,FOXO1;GFPT1;GSK3B;MAPK8;MAPK9;MTOR;NFKB1;PDPK1;PIK3CA;PIK3CB;PIK3R1;PPARA;PPP1CB;PPP1R3E;PRKAA1;PTPN11;RPS6KA3;TBC1D4,0.19220676473041381,False
KEGG,10,OSTEOCLAST DIFFERENTIATION,0.044416927433038274,19,749,111,6576,CHUK;CYLD;ITPR1;MAP3K7;MAPK1;MAPK14;MAPK8;MAPK9;NFATC2;NFKB1;PIK3CA;PIK3CB;PIK3R1;PPP3CA;PPP3CB;PPP3CC;PPP3R1;STAT1;TAB2,0.21936158978899215,False
KEGG,10,TRANSCRIPTIONAL MISREGULATION IN CANCER,0.04475480711212196,25,749,155,6576,AFF1;ATM;BIRC2;BIRC3;BMP2K;CCNT1;CCNT2;ELK4;FOXO1;FUT8;HDAC2;JMJD1C;KDM6A;KLF3;KMT2A;MDM2;MEF2C;NCOR1;NFKB1;NFKBIZ;REL;SIN3A;SLTM;SS18;ZEB1,0.21936158978899215,False
KEGG,10,IL-17 SIGNALING PATHWAY,0.0459157218882434,14,749,76,6576,CHUK;GSK3B;MAP3K7;MAPK1;MAPK14;MAPK6;MAPK8;MAPK9;NFKB1;TAB2;TAB3;TNFAIP3;TRAF5;USP25,0.2195129166272813,False
KEGG,10,LONGEVITY REGULATING PATHWAY,0.046047249752274526,15,749,83,6576,APPL1;FOXO1;FOXO3;MTOR;NFKB1;NRAS;PIK3CA;PIK3CB;PIK3R1;PRKAA1;PRKACB;RB1CC1;SESN1;SESN3;SIRT1,0.2195129166272813,False
KEGG,10,MAPK SIGNALING PATHWAY,0.04826214948207654,42,749,286,6576,CACNB4;CHUK;CRK;DUSP10;ELK4;MAP2K4;MAP3K1;MAP3K2;MAP3K4;MAP3K5;MAP3K7;MAP4K3;MAP4K4;MAPK1;MAPK14;MAPK8;MAPK9;MEF2C;NCOA3;NFATC3;NFKB1;NRAS;PKN2;PLA2G4C;PPM1A;PPM1B;PPP3CA;PPP3CB;PPP3CC;PPP3R1;PRKACB;RAP1A;RAPGEF2;RASA2;RPS6KA3;RPS6KA5;SLTM;SOS2;STK24;STK4;TAB2;TAOK1,0.22696254080760322,False
KEGG,10,LYSINE DEGRADATION,0.05402279324041186,11,749,57,6576,ASH1L;KMT2A;KMT2C;KMT2E;KMT5A;KMT5B;NSD1;NSD3;PRDM2;SETD2;SOAT1,0.25066576063551105,False
KEGG,10,TGF-BETA SIGNALING PATHWAY,0.05822526663015581,17,749,100,6576,ACVR2A;BMPR2;CREBBP;CUL1;EP300;HDAC2;LEMD3;MAPK1;NCOR1;PPP2R1B;ROCK1;SIN3A;SMAD4;SMURF2;TFDP1;TFRC;ZFYVE9,0.26416485643293397,False
KEGG,10,HEDGEHOG SIGNALING PATHWAY,0.05877326952732891,10,749,51,6576,CSNK1G1;CUL1;CUL3;DISP1;FBXW11;GSK3B;MOSMO;PRKACB;SMURF2;SPOPL,0.26416485643293397,False
KEGG,10,CHOLINE METABOLISM IN CANCER,0.05920936437289899,16,749,93,6576,DGKE;GPCPD1;HIF1A;LYPLA1;MAPK1;MAPK8;MAPK9;MTOR;NCOA3;NRAS;PDPK1;PIK3CA;PIK3CB;PIK3R1;PLA2G4C;SOS2,0.26416485643293397,False
KEGG,10,TH1 AND TH2 CELL DIFFERENTIATION,0.06060403282050402,14,749,79,6576,CHUK;JAK2;MAPK1;MAPK14;MAPK8;MAPK9;NFATC2;NFATC3;NFKB1;PPP3CA;PPP3CB;PPP3CC;PPP3R1;STAT1,0.2648524848645945,False
KEGG,10,NATURAL KILLER CELL MEDIATED CYTOTOXICITY,0.06088562870450448,13,749,72,6576,MAPK1;NCOA3;NFATC2;NRAS;PIK3CA;PIK3CB;PIK3R1;PPP3CA;PPP3CB;PPP3CC;PPP3R1;PTPN11;SOS2,0.2648524848645945,False
KEGG,10,CIRCADIAN RHYTHM,0.06441610413118441,7,749,32,6576,CLOCK;CUL1;FBXL3;FBXW11;NR1D2;PRKAA1;RORA,0.27675066960064415,False
KEGG,10,HEPATOCELLULAR CARCINOMA,0.06558260363619972,23,749,146,6576,ARID1A;ARID1B;ARID2;BRD7;E2F3;GSK3B;LRP6;MAPK1;MTOR;NFE2L2;NRAS;PBRM1;PHF10;PIK3CA;PIK3CB;PIK3R1;RB1;SLTM;SMAD4;SMARCA2;SMARCC1;SMARCE1;SOS2,0.27728023759900505,False
KEGG,10,TOLL-LIKE RECEPTOR SIGNALING PATHWAY,0.06613293023194661,14,749,80,6576,CHUK;MAP2K4;MAP3K7;MAPK1;MAPK14;MAPK8;MAPK9;NFKB1;PIK3CA;PIK3CB;PIK3R1;RIPK1;STAT1;TAB2,0.27728023759900505,False
KEGG,10,ADHERENS JUNCTION,0.07079317219972102,15,749,88,6576,CREBBP;CSNK2A2;EP300;IQGAP1;MAP3K7;MAPK1;NCOA3;PARD3;RAP1A;ROCK1;ROCK2;SLTM;SMAD4;SMURF2;WASL,0.2932859991131299,False
KEGG,10,COLORECTAL CANCER,0.07198764275075421,14,749,81,6576,APPL1;GSK3B;MAPK1;MAPK8;MAPK9;MSH6;MTOR;NCOA3;NRAS;PIK3CA;PIK3CB;PIK3R1;SMAD4;SOS2,0.294725878556029,False
KEGG,10,HIPPO SIGNALING PATHWAY - MULTIPLE SPECIES,0.07877613443000692,6,749,27,6576,LATS1;LIMD1;MOB1A;MOB1B;SAV1;STK24,0.31876854397258614,False
KEGG,10,ADIPOCYTOKINE SIGNALING PATHWAY,0.08787677930278794,12,749,69,6576,ACSL3;ACSL4;APPL1;CHUK;JAK2;MAPK8;MAPK9;MTOR;NFKB1;PPARA;PRKAA1;PTPN11,0.3495537202095017,False
KEGG,10,CENTRAL CARBON METABOLISM IN CANCER,0.08894668478628545,11,749,62,6576,HIF1A;HOOK3;IDH1;MAPK1;MTOR;NRAS;PDPK1;PIK3CA;PIK3CB;PIK3R1;SLTM,0.3495537202095017,False
KEGG,10,NOTCH SIGNALING PATHWAY,0.08946305126892264,10,749,55,6576,ATXN1L;CREBBP;DTX3L;EP300;HDAC2;ITCH;KAT2B;NUMB;PSEN2;RBM15,0.3495537202095017,False
KEGG,10,SPLICEOSOME,0.09040182419211251,19,749,121,6576,DDX42;DDX46;DHX15;DHX8;NCBP1;PRPF18;PRPF3;PRPF38A;PRPF40A;RBM17;RBM25;SLU7;SMNDC1;SNRNP200;TCERG1;THOC1;THOC5;TRA2B;U2SURP,0.3495537202095017,False
KEGG,10,PROGESTERONE-MEDIATED OOCYTE MATURATION,0.09154437798526864,14,749,84,6576,ANAPC1;CDC27;CPEB2;CPEB4;MAPK1;MAPK14;MAPK8;MAPK9;NRAS;PIK3CA;PIK3CB;PIK3R1;PRKACB;RPS6KA3,0.3500817971304779,False
KEGG,10,EPSTEIN-BARR VIRUS INFECTION,0.09511190569822946,24,749,160,6576,APAF1;CHUK;E2F3;HDAC2;MAP2K4;MAP3K7;MAPK14;MAPK8;MAPK9;MDM2;NFKB1;PIK3CA;PIK3CB;PIK3R1;PSMD11;RB1;RIPK1;SAP30;SIN3A;STAT1;TAB2;TNFAIP3;TRAF5;USP7,0.35259809255949226,False
KEGG,10,TUBERCULOSIS,0.095130533120575,21,749,137,6576,APAF1;ARHGEF12;CHAMP1;CREBBP;EEA1;EP300;HSPA9;JAK2;MALT1;MAPK1;MAPK14;MAPK8;MAPK9;NFKB1;PPP3CA;PPP3CB;PPP3CC;PPP3R1;RAB5A;RFX5;STAT1,0.35259809255949226,False
KEGG,10,AMINO SUGAR AND NUCLEOTIDE SUGAR METABOLISM,0.0958784866467856,7,749,35,6576,GFPT1;GNE;GNPDA2;HOOK3;PGM2;UAP1;UXS1,0.35259809255949226,False
KEGG,10,DOPAMINERGIC SYNAPSE,0.09625522641710278,19,749,122,6576,CLOCK;GSK3B;ITPR1;KIF5B;MAPK14;MAPK8;MAPK9;PPP1CB;PPP2R1B;PPP2R2A;PPP2R2D;PPP2R3A;PPP2R5A;PPP2R5C;PPP2R5E;PPP3CA;PPP3CB;PPP3CC;PRKACB,0.35259809255949226,False
KEGG,10,HERPES SIMPLEX VIRUS 1 INFECTION,0.10466869240189694,20,749,131,6576,APAF1;BIRC2;BIRC3;CHUK;EIF2AK4;HCFC2;JAK2;MAP3K7;MTOR;NFKB1;PIK3CA;PIK3CB;PIK3R1;PPP1CB;PTPN11;SRPK1;STAT1;TAB2;TRAF5;ZC3HAV1,0.3794240099568764,False
KEGG,10,EPITHELIAL CELL SIGNALING IN HELICOBACTER PYLORI INFECTION,0.10605311533273648,11,749,64,6576,ADAM10;ATP6V1A;ATP6V1C1;CHUK;MAP2K4;MAPK14;MAPK8;MAPK9;NFKB1;PTPN11;SLTM,0.3804792178947659,False
KEGG,10,AXON GUIDANCE,0.11250877636635662,25,749,171,6576,ARHGEF12;BMPR2;GSK3B;MAPK1;NCOA3;NFATC2;NFATC3;NRAS;PARD3;PDPK1;PIK3CA;PIK3CB;PIK3R1;PKN2;PLXNC1;PPP3CA;PPP3CB;PPP3CC;PPP3R1;PTPN11;ROCK1;ROCK2;RYK;SLTM;SSH2,0.3995209609744092,False
KEGG,10,GNRH SIGNALING PATHWAY,0.11780713202837842,13,749,80,6576,ITPR1;MAP2K4;MAP3K1;MAP3K2;MAP3K4;MAPK1;MAPK14;MAPK8;MAPK9;NRAS;PLA2G4C;PRKACB;SOS2,0.41260241368047473,False
KEGG,10,AUTOPHAGY - OTHER,0.11856391197714791,6,749,30,6576,ATG16L1;ATG2B;BECN1;MTOR;PIK3R4;ULK2,0.41260241368047473,False
KEGG,10,RIG-I-LIKE RECEPTOR SIGNALING PATHWAY,0.11977209254086085,9,749,51,6576,CHUK;CYLD;MAP3K1;MAP3K7;MAPK14;MAPK8;MAPK9;NFKB1;RIPK1,0.4126800812298968,False
KEGG,10,FLUID SHEAR STRESS AND ATHEROSCLEROSIS,0.12695795585733513,18,749,119,6576,ACVR2A;BMPR2;CHUK;MAP2K4;MAP3K5;MAP3K7;MAPK14;MAPK8;MAPK9;MEF2A;MEF2C;NCOA3;NFE2L2;NFKB1;PIK3CA;PIK3CB;PIK3R1;PRKAA1,0.4331506729250258,False
KEGG,10,MEASLES,0.137458606960042,16,749,105,6576,APAF1;CHUK;CSNK2A2;EIF2AK4;GSK3B;MAP3K7;MAPK8;MAPK9;NFKB1;PIK3CA;PIK3CB;PIK3R1;RCHY1;STAT1;TAB2;TNFAIP3,0.46442325458344286,False
KEGG,10,CHAGAS DISEASE,0.13971136327470635,14,749,90,6576,CFLAR;CHUK;MAP2K4;MAPK1;MAPK14;MAPK8;MAPK9;NFKB1;PIK3CA;PIK3CB;PIK3R1;PPP2R1B;PPP2R2A;PPP2R2D,0.4674957155730558,False
KEGG,10,VIRION - HERPESVIRUS,0.14254566114928688,2,749,6,6576,IDE;IGF2R,0.47243704838049366,False
KEGG,10,HIF-1 SIGNALING PATHWAY,0.15195883508265196,15,749,99,6576,CREBBP;CUL2;EGLN1;EP300;HIF1A;HOOK3;MAPK1;MIA3;MTOR;NFKB1;PDPK1;PIK3CA;PIK3CB;PIK3R1;TFRC,0.4988837227241781,False
KEGG,10,ENDOMETRIAL CANCER,0.1553350844380447,9,749,54,6576,FOXO3;GSK3B;MAPK1;NRAS;PDPK1;PIK3CA;PIK3CB;PIK3R1;SOS2,0.5052019568639211,False
KEGG,10,CHEMICAL CARCINOGENESIS - REACTIVE OXYGEN SPECIES,0.16265555218599606,24,749,171,6576,ABL2;CHUK;FOXO3;HIF1A;IVNS1ABP;MAP2K4;MAP3K5;MAPK1;MAPK14;MAPK8;MAPK9;MIA3;NDUFS1;NFE2L2;NFKB1;NRAS;PDPK1;PIK3CA;PIK3CB;PIK3R1;PRKD3;PTPN11;SLTM;SOS2,0.5241123348215428,False
KEGG,10,PLATELET ACTIVATION,0.16518466443306443,17,749,116,6576,ARHGAP35;ARHGEF12;GNA13;ITPR1;MAPK1;MAPK14;PIK3CA;PIK3CB;PIK3R1;PLA2G4C;PPP1CB;PPP1R12A;PRKACB;RAP1A;ROCK1;ROCK2;SNAP23,0.5273785616762058,False
KEGG,10,GLYCOSAMINOGLYCAN BIOSYNTHESIS - KERATAN SULFATE,0.17768998306611244,3,749,13,6576,B3GNT2;FUT8;ST3GAL2,0.5589783317548664,False
KEGG,10,TOXOPLASMOSIS,0.17829481271491432,14,749,94,6576,BIRC2;BIRC3;CHUK;JAK2;MAP3K7;MAPK1;MAPK14;MAPK8;MAPK9;NFKB1;PDPK1;STAT1;TAB2;XIAP,0.5589783317548664,False
KEGG,10,ALDOSTERONE-REGULATED SODIUM REABSORPTION,0.18401596014636457,6,749,34,6576,MAPK1;NRAS;PDPK1;PIK3CA;PIK3CB;PIK3R1,0.5717638761690613,False
KEGG,10,EFFEROCYTOSIS,0.20242412325056194,20,749,144,6576,ADAM10;ADAM9;ATP11A;ATP8A1;CD47;CRK;HIF1A;JAK2;MAPK1;MAPK14;MIA3;NFATC2;NFATC3;PANX1;PTPN11;RAB14;RAB5A;SIRT1;VPS33A;VPS8,0.6232399059498092,False
KEGG,10,REGULATION OF ACTIN CYTOSKELETON,0.2041647967766616,28,749,209,6576,ABI2;ACTR2;ACTR3;ARHGAP35;ARHGEF12;CRK;CYRIB;GNA13;IQGAP1;MAPK1;NCKAP1;NCKAP1L;NCOA3;NRAS;PIK3CA;PIK3CB;PIK3R1;PIKFYVE;PIP4K2A;PKN2;PPP1CB;PPP1R12A;RDX;ROCK1;ROCK2;SOS2;SSH2;WASL,0.6232399059498092,False
KEGG,10,FERROPTOSIS,0.2211092590957945,6,749,36,6576,ACSL3;ACSL4;GCLC;NCOA4;SLC38A1;TFRC,0.6646024821638319,False
KEGG,10,GLYCEROPHOSPHOLIPID METABOLISM,0.22153416072127727,14,749,98,6576,AGPAT5;CDS2;DGKE;ETNK1;ETNPPL;GPAM;GPCPD1;LPGAT1;LPIN1;LPIN2;LYPLA1;PLA2G12A;PLA2G4C;SAMD8,0.6646024821638319,False
KEGG,10,PROTEOGLYCANS IN CANCER,0.22356612875611256,25,749,187,6576,ARHGEF12;CBL;DROSHA;HIF1A;IQGAP1;ITPR1;MAPK1;MAPK14;MDM2;MTOR;NRAS;PDCD4;PDPK1;PIK3CA;PIK3CB;PIK3R1;PPP1CB;PPP1R12A;PRKACB;PTPN11;RDX;ROCK1;ROCK2;SLTM;SOS2,0.6649659214284374,False
KEGG,10,HIPPO SIGNALING PATHWAY,0.23930024898290422,20,749,148,6576,BIRC2;BIRC3;BMPR2;DLG1;FBXW11;GSK3B;LATS1;LIMD1;MOB1A;MOB1B;PARD3;PPP1CB;PPP2R1B;PPP2R2A;PPP2R2D;SAV1;SMAD4;STK24;TP53BP2;YWHAZ,0.700708683543033,False
KEGG,10,BLADDER CANCER,0.24052084687236466,6,749,37,6576,E2F3;MAPK1;MDM2;NRAS;RB1;RPS6KA5,0.700708683543033,False
KEGG,10,GLIOMA,0.24193189005660515,10,749,68,6576,E2F3;MAPK1;MDM2;MTOR;NRAS;PIK3CA;PIK3CB;PIK3R1;RB1;SOS2,0.700708683543033,False
KEGG,10,INFLUENZA A,0.24363721468019248,16,749,116,6576,APAF1;CHUK;CREBBP;DNAJC3;EP300;JAK2;KPNA1;KPNA6;MAPK1;NFKB1;NUP98;PIK3CA;PIK3CB;PIK3R1;STAT1;XPO1,0.700708683543033,False
KEGG,10,ACUTE MYELOID LEUKEMIA,0.2704542192898605,9,749,62,6576,CHUK;MAPK1;MTOR;NFKB1;NRAS;PIK3CA;PIK3CB;PIK3R1;SOS2,0.7632031247579111,False
KEGG,10,BACTERIAL INVASION OF EPITHELIAL CELLS,0.27116820924842105,10,749,70,6576,ACTR2;ACTR3;CBL;CLTC;CRK;PIK3CA;PIK3CB;PIK3R1;SLTM;WASL,0.7632031247579111,False
KEGG,10,FATTY ACID BIOSYNTHESIS,0.27194594100569247,3,749,16,6576,ACACA;ACSL3;ACSL4,0.7632031247579111,False
KEGG,10,SNARE INTERACTIONS IN VESICULAR TRANSPORT,0.2743172284144042,5,749,31,6576,GOSR1;SEC22B;SNAP23;SNAP29;STX3,0.7636991639057014,False
KEGG,10,AGE-RAGE SIGNALING PATHWAY IN DIABETIC COMPLICATIONS,0.28273290757876673,13,749,95,6576,FOXO1;JAK2;MAPK1;MAPK14;MAPK8;MAPK9;NFKB1;NRAS;PIK3CA;PIK3CB;PIK3R1;SMAD4;STAT1,0.7787670353233489,False
KEGG,10,SMALL CELL LUNG CANCER,0.2842052111668544,12,749,87,6576,APAF1;BIRC2;BIRC3;CHUK;E2F3;NFKB1;PIK3CA;PIK3CB;PIK3R1;RB1;TRAF5;XIAP,0.7787670353233489,False
KEGG,10,HUMAN PAPILLOMAVIRUS INFECTION,0.2911902729805986,36,749,287,6576,ATM;ATP6V1A;ATP6V1C1;CHD4;CHUK;CREBBP;DLG1;EP300;FOXO1;GSK3B;HDAC2;IRF1;MAPK1;MDM2;MTOR;NFKB1;NFX1;NRAS;PARD3;PIK3CA;PIK3CB;PIK3R1;PPP2R1B;PPP2R2A;PPP2R2D;PPP2R3A;PPP2R5A;PPP2R5C;PPP2R5E;PRKACB;RB1;RBL2;SOS2;STAT1;UBE3A;UBR4,0.7916735546660024,False
KEGG,10,COBALAMIN TRANSPORT AND METABOLISM,0.30460220656654635,3,749,17,6576,MMAA;MMUT;MTR,0.8184357457366294,False
KEGG,10,OXYTOCIN SIGNALING PATHWAY,0.3057374912234535,18,749,138,6576,CACNB4;ITPR1;MAPK1;MEF2C;NFATC2;NFATC3;NRAS;PLA2G4C;PPP1CB;PPP1R12A;PPP3CA;PPP3CB;PPP3CC;PPP3R1;PRKAA1;PRKACB;ROCK1;ROCK2,0.8184357457366294,False
KEGG,10,P53 SIGNALING PATHWAY,0.31906177182634343,9,749,65,6576,APAF1;ATM;CCNG2;MDM2;MDM4;PPM1D;RCHY1;SESN1;SESN3,0.8475839434776146,False
KEGG,10,VASOPRESSIN-REGULATED WATER REABSORPTION,0.322275543459445,6,749,41,6576,DCTN4;DYNC1H1;DYNC1LI2;NSF;PRKACB;RAB5A,0.8496355236658095,False
KEGG,10,RAS SIGNALING PATHWAY,0.33183603823351293,27,749,216,6576,ABL2;CHUK;MAPK1;MAPK8;MAPK9;NCOA3;NFKB1;NRAS;PIK3CA;PIK3CB;PIK3R1;PKN2;PLA2G12A;PLA2G4C;PRKACB;PTPN11;RAB5A;RALGAPA1;RALGAPB;RAP1A;RASA2;REL;REPS1;SHOC2;SLTM;SOS2;STK4,0.868262716580921,False
KEGG,10,STARCH AND SUCROSE METABOLISM,0.343226978826522,4,749,26,6576,AGL;GBE1;HOOK3;PGM2,0.8913655868032064,False
KEGG,10,NEUTROPHIL EXTRACELLULAR TRAP FORMATION,0.3632706074126384,13,749,101,6576,CHAMP1;H2AC21;H2BC18;HDAC2;HDAC4;MAP3K7;MAPK1;MAPK14;MTOR;NFKB1;PIK3CA;PIK3CB;PIK3R1,0.933312401745247,False
KEGG,10,CHEMOKINE SIGNALING PATHWAY,0.3687115171959088,19,749,152,6576,CHUK;CRK;FOXO3;GSK3B;JAK2;MAPK1;NCOA3;NFKB1;NRAS;PARD3;PIK3CA;PIK3CB;PIK3R1;PRKACB;RAP1A;ROCK1;ROCK2;SOS2;STAT1,0.933312401745247,False
KEGG,10,MELANOMA,0.3692579647563305,9,749,68,6576,E2F3;MAPK1;MDM2;NRAS;PIK3CA;PIK3CB;PIK3R1;RB1;SLTM,0.933312401745247,False
KEGG,10,STEROID BIOSYNTHESIS,0.37010664207139105,3,749,19,6576,CYP2R1;LBR;SOAT1,0.933312401745247,False
KEGG,10,FANCONI ANEMIA PATHWAY,0.3859156128880666,6,749,44,6576,FAN1;POLR1A;REV1;REV3L;USP1;WDR48,0.9533335339448624,False
KEGG,10,FC GAMMA R-MEDIATED PHAGOCYTOSIS,0.3893419298573644,11,749,86,6576,ACTR2;ACTR3;ASAP1;ASAP2;CRK;MAPK1;PIK3CA;PIK3CB;PIK3R1;PLA2G4C;PTPRC,0.9533335339448624,False
KEGG,10,FOCAL ADHESION,0.38992253506890895,23,749,188,6576,ARHGAP35;ARHGAP5;BIRC2;BIRC3;CRK;GSK3B;MAPK1;MAPK8;MAPK9;NCOA3;PDPK1;PIK3CA;PIK3CB;PIK3R1;PKN2;PPP1CB;PPP1R12A;RAP1A;ROCK1;ROCK2;SLTM;SOS2;XIAP,0.9533335339448624,False
KEGG,10,BASAL TRANSCRIPTION FACTORS,0.3917433774543544,5,749,36,6576,GTF2A1;TAF2;TAF3;TAF5L;TAF9B,0.9533335339448624,False
KEGG,10,THYROID CANCER,0.3917433774543544,5,749,36,6576,CCDC6;MAPK1;NCOA4;NRAS;TPR,0.9533335339448624,False
KEGG,10,GLYCOSYLPHOSPHATIDYLINOSITOL (GPI)-ANCHOR BIOSYNTHESIS,0.39747665322523207,4,749,28,6576,GPLD1;PIGA;PIGB;PIGW,0.9605685786276442,False
KEGG,10,AMPHETAMINE ADDICTION,0.41083788279824823,8,749,62,6576,HDAC2;PPP1CB;PPP3CA;PPP3CB;PPP3CC;PPP3R1;PRKACB;SIRT1,0.9860109187157957,False
KEGG,10,NON-HOMOLOGOUS END-JOINING,0.4455590944554769,2,749,13,6576,PRKDC;RAD50,1.0,False
KEGG,10,CHEMICAL CARCINOGENESIS - RECEPTOR ACTIVATION,0.44856360205467655,19,749,159,6576,JAK2;KPNA1;KPNA4;KPNA6;KPNB1;MAPK1;MIA3;MTOR;NFKB1;NRAS;PIK3CA;PIK3CB;PIK3R1;PPARA;PRKACB;RB1;RPS6KA3;SOS2;XIAP,1.0,False
KEGG,10,ONE CARBON POOL BY FOLATE,0.45093288869854925,4,749,30,6576,AHCYL2;GART;MTHFD1;MTR,1.0,False
KEGG,10,ALPHA-LINOLENIC ACID METABOLISM,0.4656368633672536,3,749,22,6576,ACOX1;PLA2G12A;PLA2G4C,1.0,False
KEGG,10,VIRION - HEPATITIS VIRUSES,0.48506743579337325,5,749,40,6576,CHMP7;CLDN12;CLDN20;IST1;VPS4B,1.0,False
KEGG,10,BUTANOATE METABOLISM,0.49609097032044047,3,749,23,6576,HMGCS1;L2HGDH;SOAT1,1.0,False
KEGG,10,LEISHMANIASIS,0.496191057945851,7,749,58,6576,JAK2;MAP3K7;MAPK1;MAPK14;NFKB1;STAT1;TAB2,1.0,False
KEGG,10,SIGNALING PATHWAYS REGULATING PLURIPOTENCY OF STEM CELLS,0.5076143751006486,15,749,129,6576,ACVR2A;BMPR2;GSK3B;JAK2;JARID2;KAT6A;MAPK1;MAPK14;NRAS;PCGF3;PCGF5;PIK3CA;PIK3CB;PIK3R1;SMAD4,1.0,False
KEGG,10,VARIOUS TYPES OF N-GLYCAN BIOSYNTHESIS,0.5076774208397518,5,749,41,6576,ALG13;FUT8;MAGT1;MAN1A1;MAN2A1,1.0,False
KEGG,10,ALZHEIMER DISEASE,0.5205359698135971,37,749,324,6576,ADAM10;APAF1;ATF6;ATG14;ATG2B;BECN1;CHUK;CSNK2A2;GSK3B;IDE;ITPR1;IVNS1ABP;KIF5B;LRP6;MAP3K5;MAPK1;MAPK8;MAPK9;MCU;MTOR;NDUFS1;NFKB1;NRAS;NRBF2;PIK3CA;PIK3CB;PIK3R1;PIK3R4;PPP3CA;PPP3CB;PPP3CC;PPP3R1;PSEN2;PSMD11;RB1CC1;SLC39A6;ULK2,1.0,False
KEGG,10,LEGIONELLOSIS,0.529879333036227,5,749,42,6576,APAF1;BCL2L13;CLK4;NFKB1;SEC22B,1.0,False
KEGG,10,PATHWAYS IN CANCER,0.5349830236119971,53,749,467,6576,APAF1;APPL1;ARHGEF12;BIRC2;BIRC3;CBL;CCDC6;CHUK;CREBBP;CRK;CUL1;CUL2;E2F3;EGLN1;EML4;EP300;FOXO1;GNA13;GSK3B;HDAC2;HIF1A;JAK2;LRP6;MAPK1;MAPK8;MAPK9;MDM2;MIA3;MSH6;MTOR;NCOA1;NCOA3;NCOA4;NFE2L2;NFKB1;NRAS;PIK3CA;PIK3CB;PIK3R1;PRKACB;RB1;REPS1;ROCK1;ROCK2;RPS6KA5;SLTM;SMAD4;SOS2;STAT1;STK4;TPR;TRAF5;XIAP,1.0,False
KEGG,10,INFLAMMATORY MEDIATOR REGULATION OF TRP CHANNELS,0.5383605821793914,10,749,87,6576,ITPR1;MAPK14;MAPK8;MAPK9;PIK3CA;PIK3CB;PIK3R1;PLA2G4C;PPP1CB;PRKACB,1.0,False
KEGG,10,NICOTINATE AND NICOTINAMIDE METABOLISM,0.5523397670222892,4,749,34,6576,NADK2;NAMPT;NT5C2;SIRT1,1.0,False
KEGG,10,LEUKOCYTE TRANSENDOTHELIAL MIGRATION,0.5688478111482124,12,749,107,6576,ARHGAP35;ARHGAP5;CLDN12;CLDN20;MAPK14;PIK3CA;PIK3CB;PIK3R1;PTPN11;RAP1A;ROCK1;ROCK2,1.0,False
KEGG,10,APELIN SIGNALING PATHWAY,0.569549267026692,14,749,125,6576,BECN1;GNA13;HDAC4;ITPR1;MAPK1;MEF2A;MEF2C;MTOR;NRAS;PIK3R4;PRKAA1;PRKACB;SMAD4;TFAM,1.0,False
KEGG,10,RNA POLYMERASE,0.5817425090961901,3,749,26,6576,POLR1A;POLR2B;POLR2M,1.0,False
KEGG,10,SELENOCOMPOUND METABOLISM,0.5926097763112272,2,749,17,6576,MTR;SEPHS1,1.0,False
KEGG,10,VIBRIO CHOLERAE INFECTION,0.5935762062482979,5,749,45,6576,ATP6V1A;ATP6V1C1;ERO1A;PRKACB;SLC12A2,1.0,False
KEGG,10,FATTY ACID DEGRADATION,0.5991668988482751,4,749,36,6576,ACOX1;ACSL3;ACSL4;SOAT1,1.0,False
KEGG,10,PENTOSE PHOSPHATE PATHWAY,0.6081612903497231,3,749,27,6576,PGM2;PRPS2;RPIA,1.0,False
KEGG,10,LONG-TERM DEPRESSION,0.6083802385557215,6,749,55,6576,GNA13;ITPR1;MAPK1;NRAS;PLA2G4C;PPP2R1B,1.0,False
KEGG,10,ADRENERGIC SIGNALING IN CARDIOMYOCYTES,0.6176525902908208,15,749,138,6576,ATP2B1;CACNB4;CREM;MAPK1;MAPK14;PPP1CB;PPP2R1B;PPP2R2A;PPP2R2D;PPP2R3A;PPP2R5A;PPP2R5C;PPP2R5E;PRKACB;RPS6KA5,1.0,False
KEGG,10,"VIRION - EBOLAVIRUS, LYSSAVIRUS AND MORBILLIVIRUS",0.6201362752208419,1,749,8,6576,NPC1,1.0,False
KEGG,10,LYSOSOME,0.6201651498766332,13,749,120,6576,AP1G1;AP3B1;CD164;CLTC;DMXL1;DMXL2;GNPTAB;IDS;IGF2R;MANBA;NCOA7;NPC1;WDR7,1.0,False
KEGG,10,HOMOLOGOUS RECOMBINATION,0.6214450807865155,4,749,37,6576,ATM;POLR1A;RAD50;TOPBP1,1.0,False
KEGG,10,PROTEIN EXPORT,0.6334434468046617,3,749,28,6576,SEC62;SEC63;SRP72,1.0,False
KEGG,10,THERMOGENESIS,0.6344528893406027,20,749,185,6576,ACSL3;ACSL4;ARID1A;ARID1B;IVNS1ABP;KDM1A;KDM3A;KDM3B;MAP3K5;MAPK14;MTOR;NDUFS1;NRAS;PRKAA1;PRKACB;RPS6KA3;SMARCA2;SMARCC1;SMARCE1;SOS2,1.0,False
KEGG,10,CGMP-PKG SIGNALING PATHWAY,0.638935693938552,16,749,149,6576,ATP2B1;GNA13;ITPR1;MAPK1;MEF2A;MEF2C;NFATC2;NFATC3;PPP1CB;PPP1R12A;PPP3CA;PPP3CB;PPP3CC;PPP3R1;ROCK1;ROCK2,1.0,False
KEGG,10,"PARATHYROID HORMONE SYNTHESIS, SECRETION AND ACTION",0.6500553476561709,11,749,104,6576,AKAP13;GNA13;ITPR1;LRP6;MAPK1;MEF2A;MEF2C;PDE4B;PDE4D;PRKACB;WNK1,1.0,False
KEGG,10,BIOSYNTHESIS OF VARIOUS NUCLEOTIDE SUGARS,0.6544404768657313,2,749,19,6576,GNE;UAP1,1.0,False
KEGG,10,HISTIDINE METABOLISM,0.6544404768657313,2,749,19,6576,CARNMT1;HECA,1.0,False
KEGG,10,GNRH SECRETION,0.6610397581984371,6,749,58,6576,ITPR1;MAPK1;NRAS;PIK3CA;PIK3CB;PIK3R1,1.0,False
KEGG,10,SULFUR METABOLISM,0.6634550830557367,1,749,9,6576,BPNT2,1.0,False
KEGG,10,CARBOHYDRATE DIGESTION AND ABSORPTION,0.6635922358427955,4,749,39,6576,HOOK3;PIK3CA;PIK3CB;PIK3R1,1.0,False
KEGG,10,SPHINGOLIPID METABOLISM,0.6704801115587189,5,749,49,6576,SAMD8;SGPP1;SPTLC1;SPTLC2;UGCG,1.0,False
KEGG,10,PATHWAYS OF NEURODEGENERATION - MULTIPLE DISEASES,0.672086014399981,44,749,407,6576,ALS2;APAF1;ATF6;ATG14;ATG2B;ATXN1L;ATXN2;BECN1;CSNK2A2;DCTN4;FIG4;GSK3B;ITPR1;IVNS1ABP;KIF5B;LRP6;MAP3K5;MAPK1;MAPK14;MAPK8;MAPK9;MCU;MFN1;MTOR;NDUFS1;NFKB1;NRAS;NRBF2;PIK3R4;PPP3CA;PPP3CB;PPP3CC;PPP3R1;PSEN2;PSMD11;RAB5A;RB1CC1;SMCR8;SPG11;TARDBP;UBE2J1;ULK2;VAPB;WDR41,1.0,False
KEGG,10,PERTUSSIS,0.6775745427536952,6,749,59,6576,IRF1;MAPK1;MAPK14;MAPK8;MAPK9;NFKB1,1.0,False
KEGG,10,CAMP SIGNALING PATHWAY,0.6790455130513633,22,749,208,6576,ACOX1;ATP2B1;CREBBP;EP300;GHRL;MAPK1;MAPK8;MAPK9;NCOA3;NFKB1;PDE4B;PDE4D;PIK3CA;PIK3CB;PIK3R1;PPARA;PPP1CB;PPP1R12A;PRKACB;RAP1A;ROCK1;ROCK2,1.0,False
KEGG,10,FOLATE TRANSPORT AND METABOLISM,0.6824339627104623,2,749,20,6576,MTHFD1;MTR,1.0,False
KEGG,10,PANTOTHENATE AND COA BIOSYNTHESIS,0.6824339627104623,2,749,20,6576,PANK2;PANK3,1.0,False
KEGG,10,N-GLYCAN BIOSYNTHESIS,0.6881302236138092,5,749,50,6576,ALG13;FUT8;MAGT1;MAN1A1;MAN2A1,1.0,False
KEGG,10,RELAXIN SIGNALING PATHWAY,0.6947350148007487,12,749,117,6576,MAP2K4;MAPK1;MAPK14;MAPK8;MAPK9;NFKB1;NRAS;PIK3CA;PIK3CB;PIK3R1;PRKACB;SOS2,1.0,False
KEGG,10,PROPANOATE METABOLISM,0.7023240374786717,3,749,31,6576,ACACA;ACOX1;MMUT,1.0,False
KEGG,10,GLYCOSAMINOGLYCAN BIOSYNTHESIS - CHONDROITIN SULFATE / DERMATAN SULFATE,0.708543297553923,2,749,21,6576,CHSY1;CSGALNACT2,1.0,False
KEGG,10,MISMATCH REPAIR,0.708543297553923,2,749,21,6576,MSH6;POLR1A,1.0,False
KEGG,10,RENIN SECRETION,0.7239804327237581,6,749,62,6576,ITPR1;PPP3CA;PPP3CB;PPP3CC;PPP3R1;PRKACB,1.0,False
KEGG,10,BIOSYNTHESIS OF UNSATURATED FATTY ACIDS,0.7328339409725901,2,749,22,6576,ACOX1;HACD2,1.0,False
KEGG,10,LINOLEIC ACID METABOLISM,0.7328339409725901,2,749,22,6576,PLA2G12A;PLA2G4C,1.0,False
KEGG,10,GLUTATHIONE METABOLISM,0.7544267336578092,4,749,44,6576,GCLC;GSR;IDH1;LANCL1,1.0,False
KEGG,10,GLYCOSPHINGOLIPID BIOSYNTHESIS - LACTO AND NEOLACTO SERIES,0.7553808905585089,2,749,23,6576,B3GALT2;B3GNT2,1.0,False
KEGG,10,JAK-STAT SIGNALING PATHWAY,0.7585076992786743,12,749,123,6576,CREBBP;EP300;JAK2;MTOR;PIAS1;PIK3CA;PIK3CB;PIK3R1;PTPN11;SOCS4;SOS2;STAT1,1.0,False
KEGG,10,MOTOR PROTEINS,0.7616948481684008,17,749,171,6576,DCTN4;DYNC1H1;DYNC1LI2;DYNLT3;HOOK3;KIF13A;KIF18A;KIF1B;KIF21A;KIF2A;KIF3B;KIF4A;KIF5B;KIFAP3;MYO5A;MYO5C;MYO9A,1.0,False
KEGG,10,PPAR SIGNALING PATHWAY,0.7655160870796465,6,749,65,6576,ACOX1;ACSL3;ACSL4;HMGCS1;PDPK1;PPARA,1.0,False
KEGG,10,UBIQUINONE AND OTHER TERPENOID-QUINONE BIOSYNTHESIS,0.76598829063823,1,749,12,6576,VKORC1L1,1.0,False
KEGG,10,GLYCEROLIPID METABOLISM,0.7665632031044461,5,749,55,6576,AGPAT5;DGKE;GPAM;LPIN1;LPIN2,1.0,False
KEGG,10,"VALINE, LEUCINE AND ISOLEUCINE DEGRADATION",0.7701194680392248,4,749,45,6576,HMGCS1;MCCC1;MMUT;SOAT1,1.0,False
KEGG,10,HUNTINGTON DISEASE,0.7786142474290956,26,749,258,6576,APAF1;ATG14;ATG2B;BECN1;CLTC;CREBBP;DCTN4;EP300;HDAC2;ITPR1;IVNS1ABP;KIF5B;MAP3K5;MAPK8;MAPK9;MTOR;NDUFS1;NRBF2;PIK3R4;POLR2B;PSMD11;RB1CC1;RCOR1;SIN3A;TFAM;ULK2,1.0,False
KEGG,10,BREAST CANCER,0.7806902620189267,13,749,135,6576,E2F3;GSK3B;LRP6;MAPK1;MTOR;NCOA1;NCOA3;NRAS;PIK3CA;PIK3CB;PIK3R1;RB1;SOS2,1.0,False
KEGG,10,DIABETIC CARDIOMYOPATHY,0.7823303466460501,16,749,164,6576,GFPT1;GSK3B;GSR;IVNS1ABP;MAPK14;MAPK8;MAPK9;MTOR;NDUFS1;NFKB1;PIK3CA;PIK3CB;PIK3R1;PPARA;PPP1CB;TBC1D4,1.0,False
KEGG,10,CHOLESTEROL METABOLISM,0.7850151569182312,4,749,46,6576,MYLIP;NPC1;SOAT1;VAPB,1.0,False
KEGG,10,GASTRIC CANCER,0.7894414903068381,13,749,136,6576,E2F3;GSK3B;LRP6;MAPK1;MTOR;NRAS;PIK3CA;PIK3CB;PIK3R1;RB1;SLTM;SMAD4;SOS2,1.0,False
KEGG,10,VIRION - LASSA VIRUS AND SFTS VIRUS,0.7926907236534595,1,749,13,6576,TFRC,1.0,False
KEGG,10,VASCULAR SMOOTH MUSCLE CONTRACTION,0.7935396207776416,11,749,117,6576,ARHGEF12;GNA13;ITPR1;MAPK1;PLA2G12A;PLA2G4C;PPP1CB;PPP1R12A;PRKACB;ROCK1;ROCK2,1.0,False
KEGG,10,COLLECTING DUCT ACID SECRETION,0.7955738556647949,2,749,25,6576,ATP6V1A;ATP6V1C1,1.0,False
KEGG,10,NON-ALCOHOLIC FATTY LIVER DISEASE,0.7979426835008085,13,749,137,6576,GSK3B;ITCH;MAP3K5;MAPK14;MAPK8;MAPK9;NDUFS1;NFKB1;PIK3CA;PIK3CB;PIK3R1;PPARA;PRKAA1,1.0,False
KEGG,10,ESTROGEN SIGNALING PATHWAY,0.8025365180415216,11,749,118,6576,ITPR1;MAPK1;NCOA1;NCOA2;NCOA3;NRAS;PIK3CA;PIK3CB;PIK3R1;PRKACB;SOS2,1.0,False
KEGG,10,GALACTOSE METABOLISM,0.813393134545512,2,749,26,6576,HOOK3;PGM2,1.0,False
KEGG,10,GLYCOSPHINGOLIPID BIOSYNTHESIS - GLOBO AND ISOGLOBO SERIES,0.81634981979601,1,749,14,6576,ST3GAL2,1.0,False
KEGG,10,ANTIGEN PROCESSING AND PRESENTATION,0.8240399732351192,3,749,38,6576,HSPA4;PSME3;RFX5,1.0,False
KEGG,10,GLYCOSPHINGOLIPID BIOSYNTHESIS - GANGLIO SERIES,0.8373120241502905,1,749,15,6576,ST3GAL2,1.0,False
KEGG,10,PRION DISEASE,0.8374188466812788,21,749,220,6576,APAF1;CSNK2A2;GSK3B;ITPR1;IVNS1ABP;KIF5B;MAPK1;MAPK14;MAPK8;MAPK9;MCU;NDUFS1;PIK3CA;PIK3CB;PIK3R1;PPP3CA;PPP3CB;PPP3CC;PPP3R1;PRKACB;PSMD11,1.0,False
KEGG,10,MUCIN TYPE O-GLYCAN BIOSYNTHESIS,0.8449169309485991,2,749,28,6576,GALNT11;ST3GAL2,1.0,False
KEGG,10,REGULATION OF LIPOLYSIS IN ADIPOCYTES,0.8482510226291394,4,749,51,6576,PIK3CA;PIK3CB;PIK3R1;PRKACB,1.0,False
KEGG,10,ABC TRANSPORTERS,0.8498956688243511,3,749,40,6576,ABCA5;ABCB10;ABCD3,1.0,False
KEGG,10,IGSF CAM SIGNALING,0.8513626325189956,25,749,261,6576,ACTR2;ACTR3;ERC1;FOXO1;GSK3B;IQGAP1;MAPK1;MAPK14;MAPK8;MAPK9;PARD3;PDPK1;PIK3CA;PIK3CB;PIK3R1;PKN2;PPFIA1;PTPN11;RAP1A;RAPGEF2;RAPGEF6;RDX;SLITRK4;TRIO;WASL,1.0,False
KEGG,10,OTHER GLYCAN DEGRADATION,0.8558843902395195,1,749,16,6576,MANBA,1.0,False
KEGG,10,PHAGOSOME,0.8584530435219244,10,749,115,6576,ATP6V1A;ATP6V1C1;DYNC1H1;DYNC1LI2;EEA1;PIKFYVE;RAB5A;SEC22B;STX12;TFRC,1.0,False
KEGG,10,FRUCTOSE AND MANNOSE METABOLISM,0.8587945942613322,2,749,29,6576,HOOK3;PFKFB2,1.0,False
KEGG,10,GLYOXYLATE AND DICARBOXYLATE METABOLISM,0.8587945942613322,2,749,29,6576,MMUT;SOAT1,1.0,False
KEGG,10,SALIVARY SECRETION,0.8595622407402026,5,749,63,6576,ATP2B1;CHAMP1;ITPR1;PRKACB;SLC12A2,1.0,False
KEGG,10,CYTOSOLIC DNA-SENSING PATHWAY,0.8687478325658249,4,749,53,6576,CHUK;G3BP1;NFKB1;RIPK1,1.0,False
KEGG,10,PHOSPHOLIPASE D SIGNALING PATHWAY,0.8700411991651186,12,749,137,6576,AGPAT5;DGKE;GNA13;MAPK1;MTOR;NRAS;PIK3CA;PIK3CB;PIK3R1;PLA2G4C;PTPN11;SOS2,1.0,False
KEGG,10,FOLATE BIOSYNTHESIS,0.8723390536100378,1,749,17,6576,GPHN,1.0,False
KEGG,10,GLYCOSAMINOGLYCAN DEGRADATION,0.8723390536100378,1,749,17,6576,IDS,1.0,False
KEGG,10,GLUTAMATERGIC SYNAPSE,0.8807679144048456,9,749,108,6576,ITPR1;MAPK1;PLA2G4C;PPP3CA;PPP3CB;PPP3CC;PPP3R1;PRKACB;SLC38A1,1.0,False
KEGG,10,CORONAVIRUS DISEASE - COVID-19,0.880832826801837,14,749,159,6576,CHUK;MAP3K7;MAPK1;MAPK14;MAPK8;MAPK9;MASP2;NFKB1;PIK3CA;PIK3CB;PIK3R1;PIKFYVE;STAT1;TAB2,1.0,False
KEGG,10,CORNIFIED ENVELOPE FORMATION,0.8812314261928538,13,749,149,6576,CLDN12;CLDN20;DST;PPP2R1B;PPP2R2A;PPP2R2D;PPP2R3A;PPP2R5A;PPP2R5C;PPP2R5E;SPTLC1;SPTLC2;UGCG,1.0,False
KEGG,10,PROTEASOME,0.882464223913589,3,749,43,6576,PSMD11;PSME3;PSME4,1.0,False
KEGG,10,PRIMARY IMMUNODEFICIENCY,0.883197156939909,2,749,31,6576,PTPRC;RFX5,1.0,False
KEGG,10,AMOEBIASIS,0.8859392286974022,6,749,77,6576,NFKB1;PIK3CA;PIK3CB;PIK3R1;PRKACB;RAB5A,1.0,False
KEGG,10,GAP JUNCTION,0.8859392286974022,6,749,77,6576,ITPR1;MAP3K2;MAPK1;NRAS;PRKACB;SOS2,1.0,False
KEGG,10,ENDOCRINE AND OTHER FACTOR-REGULATED CALCIUM REABSORPTION,0.8918328207615729,3,749,44,6576,ATP2B1;CLTC;PRKACB,1.0,False
KEGG,10,SYSTEMIC LUPUS ERYTHEMATOSUS,0.8918328207615729,3,749,44,6576,H2AC21;H2BC18;RO60,1.0,False
KEGG,10,ALCOHOLISM,0.8931776055180669,9,749,110,6576,H2AC21;H2BC18;HDAC2;HDAC4;MAPK1;NRAS;PPP1CB;PRKACB;SOS2,1.0,False
KEGG,10,MELANOGENESIS,0.8943541668468802,7,749,89,6576,CREBBP;EP300;GSK3B;MAPK1;NRAS;PARD3;PRKACB,1.0,False
KEGG,10,PEROXISOME,0.906180234834324,6,749,80,6576,ABCD3;ACOX1;ACSL3;ACSL4;FAR1;IDH1,1.0,False
KEGG,10,ARACHIDONIC ACID METABOLISM,0.9085855717692944,3,749,46,6576,LTA4H;PLA2G12A;PLA2G4C,1.0,False
KEGG,10,CYSTEINE AND METHIONINE METABOLISM,0.9085855717692944,3,749,46,6576,AHCYL2;GCLC;MTR,1.0,False
KEGG,10,"ALANINE, ASPARTATE AND GLUTAMATE METABOLISM",0.9125700760427732,2,749,34,6576,GFPT1;RIMKLB,1.0,False
KEGG,10,CHOLINERGIC SYNAPSE,0.9132690880979518,8,749,103,6576,ITPR1;JAK2;MAPK1;NRAS;PIK3CA;PIK3CB;PIK3R1;PRKACB,1.0,False
KEGG,10,ETHER LIPID METABOLISM,0.9160483096173233,3,749,47,6576,PAFAH1B2;PLA2G12A;PLA2G4C,1.0,False
KEGG,10,MINERAL ABSORPTION,0.9160483096173233,3,749,47,6576,ATP2B1;SLC30A1;TRPM7,1.0,False
KEGG,10,VIRAL MYOCARDITIS,0.9160483096173233,3,749,47,6576,ABL2;EIF4G3;NCOA3,1.0,False
KEGG,10,MATURITY ONSET DIABETES OF THE YOUNG,0.9303910366759495,1,749,22,6576,PDHX,1.0,False
KEGG,10,OLFACTORY TRANSDUCTION,0.9349052561637828,2,749,37,6576,NCALD;PRKACB,1.0,False
KEGG,10,PYRUVATE METABOLISM,0.9349052561637828,2,749,37,6576,ACACA;SOAT1,1.0,False
KEGG,10,INFLAMMATORY BOWEL DISEASE,0.935224833253187,3,749,50,6576,NFKB1;RORA;STAT1,1.0,False
KEGG,10,PYRIMIDINE METABOLISM,0.94066069641719,3,749,51,6576,DCK;NT5C2;NT5C3A,1.0,False
KEGG,10,STAPHYLOCOCCUS AUREUS INFECTION,0.94066069641719,3,749,51,6576,CHAMP1;MASP2;PIKFYVE,1.0,False
KEGG,10,OVARIAN STEROIDOGENESIS,0.9410644385487086,2,749,38,6576,PLA2G4C;PRKACB,1.0,False
KEGG,10,SYNAPTIC VESICLE CYCLE,0.9441320651838705,5,749,76,6576,ATP6V1A;ATP6V1C1;CLTC;NSF;STX3,1.0,False
KEGG,10,CHEMICAL CARCINOGENESIS - DNA ADDUCTS,0.945393016239226,1,749,24,6576,SLC38A1,1.0,False
KEGG,10,GLYCOSAMINOGLYCAN BIOSYNTHESIS - HEPARAN SULFATE / HEPARIN,0.945393016239226,1,749,24,6576,GLCE,1.0,False
KEGG,10,NUCLEOTIDE EXCISION REPAIR,0.9502870106842128,3,749,53,6576,POLR1A;POLR2B;POLR2M,1.0,False
KEGG,10,PURINE METABOLISM,0.9504742016893196,8,749,112,6576,DCK;GART;NT5C2;PDE4B;PDE4D;PGM2;PRPS2;PRUNE1,1.0,False
KEGG,10,RAP1 SIGNALING PATHWAY,0.9509476396028176,16,749,198,6576,CRK;MAPK1;MAPK14;NCOA3;NRAS;PARD3;PIK3CA;PIK3CB;PIK3R1;PRKD3;RAP1A;RAPGEF2;RAPGEF6;SIPA1L1;SIPA1L2;SLTM,1.0,False
KEGG,10,FATTY ACID ELONGATION,0.9516354812631607,1,749,25,6576,HACD2,1.0,False
KEGG,10,OTHER TYPES OF O-GLYCAN BIOSYNTHESIS,0.951760594026713,2,749,40,6576,GALNT11;GXYLT1,1.0,False
KEGG,10,FAT DIGESTION AND ABSORPTION,0.9563874029586754,2,749,41,6576,PLA2G12A;SOAT1,1.0,False
KEGG,10,PI3K-AKT SIGNALING PATHWAY,0.956585489123004,27,749,313,6576,CHUK;FOXO3;GSK3B;JAK2;MAPK1;MDM2;MTOR;NFKB1;NRAS;PDPK1;PHLPP2;PIK3CA;PIK3CB;PIK3R1;PKN2;PPP2R1B;PPP2R2A;PPP2R2D;PPP2R3A;PPP2R5A;PPP2R5C;PPP2R5E;PRKAA1;RBL2;SLTM;SOS2;YWHAZ,1.0,False
KEGG,10,VITAMIN DIGESTION AND ABSORPTION,0.9571651751318666,1,749,26,6576,SLC19A2,1.0,False
KEGG,10,PANCREATIC SECRETION,0.9646727236553646,5,749,82,6576,ATP2B1;ITPR1;PLA2G12A;RAP1A;SLC12A2,1.0,False
KEGG,10,CITRATE CYCLE (TCA CYCLE),0.966402144012471,1,749,28,6576,IDH1,1.0,False
KEGG,10,PORPHYRIN METABOLISM,0.966402144012471,1,749,28,6576,CPOX,1.0,False
KEGG,10,ARGININE AND PROLINE METABOLISM,0.9678542034334392,2,749,44,6576,L3HYPDH;SLC38A1,1.0,False
KEGG,10,GABAERGIC SYNAPSE,0.9697986143166971,5,749,84,6576,GPHN;NSF;PRKACB;SLC38A1;TRAK2,1.0,False
KEGG,10,BETA-ALANINE METABOLISM,0.9702452707892975,1,749,29,6576,ACOX1,1.0,False
KEGG,10,RETROGRADE ENDOCANNABINOID SIGNALING,0.9719306121618603,9,749,132,6576,ITPR1;IVNS1ABP;MAPK1;MAPK14;MAPK8;MAPK9;NAPEPLD;NDUFS1;PRKACB,1.0,False
KEGG,10,COCAINE ADDICTION,0.9738220887005238,2,749,46,6576,NFKB1;PRKACB,1.0,False
KEGG,10,DNA REPLICATION,0.9817001282005076,1,749,33,6576,POLR1A,1.0,False
KEGG,10,CUSHING SYNDROME,0.9835921992133407,9,749,140,6576,E2F3;GSK3B;ITPR1;KMT2A;MAPK1;MIA3;PRKACB;RAP1A;RB1,1.0,False
KEGG,10,PARKINSON DISEASE,0.9840512352467303,16,749,219,6576,APAF1;ATF6;ITPR1;IVNS1ABP;KIF5B;MAP3K5;MAPK8;MAPK9;MCU;MFN1;NDUFS1;NFE2L2;PRKACB;PSMD11;SLC39A6;UBE2J1,1.0,False
KEGG,10,THYROID HORMONE SYNTHESIS,0.9849987327168924,3,749,66,6576,GSR;ITPR1;PRKACB,1.0,False
KEGG,10,ALDOSTERONE SYNTHESIS AND SECRETION,0.986691510780823,4,749,81,6576,ATP2B1;ITPR1;PRKACB;PRKD3,1.0,False
KEGG,10,GLYCOLYSIS / GLUCONEOGENESIS,0.9873806268736709,2,749,53,6576,HOOK3;PGM2,1.0,False
KEGG,10,SEROTONERGIC SYNAPSE,0.9876453301884566,5,749,95,6576,ITPR1;MAPK1;NRAS;PLA2G4C;PRKACB,1.0,False
KEGG,10,CORTISOL SYNTHESIS AND SECRETION,0.9886439243601407,2,749,54,6576,ITPR1;PRKACB,1.0,False
KEGG,10,MALARIA,0.988748696825587,1,749,37,6576,SLTM,1.0,False
KEGG,10,TRYPTOPHAN METABOLISM,0.9911787793205948,1,749,39,6576,SOAT1,1.0,False
KEGG,10,BASE EXCISION REPAIR,0.9921895020204379,1,749,40,6576,MBD4,1.0,False
KEGG,10,COMPLEMENT AND COAGULATION CASCADES,0.9933255668976765,2,749,59,6576,MASP2;PIKFYVE,1.0,False
KEGG,10,CIRCADIAN ENTRAINMENT,0.9935189245676748,4,749,89,6576,ITPR1;MAPK1;PRKACB;RPS6KA5,1.0,False
KEGG,10,GASTRIC ACID SECRETION,0.9965008616871001,2,749,65,6576,ITPR1;PRKACB,1.0,False
KEGG,10,DRUG METABOLISM - OTHER ENZYMES,0.9966696638789976,1,749,47,6576,SLC38A1,1.0,False
KEGG,10,CALCIUM SIGNALING PATHWAY,0.9967802858488347,15,749,234,6576,ASPH;ATP2B1;ITPR1;MCU;NFATC2;NFATC3;PHKA1;PHKB;PPP3CA;PPP3CB;PPP3CC;PPP3R1;PRKACB;SLTM;STK4,1.0,False
KEGG,10,OXIDATIVE PHOSPHORYLATION,0.9969101957099926,4,749,97,6576,ATP6V1A;ATP6V1C1;IVNS1ABP;NDUFS1,1.0,False
KEGG,10,RHEUMATOID ARTHRITIS,0.9971833954107052,2,749,67,6576,ATP6V1A;ATP6V1C1,1.0,False
KEGG,10,MORPHINE ADDICTION,0.9978946958725047,3,749,86,6576,PDE4B;PDE4D;PRKACB,1.0,False
KEGG,10,INTEGRIN SIGNALING,0.9980033237719765,7,749,143,6576,GSK3B;MTOR;NCOA3;PIK3CA;PIK3CB;PIK3R1;SLTM,1.0,False
KEGG,10,CELL ADHESION MOLECULE (CAM) INTERACTION,0.9987413930183313,5,749,121,6576,CLDN12;CLDN20;GLG1;PTPRC;SLITRK4,1.0,False
KEGG,10,CARDIAC MUSCLE CONTRACTION,0.9988264935374577,2,749,75,6576,ASPH;CACNB4,1.0,False
KEGG,10,INSULIN SECRETION,0.9988264935374577,2,749,75,6576,PDHX;PRKACB,1.0,False
KEGG,10,HORMONE SIGNALING,0.9993629242050697,10,749,196,6576,APPL1;DIDO1;GHRL;GNA13;JAK2;PIK3CA;PIK3CB;PIK3R1;PRKACB;SMAD4,1.0,False
KEGG,10,BASAL CELL CARCINOMA,0.999396275361346,1,749,61,6576,GSK3B,1.0,False
KEGG,10,BILE SECRETION,0.9994656828447461,1,749,62,6576,PRKACB,1.0,False
KEGG,10,TASTE TRANSDUCTION,0.9995271202947439,1,749,63,6576,PRKACB,1.0,False
KEGG,10,HEMATOPOIETIC CELL LINEAGE,0.999629636826013,1,749,65,6576,TFRC,1.0,False
KEGG,10,HYPERTROPHIC CARDIOMYOPATHY,0.9998875312595106,2,749,96,6576,CACNB4;PRKAA1,1.0,False
KEGG,10,DILATED CARDIOMYOPATHY,0.9999199107882841,2,749,99,6576,CACNB4;PRKACB,1.0,False
KEGG,10,ECM-RECEPTOR INTERACTION,0.999959077823383,1,749,83,6576,CD47,1.0,False
KEGG,10,PROTEIN DIGESTION AND ABSORPTION,0.999959077823383,1,749,83,6576,SLC36A4,1.0,False
KEGG,10,ARRHYTHMOGENIC RIGHT VENTRICULAR CARDIOMYOPATHY,0.999963798400972,1,749,84,6576,CACNB4,1.0,False
KEGG,10,CYTOSKELETON IN MUSCLE CELLS,0.9999999085916423,5,749,216,6576,DAAM1;LBR;PDLIM5;SYNE2;TMOD3,1.0,False
KEGG,10,CYTOKINE-CYTOKINE RECEPTOR INTERACTION,0.9999999530217002,4,749,204,6576,ACVR2A;BMPR2;IL16;RELL1,1.0,False
KEGG,10,NEUROACTIVE LIGAND SIGNALING,0.9999999998007851,1,749,182,6576,PRKACB,1.0,False
KEGG,10,NEUROACTIVE LIGAND-RECEPTOR INTERACTION,0.9999999999998848,4,749,317,6576,GHRL;NR3C1;PGRMC1;PGRMC2,1.0,False
KEGG,10,AFRICAN TRYPANOSOMIASIS,1.0,0,749,27,6576,,1.0,False
KEGG,10,ALLOGRAFT REJECTION,1.0,0,749,17,6576,,1.0,False
KEGG,10,AMINOACYL-TRNA BIOSYNTHESIS,1.0,0,749,27,6576,,1.0,False
KEGG,10,ARGININE BIOSYNTHESIS,1.0,0,749,21,6576,,1.0,False
KEGG,10,ASCORBATE AND ALDARATE METABOLISM,1.0,0,749,14,6576,,1.0,False
KEGG,10,ASTHMA,1.0,0,749,17,6576,,1.0,False
KEGG,10,AUTOIMMUNE THYROID DISEASE,1.0,0,749,20,6576,,1.0,False
KEGG,10,D-AMINO ACID METABOLISM,1.0,0,749,5,6576,,1.0,False
KEGG,10,DRUG METABOLISM - CYTOCHROME P450,1.0,0,749,28,6576,,1.0,False
KEGG,10,"GLYCINE, SERINE AND THREONINE METABOLISM",1.0,0,749,35,6576,,1.0,False
KEGG,10,GRAFT-VERSUS-HOST DISEASE,1.0,0,749,14,6576,,1.0,False
KEGG,10,INTESTINAL IMMUNE NETWORK FOR IGA PRODUCTION,1.0,0,749,29,6576,,1.0,False
KEGG,10,LIPOIC ACID METABOLISM,1.0,0,749,19,6576,,1.0,False
KEGG,10,MANNOSE TYPE O-GLYCAN BIOSYNTHESIS,1.0,0,749,23,6576,,1.0,False
KEGG,10,METABOLISM OF XENOBIOTICS BY CYTOCHROME P450,1.0,0,749,30,6576,,1.0,False
KEGG,10,NICOTINE ADDICTION,1.0,0,749,38,6576,,1.0,False
KEGG,10,NITROGEN METABOLISM,1.0,0,749,17,6576,,1.0,False
KEGG,10,PENTOSE AND GLUCURONATE INTERCONVERSIONS,1.0,0,749,15,6576,,1.0,False
KEGG,10,PHENYLALANINE METABOLISM,1.0,0,749,14,6576,,1.0,False
KEGG,10,"PHENYLALANINE, TYROSINE AND TRYPTOPHAN BIOSYNTHESIS",1.0,0,749,6,6576,,1.0,False
KEGG,10,PHOSPHONATE AND PHOSPHINATE METABOLISM,1.0,0,749,6,6576,,1.0,False
KEGG,10,PHOTOTRANSDUCTION,1.0,0,749,22,6576,,1.0,False
KEGG,10,PRIMARY BILE ACID BIOSYNTHESIS,1.0,0,749,16,6576,,1.0,False
KEGG,10,PROXIMAL TUBULE BICARBONATE RECLAMATION,1.0,0,749,21,6576,,1.0,False
KEGG,10,RENIN-ANGIOTENSIN SYSTEM,1.0,0,749,20,6576,,1.0,False
KEGG,10,RETINOL METABOLISM,1.0,0,749,33,6576,,1.0,False
KEGG,10,RIBOFLAVIN METABOLISM,1.0,0,749,8,6576,,1.0,False
KEGG,10,RIBOSOME,1.0,0,749,126,6576,,1.0,False
KEGG,10,STEROID HORMONE BIOSYNTHESIS,1.0,0,749,31,6576,,1.0,False
KEGG,10,SULFUR RELAY SYSTEM,1.0,0,749,8,6576,,1.0,False
KEGG,10,TAURINE AND HYPOTAURINE METABOLISM,1.0,0,749,14,6576,,1.0,False
KEGG,10,THIAMINE METABOLISM,1.0,0,749,11,6576,,1.0,False
KEGG,10,TYPE I DIABETES MELLITUS,1.0,0,749,23,6576,,1.0,False
KEGG,10,TYROSINE METABOLISM,1.0,0,749,30,6576,,1.0,False
KEGG,10,VIRAL PROTEIN INTERACTION WITH CYTOKINE AND CYTOKINE RECEPTOR,1.0,0,749,60,6576,,1.0,False
KEGG,10,VITAMIN B6 METABOLISM,1.0,0,749,6,6576,,1.0,False
